retailer_id,product_id,sale_date,sold_qty,returns_qty,promo_flag
R01,SKU-1014,05/01/2025,7,1,0
R01,SKU-1014,2025-05-02,3,2,0
R01,SKU-1014,03-May-25,8,0,0
R01,SKU-1014,2025-05-04,4,0,0
R01,SKU-1014,05/05/2025,5,1,0
R01,SKU-1014,06-May-25,10,0,0
R01,SKU-1014,2025-05-07,8,0,0
R01,SKU-1014,05/08/2025,5,0,0
R01,SKU-1014,2025-05-09,8,0,0
R01,SKU-1014,2025-05-10,4,0,1
R01,SKU-1014,2025-05-11,7,1,0
R01,SKU-1014,2025-05-12,2,0,0
R01,SKU-1014,13-May-25,4,0,0
R01,SKU-1014,2025-05-14,4,0,0
R01,SKU-1014,2025-05-15,4,1,0
R01,SKU-1014,2025-05-16,2,0,0
R01,SKU-1014,2025-05-17,6,0,0
R01,SKU-1014,18-May-25,4,0,0
R01,SKU-1014,05/19/2025,9,0,0
R01,SKU-1014,05/20/2025,8,0,0
R01,SKU-1014,21-May-25,7,0,0
R01,SKU-1014,2025-05-22,10,0,0
R01,SKU-1014,23-May-25,5,0,0
R01,SKU-1014,2025-05-24,2,0,0
R01,SKU-1014,2025-05-25,7,1,0
R01,SKU-1014,2025-05-26,9,0,0
R01,SKU-1014,2025-05-27,7,0,0
R01,SKU-1014,2025-05-28,2,0,0
R01,SKU-1014,2025-05-29,5,0,0
R01,SKU-1014,05/30/2025,10,0,1
R01,SKU-1014,2025-05-31,10,1,0
R01,SKU-1231,2025-05-01,11,0,0
R01,SKU-1231,2025-05-02,6,1,0
R01,SKU-1231,05/03/2025,12,0,0
R01,SKU-1231,04-May-25,10,1,0
R01,SKU-1231,05/05/2025,9,0,1
R01,SKU-1231,2025-05-06,4,1,0
R01,SKU-1231,05/07/2025,8,0,0
R01,SKU-1231,2025-05-08,13,0,0
R01,SKU-1231,2025-05-09,11,2,1
R01,SKU-1231,2025-05-10,11,1,0
R01,SKU-1231,2025-05-11,7,0,0
R01,SKU-1231,2025-05-12,11,1,0
R01,SKU-1231,05/13/2025,16,0,0
R01,SKU-1231,2025-05-14,12,1,0
R01,SKU-1231,2025-05-15,12,0,1
R01,SKU-1231,05/16/2025,10,0,1
R01,SKU-1231,2025-05-17,9,0,0
R01,SKU-1231,2025-05-18,10,0,0
R01,SKU-1231,2025-05-19,11,1,0
R01,SKU-1231,20-May-25,13,0,0
R01,SKU-1231,2025-05-21,13,1,0
R01,SKU-1231,2025-05-22,17,1,0
R01,SKU-1231,2025-05-23,6,0,0
R01,SKU-1231,2025-05-24,12,1,0
R01,SKU-1231,2025-05-25,8,0,0
R01,SKU-1231,2025-05-26,12,0,0
R01,SKU-1231,2025-05-27,14,0,1
R01,SKU-1231,05/28/2025,12,1,0
R01,SKU-1231,05/29/2025,6,0,0
R01,SKU-1231,2025-05-30,18,1,0
R01,SKU-1231,05/31/2025,7,0,0
R01,SKU-1056,05/01/2025,10,0,0
R01,SKU-1056,02-May-25,16,1,0
R01,SKU-1056,2025-05-03,17,0,0
R01,SKU-1056,05/04/2025,10,0,0
R01,SKU-1056,2025-05-05,12,0,0
R01,SKU-1056,2025-05-06,12,1,0
R01,SKU-1056,2025-05-07,13,1,0
R01,SKU-1056,2025-05-08,9,0,0
R01,SKU-1056,2025-05-09,14,0,0
R01,SKU-1056,2025-05-10,7,1,0
R01,SKU-1056,11-May-25,15,0,0
R01,SKU-1056,2025-05-12,10,1,0
R01,SKU-1056,2025-05-13,9,0,1
R01,SKU-1056,05/14/2025,15,0,0
R01,SKU-1056,2025-05-15,8,0,1
R01,SKU-1056,2025-05-16,9,0,0
R01,SKU-1056,05/17/2025,16,0,0
R01,SKU-1056,2025-05-18,14,0,0
R01,SKU-1056,2025-05-19,17,0,0
R01,SKU-1056,2025-05-20,19,0,0
R01,SKU-1056,21-May-25,10,1,0
R01,SKU-1056,2025-05-22,18,0,0
R01,SKU-1056,2025-05-23,10,0,0
R01,SKU-1056,05/24/2025,14,1,0
R01,SKU-1056,2025-05-25,10,1,0
R01,SKU-1056,2025-05-26,18,0,0
R01,SKU-1056,2025-05-27,14,0,0
R01,SKU-1056,2025-05-28,11,0,0
R01,SKU-1056,2025-05-29,9,0,1
R01,SKU-1056,05/30/2025,16,2,0
R01,SKU-1056,05/31/2025,14,0,0
R01,SKU-1140,01-May-25,12,0,0
R01,SKU-1140,2025-05-02,11,0,0
R01,SKU-1140,2025-05-03,10,0,0
R01,SKU-1140,2025-05-04,12,0,1
R01,SKU-1140,2025-05-05,13,1,0
R01,SKU-1140,2025-05-06,7,0,0
R01,SKU-1140,2025-05-07,13,0,0
R01,SKU-1140,05/08/2025,12,0,0
R01,SKU-1140,2025-05-09,10,1,0
R01,SKU-1140,10-May-25,6,0,0
R01,SKU-1140,2025-05-11,14,0,0
R01,SKU-1140,12-May-25,10,0,0
R01,SKU-1140,2025-05-13,10,0,0
R01,SKU-1140,2025-05-14,13,0,0
R01,SKU-1140,2025-05-15,11,0,0
R01,SKU-1140,2025-05-16,13,0,0
R01,SKU-1140,2025-05-17,7,2,0
R01,SKU-1140,18-May-25,10,1,0
R01,SKU-1140,2025-05-19,12,0,0
R01,SKU-1140,2025-05-20,12,0,0
R01,SKU-1140,2025-05-21,12,0,0
R01,SKU-1140,2025-05-22,8,0,1
R01,SKU-1140,2025-05-23,9,0,1
R01,SKU-1140,2025-05-24,9,0,0
R01,SKU-1140,05/25/2025,8,0,0
R01,SKU-1140,2025-05-26,14,0,0
R01,SKU-1140,2025-05-27,15,1,1
R01,SKU-1140,05/28/2025,11,0,0
R01,SKU-1140,05/29/2025,12,0,0
R01,SKU-1140,05/30/2025,17,0,1
R01,SKU-1140,2025-05-31,8,0,0
R01,SKU-1189,05/01/2025,9,0,0
R01,SKU-1189,2025-05-02,10,0,0
R01,SKU-1189,05/03/2025,10,1,1
R01,SKU-1189,05/04/2025,11,0,0
R01,SKU-1189,05/05/2025,7,0,0
R01,SKU-1189,2025-05-06,11,0,0
R01,SKU-1189,2025-05-07,12,0,0
R01,SKU-1189,2025-05-08,4,1,0
R01,SKU-1189,05/09/2025,9,1,0
R01,SKU-1189,2025-05-10,10,0,0
R01,SKU-1189,2025-05-11,11,0,0
R01,SKU-1189,2025-05-12,8,0,0
R01,SKU-1189,05/13/2025,13,0,1
R01,SKU-1189,2025-05-14,8,0,0
R01,SKU-1189,2025-05-15,10,0,0
R01,SKU-1189,2025-05-16,16,1,0
R01,SKU-1189,2025-05-17,8,0,0
R01,SKU-1189,2025-05-18,12,0,1
R01,SKU-1189,2025-05-19,8,1,0
R01,SKU-1189,20-May-25,6,0,0
R01,SKU-1189,21-May-25,7,1,0
R01,SKU-1189,2025-05-22,8,1,1
R01,SKU-1189,2025-05-23,7,2,0
R01,SKU-1189,2025-05-24,5,0,0
R01,SKU-1189,2025-05-25,14,0,0
R01,SKU-1189,2025-05-26,3,1,0
R01,SKU-1189,2025-05-27,6,0,0
R01,SKU-1189,2025-05-28,9,0,0
R01,SKU-1189,2025-05-29,7,0,0
R01,SKU-1189,30-May-25,7,0,0
R01,SKU-1189,2025-05-31,11,0,0
R01,SKU-1252,2025-05-01,24,1,0
R01,SKU-1252,2025-05-02,26,0,0
R01,SKU-1252,03-May-25,25,0,0
R01,SKU-1252,2025-05-04,24,0,0
R01,SKU-1252,05/05/2025,30,0,0
R01,SKU-1252,2025-05-06,16,0,0
R01,SKU-1252,05/07/2025,32,0,0
R01,SKU-1252,08-May-25,25,0,0
R01,SKU-1252,2025-05-09,20,0,0
R01,SKU-1252,2025-05-10,20,0,0
R01,SKU-1252,05/11/2025,21,0,1
R01,SKU-1252,05/12/2025,24,1,0
R01,SKU-1252,2025-05-13,24,1,0
R01,SKU-1252,2025-05-14,25,0,0
R01,SKU-1252,05/15/2025,18,1,0
R01,SKU-1252,2025-05-16,29,0,0
R01,SKU-1252,2025-05-17,29,0,0
R01,SKU-1252,18-May-25,22,0,0
R01,SKU-1252,19-May-25,23,0,0
R01,SKU-1252,2025-05-20,21,0,0
R01,SKU-1252,05/21/2025,27,0,0
R01,SKU-1252,2025-05-22,23,0,0
R01,SKU-1252,23-May-25,26,0,0
R01,SKU-1252,2025-05-24,28,0,0
R01,SKU-1252,25-May-25,33,0,0
R01,SKU-1252,05/26/2025,22,0,0
R01,SKU-1252,2025-05-27,21,1,0
R01,SKU-1252,2025-05-28,20,0,0
R01,SKU-1252,2025-05-29,22,0,0
R01,SKU-1252,05/30/2025,22,1,0
R01,SKU-1252,05/31/2025,24,0,0
R01,SKU-1259,2025-05-01,15,1,0
R01,SKU-1259,2025-05-02,10,0,0
R01,SKU-1259,2025-05-03,15,0,1
R01,SKU-1259,2025-05-04,12,0,0
R01,SKU-1259,2025-05-05,12,0,1
R01,SKU-1259,2025-05-06,10,0,0
R01,SKU-1259,2025-05-07,10,1,0
R01,SKU-1259,2025-05-08,7,0,1
R01,SKU-1259,2025-05-09,6,0,0
R01,SKU-1259,05/10/2025,12,0,0
R01,SKU-1259,11-May-25,9,1,1
R01,SKU-1259,05/12/2025,11,2,0
R01,SKU-1259,05/13/2025,13,0,0
R01,SKU-1259,2025-05-14,10,0,0
R01,SKU-1259,2025-05-15,11,0,0
R01,SKU-1259,2025-05-16,10,0,0
R01,SKU-1259,05/17/2025,10,1,0
R01,SKU-1259,05/18/2025,8,1,1
R01,SKU-1259,2025-05-19,9,1,0
R01,SKU-1259,05/20/2025,12,0,0
R01,SKU-1259,2025-05-21,14,0,1
R01,SKU-1259,05/22/2025,8,0,0
R01,SKU-1259,2025-05-23,11,1,0
R01,SKU-1259,2025-05-24,14,0,0
R01,SKU-1259,05/25/2025,10,0,1
R01,SKU-1259,2025-05-26,14,1,0
R01,SKU-1259,27-May-25,17,0,0
R01,SKU-1259,2025-05-28,10,0,0
R01,SKU-1259,2025-05-29,6,0,0
R01,SKU-1259,05/30/2025,18,0,0
R01,SKU-1259,2025-05-31,8,0,1
R01,SKU-1021,05/01/2025,11,0,0
R01,SKU-1021,2025-05-02,8,0,1
R01,SKU-1021,05/03/2025,23,1,0
R01,SKU-1021,2025-05-04,12,1,1
R01,SKU-1021,05/05/2025,18,0,0
R01,SKU-1021,2025-05-06,11,1,0
R01,SKU-1021,05/07/2025,16,0,0
R01,SKU-1021,2025-05-08,15,0,0
R01,SKU-1021,09-May-25,13,0,0
R01,SKU-1021,2025-05-10,7,1,0
R01,SKU-1021,2025-05-11,15,1,0
R01,SKU-1021,2025-05-12,9,0,0
R01,SKU-1021,2025-05-13,10,0,0
R01,SKU-1021,14-May-25,8,0,0
R01,SKU-1021,2025-05-15,22,0,0
R01,SKU-1021,05/16/2025,15,0,0
R01,SKU-1021,2025-05-17,13,0,0
R01,SKU-1021,2025-05-18,15,0,0
R01,SKU-1021,2025-05-19,14,0,0
R01,SKU-1021,2025-05-20,19,0,0
R01,SKU-1021,05/21/2025,13,0,0
R01,SKU-1021,2025-05-22,18,1,0
R01,SKU-1021,23-May-25,16,0,0
R01,SKU-1021,24-May-25,16,1,0
R01,SKU-1021,05/25/2025,19,0,0
R01,SKU-1021,2025-05-26,11,0,0
R01,SKU-1021,27-May-25,13,1,1
R01,SKU-1021,2025-05-28,14,1,0
R01,SKU-1021,29-May-25,9,0,0
R01,SKU-1021,2025-05-30,14,0,0
R01,SKU-1021,31-May-25,11,0,0
R01,SKU-1147,05/01/2025,18,1,0
R01,SKU-1147,05/02/2025,25,2,0
R01,SKU-1147,03-May-25,22,1,0
R01,SKU-1147,05/04/2025,19,0,0
R01,SKU-1147,05/05/2025,18,0,0
R01,SKU-1147,2025-05-06,15,2,0
R01,SKU-1147,2025-05-07,17,1,0
R01,SKU-1147,2025-05-08,18,0,1
R01,SKU-1147,2025-05-09,16,1,0
R01,SKU-1147,2025-05-10,22,1,0
R01,SKU-1147,2025-05-11,16,0,0
R01,SKU-1147,05/12/2025,25,0,0
R01,SKU-1147,2025-05-13,17,0,0
R01,SKU-1147,2025-05-14,19,1,0
R01,SKU-1147,05/15/2025,16,0,0
R01,SKU-1147,05/16/2025,17,0,0
R01,SKU-1147,2025-05-17,16,0,1
R01,SKU-1147,2025-05-18,20,1,0
R01,SKU-1147,2025-05-19,22,1,0
R01,SKU-1147,2025-05-20,22,0,0
R01,SKU-1147,21-May-25,24,0,1
R01,SKU-1147,2025-05-22,15,0,0
R01,SKU-1147,2025-05-23,17,3,0
R01,SKU-1147,05/24/2025,10,0,1
R01,SKU-1147,05/25/2025,19,0,0
R01,SKU-1147,2025-05-26,12,0,0
R01,SKU-1147,2025-05-27,22,0,1
R01,SKU-1147,2025-05-28,18,0,0
R01,SKU-1147,29-May-25,14,0,0
R01,SKU-1147,2025-05-30,16,0,0
R01,SKU-1147,2025-05-31,18,0,0
R01,SKU-1126,05/01/2025,24,1,0
R01,SKU-1126,2025-05-02,40,0,0
R01,SKU-1126,05/03/2025,36,0,0
R01,SKU-1126,05/04/2025,25,0,0
R01,SKU-1126,2025-05-05,39,1,1
R01,SKU-1126,2025-05-06,27,1,0
R01,SKU-1126,2025-05-07,43,0,0
R01,SKU-1126,2025-05-08,26,1,0
R01,SKU-1126,2025-05-09,33,1,0
R01,SKU-1126,2025-05-10,28,1,0
R01,SKU-1126,2025-05-11,35,0,0
R01,SKU-1126,2025-05-12,36,0,0
R01,SKU-1126,05/13/2025,21,0,0
R01,SKU-1126,2025-05-14,39,0,0
R01,SKU-1126,2025-05-15,28,2,1
R01,SKU-1126,2025-05-16,19,0,0
R01,SKU-1126,2025-05-17,35,0,0
R01,SKU-1126,05/18/2025,19,0,1
R01,SKU-1126,05/19/2025,21,2,0
R01,SKU-1126,20-May-25,26,0,0
R01,SKU-1126,2025-05-21,22,2,0
R01,SKU-1126,05/22/2025,20,0,0
R01,SKU-1126,2025-05-23,32,2,0
R01,SKU-1126,24-May-25,28,1,0
R01,SKU-1126,2025-05-25,28,0,0
R01,SKU-1126,2025-05-26,27,1,0
R01,SKU-1126,2025-05-27,31,1,0
R01,SKU-1126,2025-05-28,32,1,0
R01,SKU-1126,05/29/2025,24,0,0
R01,SKU-1126,05/30/2025,26,1,0
R01,SKU-1126,2025-05-31,30,0,0
R01,SKU-1175,2025-05-01,3,0,0
R01,SKU-1175,2025-05-02,3,0,0
R01,SKU-1175,2025-05-03,2,1,0
R01,SKU-1175,2025-05-04,6,0,0
R01,SKU-1175,2025-05-05,1,0,0
R01,SKU-1175,2025-05-06,4,2,0
R01,SKU-1175,2025-05-07,1,0,0
R01,SKU-1175,2025-05-08,0,0,0
R01,SKU-1175,2025-05-09,7,3,1
R01,SKU-1175,2025-05-10,2,0,0
R01,SKU-1175,2025-05-11,5,1,0
R01,SKU-1175,2025-05-12,1,0,0
R01,SKU-1175,05/13/2025,5,2,0
R01,SKU-1175,2025-05-14,3,1,0
R01,SKU-1175,05/15/2025,3,0,0
R01,SKU-1175,2025-05-16,3,0,0
R01,SKU-1175,2025-05-17,2,0,0
R01,SKU-1175,2025-05-18,6,0,0
R01,SKU-1175,2025-05-19,2,1,0
R01,SKU-1175,20-May-25,6,0,0
R01,SKU-1175,2025-05-21,4,0,0
R01,SKU-1175,2025-05-22,4,0,0
R01,SKU-1175,2025-05-23,5,3,0
R01,SKU-1175,2025-05-24,5,0,1
R01,SKU-1175,2025-05-25,2,1,0
R01,SKU-1175,2025-05-26,11,0,0
R01,SKU-1175,2025-05-27,3,1,0
R01,SKU-1175,2025-05-28,4,0,0
R01,SKU-1175,2025-05-29,3,0,1
R01,SKU-1175,2025-05-30,3,0,0
R01,SKU-1175,2025-05-31,7,0,0
R01,SKU-1196,2025-05-01,19,0,0
R01,SKU-1196,02-May-25,26,2,1
R01,SKU-1196,05/03/2025,22,1,0
R01,SKU-1196,04-May-25,22,0,0
R01,SKU-1196,2025-05-05,24,0,0
R01,SKU-1196,06-May-25,28,0,0
R01,SKU-1196,2025-05-07,27,0,0
R01,SKU-1196,2025-05-08,21,0,0
R01,SKU-1196,05/09/2025,28,0,0
R01,SKU-1196,05/10/2025,18,0,0
R01,SKU-1196,2025-05-11,30,0,0
R01,SKU-1196,12-May-25,33,0,0
R01,SKU-1196,2025-05-13,18,0,0
R01,SKU-1196,2025-05-14,17,1,0
R01,SKU-1196,05/15/2025,18,1,0
R01,SKU-1196,2025-05-16,14,0,0
R01,SKU-1196,2025-05-17,24,1,0
R01,SKU-1196,18-May-25,21,1,0
R01,SKU-1196,05/19/2025,20,1,0
R01,SKU-1196,2025-05-20,20,0,0
R01,SKU-1196,21-May-25,30,2,0
R01,SKU-1196,2025-05-22,22,0,0
R01,SKU-1196,2025-05-23,18,0,1
R01,SKU-1196,05/24/2025,25,0,0
R01,SKU-1196,2025-05-25,21,0,0
R01,SKU-1196,2025-05-26,19,1,0
R01,SKU-1196,2025-05-27,16,0,0
R01,SKU-1196,2025-05-28,26,0,0
R01,SKU-1196,2025-05-29,20,0,0
R01,SKU-1196,05/30/2025,31,0,0
R01,SKU-1196,05/31/2025,20,0,0
R01,SKU-1091,01-May-25,21,0,0
R01,SKU-1091,2025-05-02,14,0,0
R01,SKU-1091,2025-05-03,14,1,0
R01,SKU-1091,2025-05-04,11,0,0
R01,SKU-1091,05-May-25,12,0,0
R01,SKU-1091,2025-05-06,7,0,0
R01,SKU-1091,05/07/2025,14,0,0
R01,SKU-1091,08-May-25,24,0,0
R01,SKU-1091,09-May-25,11,0,0
R01,SKU-1091,2025-05-10,16,1,0
R01,SKU-1091,2025-05-11,12,0,0
R01,SKU-1091,2025-05-12,10,1,0
R01,SKU-1091,05/13/2025,11,0,0
R01,SKU-1091,2025-05-14,13,0,0
R01,SKU-1091,2025-05-15,18,0,1
R01,SKU-1091,2025-05-16,17,0,0
R01,SKU-1091,05/17/2025,21,1,0
R01,SKU-1091,18-May-25,11,1,0
R01,SKU-1091,2025-05-19,16,0,1
R01,SKU-1091,2025-05-20,13,0,1
R01,SKU-1091,2025-05-21,13,2,0
R01,SKU-1091,2025-05-22,18,1,0
R01,SKU-1091,2025-05-23,16,1,0
R01,SKU-1091,2025-05-24,16,1,0
R01,SKU-1091,05/25/2025,10,0,1
R01,SKU-1091,26-May-25,6,1,0
R01,SKU-1091,2025-05-27,13,0,0
R01,SKU-1091,2025-05-28,18,0,0
R01,SKU-1091,2025-05-29,14,0,0
R01,SKU-1091,05/30/2025,14,0,0
R01,SKU-1091,31-May-25,22,0,0
R01,SKU-1119,05/01/2025,6,0,0
R01,SKU-1119,05/02/2025,6,0,0
R01,SKU-1119,05/03/2025,3,0,0
R01,SKU-1119,04-May-25,11,1,0
R01,SKU-1119,2025-05-05,3,0,0
R01,SKU-1119,2025-05-06,5,0,1
R01,SKU-1119,2025-05-07,6,0,0
R01,SKU-1119,08-May-25,3,1,0
R01,SKU-1119,2025-05-09,5,0,0
R01,SKU-1119,10-May-25,2,1,0
R01,SKU-1119,05/11/2025,7,0,0
R01,SKU-1119,2025-05-12,6,0,1
R01,SKU-1119,05/13/2025,6,1,0
R01,SKU-1119,14-May-25,5,0,0
R01,SKU-1119,2025-05-15,4,0,0
R01,SKU-1119,2025-05-16,3,0,0
R01,SKU-1119,05/17/2025,2,1,0
R01,SKU-1119,2025-05-18,5,0,0
R01,SKU-1119,2025-05-19,3,0,0
R01,SKU-1119,2025-05-20,4,0,0
R01,SKU-1119,21-May-25,6,0,0
R01,SKU-1119,05/22/2025,7,0,0
R01,SKU-1119,23-May-25,8,0,0
R01,SKU-1119,2025-05-24,5,0,0
R01,SKU-1119,2025-05-25,3,1,0
R01,SKU-1119,05/26/2025,3,0,0
R01,SKU-1119,2025-05-27,11,0,0
R01,SKU-1119,2025-05-28,4,0,0
R01,SKU-1119,29-May-25,3,0,0
R01,SKU-1119,2025-05-30,4,1,0
R01,SKU-1119,2025-05-31,3,0,0
R01,SKU-1224,05/01/2025,29,0,0
R01,SKU-1224,2025-05-02,28,0,0
R01,SKU-1224,2025-05-03,24,0,0
R01,SKU-1224,2025-05-04,33,0,0
R01,SKU-1224,05-May-25,26,0,0
R01,SKU-1224,2025-05-06,33,0,0
R01,SKU-1224,2025-05-07,38,0,0
R01,SKU-1224,2025-05-08,23,0,1
R01,SKU-1224,2025-05-09,26,0,0
R01,SKU-1224,05/10/2025,45,0,0
R01,SKU-1224,2025-05-11,34,0,0
R01,SKU-1224,12-May-25,36,1,0
R01,SKU-1224,2025-05-13,31,1,0
R01,SKU-1224,14-May-25,25,0,0
R01,SKU-1224,2025-05-15,32,0,0
R01,SKU-1224,2025-05-16,31,0,0
R01,SKU-1224,2025-05-17,24,1,1
R01,SKU-1224,2025-05-18,29,0,0
R01,SKU-1224,2025-05-19,29,0,0
R01,SKU-1224,2025-05-20,29,1,0
R01,SKU-1224,21-May-25,23,0,0
R01,SKU-1224,2025-05-22,34,0,0
R01,SKU-1224,2025-05-23,26,0,0
R01,SKU-1224,2025-05-24,45,1,0
R01,SKU-1224,2025-05-25,43,2,1
R01,SKU-1224,05/26/2025,27,1,0
R01,SKU-1224,05/27/2025,37,0,0
R01,SKU-1224,05/28/2025,31,0,0
R01,SKU-1224,29-May-25,20,0,0
R01,SKU-1224,30-May-25,36,1,0
R01,SKU-1224,31-May-25,25,1,0
R01,SKU-1266,2025-05-01,28,0,0
R01,SKU-1266,2025-05-02,31,1,0
R01,SKU-1266,05/03/2025,31,1,0
R01,SKU-1266,2025-05-04,38,1,0
R01,SKU-1266,2025-05-05,36,0,1
R01,SKU-1266,05/06/2025,23,0,0
R01,SKU-1266,2025-05-07,26,0,0
R01,SKU-1266,2025-05-08,24,0,0
R01,SKU-1266,2025-05-09,33,1,0
R01,SKU-1266,05/10/2025,29,0,0
R01,SKU-1266,11-May-25,21,0,0
R01,SKU-1266,12-May-25,32,1,0
R01,SKU-1266,2025-05-13,28,0,0
R01,SKU-1266,2025-05-14,34,0,0
R01,SKU-1266,2025-05-15,16,1,0
R01,SKU-1266,2025-05-16,29,1,0
R01,SKU-1266,05/17/2025,24,1,0
R01,SKU-1266,05/18/2025,37,2,0
R01,SKU-1266,05/19/2025,34,0,0
R01,SKU-1266,05/20/2025,31,0,0
R01,SKU-1266,05/21/2025,36,1,0
R01,SKU-1266,2025-05-22,31,0,0
R01,SKU-1266,2025-05-23,27,0,0
R01,SKU-1266,2025-05-24,24,0,0
R01,SKU-1266,2025-05-25,35,0,0
R01,SKU-1266,05/26/2025,30,0,1
R01,SKU-1266,05/27/2025,27,0,1
R01,SKU-1266,2025-05-28,39,0,0
R01,SKU-1266,2025-05-29,28,1,0
R01,SKU-1266,2025-05-30,33,0,0
R01,SKU-1266,2025-05-31,29,2,0
R01,SKU-1063,01-May-25,19,0,0
R01,SKU-1063,2025-05-02,23,1,1
R01,SKU-1063,2025-05-03,18,0,0
R01,SKU-1063,2025-05-04,24,1,0
R01,SKU-1063,2025-05-05,14,0,0
R01,SKU-1063,06-May-25,20,0,0
R01,SKU-1063,2025-05-07,16,0,0
R01,SKU-1063,05/08/2025,23,0,0
R01,SKU-1063,05/09/2025,14,1,0
R01,SKU-1063,2025-05-10,19,1,1
R01,SKU-1063,2025-05-11,27,0,0
R01,SKU-1063,2025-05-12,22,2,0
R01,SKU-1063,13-May-25,25,0,0
R01,SKU-1063,2025-05-14,10,0,1
R01,SKU-1063,2025-05-15,17,1,0
R01,SKU-1063,16-May-25,19,0,0
R01,SKU-1063,2025-05-17,18,0,0
R01,SKU-1063,2025-05-18,17,1,0
R01,SKU-1063,19-May-25,17,0,0
R01,SKU-1063,2025-05-20,26,0,0
R01,SKU-1063,2025-05-21,24,0,1
R01,SKU-1063,2025-05-22,25,1,0
R01,SKU-1063,05/23/2025,22,0,0
R01,SKU-1063,2025-05-24,21,0,1
R01,SKU-1063,25-May-25,25,0,0
R01,SKU-1063,2025-05-26,15,0,0
R01,SKU-1063,2025-05-27,22,0,0
R01,SKU-1063,28-May-25,25,1,0
R01,SKU-1063,2025-05-29,19,0,0
R01,SKU-1063,30-May-25,23,0,0
R01,SKU-1063,05/31/2025,17,0,1
R01,SKU-1245,2025-05-01,28,0,0
R01,SKU-1245,2025-05-02,15,0,0
R01,SKU-1245,03-May-25,34,0,0
R01,SKU-1245,05/04/2025,20,0,0
R01,SKU-1245,2025-05-05,26,0,0
R01,SKU-1245,2025-05-06,22,0,1
R01,SKU-1245,07-May-25,20,0,0
R01,SKU-1245,05/08/2025,20,0,0
R01,SKU-1245,05/09/2025,33,1,0
R01,SKU-1245,2025-05-10,34,0,0
R01,SKU-1245,2025-05-11,30,0,0
R01,SKU-1245,2025-05-12,33,0,0
R01,SKU-1245,13-May-25,34,0,0
R01,SKU-1245,2025-05-14,36,1,0
R01,SKU-1245,2025-05-15,34,0,0
R01,SKU-1245,05/16/2025,25,2,0
R01,SKU-1245,17-May-25,27,0,0
R01,SKU-1245,05/18/2025,32,1,0
R01,SKU-1245,2025-05-19,26,1,0
R01,SKU-1245,2025-05-20,32,0,0
R01,SKU-1245,2025-05-21,26,1,0
R01,SKU-1245,2025-05-22,28,1,0
R01,SKU-1245,2025-05-23,27,1,0
R01,SKU-1245,2025-05-24,29,0,0
R01,SKU-1245,2025-05-25,31,1,0
R01,SKU-1245,05/26/2025,30,0,0
R01,SKU-1245,2025-05-27,27,1,0
R01,SKU-1245,28-May-25,35,0,0
R01,SKU-1245,2025-05-29,31,0,0
R01,SKU-1245,2025-05-30,30,0,0
R01,SKU-1245,05/31/2025,34,1,0
R01,SKU-1182,2025-05-01,4,1,0
R01,SKU-1182,05/02/2025,4,0,0
R01,SKU-1182,2025-05-03,4,0,0
R01,SKU-1182,2025-05-04,7,1,0
R01,SKU-1182,05/05/2025,7,0,0
R01,SKU-1182,2025-05-06,6,0,0
R01,SKU-1182,2025-05-07,4,0,0
R01,SKU-1182,05/08/2025,7,0,0
R01,SKU-1182,2025-05-09,5,0,0
R01,SKU-1182,2025-05-10,6,0,1
R01,SKU-1182,05/11/2025,5,0,0
R01,SKU-1182,12-May-25,7,0,0
R01,SKU-1182,2025-05-13,6,1,0
R01,SKU-1182,2025-05-14,8,0,1
R01,SKU-1182,2025-05-15,4,0,0
R01,SKU-1182,2025-05-16,3,0,1
R01,SKU-1182,17-May-25,5,0,0
R01,SKU-1182,05/18/2025,4,0,0
R01,SKU-1182,2025-05-19,5,0,0
R01,SKU-1182,05/20/2025,8,0,0
R01,SKU-1182,05/21/2025,5,1,0
R01,SKU-1182,2025-05-22,5,0,1
R01,SKU-1182,2025-05-23,10,0,1
R01,SKU-1182,2025-05-24,9,0,0
R01,SKU-1182,2025-05-25,6,0,0
R01,SKU-1182,2025-05-26,5,1,1
R01,SKU-1182,2025-05-27,5,1,0
R01,SKU-1182,2025-05-28,7,1,0
R01,SKU-1182,2025-05-29,4,0,0
R01,SKU-1182,2025-05-30,4,1,1
R01,SKU-1182,05/31/2025,7,0,0
R01,SKU-1007,05/01/2025,29,1,0
R01,SKU-1007,2025-05-02,47,0,0
R01,SKU-1007,2025-05-03,25,2,0
R01,SKU-1007,2025-05-04,37,0,0
R01,SKU-1007,2025-05-05,31,1,0
R01,SKU-1007,2025-05-06,24,0,0
R01,SKU-1007,2025-05-07,30,1,0
R01,SKU-1007,2025-05-08,24,0,0
R01,SKU-1007,05/09/2025,24,0,0
R01,SKU-1007,2025-05-10,32,0,1
R01,SKU-1007,2025-05-11,35,0,0
R01,SKU-1007,05/12/2025,34,0,0
R01,SKU-1007,13-May-25,30,1,0
R01,SKU-1007,2025-05-14,32,1,0
R01,SKU-1007,2025-05-15,26,1,0
R01,SKU-1007,16-May-25,28,0,0
R01,SKU-1007,2025-05-17,29,2,0
R01,SKU-1007,05/18/2025,37,2,0
R01,SKU-1007,19-May-25,32,0,1
R01,SKU-1007,2025-05-20,20,0,0
R01,SKU-1007,2025-05-21,30,0,1
R01,SKU-1007,05/22/2025,27,0,0
R01,SKU-1007,23-May-25,38,0,1
R01,SKU-1007,2025-05-24,35,0,1
R01,SKU-1007,2025-05-25,37,0,0
R01,SKU-1007,2025-05-26,25,0,0
R01,SKU-1007,05/27/2025,36,0,0
R01,SKU-1007,2025-05-28,23,0,0
R01,SKU-1007,2025-05-29,24,0,0
R01,SKU-1007,2025-05-30,37,2,0
R01,SKU-1007,2025-05-31,17,1,0
R01,SKU-1070,01-May-25,10,2,1
R01,SKU-1070,02-May-25,11,0,0
R01,SKU-1070,03-May-25,13,1,0
R01,SKU-1070,05/04/2025,13,0,0
R01,SKU-1070,2025-05-05,13,0,0
R01,SKU-1070,2025-05-06,4,1,0
R01,SKU-1070,2025-05-07,8,0,0
R01,SKU-1070,2025-05-08,7,0,0
R01,SKU-1070,05/09/2025,9,0,1
R01,SKU-1070,05/10/2025,10,0,0
R01,SKU-1070,2025-05-11,12,2,0
R01,SKU-1070,2025-05-12,19,0,0
R01,SKU-1070,05/13/2025,10,1,0
R01,SKU-1070,05/14/2025,13,0,1
R01,SKU-1070,15-May-25,16,0,0
R01,SKU-1070,2025-05-16,10,1,0
R01,SKU-1070,2025-05-17,7,0,0
R01,SKU-1070,2025-05-18,14,1,0
R01,SKU-1070,2025-05-19,8,0,0
R01,SKU-1070,05/20/2025,8,0,0
R01,SKU-1070,2025-05-21,12,0,0
R01,SKU-1070,2025-05-22,16,0,1
R01,SKU-1070,23-May-25,12,1,0
R01,SKU-1070,2025-05-24,15,0,0
R01,SKU-1070,2025-05-25,11,1,0
R01,SKU-1070,05/26/2025,16,2,0
R01,SKU-1070,05/27/2025,10,0,0
R01,SKU-1070,28-May-25,17,1,0
R01,SKU-1070,29-May-25,12,0,0
R01,SKU-1070,2025-05-30,12,2,0
R01,SKU-1070,05/31/2025,5,1,0
R01,SKU-1238,01-May-25,18,0,1
R01,SKU-1238,2025-05-02,21,0,1
R01,SKU-1238,2025-05-03,21,0,0
R01,SKU-1238,2025-05-04,13,0,0
R01,SKU-1238,2025-05-05,14,0,0
R01,SKU-1238,2025-05-06,20,0,0
R01,SKU-1238,2025-05-07,21,1,0
R01,SKU-1238,2025-05-08,14,2,0
R01,SKU-1238,2025-05-09,13,0,0
R01,SKU-1238,05/10/2025,17,0,0
R01,SKU-1238,11-May-25,19,0,1
R01,SKU-1238,2025-05-12,15,2,0
R01,SKU-1238,2025-05-13,22,1,0
R01,SKU-1238,05/14/2025,27,0,0
R01,SKU-1238,2025-05-15,22,0,1
R01,SKU-1238,2025-05-16,13,0,0
R01,SKU-1238,2025-05-17,17,0,1
R01,SKU-1238,2025-05-18,17,0,0
R01,SKU-1238,2025-05-19,18,0,0
R01,SKU-1238,05/20/2025,24,0,0
R01,SKU-1238,2025-05-21,17,0,0
R01,SKU-1238,05/22/2025,18,0,0
R01,SKU-1238,2025-05-23,16,0,0
R01,SKU-1238,2025-05-24,20,1,0
R01,SKU-1238,25-May-25,22,0,1
R01,SKU-1238,2025-05-26,18,1,0
R01,SKU-1238,2025-05-27,21,1,0
R01,SKU-1238,2025-05-28,27,0,0
R01,SKU-1238,2025-05-29,13,0,0
R01,SKU-1238,2025-05-30,12,1,0
R01,SKU-1238,05/31/2025,16,0,0
R01,SKU-1154,2025-05-01,28,1,0
R01,SKU-1154,02-May-25,15,0,0
R01,SKU-1154,05/03/2025,17,0,0
R01,SKU-1154,05/04/2025,20,2,0
R01,SKU-1154,2025-05-05,18,0,0
R01,SKU-1154,05/06/2025,25,1,0
R01,SKU-1154,07-May-25,16,0,0
R01,SKU-1154,05/08/2025,19,1,0
R01,SKU-1154,2025-05-09,17,0,0
R01,SKU-1154,2025-05-10,16,1,0
R01,SKU-1154,2025-05-11,21,0,0
R01,SKU-1154,2025-05-12,18,2,0
R01,SKU-1154,2025-05-13,21,1,0
R01,SKU-1154,2025-05-14,21,2,0
R01,SKU-1154,15-May-25,22,0,0
R01,SKU-1154,2025-05-16,25,0,0
R01,SKU-1154,17-May-25,24,1,0
R01,SKU-1154,2025-05-18,22,1,0
R01,SKU-1154,2025-05-19,19,0,1
R01,SKU-1154,2025-05-20,21,0,0
R01,SKU-1154,21-May-25,17,0,1
R01,SKU-1154,05/22/2025,23,0,0
R01,SKU-1154,2025-05-23,19,0,0
R01,SKU-1154,2025-05-24,25,0,0
R01,SKU-1154,2025-05-25,18,0,0
R01,SKU-1154,05/26/2025,21,2,0
R01,SKU-1154,05/27/2025,19,0,0
R01,SKU-1154,2025-05-28,26,0,1
R01,SKU-1154,05/29/2025,17,0,0
R01,SKU-1154,2025-05-30,17,1,0
R01,SKU-1154,2025-05-31,18,0,0
R01,SKU-1273,2025-05-01,27,1,0
R01,SKU-1273,2025-05-02,28,1,1
R01,SKU-1273,2025-05-03,32,0,0
R01,SKU-1273,2025-05-04,33,0,0
R01,SKU-1273,2025-05-05,28,1,0
R01,SKU-1273,2025-05-06,20,0,0
R01,SKU-1273,2025-05-07,28,0,0
R01,SKU-1273,2025-05-08,25,2,1
R01,SKU-1273,05/09/2025,29,1,1
R01,SKU-1273,2025-05-10,31,0,0
R01,SKU-1273,2025-05-11,33,0,0
R01,SKU-1273,05/12/2025,30,0,0
R01,SKU-1273,2025-05-13,27,1,0
R01,SKU-1273,05/14/2025,24,0,0
R01,SKU-1273,05/15/2025,29,0,1
R01,SKU-1273,16-May-25,25,0,0
R01,SKU-1273,2025-05-17,47,0,0
R01,SKU-1273,2025-05-18,28,0,0
R01,SKU-1273,2025-05-19,30,1,1
R01,SKU-1273,2025-05-20,25,0,1
R01,SKU-1273,21-May-25,33,0,0
R01,SKU-1273,05/22/2025,41,0,0
R01,SKU-1273,05/23/2025,28,0,1
R01,SKU-1273,2025-05-24,24,2,0
R01,SKU-1273,05/25/2025,34,0,0
R01,SKU-1273,2025-05-26,31,1,0
R01,SKU-1273,2025-05-27,30,0,0
R01,SKU-1273,2025-05-28,26,1,0
R01,SKU-1273,2025-05-29,32,0,0
R01,SKU-1273,05/30/2025,25,0,0
R01,SKU-1273,31-May-25,21,0,0
R02,SKU-1119,01-May-25,6,0,0
R02,SKU-1119,2025-05-02,5,1,0
R02,SKU-1119,2025-05-03,9,0,0
R02,SKU-1119,2025-05-04,3,0,0
R02,SKU-1119,2025-05-05,7,3,0
R02,SKU-1119,05/06/2025,4,1,0
R02,SKU-1119,2025-05-07,8,1,0
R02,SKU-1119,05/08/2025,2,0,0
R02,SKU-1119,05/09/2025,2,0,0
R02,SKU-1119,2025-05-10,5,1,0
R02,SKU-1119,2025-05-11,2,0,0
R02,SKU-1119,2025-05-12,6,1,0
R02,SKU-1119,2025-05-13,4,0,0
R02,SKU-1119,05/14/2025,2,1,0
R02,SKU-1119,15-May-25,5,0,0
R02,SKU-1119,16-May-25,5,0,0
R02,SKU-1119,2025-05-17,3,1,0
R02,SKU-1119,2025-05-18,2,2,0
R02,SKU-1119,05/19/2025,7,0,0
R02,SKU-1119,20-May-25,4,0,0
R02,SKU-1119,2025-05-21,4,1,0
R02,SKU-1119,22-May-25,4,1,0
R02,SKU-1119,2025-05-23,5,0,1
R02,SKU-1119,2025-05-24,4,0,0
R02,SKU-1119,25-May-25,6,2,0
R02,SKU-1119,2025-05-26,4,1,0
R02,SKU-1119,2025-05-27,2,0,0
R02,SKU-1119,05/28/2025,2,0,0
R02,SKU-1119,05/29/2025,4,0,0
R02,SKU-1119,2025-05-30,4,3,0
R02,SKU-1119,2025-05-31,3,1,0
R02,SKU-1252,2025-05-01,34,0,0
R02,SKU-1252,2025-05-02,27,0,0
R02,SKU-1252,2025-05-03,35,1,0
R02,SKU-1252,2025-05-04,40,0,0
R02,SKU-1252,05/05/2025,38,1,0
R02,SKU-1252,2025-05-06,38,0,0
R02,SKU-1252,2025-05-07,29,0,0
R02,SKU-1252,08-May-25,35,0,0
R02,SKU-1252,05/09/2025,32,0,1
R02,SKU-1252,2025-05-10,30,0,0
R02,SKU-1252,11-May-25,38,0,0
R02,SKU-1252,2025-05-12,41,1,0
R02,SKU-1252,2025-05-13,37,0,0
R02,SKU-1252,2025-05-14,35,2,0
R02,SKU-1252,2025-05-15,29,0,0
R02,SKU-1252,2025-05-16,25,0,0
R02,SKU-1252,05/17/2025,29,0,1
R02,SKU-1252,2025-05-18,29,2,0
R02,SKU-1252,2025-05-19,31,3,0
R02,SKU-1252,05/20/2025,19,1,0
R02,SKU-1252,2025-05-21,25,0,0
R02,SKU-1252,2025-05-22,31,1,0
R02,SKU-1252,2025-05-23,27,0,0
R02,SKU-1252,05/24/2025,28,0,0
R02,SKU-1252,25-May-25,25,0,0
R02,SKU-1252,2025-05-26,37,0,1
R02,SKU-1252,2025-05-27,27,2,0
R02,SKU-1252,2025-05-28,35,0,0
R02,SKU-1252,05/29/2025,23,1,0
R02,SKU-1252,2025-05-30,45,1,0
R02,SKU-1252,2025-05-31,27,0,0
R02,SKU-1238,2025-05-01,13,0,0
R02,SKU-1238,2025-05-02,13,0,0
R02,SKU-1238,05/03/2025,24,1,0
R02,SKU-1238,2025-05-04,27,0,0
R02,SKU-1238,2025-05-05,15,0,0
R02,SKU-1238,2025-05-06,14,0,0
R02,SKU-1238,07-May-25,21,2,0
R02,SKU-1238,2025-05-08,16,1,0
R02,SKU-1238,05/09/2025,21,0,0
R02,SKU-1238,05/10/2025,24,1,0
R02,SKU-1238,11-May-25,13,0,0
R02,SKU-1238,2025-05-12,24,0,0
R02,SKU-1238,05/13/2025,13,0,1
R02,SKU-1238,2025-05-14,20,0,0
R02,SKU-1238,15-May-25,19,0,0
R02,SKU-1238,2025-05-16,31,0,0
R02,SKU-1238,17-May-25,18,0,0
R02,SKU-1238,2025-05-18,19,1,0
R02,SKU-1238,05/19/2025,19,0,1
R02,SKU-1238,2025-05-20,22,2,0
R02,SKU-1238,2025-05-21,19,1,0
R02,SKU-1238,2025-05-22,21,0,0
R02,SKU-1238,05/23/2025,15,0,0
R02,SKU-1238,24-May-25,20,1,1
R02,SKU-1238,2025-05-25,20,0,0
R02,SKU-1238,2025-05-26,21,0,0
R02,SKU-1238,27-May-25,14,0,0
R02,SKU-1238,2025-05-28,18,1,0
R02,SKU-1238,2025-05-29,16,1,0
R02,SKU-1238,2025-05-30,17,0,0
R02,SKU-1238,05/31/2025,19,0,0
R02,SKU-1161,05/01/2025,11,0,0
R02,SKU-1161,05/02/2025,13,0,0
R02,SKU-1161,05/03/2025,10,0,0
R02,SKU-1161,2025-05-04,19,1,1
R02,SKU-1161,2025-05-05,10,0,0
R02,SKU-1161,05/06/2025,13,0,0
R02,SKU-1161,05/07/2025,12,0,0
R02,SKU-1161,2025-05-08,13,0,0
R02,SKU-1161,09-May-25,21,1,0
R02,SKU-1161,2025-05-10,13,1,1
R02,SKU-1161,11-May-25,13,1,0
R02,SKU-1161,2025-05-12,15,0,0
R02,SKU-1161,2025-05-13,17,0,1
R02,SKU-1161,2025-05-14,17,0,0
R02,SKU-1161,2025-05-15,8,0,0
R02,SKU-1161,05/16/2025,9,1,0
R02,SKU-1161,2025-05-17,13,1,0
R02,SKU-1161,2025-05-18,10,0,0
R02,SKU-1161,2025-05-19,12,0,0
R02,SKU-1161,2025-05-20,14,0,0
R02,SKU-1161,2025-05-21,13,1,0
R02,SKU-1161,2025-05-22,26,1,0
R02,SKU-1161,2025-05-23,11,0,0
R02,SKU-1161,05/24/2025,10,1,0
R02,SKU-1161,25-May-25,14,0,0
R02,SKU-1161,05/26/2025,12,1,0
R02,SKU-1161,2025-05-27,16,0,0
R02,SKU-1161,28-May-25,17,1,0
R02,SKU-1161,05/29/2025,14,0,0
R02,SKU-1161,2025-05-30,14,0,0
R02,SKU-1161,05/31/2025,15,0,0
R02,SKU-1224,2025-05-01,36,1,0
R02,SKU-1224,05/02/2025,32,1,0
R02,SKU-1224,2025-05-03,34,2,0
R02,SKU-1224,2025-05-04,30,1,0
R02,SKU-1224,05/05/2025,24,2,0
R02,SKU-1224,06-May-25,29,0,0
R02,SKU-1224,2025-05-07,34,1,1
R02,SKU-1224,2025-05-08,34,3,1
R02,SKU-1224,2025-05-09,32,3,0
R02,SKU-1224,2025-05-10,26,0,0
R02,SKU-1224,2025-05-11,19,0,0
R02,SKU-1224,2025-05-12,36,0,0
R02,SKU-1224,2025-05-13,27,1,0
R02,SKU-1224,2025-05-14,29,0,0
R02,SKU-1224,15-May-25,31,0,0
R02,SKU-1224,2025-05-16,39,0,0
R02,SKU-1224,05/17/2025,27,0,0
R02,SKU-1224,18-May-25,25,0,0
R02,SKU-1224,2025-05-19,42,0,0
R02,SKU-1224,2025-05-20,25,1,0
R02,SKU-1224,2025-05-21,32,1,0
R02,SKU-1224,22-May-25,21,0,0
R02,SKU-1224,05/23/2025,34,0,1
R02,SKU-1224,05/24/2025,36,0,0
R02,SKU-1224,2025-05-25,29,1,0
R02,SKU-1224,05/26/2025,28,1,0
R02,SKU-1224,2025-05-27,42,1,0
R02,SKU-1224,2025-05-28,28,0,0
R02,SKU-1224,29-May-25,32,1,0
R02,SKU-1224,05/30/2025,27,0,0
R02,SKU-1224,2025-05-31,26,0,0
R02,SKU-1084,05/01/2025,15,0,0
R02,SKU-1084,2025-05-02,16,0,0
R02,SKU-1084,2025-05-03,19,0,0
R02,SKU-1084,2025-05-04,13,1,0
R02,SKU-1084,2025-05-05,19,1,0
R02,SKU-1084,2025-05-06,13,2,0
R02,SKU-1084,2025-05-07,19,0,0
R02,SKU-1084,2025-05-08,14,0,0
R02,SKU-1084,05/09/2025,9,2,0
R02,SKU-1084,10-May-25,20,0,0
R02,SKU-1084,2025-05-11,23,1,0
R02,SKU-1084,2025-05-12,17,2,0
R02,SKU-1084,2025-05-13,17,0,0
R02,SKU-1084,2025-05-14,17,0,1
R02,SKU-1084,15-May-25,18,0,0
R02,SKU-1084,2025-05-16,12,1,0
R02,SKU-1084,2025-05-17,12,0,0
R02,SKU-1084,2025-05-18,15,1,1
R02,SKU-1084,2025-05-19,20,0,0
R02,SKU-1084,2025-05-20,15,0,0
R02,SKU-1084,2025-05-21,21,1,0
R02,SKU-1084,2025-05-22,15,1,0
R02,SKU-1084,2025-05-23,22,1,1
R02,SKU-1084,2025-05-24,19,2,0
R02,SKU-1084,2025-05-25,12,1,0
R02,SKU-1084,26-May-25,15,0,0
R02,SKU-1084,05/27/2025,17,0,0
R02,SKU-1084,2025-05-28,19,0,1
R02,SKU-1084,05/29/2025,22,0,0
R02,SKU-1084,2025-05-30,16,1,0
R02,SKU-1084,2025-05-31,16,0,0
R02,SKU-1028,2025-05-01,29,0,0
R02,SKU-1028,2025-05-02,41,1,0
R02,SKU-1028,05/03/2025,23,0,0
R02,SKU-1028,04-May-25,31,3,0
R02,SKU-1028,05/05/2025,36,1,0
R02,SKU-1028,05/06/2025,33,0,0
R02,SKU-1028,05/07/2025,32,0,0
R02,SKU-1028,05/08/2025,31,1,0
R02,SKU-1028,2025-05-09,31,0,0
R02,SKU-1028,05/10/2025,28,0,0
R02,SKU-1028,2025-05-11,31,1,0
R02,SKU-1028,05/12/2025,38,0,0
R02,SKU-1028,2025-05-13,33,0,0
R02,SKU-1028,05/14/2025,25,0,0
R02,SKU-1028,2025-05-15,39,0,0
R02,SKU-1028,05/16/2025,26,0,0
R02,SKU-1028,2025-05-17,37,0,0
R02,SKU-1028,05/18/2025,39,0,0
R02,SKU-1028,05/19/2025,28,0,1
R02,SKU-1028,2025-05-20,23,0,0
R02,SKU-1028,2025-05-21,26,0,0
R02,SKU-1028,2025-05-22,41,3,0
R02,SKU-1028,2025-05-23,33,0,0
R02,SKU-1028,24-May-25,39,1,1
R02,SKU-1028,2025-05-25,33,1,0
R02,SKU-1028,05/26/2025,33,1,0
R02,SKU-1028,05/27/2025,41,2,1
R02,SKU-1028,2025-05-28,42,1,0
R02,SKU-1028,29-May-25,30,0,0
R02,SKU-1028,2025-05-30,38,2,0
R02,SKU-1028,2025-05-31,20,0,0
R02,SKU-1140,2025-05-01,23,1,0
R02,SKU-1140,2025-05-02,21,1,0
R02,SKU-1140,2025-05-03,17,1,0
R02,SKU-1140,2025-05-04,19,0,0
R02,SKU-1140,2025-05-05,20,1,0
R02,SKU-1140,05/06/2025,25,0,0
R02,SKU-1140,2025-05-07,12,1,0
R02,SKU-1140,05/08/2025,13,0,0
R02,SKU-1140,05/09/2025,17,0,0
R02,SKU-1140,2025-05-10,17,0,0
R02,SKU-1140,2025-05-11,25,0,0
R02,SKU-1140,05/12/2025,23,1,0
R02,SKU-1140,05/13/2025,31,0,0
R02,SKU-1140,05/14/2025,23,0,0
R02,SKU-1140,2025-05-15,17,0,0
R02,SKU-1140,2025-05-16,8,0,0
R02,SKU-1140,05/17/2025,15,0,0
R02,SKU-1140,05/18/2025,16,0,0
R02,SKU-1140,05/19/2025,22,0,0
R02,SKU-1140,2025-05-20,19,0,0
R02,SKU-1140,2025-05-21,15,1,0
R02,SKU-1140,2025-05-22,14,1,0
R02,SKU-1140,2025-05-23,18,0,0
R02,SKU-1140,2025-05-24,23,0,0
R02,SKU-1140,2025-05-25,24,0,0
R02,SKU-1140,05/26/2025,19,0,1
R02,SKU-1140,05/27/2025,21,0,1
R02,SKU-1140,28-May-25,18,0,0
R02,SKU-1140,2025-05-29,22,1,0
R02,SKU-1140,30-May-25,20,2,0
R02,SKU-1140,05/31/2025,14,0,0
R02,SKU-1217,2025-05-01,24,0,0
R02,SKU-1217,2025-05-02,28,0,0
R02,SKU-1217,2025-05-03,21,0,0
R02,SKU-1217,2025-05-04,27,1,0
R02,SKU-1217,05/05/2025,20,1,1
R02,SKU-1217,2025-05-06,24,1,0
R02,SKU-1217,05/07/2025,19,0,0
R02,SKU-1217,2025-05-08,31,0,0
R02,SKU-1217,2025-05-09,16,0,0
R02,SKU-1217,2025-05-10,23,0,1
R02,SKU-1217,2025-05-11,31,1,0
R02,SKU-1217,2025-05-12,29,0,0
R02,SKU-1217,13-May-25,20,1,0
R02,SKU-1217,2025-05-14,27,1,0
R02,SKU-1217,2025-05-15,15,0,0
R02,SKU-1217,05/16/2025,28,0,0
R02,SKU-1217,2025-05-17,25,1,0
R02,SKU-1217,2025-05-18,22,1,0
R02,SKU-1217,05/19/2025,17,0,0
R02,SKU-1217,2025-05-20,17,0,0
R02,SKU-1217,2025-05-21,19,0,0
R02,SKU-1217,2025-05-22,20,0,0
R02,SKU-1217,2025-05-23,18,1,0
R02,SKU-1217,2025-05-24,25,0,0
R02,SKU-1217,2025-05-25,17,0,0
R02,SKU-1217,05/26/2025,10,1,0
R02,SKU-1217,27-May-25,26,1,0
R02,SKU-1217,2025-05-28,21,0,0
R02,SKU-1217,2025-05-29,27,0,0
R02,SKU-1217,05/30/2025,29,0,0
R02,SKU-1217,31-May-25,27,0,1
R02,SKU-1112,2025-05-01,13,0,0
R02,SKU-1112,2025-05-02,18,0,0
R02,SKU-1112,2025-05-03,25,0,0
R02,SKU-1112,2025-05-04,9,0,0
R02,SKU-1112,05/05/2025,17,1,0
R02,SKU-1112,05/06/2025,13,0,1
R02,SKU-1112,2025-05-07,14,0,0
R02,SKU-1112,2025-05-08,12,0,0
R02,SKU-1112,05/09/2025,12,0,0
R02,SKU-1112,2025-05-10,18,0,0
R02,SKU-1112,2025-05-11,24,0,0
R02,SKU-1112,2025-05-12,16,0,0
R02,SKU-1112,13-May-25,9,1,0
R02,SKU-1112,05/14/2025,15,2,0
R02,SKU-1112,05/15/2025,13,0,0
R02,SKU-1112,2025-05-16,11,0,0
R02,SKU-1112,2025-05-17,12,0,0
R02,SKU-1112,2025-05-18,10,2,0
R02,SKU-1112,19-May-25,13,0,0
R02,SKU-1112,2025-05-20,14,0,0
R02,SKU-1112,2025-05-21,15,0,0
R02,SKU-1112,2025-05-22,19,0,0
R02,SKU-1112,23-May-25,17,1,0
R02,SKU-1112,2025-05-24,12,0,0
R02,SKU-1112,05/25/2025,13,0,0
R02,SKU-1112,2025-05-26,12,0,0
R02,SKU-1112,2025-05-27,14,1,0
R02,SKU-1112,05/28/2025,15,0,0
R02,SKU-1112,05/29/2025,12,0,1
R02,SKU-1112,05/30/2025,6,0,0
R02,SKU-1112,2025-05-31,19,0,0
R02,SKU-1245,2025-05-01,4,1,0
R02,SKU-1245,2025-05-02,7,0,0
R02,SKU-1245,05/03/2025,6,1,0
R02,SKU-1245,2025-05-04,6,1,0
R02,SKU-1245,05/05/2025,10,0,0
R02,SKU-1245,06-May-25,12,0,1
R02,SKU-1245,05/07/2025,9,0,0
R02,SKU-1245,2025-05-08,7,2,0
R02,SKU-1245,05/09/2025,9,1,0
R02,SKU-1245,2025-05-10,8,3,1
R02,SKU-1245,05/11/2025,7,1,0
R02,SKU-1245,2025-05-12,4,2,1
R02,SKU-1245,05/13/2025,7,0,0
R02,SKU-1245,05/14/2025,9,2,1
R02,SKU-1245,2025-05-15,9,0,0
R02,SKU-1245,05/16/2025,4,0,0
R02,SKU-1245,17-May-25,10,0,0
R02,SKU-1245,05/18/2025,7,1,0
R02,SKU-1245,2025-05-19,8,0,0
R02,SKU-1245,20-May-25,6,1,1
R02,SKU-1245,2025-05-21,8,0,1
R02,SKU-1245,22-May-25,4,1,1
R02,SKU-1245,23-May-25,17,1,0
R02,SKU-1245,2025-05-24,10,0,0
R02,SKU-1245,05/25/2025,9,1,0
R02,SKU-1245,2025-05-26,12,0,0
R02,SKU-1245,27-May-25,4,0,0
R02,SKU-1245,05/28/2025,3,0,0
R02,SKU-1245,2025-05-29,9,2,0
R02,SKU-1245,05/30/2025,11,0,0
R02,SKU-1245,31-May-25,10,2,0
R02,SKU-1210,2025-05-01,6,0,0
R02,SKU-1210,2025-05-02,8,0,1
R02,SKU-1210,2025-05-03,11,1,0
R02,SKU-1210,05/04/2025,15,0,0
R02,SKU-1210,05-May-25,7,0,0
R02,SKU-1210,05/06/2025,12,0,0
R02,SKU-1210,07-May-25,13,0,0
R02,SKU-1210,2025-05-08,19,0,0
R02,SKU-1210,2025-05-09,9,0,0
R02,SKU-1210,2025-05-10,21,0,0
R02,SKU-1210,2025-05-11,18,1,0
R02,SKU-1210,12-May-25,22,1,1
R02,SKU-1210,2025-05-13,20,1,0
R02,SKU-1210,2025-05-14,13,0,0
R02,SKU-1210,2025-05-15,9,0,0
R02,SKU-1210,2025-05-16,11,0,0
R02,SKU-1210,2025-05-17,11,0,0
R02,SKU-1210,2025-05-18,14,0,0
R02,SKU-1210,05/19/2025,13,3,0
R02,SKU-1210,2025-05-20,15,1,0
R02,SKU-1210,05/21/2025,9,0,1
R02,SKU-1210,2025-05-22,15,1,0
R02,SKU-1210,23-May-25,15,0,0
R02,SKU-1210,05/24/2025,14,0,0
R02,SKU-1210,25-May-25,12,2,1
R02,SKU-1210,2025-05-26,11,0,0
R02,SKU-1210,05/27/2025,21,1,0
R02,SKU-1210,2025-05-28,10,0,0
R02,SKU-1210,05/29/2025,12,2,0
R02,SKU-1210,30-May-25,16,1,0
R02,SKU-1210,05/31/2025,20,0,0
R02,SKU-1063,2025-05-01,33,1,0
R02,SKU-1063,05/02/2025,38,0,0
R02,SKU-1063,2025-05-03,36,1,0
R02,SKU-1063,04-May-25,34,1,0
R02,SKU-1063,2025-05-05,33,0,0
R02,SKU-1063,2025-05-06,32,1,0
R02,SKU-1063,05/07/2025,22,0,0
R02,SKU-1063,2025-05-08,36,0,0
R02,SKU-1063,09-May-25,39,0,1
R02,SKU-1063,2025-05-10,24,1,0
R02,SKU-1063,2025-05-11,36,1,1
R02,SKU-1063,2025-05-12,42,1,0
R02,SKU-1063,2025-05-13,37,2,0
R02,SKU-1063,05/14/2025,32,0,0
R02,SKU-1063,2025-05-15,33,1,0
R02,SKU-1063,2025-05-16,32,0,0
R02,SKU-1063,05/17/2025,29,0,0
R02,SKU-1063,05/18/2025,26,0,0
R02,SKU-1063,2025-05-19,31,0,1
R02,SKU-1063,20-May-25,34,0,0
R02,SKU-1063,2025-05-21,34,0,0
R02,SKU-1063,05/22/2025,25,2,0
R02,SKU-1063,2025-05-23,21,0,0
R02,SKU-1063,2025-05-24,38,0,0
R02,SKU-1063,25-May-25,31,0,0
R02,SKU-1063,05/26/2025,27,2,0
R02,SKU-1063,2025-05-27,32,2,0
R02,SKU-1063,05/28/2025,24,1,0
R02,SKU-1063,2025-05-29,27,1,0
R02,SKU-1063,30-May-25,30,0,1
R02,SKU-1063,2025-05-31,40,0,0
R02,SKU-1203,2025-05-01,21,1,0
R02,SKU-1203,05/02/2025,18,0,0
R02,SKU-1203,03-May-25,25,2,0
R02,SKU-1203,2025-05-04,16,0,0
R02,SKU-1203,05/05/2025,20,0,0
R02,SKU-1203,2025-05-06,15,0,0
R02,SKU-1203,07-May-25,26,2,0
R02,SKU-1203,2025-05-08,27,0,0
R02,SKU-1203,2025-05-09,28,1,0
R02,SKU-1203,10-May-25,31,1,0
R02,SKU-1203,05/11/2025,24,0,0
R02,SKU-1203,2025-05-12,18,0,0
R02,SKU-1203,05/13/2025,22,0,0
R02,SKU-1203,2025-05-14,18,1,0
R02,SKU-1203,2025-05-15,15,0,0
R02,SKU-1203,05/16/2025,20,0,0
R02,SKU-1203,2025-05-17,23,1,1
R02,SKU-1203,2025-05-18,20,1,0
R02,SKU-1203,2025-05-19,28,0,0
R02,SKU-1203,2025-05-20,24,0,0
R02,SKU-1203,2025-05-21,25,0,0
R02,SKU-1203,2025-05-22,19,2,0
R02,SKU-1203,05/23/2025,24,0,0
R02,SKU-1203,2025-05-24,25,0,0
R02,SKU-1203,2025-05-25,18,0,0
R02,SKU-1203,2025-05-26,33,2,0
R02,SKU-1203,05/27/2025,25,0,0
R02,SKU-1203,28-May-25,21,1,1
R02,SKU-1203,29-May-25,22,0,0
R02,SKU-1203,2025-05-30,22,0,0
R02,SKU-1203,05/31/2025,26,0,0
R02,SKU-1021,2025-05-01,27,1,0
R02,SKU-1021,2025-05-02,26,1,0
R02,SKU-1021,2025-05-03,28,0,0
R02,SKU-1021,05/04/2025,20,1,0
R02,SKU-1021,05-May-25,22,0,0
R02,SKU-1021,2025-05-06,30,0,0
R02,SKU-1021,05/07/2025,26,0,0
R02,SKU-1021,2025-05-08,30,0,0
R02,SKU-1021,05/09/2025,20,0,0
R02,SKU-1021,05/10/2025,27,2,0
R02,SKU-1021,2025-05-11,24,0,0
R02,SKU-1021,05/12/2025,25,1,0
R02,SKU-1021,13-May-25,24,1,0
R02,SKU-1021,05/14/2025,29,0,0
R02,SKU-1021,15-May-25,26,1,0
R02,SKU-1021,2025-05-16,29,0,0
R02,SKU-1021,2025-05-17,19,0,0
R02,SKU-1021,18-May-25,33,0,0
R02,SKU-1021,2025-05-19,34,0,0
R02,SKU-1021,2025-05-20,22,0,1
R02,SKU-1021,21-May-25,32,1,0
R02,SKU-1021,22-May-25,29,2,0
R02,SKU-1021,2025-05-23,25,1,0
R02,SKU-1021,2025-05-24,22,0,1
R02,SKU-1021,2025-05-25,31,0,0
R02,SKU-1021,2025-05-26,30,0,0
R02,SKU-1021,2025-05-27,32,1,0
R02,SKU-1021,05/28/2025,34,0,0
R02,SKU-1021,29-May-25,29,1,0
R02,SKU-1021,2025-05-30,23,0,0
R02,SKU-1021,05/31/2025,27,0,0
R02,SKU-1189,01-May-25,15,0,0
R02,SKU-1189,2025-05-02,22,0,0
R02,SKU-1189,2025-05-03,20,0,1
R02,SKU-1189,2025-05-04,20,1,0
R02,SKU-1189,05-May-25,19,0,0
R02,SKU-1189,2025-05-06,24,0,0
R02,SKU-1189,2025-05-07,17,0,0
R02,SKU-1189,05/08/2025,20,0,0
R02,SKU-1189,2025-05-09,19,1,0
R02,SKU-1189,2025-05-10,22,0,0
R02,SKU-1189,05/11/2025,23,0,0
R02,SKU-1189,2025-05-12,13,0,0
R02,SKU-1189,2025-05-13,23,0,0
R02,SKU-1189,2025-05-14,23,0,0
R02,SKU-1189,15-May-25,16,0,0
R02,SKU-1189,05/16/2025,18,1,0
R02,SKU-1189,05/17/2025,19,0,0
R02,SKU-1189,2025-05-18,20,0,0
R02,SKU-1189,2025-05-19,19,0,0
R02,SKU-1189,20-May-25,24,0,0
R02,SKU-1189,2025-05-21,20,1,0
R02,SKU-1189,05/22/2025,25,1,0
R02,SKU-1189,23-May-25,16,0,1
R02,SKU-1189,24-May-25,18,0,1
R02,SKU-1189,2025-05-25,16,1,0
R02,SKU-1189,05/26/2025,16,2,0
R02,SKU-1189,2025-05-27,16,0,0
R02,SKU-1189,2025-05-28,20,0,0
R02,SKU-1189,2025-05-29,19,0,0
R02,SKU-1189,2025-05-30,19,1,0
R02,SKU-1189,05/31/2025,16,1,0
R02,SKU-1175,05/01/2025,18,0,0
R02,SKU-1175,2025-05-02,25,0,0
R02,SKU-1175,2025-05-03,32,0,0
R02,SKU-1175,2025-05-04,29,0,0
R02,SKU-1175,2025-05-05,21,0,0
R02,SKU-1175,2025-05-06,22,0,0
R02,SKU-1175,2025-05-07,20,1,0
R02,SKU-1175,2025-05-08,28,0,0
R02,SKU-1175,05/09/2025,19,0,1
R02,SKU-1175,05/10/2025,29,0,1
R02,SKU-1175,2025-05-11,30,0,0
R02,SKU-1175,2025-05-12,32,1,0
R02,SKU-1175,2025-05-13,21,0,0
R02,SKU-1175,2025-05-14,21,0,0
R02,SKU-1175,2025-05-15,8,1,0
R02,SKU-1175,05/16/2025,26,1,0
R02,SKU-1175,05/17/2025,23,0,0
R02,SKU-1175,2025-05-18,12,0,1
R02,SKU-1175,19-May-25,21,0,0
R02,SKU-1175,2025-05-20,25,1,0
R02,SKU-1175,2025-05-21,31,1,0
R02,SKU-1175,22-May-25,25,0,0
R02,SKU-1175,2025-05-23,18,0,0
R02,SKU-1175,2025-05-24,36,0,0
R02,SKU-1175,2025-05-25,35,0,0
R02,SKU-1175,2025-05-26,24,0,0
R02,SKU-1175,2025-05-27,37,1,0
R02,SKU-1175,05/28/2025,28,0,0
R02,SKU-1175,2025-05-29,28,0,0
R02,SKU-1175,2025-05-30,16,0,0
R02,SKU-1175,31-May-25,23,0,0
R02,SKU-1042,2025-05-01,22,1,0
R02,SKU-1042,2025-05-02,19,0,0
R02,SKU-1042,2025-05-03,34,1,1
R02,SKU-1042,2025-05-04,28,0,0
R02,SKU-1042,2025-05-05,28,0,0
R02,SKU-1042,05/06/2025,22,0,1
R02,SKU-1042,2025-05-07,20,2,0
R02,SKU-1042,05/08/2025,29,0,0
R02,SKU-1042,09-May-25,21,0,0
R02,SKU-1042,10-May-25,30,1,0
R02,SKU-1042,05/11/2025,18,1,0
R02,SKU-1042,2025-05-12,21,1,0
R02,SKU-1042,2025-05-13,22,0,1
R02,SKU-1042,14-May-25,21,0,0
R02,SKU-1042,2025-05-15,25,0,0
R02,SKU-1042,16-May-25,20,1,0
R02,SKU-1042,17-May-25,33,1,0
R02,SKU-1042,2025-05-18,25,0,0
R02,SKU-1042,05/19/2025,27,0,0
R02,SKU-1042,2025-05-20,24,1,0
R02,SKU-1042,05/21/2025,21,0,0
R02,SKU-1042,2025-05-22,25,0,1
R02,SKU-1042,2025-05-23,27,0,0
R02,SKU-1042,2025-05-24,29,0,0
R02,SKU-1042,2025-05-25,26,0,0
R02,SKU-1042,05/26/2025,19,0,0
R02,SKU-1042,05/27/2025,33,0,0
R02,SKU-1042,2025-05-28,27,0,0
R02,SKU-1042,2025-05-29,16,1,0
R02,SKU-1042,05/30/2025,25,0,0
R02,SKU-1042,2025-05-31,36,0,1
R02,SKU-1007,2025-05-01,9,3,0
R02,SKU-1007,2025-05-02,8,1,0
R02,SKU-1007,2025-05-03,12,0,0
R02,SKU-1007,05/04/2025,12,0,0
R02,SKU-1007,05/05/2025,6,0,0
R02,SKU-1007,2025-05-06,13,1,0
R02,SKU-1007,05/07/2025,12,1,0
R02,SKU-1007,2025-05-08,16,0,0
R02,SKU-1007,2025-05-09,17,0,0
R02,SKU-1007,10-May-25,12,1,0
R02,SKU-1007,2025-05-11,17,0,0
R02,SKU-1007,2025-05-12,14,2,0
R02,SKU-1007,05/13/2025,19,0,1
R02,SKU-1007,2025-05-14,13,1,0
R02,SKU-1007,2025-05-15,9,1,0
R02,SKU-1007,2025-05-16,20,0,0
R02,SKU-1007,2025-05-17,16,1,0
R02,SKU-1007,2025-05-18,16,1,0
R02,SKU-1007,05/19/2025,16,0,0
R02,SKU-1007,05/20/2025,20,0,0
R02,SKU-1007,2025-05-21,13,1,0
R02,SKU-1007,22-May-25,16,1,0
R02,SKU-1007,2025-05-23,12,0,0
R02,SKU-1007,05/24/2025,14,2,0
R02,SKU-1007,2025-05-25,12,0,0
R02,SKU-1007,26-May-25,5,0,0
R02,SKU-1007,2025-05-27,18,0,0
R02,SKU-1007,2025-05-28,12,0,0
R02,SKU-1007,2025-05-29,19,1,0
R02,SKU-1007,05/30/2025,18,0,0
R02,SKU-1007,2025-05-31,11,0,0
R02,SKU-1126,2025-05-01,38,1,0
R02,SKU-1126,05/02/2025,35,0,0
R02,SKU-1126,05/03/2025,14,0,0
R02,SKU-1126,05/04/2025,25,0,0
R02,SKU-1126,2025-05-05,32,0,1
R02,SKU-1126,06-May-25,28,0,0
R02,SKU-1126,05/07/2025,26,0,0
R02,SKU-1126,05/08/2025,35,0,0
R02,SKU-1126,2025-05-09,22,0,0
R02,SKU-1126,10-May-25,32,0,0
R02,SKU-1126,05/11/2025,32,0,0
R02,SKU-1126,2025-05-12,34,0,0
R02,SKU-1126,05/13/2025,34,1,0
R02,SKU-1126,2025-05-14,42,0,0
R02,SKU-1126,2025-05-15,29,0,0
R02,SKU-1126,2025-05-16,25,0,0
R02,SKU-1126,05/17/2025,33,0,0
R02,SKU-1126,2025-05-18,36,1,0
R02,SKU-1126,2025-05-19,25,2,0
R02,SKU-1126,2025-05-20,39,1,0
R02,SKU-1126,05/21/2025,31,0,0
R02,SKU-1126,22-May-25,36,0,1
R02,SKU-1126,2025-05-23,23,0,0
R02,SKU-1126,05/24/2025,20,0,1
R02,SKU-1126,2025-05-25,29,1,0
R02,SKU-1126,05/26/2025,33,1,0
R02,SKU-1126,05/27/2025,22,0,0
R02,SKU-1126,05/28/2025,27,0,0
R02,SKU-1126,2025-05-29,32,0,0
R02,SKU-1126,30-May-25,31,0,0
R02,SKU-1126,2025-05-31,34,1,0
R02,SKU-1273,2025-05-01,27,0,0
R02,SKU-1273,05/02/2025,19,0,0
R02,SKU-1273,2025-05-03,34,0,0
R02,SKU-1273,04-May-25,24,0,0
R02,SKU-1273,05/05/2025,16,1,0
R02,SKU-1273,2025-05-06,24,0,0
R02,SKU-1273,05/07/2025,28,0,1
R02,SKU-1273,2025-05-08,18,0,0
R02,SKU-1273,2025-05-09,16,1,1
R02,SKU-1273,2025-05-10,19,0,0
R02,SKU-1273,2025-05-11,21,1,0
R02,SKU-1273,05/12/2025,28,0,0
R02,SKU-1273,2025-05-13,21,1,0
R02,SKU-1273,2025-05-14,18,0,0
R02,SKU-1273,15-May-25,24,0,0
R02,SKU-1273,2025-05-16,18,0,0
R02,SKU-1273,2025-05-17,21,1,0
R02,SKU-1273,2025-05-18,17,1,0
R02,SKU-1273,2025-05-19,21,0,0
R02,SKU-1273,05/20/2025,24,0,0
R02,SKU-1273,05/21/2025,24,1,0
R02,SKU-1273,2025-05-22,22,0,0
R02,SKU-1273,2025-05-23,8,1,0
R02,SKU-1273,24-May-25,28,0,0
R02,SKU-1273,2025-05-25,16,1,0
R02,SKU-1273,2025-05-26,16,1,0
R02,SKU-1273,05/27/2025,23,1,0
R02,SKU-1273,05/28/2025,18,0,0
R02,SKU-1273,2025-05-29,26,0,0
R02,SKU-1273,05/30/2025,21,0,0
R02,SKU-1273,05/31/2025,30,0,0
R02,SKU-1056,01-May-25,18,0,0
R02,SKU-1056,2025-05-02,18,0,0
R02,SKU-1056,2025-05-03,18,0,0
R02,SKU-1056,2025-05-04,20,1,0
R02,SKU-1056,2025-05-05,22,0,0
R02,SKU-1056,2025-05-06,24,0,0
R02,SKU-1056,05/07/2025,17,0,0
R02,SKU-1056,08-May-25,22,1,0
R02,SKU-1056,05/09/2025,15,0,0
R02,SKU-1056,05/10/2025,20,2,0
R02,SKU-1056,05/11/2025,14,0,0
R02,SKU-1056,2025-05-12,15,0,0
R02,SKU-1056,05/13/2025,20,0,0
R02,SKU-1056,2025-05-14,23,1,0
R02,SKU-1056,2025-05-15,13,0,0
R02,SKU-1056,2025-05-16,18,0,0
R02,SKU-1056,05/17/2025,13,0,0
R02,SKU-1056,05/18/2025,16,0,0
R02,SKU-1056,2025-05-19,19,0,0
R02,SKU-1056,2025-05-20,18,0,0
R02,SKU-1056,2025-05-21,13,1,0
R02,SKU-1056,05/22/2025,16,0,0
R02,SKU-1056,05/23/2025,12,1,0
R02,SKU-1056,2025-05-24,19,0,0
R02,SKU-1056,05/25/2025,27,1,0
R02,SKU-1056,2025-05-26,20,2,0
R02,SKU-1056,05/27/2025,22,0,0
R02,SKU-1056,28-May-25,18,1,1
R02,SKU-1056,29-May-25,12,0,0
R02,SKU-1056,30-May-25,13,0,0
R02,SKU-1056,05/31/2025,18,1,0
R02,SKU-1280,2025-05-01,16,0,0
R02,SKU-1280,2025-05-02,13,1,0
R02,SKU-1280,2025-05-03,16,0,0
R02,SKU-1280,2025-05-04,25,0,0
R02,SKU-1280,2025-05-05,25,0,0
R02,SKU-1280,2025-05-06,21,0,0
R02,SKU-1280,07-May-25,20,0,0
R02,SKU-1280,2025-05-08,13,0,0
R02,SKU-1280,2025-05-09,18,0,0
R02,SKU-1280,2025-05-10,22,0,1
R02,SKU-1280,2025-05-11,16,0,0
R02,SKU-1280,2025-05-12,18,1,0
R02,SKU-1280,13-May-25,21,1,0
R02,SKU-1280,2025-05-14,22,0,0
R02,SKU-1280,2025-05-15,16,1,0
R02,SKU-1280,05/16/2025,29,0,0
R02,SKU-1280,2025-05-17,14,0,1
R02,SKU-1280,2025-05-18,16,0,0
R02,SKU-1280,19-May-25,18,1,0
R02,SKU-1280,05/20/2025,12,0,1
R02,SKU-1280,05/21/2025,26,2,1
R02,SKU-1280,2025-05-22,20,0,0
R02,SKU-1280,2025-05-23,16,2,0
R02,SKU-1280,24-May-25,19,0,1
R02,SKU-1280,05/25/2025,16,0,0
R02,SKU-1280,2025-05-26,23,0,0
R02,SKU-1280,05/27/2025,18,1,0
R02,SKU-1280,2025-05-28,17,0,0
R02,SKU-1280,2025-05-29,20,0,0
R02,SKU-1280,30-May-25,15,0,0
R02,SKU-1280,2025-05-31,17,0,0
R02,SKU-1259,01-May-25,25,0,0
R02,SKU-1259,2025-05-02,20,1,0
R02,SKU-1259,2025-05-03,16,0,0
R02,SKU-1259,04-May-25,15,0,0
R02,SKU-1259,2025-05-05,26,0,0
R02,SKU-1259,2025-05-06,23,4,1
R02,SKU-1259,05/07/2025,24,1,0
R02,SKU-1259,2025-05-08,28,0,1
R02,SKU-1259,05/09/2025,30,0,0
R02,SKU-1259,2025-05-10,19,2,0
R02,SKU-1259,2025-05-11,22,1,0
R02,SKU-1259,2025-05-12,18,0,0
R02,SKU-1259,05/13/2025,25,0,1
R02,SKU-1259,05/14/2025,21,1,0
R02,SKU-1259,2025-05-15,18,0,0
R02,SKU-1259,05/16/2025,31,0,1
R02,SKU-1259,17-May-25,21,0,0
R02,SKU-1259,2025-05-18,20,1,0
R02,SKU-1259,19-May-25,18,1,0
R02,SKU-1259,2025-05-20,23,0,0
R02,SKU-1259,2025-05-21,24,1,0
R02,SKU-1259,2025-05-22,25,0,1
R02,SKU-1259,23-May-25,23,0,0
R02,SKU-1259,2025-05-24,25,0,0
R02,SKU-1259,25-May-25,20,1,0
R02,SKU-1259,05/26/2025,14,0,0
R02,SKU-1259,2025-05-27,20,2,0
R02,SKU-1259,28-May-25,22,1,0
R02,SKU-1259,2025-05-29,26,0,0
R02,SKU-1259,30-May-25,23,1,1
R02,SKU-1259,2025-05-31,29,1,0
R03,SKU-1091,2025-05-01,8,1,0
R03,SKU-1091,2025-05-02,6,1,0
R03,SKU-1091,05/03/2025,10,0,0
R03,SKU-1091,05/04/2025,12,1,0
R03,SKU-1091,2025-05-05,9,0,0
R03,SKU-1091,2025-05-06,7,0,0
R03,SKU-1091,2025-05-07,6,0,0
R03,SKU-1091,2025-05-08,13,0,0
R03,SKU-1091,2025-05-09,10,0,1
R03,SKU-1091,05/10/2025,6,0,0
R03,SKU-1091,05/11/2025,13,1,0
R03,SKU-1091,05/12/2025,8,0,0
R03,SKU-1091,2025-05-13,7,0,0
R03,SKU-1091,05/14/2025,10,1,0
R03,SKU-1091,2025-05-15,10,0,0
R03,SKU-1091,2025-05-16,10,1,0
R03,SKU-1091,2025-05-17,10,1,0
R03,SKU-1091,18-May-25,12,0,1
R03,SKU-1091,19-May-25,11,2,0
R03,SKU-1091,05/20/2025,10,0,0
R03,SKU-1091,2025-05-21,14,0,0
R03,SKU-1091,05/22/2025,13,0,0
R03,SKU-1091,2025-05-23,9,0,0
R03,SKU-1091,05/24/2025,10,0,0
R03,SKU-1091,05/25/2025,6,0,0
R03,SKU-1091,05/26/2025,10,0,0
R03,SKU-1091,27-May-25,8,1,0
R03,SKU-1091,2025-05-28,15,0,0
R03,SKU-1091,29-May-25,16,0,0
R03,SKU-1091,05/30/2025,6,0,0
R03,SKU-1091,2025-05-31,6,1,1
R03,SKU-1140,05/01/2025,28,0,0
R03,SKU-1140,2025-05-02,27,1,0
R03,SKU-1140,05/03/2025,33,1,0
R03,SKU-1140,04-May-25,29,1,0
R03,SKU-1140,2025-05-05,28,1,0
R03,SKU-1140,2025-05-06,29,0,0
R03,SKU-1140,05/07/2025,29,0,0
R03,SKU-1140,08-May-25,23,1,1
R03,SKU-1140,2025-05-09,23,0,0
R03,SKU-1140,05/10/2025,19,0,0
R03,SKU-1140,11-May-25,29,1,0
R03,SKU-1140,2025-05-12,31,1,0
R03,SKU-1140,2025-05-13,24,0,0
R03,SKU-1140,2025-05-14,23,0,0
R03,SKU-1140,05/15/2025,26,1,0
R03,SKU-1140,2025-05-16,17,0,0
R03,SKU-1140,05/17/2025,35,0,0
R03,SKU-1140,2025-05-18,18,0,0
R03,SKU-1140,2025-05-19,23,1,0
R03,SKU-1140,20-May-25,29,0,0
R03,SKU-1140,2025-05-21,27,1,0
R03,SKU-1140,2025-05-22,31,0,0
R03,SKU-1140,2025-05-23,33,0,0
R03,SKU-1140,05/24/2025,38,0,1
R03,SKU-1140,05/25/2025,21,0,0
R03,SKU-1140,2025-05-26,20,0,0
R03,SKU-1140,05/27/2025,22,0,0
R03,SKU-1140,2025-05-28,21,0,0
R03,SKU-1140,05/29/2025,21,0,1
R03,SKU-1140,05/30/2025,34,1,0
R03,SKU-1140,05/31/2025,34,0,0
R03,SKU-1035,05/01/2025,27,0,0
R03,SKU-1035,2025-05-02,25,1,0
R03,SKU-1035,03-May-25,25,0,0
R03,SKU-1035,04-May-25,33,0,1
R03,SKU-1035,05/05/2025,31,0,0
R03,SKU-1035,2025-05-06,27,1,0
R03,SKU-1035,07-May-25,26,0,0
R03,SKU-1035,2025-05-08,22,0,0
R03,SKU-1035,2025-05-09,28,0,0
R03,SKU-1035,2025-05-10,37,0,0
R03,SKU-1035,2025-05-11,30,2,1
R03,SKU-1035,2025-05-12,28,0,0
R03,SKU-1035,2025-05-13,31,2,0
R03,SKU-1035,2025-05-14,25,0,0
R03,SKU-1035,2025-05-15,26,0,0
R03,SKU-1035,16-May-25,28,0,0
R03,SKU-1035,17-May-25,34,0,0
R03,SKU-1035,2025-05-18,24,0,0
R03,SKU-1035,2025-05-19,31,0,1
R03,SKU-1035,2025-05-20,28,0,0
R03,SKU-1035,05/21/2025,27,2,0
R03,SKU-1035,2025-05-22,20,0,0
R03,SKU-1035,2025-05-23,24,2,0
R03,SKU-1035,2025-05-24,29,0,0
R03,SKU-1035,2025-05-25,24,0,0
R03,SKU-1035,26-May-25,35,2,0
R03,SKU-1035,2025-05-27,20,0,0
R03,SKU-1035,2025-05-28,20,1,0
R03,SKU-1035,05/29/2025,29,0,0
R03,SKU-1035,2025-05-30,23,0,0
R03,SKU-1035,2025-05-31,31,0,0
R03,SKU-1098,2025-05-01,22,0,1
R03,SKU-1098,2025-05-02,19,0,0
R03,SKU-1098,2025-05-03,25,1,1
R03,SKU-1098,2025-05-04,23,0,0
R03,SKU-1098,2025-05-05,33,0,0
R03,SKU-1098,2025-05-06,28,0,0
R03,SKU-1098,07-May-25,23,0,0
R03,SKU-1098,08-May-25,24,0,0
R03,SKU-1098,09-May-25,32,0,0
R03,SKU-1098,10-May-25,29,0,0
R03,SKU-1098,2025-05-11,25,0,0
R03,SKU-1098,2025-05-12,22,0,0
R03,SKU-1098,2025-05-13,22,0,0
R03,SKU-1098,05/14/2025,25,0,0
R03,SKU-1098,15-May-25,27,0,0
R03,SKU-1098,2025-05-16,28,0,0
R03,SKU-1098,17-May-25,31,0,0
R03,SKU-1098,2025-05-18,25,0,1
R03,SKU-1098,19-May-25,32,0,1
R03,SKU-1098,20-May-25,33,2,0
R03,SKU-1098,05/21/2025,28,0,0
R03,SKU-1098,05/22/2025,26,0,0
R03,SKU-1098,23-May-25,31,1,0
R03,SKU-1098,2025-05-24,28,0,0
R03,SKU-1098,2025-05-25,32,0,0
R03,SKU-1098,26-May-25,28,0,0
R03,SKU-1098,2025-05-27,29,1,0
R03,SKU-1098,2025-05-28,28,0,0
R03,SKU-1098,2025-05-29,26,1,0
R03,SKU-1098,2025-05-30,23,1,0
R03,SKU-1098,31-May-25,25,1,0
R03,SKU-1049,01-May-25,10,0,0
R03,SKU-1049,2025-05-02,11,0,0
R03,SKU-1049,2025-05-03,18,0,0
R03,SKU-1049,05/04/2025,12,1,0
R03,SKU-1049,2025-05-05,12,0,0
R03,SKU-1049,2025-05-06,7,0,0
R03,SKU-1049,07-May-25,13,0,0
R03,SKU-1049,08-May-25,10,0,0
R03,SKU-1049,09-May-25,17,2,0
R03,SKU-1049,2025-05-10,8,1,0
R03,SKU-1049,2025-05-11,9,1,0
R03,SKU-1049,05/12/2025,18,1,0
R03,SKU-1049,2025-05-13,13,2,0
R03,SKU-1049,05/14/2025,7,0,0
R03,SKU-1049,05/15/2025,15,0,0
R03,SKU-1049,2025-05-16,13,2,0
R03,SKU-1049,05/17/2025,16,0,0
R03,SKU-1049,2025-05-18,8,1,0
R03,SKU-1049,2025-05-19,8,1,0
R03,SKU-1049,2025-05-20,14,1,0
R03,SKU-1049,05/21/2025,14,0,0
R03,SKU-1049,22-May-25,11,0,0
R03,SKU-1049,2025-05-23,13,0,0
R03,SKU-1049,2025-05-24,15,0,0
R03,SKU-1049,05/25/2025,15,0,0
R03,SKU-1049,05/26/2025,13,0,0
R03,SKU-1049,2025-05-27,8,0,0
R03,SKU-1049,2025-05-28,12,2,0
R03,SKU-1049,05/29/2025,10,0,0
R03,SKU-1049,05/30/2025,14,3,0
R03,SKU-1049,31-May-25,7,0,0
R03,SKU-1161,2025-05-01,32,1,0
R03,SKU-1161,05/02/2025,33,0,0
R03,SKU-1161,2025-05-03,36,0,0
R03,SKU-1161,2025-05-04,32,0,0
R03,SKU-1161,05/05/2025,25,1,0
R03,SKU-1161,2025-05-06,38,0,0
R03,SKU-1161,2025-05-07,23,0,0
R03,SKU-1161,08-May-25,26,0,0
R03,SKU-1161,05/09/2025,29,0,0
R03,SKU-1161,10-May-25,43,1,0
R03,SKU-1161,2025-05-11,35,0,0
R03,SKU-1161,2025-05-12,37,0,0
R03,SKU-1161,2025-05-13,33,0,0
R03,SKU-1161,2025-05-14,38,0,0
R03,SKU-1161,05/15/2025,28,0,0
R03,SKU-1161,16-May-25,38,1,1
R03,SKU-1161,2025-05-17,30,0,0
R03,SKU-1161,2025-05-18,33,0,0
R03,SKU-1161,2025-05-19,39,1,0
R03,SKU-1161,2025-05-20,34,0,0
R03,SKU-1161,21-May-25,23,1,0
R03,SKU-1161,2025-05-22,29,1,0
R03,SKU-1161,2025-05-23,36,0,0
R03,SKU-1161,24-May-25,33,0,0
R03,SKU-1161,2025-05-25,33,0,0
R03,SKU-1161,2025-05-26,33,1,0
R03,SKU-1161,27-May-25,27,0,0
R03,SKU-1161,05/28/2025,41,0,0
R03,SKU-1161,2025-05-29,45,0,0
R03,SKU-1161,05/30/2025,41,0,0
R03,SKU-1161,2025-05-31,41,1,0
R03,SKU-1063,2025-05-01,5,0,0
R03,SKU-1063,2025-05-02,4,0,0
R03,SKU-1063,03-May-25,4,0,0
R03,SKU-1063,05/04/2025,8,1,0
R03,SKU-1063,2025-05-05,7,2,0
R03,SKU-1063,2025-05-06,5,0,0
R03,SKU-1063,2025-05-07,8,0,0
R03,SKU-1063,2025-05-08,7,0,1
R03,SKU-1063,2025-05-09,10,0,1
R03,SKU-1063,2025-05-10,8,0,1
R03,SKU-1063,11-May-25,12,0,0
R03,SKU-1063,2025-05-12,4,0,0
R03,SKU-1063,13-May-25,5,1,0
R03,SKU-1063,2025-05-14,8,0,0
R03,SKU-1063,05/15/2025,7,0,0
R03,SKU-1063,2025-05-16,6,0,0
R03,SKU-1063,2025-05-17,10,1,0
R03,SKU-1063,2025-05-18,9,0,1
R03,SKU-1063,19-May-25,7,1,0
R03,SKU-1063,2025-05-20,4,0,0
R03,SKU-1063,2025-05-21,7,1,0
R03,SKU-1063,05/22/2025,3,0,0
R03,SKU-1063,05/23/2025,5,0,0
R03,SKU-1063,2025-05-24,7,0,0
R03,SKU-1063,2025-05-25,6,0,0
R03,SKU-1063,26-May-25,4,0,0
R03,SKU-1063,05/27/2025,8,2,0
R03,SKU-1063,2025-05-28,2,0,0
R03,SKU-1063,2025-05-29,11,1,1
R03,SKU-1063,30-May-25,10,0,1
R03,SKU-1063,2025-05-31,7,0,0
R03,SKU-1224,2025-05-01,11,2,0
R03,SKU-1224,2025-05-02,13,0,0
R03,SKU-1224,2025-05-03,12,0,0
R03,SKU-1224,04-May-25,19,1,0
R03,SKU-1224,2025-05-05,17,0,0
R03,SKU-1224,06-May-25,13,1,0
R03,SKU-1224,07-May-25,11,0,0
R03,SKU-1224,05/08/2025,12,0,0
R03,SKU-1224,05/09/2025,18,1,1
R03,SKU-1224,2025-05-10,15,1,0
R03,SKU-1224,2025-05-11,19,0,1
R03,SKU-1224,12-May-25,20,0,0
R03,SKU-1224,05/13/2025,13,0,0
R03,SKU-1224,2025-05-14,10,0,0
R03,SKU-1224,2025-05-15,12,0,0
R03,SKU-1224,2025-05-16,16,1,0
R03,SKU-1224,2025-05-17,19,0,0
R03,SKU-1224,2025-05-18,15,0,0
R03,SKU-1224,2025-05-19,19,0,1
R03,SKU-1224,2025-05-20,18,0,1
R03,SKU-1224,2025-05-21,11,0,0
R03,SKU-1224,05/22/2025,21,2,0
R03,SKU-1224,05/23/2025,16,0,0
R03,SKU-1224,05/24/2025,16,0,0
R03,SKU-1224,2025-05-25,14,1,0
R03,SKU-1224,2025-05-26,20,0,0
R03,SKU-1224,2025-05-27,18,0,0
R03,SKU-1224,28-May-25,22,3,0
R03,SKU-1224,2025-05-29,15,0,0
R03,SKU-1224,30-May-25,13,2,0
R03,SKU-1224,31-May-25,14,2,0
R03,SKU-1084,2025-05-01,13,0,0
R03,SKU-1084,2025-05-02,9,0,0
R03,SKU-1084,2025-05-03,12,0,1
R03,SKU-1084,2025-05-04,17,0,0
R03,SKU-1084,2025-05-05,18,0,0
R03,SKU-1084,2025-05-06,15,0,1
R03,SKU-1084,05/07/2025,12,0,0
R03,SKU-1084,2025-05-08,18,1,0
R03,SKU-1084,2025-05-09,16,2,0
R03,SKU-1084,2025-05-10,10,0,0
R03,SKU-1084,05/11/2025,7,0,0
R03,SKU-1084,2025-05-12,8,0,0
R03,SKU-1084,2025-05-13,12,1,0
R03,SKU-1084,2025-05-14,14,1,0
R03,SKU-1084,05/15/2025,10,1,0
R03,SKU-1084,2025-05-16,11,0,0
R03,SKU-1084,2025-05-17,11,2,0
R03,SKU-1084,2025-05-18,16,1,0
R03,SKU-1084,19-May-25,10,1,0
R03,SKU-1084,2025-05-20,9,0,0
R03,SKU-1084,2025-05-21,11,0,0
R03,SKU-1084,05/22/2025,11,1,1
R03,SKU-1084,05/23/2025,10,0,0
R03,SKU-1084,2025-05-24,9,0,0
R03,SKU-1084,25-May-25,14,0,0
R03,SKU-1084,2025-05-26,15,0,0
R03,SKU-1084,2025-05-27,8,0,0
R03,SKU-1084,2025-05-28,14,1,0
R03,SKU-1084,29-May-25,9,3,0
R03,SKU-1084,2025-05-30,9,0,0
R03,SKU-1084,2025-05-31,10,0,1
R03,SKU-1126,2025-05-01,32,0,1
R03,SKU-1126,05/02/2025,29,1,0
R03,SKU-1126,2025-05-03,27,1,0
R03,SKU-1126,04-May-25,22,0,0
R03,SKU-1126,2025-05-05,37,0,1
R03,SKU-1126,2025-05-06,37,0,0
R03,SKU-1126,2025-05-07,27,0,0
R03,SKU-1126,2025-05-08,25,1,0
R03,SKU-1126,2025-05-09,27,0,0
R03,SKU-1126,2025-05-10,24,0,1
R03,SKU-1126,05/11/2025,27,1,0
R03,SKU-1126,2025-05-12,30,0,0
R03,SKU-1126,2025-05-13,27,0,0
R03,SKU-1126,2025-05-14,32,0,0
R03,SKU-1126,2025-05-15,30,0,0
R03,SKU-1126,05/16/2025,38,0,0
R03,SKU-1126,2025-05-17,29,1,0
R03,SKU-1126,05/18/2025,20,0,0
R03,SKU-1126,2025-05-19,32,1,0
R03,SKU-1126,2025-05-20,27,0,0
R03,SKU-1126,2025-05-21,29,1,0
R03,SKU-1126,2025-05-22,22,0,0
R03,SKU-1126,2025-05-23,28,0,0
R03,SKU-1126,05/24/2025,24,0,0
R03,SKU-1126,2025-05-25,25,0,0
R03,SKU-1126,26-May-25,29,0,0
R03,SKU-1126,05/27/2025,25,0,0
R03,SKU-1126,2025-05-28,36,0,0
R03,SKU-1126,2025-05-29,32,0,0
R03,SKU-1126,2025-05-30,22,2,0
R03,SKU-1126,05/31/2025,29,0,0
R03,SKU-1007,05/01/2025,6,0,0
R03,SKU-1007,2025-05-02,6,0,0
R03,SKU-1007,2025-05-03,4,0,1
R03,SKU-1007,2025-05-04,7,1,0
R03,SKU-1007,2025-05-05,8,2,0
R03,SKU-1007,2025-05-06,5,1,0
R03,SKU-1007,05/07/2025,5,0,0
R03,SKU-1007,2025-05-08,5,1,0
R03,SKU-1007,05/09/2025,4,0,0
R03,SKU-1007,10-May-25,3,3,1
R03,SKU-1007,05/11/2025,7,0,0
R03,SKU-1007,2025-05-12,7,1,0
R03,SKU-1007,2025-05-13,5,1,0
R03,SKU-1007,14-May-25,4,0,1
R03,SKU-1007,15-May-25,5,0,0
R03,SKU-1007,05/16/2025,1,0,0
R03,SKU-1007,2025-05-17,1,0,0
R03,SKU-1007,05/18/2025,4,0,0
R03,SKU-1007,19-May-25,6,1,0
R03,SKU-1007,20-May-25,5,0,0
R03,SKU-1007,05/21/2025,3,2,0
R03,SKU-1007,2025-05-22,9,0,1
R03,SKU-1007,2025-05-23,3,0,0
R03,SKU-1007,2025-05-24,6,0,0
R03,SKU-1007,2025-05-25,9,0,0
R03,SKU-1007,26-May-25,2,0,0
R03,SKU-1007,05/27/2025,4,1,0
R03,SKU-1007,2025-05-28,3,0,0
R03,SKU-1007,29-May-25,5,1,0
R03,SKU-1007,05/30/2025,7,0,0
R03,SKU-1007,2025-05-31,4,0,0
R03,SKU-1021,05/01/2025,32,0,0
R03,SKU-1021,02-May-25,27,0,0
R03,SKU-1021,05/03/2025,27,1,0
R03,SKU-1021,05/04/2025,34,0,0
R03,SKU-1021,05/05/2025,34,0,0
R03,SKU-1021,05/06/2025,32,2,0
R03,SKU-1021,2025-05-07,38,2,1
R03,SKU-1021,08-May-25,24,0,0
R03,SKU-1021,2025-05-09,34,0,0
R03,SKU-1021,2025-05-10,36,0,0
R03,SKU-1021,2025-05-11,32,0,0
R03,SKU-1021,2025-05-12,24,0,0
R03,SKU-1021,2025-05-13,27,1,0
R03,SKU-1021,2025-05-14,29,0,0
R03,SKU-1021,2025-05-15,35,1,0
R03,SKU-1021,05/16/2025,33,0,0
R03,SKU-1021,2025-05-17,44,0,0
R03,SKU-1021,2025-05-18,35,0,0
R03,SKU-1021,2025-05-19,36,0,0
R03,SKU-1021,2025-05-20,30,1,0
R03,SKU-1021,2025-05-21,36,0,0
R03,SKU-1021,05/22/2025,36,1,0
R03,SKU-1021,2025-05-23,32,1,0
R03,SKU-1021,05/24/2025,26,0,0
R03,SKU-1021,05/25/2025,31,1,1
R03,SKU-1021,2025-05-26,34,0,0
R03,SKU-1021,05/27/2025,33,0,0
R03,SKU-1021,05/28/2025,26,0,1
R03,SKU-1021,2025-05-29,25,0,0
R03,SKU-1021,30-May-25,30,0,0
R03,SKU-1021,31-May-25,26,0,0
R03,SKU-1119,2025-05-01,32,0,0
R03,SKU-1119,2025-05-02,39,0,0
R03,SKU-1119,2025-05-03,28,0,0
R03,SKU-1119,05/04/2025,38,2,0
R03,SKU-1119,2025-05-05,31,0,0
R03,SKU-1119,2025-05-06,29,0,0
R03,SKU-1119,2025-05-07,39,1,0
R03,SKU-1119,05/08/2025,29,2,0
R03,SKU-1119,2025-05-09,53,0,0
R03,SKU-1119,2025-05-10,31,0,0
R03,SKU-1119,2025-05-11,36,0,0
R03,SKU-1119,05/12/2025,39,1,1
R03,SKU-1119,2025-05-13,30,0,0
R03,SKU-1119,2025-05-14,26,1,0
R03,SKU-1119,2025-05-15,39,1,0
R03,SKU-1119,16-May-25,30,0,0
R03,SKU-1119,2025-05-17,32,0,0
R03,SKU-1119,2025-05-18,25,0,0
R03,SKU-1119,05/19/2025,26,1,1
R03,SKU-1119,2025-05-20,37,0,0
R03,SKU-1119,05/21/2025,29,1,0
R03,SKU-1119,2025-05-22,31,0,1
R03,SKU-1119,23-May-25,34,1,0
R03,SKU-1119,2025-05-24,19,0,0
R03,SKU-1119,05/25/2025,35,1,0
R03,SKU-1119,2025-05-26,35,1,1
R03,SKU-1119,2025-05-27,27,0,0
R03,SKU-1119,2025-05-28,27,1,0
R03,SKU-1119,05/29/2025,28,1,0
R03,SKU-1119,2025-05-30,35,2,0
R03,SKU-1119,05/31/2025,34,2,0
R03,SKU-1070,2025-05-01,20,1,0
R03,SKU-1070,2025-05-02,24,0,0
R03,SKU-1070,03-May-25,20,0,0
R03,SKU-1070,05/04/2025,13,0,0
R03,SKU-1070,2025-05-05,10,0,0
R03,SKU-1070,06-May-25,16,0,0
R03,SKU-1070,2025-05-07,15,2,1
R03,SKU-1070,2025-05-08,13,0,0
R03,SKU-1070,2025-05-09,18,1,1
R03,SKU-1070,2025-05-10,13,0,0
R03,SKU-1070,05/11/2025,19,0,0
R03,SKU-1070,05/12/2025,14,0,0
R03,SKU-1070,05/13/2025,18,0,0
R03,SKU-1070,2025-05-14,12,0,0
R03,SKU-1070,2025-05-15,22,2,0
R03,SKU-1070,16-May-25,16,0,0
R03,SKU-1070,05/17/2025,19,0,0
R03,SKU-1070,18-May-25,18,0,0
R03,SKU-1070,2025-05-19,7,0,0
R03,SKU-1070,05/20/2025,9,0,0
R03,SKU-1070,05/21/2025,19,0,0
R03,SKU-1070,2025-05-22,16,0,0
R03,SKU-1070,2025-05-23,13,0,0
R03,SKU-1070,2025-05-24,19,1,0
R03,SKU-1070,2025-05-25,18,0,0
R03,SKU-1070,05/26/2025,14,2,1
R03,SKU-1070,27-May-25,19,1,0
R03,SKU-1070,2025-05-28,20,0,0
R03,SKU-1070,05/29/2025,17,0,0
R03,SKU-1070,2025-05-30,20,1,0
R03,SKU-1070,2025-05-31,10,0,0
R03,SKU-1252,01-May-25,20,0,1
R03,SKU-1252,2025-05-02,21,1,0
R03,SKU-1252,2025-05-03,24,1,0
R03,SKU-1252,2025-05-04,34,0,0
R03,SKU-1252,05/05/2025,29,1,0
R03,SKU-1252,2025-05-06,19,0,0
R03,SKU-1252,2025-05-07,29,0,0
R03,SKU-1252,08-May-25,22,0,0
R03,SKU-1252,2025-05-09,28,0,0
R03,SKU-1252,2025-05-10,28,0,1
R03,SKU-1252,2025-05-11,19,0,0
R03,SKU-1252,05/12/2025,35,0,0
R03,SKU-1252,2025-05-13,26,0,0
R03,SKU-1252,2025-05-14,20,0,0
R03,SKU-1252,05/15/2025,30,0,0
R03,SKU-1252,2025-05-16,26,1,0
R03,SKU-1252,2025-05-17,33,1,0
R03,SKU-1252,2025-05-18,22,0,0
R03,SKU-1252,2025-05-19,34,0,0
R03,SKU-1252,2025-05-20,30,1,0
R03,SKU-1252,2025-05-21,22,2,0
R03,SKU-1252,2025-05-22,25,0,1
R03,SKU-1252,05/23/2025,24,0,0
R03,SKU-1252,24-May-25,33,0,0
R03,SKU-1252,2025-05-25,28,0,0
R03,SKU-1252,05/26/2025,22,0,0
R03,SKU-1252,05/27/2025,39,0,0
R03,SKU-1252,05/28/2025,24,0,0
R03,SKU-1252,29-May-25,31,2,0
R03,SKU-1252,30-May-25,23,0,0
R03,SKU-1252,2025-05-31,21,0,1
R03,SKU-1112,2025-05-01,37,1,0
R03,SKU-1112,2025-05-02,25,0,0
R03,SKU-1112,05/03/2025,30,0,0
R03,SKU-1112,2025-05-04,25,2,0
R03,SKU-1112,2025-05-05,31,0,0
R03,SKU-1112,2025-05-06,42,0,0
R03,SKU-1112,2025-05-07,25,2,0
R03,SKU-1112,2025-05-08,35,0,0
R03,SKU-1112,2025-05-09,28,0,0
R03,SKU-1112,05/10/2025,43,0,0
R03,SKU-1112,2025-05-11,23,1,0
R03,SKU-1112,2025-05-12,29,1,1
R03,SKU-1112,2025-05-13,27,0,0
R03,SKU-1112,05/14/2025,31,0,0
R03,SKU-1112,15-May-25,33,1,0
R03,SKU-1112,2025-05-16,25,0,0
R03,SKU-1112,2025-05-17,27,0,0
R03,SKU-1112,2025-05-18,31,0,0
R03,SKU-1112,05/19/2025,29,0,0
R03,SKU-1112,2025-05-20,32,0,0
R03,SKU-1112,2025-05-21,29,0,0
R03,SKU-1112,22-May-25,19,2,0
R03,SKU-1112,2025-05-23,32,1,1
R03,SKU-1112,05/24/2025,29,0,0
R03,SKU-1112,25-May-25,31,0,0
R03,SKU-1112,2025-05-26,29,0,0
R03,SKU-1112,2025-05-27,27,0,0
R03,SKU-1112,2025-05-28,32,1,1
R03,SKU-1112,2025-05-29,29,1,0
R03,SKU-1112,2025-05-30,33,0,0
R03,SKU-1112,31-May-25,29,0,0
R03,SKU-1175,05/01/2025,17,0,0
R03,SKU-1175,2025-05-02,20,1,0
R03,SKU-1175,05/03/2025,22,0,0
R03,SKU-1175,2025-05-04,16,1,1
R03,SKU-1175,05-May-25,13,1,0
R03,SKU-1175,05/06/2025,17,0,0
R03,SKU-1175,07-May-25,22,0,1
R03,SKU-1175,2025-05-08,15,0,0
R03,SKU-1175,09-May-25,16,1,0
R03,SKU-1175,2025-05-10,8,0,0
R03,SKU-1175,05/11/2025,22,0,0
R03,SKU-1175,2025-05-12,21,0,0
R03,SKU-1175,2025-05-13,22,0,1
R03,SKU-1175,14-May-25,17,1,0
R03,SKU-1175,2025-05-15,26,0,1
R03,SKU-1175,05/16/2025,28,0,0
R03,SKU-1175,2025-05-17,12,1,0
R03,SKU-1175,18-May-25,19,0,0
R03,SKU-1175,2025-05-19,22,2,0
R03,SKU-1175,2025-05-20,20,1,0
R03,SKU-1175,2025-05-21,23,2,0
R03,SKU-1175,05/22/2025,13,1,0
R03,SKU-1175,2025-05-23,17,1,0
R03,SKU-1175,24-May-25,15,1,0
R03,SKU-1175,2025-05-25,24,0,0
R03,SKU-1175,2025-05-26,22,0,0
R03,SKU-1175,2025-05-27,17,0,1
R03,SKU-1175,2025-05-28,14,0,0
R03,SKU-1175,05/29/2025,23,0,0
R03,SKU-1175,2025-05-30,27,0,0
R03,SKU-1175,05/31/2025,14,0,0
R03,SKU-1259,2025-05-01,31,0,0
R03,SKU-1259,02-May-25,19,0,0
R03,SKU-1259,2025-05-03,35,0,0
R03,SKU-1259,2025-05-04,25,0,0
R03,SKU-1259,05-May-25,27,1,0
R03,SKU-1259,06-May-25,31,1,0
R03,SKU-1259,07-May-25,37,0,0
R03,SKU-1259,05/08/2025,26,0,0
R03,SKU-1259,2025-05-09,26,0,0
R03,SKU-1259,05/10/2025,41,0,0
R03,SKU-1259,2025-05-11,21,0,0
R03,SKU-1259,2025-05-12,29,0,0
R03,SKU-1259,2025-05-13,28,0,0
R03,SKU-1259,2025-05-14,32,0,0
R03,SKU-1259,2025-05-15,26,0,0
R03,SKU-1259,05/16/2025,46,0,1
R03,SKU-1259,2025-05-17,26,1,0
R03,SKU-1259,05/18/2025,26,1,0
R03,SKU-1259,2025-05-19,30,2,0
R03,SKU-1259,20-May-25,23,1,0
R03,SKU-1259,2025-05-21,25,1,1
R03,SKU-1259,2025-05-22,35,0,0
R03,SKU-1259,23-May-25,34,0,0
R03,SKU-1259,05/24/2025,24,0,0
R03,SKU-1259,25-May-25,29,0,0
R03,SKU-1259,2025-05-26,26,0,0
R03,SKU-1259,2025-05-27,27,1,0
R03,SKU-1259,05/28/2025,26,0,0
R03,SKU-1259,29-May-25,30,0,0
R03,SKU-1259,2025-05-30,32,0,0
R03,SKU-1259,2025-05-31,31,1,1
R03,SKU-1182,01-May-25,7,1,0
R03,SKU-1182,2025-05-02,5,0,0
R03,SKU-1182,2025-05-03,5,0,0
R03,SKU-1182,04-May-25,3,1,0
R03,SKU-1182,05-May-25,6,0,0
R03,SKU-1182,06-May-25,4,0,0
R03,SKU-1182,05/07/2025,5,0,0
R03,SKU-1182,2025-05-08,6,1,0
R03,SKU-1182,05/09/2025,6,0,1
R03,SKU-1182,05/10/2025,5,0,0
R03,SKU-1182,05/11/2025,5,0,0
R03,SKU-1182,05/12/2025,6,0,0
R03,SKU-1182,2025-05-13,6,1,0
R03,SKU-1182,2025-05-14,2,0,0
R03,SKU-1182,2025-05-15,4,2,1
R03,SKU-1182,2025-05-16,4,0,0
R03,SKU-1182,2025-05-17,4,1,0
R03,SKU-1182,2025-05-18,4,0,0
R03,SKU-1182,19-May-25,7,0,0
R03,SKU-1182,05/20/2025,7,0,0
R03,SKU-1182,2025-05-21,7,1,0
R03,SKU-1182,2025-05-22,6,1,0
R03,SKU-1182,05/23/2025,6,0,0
R03,SKU-1182,2025-05-24,4,3,0
R03,SKU-1182,25-May-25,9,1,0
R03,SKU-1182,2025-05-26,2,1,0
R03,SKU-1182,05/27/2025,1,1,0
R03,SKU-1182,28-May-25,10,1,0
R03,SKU-1182,2025-05-29,4,0,0
R03,SKU-1182,2025-05-30,2,1,0
R03,SKU-1182,05/31/2025,3,1,0
R03,SKU-1266,01-May-25,31,1,0
R03,SKU-1266,2025-05-02,21,2,0
R03,SKU-1266,05/03/2025,26,0,0
R03,SKU-1266,2025-05-04,34,1,0
R03,SKU-1266,05/05/2025,28,0,0
R03,SKU-1266,2025-05-06,27,0,0
R03,SKU-1266,2025-05-07,28,0,0
R03,SKU-1266,2025-05-08,25,1,0
R03,SKU-1266,09-May-25,31,0,0
R03,SKU-1266,2025-05-10,25,0,0
R03,SKU-1266,11-May-25,25,0,0
R03,SKU-1266,2025-05-12,30,2,0
R03,SKU-1266,2025-05-13,36,0,0
R03,SKU-1266,2025-05-14,30,2,0
R03,SKU-1266,2025-05-15,28,0,0
R03,SKU-1266,16-May-25,22,0,1
R03,SKU-1266,2025-05-17,31,0,0
R03,SKU-1266,2025-05-18,31,1,0
R03,SKU-1266,2025-05-19,29,2,0
R03,SKU-1266,2025-05-20,18,0,0
R03,SKU-1266,2025-05-21,25,1,0
R03,SKU-1266,2025-05-22,33,0,0
R03,SKU-1266,23-May-25,44,0,0
R03,SKU-1266,2025-05-24,31,2,1
R03,SKU-1266,2025-05-25,32,0,0
R03,SKU-1266,26-May-25,27,0,0
R03,SKU-1266,05/27/2025,25,0,0
R03,SKU-1266,05/28/2025,25,3,0
R03,SKU-1266,2025-05-29,36,1,0
R03,SKU-1266,2025-05-30,28,0,0
R03,SKU-1266,2025-05-31,28,0,0
R03,SKU-1077,2025-05-01,20,0,0
R03,SKU-1077,05/02/2025,17,2,0
R03,SKU-1077,03-May-25,19,0,0
R03,SKU-1077,2025-05-04,22,0,0
R03,SKU-1077,2025-05-05,12,2,0
R03,SKU-1077,2025-05-06,11,0,0
R03,SKU-1077,2025-05-07,17,0,0
R03,SKU-1077,2025-05-08,18,1,0
R03,SKU-1077,05/09/2025,15,0,0
R03,SKU-1077,10-May-25,15,1,0
R03,SKU-1077,05/11/2025,17,1,0
R03,SKU-1077,2025-05-12,8,3,0
R03,SKU-1077,2025-05-13,24,0,0
R03,SKU-1077,2025-05-14,17,0,0
R03,SKU-1077,05/15/2025,13,0,0
R03,SKU-1077,2025-05-16,19,0,1
R03,SKU-1077,2025-05-17,16,0,0
R03,SKU-1077,05/18/2025,20,1,0
R03,SKU-1077,05/19/2025,20,0,0
R03,SKU-1077,2025-05-20,17,1,0
R03,SKU-1077,2025-05-21,15,0,0
R03,SKU-1077,22-May-25,13,0,0
R03,SKU-1077,05/23/2025,12,0,1
R03,SKU-1077,2025-05-24,12,0,0
R03,SKU-1077,2025-05-25,14,1,0
R03,SKU-1077,26-May-25,9,0,0
R03,SKU-1077,2025-05-27,17,1,0
R03,SKU-1077,05/28/2025,11,0,0
R03,SKU-1077,2025-05-29,11,0,0
R03,SKU-1077,2025-05-30,18,0,0
R03,SKU-1077,05/31/2025,15,0,1
R03,SKU-1280,2025-05-01,27,0,0
R03,SKU-1280,02-May-25,36,0,0
R03,SKU-1280,05/03/2025,25,0,0
R03,SKU-1280,2025-05-04,29,0,0
R03,SKU-1280,2025-05-05,23,0,0
R03,SKU-1280,06-May-25,25,0,0
R03,SKU-1280,2025-05-07,34,0,0
R03,SKU-1280,05/08/2025,32,0,0
R03,SKU-1280,2025-05-09,29,0,1
R03,SKU-1280,05/10/2025,22,1,0
R03,SKU-1280,2025-05-11,26,0,0
R03,SKU-1280,2025-05-12,28,0,0
R03,SKU-1280,05/13/2025,24,0,0
R03,SKU-1280,2025-05-14,23,0,0
R03,SKU-1280,2025-05-15,34,1,0
R03,SKU-1280,05/16/2025,32,1,0
R03,SKU-1280,05/17/2025,34,0,0
R03,SKU-1280,05/18/2025,33,0,1
R03,SKU-1280,2025-05-19,28,1,0
R03,SKU-1280,20-May-25,30,0,0
R03,SKU-1280,2025-05-21,31,1,0
R03,SKU-1280,05/22/2025,31,0,0
R03,SKU-1280,23-May-25,32,0,0
R03,SKU-1280,2025-05-24,26,0,0
R03,SKU-1280,2025-05-25,24,0,0
R03,SKU-1280,2025-05-26,26,0,0
R03,SKU-1280,27-May-25,21,0,0
R03,SKU-1280,28-May-25,32,2,0
R03,SKU-1280,29-May-25,41,0,0
R03,SKU-1280,2025-05-30,16,0,0
R03,SKU-1280,2025-05-31,26,0,0
R03,SKU-1238,2025-05-01,33,0,0
R03,SKU-1238,05/02/2025,34,0,1
R03,SKU-1238,2025-05-03,29,0,0
R03,SKU-1238,2025-05-04,25,0,1
R03,SKU-1238,2025-05-05,25,0,0
R03,SKU-1238,05/06/2025,21,1,0
R03,SKU-1238,2025-05-07,26,0,0
R03,SKU-1238,2025-05-08,17,0,0
R03,SKU-1238,2025-05-09,22,2,0
R03,SKU-1238,2025-05-10,34,0,1
R03,SKU-1238,2025-05-11,22,1,0
R03,SKU-1238,2025-05-12,25,1,0
R03,SKU-1238,2025-05-13,25,0,0
R03,SKU-1238,14-May-25,33,0,0
R03,SKU-1238,2025-05-15,25,0,0
R03,SKU-1238,2025-05-16,24,0,0
R03,SKU-1238,05/17/2025,28,0,0
R03,SKU-1238,2025-05-18,37,0,0
R03,SKU-1238,19-May-25,26,0,0
R03,SKU-1238,2025-05-20,27,0,0
R03,SKU-1238,05/21/2025,35,1,0
R03,SKU-1238,22-May-25,23,1,0
R03,SKU-1238,2025-05-23,29,0,0
R03,SKU-1238,24-May-25,28,0,0
R03,SKU-1238,2025-05-25,24,0,0
R03,SKU-1238,2025-05-26,33,0,0
R03,SKU-1238,2025-05-27,19,0,0
R03,SKU-1238,05/28/2025,31,0,1
R03,SKU-1238,29-May-25,31,1,0
R03,SKU-1238,2025-05-30,27,0,0
R03,SKU-1238,2025-05-31,28,0,0
R03,SKU-1217,05/01/2025,14,1,0
R03,SKU-1217,2025-05-02,6,1,0
R03,SKU-1217,05/03/2025,9,0,0
R03,SKU-1217,2025-05-04,12,0,0
R03,SKU-1217,2025-05-05,10,0,0
R03,SKU-1217,2025-05-06,14,0,0
R03,SKU-1217,05/07/2025,9,0,0
R03,SKU-1217,08-May-25,11,0,0
R03,SKU-1217,2025-05-09,9,0,0
R03,SKU-1217,05/10/2025,8,0,0
R03,SKU-1217,2025-05-11,11,0,0
R03,SKU-1217,2025-05-12,6,0,0
R03,SKU-1217,2025-05-13,12,0,0
R03,SKU-1217,05/14/2025,6,0,0
R03,SKU-1217,2025-05-15,7,1,0
R03,SKU-1217,2025-05-16,12,0,0
R03,SKU-1217,05/17/2025,5,0,0
R03,SKU-1217,2025-05-18,9,1,1
R03,SKU-1217,2025-05-19,11,0,1
R03,SKU-1217,2025-05-20,10,0,0
R03,SKU-1217,2025-05-21,7,2,0
R03,SKU-1217,05/22/2025,11,0,0
R03,SKU-1217,2025-05-23,10,0,0
R03,SKU-1217,2025-05-24,12,0,0
R03,SKU-1217,2025-05-25,9,0,0
R03,SKU-1217,2025-05-26,16,0,0
R03,SKU-1217,05/27/2025,13,1,0
R03,SKU-1217,2025-05-28,12,0,0
R03,SKU-1217,05/29/2025,12,0,0
R03,SKU-1217,2025-05-30,13,1,0
R03,SKU-1217,2025-05-31,11,1,0
R04,SKU-1056,2025-05-01,3,0,0
R04,SKU-1056,02-May-25,7,2,0
R04,SKU-1056,2025-05-03,5,0,0
R04,SKU-1056,05/04/2025,5,0,0
R04,SKU-1056,2025-05-05,2,1,1
R04,SKU-1056,2025-05-06,4,0,1
R04,SKU-1056,2025-05-07,1,0,1
R04,SKU-1056,08-May-25,5,0,1
R04,SKU-1056,2025-05-09,5,1,0
R04,SKU-1056,2025-05-10,2,0,0
R04,SKU-1056,2025-05-11,4,2,0
R04,SKU-1056,2025-05-12,2,0,0
R04,SKU-1056,2025-05-13,2,0,0
R04,SKU-1056,05/14/2025,8,1,0
R04,SKU-1056,05/15/2025,2,0,0
R04,SKU-1056,2025-05-16,7,0,0
R04,SKU-1056,05/17/2025,4,1,1
R04,SKU-1056,05/18/2025,6,0,0
R04,SKU-1056,05/19/2025,5,0,0
R04,SKU-1056,2025-05-20,3,0,0
R04,SKU-1056,21-May-25,3,0,1
R04,SKU-1056,05/22/2025,4,0,0
R04,SKU-1056,2025-05-23,5,0,0
R04,SKU-1056,2025-05-24,2,1,0
R04,SKU-1056,25-May-25,3,0,0
R04,SKU-1056,05/26/2025,2,1,0
R04,SKU-1056,05/27/2025,1,0,0
R04,SKU-1056,2025-05-28,2,0,0
R04,SKU-1056,05/29/2025,4,3,0
R04,SKU-1056,05/30/2025,1,2,0
R04,SKU-1056,05/31/2025,7,0,0
R04,SKU-1231,2025-05-01,30,0,0
R04,SKU-1231,2025-05-02,24,0,0
R04,SKU-1231,2025-05-03,32,2,0
R04,SKU-1231,05/04/2025,26,1,0
R04,SKU-1231,2025-05-05,29,2,0
R04,SKU-1231,2025-05-06,31,0,1
R04,SKU-1231,07-May-25,29,0,0
R04,SKU-1231,2025-05-08,31,1,0
R04,SKU-1231,2025-05-09,26,0,0
R04,SKU-1231,05/10/2025,30,1,0
R04,SKU-1231,2025-05-11,36,1,0
R04,SKU-1231,12-May-25,27,0,0
R04,SKU-1231,13-May-25,24,0,1
R04,SKU-1231,2025-05-14,26,0,0
R04,SKU-1231,15-May-25,31,0,0
R04,SKU-1231,16-May-25,20,0,0
R04,SKU-1231,2025-05-17,33,1,0
R04,SKU-1231,18-May-25,28,0,0
R04,SKU-1231,05/19/2025,29,0,0
R04,SKU-1231,2025-05-20,26,0,0
R04,SKU-1231,2025-05-21,27,2,1
R04,SKU-1231,2025-05-22,27,2,0
R04,SKU-1231,2025-05-23,25,1,0
R04,SKU-1231,05/24/2025,27,0,0
R04,SKU-1231,2025-05-25,31,0,0
R04,SKU-1231,05/26/2025,21,0,0
R04,SKU-1231,2025-05-27,27,0,0
R04,SKU-1231,2025-05-28,24,0,0
R04,SKU-1231,2025-05-29,23,0,0
R04,SKU-1231,05/30/2025,23,0,0
R04,SKU-1231,31-May-25,30,0,0
R04,SKU-1077,2025-05-01,13,1,0
R04,SKU-1077,2025-05-02,29,1,1
R04,SKU-1077,2025-05-03,31,0,0
R04,SKU-1077,04-May-25,31,0,0
R04,SKU-1077,2025-05-05,34,0,0
R04,SKU-1077,06-May-25,28,0,0
R04,SKU-1077,2025-05-07,29,2,0
R04,SKU-1077,2025-05-08,21,0,0
R04,SKU-1077,2025-05-09,23,1,0
R04,SKU-1077,05/10/2025,28,0,1
R04,SKU-1077,2025-05-11,21,0,0
R04,SKU-1077,2025-05-12,27,0,0
R04,SKU-1077,05/13/2025,28,1,0
R04,SKU-1077,2025-05-14,22,0,0
R04,SKU-1077,05/15/2025,25,1,0
R04,SKU-1077,05/16/2025,29,1,0
R04,SKU-1077,2025-05-17,18,1,0
R04,SKU-1077,05/18/2025,20,0,0
R04,SKU-1077,2025-05-19,29,1,0
R04,SKU-1077,2025-05-20,14,0,0
R04,SKU-1077,2025-05-21,33,0,1
R04,SKU-1077,2025-05-22,22,0,0
R04,SKU-1077,2025-05-23,26,0,0
R04,SKU-1077,2025-05-24,29,1,0
R04,SKU-1077,2025-05-25,23,0,0
R04,SKU-1077,05/26/2025,29,1,0
R04,SKU-1077,27-May-25,32,1,1
R04,SKU-1077,2025-05-28,18,0,0
R04,SKU-1077,29-May-25,21,0,0
R04,SKU-1077,2025-05-30,23,1,0
R04,SKU-1077,05/31/2025,23,0,0
R04,SKU-1021,01-May-25,27,0,0
R04,SKU-1021,2025-05-02,12,0,0
R04,SKU-1021,03-May-25,26,0,0
R04,SKU-1021,2025-05-04,25,0,0
R04,SKU-1021,2025-05-05,22,0,1
R04,SKU-1021,2025-05-06,23,1,0
R04,SKU-1021,05/07/2025,26,2,0
R04,SKU-1021,2025-05-08,19,1,0
R04,SKU-1021,2025-05-09,26,1,0
R04,SKU-1021,05/10/2025,36,0,0
R04,SKU-1021,2025-05-11,34,1,0
R04,SKU-1021,2025-05-12,28,0,0
R04,SKU-1021,13-May-25,19,0,0
R04,SKU-1021,2025-05-14,31,0,0
R04,SKU-1021,05/15/2025,22,0,0
R04,SKU-1021,2025-05-16,31,0,0
R04,SKU-1021,2025-05-17,28,2,0
R04,SKU-1021,2025-05-18,35,0,0
R04,SKU-1021,2025-05-19,31,1,1
R04,SKU-1021,2025-05-20,22,1,0
R04,SKU-1021,2025-05-21,33,1,0
R04,SKU-1021,2025-05-22,33,0,0
R04,SKU-1021,05/23/2025,14,1,0
R04,SKU-1021,2025-05-24,34,0,0
R04,SKU-1021,2025-05-25,27,1,0
R04,SKU-1021,2025-05-26,23,1,0
R04,SKU-1021,27-May-25,24,1,0
R04,SKU-1021,28-May-25,30,0,0
R04,SKU-1021,2025-05-29,31,1,0
R04,SKU-1021,05/30/2025,21,1,0
R04,SKU-1021,2025-05-31,20,0,0
R04,SKU-1028,2025-05-01,9,0,0
R04,SKU-1028,2025-05-02,8,0,0
R04,SKU-1028,2025-05-03,6,0,0
R04,SKU-1028,2025-05-04,4,0,0
R04,SKU-1028,05/05/2025,8,0,0
R04,SKU-1028,2025-05-06,12,0,0
R04,SKU-1028,05/07/2025,6,0,0
R04,SKU-1028,2025-05-08,11,1,1
R04,SKU-1028,09-May-25,7,0,0
R04,SKU-1028,2025-05-10,8,0,0
R04,SKU-1028,05/11/2025,13,0,0
R04,SKU-1028,2025-05-12,13,0,0
R04,SKU-1028,05/13/2025,6,0,0
R04,SKU-1028,2025-05-14,13,0,0
R04,SKU-1028,2025-05-15,7,1,0
R04,SKU-1028,2025-05-16,15,2,0
R04,SKU-1028,2025-05-17,12,0,0
R04,SKU-1028,2025-05-18,8,1,0
R04,SKU-1028,05/19/2025,5,0,0
R04,SKU-1028,20-May-25,8,1,0
R04,SKU-1028,2025-05-21,6,1,0
R04,SKU-1028,05/22/2025,12,0,0
R04,SKU-1028,2025-05-23,7,0,0
R04,SKU-1028,2025-05-24,14,0,0
R04,SKU-1028,2025-05-25,8,0,0
R04,SKU-1028,2025-05-26,4,0,0
R04,SKU-1028,2025-05-27,9,0,0
R04,SKU-1028,2025-05-28,9,0,0
R04,SKU-1028,05/29/2025,8,0,0
R04,SKU-1028,2025-05-30,13,0,0
R04,SKU-1028,2025-05-31,12,3,0
R04,SKU-1035,05/01/2025,13,0,0
R04,SKU-1035,02-May-25,10,0,0
R04,SKU-1035,2025-05-03,15,0,0
R04,SKU-1035,04-May-25,13,1,0
R04,SKU-1035,2025-05-05,11,0,0
R04,SKU-1035,05/06/2025,12,0,0
R04,SKU-1035,2025-05-07,22,1,0
R04,SKU-1035,05/08/2025,9,1,0
R04,SKU-1035,2025-05-09,15,0,0
R04,SKU-1035,10-May-25,15,0,0
R04,SKU-1035,2025-05-11,17,1,0
R04,SKU-1035,2025-05-12,9,0,0
R04,SKU-1035,13-May-25,17,2,0
R04,SKU-1035,14-May-25,13,0,1
R04,SKU-1035,2025-05-15,12,1,0
R04,SKU-1035,2025-05-16,11,1,0
R04,SKU-1035,2025-05-17,15,0,1
R04,SKU-1035,05/18/2025,11,0,0
R04,SKU-1035,2025-05-19,11,0,0
R04,SKU-1035,2025-05-20,17,0,1
R04,SKU-1035,21-May-25,20,0,0
R04,SKU-1035,2025-05-22,14,0,0
R04,SKU-1035,2025-05-23,16,0,0
R04,SKU-1035,2025-05-24,5,0,1
R04,SKU-1035,05/25/2025,9,2,0
R04,SKU-1035,2025-05-26,15,0,0
R04,SKU-1035,05/27/2025,15,0,0
R04,SKU-1035,05/28/2025,7,1,0
R04,SKU-1035,2025-05-29,18,0,0
R04,SKU-1035,05/30/2025,13,0,0
R04,SKU-1035,05/31/2025,12,0,0
R04,SKU-1182,2025-05-01,19,0,0
R04,SKU-1182,2025-05-02,17,1,0
R04,SKU-1182,05/03/2025,19,2,0
R04,SKU-1182,2025-05-04,16,0,1
R04,SKU-1182,2025-05-05,19,2,0
R04,SKU-1182,2025-05-06,24,2,0
R04,SKU-1182,07-May-25,20,0,0
R04,SKU-1182,08-May-25,18,0,0
R04,SKU-1182,09-May-25,26,0,0
R04,SKU-1182,10-May-25,19,0,0
R04,SKU-1182,05/11/2025,22,0,0
R04,SKU-1182,05/12/2025,16,0,1
R04,SKU-1182,2025-05-13,29,0,0
R04,SKU-1182,2025-05-14,15,0,0
R04,SKU-1182,05/15/2025,21,0,0
R04,SKU-1182,2025-05-16,30,0,0
R04,SKU-1182,05/17/2025,22,1,0
R04,SKU-1182,18-May-25,28,2,0
R04,SKU-1182,2025-05-19,25,1,0
R04,SKU-1182,05/20/2025,16,1,0
R04,SKU-1182,21-May-25,28,0,0
R04,SKU-1182,2025-05-22,26,1,0
R04,SKU-1182,05/23/2025,13,0,0
R04,SKU-1182,2025-05-24,20,0,1
R04,SKU-1182,2025-05-25,31,1,0
R04,SKU-1182,2025-05-26,22,0,0
R04,SKU-1182,05/27/2025,16,0,0
R04,SKU-1182,2025-05-28,17,1,0
R04,SKU-1182,05/29/2025,18,0,0
R04,SKU-1182,2025-05-30,14,0,0
R04,SKU-1182,05/31/2025,25,1,0
R04,SKU-1238,2025-05-01,5,1,0
R04,SKU-1238,2025-05-02,5,0,0
R04,SKU-1238,2025-05-03,8,0,0
R04,SKU-1238,2025-05-04,3,1,0
R04,SKU-1238,05/05/2025,7,0,0
R04,SKU-1238,06-May-25,7,0,0
R04,SKU-1238,2025-05-07,8,0,0
R04,SKU-1238,2025-05-08,4,0,1
R04,SKU-1238,2025-05-09,7,1,0
R04,SKU-1238,10-May-25,9,1,1
R04,SKU-1238,2025-05-11,5,0,1
R04,SKU-1238,12-May-25,8,0,0
R04,SKU-1238,2025-05-13,6,0,1
R04,SKU-1238,2025-05-14,6,0,0
R04,SKU-1238,2025-05-15,6,0,0
R04,SKU-1238,2025-05-16,5,0,0
R04,SKU-1238,2025-05-17,6,0,0
R04,SKU-1238,2025-05-18,6,1,1
R04,SKU-1238,05/19/2025,14,0,0
R04,SKU-1238,2025-05-20,4,1,0
R04,SKU-1238,05/21/2025,6,0,0
R04,SKU-1238,2025-05-22,4,0,0
R04,SKU-1238,2025-05-23,7,0,0
R04,SKU-1238,24-May-25,9,0,0
R04,SKU-1238,2025-05-25,5,1,0
R04,SKU-1238,26-May-25,3,1,0
R04,SKU-1238,05/27/2025,8,1,0
R04,SKU-1238,05/28/2025,8,0,0
R04,SKU-1238,29-May-25,6,1,0
R04,SKU-1238,2025-05-30,6,0,0
R04,SKU-1238,2025-05-31,6,0,0
R04,SKU-1280,2025-05-01,25,1,0
R04,SKU-1280,02-May-25,30,0,0
R04,SKU-1280,2025-05-03,26,0,0
R04,SKU-1280,04-May-25,26,0,0
R04,SKU-1280,2025-05-05,23,1,1
R04,SKU-1280,2025-05-06,31,0,0
R04,SKU-1280,2025-05-07,29,0,0
R04,SKU-1280,2025-05-08,24,0,0
R04,SKU-1280,2025-05-09,20,0,0
R04,SKU-1280,2025-05-10,38,0,0
R04,SKU-1280,2025-05-11,28,0,1
R04,SKU-1280,2025-05-12,28,0,0
R04,SKU-1280,2025-05-13,11,0,0
R04,SKU-1280,2025-05-14,30,1,0
R04,SKU-1280,05/15/2025,18,2,0
R04,SKU-1280,2025-05-16,24,2,1
R04,SKU-1280,2025-05-17,29,0,0
R04,SKU-1280,05/18/2025,27,0,0
R04,SKU-1280,2025-05-19,27,0,0
R04,SKU-1280,2025-05-20,27,1,0
R04,SKU-1280,2025-05-21,23,0,0
R04,SKU-1280,2025-05-22,17,1,0
R04,SKU-1280,05/23/2025,25,1,0
R04,SKU-1280,2025-05-24,24,0,0
R04,SKU-1280,25-May-25,31,1,0
R04,SKU-1280,2025-05-26,24,0,0
R04,SKU-1280,2025-05-27,23,0,0
R04,SKU-1280,05/28/2025,19,0,1
R04,SKU-1280,05/29/2025,29,0,0
R04,SKU-1280,2025-05-30,37,0,0
R04,SKU-1280,2025-05-31,35,1,0
R04,SKU-1273,2025-05-01,5,1,0
R04,SKU-1273,2025-05-02,5,0,0
R04,SKU-1273,2025-05-03,7,2,0
R04,SKU-1273,05/04/2025,8,0,0
R04,SKU-1273,05/05/2025,6,0,1
R04,SKU-1273,2025-05-06,2,0,0
R04,SKU-1273,05/07/2025,3,0,0
R04,SKU-1273,08-May-25,10,0,0
R04,SKU-1273,2025-05-09,7,1,0
R04,SKU-1273,10-May-25,4,0,0
R04,SKU-1273,05/11/2025,2,3,0
R04,SKU-1273,2025-05-12,9,1,0
R04,SKU-1273,2025-05-13,8,1,0
R04,SKU-1273,2025-05-14,4,1,0
R04,SKU-1273,2025-05-15,4,0,0
R04,SKU-1273,05/16/2025,11,0,0
R04,SKU-1273,17-May-25,9,0,0
R04,SKU-1273,2025-05-18,5,0,0
R04,SKU-1273,05/19/2025,7,0,0
R04,SKU-1273,2025-05-20,4,0,0
R04,SKU-1273,2025-05-21,4,0,0
R04,SKU-1273,2025-05-22,7,1,0
R04,SKU-1273,23-May-25,7,0,0
R04,SKU-1273,2025-05-24,9,0,1
R04,SKU-1273,2025-05-25,9,0,0
R04,SKU-1273,2025-05-26,4,0,0
R04,SKU-1273,2025-05-27,6,0,0
R04,SKU-1273,2025-05-28,5,1,0
R04,SKU-1273,2025-05-29,9,0,0
R04,SKU-1273,2025-05-30,9,1,0
R04,SKU-1273,31-May-25,4,2,0
R04,SKU-1091,01-May-25,4,1,1
R04,SKU-1091,2025-05-02,7,0,0
R04,SKU-1091,2025-05-03,13,1,0
R04,SKU-1091,05/04/2025,9,0,0
R04,SKU-1091,05/05/2025,8,1,0
R04,SKU-1091,2025-05-06,9,0,0
R04,SKU-1091,2025-05-07,13,0,0
R04,SKU-1091,2025-05-08,3,0,0
R04,SKU-1091,2025-05-09,8,1,1
R04,SKU-1091,2025-05-10,8,2,0
R04,SKU-1091,2025-05-11,7,0,0
R04,SKU-1091,05/12/2025,7,0,0
R04,SKU-1091,2025-05-13,12,1,1
R04,SKU-1091,2025-05-14,9,0,0
R04,SKU-1091,05/15/2025,4,0,0
R04,SKU-1091,2025-05-16,9,0,0
R04,SKU-1091,2025-05-17,8,0,0
R04,SKU-1091,2025-05-18,9,0,0
R04,SKU-1091,2025-05-19,7,1,1
R04,SKU-1091,2025-05-20,11,0,0
R04,SKU-1091,05/21/2025,8,0,0
R04,SKU-1091,2025-05-22,12,0,0
R04,SKU-1091,2025-05-23,12,0,0
R04,SKU-1091,2025-05-24,11,0,0
R04,SKU-1091,2025-05-25,6,0,0
R04,SKU-1091,2025-05-26,10,0,0
R04,SKU-1091,05/27/2025,6,1,0
R04,SKU-1091,05/28/2025,10,0,0
R04,SKU-1091,2025-05-29,9,0,0
R04,SKU-1091,2025-05-30,6,1,0
R04,SKU-1091,05/31/2025,11,1,0
R04,SKU-1210,05/01/2025,35,0,0
R04,SKU-1210,05/02/2025,33,0,0
R04,SKU-1210,2025-05-03,32,0,0
R04,SKU-1210,05/04/2025,31,0,0
R04,SKU-1210,2025-05-05,30,0,0
R04,SKU-1210,2025-05-06,38,2,0
R04,SKU-1210,2025-05-07,31,0,0
R04,SKU-1210,08-May-25,41,0,0
R04,SKU-1210,05/09/2025,42,0,0
R04,SKU-1210,05/10/2025,32,1,0
R04,SKU-1210,05/11/2025,32,0,0
R04,SKU-1210,2025-05-12,32,1,1
R04,SKU-1210,05/13/2025,29,0,0
R04,SKU-1210,2025-05-14,21,0,0
R04,SKU-1210,15-May-25,25,0,0
R04,SKU-1210,16-May-25,27,0,0
R04,SKU-1210,2025-05-17,39,1,0
R04,SKU-1210,05/18/2025,36,0,0
R04,SKU-1210,2025-05-19,40,0,0
R04,SKU-1210,2025-05-20,37,0,0
R04,SKU-1210,2025-05-21,27,1,1
R04,SKU-1210,05/22/2025,34,0,0
R04,SKU-1210,05/23/2025,48,0,0
R04,SKU-1210,05/24/2025,35,0,0
R04,SKU-1210,05/25/2025,43,0,0
R04,SKU-1210,2025-05-26,28,0,0
R04,SKU-1210,05/27/2025,40,0,0
R04,SKU-1210,2025-05-28,29,0,1
R04,SKU-1210,2025-05-29,28,1,0
R04,SKU-1210,2025-05-30,40,2,0
R04,SKU-1210,2025-05-31,27,0,1
R04,SKU-1266,2025-05-01,11,1,0
R04,SKU-1266,05/02/2025,6,2,0
R04,SKU-1266,2025-05-03,8,1,0
R04,SKU-1266,2025-05-04,9,0,0
R04,SKU-1266,05/05/2025,9,0,1
R04,SKU-1266,05/06/2025,5,0,0
R04,SKU-1266,05/07/2025,11,0,0
R04,SKU-1266,2025-05-08,4,0,0
R04,SKU-1266,2025-05-09,5,0,0
R04,SKU-1266,2025-05-10,3,0,1
R04,SKU-1266,05/11/2025,5,1,0
R04,SKU-1266,2025-05-12,9,0,0
R04,SKU-1266,2025-05-13,4,0,0
R04,SKU-1266,2025-05-14,11,1,0
R04,SKU-1266,2025-05-15,5,2,0
R04,SKU-1266,2025-05-16,7,0,0
R04,SKU-1266,05/17/2025,4,1,0
R04,SKU-1266,2025-05-18,6,1,0
R04,SKU-1266,2025-05-19,6,0,0
R04,SKU-1266,2025-05-20,7,0,0
R04,SKU-1266,2025-05-21,7,0,1
R04,SKU-1266,22-May-25,6,0,0
R04,SKU-1266,2025-05-23,4,1,1
R04,SKU-1266,2025-05-24,6,2,0
R04,SKU-1266,05/25/2025,6,0,0
R04,SKU-1266,2025-05-26,4,1,0
R04,SKU-1266,2025-05-27,5,0,0
R04,SKU-1266,2025-05-28,7,0,0
R04,SKU-1266,29-May-25,1,1,0
R04,SKU-1266,05/30/2025,4,0,0
R04,SKU-1266,2025-05-31,6,2,1
R04,SKU-1259,2025-05-01,6,0,0
R04,SKU-1259,2025-05-02,3,0,0
R04,SKU-1259,2025-05-03,4,1,0
R04,SKU-1259,04-May-25,3,1,1
R04,SKU-1259,05/05/2025,10,0,0
R04,SKU-1259,05/06/2025,8,1,0
R04,SKU-1259,2025-05-07,5,0,0
R04,SKU-1259,05/08/2025,9,1,0
R04,SKU-1259,2025-05-09,5,0,0
R04,SKU-1259,2025-05-10,3,0,0
R04,SKU-1259,05/11/2025,7,1,0
R04,SKU-1259,2025-05-12,7,0,0
R04,SKU-1259,13-May-25,9,0,0
R04,SKU-1259,05/14/2025,5,0,0
R04,SKU-1259,2025-05-15,4,0,1
R04,SKU-1259,2025-05-16,7,0,1
R04,SKU-1259,2025-05-17,5,0,1
R04,SKU-1259,18-May-25,8,1,0
R04,SKU-1259,2025-05-19,8,0,0
R04,SKU-1259,2025-05-20,5,2,0
R04,SKU-1259,2025-05-21,5,0,0
R04,SKU-1259,05/22/2025,5,0,0
R04,SKU-1259,23-May-25,7,0,0
R04,SKU-1259,05/24/2025,4,0,0
R04,SKU-1259,2025-05-25,3,0,0
R04,SKU-1259,05/26/2025,8,0,0
R04,SKU-1259,2025-05-27,10,0,0
R04,SKU-1259,05/28/2025,6,1,0
R04,SKU-1259,2025-05-29,9,1,0
R04,SKU-1259,05/30/2025,5,0,0
R04,SKU-1259,2025-05-31,5,0,0
R04,SKU-1133,2025-05-01,1,1,0
R04,SKU-1133,05/02/2025,8,0,0
R04,SKU-1133,03-May-25,5,1,0
R04,SKU-1133,2025-05-04,11,0,0
R04,SKU-1133,05/05/2025,7,0,0
R04,SKU-1133,2025-05-06,4,0,0
R04,SKU-1133,2025-05-07,3,0,0
R04,SKU-1133,2025-05-08,8,0,0
R04,SKU-1133,2025-05-09,4,2,0
R04,SKU-1133,2025-05-10,5,0,0
R04,SKU-1133,05/11/2025,9,0,0
R04,SKU-1133,05/12/2025,6,0,0
R04,SKU-1133,2025-05-13,3,0,0
R04,SKU-1133,2025-05-14,7,1,0
R04,SKU-1133,2025-05-15,10,0,1
R04,SKU-1133,05/16/2025,7,0,1
R04,SKU-1133,05/17/2025,3,1,0
R04,SKU-1133,05/18/2025,3,0,0
R04,SKU-1133,19-May-25,3,0,0
R04,SKU-1133,20-May-25,7,0,1
R04,SKU-1133,05/21/2025,6,0,0
R04,SKU-1133,2025-05-22,4,1,0
R04,SKU-1133,05/23/2025,5,1,0
R04,SKU-1133,2025-05-24,2,1,0
R04,SKU-1133,2025-05-25,2,0,0
R04,SKU-1133,2025-05-26,7,0,1
R04,SKU-1133,05/27/2025,7,0,0
R04,SKU-1133,28-May-25,11,1,0
R04,SKU-1133,05/29/2025,7,0,0
R04,SKU-1133,2025-05-30,9,0,0
R04,SKU-1133,2025-05-31,7,0,0
R04,SKU-1126,2025-05-01,11,0,0
R04,SKU-1126,2025-05-02,15,1,0
R04,SKU-1126,03-May-25,8,1,0
R04,SKU-1126,05/04/2025,8,0,0
R04,SKU-1126,2025-05-05,18,2,0
R04,SKU-1126,2025-05-06,15,0,0
R04,SKU-1126,07-May-25,16,0,1
R04,SKU-1126,05/08/2025,16,1,0
R04,SKU-1126,2025-05-09,12,0,0
R04,SKU-1126,2025-05-10,19,0,0
R04,SKU-1126,2025-05-11,21,0,0
R04,SKU-1126,2025-05-12,16,1,0
R04,SKU-1126,05/13/2025,12,0,1
R04,SKU-1126,14-May-25,10,0,0
R04,SKU-1126,2025-05-15,10,0,0
R04,SKU-1126,05/16/2025,13,0,0
R04,SKU-1126,2025-05-17,22,0,1
R04,SKU-1126,2025-05-18,12,0,0
R04,SKU-1126,2025-05-19,8,0,0
R04,SKU-1126,2025-05-20,3,0,0
R04,SKU-1126,05/21/2025,13,0,0
R04,SKU-1126,22-May-25,10,1,0
R04,SKU-1126,05/23/2025,8,2,0
R04,SKU-1126,2025-05-24,12,1,0
R04,SKU-1126,25-May-25,12,1,0
R04,SKU-1126,2025-05-26,14,2,0
R04,SKU-1126,2025-05-27,14,0,0
R04,SKU-1126,2025-05-28,14,1,0
R04,SKU-1126,2025-05-29,9,0,0
R04,SKU-1126,2025-05-30,8,0,0
R04,SKU-1126,2025-05-31,12,0,0
R04,SKU-1175,2025-05-01,12,0,0
R04,SKU-1175,05/02/2025,10,0,0
R04,SKU-1175,2025-05-03,19,1,0
R04,SKU-1175,04-May-25,14,0,0
R04,SKU-1175,2025-05-05,8,0,0
R04,SKU-1175,2025-05-06,14,0,0
R04,SKU-1175,05/07/2025,10,0,0
R04,SKU-1175,2025-05-08,10,0,0
R04,SKU-1175,05/09/2025,12,0,0
R04,SKU-1175,2025-05-10,11,1,0
R04,SKU-1175,2025-05-11,17,0,0
R04,SKU-1175,2025-05-12,12,1,0
R04,SKU-1175,05/13/2025,16,1,0
R04,SKU-1175,05/14/2025,13,0,1
R04,SKU-1175,2025-05-15,16,0,0
R04,SKU-1175,2025-05-16,13,0,0
R04,SKU-1175,05/17/2025,9,1,0
R04,SKU-1175,05/18/2025,20,0,0
R04,SKU-1175,05/19/2025,16,0,0
R04,SKU-1175,2025-05-20,15,0,0
R04,SKU-1175,2025-05-21,14,0,0
R04,SKU-1175,22-May-25,13,0,0
R04,SKU-1175,23-May-25,13,0,0
R04,SKU-1175,05/24/2025,11,1,0
R04,SKU-1175,2025-05-25,10,0,0
R04,SKU-1175,26-May-25,20,2,0
R04,SKU-1175,2025-05-27,17,0,0
R04,SKU-1175,05/28/2025,15,0,0
R04,SKU-1175,2025-05-29,12,1,0
R04,SKU-1175,2025-05-30,11,1,0
R04,SKU-1175,31-May-25,17,0,0
R04,SKU-1098,2025-05-01,21,0,0
R04,SKU-1098,2025-05-02,23,1,1
R04,SKU-1098,03-May-25,29,0,0
R04,SKU-1098,04-May-25,23,0,0
R04,SKU-1098,2025-05-05,34,2,0
R04,SKU-1098,2025-05-06,20,1,0
R04,SKU-1098,05/07/2025,15,1,0
R04,SKU-1098,08-May-25,18,0,0
R04,SKU-1098,05/09/2025,19,0,0
R04,SKU-1098,2025-05-10,17,0,0
R04,SKU-1098,11-May-25,17,0,0
R04,SKU-1098,05/12/2025,21,0,0
R04,SKU-1098,05/13/2025,17,1,0
R04,SKU-1098,2025-05-14,23,0,0
R04,SKU-1098,2025-05-15,22,1,0
R04,SKU-1098,2025-05-16,22,0,0
R04,SKU-1098,17-May-25,24,2,0
R04,SKU-1098,2025-05-18,15,0,1
R04,SKU-1098,19-May-25,18,3,0
R04,SKU-1098,2025-05-20,12,1,0
R04,SKU-1098,2025-05-21,20,0,0
R04,SKU-1098,2025-05-22,17,2,0
R04,SKU-1098,2025-05-23,21,0,0
R04,SKU-1098,24-May-25,23,0,0
R04,SKU-1098,05/25/2025,22,0,1
R04,SKU-1098,05/26/2025,13,0,0
R04,SKU-1098,2025-05-27,28,1,0
R04,SKU-1098,28-May-25,33,1,0
R04,SKU-1098,2025-05-29,19,1,0
R04,SKU-1098,30-May-25,20,1,0
R04,SKU-1098,05/31/2025,21,0,1
R04,SKU-1196,2025-05-01,18,0,0
R04,SKU-1196,2025-05-02,16,1,0
R04,SKU-1196,05/03/2025,15,0,0
R04,SKU-1196,2025-05-04,12,0,0
R04,SKU-1196,2025-05-05,14,0,0
R04,SKU-1196,06-May-25,11,0,0
R04,SKU-1196,2025-05-07,18,1,1
R04,SKU-1196,05/08/2025,11,0,0
R04,SKU-1196,2025-05-09,14,0,0
R04,SKU-1196,2025-05-10,9,0,0
R04,SKU-1196,2025-05-11,18,0,0
R04,SKU-1196,2025-05-12,14,1,0
R04,SKU-1196,13-May-25,15,0,0
R04,SKU-1196,2025-05-14,10,0,0
R04,SKU-1196,2025-05-15,16,0,0
R04,SKU-1196,2025-05-16,17,0,0
R04,SKU-1196,2025-05-17,14,0,1
R04,SKU-1196,2025-05-18,10,0,0
R04,SKU-1196,2025-05-19,14,1,0
R04,SKU-1196,2025-05-20,13,1,1
R04,SKU-1196,21-May-25,6,0,0
R04,SKU-1196,05/22/2025,15,1,0
R04,SKU-1196,2025-05-23,15,2,0
R04,SKU-1196,2025-05-24,14,0,0
R04,SKU-1196,2025-05-25,14,0,0
R04,SKU-1196,2025-05-26,18,0,0
R04,SKU-1196,05/27/2025,15,0,0
R04,SKU-1196,28-May-25,15,1,1
R04,SKU-1196,2025-05-29,5,1,1
R04,SKU-1196,2025-05-30,10,0,0
R04,SKU-1196,2025-05-31,9,0,0
R04,SKU-1189,05/01/2025,19,2,0
R04,SKU-1189,05/02/2025,29,0,1
R04,SKU-1189,2025-05-03,35,0,0
R04,SKU-1189,2025-05-04,20,0,0
R04,SKU-1189,05-May-25,24,0,0
R04,SKU-1189,2025-05-06,24,0,0
R04,SKU-1189,2025-05-07,19,0,0
R04,SKU-1189,05/08/2025,34,0,0
R04,SKU-1189,09-May-25,28,0,0
R04,SKU-1189,05/10/2025,28,1,0
R04,SKU-1189,05/11/2025,32,0,0
R04,SKU-1189,05/12/2025,24,0,0
R04,SKU-1189,13-May-25,34,1,0
R04,SKU-1189,14-May-25,27,0,0
R04,SKU-1189,15-May-25,32,0,0
R04,SKU-1189,2025-05-16,28,0,0
R04,SKU-1189,05/17/2025,23,0,1
R04,SKU-1189,2025-05-18,23,0,0
R04,SKU-1189,19-May-25,20,0,1
R04,SKU-1189,20-May-25,25,0,0
R04,SKU-1189,2025-05-21,24,0,1
R04,SKU-1189,2025-05-22,34,0,0
R04,SKU-1189,05/23/2025,32,0,0
R04,SKU-1189,05/24/2025,29,1,0
R04,SKU-1189,25-May-25,34,0,0
R04,SKU-1189,05/26/2025,25,0,0
R04,SKU-1189,27-May-25,23,1,0
R04,SKU-1189,28-May-25,24,0,0
R04,SKU-1189,05/29/2025,34,0,0
R04,SKU-1189,2025-05-30,23,0,0
R04,SKU-1189,2025-05-31,31,0,0
R04,SKU-1168,05/01/2025,26,0,0
R04,SKU-1168,2025-05-02,21,0,0
R04,SKU-1168,2025-05-03,29,0,0
R04,SKU-1168,05/04/2025,18,1,0
R04,SKU-1168,05/05/2025,22,0,0
R04,SKU-1168,05/06/2025,28,1,0
R04,SKU-1168,2025-05-07,22,1,0
R04,SKU-1168,05/08/2025,15,3,0
R04,SKU-1168,09-May-25,14,1,0
R04,SKU-1168,2025-05-10,24,0,0
R04,SKU-1168,2025-05-11,24,1,0
R04,SKU-1168,2025-05-12,23,0,0
R04,SKU-1168,13-May-25,17,0,0
R04,SKU-1168,2025-05-14,23,0,0
R04,SKU-1168,2025-05-15,25,0,0
R04,SKU-1168,16-May-25,14,0,0
R04,SKU-1168,2025-05-17,26,0,0
R04,SKU-1168,2025-05-18,16,1,0
R04,SKU-1168,05/19/2025,22,0,0
R04,SKU-1168,05/20/2025,20,0,0
R04,SKU-1168,2025-05-21,24,1,0
R04,SKU-1168,2025-05-22,20,0,0
R04,SKU-1168,2025-05-23,24,0,0
R04,SKU-1168,2025-05-24,14,1,0
R04,SKU-1168,05/25/2025,23,0,0
R04,SKU-1168,05/26/2025,23,1,0
R04,SKU-1168,2025-05-27,24,0,0
R04,SKU-1168,2025-05-28,9,0,0
R04,SKU-1168,05/29/2025,22,0,0
R04,SKU-1168,2025-05-30,15,2,0
R04,SKU-1168,2025-05-31,35,0,0
R04,SKU-1105,01-May-25,10,0,0
R04,SKU-1105,2025-05-02,8,0,0
R04,SKU-1105,03-May-25,9,0,0
R04,SKU-1105,2025-05-04,5,1,0
R04,SKU-1105,05-May-25,9,1,0
R04,SKU-1105,06-May-25,13,0,1
R04,SKU-1105,07-May-25,9,0,0
R04,SKU-1105,2025-05-08,10,2,0
R04,SKU-1105,09-May-25,11,0,0
R04,SKU-1105,10-May-25,11,1,0
R04,SKU-1105,2025-05-11,12,0,0
R04,SKU-1105,05/12/2025,6,0,0
R04,SKU-1105,05/13/2025,7,0,0
R04,SKU-1105,14-May-25,10,0,0
R04,SKU-1105,2025-05-15,4,0,0
R04,SKU-1105,2025-05-16,6,1,0
R04,SKU-1105,05/17/2025,8,2,0
R04,SKU-1105,2025-05-18,8,0,0
R04,SKU-1105,05/19/2025,10,1,1
R04,SKU-1105,05/20/2025,9,1,1
R04,SKU-1105,2025-05-21,6,0,0
R04,SKU-1105,2025-05-22,5,0,0
R04,SKU-1105,05/23/2025,7,1,0
R04,SKU-1105,2025-05-24,5,1,0
R04,SKU-1105,05/25/2025,9,0,0
R04,SKU-1105,2025-05-26,12,1,0
R04,SKU-1105,2025-05-27,11,0,0
R04,SKU-1105,05/28/2025,12,1,0
R04,SKU-1105,05/29/2025,12,0,0
R04,SKU-1105,2025-05-30,8,0,0
R04,SKU-1105,05/31/2025,11,0,0
R04,SKU-1161,05/01/2025,19,0,0
R04,SKU-1161,2025-05-02,17,1,0
R04,SKU-1161,03-May-25,21,0,0
R04,SKU-1161,2025-05-04,20,0,0
R04,SKU-1161,05/05/2025,22,1,0
R04,SKU-1161,2025-05-06,14,0,0
R04,SKU-1161,2025-05-07,9,1,0
R04,SKU-1161,08-May-25,15,1,1
R04,SKU-1161,2025-05-09,26,1,1
R04,SKU-1161,10-May-25,17,1,0
R04,SKU-1161,05/11/2025,15,1,1
R04,SKU-1161,12-May-25,14,0,0
R04,SKU-1161,2025-05-13,20,0,0
R04,SKU-1161,2025-05-14,17,0,0
R04,SKU-1161,2025-05-15,7,0,0
R04,SKU-1161,05/16/2025,15,0,1
R04,SKU-1161,17-May-25,15,1,0
R04,SKU-1161,05/18/2025,17,1,0
R04,SKU-1161,2025-05-19,9,2,0
R04,SKU-1161,05/20/2025,15,0,0
R04,SKU-1161,21-May-25,16,1,0
R04,SKU-1161,2025-05-22,14,0,0
R04,SKU-1161,2025-05-23,13,1,1
R04,SKU-1161,2025-05-24,17,1,1
R04,SKU-1161,25-May-25,20,0,0
R04,SKU-1161,05/26/2025,20,1,1
R04,SKU-1161,2025-05-27,16,0,0
R04,SKU-1161,2025-05-28,16,0,0
R04,SKU-1161,2025-05-29,13,0,0
R04,SKU-1161,2025-05-30,15,0,0
R04,SKU-1161,31-May-25,14,0,0
R04,SKU-1112,2025-05-01,3,0,0
R04,SKU-1112,2025-05-02,9,0,0
R04,SKU-1112,05/03/2025,3,1,0
R04,SKU-1112,04-May-25,5,1,0
R04,SKU-1112,2025-05-05,7,0,1
R04,SKU-1112,2025-05-06,3,0,0
R04,SKU-1112,05/07/2025,11,0,0
R04,SKU-1112,08-May-25,10,0,0
R04,SKU-1112,05/09/2025,10,0,0
R04,SKU-1112,05/10/2025,5,0,0
R04,SKU-1112,2025-05-11,4,1,0
R04,SKU-1112,05/12/2025,3,1,0
R04,SKU-1112,05/13/2025,4,1,1
R04,SKU-1112,14-May-25,7,0,1
R04,SKU-1112,15-May-25,7,0,0
R04,SKU-1112,2025-05-16,6,0,0
R04,SKU-1112,2025-05-17,7,0,0
R04,SKU-1112,18-May-25,5,0,0
R04,SKU-1112,19-May-25,7,0,0
R04,SKU-1112,05/20/2025,11,1,0
R04,SKU-1112,2025-05-21,6,0,0
R04,SKU-1112,2025-05-22,9,0,0
R04,SKU-1112,2025-05-23,13,0,0
R04,SKU-1112,24-May-25,3,0,0
R04,SKU-1112,2025-05-25,9,0,0
R04,SKU-1112,2025-05-26,8,0,0
R04,SKU-1112,2025-05-27,5,1,0
R04,SKU-1112,2025-05-28,8,1,0
R04,SKU-1112,2025-05-29,8,0,0
R04,SKU-1112,2025-05-30,8,0,0
R04,SKU-1112,2025-05-31,8,0,0
R05,SKU-1112,01-May-25,21,0,0
R05,SKU-1112,02-May-25,17,0,0
R05,SKU-1112,2025-05-03,11,0,0
R05,SKU-1112,2025-05-04,22,0,0
R05,SKU-1112,2025-05-05,15,0,0
R05,SKU-1112,2025-05-06,38,1,0
R05,SKU-1112,05/07/2025,20,2,1
R05,SKU-1112,05/08/2025,13,0,0
R05,SKU-1112,05/09/2025,14,0,1
R05,SKU-1112,2025-05-10,16,0,0
R05,SKU-1112,11-May-25,21,1,0
R05,SKU-1112,05/12/2025,16,0,0
R05,SKU-1112,05/13/2025,14,0,1
R05,SKU-1112,2025-05-14,22,0,0
R05,SKU-1112,05/15/2025,18,1,0
R05,SKU-1112,16-May-25,23,0,1
R05,SKU-1112,2025-05-17,15,0,1
R05,SKU-1112,18-May-25,19,0,0
R05,SKU-1112,05/19/2025,27,1,0
R05,SKU-1112,20-May-25,18,1,0
R05,SKU-1112,2025-05-21,33,0,1
R05,SKU-1112,22-May-25,19,0,0
R05,SKU-1112,2025-05-23,16,2,0
R05,SKU-1112,2025-05-24,20,1,0
R05,SKU-1112,2025-05-25,21,1,0
R05,SKU-1112,05/26/2025,20,1,0
R05,SKU-1112,05/27/2025,19,0,0
R05,SKU-1112,28-May-25,21,0,0
R05,SKU-1112,2025-05-29,21,1,0
R05,SKU-1112,2025-05-30,22,0,0
R05,SKU-1112,2025-05-31,22,1,0
R05,SKU-1133,2025-05-01,27,1,0
R05,SKU-1133,2025-05-02,23,1,0
R05,SKU-1133,05/03/2025,18,1,0
R05,SKU-1133,04-May-25,19,0,0
R05,SKU-1133,05-May-25,38,0,0
R05,SKU-1133,06-May-25,22,0,0
R05,SKU-1133,2025-05-07,15,1,1
R05,SKU-1133,2025-05-08,20,0,1
R05,SKU-1133,2025-05-09,25,1,0
R05,SKU-1133,05/10/2025,29,0,1
R05,SKU-1133,2025-05-11,23,0,0
R05,SKU-1133,12-May-25,24,0,0
R05,SKU-1133,13-May-25,31,0,0
R05,SKU-1133,05/14/2025,26,1,0
R05,SKU-1133,05/15/2025,21,0,0
R05,SKU-1133,2025-05-16,23,1,0
R05,SKU-1133,2025-05-17,15,1,0
R05,SKU-1133,2025-05-18,30,0,1
R05,SKU-1133,2025-05-19,21,0,1
R05,SKU-1133,05/20/2025,23,0,0
R05,SKU-1133,2025-05-21,29,0,0
R05,SKU-1133,05/22/2025,26,0,0
R05,SKU-1133,2025-05-23,16,0,0
R05,SKU-1133,2025-05-24,23,0,0
R05,SKU-1133,05/25/2025,29,0,1
R05,SKU-1133,2025-05-26,18,0,0
R05,SKU-1133,2025-05-27,21,1,0
R05,SKU-1133,28-May-25,30,0,0
R05,SKU-1133,05/29/2025,25,0,0
R05,SKU-1133,05/30/2025,17,0,0
R05,SKU-1133,2025-05-31,21,1,0
R05,SKU-1028,2025-05-01,2,0,0
R05,SKU-1028,2025-05-02,3,0,0
R05,SKU-1028,05/03/2025,4,0,0
R05,SKU-1028,2025-05-04,3,0,0
R05,SKU-1028,2025-05-05,5,0,0
R05,SKU-1028,05/06/2025,4,0,0
R05,SKU-1028,05/07/2025,4,1,1
R05,SKU-1028,05/08/2025,7,1,0
R05,SKU-1028,2025-05-09,7,0,0
R05,SKU-1028,2025-05-10,7,0,0
R05,SKU-1028,11-May-25,7,0,1
R05,SKU-1028,12-May-25,5,2,0
R05,SKU-1028,05/13/2025,7,0,1
R05,SKU-1028,2025-05-14,11,0,0
R05,SKU-1028,2025-05-15,6,0,0
R05,SKU-1028,2025-05-16,5,1,0
R05,SKU-1028,2025-05-17,4,1,0
R05,SKU-1028,2025-05-18,9,0,0
R05,SKU-1028,2025-05-19,3,0,0
R05,SKU-1028,2025-05-20,4,0,0
R05,SKU-1028,21-May-25,5,0,0
R05,SKU-1028,2025-05-22,5,0,0
R05,SKU-1028,2025-05-23,8,0,0
R05,SKU-1028,2025-05-24,4,0,0
R05,SKU-1028,05/25/2025,6,0,0
R05,SKU-1028,26-May-25,7,0,0
R05,SKU-1028,2025-05-27,6,0,0
R05,SKU-1028,28-May-25,5,1,1
R05,SKU-1028,2025-05-29,10,0,0
R05,SKU-1028,05/30/2025,5,0,0
R05,SKU-1028,05/31/2025,7,0,0
R05,SKU-1126,05/01/2025,20,0,0
R05,SKU-1126,2025-05-02,14,0,0
R05,SKU-1126,2025-05-03,19,0,0
R05,SKU-1126,2025-05-04,16,0,0
R05,SKU-1126,2025-05-05,18,0,0
R05,SKU-1126,2025-05-06,18,0,0
R05,SKU-1126,2025-05-07,21,0,0
R05,SKU-1126,2025-05-08,21,0,1
R05,SKU-1126,2025-05-09,9,0,0
R05,SKU-1126,2025-05-10,18,0,0
R05,SKU-1126,2025-05-11,22,0,0
R05,SKU-1126,05/12/2025,9,0,0
R05,SKU-1126,2025-05-13,13,0,1
R05,SKU-1126,2025-05-14,8,3,0
R05,SKU-1126,2025-05-15,13,0,0
R05,SKU-1126,2025-05-16,17,0,0
R05,SKU-1126,05/17/2025,10,2,0
R05,SKU-1126,18-May-25,19,2,0
R05,SKU-1126,2025-05-19,12,1,1
R05,SKU-1126,2025-05-20,18,2,0
R05,SKU-1126,2025-05-21,23,1,0
R05,SKU-1126,05/22/2025,8,1,1
R05,SKU-1126,2025-05-23,13,0,1
R05,SKU-1126,2025-05-24,18,0,1
R05,SKU-1126,2025-05-25,16,0,1
R05,SKU-1126,26-May-25,21,1,0
R05,SKU-1126,2025-05-27,18,1,0
R05,SKU-1126,2025-05-28,18,0,0
R05,SKU-1126,2025-05-29,18,0,0
R05,SKU-1126,05/30/2025,13,0,0
R05,SKU-1126,2025-05-31,12,0,0
R05,SKU-1077,2025-05-01,25,1,0
R05,SKU-1077,2025-05-02,27,1,0
R05,SKU-1077,03-May-25,17,1,0
R05,SKU-1077,2025-05-04,17,0,0
R05,SKU-1077,05/05/2025,27,2,0
R05,SKU-1077,06-May-25,26,0,0
R05,SKU-1077,2025-05-07,29,0,0
R05,SKU-1077,2025-05-08,22,0,0
R05,SKU-1077,2025-05-09,22,0,0
R05,SKU-1077,2025-05-10,19,1,0
R05,SKU-1077,2025-05-11,26,0,0
R05,SKU-1077,2025-05-12,23,0,0
R05,SKU-1077,2025-05-13,25,0,0
R05,SKU-1077,05/14/2025,19,0,0
R05,SKU-1077,15-May-25,18,0,0
R05,SKU-1077,05/16/2025,25,0,0
R05,SKU-1077,2025-05-17,17,0,0
R05,SKU-1077,2025-05-18,31,0,0
R05,SKU-1077,2025-05-19,25,0,0
R05,SKU-1077,20-May-25,22,0,0
R05,SKU-1077,05/21/2025,19,1,0
R05,SKU-1077,22-May-25,24,0,0
R05,SKU-1077,2025-05-23,27,1,1
R05,SKU-1077,2025-05-24,20,0,1
R05,SKU-1077,2025-05-25,30,0,0
R05,SKU-1077,2025-05-26,36,0,0
R05,SKU-1077,05/27/2025,25,0,0
R05,SKU-1077,05/28/2025,17,1,1
R05,SKU-1077,05/29/2025,30,0,0
R05,SKU-1077,05/30/2025,19,0,0
R05,SKU-1077,2025-05-31,22,0,0
R05,SKU-1196,01-May-25,27,1,0
R05,SKU-1196,05/02/2025,29,1,1
R05,SKU-1196,05/03/2025,22,0,0
R05,SKU-1196,2025-05-04,31,1,0
R05,SKU-1196,2025-05-05,36,0,0
R05,SKU-1196,2025-05-06,33,0,0
R05,SKU-1196,2025-05-07,35,0,0
R05,SKU-1196,2025-05-08,42,2,0
R05,SKU-1196,09-May-25,29,0,0
R05,SKU-1196,10-May-25,33,1,0
R05,SKU-1196,11-May-25,24,1,0
R05,SKU-1196,2025-05-12,39,0,0
R05,SKU-1196,2025-05-13,38,0,0
R05,SKU-1196,05/14/2025,32,0,0
R05,SKU-1196,05/15/2025,33,2,1
R05,SKU-1196,2025-05-16,40,2,1
R05,SKU-1196,2025-05-17,37,0,0
R05,SKU-1196,05/18/2025,29,0,0
R05,SKU-1196,2025-05-19,31,0,0
R05,SKU-1196,2025-05-20,27,1,0
R05,SKU-1196,21-May-25,39,0,1
R05,SKU-1196,2025-05-22,36,0,0
R05,SKU-1196,05/23/2025,24,1,0
R05,SKU-1196,24-May-25,28,0,0
R05,SKU-1196,2025-05-25,32,0,0
R05,SKU-1196,2025-05-26,19,0,0
R05,SKU-1196,2025-05-27,37,0,0
R05,SKU-1196,28-May-25,31,1,0
R05,SKU-1196,29-May-25,41,0,0
R05,SKU-1196,2025-05-30,25,0,0
R05,SKU-1196,2025-05-31,36,0,0
R05,SKU-1056,01-May-25,32,0,0
R05,SKU-1056,2025-05-02,38,0,0
R05,SKU-1056,05/03/2025,27,0,0
R05,SKU-1056,2025-05-04,24,0,0
R05,SKU-1056,05/05/2025,28,0,0
R05,SKU-1056,06-May-25,27,2,0
R05,SKU-1056,2025-05-07,22,0,0
R05,SKU-1056,2025-05-08,30,0,1
R05,SKU-1056,2025-05-09,28,1,0
R05,SKU-1056,05/10/2025,42,3,0
R05,SKU-1056,05/11/2025,26,0,0
R05,SKU-1056,12-May-25,30,0,1
R05,SKU-1056,2025-05-13,34,1,0
R05,SKU-1056,2025-05-14,17,0,0
R05,SKU-1056,2025-05-15,24,0,0
R05,SKU-1056,05/16/2025,33,0,1
R05,SKU-1056,2025-05-17,32,0,1
R05,SKU-1056,18-May-25,21,0,0
R05,SKU-1056,05/19/2025,32,1,0
R05,SKU-1056,05/20/2025,33,0,0
R05,SKU-1056,21-May-25,33,1,0
R05,SKU-1056,2025-05-22,25,1,0
R05,SKU-1056,05/23/2025,27,0,0
R05,SKU-1056,2025-05-24,23,1,0
R05,SKU-1056,2025-05-25,30,0,0
R05,SKU-1056,2025-05-26,25,0,0
R05,SKU-1056,27-May-25,36,1,1
R05,SKU-1056,28-May-25,33,0,1
R05,SKU-1056,2025-05-29,32,0,0
R05,SKU-1056,30-May-25,23,0,0
R05,SKU-1056,2025-05-31,38,1,0
R05,SKU-1280,2025-05-01,15,0,0
R05,SKU-1280,2025-05-02,13,0,0
R05,SKU-1280,2025-05-03,9,0,0
R05,SKU-1280,04-May-25,16,2,0
R05,SKU-1280,2025-05-05,17,1,0
R05,SKU-1280,2025-05-06,9,0,0
R05,SKU-1280,05/07/2025,13,1,0
R05,SKU-1280,2025-05-08,8,0,0
R05,SKU-1280,2025-05-09,13,0,0
R05,SKU-1280,10-May-25,16,0,0
R05,SKU-1280,2025-05-11,11,0,0
R05,SKU-1280,2025-05-12,14,0,1
R05,SKU-1280,13-May-25,11,0,0
R05,SKU-1280,2025-05-14,9,0,0
R05,SKU-1280,2025-05-15,12,0,0
R05,SKU-1280,05/16/2025,13,0,0
R05,SKU-1280,2025-05-17,8,0,0
R05,SKU-1280,2025-05-18,13,0,0
R05,SKU-1280,2025-05-19,9,0,0
R05,SKU-1280,2025-05-20,23,0,0
R05,SKU-1280,05/21/2025,10,0,0
R05,SKU-1280,2025-05-22,15,1,0
R05,SKU-1280,2025-05-23,7,0,0
R05,SKU-1280,2025-05-24,16,0,0
R05,SKU-1280,25-May-25,12,0,1
R05,SKU-1280,26-May-25,15,1,0
R05,SKU-1280,2025-05-27,14,2,0
R05,SKU-1280,2025-05-28,8,1,0
R05,SKU-1280,29-May-25,12,0,0
R05,SKU-1280,05/30/2025,15,0,0
R05,SKU-1280,2025-05-31,14,1,0
R05,SKU-1147,05/01/2025,8,1,0
R05,SKU-1147,2025-05-02,6,0,0
R05,SKU-1147,03-May-25,5,0,0
R05,SKU-1147,2025-05-04,10,0,0
R05,SKU-1147,05/05/2025,2,1,1
R05,SKU-1147,2025-05-06,4,0,0
R05,SKU-1147,2025-05-07,5,0,0
R05,SKU-1147,2025-05-08,10,1,0
R05,SKU-1147,2025-05-09,8,0,0
R05,SKU-1147,05/10/2025,2,0,0
R05,SKU-1147,05/11/2025,8,1,0
R05,SKU-1147,05/12/2025,8,0,0
R05,SKU-1147,2025-05-13,6,0,0
R05,SKU-1147,2025-05-14,8,1,0
R05,SKU-1147,2025-05-15,4,1,0
R05,SKU-1147,2025-05-16,9,0,0
R05,SKU-1147,2025-05-17,3,1,0
R05,SKU-1147,2025-05-18,7,1,0
R05,SKU-1147,2025-05-19,7,0,0
R05,SKU-1147,05/20/2025,5,0,0
R05,SKU-1147,21-May-25,6,0,0
R05,SKU-1147,2025-05-22,7,0,0
R05,SKU-1147,2025-05-23,6,0,0
R05,SKU-1147,2025-05-24,4,1,0
R05,SKU-1147,2025-05-25,3,1,0
R05,SKU-1147,05/26/2025,8,0,0
R05,SKU-1147,2025-05-27,10,0,1
R05,SKU-1147,2025-05-28,7,1,0
R05,SKU-1147,05/29/2025,12,1,0
R05,SKU-1147,2025-05-30,7,1,0
R05,SKU-1147,31-May-25,3,0,0
R05,SKU-1273,2025-05-01,24,1,0
R05,SKU-1273,2025-05-02,24,1,0
R05,SKU-1273,2025-05-03,19,0,0
R05,SKU-1273,2025-05-04,23,0,1
R05,SKU-1273,05/05/2025,22,1,0
R05,SKU-1273,2025-05-06,20,2,0
R05,SKU-1273,2025-05-07,20,0,0
R05,SKU-1273,2025-05-08,24,0,0
R05,SKU-1273,05/09/2025,23,0,0
R05,SKU-1273,05/10/2025,29,0,0
R05,SKU-1273,2025-05-11,9,0,0
R05,SKU-1273,2025-05-12,17,0,0
R05,SKU-1273,05/13/2025,15,1,0
R05,SKU-1273,14-May-25,20,1,0
R05,SKU-1273,05/15/2025,22,1,0
R05,SKU-1273,2025-05-16,16,0,0
R05,SKU-1273,05/17/2025,19,0,0
R05,SKU-1273,18-May-25,19,0,1
R05,SKU-1273,2025-05-19,25,1,0
R05,SKU-1273,2025-05-20,19,0,0
R05,SKU-1273,2025-05-21,16,0,0
R05,SKU-1273,2025-05-22,25,0,0
R05,SKU-1273,2025-05-23,29,0,0
R05,SKU-1273,2025-05-24,19,0,1
R05,SKU-1273,05/25/2025,11,1,0
R05,SKU-1273,2025-05-26,20,0,0
R05,SKU-1273,2025-05-27,27,0,0
R05,SKU-1273,28-May-25,17,0,0
R05,SKU-1273,2025-05-29,21,0,0
R05,SKU-1273,2025-05-30,23,0,0
R05,SKU-1273,2025-05-31,16,0,1
R05,SKU-1105,2025-05-01,13,1,0
R05,SKU-1105,2025-05-02,11,1,0
R05,SKU-1105,03-May-25,9,0,0
R05,SKU-1105,2025-05-04,16,0,0
R05,SKU-1105,2025-05-05,16,0,0
R05,SKU-1105,2025-05-06,10,0,0
R05,SKU-1105,07-May-25,8,0,0
R05,SKU-1105,2025-05-08,16,0,0
R05,SKU-1105,2025-05-09,15,0,0
R05,SKU-1105,2025-05-10,21,0,0
R05,SKU-1105,2025-05-11,16,0,0
R05,SKU-1105,2025-05-12,12,0,0
R05,SKU-1105,2025-05-13,9,0,0
R05,SKU-1105,05/14/2025,16,0,0
R05,SKU-1105,2025-05-15,15,0,0
R05,SKU-1105,2025-05-16,13,1,1
R05,SKU-1105,2025-05-17,17,0,0
R05,SKU-1105,2025-05-18,14,1,0
R05,SKU-1105,19-May-25,11,2,0
R05,SKU-1105,2025-05-20,22,1,0
R05,SKU-1105,05/21/2025,8,0,0
R05,SKU-1105,2025-05-22,15,1,0
R05,SKU-1105,23-May-25,8,1,0
R05,SKU-1105,2025-05-24,17,0,0
R05,SKU-1105,05/25/2025,10,0,0
R05,SKU-1105,2025-05-26,14,0,1
R05,SKU-1105,2025-05-27,18,0,0
R05,SKU-1105,2025-05-28,16,0,0
R05,SKU-1105,2025-05-29,11,0,0
R05,SKU-1105,2025-05-30,8,1,0
R05,SKU-1105,05/31/2025,21,0,0
R05,SKU-1007,2025-05-01,21,0,0
R05,SKU-1007,2025-05-02,27,1,0
R05,SKU-1007,2025-05-03,19,1,0
R05,SKU-1007,2025-05-04,14,0,1
R05,SKU-1007,2025-05-05,20,0,0
R05,SKU-1007,2025-05-06,18,2,0
R05,SKU-1007,05/07/2025,18,0,0
R05,SKU-1007,2025-05-08,16,1,0
R05,SKU-1007,05/09/2025,21,1,0
R05,SKU-1007,2025-05-10,12,2,0
R05,SKU-1007,11-May-25,22,0,0
R05,SKU-1007,05/12/2025,34,0,0
R05,SKU-1007,13-May-25,27,1,0
R05,SKU-1007,2025-05-14,25,0,0
R05,SKU-1007,05/15/2025,21,1,0
R05,SKU-1007,2025-05-16,25,0,0
R05,SKU-1007,2025-05-17,21,0,0
R05,SKU-1007,2025-05-18,28,0,0
R05,SKU-1007,2025-05-19,13,3,0
R05,SKU-1007,2025-05-20,21,0,1
R05,SKU-1007,05/21/2025,18,1,0
R05,SKU-1007,2025-05-22,21,2,0
R05,SKU-1007,2025-05-23,25,2,1
R05,SKU-1007,05/24/2025,18,1,0
R05,SKU-1007,25-May-25,15,1,0
R05,SKU-1007,2025-05-26,19,0,0
R05,SKU-1007,2025-05-27,21,0,0
R05,SKU-1007,2025-05-28,22,0,0
R05,SKU-1007,2025-05-29,16,0,0
R05,SKU-1007,05/30/2025,22,0,0
R05,SKU-1007,05/31/2025,24,0,0
R05,SKU-1098,2025-05-01,27,0,0
R05,SKU-1098,05/02/2025,36,1,0
R05,SKU-1098,2025-05-03,23,0,0
R05,SKU-1098,2025-05-04,27,0,0
R05,SKU-1098,05-May-25,33,0,1
R05,SKU-1098,2025-05-06,28,0,0
R05,SKU-1098,05/07/2025,30,0,0
R05,SKU-1098,2025-05-08,37,0,0
R05,SKU-1098,2025-05-09,35,0,0
R05,SKU-1098,2025-05-10,31,0,1
R05,SKU-1098,05/11/2025,39,0,0
R05,SKU-1098,2025-05-12,32,0,0
R05,SKU-1098,2025-05-13,35,0,0
R05,SKU-1098,2025-05-14,32,0,0
R05,SKU-1098,15-May-25,31,0,0
R05,SKU-1098,2025-05-16,36,0,0
R05,SKU-1098,2025-05-17,25,0,1
R05,SKU-1098,2025-05-18,31,0,0
R05,SKU-1098,19-May-25,25,1,0
R05,SKU-1098,2025-05-20,32,0,1
R05,SKU-1098,05/21/2025,33,1,0
R05,SKU-1098,2025-05-22,25,0,0
R05,SKU-1098,2025-05-23,33,1,0
R05,SKU-1098,2025-05-24,41,0,1
R05,SKU-1098,05/25/2025,37,0,0
R05,SKU-1098,05/26/2025,39,0,0
R05,SKU-1098,2025-05-27,24,0,0
R05,SKU-1098,28-May-25,27,0,0
R05,SKU-1098,2025-05-29,27,0,0
R05,SKU-1098,05/30/2025,30,0,0
R05,SKU-1098,2025-05-31,33,2,0
R05,SKU-1035,2025-05-01,3,1,1
R05,SKU-1035,2025-05-02,6,0,0
R05,SKU-1035,05/03/2025,5,1,1
R05,SKU-1035,2025-05-04,7,1,0
R05,SKU-1035,2025-05-05,2,0,0
R05,SKU-1035,2025-05-06,5,0,0
R05,SKU-1035,07-May-25,6,0,0
R05,SKU-1035,2025-05-08,10,1,0
R05,SKU-1035,09-May-25,4,0,0
R05,SKU-1035,2025-05-10,10,0,1
R05,SKU-1035,11-May-25,7,0,1
R05,SKU-1035,2025-05-12,4,0,1
R05,SKU-1035,2025-05-13,4,0,0
R05,SKU-1035,14-May-25,9,1,0
R05,SKU-1035,2025-05-15,10,0,0
R05,SKU-1035,05/16/2025,8,0,0
R05,SKU-1035,2025-05-17,3,1,0
R05,SKU-1035,2025-05-18,3,1,0
R05,SKU-1035,2025-05-19,4,0,1
R05,SKU-1035,2025-05-20,9,0,1
R05,SKU-1035,2025-05-21,5,1,0
R05,SKU-1035,05/22/2025,4,0,0
R05,SKU-1035,05/23/2025,11,2,0
R05,SKU-1035,2025-05-24,7,0,0
R05,SKU-1035,2025-05-25,4,0,0
R05,SKU-1035,05/26/2025,5,0,0
R05,SKU-1035,2025-05-27,10,0,1
R05,SKU-1035,2025-05-28,4,0,0
R05,SKU-1035,2025-05-29,6,0,0
R05,SKU-1035,30-May-25,7,0,0
R05,SKU-1035,05/31/2025,2,1,0
R05,SKU-1014,2025-05-01,17,0,0
R05,SKU-1014,2025-05-02,12,0,0
R05,SKU-1014,2025-05-03,18,0,0
R05,SKU-1014,2025-05-04,18,0,0
R05,SKU-1014,2025-05-05,3,0,0
R05,SKU-1014,2025-05-06,15,1,0
R05,SKU-1014,07-May-25,10,1,0
R05,SKU-1014,2025-05-08,17,0,0
R05,SKU-1014,05/09/2025,17,0,1
R05,SKU-1014,2025-05-10,12,0,0
R05,SKU-1014,05/11/2025,16,1,1
R05,SKU-1014,2025-05-12,18,0,0
R05,SKU-1014,05/13/2025,18,0,0
R05,SKU-1014,14-May-25,17,0,1
R05,SKU-1014,2025-05-15,11,0,0
R05,SKU-1014,16-May-25,13,0,0
R05,SKU-1014,05/17/2025,15,0,1
R05,SKU-1014,05/18/2025,14,0,0
R05,SKU-1014,19-May-25,15,0,0
R05,SKU-1014,2025-05-20,14,1,0
R05,SKU-1014,21-May-25,17,1,0
R05,SKU-1014,2025-05-22,27,1,0
R05,SKU-1014,23-May-25,15,1,0
R05,SKU-1014,2025-05-24,17,0,0
R05,SKU-1014,2025-05-25,13,0,0
R05,SKU-1014,05/26/2025,12,0,0
R05,SKU-1014,27-May-25,10,0,1
R05,SKU-1014,05/28/2025,10,0,0
R05,SKU-1014,05/29/2025,11,0,0
R05,SKU-1014,2025-05-30,13,0,0
R05,SKU-1014,31-May-25,17,1,0
R05,SKU-1091,01-May-25,9,1,0
R05,SKU-1091,2025-05-02,7,2,0
R05,SKU-1091,2025-05-03,8,1,0
R05,SKU-1091,04-May-25,5,0,0
R05,SKU-1091,05/05/2025,4,1,0
R05,SKU-1091,2025-05-06,9,0,0
R05,SKU-1091,07-May-25,8,0,0
R05,SKU-1091,2025-05-08,6,0,1
R05,SKU-1091,2025-05-09,6,0,0
R05,SKU-1091,05/10/2025,8,0,0
R05,SKU-1091,11-May-25,6,0,0
R05,SKU-1091,2025-05-12,8,1,0
R05,SKU-1091,2025-05-13,12,1,0
R05,SKU-1091,05/14/2025,7,0,0
R05,SKU-1091,2025-05-15,4,0,0
R05,SKU-1091,2025-05-16,10,0,0
R05,SKU-1091,05/17/2025,8,0,0
R05,SKU-1091,18-May-25,6,0,0
R05,SKU-1091,2025-05-19,5,0,0
R05,SKU-1091,05/20/2025,5,1,0
R05,SKU-1091,2025-05-21,11,2,0
R05,SKU-1091,2025-05-22,7,1,0
R05,SKU-1091,2025-05-23,2,1,0
R05,SKU-1091,2025-05-24,7,0,0
R05,SKU-1091,2025-05-25,8,0,0
R05,SKU-1091,05/26/2025,8,1,0
R05,SKU-1091,2025-05-27,7,3,0
R05,SKU-1091,2025-05-28,7,1,0
R05,SKU-1091,2025-05-29,4,0,0
R05,SKU-1091,2025-05-30,9,0,0
R05,SKU-1091,05/31/2025,4,0,0
R05,SKU-1182,2025-05-01,20,1,0
R05,SKU-1182,2025-05-02,14,2,0
R05,SKU-1182,2025-05-03,16,0,0
R05,SKU-1182,2025-05-04,15,2,0
R05,SKU-1182,05/05/2025,9,0,0
R05,SKU-1182,2025-05-06,18,1,1
R05,SKU-1182,2025-05-07,15,1,0
R05,SKU-1182,08-May-25,19,0,0
R05,SKU-1182,2025-05-09,17,1,1
R05,SKU-1182,2025-05-10,16,0,0
R05,SKU-1182,2025-05-11,15,0,0
R05,SKU-1182,2025-05-12,14,0,1
R05,SKU-1182,2025-05-13,21,0,0
R05,SKU-1182,2025-05-14,15,1,0
R05,SKU-1182,05/15/2025,19,0,0
R05,SKU-1182,2025-05-16,15,0,1
R05,SKU-1182,17-May-25,19,1,0
R05,SKU-1182,2025-05-18,25,0,0
R05,SKU-1182,05/19/2025,18,0,0
R05,SKU-1182,05/20/2025,12,1,0
R05,SKU-1182,21-May-25,10,2,0
R05,SKU-1182,2025-05-22,11,1,0
R05,SKU-1182,2025-05-23,16,0,0
R05,SKU-1182,05/24/2025,23,0,0
R05,SKU-1182,2025-05-25,13,1,0
R05,SKU-1182,2025-05-26,19,0,0
R05,SKU-1182,2025-05-27,11,0,0
R05,SKU-1182,2025-05-28,15,0,0
R05,SKU-1182,05/29/2025,12,0,0
R05,SKU-1182,2025-05-30,16,0,0
R05,SKU-1182,2025-05-31,17,0,0
R05,SKU-1042,05/01/2025,21,0,0
R05,SKU-1042,05/02/2025,22,1,0
R05,SKU-1042,05/03/2025,24,0,0
R05,SKU-1042,04-May-25,20,0,0
R05,SKU-1042,2025-05-05,23,0,0
R05,SKU-1042,2025-05-06,18,0,1
R05,SKU-1042,05/07/2025,17,1,0
R05,SKU-1042,2025-05-08,25,1,1
R05,SKU-1042,09-May-25,20,0,0
R05,SKU-1042,2025-05-10,24,0,0
R05,SKU-1042,05/11/2025,19,0,0
R05,SKU-1042,2025-05-12,20,1,0
R05,SKU-1042,2025-05-13,21,0,1
R05,SKU-1042,05/14/2025,17,0,0
R05,SKU-1042,2025-05-15,23,0,0
R05,SKU-1042,16-May-25,16,3,0
R05,SKU-1042,05/17/2025,19,0,0
R05,SKU-1042,2025-05-18,16,0,1
R05,SKU-1042,2025-05-19,14,0,0
R05,SKU-1042,20-May-25,13,0,0
R05,SKU-1042,2025-05-21,25,1,0
R05,SKU-1042,2025-05-22,20,0,0
R05,SKU-1042,05/23/2025,20,1,0
R05,SKU-1042,05/24/2025,13,0,0
R05,SKU-1042,2025-05-25,20,0,0
R05,SKU-1042,05/26/2025,18,0,0
R05,SKU-1042,27-May-25,20,0,0
R05,SKU-1042,2025-05-28,21,0,0
R05,SKU-1042,2025-05-29,21,0,0
R05,SKU-1042,2025-05-30,23,0,0
R05,SKU-1042,2025-05-31,21,1,0
R05,SKU-1140,05/01/2025,16,1,0
R05,SKU-1140,2025-05-02,15,0,0
R05,SKU-1140,2025-05-03,13,0,0
R05,SKU-1140,04-May-25,13,1,0
R05,SKU-1140,05-May-25,13,2,0
R05,SKU-1140,05/06/2025,18,1,1
R05,SKU-1140,2025-05-07,11,0,0
R05,SKU-1140,2025-05-08,12,1,0
R05,SKU-1140,2025-05-09,8,0,0
R05,SKU-1140,2025-05-10,13,0,0
R05,SKU-1140,2025-05-11,20,1,0
R05,SKU-1140,2025-05-12,13,1,0
R05,SKU-1140,2025-05-13,15,0,0
R05,SKU-1140,14-May-25,12,0,0
R05,SKU-1140,2025-05-15,14,0,0
R05,SKU-1140,16-May-25,14,1,0
R05,SKU-1140,2025-05-17,15,2,0
R05,SKU-1140,05/18/2025,14,0,1
R05,SKU-1140,2025-05-19,20,0,1
R05,SKU-1140,05/20/2025,29,0,0
R05,SKU-1140,2025-05-21,15,0,0
R05,SKU-1140,05/22/2025,11,0,0
R05,SKU-1140,2025-05-23,20,0,0
R05,SKU-1140,2025-05-24,16,0,0
R05,SKU-1140,2025-05-25,14,0,0
R05,SKU-1140,26-May-25,10,1,0
R05,SKU-1140,05/27/2025,15,0,0
R05,SKU-1140,05/28/2025,12,0,1
R05,SKU-1140,05/29/2025,18,0,0
R05,SKU-1140,2025-05-30,13,1,1
R05,SKU-1140,31-May-25,13,1,1
R05,SKU-1189,2025-05-01,13,0,0
R05,SKU-1189,05/02/2025,12,0,1
R05,SKU-1189,03-May-25,13,0,0
R05,SKU-1189,04-May-25,20,0,1
R05,SKU-1189,2025-05-05,20,0,1
R05,SKU-1189,2025-05-06,19,0,0
R05,SKU-1189,05/07/2025,14,0,0
R05,SKU-1189,08-May-25,20,2,0
R05,SKU-1189,05/09/2025,20,0,0
R05,SKU-1189,05/10/2025,20,0,0
R05,SKU-1189,05/11/2025,15,0,0
R05,SKU-1189,2025-05-12,13,0,0
R05,SKU-1189,05/13/2025,16,0,0
R05,SKU-1189,05/14/2025,18,0,0
R05,SKU-1189,05/15/2025,18,1,0
R05,SKU-1189,2025-05-16,17,0,0
R05,SKU-1189,2025-05-17,13,0,0
R05,SKU-1189,2025-05-18,14,0,0
R05,SKU-1189,2025-05-19,16,0,0
R05,SKU-1189,05/20/2025,11,2,0
R05,SKU-1189,2025-05-21,18,1,0
R05,SKU-1189,2025-05-22,16,0,1
R05,SKU-1189,2025-05-23,17,0,0
R05,SKU-1189,05/24/2025,18,0,0
R05,SKU-1189,2025-05-25,24,1,0
R05,SKU-1189,2025-05-26,16,0,0
R05,SKU-1189,27-May-25,23,1,0
R05,SKU-1189,2025-05-28,13,1,0
R05,SKU-1189,05/29/2025,12,0,0
R05,SKU-1189,05/30/2025,15,0,0
R05,SKU-1189,2025-05-31,15,1,0
R05,SKU-1084,2025-05-01,12,1,0
R05,SKU-1084,2025-05-02,14,0,0
R05,SKU-1084,2025-05-03,8,1,0
R05,SKU-1084,04-May-25,9,0,0
R05,SKU-1084,2025-05-05,19,2,0
R05,SKU-1084,2025-05-06,14,1,0
R05,SKU-1084,2025-05-07,11,0,0
R05,SKU-1084,2025-05-08,12,0,0
R05,SKU-1084,2025-05-09,15,1,0
R05,SKU-1084,2025-05-10,16,0,1
R05,SKU-1084,11-May-25,9,1,0
R05,SKU-1084,05/12/2025,20,1,1
R05,SKU-1084,2025-05-13,13,1,0
R05,SKU-1084,2025-05-14,9,0,0
R05,SKU-1084,15-May-25,13,0,0
R05,SKU-1084,2025-05-16,15,1,0
R05,SKU-1084,2025-05-17,9,2,0
R05,SKU-1084,05/18/2025,12,1,0
R05,SKU-1084,2025-05-19,16,1,0
R05,SKU-1084,20-May-25,12,0,0
R05,SKU-1084,2025-05-21,14,1,1
R05,SKU-1084,2025-05-22,9,0,1
R05,SKU-1084,05/23/2025,9,0,0
R05,SKU-1084,2025-05-24,12,0,0
R05,SKU-1084,2025-05-25,8,0,1
R05,SKU-1084,26-May-25,14,1,0
R05,SKU-1084,2025-05-27,9,1,0
R05,SKU-1084,28-May-25,18,0,0
R05,SKU-1084,2025-05-29,13,0,0
R05,SKU-1084,2025-05-30,17,0,0
R05,SKU-1084,2025-05-31,14,0,0
R05,SKU-1168,2025-05-01,26,0,0
R05,SKU-1168,2025-05-02,31,0,1
R05,SKU-1168,03-May-25,21,0,0
R05,SKU-1168,04-May-25,28,0,0
R05,SKU-1168,2025-05-05,32,2,0
R05,SKU-1168,2025-05-06,34,0,0
R05,SKU-1168,2025-05-07,27,0,0
R05,SKU-1168,05/08/2025,37,0,0
R05,SKU-1168,2025-05-09,30,0,0
R05,SKU-1168,2025-05-10,20,0,0
R05,SKU-1168,2025-05-11,35,0,0
R05,SKU-1168,2025-05-12,37,0,0
R05,SKU-1168,2025-05-13,30,0,0
R05,SKU-1168,14-May-25,31,0,1
R05,SKU-1168,05/15/2025,34,0,0
R05,SKU-1168,05/16/2025,23,0,0
R05,SKU-1168,05/17/2025,33,0,1
R05,SKU-1168,05/18/2025,26,0,0
R05,SKU-1168,19-May-25,32,0,1
R05,SKU-1168,2025-05-20,33,0,0
R05,SKU-1168,2025-05-21,29,0,0
R05,SKU-1168,05/22/2025,23,0,0
R05,SKU-1168,2025-05-23,32,1,0
R05,SKU-1168,2025-05-24,39,0,0
R05,SKU-1168,2025-05-25,36,1,0
R05,SKU-1168,2025-05-26,28,1,1
R05,SKU-1168,2025-05-27,37,0,1
R05,SKU-1168,2025-05-28,43,0,0
R05,SKU-1168,05/29/2025,31,0,0
R05,SKU-1168,2025-05-30,36,0,0
R05,SKU-1168,2025-05-31,31,0,1
R05,SKU-1175,01-May-25,32,0,0
R05,SKU-1175,05/02/2025,34,0,0
R05,SKU-1175,2025-05-03,27,1,0
R05,SKU-1175,05/04/2025,40,0,0
R05,SKU-1175,05-May-25,35,1,0
R05,SKU-1175,2025-05-06,28,1,0
R05,SKU-1175,2025-05-07,33,0,0
R05,SKU-1175,05/08/2025,46,0,0
R05,SKU-1175,2025-05-09,34,0,0
R05,SKU-1175,05/10/2025,44,0,0
R05,SKU-1175,2025-05-11,25,0,0
R05,SKU-1175,2025-05-12,30,0,0
R05,SKU-1175,2025-05-13,33,0,0
R05,SKU-1175,05/14/2025,28,0,0
R05,SKU-1175,2025-05-15,29,0,0
R05,SKU-1175,05/16/2025,33,0,0
R05,SKU-1175,2025-05-17,22,0,0
R05,SKU-1175,2025-05-18,37,0,0
R05,SKU-1175,05/19/2025,41,1,1
R05,SKU-1175,2025-05-20,32,0,0
R05,SKU-1175,2025-05-21,27,0,0
R05,SKU-1175,2025-05-22,36,1,0
R05,SKU-1175,2025-05-23,23,0,0
R05,SKU-1175,2025-05-24,23,1,1
R05,SKU-1175,2025-05-25,34,0,0
R05,SKU-1175,2025-05-26,34,0,0
R05,SKU-1175,05/27/2025,37,0,1
R05,SKU-1175,2025-05-28,29,0,0
R05,SKU-1175,05/29/2025,35,0,0
R05,SKU-1175,2025-05-30,35,0,0
R05,SKU-1175,2025-05-31,33,1,0
R05,SKU-1070,2025-05-01,30,1,1
R05,SKU-1070,05/02/2025,33,0,0
R05,SKU-1070,2025-05-03,37,0,0
R05,SKU-1070,04-May-25,36,2,0
R05,SKU-1070,05/05/2025,29,1,0
R05,SKU-1070,2025-05-06,24,0,0
R05,SKU-1070,2025-05-07,39,0,0
R05,SKU-1070,2025-05-08,33,0,0
R05,SKU-1070,2025-05-09,25,0,0
R05,SKU-1070,05/10/2025,21,0,1
R05,SKU-1070,2025-05-11,35,0,0
R05,SKU-1070,05/12/2025,26,1,0
R05,SKU-1070,05/13/2025,33,1,0
R05,SKU-1070,2025-05-14,24,0,0
R05,SKU-1070,2025-05-15,35,0,0
R05,SKU-1070,2025-05-16,37,1,0
R05,SKU-1070,2025-05-17,35,0,0
R05,SKU-1070,2025-05-18,38,0,0
R05,SKU-1070,19-May-25,28,0,0
R05,SKU-1070,20-May-25,26,0,0
R05,SKU-1070,2025-05-21,25,0,0
R05,SKU-1070,2025-05-22,25,0,0
R05,SKU-1070,2025-05-23,30,0,0
R05,SKU-1070,2025-05-24,43,0,0
R05,SKU-1070,2025-05-25,36,0,0
R05,SKU-1070,05/26/2025,25,0,0
R05,SKU-1070,2025-05-27,40,1,0
R05,SKU-1070,2025-05-28,25,0,0
R05,SKU-1070,2025-05-29,27,1,0
R05,SKU-1070,2025-05-30,28,1,0
R05,SKU-1070,2025-05-31,39,0,0
