retailer_id,product_id,sale_date,sold_qty,returns_qty,promo_flag
R01,SKU-1014,2025-07-01,3,2,0
R01,SKU-1014,07/02/2025,5,0,0
R01,SKU-1014,2025-07-03,5,0,0
R01,SKU-1014,04-Jul-25,14,0,0
R01,SKU-1014,2025-07-05,7,0,0
R01,SKU-1014,2025-07-06,7,1,0
R01,SKU-1014,2025-07-07,3,0,0
R01,SKU-1014,08-Jul-25,6,0,1
R01,SKU-1014,07/09/2025,5,0,0
R01,SKU-1014,10-Jul-25,2,0,0
R01,SKU-1014,11-Jul-25,5,1,1
R01,SKU-1014,2025-07-12,3,0,0
R01,SKU-1014,2025-07-13,2,0,0
R01,SKU-1014,2025-07-14,7,0,0
R01,SKU-1014,07/15/2025,3,0,0
R01,SKU-1014,07/16/2025,9,0,1
R01,SKU-1014,2025-07-17,6,0,0
R01,SKU-1014,07/18/2025,5,0,0
R01,SKU-1014,07/19/2025,5,1,0
R01,SKU-1014,2025-07-20,3,2,0
R01,SKU-1014,2025-07-21,8,0,0
R01,SKU-1014,2025-07-22,5,1,0
R01,SKU-1014,07/23/2025,3,0,1
R01,SKU-1014,2025-07-24,8,0,0
R01,SKU-1014,2025-07-25,6,0,0
R01,SKU-1014,07/26/2025,5,1,0
R01,SKU-1014,2025-07-27,10,0,0
R01,SKU-1014,07/28/2025,9,0,0
R01,SKU-1014,07/29/2025,4,0,0
R01,SKU-1014,2025-07-30,5,0,0
R01,SKU-1014,2025-07-31,8,0,0
R01,SKU-1231,01-Jul-25,8,0,0
R01,SKU-1231,2025-07-02,11,0,1
R01,SKU-1231,2025-07-03,10,1,1
R01,SKU-1231,04-Jul-25,10,1,0
R01,SKU-1231,2025-07-05,12,1,0
R01,SKU-1231,2025-07-06,17,0,0
R01,SKU-1231,2025-07-07,6,1,0
R01,SKU-1231,2025-07-08,13,0,0
R01,SKU-1231,2025-07-09,16,2,0
R01,SKU-1231,2025-07-10,10,0,0
R01,SKU-1231,2025-07-11,13,1,1
R01,SKU-1231,2025-07-12,6,0,0
R01,SKU-1231,2025-07-13,10,0,0
R01,SKU-1231,2025-07-14,8,1,0
R01,SKU-1231,2025-07-15,14,0,0
R01,SKU-1231,16-Jul-25,5,0,0
R01,SKU-1231,2025-07-17,11,1,0
R01,SKU-1231,2025-07-18,10,0,0
R01,SKU-1231,19-Jul-25,9,1,0
R01,SKU-1231,2025-07-20,14,1,0
R01,SKU-1231,2025-07-21,9,0,0
R01,SKU-1231,2025-07-22,8,0,0
R01,SKU-1231,07/23/2025,10,0,0
R01,SKU-1231,07/24/2025,8,0,0
R01,SKU-1231,07/25/2025,15,2,0
R01,SKU-1231,2025-07-26,11,0,0
R01,SKU-1231,27-Jul-25,10,0,0
R01,SKU-1231,07/28/2025,13,0,0
R01,SKU-1231,07/29/2025,9,0,0
R01,SKU-1231,07/30/2025,10,2,0
R01,SKU-1231,07/31/2025,5,0,0
R01,SKU-1056,2025-07-01,11,0,0
R01,SKU-1056,2025-07-02,11,0,0
R01,SKU-1056,2025-07-03,9,0,0
R01,SKU-1056,2025-07-04,11,0,0
R01,SKU-1056,2025-07-05,14,0,1
R01,SKU-1056,07/06/2025,17,0,0
R01,SKU-1056,07/07/2025,17,2,0
R01,SKU-1056,08-Jul-25,11,0,0
R01,SKU-1056,2025-07-09,12,1,0
R01,SKU-1056,2025-07-10,16,1,1
R01,SKU-1056,07/11/2025,19,1,0
R01,SKU-1056,2025-07-12,18,0,0
R01,SKU-1056,2025-07-13,8,1,0
R01,SKU-1056,14-Jul-25,14,0,0
R01,SKU-1056,15-Jul-25,10,0,0
R01,SKU-1056,07/16/2025,12,0,0
R01,SKU-1056,17-Jul-25,13,1,0
R01,SKU-1056,2025-07-18,13,0,1
R01,SKU-1056,07/19/2025,6,0,0
R01,SKU-1056,2025-07-20,12,2,0
R01,SKU-1056,2025-07-21,7,1,1
R01,SKU-1056,22-Jul-25,12,0,0
R01,SKU-1056,07/23/2025,20,1,0
R01,SKU-1056,2025-07-24,8,1,0
R01,SKU-1056,2025-07-25,16,1,0
R01,SKU-1056,2025-07-26,17,1,0
R01,SKU-1056,07/27/2025,7,0,0
R01,SKU-1056,2025-07-28,9,1,0
R01,SKU-1056,07/29/2025,6,2,0
R01,SKU-1056,07/30/2025,13,0,0
R01,SKU-1056,2025-07-31,15,0,0
R01,SKU-1140,2025-07-01,5,0,0
R01,SKU-1140,07/02/2025,8,0,0
R01,SKU-1140,03-Jul-25,13,2,0
R01,SKU-1140,2025-07-04,8,0,0
R01,SKU-1140,2025-07-05,11,0,0
R01,SKU-1140,06-Jul-25,12,1,0
R01,SKU-1140,2025-07-07,11,1,0
R01,SKU-1140,2025-07-08,7,0,0
R01,SKU-1140,2025-07-09,9,1,0
R01,SKU-1140,07/10/2025,9,1,0
R01,SKU-1140,2025-07-11,7,1,1
R01,SKU-1140,2025-07-12,14,0,0
R01,SKU-1140,07/13/2025,12,0,0
R01,SKU-1140,2025-07-14,12,0,0
R01,SKU-1140,07/15/2025,10,0,0
R01,SKU-1140,2025-07-16,5,1,0
R01,SKU-1140,07/17/2025,12,0,0
R01,SKU-1140,2025-07-18,14,0,0
R01,SKU-1140,07/19/2025,7,1,0
R01,SKU-1140,2025-07-20,14,0,0
R01,SKU-1140,2025-07-21,17,0,0
R01,SKU-1140,2025-07-22,16,0,0
R01,SKU-1140,23-Jul-25,13,0,0
R01,SKU-1140,2025-07-24,11,1,0
R01,SKU-1140,2025-07-25,6,0,0
R01,SKU-1140,07/26/2025,8,0,0
R01,SKU-1140,07/27/2025,7,0,0
R01,SKU-1140,2025-07-28,13,3,0
R01,SKU-1140,2025-07-29,9,1,0
R01,SKU-1140,2025-07-30,11,1,0
R01,SKU-1140,31-Jul-25,11,0,0
R01,SKU-1189,07/01/2025,3,0,0
R01,SKU-1189,2025-07-02,6,0,0
R01,SKU-1189,2025-07-03,10,0,0
R01,SKU-1189,07/04/2025,11,0,0
R01,SKU-1189,07/05/2025,15,0,0
R01,SKU-1189,06-Jul-25,12,0,0
R01,SKU-1189,07-Jul-25,10,0,1
R01,SKU-1189,2025-07-08,19,0,0
R01,SKU-1189,2025-07-09,14,0,0
R01,SKU-1189,2025-07-10,9,1,0
R01,SKU-1189,2025-07-11,21,1,0
R01,SKU-1189,07/12/2025,14,0,0
R01,SKU-1189,07/13/2025,12,0,0
R01,SKU-1189,2025-07-14,15,0,0
R01,SKU-1189,2025-07-15,10,0,0
R01,SKU-1189,2025-07-16,11,0,0
R01,SKU-1189,2025-07-17,8,0,0
R01,SKU-1189,2025-07-18,6,0,0
R01,SKU-1189,07/19/2025,8,0,1
R01,SKU-1189,2025-07-20,15,0,0
R01,SKU-1189,21-Jul-25,8,1,0
R01,SKU-1189,07/22/2025,13,0,0
R01,SKU-1189,2025-07-23,9,0,0
R01,SKU-1189,2025-07-24,12,0,0
R01,SKU-1189,2025-07-25,7,0,1
R01,SKU-1189,2025-07-26,11,2,0
R01,SKU-1189,2025-07-27,10,1,0
R01,SKU-1189,07/28/2025,10,2,0
R01,SKU-1189,07/29/2025,6,0,0
R01,SKU-1189,30-Jul-25,12,0,0
R01,SKU-1189,2025-07-31,8,0,0
R01,SKU-1252,2025-07-01,28,0,0
R01,SKU-1252,02-Jul-25,33,0,0
R01,SKU-1252,03-Jul-25,18,0,0
R01,SKU-1252,2025-07-04,32,1,0
R01,SKU-1252,07/05/2025,28,2,0
R01,SKU-1252,2025-07-06,18,1,0
R01,SKU-1252,07/07/2025,22,0,1
R01,SKU-1252,07/08/2025,28,0,0
R01,SKU-1252,2025-07-09,24,0,0
R01,SKU-1252,07/10/2025,29,1,0
R01,SKU-1252,2025-07-11,24,0,0
R01,SKU-1252,2025-07-12,35,0,0
R01,SKU-1252,13-Jul-25,20,1,0
R01,SKU-1252,2025-07-14,34,1,0
R01,SKU-1252,2025-07-15,27,0,1
R01,SKU-1252,16-Jul-25,28,0,0
R01,SKU-1252,2025-07-17,21,1,0
R01,SKU-1252,07/18/2025,20,0,0
R01,SKU-1252,2025-07-19,37,1,0
R01,SKU-1252,20-Jul-25,26,0,0
R01,SKU-1252,2025-07-21,29,0,0
R01,SKU-1252,22-Jul-25,26,0,0
R01,SKU-1252,2025-07-23,17,0,1
R01,SKU-1252,24-Jul-25,24,0,0
R01,SKU-1252,2025-07-25,21,2,0
R01,SKU-1252,26-Jul-25,28,2,0
R01,SKU-1252,2025-07-27,22,0,1
R01,SKU-1252,2025-07-28,32,0,0
R01,SKU-1252,29-Jul-25,26,0,0
R01,SKU-1252,2025-07-30,21,2,1
R01,SKU-1252,07/31/2025,26,1,1
R01,SKU-1259,2025-07-01,13,2,1
R01,SKU-1259,2025-07-02,11,0,0
R01,SKU-1259,03-Jul-25,8,0,1
R01,SKU-1259,2025-07-04,8,0,0
R01,SKU-1259,07/05/2025,14,0,1
R01,SKU-1259,06-Jul-25,14,2,0
R01,SKU-1259,2025-07-07,17,1,0
R01,SKU-1259,2025-07-08,13,1,0
R01,SKU-1259,2025-07-09,8,0,0
R01,SKU-1259,07/10/2025,11,0,0
R01,SKU-1259,2025-07-11,12,0,0
R01,SKU-1259,07/12/2025,12,0,1
R01,SKU-1259,2025-07-13,14,1,0
R01,SKU-1259,07/14/2025,13,0,0
R01,SKU-1259,07/15/2025,12,0,0
R01,SKU-1259,2025-07-16,10,0,0
R01,SKU-1259,2025-07-17,10,0,0
R01,SKU-1259,07/18/2025,16,3,1
R01,SKU-1259,2025-07-19,10,0,0
R01,SKU-1259,2025-07-20,8,0,1
R01,SKU-1259,21-Jul-25,11,0,0
R01,SKU-1259,2025-07-22,16,0,0
R01,SKU-1259,07/23/2025,11,0,0
R01,SKU-1259,2025-07-24,11,0,0
R01,SKU-1259,2025-07-25,10,1,0
R01,SKU-1259,26-Jul-25,14,0,0
R01,SKU-1259,2025-07-27,12,0,0
R01,SKU-1259,2025-07-28,15,0,0
R01,SKU-1259,2025-07-29,14,0,0
R01,SKU-1259,07/30/2025,12,1,0
R01,SKU-1259,2025-07-31,8,0,0
R01,SKU-1021,07/01/2025,15,0,1
R01,SKU-1021,2025-07-02,18,0,0
R01,SKU-1021,2025-07-03,12,1,0
R01,SKU-1021,2025-07-04,10,0,0
R01,SKU-1021,07/05/2025,15,0,0
R01,SKU-1021,2025-07-06,13,0,0
R01,SKU-1021,07/07/2025,14,1,0
R01,SKU-1021,08-Jul-25,15,0,0
R01,SKU-1021,09-Jul-25,16,0,0
R01,SKU-1021,2025-07-10,18,0,0
R01,SKU-1021,2025-07-11,8,0,0
R01,SKU-1021,2025-07-12,15,2,0
R01,SKU-1021,13-Jul-25,14,0,0
R01,SKU-1021,2025-07-14,17,0,0
R01,SKU-1021,2025-07-15,14,0,0
R01,SKU-1021,2025-07-16,15,0,0
R01,SKU-1021,2025-07-17,13,1,1
R01,SKU-1021,2025-07-18,20,0,0
R01,SKU-1021,2025-07-19,18,0,0
R01,SKU-1021,2025-07-20,18,0,0
R01,SKU-1021,07/21/2025,16,0,0
R01,SKU-1021,07/22/2025,13,1,0
R01,SKU-1021,07/23/2025,16,0,0
R01,SKU-1021,2025-07-24,17,0,0
R01,SKU-1021,2025-07-25,12,0,0
R01,SKU-1021,2025-07-26,9,0,0
R01,SKU-1021,27-Jul-25,19,1,0
R01,SKU-1021,07/28/2025,19,1,1
R01,SKU-1021,2025-07-29,14,0,0
R01,SKU-1021,2025-07-30,12,1,0
R01,SKU-1021,2025-07-31,9,1,0
R01,SKU-1147,2025-07-01,18,1,0
R01,SKU-1147,2025-07-02,21,0,0
R01,SKU-1147,2025-07-03,19,1,0
R01,SKU-1147,2025-07-04,16,0,0
R01,SKU-1147,05-Jul-25,16,0,0
R01,SKU-1147,2025-07-06,15,0,0
R01,SKU-1147,2025-07-07,22,0,0
R01,SKU-1147,2025-07-08,15,0,0
R01,SKU-1147,07/09/2025,18,0,0
R01,SKU-1147,2025-07-10,22,1,0
R01,SKU-1147,2025-07-11,13,2,0
R01,SKU-1147,12-Jul-25,16,0,0
R01,SKU-1147,13-Jul-25,26,0,0
R01,SKU-1147,2025-07-14,20,0,0
R01,SKU-1147,2025-07-15,14,1,0
R01,SKU-1147,07/16/2025,17,0,0
R01,SKU-1147,07/17/2025,18,0,0
R01,SKU-1147,2025-07-18,14,1,0
R01,SKU-1147,07/19/2025,12,0,1
R01,SKU-1147,07/20/2025,26,0,0
R01,SKU-1147,2025-07-21,16,0,1
R01,SKU-1147,2025-07-22,14,0,0
R01,SKU-1147,2025-07-23,18,1,0
R01,SKU-1147,2025-07-24,21,0,0
R01,SKU-1147,2025-07-25,12,1,0
R01,SKU-1147,2025-07-26,13,0,0
R01,SKU-1147,2025-07-27,22,1,0
R01,SKU-1147,2025-07-28,22,1,1
R01,SKU-1147,2025-07-29,19,0,0
R01,SKU-1147,07/30/2025,15,0,0
R01,SKU-1147,31-Jul-25,21,0,0
R01,SKU-1126,2025-07-01,31,0,0
R01,SKU-1126,2025-07-02,27,0,1
R01,SKU-1126,2025-07-03,36,0,0
R01,SKU-1126,2025-07-04,29,0,0
R01,SKU-1126,07/05/2025,33,0,0
R01,SKU-1126,2025-07-06,30,0,0
R01,SKU-1126,07-Jul-25,33,1,0
R01,SKU-1126,2025-07-08,34,1,1
R01,SKU-1126,2025-07-09,25,0,0
R01,SKU-1126,2025-07-10,22,1,0
R01,SKU-1126,2025-07-11,19,0,0
R01,SKU-1126,2025-07-12,31,0,0
R01,SKU-1126,07/13/2025,18,1,0
R01,SKU-1126,07/14/2025,30,0,0
R01,SKU-1126,07/15/2025,25,0,0
R01,SKU-1126,2025-07-16,35,1,0
R01,SKU-1126,2025-07-17,33,0,0
R01,SKU-1126,18-Jul-25,24,0,0
R01,SKU-1126,2025-07-19,28,0,0
R01,SKU-1126,2025-07-20,28,0,1
R01,SKU-1126,2025-07-21,36,0,0
R01,SKU-1126,2025-07-22,30,0,0
R01,SKU-1126,2025-07-23,35,1,0
R01,SKU-1126,24-Jul-25,31,0,0
R01,SKU-1126,2025-07-25,39,0,0
R01,SKU-1126,2025-07-26,30,0,0
R01,SKU-1126,2025-07-27,19,2,0
R01,SKU-1126,2025-07-28,33,2,0
R01,SKU-1126,29-Jul-25,30,0,0
R01,SKU-1126,2025-07-30,26,3,0
R01,SKU-1126,31-Jul-25,33,2,0
R01,SKU-1175,2025-07-01,7,0,0
R01,SKU-1175,02-Jul-25,4,0,0
R01,SKU-1175,2025-07-03,3,0,0
R01,SKU-1175,2025-07-04,5,1,0
R01,SKU-1175,2025-07-05,4,0,0
R01,SKU-1175,06-Jul-25,5,0,0
R01,SKU-1175,07/07/2025,4,0,0
R01,SKU-1175,2025-07-08,5,0,0
R01,SKU-1175,09-Jul-25,4,0,0
R01,SKU-1175,07/10/2025,3,0,0
R01,SKU-1175,07/11/2025,7,1,0
R01,SKU-1175,2025-07-12,4,0,0
R01,SKU-1175,2025-07-13,3,2,0
R01,SKU-1175,07/14/2025,6,0,0
R01,SKU-1175,2025-07-15,3,0,1
R01,SKU-1175,07/16/2025,7,0,0
R01,SKU-1175,2025-07-17,2,2,0
R01,SKU-1175,2025-07-18,7,1,0
R01,SKU-1175,2025-07-19,1,0,0
R01,SKU-1175,20-Jul-25,1,1,0
R01,SKU-1175,21-Jul-25,6,1,0
R01,SKU-1175,2025-07-22,5,0,0
R01,SKU-1175,07/23/2025,4,1,0
R01,SKU-1175,2025-07-24,4,0,0
R01,SKU-1175,2025-07-25,5,0,1
R01,SKU-1175,26-Jul-25,4,0,0
R01,SKU-1175,2025-07-27,5,0,0
R01,SKU-1175,2025-07-28,3,0,1
R01,SKU-1175,2025-07-29,3,0,0
R01,SKU-1175,2025-07-30,1,1,0
R01,SKU-1175,2025-07-31,2,0,0
R01,SKU-1196,2025-07-01,21,1,0
R01,SKU-1196,2025-07-02,22,0,0
R01,SKU-1196,2025-07-03,20,1,0
R01,SKU-1196,2025-07-04,26,0,0
R01,SKU-1196,07/05/2025,24,0,0
R01,SKU-1196,2025-07-06,14,0,0
R01,SKU-1196,2025-07-07,20,0,0
R01,SKU-1196,2025-07-08,12,0,0
R01,SKU-1196,09-Jul-25,29,0,0
R01,SKU-1196,07/10/2025,15,1,0
R01,SKU-1196,11-Jul-25,17,0,0
R01,SKU-1196,2025-07-12,17,0,0
R01,SKU-1196,07/13/2025,19,2,1
R01,SKU-1196,07/14/2025,28,0,1
R01,SKU-1196,07/15/2025,28,1,0
R01,SKU-1196,16-Jul-25,22,1,0
R01,SKU-1196,17-Jul-25,20,0,0
R01,SKU-1196,18-Jul-25,12,1,0
R01,SKU-1196,19-Jul-25,24,0,0
R01,SKU-1196,07/20/2025,21,0,0
R01,SKU-1196,2025-07-21,18,0,0
R01,SKU-1196,2025-07-22,17,0,0
R01,SKU-1196,23-Jul-25,18,1,0
R01,SKU-1196,2025-07-24,18,0,0
R01,SKU-1196,07/25/2025,17,0,0
R01,SKU-1196,2025-07-26,28,0,0
R01,SKU-1196,27-Jul-25,23,0,0
R01,SKU-1196,07/28/2025,23,0,0
R01,SKU-1196,2025-07-29,27,0,1
R01,SKU-1196,2025-07-30,24,0,0
R01,SKU-1196,2025-07-31,22,0,0
R01,SKU-1091,2025-07-01,9,0,0
R01,SKU-1091,02-Jul-25,19,1,0
R01,SKU-1091,07/03/2025,11,0,0
R01,SKU-1091,2025-07-04,18,0,0
R01,SKU-1091,05-Jul-25,17,0,1
R01,SKU-1091,07/06/2025,12,0,0
R01,SKU-1091,07/07/2025,17,2,0
R01,SKU-1091,2025-07-08,8,0,0
R01,SKU-1091,07/09/2025,11,1,0
R01,SKU-1091,2025-07-10,10,0,0
R01,SKU-1091,2025-07-11,13,0,0
R01,SKU-1091,07/12/2025,19,2,0
R01,SKU-1091,07/13/2025,11,2,0
R01,SKU-1091,2025-07-14,8,0,0
R01,SKU-1091,2025-07-15,12,1,0
R01,SKU-1091,2025-07-16,7,0,0
R01,SKU-1091,07/17/2025,11,0,0
R01,SKU-1091,2025-07-18,11,1,1
R01,SKU-1091,07/19/2025,14,0,0
R01,SKU-1091,2025-07-20,18,0,1
R01,SKU-1091,2025-07-21,16,0,1
R01,SKU-1091,07/22/2025,19,0,1
R01,SKU-1091,07/23/2025,10,0,0
R01,SKU-1091,07/24/2025,15,0,0
R01,SKU-1091,2025-07-25,22,1,0
R01,SKU-1091,07/26/2025,19,0,0
R01,SKU-1091,2025-07-27,18,0,1
R01,SKU-1091,07/28/2025,14,0,0
R01,SKU-1091,2025-07-29,8,0,0
R01,SKU-1091,07/30/2025,8,0,0
R01,SKU-1091,2025-07-31,8,0,0
R01,SKU-1119,2025-07-01,7,0,0
R01,SKU-1119,2025-07-02,3,0,0
R01,SKU-1119,07/03/2025,4,0,0
R01,SKU-1119,2025-07-04,5,0,0
R01,SKU-1119,2025-07-05,4,1,1
R01,SKU-1119,07/06/2025,5,1,0
R01,SKU-1119,2025-07-07,3,1,0
R01,SKU-1119,2025-07-08,6,0,0
R01,SKU-1119,2025-07-09,6,0,1
R01,SKU-1119,2025-07-10,4,0,0
R01,SKU-1119,2025-07-11,7,0,0
R01,SKU-1119,07/12/2025,7,0,0
R01,SKU-1119,13-Jul-25,2,1,0
R01,SKU-1119,2025-07-14,8,1,0
R01,SKU-1119,2025-07-15,5,1,0
R01,SKU-1119,2025-07-16,6,0,0
R01,SKU-1119,2025-07-17,7,1,0
R01,SKU-1119,07/18/2025,4,1,0
R01,SKU-1119,2025-07-19,2,0,0
R01,SKU-1119,2025-07-20,9,1,0
R01,SKU-1119,07/21/2025,4,0,1
R01,SKU-1119,07/22/2025,2,0,0
R01,SKU-1119,2025-07-23,5,0,0
R01,SKU-1119,2025-07-24,14,0,1
R01,SKU-1119,25-Jul-25,6,1,0
R01,SKU-1119,2025-07-26,10,0,0
R01,SKU-1119,2025-07-27,13,1,0
R01,SKU-1119,2025-07-28,4,0,0
R01,SKU-1119,07/29/2025,9,0,0
R01,SKU-1119,2025-07-30,4,0,1
R01,SKU-1119,07/31/2025,3,0,0
R01,SKU-1224,2025-07-01,34,0,0
R01,SKU-1224,2025-07-02,33,0,0
R01,SKU-1224,03-Jul-25,33,0,0
R01,SKU-1224,2025-07-04,34,0,0
R01,SKU-1224,2025-07-05,34,0,0
R01,SKU-1224,2025-07-06,31,0,0
R01,SKU-1224,07-Jul-25,29,1,0
R01,SKU-1224,08-Jul-25,43,0,0
R01,SKU-1224,07/09/2025,24,2,0
R01,SKU-1224,10-Jul-25,25,0,0
R01,SKU-1224,11-Jul-25,32,0,0
R01,SKU-1224,12-Jul-25,29,0,0
R01,SKU-1224,2025-07-13,29,0,0
R01,SKU-1224,2025-07-14,26,2,0
R01,SKU-1224,07/15/2025,30,1,0
R01,SKU-1224,2025-07-16,27,1,0
R01,SKU-1224,2025-07-17,22,0,0
R01,SKU-1224,2025-07-18,35,2,0
R01,SKU-1224,2025-07-19,28,1,0
R01,SKU-1224,2025-07-20,33,1,0
R01,SKU-1224,21-Jul-25,24,0,0
R01,SKU-1224,2025-07-22,37,0,1
R01,SKU-1224,07/23/2025,30,1,0
R01,SKU-1224,2025-07-24,32,0,0
R01,SKU-1224,2025-07-25,40,0,1
R01,SKU-1224,2025-07-26,31,0,0
R01,SKU-1224,07/27/2025,35,1,0
R01,SKU-1224,2025-07-28,27,0,0
R01,SKU-1224,29-Jul-25,36,0,0
R01,SKU-1224,2025-07-30,25,1,0
R01,SKU-1224,2025-07-31,27,2,0
R01,SKU-1266,2025-07-01,23,1,1
R01,SKU-1266,2025-07-02,22,0,0
R01,SKU-1266,2025-07-03,29,2,0
R01,SKU-1266,04-Jul-25,26,1,1
R01,SKU-1266,07/05/2025,33,0,0
R01,SKU-1266,2025-07-06,26,0,0
R01,SKU-1266,2025-07-07,25,1,0
R01,SKU-1266,2025-07-08,39,0,0
R01,SKU-1266,2025-07-09,36,0,0
R01,SKU-1266,10-Jul-25,30,0,0
R01,SKU-1266,07/11/2025,41,0,0
R01,SKU-1266,2025-07-12,30,1,1
R01,SKU-1266,2025-07-13,29,1,1
R01,SKU-1266,2025-07-14,33,0,0
R01,SKU-1266,07/15/2025,29,0,0
R01,SKU-1266,16-Jul-25,26,1,0
R01,SKU-1266,2025-07-17,26,0,0
R01,SKU-1266,2025-07-18,38,1,0
R01,SKU-1266,2025-07-19,31,1,1
R01,SKU-1266,07/20/2025,27,1,0
R01,SKU-1266,2025-07-21,32,1,0
R01,SKU-1266,22-Jul-25,28,0,0
R01,SKU-1266,2025-07-23,24,0,0
R01,SKU-1266,2025-07-24,31,0,0
R01,SKU-1266,2025-07-25,31,1,0
R01,SKU-1266,2025-07-26,28,0,0
R01,SKU-1266,2025-07-27,21,0,0
R01,SKU-1266,2025-07-28,36,0,0
R01,SKU-1266,2025-07-29,34,0,0
R01,SKU-1266,2025-07-30,30,0,0
R01,SKU-1266,2025-07-31,32,0,0
R01,SKU-1063,2025-07-01,21,2,0
R01,SKU-1063,07/02/2025,13,2,0
R01,SKU-1063,07/03/2025,31,0,1
R01,SKU-1063,2025-07-04,24,0,0
R01,SKU-1063,2025-07-05,26,1,0
R01,SKU-1063,2025-07-06,22,0,0
R01,SKU-1063,2025-07-07,30,1,0
R01,SKU-1063,08-Jul-25,20,0,0
R01,SKU-1063,2025-07-09,21,0,0
R01,SKU-1063,2025-07-10,31,0,0
R01,SKU-1063,11-Jul-25,24,0,0
R01,SKU-1063,2025-07-12,20,0,0
R01,SKU-1063,07/13/2025,28,0,0
R01,SKU-1063,2025-07-14,25,1,0
R01,SKU-1063,2025-07-15,16,0,0
R01,SKU-1063,2025-07-16,18,0,0
R01,SKU-1063,17-Jul-25,17,1,0
R01,SKU-1063,07/18/2025,22,1,0
R01,SKU-1063,2025-07-19,21,1,0
R01,SKU-1063,2025-07-20,26,0,0
R01,SKU-1063,2025-07-21,23,0,0
R01,SKU-1063,2025-07-22,21,0,0
R01,SKU-1063,23-Jul-25,29,3,0
R01,SKU-1063,2025-07-24,23,0,0
R01,SKU-1063,2025-07-25,25,1,0
R01,SKU-1063,2025-07-26,25,1,1
R01,SKU-1063,07/27/2025,16,1,0
R01,SKU-1063,2025-07-28,18,0,0
R01,SKU-1063,2025-07-29,22,1,0
R01,SKU-1063,2025-07-30,18,0,0
R01,SKU-1063,2025-07-31,24,0,1
R01,SKU-1245,2025-07-01,20,0,1
R01,SKU-1245,2025-07-02,25,0,0
R01,SKU-1245,2025-07-03,31,0,0
R01,SKU-1245,07/04/2025,25,1,0
R01,SKU-1245,2025-07-05,22,0,0
R01,SKU-1245,2025-07-06,27,1,0
R01,SKU-1245,2025-07-07,33,0,0
R01,SKU-1245,2025-07-08,25,0,0
R01,SKU-1245,2025-07-09,27,0,0
R01,SKU-1245,2025-07-10,31,1,0
R01,SKU-1245,11-Jul-25,38,0,0
R01,SKU-1245,12-Jul-25,29,1,0
R01,SKU-1245,2025-07-13,31,2,0
R01,SKU-1245,07/14/2025,18,0,0
R01,SKU-1245,2025-07-15,30,1,0
R01,SKU-1245,16-Jul-25,27,0,0
R01,SKU-1245,2025-07-17,30,0,0
R01,SKU-1245,2025-07-18,26,0,0
R01,SKU-1245,07/19/2025,30,0,0
R01,SKU-1245,07/20/2025,28,0,0
R01,SKU-1245,2025-07-21,35,0,0
R01,SKU-1245,07/22/2025,17,0,0
R01,SKU-1245,2025-07-23,22,0,0
R01,SKU-1245,24-Jul-25,25,0,0
R01,SKU-1245,25-Jul-25,25,1,0
R01,SKU-1245,2025-07-26,29,2,0
R01,SKU-1245,2025-07-27,27,0,0
R01,SKU-1245,2025-07-28,31,0,0
R01,SKU-1245,2025-07-29,25,1,0
R01,SKU-1245,07/30/2025,23,0,0
R01,SKU-1245,07/31/2025,31,1,0
R01,SKU-1182,07/01/2025,4,0,0
R01,SKU-1182,2025-07-02,5,0,0
R01,SKU-1182,2025-07-03,6,0,0
R01,SKU-1182,2025-07-04,3,0,0
R01,SKU-1182,05-Jul-25,9,1,0
R01,SKU-1182,07/06/2025,10,0,0
R01,SKU-1182,07-Jul-25,7,0,0
R01,SKU-1182,2025-07-08,6,2,1
R01,SKU-1182,2025-07-09,6,0,0
R01,SKU-1182,07/10/2025,5,1,0
R01,SKU-1182,2025-07-11,1,0,1
R01,SKU-1182,2025-07-12,7,0,0
R01,SKU-1182,2025-07-13,2,0,0
R01,SKU-1182,2025-07-14,5,0,0
R01,SKU-1182,07/15/2025,9,0,0
R01,SKU-1182,2025-07-16,6,1,1
R01,SKU-1182,17-Jul-25,4,1,0
R01,SKU-1182,07/18/2025,4,0,0
R01,SKU-1182,2025-07-19,7,2,0
R01,SKU-1182,2025-07-20,5,0,1
R01,SKU-1182,2025-07-21,5,0,0
R01,SKU-1182,07/22/2025,7,2,0
R01,SKU-1182,2025-07-23,10,1,0
R01,SKU-1182,2025-07-24,8,0,0
R01,SKU-1182,2025-07-25,5,0,0
R01,SKU-1182,07/26/2025,4,0,0
R01,SKU-1182,2025-07-27,4,0,0
R01,SKU-1182,28-Jul-25,5,0,0
R01,SKU-1182,07/29/2025,4,1,0
R01,SKU-1182,2025-07-30,2,1,0
R01,SKU-1182,2025-07-31,10,0,0
R01,SKU-1007,2025-07-01,40,0,0
R01,SKU-1007,2025-07-02,30,0,0
R01,SKU-1007,07/03/2025,35,0,0
R01,SKU-1007,07/04/2025,30,1,0
R01,SKU-1007,2025-07-05,34,0,0
R01,SKU-1007,07/06/2025,33,0,0
R01,SKU-1007,07-Jul-25,30,0,0
R01,SKU-1007,2025-07-08,36,0,0
R01,SKU-1007,2025-07-09,31,0,0
R01,SKU-1007,2025-07-10,29,0,0
R01,SKU-1007,11-Jul-25,35,0,0
R01,SKU-1007,2025-07-12,38,0,0
R01,SKU-1007,2025-07-13,34,1,0
R01,SKU-1007,2025-07-14,37,0,0
R01,SKU-1007,2025-07-15,39,0,0
R01,SKU-1007,2025-07-16,35,1,0
R01,SKU-1007,07/17/2025,33,1,0
R01,SKU-1007,2025-07-18,33,0,0
R01,SKU-1007,19-Jul-25,24,0,0
R01,SKU-1007,2025-07-20,20,0,0
R01,SKU-1007,2025-07-21,25,0,0
R01,SKU-1007,07/22/2025,31,0,0
R01,SKU-1007,23-Jul-25,27,1,0
R01,SKU-1007,2025-07-24,30,0,0
R01,SKU-1007,2025-07-25,31,0,0
R01,SKU-1007,2025-07-26,20,0,0
R01,SKU-1007,07/27/2025,30,0,0
R01,SKU-1007,07/28/2025,29,1,0
R01,SKU-1007,07/29/2025,22,1,0
R01,SKU-1007,2025-07-30,30,0,0
R01,SKU-1007,07/31/2025,36,0,1
R01,SKU-1070,07/01/2025,13,1,0
R01,SKU-1070,07/02/2025,12,0,0
R01,SKU-1070,03-Jul-25,11,0,0
R01,SKU-1070,2025-07-04,15,0,1
R01,SKU-1070,07/05/2025,14,0,0
R01,SKU-1070,2025-07-06,12,1,0
R01,SKU-1070,07/07/2025,12,1,0
R01,SKU-1070,2025-07-08,10,0,0
R01,SKU-1070,2025-07-09,17,0,0
R01,SKU-1070,2025-07-10,10,0,0
R01,SKU-1070,2025-07-11,11,2,0
R01,SKU-1070,2025-07-12,15,0,0
R01,SKU-1070,13-Jul-25,9,2,0
R01,SKU-1070,2025-07-14,8,1,0
R01,SKU-1070,2025-07-15,9,3,0
R01,SKU-1070,2025-07-16,9,0,1
R01,SKU-1070,2025-07-17,11,3,0
R01,SKU-1070,2025-07-18,10,0,0
R01,SKU-1070,07/19/2025,14,1,0
R01,SKU-1070,07/20/2025,10,0,0
R01,SKU-1070,2025-07-21,14,0,0
R01,SKU-1070,22-Jul-25,9,0,0
R01,SKU-1070,2025-07-23,16,0,0
R01,SKU-1070,07/24/2025,11,0,0
R01,SKU-1070,2025-07-25,11,2,1
R01,SKU-1070,26-Jul-25,11,1,0
R01,SKU-1070,2025-07-27,13,1,0
R01,SKU-1070,28-Jul-25,13,0,0
R01,SKU-1070,07/29/2025,7,0,1
R01,SKU-1070,30-Jul-25,11,0,0
R01,SKU-1070,31-Jul-25,14,0,0
R01,SKU-1238,01-Jul-25,16,0,0
R01,SKU-1238,2025-07-02,21,1,0
R01,SKU-1238,2025-07-03,16,0,0
R01,SKU-1238,07/04/2025,19,0,0
R01,SKU-1238,05-Jul-25,17,0,0
R01,SKU-1238,2025-07-06,23,0,0
R01,SKU-1238,07/07/2025,14,1,0
R01,SKU-1238,2025-07-08,22,0,0
R01,SKU-1238,2025-07-09,30,0,1
R01,SKU-1238,10-Jul-25,19,0,1
R01,SKU-1238,2025-07-11,23,0,0
R01,SKU-1238,2025-07-12,23,0,0
R01,SKU-1238,07/13/2025,24,2,0
R01,SKU-1238,2025-07-14,17,0,0
R01,SKU-1238,07/15/2025,20,0,0
R01,SKU-1238,2025-07-16,20,0,0
R01,SKU-1238,2025-07-17,21,0,0
R01,SKU-1238,07/18/2025,19,0,0
R01,SKU-1238,2025-07-19,16,0,1
R01,SKU-1238,07/20/2025,19,0,0
R01,SKU-1238,07/21/2025,25,0,0
R01,SKU-1238,07/22/2025,24,1,0
R01,SKU-1238,07/23/2025,21,1,0
R01,SKU-1238,2025-07-24,20,1,1
R01,SKU-1238,07/25/2025,23,0,0
R01,SKU-1238,2025-07-26,23,0,0
R01,SKU-1238,2025-07-27,16,0,1
R01,SKU-1238,2025-07-28,19,0,0
R01,SKU-1238,2025-07-29,20,0,0
R01,SKU-1238,2025-07-30,20,0,0
R01,SKU-1238,31-Jul-25,23,0,0
R01,SKU-1154,2025-07-01,25,0,0
R01,SKU-1154,2025-07-02,19,0,0
R01,SKU-1154,2025-07-03,19,0,0
R01,SKU-1154,2025-07-04,18,0,0
R01,SKU-1154,05-Jul-25,24,2,1
R01,SKU-1154,2025-07-06,19,0,0
R01,SKU-1154,07/07/2025,13,0,0
R01,SKU-1154,07/08/2025,22,0,0
R01,SKU-1154,2025-07-09,20,0,0
R01,SKU-1154,10-Jul-25,18,0,0
R01,SKU-1154,2025-07-11,13,0,0
R01,SKU-1154,2025-07-12,18,0,0
R01,SKU-1154,2025-07-13,15,0,0
R01,SKU-1154,14-Jul-25,17,0,0
R01,SKU-1154,2025-07-15,21,0,0
R01,SKU-1154,2025-07-16,28,0,1
R01,SKU-1154,2025-07-17,13,1,0
R01,SKU-1154,2025-07-18,22,0,0
R01,SKU-1154,19-Jul-25,23,1,0
R01,SKU-1154,07/20/2025,30,1,0
R01,SKU-1154,07/21/2025,23,1,0
R01,SKU-1154,22-Jul-25,24,1,0
R01,SKU-1154,2025-07-23,18,1,1
R01,SKU-1154,2025-07-24,20,1,0
R01,SKU-1154,07/25/2025,17,0,0
R01,SKU-1154,2025-07-26,17,0,0
R01,SKU-1154,2025-07-27,22,0,0
R01,SKU-1154,2025-07-28,17,0,0
R01,SKU-1154,07/29/2025,23,0,0
R01,SKU-1154,2025-07-30,19,0,0
R01,SKU-1154,2025-07-31,17,0,0
R01,SKU-1273,2025-07-01,32,0,0
R01,SKU-1273,07/02/2025,30,1,0
R01,SKU-1273,07/03/2025,33,0,0
R01,SKU-1273,04-Jul-25,32,0,0
R01,SKU-1273,2025-07-05,39,0,0
R01,SKU-1273,07/06/2025,39,0,0
R01,SKU-1273,07/07/2025,27,0,0
R01,SKU-1273,07/08/2025,30,1,0
R01,SKU-1273,2025-07-09,31,0,1
R01,SKU-1273,2025-07-10,27,1,0
R01,SKU-1273,2025-07-11,36,0,0
R01,SKU-1273,07/12/2025,26,0,0
R01,SKU-1273,2025-07-13,27,0,0
R01,SKU-1273,2025-07-14,31,0,0
R01,SKU-1273,15-Jul-25,26,0,0
R01,SKU-1273,2025-07-16,34,1,0
R01,SKU-1273,2025-07-17,31,1,0
R01,SKU-1273,2025-07-18,28,1,0
R01,SKU-1273,19-Jul-25,29,0,0
R01,SKU-1273,2025-07-20,28,1,0
R01,SKU-1273,2025-07-21,28,0,0
R01,SKU-1273,2025-07-22,29,0,1
R01,SKU-1273,2025-07-23,29,0,0
R01,SKU-1273,2025-07-24,38,1,0
R01,SKU-1273,07/25/2025,33,0,0
R01,SKU-1273,2025-07-26,28,0,0
R01,SKU-1273,07/27/2025,26,0,0
R01,SKU-1273,2025-07-28,30,0,0
R01,SKU-1273,2025-07-29,20,0,0
R01,SKU-1273,07/30/2025,19,1,0
R01,SKU-1273,07/31/2025,38,0,0
R02,SKU-1119,01-Jul-25,5,0,0
R02,SKU-1119,2025-07-02,2,0,0
R02,SKU-1119,2025-07-03,4,1,0
R02,SKU-1119,2025-07-04,2,1,0
R02,SKU-1119,2025-07-05,7,1,0
R02,SKU-1119,2025-07-06,4,1,0
R02,SKU-1119,2025-07-07,2,0,0
R02,SKU-1119,2025-07-08,0,2,1
R02,SKU-1119,09-Jul-25,3,1,0
R02,SKU-1119,10-Jul-25,8,0,0
R02,SKU-1119,11-Jul-25,2,0,1
R02,SKU-1119,2025-07-12,6,0,0
R02,SKU-1119,07/13/2025,2,0,1
R02,SKU-1119,2025-07-14,4,1,0
R02,SKU-1119,2025-07-15,2,0,0
R02,SKU-1119,2025-07-16,3,1,0
R02,SKU-1119,2025-07-17,2,0,0
R02,SKU-1119,2025-07-18,4,0,0
R02,SKU-1119,2025-07-19,4,0,0
R02,SKU-1119,2025-07-20,5,0,0
R02,SKU-1119,2025-07-21,3,0,0
R02,SKU-1119,2025-07-22,4,0,0
R02,SKU-1119,07/23/2025,1,1,0
R02,SKU-1119,2025-07-24,3,0,1
R02,SKU-1119,07/25/2025,8,0,0
R02,SKU-1119,07/26/2025,5,0,0
R02,SKU-1119,07/27/2025,7,0,0
R02,SKU-1119,2025-07-28,3,1,0
R02,SKU-1119,2025-07-29,3,1,0
R02,SKU-1119,2025-07-30,1,0,0
R02,SKU-1119,2025-07-31,4,0,0
R02,SKU-1252,2025-07-01,21,1,0
R02,SKU-1252,2025-07-02,21,1,0
R02,SKU-1252,2025-07-03,33,1,1
R02,SKU-1252,2025-07-04,33,0,0
R02,SKU-1252,2025-07-05,44,0,0
R02,SKU-1252,07/06/2025,29,0,0
R02,SKU-1252,2025-07-07,30,0,0
R02,SKU-1252,07/08/2025,36,0,0
R02,SKU-1252,2025-07-09,20,1,1
R02,SKU-1252,10-Jul-25,43,0,0
R02,SKU-1252,11-Jul-25,31,0,0
R02,SKU-1252,12-Jul-25,33,0,0
R02,SKU-1252,07/13/2025,30,0,0
R02,SKU-1252,2025-07-14,36,1,0
R02,SKU-1252,2025-07-15,24,0,0
R02,SKU-1252,2025-07-16,38,0,0
R02,SKU-1252,2025-07-17,35,1,1
R02,SKU-1252,2025-07-18,28,0,1
R02,SKU-1252,2025-07-19,21,0,0
R02,SKU-1252,2025-07-20,35,1,0
R02,SKU-1252,2025-07-21,23,1,0
R02,SKU-1252,07/22/2025,32,0,0
R02,SKU-1252,07/23/2025,30,0,0
R02,SKU-1252,07/24/2025,28,0,0
R02,SKU-1252,2025-07-25,30,0,0
R02,SKU-1252,2025-07-26,35,1,0
R02,SKU-1252,27-Jul-25,25,0,0
R02,SKU-1252,07/28/2025,25,1,0
R02,SKU-1252,07/29/2025,28,0,0
R02,SKU-1252,2025-07-30,37,0,0
R02,SKU-1252,2025-07-31,37,0,0
R02,SKU-1238,01-Jul-25,17,0,0
R02,SKU-1238,2025-07-02,16,0,0
R02,SKU-1238,2025-07-03,23,1,0
R02,SKU-1238,2025-07-04,19,0,1
R02,SKU-1238,2025-07-05,23,0,0
R02,SKU-1238,2025-07-06,21,0,0
R02,SKU-1238,2025-07-07,13,1,0
R02,SKU-1238,08-Jul-25,11,0,0
R02,SKU-1238,2025-07-09,21,0,0
R02,SKU-1238,2025-07-10,11,0,1
R02,SKU-1238,07/11/2025,12,0,0
R02,SKU-1238,2025-07-12,27,0,0
R02,SKU-1238,2025-07-13,17,1,0
R02,SKU-1238,07/14/2025,19,1,0
R02,SKU-1238,07/15/2025,20,0,0
R02,SKU-1238,2025-07-16,19,0,0
R02,SKU-1238,2025-07-17,15,2,0
R02,SKU-1238,18-Jul-25,13,0,0
R02,SKU-1238,2025-07-19,21,0,0
R02,SKU-1238,2025-07-20,14,1,0
R02,SKU-1238,07/21/2025,16,0,0
R02,SKU-1238,2025-07-22,23,0,0
R02,SKU-1238,2025-07-23,15,0,0
R02,SKU-1238,2025-07-24,19,1,0
R02,SKU-1238,2025-07-25,16,0,0
R02,SKU-1238,2025-07-26,23,0,0
R02,SKU-1238,2025-07-27,15,0,0
R02,SKU-1238,2025-07-28,21,0,0
R02,SKU-1238,2025-07-29,19,0,0
R02,SKU-1238,2025-07-30,17,0,0
R02,SKU-1238,31-Jul-25,16,0,0
R02,SKU-1161,01-Jul-25,10,1,0
R02,SKU-1161,07/02/2025,12,0,0
R02,SKU-1161,03-Jul-25,16,0,0
R02,SKU-1161,2025-07-04,18,0,0
R02,SKU-1161,07/05/2025,12,0,0
R02,SKU-1161,06-Jul-25,13,0,0
R02,SKU-1161,07/07/2025,17,1,0
R02,SKU-1161,2025-07-08,15,0,0
R02,SKU-1161,2025-07-09,20,0,0
R02,SKU-1161,10-Jul-25,8,0,0
R02,SKU-1161,11-Jul-25,12,0,0
R02,SKU-1161,2025-07-12,15,1,0
R02,SKU-1161,07/13/2025,8,0,0
R02,SKU-1161,2025-07-14,14,0,0
R02,SKU-1161,2025-07-15,11,0,0
R02,SKU-1161,07/16/2025,17,0,0
R02,SKU-1161,07/17/2025,13,0,0
R02,SKU-1161,2025-07-18,14,0,0
R02,SKU-1161,2025-07-19,10,1,0
R02,SKU-1161,07/20/2025,14,1,0
R02,SKU-1161,2025-07-21,16,2,0
R02,SKU-1161,2025-07-22,14,0,0
R02,SKU-1161,2025-07-23,8,0,1
R02,SKU-1161,07/24/2025,12,1,0
R02,SKU-1161,25-Jul-25,14,0,1
R02,SKU-1161,2025-07-26,13,1,0
R02,SKU-1161,2025-07-27,11,0,0
R02,SKU-1161,28-Jul-25,10,1,0
R02,SKU-1161,29-Jul-25,22,2,1
R02,SKU-1161,07/30/2025,27,1,1
R02,SKU-1161,2025-07-31,11,0,0
R02,SKU-1224,07/01/2025,40,1,0
R02,SKU-1224,02-Jul-25,37,0,0
R02,SKU-1224,2025-07-03,33,1,0
R02,SKU-1224,2025-07-04,30,0,0
R02,SKU-1224,2025-07-05,35,0,0
R02,SKU-1224,2025-07-06,25,0,0
R02,SKU-1224,2025-07-07,28,0,1
R02,SKU-1224,07/08/2025,32,0,0
R02,SKU-1224,07/09/2025,30,0,0
R02,SKU-1224,2025-07-10,32,1,0
R02,SKU-1224,2025-07-11,28,2,0
R02,SKU-1224,07/12/2025,33,2,0
R02,SKU-1224,2025-07-13,27,0,1
R02,SKU-1224,07/14/2025,35,0,0
R02,SKU-1224,07/15/2025,34,0,0
R02,SKU-1224,16-Jul-25,21,1,0
R02,SKU-1224,07/17/2025,36,0,0
R02,SKU-1224,2025-07-18,40,0,0
R02,SKU-1224,07/19/2025,26,1,0
R02,SKU-1224,07/20/2025,33,0,0
R02,SKU-1224,21-Jul-25,33,0,0
R02,SKU-1224,2025-07-22,32,0,0
R02,SKU-1224,07/23/2025,33,1,0
R02,SKU-1224,07/24/2025,32,2,0
R02,SKU-1224,07/25/2025,34,0,0
R02,SKU-1224,07/26/2025,41,0,0
R02,SKU-1224,27-Jul-25,32,0,1
R02,SKU-1224,28-Jul-25,26,0,1
R02,SKU-1224,07/29/2025,37,1,0
R02,SKU-1224,2025-07-30,36,0,0
R02,SKU-1224,31-Jul-25,31,0,0
R02,SKU-1084,01-Jul-25,21,0,0
R02,SKU-1084,2025-07-02,17,0,0
R02,SKU-1084,07/03/2025,19,0,0
R02,SKU-1084,04-Jul-25,17,0,0
R02,SKU-1084,2025-07-05,15,0,0
R02,SKU-1084,2025-07-06,12,0,0
R02,SKU-1084,07-Jul-25,9,0,0
R02,SKU-1084,2025-07-08,14,0,0
R02,SKU-1084,2025-07-09,15,1,0
R02,SKU-1084,10-Jul-25,16,0,0
R02,SKU-1084,07/11/2025,16,0,0
R02,SKU-1084,2025-07-12,14,0,0
R02,SKU-1084,2025-07-13,14,0,1
R02,SKU-1084,2025-07-14,16,0,0
R02,SKU-1084,07/15/2025,18,1,0
R02,SKU-1084,2025-07-16,17,1,0
R02,SKU-1084,07/17/2025,11,0,0
R02,SKU-1084,2025-07-18,17,0,1
R02,SKU-1084,2025-07-19,22,0,0
R02,SKU-1084,2025-07-20,17,0,1
R02,SKU-1084,2025-07-21,18,0,0
R02,SKU-1084,22-Jul-25,16,0,0
R02,SKU-1084,23-Jul-25,19,0,0
R02,SKU-1084,2025-07-24,19,2,0
R02,SKU-1084,25-Jul-25,16,0,0
R02,SKU-1084,2025-07-26,20,1,0
R02,SKU-1084,2025-07-27,14,2,0
R02,SKU-1084,2025-07-28,11,0,0
R02,SKU-1084,07/29/2025,23,0,0
R02,SKU-1084,30-Jul-25,13,0,0
R02,SKU-1084,2025-07-31,21,1,0
R02,SKU-1028,07/01/2025,24,0,0
R02,SKU-1028,2025-07-02,30,0,0
R02,SKU-1028,2025-07-03,32,2,1
R02,SKU-1028,07/04/2025,33,0,0
R02,SKU-1028,2025-07-05,38,1,0
R02,SKU-1028,07/06/2025,35,1,0
R02,SKU-1028,07/07/2025,37,0,0
R02,SKU-1028,07/08/2025,36,0,0
R02,SKU-1028,07/09/2025,37,0,0
R02,SKU-1028,2025-07-10,34,0,0
R02,SKU-1028,07/11/2025,38,1,1
R02,SKU-1028,2025-07-12,35,0,0
R02,SKU-1028,2025-07-13,27,0,0
R02,SKU-1028,2025-07-14,38,0,0
R02,SKU-1028,2025-07-15,20,0,0
R02,SKU-1028,07/16/2025,26,0,0
R02,SKU-1028,17-Jul-25,26,0,0
R02,SKU-1028,2025-07-18,32,1,1
R02,SKU-1028,19-Jul-25,34,0,0
R02,SKU-1028,2025-07-20,27,1,0
R02,SKU-1028,21-Jul-25,31,0,0
R02,SKU-1028,2025-07-22,29,1,0
R02,SKU-1028,07/23/2025,38,0,0
R02,SKU-1028,2025-07-24,40,1,0
R02,SKU-1028,07/25/2025,41,1,0
R02,SKU-1028,2025-07-26,32,2,1
R02,SKU-1028,07/27/2025,28,0,1
R02,SKU-1028,2025-07-28,27,0,0
R02,SKU-1028,07/29/2025,27,1,0
R02,SKU-1028,30-Jul-25,40,0,1
R02,SKU-1028,07/31/2025,22,1,0
R02,SKU-1140,2025-07-01,17,0,0
R02,SKU-1140,2025-07-02,22,2,0
R02,SKU-1140,2025-07-03,14,1,0
R02,SKU-1140,2025-07-04,19,0,0
R02,SKU-1140,2025-07-05,25,0,0
R02,SKU-1140,2025-07-06,28,0,1
R02,SKU-1140,2025-07-07,13,2,0
R02,SKU-1140,2025-07-08,21,0,0
R02,SKU-1140,2025-07-09,15,1,0
R02,SKU-1140,07/10/2025,19,1,0
R02,SKU-1140,11-Jul-25,10,0,0
R02,SKU-1140,2025-07-12,23,2,0
R02,SKU-1140,2025-07-13,13,1,0
R02,SKU-1140,14-Jul-25,20,0,0
R02,SKU-1140,2025-07-15,27,0,1
R02,SKU-1140,2025-07-16,20,0,0
R02,SKU-1140,07/17/2025,10,0,0
R02,SKU-1140,2025-07-18,14,1,0
R02,SKU-1140,2025-07-19,23,0,0
R02,SKU-1140,2025-07-20,11,0,0
R02,SKU-1140,07/21/2025,24,0,0
R02,SKU-1140,07/22/2025,18,0,0
R02,SKU-1140,2025-07-23,24,0,0
R02,SKU-1140,2025-07-24,17,1,0
R02,SKU-1140,07/25/2025,23,0,0
R02,SKU-1140,2025-07-26,22,1,0
R02,SKU-1140,07/27/2025,16,0,0
R02,SKU-1140,28-Jul-25,24,1,0
R02,SKU-1140,29-Jul-25,23,1,0
R02,SKU-1140,2025-07-30,16,0,0
R02,SKU-1140,2025-07-31,17,0,0
R02,SKU-1217,01-Jul-25,22,0,0
R02,SKU-1217,02-Jul-25,20,0,1
R02,SKU-1217,07/03/2025,16,1,0
R02,SKU-1217,07/04/2025,14,1,0
R02,SKU-1217,2025-07-05,27,1,0
R02,SKU-1217,07/06/2025,21,0,0
R02,SKU-1217,2025-07-07,18,0,0
R02,SKU-1217,08-Jul-25,32,1,0
R02,SKU-1217,07/09/2025,20,2,0
R02,SKU-1217,07/10/2025,19,0,0
R02,SKU-1217,2025-07-11,18,0,1
R02,SKU-1217,12-Jul-25,26,0,0
R02,SKU-1217,07/13/2025,15,0,0
R02,SKU-1217,2025-07-14,14,0,0
R02,SKU-1217,07/15/2025,27,1,0
R02,SKU-1217,2025-07-16,23,0,1
R02,SKU-1217,2025-07-17,21,1,0
R02,SKU-1217,2025-07-18,25,1,0
R02,SKU-1217,2025-07-19,24,0,0
R02,SKU-1217,2025-07-20,21,1,0
R02,SKU-1217,2025-07-21,15,1,0
R02,SKU-1217,2025-07-22,20,0,0
R02,SKU-1217,2025-07-23,23,2,0
R02,SKU-1217,07/24/2025,25,1,0
R02,SKU-1217,2025-07-25,19,0,0
R02,SKU-1217,07/26/2025,25,0,1
R02,SKU-1217,27-Jul-25,23,0,0
R02,SKU-1217,07/28/2025,25,0,0
R02,SKU-1217,07/29/2025,27,1,0
R02,SKU-1217,2025-07-30,30,0,0
R02,SKU-1217,2025-07-31,18,0,0
R02,SKU-1112,2025-07-01,19,0,1
R02,SKU-1112,07/02/2025,26,0,0
R02,SKU-1112,2025-07-03,14,0,0
R02,SKU-1112,2025-07-04,7,0,0
R02,SKU-1112,07/05/2025,21,0,0
R02,SKU-1112,2025-07-06,21,0,0
R02,SKU-1112,2025-07-07,14,0,0
R02,SKU-1112,2025-07-08,16,1,0
R02,SKU-1112,07/09/2025,15,0,0
R02,SKU-1112,07/10/2025,26,0,0
R02,SKU-1112,2025-07-11,16,1,0
R02,SKU-1112,2025-07-12,12,0,0
R02,SKU-1112,2025-07-13,14,0,0
R02,SKU-1112,07/14/2025,12,0,0
R02,SKU-1112,2025-07-15,17,1,0
R02,SKU-1112,2025-07-16,13,1,0
R02,SKU-1112,2025-07-17,6,0,0
R02,SKU-1112,2025-07-18,21,0,0
R02,SKU-1112,07/19/2025,17,0,0
R02,SKU-1112,2025-07-20,11,1,0
R02,SKU-1112,07/21/2025,16,0,0
R02,SKU-1112,2025-07-22,19,1,0
R02,SKU-1112,2025-07-23,16,0,0
R02,SKU-1112,24-Jul-25,14,0,0
R02,SKU-1112,25-Jul-25,17,0,0
R02,SKU-1112,2025-07-26,17,1,0
R02,SKU-1112,27-Jul-25,16,1,0
R02,SKU-1112,07/28/2025,12,0,0
R02,SKU-1112,07/29/2025,15,0,0
R02,SKU-1112,30-Jul-25,11,0,0
R02,SKU-1112,2025-07-31,19,1,0
R02,SKU-1245,01-Jul-25,8,0,0
R02,SKU-1245,2025-07-02,10,0,0
R02,SKU-1245,03-Jul-25,9,2,0
R02,SKU-1245,2025-07-04,6,0,0
R02,SKU-1245,07/05/2025,7,0,1
R02,SKU-1245,07/06/2025,6,0,0
R02,SKU-1245,2025-07-07,6,0,1
R02,SKU-1245,2025-07-08,8,0,0
R02,SKU-1245,09-Jul-25,8,0,0
R02,SKU-1245,2025-07-10,12,0,0
R02,SKU-1245,2025-07-11,10,0,0
R02,SKU-1245,07/12/2025,9,0,0
R02,SKU-1245,13-Jul-25,9,0,0
R02,SKU-1245,2025-07-14,11,1,0
R02,SKU-1245,2025-07-15,12,0,0
R02,SKU-1245,2025-07-16,10,0,0
R02,SKU-1245,2025-07-17,7,0,0
R02,SKU-1245,18-Jul-25,6,0,0
R02,SKU-1245,07/19/2025,6,0,0
R02,SKU-1245,2025-07-20,9,2,0
R02,SKU-1245,2025-07-21,7,0,0
R02,SKU-1245,07/22/2025,7,0,0
R02,SKU-1245,23-Jul-25,4,1,0
R02,SKU-1245,2025-07-24,5,0,0
R02,SKU-1245,2025-07-25,8,0,0
R02,SKU-1245,2025-07-26,8,0,0
R02,SKU-1245,27-Jul-25,8,0,0
R02,SKU-1245,07/28/2025,7,1,0
R02,SKU-1245,07/29/2025,10,0,0
R02,SKU-1245,2025-07-30,4,0,1
R02,SKU-1245,2025-07-31,6,1,1
R02,SKU-1210,01-Jul-25,11,0,0
R02,SKU-1210,2025-07-02,15,0,0
R02,SKU-1210,03-Jul-25,11,0,0
R02,SKU-1210,07/04/2025,13,1,1
R02,SKU-1210,2025-07-05,15,0,0
R02,SKU-1210,06-Jul-25,20,0,0
R02,SKU-1210,2025-07-07,13,0,0
R02,SKU-1210,2025-07-08,8,4,0
R02,SKU-1210,09-Jul-25,14,0,0
R02,SKU-1210,2025-07-10,11,0,0
R02,SKU-1210,2025-07-11,11,2,0
R02,SKU-1210,12-Jul-25,15,0,0
R02,SKU-1210,2025-07-13,12,0,0
R02,SKU-1210,07/14/2025,12,0,0
R02,SKU-1210,2025-07-15,10,1,0
R02,SKU-1210,2025-07-16,14,1,0
R02,SKU-1210,07/17/2025,12,0,0
R02,SKU-1210,2025-07-18,20,0,0
R02,SKU-1210,2025-07-19,16,0,0
R02,SKU-1210,2025-07-20,16,0,0
R02,SKU-1210,07/21/2025,9,1,0
R02,SKU-1210,22-Jul-25,14,0,0
R02,SKU-1210,07/23/2025,13,0,1
R02,SKU-1210,2025-07-24,10,1,0
R02,SKU-1210,2025-07-25,11,0,0
R02,SKU-1210,07/26/2025,12,0,0
R02,SKU-1210,07/27/2025,11,0,0
R02,SKU-1210,2025-07-28,9,0,0
R02,SKU-1210,2025-07-29,14,1,0
R02,SKU-1210,2025-07-30,21,0,0
R02,SKU-1210,2025-07-31,16,1,0
R02,SKU-1063,2025-07-01,29,1,0
R02,SKU-1063,02-Jul-25,32,0,0
R02,SKU-1063,03-Jul-25,36,1,0
R02,SKU-1063,07/04/2025,31,1,0
R02,SKU-1063,2025-07-05,20,0,0
R02,SKU-1063,2025-07-06,37,2,1
R02,SKU-1063,2025-07-07,29,2,0
R02,SKU-1063,07/08/2025,31,0,0
R02,SKU-1063,07/09/2025,23,0,1
R02,SKU-1063,2025-07-10,35,2,0
R02,SKU-1063,11-Jul-25,44,0,0
R02,SKU-1063,07/12/2025,32,0,0
R02,SKU-1063,07/13/2025,31,1,0
R02,SKU-1063,07/14/2025,30,0,1
R02,SKU-1063,2025-07-15,27,1,0
R02,SKU-1063,07/16/2025,28,3,0
R02,SKU-1063,17-Jul-25,31,1,1
R02,SKU-1063,2025-07-18,28,1,0
R02,SKU-1063,19-Jul-25,39,1,0
R02,SKU-1063,07/20/2025,31,0,0
R02,SKU-1063,2025-07-21,26,2,0
R02,SKU-1063,07/22/2025,26,1,0
R02,SKU-1063,2025-07-23,30,1,1
R02,SKU-1063,2025-07-24,28,0,0
R02,SKU-1063,2025-07-25,32,0,0
R02,SKU-1063,2025-07-26,42,1,0
R02,SKU-1063,2025-07-27,26,0,1
R02,SKU-1063,07/28/2025,28,0,1
R02,SKU-1063,2025-07-29,34,0,1
R02,SKU-1063,07/30/2025,29,0,0
R02,SKU-1063,07/31/2025,34,0,0
R02,SKU-1203,2025-07-01,22,1,0
R02,SKU-1203,07/02/2025,16,0,0
R02,SKU-1203,07/03/2025,22,0,0
R02,SKU-1203,2025-07-04,15,0,0
R02,SKU-1203,05-Jul-25,23,0,1
R02,SKU-1203,06-Jul-25,29,1,0
R02,SKU-1203,2025-07-07,27,1,0
R02,SKU-1203,2025-07-08,19,0,0
R02,SKU-1203,2025-07-09,29,1,0
R02,SKU-1203,07/10/2025,24,1,0
R02,SKU-1203,07/11/2025,19,2,0
R02,SKU-1203,2025-07-12,22,0,1
R02,SKU-1203,2025-07-13,27,0,0
R02,SKU-1203,2025-07-14,33,0,0
R02,SKU-1203,07/15/2025,27,0,0
R02,SKU-1203,16-Jul-25,20,0,0
R02,SKU-1203,2025-07-17,25,0,0
R02,SKU-1203,2025-07-18,28,0,0
R02,SKU-1203,2025-07-19,24,1,0
R02,SKU-1203,07/20/2025,23,0,0
R02,SKU-1203,2025-07-21,27,0,0
R02,SKU-1203,2025-07-22,25,1,1
R02,SKU-1203,2025-07-23,28,0,0
R02,SKU-1203,2025-07-24,19,0,0
R02,SKU-1203,25-Jul-25,24,0,0
R02,SKU-1203,2025-07-26,25,0,0
R02,SKU-1203,2025-07-27,25,1,0
R02,SKU-1203,2025-07-28,17,1,0
R02,SKU-1203,07/29/2025,23,0,0
R02,SKU-1203,2025-07-30,28,0,0
R02,SKU-1203,2025-07-31,27,0,0
R02,SKU-1021,2025-07-01,27,1,0
R02,SKU-1021,07/02/2025,23,1,0
R02,SKU-1021,03-Jul-25,29,0,0
R02,SKU-1021,2025-07-04,22,1,0
R02,SKU-1021,2025-07-05,26,0,0
R02,SKU-1021,06-Jul-25,17,0,0
R02,SKU-1021,2025-07-07,26,1,0
R02,SKU-1021,2025-07-08,18,1,0
R02,SKU-1021,2025-07-09,23,1,0
R02,SKU-1021,2025-07-10,22,0,0
R02,SKU-1021,2025-07-11,38,0,0
R02,SKU-1021,2025-07-12,17,0,1
R02,SKU-1021,2025-07-13,22,0,1
R02,SKU-1021,2025-07-14,35,1,0
R02,SKU-1021,2025-07-15,25,0,0
R02,SKU-1021,07/16/2025,22,0,0
R02,SKU-1021,2025-07-17,24,0,0
R02,SKU-1021,2025-07-18,26,2,0
R02,SKU-1021,2025-07-19,36,0,0
R02,SKU-1021,07/20/2025,28,0,0
R02,SKU-1021,07/21/2025,27,1,0
R02,SKU-1021,22-Jul-25,19,1,0
R02,SKU-1021,2025-07-23,22,0,1
R02,SKU-1021,2025-07-24,29,0,0
R02,SKU-1021,2025-07-25,35,0,0
R02,SKU-1021,2025-07-26,37,0,0
R02,SKU-1021,07/27/2025,21,1,0
R02,SKU-1021,2025-07-28,24,0,0
R02,SKU-1021,29-Jul-25,25,0,0
R02,SKU-1021,2025-07-30,34,0,0
R02,SKU-1021,2025-07-31,37,0,0
R02,SKU-1189,2025-07-01,15,1,1
R02,SKU-1189,02-Jul-25,16,1,0
R02,SKU-1189,2025-07-03,17,1,1
R02,SKU-1189,2025-07-04,27,0,0
R02,SKU-1189,2025-07-05,16,0,0
R02,SKU-1189,2025-07-06,21,0,0
R02,SKU-1189,07/07/2025,24,2,1
R02,SKU-1189,07/08/2025,10,0,0
R02,SKU-1189,2025-07-09,32,0,1
R02,SKU-1189,10-Jul-25,14,0,0
R02,SKU-1189,07/11/2025,20,0,1
R02,SKU-1189,2025-07-12,19,0,0
R02,SKU-1189,2025-07-13,15,0,0
R02,SKU-1189,14-Jul-25,29,0,0
R02,SKU-1189,2025-07-15,11,0,0
R02,SKU-1189,16-Jul-25,20,0,0
R02,SKU-1189,2025-07-17,16,0,0
R02,SKU-1189,2025-07-18,20,0,0
R02,SKU-1189,2025-07-19,24,0,0
R02,SKU-1189,20-Jul-25,22,1,0
R02,SKU-1189,07/21/2025,18,2,0
R02,SKU-1189,2025-07-22,16,0,0
R02,SKU-1189,2025-07-23,17,1,0
R02,SKU-1189,2025-07-24,13,0,0
R02,SKU-1189,2025-07-25,20,0,0
R02,SKU-1189,2025-07-26,24,0,0
R02,SKU-1189,07/27/2025,21,1,0
R02,SKU-1189,07/28/2025,17,1,0
R02,SKU-1189,07/29/2025,15,1,0
R02,SKU-1189,2025-07-30,14,0,0
R02,SKU-1189,2025-07-31,16,0,0
R02,SKU-1175,2025-07-01,32,0,0
R02,SKU-1175,2025-07-02,21,0,0
R02,SKU-1175,2025-07-03,26,0,0
R02,SKU-1175,2025-07-04,17,0,1
R02,SKU-1175,07/05/2025,20,0,0
R02,SKU-1175,2025-07-06,31,1,0
R02,SKU-1175,07-Jul-25,21,1,0
R02,SKU-1175,07/08/2025,31,2,0
R02,SKU-1175,2025-07-09,32,1,1
R02,SKU-1175,2025-07-10,30,1,0
R02,SKU-1175,2025-07-11,31,1,0
R02,SKU-1175,12-Jul-25,26,1,0
R02,SKU-1175,2025-07-13,21,2,0
R02,SKU-1175,2025-07-14,29,0,0
R02,SKU-1175,2025-07-15,25,0,0
R02,SKU-1175,2025-07-16,25,1,0
R02,SKU-1175,2025-07-17,17,0,0
R02,SKU-1175,2025-07-18,30,0,0
R02,SKU-1175,2025-07-19,24,0,0
R02,SKU-1175,2025-07-20,30,1,0
R02,SKU-1175,21-Jul-25,29,1,0
R02,SKU-1175,2025-07-22,26,0,0
R02,SKU-1175,23-Jul-25,19,0,0
R02,SKU-1175,2025-07-24,29,0,0
R02,SKU-1175,2025-07-25,26,0,0
R02,SKU-1175,2025-07-26,21,0,0
R02,SKU-1175,2025-07-27,22,0,0
R02,SKU-1175,2025-07-28,25,0,0
R02,SKU-1175,2025-07-29,14,0,0
R02,SKU-1175,30-Jul-25,29,0,0
R02,SKU-1175,07/31/2025,22,0,1
R02,SKU-1042,2025-07-01,18,0,0
R02,SKU-1042,2025-07-02,19,0,0
R02,SKU-1042,2025-07-03,30,2,0
R02,SKU-1042,2025-07-04,21,0,0
R02,SKU-1042,2025-07-05,21,0,0
R02,SKU-1042,2025-07-06,23,1,0
R02,SKU-1042,2025-07-07,19,0,0
R02,SKU-1042,07/08/2025,29,1,0
R02,SKU-1042,2025-07-09,26,2,0
R02,SKU-1042,10-Jul-25,22,0,0
R02,SKU-1042,2025-07-11,30,1,0
R02,SKU-1042,2025-07-12,28,0,0
R02,SKU-1042,2025-07-13,19,2,0
R02,SKU-1042,2025-07-14,29,0,1
R02,SKU-1042,2025-07-15,22,0,0
R02,SKU-1042,07/16/2025,21,0,0
R02,SKU-1042,2025-07-17,29,0,0
R02,SKU-1042,18-Jul-25,25,0,0
R02,SKU-1042,2025-07-19,30,0,0
R02,SKU-1042,20-Jul-25,34,1,0
R02,SKU-1042,2025-07-21,24,1,0
R02,SKU-1042,2025-07-22,22,0,0
R02,SKU-1042,23-Jul-25,21,0,0
R02,SKU-1042,24-Jul-25,24,0,0
R02,SKU-1042,2025-07-25,33,1,0
R02,SKU-1042,2025-07-26,27,1,0
R02,SKU-1042,27-Jul-25,29,0,0
R02,SKU-1042,28-Jul-25,27,0,1
R02,SKU-1042,29-Jul-25,20,0,0
R02,SKU-1042,2025-07-30,23,0,0
R02,SKU-1042,07/31/2025,21,2,0
R02,SKU-1007,2025-07-01,17,1,0
R02,SKU-1007,02-Jul-25,10,0,0
R02,SKU-1007,07/03/2025,8,0,0
R02,SKU-1007,04-Jul-25,13,0,0
R02,SKU-1007,2025-07-05,7,0,0
R02,SKU-1007,07/06/2025,11,1,0
R02,SKU-1007,2025-07-07,14,0,0
R02,SKU-1007,2025-07-08,26,0,0
R02,SKU-1007,2025-07-09,10,0,0
R02,SKU-1007,2025-07-10,15,0,1
R02,SKU-1007,2025-07-11,15,0,0
R02,SKU-1007,2025-07-12,22,0,1
R02,SKU-1007,13-Jul-25,13,0,0
R02,SKU-1007,14-Jul-25,10,0,0
R02,SKU-1007,2025-07-15,16,1,0
R02,SKU-1007,07/16/2025,12,0,0
R02,SKU-1007,2025-07-17,14,1,1
R02,SKU-1007,2025-07-18,7,0,0
R02,SKU-1007,2025-07-19,17,1,0
R02,SKU-1007,20-Jul-25,19,1,0
R02,SKU-1007,21-Jul-25,11,0,0
R02,SKU-1007,2025-07-22,18,0,0
R02,SKU-1007,2025-07-23,16,0,1
R02,SKU-1007,2025-07-24,14,0,0
R02,SKU-1007,2025-07-25,9,1,0
R02,SKU-1007,26-Jul-25,11,0,0
R02,SKU-1007,2025-07-27,18,1,0
R02,SKU-1007,2025-07-28,19,0,0
R02,SKU-1007,2025-07-29,18,0,0
R02,SKU-1007,07/30/2025,12,0,0
R02,SKU-1007,07/31/2025,18,0,0
R02,SKU-1126,2025-07-01,33,0,0
R02,SKU-1126,2025-07-02,30,0,0
R02,SKU-1126,07/03/2025,22,1,0
R02,SKU-1126,2025-07-04,21,0,0
R02,SKU-1126,2025-07-05,23,2,0
R02,SKU-1126,2025-07-06,37,2,0
R02,SKU-1126,07-Jul-25,16,1,1
R02,SKU-1126,2025-07-08,28,1,0
R02,SKU-1126,2025-07-09,27,0,0
R02,SKU-1126,2025-07-10,25,1,0
R02,SKU-1126,2025-07-11,20,0,0
R02,SKU-1126,07/12/2025,35,0,0
R02,SKU-1126,13-Jul-25,30,0,1
R02,SKU-1126,07/14/2025,22,0,0
R02,SKU-1126,2025-07-15,27,0,0
R02,SKU-1126,07/16/2025,31,0,0
R02,SKU-1126,07/17/2025,30,0,0
R02,SKU-1126,07/18/2025,38,0,0
R02,SKU-1126,2025-07-19,31,1,1
R02,SKU-1126,20-Jul-25,25,0,0
R02,SKU-1126,2025-07-21,25,1,0
R02,SKU-1126,2025-07-22,30,0,0
R02,SKU-1126,2025-07-23,34,0,0
R02,SKU-1126,2025-07-24,31,0,0
R02,SKU-1126,25-Jul-25,25,1,0
R02,SKU-1126,2025-07-26,25,1,0
R02,SKU-1126,2025-07-27,17,0,0
R02,SKU-1126,2025-07-28,28,1,0
R02,SKU-1126,2025-07-29,27,0,0
R02,SKU-1126,2025-07-30,32,0,0
R02,SKU-1126,2025-07-31,34,0,0
R02,SKU-1273,2025-07-01,17,0,0
R02,SKU-1273,2025-07-02,27,0,0
R02,SKU-1273,2025-07-03,18,0,1
R02,SKU-1273,2025-07-04,23,0,0
R02,SKU-1273,2025-07-05,31,0,0
R02,SKU-1273,2025-07-06,29,2,0
R02,SKU-1273,2025-07-07,25,2,1
R02,SKU-1273,2025-07-08,15,1,0
R02,SKU-1273,09-Jul-25,28,1,1
R02,SKU-1273,2025-07-10,28,0,0
R02,SKU-1273,2025-07-11,28,0,0
R02,SKU-1273,2025-07-12,25,0,0
R02,SKU-1273,13-Jul-25,26,0,0
R02,SKU-1273,2025-07-14,18,0,1
R02,SKU-1273,07/15/2025,13,0,0
R02,SKU-1273,07/16/2025,22,0,1
R02,SKU-1273,07/17/2025,17,0,0
R02,SKU-1273,07/18/2025,24,0,1
R02,SKU-1273,2025-07-19,30,1,0
R02,SKU-1273,2025-07-20,15,0,0
R02,SKU-1273,2025-07-21,22,0,0
R02,SKU-1273,2025-07-22,16,0,0
R02,SKU-1273,07/23/2025,19,0,0
R02,SKU-1273,2025-07-24,20,0,0
R02,SKU-1273,2025-07-25,15,2,0
R02,SKU-1273,2025-07-26,19,0,0
R02,SKU-1273,2025-07-27,14,1,0
R02,SKU-1273,07/28/2025,23,0,0
R02,SKU-1273,2025-07-29,27,0,0
R02,SKU-1273,07/30/2025,22,0,0
R02,SKU-1273,2025-07-31,19,1,0
R02,SKU-1056,07/01/2025,12,1,0
R02,SKU-1056,2025-07-02,25,1,0
R02,SKU-1056,03-Jul-25,19,1,0
R02,SKU-1056,2025-07-04,21,0,0
R02,SKU-1056,07/05/2025,20,2,0
R02,SKU-1056,07/06/2025,26,0,0
R02,SKU-1056,2025-07-07,14,0,0
R02,SKU-1056,07/08/2025,17,1,0
R02,SKU-1056,2025-07-09,20,0,0
R02,SKU-1056,2025-07-10,18,0,0
R02,SKU-1056,2025-07-11,12,0,0
R02,SKU-1056,2025-07-12,19,1,0
R02,SKU-1056,07/13/2025,18,0,1
R02,SKU-1056,07/14/2025,11,0,0
R02,SKU-1056,15-Jul-25,19,3,0
R02,SKU-1056,2025-07-16,15,0,0
R02,SKU-1056,07/17/2025,18,2,0
R02,SKU-1056,18-Jul-25,17,0,0
R02,SKU-1056,07/19/2025,14,0,1
R02,SKU-1056,2025-07-20,14,0,0
R02,SKU-1056,2025-07-21,15,1,0
R02,SKU-1056,2025-07-22,20,1,0
R02,SKU-1056,2025-07-23,19,0,1
R02,SKU-1056,2025-07-24,15,0,0
R02,SKU-1056,25-Jul-25,25,0,0
R02,SKU-1056,26-Jul-25,16,0,0
R02,SKU-1056,2025-07-27,14,0,0
R02,SKU-1056,07/28/2025,20,0,0
R02,SKU-1056,2025-07-29,20,0,0
R02,SKU-1056,07/30/2025,17,1,0
R02,SKU-1056,2025-07-31,19,0,0
R02,SKU-1280,2025-07-01,16,0,0
R02,SKU-1280,2025-07-02,22,1,0
R02,SKU-1280,03-Jul-25,16,0,0
R02,SKU-1280,04-Jul-25,26,0,0
R02,SKU-1280,07/05/2025,22,1,0
R02,SKU-1280,2025-07-06,17,0,0
R02,SKU-1280,2025-07-07,20,0,1
R02,SKU-1280,2025-07-08,16,2,0
R02,SKU-1280,07/09/2025,17,0,0
R02,SKU-1280,2025-07-10,17,2,0
R02,SKU-1280,2025-07-11,18,0,0
R02,SKU-1280,12-Jul-25,22,0,0
R02,SKU-1280,2025-07-13,18,0,0
R02,SKU-1280,2025-07-14,27,1,0
R02,SKU-1280,2025-07-15,19,0,1
R02,SKU-1280,07/16/2025,19,0,0
R02,SKU-1280,07/17/2025,34,3,0
R02,SKU-1280,2025-07-18,14,1,0
R02,SKU-1280,19-Jul-25,12,2,0
R02,SKU-1280,2025-07-20,21,0,0
R02,SKU-1280,07/21/2025,17,0,0
R02,SKU-1280,2025-07-22,19,1,0
R02,SKU-1280,2025-07-23,21,0,0
R02,SKU-1280,2025-07-24,23,1,0
R02,SKU-1280,2025-07-25,22,0,1
R02,SKU-1280,2025-07-26,23,0,0
R02,SKU-1280,2025-07-27,12,1,0
R02,SKU-1280,2025-07-28,18,1,1
R02,SKU-1280,2025-07-29,10,1,0
R02,SKU-1280,2025-07-30,24,0,0
R02,SKU-1280,2025-07-31,11,0,0
R02,SKU-1259,2025-07-01,25,0,0
R02,SKU-1259,2025-07-02,21,0,0
R02,SKU-1259,2025-07-03,21,1,0
R02,SKU-1259,07/04/2025,28,0,0
R02,SKU-1259,05-Jul-25,33,0,0
R02,SKU-1259,07/06/2025,24,1,0
R02,SKU-1259,2025-07-07,16,1,0
R02,SKU-1259,2025-07-08,14,1,0
R02,SKU-1259,2025-07-09,17,0,0
R02,SKU-1259,07/10/2025,30,1,0
R02,SKU-1259,2025-07-11,24,0,0
R02,SKU-1259,2025-07-12,26,0,1
R02,SKU-1259,2025-07-13,24,0,0
R02,SKU-1259,2025-07-14,19,1,1
R02,SKU-1259,07/15/2025,26,1,0
R02,SKU-1259,2025-07-16,16,1,0
R02,SKU-1259,2025-07-17,29,0,0
R02,SKU-1259,2025-07-18,28,1,0
R02,SKU-1259,2025-07-19,24,0,0
R02,SKU-1259,2025-07-20,16,1,0
R02,SKU-1259,21-Jul-25,29,0,0
R02,SKU-1259,2025-07-22,20,0,0
R02,SKU-1259,2025-07-23,23,1,0
R02,SKU-1259,07/24/2025,22,0,0
R02,SKU-1259,25-Jul-25,20,0,0
R02,SKU-1259,2025-07-26,25,0,0
R02,SKU-1259,07/27/2025,22,0,1
R02,SKU-1259,2025-07-28,29,0,0
R02,SKU-1259,2025-07-29,25,1,0
R02,SKU-1259,30-Jul-25,25,0,0
R02,SKU-1259,07/31/2025,21,1,0
R03,SKU-1091,07/01/2025,12,0,0
R03,SKU-1091,02-Jul-25,7,2,1
R03,SKU-1091,07/03/2025,17,0,0
R03,SKU-1091,2025-07-04,10,0,0
R03,SKU-1091,2025-07-05,14,0,0
R03,SKU-1091,2025-07-06,6,0,0
R03,SKU-1091,2025-07-07,11,0,0
R03,SKU-1091,07/08/2025,9,0,0
R03,SKU-1091,2025-07-09,11,0,0
R03,SKU-1091,2025-07-10,7,2,0
R03,SKU-1091,2025-07-11,8,0,0
R03,SKU-1091,2025-07-12,10,1,0
R03,SKU-1091,2025-07-13,14,0,0
R03,SKU-1091,07/14/2025,14,0,0
R03,SKU-1091,07/15/2025,11,0,0
R03,SKU-1091,16-Jul-25,13,0,0
R03,SKU-1091,2025-07-17,9,0,0
R03,SKU-1091,2025-07-18,17,1,1
R03,SKU-1091,2025-07-19,7,0,0
R03,SKU-1091,2025-07-20,13,1,0
R03,SKU-1091,2025-07-21,7,0,1
R03,SKU-1091,2025-07-22,12,0,0
R03,SKU-1091,2025-07-23,24,0,0
R03,SKU-1091,07/24/2025,18,0,0
R03,SKU-1091,07/25/2025,13,0,0
R03,SKU-1091,07/26/2025,10,1,0
R03,SKU-1091,2025-07-27,13,0,0
R03,SKU-1091,28-Jul-25,12,1,0
R03,SKU-1091,07/29/2025,14,0,0
R03,SKU-1091,2025-07-30,12,0,0
R03,SKU-1091,07/31/2025,4,0,0
R03,SKU-1140,07/01/2025,29,2,0
R03,SKU-1140,07/02/2025,23,0,0
R03,SKU-1140,2025-07-03,27,0,1
R03,SKU-1140,2025-07-04,24,0,0
R03,SKU-1140,2025-07-05,29,0,0
R03,SKU-1140,2025-07-06,39,0,0
R03,SKU-1140,2025-07-07,24,0,0
R03,SKU-1140,2025-07-08,29,0,0
R03,SKU-1140,07/09/2025,15,1,1
R03,SKU-1140,2025-07-10,30,1,0
R03,SKU-1140,11-Jul-25,26,0,0
R03,SKU-1140,2025-07-12,34,0,0
R03,SKU-1140,2025-07-13,25,0,0
R03,SKU-1140,2025-07-14,23,0,0
R03,SKU-1140,2025-07-15,25,0,1
R03,SKU-1140,2025-07-16,33,2,1
R03,SKU-1140,2025-07-17,22,0,0
R03,SKU-1140,18-Jul-25,24,0,1
R03,SKU-1140,07/19/2025,18,0,0
R03,SKU-1140,2025-07-20,29,0,0
R03,SKU-1140,2025-07-21,41,0,0
R03,SKU-1140,2025-07-22,23,1,0
R03,SKU-1140,2025-07-23,28,0,0
R03,SKU-1140,2025-07-24,25,0,1
R03,SKU-1140,07/25/2025,25,0,0
R03,SKU-1140,2025-07-26,25,0,0
R03,SKU-1140,07/27/2025,33,0,1
R03,SKU-1140,2025-07-28,32,1,1
R03,SKU-1140,2025-07-29,30,0,0
R03,SKU-1140,07/30/2025,20,0,0
R03,SKU-1140,07/31/2025,29,0,0
R03,SKU-1035,07/01/2025,26,0,0
R03,SKU-1035,2025-07-02,25,1,0
R03,SKU-1035,2025-07-03,24,0,1
R03,SKU-1035,04-Jul-25,30,0,0
R03,SKU-1035,07/05/2025,36,1,0
R03,SKU-1035,2025-07-06,23,3,0
R03,SKU-1035,2025-07-07,34,0,0
R03,SKU-1035,2025-07-08,26,1,1
R03,SKU-1035,2025-07-09,19,0,0
R03,SKU-1035,07/10/2025,30,0,0
R03,SKU-1035,07/11/2025,36,1,0
R03,SKU-1035,07/12/2025,21,0,0
R03,SKU-1035,13-Jul-25,22,0,0
R03,SKU-1035,07/14/2025,24,1,0
R03,SKU-1035,15-Jul-25,22,0,0
R03,SKU-1035,2025-07-16,30,0,1
R03,SKU-1035,2025-07-17,40,0,0
R03,SKU-1035,07/18/2025,27,0,0
R03,SKU-1035,2025-07-19,26,0,0
R03,SKU-1035,20-Jul-25,17,1,0
R03,SKU-1035,07/21/2025,35,0,0
R03,SKU-1035,07/22/2025,25,0,0
R03,SKU-1035,2025-07-23,20,0,0
R03,SKU-1035,2025-07-24,33,1,0
R03,SKU-1035,2025-07-25,23,0,0
R03,SKU-1035,2025-07-26,21,0,0
R03,SKU-1035,2025-07-27,18,0,0
R03,SKU-1035,2025-07-28,25,0,0
R03,SKU-1035,2025-07-29,26,1,0
R03,SKU-1035,2025-07-30,20,1,0
R03,SKU-1035,2025-07-31,27,2,1
R03,SKU-1098,07/01/2025,28,1,0
R03,SKU-1098,2025-07-02,27,1,0
R03,SKU-1098,03-Jul-25,24,2,1
R03,SKU-1098,2025-07-04,24,2,0
R03,SKU-1098,05-Jul-25,32,0,0
R03,SKU-1098,2025-07-06,33,0,0
R03,SKU-1098,2025-07-07,31,0,0
R03,SKU-1098,2025-07-08,26,1,0
R03,SKU-1098,07/09/2025,46,0,0
R03,SKU-1098,07/10/2025,34,0,0
R03,SKU-1098,07/11/2025,25,0,0
R03,SKU-1098,2025-07-12,32,0,0
R03,SKU-1098,07/13/2025,31,0,0
R03,SKU-1098,07/14/2025,24,0,0
R03,SKU-1098,07/15/2025,26,1,0
R03,SKU-1098,07/16/2025,24,0,0
R03,SKU-1098,2025-07-17,22,1,1
R03,SKU-1098,07/18/2025,23,1,0
R03,SKU-1098,2025-07-19,25,0,0
R03,SKU-1098,20-Jul-25,19,1,0
R03,SKU-1098,2025-07-21,29,0,0
R03,SKU-1098,2025-07-22,26,0,1
R03,SKU-1098,2025-07-23,35,0,0
R03,SKU-1098,2025-07-24,27,0,0
R03,SKU-1098,07/25/2025,30,0,0
R03,SKU-1098,2025-07-26,25,1,0
R03,SKU-1098,2025-07-27,32,1,0
R03,SKU-1098,2025-07-28,26,2,0
R03,SKU-1098,07/29/2025,29,0,0
R03,SKU-1098,2025-07-30,23,1,0
R03,SKU-1098,07/31/2025,25,1,0
R03,SKU-1049,2025-07-01,12,0,0
R03,SKU-1049,2025-07-02,20,0,0
R03,SKU-1049,03-Jul-25,18,0,0
R03,SKU-1049,2025-07-04,10,1,0
R03,SKU-1049,07/05/2025,14,0,0
R03,SKU-1049,2025-07-06,10,0,0
R03,SKU-1049,07/07/2025,14,0,0
R03,SKU-1049,2025-07-08,8,0,0
R03,SKU-1049,2025-07-09,9,1,0
R03,SKU-1049,2025-07-10,7,2,0
R03,SKU-1049,07/11/2025,13,0,0
R03,SKU-1049,12-Jul-25,13,1,0
R03,SKU-1049,2025-07-13,14,0,0
R03,SKU-1049,07/14/2025,16,0,0
R03,SKU-1049,2025-07-15,13,2,0
R03,SKU-1049,07/16/2025,8,1,0
R03,SKU-1049,2025-07-17,14,0,0
R03,SKU-1049,18-Jul-25,11,3,0
R03,SKU-1049,07/19/2025,5,0,0
R03,SKU-1049,2025-07-20,12,0,0
R03,SKU-1049,2025-07-21,14,0,0
R03,SKU-1049,2025-07-22,12,0,1
R03,SKU-1049,07/23/2025,14,1,0
R03,SKU-1049,24-Jul-25,13,0,0
R03,SKU-1049,2025-07-25,6,0,0
R03,SKU-1049,2025-07-26,16,0,1
R03,SKU-1049,2025-07-27,13,0,0
R03,SKU-1049,28-Jul-25,13,0,0
R03,SKU-1049,2025-07-29,12,0,0
R03,SKU-1049,2025-07-30,13,0,0
R03,SKU-1049,2025-07-31,12,0,0
R03,SKU-1161,2025-07-01,27,0,0
R03,SKU-1161,2025-07-02,33,0,0
R03,SKU-1161,2025-07-03,34,0,0
R03,SKU-1161,2025-07-04,27,0,0
R03,SKU-1161,2025-07-05,35,0,0
R03,SKU-1161,07/06/2025,28,0,0
R03,SKU-1161,2025-07-07,30,0,0
R03,SKU-1161,07/08/2025,31,0,0
R03,SKU-1161,07/09/2025,23,2,0
R03,SKU-1161,2025-07-10,32,0,0
R03,SKU-1161,2025-07-11,32,0,1
R03,SKU-1161,2025-07-12,38,1,0
R03,SKU-1161,07/13/2025,36,0,0
R03,SKU-1161,2025-07-14,36,0,0
R03,SKU-1161,2025-07-15,29,0,0
R03,SKU-1161,2025-07-16,33,0,0
R03,SKU-1161,2025-07-17,31,0,0
R03,SKU-1161,2025-07-18,24,0,1
R03,SKU-1161,19-Jul-25,28,0,0
R03,SKU-1161,2025-07-20,34,1,0
R03,SKU-1161,07/21/2025,36,1,0
R03,SKU-1161,2025-07-22,26,0,0
R03,SKU-1161,2025-07-23,25,0,0
R03,SKU-1161,07/24/2025,22,1,0
R03,SKU-1161,07/25/2025,31,0,0
R03,SKU-1161,2025-07-26,25,1,1
R03,SKU-1161,2025-07-27,36,0,0
R03,SKU-1161,2025-07-28,23,0,0
R03,SKU-1161,2025-07-29,30,1,0
R03,SKU-1161,2025-07-30,39,0,0
R03,SKU-1161,07/31/2025,38,0,0
R03,SKU-1063,2025-07-01,6,1,0
R03,SKU-1063,2025-07-02,7,0,0
R03,SKU-1063,07/03/2025,8,0,0
R03,SKU-1063,2025-07-04,6,0,0
R03,SKU-1063,2025-07-05,6,0,0
R03,SKU-1063,2025-07-06,8,0,0
R03,SKU-1063,2025-07-07,9,0,0
R03,SKU-1063,2025-07-08,6,0,1
R03,SKU-1063,2025-07-09,8,0,0
R03,SKU-1063,07/10/2025,5,0,1
R03,SKU-1063,2025-07-11,7,2,1
R03,SKU-1063,2025-07-12,7,0,0
R03,SKU-1063,13-Jul-25,4,0,0
R03,SKU-1063,2025-07-14,10,1,0
R03,SKU-1063,2025-07-15,11,0,0
R03,SKU-1063,2025-07-16,3,1,0
R03,SKU-1063,2025-07-17,7,1,0
R03,SKU-1063,2025-07-18,5,1,1
R03,SKU-1063,2025-07-19,9,0,0
R03,SKU-1063,2025-07-20,5,0,0
R03,SKU-1063,2025-07-21,8,1,0
R03,SKU-1063,07/22/2025,6,3,0
R03,SKU-1063,2025-07-23,9,0,0
R03,SKU-1063,07/24/2025,5,0,0
R03,SKU-1063,2025-07-25,8,0,0
R03,SKU-1063,2025-07-26,6,0,0
R03,SKU-1063,2025-07-27,5,1,0
R03,SKU-1063,28-Jul-25,4,0,0
R03,SKU-1063,2025-07-29,9,0,0
R03,SKU-1063,2025-07-30,10,0,0
R03,SKU-1063,2025-07-31,7,0,0
R03,SKU-1224,2025-07-01,23,0,0
R03,SKU-1224,02-Jul-25,13,0,0
R03,SKU-1224,03-Jul-25,13,1,1
R03,SKU-1224,2025-07-04,20,1,0
R03,SKU-1224,05-Jul-25,12,1,0
R03,SKU-1224,2025-07-06,22,1,0
R03,SKU-1224,07/07/2025,26,0,0
R03,SKU-1224,2025-07-08,16,1,1
R03,SKU-1224,2025-07-09,17,0,0
R03,SKU-1224,07/10/2025,21,0,0
R03,SKU-1224,2025-07-11,19,0,1
R03,SKU-1224,2025-07-12,7,0,0
R03,SKU-1224,2025-07-13,13,0,0
R03,SKU-1224,14-Jul-25,19,0,0
R03,SKU-1224,2025-07-15,16,0,0
R03,SKU-1224,07/16/2025,13,0,0
R03,SKU-1224,07/17/2025,15,0,0
R03,SKU-1224,2025-07-18,20,0,1
R03,SKU-1224,19-Jul-25,14,0,0
R03,SKU-1224,2025-07-20,21,2,0
R03,SKU-1224,2025-07-21,19,1,0
R03,SKU-1224,2025-07-22,16,1,1
R03,SKU-1224,2025-07-23,19,0,1
R03,SKU-1224,07/24/2025,12,0,0
R03,SKU-1224,2025-07-25,17,1,0
R03,SKU-1224,2025-07-26,19,2,0
R03,SKU-1224,2025-07-27,18,0,0
R03,SKU-1224,07/28/2025,11,0,1
R03,SKU-1224,2025-07-29,18,1,0
R03,SKU-1224,2025-07-30,16,0,0
R03,SKU-1224,07/31/2025,12,0,0
R03,SKU-1084,2025-07-01,16,0,0
R03,SKU-1084,2025-07-02,12,0,0
R03,SKU-1084,2025-07-03,8,0,0
R03,SKU-1084,2025-07-04,6,0,0
R03,SKU-1084,2025-07-05,12,0,0
R03,SKU-1084,06-Jul-25,17,0,0
R03,SKU-1084,2025-07-07,19,0,0
R03,SKU-1084,2025-07-08,13,2,0
R03,SKU-1084,07/09/2025,10,0,0
R03,SKU-1084,2025-07-10,13,1,0
R03,SKU-1084,2025-07-11,15,0,0
R03,SKU-1084,07/12/2025,7,1,0
R03,SKU-1084,2025-07-13,8,0,0
R03,SKU-1084,2025-07-14,7,0,0
R03,SKU-1084,07/15/2025,10,0,0
R03,SKU-1084,2025-07-16,11,2,0
R03,SKU-1084,2025-07-17,10,0,0
R03,SKU-1084,2025-07-18,13,0,0
R03,SKU-1084,19-Jul-25,9,1,0
R03,SKU-1084,20-Jul-25,10,0,0
R03,SKU-1084,21-Jul-25,8,2,0
R03,SKU-1084,2025-07-22,16,0,0
R03,SKU-1084,2025-07-23,15,0,0
R03,SKU-1084,2025-07-24,11,0,0
R03,SKU-1084,2025-07-25,8,0,0
R03,SKU-1084,07/26/2025,14,0,0
R03,SKU-1084,27-Jul-25,8,0,0
R03,SKU-1084,07/28/2025,11,0,1
R03,SKU-1084,2025-07-29,14,0,0
R03,SKU-1084,2025-07-30,11,0,0
R03,SKU-1084,07/31/2025,19,0,0
R03,SKU-1126,01-Jul-25,28,0,0
R03,SKU-1126,02-Jul-25,34,0,0
R03,SKU-1126,2025-07-03,30,0,1
R03,SKU-1126,2025-07-04,27,1,0
R03,SKU-1126,2025-07-05,23,0,1
R03,SKU-1126,07/06/2025,33,1,1
R03,SKU-1126,07/07/2025,37,0,0
R03,SKU-1126,2025-07-08,28,1,0
R03,SKU-1126,07/09/2025,33,0,0
R03,SKU-1126,2025-07-10,25,1,0
R03,SKU-1126,07/11/2025,27,0,1
R03,SKU-1126,07/12/2025,25,0,0
R03,SKU-1126,2025-07-13,31,1,0
R03,SKU-1126,2025-07-14,29,0,0
R03,SKU-1126,2025-07-15,29,0,0
R03,SKU-1126,07/16/2025,31,0,0
R03,SKU-1126,07/17/2025,33,0,0
R03,SKU-1126,2025-07-18,29,0,0
R03,SKU-1126,2025-07-19,35,0,0
R03,SKU-1126,2025-07-20,23,0,0
R03,SKU-1126,07/21/2025,28,0,1
R03,SKU-1126,2025-07-22,28,1,0
R03,SKU-1126,2025-07-23,28,0,1
R03,SKU-1126,2025-07-24,30,0,0
R03,SKU-1126,2025-07-25,33,1,0
R03,SKU-1126,2025-07-26,33,1,0
R03,SKU-1126,07/27/2025,30,1,0
R03,SKU-1126,28-Jul-25,33,0,0
R03,SKU-1126,2025-07-29,27,0,0
R03,SKU-1126,2025-07-30,30,0,0
R03,SKU-1126,2025-07-31,20,0,0
R03,SKU-1007,01-Jul-25,6,0,0
R03,SKU-1007,2025-07-02,4,1,0
R03,SKU-1007,2025-07-03,6,1,0
R03,SKU-1007,2025-07-04,7,0,0
R03,SKU-1007,2025-07-05,8,1,0
R03,SKU-1007,2025-07-06,2,0,0
R03,SKU-1007,2025-07-07,7,0,0
R03,SKU-1007,2025-07-08,3,0,0
R03,SKU-1007,07/09/2025,3,0,0
R03,SKU-1007,10-Jul-25,5,0,0
R03,SKU-1007,11-Jul-25,5,0,1
R03,SKU-1007,12-Jul-25,5,0,1
R03,SKU-1007,2025-07-13,7,0,0
R03,SKU-1007,2025-07-14,3,0,0
R03,SKU-1007,2025-07-15,7,1,0
R03,SKU-1007,2025-07-16,7,0,0
R03,SKU-1007,2025-07-17,5,0,0
R03,SKU-1007,2025-07-18,7,0,0
R03,SKU-1007,19-Jul-25,3,0,1
R03,SKU-1007,2025-07-20,4,0,0
R03,SKU-1007,07/21/2025,5,0,1
R03,SKU-1007,07/22/2025,5,0,1
R03,SKU-1007,23-Jul-25,4,1,0
R03,SKU-1007,07/24/2025,4,0,0
R03,SKU-1007,07/25/2025,4,0,0
R03,SKU-1007,2025-07-26,8,0,1
R03,SKU-1007,07/27/2025,3,0,1
R03,SKU-1007,2025-07-28,4,0,0
R03,SKU-1007,2025-07-29,1,1,0
R03,SKU-1007,2025-07-30,6,1,0
R03,SKU-1007,2025-07-31,10,0,0
R03,SKU-1021,01-Jul-25,27,2,1
R03,SKU-1021,07/02/2025,29,0,0
R03,SKU-1021,2025-07-03,33,0,0
R03,SKU-1021,2025-07-04,26,0,0
R03,SKU-1021,2025-07-05,31,0,1
R03,SKU-1021,06-Jul-25,25,1,0
R03,SKU-1021,07/07/2025,26,0,0
R03,SKU-1021,08-Jul-25,43,0,0
R03,SKU-1021,09-Jul-25,38,0,0
R03,SKU-1021,07/10/2025,32,1,0
R03,SKU-1021,07/11/2025,34,0,0
R03,SKU-1021,07/12/2025,21,0,0
R03,SKU-1021,07/13/2025,29,2,0
R03,SKU-1021,14-Jul-25,40,0,0
R03,SKU-1021,2025-07-15,26,0,0
R03,SKU-1021,07/16/2025,34,0,0
R03,SKU-1021,07/17/2025,32,0,0
R03,SKU-1021,2025-07-18,30,2,0
R03,SKU-1021,2025-07-19,28,0,0
R03,SKU-1021,2025-07-20,29,0,0
R03,SKU-1021,2025-07-21,28,0,0
R03,SKU-1021,2025-07-22,24,2,0
R03,SKU-1021,2025-07-23,32,1,0
R03,SKU-1021,2025-07-24,23,0,1
R03,SKU-1021,2025-07-25,32,1,0
R03,SKU-1021,2025-07-26,29,0,0
R03,SKU-1021,2025-07-27,31,1,0
R03,SKU-1021,2025-07-28,27,0,0
R03,SKU-1021,2025-07-29,27,0,0
R03,SKU-1021,07/30/2025,26,1,0
R03,SKU-1021,07/31/2025,36,0,0
R03,SKU-1119,2025-07-01,32,0,0
R03,SKU-1119,07/02/2025,38,0,0
R03,SKU-1119,2025-07-03,30,1,0
R03,SKU-1119,2025-07-04,28,0,0
R03,SKU-1119,2025-07-05,34,0,0
R03,SKU-1119,2025-07-06,41,0,0
R03,SKU-1119,2025-07-07,29,0,1
R03,SKU-1119,2025-07-08,32,0,0
R03,SKU-1119,2025-07-09,33,0,0
R03,SKU-1119,10-Jul-25,35,0,0
R03,SKU-1119,2025-07-11,38,0,0
R03,SKU-1119,2025-07-12,24,0,0
R03,SKU-1119,13-Jul-25,42,1,0
R03,SKU-1119,2025-07-14,32,0,0
R03,SKU-1119,07/15/2025,31,0,1
R03,SKU-1119,2025-07-16,31,1,1
R03,SKU-1119,2025-07-17,30,0,0
R03,SKU-1119,2025-07-18,37,0,0
R03,SKU-1119,2025-07-19,29,0,0
R03,SKU-1119,20-Jul-25,30,0,0
R03,SKU-1119,2025-07-21,35,0,1
R03,SKU-1119,07/22/2025,30,1,0
R03,SKU-1119,07/23/2025,22,0,1
R03,SKU-1119,2025-07-24,26,0,0
R03,SKU-1119,2025-07-25,38,0,0
R03,SKU-1119,2025-07-26,29,0,0
R03,SKU-1119,2025-07-27,30,0,0
R03,SKU-1119,2025-07-28,42,1,0
R03,SKU-1119,2025-07-29,47,0,1
R03,SKU-1119,30-Jul-25,24,0,0
R03,SKU-1119,2025-07-31,29,0,0
R03,SKU-1070,07/01/2025,18,1,0
R03,SKU-1070,07/02/2025,11,0,0
R03,SKU-1070,03-Jul-25,17,0,1
R03,SKU-1070,07/04/2025,10,0,0
R03,SKU-1070,2025-07-05,12,0,0
R03,SKU-1070,2025-07-06,14,1,0
R03,SKU-1070,2025-07-07,17,0,0
R03,SKU-1070,2025-07-08,17,0,0
R03,SKU-1070,2025-07-09,18,1,1
R03,SKU-1070,10-Jul-25,16,0,0
R03,SKU-1070,07/11/2025,19,0,0
R03,SKU-1070,07/12/2025,13,0,0
R03,SKU-1070,2025-07-13,16,0,1
R03,SKU-1070,07/14/2025,13,0,0
R03,SKU-1070,07/15/2025,17,0,0
R03,SKU-1070,2025-07-16,17,0,0
R03,SKU-1070,2025-07-17,15,0,0
R03,SKU-1070,2025-07-18,19,0,0
R03,SKU-1070,2025-07-19,16,0,0
R03,SKU-1070,2025-07-20,15,1,0
R03,SKU-1070,07/21/2025,13,0,1
R03,SKU-1070,07/22/2025,17,2,0
R03,SKU-1070,2025-07-23,18,0,0
R03,SKU-1070,2025-07-24,13,1,1
R03,SKU-1070,2025-07-25,20,1,0
R03,SKU-1070,07/26/2025,27,0,0
R03,SKU-1070,27-Jul-25,14,0,0
R03,SKU-1070,28-Jul-25,14,1,0
R03,SKU-1070,07/29/2025,17,1,0
R03,SKU-1070,2025-07-30,16,2,0
R03,SKU-1070,2025-07-31,15,0,0
R03,SKU-1252,2025-07-01,21,2,1
R03,SKU-1252,07/02/2025,16,0,0
R03,SKU-1252,07/03/2025,18,0,0
R03,SKU-1252,07/04/2025,25,0,0
R03,SKU-1252,2025-07-05,30,1,0
R03,SKU-1252,2025-07-06,34,1,0
R03,SKU-1252,07/07/2025,40,1,1
R03,SKU-1252,07/08/2025,31,0,0
R03,SKU-1252,07/09/2025,29,2,0
R03,SKU-1252,2025-07-10,25,1,0
R03,SKU-1252,2025-07-11,28,0,0
R03,SKU-1252,2025-07-12,21,0,0
R03,SKU-1252,13-Jul-25,17,0,0
R03,SKU-1252,2025-07-14,21,1,1
R03,SKU-1252,2025-07-15,30,0,0
R03,SKU-1252,2025-07-16,23,0,0
R03,SKU-1252,2025-07-17,30,1,0
R03,SKU-1252,2025-07-18,29,0,0
R03,SKU-1252,07/19/2025,23,2,0
R03,SKU-1252,20-Jul-25,34,1,0
R03,SKU-1252,07/21/2025,24,1,0
R03,SKU-1252,2025-07-22,22,1,0
R03,SKU-1252,23-Jul-25,36,0,0
R03,SKU-1252,24-Jul-25,21,1,0
R03,SKU-1252,2025-07-25,23,0,0
R03,SKU-1252,26-Jul-25,17,0,0
R03,SKU-1252,27-Jul-25,26,1,0
R03,SKU-1252,07/28/2025,19,1,0
R03,SKU-1252,2025-07-29,30,0,0
R03,SKU-1252,2025-07-30,35,1,0
R03,SKU-1252,2025-07-31,22,1,0
R03,SKU-1112,2025-07-01,33,0,0
R03,SKU-1112,02-Jul-25,21,1,0
R03,SKU-1112,2025-07-03,28,0,0
R03,SKU-1112,07/04/2025,28,1,0
R03,SKU-1112,2025-07-05,30,1,0
R03,SKU-1112,2025-07-06,38,1,0
R03,SKU-1112,2025-07-07,34,0,0
R03,SKU-1112,2025-07-08,28,1,0
R03,SKU-1112,07/09/2025,30,2,0
R03,SKU-1112,2025-07-10,22,0,0
R03,SKU-1112,2025-07-11,41,0,0
R03,SKU-1112,2025-07-12,32,0,0
R03,SKU-1112,2025-07-13,25,3,0
R03,SKU-1112,07/14/2025,23,0,0
R03,SKU-1112,2025-07-15,34,0,0
R03,SKU-1112,07/16/2025,19,0,0
R03,SKU-1112,07/17/2025,41,0,0
R03,SKU-1112,2025-07-18,25,0,0
R03,SKU-1112,2025-07-19,24,0,0
R03,SKU-1112,2025-07-20,26,1,0
R03,SKU-1112,2025-07-21,25,0,0
R03,SKU-1112,2025-07-22,27,0,0
R03,SKU-1112,2025-07-23,28,0,0
R03,SKU-1112,07/24/2025,22,0,0
R03,SKU-1112,07/25/2025,29,0,0
R03,SKU-1112,2025-07-26,27,0,0
R03,SKU-1112,07/27/2025,28,1,0
R03,SKU-1112,2025-07-28,23,0,0
R03,SKU-1112,29-Jul-25,25,1,0
R03,SKU-1112,2025-07-30,32,0,0
R03,SKU-1112,2025-07-31,30,2,0
R03,SKU-1175,07/01/2025,16,0,0
R03,SKU-1175,2025-07-02,20,0,0
R03,SKU-1175,2025-07-03,18,1,0
R03,SKU-1175,2025-07-04,19,0,0
R03,SKU-1175,07/05/2025,20,1,0
R03,SKU-1175,07/06/2025,18,0,0
R03,SKU-1175,07/07/2025,20,1,0
R03,SKU-1175,2025-07-08,17,0,0
R03,SKU-1175,2025-07-09,18,0,0
R03,SKU-1175,2025-07-10,23,2,0
R03,SKU-1175,07/11/2025,20,0,0
R03,SKU-1175,07/12/2025,16,0,0
R03,SKU-1175,2025-07-13,27,1,0
R03,SKU-1175,2025-07-14,16,1,1
R03,SKU-1175,15-Jul-25,14,1,0
R03,SKU-1175,2025-07-16,20,0,0
R03,SKU-1175,2025-07-17,17,0,0
R03,SKU-1175,07/18/2025,17,2,0
R03,SKU-1175,19-Jul-25,24,0,0
R03,SKU-1175,2025-07-20,16,0,0
R03,SKU-1175,2025-07-21,22,0,0
R03,SKU-1175,2025-07-22,13,0,1
R03,SKU-1175,2025-07-23,17,0,0
R03,SKU-1175,2025-07-24,21,0,0
R03,SKU-1175,2025-07-25,21,0,0
R03,SKU-1175,2025-07-26,21,0,0
R03,SKU-1175,2025-07-27,15,1,0
R03,SKU-1175,07/28/2025,13,1,0
R03,SKU-1175,2025-07-29,16,0,0
R03,SKU-1175,2025-07-30,20,0,1
R03,SKU-1175,2025-07-31,25,0,0
R03,SKU-1259,2025-07-01,33,0,0
R03,SKU-1259,2025-07-02,36,0,0
R03,SKU-1259,2025-07-03,25,1,0
R03,SKU-1259,2025-07-04,33,1,0
R03,SKU-1259,2025-07-05,41,2,0
R03,SKU-1259,2025-07-06,22,0,0
R03,SKU-1259,2025-07-07,33,0,0
R03,SKU-1259,07/08/2025,29,0,0
R03,SKU-1259,2025-07-09,41,0,0
R03,SKU-1259,07/10/2025,35,2,0
R03,SKU-1259,2025-07-11,31,0,0
R03,SKU-1259,2025-07-12,26,0,0
R03,SKU-1259,13-Jul-25,23,0,0
R03,SKU-1259,2025-07-14,39,1,1
R03,SKU-1259,15-Jul-25,23,2,0
R03,SKU-1259,2025-07-16,32,0,0
R03,SKU-1259,2025-07-17,34,0,0
R03,SKU-1259,2025-07-18,34,0,1
R03,SKU-1259,2025-07-19,24,1,0
R03,SKU-1259,07/20/2025,44,1,0
R03,SKU-1259,07/21/2025,33,0,0
R03,SKU-1259,22-Jul-25,33,0,0
R03,SKU-1259,07/23/2025,26,0,0
R03,SKU-1259,24-Jul-25,32,1,0
R03,SKU-1259,07/25/2025,33,0,0
R03,SKU-1259,2025-07-26,32,0,0
R03,SKU-1259,2025-07-27,36,0,0
R03,SKU-1259,2025-07-28,33,0,0
R03,SKU-1259,2025-07-29,31,0,0
R03,SKU-1259,30-Jul-25,30,0,0
R03,SKU-1259,2025-07-31,34,0,0
R03,SKU-1182,2025-07-01,5,0,0
R03,SKU-1182,2025-07-02,1,0,1
R03,SKU-1182,07/03/2025,3,0,0
R03,SKU-1182,2025-07-04,6,1,0
R03,SKU-1182,07/05/2025,5,0,0
R03,SKU-1182,07/06/2025,5,0,0
R03,SKU-1182,07-Jul-25,2,0,0
R03,SKU-1182,2025-07-08,2,0,1
R03,SKU-1182,2025-07-09,7,0,0
R03,SKU-1182,10-Jul-25,5,2,0
R03,SKU-1182,2025-07-11,3,1,0
R03,SKU-1182,2025-07-12,5,0,0
R03,SKU-1182,07/13/2025,5,0,0
R03,SKU-1182,07/14/2025,9,1,0
R03,SKU-1182,2025-07-15,4,0,0
R03,SKU-1182,2025-07-16,8,0,0
R03,SKU-1182,2025-07-17,7,1,0
R03,SKU-1182,18-Jul-25,6,1,1
R03,SKU-1182,19-Jul-25,5,1,0
R03,SKU-1182,2025-07-20,4,1,0
R03,SKU-1182,2025-07-21,2,0,0
R03,SKU-1182,2025-07-22,3,0,0
R03,SKU-1182,2025-07-23,4,1,0
R03,SKU-1182,2025-07-24,6,1,0
R03,SKU-1182,25-Jul-25,5,1,0
R03,SKU-1182,07/26/2025,8,0,0
R03,SKU-1182,07/27/2025,10,0,0
R03,SKU-1182,07/28/2025,4,2,1
R03,SKU-1182,2025-07-29,5,0,0
R03,SKU-1182,2025-07-30,6,1,0
R03,SKU-1182,2025-07-31,7,1,0
R03,SKU-1266,2025-07-01,22,0,0
R03,SKU-1266,07/02/2025,31,0,0
R03,SKU-1266,03-Jul-25,29,1,0
R03,SKU-1266,04-Jul-25,31,1,0
R03,SKU-1266,2025-07-05,33,0,0
R03,SKU-1266,2025-07-06,26,0,0
R03,SKU-1266,2025-07-07,16,0,1
R03,SKU-1266,2025-07-08,21,0,0
R03,SKU-1266,2025-07-09,17,1,0
R03,SKU-1266,07/10/2025,20,0,1
R03,SKU-1266,2025-07-11,31,1,0
R03,SKU-1266,2025-07-12,23,0,0
R03,SKU-1266,2025-07-13,31,0,0
R03,SKU-1266,14-Jul-25,28,0,0
R03,SKU-1266,2025-07-15,30,0,0
R03,SKU-1266,2025-07-16,36,0,1
R03,SKU-1266,2025-07-17,35,1,0
R03,SKU-1266,07/18/2025,35,1,0
R03,SKU-1266,2025-07-19,30,0,0
R03,SKU-1266,07/20/2025,33,2,0
R03,SKU-1266,07/21/2025,32,0,1
R03,SKU-1266,22-Jul-25,25,1,0
R03,SKU-1266,07/23/2025,37,0,0
R03,SKU-1266,2025-07-24,26,0,0
R03,SKU-1266,2025-07-25,25,0,0
R03,SKU-1266,2025-07-26,31,0,0
R03,SKU-1266,07/27/2025,34,0,0
R03,SKU-1266,2025-07-28,23,1,0
R03,SKU-1266,2025-07-29,26,0,0
R03,SKU-1266,2025-07-30,20,0,1
R03,SKU-1266,2025-07-31,30,0,0
R03,SKU-1077,2025-07-01,10,0,0
R03,SKU-1077,2025-07-02,24,0,0
R03,SKU-1077,2025-07-03,20,0,0
R03,SKU-1077,2025-07-04,10,0,0
R03,SKU-1077,2025-07-05,19,0,0
R03,SKU-1077,06-Jul-25,14,1,0
R03,SKU-1077,2025-07-07,16,0,1
R03,SKU-1077,2025-07-08,9,1,1
R03,SKU-1077,09-Jul-25,10,0,1
R03,SKU-1077,2025-07-10,21,0,0
R03,SKU-1077,2025-07-11,19,0,0
R03,SKU-1077,2025-07-12,13,0,0
R03,SKU-1077,13-Jul-25,17,1,0
R03,SKU-1077,07/14/2025,12,0,0
R03,SKU-1077,15-Jul-25,11,0,0
R03,SKU-1077,2025-07-16,14,1,0
R03,SKU-1077,07/17/2025,15,0,0
R03,SKU-1077,2025-07-18,21,0,0
R03,SKU-1077,2025-07-19,15,0,0
R03,SKU-1077,2025-07-20,19,0,0
R03,SKU-1077,2025-07-21,14,0,0
R03,SKU-1077,2025-07-22,12,0,0
R03,SKU-1077,2025-07-23,11,0,0
R03,SKU-1077,24-Jul-25,14,0,0
R03,SKU-1077,2025-07-25,24,1,0
R03,SKU-1077,2025-07-26,17,1,0
R03,SKU-1077,2025-07-27,15,1,0
R03,SKU-1077,2025-07-28,17,0,0
R03,SKU-1077,2025-07-29,11,1,0
R03,SKU-1077,07/30/2025,15,0,0
R03,SKU-1077,07/31/2025,16,0,0
R03,SKU-1280,07/01/2025,28,0,0
R03,SKU-1280,02-Jul-25,30,0,0
R03,SKU-1280,2025-07-03,29,0,0
R03,SKU-1280,07/04/2025,26,0,0
R03,SKU-1280,07/05/2025,31,0,0
R03,SKU-1280,2025-07-06,30,0,0
R03,SKU-1280,2025-07-07,24,0,0
R03,SKU-1280,2025-07-08,27,1,0
R03,SKU-1280,07/09/2025,32,1,0
R03,SKU-1280,10-Jul-25,18,0,0
R03,SKU-1280,07/11/2025,28,1,0
R03,SKU-1280,2025-07-12,33,0,0
R03,SKU-1280,2025-07-13,23,1,0
R03,SKU-1280,14-Jul-25,36,0,0
R03,SKU-1280,2025-07-15,27,0,0
R03,SKU-1280,2025-07-16,25,0,0
R03,SKU-1280,2025-07-17,26,0,0
R03,SKU-1280,18-Jul-25,32,0,0
R03,SKU-1280,2025-07-19,25,0,0
R03,SKU-1280,2025-07-20,29,1,0
R03,SKU-1280,21-Jul-25,34,0,1
R03,SKU-1280,2025-07-22,28,0,0
R03,SKU-1280,2025-07-23,31,0,1
R03,SKU-1280,2025-07-24,25,0,0
R03,SKU-1280,2025-07-25,33,0,0
R03,SKU-1280,07/26/2025,35,0,0
R03,SKU-1280,07/27/2025,18,1,0
R03,SKU-1280,2025-07-28,25,0,0
R03,SKU-1280,2025-07-29,34,0,0
R03,SKU-1280,30-Jul-25,25,0,1
R03,SKU-1280,2025-07-31,24,1,0
R03,SKU-1238,2025-07-01,29,2,0
R03,SKU-1238,02-Jul-25,21,1,0
R03,SKU-1238,07/03/2025,20,0,0
R03,SKU-1238,2025-07-04,26,0,0
R03,SKU-1238,07/05/2025,18,0,0
R03,SKU-1238,2025-07-06,20,0,0
R03,SKU-1238,2025-07-07,19,0,0
R03,SKU-1238,2025-07-08,27,2,0
R03,SKU-1238,2025-07-09,33,1,1
R03,SKU-1238,2025-07-10,29,2,0
R03,SKU-1238,2025-07-11,27,1,0
R03,SKU-1238,2025-07-12,33,0,0
R03,SKU-1238,07/13/2025,25,0,0
R03,SKU-1238,2025-07-14,28,0,0
R03,SKU-1238,15-Jul-25,29,1,0
R03,SKU-1238,2025-07-16,28,0,0
R03,SKU-1238,2025-07-17,27,0,0
R03,SKU-1238,2025-07-18,24,1,0
R03,SKU-1238,07/19/2025,23,0,0
R03,SKU-1238,2025-07-20,25,0,0
R03,SKU-1238,2025-07-21,25,0,0
R03,SKU-1238,22-Jul-25,35,1,1
R03,SKU-1238,2025-07-23,21,2,0
R03,SKU-1238,24-Jul-25,26,1,0
R03,SKU-1238,2025-07-25,20,0,0
R03,SKU-1238,2025-07-26,22,1,0
R03,SKU-1238,27-Jul-25,23,0,0
R03,SKU-1238,07/28/2025,23,0,0
R03,SKU-1238,29-Jul-25,26,0,1
R03,SKU-1238,2025-07-30,34,0,1
R03,SKU-1238,2025-07-31,23,0,0
R03,SKU-1217,01-Jul-25,9,0,0
R03,SKU-1217,02-Jul-25,11,1,0
R03,SKU-1217,2025-07-03,14,0,0
R03,SKU-1217,07/04/2025,9,1,1
R03,SKU-1217,07/05/2025,7,1,0
R03,SKU-1217,07/06/2025,11,0,0
R03,SKU-1217,2025-07-07,11,0,0
R03,SKU-1217,2025-07-08,4,1,0
R03,SKU-1217,09-Jul-25,12,0,0
R03,SKU-1217,07/10/2025,10,1,0
R03,SKU-1217,2025-07-11,9,0,0
R03,SKU-1217,2025-07-12,7,0,0
R03,SKU-1217,2025-07-13,11,1,0
R03,SKU-1217,14-Jul-25,12,0,0
R03,SKU-1217,2025-07-15,8,1,0
R03,SKU-1217,2025-07-16,13,1,0
R03,SKU-1217,2025-07-17,15,1,0
R03,SKU-1217,2025-07-18,8,2,0
R03,SKU-1217,19-Jul-25,6,0,0
R03,SKU-1217,2025-07-20,12,0,0
R03,SKU-1217,2025-07-21,8,0,0
R03,SKU-1217,2025-07-22,10,0,0
R03,SKU-1217,2025-07-23,9,0,0
R03,SKU-1217,2025-07-24,17,0,0
R03,SKU-1217,2025-07-25,10,2,0
R03,SKU-1217,2025-07-26,9,1,0
R03,SKU-1217,07/27/2025,10,0,0
R03,SKU-1217,07/28/2025,13,1,0
R03,SKU-1217,07/29/2025,14,1,0
R03,SKU-1217,2025-07-30,10,0,0
R03,SKU-1217,07/31/2025,16,0,0
R04,SKU-1056,2025-07-01,5,1,0
R04,SKU-1056,02-Jul-25,2,0,0
R04,SKU-1056,2025-07-03,12,0,0
R04,SKU-1056,2025-07-04,2,1,0
R04,SKU-1056,2025-07-05,2,0,0
R04,SKU-1056,06-Jul-25,2,0,0
R04,SKU-1056,07/07/2025,4,2,0
R04,SKU-1056,07/08/2025,2,1,0
R04,SKU-1056,2025-07-09,3,0,1
R04,SKU-1056,07/10/2025,7,0,0
R04,SKU-1056,11-Jul-25,7,2,0
R04,SKU-1056,2025-07-12,3,0,1
R04,SKU-1056,07/13/2025,5,0,0
R04,SKU-1056,2025-07-14,2,0,0
R04,SKU-1056,2025-07-15,4,0,0
R04,SKU-1056,16-Jul-25,3,0,0
R04,SKU-1056,07/17/2025,6,0,0
R04,SKU-1056,18-Jul-25,3,1,0
R04,SKU-1056,2025-07-19,1,0,0
R04,SKU-1056,07/20/2025,8,1,0
R04,SKU-1056,07/21/2025,3,1,0
R04,SKU-1056,2025-07-22,5,1,0
R04,SKU-1056,2025-07-23,5,0,0
R04,SKU-1056,07/24/2025,6,0,0
R04,SKU-1056,07/25/2025,5,0,0
R04,SKU-1056,26-Jul-25,6,1,1
R04,SKU-1056,2025-07-27,7,0,0
R04,SKU-1056,2025-07-28,5,0,0
R04,SKU-1056,2025-07-29,3,0,0
R04,SKU-1056,2025-07-30,6,0,0
R04,SKU-1056,2025-07-31,5,0,0
R04,SKU-1231,2025-07-01,31,1,0
R04,SKU-1231,2025-07-02,29,2,0
R04,SKU-1231,03-Jul-25,26,2,0
R04,SKU-1231,07/04/2025,33,0,0
R04,SKU-1231,2025-07-05,22,2,1
R04,SKU-1231,07/06/2025,25,1,0
R04,SKU-1231,2025-07-07,39,2,0
R04,SKU-1231,2025-07-08,33,1,0
R04,SKU-1231,07/09/2025,24,0,0
R04,SKU-1231,10-Jul-25,29,0,1
R04,SKU-1231,2025-07-11,24,2,0
R04,SKU-1231,2025-07-12,37,0,0
R04,SKU-1231,07/13/2025,32,0,0
R04,SKU-1231,07/14/2025,24,1,0
R04,SKU-1231,2025-07-15,30,1,0
R04,SKU-1231,07/16/2025,28,1,0
R04,SKU-1231,17-Jul-25,23,1,0
R04,SKU-1231,2025-07-18,22,0,0
R04,SKU-1231,19-Jul-25,33,1,0
R04,SKU-1231,07/20/2025,27,0,0
R04,SKU-1231,2025-07-21,24,0,0
R04,SKU-1231,2025-07-22,31,1,0
R04,SKU-1231,2025-07-23,26,0,0
R04,SKU-1231,2025-07-24,33,0,0
R04,SKU-1231,25-Jul-25,31,0,0
R04,SKU-1231,2025-07-26,20,0,0
R04,SKU-1231,2025-07-27,31,0,0
R04,SKU-1231,2025-07-28,31,0,0
R04,SKU-1231,2025-07-29,29,0,0
R04,SKU-1231,07/30/2025,28,0,0
R04,SKU-1231,07/31/2025,25,0,1
R04,SKU-1077,2025-07-01,34,0,0
R04,SKU-1077,2025-07-02,29,0,0
R04,SKU-1077,2025-07-03,30,0,0
R04,SKU-1077,2025-07-04,41,0,0
R04,SKU-1077,2025-07-05,29,1,0
R04,SKU-1077,2025-07-06,26,1,1
R04,SKU-1077,2025-07-07,35,0,0
R04,SKU-1077,2025-07-08,24,0,0
R04,SKU-1077,07/09/2025,27,0,0
R04,SKU-1077,10-Jul-25,28,1,1
R04,SKU-1077,11-Jul-25,22,0,0
R04,SKU-1077,2025-07-12,33,0,0
R04,SKU-1077,07/13/2025,22,1,0
R04,SKU-1077,2025-07-14,31,0,0
R04,SKU-1077,2025-07-15,29,1,0
R04,SKU-1077,2025-07-16,24,1,0
R04,SKU-1077,2025-07-17,29,0,0
R04,SKU-1077,2025-07-18,21,1,0
R04,SKU-1077,2025-07-19,21,0,0
R04,SKU-1077,20-Jul-25,22,0,0
R04,SKU-1077,07/21/2025,22,0,1
R04,SKU-1077,22-Jul-25,27,1,0
R04,SKU-1077,2025-07-23,33,1,0
R04,SKU-1077,2025-07-24,35,0,0
R04,SKU-1077,2025-07-25,31,0,0
R04,SKU-1077,2025-07-26,23,0,0
R04,SKU-1077,2025-07-27,37,0,0
R04,SKU-1077,2025-07-28,27,0,0
R04,SKU-1077,2025-07-29,28,1,0
R04,SKU-1077,2025-07-30,34,1,0
R04,SKU-1077,2025-07-31,35,0,0
R04,SKU-1021,01-Jul-25,23,1,1
R04,SKU-1021,2025-07-02,27,1,0
R04,SKU-1021,03-Jul-25,30,0,0
R04,SKU-1021,04-Jul-25,20,0,0
R04,SKU-1021,2025-07-05,30,0,0
R04,SKU-1021,06-Jul-25,23,0,0
R04,SKU-1021,07/07/2025,26,1,0
R04,SKU-1021,07/08/2025,30,0,0
R04,SKU-1021,09-Jul-25,34,2,0
R04,SKU-1021,07/10/2025,25,1,0
R04,SKU-1021,07/11/2025,29,1,0
R04,SKU-1021,2025-07-12,34,3,0
R04,SKU-1021,2025-07-13,45,0,0
R04,SKU-1021,2025-07-14,24,1,0
R04,SKU-1021,07/15/2025,26,0,0
R04,SKU-1021,07/16/2025,30,0,0
R04,SKU-1021,2025-07-17,27,1,0
R04,SKU-1021,2025-07-18,23,1,0
R04,SKU-1021,07/19/2025,29,0,0
R04,SKU-1021,2025-07-20,28,1,0
R04,SKU-1021,2025-07-21,30,1,0
R04,SKU-1021,2025-07-22,23,0,0
R04,SKU-1021,07/23/2025,19,0,0
R04,SKU-1021,2025-07-24,33,1,0
R04,SKU-1021,2025-07-25,26,2,0
R04,SKU-1021,2025-07-26,18,1,0
R04,SKU-1021,27-Jul-25,30,0,0
R04,SKU-1021,07/28/2025,17,1,0
R04,SKU-1021,2025-07-29,23,0,0
R04,SKU-1021,07/30/2025,32,1,1
R04,SKU-1021,2025-07-31,25,0,0
R04,SKU-1028,2025-07-01,9,0,0
R04,SKU-1028,2025-07-02,9,1,0
R04,SKU-1028,2025-07-03,8,1,0
R04,SKU-1028,2025-07-04,8,1,0
R04,SKU-1028,2025-07-05,6,0,0
R04,SKU-1028,2025-07-06,5,0,0
R04,SKU-1028,2025-07-07,11,1,0
R04,SKU-1028,07/08/2025,8,0,0
R04,SKU-1028,07/09/2025,6,0,0
R04,SKU-1028,2025-07-10,8,0,0
R04,SKU-1028,07/11/2025,8,0,0
R04,SKU-1028,2025-07-12,11,0,0
R04,SKU-1028,07/13/2025,9,0,0
R04,SKU-1028,2025-07-14,16,0,0
R04,SKU-1028,2025-07-15,5,0,1
R04,SKU-1028,16-Jul-25,6,1,0
R04,SKU-1028,2025-07-17,12,1,0
R04,SKU-1028,07/18/2025,9,1,0
R04,SKU-1028,2025-07-19,5,0,0
R04,SKU-1028,2025-07-20,10,0,0
R04,SKU-1028,2025-07-21,8,0,0
R04,SKU-1028,2025-07-22,13,1,0
R04,SKU-1028,2025-07-23,12,1,0
R04,SKU-1028,24-Jul-25,6,0,0
R04,SKU-1028,2025-07-25,9,0,0
R04,SKU-1028,26-Jul-25,7,1,0
R04,SKU-1028,2025-07-27,14,0,0
R04,SKU-1028,2025-07-28,7,0,0
R04,SKU-1028,07/29/2025,11,2,0
R04,SKU-1028,2025-07-30,10,1,1
R04,SKU-1028,31-Jul-25,8,0,0
R04,SKU-1035,2025-07-01,11,1,0
R04,SKU-1035,07/02/2025,12,0,0
R04,SKU-1035,2025-07-03,15,1,0
R04,SKU-1035,07/04/2025,8,0,0
R04,SKU-1035,05-Jul-25,12,0,0
R04,SKU-1035,07/06/2025,13,2,0
R04,SKU-1035,2025-07-07,10,0,0
R04,SKU-1035,2025-07-08,11,0,0
R04,SKU-1035,07/09/2025,7,2,0
R04,SKU-1035,2025-07-10,12,0,0
R04,SKU-1035,07/11/2025,13,1,0
R04,SKU-1035,12-Jul-25,10,0,0
R04,SKU-1035,2025-07-13,11,0,0
R04,SKU-1035,07/14/2025,11,1,0
R04,SKU-1035,15-Jul-25,10,0,0
R04,SKU-1035,07/16/2025,12,1,0
R04,SKU-1035,2025-07-17,15,0,1
R04,SKU-1035,18-Jul-25,8,1,0
R04,SKU-1035,2025-07-19,8,0,0
R04,SKU-1035,20-Jul-25,9,0,0
R04,SKU-1035,2025-07-21,14,1,1
R04,SKU-1035,2025-07-22,14,1,1
R04,SKU-1035,2025-07-23,10,0,0
R04,SKU-1035,2025-07-24,12,0,0
R04,SKU-1035,2025-07-25,17,1,1
R04,SKU-1035,26-Jul-25,4,0,0
R04,SKU-1035,2025-07-27,11,1,0
R04,SKU-1035,07/28/2025,12,1,0
R04,SKU-1035,2025-07-29,18,0,0
R04,SKU-1035,30-Jul-25,9,1,0
R04,SKU-1035,31-Jul-25,9,0,0
R04,SKU-1182,01-Jul-25,24,1,0
R04,SKU-1182,02-Jul-25,19,0,0
R04,SKU-1182,03-Jul-25,17,0,0
R04,SKU-1182,2025-07-04,21,1,0
R04,SKU-1182,2025-07-05,19,0,0
R04,SKU-1182,2025-07-06,25,1,0
R04,SKU-1182,2025-07-07,26,0,0
R04,SKU-1182,2025-07-08,17,1,0
R04,SKU-1182,2025-07-09,19,0,0
R04,SKU-1182,2025-07-10,20,0,0
R04,SKU-1182,11-Jul-25,14,0,0
R04,SKU-1182,2025-07-12,25,0,0
R04,SKU-1182,2025-07-13,25,2,1
R04,SKU-1182,07/14/2025,20,0,0
R04,SKU-1182,2025-07-15,23,0,0
R04,SKU-1182,16-Jul-25,19,0,0
R04,SKU-1182,17-Jul-25,-25,0,0
R04,SKU-1182,18-Jul-25,16,1,0
R04,SKU-1182,2025-07-19,17,0,0
R04,SKU-1182,2025-07-20,28,1,0
R04,SKU-1182,07/21/2025,19,0,0
R04,SKU-1182,2025-07-22,19,0,0
R04,SKU-1182,2025-07-23,17,0,0
R04,SKU-1182,07/24/2025,21,1,0
R04,SKU-1182,07/25/2025,27,0,0
R04,SKU-1182,2025-07-26,22,0,1
R04,SKU-1182,2025-07-27,21,0,0
R04,SKU-1182,07/28/2025,24,1,0
R04,SKU-1182,29-Jul-25,22,0,0
R04,SKU-1182,2025-07-30,18,2,0
R04,SKU-1182,2025-07-31,21,0,0
R04,SKU-1238,01-Jul-25,9,0,0
R04,SKU-1238,2025-07-02,6,1,0
R04,SKU-1238,07/03/2025,6,1,0
R04,SKU-1238,07/04/2025,8,0,0
R04,SKU-1238,07/05/2025,5,1,1
R04,SKU-1238,07/06/2025,7,1,0
R04,SKU-1238,07-Jul-25,10,2,0
R04,SKU-1238,07/08/2025,5,1,0
R04,SKU-1238,2025-07-09,8,0,0
R04,SKU-1238,2025-07-10,4,1,0
R04,SKU-1238,07/11/2025,5,0,1
R04,SKU-1238,07/12/2025,7,1,0
R04,SKU-1238,07/13/2025,10,3,0
R04,SKU-1238,07/14/2025,8,2,0
R04,SKU-1238,2025-07-15,9,0,0
R04,SKU-1238,2025-07-16,4,0,0
R04,SKU-1238,2025-07-17,8,1,0
R04,SKU-1238,2025-07-18,10,0,0
R04,SKU-1238,2025-07-19,10,2,0
R04,SKU-1238,07/20/2025,6,2,0
R04,SKU-1238,2025-07-21,7,0,1
R04,SKU-1238,07/22/2025,10,0,0
R04,SKU-1238,2025-07-23,4,1,0
R04,SKU-1238,07/24/2025,7,0,0
R04,SKU-1238,2025-07-25,4,0,0
R04,SKU-1238,2025-07-26,8,0,0
R04,SKU-1238,07/27/2025,3,1,0
R04,SKU-1238,07/28/2025,5,0,0
R04,SKU-1238,2025-07-29,5,0,0
R04,SKU-1238,07/30/2025,5,0,1
R04,SKU-1238,31-Jul-25,5,0,0
R04,SKU-1280,2025-07-01,28,1,0
R04,SKU-1280,2025-07-02,32,0,0
R04,SKU-1280,2025-07-03,30,0,0
R04,SKU-1280,2025-07-04,20,1,0
R04,SKU-1280,2025-07-05,27,0,0
R04,SKU-1280,06-Jul-25,28,1,0
R04,SKU-1280,2025-07-07,31,0,0
R04,SKU-1280,2025-07-08,27,0,0
R04,SKU-1280,2025-07-09,37,1,0
R04,SKU-1280,2025-07-10,26,1,1
R04,SKU-1280,2025-07-11,22,2,0
R04,SKU-1280,12-Jul-25,29,0,0
R04,SKU-1280,07/13/2025,22,0,1
R04,SKU-1280,2025-07-14,19,0,0
R04,SKU-1280,2025-07-15,24,0,0
R04,SKU-1280,07/16/2025,29,0,0
R04,SKU-1280,07/17/2025,21,1,0
R04,SKU-1280,2025-07-18,30,0,0
R04,SKU-1280,07/19/2025,16,0,0
R04,SKU-1280,2025-07-20,23,1,0
R04,SKU-1280,2025-07-21,28,1,0
R04,SKU-1280,2025-07-22,33,0,0
R04,SKU-1280,23-Jul-25,37,1,0
R04,SKU-1280,2025-07-24,24,0,0
R04,SKU-1280,2025-07-25,25,0,0
R04,SKU-1280,07/26/2025,25,0,0
R04,SKU-1280,2025-07-27,43,0,1
R04,SKU-1280,2025-07-28,17,1,0
R04,SKU-1280,07/29/2025,26,0,0
R04,SKU-1280,2025-07-30,31,0,0
R04,SKU-1280,2025-07-31,22,0,0
R04,SKU-1273,2025-07-01,3,0,0
R04,SKU-1273,2025-07-02,12,0,0
R04,SKU-1273,03-Jul-25,5,0,0
R04,SKU-1273,2025-07-04,5,1,0
R04,SKU-1273,2025-07-05,5,0,0
R04,SKU-1273,2025-07-06,10,0,0
R04,SKU-1273,2025-07-07,6,1,0
R04,SKU-1273,2025-07-08,4,0,0
R04,SKU-1273,2025-07-09,2,0,0
R04,SKU-1273,07/10/2025,8,0,0
R04,SKU-1273,2025-07-11,1,0,0
R04,SKU-1273,2025-07-12,6,0,1
R04,SKU-1273,2025-07-13,4,1,0
R04,SKU-1273,2025-07-14,9,0,0
R04,SKU-1273,2025-07-15,9,0,0
R04,SKU-1273,16-Jul-25,8,1,0
R04,SKU-1273,2025-07-17,4,0,0
R04,SKU-1273,2025-07-18,8,0,1
R04,SKU-1273,19-Jul-25,4,0,1
R04,SKU-1273,2025-07-20,7,0,0
R04,SKU-1273,2025-07-21,6,1,0
R04,SKU-1273,2025-07-22,7,0,0
R04,SKU-1273,2025-07-23,7,0,0
R04,SKU-1273,07/24/2025,7,0,0
R04,SKU-1273,2025-07-25,2,0,0
R04,SKU-1273,2025-07-26,7,1,0
R04,SKU-1273,27-Jul-25,9,0,1
R04,SKU-1273,2025-07-28,6,1,1
R04,SKU-1273,2025-07-29,8,0,0
R04,SKU-1273,2025-07-30,7,0,0
R04,SKU-1273,2025-07-31,5,0,0
R04,SKU-1091,2025-07-01,12,0,0
R04,SKU-1091,2025-07-02,7,1,0
R04,SKU-1091,2025-07-03,8,0,0
R04,SKU-1091,2025-07-04,9,0,0
R04,SKU-1091,07/05/2025,12,0,0
R04,SKU-1091,2025-07-06,8,1,0
R04,SKU-1091,2025-07-07,8,0,0
R04,SKU-1091,07/08/2025,9,0,0
R04,SKU-1091,2025-07-09,8,0,0
R04,SKU-1091,2025-07-10,2,0,0
R04,SKU-1091,07/11/2025,9,1,0
R04,SKU-1091,2025-07-12,5,1,1
R04,SKU-1091,2025-07-13,7,0,0
R04,SKU-1091,2025-07-14,9,0,0
R04,SKU-1091,2025-07-15,9,0,0
R04,SKU-1091,2025-07-16,10,2,0
R04,SKU-1091,2025-07-17,9,0,0
R04,SKU-1091,18-Jul-25,9,1,0
R04,SKU-1091,07/19/2025,5,0,0
R04,SKU-1091,20-Jul-25,10,0,0
R04,SKU-1091,07/21/2025,9,2,0
R04,SKU-1091,2025-07-22,5,1,0
R04,SKU-1091,2025-07-23,12,0,0
R04,SKU-1091,2025-07-24,6,0,0
R04,SKU-1091,07/25/2025,5,0,0
R04,SKU-1091,2025-07-26,5,1,0
R04,SKU-1091,27-Jul-25,9,2,0
R04,SKU-1091,2025-07-28,6,0,0
R04,SKU-1091,2025-07-29,8,0,1
R04,SKU-1091,2025-07-30,14,1,0
R04,SKU-1091,2025-07-31,10,1,0
R04,SKU-1210,01-Jul-25,35,1,0
R04,SKU-1210,2025-07-02,27,0,0
R04,SKU-1210,07/03/2025,25,0,0
R04,SKU-1210,04-Jul-25,36,0,0
R04,SKU-1210,2025-07-05,34,1,1
R04,SKU-1210,2025-07-06,36,0,0
R04,SKU-1210,07/07/2025,25,2,0
R04,SKU-1210,2025-07-08,26,1,0
R04,SKU-1210,2025-07-09,35,0,0
R04,SKU-1210,2025-07-10,31,0,0
R04,SKU-1210,2025-07-11,25,0,0
R04,SKU-1210,07/12/2025,39,0,0
R04,SKU-1210,13-Jul-25,31,0,0
R04,SKU-1210,14-Jul-25,31,0,0
R04,SKU-1210,2025-07-15,39,0,0
R04,SKU-1210,2025-07-16,30,0,0
R04,SKU-1210,2025-07-17,40,1,0
R04,SKU-1210,2025-07-18,44,1,0
R04,SKU-1210,2025-07-19,26,1,0
R04,SKU-1210,2025-07-20,36,0,0
R04,SKU-1210,07/21/2025,32,0,0
R04,SKU-1210,22-Jul-25,22,0,0
R04,SKU-1210,23-Jul-25,32,0,0
R04,SKU-1210,2025-07-24,39,0,1
R04,SKU-1210,07/25/2025,21,2,0
R04,SKU-1210,26-Jul-25,37,0,0
R04,SKU-1210,2025-07-27,27,0,1
R04,SKU-1210,07/28/2025,28,0,0
R04,SKU-1210,2025-07-29,26,0,0
R04,SKU-1210,2025-07-30,25,2,0
R04,SKU-1210,31-Jul-25,31,0,0
R04,SKU-1266,2025-07-01,5,0,0
R04,SKU-1266,2025-07-02,8,0,0
R04,SKU-1266,2025-07-03,5,0,0
R04,SKU-1266,2025-07-04,6,0,1
R04,SKU-1266,2025-07-05,12,0,0
R04,SKU-1266,2025-07-06,6,0,0
R04,SKU-1266,2025-07-07,7,0,0
R04,SKU-1266,08-Jul-25,11,1,0
R04,SKU-1266,2025-07-09,7,0,0
R04,SKU-1266,07/10/2025,5,0,0
R04,SKU-1266,2025-07-11,8,0,0
R04,SKU-1266,2025-07-12,5,0,0
R04,SKU-1266,07/13/2025,9,0,0
R04,SKU-1266,2025-07-14,9,0,0
R04,SKU-1266,2025-07-15,6,1,0
R04,SKU-1266,07/16/2025,7,0,0
R04,SKU-1266,07/17/2025,6,1,0
R04,SKU-1266,2025-07-18,8,0,1
R04,SKU-1266,2025-07-19,6,2,0
R04,SKU-1266,2025-07-20,6,0,0
R04,SKU-1266,2025-07-21,6,0,0
R04,SKU-1266,2025-07-22,10,0,0
R04,SKU-1266,2025-07-23,7,1,0
R04,SKU-1266,2025-07-24,2,1,1
R04,SKU-1266,2025-07-25,9,1,1
R04,SKU-1266,26-Jul-25,7,1,0
R04,SKU-1266,2025-07-27,8,0,0
R04,SKU-1266,28-Jul-25,8,0,1
R04,SKU-1266,07/29/2025,6,0,0
R04,SKU-1266,2025-07-30,13,0,0
R04,SKU-1266,2025-07-31,7,0,1
R04,SKU-1259,2025-07-01,6,2,0
R04,SKU-1259,2025-07-02,10,1,0
R04,SKU-1259,2025-07-03,6,2,1
R04,SKU-1259,2025-07-04,10,0,0
R04,SKU-1259,2025-07-05,8,0,1
R04,SKU-1259,07/06/2025,14,0,0
R04,SKU-1259,2025-07-07,9,0,0
R04,SKU-1259,2025-07-08,9,1,0
R04,SKU-1259,09-Jul-25,9,2,0
R04,SKU-1259,2025-07-10,9,1,1
R04,SKU-1259,11-Jul-25,7,1,0
R04,SKU-1259,2025-07-12,5,1,0
R04,SKU-1259,07/13/2025,6,0,0
R04,SKU-1259,2025-07-14,8,0,0
R04,SKU-1259,2025-07-15,9,0,1
R04,SKU-1259,2025-07-16,6,0,0
R04,SKU-1259,2025-07-17,5,0,0
R04,SKU-1259,07/18/2025,6,0,0
R04,SKU-1259,2025-07-19,9,0,0
R04,SKU-1259,20-Jul-25,4,0,0
R04,SKU-1259,2025-07-21,8,0,1
R04,SKU-1259,2025-07-22,9,1,0
R04,SKU-1259,2025-07-23,11,0,0
R04,SKU-1259,2025-07-24,5,1,0
R04,SKU-1259,07/25/2025,12,0,0
R04,SKU-1259,2025-07-26,5,0,0
R04,SKU-1259,07/27/2025,12,0,0
R04,SKU-1259,2025-07-28,7,0,0
R04,SKU-1259,2025-07-29,16,0,0
R04,SKU-1259,2025-07-30,5,1,1
R04,SKU-1259,07/31/2025,11,1,0
R04,SKU-1133,2025-07-01,6,0,1
R04,SKU-1133,2025-07-02,6,1,0
R04,SKU-1133,07/03/2025,7,0,0
R04,SKU-1133,2025-07-04,1,0,0
R04,SKU-1133,2025-07-05,4,0,1
R04,SKU-1133,2025-07-06,6,0,0
R04,SKU-1133,2025-07-07,13,1,0
R04,SKU-1133,08-Jul-25,5,0,0
R04,SKU-1133,2025-07-09,7,0,0
R04,SKU-1133,07/10/2025,7,0,0
R04,SKU-1133,2025-07-11,10,0,1
R04,SKU-1133,2025-07-12,5,0,0
R04,SKU-1133,2025-07-13,3,0,0
R04,SKU-1133,14-Jul-25,8,0,0
R04,SKU-1133,07/15/2025,7,0,0
R04,SKU-1133,07/16/2025,1,0,0
R04,SKU-1133,17-Jul-25,5,0,0
R04,SKU-1133,18-Jul-25,4,0,0
R04,SKU-1133,2025-07-19,7,0,0
R04,SKU-1133,2025-07-20,4,2,1
R04,SKU-1133,2025-07-21,5,0,0
R04,SKU-1133,22-Jul-25,8,0,0
R04,SKU-1133,23-Jul-25,3,1,0
R04,SKU-1133,07/24/2025,7,0,0
R04,SKU-1133,2025-07-25,9,0,0
R04,SKU-1133,07/26/2025,6,1,1
R04,SKU-1133,07/27/2025,4,0,0
R04,SKU-1133,2025-07-28,3,0,0
R04,SKU-1133,07/29/2025,6,1,0
R04,SKU-1133,2025-07-30,7,0,0
R04,SKU-1133,2025-07-31,4,0,0
R04,SKU-1126,07/01/2025,13,0,0
R04,SKU-1126,2025-07-02,21,2,0
R04,SKU-1126,2025-07-03,12,0,0
R04,SKU-1126,2025-07-04,13,1,0
R04,SKU-1126,07/05/2025,14,0,0
R04,SKU-1126,07/06/2025,11,0,0
R04,SKU-1126,07/07/2025,14,0,0
R04,SKU-1126,08-Jul-25,17,1,0
R04,SKU-1126,09-Jul-25,14,0,0
R04,SKU-1126,10-Jul-25,7,0,0
R04,SKU-1126,2025-07-11,14,1,0
R04,SKU-1126,07/12/2025,14,0,0
R04,SKU-1126,07/13/2025,15,0,0
R04,SKU-1126,2025-07-14,6,0,0
R04,SKU-1126,2025-07-15,10,0,0
R04,SKU-1126,07/16/2025,9,2,0
R04,SKU-1126,17-Jul-25,11,0,0
R04,SKU-1126,07/18/2025,12,1,0
R04,SKU-1126,2025-07-19,12,0,0
R04,SKU-1126,20-Jul-25,13,1,0
R04,SKU-1126,2025-07-21,8,0,0
R04,SKU-1126,2025-07-22,11,0,0
R04,SKU-1126,2025-07-23,14,0,1
R04,SKU-1126,2025-07-24,13,1,0
R04,SKU-1126,2025-07-25,16,1,0
R04,SKU-1126,2025-07-26,14,1,0
R04,SKU-1126,2025-07-27,15,0,0
R04,SKU-1126,07/28/2025,9,1,0
R04,SKU-1126,2025-07-29,13,0,0
R04,SKU-1126,2025-07-30,15,0,1
R04,SKU-1126,07/31/2025,11,1,0
R04,SKU-1175,07/01/2025,11,0,0
R04,SKU-1175,02-Jul-25,7,0,0
R04,SKU-1175,07/03/2025,10,1,0
R04,SKU-1175,2025-07-04,18,0,0
R04,SKU-1175,2025-07-05,13,0,0
R04,SKU-1175,2025-07-06,15,0,1
R04,SKU-1175,2025-07-07,10,2,1
R04,SKU-1175,2025-07-08,17,0,1
R04,SKU-1175,07/09/2025,18,0,1
R04,SKU-1175,10-Jul-25,10,2,0
R04,SKU-1175,2025-07-11,14,1,0
R04,SKU-1175,2025-07-12,10,0,1
R04,SKU-1175,07/13/2025,14,0,0
R04,SKU-1175,2025-07-14,16,0,1
R04,SKU-1175,2025-07-15,18,0,0
R04,SKU-1175,2025-07-16,16,0,0
R04,SKU-1175,2025-07-17,15,0,0
R04,SKU-1175,2025-07-18,15,0,0
R04,SKU-1175,2025-07-19,12,1,0
R04,SKU-1175,20-Jul-25,16,0,0
R04,SKU-1175,07/21/2025,13,0,0
R04,SKU-1175,2025-07-22,13,0,0
R04,SKU-1175,2025-07-23,21,0,0
R04,SKU-1175,2025-07-24,9,0,0
R04,SKU-1175,2025-07-25,10,1,1
R04,SKU-1175,2025-07-26,4,0,0
R04,SKU-1175,2025-07-27,12,1,0
R04,SKU-1175,2025-07-28,11,0,0
R04,SKU-1175,2025-07-29,15,2,0
R04,SKU-1175,2025-07-30,7,1,0
R04,SKU-1175,2025-07-31,16,0,0
R04,SKU-1098,07/01/2025,16,1,0
R04,SKU-1098,2025-07-02,38,0,0
R04,SKU-1098,07/03/2025,25,1,0
R04,SKU-1098,2025-07-04,19,0,1
R04,SKU-1098,2025-07-05,20,1,0
R04,SKU-1098,07/06/2025,19,0,0
R04,SKU-1098,2025-07-07,20,0,0
R04,SKU-1098,2025-07-08,17,0,0
R04,SKU-1098,2025-07-09,24,0,1
R04,SKU-1098,2025-07-10,22,0,0
R04,SKU-1098,2025-07-11,29,0,1
R04,SKU-1098,2025-07-12,15,0,0
R04,SKU-1098,2025-07-13,21,1,0
R04,SKU-1098,2025-07-14,8,1,0
R04,SKU-1098,07/15/2025,10,1,0
R04,SKU-1098,07/16/2025,19,1,1
R04,SKU-1098,17-Jul-25,22,0,0
R04,SKU-1098,2025-07-18,20,0,0
R04,SKU-1098,2025-07-19,15,0,1
R04,SKU-1098,20-Jul-25,22,1,0
R04,SKU-1098,2025-07-21,17,0,0
R04,SKU-1098,22-Jul-25,27,1,0
R04,SKU-1098,2025-07-23,15,0,0
R04,SKU-1098,2025-07-24,16,0,1
R04,SKU-1098,25-Jul-25,25,0,0
R04,SKU-1098,2025-07-26,26,0,0
R04,SKU-1098,27-Jul-25,14,0,0
R04,SKU-1098,2025-07-28,22,1,0
R04,SKU-1098,29-Jul-25,16,0,0
R04,SKU-1098,07/30/2025,27,0,0
R04,SKU-1098,07/31/2025,22,1,0
R04,SKU-1196,2025-07-01,13,2,0
R04,SKU-1196,2025-07-02,9,1,0
R04,SKU-1196,2025-07-03,15,0,0
R04,SKU-1196,2025-07-04,17,1,1
R04,SKU-1196,07/05/2025,17,1,0
R04,SKU-1196,2025-07-06,15,0,0
R04,SKU-1196,2025-07-07,12,1,0
R04,SKU-1196,07/08/2025,20,1,0
R04,SKU-1196,2025-07-09,15,0,0
R04,SKU-1196,07/10/2025,14,0,1
R04,SKU-1196,2025-07-11,12,1,0
R04,SKU-1196,07/12/2025,11,0,0
R04,SKU-1196,13-Jul-25,19,0,0
R04,SKU-1196,2025-07-14,13,1,0
R04,SKU-1196,07/15/2025,24,0,0
R04,SKU-1196,16-Jul-25,11,0,0
R04,SKU-1196,07/17/2025,14,0,1
R04,SKU-1196,07/18/2025,14,0,0
R04,SKU-1196,2025-07-19,16,0,1
R04,SKU-1196,2025-07-20,20,0,1
R04,SKU-1196,2025-07-21,10,0,0
R04,SKU-1196,22-Jul-25,14,0,0
R04,SKU-1196,07/23/2025,17,0,0
R04,SKU-1196,24-Jul-25,19,0,0
R04,SKU-1196,07/25/2025,10,0,1
R04,SKU-1196,26-Jul-25,18,0,0
R04,SKU-1196,27-Jul-25,8,0,0
R04,SKU-1196,2025-07-28,11,1,0
R04,SKU-1196,2025-07-29,15,1,0
R04,SKU-1196,07/30/2025,17,1,0
R04,SKU-1196,2025-07-31,14,0,0
R04,SKU-1189,01-Jul-25,24,0,0
R04,SKU-1189,07/02/2025,23,0,0
R04,SKU-1189,2025-07-03,28,2,0
R04,SKU-1189,2025-07-04,26,0,0
R04,SKU-1189,05-Jul-25,30,0,0
R04,SKU-1189,07/06/2025,26,0,1
R04,SKU-1189,07/07/2025,22,1,0
R04,SKU-1189,08-Jul-25,26,0,0
R04,SKU-1189,2025-07-09,34,1,0
R04,SKU-1189,2025-07-10,38,2,1
R04,SKU-1189,07/11/2025,22,1,0
R04,SKU-1189,2025-07-12,27,1,1
R04,SKU-1189,07/13/2025,27,0,0
R04,SKU-1189,07/14/2025,18,0,0
R04,SKU-1189,07/15/2025,29,0,0
R04,SKU-1189,2025-07-16,28,1,0
R04,SKU-1189,2025-07-17,28,0,1
R04,SKU-1189,07/18/2025,31,0,0
R04,SKU-1189,2025-07-19,36,0,0
R04,SKU-1189,07/20/2025,21,0,0
R04,SKU-1189,2025-07-21,25,1,0
R04,SKU-1189,2025-07-22,29,0,0
R04,SKU-1189,23-Jul-25,36,1,0
R04,SKU-1189,07/24/2025,27,0,0
R04,SKU-1189,25-Jul-25,27,0,0
R04,SKU-1189,07/26/2025,33,0,0
R04,SKU-1189,2025-07-27,34,0,0
R04,SKU-1189,2025-07-28,23,2,1
R04,SKU-1189,29-Jul-25,30,2,1
R04,SKU-1189,2025-07-30,27,1,0
R04,SKU-1189,2025-07-31,25,0,0
R04,SKU-1168,01-Jul-25,28,2,0
R04,SKU-1168,07/02/2025,26,1,0
R04,SKU-1168,07/03/2025,19,0,1
R04,SKU-1168,2025-07-04,21,0,0
R04,SKU-1168,2025-07-05,26,0,1
R04,SKU-1168,2025-07-06,18,0,0
R04,SKU-1168,2025-07-07,25,0,0
R04,SKU-1168,2025-07-08,19,0,0
R04,SKU-1168,2025-07-09,17,1,0
R04,SKU-1168,2025-07-10,26,1,0
R04,SKU-1168,2025-07-11,21,0,0
R04,SKU-1168,12-Jul-25,19,0,0
R04,SKU-1168,2025-07-13,20,0,0
R04,SKU-1168,2025-07-14,18,0,0
R04,SKU-1168,07/15/2025,23,0,0
R04,SKU-1168,2025-07-16,22,1,1
R04,SKU-1168,07/17/2025,12,1,1
R04,SKU-1168,18-Jul-25,18,0,1
R04,SKU-1168,2025-07-19,22,1,0
R04,SKU-1168,2025-07-20,21,1,0
R04,SKU-1168,07/21/2025,21,1,1
R04,SKU-1168,2025-07-22,17,0,0
R04,SKU-1168,2025-07-23,18,0,0
R04,SKU-1168,2025-07-24,15,0,0
R04,SKU-1168,25-Jul-25,12,0,0
R04,SKU-1168,2025-07-26,16,0,0
R04,SKU-1168,27-Jul-25,20,0,0
R04,SKU-1168,2025-07-28,24,0,0
R04,SKU-1168,2025-07-29,23,2,0
R04,SKU-1168,07/30/2025,24,1,0
R04,SKU-1168,2025-07-31,16,0,0
R04,SKU-1105,2025-07-01,8,0,0
R04,SKU-1105,07/02/2025,6,0,0
R04,SKU-1105,2025-07-03,8,0,0
R04,SKU-1105,07/04/2025,10,1,0
R04,SKU-1105,2025-07-05,9,1,0
R04,SKU-1105,06-Jul-25,6,0,0
R04,SKU-1105,07/07/2025,7,1,0
R04,SKU-1105,2025-07-08,5,0,0
R04,SKU-1105,09-Jul-25,8,0,0
R04,SKU-1105,2025-07-10,7,0,0
R04,SKU-1105,2025-07-11,5,0,0
R04,SKU-1105,07/12/2025,7,0,0
R04,SKU-1105,2025-07-13,6,1,1
R04,SKU-1105,14-Jul-25,10,1,0
R04,SKU-1105,2025-07-15,9,0,0
R04,SKU-1105,16-Jul-25,10,0,0
R04,SKU-1105,2025-07-17,9,0,0
R04,SKU-1105,07/18/2025,7,2,0
R04,SKU-1105,2025-07-19,11,1,0
R04,SKU-1105,2025-07-20,6,1,0
R04,SKU-1105,07/21/2025,8,0,0
R04,SKU-1105,07/22/2025,3,1,0
R04,SKU-1105,07/23/2025,10,0,1
R04,SKU-1105,07/24/2025,8,0,0
R04,SKU-1105,25-Jul-25,6,0,0
R04,SKU-1105,2025-07-26,15,0,0
R04,SKU-1105,2025-07-27,4,2,0
R04,SKU-1105,2025-07-28,6,0,0
R04,SKU-1105,2025-07-29,6,0,0
R04,SKU-1105,2025-07-30,4,1,0
R04,SKU-1105,2025-07-31,11,0,0
R04,SKU-1161,2025-07-01,16,0,0
R04,SKU-1161,07/02/2025,14,0,1
R04,SKU-1161,2025-07-03,18,1,1
R04,SKU-1161,07/04/2025,17,0,0
R04,SKU-1161,2025-07-05,11,0,0
R04,SKU-1161,2025-07-06,11,0,0
R04,SKU-1161,2025-07-07,19,0,0
R04,SKU-1161,2025-07-08,13,0,0
R04,SKU-1161,2025-07-09,16,0,0
R04,SKU-1161,10-Jul-25,22,1,0
R04,SKU-1161,2025-07-11,11,0,1
R04,SKU-1161,2025-07-12,15,1,0
R04,SKU-1161,2025-07-13,16,2,0
R04,SKU-1161,14-Jul-25,10,1,0
R04,SKU-1161,15-Jul-25,19,0,0
R04,SKU-1161,2025-07-16,15,0,0
R04,SKU-1161,17-Jul-25,18,0,0
R04,SKU-1161,2025-07-18,17,0,0
R04,SKU-1161,07/19/2025,15,0,0
R04,SKU-1161,07/20/2025,12,0,0
R04,SKU-1161,07/21/2025,17,0,0
R04,SKU-1161,22-Jul-25,12,0,0
R04,SKU-1161,07/23/2025,17,0,0
R04,SKU-1161,07/24/2025,22,1,0
R04,SKU-1161,25-Jul-25,16,0,0
R04,SKU-1161,07/26/2025,19,0,0
R04,SKU-1161,07/27/2025,12,0,1
R04,SKU-1161,2025-07-28,19,1,0
R04,SKU-1161,2025-07-29,17,0,0
R04,SKU-1161,2025-07-30,21,0,0
R04,SKU-1161,07/31/2025,11,1,0
R04,SKU-1112,2025-07-01,7,1,0
R04,SKU-1112,2025-07-02,6,2,0
R04,SKU-1112,2025-07-03,8,0,0
R04,SKU-1112,2025-07-04,6,0,0
R04,SKU-1112,2025-07-05,13,0,0
R04,SKU-1112,07/06/2025,8,0,0
R04,SKU-1112,2025-07-07,6,1,0
R04,SKU-1112,08-Jul-25,9,1,0
R04,SKU-1112,2025-07-09,3,0,0
R04,SKU-1112,2025-07-10,5,1,0
R04,SKU-1112,07/11/2025,8,0,0
R04,SKU-1112,2025-07-12,6,0,0
R04,SKU-1112,2025-07-13,8,0,1
R04,SKU-1112,14-Jul-25,5,0,0
R04,SKU-1112,2025-07-15,11,0,0
R04,SKU-1112,16-Jul-25,6,0,0
R04,SKU-1112,17-Jul-25,8,0,0
R04,SKU-1112,07/18/2025,9,0,0
R04,SKU-1112,19-Jul-25,8,3,1
R04,SKU-1112,07/20/2025,6,0,0
R04,SKU-1112,07/21/2025,8,2,0
R04,SKU-1112,2025-07-22,9,0,0
R04,SKU-1112,07/23/2025,13,0,0
R04,SKU-1112,24-Jul-25,10,0,0
R04,SKU-1112,2025-07-25,13,1,0
R04,SKU-1112,2025-07-26,7,0,0
R04,SKU-1112,2025-07-27,6,1,0
R04,SKU-1112,2025-07-28,8,0,0
R04,SKU-1112,29-Jul-25,10,0,0
R04,SKU-1112,07/30/2025,10,0,0
R04,SKU-1112,2025-07-31,14,0,0
R05,SKU-1112,01-Jul-25,17,2,0
R05,SKU-1112,07/02/2025,20,0,0
R05,SKU-1112,2025-07-03,24,0,0
R05,SKU-1112,07/04/2025,26,0,0
R05,SKU-1112,2025-07-05,19,0,0
R05,SKU-1112,07/06/2025,11,1,0
R05,SKU-1112,2025-07-07,23,0,0
R05,SKU-1112,2025-07-08,27,1,1
R05,SKU-1112,2025-07-09,19,0,0
R05,SKU-1112,2025-07-10,27,0,0
R05,SKU-1112,2025-07-11,24,0,0
R05,SKU-1112,07/12/2025,23,0,0
R05,SKU-1112,13-Jul-25,17,1,0
R05,SKU-1112,07/14/2025,17,0,0
R05,SKU-1112,15-Jul-25,18,0,1
R05,SKU-1112,2025-07-16,15,0,0
R05,SKU-1112,2025-07-17,24,0,0
R05,SKU-1112,07/18/2025,20,0,1
R05,SKU-1112,07/19/2025,25,1,0
R05,SKU-1112,2025-07-20,22,0,0
R05,SKU-1112,2025-07-21,17,3,0
R05,SKU-1112,2025-07-22,16,2,0
R05,SKU-1112,2025-07-23,19,0,1
R05,SKU-1112,2025-07-24,15,0,0
R05,SKU-1112,2025-07-25,16,0,0
R05,SKU-1112,2025-07-26,23,0,0
R05,SKU-1112,2025-07-27,24,2,0
R05,SKU-1112,2025-07-28,18,1,0
R05,SKU-1112,2025-07-29,17,0,0
R05,SKU-1112,07/30/2025,28,0,0
R05,SKU-1112,2025-07-31,16,0,0
R05,SKU-1133,2025-07-01,31,0,1
R05,SKU-1133,2025-07-02,21,1,1
R05,SKU-1133,07/03/2025,21,0,0
R05,SKU-1133,2025-07-04,28,0,0
R05,SKU-1133,2025-07-05,23,0,0
R05,SKU-1133,2025-07-06,22,2,0
R05,SKU-1133,2025-07-07,36,1,0
R05,SKU-1133,2025-07-08,27,0,0
R05,SKU-1133,2025-07-09,27,0,0
R05,SKU-1133,10-Jul-25,26,1,0
R05,SKU-1133,07/11/2025,14,0,0
R05,SKU-1133,2025-07-12,31,0,0
R05,SKU-1133,07/13/2025,29,1,0
R05,SKU-1133,07/14/2025,23,1,0
R05,SKU-1133,2025-07-15,29,0,1
R05,SKU-1133,2025-07-16,29,0,0
R05,SKU-1133,07/17/2025,31,1,0
R05,SKU-1133,18-Jul-25,23,0,0
R05,SKU-1133,2025-07-19,24,0,0
R05,SKU-1133,2025-07-20,23,1,0
R05,SKU-1133,07/21/2025,30,0,0
R05,SKU-1133,2025-07-22,21,0,0
R05,SKU-1133,2025-07-23,18,0,0
R05,SKU-1133,2025-07-24,30,0,0
R05,SKU-1133,2025-07-25,28,0,0
R05,SKU-1133,07/26/2025,28,1,0
R05,SKU-1133,2025-07-27,22,0,0
R05,SKU-1133,07/28/2025,26,1,1
R05,SKU-1133,29-Jul-25,20,0,0
R05,SKU-1133,30-Jul-25,31,0,0
R05,SKU-1133,2025-07-31,23,0,0
R05,SKU-1028,2025-07-01,6,0,0
R05,SKU-1028,07/02/2025,6,0,1
R05,SKU-1028,07/03/2025,5,1,0
R05,SKU-1028,04-Jul-25,2,1,1
R05,SKU-1028,2025-07-05,5,2,0
R05,SKU-1028,2025-07-06,11,1,0
R05,SKU-1028,07/07/2025,7,1,0
R05,SKU-1028,2025-07-08,2,0,0
R05,SKU-1028,2025-07-09,6,0,0
R05,SKU-1028,10-Jul-25,5,0,1
R05,SKU-1028,11-Jul-25,9,0,1
R05,SKU-1028,2025-07-12,4,0,0
R05,SKU-1028,13-Jul-25,5,0,0
R05,SKU-1028,2025-07-14,4,1,1
R05,SKU-1028,2025-07-15,6,0,0
R05,SKU-1028,07/16/2025,5,0,0
R05,SKU-1028,17-Jul-25,4,0,1
R05,SKU-1028,2025-07-18,8,1,0
R05,SKU-1028,2025-07-19,3,2,0
R05,SKU-1028,2025-07-20,6,0,0
R05,SKU-1028,2025-07-21,7,0,0
R05,SKU-1028,2025-07-22,5,0,0
R05,SKU-1028,07/23/2025,4,0,0
R05,SKU-1028,07/24/2025,2,0,0
R05,SKU-1028,07/25/2025,4,0,0
R05,SKU-1028,07/26/2025,6,1,0
R05,SKU-1028,2025-07-27,3,0,0
R05,SKU-1028,2025-07-28,6,0,1
R05,SKU-1028,07/29/2025,6,0,0
R05,SKU-1028,07/30/2025,3,1,0
R05,SKU-1028,2025-07-31,5,0,0
R05,SKU-1126,01-Jul-25,16,0,1
R05,SKU-1126,2025-07-02,21,0,0
R05,SKU-1126,2025-07-03,11,2,0
R05,SKU-1126,07/04/2025,23,0,0
R05,SKU-1126,2025-07-05,14,1,0
R05,SKU-1126,2025-07-06,17,0,0
R05,SKU-1126,2025-07-07,17,0,0
R05,SKU-1126,2025-07-08,16,1,0
R05,SKU-1126,07/09/2025,17,0,0
R05,SKU-1126,2025-07-10,11,1,1
R05,SKU-1126,2025-07-11,20,1,0
R05,SKU-1126,2025-07-12,16,0,0
R05,SKU-1126,2025-07-13,14,1,0
R05,SKU-1126,2025-07-14,19,2,0
R05,SKU-1126,2025-07-15,16,0,0
R05,SKU-1126,2025-07-16,11,2,0
R05,SKU-1126,2025-07-17,18,0,0
R05,SKU-1126,2025-07-18,12,1,1
R05,SKU-1126,2025-07-19,17,0,0
R05,SKU-1126,20-Jul-25,19,0,0
R05,SKU-1126,07/21/2025,18,1,0
R05,SKU-1126,2025-07-22,17,0,0
R05,SKU-1126,07/23/2025,22,0,1
R05,SKU-1126,2025-07-24,20,0,0
R05,SKU-1126,07/25/2025,18,1,0
R05,SKU-1126,07/26/2025,16,1,0
R05,SKU-1126,2025-07-27,15,0,0
R05,SKU-1126,2025-07-28,23,0,0
R05,SKU-1126,07/29/2025,9,1,0
R05,SKU-1126,2025-07-30,22,0,0
R05,SKU-1126,31-Jul-25,19,0,0
R05,SKU-1077,2025-07-01,31,1,0
R05,SKU-1077,2025-07-02,20,1,0
R05,SKU-1077,07/03/2025,27,0,0
R05,SKU-1077,07/04/2025,25,0,0
R05,SKU-1077,2025-07-05,27,0,0
R05,SKU-1077,07/06/2025,14,0,0
R05,SKU-1077,07/07/2025,21,0,0
R05,SKU-1077,2025-07-08,22,0,1
R05,SKU-1077,09-Jul-25,21,0,0
R05,SKU-1077,10-Jul-25,25,1,0
R05,SKU-1077,2025-07-11,18,2,0
R05,SKU-1077,2025-07-12,27,0,0
R05,SKU-1077,2025-07-13,29,0,0
R05,SKU-1077,2025-07-14,20,0,1
R05,SKU-1077,07/15/2025,19,1,0
R05,SKU-1077,2025-07-16,31,1,0
R05,SKU-1077,17-Jul-25,26,0,0
R05,SKU-1077,07/18/2025,36,0,0
R05,SKU-1077,2025-07-19,21,0,0
R05,SKU-1077,07/20/2025,20,0,1
R05,SKU-1077,2025-07-21,20,0,0
R05,SKU-1077,2025-07-22,26,0,0
R05,SKU-1077,07/23/2025,17,1,0
R05,SKU-1077,07/24/2025,22,0,1
R05,SKU-1077,2025-07-25,26,2,0
R05,SKU-1077,2025-07-26,15,0,1
R05,SKU-1077,27-Jul-25,29,1,0
R05,SKU-1077,2025-07-28,24,2,0
R05,SKU-1077,2025-07-29,26,0,0
R05,SKU-1077,2025-07-30,19,1,0
R05,SKU-1077,2025-07-31,31,0,0
R05,SKU-1196,2025-07-01,32,0,0
R05,SKU-1196,2025-07-02,36,0,0
R05,SKU-1196,03-Jul-25,31,0,0
R05,SKU-1196,2025-07-04,26,1,0
R05,SKU-1196,2025-07-05,34,1,1
R05,SKU-1196,2025-07-06,31,0,0
R05,SKU-1196,07/07/2025,32,1,0
R05,SKU-1196,2025-07-08,38,0,1
R05,SKU-1196,2025-07-09,40,0,0
R05,SKU-1196,2025-07-10,30,0,0
R05,SKU-1196,2025-07-11,23,0,0
R05,SKU-1196,12-Jul-25,31,0,1
R05,SKU-1196,2025-07-13,34,1,0
R05,SKU-1196,14-Jul-25,31,2,0
R05,SKU-1196,2025-07-15,33,1,0
R05,SKU-1196,2025-07-16,20,1,0
R05,SKU-1196,2025-07-17,34,1,1
R05,SKU-1196,2025-07-18,32,2,0
R05,SKU-1196,07/19/2025,37,2,0
R05,SKU-1196,20-Jul-25,29,2,0
R05,SKU-1196,07/21/2025,26,0,0
R05,SKU-1196,22-Jul-25,27,2,0
R05,SKU-1196,2025-07-23,36,0,0
R05,SKU-1196,07/24/2025,34,0,0
R05,SKU-1196,2025-07-25,33,0,0
R05,SKU-1196,07/26/2025,37,0,0
R05,SKU-1196,27-Jul-25,29,0,0
R05,SKU-1196,2025-07-28,26,0,0
R05,SKU-1196,2025-07-29,30,0,0
R05,SKU-1196,2025-07-30,37,2,0
R05,SKU-1196,2025-07-31,35,3,1
R05,SKU-1056,2025-07-01,31,0,0
R05,SKU-1056,02-Jul-25,36,1,0
R05,SKU-1056,2025-07-03,27,0,0
R05,SKU-1056,2025-07-04,27,1,0
R05,SKU-1056,2025-07-05,32,3,0
R05,SKU-1056,2025-07-06,23,1,1
R05,SKU-1056,2025-07-07,47,1,0
R05,SKU-1056,2025-07-08,28,0,0
R05,SKU-1056,2025-07-09,22,1,0
R05,SKU-1056,2025-07-10,30,0,0
R05,SKU-1056,07/11/2025,24,0,0
R05,SKU-1056,2025-07-12,25,0,0
R05,SKU-1056,2025-07-13,22,1,0
R05,SKU-1056,2025-07-14,28,1,0
R05,SKU-1056,07/15/2025,38,0,0
R05,SKU-1056,16-Jul-25,23,0,0
R05,SKU-1056,2025-07-17,28,0,1
R05,SKU-1056,2025-07-18,21,0,0
R05,SKU-1056,07/19/2025,24,0,0
R05,SKU-1056,2025-07-20,21,0,0
R05,SKU-1056,2025-07-21,32,0,0
R05,SKU-1056,2025-07-22,26,0,0
R05,SKU-1056,2025-07-23,31,0,0
R05,SKU-1056,07/24/2025,38,0,0
R05,SKU-1056,25-Jul-25,34,0,0
R05,SKU-1056,2025-07-26,28,0,0
R05,SKU-1056,2025-07-27,19,0,1
R05,SKU-1056,07/28/2025,25,1,0
R05,SKU-1056,2025-07-29,23,0,1
R05,SKU-1056,2025-07-30,28,0,0
R05,SKU-1056,2025-07-31,22,0,0
R05,SKU-1280,07/01/2025,15,1,0
R05,SKU-1280,07/02/2025,12,0,0
R05,SKU-1280,2025-07-03,13,0,0
R05,SKU-1280,04-Jul-25,15,0,0
R05,SKU-1280,2025-07-05,8,1,0
R05,SKU-1280,07/06/2025,20,1,0
R05,SKU-1280,07-Jul-25,17,1,0
R05,SKU-1280,2025-07-08,16,1,0
R05,SKU-1280,07/09/2025,16,0,0
R05,SKU-1280,2025-07-10,10,1,0
R05,SKU-1280,07/11/2025,14,1,0
R05,SKU-1280,12-Jul-25,13,0,0
R05,SKU-1280,07/13/2025,17,0,0
R05,SKU-1280,2025-07-14,7,0,1
R05,SKU-1280,07/15/2025,14,0,0
R05,SKU-1280,07/16/2025,16,0,1
R05,SKU-1280,17-Jul-25,17,0,0
R05,SKU-1280,18-Jul-25,11,0,0
R05,SKU-1280,19-Jul-25,10,1,0
R05,SKU-1280,2025-07-20,19,0,0
R05,SKU-1280,2025-07-21,11,1,0
R05,SKU-1280,2025-07-22,14,0,0
R05,SKU-1280,2025-07-23,19,0,0
R05,SKU-1280,2025-07-24,15,0,0
R05,SKU-1280,07/25/2025,24,0,0
R05,SKU-1280,2025-07-26,8,1,0
R05,SKU-1280,2025-07-27,6,0,0
R05,SKU-1280,07/28/2025,11,0,0
R05,SKU-1280,2025-07-29,12,0,0
R05,SKU-1280,30-Jul-25,17,0,0
R05,SKU-1280,2025-07-31,10,0,0
R05,SKU-1147,2025-07-01,3,0,0
R05,SKU-1147,2025-07-02,6,0,0
R05,SKU-1147,07/03/2025,9,0,0
R05,SKU-1147,07/04/2025,7,0,0
R05,SKU-1147,2025-07-05,5,1,0
R05,SKU-1147,2025-07-06,2,1,0
R05,SKU-1147,07/07/2025,6,0,0
R05,SKU-1147,2025-07-08,8,1,0
R05,SKU-1147,2025-07-09,3,1,0
R05,SKU-1147,07/10/2025,8,0,0
R05,SKU-1147,2025-07-11,6,0,1
R05,SKU-1147,2025-07-12,4,0,0
R05,SKU-1147,2025-07-13,5,0,0
R05,SKU-1147,07/14/2025,8,0,0
R05,SKU-1147,2025-07-15,6,0,1
R05,SKU-1147,2025-07-16,9,0,0
R05,SKU-1147,17-Jul-25,4,0,0
R05,SKU-1147,18-Jul-25,10,0,0
R05,SKU-1147,07/19/2025,4,1,0
R05,SKU-1147,2025-07-20,6,1,0
R05,SKU-1147,2025-07-21,11,1,0
R05,SKU-1147,22-Jul-25,0,0,0
R05,SKU-1147,2025-07-23,6,0,0
R05,SKU-1147,24-Jul-25,10,1,0
R05,SKU-1147,2025-07-25,4,0,0
R05,SKU-1147,2025-07-26,5,0,0
R05,SKU-1147,2025-07-27,6,0,0
R05,SKU-1147,2025-07-28,7,0,0
R05,SKU-1147,29-Jul-25,8,0,0
R05,SKU-1147,2025-07-30,5,0,0
R05,SKU-1147,2025-07-31,6,1,0
R05,SKU-1273,2025-07-01,28,0,1
R05,SKU-1273,2025-07-02,21,0,0
R05,SKU-1273,2025-07-03,21,1,0
R05,SKU-1273,2025-07-04,26,0,0
R05,SKU-1273,2025-07-05,17,0,1
R05,SKU-1273,07/06/2025,24,1,0
R05,SKU-1273,2025-07-07,20,0,0
R05,SKU-1273,2025-07-08,16,0,0
R05,SKU-1273,2025-07-09,24,1,0
R05,SKU-1273,2025-07-10,23,0,0
R05,SKU-1273,07/11/2025,22,1,0
R05,SKU-1273,2025-07-12,25,3,0
R05,SKU-1273,2025-07-13,22,1,1
R05,SKU-1273,14-Jul-25,22,0,0
R05,SKU-1273,07/15/2025,21,1,0
R05,SKU-1273,2025-07-16,15,0,0
R05,SKU-1273,2025-07-17,34,0,0
R05,SKU-1273,18-Jul-25,17,0,0
R05,SKU-1273,2025-07-19,27,1,0
R05,SKU-1273,2025-07-20,26,0,0
R05,SKU-1273,2025-07-21,16,0,0
R05,SKU-1273,22-Jul-25,29,2,0
R05,SKU-1273,2025-07-23,18,0,0
R05,SKU-1273,24-Jul-25,16,1,0
R05,SKU-1273,07/25/2025,21,0,1
R05,SKU-1273,07/26/2025,19,1,0
R05,SKU-1273,2025-07-27,14,0,0
R05,SKU-1273,2025-07-28,19,1,0
R05,SKU-1273,29-Jul-25,25,0,0
R05,SKU-1273,2025-07-30,19,1,0
R05,SKU-1273,2025-07-31,17,0,0
R05,SKU-1105,01-Jul-25,12,0,0
R05,SKU-1105,07/02/2025,22,1,0
R05,SKU-1105,07/03/2025,15,0,0
R05,SKU-1105,2025-07-04,19,0,0
R05,SKU-1105,2025-07-05,8,2,0
R05,SKU-1105,2025-07-06,9,1,1
R05,SKU-1105,07/07/2025,21,0,1
R05,SKU-1105,07/08/2025,12,0,0
R05,SKU-1105,07/09/2025,13,1,0
R05,SKU-1105,07/10/2025,7,0,0
R05,SKU-1105,2025-07-11,9,1,0
R05,SKU-1105,2025-07-12,9,2,0
R05,SKU-1105,2025-07-13,14,0,0
R05,SKU-1105,2025-07-14,9,0,0
R05,SKU-1105,2025-07-15,14,0,0
R05,SKU-1105,2025-07-16,9,0,0
R05,SKU-1105,2025-07-17,14,0,0
R05,SKU-1105,07/18/2025,18,1,0
R05,SKU-1105,2025-07-19,10,0,1
R05,SKU-1105,2025-07-20,14,1,0
R05,SKU-1105,21-Jul-25,13,1,0
R05,SKU-1105,07/22/2025,14,0,0
R05,SKU-1105,2025-07-23,12,0,0
R05,SKU-1105,24-Jul-25,16,0,0
R05,SKU-1105,25-Jul-25,8,0,0
R05,SKU-1105,2025-07-26,13,0,0
R05,SKU-1105,27-Jul-25,15,0,0
R05,SKU-1105,2025-07-28,14,1,0
R05,SKU-1105,07/29/2025,7,1,0
R05,SKU-1105,2025-07-30,6,0,0
R05,SKU-1105,31-Jul-25,11,1,0
R05,SKU-1007,07/01/2025,29,0,0
R05,SKU-1007,07/02/2025,21,0,0
R05,SKU-1007,2025-07-03,18,0,0
R05,SKU-1007,2025-07-04,29,1,0
R05,SKU-1007,07/05/2025,21,1,1
R05,SKU-1007,06-Jul-25,23,1,0
R05,SKU-1007,2025-07-07,14,0,0
R05,SKU-1007,08-Jul-25,21,0,0
R05,SKU-1007,2025-07-09,24,0,0
R05,SKU-1007,2025-07-10,25,0,0
R05,SKU-1007,2025-07-11,24,2,0
R05,SKU-1007,2025-07-12,22,0,1
R05,SKU-1007,2025-07-13,16,1,1
R05,SKU-1007,2025-07-14,18,1,0
R05,SKU-1007,2025-07-15,13,0,0
R05,SKU-1007,2025-07-16,20,1,0
R05,SKU-1007,2025-07-17,21,0,0
R05,SKU-1007,2025-07-18,20,0,1
R05,SKU-1007,07/19/2025,16,2,0
R05,SKU-1007,2025-07-20,34,0,0
R05,SKU-1007,07/21/2025,19,2,0
R05,SKU-1007,07/22/2025,19,1,0
R05,SKU-1007,2025-07-23,23,1,1
R05,SKU-1007,2025-07-24,21,0,0
R05,SKU-1007,2025-07-25,22,0,0
R05,SKU-1007,2025-07-26,28,0,0
R05,SKU-1007,07/27/2025,20,2,0
R05,SKU-1007,07/28/2025,14,0,0
R05,SKU-1007,07/29/2025,22,1,0
R05,SKU-1007,07/30/2025,28,2,0
R05,SKU-1007,07/31/2025,25,1,1
R05,SKU-1098,07/01/2025,31,0,0
R05,SKU-1098,02-Jul-25,34,1,0
R05,SKU-1098,2025-07-03,34,0,0
R05,SKU-1098,2025-07-04,27,0,0
R05,SKU-1098,05-Jul-25,36,1,0
R05,SKU-1098,2025-07-06,30,0,0
R05,SKU-1098,2025-07-07,27,0,0
R05,SKU-1098,2025-07-08,37,0,0
R05,SKU-1098,2025-07-09,32,0,0
R05,SKU-1098,07/10/2025,37,0,1
R05,SKU-1098,11-Jul-25,41,0,0
R05,SKU-1098,07/12/2025,33,1,0
R05,SKU-1098,07/13/2025,32,0,0
R05,SKU-1098,14-Jul-25,25,0,0
R05,SKU-1098,2025-07-15,26,1,0
R05,SKU-1098,07/16/2025,30,1,1
R05,SKU-1098,2025-07-17,31,0,0
R05,SKU-1098,18-Jul-25,35,1,0
R05,SKU-1098,2025-07-19,45,1,0
R05,SKU-1098,2025-07-20,29,0,1
R05,SKU-1098,2025-07-21,32,0,0
R05,SKU-1098,2025-07-22,39,1,0
R05,SKU-1098,07/23/2025,24,0,0
R05,SKU-1098,2025-07-24,32,1,0
R05,SKU-1098,2025-07-25,26,0,0
R05,SKU-1098,07/26/2025,20,1,1
R05,SKU-1098,07/27/2025,31,0,1
R05,SKU-1098,2025-07-28,38,0,1
R05,SKU-1098,2025-07-29,36,0,0
R05,SKU-1098,07/30/2025,30,0,0
R05,SKU-1098,2025-07-31,26,0,0
R05,SKU-1035,01-Jul-25,8,0,1
R05,SKU-1035,2025-07-02,10,0,0
R05,SKU-1035,03-Jul-25,8,0,0
R05,SKU-1035,2025-07-04,6,0,0
R05,SKU-1035,2025-07-05,3,0,0
R05,SKU-1035,2025-07-06,1,0,0
R05,SKU-1035,2025-07-07,6,1,0
R05,SKU-1035,07/08/2025,3,1,0
R05,SKU-1035,2025-07-09,7,1,0
R05,SKU-1035,2025-07-10,4,0,0
R05,SKU-1035,2025-07-11,6,0,0
R05,SKU-1035,2025-07-12,4,0,0
R05,SKU-1035,2025-07-13,12,1,0
R05,SKU-1035,2025-07-14,5,0,0
R05,SKU-1035,07/15/2025,2,2,0
R05,SKU-1035,2025-07-16,14,1,0
R05,SKU-1035,2025-07-17,4,0,0
R05,SKU-1035,2025-07-18,10,1,0
R05,SKU-1035,2025-07-19,5,0,1
R05,SKU-1035,20-Jul-25,3,0,0
R05,SKU-1035,2025-07-21,8,1,0
R05,SKU-1035,2025-07-22,4,1,1
R05,SKU-1035,2025-07-23,6,0,0
R05,SKU-1035,07/24/2025,6,1,0
R05,SKU-1035,07/25/2025,5,3,0
R05,SKU-1035,2025-07-26,6,1,0
R05,SKU-1035,2025-07-27,4,2,0
R05,SKU-1035,07/28/2025,4,0,0
R05,SKU-1035,29-Jul-25,8,1,0
R05,SKU-1035,07/30/2025,5,0,0
R05,SKU-1035,2025-07-31,10,0,0
R05,SKU-1014,2025-07-01,10,0,1
R05,SKU-1014,02-Jul-25,14,1,1
R05,SKU-1014,2025-07-03,15,0,0
R05,SKU-1014,2025-07-04,16,0,0
R05,SKU-1014,2025-07-05,17,0,0
R05,SKU-1014,06-Jul-25,15,1,0
R05,SKU-1014,2025-07-07,10,1,0
R05,SKU-1014,07/08/2025,13,0,0
R05,SKU-1014,07/09/2025,12,0,0
R05,SKU-1014,2025-07-10,11,0,0
R05,SKU-1014,2025-07-11,8,1,0
R05,SKU-1014,2025-07-12,10,0,0
R05,SKU-1014,07/13/2025,16,0,0
R05,SKU-1014,07/14/2025,8,0,0
R05,SKU-1014,2025-07-15,10,0,0
R05,SKU-1014,2025-07-16,14,0,0
R05,SKU-1014,2025-07-17,9,1,0
R05,SKU-1014,2025-07-18,12,0,0
R05,SKU-1014,2025-07-19,13,2,0
R05,SKU-1014,2025-07-20,10,0,0
R05,SKU-1014,07/21/2025,9,1,0
R05,SKU-1014,2025-07-22,18,0,1
R05,SKU-1014,07/23/2025,16,0,0
R05,SKU-1014,07/24/2025,16,1,0
R05,SKU-1014,2025-07-25,5,1,0
R05,SKU-1014,07/26/2025,29,1,1
R05,SKU-1014,27-Jul-25,16,1,0
R05,SKU-1014,2025-07-28,12,0,0
R05,SKU-1014,29-Jul-25,13,0,0
R05,SKU-1014,07/30/2025,18,1,0
R05,SKU-1014,07/31/2025,12,0,0
R05,SKU-1091,2025-07-01,7,1,0
R05,SKU-1091,2025-07-02,4,1,1
R05,SKU-1091,07/03/2025,12,1,0
R05,SKU-1091,07/04/2025,8,2,0
R05,SKU-1091,2025-07-05,11,0,0
R05,SKU-1091,2025-07-06,7,0,0
R05,SKU-1091,2025-07-07,5,0,0
R05,SKU-1091,2025-07-08,7,0,0
R05,SKU-1091,09-Jul-25,7,0,0
R05,SKU-1091,10-Jul-25,3,2,0
R05,SKU-1091,11-Jul-25,5,0,0
R05,SKU-1091,07/12/2025,9,0,0
R05,SKU-1091,2025-07-13,3,0,0
R05,SKU-1091,14-Jul-25,12,2,0
R05,SKU-1091,07/15/2025,14,0,1
R05,SKU-1091,07/16/2025,7,1,0
R05,SKU-1091,2025-07-17,5,1,0
R05,SKU-1091,2025-07-18,16,0,0
R05,SKU-1091,2025-07-19,7,0,0
R05,SKU-1091,2025-07-20,6,0,0
R05,SKU-1091,2025-07-21,7,2,0
R05,SKU-1091,22-Jul-25,6,0,0
R05,SKU-1091,2025-07-23,7,0,0
R05,SKU-1091,24-Jul-25,11,1,0
R05,SKU-1091,2025-07-25,9,0,0
R05,SKU-1091,2025-07-26,6,0,0
R05,SKU-1091,27-Jul-25,1,0,0
R05,SKU-1091,07/28/2025,4,0,0
R05,SKU-1091,2025-07-29,8,1,0
R05,SKU-1091,2025-07-30,3,1,1
R05,SKU-1091,07/31/2025,8,0,1
R05,SKU-1182,2025-07-01,10,2,1
R05,SKU-1182,07/02/2025,21,2,0
R05,SKU-1182,2025-07-03,14,0,1
R05,SKU-1182,07/04/2025,16,0,0
R05,SKU-1182,07/05/2025,20,0,0
R05,SKU-1182,2025-07-06,10,0,0
R05,SKU-1182,07/07/2025,16,0,0
R05,SKU-1182,07/08/2025,8,0,0
R05,SKU-1182,2025-07-09,13,0,0
R05,SKU-1182,2025-07-10,21,0,1
R05,SKU-1182,11-Jul-25,16,0,0
R05,SKU-1182,12-Jul-25,21,0,1
R05,SKU-1182,13-Jul-25,20,0,0
R05,SKU-1182,2025-07-14,23,0,0
R05,SKU-1182,15-Jul-25,10,1,0
R05,SKU-1182,2025-07-16,12,2,1
R05,SKU-1182,07/17/2025,12,0,1
R05,SKU-1182,07/18/2025,22,0,0
R05,SKU-1182,07/19/2025,15,0,0
R05,SKU-1182,2025-07-20,17,1,0
R05,SKU-1182,2025-07-21,10,0,0
R05,SKU-1182,2025-07-22,9,0,0
R05,SKU-1182,2025-07-23,22,0,0
R05,SKU-1182,2025-07-24,17,0,0
R05,SKU-1182,25-Jul-25,17,0,0
R05,SKU-1182,26-Jul-25,18,0,0
R05,SKU-1182,2025-07-27,20,1,0
R05,SKU-1182,07/28/2025,11,1,0
R05,SKU-1182,2025-07-29,27,0,0
R05,SKU-1182,2025-07-30,15,2,0
R05,SKU-1182,2025-07-31,19,0,0
R05,SKU-1042,07/01/2025,17,1,0
R05,SKU-1042,02-Jul-25,18,0,0
R05,SKU-1042,2025-07-03,24,1,0
R05,SKU-1042,07/04/2025,17,0,0
R05,SKU-1042,2025-07-05,23,0,1
R05,SKU-1042,2025-07-06,25,0,0
R05,SKU-1042,07-Jul-25,23,1,0
R05,SKU-1042,2025-07-08,27,0,0
R05,SKU-1042,07/09/2025,24,0,0
R05,SKU-1042,2025-07-10,24,1,0
R05,SKU-1042,2025-07-11,21,1,0
R05,SKU-1042,2025-07-12,19,0,1
R05,SKU-1042,13-Jul-25,20,1,0
R05,SKU-1042,07/14/2025,21,0,0
R05,SKU-1042,2025-07-15,20,0,0
R05,SKU-1042,2025-07-16,19,0,0
R05,SKU-1042,2025-07-17,20,0,0
R05,SKU-1042,2025-07-18,25,0,0
R05,SKU-1042,07/19/2025,15,0,1
R05,SKU-1042,2025-07-20,18,1,1
R05,SKU-1042,07/21/2025,18,1,1
R05,SKU-1042,2025-07-22,18,1,0
R05,SKU-1042,2025-07-23,17,0,1
R05,SKU-1042,24-Jul-25,18,0,0
R05,SKU-1042,2025-07-25,20,1,0
R05,SKU-1042,2025-07-26,14,0,0
R05,SKU-1042,2025-07-27,20,2,0
R05,SKU-1042,2025-07-28,24,0,0
R05,SKU-1042,2025-07-29,13,0,1
R05,SKU-1042,2025-07-30,14,0,0
R05,SKU-1042,2025-07-31,22,0,0
R05,SKU-1140,2025-07-01,11,0,0
R05,SKU-1140,07/02/2025,18,0,0
R05,SKU-1140,03-Jul-25,21,1,0
R05,SKU-1140,2025-07-04,15,1,0
R05,SKU-1140,05-Jul-25,14,0,0
R05,SKU-1140,2025-07-06,18,1,0
R05,SKU-1140,2025-07-07,15,1,0
R05,SKU-1140,2025-07-08,19,0,0
R05,SKU-1140,07/09/2025,11,1,0
R05,SKU-1140,10-Jul-25,22,1,0
R05,SKU-1140,11-Jul-25,9,0,0
R05,SKU-1140,12-Jul-25,18,1,0
R05,SKU-1140,2025-07-13,13,0,0
R05,SKU-1140,2025-07-14,14,0,1
R05,SKU-1140,2025-07-15,23,0,0
R05,SKU-1140,07/16/2025,12,2,0
R05,SKU-1140,07/17/2025,24,0,0
R05,SKU-1140,2025-07-18,19,0,0
R05,SKU-1140,2025-07-19,10,1,0
R05,SKU-1140,2025-07-20,13,0,0
R05,SKU-1140,2025-07-21,22,2,0
R05,SKU-1140,07/22/2025,19,1,0
R05,SKU-1140,2025-07-23,15,0,0
R05,SKU-1140,2025-07-24,16,0,1
R05,SKU-1140,2025-07-25,20,0,0
R05,SKU-1140,2025-07-26,18,0,0
R05,SKU-1140,2025-07-27,13,0,0
R05,SKU-1140,28-Jul-25,16,2,0
R05,SKU-1140,07/29/2025,15,1,0
R05,SKU-1140,2025-07-30,18,0,0
R05,SKU-1140,07/31/2025,20,0,0
R05,SKU-1189,2025-07-01,16,0,1
R05,SKU-1189,07/02/2025,8,0,0
R05,SKU-1189,2025-07-03,15,0,0
R05,SKU-1189,07/04/2025,17,0,0
R05,SKU-1189,2025-07-05,12,0,0
R05,SKU-1189,2025-07-06,23,0,0
R05,SKU-1189,2025-07-07,15,1,0
R05,SKU-1189,2025-07-08,15,0,0
R05,SKU-1189,2025-07-09,14,0,0
R05,SKU-1189,2025-07-10,14,1,0
R05,SKU-1189,2025-07-11,19,0,0
R05,SKU-1189,2025-07-12,13,0,0
R05,SKU-1189,13-Jul-25,15,0,0
R05,SKU-1189,2025-07-14,22,0,0
R05,SKU-1189,2025-07-15,10,0,0
R05,SKU-1189,2025-07-16,12,0,0
R05,SKU-1189,2025-07-17,18,1,0
R05,SKU-1189,07/18/2025,21,1,0
R05,SKU-1189,07/19/2025,19,0,0
R05,SKU-1189,2025-07-20,16,0,0
R05,SKU-1189,2025-07-21,17,1,0
R05,SKU-1189,2025-07-22,11,1,0
R05,SKU-1189,2025-07-23,18,0,0
R05,SKU-1189,2025-07-24,19,0,0
R05,SKU-1189,07/25/2025,26,0,0
R05,SKU-1189,26-Jul-25,20,0,0
R05,SKU-1189,27-Jul-25,13,1,0
R05,SKU-1189,28-Jul-25,23,0,0
R05,SKU-1189,07/29/2025,21,1,0
R05,SKU-1189,07/30/2025,22,1,0
R05,SKU-1189,2025-07-31,9,0,0
R05,SKU-1084,07/01/2025,9,0,0
R05,SKU-1084,2025-07-02,11,0,0
R05,SKU-1084,2025-07-03,17,0,0
R05,SKU-1084,2025-07-04,14,0,0
R05,SKU-1084,07/05/2025,9,0,0
R05,SKU-1084,2025-07-06,10,0,0
R05,SKU-1084,2025-07-07,12,0,1
R05,SKU-1084,2025-07-08,13,0,1
R05,SKU-1084,2025-07-09,15,0,0
R05,SKU-1084,07/10/2025,9,0,0
R05,SKU-1084,2025-07-11,10,0,0
R05,SKU-1084,07/12/2025,14,0,0
R05,SKU-1084,2025-07-13,6,2,0
R05,SKU-1084,2025-07-14,8,2,0
R05,SKU-1084,2025-07-15,13,0,0
R05,SKU-1084,2025-07-16,12,0,1
R05,SKU-1084,2025-07-17,16,0,0
R05,SKU-1084,2025-07-18,20,1,0
R05,SKU-1084,19-Jul-25,10,0,0
R05,SKU-1084,2025-07-20,11,0,1
R05,SKU-1084,2025-07-21,15,0,0
R05,SKU-1084,2025-07-22,18,1,0
R05,SKU-1084,07/23/2025,15,0,0
R05,SKU-1084,2025-07-24,10,1,0
R05,SKU-1084,2025-07-25,14,0,0
R05,SKU-1084,07/26/2025,15,2,1
R05,SKU-1084,2025-07-27,16,1,0
R05,SKU-1084,2025-07-28,24,0,0
R05,SKU-1084,07/29/2025,13,0,0
R05,SKU-1084,2025-07-30,15,0,0
R05,SKU-1084,2025-07-31,10,1,0
R05,SKU-1168,2025-07-01,27,0,0
R05,SKU-1168,07/02/2025,29,1,0
R05,SKU-1168,2025-07-03,40,0,0
R05,SKU-1168,04-Jul-25,38,1,0
R05,SKU-1168,2025-07-05,38,0,0
R05,SKU-1168,07/06/2025,25,0,0
R05,SKU-1168,2025-07-07,45,1,0
R05,SKU-1168,2025-07-08,24,0,1
R05,SKU-1168,2025-07-09,30,0,0
R05,SKU-1168,07/10/2025,29,0,0
R05,SKU-1168,2025-07-11,37,2,0
R05,SKU-1168,07/12/2025,34,1,0
R05,SKU-1168,07/13/2025,28,0,1
R05,SKU-1168,14-Jul-25,32,1,1
R05,SKU-1168,2025-07-15,29,0,0
R05,SKU-1168,2025-07-16,37,1,0
R05,SKU-1168,2025-07-17,24,1,0
R05,SKU-1168,2025-07-18,32,0,0
R05,SKU-1168,2025-07-19,27,0,0
R05,SKU-1168,2025-07-20,28,2,0
R05,SKU-1168,2025-07-21,25,0,0
R05,SKU-1168,2025-07-22,28,0,0
R05,SKU-1168,2025-07-23,42,1,0
R05,SKU-1168,2025-07-24,24,0,0
R05,SKU-1168,2025-07-25,22,0,0
R05,SKU-1168,2025-07-26,27,0,0
R05,SKU-1168,07/27/2025,21,0,0
R05,SKU-1168,2025-07-28,22,0,0
R05,SKU-1168,2025-07-29,27,0,0
R05,SKU-1168,2025-07-30,39,0,0
R05,SKU-1168,2025-07-31,46,0,0
R05,SKU-1175,07/01/2025,28,0,0
R05,SKU-1175,07/02/2025,26,1,0
R05,SKU-1175,07/03/2025,28,0,0
R05,SKU-1175,2025-07-04,31,0,0
R05,SKU-1175,05-Jul-25,35,0,0
R05,SKU-1175,2025-07-06,24,1,0
R05,SKU-1175,2025-07-07,26,2,0
R05,SKU-1175,2025-07-08,39,0,0
R05,SKU-1175,2025-07-09,36,0,0
R05,SKU-1175,10-Jul-25,36,0,0
R05,SKU-1175,07/11/2025,35,1,0
R05,SKU-1175,12-Jul-25,40,0,0
R05,SKU-1175,07/13/2025,32,0,0
R05,SKU-1175,2025-07-14,39,2,0
R05,SKU-1175,2025-07-15,40,0,0
R05,SKU-1175,2025-07-16,41,0,0
R05,SKU-1175,17-Jul-25,42,1,0
R05,SKU-1175,2025-07-18,34,0,0
R05,SKU-1175,2025-07-19,24,0,0
R05,SKU-1175,2025-07-20,40,2,0
R05,SKU-1175,2025-07-21,36,1,1
R05,SKU-1175,2025-07-22,33,0,1
R05,SKU-1175,2025-07-23,29,3,0
R05,SKU-1175,2025-07-24,30,0,0
R05,SKU-1175,2025-07-25,26,0,0
R05,SKU-1175,2025-07-26,28,0,0
R05,SKU-1175,2025-07-27,18,0,1
R05,SKU-1175,2025-07-28,32,0,0
R05,SKU-1175,29-Jul-25,34,1,1
R05,SKU-1175,2025-07-30,34,0,0
R05,SKU-1175,2025-07-31,32,0,0
R05,SKU-1070,2025-07-01,22,0,0
R05,SKU-1070,2025-07-02,24,1,0
R05,SKU-1070,07/03/2025,28,2,0
R05,SKU-1070,2025-07-04,29,0,0
R05,SKU-1070,2025-07-05,27,0,0
R05,SKU-1070,2025-07-06,27,1,0
R05,SKU-1070,07/07/2025,31,0,1
R05,SKU-1070,2025-07-08,36,0,0
R05,SKU-1070,2025-07-09,17,0,0
R05,SKU-1070,10-Jul-25,35,1,0
R05,SKU-1070,2025-07-11,33,0,1
R05,SKU-1070,07/12/2025,35,0,1
R05,SKU-1070,13-Jul-25,24,1,0
R05,SKU-1070,14-Jul-25,27,1,0
R05,SKU-1070,2025-07-15,25,0,0
R05,SKU-1070,2025-07-16,28,0,0
R05,SKU-1070,2025-07-17,27,0,0
R05,SKU-1070,18-Jul-25,33,0,0
R05,SKU-1070,2025-07-19,37,0,0
R05,SKU-1070,2025-07-20,26,0,0
R05,SKU-1070,2025-07-21,24,0,1
R05,SKU-1070,2025-07-22,30,1,0
R05,SKU-1070,07/23/2025,34,0,1
R05,SKU-1070,2025-07-24,36,0,0
R05,SKU-1070,25-Jul-25,30,1,1
R05,SKU-1070,2025-07-26,30,0,0
R05,SKU-1070,27-Jul-25,27,1,1
R05,SKU-1070,07/28/2025,28,0,0
R05,SKU-1070,07/29/2025,33,1,1
R05,SKU-1070,07/30/2025,24,1,0
R05,SKU-1070,31-Jul-25,24,0,0
