retailer_id,product_id,sale_date,sold_qty,returns_qty,promo_flag
R01,SKU-1014,2026-03-01,6,0,0
R01,SKU-1014,2026-03-02,5,0,0
R01,SKU-1014,03-Mar-26,5,1,0
R01,SKU-1014,2026-03-04,7,0,0
R01,SKU-1014,2026-03-05,1,0,0
R01,SKU-1014,2026-03-06,5,1,0
R01,SKU-1014,2026-03-07,2,0,0
R01,SKU-1014,2026-03-08,5,0,0
R01,SKU-1014,09-Mar-26,6,1,0
R01,SKU-1014,2026-03-10,4,1,0
R01,SKU-1014,2026-03-11,4,1,0
R01,SKU-1014,03/12/2026,7,0,0
R01,SKU-1014,13-Mar-26,2,0,0
R01,SKU-1014,2026-03-14,3,0,1
R01,SKU-1014,15-Mar-26,5,0,0
R01,SKU-1014,16-Mar-26,5,0,0
R01,SKU-1014,2026-03-17,2,1,0
R01,SKU-1014,2026-03-18,1,1,0
R01,SKU-1014,03/19/2026,7,0,0
R01,SKU-1014,20-Mar-26,6,1,0
R01,SKU-1014,21-Mar-26,2,1,0
R01,SKU-1014,2026-03-22,8,0,0
R01,SKU-1014,03/23/2026,3,2,1
R01,SKU-1014,2026-03-24,9,0,0
R01,SKU-1014,25-Mar-26,6,1,0
R01,SKU-1014,2026-03-26,6,1,0
R01,SKU-1014,2026-03-27,3,0,0
R01,SKU-1014,2026-03-28,9,1,0
R01,SKU-1014,03/29/2026,5,0,0
R01,SKU-1014,30-Mar-26,5,2,0
R01,SKU-1014,2026-03-31,4,0,0
R01,SKU-1231,03/01/2026,10,0,0
R01,SKU-1231,2026-03-02,9,0,0
R01,SKU-1231,2026-03-03,13,0,0
R01,SKU-1231,03/04/2026,6,1,0
R01,SKU-1231,2026-03-05,14,0,0
R01,SKU-1231,2026-03-06,7,1,0
R01,SKU-1231,03/07/2026,8,1,1
R01,SKU-1231,2026-03-08,13,0,0
R01,SKU-1231,03/09/2026,13,0,0
R01,SKU-1231,03/10/2026,7,1,0
R01,SKU-1231,2026-03-11,16,1,1
R01,SKU-1231,2026-03-12,10,2,0
R01,SKU-1231,2026-03-13,14,0,0
R01,SKU-1231,2026-03-14,8,0,0
R01,SKU-1231,03/15/2026,13,1,0
R01,SKU-1231,2026-03-16,13,0,0
R01,SKU-1231,17-Mar-26,12,0,0
R01,SKU-1231,2026-03-18,7,0,0
R01,SKU-1231,03/19/2026,10,1,0
R01,SKU-1231,03/20/2026,9,0,0
R01,SKU-1231,2026-03-21,8,0,0
R01,SKU-1231,22-Mar-26,19,1,0
R01,SKU-1231,2026-03-23,12,0,0
R01,SKU-1231,2026-03-24,12,0,0
R01,SKU-1231,03/25/2026,16,0,0
R01,SKU-1231,2026-03-26,11,1,0
R01,SKU-1231,27-Mar-26,14,1,0
R01,SKU-1231,2026-03-28,12,1,0
R01,SKU-1231,2026-03-29,8,0,0
R01,SKU-1231,03/30/2026,15,1,1
R01,SKU-1231,2026-03-31,8,0,0
R01,SKU-1056,2026-03-01,11,0,0
R01,SKU-1056,03/02/2026,10,1,1
R01,SKU-1056,03/03/2026,21,1,0
R01,SKU-1056,2026-03-04,12,0,0
R01,SKU-1056,2026-03-05,10,3,0
R01,SKU-1056,06-Mar-26,13,1,0
R01,SKU-1056,2026-03-07,10,0,0
R01,SKU-1056,2026-03-08,12,1,0
R01,SKU-1056,2026-03-09,9,0,0
R01,SKU-1056,10-Mar-26,16,0,0
R01,SKU-1056,2026-03-11,18,0,0
R01,SKU-1056,12-Mar-26,13,3,0
R01,SKU-1056,03/13/2026,15,0,0
R01,SKU-1056,2026-03-14,19,0,1
R01,SKU-1056,2026-03-15,6,0,0
R01,SKU-1056,03/16/2026,7,1,0
R01,SKU-1056,2026-03-17,19,0,0
R01,SKU-1056,18-Mar-26,7,0,0
R01,SKU-1056,2026-03-19,12,0,0
R01,SKU-1056,2026-03-20,20,1,0
R01,SKU-1056,03/21/2026,16,0,0
R01,SKU-1056,2026-03-22,15,1,0
R01,SKU-1056,03/23/2026,11,1,0
R01,SKU-1056,2026-03-24,8,0,0
R01,SKU-1056,2026-03-25,7,0,0
R01,SKU-1056,2026-03-26,14,0,0
R01,SKU-1056,03/27/2026,16,3,0
R01,SKU-1056,2026-03-28,9,0,0
R01,SKU-1056,2026-03-29,15,2,0
R01,SKU-1056,2026-03-30,13,0,0
R01,SKU-1056,2026-03-31,10,0,0
R01,SKU-1140,2026-03-01,10,1,0
R01,SKU-1140,03/02/2026,13,0,0
R01,SKU-1140,2026-03-03,4,0,0
R01,SKU-1140,03/04/2026,14,0,0
R01,SKU-1140,03/05/2026,12,1,0
R01,SKU-1140,2026-03-06,7,0,0
R01,SKU-1140,03/07/2026,10,0,0
R01,SKU-1140,03/08/2026,12,1,0
R01,SKU-1140,2026-03-09,7,2,0
R01,SKU-1140,03/10/2026,4,0,1
R01,SKU-1140,03/11/2026,8,0,0
R01,SKU-1140,2026-03-12,8,1,0
R01,SKU-1140,03/13/2026,12,1,1
R01,SKU-1140,2026-03-14,11,0,0
R01,SKU-1140,2026-03-15,11,0,0
R01,SKU-1140,2026-03-16,8,0,0
R01,SKU-1140,2026-03-17,7,0,0
R01,SKU-1140,18-Mar-26,5,0,0
R01,SKU-1140,03/19/2026,11,0,0
R01,SKU-1140,03/20/2026,9,0,0
R01,SKU-1140,2026-03-21,12,1,1
R01,SKU-1140,2026-03-22,12,1,0
R01,SKU-1140,2026-03-23,11,1,0
R01,SKU-1140,2026-03-24,13,0,0
R01,SKU-1140,25-Mar-26,5,0,0
R01,SKU-1140,03/26/2026,9,0,0
R01,SKU-1140,2026-03-27,8,0,0
R01,SKU-1140,2026-03-28,6,0,1
R01,SKU-1140,2026-03-29,7,2,0
R01,SKU-1140,2026-03-30,8,0,0
R01,SKU-1140,2026-03-31,7,0,1
R01,SKU-1189,2026-03-01,7,0,0
R01,SKU-1189,02-Mar-26,9,0,0
R01,SKU-1189,2026-03-03,11,0,0
R01,SKU-1189,04-Mar-26,7,0,0
R01,SKU-1189,2026-03-05,14,0,0
R01,SKU-1189,03/06/2026,16,0,0
R01,SKU-1189,2026-03-07,7,0,0
R01,SKU-1189,2026-03-08,9,0,0
R01,SKU-1189,03/09/2026,6,0,1
R01,SKU-1189,2026-03-10,8,0,0
R01,SKU-1189,2026-03-11,13,0,0
R01,SKU-1189,2026-03-12,8,0,0
R01,SKU-1189,2026-03-13,8,2,0
R01,SKU-1189,14-Mar-26,10,0,0
R01,SKU-1189,2026-03-15,14,1,0
R01,SKU-1189,2026-03-16,11,0,0
R01,SKU-1189,03/17/2026,15,1,0
R01,SKU-1189,2026-03-18,7,1,0
R01,SKU-1189,2026-03-19,11,1,0
R01,SKU-1189,20-Mar-26,9,0,0
R01,SKU-1189,2026-03-21,8,1,0
R01,SKU-1189,2026-03-22,18,2,1
R01,SKU-1189,2026-03-23,11,1,0
R01,SKU-1189,2026-03-24,4,1,0
R01,SKU-1189,2026-03-25,7,0,0
R01,SKU-1189,2026-03-26,7,0,0
R01,SKU-1189,03/27/2026,9,1,0
R01,SKU-1189,2026-03-28,14,1,0
R01,SKU-1189,29-Mar-26,9,0,0
R01,SKU-1189,2026-03-30,6,0,0
R01,SKU-1189,2026-03-31,9,0,0
R01,SKU-1252,03/01/2026,21,0,0
R01,SKU-1252,03/02/2026,22,0,0
R01,SKU-1252,2026-03-03,31,0,0
R01,SKU-1252,03/04/2026,24,0,0
R01,SKU-1252,2026-03-05,24,1,0
R01,SKU-1252,2026-03-06,24,1,0
R01,SKU-1252,03/07/2026,27,0,0
R01,SKU-1252,2026-03-08,21,0,0
R01,SKU-1252,2026-03-09,41,0,0
R01,SKU-1252,2026-03-10,25,1,1
R01,SKU-1252,03/11/2026,22,1,0
R01,SKU-1252,12-Mar-26,25,1,0
R01,SKU-1252,03/13/2026,17,0,0
R01,SKU-1252,2026-03-14,35,0,0
R01,SKU-1252,2026-03-15,31,1,0
R01,SKU-1252,16-Mar-26,26,0,0
R01,SKU-1252,03/17/2026,26,0,0
R01,SKU-1252,2026-03-18,25,0,0
R01,SKU-1252,2026-03-19,24,1,0
R01,SKU-1252,2026-03-20,22,0,0
R01,SKU-1252,21-Mar-26,30,1,0
R01,SKU-1252,2026-03-22,35,0,0
R01,SKU-1252,2026-03-23,21,0,0
R01,SKU-1252,2026-03-24,24,0,1
R01,SKU-1252,2026-03-25,22,0,1
R01,SKU-1252,26-Mar-26,35,0,1
R01,SKU-1252,03/27/2026,28,0,0
R01,SKU-1252,2026-03-28,26,0,0
R01,SKU-1252,03/29/2026,23,1,0
R01,SKU-1252,2026-03-30,23,1,0
R01,SKU-1252,03/31/2026,26,0,0
R01,SKU-1259,03/01/2026,14,1,0
R01,SKU-1259,2026-03-02,11,1,0
R01,SKU-1259,2026-03-03,16,0,0
R01,SKU-1259,03/04/2026,11,1,0
R01,SKU-1259,2026-03-05,9,0,0
R01,SKU-1259,2026-03-06,13,0,0
R01,SKU-1259,03/07/2026,9,0,0
R01,SKU-1259,2026-03-08,6,0,0
R01,SKU-1259,2026-03-09,11,1,0
R01,SKU-1259,2026-03-10,11,0,0
R01,SKU-1259,2026-03-11,16,1,0
R01,SKU-1259,2026-03-12,15,0,0
R01,SKU-1259,2026-03-13,12,0,0
R01,SKU-1259,2026-03-14,14,1,0
R01,SKU-1259,15-Mar-26,15,1,0
R01,SKU-1259,03/16/2026,9,0,0
R01,SKU-1259,03/17/2026,5,0,1
R01,SKU-1259,03/18/2026,11,1,0
R01,SKU-1259,2026-03-19,10,0,0
R01,SKU-1259,20-Mar-26,7,0,0
R01,SKU-1259,2026-03-21,10,0,0
R01,SKU-1259,2026-03-22,14,1,0
R01,SKU-1259,2026-03-23,12,0,1
R01,SKU-1259,03/24/2026,10,0,0
R01,SKU-1259,03/25/2026,5,1,0
R01,SKU-1259,2026-03-26,10,0,0
R01,SKU-1259,03/27/2026,16,0,0
R01,SKU-1259,2026-03-28,10,0,0
R01,SKU-1259,03/29/2026,9,1,0
R01,SKU-1259,2026-03-30,15,1,1
R01,SKU-1259,31-Mar-26,8,1,0
R01,SKU-1021,03/01/2026,10,1,0
R01,SKU-1021,03/02/2026,20,0,0
R01,SKU-1021,03/03/2026,11,1,0
R01,SKU-1021,04-Mar-26,13,0,0
R01,SKU-1021,2026-03-05,17,0,0
R01,SKU-1021,06-Mar-26,11,0,0
R01,SKU-1021,03/07/2026,16,0,0
R01,SKU-1021,2026-03-08,11,0,0
R01,SKU-1021,2026-03-09,22,0,0
R01,SKU-1021,03/10/2026,12,1,0
R01,SKU-1021,2026-03-11,9,1,0
R01,SKU-1021,03/12/2026,16,0,0
R01,SKU-1021,2026-03-13,17,0,0
R01,SKU-1021,2026-03-14,16,0,0
R01,SKU-1021,2026-03-15,7,0,0
R01,SKU-1021,2026-03-16,18,1,0
R01,SKU-1021,2026-03-17,14,0,0
R01,SKU-1021,2026-03-18,8,0,0
R01,SKU-1021,2026-03-19,12,0,0
R01,SKU-1021,2026-03-20,14,0,0
R01,SKU-1021,03/21/2026,12,0,1
R01,SKU-1021,2026-03-22,6,0,0
R01,SKU-1021,2026-03-23,12,1,0
R01,SKU-1021,03/24/2026,16,0,1
R01,SKU-1021,2026-03-25,11,0,0
R01,SKU-1021,26-Mar-26,15,0,0
R01,SKU-1021,03/27/2026,9,0,0
R01,SKU-1021,2026-03-28,14,0,0
R01,SKU-1021,03/29/2026,11,0,0
R01,SKU-1021,2026-03-30,11,0,0
R01,SKU-1021,31-Mar-26,15,0,0
R01,SKU-1147,03/01/2026,28,0,0
R01,SKU-1147,02-Mar-26,19,1,0
R01,SKU-1147,03-Mar-26,11,0,0
R01,SKU-1147,04-Mar-26,19,0,0
R01,SKU-1147,03/05/2026,13,0,0
R01,SKU-1147,2026-03-06,18,0,1
R01,SKU-1147,2026-03-07,17,0,0
R01,SKU-1147,08-Mar-26,15,0,0
R01,SKU-1147,2026-03-09,22,0,0
R01,SKU-1147,2026-03-10,16,0,0
R01,SKU-1147,2026-03-11,12,0,0
R01,SKU-1147,12-Mar-26,21,0,0
R01,SKU-1147,03/13/2026,13,0,0
R01,SKU-1147,2026-03-14,23,0,0
R01,SKU-1147,03/15/2026,25,0,0
R01,SKU-1147,2026-03-16,16,0,0
R01,SKU-1147,2026-03-17,24,1,0
R01,SKU-1147,2026-03-18,22,0,0
R01,SKU-1147,03/19/2026,17,0,0
R01,SKU-1147,2026-03-20,10,0,0
R01,SKU-1147,03/21/2026,22,0,1
R01,SKU-1147,2026-03-22,20,1,0
R01,SKU-1147,03/23/2026,14,1,0
R01,SKU-1147,24-Mar-26,16,0,0
R01,SKU-1147,25-Mar-26,11,0,0
R01,SKU-1147,03/26/2026,15,1,0
R01,SKU-1147,03/27/2026,19,0,0
R01,SKU-1147,2026-03-28,16,0,1
R01,SKU-1147,29-Mar-26,18,1,0
R01,SKU-1147,2026-03-30,19,1,0
R01,SKU-1147,2026-03-31,17,0,0
R01,SKU-1126,2026-03-01,27,0,0
R01,SKU-1126,02-Mar-26,19,3,0
R01,SKU-1126,03/03/2026,28,0,0
R01,SKU-1126,03/04/2026,25,0,0
R01,SKU-1126,2026-03-05,27,0,0
R01,SKU-1126,2026-03-06,34,1,0
R01,SKU-1126,07-Mar-26,30,0,0
R01,SKU-1126,03/08/2026,23,2,0
R01,SKU-1126,2026-03-09,24,0,0
R01,SKU-1126,2026-03-10,20,0,0
R01,SKU-1126,03/11/2026,28,1,0
R01,SKU-1126,2026-03-12,28,0,1
R01,SKU-1126,13-Mar-26,31,2,0
R01,SKU-1126,2026-03-14,27,0,0
R01,SKU-1126,2026-03-15,30,0,1
R01,SKU-1126,2026-03-16,24,0,0
R01,SKU-1126,2026-03-17,31,1,1
R01,SKU-1126,2026-03-18,31,0,0
R01,SKU-1126,2026-03-19,16,1,0
R01,SKU-1126,2026-03-20,36,0,0
R01,SKU-1126,03/21/2026,24,0,1
R01,SKU-1126,2026-03-22,29,0,0
R01,SKU-1126,03/23/2026,17,0,0
R01,SKU-1126,24-Mar-26,27,0,0
R01,SKU-1126,2026-03-25,35,0,0
R01,SKU-1126,2026-03-26,26,1,0
R01,SKU-1126,2026-03-27,20,1,0
R01,SKU-1126,2026-03-28,23,1,0
R01,SKU-1126,2026-03-29,29,0,0
R01,SKU-1126,2026-03-30,22,3,0
R01,SKU-1126,2026-03-31,23,2,0
R01,SKU-1175,2026-03-01,6,0,0
R01,SKU-1175,03/02/2026,3,1,0
R01,SKU-1175,03-Mar-26,4,1,0
R01,SKU-1175,03/04/2026,1,1,1
R01,SKU-1175,05-Mar-26,2,0,0
R01,SKU-1175,2026-03-06,2,1,0
R01,SKU-1175,2026-03-07,1,1,0
R01,SKU-1175,2026-03-08,5,0,0
R01,SKU-1175,2026-03-09,3,1,0
R01,SKU-1175,2026-03-10,1,3,0
R01,SKU-1175,2026-03-11,5,0,0
R01,SKU-1175,03/12/2026,4,0,1
R01,SKU-1175,2026-03-13,5,1,0
R01,SKU-1175,14-Mar-26,3,1,0
R01,SKU-1175,2026-03-15,6,1,1
R01,SKU-1175,16-Mar-26,4,0,0
R01,SKU-1175,03/17/2026,2,1,0
R01,SKU-1175,18-Mar-26,4,0,0
R01,SKU-1175,03/19/2026,4,0,0
R01,SKU-1175,20-Mar-26,7,1,0
R01,SKU-1175,2026-03-21,4,0,0
R01,SKU-1175,2026-03-22,3,0,0
R01,SKU-1175,23-Mar-26,7,1,0
R01,SKU-1175,2026-03-24,6,1,0
R01,SKU-1175,25-Mar-26,0,0,0
R01,SKU-1175,2026-03-26,4,2,0
R01,SKU-1175,2026-03-27,4,0,0
R01,SKU-1175,2026-03-28,6,0,0
R01,SKU-1175,2026-03-29,8,2,0
R01,SKU-1175,2026-03-30,7,1,1
R01,SKU-1175,2026-03-31,6,1,0
R01,SKU-1196,2026-03-01,24,0,0
R01,SKU-1196,2026-03-02,33,0,0
R01,SKU-1196,03-Mar-26,28,0,0
R01,SKU-1196,2026-03-04,23,0,0
R01,SKU-1196,2026-03-05,28,0,0
R01,SKU-1196,2026-03-06,22,0,0
R01,SKU-1196,07-Mar-26,17,0,0
R01,SKU-1196,08-Mar-26,21,1,0
R01,SKU-1196,2026-03-09,25,1,0
R01,SKU-1196,2026-03-10,22,0,0
R01,SKU-1196,03/11/2026,18,0,0
R01,SKU-1196,12-Mar-26,23,0,0
R01,SKU-1196,2026-03-13,29,0,0
R01,SKU-1196,2026-03-14,26,0,0
R01,SKU-1196,03/15/2026,24,2,0
R01,SKU-1196,03/16/2026,17,0,0
R01,SKU-1196,2026-03-17,26,1,0
R01,SKU-1196,03/18/2026,17,0,0
R01,SKU-1196,2026-03-19,14,1,0
R01,SKU-1196,2026-03-20,12,0,0
R01,SKU-1196,2026-03-21,20,1,0
R01,SKU-1196,22-Mar-26,18,0,0
R01,SKU-1196,2026-03-23,25,0,0
R01,SKU-1196,2026-03-24,31,1,0
R01,SKU-1196,2026-03-25,16,1,0
R01,SKU-1196,26-Mar-26,17,0,1
R01,SKU-1196,2026-03-27,20,0,0
R01,SKU-1196,28-Mar-26,18,1,0
R01,SKU-1196,03/29/2026,22,1,0
R01,SKU-1196,2026-03-30,22,0,0
R01,SKU-1196,2026-03-31,18,0,0
R01,SKU-1091,01-Mar-26,18,0,0
R01,SKU-1091,2026-03-02,15,0,0
R01,SKU-1091,2026-03-03,13,0,0
R01,SKU-1091,2026-03-04,26,0,0
R01,SKU-1091,2026-03-05,10,0,0
R01,SKU-1091,2026-03-06,17,0,0
R01,SKU-1091,2026-03-07,19,0,0
R01,SKU-1091,2026-03-08,15,0,0
R01,SKU-1091,03/09/2026,18,2,0
R01,SKU-1091,03/10/2026,14,0,0
R01,SKU-1091,2026-03-11,17,0,0
R01,SKU-1091,2026-03-12,20,1,0
R01,SKU-1091,2026-03-13,15,0,0
R01,SKU-1091,2026-03-14,18,0,0
R01,SKU-1091,2026-03-15,13,0,0
R01,SKU-1091,2026-03-16,8,0,1
R01,SKU-1091,03/17/2026,14,2,1
R01,SKU-1091,18-Mar-26,14,0,0
R01,SKU-1091,2026-03-19,16,0,0
R01,SKU-1091,20-Mar-26,17,1,0
R01,SKU-1091,03/21/2026,13,2,0
R01,SKU-1091,2026-03-22,19,1,0
R01,SKU-1091,2026-03-23,8,0,0
R01,SKU-1091,2026-03-24,12,0,0
R01,SKU-1091,2026-03-25,18,0,0
R01,SKU-1091,2026-03-26,12,0,0
R01,SKU-1091,2026-03-27,13,0,0
R01,SKU-1091,2026-03-28,19,1,0
R01,SKU-1091,29-Mar-26,14,0,0
R01,SKU-1091,2026-03-30,18,0,0
R01,SKU-1091,2026-03-31,18,0,0
R01,SKU-1119,03/01/2026,10,2,0
R01,SKU-1119,02-Mar-26,7,0,0
R01,SKU-1119,03/03/2026,5,0,1
R01,SKU-1119,04-Mar-26,1,1,0
R01,SKU-1119,05-Mar-26,5,1,0
R01,SKU-1119,2026-03-06,3,0,0
R01,SKU-1119,03/07/2026,3,1,0
R01,SKU-1119,2026-03-08,5,0,0
R01,SKU-1119,03/09/2026,4,1,0
R01,SKU-1119,2026-03-10,4,0,1
R01,SKU-1119,11-Mar-26,5,0,0
R01,SKU-1119,2026-03-12,6,1,0
R01,SKU-1119,2026-03-13,10,0,0
R01,SKU-1119,2026-03-14,8,1,0
R01,SKU-1119,03/15/2026,4,0,0
R01,SKU-1119,2026-03-16,5,0,0
R01,SKU-1119,17-Mar-26,6,1,1
R01,SKU-1119,2026-03-18,9,0,0
R01,SKU-1119,2026-03-19,8,0,1
R01,SKU-1119,20-Mar-26,6,0,0
R01,SKU-1119,21-Mar-26,4,0,0
R01,SKU-1119,03/22/2026,6,2,0
R01,SKU-1119,2026-03-23,5,0,0
R01,SKU-1119,2026-03-24,7,0,0
R01,SKU-1119,03/25/2026,5,1,1
R01,SKU-1119,03/26/2026,3,0,0
R01,SKU-1119,2026-03-27,4,0,0
R01,SKU-1119,2026-03-28,4,1,0
R01,SKU-1119,2026-03-29,5,0,0
R01,SKU-1119,2026-03-30,5,0,0
R01,SKU-1119,2026-03-31,10,0,0
R01,SKU-1224,2026-03-01,18,0,1
R01,SKU-1224,2026-03-02,30,1,0
R01,SKU-1224,2026-03-03,28,0,0
R01,SKU-1224,2026-03-04,29,0,0
R01,SKU-1224,03/05/2026,26,1,0
R01,SKU-1224,2026-03-06,31,0,0
R01,SKU-1224,2026-03-07,26,0,1
R01,SKU-1224,03/08/2026,33,0,0
R01,SKU-1224,03/09/2026,31,0,0
R01,SKU-1224,2026-03-10,28,1,0
R01,SKU-1224,2026-03-11,28,0,0
R01,SKU-1224,12-Mar-26,27,1,0
R01,SKU-1224,03/13/2026,37,1,1
R01,SKU-1224,2026-03-14,35,0,0
R01,SKU-1224,2026-03-15,35,0,0
R01,SKU-1224,2026-03-16,35,0,0
R01,SKU-1224,17-Mar-26,37,1,0
R01,SKU-1224,2026-03-18,27,0,0
R01,SKU-1224,2026-03-19,23,0,0
R01,SKU-1224,2026-03-20,22,0,0
R01,SKU-1224,2026-03-21,34,0,0
R01,SKU-1224,03/22/2026,33,0,0
R01,SKU-1224,2026-03-23,31,0,0
R01,SKU-1224,03/24/2026,33,1,0
R01,SKU-1224,2026-03-25,31,2,0
R01,SKU-1224,2026-03-26,24,1,0
R01,SKU-1224,2026-03-27,38,0,1
R01,SKU-1224,03/28/2026,41,2,0
R01,SKU-1224,2026-03-29,42,0,0
R01,SKU-1224,30-Mar-26,24,1,1
R01,SKU-1224,03/31/2026,38,1,0
R01,SKU-1266,2026-03-01,30,0,0
R01,SKU-1266,02-Mar-26,18,0,0
R01,SKU-1266,03/03/2026,27,1,0
R01,SKU-1266,04-Mar-26,30,1,0
R01,SKU-1266,05-Mar-26,21,1,0
R01,SKU-1266,2026-03-06,31,0,0
R01,SKU-1266,2026-03-07,29,3,0
R01,SKU-1266,08-Mar-26,29,0,0
R01,SKU-1266,2026-03-09,24,0,0
R01,SKU-1266,2026-03-10,31,1,0
R01,SKU-1266,03/11/2026,25,0,0
R01,SKU-1266,2026-03-12,27,1,0
R01,SKU-1266,03/13/2026,33,0,0
R01,SKU-1266,03/14/2026,28,0,0
R01,SKU-1266,03/15/2026,31,1,0
R01,SKU-1266,03/16/2026,25,2,0
R01,SKU-1266,2026-03-17,33,1,0
R01,SKU-1266,03/18/2026,40,0,1
R01,SKU-1266,2026-03-19,27,0,0
R01,SKU-1266,2026-03-20,26,0,1
R01,SKU-1266,21-Mar-26,20,0,0
R01,SKU-1266,2026-03-22,25,0,0
R01,SKU-1266,2026-03-23,40,0,0
R01,SKU-1266,2026-03-24,26,0,1
R01,SKU-1266,03/25/2026,38,0,0
R01,SKU-1266,03/26/2026,26,0,0
R01,SKU-1266,03/27/2026,27,1,0
R01,SKU-1266,2026-03-28,24,1,0
R01,SKU-1266,03/29/2026,27,1,1
R01,SKU-1266,03/30/2026,36,0,0
R01,SKU-1266,2026-03-31,28,1,0
R01,SKU-1063,2026-03-01,27,0,0
R01,SKU-1063,03/02/2026,23,1,0
R01,SKU-1063,2026-03-03,21,0,0
R01,SKU-1063,2026-03-04,16,1,0
R01,SKU-1063,2026-03-05,19,0,0
R01,SKU-1063,2026-03-06,15,0,0
R01,SKU-1063,07-Mar-26,33,0,0
R01,SKU-1063,2026-03-08,28,1,1
R01,SKU-1063,03/09/2026,24,0,0
R01,SKU-1063,03/10/2026,20,0,0
R01,SKU-1063,2026-03-11,19,0,0
R01,SKU-1063,12-Mar-26,22,0,0
R01,SKU-1063,03/13/2026,20,1,0
R01,SKU-1063,14-Mar-26,23,1,0
R01,SKU-1063,2026-03-15,26,0,1
R01,SKU-1063,2026-03-16,20,1,0
R01,SKU-1063,17-Mar-26,25,0,0
R01,SKU-1063,2026-03-18,26,0,1
R01,SKU-1063,2026-03-19,26,0,0
R01,SKU-1063,03/20/2026,17,0,0
R01,SKU-1063,2026-03-21,20,0,0
R01,SKU-1063,2026-03-22,18,0,0
R01,SKU-1063,03/23/2026,14,0,0
R01,SKU-1063,03/24/2026,17,0,0
R01,SKU-1063,03/25/2026,16,0,0
R01,SKU-1063,03/26/2026,15,0,0
R01,SKU-1063,03/27/2026,22,0,0
R01,SKU-1063,03/28/2026,21,0,0
R01,SKU-1063,2026-03-29,26,0,0
R01,SKU-1063,2026-03-30,24,0,0
R01,SKU-1063,2026-03-31,25,1,0
R01,SKU-1245,2026-03-01,30,2,0
R01,SKU-1245,2026-03-02,33,1,0
R01,SKU-1245,03/03/2026,21,1,0
R01,SKU-1245,04-Mar-26,27,2,0
R01,SKU-1245,03/05/2026,31,0,0
R01,SKU-1245,03/06/2026,28,0,0
R01,SKU-1245,2026-03-07,15,0,0
R01,SKU-1245,03/08/2026,24,0,0
R01,SKU-1245,09-Mar-26,26,0,0
R01,SKU-1245,03/10/2026,25,0,0
R01,SKU-1245,11-Mar-26,34,0,0
R01,SKU-1245,03/12/2026,23,1,0
R01,SKU-1245,2026-03-13,21,2,0
R01,SKU-1245,14-Mar-26,29,0,0
R01,SKU-1245,03/15/2026,28,0,0
R01,SKU-1245,16-Mar-26,28,0,0
R01,SKU-1245,03/17/2026,27,0,0
R01,SKU-1245,18-Mar-26,30,0,0
R01,SKU-1245,03/19/2026,30,0,1
R01,SKU-1245,03/20/2026,34,1,0
R01,SKU-1245,2026-03-21,28,1,0
R01,SKU-1245,22-Mar-26,24,1,0
R01,SKU-1245,2026-03-23,28,0,0
R01,SKU-1245,24-Mar-26,24,0,0
R01,SKU-1245,2026-03-25,30,0,0
R01,SKU-1245,26-Mar-26,32,2,1
R01,SKU-1245,2026-03-27,29,0,0
R01,SKU-1245,2026-03-28,24,0,0
R01,SKU-1245,2026-03-29,33,1,0
R01,SKU-1245,2026-03-30,34,0,0
R01,SKU-1245,03/31/2026,28,0,1
R01,SKU-1182,03/01/2026,5,0,0
R01,SKU-1182,02-Mar-26,10,0,0
R01,SKU-1182,2026-03-03,4,0,0
R01,SKU-1182,04-Mar-26,2,1,0
R01,SKU-1182,05-Mar-26,5,0,0
R01,SKU-1182,06-Mar-26,7,2,0
R01,SKU-1182,2026-03-07,4,0,0
R01,SKU-1182,2026-03-08,6,0,0
R01,SKU-1182,2026-03-09,8,2,0
R01,SKU-1182,03/10/2026,8,0,0
R01,SKU-1182,2026-03-11,6,0,0
R01,SKU-1182,2026-03-12,6,1,0
R01,SKU-1182,2026-03-13,3,0,1
R01,SKU-1182,2026-03-14,3,0,0
R01,SKU-1182,03/15/2026,7,0,0
R01,SKU-1182,03/16/2026,7,1,0
R01,SKU-1182,2026-03-17,5,0,0
R01,SKU-1182,2026-03-18,8,1,0
R01,SKU-1182,2026-03-19,7,0,1
R01,SKU-1182,03/20/2026,7,1,0
R01,SKU-1182,21-Mar-26,5,1,0
R01,SKU-1182,2026-03-22,3,2,0
R01,SKU-1182,23-Mar-26,7,0,0
R01,SKU-1182,03/24/2026,6,0,0
R01,SKU-1182,03/25/2026,4,0,0
R01,SKU-1182,2026-03-26,9,0,0
R01,SKU-1182,2026-03-27,3,0,0
R01,SKU-1182,2026-03-28,6,0,0
R01,SKU-1182,2026-03-29,7,0,0
R01,SKU-1182,03/30/2026,3,0,0
R01,SKU-1182,2026-03-31,6,0,0
R01,SKU-1007,01-Mar-26,40,0,0
R01,SKU-1007,2026-03-02,29,1,0
R01,SKU-1007,03-Mar-26,35,0,0
R01,SKU-1007,2026-03-04,42,0,0
R01,SKU-1007,2026-03-05,37,0,1
R01,SKU-1007,06-Mar-26,31,0,0
R01,SKU-1007,07-Mar-26,36,0,0
R01,SKU-1007,2026-03-08,27,2,0
R01,SKU-1007,2026-03-09,34,1,0
R01,SKU-1007,2026-03-10,27,1,0
R01,SKU-1007,11-Mar-26,30,0,0
R01,SKU-1007,2026-03-12,29,0,0
R01,SKU-1007,2026-03-13,29,0,1
R01,SKU-1007,2026-03-14,41,0,1
R01,SKU-1007,2026-03-15,32,0,1
R01,SKU-1007,2026-03-16,42,0,0
R01,SKU-1007,2026-03-17,37,1,0
R01,SKU-1007,18-Mar-26,29,2,0
R01,SKU-1007,19-Mar-26,29,0,0
R01,SKU-1007,20-Mar-26,32,0,0
R01,SKU-1007,21-Mar-26,36,0,0
R01,SKU-1007,03/22/2026,28,1,0
R01,SKU-1007,2026-03-23,24,1,0
R01,SKU-1007,2026-03-24,31,0,0
R01,SKU-1007,2026-03-25,34,0,0
R01,SKU-1007,2026-03-26,40,0,0
R01,SKU-1007,03/27/2026,30,1,0
R01,SKU-1007,2026-03-28,34,0,1
R01,SKU-1007,29-Mar-26,30,0,0
R01,SKU-1007,2026-03-30,39,0,0
R01,SKU-1007,2026-03-31,28,0,0
R01,SKU-1070,03/01/2026,8,0,0
R01,SKU-1070,2026-03-02,8,0,0
R01,SKU-1070,2026-03-03,9,0,0
R01,SKU-1070,03/04/2026,14,0,0
R01,SKU-1070,2026-03-05,12,0,0
R01,SKU-1070,03/06/2026,14,0,0
R01,SKU-1070,2026-03-07,8,0,0
R01,SKU-1070,2026-03-08,10,0,0
R01,SKU-1070,03/09/2026,12,0,0
R01,SKU-1070,2026-03-10,11,1,0
R01,SKU-1070,2026-03-11,22,0,0
R01,SKU-1070,2026-03-12,5,0,1
R01,SKU-1070,13-Mar-26,14,0,0
R01,SKU-1070,2026-03-14,11,0,0
R01,SKU-1070,2026-03-15,10,0,0
R01,SKU-1070,03/16/2026,11,0,1
R01,SKU-1070,2026-03-17,11,0,1
R01,SKU-1070,18-Mar-26,10,0,0
R01,SKU-1070,03/19/2026,11,0,0
R01,SKU-1070,2026-03-20,13,0,0
R01,SKU-1070,2026-03-21,16,0,0
R01,SKU-1070,2026-03-22,12,0,0
R01,SKU-1070,2026-03-23,8,0,0
R01,SKU-1070,2026-03-24,14,1,0
R01,SKU-1070,2026-03-25,11,1,0
R01,SKU-1070,2026-03-26,19,0,0
R01,SKU-1070,2026-03-27,12,1,0
R01,SKU-1070,03/28/2026,12,1,1
R01,SKU-1070,2026-03-29,12,0,0
R01,SKU-1070,03/30/2026,9,0,1
R01,SKU-1070,31-Mar-26,10,0,0
R01,SKU-1238,2026-03-01,22,2,0
R01,SKU-1238,03/02/2026,19,0,0
R01,SKU-1238,2026-03-03,14,0,0
R01,SKU-1238,2026-03-04,15,0,0
R01,SKU-1238,03/05/2026,10,1,0
R01,SKU-1238,2026-03-06,22,0,0
R01,SKU-1238,2026-03-07,18,0,0
R01,SKU-1238,2026-03-08,12,0,0
R01,SKU-1238,03/09/2026,32,1,0
R01,SKU-1238,2026-03-10,17,0,0
R01,SKU-1238,2026-03-11,29,1,0
R01,SKU-1238,2026-03-12,16,1,0
R01,SKU-1238,2026-03-13,17,1,0
R01,SKU-1238,03/14/2026,16,0,0
R01,SKU-1238,03/15/2026,17,0,0
R01,SKU-1238,03/16/2026,13,1,0
R01,SKU-1238,2026-03-17,20,1,0
R01,SKU-1238,2026-03-18,19,1,0
R01,SKU-1238,19-Mar-26,24,2,0
R01,SKU-1238,2026-03-20,17,0,1
R01,SKU-1238,21-Mar-26,20,0,0
R01,SKU-1238,2026-03-22,22,1,0
R01,SKU-1238,2026-03-23,20,0,0
R01,SKU-1238,2026-03-24,19,0,0
R01,SKU-1238,2026-03-25,20,1,1
R01,SKU-1238,2026-03-26,16,0,0
R01,SKU-1238,2026-03-27,16,0,0
R01,SKU-1238,2026-03-28,17,1,1
R01,SKU-1238,2026-03-29,15,1,0
R01,SKU-1238,2026-03-30,23,1,0
R01,SKU-1238,2026-03-31,22,1,0
R01,SKU-1154,01-Mar-26,10,1,0
R01,SKU-1154,02-Mar-26,18,0,0
R01,SKU-1154,2026-03-03,15,1,0
R01,SKU-1154,03/04/2026,18,2,0
R01,SKU-1154,05-Mar-26,17,1,0
R01,SKU-1154,03/06/2026,24,1,0
R01,SKU-1154,07-Mar-26,25,1,0
R01,SKU-1154,2026-03-08,12,0,0
R01,SKU-1154,2026-03-09,17,0,1
R01,SKU-1154,2026-03-10,16,1,0
R01,SKU-1154,2026-03-11,27,0,1
R01,SKU-1154,2026-03-12,18,0,0
R01,SKU-1154,03/13/2026,15,1,0
R01,SKU-1154,2026-03-14,12,0,0
R01,SKU-1154,15-Mar-26,20,1,0
R01,SKU-1154,2026-03-16,19,1,0
R01,SKU-1154,2026-03-17,25,0,0
R01,SKU-1154,2026-03-18,25,0,0
R01,SKU-1154,2026-03-19,16,0,0
R01,SKU-1154,2026-03-20,17,0,0
R01,SKU-1154,2026-03-21,18,3,0
R01,SKU-1154,2026-03-22,12,2,0
R01,SKU-1154,2026-03-23,15,0,0
R01,SKU-1154,2026-03-24,18,0,0
R01,SKU-1154,2026-03-25,16,0,0
R01,SKU-1154,03/26/2026,18,0,0
R01,SKU-1154,03/27/2026,18,0,0
R01,SKU-1154,03/28/2026,21,0,0
R01,SKU-1154,2026-03-29,23,1,1
R01,SKU-1154,30-Mar-26,19,1,0
R01,SKU-1154,2026-03-31,21,0,1
R01,SKU-1273,2026-03-01,30,0,0
R01,SKU-1273,2026-03-02,26,0,1
R01,SKU-1273,03/03/2026,27,0,0
R01,SKU-1273,2026-03-04,27,0,0
R01,SKU-1273,2026-03-05,31,1,0
R01,SKU-1273,2026-03-06,37,0,0
R01,SKU-1273,03/07/2026,33,0,1
R01,SKU-1273,2026-03-08,24,0,1
R01,SKU-1273,2026-03-09,34,1,0
R01,SKU-1273,2026-03-10,25,1,0
R01,SKU-1273,11-Mar-26,37,1,0
R01,SKU-1273,2026-03-12,33,0,1
R01,SKU-1273,2026-03-13,34,0,0
R01,SKU-1273,2026-03-14,30,3,0
R01,SKU-1273,2026-03-15,35,1,0
R01,SKU-1273,2026-03-16,30,0,0
R01,SKU-1273,03/17/2026,22,0,0
R01,SKU-1273,18-Mar-26,29,0,1
R01,SKU-1273,03/19/2026,40,1,0
R01,SKU-1273,20-Mar-26,34,1,0
R01,SKU-1273,21-Mar-26,24,0,0
R01,SKU-1273,2026-03-22,26,0,0
R01,SKU-1273,2026-03-23,27,1,0
R01,SKU-1273,2026-03-24,33,0,0
R01,SKU-1273,2026-03-25,34,2,0
R01,SKU-1273,03/26/2026,28,0,0
R01,SKU-1273,2026-03-27,24,0,0
R01,SKU-1273,2026-03-28,29,0,0
R01,SKU-1273,2026-03-29,18,0,0
R01,SKU-1273,30-Mar-26,35,0,0
R01,SKU-1273,03/31/2026,27,0,0
R02,SKU-1119,2026-03-01,3,0,0
R02,SKU-1119,02-Mar-26,6,0,0
R02,SKU-1119,03-Mar-26,5,0,0
R02,SKU-1119,2026-03-04,5,1,0
R02,SKU-1119,2026-03-05,8,0,0
R02,SKU-1119,03/06/2026,1,0,0
R02,SKU-1119,2026-03-07,4,0,0
R02,SKU-1119,2026-03-08,4,0,0
R02,SKU-1119,2026-03-09,4,0,0
R02,SKU-1119,03/10/2026,7,0,0
R02,SKU-1119,2026-03-11,2,1,0
R02,SKU-1119,03/12/2026,4,0,0
R02,SKU-1119,13-Mar-26,4,0,0
R02,SKU-1119,2026-03-14,3,2,0
R02,SKU-1119,2026-03-15,2,1,0
R02,SKU-1119,2026-03-16,3,1,0
R02,SKU-1119,2026-03-17,7,0,0
R02,SKU-1119,2026-03-18,3,0,0
R02,SKU-1119,2026-03-19,1,0,0
R02,SKU-1119,2026-03-20,4,1,0
R02,SKU-1119,2026-03-21,2,1,1
R02,SKU-1119,2026-03-22,5,2,0
R02,SKU-1119,03/23/2026,1,0,0
R02,SKU-1119,24-Mar-26,6,0,0
R02,SKU-1119,03/25/2026,5,0,0
R02,SKU-1119,2026-03-26,5,0,0
R02,SKU-1119,27-Mar-26,4,0,1
R02,SKU-1119,03/28/2026,1,1,0
R02,SKU-1119,29-Mar-26,6,1,0
R02,SKU-1119,03/30/2026,5,0,0
R02,SKU-1119,03/31/2026,3,1,0
R02,SKU-1252,2026-03-01,27,0,1
R02,SKU-1252,2026-03-02,26,0,0
R02,SKU-1252,2026-03-03,31,1,0
R02,SKU-1252,04-Mar-26,34,1,0
R02,SKU-1252,03/05/2026,25,0,0
R02,SKU-1252,2026-03-06,32,0,0
R02,SKU-1252,2026-03-07,21,1,0
R02,SKU-1252,2026-03-08,33,1,0
R02,SKU-1252,09-Mar-26,31,1,1
R02,SKU-1252,10-Mar-26,26,1,0
R02,SKU-1252,2026-03-11,31,1,0
R02,SKU-1252,03/12/2026,34,0,0
R02,SKU-1252,03/13/2026,24,0,0
R02,SKU-1252,03/14/2026,38,1,0
R02,SKU-1252,2026-03-15,22,1,0
R02,SKU-1252,2026-03-16,26,1,0
R02,SKU-1252,03/17/2026,31,0,0
R02,SKU-1252,18-Mar-26,28,2,0
R02,SKU-1252,2026-03-19,21,0,0
R02,SKU-1252,2026-03-20,20,0,0
R02,SKU-1252,2026-03-21,26,1,0
R02,SKU-1252,2026-03-22,30,1,1
R02,SKU-1252,03/23/2026,31,0,0
R02,SKU-1252,2026-03-24,23,0,0
R02,SKU-1252,25-Mar-26,32,0,0
R02,SKU-1252,2026-03-26,34,1,0
R02,SKU-1252,2026-03-27,33,0,0
R02,SKU-1252,28-Mar-26,26,0,1
R02,SKU-1252,03/29/2026,26,1,1
R02,SKU-1252,2026-03-30,31,2,0
R02,SKU-1252,2026-03-31,26,0,0
R02,SKU-1238,2026-03-01,21,0,0
R02,SKU-1238,2026-03-02,12,0,0
R02,SKU-1238,2026-03-03,15,0,0
R02,SKU-1238,2026-03-04,24,1,0
R02,SKU-1238,05-Mar-26,27,1,0
R02,SKU-1238,06-Mar-26,20,0,0
R02,SKU-1238,07-Mar-26,7,0,0
R02,SKU-1238,2026-03-08,14,0,0
R02,SKU-1238,03/09/2026,16,1,0
R02,SKU-1238,2026-03-10,14,2,0
R02,SKU-1238,03/11/2026,21,1,0
R02,SKU-1238,2026-03-12,13,0,1
R02,SKU-1238,2026-03-13,15,0,0
R02,SKU-1238,2026-03-14,26,0,0
R02,SKU-1238,2026-03-15,19,0,1
R02,SKU-1238,03/16/2026,20,0,1
R02,SKU-1238,2026-03-17,21,0,0
R02,SKU-1238,2026-03-18,20,1,0
R02,SKU-1238,2026-03-19,13,0,0
R02,SKU-1238,20-Mar-26,24,1,0
R02,SKU-1238,2026-03-21,24,1,1
R02,SKU-1238,2026-03-22,18,0,0
R02,SKU-1238,03/23/2026,16,1,0
R02,SKU-1238,24-Mar-26,26,0,0
R02,SKU-1238,2026-03-25,20,1,0
R02,SKU-1238,26-Mar-26,20,2,0
R02,SKU-1238,03/27/2026,17,0,0
R02,SKU-1238,2026-03-28,15,0,0
R02,SKU-1238,2026-03-29,18,0,1
R02,SKU-1238,2026-03-30,14,0,0
R02,SKU-1238,03/31/2026,17,0,0
R02,SKU-1161,03/01/2026,10,1,0
R02,SKU-1161,2026-03-02,8,0,0
R02,SKU-1161,2026-03-03,16,0,0
R02,SKU-1161,2026-03-04,8,0,0
R02,SKU-1161,03/05/2026,8,0,0
R02,SKU-1161,06-Mar-26,11,1,0
R02,SKU-1161,03/07/2026,13,0,0
R02,SKU-1161,2026-03-08,19,0,0
R02,SKU-1161,2026-03-09,11,0,0
R02,SKU-1161,10-Mar-26,12,0,0
R02,SKU-1161,2026-03-11,11,0,0
R02,SKU-1161,03/12/2026,15,0,1
R02,SKU-1161,2026-03-13,16,2,0
R02,SKU-1161,03/14/2026,20,0,0
R02,SKU-1161,03/15/2026,9,0,0
R02,SKU-1161,2026-03-16,10,1,0
R02,SKU-1161,2026-03-17,18,0,0
R02,SKU-1161,2026-03-18,18,1,1
R02,SKU-1161,2026-03-19,13,0,0
R02,SKU-1161,2026-03-20,9,1,0
R02,SKU-1161,03/21/2026,13,0,1
R02,SKU-1161,2026-03-22,11,0,0
R02,SKU-1161,2026-03-23,15,1,1
R02,SKU-1161,24-Mar-26,8,1,0
R02,SKU-1161,2026-03-25,8,0,1
R02,SKU-1161,03/26/2026,12,1,0
R02,SKU-1161,27-Mar-26,20,0,1
R02,SKU-1161,2026-03-28,14,0,1
R02,SKU-1161,2026-03-29,25,0,0
R02,SKU-1161,2026-03-30,12,1,0
R02,SKU-1161,31-Mar-26,12,0,0
R02,SKU-1224,2026-03-01,28,0,0
R02,SKU-1224,02-Mar-26,24,0,0
R02,SKU-1224,2026-03-03,21,1,0
R02,SKU-1224,2026-03-04,31,2,0
R02,SKU-1224,2026-03-05,40,1,0
R02,SKU-1224,2026-03-06,36,0,0
R02,SKU-1224,2026-03-07,43,0,0
R02,SKU-1224,08-Mar-26,29,0,0
R02,SKU-1224,2026-03-09,37,2,0
R02,SKU-1224,10-Mar-26,25,0,0
R02,SKU-1224,2026-03-11,25,0,0
R02,SKU-1224,12-Mar-26,40,2,0
R02,SKU-1224,2026-03-13,29,0,0
R02,SKU-1224,14-Mar-26,28,0,1
R02,SKU-1224,2026-03-15,38,1,0
R02,SKU-1224,2026-03-16,36,1,1
R02,SKU-1224,2026-03-17,26,0,0
R02,SKU-1224,2026-03-18,31,1,0
R02,SKU-1224,03/19/2026,18,1,1
R02,SKU-1224,03/20/2026,45,1,0
R02,SKU-1224,03/21/2026,33,0,0
R02,SKU-1224,2026-03-22,32,1,0
R02,SKU-1224,23-Mar-26,34,1,0
R02,SKU-1224,2026-03-24,32,0,0
R02,SKU-1224,03/25/2026,32,0,0
R02,SKU-1224,2026-03-26,34,0,0
R02,SKU-1224,2026-03-27,47,0,0
R02,SKU-1224,2026-03-28,32,0,0
R02,SKU-1224,29-Mar-26,34,0,0
R02,SKU-1224,2026-03-30,34,0,0
R02,SKU-1224,2026-03-31,22,0,0
R02,SKU-1084,2026-03-01,13,0,0
R02,SKU-1084,03/02/2026,13,0,0
R02,SKU-1084,03-Mar-26,25,1,0
R02,SKU-1084,04-Mar-26,15,0,0
R02,SKU-1084,2026-03-05,18,0,0
R02,SKU-1084,03/06/2026,17,0,0
R02,SKU-1084,03/07/2026,17,0,0
R02,SKU-1084,03/08/2026,21,1,0
R02,SKU-1084,03/09/2026,23,0,0
R02,SKU-1084,10-Mar-26,14,0,0
R02,SKU-1084,03/11/2026,20,0,1
R02,SKU-1084,2026-03-12,15,0,0
R02,SKU-1084,2026-03-13,9,1,0
R02,SKU-1084,03/14/2026,12,0,0
R02,SKU-1084,15-Mar-26,19,1,0
R02,SKU-1084,2026-03-16,19,0,1
R02,SKU-1084,2026-03-17,22,0,1
R02,SKU-1084,2026-03-18,15,0,0
R02,SKU-1084,2026-03-19,12,0,0
R02,SKU-1084,2026-03-20,15,0,0
R02,SKU-1084,2026-03-21,10,0,0
R02,SKU-1084,2026-03-22,11,0,0
R02,SKU-1084,2026-03-23,20,0,0
R02,SKU-1084,2026-03-24,16,0,0
R02,SKU-1084,03/25/2026,23,2,0
R02,SKU-1084,2026-03-26,24,0,0
R02,SKU-1084,2026-03-27,17,0,0
R02,SKU-1084,03/28/2026,12,0,0
R02,SKU-1084,2026-03-29,17,1,0
R02,SKU-1084,30-Mar-26,20,2,0
R02,SKU-1084,2026-03-31,15,0,0
R02,SKU-1028,03/01/2026,24,0,0
R02,SKU-1028,2026-03-02,36,3,0
R02,SKU-1028,03-Mar-26,28,0,0
R02,SKU-1028,03/04/2026,33,0,0
R02,SKU-1028,03/05/2026,32,0,0
R02,SKU-1028,2026-03-06,28,0,0
R02,SKU-1028,2026-03-07,33,0,0
R02,SKU-1028,2026-03-08,33,1,1
R02,SKU-1028,2026-03-09,34,0,0
R02,SKU-1028,2026-03-10,32,1,0
R02,SKU-1028,2026-03-11,37,0,0
R02,SKU-1028,2026-03-12,33,0,0
R02,SKU-1028,03/13/2026,38,1,0
R02,SKU-1028,2026-03-14,37,1,1
R02,SKU-1028,2026-03-15,30,0,0
R02,SKU-1028,03/16/2026,40,1,0
R02,SKU-1028,2026-03-17,31,0,0
R02,SKU-1028,2026-03-18,33,2,0
R02,SKU-1028,19-Mar-26,30,1,0
R02,SKU-1028,2026-03-20,25,0,0
R02,SKU-1028,2026-03-21,25,0,0
R02,SKU-1028,2026-03-22,22,1,0
R02,SKU-1028,2026-03-23,29,0,0
R02,SKU-1028,03/24/2026,30,0,0
R02,SKU-1028,03/25/2026,33,1,0
R02,SKU-1028,2026-03-26,30,2,0
R02,SKU-1028,2026-03-27,23,0,1
R02,SKU-1028,28-Mar-26,31,0,0
R02,SKU-1028,2026-03-29,26,1,0
R02,SKU-1028,2026-03-30,28,0,0
R02,SKU-1028,2026-03-31,30,0,0
R02,SKU-1140,03/01/2026,17,1,0
R02,SKU-1140,02-Mar-26,23,0,0
R02,SKU-1140,03/03/2026,20,0,0
R02,SKU-1140,2026-03-04,7,1,0
R02,SKU-1140,2026-03-05,13,0,0
R02,SKU-1140,2026-03-06,22,0,0
R02,SKU-1140,2026-03-07,24,0,0
R02,SKU-1140,08-Mar-26,24,0,0
R02,SKU-1140,2026-03-09,21,0,1
R02,SKU-1140,2026-03-10,20,0,1
R02,SKU-1140,2026-03-11,20,1,1
R02,SKU-1140,2026-03-12,20,0,0
R02,SKU-1140,2026-03-13,18,0,0
R02,SKU-1140,2026-03-14,16,1,0
R02,SKU-1140,03/15/2026,23,1,0
R02,SKU-1140,2026-03-16,28,0,0
R02,SKU-1140,03/17/2026,18,0,0
R02,SKU-1140,2026-03-18,18,0,0
R02,SKU-1140,2026-03-19,14,0,1
R02,SKU-1140,2026-03-20,16,0,0
R02,SKU-1140,21-Mar-26,14,1,0
R02,SKU-1140,2026-03-22,19,2,0
R02,SKU-1140,03/23/2026,18,0,0
R02,SKU-1140,2026-03-24,20,1,0
R02,SKU-1140,2026-03-25,13,1,1
R02,SKU-1140,03/26/2026,22,0,0
R02,SKU-1140,27-Mar-26,12,0,0
R02,SKU-1140,2026-03-28,22,0,0
R02,SKU-1140,03/29/2026,22,0,0
R02,SKU-1140,2026-03-30,29,0,1
R02,SKU-1140,03/31/2026,18,1,0
R02,SKU-1217,2026-03-01,18,0,0
R02,SKU-1217,2026-03-02,17,0,0
R02,SKU-1217,03-Mar-26,20,0,0
R02,SKU-1217,04-Mar-26,20,0,1
R02,SKU-1217,2026-03-05,24,0,0
R02,SKU-1217,2026-03-06,21,0,0
R02,SKU-1217,2026-03-07,20,0,0
R02,SKU-1217,2026-03-08,18,0,0
R02,SKU-1217,09-Mar-26,25,0,0
R02,SKU-1217,03/10/2026,20,0,0
R02,SKU-1217,03/11/2026,16,1,0
R02,SKU-1217,12-Mar-26,28,0,0
R02,SKU-1217,2026-03-13,13,1,0
R02,SKU-1217,03/14/2026,21,0,0
R02,SKU-1217,2026-03-15,17,0,0
R02,SKU-1217,03/16/2026,19,0,0
R02,SKU-1217,2026-03-17,15,0,0
R02,SKU-1217,2026-03-18,13,0,0
R02,SKU-1217,19-Mar-26,27,1,1
R02,SKU-1217,03/20/2026,24,0,0
R02,SKU-1217,03/21/2026,17,0,0
R02,SKU-1217,22-Mar-26,16,0,0
R02,SKU-1217,03/23/2026,23,0,0
R02,SKU-1217,2026-03-24,24,0,0
R02,SKU-1217,03/25/2026,15,1,0
R02,SKU-1217,2026-03-26,25,0,0
R02,SKU-1217,27-Mar-26,12,2,0
R02,SKU-1217,03/28/2026,19,0,0
R02,SKU-1217,2026-03-29,13,1,0
R02,SKU-1217,30-Mar-26,16,1,0
R02,SKU-1217,2026-03-31,12,1,0
R02,SKU-1112,03/01/2026,19,1,0
R02,SKU-1112,2026-03-02,10,0,0
R02,SKU-1112,03/03/2026,15,0,0
R02,SKU-1112,04-Mar-26,17,2,0
R02,SKU-1112,03/05/2026,10,0,0
R02,SKU-1112,2026-03-06,18,2,0
R02,SKU-1112,2026-03-07,15,1,0
R02,SKU-1112,2026-03-08,20,1,0
R02,SKU-1112,2026-03-09,21,0,0
R02,SKU-1112,03/10/2026,14,0,0
R02,SKU-1112,2026-03-11,11,0,1
R02,SKU-1112,2026-03-12,8,0,0
R02,SKU-1112,2026-03-13,11,0,1
R02,SKU-1112,14-Mar-26,15,0,0
R02,SKU-1112,03/15/2026,16,0,0
R02,SKU-1112,03/16/2026,13,0,0
R02,SKU-1112,2026-03-17,16,0,0
R02,SKU-1112,2026-03-18,13,0,0
R02,SKU-1112,03/19/2026,17,0,0
R02,SKU-1112,2026-03-20,18,0,0
R02,SKU-1112,2026-03-21,18,0,0
R02,SKU-1112,22-Mar-26,12,0,1
R02,SKU-1112,2026-03-23,18,2,1
R02,SKU-1112,24-Mar-26,14,3,0
R02,SKU-1112,03/25/2026,15,0,0
R02,SKU-1112,2026-03-26,9,0,0
R02,SKU-1112,2026-03-27,12,0,0
R02,SKU-1112,2026-03-28,21,0,0
R02,SKU-1112,03/29/2026,16,1,1
R02,SKU-1112,2026-03-30,11,0,1
R02,SKU-1112,31-Mar-26,13,0,0
R02,SKU-1245,03/01/2026,11,0,0
R02,SKU-1245,2026-03-02,12,2,0
R02,SKU-1245,2026-03-03,8,0,1
R02,SKU-1245,2026-03-04,4,1,0
R02,SKU-1245,2026-03-05,8,0,0
R02,SKU-1245,2026-03-06,5,1,0
R02,SKU-1245,03/07/2026,11,2,0
R02,SKU-1245,2026-03-08,12,0,0
R02,SKU-1245,09-Mar-26,9,0,0
R02,SKU-1245,03/10/2026,9,0,0
R02,SKU-1245,2026-03-11,5,0,0
R02,SKU-1245,12-Mar-26,7,0,0
R02,SKU-1245,13-Mar-26,10,0,0
R02,SKU-1245,2026-03-14,9,0,0
R02,SKU-1245,03/15/2026,7,0,0
R02,SKU-1245,2026-03-16,6,1,0
R02,SKU-1245,2026-03-17,4,0,0
R02,SKU-1245,03/18/2026,3,0,0
R02,SKU-1245,2026-03-19,5,1,1
R02,SKU-1245,03/20/2026,9,1,0
R02,SKU-1245,03/21/2026,5,0,0
R02,SKU-1245,2026-03-22,5,0,1
R02,SKU-1245,2026-03-23,6,0,0
R02,SKU-1245,03/24/2026,12,0,1
R02,SKU-1245,2026-03-25,14,1,0
R02,SKU-1245,2026-03-26,9,1,0
R02,SKU-1245,2026-03-27,8,0,0
R02,SKU-1245,28-Mar-26,10,0,0
R02,SKU-1245,03/29/2026,3,1,0
R02,SKU-1245,2026-03-30,11,1,1
R02,SKU-1245,31-Mar-26,8,0,0
R02,SKU-1210,2026-03-01,11,0,0
R02,SKU-1210,2026-03-02,25,0,0
R02,SKU-1210,03/03/2026,10,0,0
R02,SKU-1210,03/04/2026,17,1,0
R02,SKU-1210,03/05/2026,18,0,0
R02,SKU-1210,2026-03-06,17,0,0
R02,SKU-1210,2026-03-07,18,0,0
R02,SKU-1210,08-Mar-26,14,0,0
R02,SKU-1210,2026-03-09,11,0,0
R02,SKU-1210,2026-03-10,14,0,0
R02,SKU-1210,2026-03-11,18,0,1
R02,SKU-1210,2026-03-12,13,0,0
R02,SKU-1210,2026-03-13,16,0,0
R02,SKU-1210,2026-03-14,12,0,0
R02,SKU-1210,15-Mar-26,9,1,0
R02,SKU-1210,03/16/2026,15,0,0
R02,SKU-1210,2026-03-17,17,0,0
R02,SKU-1210,03/18/2026,5,0,0
R02,SKU-1210,2026-03-19,15,0,0
R02,SKU-1210,2026-03-20,12,0,1
R02,SKU-1210,03/21/2026,19,1,0
R02,SKU-1210,2026-03-22,10,0,1
R02,SKU-1210,03/23/2026,12,0,1
R02,SKU-1210,03/24/2026,16,1,0
R02,SKU-1210,2026-03-25,11,0,0
R02,SKU-1210,26-Mar-26,12,0,0
R02,SKU-1210,2026-03-27,12,0,0
R02,SKU-1210,03/28/2026,12,2,0
R02,SKU-1210,2026-03-29,16,0,0
R02,SKU-1210,2026-03-30,20,0,0
R02,SKU-1210,2026-03-31,19,0,0
R02,SKU-1063,2026-03-01,35,0,0
R02,SKU-1063,2026-03-02,26,0,0
R02,SKU-1063,03-Mar-26,32,0,0
R02,SKU-1063,2026-03-04,34,1,0
R02,SKU-1063,2026-03-05,30,0,0
R02,SKU-1063,2026-03-06,27,0,0
R02,SKU-1063,2026-03-07,34,1,0
R02,SKU-1063,2026-03-08,26,0,0
R02,SKU-1063,2026-03-09,33,0,0
R02,SKU-1063,2026-03-10,32,0,0
R02,SKU-1063,03/11/2026,28,0,0
R02,SKU-1063,03/12/2026,37,0,0
R02,SKU-1063,2026-03-13,26,0,1
R02,SKU-1063,2026-03-14,35,0,0
R02,SKU-1063,2026-03-15,36,0,1
R02,SKU-1063,03/16/2026,32,0,0
R02,SKU-1063,2026-03-17,49,0,0
R02,SKU-1063,2026-03-18,20,2,0
R02,SKU-1063,03/19/2026,33,0,0
R02,SKU-1063,20-Mar-26,30,0,1
R02,SKU-1063,2026-03-21,35,0,0
R02,SKU-1063,03/22/2026,26,0,0
R02,SKU-1063,2026-03-23,33,0,1
R02,SKU-1063,2026-03-24,37,1,0
R02,SKU-1063,25-Mar-26,38,0,0
R02,SKU-1063,2026-03-26,35,2,0
R02,SKU-1063,2026-03-27,32,0,0
R02,SKU-1063,28-Mar-26,25,0,0
R02,SKU-1063,03/29/2026,35,1,0
R02,SKU-1063,30-Mar-26,31,2,0
R02,SKU-1063,2026-03-31,27,0,1
R02,SKU-1203,03/01/2026,20,1,0
R02,SKU-1203,2026-03-02,20,0,0
R02,SKU-1203,03/03/2026,15,0,0
R02,SKU-1203,03/04/2026,22,1,0
R02,SKU-1203,2026-03-05,16,1,0
R02,SKU-1203,06-Mar-26,21,0,0
R02,SKU-1203,2026-03-07,29,0,0
R02,SKU-1203,2026-03-08,18,0,0
R02,SKU-1203,2026-03-09,30,0,0
R02,SKU-1203,03/10/2026,25,0,0
R02,SKU-1203,03/11/2026,26,0,0
R02,SKU-1203,03/12/2026,16,0,0
R02,SKU-1203,2026-03-13,34,1,0
R02,SKU-1203,2026-03-14,15,0,0
R02,SKU-1203,15-Mar-26,22,1,0
R02,SKU-1203,2026-03-16,28,0,0
R02,SKU-1203,2026-03-17,23,0,0
R02,SKU-1203,2026-03-18,32,0,0
R02,SKU-1203,2026-03-19,36,0,0
R02,SKU-1203,2026-03-20,30,0,0
R02,SKU-1203,2026-03-21,23,0,0
R02,SKU-1203,22-Mar-26,23,0,0
R02,SKU-1203,2026-03-23,26,0,0
R02,SKU-1203,2026-03-24,27,0,0
R02,SKU-1203,25-Mar-26,14,0,0
R02,SKU-1203,03/26/2026,22,0,0
R02,SKU-1203,2026-03-27,19,0,0
R02,SKU-1203,28-Mar-26,31,1,0
R02,SKU-1203,03/29/2026,31,0,0
R02,SKU-1203,2026-03-30,23,0,1
R02,SKU-1203,2026-03-31,16,1,1
R02,SKU-1021,03/01/2026,24,0,0
R02,SKU-1021,2026-03-02,31,0,0
R02,SKU-1021,03-Mar-26,31,1,1
R02,SKU-1021,2026-03-04,22,0,0
R02,SKU-1021,2026-03-05,31,0,0
R02,SKU-1021,03/06/2026,23,0,0
R02,SKU-1021,03/07/2026,27,1,0
R02,SKU-1021,2026-03-08,29,1,0
R02,SKU-1021,2026-03-09,23,0,0
R02,SKU-1021,10-Mar-26,28,0,0
R02,SKU-1021,2026-03-11,28,3,0
R02,SKU-1021,2026-03-12,32,0,0
R02,SKU-1021,13-Mar-26,31,0,0
R02,SKU-1021,2026-03-14,26,2,0
R02,SKU-1021,2026-03-15,25,0,0
R02,SKU-1021,16-Mar-26,30,0,0
R02,SKU-1021,2026-03-17,32,0,0
R02,SKU-1021,03/18/2026,21,1,0
R02,SKU-1021,2026-03-19,24,2,0
R02,SKU-1021,03/20/2026,18,0,0
R02,SKU-1021,2026-03-21,19,1,0
R02,SKU-1021,03/22/2026,22,0,1
R02,SKU-1021,2026-03-23,24,1,0
R02,SKU-1021,2026-03-24,34,0,0
R02,SKU-1021,2026-03-25,31,1,0
R02,SKU-1021,26-Mar-26,34,2,0
R02,SKU-1021,27-Mar-26,22,0,0
R02,SKU-1021,28-Mar-26,35,1,0
R02,SKU-1021,03/29/2026,36,1,0
R02,SKU-1021,2026-03-30,32,0,0
R02,SKU-1021,2026-03-31,16,0,0
R02,SKU-1189,2026-03-01,9,1,0
R02,SKU-1189,03/02/2026,24,0,0
R02,SKU-1189,2026-03-03,28,0,0
R02,SKU-1189,2026-03-04,14,0,1
R02,SKU-1189,05-Mar-26,25,0,0
R02,SKU-1189,2026-03-06,20,0,0
R02,SKU-1189,03/07/2026,22,1,0
R02,SKU-1189,03/08/2026,24,1,0
R02,SKU-1189,2026-03-09,26,0,1
R02,SKU-1189,2026-03-10,17,0,0
R02,SKU-1189,11-Mar-26,18,0,0
R02,SKU-1189,12-Mar-26,16,0,0
R02,SKU-1189,2026-03-13,17,0,0
R02,SKU-1189,2026-03-14,22,0,0
R02,SKU-1189,2026-03-15,25,0,0
R02,SKU-1189,2026-03-16,28,1,0
R02,SKU-1189,2026-03-17,25,0,0
R02,SKU-1189,2026-03-18,21,0,1
R02,SKU-1189,19-Mar-26,20,1,1
R02,SKU-1189,2026-03-20,27,0,0
R02,SKU-1189,21-Mar-26,27,0,1
R02,SKU-1189,2026-03-22,26,1,0
R02,SKU-1189,2026-03-23,28,0,0
R02,SKU-1189,03/24/2026,20,0,1
R02,SKU-1189,03/25/2026,19,0,0
R02,SKU-1189,03/26/2026,23,0,0
R02,SKU-1189,2026-03-27,23,0,0
R02,SKU-1189,2026-03-28,18,1,0
R02,SKU-1189,2026-03-29,20,1,0
R02,SKU-1189,03/30/2026,17,0,0
R02,SKU-1189,2026-03-31,19,1,0
R02,SKU-1175,2026-03-01,19,0,0
R02,SKU-1175,2026-03-02,21,0,0
R02,SKU-1175,2026-03-03,25,2,1
R02,SKU-1175,03/04/2026,20,0,0
R02,SKU-1175,2026-03-05,21,0,0
R02,SKU-1175,2026-03-06,24,0,1
R02,SKU-1175,2026-03-07,29,1,0
R02,SKU-1175,2026-03-08,27,0,0
R02,SKU-1175,09-Mar-26,23,1,0
R02,SKU-1175,10-Mar-26,25,0,0
R02,SKU-1175,2026-03-11,27,0,0
R02,SKU-1175,2026-03-12,19,0,0
R02,SKU-1175,2026-03-13,33,0,0
R02,SKU-1175,2026-03-14,24,0,0
R02,SKU-1175,2026-03-15,21,0,0
R02,SKU-1175,2026-03-16,24,1,0
R02,SKU-1175,2026-03-17,23,0,0
R02,SKU-1175,2026-03-18,23,1,0
R02,SKU-1175,03/19/2026,22,1,0
R02,SKU-1175,2026-03-20,24,2,0
R02,SKU-1175,2026-03-21,29,1,0
R02,SKU-1175,2026-03-22,25,0,0
R02,SKU-1175,2026-03-23,32,0,0
R02,SKU-1175,2026-03-24,30,1,0
R02,SKU-1175,2026-03-25,31,0,0
R02,SKU-1175,03/26/2026,31,1,0
R02,SKU-1175,03/27/2026,17,1,0
R02,SKU-1175,2026-03-28,34,0,0
R02,SKU-1175,2026-03-29,22,0,0
R02,SKU-1175,2026-03-30,27,1,0
R02,SKU-1175,2026-03-31,30,1,0
R02,SKU-1042,2026-03-01,34,0,0
R02,SKU-1042,2026-03-02,22,0,0
R02,SKU-1042,2026-03-03,28,0,0
R02,SKU-1042,2026-03-04,31,0,0
R02,SKU-1042,2026-03-05,17,0,0
R02,SKU-1042,2026-03-06,18,0,0
R02,SKU-1042,2026-03-07,22,0,0
R02,SKU-1042,2026-03-08,32,1,0
R02,SKU-1042,03/09/2026,38,0,0
R02,SKU-1042,10-Mar-26,35,0,0
R02,SKU-1042,03/11/2026,33,0,0
R02,SKU-1042,12-Mar-26,24,2,0
R02,SKU-1042,2026-03-13,26,1,0
R02,SKU-1042,03/14/2026,24,0,0
R02,SKU-1042,2026-03-15,19,1,1
R02,SKU-1042,03/16/2026,21,0,0
R02,SKU-1042,2026-03-17,32,0,0
R02,SKU-1042,18-Mar-26,34,1,0
R02,SKU-1042,2026-03-19,29,1,0
R02,SKU-1042,2026-03-20,34,1,0
R02,SKU-1042,2026-03-21,28,0,0
R02,SKU-1042,2026-03-22,35,0,1
R02,SKU-1042,2026-03-23,26,0,0
R02,SKU-1042,2026-03-24,27,1,0
R02,SKU-1042,2026-03-25,24,1,0
R02,SKU-1042,03/26/2026,34,0,0
R02,SKU-1042,2026-03-27,31,0,0
R02,SKU-1042,2026-03-28,23,0,0
R02,SKU-1042,03/29/2026,27,0,0
R02,SKU-1042,2026-03-30,34,1,0
R02,SKU-1042,03/31/2026,23,0,0
R02,SKU-1007,2026-03-01,14,0,0
R02,SKU-1007,2026-03-02,10,0,0
R02,SKU-1007,03-Mar-26,10,0,0
R02,SKU-1007,2026-03-04,17,0,0
R02,SKU-1007,03/05/2026,19,0,0
R02,SKU-1007,06-Mar-26,20,1,0
R02,SKU-1007,2026-03-07,11,0,1
R02,SKU-1007,03/08/2026,18,0,0
R02,SKU-1007,03/09/2026,15,0,0
R02,SKU-1007,2026-03-10,13,0,0
R02,SKU-1007,11-Mar-26,18,0,0
R02,SKU-1007,03/12/2026,13,0,0
R02,SKU-1007,03/13/2026,12,0,0
R02,SKU-1007,2026-03-14,15,0,0
R02,SKU-1007,03/15/2026,10,0,0
R02,SKU-1007,2026-03-16,14,0,0
R02,SKU-1007,2026-03-17,8,0,0
R02,SKU-1007,18-Mar-26,7,0,0
R02,SKU-1007,03/19/2026,12,0,0
R02,SKU-1007,20-Mar-26,13,1,0
R02,SKU-1007,2026-03-21,17,0,0
R02,SKU-1007,2026-03-22,16,0,0
R02,SKU-1007,2026-03-23,13,0,0
R02,SKU-1007,03/24/2026,16,1,0
R02,SKU-1007,2026-03-25,12,0,1
R02,SKU-1007,2026-03-26,13,1,0
R02,SKU-1007,2026-03-27,10,1,0
R02,SKU-1007,03/28/2026,16,0,0
R02,SKU-1007,2026-03-29,9,2,0
R02,SKU-1007,30-Mar-26,17,0,0
R02,SKU-1007,2026-03-31,14,0,0
R02,SKU-1126,2026-03-01,30,1,0
R02,SKU-1126,2026-03-02,40,1,0
R02,SKU-1126,2026-03-03,36,0,0
R02,SKU-1126,2026-03-04,30,0,0
R02,SKU-1126,2026-03-05,27,1,1
R02,SKU-1126,06-Mar-26,24,0,0
R02,SKU-1126,2026-03-07,28,1,0
R02,SKU-1126,2026-03-08,29,0,0
R02,SKU-1126,03/09/2026,30,0,0
R02,SKU-1126,2026-03-10,18,1,0
R02,SKU-1126,2026-03-11,26,0,0
R02,SKU-1126,2026-03-12,29,1,0
R02,SKU-1126,2026-03-13,38,1,0
R02,SKU-1126,2026-03-14,34,2,0
R02,SKU-1126,2026-03-15,26,0,0
R02,SKU-1126,2026-03-16,27,0,0
R02,SKU-1126,2026-03-17,35,0,0
R02,SKU-1126,2026-03-18,28,0,0
R02,SKU-1126,2026-03-19,25,0,0
R02,SKU-1126,2026-03-20,33,0,0
R02,SKU-1126,03/21/2026,31,0,0
R02,SKU-1126,2026-03-22,41,0,0
R02,SKU-1126,2026-03-23,27,0,0
R02,SKU-1126,03/24/2026,25,0,0
R02,SKU-1126,03/25/2026,34,0,0
R02,SKU-1126,2026-03-26,33,1,0
R02,SKU-1126,03/27/2026,26,1,0
R02,SKU-1126,2026-03-28,27,0,0
R02,SKU-1126,03/29/2026,31,1,0
R02,SKU-1126,2026-03-30,30,3,0
R02,SKU-1126,2026-03-31,39,0,0
R02,SKU-1273,2026-03-01,18,0,0
R02,SKU-1273,2026-03-02,23,0,0
R02,SKU-1273,2026-03-03,20,0,1
R02,SKU-1273,03/04/2026,31,0,0
R02,SKU-1273,2026-03-05,16,0,0
R02,SKU-1273,2026-03-06,28,0,0
R02,SKU-1273,2026-03-07,26,0,0
R02,SKU-1273,2026-03-08,34,0,0
R02,SKU-1273,03/09/2026,14,0,0
R02,SKU-1273,2026-03-10,28,0,0
R02,SKU-1273,03/11/2026,20,0,1
R02,SKU-1273,2026-03-12,27,0,0
R02,SKU-1273,2026-03-13,21,0,0
R02,SKU-1273,2026-03-14,22,1,0
R02,SKU-1273,03/15/2026,24,0,0
R02,SKU-1273,2026-03-16,22,0,0
R02,SKU-1273,17-Mar-26,28,1,0
R02,SKU-1273,2026-03-18,17,0,0
R02,SKU-1273,19-Mar-26,22,0,0
R02,SKU-1273,2026-03-20,21,0,0
R02,SKU-1273,2026-03-21,14,0,0
R02,SKU-1273,03/22/2026,27,1,0
R02,SKU-1273,2026-03-23,15,0,0
R02,SKU-1273,24-Mar-26,23,0,0
R02,SKU-1273,2026-03-25,22,1,1
R02,SKU-1273,26-Mar-26,15,0,1
R02,SKU-1273,2026-03-27,23,0,0
R02,SKU-1273,2026-03-28,17,0,0
R02,SKU-1273,2026-03-29,21,0,0
R02,SKU-1273,2026-03-30,23,0,1
R02,SKU-1273,03/31/2026,21,1,0
R02,SKU-1056,2026-03-01,15,0,0
R02,SKU-1056,2026-03-02,17,0,1
R02,SKU-1056,2026-03-03,24,0,0
R02,SKU-1056,2026-03-04,14,0,0
R02,SKU-1056,2026-03-05,17,0,0
R02,SKU-1056,2026-03-06,16,0,0
R02,SKU-1056,03/07/2026,27,0,0
R02,SKU-1056,03/08/2026,13,0,0
R02,SKU-1056,2026-03-09,12,0,0
R02,SKU-1056,03/10/2026,14,0,0
R02,SKU-1056,2026-03-11,14,0,0
R02,SKU-1056,12-Mar-26,9,1,0
R02,SKU-1056,2026-03-13,21,0,0
R02,SKU-1056,2026-03-14,20,0,0
R02,SKU-1056,2026-03-15,16,0,0
R02,SKU-1056,2026-03-16,17,0,0
R02,SKU-1056,03/17/2026,16,0,0
R02,SKU-1056,18-Mar-26,11,0,0
R02,SKU-1056,2026-03-19,19,0,1
R02,SKU-1056,2026-03-20,26,1,1
R02,SKU-1056,03/21/2026,12,0,0
R02,SKU-1056,22-Mar-26,21,0,1
R02,SKU-1056,03/23/2026,16,0,0
R02,SKU-1056,24-Mar-26,17,0,0
R02,SKU-1056,03/25/2026,17,0,0
R02,SKU-1056,2026-03-26,19,1,0
R02,SKU-1056,2026-03-27,21,0,0
R02,SKU-1056,2026-03-28,13,0,0
R02,SKU-1056,29-Mar-26,6,1,0
R02,SKU-1056,2026-03-30,22,0,0
R02,SKU-1056,2026-03-31,29,0,0
R02,SKU-1280,01-Mar-26,13,0,0
R02,SKU-1280,03/02/2026,17,0,0
R02,SKU-1280,2026-03-03,13,0,0
R02,SKU-1280,2026-03-04,18,0,0
R02,SKU-1280,03/05/2026,14,0,0
R02,SKU-1280,2026-03-06,27,0,0
R02,SKU-1280,03/07/2026,30,0,0
R02,SKU-1280,03/08/2026,15,1,0
R02,SKU-1280,2026-03-09,17,1,0
R02,SKU-1280,2026-03-10,17,0,0
R02,SKU-1280,11-Mar-26,23,0,1
R02,SKU-1280,03/12/2026,16,1,1
R02,SKU-1280,2026-03-13,20,0,0
R02,SKU-1280,14-Mar-26,18,0,0
R02,SKU-1280,15-Mar-26,19,0,0
R02,SKU-1280,16-Mar-26,24,0,0
R02,SKU-1280,03/17/2026,15,0,0
R02,SKU-1280,2026-03-18,26,1,0
R02,SKU-1280,2026-03-19,17,1,1
R02,SKU-1280,03/20/2026,14,0,0
R02,SKU-1280,21-Mar-26,18,0,0
R02,SKU-1280,2026-03-22,14,0,0
R02,SKU-1280,23-Mar-26,15,0,0
R02,SKU-1280,2026-03-24,19,0,0
R02,SKU-1280,03/25/2026,16,1,0
R02,SKU-1280,03/26/2026,19,0,0
R02,SKU-1280,2026-03-27,23,0,0
R02,SKU-1280,2026-03-28,10,0,0
R02,SKU-1280,2026-03-29,17,0,0
R02,SKU-1280,2026-03-30,19,0,0
R02,SKU-1280,03/31/2026,24,0,0
R02,SKU-1259,01-Mar-26,24,0,0
R02,SKU-1259,2026-03-02,13,0,0
R02,SKU-1259,03-Mar-26,23,0,0
R02,SKU-1259,2026-03-04,29,2,0
R02,SKU-1259,2026-03-05,27,1,0
R02,SKU-1259,03/06/2026,35,0,0
R02,SKU-1259,2026-03-07,23,0,1
R02,SKU-1259,03/08/2026,20,0,0
R02,SKU-1259,2026-03-09,28,0,0
R02,SKU-1259,2026-03-10,18,0,0
R02,SKU-1259,2026-03-11,20,0,1
R02,SKU-1259,2026-03-12,24,0,0
R02,SKU-1259,2026-03-13,31,0,0
R02,SKU-1259,2026-03-14,21,1,0
R02,SKU-1259,2026-03-15,24,0,0
R02,SKU-1259,2026-03-16,32,1,0
R02,SKU-1259,2026-03-17,21,0,0
R02,SKU-1259,03/18/2026,23,1,0
R02,SKU-1259,03/19/2026,19,1,0
R02,SKU-1259,2026-03-20,23,0,0
R02,SKU-1259,21-Mar-26,25,0,0
R02,SKU-1259,2026-03-22,24,0,1
R02,SKU-1259,23-Mar-26,26,1,0
R02,SKU-1259,2026-03-24,22,1,0
R02,SKU-1259,2026-03-25,28,0,0
R02,SKU-1259,2026-03-26,18,0,0
R02,SKU-1259,03/27/2026,28,0,0
R02,SKU-1259,03/28/2026,22,0,1
R02,SKU-1259,03/29/2026,26,0,0
R02,SKU-1259,2026-03-30,29,0,0
R02,SKU-1259,03/31/2026,36,0,0
R03,SKU-1091,2026-03-01,13,1,0
R03,SKU-1091,03/02/2026,10,0,0
R03,SKU-1091,2026-03-03,8,0,0
R03,SKU-1091,03/04/2026,18,0,0
R03,SKU-1091,05-Mar-26,16,0,0
R03,SKU-1091,2026-03-06,6,0,0
R03,SKU-1091,2026-03-07,9,0,0
R03,SKU-1091,03/08/2026,12,0,0
R03,SKU-1091,09-Mar-26,12,0,1
R03,SKU-1091,2026-03-10,10,0,0
R03,SKU-1091,03/11/2026,7,0,0
R03,SKU-1091,2026-03-12,10,0,0
R03,SKU-1091,2026-03-13,7,0,0
R03,SKU-1091,03/14/2026,10,0,0
R03,SKU-1091,03/15/2026,12,0,1
R03,SKU-1091,03/16/2026,11,0,0
R03,SKU-1091,2026-03-17,16,0,0
R03,SKU-1091,2026-03-18,9,0,0
R03,SKU-1091,2026-03-19,9,0,0
R03,SKU-1091,03/20/2026,15,1,0
R03,SKU-1091,21-Mar-26,14,0,0
R03,SKU-1091,2026-03-22,8,1,0
R03,SKU-1091,2026-03-23,15,0,0
R03,SKU-1091,24-Mar-26,13,0,0
R03,SKU-1091,03/25/2026,15,0,0
R03,SKU-1091,2026-03-26,10,1,0
R03,SKU-1091,03/27/2026,12,1,0
R03,SKU-1091,03/28/2026,12,0,0
R03,SKU-1091,03/29/2026,9,2,0
R03,SKU-1091,30-Mar-26,15,0,1
R03,SKU-1091,31-Mar-26,10,0,0
R03,SKU-1140,01-Mar-26,25,0,0
R03,SKU-1140,2026-03-02,22,0,0
R03,SKU-1140,03/03/2026,29,0,1
R03,SKU-1140,03/04/2026,26,0,0
R03,SKU-1140,2026-03-05,29,0,0
R03,SKU-1140,06-Mar-26,15,1,0
R03,SKU-1140,2026-03-07,29,0,0
R03,SKU-1140,2026-03-08,19,0,0
R03,SKU-1140,03/09/2026,15,0,0
R03,SKU-1140,2026-03-10,36,0,0
R03,SKU-1140,03/11/2026,21,0,0
R03,SKU-1140,2026-03-12,33,1,0
R03,SKU-1140,2026-03-13,29,1,0
R03,SKU-1140,14-Mar-26,21,1,0
R03,SKU-1140,2026-03-15,33,0,0
R03,SKU-1140,2026-03-16,29,1,0
R03,SKU-1140,2026-03-17,22,1,0
R03,SKU-1140,2026-03-18,24,1,0
R03,SKU-1140,03/19/2026,29,0,0
R03,SKU-1140,2026-03-20,25,1,1
R03,SKU-1140,2026-03-21,31,0,0
R03,SKU-1140,2026-03-22,29,0,0
R03,SKU-1140,23-Mar-26,22,0,0
R03,SKU-1140,03/24/2026,23,0,0
R03,SKU-1140,03/25/2026,19,0,0
R03,SKU-1140,03/26/2026,18,1,0
R03,SKU-1140,27-Mar-26,26,0,0
R03,SKU-1140,03/28/2026,24,0,0
R03,SKU-1140,03/29/2026,28,0,0
R03,SKU-1140,2026-03-30,34,1,0
R03,SKU-1140,31-Mar-26,24,0,0
R03,SKU-1035,2026-03-01,25,0,0
R03,SKU-1035,02-Mar-26,26,0,0
R03,SKU-1035,03-Mar-26,27,0,0
R03,SKU-1035,2026-03-04,26,0,0
R03,SKU-1035,2026-03-05,26,0,0
R03,SKU-1035,2026-03-06,19,0,0
R03,SKU-1035,2026-03-07,32,0,0
R03,SKU-1035,2026-03-08,26,0,0
R03,SKU-1035,2026-03-09,28,2,1
R03,SKU-1035,2026-03-10,15,2,0
R03,SKU-1035,11-Mar-26,31,0,0
R03,SKU-1035,2026-03-12,32,0,1
R03,SKU-1035,2026-03-13,32,1,0
R03,SKU-1035,03/14/2026,21,1,0
R03,SKU-1035,2026-03-15,18,0,0
R03,SKU-1035,03/16/2026,28,0,0
R03,SKU-1035,03/17/2026,26,0,0
R03,SKU-1035,2026-03-18,27,0,0
R03,SKU-1035,03/19/2026,26,0,0
R03,SKU-1035,2026-03-20,27,0,1
R03,SKU-1035,2026-03-21,29,0,0
R03,SKU-1035,2026-03-22,28,1,0
R03,SKU-1035,2026-03-23,26,0,0
R03,SKU-1035,2026-03-24,17,1,0
R03,SKU-1035,03/25/2026,43,0,0
R03,SKU-1035,2026-03-26,27,0,1
R03,SKU-1035,03/27/2026,27,0,0
R03,SKU-1035,2026-03-28,34,3,1
R03,SKU-1035,2026-03-29,29,0,0
R03,SKU-1035,03/30/2026,30,0,0
R03,SKU-1035,2026-03-31,32,0,0
R03,SKU-1098,2026-03-01,32,1,0
R03,SKU-1098,02-Mar-26,22,0,0
R03,SKU-1098,03-Mar-26,26,0,0
R03,SKU-1098,2026-03-04,27,0,0
R03,SKU-1098,05-Mar-26,21,0,0
R03,SKU-1098,03/06/2026,22,0,0
R03,SKU-1098,07-Mar-26,38,2,0
R03,SKU-1098,03/08/2026,24,2,0
R03,SKU-1098,2026-03-09,23,0,0
R03,SKU-1098,10-Mar-26,30,0,0
R03,SKU-1098,2026-03-11,25,0,1
R03,SKU-1098,2026-03-12,25,0,0
R03,SKU-1098,2026-03-13,29,0,0
R03,SKU-1098,03/14/2026,30,0,1
R03,SKU-1098,2026-03-15,28,1,0
R03,SKU-1098,2026-03-16,23,0,1
R03,SKU-1098,2026-03-17,20,0,0
R03,SKU-1098,03/18/2026,24,1,0
R03,SKU-1098,2026-03-19,25,1,0
R03,SKU-1098,20-Mar-26,21,0,0
R03,SKU-1098,2026-03-21,21,0,0
R03,SKU-1098,22-Mar-26,24,0,0
R03,SKU-1098,23-Mar-26,32,0,0
R03,SKU-1098,2026-03-24,23,0,0
R03,SKU-1098,2026-03-25,29,1,0
R03,SKU-1098,26-Mar-26,21,0,0
R03,SKU-1098,03/27/2026,21,0,0
R03,SKU-1098,2026-03-28,25,0,0
R03,SKU-1098,2026-03-29,23,0,0
R03,SKU-1098,2026-03-30,36,2,0
R03,SKU-1098,31-Mar-26,27,0,0
R03,SKU-1049,2026-03-01,6,0,0
R03,SKU-1049,03/02/2026,12,1,0
R03,SKU-1049,03/03/2026,10,0,0
R03,SKU-1049,03/04/2026,8,0,0
R03,SKU-1049,2026-03-05,8,0,0
R03,SKU-1049,06-Mar-26,12,1,0
R03,SKU-1049,2026-03-07,11,0,1
R03,SKU-1049,2026-03-08,9,0,0
R03,SKU-1049,09-Mar-26,20,0,1
R03,SKU-1049,2026-03-10,8,0,0
R03,SKU-1049,2026-03-11,13,0,0
R03,SKU-1049,2026-03-12,17,0,0
R03,SKU-1049,2026-03-13,10,1,0
R03,SKU-1049,2026-03-14,14,0,0
R03,SKU-1049,2026-03-15,8,0,0
R03,SKU-1049,03/16/2026,10,2,0
R03,SKU-1049,03/17/2026,15,0,0
R03,SKU-1049,03/18/2026,10,1,0
R03,SKU-1049,2026-03-19,13,0,0
R03,SKU-1049,20-Mar-26,14,0,0
R03,SKU-1049,2026-03-21,18,0,0
R03,SKU-1049,2026-03-22,9,0,1
R03,SKU-1049,2026-03-23,10,0,0
R03,SKU-1049,2026-03-24,9,0,1
R03,SKU-1049,2026-03-25,10,0,0
R03,SKU-1049,2026-03-26,11,4,0
R03,SKU-1049,2026-03-27,9,0,0
R03,SKU-1049,03/28/2026,13,0,1
R03,SKU-1049,2026-03-29,15,1,0
R03,SKU-1049,2026-03-30,11,1,0
R03,SKU-1049,2026-03-31,9,0,0
R03,SKU-1161,01-Mar-26,38,2,0
R03,SKU-1161,03/02/2026,24,0,0
R03,SKU-1161,2026-03-03,27,1,0
R03,SKU-1161,03/04/2026,31,0,0
R03,SKU-1161,2026-03-05,37,1,0
R03,SKU-1161,2026-03-06,24,0,0
R03,SKU-1161,03/07/2026,31,1,0
R03,SKU-1161,03/08/2026,36,1,0
R03,SKU-1161,03/09/2026,26,1,0
R03,SKU-1161,2026-03-10,27,0,0
R03,SKU-1161,03/11/2026,34,0,0
R03,SKU-1161,2026-03-12,36,0,0
R03,SKU-1161,03/13/2026,33,1,0
R03,SKU-1161,2026-03-14,19,1,0
R03,SKU-1161,03/15/2026,34,0,1
R03,SKU-1161,2026-03-16,37,0,0
R03,SKU-1161,2026-03-17,20,1,0
R03,SKU-1161,2026-03-18,31,0,0
R03,SKU-1161,2026-03-19,25,3,0
R03,SKU-1161,20-Mar-26,29,1,0
R03,SKU-1161,2026-03-21,31,3,0
R03,SKU-1161,03/22/2026,29,0,1
R03,SKU-1161,03/23/2026,34,0,0
R03,SKU-1161,24-Mar-26,30,1,0
R03,SKU-1161,2026-03-25,36,0,0
R03,SKU-1161,03/26/2026,29,0,0
R03,SKU-1161,03/27/2026,29,0,0
R03,SKU-1161,2026-03-28,37,0,0
R03,SKU-1161,2026-03-29,31,1,0
R03,SKU-1161,2026-03-30,34,1,0
R03,SKU-1161,31-Mar-26,28,2,0
R03,SKU-1063,2026-03-01,8,0,0
R03,SKU-1063,2026-03-02,9,2,1
R03,SKU-1063,2026-03-03,9,0,0
R03,SKU-1063,2026-03-04,7,0,0
R03,SKU-1063,2026-03-05,4,0,0
R03,SKU-1063,2026-03-06,5,0,0
R03,SKU-1063,2026-03-07,5,0,1
R03,SKU-1063,2026-03-08,6,0,0
R03,SKU-1063,03/09/2026,7,0,0
R03,SKU-1063,2026-03-10,9,1,1
R03,SKU-1063,2026-03-11,7,0,0
R03,SKU-1063,2026-03-12,10,0,0
R03,SKU-1063,2026-03-13,10,1,0
R03,SKU-1063,14-Mar-26,9,1,0
R03,SKU-1063,03/15/2026,4,1,0
R03,SKU-1063,03/16/2026,7,0,0
R03,SKU-1063,2026-03-17,8,0,0
R03,SKU-1063,18-Mar-26,3,0,0
R03,SKU-1063,2026-03-19,6,1,0
R03,SKU-1063,2026-03-20,8,1,0
R03,SKU-1063,2026-03-21,7,1,1
R03,SKU-1063,2026-03-22,4,0,0
R03,SKU-1063,2026-03-23,9,0,0
R03,SKU-1063,2026-03-24,4,2,0
R03,SKU-1063,2026-03-25,6,0,0
R03,SKU-1063,2026-03-26,8,1,0
R03,SKU-1063,2026-03-27,6,0,0
R03,SKU-1063,2026-03-28,6,0,0
R03,SKU-1063,03/29/2026,10,0,0
R03,SKU-1063,2026-03-30,4,0,0
R03,SKU-1063,03/31/2026,7,1,0
R03,SKU-1224,03/01/2026,13,0,0
R03,SKU-1224,2026-03-02,22,0,0
R03,SKU-1224,2026-03-03,17,1,0
R03,SKU-1224,2026-03-04,16,0,0
R03,SKU-1224,03/05/2026,16,0,0
R03,SKU-1224,2026-03-06,17,0,1
R03,SKU-1224,07-Mar-26,15,0,1
R03,SKU-1224,2026-03-08,11,0,1
R03,SKU-1224,2026-03-09,23,0,0
R03,SKU-1224,10-Mar-26,11,1,0
R03,SKU-1224,03/11/2026,15,1,0
R03,SKU-1224,12-Mar-26,16,0,0
R03,SKU-1224,13-Mar-26,11,1,0
R03,SKU-1224,2026-03-14,18,1,0
R03,SKU-1224,2026-03-15,20,2,0
R03,SKU-1224,2026-03-16,15,0,0
R03,SKU-1224,2026-03-17,17,0,0
R03,SKU-1224,18-Mar-26,18,0,0
R03,SKU-1224,2026-03-19,15,0,0
R03,SKU-1224,20-Mar-26,12,0,1
R03,SKU-1224,2026-03-21,10,1,0
R03,SKU-1224,2026-03-22,26,0,0
R03,SKU-1224,2026-03-23,18,1,0
R03,SKU-1224,2026-03-24,16,0,0
R03,SKU-1224,2026-03-25,15,0,0
R03,SKU-1224,2026-03-26,13,0,0
R03,SKU-1224,03/27/2026,18,0,0
R03,SKU-1224,2026-03-28,14,2,0
R03,SKU-1224,29-Mar-26,14,0,0
R03,SKU-1224,2026-03-30,19,1,0
R03,SKU-1224,2026-03-31,14,1,0
R03,SKU-1084,2026-03-01,13,0,0
R03,SKU-1084,2026-03-02,9,0,0
R03,SKU-1084,03/03/2026,11,0,0
R03,SKU-1084,2026-03-04,14,1,0
R03,SKU-1084,03/05/2026,17,0,0
R03,SKU-1084,2026-03-06,15,0,0
R03,SKU-1084,2026-03-07,9,0,0
R03,SKU-1084,08-Mar-26,10,0,0
R03,SKU-1084,03/09/2026,14,0,0
R03,SKU-1084,03/10/2026,14,0,0
R03,SKU-1084,2026-03-11,9,0,0
R03,SKU-1084,12-Mar-26,13,0,0
R03,SKU-1084,2026-03-13,10,0,0
R03,SKU-1084,03/14/2026,12,1,0
R03,SKU-1084,03/15/2026,7,1,0
R03,SKU-1084,2026-03-16,9,0,0
R03,SKU-1084,03/17/2026,9,0,0
R03,SKU-1084,2026-03-18,7,1,0
R03,SKU-1084,03/19/2026,8,0,0
R03,SKU-1084,2026-03-20,7,1,0
R03,SKU-1084,2026-03-21,10,0,0
R03,SKU-1084,2026-03-22,14,0,0
R03,SKU-1084,2026-03-23,9,0,0
R03,SKU-1084,03/24/2026,11,0,0
R03,SKU-1084,2026-03-25,8,0,0
R03,SKU-1084,2026-03-26,14,0,0
R03,SKU-1084,03/27/2026,12,0,0
R03,SKU-1084,28-Mar-26,7,1,0
R03,SKU-1084,2026-03-29,13,0,0
R03,SKU-1084,30-Mar-26,10,0,0
R03,SKU-1084,03/31/2026,15,0,0
R03,SKU-1126,2026-03-01,29,1,0
R03,SKU-1126,03/02/2026,25,0,0
R03,SKU-1126,2026-03-03,28,1,0
R03,SKU-1126,03/04/2026,31,0,0
R03,SKU-1126,2026-03-05,26,1,1
R03,SKU-1126,2026-03-06,32,3,0
R03,SKU-1126,03/07/2026,29,0,1
R03,SKU-1126,2026-03-08,32,1,0
R03,SKU-1126,09-Mar-26,21,0,0
R03,SKU-1126,03/10/2026,32,0,0
R03,SKU-1126,03/11/2026,37,1,0
R03,SKU-1126,2026-03-12,20,0,0
R03,SKU-1126,2026-03-13,29,0,0
R03,SKU-1126,03/14/2026,35,1,0
R03,SKU-1126,2026-03-15,28,0,0
R03,SKU-1126,16-Mar-26,27,0,1
R03,SKU-1126,2026-03-17,44,1,0
R03,SKU-1126,2026-03-18,26,0,0
R03,SKU-1126,03/19/2026,28,0,0
R03,SKU-1126,2026-03-20,35,0,0
R03,SKU-1126,2026-03-21,22,0,0
R03,SKU-1126,03/22/2026,25,0,0
R03,SKU-1126,2026-03-23,29,0,0
R03,SKU-1126,2026-03-24,33,0,0
R03,SKU-1126,2026-03-25,32,1,0
R03,SKU-1126,2026-03-26,29,1,0
R03,SKU-1126,03/27/2026,43,0,0
R03,SKU-1126,03/28/2026,25,0,0
R03,SKU-1126,2026-03-29,31,0,1
R03,SKU-1126,03/30/2026,21,0,0
R03,SKU-1126,2026-03-31,24,0,0
R03,SKU-1007,2026-03-01,7,2,0
R03,SKU-1007,2026-03-02,6,0,0
R03,SKU-1007,03-Mar-26,5,1,0
R03,SKU-1007,03/04/2026,3,0,0
R03,SKU-1007,2026-03-05,1,0,0
R03,SKU-1007,03/06/2026,7,1,0
R03,SKU-1007,07-Mar-26,3,0,1
R03,SKU-1007,2026-03-08,5,0,0
R03,SKU-1007,2026-03-09,7,0,1
R03,SKU-1007,03/10/2026,8,1,0
R03,SKU-1007,2026-03-11,3,0,0
R03,SKU-1007,12-Mar-26,3,0,0
R03,SKU-1007,2026-03-13,4,0,0
R03,SKU-1007,14-Mar-26,6,2,0
R03,SKU-1007,2026-03-15,3,0,0
R03,SKU-1007,03/16/2026,5,0,0
R03,SKU-1007,03/17/2026,5,0,0
R03,SKU-1007,2026-03-18,6,0,0
R03,SKU-1007,03/19/2026,6,1,0
R03,SKU-1007,20-Mar-26,4,0,0
R03,SKU-1007,2026-03-21,10,1,0
R03,SKU-1007,2026-03-22,5,2,0
R03,SKU-1007,2026-03-23,3,0,0
R03,SKU-1007,03/24/2026,1,0,0
R03,SKU-1007,2026-03-25,3,0,0
R03,SKU-1007,2026-03-26,4,0,0
R03,SKU-1007,03/27/2026,6,0,0
R03,SKU-1007,2026-03-28,3,0,0
R03,SKU-1007,03/29/2026,3,3,0
R03,SKU-1007,2026-03-30,4,1,0
R03,SKU-1007,2026-03-31,7,0,0
R03,SKU-1021,2026-03-01,29,0,1
R03,SKU-1021,2026-03-02,36,1,0
R03,SKU-1021,03/03/2026,39,1,0
R03,SKU-1021,2026-03-04,28,0,0
R03,SKU-1021,03/05/2026,41,1,0
R03,SKU-1021,03/06/2026,34,0,0
R03,SKU-1021,03/07/2026,29,1,0
R03,SKU-1021,2026-03-08,36,1,0
R03,SKU-1021,03/09/2026,30,0,0
R03,SKU-1021,2026-03-10,27,0,0
R03,SKU-1021,03/11/2026,27,3,0
R03,SKU-1021,12-Mar-26,28,0,0
R03,SKU-1021,03/13/2026,28,0,0
R03,SKU-1021,2026-03-14,35,0,0
R03,SKU-1021,2026-03-15,33,0,0
R03,SKU-1021,2026-03-16,28,0,0
R03,SKU-1021,2026-03-17,29,1,1
R03,SKU-1021,2026-03-18,23,0,0
R03,SKU-1021,2026-03-19,30,1,0
R03,SKU-1021,2026-03-20,27,1,0
R03,SKU-1021,03/21/2026,19,1,0
R03,SKU-1021,03/22/2026,26,0,1
R03,SKU-1021,2026-03-23,34,0,0
R03,SKU-1021,2026-03-24,36,1,0
R03,SKU-1021,03/25/2026,27,1,0
R03,SKU-1021,2026-03-26,27,0,0
R03,SKU-1021,2026-03-27,41,0,0
R03,SKU-1021,2026-03-28,28,0,0
R03,SKU-1021,29-Mar-26,23,0,1
R03,SKU-1021,30-Mar-26,36,0,0
R03,SKU-1021,2026-03-31,32,0,0
R03,SKU-1119,03/01/2026,32,0,0
R03,SKU-1119,03/02/2026,38,0,0
R03,SKU-1119,2026-03-03,31,2,0
R03,SKU-1119,2026-03-04,43,0,0
R03,SKU-1119,2026-03-05,34,2,0
R03,SKU-1119,06-Mar-26,30,0,0
R03,SKU-1119,2026-03-07,25,0,0
R03,SKU-1119,03/08/2026,45,1,0
R03,SKU-1119,09-Mar-26,40,2,0
R03,SKU-1119,2026-03-10,37,0,0
R03,SKU-1119,03/11/2026,33,0,1
R03,SKU-1119,12-Mar-26,23,0,0
R03,SKU-1119,2026-03-13,36,1,0
R03,SKU-1119,14-Mar-26,31,0,1
R03,SKU-1119,2026-03-15,33,0,0
R03,SKU-1119,03/16/2026,41,0,0
R03,SKU-1119,2026-03-17,42,0,0
R03,SKU-1119,2026-03-18,45,0,0
R03,SKU-1119,2026-03-19,42,0,0
R03,SKU-1119,2026-03-20,31,0,1
R03,SKU-1119,2026-03-21,29,0,0
R03,SKU-1119,03/22/2026,40,0,0
R03,SKU-1119,2026-03-23,40,0,0
R03,SKU-1119,2026-03-24,50,0,0
R03,SKU-1119,03/25/2026,33,0,0
R03,SKU-1119,2026-03-26,34,0,0
R03,SKU-1119,2026-03-27,36,1,0
R03,SKU-1119,03/28/2026,29,0,0
R03,SKU-1119,03/29/2026,29,0,0
R03,SKU-1119,2026-03-30,30,0,0
R03,SKU-1119,03/31/2026,34,1,0
R03,SKU-1070,2026-03-01,12,2,0
R03,SKU-1070,2026-03-02,9,0,0
R03,SKU-1070,03/03/2026,19,0,0
R03,SKU-1070,2026-03-04,22,0,0
R03,SKU-1070,2026-03-05,18,0,0
R03,SKU-1070,2026-03-06,9,0,0
R03,SKU-1070,07-Mar-26,15,0,0
R03,SKU-1070,03/08/2026,24,0,0
R03,SKU-1070,03/09/2026,13,1,0
R03,SKU-1070,2026-03-10,17,0,0
R03,SKU-1070,2026-03-11,12,0,0
R03,SKU-1070,2026-03-12,11,0,0
R03,SKU-1070,2026-03-13,19,0,0
R03,SKU-1070,2026-03-14,16,0,0
R03,SKU-1070,03/15/2026,12,0,0
R03,SKU-1070,03/16/2026,17,2,0
R03,SKU-1070,2026-03-17,18,1,0
R03,SKU-1070,03/18/2026,16,1,0
R03,SKU-1070,2026-03-19,16,0,0
R03,SKU-1070,2026-03-20,15,0,0
R03,SKU-1070,2026-03-21,19,0,0
R03,SKU-1070,2026-03-22,13,0,0
R03,SKU-1070,2026-03-23,12,0,0
R03,SKU-1070,2026-03-24,14,0,0
R03,SKU-1070,2026-03-25,17,0,0
R03,SKU-1070,2026-03-26,18,1,0
R03,SKU-1070,2026-03-27,9,0,0
R03,SKU-1070,2026-03-28,18,1,0
R03,SKU-1070,29-Mar-26,16,0,0
R03,SKU-1070,03/30/2026,13,0,0
R03,SKU-1070,31-Mar-26,20,0,0
R03,SKU-1252,2026-03-01,22,1,0
R03,SKU-1252,2026-03-02,32,0,0
R03,SKU-1252,03/03/2026,25,1,0
R03,SKU-1252,2026-03-04,23,0,0
R03,SKU-1252,2026-03-05,26,1,0
R03,SKU-1252,2026-03-06,28,0,0
R03,SKU-1252,2026-03-07,23,0,0
R03,SKU-1252,2026-03-08,30,0,0
R03,SKU-1252,2026-03-09,20,2,0
R03,SKU-1252,2026-03-10,25,0,0
R03,SKU-1252,03/11/2026,28,0,0
R03,SKU-1252,03/12/2026,38,0,1
R03,SKU-1252,2026-03-13,18,1,0
R03,SKU-1252,14-Mar-26,28,1,0
R03,SKU-1252,03/15/2026,24,1,0
R03,SKU-1252,16-Mar-26,23,1,0
R03,SKU-1252,17-Mar-26,34,0,0
R03,SKU-1252,2026-03-18,27,2,0
R03,SKU-1252,2026-03-19,20,1,0
R03,SKU-1252,03/20/2026,23,0,0
R03,SKU-1252,03/21/2026,31,1,0
R03,SKU-1252,2026-03-22,30,1,0
R03,SKU-1252,2026-03-23,28,0,0
R03,SKU-1252,03/24/2026,20,0,0
R03,SKU-1252,2026-03-25,29,1,0
R03,SKU-1252,2026-03-26,23,1,0
R03,SKU-1252,03/27/2026,25,3,0
R03,SKU-1252,28-Mar-26,20,1,1
R03,SKU-1252,2026-03-29,25,0,0
R03,SKU-1252,2026-03-30,32,0,0
R03,SKU-1252,2026-03-31,33,0,0
R03,SKU-1112,2026-03-01,21,1,0
R03,SKU-1112,02-Mar-26,27,1,0
R03,SKU-1112,2026-03-03,21,0,0
R03,SKU-1112,2026-03-04,28,0,1
R03,SKU-1112,2026-03-05,25,1,0
R03,SKU-1112,03/06/2026,32,0,0
R03,SKU-1112,07-Mar-26,30,0,1
R03,SKU-1112,2026-03-08,23,0,0
R03,SKU-1112,03/09/2026,37,0,0
R03,SKU-1112,2026-03-10,25,1,1
R03,SKU-1112,2026-03-11,32,0,0
R03,SKU-1112,2026-03-12,29,0,0
R03,SKU-1112,2026-03-13,28,0,0
R03,SKU-1112,2026-03-14,28,0,0
R03,SKU-1112,2026-03-15,27,1,0
R03,SKU-1112,2026-03-16,21,0,0
R03,SKU-1112,2026-03-17,22,0,0
R03,SKU-1112,2026-03-18,25,1,1
R03,SKU-1112,2026-03-19,37,0,0
R03,SKU-1112,20-Mar-26,27,1,0
R03,SKU-1112,03/21/2026,22,0,0
R03,SKU-1112,2026-03-22,37,0,0
R03,SKU-1112,2026-03-23,18,1,1
R03,SKU-1112,2026-03-24,23,4,0
R03,SKU-1112,2026-03-25,27,1,0
R03,SKU-1112,26-Mar-26,22,0,0
R03,SKU-1112,2026-03-27,18,0,0
R03,SKU-1112,2026-03-28,34,1,0
R03,SKU-1112,2026-03-29,31,0,0
R03,SKU-1112,2026-03-30,28,0,1
R03,SKU-1112,03/31/2026,27,1,1
R03,SKU-1175,2026-03-01,12,0,0
R03,SKU-1175,2026-03-02,13,0,0
R03,SKU-1175,2026-03-03,18,0,0
R03,SKU-1175,2026-03-04,25,0,0
R03,SKU-1175,2026-03-05,14,0,1
R03,SKU-1175,2026-03-06,19,0,0
R03,SKU-1175,2026-03-07,17,0,0
R03,SKU-1175,03/08/2026,13,0,0
R03,SKU-1175,2026-03-09,27,0,0
R03,SKU-1175,2026-03-10,19,1,0
R03,SKU-1175,03/11/2026,21,0,0
R03,SKU-1175,2026-03-12,19,0,0
R03,SKU-1175,13-Mar-26,23,0,0
R03,SKU-1175,2026-03-14,15,0,0
R03,SKU-1175,2026-03-15,17,1,0
R03,SKU-1175,16-Mar-26,21,1,0
R03,SKU-1175,2026-03-17,15,1,0
R03,SKU-1175,2026-03-18,20,0,0
R03,SKU-1175,03/19/2026,27,0,0
R03,SKU-1175,2026-03-20,20,0,0
R03,SKU-1175,21-Mar-26,23,0,0
R03,SKU-1175,2026-03-22,28,1,1
R03,SKU-1175,2026-03-23,24,0,1
R03,SKU-1175,2026-03-24,25,0,0
R03,SKU-1175,03/25/2026,15,0,0
R03,SKU-1175,26-Mar-26,25,0,1
R03,SKU-1175,03/27/2026,21,0,0
R03,SKU-1175,2026-03-28,19,0,0
R03,SKU-1175,2026-03-29,17,1,0
R03,SKU-1175,2026-03-30,24,0,0
R03,SKU-1175,2026-03-31,16,1,0
R03,SKU-1259,2026-03-01,33,0,0
R03,SKU-1259,03/02/2026,33,0,0
R03,SKU-1259,2026-03-03,35,0,0
R03,SKU-1259,04-Mar-26,34,0,0
R03,SKU-1259,2026-03-05,38,1,1
R03,SKU-1259,2026-03-06,35,0,0
R03,SKU-1259,07-Mar-26,34,0,0
R03,SKU-1259,2026-03-08,30,0,0
R03,SKU-1259,2026-03-09,45,0,0
R03,SKU-1259,2026-03-10,28,2,0
R03,SKU-1259,2026-03-11,32,1,0
R03,SKU-1259,03/12/2026,30,0,0
R03,SKU-1259,2026-03-13,21,0,0
R03,SKU-1259,03/14/2026,23,0,0
R03,SKU-1259,03/15/2026,30,0,0
R03,SKU-1259,2026-03-16,30,1,0
R03,SKU-1259,2026-03-17,29,1,0
R03,SKU-1259,2026-03-18,29,1,1
R03,SKU-1259,2026-03-19,24,1,0
R03,SKU-1259,2026-03-20,30,0,0
R03,SKU-1259,2026-03-21,33,1,0
R03,SKU-1259,03/22/2026,35,0,0
R03,SKU-1259,2026-03-23,31,1,0
R03,SKU-1259,03/24/2026,26,0,0
R03,SKU-1259,25-Mar-26,28,0,0
R03,SKU-1259,26-Mar-26,37,1,0
R03,SKU-1259,2026-03-27,25,0,0
R03,SKU-1259,28-Mar-26,29,0,0
R03,SKU-1259,2026-03-29,31,0,0
R03,SKU-1259,2026-03-30,26,1,0
R03,SKU-1259,03/31/2026,26,1,0
R03,SKU-1182,03/01/2026,7,0,0
R03,SKU-1182,2026-03-02,4,0,0
R03,SKU-1182,2026-03-03,4,1,0
R03,SKU-1182,2026-03-04,3,2,0
R03,SKU-1182,03/05/2026,4,2,0
R03,SKU-1182,2026-03-06,4,0,0
R03,SKU-1182,07-Mar-26,4,0,0
R03,SKU-1182,08-Mar-26,7,2,0
R03,SKU-1182,2026-03-09,2,0,0
R03,SKU-1182,2026-03-10,6,0,0
R03,SKU-1182,2026-03-11,6,0,0
R03,SKU-1182,2026-03-12,5,0,1
R03,SKU-1182,2026-03-13,7,0,1
R03,SKU-1182,14-Mar-26,5,0,0
R03,SKU-1182,2026-03-15,7,1,0
R03,SKU-1182,2026-03-16,5,0,0
R03,SKU-1182,2026-03-17,4,0,0
R03,SKU-1182,18-Mar-26,7,2,0
R03,SKU-1182,2026-03-19,4,1,0
R03,SKU-1182,03/20/2026,5,0,0
R03,SKU-1182,2026-03-21,3,3,0
R03,SKU-1182,2026-03-22,2,0,0
R03,SKU-1182,2026-03-23,5,1,0
R03,SKU-1182,03/24/2026,2,0,1
R03,SKU-1182,25-Mar-26,4,0,0
R03,SKU-1182,2026-03-26,7,0,0
R03,SKU-1182,2026-03-27,1,0,0
R03,SKU-1182,28-Mar-26,4,0,0
R03,SKU-1182,2026-03-29,6,0,0
R03,SKU-1182,2026-03-30,1,0,0
R03,SKU-1182,31-Mar-26,1,0,0
R03,SKU-1266,03/01/2026,36,1,0
R03,SKU-1266,2026-03-02,38,1,0
R03,SKU-1266,2026-03-03,32,0,0
R03,SKU-1266,2026-03-04,26,1,0
R03,SKU-1266,2026-03-05,29,0,0
R03,SKU-1266,03/06/2026,24,2,0
R03,SKU-1266,2026-03-07,25,0,0
R03,SKU-1266,2026-03-08,37,0,1
R03,SKU-1266,2026-03-09,33,0,0
R03,SKU-1266,03/10/2026,34,0,0
R03,SKU-1266,03/11/2026,32,0,0
R03,SKU-1266,2026-03-12,18,0,0
R03,SKU-1266,2026-03-13,32,1,0
R03,SKU-1266,03/14/2026,37,0,0
R03,SKU-1266,15-Mar-26,34,0,0
R03,SKU-1266,2026-03-16,35,0,0
R03,SKU-1266,2026-03-17,31,0,1
R03,SKU-1266,2026-03-18,28,0,0
R03,SKU-1266,2026-03-19,25,0,0
R03,SKU-1266,03/20/2026,35,0,0
R03,SKU-1266,2026-03-21,29,0,0
R03,SKU-1266,03/22/2026,38,1,0
R03,SKU-1266,2026-03-23,26,0,0
R03,SKU-1266,24-Mar-26,29,0,0
R03,SKU-1266,2026-03-25,25,0,0
R03,SKU-1266,2026-03-26,28,0,0
R03,SKU-1266,03/27/2026,32,1,0
R03,SKU-1266,2026-03-28,30,2,0
R03,SKU-1266,03/29/2026,20,1,0
R03,SKU-1266,2026-03-30,40,0,0
R03,SKU-1266,2026-03-31,31,0,1
R03,SKU-1077,01-Mar-26,12,0,0
R03,SKU-1077,2026-03-02,15,0,0
R03,SKU-1077,2026-03-03,17,0,0
R03,SKU-1077,04-Mar-26,17,0,0
R03,SKU-1077,2026-03-05,11,0,1
R03,SKU-1077,06-Mar-26,19,0,0
R03,SKU-1077,03/07/2026,13,0,0
R03,SKU-1077,2026-03-08,19,0,0
R03,SKU-1077,2026-03-09,14,0,1
R03,SKU-1077,03/10/2026,23,0,0
R03,SKU-1077,2026-03-11,17,1,0
R03,SKU-1077,2026-03-12,17,0,0
R03,SKU-1077,03/13/2026,14,0,0
R03,SKU-1077,2026-03-14,17,1,0
R03,SKU-1077,2026-03-15,11,0,0
R03,SKU-1077,2026-03-16,9,0,0
R03,SKU-1077,2026-03-17,11,0,0
R03,SKU-1077,2026-03-18,18,0,0
R03,SKU-1077,03/19/2026,21,0,0
R03,SKU-1077,2026-03-20,15,0,0
R03,SKU-1077,2026-03-21,12,0,0
R03,SKU-1077,03/22/2026,21,0,0
R03,SKU-1077,03/23/2026,13,0,0
R03,SKU-1077,2026-03-24,14,0,0
R03,SKU-1077,2026-03-25,14,1,0
R03,SKU-1077,26-Mar-26,16,1,0
R03,SKU-1077,2026-03-27,19,0,1
R03,SKU-1077,2026-03-28,10,0,0
R03,SKU-1077,2026-03-29,18,0,0
R03,SKU-1077,03/30/2026,8,1,0
R03,SKU-1077,31-Mar-26,19,0,1
R03,SKU-1280,2026-03-01,25,0,0
R03,SKU-1280,2026-03-02,20,0,0
R03,SKU-1280,2026-03-03,23,0,0
R03,SKU-1280,2026-03-04,18,0,0
R03,SKU-1280,03/05/2026,24,0,0
R03,SKU-1280,06-Mar-26,37,0,0
R03,SKU-1280,03/07/2026,32,0,0
R03,SKU-1280,03/08/2026,23,0,0
R03,SKU-1280,2026-03-09,28,1,1
R03,SKU-1280,2026-03-10,25,2,0
R03,SKU-1280,11-Mar-26,31,0,0
R03,SKU-1280,2026-03-12,27,0,0
R03,SKU-1280,03/13/2026,29,0,0
R03,SKU-1280,03/14/2026,18,0,0
R03,SKU-1280,2026-03-15,24,1,0
R03,SKU-1280,2026-03-16,35,0,0
R03,SKU-1280,2026-03-17,26,1,0
R03,SKU-1280,18-Mar-26,28,0,0
R03,SKU-1280,03/19/2026,21,2,0
R03,SKU-1280,03/20/2026,27,0,0
R03,SKU-1280,2026-03-21,43,0,0
R03,SKU-1280,2026-03-22,23,1,0
R03,SKU-1280,03/23/2026,22,0,0
R03,SKU-1280,24-Mar-26,26,0,0
R03,SKU-1280,2026-03-25,33,0,0
R03,SKU-1280,2026-03-26,33,1,0
R03,SKU-1280,27-Mar-26,23,0,0
R03,SKU-1280,03/28/2026,28,0,0
R03,SKU-1280,29-Mar-26,28,1,0
R03,SKU-1280,2026-03-30,31,1,0
R03,SKU-1280,2026-03-31,31,0,0
R03,SKU-1238,2026-03-01,29,0,0
R03,SKU-1238,2026-03-02,28,0,0
R03,SKU-1238,03/03/2026,32,0,1
R03,SKU-1238,2026-03-04,26,1,0
R03,SKU-1238,2026-03-05,24,1,0
R03,SKU-1238,2026-03-06,23,0,0
R03,SKU-1238,2026-03-07,34,0,0
R03,SKU-1238,2026-03-08,20,0,0
R03,SKU-1238,09-Mar-26,17,1,0
R03,SKU-1238,2026-03-10,26,3,0
R03,SKU-1238,2026-03-11,24,0,0
R03,SKU-1238,12-Mar-26,26,0,0
R03,SKU-1238,2026-03-13,27,0,1
R03,SKU-1238,03/14/2026,26,0,0
R03,SKU-1238,2026-03-15,37,1,0
R03,SKU-1238,03/16/2026,27,0,0
R03,SKU-1238,17-Mar-26,34,0,0
R03,SKU-1238,18-Mar-26,38,0,0
R03,SKU-1238,03/19/2026,25,1,0
R03,SKU-1238,2026-03-20,26,0,0
R03,SKU-1238,2026-03-21,24,0,0
R03,SKU-1238,2026-03-22,26,0,0
R03,SKU-1238,03/23/2026,25,1,0
R03,SKU-1238,24-Mar-26,28,0,0
R03,SKU-1238,03/25/2026,26,1,0
R03,SKU-1238,26-Mar-26,34,0,0
R03,SKU-1238,2026-03-27,33,0,1
R03,SKU-1238,2026-03-28,28,1,0
R03,SKU-1238,2026-03-29,37,1,0
R03,SKU-1238,30-Mar-26,28,0,0
R03,SKU-1238,2026-03-31,18,0,0
R03,SKU-1217,2026-03-01,7,0,1
R03,SKU-1217,2026-03-02,19,0,0
R03,SKU-1217,03/03/2026,9,0,0
R03,SKU-1217,2026-03-04,7,0,1
R03,SKU-1217,2026-03-05,14,0,0
R03,SKU-1217,2026-03-06,10,1,0
R03,SKU-1217,2026-03-07,8,1,0
R03,SKU-1217,2026-03-08,8,0,0
R03,SKU-1217,2026-03-09,13,0,0
R03,SKU-1217,2026-03-10,12,0,0
R03,SKU-1217,11-Mar-26,14,0,0
R03,SKU-1217,2026-03-12,11,1,0
R03,SKU-1217,2026-03-13,20,0,0
R03,SKU-1217,2026-03-14,6,0,0
R03,SKU-1217,2026-03-15,10,1,0
R03,SKU-1217,2026-03-16,10,0,0
R03,SKU-1217,03/17/2026,16,0,0
R03,SKU-1217,2026-03-18,15,1,0
R03,SKU-1217,03/19/2026,12,0,1
R03,SKU-1217,2026-03-20,14,0,0
R03,SKU-1217,03/21/2026,5,0,0
R03,SKU-1217,22-Mar-26,8,1,0
R03,SKU-1217,03/23/2026,8,1,1
R03,SKU-1217,2026-03-24,14,0,0
R03,SKU-1217,2026-03-25,9,0,0
R03,SKU-1217,2026-03-26,10,0,1
R03,SKU-1217,03/27/2026,12,1,0
R03,SKU-1217,03/28/2026,5,0,0
R03,SKU-1217,29-Mar-26,13,0,0
R03,SKU-1217,2026-03-30,5,0,0
R03,SKU-1217,2026-03-31,10,0,0
R04,SKU-1056,2026-03-01,5,1,0
R04,SKU-1056,2026-03-02,2,0,0
R04,SKU-1056,2026-03-03,4,0,0
R04,SKU-1056,2026-03-04,4,2,0
R04,SKU-1056,2026-03-05,3,1,0
R04,SKU-1056,2026-03-06,9,0,0
R04,SKU-1056,07-Mar-26,1,0,0
R04,SKU-1056,03/08/2026,3,0,0
R04,SKU-1056,03/09/2026,8,0,0
R04,SKU-1056,2026-03-10,1,0,0
R04,SKU-1056,11-Mar-26,5,0,0
R04,SKU-1056,2026-03-12,4,0,0
R04,SKU-1056,13-Mar-26,2,1,0
R04,SKU-1056,2026-03-14,4,1,0
R04,SKU-1056,2026-03-15,3,0,0
R04,SKU-1056,16-Mar-26,3,0,0
R04,SKU-1056,03/17/2026,4,1,0
R04,SKU-1056,03/18/2026,6,0,0
R04,SKU-1056,2026-03-19,5,0,0
R04,SKU-1056,03/20/2026,3,0,0
R04,SKU-1056,2026-03-21,2,4,0
R04,SKU-1056,22-Mar-26,2,0,0
R04,SKU-1056,23-Mar-26,3,0,0
R04,SKU-1056,24-Mar-26,10,0,0
R04,SKU-1056,03/25/2026,6,2,0
R04,SKU-1056,2026-03-26,5,2,0
R04,SKU-1056,03/27/2026,5,0,0
R04,SKU-1056,2026-03-28,12,0,0
R04,SKU-1056,2026-03-29,8,0,0
R04,SKU-1056,03/30/2026,6,0,0
R04,SKU-1056,2026-03-31,1,0,0
R04,SKU-1231,03/01/2026,14,1,0
R04,SKU-1231,03/02/2026,30,1,0
R04,SKU-1231,2026-03-03,22,0,0
R04,SKU-1231,2026-03-04,34,0,0
R04,SKU-1231,2026-03-05,25,0,0
R04,SKU-1231,03/06/2026,33,0,0
R04,SKU-1231,2026-03-07,26,1,0
R04,SKU-1231,2026-03-08,30,0,0
R04,SKU-1231,2026-03-09,23,0,0
R04,SKU-1231,2026-03-10,25,0,0
R04,SKU-1231,2026-03-11,31,1,0
R04,SKU-1231,2026-03-12,23,0,0
R04,SKU-1231,2026-03-13,28,0,1
R04,SKU-1231,2026-03-14,32,0,0
R04,SKU-1231,2026-03-15,22,0,0
R04,SKU-1231,2026-03-16,20,0,0
R04,SKU-1231,03/17/2026,21,0,0
R04,SKU-1231,2026-03-18,37,0,1
R04,SKU-1231,19-Mar-26,35,0,0
R04,SKU-1231,03/20/2026,26,1,0
R04,SKU-1231,2026-03-21,28,1,1
R04,SKU-1231,2026-03-22,26,0,0
R04,SKU-1231,2026-03-23,25,0,0
R04,SKU-1231,24-Mar-26,27,0,0
R04,SKU-1231,03/25/2026,37,0,0
R04,SKU-1231,2026-03-26,20,2,0
R04,SKU-1231,03/27/2026,21,1,0
R04,SKU-1231,2026-03-28,23,0,0
R04,SKU-1231,03/29/2026,32,2,0
R04,SKU-1231,2026-03-30,32,0,1
R04,SKU-1231,2026-03-31,34,0,0
R04,SKU-1077,2026-03-01,14,0,0
R04,SKU-1077,2026-03-02,27,0,1
R04,SKU-1077,2026-03-03,29,0,0
R04,SKU-1077,2026-03-04,25,1,0
R04,SKU-1077,2026-03-05,30,1,0
R04,SKU-1077,2026-03-06,32,0,0
R04,SKU-1077,07-Mar-26,21,0,0
R04,SKU-1077,03/08/2026,18,0,0
R04,SKU-1077,09-Mar-26,27,0,0
R04,SKU-1077,10-Mar-26,18,0,0
R04,SKU-1077,03/11/2026,25,1,0
R04,SKU-1077,03/12/2026,27,2,1
R04,SKU-1077,2026-03-13,24,0,0
R04,SKU-1077,03/14/2026,27,0,0
R04,SKU-1077,2026-03-15,26,0,0
R04,SKU-1077,2026-03-16,22,1,0
R04,SKU-1077,2026-03-17,36,2,0
R04,SKU-1077,03/18/2026,33,1,0
R04,SKU-1077,2026-03-19,34,0,0
R04,SKU-1077,03/20/2026,30,0,0
R04,SKU-1077,2026-03-21,29,1,1
R04,SKU-1077,22-Mar-26,33,2,0
R04,SKU-1077,2026-03-23,17,0,0
R04,SKU-1077,2026-03-24,33,1,0
R04,SKU-1077,2026-03-25,22,0,0
R04,SKU-1077,03/26/2026,28,0,0
R04,SKU-1077,2026-03-27,22,0,0
R04,SKU-1077,2026-03-28,24,0,0
R04,SKU-1077,2026-03-29,27,0,1
R04,SKU-1077,30-Mar-26,31,1,0
R04,SKU-1077,2026-03-31,37,1,0
R04,SKU-1021,2026-03-01,23,0,1
R04,SKU-1021,03/02/2026,19,0,0
R04,SKU-1021,03-Mar-26,17,1,0
R04,SKU-1021,2026-03-04,31,2,1
R04,SKU-1021,2026-03-05,31,1,1
R04,SKU-1021,2026-03-06,29,1,0
R04,SKU-1021,07-Mar-26,25,2,0
R04,SKU-1021,2026-03-08,24,0,1
R04,SKU-1021,03/09/2026,25,0,0
R04,SKU-1021,10-Mar-26,35,0,1
R04,SKU-1021,03/11/2026,24,1,0
R04,SKU-1021,2026-03-12,37,0,0
R04,SKU-1021,03/13/2026,19,0,0
R04,SKU-1021,14-Mar-26,27,1,0
R04,SKU-1021,03/15/2026,18,0,0
R04,SKU-1021,2026-03-16,28,1,0
R04,SKU-1021,2026-03-17,26,2,1
R04,SKU-1021,03/18/2026,26,0,0
R04,SKU-1021,2026-03-19,27,1,0
R04,SKU-1021,03/20/2026,27,0,0
R04,SKU-1021,21-Mar-26,33,0,0
R04,SKU-1021,03/22/2026,25,0,0
R04,SKU-1021,2026-03-23,41,0,0
R04,SKU-1021,2026-03-24,33,1,0
R04,SKU-1021,03/25/2026,26,0,1
R04,SKU-1021,03/26/2026,22,0,0
R04,SKU-1021,03/27/2026,21,0,0
R04,SKU-1021,2026-03-28,22,1,0
R04,SKU-1021,2026-03-29,34,0,0
R04,SKU-1021,2026-03-30,28,0,0
R04,SKU-1021,31-Mar-26,28,1,0
R04,SKU-1028,2026-03-01,14,0,1
R04,SKU-1028,02-Mar-26,16,1,0
R04,SKU-1028,2026-03-03,9,0,0
R04,SKU-1028,03/04/2026,10,0,0
R04,SKU-1028,2026-03-05,14,0,0
R04,SKU-1028,06-Mar-26,7,1,0
R04,SKU-1028,07-Mar-26,8,1,0
R04,SKU-1028,03/08/2026,12,1,0
R04,SKU-1028,2026-03-09,8,0,1
R04,SKU-1028,2026-03-10,8,1,0
R04,SKU-1028,2026-03-11,9,0,1
R04,SKU-1028,03/12/2026,6,0,0
R04,SKU-1028,2026-03-13,6,0,0
R04,SKU-1028,2026-03-14,8,0,0
R04,SKU-1028,03/15/2026,8,0,0
R04,SKU-1028,2026-03-16,8,1,0
R04,SKU-1028,2026-03-17,12,0,0
R04,SKU-1028,03/18/2026,8,0,0
R04,SKU-1028,2026-03-19,6,0,0
R04,SKU-1028,03/20/2026,11,0,0
R04,SKU-1028,03/21/2026,12,1,0
R04,SKU-1028,03/22/2026,9,0,0
R04,SKU-1028,23-Mar-26,7,1,0
R04,SKU-1028,2026-03-24,5,2,0
R04,SKU-1028,2026-03-25,11,0,0
R04,SKU-1028,03/26/2026,11,0,0
R04,SKU-1028,2026-03-27,17,0,0
R04,SKU-1028,28-Mar-26,10,0,0
R04,SKU-1028,2026-03-29,10,0,0
R04,SKU-1028,2026-03-30,6,3,1
R04,SKU-1028,2026-03-31,12,0,0
R04,SKU-1035,2026-03-01,9,0,0
R04,SKU-1035,03/02/2026,11,0,0
R04,SKU-1035,2026-03-03,6,0,0
R04,SKU-1035,03/04/2026,12,0,0
R04,SKU-1035,2026-03-05,9,0,0
R04,SKU-1035,2026-03-06,9,0,0
R04,SKU-1035,2026-03-07,11,1,0
R04,SKU-1035,03/08/2026,17,1,0
R04,SKU-1035,2026-03-09,8,0,0
R04,SKU-1035,2026-03-10,14,0,0
R04,SKU-1035,2026-03-11,16,1,0
R04,SKU-1035,2026-03-12,6,0,0
R04,SKU-1035,2026-03-13,14,0,0
R04,SKU-1035,2026-03-14,7,1,0
R04,SKU-1035,15-Mar-26,17,1,0
R04,SKU-1035,2026-03-16,12,0,0
R04,SKU-1035,2026-03-17,20,1,0
R04,SKU-1035,2026-03-18,14,1,0
R04,SKU-1035,2026-03-19,10,0,0
R04,SKU-1035,20-Mar-26,13,0,0
R04,SKU-1035,2026-03-21,14,0,0
R04,SKU-1035,22-Mar-26,9,1,0
R04,SKU-1035,2026-03-23,11,1,0
R04,SKU-1035,24-Mar-26,10,1,0
R04,SKU-1035,25-Mar-26,16,0,0
R04,SKU-1035,26-Mar-26,15,1,0
R04,SKU-1035,2026-03-27,14,0,0
R04,SKU-1035,2026-03-28,13,0,0
R04,SKU-1035,2026-03-29,15,0,0
R04,SKU-1035,03/30/2026,7,1,0
R04,SKU-1035,2026-03-31,16,0,0
R04,SKU-1182,03/01/2026,20,0,0
R04,SKU-1182,03/02/2026,20,0,1
R04,SKU-1182,2026-03-03,16,0,0
R04,SKU-1182,03/04/2026,18,0,0
R04,SKU-1182,2026-03-05,16,2,0
R04,SKU-1182,03/06/2026,19,0,0
R04,SKU-1182,07-Mar-26,26,1,0
R04,SKU-1182,03/08/2026,25,1,0
R04,SKU-1182,03/09/2026,25,1,0
R04,SKU-1182,2026-03-10,16,0,0
R04,SKU-1182,03/11/2026,18,1,0
R04,SKU-1182,03/12/2026,18,0,0
R04,SKU-1182,03/13/2026,21,2,0
R04,SKU-1182,2026-03-14,21,1,0
R04,SKU-1182,03/15/2026,12,1,0
R04,SKU-1182,2026-03-16,24,0,0
R04,SKU-1182,03/17/2026,25,0,0
R04,SKU-1182,2026-03-18,14,0,0
R04,SKU-1182,2026-03-19,13,0,0
R04,SKU-1182,03/20/2026,19,0,0
R04,SKU-1182,03/21/2026,19,0,0
R04,SKU-1182,2026-03-22,19,0,0
R04,SKU-1182,2026-03-23,21,1,0
R04,SKU-1182,2026-03-24,22,0,0
R04,SKU-1182,03/25/2026,23,0,0
R04,SKU-1182,03/26/2026,23,1,0
R04,SKU-1182,2026-03-27,19,0,0
R04,SKU-1182,2026-03-28,15,1,1
R04,SKU-1182,2026-03-29,30,0,0
R04,SKU-1182,2026-03-30,23,0,0
R04,SKU-1182,03/31/2026,18,0,0
R04,SKU-1238,2026-03-01,7,1,0
R04,SKU-1238,2026-03-02,5,0,0
R04,SKU-1238,2026-03-03,11,0,0
R04,SKU-1238,2026-03-04,10,0,0
R04,SKU-1238,2026-03-05,6,0,1
R04,SKU-1238,2026-03-06,6,0,0
R04,SKU-1238,2026-03-07,0,3,0
R04,SKU-1238,2026-03-08,10,0,1
R04,SKU-1238,03/09/2026,6,0,0
R04,SKU-1238,2026-03-10,5,0,0
R04,SKU-1238,03/11/2026,6,0,0
R04,SKU-1238,03/12/2026,6,0,1
R04,SKU-1238,2026-03-13,6,1,0
R04,SKU-1238,2026-03-14,5,0,0
R04,SKU-1238,15-Mar-26,7,1,0
R04,SKU-1238,2026-03-16,6,0,1
R04,SKU-1238,2026-03-17,8,1,0
R04,SKU-1238,2026-03-18,10,0,0
R04,SKU-1238,2026-03-19,10,1,0
R04,SKU-1238,2026-03-20,5,0,0
R04,SKU-1238,2026-03-21,9,1,0
R04,SKU-1238,2026-03-22,5,0,0
R04,SKU-1238,2026-03-23,3,1,1
R04,SKU-1238,2026-03-24,3,0,0
R04,SKU-1238,03/25/2026,7,1,1
R04,SKU-1238,2026-03-26,4,0,0
R04,SKU-1238,2026-03-27,3,0,1
R04,SKU-1238,2026-03-28,9,0,0
R04,SKU-1238,03/29/2026,5,0,0
R04,SKU-1238,03/30/2026,5,0,0
R04,SKU-1238,2026-03-31,6,0,0
R04,SKU-1280,2026-03-01,33,0,0
R04,SKU-1280,03/02/2026,28,0,1
R04,SKU-1280,2026-03-03,32,1,0
R04,SKU-1280,2026-03-04,24,0,0
R04,SKU-1280,2026-03-05,25,1,0
R04,SKU-1280,2026-03-06,28,0,1
R04,SKU-1280,2026-03-07,28,0,0
R04,SKU-1280,2026-03-08,21,1,0
R04,SKU-1280,2026-03-09,24,0,0
R04,SKU-1280,03/10/2026,21,0,0
R04,SKU-1280,03/11/2026,22,2,0
R04,SKU-1280,03/12/2026,20,0,0
R04,SKU-1280,2026-03-13,19,0,0
R04,SKU-1280,14-Mar-26,20,1,0
R04,SKU-1280,03/15/2026,26,1,1
R04,SKU-1280,03/16/2026,32,0,0
R04,SKU-1280,2026-03-17,24,0,0
R04,SKU-1280,2026-03-18,14,0,0
R04,SKU-1280,03/19/2026,25,0,0
R04,SKU-1280,2026-03-20,30,0,0
R04,SKU-1280,2026-03-21,21,0,0
R04,SKU-1280,2026-03-22,26,0,0
R04,SKU-1280,2026-03-23,23,0,0
R04,SKU-1280,2026-03-24,43,0,0
R04,SKU-1280,03/25/2026,33,1,0
R04,SKU-1280,2026-03-26,20,1,0
R04,SKU-1280,2026-03-27,26,1,0
R04,SKU-1280,2026-03-28,30,0,0
R04,SKU-1280,29-Mar-26,28,0,0
R04,SKU-1280,03/30/2026,23,1,0
R04,SKU-1280,03/31/2026,30,0,0
R04,SKU-1273,2026-03-01,7,2,0
R04,SKU-1273,2026-03-02,10,1,0
R04,SKU-1273,03/03/2026,4,0,0
R04,SKU-1273,2026-03-04,5,1,0
R04,SKU-1273,2026-03-05,7,0,0
R04,SKU-1273,03/06/2026,5,1,0
R04,SKU-1273,07-Mar-26,12,0,0
R04,SKU-1273,03/08/2026,11,0,0
R04,SKU-1273,2026-03-09,9,0,0
R04,SKU-1273,2026-03-10,9,0,1
R04,SKU-1273,2026-03-11,8,2,0
R04,SKU-1273,12-Mar-26,7,0,0
R04,SKU-1273,2026-03-13,8,1,0
R04,SKU-1273,2026-03-14,6,0,0
R04,SKU-1273,15-Mar-26,5,1,0
R04,SKU-1273,2026-03-16,3,0,0
R04,SKU-1273,2026-03-17,9,1,1
R04,SKU-1273,18-Mar-26,7,0,0
R04,SKU-1273,2026-03-19,7,0,1
R04,SKU-1273,2026-03-20,8,0,0
R04,SKU-1273,2026-03-21,6,1,0
R04,SKU-1273,2026-03-22,7,1,0
R04,SKU-1273,23-Mar-26,4,1,0
R04,SKU-1273,2026-03-24,7,0,0
R04,SKU-1273,2026-03-25,9,0,0
R04,SKU-1273,2026-03-26,8,0,0
R04,SKU-1273,2026-03-27,13,0,1
R04,SKU-1273,2026-03-28,3,0,1
R04,SKU-1273,2026-03-29,5,0,0
R04,SKU-1273,2026-03-30,8,0,0
R04,SKU-1273,2026-03-31,12,1,0
R04,SKU-1091,2026-03-01,13,0,1
R04,SKU-1091,02-Mar-26,11,1,0
R04,SKU-1091,03-Mar-26,10,1,0
R04,SKU-1091,2026-03-04,6,0,0
R04,SKU-1091,2026-03-05,6,1,0
R04,SKU-1091,06-Mar-26,5,0,1
R04,SKU-1091,07-Mar-26,17,0,0
R04,SKU-1091,2026-03-08,10,0,1
R04,SKU-1091,2026-03-09,11,0,0
R04,SKU-1091,2026-03-10,13,0,1
R04,SKU-1091,2026-03-11,8,0,1
R04,SKU-1091,2026-03-12,7,0,0
R04,SKU-1091,2026-03-13,10,1,0
R04,SKU-1091,2026-03-14,8,1,1
R04,SKU-1091,15-Mar-26,8,1,0
R04,SKU-1091,2026-03-16,7,0,0
R04,SKU-1091,17-Mar-26,8,0,1
R04,SKU-1091,18-Mar-26,13,0,0
R04,SKU-1091,03/19/2026,11,0,1
R04,SKU-1091,2026-03-20,10,1,0
R04,SKU-1091,21-Mar-26,10,0,0
R04,SKU-1091,03/22/2026,4,0,0
R04,SKU-1091,2026-03-23,4,1,0
R04,SKU-1091,24-Mar-26,11,1,0
R04,SKU-1091,25-Mar-26,12,1,0
R04,SKU-1091,03/26/2026,8,0,0
R04,SKU-1091,2026-03-27,13,0,0
R04,SKU-1091,2026-03-28,10,1,0
R04,SKU-1091,2026-03-29,9,0,0
R04,SKU-1091,2026-03-30,13,0,0
R04,SKU-1091,2026-03-31,4,0,0
R04,SKU-1210,2026-03-01,25,2,0
R04,SKU-1210,2026-03-02,34,0,0
R04,SKU-1210,2026-03-03,40,1,0
R04,SKU-1210,2026-03-04,22,0,0
R04,SKU-1210,03/05/2026,27,1,0
R04,SKU-1210,2026-03-06,34,0,0
R04,SKU-1210,03/07/2026,26,1,0
R04,SKU-1210,2026-03-08,31,0,0
R04,SKU-1210,2026-03-09,31,1,0
R04,SKU-1210,2026-03-10,27,0,0
R04,SKU-1210,2026-03-11,28,0,1
R04,SKU-1210,2026-03-12,23,0,0
R04,SKU-1210,2026-03-13,35,0,0
R04,SKU-1210,2026-03-14,43,0,0
R04,SKU-1210,2026-03-15,29,0,0
R04,SKU-1210,2026-03-16,31,2,0
R04,SKU-1210,2026-03-17,39,0,0
R04,SKU-1210,2026-03-18,37,0,0
R04,SKU-1210,19-Mar-26,39,2,0
R04,SKU-1210,2026-03-20,29,0,0
R04,SKU-1210,2026-03-21,37,0,1
R04,SKU-1210,2026-03-22,39,0,0
R04,SKU-1210,2026-03-23,32,1,0
R04,SKU-1210,2026-03-24,22,0,0
R04,SKU-1210,2026-03-25,29,0,0
R04,SKU-1210,26-Mar-26,30,0,0
R04,SKU-1210,03/27/2026,25,2,0
R04,SKU-1210,03/28/2026,28,0,0
R04,SKU-1210,03/29/2026,22,0,0
R04,SKU-1210,03/30/2026,38,0,1
R04,SKU-1210,2026-03-31,30,2,0
R04,SKU-1266,03/01/2026,11,0,1
R04,SKU-1266,2026-03-02,10,1,0
R04,SKU-1266,2026-03-03,5,0,0
R04,SKU-1266,03/04/2026,4,0,0
R04,SKU-1266,2026-03-05,1,2,0
R04,SKU-1266,2026-03-06,9,0,1
R04,SKU-1266,2026-03-07,12,0,0
R04,SKU-1266,2026-03-08,3,0,1
R04,SKU-1266,09-Mar-26,9,0,0
R04,SKU-1266,2026-03-10,3,0,0
R04,SKU-1266,03/11/2026,8,0,0
R04,SKU-1266,03/12/2026,5,0,0
R04,SKU-1266,03/13/2026,5,0,0
R04,SKU-1266,03/14/2026,9,2,0
R04,SKU-1266,15-Mar-26,4,0,0
R04,SKU-1266,2026-03-16,5,0,0
R04,SKU-1266,2026-03-17,2,1,0
R04,SKU-1266,2026-03-18,4,1,0
R04,SKU-1266,03/19/2026,7,1,1
R04,SKU-1266,2026-03-20,9,0,0
R04,SKU-1266,2026-03-21,6,0,0
R04,SKU-1266,2026-03-22,9,1,0
R04,SKU-1266,03/23/2026,5,0,0
R04,SKU-1266,2026-03-24,4,0,0
R04,SKU-1266,03/25/2026,5,0,0
R04,SKU-1266,03/26/2026,9,1,0
R04,SKU-1266,2026-03-27,8,0,0
R04,SKU-1266,2026-03-28,1,0,1
R04,SKU-1266,03/29/2026,8,0,0
R04,SKU-1266,2026-03-30,8,0,0
R04,SKU-1266,2026-03-31,11,0,0
R04,SKU-1259,2026-03-01,8,0,0
R04,SKU-1259,03/02/2026,15,0,0
R04,SKU-1259,2026-03-03,8,1,0
R04,SKU-1259,2026-03-04,7,0,0
R04,SKU-1259,2026-03-05,5,0,0
R04,SKU-1259,2026-03-06,5,1,0
R04,SKU-1259,2026-03-07,5,0,0
R04,SKU-1259,2026-03-08,7,2,0
R04,SKU-1259,03/09/2026,4,1,0
R04,SKU-1259,2026-03-10,8,0,0
R04,SKU-1259,03/11/2026,8,1,0
R04,SKU-1259,12-Mar-26,3,0,0
R04,SKU-1259,2026-03-13,7,0,0
R04,SKU-1259,2026-03-14,12,0,1
R04,SKU-1259,15-Mar-26,10,0,0
R04,SKU-1259,2026-03-16,12,2,0
R04,SKU-1259,03/17/2026,6,0,0
R04,SKU-1259,03/18/2026,7,0,1
R04,SKU-1259,2026-03-19,5,1,0
R04,SKU-1259,2026-03-20,8,0,0
R04,SKU-1259,03/21/2026,14,2,0
R04,SKU-1259,03/22/2026,10,0,0
R04,SKU-1259,2026-03-23,5,0,0
R04,SKU-1259,03/24/2026,6,0,0
R04,SKU-1259,2026-03-25,10,2,0
R04,SKU-1259,03/26/2026,10,0,0
R04,SKU-1259,27-Mar-26,9,0,0
R04,SKU-1259,2026-03-28,6,0,0
R04,SKU-1259,03/29/2026,10,1,0
R04,SKU-1259,03/30/2026,7,2,0
R04,SKU-1259,03/31/2026,10,0,0
R04,SKU-1133,2026-03-01,1,0,0
R04,SKU-1133,03/02/2026,8,0,0
R04,SKU-1133,2026-03-03,4,0,0
R04,SKU-1133,2026-03-04,5,0,0
R04,SKU-1133,2026-03-05,4,1,0
R04,SKU-1133,06-Mar-26,8,0,0
R04,SKU-1133,2026-03-07,5,1,0
R04,SKU-1133,2026-03-08,9,1,0
R04,SKU-1133,2026-03-09,2,0,0
R04,SKU-1133,2026-03-10,4,0,0
R04,SKU-1133,2026-03-11,5,0,1
R04,SKU-1133,03/12/2026,8,1,0
R04,SKU-1133,13-Mar-26,7,1,0
R04,SKU-1133,03/14/2026,5,0,0
R04,SKU-1133,2026-03-15,7,0,0
R04,SKU-1133,2026-03-16,7,0,0
R04,SKU-1133,2026-03-17,4,1,0
R04,SKU-1133,03/18/2026,8,0,0
R04,SKU-1133,19-Mar-26,9,0,1
R04,SKU-1133,03/20/2026,6,0,0
R04,SKU-1133,03/21/2026,10,0,0
R04,SKU-1133,2026-03-22,7,0,0
R04,SKU-1133,2026-03-23,4,0,0
R04,SKU-1133,2026-03-24,3,0,0
R04,SKU-1133,2026-03-25,11,1,0
R04,SKU-1133,2026-03-26,6,0,0
R04,SKU-1133,2026-03-27,2,1,0
R04,SKU-1133,03/28/2026,6,0,0
R04,SKU-1133,2026-03-29,4,0,0
R04,SKU-1133,2026-03-30,3,1,0
R04,SKU-1133,31-Mar-26,4,0,0
R04,SKU-1126,2026-03-01,18,0,0
R04,SKU-1126,2026-03-02,8,1,0
R04,SKU-1126,2026-03-03,7,0,1
R04,SKU-1126,2026-03-04,10,0,0
R04,SKU-1126,2026-03-05,14,2,0
R04,SKU-1126,2026-03-06,10,0,1
R04,SKU-1126,2026-03-07,12,0,0
R04,SKU-1126,08-Mar-26,11,0,0
R04,SKU-1126,09-Mar-26,13,0,0
R04,SKU-1126,2026-03-10,12,0,0
R04,SKU-1126,2026-03-11,9,1,0
R04,SKU-1126,12-Mar-26,7,0,1
R04,SKU-1126,13-Mar-26,11,0,1
R04,SKU-1126,2026-03-14,5,0,0
R04,SKU-1126,15-Mar-26,18,0,0
R04,SKU-1126,2026-03-16,17,1,1
R04,SKU-1126,2026-03-17,13,0,1
R04,SKU-1126,2026-03-18,7,0,0
R04,SKU-1126,03/19/2026,14,4,0
R04,SKU-1126,2026-03-20,9,0,0
R04,SKU-1126,03/21/2026,6,0,1
R04,SKU-1126,2026-03-22,15,2,0
R04,SKU-1126,03/23/2026,10,1,0
R04,SKU-1126,03/24/2026,7,0,0
R04,SKU-1126,03/25/2026,7,1,0
R04,SKU-1126,2026-03-26,13,1,0
R04,SKU-1126,03/27/2026,13,0,0
R04,SKU-1126,2026-03-28,10,0,0
R04,SKU-1126,2026-03-29,13,0,1
R04,SKU-1126,30-Mar-26,17,2,1
R04,SKU-1126,31-Mar-26,14,0,0
R04,SKU-1175,01-Mar-26,9,0,0
R04,SKU-1175,2026-03-02,16,0,0
R04,SKU-1175,03/03/2026,12,0,0
R04,SKU-1175,03/04/2026,11,0,0
R04,SKU-1175,05-Mar-26,15,1,0
R04,SKU-1175,2026-03-06,13,0,0
R04,SKU-1175,03/07/2026,23,0,0
R04,SKU-1175,2026-03-08,18,1,0
R04,SKU-1175,2026-03-09,13,2,0
R04,SKU-1175,2026-03-10,17,0,0
R04,SKU-1175,2026-03-11,10,1,0
R04,SKU-1175,2026-03-12,15,0,0
R04,SKU-1175,13-Mar-26,12,0,0
R04,SKU-1175,2026-03-14,11,0,0
R04,SKU-1175,2026-03-15,7,1,0
R04,SKU-1175,2026-03-16,10,1,0
R04,SKU-1175,2026-03-17,13,1,0
R04,SKU-1175,2026-03-18,17,0,0
R04,SKU-1175,2026-03-19,14,0,0
R04,SKU-1175,03/20/2026,8,0,0
R04,SKU-1175,2026-03-21,12,0,0
R04,SKU-1175,2026-03-22,12,0,0
R04,SKU-1175,2026-03-23,12,0,0
R04,SKU-1175,2026-03-24,17,1,1
R04,SKU-1175,2026-03-25,8,1,1
R04,SKU-1175,2026-03-26,16,0,0
R04,SKU-1175,27-Mar-26,5,0,0
R04,SKU-1175,03/28/2026,14,0,0
R04,SKU-1175,2026-03-29,21,0,0
R04,SKU-1175,2026-03-30,10,0,1
R04,SKU-1175,2026-03-31,14,0,0
R04,SKU-1098,03/01/2026,26,0,0
R04,SKU-1098,2026-03-02,13,0,1
R04,SKU-1098,03-Mar-26,28,0,0
R04,SKU-1098,2026-03-04,22,1,0
R04,SKU-1098,2026-03-05,20,0,0
R04,SKU-1098,06-Mar-26,17,1,0
R04,SKU-1098,03/07/2026,30,0,0
R04,SKU-1098,2026-03-08,16,0,0
R04,SKU-1098,03/09/2026,30,0,0
R04,SKU-1098,2026-03-10,23,1,0
R04,SKU-1098,2026-03-11,19,0,1
R04,SKU-1098,12-Mar-26,18,1,0
R04,SKU-1098,03/13/2026,24,1,1
R04,SKU-1098,2026-03-14,19,0,0
R04,SKU-1098,03/15/2026,16,0,0
R04,SKU-1098,03/16/2026,17,1,0
R04,SKU-1098,2026-03-17,26,2,0
R04,SKU-1098,2026-03-18,20,2,0
R04,SKU-1098,03/19/2026,23,0,0
R04,SKU-1098,20-Mar-26,15,0,0
R04,SKU-1098,21-Mar-26,19,1,0
R04,SKU-1098,03/22/2026,25,0,0
R04,SKU-1098,23-Mar-26,19,1,0
R04,SKU-1098,2026-03-24,13,0,0
R04,SKU-1098,2026-03-25,27,1,0
R04,SKU-1098,2026-03-26,14,2,0
R04,SKU-1098,2026-03-27,20,0,0
R04,SKU-1098,2026-03-28,24,0,1
R04,SKU-1098,2026-03-29,21,0,0
R04,SKU-1098,03/30/2026,21,1,0
R04,SKU-1098,03/31/2026,26,1,0
R04,SKU-1196,2026-03-01,14,1,1
R04,SKU-1196,2026-03-02,6,1,0
R04,SKU-1196,2026-03-03,14,0,0
R04,SKU-1196,2026-03-04,12,0,0
R04,SKU-1196,2026-03-05,14,1,0
R04,SKU-1196,2026-03-06,12,1,0
R04,SKU-1196,2026-03-07,21,0,0
R04,SKU-1196,03/08/2026,10,0,0
R04,SKU-1196,2026-03-09,10,1,0
R04,SKU-1196,2026-03-10,15,0,0
R04,SKU-1196,2026-03-11,13,0,0
R04,SKU-1196,03/12/2026,9,0,0
R04,SKU-1196,2026-03-13,11,0,1
R04,SKU-1196,14-Mar-26,15,0,0
R04,SKU-1196,2026-03-15,24,0,0
R04,SKU-1196,2026-03-16,11,1,0
R04,SKU-1196,2026-03-17,13,0,0
R04,SKU-1196,2026-03-18,16,0,0
R04,SKU-1196,03/19/2026,12,0,0
R04,SKU-1196,03/20/2026,16,0,0
R04,SKU-1196,2026-03-21,12,0,0
R04,SKU-1196,2026-03-22,8,0,0
R04,SKU-1196,2026-03-23,13,0,0
R04,SKU-1196,2026-03-24,15,0,0
R04,SKU-1196,2026-03-25,16,1,1
R04,SKU-1196,03/26/2026,14,0,0
R04,SKU-1196,2026-03-27,20,0,0
R04,SKU-1196,2026-03-28,17,0,0
R04,SKU-1196,2026-03-29,11,2,0
R04,SKU-1196,30-Mar-26,10,1,0
R04,SKU-1196,03/31/2026,13,0,0
R04,SKU-1189,2026-03-01,26,1,0
R04,SKU-1189,03/02/2026,16,1,0
R04,SKU-1189,2026-03-03,23,0,0
R04,SKU-1189,2026-03-04,19,0,0
R04,SKU-1189,2026-03-05,26,0,0
R04,SKU-1189,2026-03-06,25,0,0
R04,SKU-1189,2026-03-07,33,1,0
R04,SKU-1189,2026-03-08,30,1,0
R04,SKU-1189,03/09/2026,29,0,0
R04,SKU-1189,2026-03-10,33,0,0
R04,SKU-1189,2026-03-11,27,0,0
R04,SKU-1189,2026-03-12,32,0,0
R04,SKU-1189,13-Mar-26,24,1,0
R04,SKU-1189,2026-03-14,24,2,0
R04,SKU-1189,2026-03-15,31,0,0
R04,SKU-1189,03/16/2026,32,1,0
R04,SKU-1189,2026-03-17,18,1,0
R04,SKU-1189,2026-03-18,37,0,0
R04,SKU-1189,19-Mar-26,29,1,0
R04,SKU-1189,2026-03-20,30,0,0
R04,SKU-1189,2026-03-21,33,0,0
R04,SKU-1189,2026-03-22,27,0,1
R04,SKU-1189,2026-03-23,26,0,0
R04,SKU-1189,2026-03-24,35,0,0
R04,SKU-1189,2026-03-25,39,1,0
R04,SKU-1189,2026-03-26,35,0,0
R04,SKU-1189,2026-03-27,20,2,1
R04,SKU-1189,2026-03-28,27,1,0
R04,SKU-1189,03/29/2026,38,0,0
R04,SKU-1189,30-Mar-26,24,0,0
R04,SKU-1189,03/31/2026,21,1,0
R04,SKU-1168,2026-03-01,25,0,0
R04,SKU-1168,02-Mar-26,21,0,0
R04,SKU-1168,03/03/2026,11,0,0
R04,SKU-1168,2026-03-04,28,0,0
R04,SKU-1168,05-Mar-26,27,0,0
R04,SKU-1168,2026-03-06,24,2,0
R04,SKU-1168,2026-03-07,26,1,0
R04,SKU-1168,2026-03-08,17,1,0
R04,SKU-1168,03/09/2026,18,0,0
R04,SKU-1168,2026-03-10,26,0,0
R04,SKU-1168,03/11/2026,18,1,1
R04,SKU-1168,2026-03-12,21,0,0
R04,SKU-1168,2026-03-13,23,0,0
R04,SKU-1168,2026-03-14,31,0,0
R04,SKU-1168,2026-03-15,20,0,0
R04,SKU-1168,2026-03-16,22,0,0
R04,SKU-1168,2026-03-17,30,0,0
R04,SKU-1168,2026-03-18,16,1,0
R04,SKU-1168,2026-03-19,22,1,0
R04,SKU-1168,2026-03-20,25,1,0
R04,SKU-1168,2026-03-21,27,0,1
R04,SKU-1168,22-Mar-26,19,2,0
R04,SKU-1168,2026-03-23,28,0,0
R04,SKU-1168,2026-03-24,22,0,0
R04,SKU-1168,2026-03-25,23,0,1
R04,SKU-1168,03/26/2026,21,0,0
R04,SKU-1168,2026-03-27,12,0,0
R04,SKU-1168,2026-03-28,18,0,0
R04,SKU-1168,29-Mar-26,31,0,0
R04,SKU-1168,03/30/2026,24,0,0
R04,SKU-1168,31-Mar-26,20,1,0
R04,SKU-1105,2026-03-01,7,0,1
R04,SKU-1105,2026-03-02,8,0,0
R04,SKU-1105,2026-03-03,7,0,0
R04,SKU-1105,2026-03-04,8,0,1
R04,SKU-1105,2026-03-05,12,0,1
R04,SKU-1105,2026-03-06,8,0,0
R04,SKU-1105,2026-03-07,9,0,0
R04,SKU-1105,2026-03-08,6,0,0
R04,SKU-1105,2026-03-09,9,0,0
R04,SKU-1105,2026-03-10,8,0,0
R04,SKU-1105,11-Mar-26,9,0,0
R04,SKU-1105,12-Mar-26,10,1,0
R04,SKU-1105,03/13/2026,11,0,1
R04,SKU-1105,2026-03-14,9,0,0
R04,SKU-1105,2026-03-15,5,0,0
R04,SKU-1105,2026-03-16,7,0,0
R04,SKU-1105,03/17/2026,5,0,0
R04,SKU-1105,18-Mar-26,6,1,0
R04,SKU-1105,2026-03-19,7,0,0
R04,SKU-1105,2026-03-20,13,0,0
R04,SKU-1105,2026-03-21,7,0,0
R04,SKU-1105,22-Mar-26,8,0,0
R04,SKU-1105,2026-03-23,5,0,0
R04,SKU-1105,03/24/2026,14,0,0
R04,SKU-1105,2026-03-25,13,0,0
R04,SKU-1105,03/26/2026,6,0,0
R04,SKU-1105,2026-03-27,5,0,0
R04,SKU-1105,2026-03-28,7,1,0
R04,SKU-1105,29-Mar-26,10,1,0
R04,SKU-1105,30-Mar-26,6,0,0
R04,SKU-1105,2026-03-31,7,0,1
R04,SKU-1161,2026-03-01,18,0,0
R04,SKU-1161,2026-03-02,18,2,0
R04,SKU-1161,03-Mar-26,10,0,0
R04,SKU-1161,04-Mar-26,9,0,0
R04,SKU-1161,2026-03-05,15,1,0
R04,SKU-1161,06-Mar-26,12,0,0
R04,SKU-1161,2026-03-07,14,1,0
R04,SKU-1161,03/08/2026,16,0,0
R04,SKU-1161,2026-03-09,9,0,0
R04,SKU-1161,10-Mar-26,19,0,0
R04,SKU-1161,11-Mar-26,15,1,1
R04,SKU-1161,2026-03-12,15,0,0
R04,SKU-1161,2026-03-13,18,0,0
R04,SKU-1161,03/14/2026,18,1,0
R04,SKU-1161,2026-03-15,17,1,0
R04,SKU-1161,2026-03-16,17,0,0
R04,SKU-1161,2026-03-17,13,0,0
R04,SKU-1161,2026-03-18,15,0,0
R04,SKU-1161,2026-03-19,17,0,0
R04,SKU-1161,20-Mar-26,9,0,0
R04,SKU-1161,03/21/2026,22,0,0
R04,SKU-1161,2026-03-22,15,1,0
R04,SKU-1161,03/23/2026,15,0,0
R04,SKU-1161,03/24/2026,15,0,0
R04,SKU-1161,03/25/2026,14,0,0
R04,SKU-1161,2026-03-26,14,1,0
R04,SKU-1161,03/27/2026,16,0,0
R04,SKU-1161,28-Mar-26,18,2,1
R04,SKU-1161,29-Mar-26,12,1,0
R04,SKU-1161,03/30/2026,17,0,0
R04,SKU-1161,2026-03-31,14,1,0
R04,SKU-1112,2026-03-01,11,1,0
R04,SKU-1112,2026-03-02,5,0,0
R04,SKU-1112,03/03/2026,13,0,1
R04,SKU-1112,04-Mar-26,5,1,0
R04,SKU-1112,03/05/2026,12,0,0
R04,SKU-1112,2026-03-06,7,0,0
R04,SKU-1112,2026-03-07,10,0,0
R04,SKU-1112,2026-03-08,12,0,0
R04,SKU-1112,2026-03-09,11,0,0
R04,SKU-1112,2026-03-10,5,1,0
R04,SKU-1112,2026-03-11,8,0,0
R04,SKU-1112,03/12/2026,5,0,0
R04,SKU-1112,2026-03-13,7,0,0
R04,SKU-1112,14-Mar-26,10,1,0
R04,SKU-1112,2026-03-15,5,0,0
R04,SKU-1112,03/16/2026,3,0,0
R04,SKU-1112,2026-03-17,4,0,0
R04,SKU-1112,2026-03-18,9,0,0
R04,SKU-1112,2026-03-19,10,0,0
R04,SKU-1112,20-Mar-26,6,0,0
R04,SKU-1112,03/21/2026,2,0,0
R04,SKU-1112,2026-03-22,3,1,0
R04,SKU-1112,2026-03-23,5,0,0
R04,SKU-1112,2026-03-24,8,0,0
R04,SKU-1112,2026-03-25,8,0,0
R04,SKU-1112,2026-03-26,18,1,0
R04,SKU-1112,2026-03-27,9,0,0
R04,SKU-1112,2026-03-28,5,0,0
R04,SKU-1112,03/29/2026,6,2,0
R04,SKU-1112,2026-03-30,10,0,0
R04,SKU-1112,2026-03-31,12,0,1
R05,SKU-1112,03/01/2026,24,0,1
R05,SKU-1112,03/02/2026,25,0,0
R05,SKU-1112,03/03/2026,23,1,0
R05,SKU-1112,2026-03-04,13,0,0
R05,SKU-1112,03/05/2026,31,1,0
R05,SKU-1112,2026-03-06,31,0,0
R05,SKU-1112,03/07/2026,18,0,0
R05,SKU-1112,2026-03-08,24,0,1
R05,SKU-1112,2026-03-09,22,0,0
R05,SKU-1112,2026-03-10,25,0,1
R05,SKU-1112,2026-03-11,18,0,0
R05,SKU-1112,12-Mar-26,25,0,0
R05,SKU-1112,2026-03-13,18,0,0
R05,SKU-1112,2026-03-14,19,0,1
R05,SKU-1112,2026-03-15,13,1,0
R05,SKU-1112,16-Mar-26,25,0,0
R05,SKU-1112,17-Mar-26,19,1,0
R05,SKU-1112,2026-03-18,24,3,0
R05,SKU-1112,19-Mar-26,20,1,0
R05,SKU-1112,2026-03-20,23,0,0
R05,SKU-1112,2026-03-21,22,0,0
R05,SKU-1112,2026-03-22,17,0,0
R05,SKU-1112,2026-03-23,27,0,0
R05,SKU-1112,2026-03-24,19,0,0
R05,SKU-1112,03/25/2026,26,0,0
R05,SKU-1112,2026-03-26,22,2,1
R05,SKU-1112,2026-03-27,21,0,0
R05,SKU-1112,2026-03-28,24,0,0
R05,SKU-1112,2026-03-29,23,0,0
R05,SKU-1112,2026-03-30,31,0,0
R05,SKU-1112,2026-03-31,15,0,0
R05,SKU-1133,01-Mar-26,33,0,0
R05,SKU-1133,2026-03-02,23,0,0
R05,SKU-1133,2026-03-03,20,1,0
R05,SKU-1133,2026-03-04,23,0,0
R05,SKU-1133,03/05/2026,25,0,0
R05,SKU-1133,2026-03-06,24,0,0
R05,SKU-1133,2026-03-07,19,0,0
R05,SKU-1133,03/08/2026,34,1,0
R05,SKU-1133,2026-03-09,35,0,0
R05,SKU-1133,2026-03-10,27,0,0
R05,SKU-1133,2026-03-11,28,1,1
R05,SKU-1133,2026-03-12,27,0,0
R05,SKU-1133,03/13/2026,33,1,1
R05,SKU-1133,03/14/2026,26,1,0
R05,SKU-1133,03/15/2026,29,0,0
R05,SKU-1133,2026-03-16,26,0,1
R05,SKU-1133,2026-03-17,24,0,0
R05,SKU-1133,2026-03-18,18,0,0
R05,SKU-1133,2026-03-19,36,0,0
R05,SKU-1133,2026-03-20,29,0,0
R05,SKU-1133,2026-03-21,25,0,0
R05,SKU-1133,22-Mar-26,25,0,0
R05,SKU-1133,03/23/2026,26,0,1
R05,SKU-1133,03/24/2026,31,0,0
R05,SKU-1133,2026-03-25,34,0,0
R05,SKU-1133,2026-03-26,18,0,1
R05,SKU-1133,2026-03-27,26,0,0
R05,SKU-1133,2026-03-28,31,0,0
R05,SKU-1133,29-Mar-26,26,0,0
R05,SKU-1133,2026-03-30,37,0,0
R05,SKU-1133,2026-03-31,29,1,0
R05,SKU-1028,2026-03-01,6,0,0
R05,SKU-1028,2026-03-02,6,0,0
R05,SKU-1028,2026-03-03,7,1,0
R05,SKU-1028,2026-03-04,6,1,0
R05,SKU-1028,2026-03-05,5,1,0
R05,SKU-1028,03/06/2026,5,1,1
R05,SKU-1028,07-Mar-26,10,0,0
R05,SKU-1028,03/08/2026,6,0,0
R05,SKU-1028,2026-03-09,8,0,0
R05,SKU-1028,2026-03-10,6,0,0
R05,SKU-1028,2026-03-11,6,0,0
R05,SKU-1028,03/12/2026,7,0,0
R05,SKU-1028,2026-03-13,4,1,0
R05,SKU-1028,14-Mar-26,1,0,0
R05,SKU-1028,15-Mar-26,10,0,0
R05,SKU-1028,03/16/2026,3,0,0
R05,SKU-1028,2026-03-17,6,0,0
R05,SKU-1028,03/18/2026,6,0,1
R05,SKU-1028,2026-03-19,4,0,0
R05,SKU-1028,20-Mar-26,5,0,0
R05,SKU-1028,21-Mar-26,7,0,0
R05,SKU-1028,2026-03-22,9,1,0
R05,SKU-1028,2026-03-23,7,0,0
R05,SKU-1028,03/24/2026,5,1,0
R05,SKU-1028,2026-03-25,7,0,0
R05,SKU-1028,2026-03-26,4,0,0
R05,SKU-1028,2026-03-27,6,0,0
R05,SKU-1028,2026-03-28,10,1,0
R05,SKU-1028,2026-03-29,4,0,0
R05,SKU-1028,2026-03-30,5,0,0
R05,SKU-1028,31-Mar-26,6,0,1
R05,SKU-1126,03/01/2026,16,0,0
R05,SKU-1126,2026-03-02,13,2,0
R05,SKU-1126,03-Mar-26,20,1,0
R05,SKU-1126,2026-03-04,23,0,0
R05,SKU-1126,2026-03-05,20,0,0
R05,SKU-1126,2026-03-06,15,0,1
R05,SKU-1126,2026-03-07,14,0,0
R05,SKU-1126,2026-03-08,12,0,1
R05,SKU-1126,2026-03-09,19,0,0
R05,SKU-1126,2026-03-10,20,1,0
R05,SKU-1126,2026-03-11,17,0,0
R05,SKU-1126,2026-03-12,21,1,0
R05,SKU-1126,2026-03-13,16,1,0
R05,SKU-1126,2026-03-14,12,0,0
R05,SKU-1126,2026-03-15,13,0,0
R05,SKU-1126,2026-03-16,19,0,0
R05,SKU-1126,17-Mar-26,6,1,0
R05,SKU-1126,18-Mar-26,13,0,1
R05,SKU-1126,2026-03-19,18,0,0
R05,SKU-1126,03/20/2026,15,0,1
R05,SKU-1126,03/21/2026,15,4,0
R05,SKU-1126,2026-03-22,21,0,0
R05,SKU-1126,23-Mar-26,18,0,0
R05,SKU-1126,2026-03-24,7,1,0
R05,SKU-1126,2026-03-25,18,0,0
R05,SKU-1126,26-Mar-26,14,0,0
R05,SKU-1126,2026-03-27,16,0,0
R05,SKU-1126,03/28/2026,16,0,0
R05,SKU-1126,2026-03-29,17,0,0
R05,SKU-1126,2026-03-30,20,0,0
R05,SKU-1126,03/31/2026,22,0,0
R05,SKU-1077,03/01/2026,23,0,0
R05,SKU-1077,03/02/2026,24,2,0
R05,SKU-1077,03/03/2026,25,0,0
R05,SKU-1077,2026-03-04,23,2,1
R05,SKU-1077,03/05/2026,18,0,1
R05,SKU-1077,2026-03-06,31,0,0
R05,SKU-1077,2026-03-07,21,0,0
R05,SKU-1077,2026-03-08,11,0,0
R05,SKU-1077,09-Mar-26,29,0,0
R05,SKU-1077,03/10/2026,20,0,0
R05,SKU-1077,2026-03-11,28,0,1
R05,SKU-1077,2026-03-12,21,1,0
R05,SKU-1077,03/13/2026,32,1,0
R05,SKU-1077,14-Mar-26,22,0,0
R05,SKU-1077,03/15/2026,27,0,0
R05,SKU-1077,2026-03-16,23,1,0
R05,SKU-1077,2026-03-17,21,0,0
R05,SKU-1077,03/18/2026,15,0,0
R05,SKU-1077,2026-03-19,16,3,1
R05,SKU-1077,03/20/2026,24,1,0
R05,SKU-1077,2026-03-21,22,0,0
R05,SKU-1077,03/22/2026,19,0,0
R05,SKU-1077,2026-03-23,31,1,1
R05,SKU-1077,03/24/2026,22,0,0
R05,SKU-1077,2026-03-25,20,1,0
R05,SKU-1077,2026-03-26,30,1,0
R05,SKU-1077,2026-03-27,23,0,0
R05,SKU-1077,2026-03-28,31,2,0
R05,SKU-1077,03/29/2026,23,0,0
R05,SKU-1077,30-Mar-26,16,0,0
R05,SKU-1077,2026-03-31,27,0,0
R05,SKU-1196,2026-03-01,27,0,0
R05,SKU-1196,02-Mar-26,24,1,0
R05,SKU-1196,2026-03-03,28,2,0
R05,SKU-1196,2026-03-04,24,0,0
R05,SKU-1196,2026-03-05,31,0,0
R05,SKU-1196,03/06/2026,30,0,0
R05,SKU-1196,2026-03-07,26,0,0
R05,SKU-1196,03/08/2026,24,0,0
R05,SKU-1196,2026-03-09,28,0,0
R05,SKU-1196,03/10/2026,34,0,0
R05,SKU-1196,03/11/2026,35,0,0
R05,SKU-1196,03/12/2026,27,0,0
R05,SKU-1196,2026-03-13,29,1,0
R05,SKU-1196,2026-03-14,38,0,1
R05,SKU-1196,2026-03-15,31,0,0
R05,SKU-1196,2026-03-16,25,1,0
R05,SKU-1196,03/17/2026,30,0,0
R05,SKU-1196,18-Mar-26,30,0,0
R05,SKU-1196,03/19/2026,27,0,0
R05,SKU-1196,2026-03-20,31,0,0
R05,SKU-1196,2026-03-21,19,0,0
R05,SKU-1196,22-Mar-26,34,0,1
R05,SKU-1196,03/23/2026,47,1,1
R05,SKU-1196,2026-03-24,29,0,0
R05,SKU-1196,2026-03-25,21,0,0
R05,SKU-1196,26-Mar-26,31,0,0
R05,SKU-1196,2026-03-27,35,0,0
R05,SKU-1196,2026-03-28,26,0,0
R05,SKU-1196,2026-03-29,32,1,0
R05,SKU-1196,2026-03-30,30,0,0
R05,SKU-1196,2026-03-31,30,0,0
R05,SKU-1056,2026-03-01,25,0,0
R05,SKU-1056,03/02/2026,25,0,0
R05,SKU-1056,2026-03-03,26,1,0
R05,SKU-1056,04-Mar-26,29,1,0
R05,SKU-1056,2026-03-05,18,0,0
R05,SKU-1056,2026-03-06,23,1,0
R05,SKU-1056,03/07/2026,24,1,0
R05,SKU-1056,2026-03-08,27,1,0
R05,SKU-1056,2026-03-09,29,1,0
R05,SKU-1056,2026-03-10,32,0,0
R05,SKU-1056,2026-03-11,20,0,0
R05,SKU-1056,12-Mar-26,27,0,0
R05,SKU-1056,13-Mar-26,24,0,0
R05,SKU-1056,2026-03-14,29,1,0
R05,SKU-1056,2026-03-15,29,0,0
R05,SKU-1056,2026-03-16,27,1,0
R05,SKU-1056,2026-03-17,24,0,0
R05,SKU-1056,2026-03-18,23,0,0
R05,SKU-1056,03/19/2026,23,1,0
R05,SKU-1056,20-Mar-26,26,0,0
R05,SKU-1056,2026-03-21,27,0,0
R05,SKU-1056,2026-03-22,28,1,0
R05,SKU-1056,03/23/2026,30,0,0
R05,SKU-1056,2026-03-24,26,1,0
R05,SKU-1056,03/25/2026,33,0,0
R05,SKU-1056,03/26/2026,29,0,1
R05,SKU-1056,03/27/2026,23,0,0
R05,SKU-1056,2026-03-28,19,1,0
R05,SKU-1056,2026-03-29,31,1,0
R05,SKU-1056,2026-03-30,33,2,0
R05,SKU-1056,31-Mar-26,24,0,1
R05,SKU-1280,2026-03-01,13,0,0
R05,SKU-1280,2026-03-02,9,0,1
R05,SKU-1280,03/03/2026,18,0,1
R05,SKU-1280,2026-03-04,15,0,0
R05,SKU-1280,2026-03-05,9,0,0
R05,SKU-1280,03/06/2026,12,0,0
R05,SKU-1280,2026-03-07,17,0,0
R05,SKU-1280,2026-03-08,8,2,0
R05,SKU-1280,03/09/2026,15,0,0
R05,SKU-1280,2026-03-10,12,0,1
R05,SKU-1280,11-Mar-26,10,1,0
R05,SKU-1280,03/12/2026,11,0,0
R05,SKU-1280,03/13/2026,14,1,1
R05,SKU-1280,14-Mar-26,11,0,0
R05,SKU-1280,2026-03-15,14,0,0
R05,SKU-1280,2026-03-16,17,1,0
R05,SKU-1280,2026-03-17,12,0,0
R05,SKU-1280,2026-03-18,12,2,0
R05,SKU-1280,2026-03-19,10,0,0
R05,SKU-1280,2026-03-20,19,0,0
R05,SKU-1280,03/21/2026,10,1,0
R05,SKU-1280,03/22/2026,11,0,0
R05,SKU-1280,03/23/2026,10,0,0
R05,SKU-1280,2026-03-24,13,0,0
R05,SKU-1280,2026-03-25,10,1,0
R05,SKU-1280,2026-03-26,12,1,0
R05,SKU-1280,2026-03-27,20,0,0
R05,SKU-1280,28-Mar-26,8,0,0
R05,SKU-1280,03/29/2026,11,1,0
R05,SKU-1280,2026-03-30,13,0,0
R05,SKU-1280,2026-03-31,17,0,0
R05,SKU-1147,01-Mar-26,4,1,0
R05,SKU-1147,2026-03-02,7,0,0
R05,SKU-1147,03/03/2026,5,1,0
R05,SKU-1147,2026-03-04,8,1,0
R05,SKU-1147,03/05/2026,5,1,0
R05,SKU-1147,2026-03-06,5,0,0
R05,SKU-1147,2026-03-07,10,0,0
R05,SKU-1147,2026-03-08,6,1,0
R05,SKU-1147,2026-03-09,4,1,0
R05,SKU-1147,03/10/2026,10,1,0
R05,SKU-1147,2026-03-11,3,0,0
R05,SKU-1147,2026-03-12,7,2,0
R05,SKU-1147,2026-03-13,3,0,1
R05,SKU-1147,2026-03-14,5,2,0
R05,SKU-1147,03/15/2026,11,0,0
R05,SKU-1147,03/16/2026,6,0,0
R05,SKU-1147,2026-03-17,4,0,0
R05,SKU-1147,2026-03-18,4,0,0
R05,SKU-1147,03/19/2026,7,1,0
R05,SKU-1147,2026-03-20,7,0,0
R05,SKU-1147,2026-03-21,3,0,1
R05,SKU-1147,03/22/2026,5,0,0
R05,SKU-1147,2026-03-23,8,2,0
R05,SKU-1147,2026-03-24,6,0,0
R05,SKU-1147,2026-03-25,7,1,0
R05,SKU-1147,03/26/2026,6,0,1
R05,SKU-1147,27-Mar-26,5,0,0
R05,SKU-1147,03/28/2026,9,1,0
R05,SKU-1147,2026-03-29,8,2,0
R05,SKU-1147,03/30/2026,5,1,0
R05,SKU-1147,2026-03-31,2,0,0
R05,SKU-1273,2026-03-01,15,1,0
R05,SKU-1273,2026-03-02,16,0,0
R05,SKU-1273,2026-03-03,23,2,0
R05,SKU-1273,2026-03-04,25,0,0
R05,SKU-1273,03/05/2026,17,0,0
R05,SKU-1273,03/06/2026,12,0,0
R05,SKU-1273,2026-03-07,21,0,0
R05,SKU-1273,2026-03-08,22,1,0
R05,SKU-1273,2026-03-09,22,0,1
R05,SKU-1273,03/10/2026,23,0,0
R05,SKU-1273,2026-03-11,19,1,0
R05,SKU-1273,12-Mar-26,28,0,0
R05,SKU-1273,2026-03-13,22,0,0
R05,SKU-1273,03/14/2026,22,1,0
R05,SKU-1273,2026-03-15,21,0,0
R05,SKU-1273,03/16/2026,21,1,0
R05,SKU-1273,2026-03-17,25,0,0
R05,SKU-1273,2026-03-18,20,1,0
R05,SKU-1273,03/19/2026,20,0,1
R05,SKU-1273,2026-03-20,28,0,0
R05,SKU-1273,2026-03-21,33,0,0
R05,SKU-1273,03/22/2026,12,0,0
R05,SKU-1273,2026-03-23,27,1,0
R05,SKU-1273,24-Mar-26,30,1,0
R05,SKU-1273,2026-03-25,23,1,0
R05,SKU-1273,2026-03-26,29,0,0
R05,SKU-1273,2026-03-27,24,0,0
R05,SKU-1273,03/28/2026,25,0,0
R05,SKU-1273,2026-03-29,22,0,0
R05,SKU-1273,03/30/2026,32,0,0
R05,SKU-1273,2026-03-31,18,0,0
R05,SKU-1105,2026-03-01,12,0,1
R05,SKU-1105,02-Mar-26,19,0,0
R05,SKU-1105,2026-03-03,10,1,0
R05,SKU-1105,04-Mar-26,15,0,0
R05,SKU-1105,2026-03-05,11,1,0
R05,SKU-1105,2026-03-06,16,0,0
R05,SKU-1105,03/07/2026,13,0,0
R05,SKU-1105,2026-03-08,16,2,0
R05,SKU-1105,2026-03-09,16,0,0
R05,SKU-1105,2026-03-10,14,0,1
R05,SKU-1105,03/11/2026,16,2,0
R05,SKU-1105,2026-03-12,10,0,0
R05,SKU-1105,2026-03-13,19,0,0
R05,SKU-1105,2026-03-14,10,0,0
R05,SKU-1105,2026-03-15,11,0,0
R05,SKU-1105,16-Mar-26,9,1,0
R05,SKU-1105,03/17/2026,15,0,0
R05,SKU-1105,2026-03-18,14,0,0
R05,SKU-1105,03/19/2026,12,0,1
R05,SKU-1105,2026-03-20,18,0,0
R05,SKU-1105,03/21/2026,12,0,0
R05,SKU-1105,03/22/2026,19,0,0
R05,SKU-1105,23-Mar-26,17,0,0
R05,SKU-1105,2026-03-24,19,1,0
R05,SKU-1105,2026-03-25,13,0,0
R05,SKU-1105,2026-03-26,15,0,1
R05,SKU-1105,03/27/2026,9,0,0
R05,SKU-1105,28-Mar-26,15,1,0
R05,SKU-1105,29-Mar-26,19,1,0
R05,SKU-1105,2026-03-30,17,0,1
R05,SKU-1105,03/31/2026,14,1,0
R05,SKU-1007,2026-03-01,23,0,1
R05,SKU-1007,2026-03-02,29,1,1
R05,SKU-1007,2026-03-03,15,0,0
R05,SKU-1007,2026-03-04,22,0,0
R05,SKU-1007,03/05/2026,18,1,0
R05,SKU-1007,03/06/2026,20,0,0
R05,SKU-1007,03/07/2026,25,1,0
R05,SKU-1007,2026-03-08,19,0,1
R05,SKU-1007,2026-03-09,23,1,0
R05,SKU-1007,2026-03-10,28,1,0
R05,SKU-1007,2026-03-11,21,1,0
R05,SKU-1007,2026-03-12,24,0,0
R05,SKU-1007,2026-03-13,25,2,0
R05,SKU-1007,2026-03-14,19,0,0
R05,SKU-1007,2026-03-15,21,1,0
R05,SKU-1007,2026-03-16,18,0,0
R05,SKU-1007,2026-03-17,23,0,1
R05,SKU-1007,2026-03-18,18,1,0
R05,SKU-1007,2026-03-19,17,0,0
R05,SKU-1007,20-Mar-26,21,0,0
R05,SKU-1007,21-Mar-26,20,0,0
R05,SKU-1007,03/22/2026,19,1,0
R05,SKU-1007,03/23/2026,27,0,0
R05,SKU-1007,03/24/2026,20,2,1
R05,SKU-1007,2026-03-25,24,0,0
R05,SKU-1007,2026-03-26,17,0,0
R05,SKU-1007,27-Mar-26,22,0,0
R05,SKU-1007,03/28/2026,32,0,0
R05,SKU-1007,29-Mar-26,20,1,0
R05,SKU-1007,2026-03-30,19,1,0
R05,SKU-1007,2026-03-31,22,1,0
R05,SKU-1098,2026-03-01,37,0,0
R05,SKU-1098,03/02/2026,28,1,0
R05,SKU-1098,03-Mar-26,27,1,0
R05,SKU-1098,2026-03-04,31,0,0
R05,SKU-1098,03/05/2026,36,0,0
R05,SKU-1098,03/06/2026,39,0,0
R05,SKU-1098,07-Mar-26,31,2,0
R05,SKU-1098,2026-03-08,39,0,0
R05,SKU-1098,09-Mar-26,23,0,1
R05,SKU-1098,2026-03-10,29,2,0
R05,SKU-1098,2026-03-11,36,0,0
R05,SKU-1098,2026-03-12,31,0,0
R05,SKU-1098,03/13/2026,25,0,0
R05,SKU-1098,2026-03-14,29,1,0
R05,SKU-1098,15-Mar-26,31,2,0
R05,SKU-1098,2026-03-16,34,0,0
R05,SKU-1098,17-Mar-26,38,0,0
R05,SKU-1098,2026-03-18,28,0,0
R05,SKU-1098,2026-03-19,34,0,0
R05,SKU-1098,2026-03-20,29,1,0
R05,SKU-1098,2026-03-21,36,0,0
R05,SKU-1098,22-Mar-26,29,1,0
R05,SKU-1098,2026-03-23,25,0,0
R05,SKU-1098,2026-03-24,27,0,0
R05,SKU-1098,25-Mar-26,42,0,1
R05,SKU-1098,2026-03-26,26,0,0
R05,SKU-1098,27-Mar-26,28,0,0
R05,SKU-1098,03/28/2026,32,0,1
R05,SKU-1098,2026-03-29,21,0,0
R05,SKU-1098,30-Mar-26,38,1,0
R05,SKU-1098,03/31/2026,29,1,0
R05,SKU-1035,2026-03-01,6,0,0
R05,SKU-1035,2026-03-02,6,0,0
R05,SKU-1035,03-Mar-26,4,0,0
R05,SKU-1035,2026-03-04,4,0,0
R05,SKU-1035,2026-03-05,6,1,0
R05,SKU-1035,06-Mar-26,5,0,0
R05,SKU-1035,2026-03-07,12,0,1
R05,SKU-1035,2026-03-08,8,0,0
R05,SKU-1035,03/09/2026,2,1,0
R05,SKU-1035,2026-03-10,5,0,0
R05,SKU-1035,2026-03-11,11,1,0
R05,SKU-1035,03/12/2026,8,0,0
R05,SKU-1035,2026-03-13,9,0,0
R05,SKU-1035,03/14/2026,5,0,0
R05,SKU-1035,2026-03-15,11,0,0
R05,SKU-1035,16-Mar-26,6,0,0
R05,SKU-1035,03/17/2026,5,0,0
R05,SKU-1035,2026-03-18,7,1,0
R05,SKU-1035,2026-03-19,7,0,1
R05,SKU-1035,2026-03-20,6,0,1
R05,SKU-1035,03/21/2026,4,0,0
R05,SKU-1035,03/22/2026,5,1,0
R05,SKU-1035,2026-03-23,8,0,0
R05,SKU-1035,03/24/2026,5,0,0
R05,SKU-1035,25-Mar-26,5,0,0
R05,SKU-1035,2026-03-26,10,0,0
R05,SKU-1035,2026-03-27,9,0,0
R05,SKU-1035,2026-03-28,3,1,0
R05,SKU-1035,03/29/2026,8,0,0
R05,SKU-1035,03/30/2026,9,0,0
R05,SKU-1035,2026-03-31,3,1,0
R05,SKU-1014,01-Mar-26,16,0,0
R05,SKU-1014,2026-03-02,12,0,0
R05,SKU-1014,03/03/2026,10,1,0
R05,SKU-1014,2026-03-04,16,0,0
R05,SKU-1014,2026-03-05,19,0,0
R05,SKU-1014,06-Mar-26,15,0,0
R05,SKU-1014,2026-03-07,11,0,1
R05,SKU-1014,2026-03-08,15,1,0
R05,SKU-1014,03/09/2026,11,1,1
R05,SKU-1014,03/10/2026,17,1,0
R05,SKU-1014,2026-03-11,15,0,0
R05,SKU-1014,2026-03-12,12,0,0
R05,SKU-1014,2026-03-13,9,1,0
R05,SKU-1014,03/14/2026,14,0,0
R05,SKU-1014,2026-03-15,17,1,0
R05,SKU-1014,03/16/2026,15,0,0
R05,SKU-1014,03/17/2026,16,0,0
R05,SKU-1014,2026-03-18,11,0,0
R05,SKU-1014,2026-03-19,13,0,0
R05,SKU-1014,2026-03-20,14,0,0
R05,SKU-1014,2026-03-21,17,0,0
R05,SKU-1014,2026-03-22,12,1,0
R05,SKU-1014,03/23/2026,15,0,0
R05,SKU-1014,24-Mar-26,15,0,0
R05,SKU-1014,03/25/2026,12,1,0
R05,SKU-1014,2026-03-26,13,0,0
R05,SKU-1014,2026-03-27,13,1,0
R05,SKU-1014,03/28/2026,16,0,0
R05,SKU-1014,2026-03-29,11,0,0
R05,SKU-1014,03/30/2026,14,1,0
R05,SKU-1014,03/31/2026,13,0,0
R05,SKU-1091,03/01/2026,9,0,0
R05,SKU-1091,03/02/2026,4,0,0
R05,SKU-1091,2026-03-03,3,0,0
R05,SKU-1091,2026-03-04,5,1,0
R05,SKU-1091,03/05/2026,6,0,0
R05,SKU-1091,03/06/2026,3,0,0
R05,SKU-1091,2026-03-07,9,1,0
R05,SKU-1091,2026-03-08,11,0,0
R05,SKU-1091,2026-03-09,10,1,0
R05,SKU-1091,03/10/2026,12,0,0
R05,SKU-1091,2026-03-11,8,1,0
R05,SKU-1091,2026-03-12,6,0,0
R05,SKU-1091,2026-03-13,3,0,0
R05,SKU-1091,2026-03-14,7,0,0
R05,SKU-1091,15-Mar-26,8,0,0
R05,SKU-1091,2026-03-16,8,1,0
R05,SKU-1091,03/17/2026,7,0,1
R05,SKU-1091,2026-03-18,10,0,0
R05,SKU-1091,2026-03-19,5,0,0
R05,SKU-1091,03/20/2026,11,0,0
R05,SKU-1091,2026-03-21,10,0,0
R05,SKU-1091,2026-03-22,5,0,0
R05,SKU-1091,03/23/2026,11,0,0
R05,SKU-1091,03/24/2026,9,1,0
R05,SKU-1091,03/25/2026,11,0,0
R05,SKU-1091,2026-03-26,11,1,0
R05,SKU-1091,27-Mar-26,8,0,0
R05,SKU-1091,2026-03-28,16,0,0
R05,SKU-1091,2026-03-29,9,0,0
R05,SKU-1091,2026-03-30,9,0,0
R05,SKU-1091,03/31/2026,6,0,0
R05,SKU-1182,2026-03-01,19,0,0
R05,SKU-1182,2026-03-02,21,0,0
R05,SKU-1182,2026-03-03,22,1,0
R05,SKU-1182,03/04/2026,14,0,0
R05,SKU-1182,2026-03-05,27,1,1
R05,SKU-1182,2026-03-06,16,1,1
R05,SKU-1182,2026-03-07,22,0,0
R05,SKU-1182,2026-03-08,20,0,0
R05,SKU-1182,09-Mar-26,16,0,0
R05,SKU-1182,2026-03-10,20,1,0
R05,SKU-1182,03/11/2026,10,0,0
R05,SKU-1182,2026-03-12,15,0,0
R05,SKU-1182,2026-03-13,11,0,0
R05,SKU-1182,2026-03-14,17,0,0
R05,SKU-1182,03/15/2026,13,1,1
R05,SKU-1182,2026-03-16,18,0,0
R05,SKU-1182,2026-03-17,15,0,1
R05,SKU-1182,03/18/2026,20,0,0
R05,SKU-1182,03/19/2026,18,0,0
R05,SKU-1182,2026-03-20,20,0,0
R05,SKU-1182,2026-03-21,13,0,0
R05,SKU-1182,2026-03-22,15,0,0
R05,SKU-1182,2026-03-23,11,1,0
R05,SKU-1182,03/24/2026,12,0,0
R05,SKU-1182,03/25/2026,13,0,0
R05,SKU-1182,26-Mar-26,16,1,0
R05,SKU-1182,2026-03-27,20,0,0
R05,SKU-1182,2026-03-28,26,1,0
R05,SKU-1182,03/29/2026,14,2,0
R05,SKU-1182,30-Mar-26,17,1,0
R05,SKU-1182,2026-03-31,15,1,0
R05,SKU-1042,2026-03-01,17,0,0
R05,SKU-1042,2026-03-02,29,0,0
R05,SKU-1042,03/03/2026,21,0,0
R05,SKU-1042,2026-03-04,18,1,1
R05,SKU-1042,2026-03-05,21,1,0
R05,SKU-1042,2026-03-06,13,0,0
R05,SKU-1042,2026-03-07,13,0,0
R05,SKU-1042,2026-03-08,18,0,0
R05,SKU-1042,03/09/2026,19,0,0
R05,SKU-1042,03/10/2026,17,0,0
R05,SKU-1042,11-Mar-26,17,0,0
R05,SKU-1042,03/12/2026,21,0,0
R05,SKU-1042,2026-03-13,18,1,0
R05,SKU-1042,2026-03-14,18,0,0
R05,SKU-1042,2026-03-15,21,0,0
R05,SKU-1042,2026-03-16,19,0,0
R05,SKU-1042,17-Mar-26,24,1,0
R05,SKU-1042,2026-03-18,20,0,0
R05,SKU-1042,2026-03-19,30,1,0
R05,SKU-1042,2026-03-20,25,0,0
R05,SKU-1042,03/21/2026,17,0,0
R05,SKU-1042,2026-03-22,21,0,1
R05,SKU-1042,2026-03-23,17,0,0
R05,SKU-1042,2026-03-24,13,0,1
R05,SKU-1042,03/25/2026,14,1,0
R05,SKU-1042,2026-03-26,16,0,0
R05,SKU-1042,2026-03-27,25,0,0
R05,SKU-1042,2026-03-28,22,0,0
R05,SKU-1042,2026-03-29,22,0,0
R05,SKU-1042,2026-03-30,21,0,0
R05,SKU-1042,2026-03-31,15,0,0
R05,SKU-1140,01-Mar-26,17,0,0
R05,SKU-1140,02-Mar-26,15,1,0
R05,SKU-1140,03/03/2026,9,0,0
R05,SKU-1140,2026-03-04,19,1,0
R05,SKU-1140,2026-03-05,12,2,0
R05,SKU-1140,03/06/2026,16,0,0
R05,SKU-1140,07-Mar-26,22,0,0
R05,SKU-1140,08-Mar-26,12,1,0
R05,SKU-1140,2026-03-09,9,0,0
R05,SKU-1140,03/10/2026,13,0,0
R05,SKU-1140,2026-03-11,10,0,0
R05,SKU-1140,12-Mar-26,12,1,0
R05,SKU-1140,13-Mar-26,11,1,0
R05,SKU-1140,2026-03-14,24,0,0
R05,SKU-1140,03/15/2026,17,2,0
R05,SKU-1140,2026-03-16,25,2,0
R05,SKU-1140,2026-03-17,7,0,0
R05,SKU-1140,2026-03-18,13,0,0
R05,SKU-1140,03/19/2026,17,1,0
R05,SKU-1140,03/20/2026,12,0,0
R05,SKU-1140,2026-03-21,11,0,0
R05,SKU-1140,2026-03-22,13,1,0
R05,SKU-1140,03/23/2026,19,2,0
R05,SKU-1140,2026-03-24,14,0,0
R05,SKU-1140,03/25/2026,20,0,0
R05,SKU-1140,2026-03-26,12,0,0
R05,SKU-1140,03/27/2026,13,1,0
R05,SKU-1140,2026-03-28,11,1,0
R05,SKU-1140,2026-03-29,15,0,0
R05,SKU-1140,2026-03-30,18,0,0
R05,SKU-1140,2026-03-31,14,1,0
R05,SKU-1189,2026-03-01,15,2,1
R05,SKU-1189,03/02/2026,13,2,0
R05,SKU-1189,2026-03-03,9,0,0
R05,SKU-1189,2026-03-04,16,1,0
R05,SKU-1189,03/05/2026,19,0,1
R05,SKU-1189,2026-03-06,17,0,1
R05,SKU-1189,2026-03-07,16,0,0
R05,SKU-1189,2026-03-08,12,0,0
R05,SKU-1189,09-Mar-26,13,0,0
R05,SKU-1189,03/10/2026,10,0,1
R05,SKU-1189,2026-03-11,11,0,0
R05,SKU-1189,2026-03-12,23,0,0
R05,SKU-1189,13-Mar-26,28,0,0
R05,SKU-1189,2026-03-14,11,0,0
R05,SKU-1189,15-Mar-26,10,0,0
R05,SKU-1189,2026-03-16,17,0,1
R05,SKU-1189,2026-03-17,16,0,0
R05,SKU-1189,2026-03-18,16,2,0
R05,SKU-1189,2026-03-19,12,0,0
R05,SKU-1189,2026-03-20,10,1,0
R05,SKU-1189,2026-03-21,16,0,0
R05,SKU-1189,2026-03-22,18,0,0
R05,SKU-1189,2026-03-23,13,0,0
R05,SKU-1189,2026-03-24,16,0,0
R05,SKU-1189,2026-03-25,21,0,0
R05,SKU-1189,03/26/2026,21,0,0
R05,SKU-1189,27-Mar-26,14,0,0
R05,SKU-1189,2026-03-28,13,1,0
R05,SKU-1189,29-Mar-26,11,0,0
R05,SKU-1189,2026-03-30,8,0,0
R05,SKU-1189,03/31/2026,14,0,0
R05,SKU-1084,03/01/2026,16,0,0
R05,SKU-1084,03/02/2026,8,0,0
R05,SKU-1084,2026-03-03,10,1,0
R05,SKU-1084,04-Mar-26,19,0,0
R05,SKU-1084,2026-03-05,15,1,0
R05,SKU-1084,2026-03-06,9,0,0
R05,SKU-1084,07-Mar-26,16,1,0
R05,SKU-1084,2026-03-08,15,0,0
R05,SKU-1084,2026-03-09,12,0,0
R05,SKU-1084,2026-03-10,18,0,0
R05,SKU-1084,03/11/2026,12,0,0
R05,SKU-1084,03/12/2026,14,1,0
R05,SKU-1084,03/13/2026,8,1,0
R05,SKU-1084,03/14/2026,11,0,0
R05,SKU-1084,03/15/2026,11,0,0
R05,SKU-1084,2026-03-16,12,1,0
R05,SKU-1084,03/17/2026,16,1,0
R05,SKU-1084,18-Mar-26,14,4,0
R05,SKU-1084,03/19/2026,19,1,0
R05,SKU-1084,03/20/2026,12,0,0
R05,SKU-1084,2026-03-21,9,1,0
R05,SKU-1084,22-Mar-26,13,1,0
R05,SKU-1084,03/23/2026,19,0,0
R05,SKU-1084,2026-03-24,14,1,0
R05,SKU-1084,03/25/2026,16,0,0
R05,SKU-1084,26-Mar-26,17,0,0
R05,SKU-1084,2026-03-27,12,0,0
R05,SKU-1084,2026-03-28,17,1,0
R05,SKU-1084,03/29/2026,18,0,0
R05,SKU-1084,2026-03-30,7,0,1
R05,SKU-1084,2026-03-31,20,2,0
R05,SKU-1168,03/01/2026,36,0,0
R05,SKU-1168,2026-03-02,31,1,0
R05,SKU-1168,2026-03-03,33,0,0
R05,SKU-1168,04-Mar-26,26,0,0
R05,SKU-1168,03/05/2026,23,1,1
R05,SKU-1168,03/06/2026,33,1,0
R05,SKU-1168,2026-03-07,33,0,0
R05,SKU-1168,2026-03-08,31,0,0
R05,SKU-1168,09-Mar-26,30,1,0
R05,SKU-1168,2026-03-10,21,0,0
R05,SKU-1168,2026-03-11,34,1,0
R05,SKU-1168,12-Mar-26,27,0,0
R05,SKU-1168,2026-03-13,37,2,1
R05,SKU-1168,2026-03-14,34,0,0
R05,SKU-1168,03/15/2026,32,0,0
R05,SKU-1168,2026-03-16,37,0,0
R05,SKU-1168,2026-03-17,35,0,0
R05,SKU-1168,2026-03-18,15,1,0
R05,SKU-1168,2026-03-19,36,0,1
R05,SKU-1168,2026-03-20,30,0,0
R05,SKU-1168,2026-03-21,26,1,0
R05,SKU-1168,2026-03-22,26,0,0
R05,SKU-1168,03/23/2026,30,2,0
R05,SKU-1168,2026-03-24,24,2,0
R05,SKU-1168,2026-03-25,25,1,0
R05,SKU-1168,2026-03-26,22,1,0
R05,SKU-1168,03/27/2026,27,0,0
R05,SKU-1168,2026-03-28,33,0,0
R05,SKU-1168,2026-03-29,30,0,0
R05,SKU-1168,2026-03-30,27,0,0
R05,SKU-1168,2026-03-31,37,0,0
R05,SKU-1175,2026-03-01,41,0,0
R05,SKU-1175,2026-03-02,34,0,0
R05,SKU-1175,2026-03-03,29,0,0
R05,SKU-1175,03/04/2026,25,0,0
R05,SKU-1175,03/05/2026,34,1,0
R05,SKU-1175,03/06/2026,20,1,0
R05,SKU-1175,03/07/2026,26,0,0
R05,SKU-1175,2026-03-08,39,0,0
R05,SKU-1175,03/09/2026,33,0,0
R05,SKU-1175,03/10/2026,38,1,0
R05,SKU-1175,2026-03-11,43,0,0
R05,SKU-1175,12-Mar-26,30,0,0
R05,SKU-1175,2026-03-13,33,0,0
R05,SKU-1175,03/14/2026,34,0,0
R05,SKU-1175,03/15/2026,25,0,0
R05,SKU-1175,2026-03-16,35,0,0
R05,SKU-1175,2026-03-17,37,0,0
R05,SKU-1175,18-Mar-26,26,0,0
R05,SKU-1175,2026-03-19,27,0,1
R05,SKU-1175,03/20/2026,20,0,0
R05,SKU-1175,03/21/2026,31,0,0
R05,SKU-1175,2026-03-22,25,0,0
R05,SKU-1175,2026-03-23,28,0,0
R05,SKU-1175,2026-03-24,34,0,0
R05,SKU-1175,2026-03-25,33,0,0
R05,SKU-1175,2026-03-26,21,0,1
R05,SKU-1175,2026-03-27,31,1,0
R05,SKU-1175,03/28/2026,25,0,0
R05,SKU-1175,2026-03-29,35,2,0
R05,SKU-1175,2026-03-30,22,0,0
R05,SKU-1175,31-Mar-26,42,0,1
R05,SKU-1070,2026-03-01,32,1,0
R05,SKU-1070,2026-03-02,30,0,0
R05,SKU-1070,2026-03-03,34,1,0
R05,SKU-1070,03/04/2026,22,2,0
R05,SKU-1070,2026-03-05,27,1,0
R05,SKU-1070,06-Mar-26,33,1,0
R05,SKU-1070,03/07/2026,32,1,0
R05,SKU-1070,2026-03-08,38,0,0
R05,SKU-1070,2026-03-09,40,0,0
R05,SKU-1070,2026-03-10,41,0,0
R05,SKU-1070,2026-03-11,40,0,0
R05,SKU-1070,12-Mar-26,32,0,0
R05,SKU-1070,2026-03-13,25,1,0
R05,SKU-1070,2026-03-14,33,0,0
R05,SKU-1070,03/15/2026,22,1,0
R05,SKU-1070,2026-03-16,31,1,0
R05,SKU-1070,2026-03-17,36,0,0
R05,SKU-1070,2026-03-18,26,0,0
R05,SKU-1070,19-Mar-26,40,2,0
R05,SKU-1070,2026-03-20,33,0,0
R05,SKU-1070,2026-03-21,35,2,0
R05,SKU-1070,2026-03-22,38,0,0
R05,SKU-1070,2026-03-23,28,0,0
R05,SKU-1070,24-Mar-26,27,0,0
R05,SKU-1070,2026-03-25,28,0,0
R05,SKU-1070,2026-03-26,38,1,0
R05,SKU-1070,27-Mar-26,31,0,0
R05,SKU-1070,2026-03-28,39,0,0
R05,SKU-1070,2026-03-29,28,1,0
R05,SKU-1070,2026-03-30,29,0,0
R05,SKU-1070,2026-03-31,29,0,0
