retailer_id,product_id,sale_date,sold_qty,returns_qty,promo_flag
R01,SKU-1014,2026-04-01,13,0,0
R01,SKU-1014,2026-04-02,5,0,1
R01,SKU-1014,2026-04-03,3,0,0
R01,SKU-1014,04/04/2026,8,0,0
R01,SKU-1014,2026-04-05,6,0,1
R01,SKU-1014,06-Apr-26,8,0,0
R01,SKU-1014,04/07/2026,5,0,0
R01,SKU-1014,08-Apr-26,6,1,0
R01,SKU-1014,2026-04-09,6,0,0
R01,SKU-1014,2026-04-10,11,1,0
R01,SKU-1014,04/11/2026,4,0,0
R01,SKU-1014,2026-04-12,10,0,0
R01,SKU-1014,2026-04-13,12,1,0
R01,SKU-1014,2026-04-14,9,0,0
R01,SKU-1014,2026-04-15,3,0,0
R01,SKU-1014,2026-04-16,8,0,0
R01,SKU-1014,04/17/2026,5,0,0
R01,SKU-1014,2026-04-18,4,0,0
R01,SKU-1014,04/19/2026,6,0,0
R01,SKU-1014,2026-04-20,4,0,1
R01,SKU-1014,2026-04-21,6,0,0
R01,SKU-1014,22-Apr-26,3,1,0
R01,SKU-1014,2026-04-23,11,0,0
R01,SKU-1014,2026-04-24,8,0,0
R01,SKU-1014,04/25/2026,9,1,0
R01,SKU-1014,2026-04-26,9,0,0
R01,SKU-1014,2026-04-27,7,1,0
R01,SKU-1014,2026-04-28,6,0,0
R01,SKU-1014,04/29/2026,7,0,0
R01,SKU-1014,2026-04-30,9,1,0
R01,SKU-1231,2026-04-01,9,0,0
R01,SKU-1231,2026-04-02,14,1,0
R01,SKU-1231,03-Apr-26,11,0,0
R01,SKU-1231,2026-04-04,10,1,0
R01,SKU-1231,2026-04-05,14,0,0
R01,SKU-1231,2026-04-06,16,0,0
R01,SKU-1231,07-Apr-26,6,1,0
R01,SKU-1231,04/08/2026,13,0,0
R01,SKU-1231,2026-04-09,24,0,0
R01,SKU-1231,2026-04-10,7,0,1
R01,SKU-1231,04/11/2026,10,1,0
R01,SKU-1231,04/12/2026,6,0,0
R01,SKU-1231,2026-04-13,11,0,0
R01,SKU-1231,2026-04-14,13,1,1
R01,SKU-1231,2026-04-15,11,0,0
R01,SKU-1231,04/16/2026,6,0,0
R01,SKU-1231,2026-04-17,11,0,0
R01,SKU-1231,2026-04-18,7,0,1
R01,SKU-1231,04/19/2026,6,0,0
R01,SKU-1231,20-Apr-26,10,2,0
R01,SKU-1231,2026-04-21,17,0,0
R01,SKU-1231,2026-04-22,6,0,0
R01,SKU-1231,2026-04-23,10,0,0
R01,SKU-1231,04/24/2026,15,0,1
R01,SKU-1231,04/25/2026,14,0,0
R01,SKU-1231,2026-04-26,12,0,0
R01,SKU-1231,2026-04-27,12,0,0
R01,SKU-1231,2026-04-28,8,0,1
R01,SKU-1231,2026-04-29,12,0,0
R01,SKU-1231,30-Apr-26,12,0,0
R01,SKU-1056,01-Apr-26,14,0,0
R01,SKU-1056,2026-04-02,13,0,0
R01,SKU-1056,2026-04-03,19,0,1
R01,SKU-1056,04/04/2026,6,0,0
R01,SKU-1056,04/05/2026,8,1,0
R01,SKU-1056,06-Apr-26,9,0,0
R01,SKU-1056,07-Apr-26,12,1,0
R01,SKU-1056,2026-04-08,18,0,0
R01,SKU-1056,2026-04-09,9,0,0
R01,SKU-1056,04/10/2026,9,0,1
R01,SKU-1056,2026-04-11,17,1,0
R01,SKU-1056,04/12/2026,17,1,0
R01,SKU-1056,2026-04-13,7,0,0
R01,SKU-1056,2026-04-14,17,0,0
R01,SKU-1056,04/15/2026,9,0,0
R01,SKU-1056,2026-04-16,15,0,0
R01,SKU-1056,04/17/2026,14,0,0
R01,SKU-1056,04/18/2026,16,0,0
R01,SKU-1056,2026-04-19,17,0,0
R01,SKU-1056,2026-04-20,13,1,0
R01,SKU-1056,2026-04-21,15,1,0
R01,SKU-1056,2026-04-22,8,1,0
R01,SKU-1056,23-Apr-26,12,0,0
R01,SKU-1056,04/24/2026,11,1,0
R01,SKU-1056,2026-04-25,8,0,0
R01,SKU-1056,26-Apr-26,23,0,0
R01,SKU-1056,2026-04-27,19,0,0
R01,SKU-1056,28-Apr-26,7,0,0
R01,SKU-1056,2026-04-29,16,1,0
R01,SKU-1056,2026-04-30,12,1,0
R01,SKU-1140,2026-04-01,11,0,0
R01,SKU-1140,2026-04-02,16,0,0
R01,SKU-1140,03-Apr-26,16,0,0
R01,SKU-1140,2026-04-04,12,1,0
R01,SKU-1140,2026-04-05,12,2,0
R01,SKU-1140,2026-04-06,8,0,0
R01,SKU-1140,07-Apr-26,8,0,0
R01,SKU-1140,2026-04-08,7,0,0
R01,SKU-1140,2026-04-09,9,0,0
R01,SKU-1140,04/10/2026,10,0,0
R01,SKU-1140,2026-04-11,15,1,0
R01,SKU-1140,2026-04-12,7,1,0
R01,SKU-1140,2026-04-13,13,0,0
R01,SKU-1140,2026-04-14,13,2,0
R01,SKU-1140,2026-04-15,12,1,0
R01,SKU-1140,2026-04-16,6,0,0
R01,SKU-1140,17-Apr-26,12,0,0
R01,SKU-1140,18-Apr-26,12,1,0
R01,SKU-1140,04/19/2026,13,0,1
R01,SKU-1140,2026-04-20,11,1,0
R01,SKU-1140,2026-04-21,2,1,0
R01,SKU-1140,2026-04-22,12,0,0
R01,SKU-1140,2026-04-23,7,0,0
R01,SKU-1140,2026-04-24,13,0,0
R01,SKU-1140,2026-04-25,12,0,1
R01,SKU-1140,2026-04-26,12,1,0
R01,SKU-1140,2026-04-27,8,1,0
R01,SKU-1140,2026-04-28,8,0,0
R01,SKU-1140,2026-04-29,16,0,0
R01,SKU-1140,2026-04-30,12,0,0
R01,SKU-1189,2026-04-01,6,0,0
R01,SKU-1189,02-Apr-26,12,0,1
R01,SKU-1189,2026-04-03,3,0,0
R01,SKU-1189,04/04/2026,11,0,0
R01,SKU-1189,2026-04-05,8,0,0
R01,SKU-1189,04/06/2026,7,0,0
R01,SKU-1189,2026-04-07,9,1,1
R01,SKU-1189,2026-04-08,7,0,0
R01,SKU-1189,04/09/2026,10,1,0
R01,SKU-1189,2026-04-10,15,0,0
R01,SKU-1189,11-Apr-26,9,0,0
R01,SKU-1189,04/12/2026,11,0,0
R01,SKU-1189,13-Apr-26,10,0,0
R01,SKU-1189,2026-04-14,10,0,0
R01,SKU-1189,2026-04-15,7,0,0
R01,SKU-1189,04/16/2026,11,1,0
R01,SKU-1189,2026-04-17,8,0,0
R01,SKU-1189,2026-04-18,9,0,0
R01,SKU-1189,2026-04-19,9,1,1
R01,SKU-1189,04/20/2026,9,0,0
R01,SKU-1189,04/21/2026,6,0,0
R01,SKU-1189,2026-04-22,6,1,0
R01,SKU-1189,04/23/2026,11,1,0
R01,SKU-1189,2026-04-24,7,1,0
R01,SKU-1189,25-Apr-26,8,0,0
R01,SKU-1189,2026-04-26,13,0,0
R01,SKU-1189,2026-04-27,6,1,0
R01,SKU-1189,04/28/2026,10,0,0
R01,SKU-1189,2026-04-29,4,1,0
R01,SKU-1189,2026-04-30,10,1,0
R01,SKU-1252,2026-04-01,22,0,0
R01,SKU-1252,04/02/2026,30,0,0
R01,SKU-1252,2026-04-03,19,2,0
R01,SKU-1252,2026-04-04,27,1,1
R01,SKU-1252,2026-04-05,22,0,0
R01,SKU-1252,2026-04-06,24,0,0
R01,SKU-1252,2026-04-07,23,0,0
R01,SKU-1252,04/08/2026,23,1,0
R01,SKU-1252,2026-04-09,25,0,0
R01,SKU-1252,04/10/2026,23,0,0
R01,SKU-1252,2026-04-11,30,0,1
R01,SKU-1252,2026-04-12,27,1,0
R01,SKU-1252,04/13/2026,26,0,0
R01,SKU-1252,2026-04-14,26,0,0
R01,SKU-1252,2026-04-15,24,1,0
R01,SKU-1252,16-Apr-26,25,0,0
R01,SKU-1252,17-Apr-26,33,1,0
R01,SKU-1252,04/18/2026,21,0,0
R01,SKU-1252,2026-04-19,24,1,1
R01,SKU-1252,2026-04-20,30,0,0
R01,SKU-1252,21-Apr-26,18,1,0
R01,SKU-1252,2026-04-22,24,0,0
R01,SKU-1252,2026-04-23,30,2,0
R01,SKU-1252,04/24/2026,25,0,0
R01,SKU-1252,2026-04-25,26,1,0
R01,SKU-1252,2026-04-26,24,0,0
R01,SKU-1252,2026-04-27,29,1,0
R01,SKU-1252,2026-04-28,23,0,0
R01,SKU-1252,2026-04-29,24,0,0
R01,SKU-1252,2026-04-30,22,0,0
R01,SKU-1259,2026-04-01,8,2,0
R01,SKU-1259,2026-04-02,8,0,1
R01,SKU-1259,03-Apr-26,12,0,0
R01,SKU-1259,04/04/2026,9,1,0
R01,SKU-1259,2026-04-05,16,1,0
R01,SKU-1259,2026-04-06,11,1,0
R01,SKU-1259,2026-04-07,6,0,0
R01,SKU-1259,2026-04-08,9,1,0
R01,SKU-1259,2026-04-09,7,1,0
R01,SKU-1259,2026-04-10,8,0,0
R01,SKU-1259,04/11/2026,13,1,1
R01,SKU-1259,12-Apr-26,10,2,1
R01,SKU-1259,2026-04-13,12,0,0
R01,SKU-1259,14-Apr-26,11,1,0
R01,SKU-1259,04/15/2026,8,0,0
R01,SKU-1259,2026-04-16,16,1,0
R01,SKU-1259,17-Apr-26,13,1,0
R01,SKU-1259,04/18/2026,9,1,0
R01,SKU-1259,04/19/2026,9,0,0
R01,SKU-1259,04/20/2026,13,1,0
R01,SKU-1259,2026-04-21,10,0,0
R01,SKU-1259,2026-04-22,12,0,0
R01,SKU-1259,2026-04-23,10,1,0
R01,SKU-1259,04/24/2026,17,0,0
R01,SKU-1259,2026-04-25,12,2,0
R01,SKU-1259,2026-04-26,6,0,0
R01,SKU-1259,2026-04-27,11,1,0
R01,SKU-1259,04/28/2026,10,0,0
R01,SKU-1259,2026-04-29,9,1,0
R01,SKU-1259,2026-04-30,14,2,0
R01,SKU-1021,04/01/2026,7,0,0
R01,SKU-1021,04/02/2026,19,0,0
R01,SKU-1021,2026-04-03,7,0,0
R01,SKU-1021,04-Apr-26,10,0,0
R01,SKU-1021,2026-04-05,13,0,0
R01,SKU-1021,04/06/2026,8,0,0
R01,SKU-1021,2026-04-07,13,0,0
R01,SKU-1021,2026-04-08,8,0,0
R01,SKU-1021,04/09/2026,9,0,0
R01,SKU-1021,2026-04-10,14,0,0
R01,SKU-1021,04/11/2026,9,0,0
R01,SKU-1021,04/12/2026,19,0,0
R01,SKU-1021,2026-04-13,15,1,0
R01,SKU-1021,14-Apr-26,11,0,0
R01,SKU-1021,15-Apr-26,12,0,1
R01,SKU-1021,2026-04-16,15,0,0
R01,SKU-1021,04/17/2026,14,0,0
R01,SKU-1021,2026-04-18,12,0,0
R01,SKU-1021,04/19/2026,12,0,1
R01,SKU-1021,2026-04-20,15,0,0
R01,SKU-1021,21-Apr-26,10,0,0
R01,SKU-1021,2026-04-22,18,1,0
R01,SKU-1021,04/23/2026,6,0,1
R01,SKU-1021,2026-04-24,13,0,0
R01,SKU-1021,2026-04-25,9,0,0
R01,SKU-1021,2026-04-26,12,0,0
R01,SKU-1021,2026-04-27,17,0,0
R01,SKU-1021,28-Apr-26,17,0,0
R01,SKU-1021,04/29/2026,17,0,0
R01,SKU-1021,04/30/2026,18,0,0
R01,SKU-1147,04/01/2026,22,0,0
R01,SKU-1147,2026-04-02,20,1,0
R01,SKU-1147,2026-04-03,18,1,0
R01,SKU-1147,04-Apr-26,13,0,0
R01,SKU-1147,2026-04-05,12,0,0
R01,SKU-1147,2026-04-06,22,0,0
R01,SKU-1147,2026-04-07,26,0,0
R01,SKU-1147,2026-04-08,16,0,0
R01,SKU-1147,2026-04-09,20,1,0
R01,SKU-1147,2026-04-10,19,1,0
R01,SKU-1147,2026-04-11,17,1,0
R01,SKU-1147,04/12/2026,16,0,1
R01,SKU-1147,04/13/2026,20,0,0
R01,SKU-1147,2026-04-14,20,0,0
R01,SKU-1147,2026-04-15,21,0,0
R01,SKU-1147,2026-04-16,22,1,0
R01,SKU-1147,04/17/2026,17,0,0
R01,SKU-1147,04/18/2026,15,0,0
R01,SKU-1147,2026-04-19,15,0,0
R01,SKU-1147,04/20/2026,11,0,0
R01,SKU-1147,2026-04-21,21,0,1
R01,SKU-1147,2026-04-22,22,0,1
R01,SKU-1147,2026-04-23,27,1,0
R01,SKU-1147,24-Apr-26,15,0,0
R01,SKU-1147,2026-04-25,14,0,0
R01,SKU-1147,04/26/2026,22,1,0
R01,SKU-1147,27-Apr-26,14,0,0
R01,SKU-1147,28-Apr-26,23,1,0
R01,SKU-1147,29-Apr-26,21,1,1
R01,SKU-1147,04/30/2026,13,0,0
R01,SKU-1126,04/01/2026,27,1,0
R01,SKU-1126,2026-04-02,28,0,0
R01,SKU-1126,04/03/2026,23,0,0
R01,SKU-1126,2026-04-04,31,1,0
R01,SKU-1126,2026-04-05,19,0,0
R01,SKU-1126,2026-04-06,21,0,0
R01,SKU-1126,04/07/2026,22,1,0
R01,SKU-1126,2026-04-08,21,0,0
R01,SKU-1126,2026-04-09,31,0,1
R01,SKU-1126,04/10/2026,40,0,0
R01,SKU-1126,04/11/2026,30,0,0
R01,SKU-1126,04/12/2026,21,0,0
R01,SKU-1126,04/13/2026,20,0,0
R01,SKU-1126,2026-04-14,20,1,0
R01,SKU-1126,04/15/2026,21,0,0
R01,SKU-1126,2026-04-16,26,0,0
R01,SKU-1126,2026-04-17,26,0,0
R01,SKU-1126,04/18/2026,32,1,0
R01,SKU-1126,04/19/2026,29,1,0
R01,SKU-1126,2026-04-20,34,1,0
R01,SKU-1126,2026-04-21,22,1,0
R01,SKU-1126,2026-04-22,22,0,0
R01,SKU-1126,04/23/2026,24,0,0
R01,SKU-1126,2026-04-24,25,2,0
R01,SKU-1126,04/25/2026,33,3,0
R01,SKU-1126,2026-04-26,30,0,0
R01,SKU-1126,04/27/2026,31,0,1
R01,SKU-1126,2026-04-28,30,0,0
R01,SKU-1126,2026-04-29,29,1,0
R01,SKU-1126,04/30/2026,30,0,0
R01,SKU-1175,01-Apr-26,7,0,0
R01,SKU-1175,2026-04-02,2,0,0
R01,SKU-1175,2026-04-03,2,1,1
R01,SKU-1175,04-Apr-26,5,0,0
R01,SKU-1175,2026-04-05,7,0,0
R01,SKU-1175,2026-04-06,3,1,0
R01,SKU-1175,2026-04-07,3,0,0
R01,SKU-1175,2026-04-08,3,0,0
R01,SKU-1175,2026-04-09,6,0,0
R01,SKU-1175,04/10/2026,4,0,0
R01,SKU-1175,2026-04-11,4,0,0
R01,SKU-1175,2026-04-12,5,1,0
R01,SKU-1175,04/13/2026,2,1,0
R01,SKU-1175,2026-04-14,7,0,0
R01,SKU-1175,04/15/2026,4,1,1
R01,SKU-1175,2026-04-16,5,0,0
R01,SKU-1175,04/17/2026,4,0,0
R01,SKU-1175,2026-04-18,5,0,0
R01,SKU-1175,2026-04-19,8,0,0
R01,SKU-1175,20-Apr-26,6,2,1
R01,SKU-1175,2026-04-21,1,2,0
R01,SKU-1175,2026-04-22,6,0,0
R01,SKU-1175,23-Apr-26,2,1,0
R01,SKU-1175,04/24/2026,6,0,0
R01,SKU-1175,2026-04-25,1,0,1
R01,SKU-1175,2026-04-26,1,0,0
R01,SKU-1175,2026-04-27,1,0,0
R01,SKU-1175,28-Apr-26,4,1,0
R01,SKU-1175,04/29/2026,9,0,0
R01,SKU-1175,30-Apr-26,4,0,0
R01,SKU-1196,2026-04-01,26,1,0
R01,SKU-1196,2026-04-02,23,2,0
R01,SKU-1196,03-Apr-26,30,2,0
R01,SKU-1196,2026-04-04,21,0,0
R01,SKU-1196,04/05/2026,20,0,1
R01,SKU-1196,2026-04-06,18,1,0
R01,SKU-1196,04/07/2026,21,0,0
R01,SKU-1196,04/08/2026,18,1,0
R01,SKU-1196,2026-04-09,29,1,0
R01,SKU-1196,2026-04-10,32,2,1
R01,SKU-1196,2026-04-11,24,1,0
R01,SKU-1196,2026-04-12,21,0,0
R01,SKU-1196,04/13/2026,22,1,0
R01,SKU-1196,04/14/2026,28,2,0
R01,SKU-1196,04/15/2026,27,1,0
R01,SKU-1196,04/16/2026,17,1,0
R01,SKU-1196,04/17/2026,24,0,0
R01,SKU-1196,2026-04-18,27,0,0
R01,SKU-1196,04/19/2026,22,0,0
R01,SKU-1196,20-Apr-26,29,0,0
R01,SKU-1196,2026-04-21,17,0,0
R01,SKU-1196,2026-04-22,25,0,1
R01,SKU-1196,23-Apr-26,15,0,0
R01,SKU-1196,2026-04-24,23,3,0
R01,SKU-1196,2026-04-25,25,0,0
R01,SKU-1196,2026-04-26,27,0,0
R01,SKU-1196,2026-04-27,17,1,0
R01,SKU-1196,04/28/2026,16,0,0
R01,SKU-1196,2026-04-29,24,1,0
R01,SKU-1196,2026-04-30,13,1,0
R01,SKU-1091,2026-04-01,19,0,1
R01,SKU-1091,02-Apr-26,18,1,0
R01,SKU-1091,2026-04-03,20,0,0
R01,SKU-1091,2026-04-04,17,0,0
R01,SKU-1091,04/05/2026,8,0,0
R01,SKU-1091,2026-04-06,16,0,0
R01,SKU-1091,2026-04-07,15,1,0
R01,SKU-1091,2026-04-08,17,2,0
R01,SKU-1091,2026-04-09,11,0,0
R01,SKU-1091,10-Apr-26,16,1,0
R01,SKU-1091,2026-04-11,16,0,0
R01,SKU-1091,2026-04-12,17,0,0
R01,SKU-1091,2026-04-13,18,0,0
R01,SKU-1091,04/14/2026,13,2,0
R01,SKU-1091,2026-04-15,10,1,0
R01,SKU-1091,2026-04-16,22,1,0
R01,SKU-1091,17-Apr-26,13,0,0
R01,SKU-1091,04/18/2026,17,0,1
R01,SKU-1091,2026-04-19,21,1,0
R01,SKU-1091,04/20/2026,20,0,0
R01,SKU-1091,2026-04-21,20,0,0
R01,SKU-1091,04/22/2026,9,0,0
R01,SKU-1091,23-Apr-26,9,0,0
R01,SKU-1091,2026-04-24,15,0,0
R01,SKU-1091,04/25/2026,19,0,0
R01,SKU-1091,2026-04-26,20,0,0
R01,SKU-1091,2026-04-27,17,0,0
R01,SKU-1091,2026-04-28,8,0,1
R01,SKU-1091,29-Apr-26,24,1,0
R01,SKU-1091,2026-04-30,10,1,1
R01,SKU-1119,2026-04-01,5,1,0
R01,SKU-1119,04/02/2026,2,0,0
R01,SKU-1119,04/03/2026,5,0,0
R01,SKU-1119,2026-04-04,5,1,0
R01,SKU-1119,2026-04-05,0,1,0
R01,SKU-1119,2026-04-06,3,0,0
R01,SKU-1119,07-Apr-26,7,0,0
R01,SKU-1119,04/08/2026,6,0,0
R01,SKU-1119,2026-04-09,2,0,0
R01,SKU-1119,2026-04-10,4,1,0
R01,SKU-1119,2026-04-11,3,0,0
R01,SKU-1119,2026-04-12,6,0,0
R01,SKU-1119,2026-04-13,10,0,0
R01,SKU-1119,2026-04-14,9,0,0
R01,SKU-1119,15-Apr-26,6,1,1
R01,SKU-1119,04/16/2026,9,0,0
R01,SKU-1119,04/17/2026,5,0,0
R01,SKU-1119,2026-04-18,7,2,0
R01,SKU-1119,19-Apr-26,4,1,0
R01,SKU-1119,2026-04-20,5,0,0
R01,SKU-1119,21-Apr-26,3,0,0
R01,SKU-1119,2026-04-22,7,0,0
R01,SKU-1119,23-Apr-26,6,0,0
R01,SKU-1119,04/24/2026,5,0,1
R01,SKU-1119,2026-04-25,1,1,0
R01,SKU-1119,2026-04-26,7,0,0
R01,SKU-1119,2026-04-27,9,0,0
R01,SKU-1119,2026-04-28,8,0,0
R01,SKU-1119,04/29/2026,7,1,0
R01,SKU-1119,04/30/2026,8,0,0
R01,SKU-1224,04/01/2026,23,0,0
R01,SKU-1224,2026-04-02,38,0,0
R01,SKU-1224,2026-04-03,24,0,0
R01,SKU-1224,04/04/2026,26,2,0
R01,SKU-1224,2026-04-05,29,0,0
R01,SKU-1224,2026-04-06,34,0,0
R01,SKU-1224,2026-04-07,19,0,1
R01,SKU-1224,2026-04-08,36,0,0
R01,SKU-1224,2026-04-09,33,0,0
R01,SKU-1224,2026-04-10,30,0,0
R01,SKU-1224,2026-04-11,33,0,1
R01,SKU-1224,2026-04-12,35,1,0
R01,SKU-1224,2026-04-13,21,0,1
R01,SKU-1224,14-Apr-26,26,1,0
R01,SKU-1224,2026-04-15,22,0,0
R01,SKU-1224,2026-04-16,41,0,0
R01,SKU-1224,04/17/2026,24,0,0
R01,SKU-1224,04/18/2026,25,1,0
R01,SKU-1224,2026-04-19,40,1,0
R01,SKU-1224,2026-04-20,31,0,0
R01,SKU-1224,04/21/2026,33,0,0
R01,SKU-1224,2026-04-22,29,0,0
R01,SKU-1224,2026-04-23,31,0,1
R01,SKU-1224,2026-04-24,30,1,0
R01,SKU-1224,2026-04-25,26,0,0
R01,SKU-1224,2026-04-26,30,1,1
R01,SKU-1224,27-Apr-26,24,0,0
R01,SKU-1224,04/28/2026,35,0,0
R01,SKU-1224,04/29/2026,18,1,0
R01,SKU-1224,2026-04-30,26,0,0
R01,SKU-1266,2026-04-01,29,0,0
R01,SKU-1266,2026-04-02,27,2,1
R01,SKU-1266,2026-04-03,27,0,0
R01,SKU-1266,04/04/2026,24,0,0
R01,SKU-1266,2026-04-05,35,0,0
R01,SKU-1266,04/06/2026,39,0,0
R01,SKU-1266,2026-04-07,28,0,0
R01,SKU-1266,08-Apr-26,18,0,0
R01,SKU-1266,2026-04-09,30,0,0
R01,SKU-1266,10-Apr-26,24,0,0
R01,SKU-1266,04/11/2026,29,0,0
R01,SKU-1266,04/12/2026,25,0,0
R01,SKU-1266,2026-04-13,32,1,0
R01,SKU-1266,2026-04-14,28,0,0
R01,SKU-1266,2026-04-15,35,0,0
R01,SKU-1266,2026-04-16,30,0,0
R01,SKU-1266,2026-04-17,25,0,0
R01,SKU-1266,18-Apr-26,33,1,0
R01,SKU-1266,04/19/2026,37,1,0
R01,SKU-1266,04/20/2026,39,0,0
R01,SKU-1266,21-Apr-26,27,1,0
R01,SKU-1266,2026-04-22,21,0,0
R01,SKU-1266,04/23/2026,25,0,1
R01,SKU-1266,2026-04-24,31,1,0
R01,SKU-1266,2026-04-25,21,1,0
R01,SKU-1266,04/26/2026,27,0,0
R01,SKU-1266,2026-04-27,33,1,0
R01,SKU-1266,04/28/2026,33,0,0
R01,SKU-1266,2026-04-29,19,0,0
R01,SKU-1266,2026-04-30,22,0,0
R01,SKU-1063,01-Apr-26,23,0,0
R01,SKU-1063,04/02/2026,19,0,0
R01,SKU-1063,2026-04-03,22,0,0
R01,SKU-1063,2026-04-04,15,0,0
R01,SKU-1063,2026-04-05,18,0,1
R01,SKU-1063,06-Apr-26,22,0,0
R01,SKU-1063,07-Apr-26,26,0,0
R01,SKU-1063,2026-04-08,18,0,0
R01,SKU-1063,04/09/2026,23,0,0
R01,SKU-1063,2026-04-10,18,1,0
R01,SKU-1063,04/11/2026,19,1,0
R01,SKU-1063,12-Apr-26,25,0,0
R01,SKU-1063,04/13/2026,24,0,0
R01,SKU-1063,14-Apr-26,26,0,1
R01,SKU-1063,2026-04-15,22,0,0
R01,SKU-1063,2026-04-16,25,0,0
R01,SKU-1063,2026-04-17,19,0,0
R01,SKU-1063,18-Apr-26,30,1,0
R01,SKU-1063,2026-04-19,33,1,0
R01,SKU-1063,2026-04-20,18,1,0
R01,SKU-1063,2026-04-21,19,1,0
R01,SKU-1063,2026-04-22,16,0,0
R01,SKU-1063,2026-04-23,24,1,0
R01,SKU-1063,2026-04-24,21,0,0
R01,SKU-1063,04/25/2026,28,0,0
R01,SKU-1063,2026-04-26,21,0,0
R01,SKU-1063,27-Apr-26,28,1,0
R01,SKU-1063,2026-04-28,24,1,0
R01,SKU-1063,2026-04-29,16,0,1
R01,SKU-1063,2026-04-30,17,1,0
R01,SKU-1245,2026-04-01,26,0,0
R01,SKU-1245,2026-04-02,32,0,0
R01,SKU-1245,2026-04-03,28,0,0
R01,SKU-1245,04/04/2026,20,1,0
R01,SKU-1245,04/05/2026,21,1,0
R01,SKU-1245,2026-04-06,27,0,0
R01,SKU-1245,04/07/2026,18,0,0
R01,SKU-1245,2026-04-08,21,0,0
R01,SKU-1245,2026-04-09,36,0,0
R01,SKU-1245,2026-04-10,22,0,1
R01,SKU-1245,2026-04-11,27,1,0
R01,SKU-1245,2026-04-12,22,0,0
R01,SKU-1245,2026-04-13,26,0,0
R01,SKU-1245,04/14/2026,22,0,0
R01,SKU-1245,2026-04-15,24,0,0
R01,SKU-1245,2026-04-16,24,0,0
R01,SKU-1245,04/17/2026,32,1,0
R01,SKU-1245,2026-04-18,26,0,0
R01,SKU-1245,2026-04-19,24,0,0
R01,SKU-1245,2026-04-20,38,1,0
R01,SKU-1245,2026-04-21,26,0,0
R01,SKU-1245,2026-04-22,20,3,0
R01,SKU-1245,2026-04-23,31,1,0
R01,SKU-1245,04/24/2026,30,1,0
R01,SKU-1245,04/25/2026,28,0,0
R01,SKU-1245,04/26/2026,23,0,0
R01,SKU-1245,2026-04-27,39,0,0
R01,SKU-1245,2026-04-28,28,0,0
R01,SKU-1245,2026-04-29,33,0,0
R01,SKU-1245,2026-04-30,30,1,0
R01,SKU-1182,2026-04-01,8,2,0
R01,SKU-1182,2026-04-02,6,1,1
R01,SKU-1182,2026-04-03,8,0,0
R01,SKU-1182,2026-04-04,4,0,0
R01,SKU-1182,2026-04-05,8,0,0
R01,SKU-1182,2026-04-06,6,1,0
R01,SKU-1182,04/07/2026,8,1,0
R01,SKU-1182,04/08/2026,7,2,0
R01,SKU-1182,2026-04-09,6,1,1
R01,SKU-1182,2026-04-10,12,2,1
R01,SKU-1182,11-Apr-26,6,0,1
R01,SKU-1182,2026-04-12,5,1,0
R01,SKU-1182,2026-04-13,4,1,1
R01,SKU-1182,2026-04-14,8,0,1
R01,SKU-1182,15-Apr-26,9,1,0
R01,SKU-1182,2026-04-16,8,0,1
R01,SKU-1182,2026-04-17,5,1,0
R01,SKU-1182,2026-04-18,6,0,0
R01,SKU-1182,19-Apr-26,2,1,0
R01,SKU-1182,04/20/2026,9,0,0
R01,SKU-1182,2026-04-21,5,0,0
R01,SKU-1182,2026-04-22,7,1,0
R01,SKU-1182,04/23/2026,6,0,0
R01,SKU-1182,04/24/2026,11,0,0
R01,SKU-1182,2026-04-25,8,0,0
R01,SKU-1182,2026-04-26,5,0,0
R01,SKU-1182,04/27/2026,6,0,0
R01,SKU-1182,28-Apr-26,7,1,0
R01,SKU-1182,29-Apr-26,3,0,0
R01,SKU-1182,04/30/2026,5,0,0
R01,SKU-1007,01-Apr-26,33,0,0
R01,SKU-1007,2026-04-02,31,1,0
R01,SKU-1007,2026-04-03,32,1,0
R01,SKU-1007,04/04/2026,25,0,0
R01,SKU-1007,2026-04-05,45,0,0
R01,SKU-1007,2026-04-06,35,0,0
R01,SKU-1007,07-Apr-26,33,0,0
R01,SKU-1007,2026-04-08,27,1,0
R01,SKU-1007,2026-04-09,34,0,0
R01,SKU-1007,2026-04-10,33,0,0
R01,SKU-1007,2026-04-11,32,0,0
R01,SKU-1007,12-Apr-26,36,0,0
R01,SKU-1007,2026-04-13,24,0,0
R01,SKU-1007,2026-04-14,33,0,0
R01,SKU-1007,04/15/2026,32,0,0
R01,SKU-1007,04/16/2026,26,0,0
R01,SKU-1007,2026-04-17,36,1,0
R01,SKU-1007,2026-04-18,27,1,0
R01,SKU-1007,2026-04-19,31,1,0
R01,SKU-1007,2026-04-20,32,0,0
R01,SKU-1007,04/21/2026,24,0,0
R01,SKU-1007,22-Apr-26,28,0,0
R01,SKU-1007,2026-04-23,32,1,0
R01,SKU-1007,2026-04-24,34,1,0
R01,SKU-1007,2026-04-25,33,0,1
R01,SKU-1007,04/26/2026,29,0,1
R01,SKU-1007,2026-04-27,33,0,0
R01,SKU-1007,04/28/2026,35,0,0
R01,SKU-1007,2026-04-29,28,0,0
R01,SKU-1007,04/30/2026,38,0,0
R01,SKU-1070,2026-04-01,14,0,0
R01,SKU-1070,2026-04-02,8,0,0
R01,SKU-1070,03-Apr-26,12,0,0
R01,SKU-1070,04/04/2026,14,1,0
R01,SKU-1070,2026-04-05,6,1,0
R01,SKU-1070,2026-04-06,17,2,0
R01,SKU-1070,2026-04-07,9,1,0
R01,SKU-1070,2026-04-08,15,0,0
R01,SKU-1070,2026-04-09,14,0,0
R01,SKU-1070,2026-04-10,7,0,0
R01,SKU-1070,2026-04-11,14,0,0
R01,SKU-1070,04/12/2026,7,0,0
R01,SKU-1070,2026-04-13,14,0,1
R01,SKU-1070,04/14/2026,11,0,0
R01,SKU-1070,2026-04-15,12,0,0
R01,SKU-1070,2026-04-16,10,0,0
R01,SKU-1070,17-Apr-26,13,0,1
R01,SKU-1070,2026-04-18,14,0,0
R01,SKU-1070,2026-04-19,12,0,0
R01,SKU-1070,2026-04-20,7,0,0
R01,SKU-1070,2026-04-21,18,0,0
R01,SKU-1070,22-Apr-26,10,2,1
R01,SKU-1070,04/23/2026,10,0,0
R01,SKU-1070,04/24/2026,11,1,0
R01,SKU-1070,2026-04-25,13,0,1
R01,SKU-1070,2026-04-26,13,1,0
R01,SKU-1070,2026-04-27,13,1,0
R01,SKU-1070,04/28/2026,7,0,0
R01,SKU-1070,29-Apr-26,11,0,0
R01,SKU-1070,2026-04-30,12,1,0
R01,SKU-1238,2026-04-01,11,0,0
R01,SKU-1238,2026-04-02,12,0,0
R01,SKU-1238,04/03/2026,20,0,0
R01,SKU-1238,04-Apr-26,22,0,0
R01,SKU-1238,2026-04-05,29,0,0
R01,SKU-1238,2026-04-06,17,0,0
R01,SKU-1238,04/07/2026,16,2,0
R01,SKU-1238,2026-04-08,25,1,0
R01,SKU-1238,2026-04-09,17,1,0
R01,SKU-1238,04/10/2026,19,0,0
R01,SKU-1238,04/11/2026,20,1,0
R01,SKU-1238,2026-04-12,18,1,0
R01,SKU-1238,04/13/2026,16,0,1
R01,SKU-1238,2026-04-14,22,0,0
R01,SKU-1238,2026-04-15,16,1,0
R01,SKU-1238,16-Apr-26,16,0,0
R01,SKU-1238,17-Apr-26,17,0,0
R01,SKU-1238,2026-04-18,26,1,0
R01,SKU-1238,19-Apr-26,13,1,0
R01,SKU-1238,2026-04-20,15,0,0
R01,SKU-1238,21-Apr-26,16,1,0
R01,SKU-1238,04/22/2026,29,2,0
R01,SKU-1238,2026-04-23,23,1,0
R01,SKU-1238,2026-04-24,19,0,0
R01,SKU-1238,2026-04-25,17,0,0
R01,SKU-1238,2026-04-26,18,0,0
R01,SKU-1238,2026-04-27,26,0,0
R01,SKU-1238,04/28/2026,26,0,1
R01,SKU-1238,2026-04-29,26,0,0
R01,SKU-1238,2026-04-30,20,0,0
R01,SKU-1154,2026-04-01,23,1,0
R01,SKU-1154,2026-04-02,15,1,0
R01,SKU-1154,2026-04-03,16,2,0
R01,SKU-1154,2026-04-04,24,0,0
R01,SKU-1154,04/05/2026,18,0,1
R01,SKU-1154,2026-04-06,21,1,1
R01,SKU-1154,2026-04-07,14,0,0
R01,SKU-1154,04/08/2026,15,0,0
R01,SKU-1154,2026-04-09,16,1,0
R01,SKU-1154,2026-04-10,33,1,0
R01,SKU-1154,04/11/2026,15,1,0
R01,SKU-1154,12-Apr-26,24,1,0
R01,SKU-1154,13-Apr-26,14,0,0
R01,SKU-1154,04/14/2026,21,0,1
R01,SKU-1154,2026-04-15,19,1,0
R01,SKU-1154,04/16/2026,17,0,0
R01,SKU-1154,17-Apr-26,17,1,0
R01,SKU-1154,04/18/2026,25,1,0
R01,SKU-1154,2026-04-19,22,1,0
R01,SKU-1154,2026-04-20,23,0,0
R01,SKU-1154,2026-04-21,23,0,0
R01,SKU-1154,04/22/2026,24,1,0
R01,SKU-1154,2026-04-23,12,0,0
R01,SKU-1154,24-Apr-26,24,0,1
R01,SKU-1154,04/25/2026,20,0,0
R01,SKU-1154,2026-04-26,19,0,0
R01,SKU-1154,27-Apr-26,20,0,0
R01,SKU-1154,2026-04-28,24,1,0
R01,SKU-1154,04/29/2026,22,1,0
R01,SKU-1154,2026-04-30,18,0,0
R01,SKU-1273,2026-04-01,26,0,0
R01,SKU-1273,2026-04-02,35,0,1
R01,SKU-1273,2026-04-03,19,0,1
R01,SKU-1273,2026-04-04,28,0,0
R01,SKU-1273,05-Apr-26,21,0,0
R01,SKU-1273,2026-04-06,25,0,0
R01,SKU-1273,04/07/2026,19,0,0
R01,SKU-1273,2026-04-08,26,1,0
R01,SKU-1273,2026-04-09,30,0,0
R01,SKU-1273,10-Apr-26,34,1,0
R01,SKU-1273,2026-04-11,18,1,0
R01,SKU-1273,2026-04-12,28,0,0
R01,SKU-1273,2026-04-13,25,0,0
R01,SKU-1273,04/14/2026,24,0,0
R01,SKU-1273,2026-04-15,32,0,0
R01,SKU-1273,04/16/2026,29,2,0
R01,SKU-1273,2026-04-17,37,1,0
R01,SKU-1273,2026-04-18,27,0,0
R01,SKU-1273,2026-04-19,38,0,0
R01,SKU-1273,2026-04-20,30,1,0
R01,SKU-1273,04/21/2026,50,0,1
R01,SKU-1273,22-Apr-26,18,0,0
R01,SKU-1273,23-Apr-26,28,0,0
R01,SKU-1273,04/24/2026,40,0,0
R01,SKU-1273,2026-04-25,25,1,0
R01,SKU-1273,2026-04-26,29,0,0
R01,SKU-1273,2026-04-27,30,0,0
R01,SKU-1273,2026-04-28,34,0,0
R01,SKU-1273,04/29/2026,33,0,0
R01,SKU-1273,04/30/2026,24,0,0
R02,SKU-1119,2026-04-01,2,1,0
R02,SKU-1119,2026-04-02,4,0,0
R02,SKU-1119,2026-04-03,9,0,0
R02,SKU-1119,04-Apr-26,9,0,0
R02,SKU-1119,04/05/2026,5,0,0
R02,SKU-1119,06-Apr-26,4,0,0
R02,SKU-1119,2026-04-07,3,0,0
R02,SKU-1119,2026-04-08,6,1,1
R02,SKU-1119,09-Apr-26,4,0,0
R02,SKU-1119,2026-04-10,1,0,0
R02,SKU-1119,2026-04-11,6,0,0
R02,SKU-1119,04/12/2026,4,0,0
R02,SKU-1119,04/13/2026,5,2,0
R02,SKU-1119,2026-04-14,3,0,0
R02,SKU-1119,2026-04-15,3,0,1
R02,SKU-1119,04/16/2026,2,2,0
R02,SKU-1119,2026-04-17,2,0,0
R02,SKU-1119,04/18/2026,2,1,0
R02,SKU-1119,2026-04-19,7,1,0
R02,SKU-1119,04/20/2026,2,0,0
R02,SKU-1119,2026-04-21,1,0,0
R02,SKU-1119,2026-04-22,4,1,0
R02,SKU-1119,04/23/2026,4,1,0
R02,SKU-1119,04/24/2026,5,1,0
R02,SKU-1119,04/25/2026,2,0,0
R02,SKU-1119,2026-04-26,2,0,0
R02,SKU-1119,04/27/2026,3,0,0
R02,SKU-1119,04/28/2026,2,0,0
R02,SKU-1119,2026-04-29,5,0,0
R02,SKU-1119,2026-04-30,7,0,0
R02,SKU-1252,04/01/2026,24,0,0
R02,SKU-1252,04/02/2026,37,0,0
R02,SKU-1252,2026-04-03,27,0,0
R02,SKU-1252,2026-04-04,26,2,0
R02,SKU-1252,2026-04-05,32,0,0
R02,SKU-1252,06-Apr-26,34,0,0
R02,SKU-1252,2026-04-07,30,0,1
R02,SKU-1252,2026-04-08,27,2,1
R02,SKU-1252,2026-04-09,34,0,0
R02,SKU-1252,10-Apr-26,36,1,0
R02,SKU-1252,2026-04-11,32,1,0
R02,SKU-1252,2026-04-12,20,1,0
R02,SKU-1252,2026-04-13,27,0,0
R02,SKU-1252,04/14/2026,33,0,0
R02,SKU-1252,04/15/2026,23,0,0
R02,SKU-1252,04/16/2026,35,0,0
R02,SKU-1252,2026-04-17,35,0,0
R02,SKU-1252,2026-04-18,25,1,0
R02,SKU-1252,2026-04-19,38,0,0
R02,SKU-1252,20-Apr-26,27,0,0
R02,SKU-1252,2026-04-21,34,0,1
R02,SKU-1252,2026-04-22,34,0,0
R02,SKU-1252,2026-04-23,32,0,0
R02,SKU-1252,2026-04-24,27,1,0
R02,SKU-1252,04/25/2026,33,1,0
R02,SKU-1252,2026-04-26,29,0,0
R02,SKU-1252,04/27/2026,25,0,0
R02,SKU-1252,2026-04-28,30,0,0
R02,SKU-1252,2026-04-29,22,0,1
R02,SKU-1252,30-Apr-26,36,1,0
R02,SKU-1238,2026-04-01,21,1,0
R02,SKU-1238,2026-04-02,15,0,0
R02,SKU-1238,2026-04-03,15,0,1
R02,SKU-1238,2026-04-04,20,0,0
R02,SKU-1238,05-Apr-26,26,0,0
R02,SKU-1238,2026-04-06,22,1,0
R02,SKU-1238,04/07/2026,18,0,0
R02,SKU-1238,04/08/2026,20,0,0
R02,SKU-1238,09-Apr-26,26,2,0
R02,SKU-1238,2026-04-10,12,1,0
R02,SKU-1238,04/11/2026,20,2,0
R02,SKU-1238,2026-04-12,22,0,0
R02,SKU-1238,2026-04-13,20,2,0
R02,SKU-1238,14-Apr-26,15,0,0
R02,SKU-1238,2026-04-15,28,0,0
R02,SKU-1238,2026-04-16,21,1,0
R02,SKU-1238,04/17/2026,21,0,0
R02,SKU-1238,2026-04-18,14,0,0
R02,SKU-1238,2026-04-19,13,1,0
R02,SKU-1238,2026-04-20,17,0,0
R02,SKU-1238,2026-04-21,13,0,0
R02,SKU-1238,04/22/2026,13,0,1
R02,SKU-1238,2026-04-23,12,0,0
R02,SKU-1238,04/24/2026,20,0,0
R02,SKU-1238,04/25/2026,19,0,0
R02,SKU-1238,04/26/2026,18,0,0
R02,SKU-1238,04/27/2026,21,0,0
R02,SKU-1238,2026-04-28,15,0,0
R02,SKU-1238,2026-04-29,23,1,1
R02,SKU-1238,2026-04-30,16,0,1
R02,SKU-1161,2026-04-01,7,0,0
R02,SKU-1161,04/02/2026,16,1,0
R02,SKU-1161,2026-04-03,16,0,0
R02,SKU-1161,04/04/2026,11,0,1
R02,SKU-1161,2026-04-05,16,1,0
R02,SKU-1161,2026-04-06,9,0,0
R02,SKU-1161,04/07/2026,16,0,0
R02,SKU-1161,2026-04-08,5,0,1
R02,SKU-1161,2026-04-09,16,0,0
R02,SKU-1161,2026-04-10,12,0,0
R02,SKU-1161,04/11/2026,13,0,0
R02,SKU-1161,2026-04-12,12,0,0
R02,SKU-1161,04/13/2026,20,0,0
R02,SKU-1161,14-Apr-26,7,1,0
R02,SKU-1161,2026-04-15,9,0,0
R02,SKU-1161,16-Apr-26,17,1,0
R02,SKU-1161,17-Apr-26,22,0,0
R02,SKU-1161,2026-04-18,15,0,0
R02,SKU-1161,04/19/2026,14,0,0
R02,SKU-1161,20-Apr-26,5,0,0
R02,SKU-1161,21-Apr-26,17,0,1
R02,SKU-1161,2026-04-22,24,0,0
R02,SKU-1161,04/23/2026,15,0,0
R02,SKU-1161,2026-04-24,17,0,0
R02,SKU-1161,2026-04-25,12,0,0
R02,SKU-1161,26-Apr-26,5,0,0
R02,SKU-1161,2026-04-27,17,1,0
R02,SKU-1161,04/28/2026,15,1,0
R02,SKU-1161,04/29/2026,16,0,0
R02,SKU-1161,2026-04-30,12,1,0
R02,SKU-1224,2026-04-01,45,0,0
R02,SKU-1224,02-Apr-26,26,0,1
R02,SKU-1224,2026-04-03,37,0,0
R02,SKU-1224,2026-04-04,41,0,0
R02,SKU-1224,2026-04-05,35,0,0
R02,SKU-1224,04/06/2026,34,1,0
R02,SKU-1224,04/07/2026,34,0,0
R02,SKU-1224,2026-04-08,43,0,0
R02,SKU-1224,04/09/2026,41,0,0
R02,SKU-1224,2026-04-10,35,2,0
R02,SKU-1224,2026-04-11,33,0,0
R02,SKU-1224,2026-04-12,31,2,0
R02,SKU-1224,04/13/2026,32,0,0
R02,SKU-1224,2026-04-14,37,0,0
R02,SKU-1224,2026-04-15,32,0,0
R02,SKU-1224,2026-04-16,25,0,0
R02,SKU-1224,04/17/2026,29,0,0
R02,SKU-1224,2026-04-18,26,0,0
R02,SKU-1224,2026-04-19,43,0,0
R02,SKU-1224,2026-04-20,25,1,0
R02,SKU-1224,2026-04-21,49,0,0
R02,SKU-1224,04/22/2026,26,0,0
R02,SKU-1224,04/23/2026,27,0,0
R02,SKU-1224,24-Apr-26,30,1,0
R02,SKU-1224,2026-04-25,26,2,1
R02,SKU-1224,04/26/2026,31,0,1
R02,SKU-1224,04/27/2026,37,1,0
R02,SKU-1224,04/28/2026,41,0,0
R02,SKU-1224,29-Apr-26,40,1,0
R02,SKU-1224,04/30/2026,35,1,0
R02,SKU-1084,2026-04-01,15,0,0
R02,SKU-1084,2026-04-02,14,0,0
R02,SKU-1084,03-Apr-26,15,0,0
R02,SKU-1084,04/04/2026,20,1,0
R02,SKU-1084,2026-04-05,10,1,0
R02,SKU-1084,04/06/2026,22,0,1
R02,SKU-1084,07-Apr-26,20,0,0
R02,SKU-1084,2026-04-08,12,0,0
R02,SKU-1084,2026-04-09,21,0,1
R02,SKU-1084,2026-04-10,13,0,0
R02,SKU-1084,2026-04-11,13,0,0
R02,SKU-1084,2026-04-12,21,2,0
R02,SKU-1084,2026-04-13,19,0,1
R02,SKU-1084,14-Apr-26,17,0,0
R02,SKU-1084,15-Apr-26,25,2,0
R02,SKU-1084,2026-04-16,14,0,1
R02,SKU-1084,2026-04-17,12,1,0
R02,SKU-1084,2026-04-18,17,0,0
R02,SKU-1084,04/19/2026,21,0,0
R02,SKU-1084,2026-04-20,12,0,0
R02,SKU-1084,2026-04-21,21,0,0
R02,SKU-1084,2026-04-22,18,0,0
R02,SKU-1084,2026-04-23,10,0,0
R02,SKU-1084,2026-04-24,23,1,0
R02,SKU-1084,2026-04-25,17,0,0
R02,SKU-1084,04/26/2026,14,1,0
R02,SKU-1084,04/27/2026,14,0,0
R02,SKU-1084,04/28/2026,15,1,0
R02,SKU-1084,2026-04-29,11,1,1
R02,SKU-1084,30-Apr-26,11,3,1
R02,SKU-1028,04/01/2026,32,0,0
R02,SKU-1028,2026-04-02,38,0,0
R02,SKU-1028,04/03/2026,32,1,0
R02,SKU-1028,04-Apr-26,34,0,0
R02,SKU-1028,2026-04-05,31,0,0
R02,SKU-1028,2026-04-06,25,0,0
R02,SKU-1028,2026-04-07,35,0,0
R02,SKU-1028,04/08/2026,40,0,0
R02,SKU-1028,2026-04-09,37,1,1
R02,SKU-1028,2026-04-10,32,1,0
R02,SKU-1028,2026-04-11,32,0,0
R02,SKU-1028,2026-04-12,30,1,0
R02,SKU-1028,2026-04-13,28,0,0
R02,SKU-1028,04/14/2026,28,0,0
R02,SKU-1028,2026-04-15,35,1,0
R02,SKU-1028,16-Apr-26,32,0,0
R02,SKU-1028,17-Apr-26,41,0,0
R02,SKU-1028,04/18/2026,36,0,0
R02,SKU-1028,2026-04-19,27,1,0
R02,SKU-1028,04/20/2026,28,0,0
R02,SKU-1028,2026-04-21,29,1,1
R02,SKU-1028,2026-04-22,32,0,0
R02,SKU-1028,04/23/2026,44,0,0
R02,SKU-1028,2026-04-24,43,0,1
R02,SKU-1028,2026-04-25,34,0,0
R02,SKU-1028,2026-04-26,31,1,0
R02,SKU-1028,27-Apr-26,36,1,0
R02,SKU-1028,04/28/2026,25,0,0
R02,SKU-1028,29-Apr-26,24,0,0
R02,SKU-1028,2026-04-30,21,1,0
R02,SKU-1140,04/01/2026,17,0,1
R02,SKU-1140,2026-04-02,18,1,0
R02,SKU-1140,2026-04-03,10,2,0
R02,SKU-1140,2026-04-04,24,1,0
R02,SKU-1140,2026-04-05,17,1,0
R02,SKU-1140,2026-04-06,25,1,1
R02,SKU-1140,2026-04-07,20,0,0
R02,SKU-1140,04/08/2026,15,0,1
R02,SKU-1140,04/09/2026,20,0,0
R02,SKU-1140,10-Apr-26,20,1,0
R02,SKU-1140,11-Apr-26,28,3,0
R02,SKU-1140,2026-04-12,25,0,0
R02,SKU-1140,04/13/2026,18,1,0
R02,SKU-1140,2026-04-14,23,0,0
R02,SKU-1140,2026-04-15,16,0,0
R02,SKU-1140,16-Apr-26,23,1,1
R02,SKU-1140,2026-04-17,20,0,0
R02,SKU-1140,18-Apr-26,22,1,0
R02,SKU-1140,2026-04-19,19,1,1
R02,SKU-1140,04/20/2026,22,0,0
R02,SKU-1140,21-Apr-26,18,1,0
R02,SKU-1140,2026-04-22,21,0,0
R02,SKU-1140,2026-04-23,16,1,0
R02,SKU-1140,04/24/2026,19,0,0
R02,SKU-1140,04/25/2026,14,0,1
R02,SKU-1140,26-Apr-26,18,1,0
R02,SKU-1140,04/27/2026,26,2,0
R02,SKU-1140,2026-04-28,17,1,0
R02,SKU-1140,04/29/2026,20,0,0
R02,SKU-1140,04/30/2026,26,0,0
R02,SKU-1217,2026-04-01,13,0,0
R02,SKU-1217,2026-04-02,25,1,0
R02,SKU-1217,03-Apr-26,26,1,0
R02,SKU-1217,04/04/2026,16,0,1
R02,SKU-1217,05-Apr-26,28,0,0
R02,SKU-1217,06-Apr-26,21,0,0
R02,SKU-1217,07-Apr-26,22,1,0
R02,SKU-1217,04/08/2026,18,1,0
R02,SKU-1217,2026-04-09,18,0,0
R02,SKU-1217,2026-04-10,20,1,0
R02,SKU-1217,04/11/2026,34,0,1
R02,SKU-1217,2026-04-12,21,0,0
R02,SKU-1217,2026-04-13,20,0,0
R02,SKU-1217,14-Apr-26,25,0,0
R02,SKU-1217,2026-04-15,15,0,0
R02,SKU-1217,04/16/2026,20,0,0
R02,SKU-1217,17-Apr-26,11,0,0
R02,SKU-1217,04/18/2026,19,1,1
R02,SKU-1217,04/19/2026,25,0,0
R02,SKU-1217,2026-04-20,27,0,0
R02,SKU-1217,2026-04-21,31,1,0
R02,SKU-1217,2026-04-22,19,1,0
R02,SKU-1217,2026-04-23,25,0,0
R02,SKU-1217,2026-04-24,22,0,0
R02,SKU-1217,2026-04-25,24,0,0
R02,SKU-1217,04/26/2026,17,0,0
R02,SKU-1217,27-Apr-26,22,0,0
R02,SKU-1217,2026-04-28,15,0,0
R02,SKU-1217,2026-04-29,21,1,0
R02,SKU-1217,04/30/2026,21,0,0
R02,SKU-1112,2026-04-01,17,1,0
R02,SKU-1112,04/02/2026,18,2,1
R02,SKU-1112,2026-04-03,20,1,0
R02,SKU-1112,04-Apr-26,17,1,0
R02,SKU-1112,04/05/2026,9,1,0
R02,SKU-1112,2026-04-06,14,0,0
R02,SKU-1112,2026-04-07,16,1,0
R02,SKU-1112,2026-04-08,14,1,1
R02,SKU-1112,09-Apr-26,18,0,0
R02,SKU-1112,04/10/2026,9,1,1
R02,SKU-1112,2026-04-11,12,0,0
R02,SKU-1112,2026-04-12,14,0,0
R02,SKU-1112,2026-04-13,14,0,0
R02,SKU-1112,04/14/2026,15,1,0
R02,SKU-1112,04/15/2026,20,0,0
R02,SKU-1112,2026-04-16,15,1,0
R02,SKU-1112,17-Apr-26,14,3,0
R02,SKU-1112,04/18/2026,19,0,1
R02,SKU-1112,2026-04-19,10,0,0
R02,SKU-1112,2026-04-20,13,0,1
R02,SKU-1112,04/21/2026,13,1,0
R02,SKU-1112,04/22/2026,8,1,0
R02,SKU-1112,2026-04-23,18,1,0
R02,SKU-1112,2026-04-24,14,1,0
R02,SKU-1112,2026-04-25,25,2,1
R02,SKU-1112,2026-04-26,17,1,0
R02,SKU-1112,2026-04-27,21,0,0
R02,SKU-1112,2026-04-28,9,0,0
R02,SKU-1112,2026-04-29,18,0,0
R02,SKU-1112,2026-04-30,17,0,0
R02,SKU-1245,2026-04-01,6,0,1
R02,SKU-1245,2026-04-02,7,0,0
R02,SKU-1245,04/03/2026,5,1,0
R02,SKU-1245,2026-04-04,11,1,0
R02,SKU-1245,2026-04-05,3,0,0
R02,SKU-1245,2026-04-06,9,1,0
R02,SKU-1245,2026-04-07,11,0,0
R02,SKU-1245,2026-04-08,9,0,0
R02,SKU-1245,09-Apr-26,8,1,0
R02,SKU-1245,2026-04-10,9,0,0
R02,SKU-1245,2026-04-11,13,0,0
R02,SKU-1245,04/12/2026,6,1,0
R02,SKU-1245,04/13/2026,4,1,0
R02,SKU-1245,14-Apr-26,7,0,0
R02,SKU-1245,2026-04-15,10,0,0
R02,SKU-1245,16-Apr-26,8,0,0
R02,SKU-1245,2026-04-17,5,0,0
R02,SKU-1245,2026-04-18,6,0,0
R02,SKU-1245,2026-04-19,8,1,0
R02,SKU-1245,2026-04-20,6,1,0
R02,SKU-1245,04/21/2026,7,0,0
R02,SKU-1245,04/22/2026,11,0,0
R02,SKU-1245,04/23/2026,5,1,0
R02,SKU-1245,24-Apr-26,6,1,0
R02,SKU-1245,25-Apr-26,6,0,0
R02,SKU-1245,2026-04-26,11,0,0
R02,SKU-1245,04/27/2026,12,0,0
R02,SKU-1245,04/28/2026,10,2,0
R02,SKU-1245,04/29/2026,7,0,0
R02,SKU-1245,2026-04-30,10,0,0
R02,SKU-1210,2026-04-01,17,1,0
R02,SKU-1210,02-Apr-26,10,0,0
R02,SKU-1210,04/03/2026,15,0,0
R02,SKU-1210,04-Apr-26,15,0,0
R02,SKU-1210,2026-04-05,11,0,0
R02,SKU-1210,04/06/2026,18,0,0
R02,SKU-1210,2026-04-07,10,0,0
R02,SKU-1210,04/08/2026,9,0,0
R02,SKU-1210,2026-04-09,17,0,0
R02,SKU-1210,2026-04-10,9,1,0
R02,SKU-1210,2026-04-11,18,1,0
R02,SKU-1210,04/12/2026,14,0,0
R02,SKU-1210,2026-04-13,15,0,0
R02,SKU-1210,2026-04-14,13,0,0
R02,SKU-1210,15-Apr-26,13,0,0
R02,SKU-1210,2026-04-16,18,0,0
R02,SKU-1210,17-Apr-26,20,0,0
R02,SKU-1210,2026-04-18,13,0,0
R02,SKU-1210,19-Apr-26,17,1,0
R02,SKU-1210,04/20/2026,11,0,1
R02,SKU-1210,21-Apr-26,10,0,0
R02,SKU-1210,04/22/2026,14,0,0
R02,SKU-1210,2026-04-23,10,0,0
R02,SKU-1210,04/24/2026,12,0,1
R02,SKU-1210,04/25/2026,12,0,0
R02,SKU-1210,2026-04-26,19,0,0
R02,SKU-1210,2026-04-27,12,0,0
R02,SKU-1210,28-Apr-26,19,0,0
R02,SKU-1210,2026-04-29,13,0,0
R02,SKU-1210,2026-04-30,12,0,0
R02,SKU-1063,04/01/2026,34,0,0
R02,SKU-1063,2026-04-02,29,0,0
R02,SKU-1063,2026-04-03,41,0,0
R02,SKU-1063,2026-04-04,38,1,0
R02,SKU-1063,04/05/2026,32,0,0
R02,SKU-1063,2026-04-06,28,1,0
R02,SKU-1063,07-Apr-26,29,1,0
R02,SKU-1063,2026-04-08,38,0,0
R02,SKU-1063,2026-04-09,35,0,0
R02,SKU-1063,10-Apr-26,28,0,0
R02,SKU-1063,2026-04-11,29,1,0
R02,SKU-1063,12-Apr-26,40,0,0
R02,SKU-1063,2026-04-13,28,1,0
R02,SKU-1063,2026-04-14,26,0,0
R02,SKU-1063,15-Apr-26,26,0,0
R02,SKU-1063,04/16/2026,31,0,0
R02,SKU-1063,04/17/2026,40,0,0
R02,SKU-1063,2026-04-18,24,1,0
R02,SKU-1063,2026-04-19,37,1,0
R02,SKU-1063,04/20/2026,34,0,0
R02,SKU-1063,2026-04-21,40,0,0
R02,SKU-1063,2026-04-22,27,0,0
R02,SKU-1063,2026-04-23,28,0,0
R02,SKU-1063,2026-04-24,26,0,0
R02,SKU-1063,2026-04-25,36,0,0
R02,SKU-1063,04/26/2026,35,0,0
R02,SKU-1063,2026-04-27,34,0,1
R02,SKU-1063,2026-04-28,31,2,0
R02,SKU-1063,29-Apr-26,25,0,0
R02,SKU-1063,2026-04-30,23,0,0
R02,SKU-1203,2026-04-01,23,0,0
R02,SKU-1203,2026-04-02,32,0,1
R02,SKU-1203,2026-04-03,20,0,0
R02,SKU-1203,04-Apr-26,17,1,0
R02,SKU-1203,2026-04-05,24,0,0
R02,SKU-1203,2026-04-06,19,1,0
R02,SKU-1203,07-Apr-26,27,0,0
R02,SKU-1203,2026-04-08,25,0,0
R02,SKU-1203,2026-04-09,21,0,0
R02,SKU-1203,2026-04-10,26,0,0
R02,SKU-1203,2026-04-11,23,0,0
R02,SKU-1203,04/12/2026,26,0,0
R02,SKU-1203,2026-04-13,14,2,0
R02,SKU-1203,2026-04-14,28,2,1
R02,SKU-1203,04/15/2026,27,0,0
R02,SKU-1203,04/16/2026,16,0,0
R02,SKU-1203,2026-04-17,19,0,0
R02,SKU-1203,04/18/2026,22,2,0
R02,SKU-1203,2026-04-19,31,0,0
R02,SKU-1203,20-Apr-26,23,0,0
R02,SKU-1203,2026-04-21,26,1,0
R02,SKU-1203,22-Apr-26,20,0,0
R02,SKU-1203,04/23/2026,24,1,0
R02,SKU-1203,2026-04-24,14,0,0
R02,SKU-1203,04/25/2026,22,0,0
R02,SKU-1203,2026-04-26,25,0,0
R02,SKU-1203,2026-04-27,23,0,0
R02,SKU-1203,04/28/2026,21,2,0
R02,SKU-1203,04/29/2026,23,0,0
R02,SKU-1203,2026-04-30,28,0,0
R02,SKU-1021,04/01/2026,26,0,0
R02,SKU-1021,2026-04-02,28,0,0
R02,SKU-1021,04/03/2026,24,1,0
R02,SKU-1021,04/04/2026,28,2,1
R02,SKU-1021,2026-04-05,30,0,0
R02,SKU-1021,04/06/2026,22,0,0
R02,SKU-1021,07-Apr-26,24,1,0
R02,SKU-1021,2026-04-08,26,0,0
R02,SKU-1021,04/09/2026,30,0,0
R02,SKU-1021,04/10/2026,19,1,0
R02,SKU-1021,11-Apr-26,33,0,1
R02,SKU-1021,2026-04-12,28,0,0
R02,SKU-1021,2026-04-13,35,0,0
R02,SKU-1021,2026-04-14,38,0,0
R02,SKU-1021,04/15/2026,21,0,0
R02,SKU-1021,2026-04-16,24,1,0
R02,SKU-1021,2026-04-17,25,0,0
R02,SKU-1021,2026-04-18,24,0,0
R02,SKU-1021,2026-04-19,19,0,0
R02,SKU-1021,2026-04-20,28,0,0
R02,SKU-1021,04/21/2026,30,0,0
R02,SKU-1021,04/22/2026,25,0,0
R02,SKU-1021,2026-04-23,30,0,0
R02,SKU-1021,2026-04-24,31,0,0
R02,SKU-1021,2026-04-25,25,0,0
R02,SKU-1021,26-Apr-26,37,0,0
R02,SKU-1021,04/27/2026,26,1,0
R02,SKU-1021,2026-04-28,31,1,0
R02,SKU-1021,2026-04-29,25,0,0
R02,SKU-1021,04/30/2026,27,1,0
R02,SKU-1189,2026-04-01,21,1,0
R02,SKU-1189,02-Apr-26,21,0,0
R02,SKU-1189,2026-04-03,22,0,0
R02,SKU-1189,2026-04-04,16,1,0
R02,SKU-1189,2026-04-05,16,0,1
R02,SKU-1189,04/06/2026,25,0,0
R02,SKU-1189,2026-04-07,24,0,1
R02,SKU-1189,08-Apr-26,26,0,0
R02,SKU-1189,04/09/2026,22,0,1
R02,SKU-1189,04/10/2026,15,0,0
R02,SKU-1189,04/11/2026,20,0,0
R02,SKU-1189,04/12/2026,24,0,0
R02,SKU-1189,04/13/2026,26,0,0
R02,SKU-1189,2026-04-14,25,0,0
R02,SKU-1189,04/15/2026,28,2,0
R02,SKU-1189,04/16/2026,23,2,1
R02,SKU-1189,04/17/2026,12,0,0
R02,SKU-1189,04/18/2026,20,0,0
R02,SKU-1189,19-Apr-26,16,0,0
R02,SKU-1189,04/20/2026,17,0,1
R02,SKU-1189,2026-04-21,10,0,0
R02,SKU-1189,2026-04-22,19,0,0
R02,SKU-1189,2026-04-23,17,1,0
R02,SKU-1189,04/24/2026,11,1,0
R02,SKU-1189,25-Apr-26,15,1,0
R02,SKU-1189,2026-04-26,24,0,0
R02,SKU-1189,2026-04-27,16,0,0
R02,SKU-1189,2026-04-28,21,0,1
R02,SKU-1189,2026-04-29,21,2,0
R02,SKU-1189,2026-04-30,14,0,1
R02,SKU-1175,2026-04-01,27,1,0
R02,SKU-1175,2026-04-02,23,0,0
R02,SKU-1175,04/03/2026,25,0,1
R02,SKU-1175,2026-04-04,22,0,0
R02,SKU-1175,04/05/2026,28,0,0
R02,SKU-1175,04/06/2026,23,0,0
R02,SKU-1175,2026-04-07,27,1,0
R02,SKU-1175,08-Apr-26,23,0,0
R02,SKU-1175,04/09/2026,25,0,0
R02,SKU-1175,2026-04-10,30,0,0
R02,SKU-1175,2026-04-11,15,1,0
R02,SKU-1175,2026-04-12,20,1,0
R02,SKU-1175,2026-04-13,18,1,1
R02,SKU-1175,14-Apr-26,21,1,0
R02,SKU-1175,15-Apr-26,17,0,0
R02,SKU-1175,2026-04-16,19,1,0
R02,SKU-1175,2026-04-17,23,1,0
R02,SKU-1175,2026-04-18,37,0,0
R02,SKU-1175,2026-04-19,29,0,0
R02,SKU-1175,04/20/2026,30,0,0
R02,SKU-1175,2026-04-21,29,0,0
R02,SKU-1175,2026-04-22,28,0,0
R02,SKU-1175,2026-04-23,19,0,0
R02,SKU-1175,04/24/2026,19,0,0
R02,SKU-1175,25-Apr-26,34,2,0
R02,SKU-1175,2026-04-26,19,0,0
R02,SKU-1175,04/27/2026,23,0,0
R02,SKU-1175,2026-04-28,39,0,0
R02,SKU-1175,2026-04-29,17,0,0
R02,SKU-1175,30-Apr-26,17,0,0
R02,SKU-1042,01-Apr-26,29,0,0
R02,SKU-1042,2026-04-02,18,0,0
R02,SKU-1042,2026-04-03,32,0,0
R02,SKU-1042,2026-04-04,20,0,0
R02,SKU-1042,04/05/2026,18,0,0
R02,SKU-1042,06-Apr-26,29,0,0
R02,SKU-1042,2026-04-07,19,0,0
R02,SKU-1042,2026-04-08,27,1,0
R02,SKU-1042,09-Apr-26,23,0,1
R02,SKU-1042,2026-04-10,22,2,0
R02,SKU-1042,04/11/2026,23,1,0
R02,SKU-1042,12-Apr-26,24,0,0
R02,SKU-1042,2026-04-13,34,0,0
R02,SKU-1042,2026-04-14,28,0,0
R02,SKU-1042,04/15/2026,25,0,0
R02,SKU-1042,04/16/2026,32,2,0
R02,SKU-1042,2026-04-17,33,0,0
R02,SKU-1042,18-Apr-26,28,0,0
R02,SKU-1042,2026-04-19,16,0,0
R02,SKU-1042,2026-04-20,19,0,0
R02,SKU-1042,21-Apr-26,19,1,0
R02,SKU-1042,2026-04-22,31,0,0
R02,SKU-1042,23-Apr-26,23,0,0
R02,SKU-1042,04/24/2026,29,1,1
R02,SKU-1042,2026-04-25,21,0,1
R02,SKU-1042,2026-04-26,29,0,0
R02,SKU-1042,2026-04-27,25,0,0
R02,SKU-1042,04/28/2026,25,0,0
R02,SKU-1042,04/29/2026,33,2,0
R02,SKU-1042,30-Apr-26,26,1,0
R02,SKU-1007,2026-04-01,8,0,0
R02,SKU-1007,2026-04-02,5,0,0
R02,SKU-1007,2026-04-03,14,0,0
R02,SKU-1007,2026-04-04,12,0,1
R02,SKU-1007,04/05/2026,17,0,0
R02,SKU-1007,04/06/2026,11,0,0
R02,SKU-1007,2026-04-07,16,0,0
R02,SKU-1007,2026-04-08,12,0,0
R02,SKU-1007,2026-04-09,13,1,0
R02,SKU-1007,04/10/2026,5,1,0
R02,SKU-1007,2026-04-11,22,0,0
R02,SKU-1007,2026-04-12,14,0,0
R02,SKU-1007,04/13/2026,12,0,0
R02,SKU-1007,2026-04-14,12,0,0
R02,SKU-1007,2026-04-15,15,1,0
R02,SKU-1007,2026-04-16,18,0,0
R02,SKU-1007,2026-04-17,13,0,0
R02,SKU-1007,18-Apr-26,18,1,0
R02,SKU-1007,04/19/2026,18,1,0
R02,SKU-1007,04/20/2026,12,0,0
R02,SKU-1007,2026-04-21,13,0,0
R02,SKU-1007,2026-04-22,16,0,0
R02,SKU-1007,2026-04-23,10,0,0
R02,SKU-1007,04/24/2026,12,0,0
R02,SKU-1007,2026-04-25,14,0,0
R02,SKU-1007,04/26/2026,13,0,0
R02,SKU-1007,04/27/2026,9,0,0
R02,SKU-1007,2026-04-28,10,1,0
R02,SKU-1007,2026-04-29,15,0,0
R02,SKU-1007,04/30/2026,13,0,0
R02,SKU-1126,2026-04-01,33,1,0
R02,SKU-1126,04/02/2026,32,0,1
R02,SKU-1126,2026-04-03,32,0,0
R02,SKU-1126,2026-04-04,32,0,0
R02,SKU-1126,2026-04-05,40,0,0
R02,SKU-1126,2026-04-06,26,1,0
R02,SKU-1126,04/07/2026,32,1,0
R02,SKU-1126,2026-04-08,31,0,0
R02,SKU-1126,2026-04-09,35,0,1
R02,SKU-1126,04/10/2026,28,1,0
R02,SKU-1126,2026-04-11,25,1,0
R02,SKU-1126,2026-04-12,27,0,0
R02,SKU-1126,13-Apr-26,18,0,0
R02,SKU-1126,2026-04-14,32,0,0
R02,SKU-1126,2026-04-15,26,0,0
R02,SKU-1126,04/16/2026,31,0,0
R02,SKU-1126,04/17/2026,30,2,1
R02,SKU-1126,18-Apr-26,33,1,0
R02,SKU-1126,19-Apr-26,21,1,1
R02,SKU-1126,04/20/2026,39,3,0
R02,SKU-1126,04/21/2026,39,1,0
R02,SKU-1126,2026-04-22,25,1,1
R02,SKU-1126,23-Apr-26,36,0,0
R02,SKU-1126,2026-04-24,30,1,0
R02,SKU-1126,2026-04-25,23,1,0
R02,SKU-1126,2026-04-26,34,0,0
R02,SKU-1126,04/27/2026,32,0,0
R02,SKU-1126,2026-04-28,23,1,0
R02,SKU-1126,2026-04-29,43,1,0
R02,SKU-1126,2026-04-30,27,2,0
R02,SKU-1273,2026-04-01,12,0,0
R02,SKU-1273,2026-04-02,17,0,0
R02,SKU-1273,2026-04-03,26,0,0
R02,SKU-1273,04/04/2026,31,0,0
R02,SKU-1273,2026-04-05,20,1,1
R02,SKU-1273,2026-04-06,19,0,0
R02,SKU-1273,04/07/2026,20,0,0
R02,SKU-1273,2026-04-08,18,0,0
R02,SKU-1273,2026-04-09,12,1,1
R02,SKU-1273,04/10/2026,20,0,0
R02,SKU-1273,04/11/2026,24,0,0
R02,SKU-1273,2026-04-12,18,0,1
R02,SKU-1273,13-Apr-26,16,0,0
R02,SKU-1273,2026-04-14,14,0,0
R02,SKU-1273,04/15/2026,31,0,1
R02,SKU-1273,16-Apr-26,19,0,0
R02,SKU-1273,2026-04-17,17,0,0
R02,SKU-1273,2026-04-18,24,0,0
R02,SKU-1273,04/19/2026,28,0,0
R02,SKU-1273,2026-04-20,26,0,0
R02,SKU-1273,2026-04-21,24,0,0
R02,SKU-1273,2026-04-22,20,1,0
R02,SKU-1273,2026-04-23,32,0,0
R02,SKU-1273,2026-04-24,19,0,0
R02,SKU-1273,2026-04-25,18,1,0
R02,SKU-1273,2026-04-26,17,1,0
R02,SKU-1273,2026-04-27,21,0,1
R02,SKU-1273,2026-04-28,18,0,0
R02,SKU-1273,04/29/2026,26,1,0
R02,SKU-1273,2026-04-30,22,0,1
R02,SKU-1056,01-Apr-26,21,1,1
R02,SKU-1056,02-Apr-26,17,0,0
R02,SKU-1056,2026-04-03,20,0,0
R02,SKU-1056,04-Apr-26,10,0,0
R02,SKU-1056,05-Apr-26,10,0,0
R02,SKU-1056,2026-04-06,20,0,0
R02,SKU-1056,2026-04-07,19,0,0
R02,SKU-1056,2026-04-08,19,1,0
R02,SKU-1056,09-Apr-26,22,0,1
R02,SKU-1056,2026-04-10,18,0,0
R02,SKU-1056,2026-04-11,21,0,0
R02,SKU-1056,04/12/2026,23,1,0
R02,SKU-1056,13-Apr-26,23,1,0
R02,SKU-1056,2026-04-14,10,0,0
R02,SKU-1056,15-Apr-26,13,0,1
R02,SKU-1056,2026-04-16,18,0,0
R02,SKU-1056,04/17/2026,20,1,1
R02,SKU-1056,2026-04-18,20,0,0
R02,SKU-1056,19-Apr-26,17,1,0
R02,SKU-1056,2026-04-20,20,2,0
R02,SKU-1056,2026-04-21,18,0,0
R02,SKU-1056,22-Apr-26,22,0,0
R02,SKU-1056,2026-04-23,15,0,1
R02,SKU-1056,2026-04-24,25,0,0
R02,SKU-1056,25-Apr-26,19,1,0
R02,SKU-1056,2026-04-26,14,0,0
R02,SKU-1056,2026-04-27,9,0,1
R02,SKU-1056,2026-04-28,30,0,1
R02,SKU-1056,2026-04-29,15,1,0
R02,SKU-1056,2026-04-30,13,0,0
R02,SKU-1280,04/01/2026,18,0,0
R02,SKU-1280,2026-04-02,15,1,1
R02,SKU-1280,2026-04-03,20,0,0
R02,SKU-1280,2026-04-04,16,1,1
R02,SKU-1280,2026-04-05,15,1,0
R02,SKU-1280,2026-04-06,15,0,0
R02,SKU-1280,2026-04-07,16,0,0
R02,SKU-1280,2026-04-08,29,0,0
R02,SKU-1280,2026-04-09,19,1,0
R02,SKU-1280,2026-04-10,24,0,0
R02,SKU-1280,11-Apr-26,16,2,0
R02,SKU-1280,2026-04-12,21,1,0
R02,SKU-1280,2026-04-13,28,0,0
R02,SKU-1280,2026-04-14,14,1,0
R02,SKU-1280,2026-04-15,17,0,0
R02,SKU-1280,04/16/2026,18,0,0
R02,SKU-1280,2026-04-17,22,1,0
R02,SKU-1280,2026-04-18,21,1,0
R02,SKU-1280,04/19/2026,25,0,1
R02,SKU-1280,04/20/2026,23,2,0
R02,SKU-1280,04/21/2026,21,1,1
R02,SKU-1280,2026-04-22,14,0,0
R02,SKU-1280,2026-04-23,22,2,0
R02,SKU-1280,2026-04-24,22,1,0
R02,SKU-1280,2026-04-25,22,0,0
R02,SKU-1280,26-Apr-26,18,0,0
R02,SKU-1280,04/27/2026,29,1,0
R02,SKU-1280,2026-04-28,19,0,0
R02,SKU-1280,2026-04-29,18,0,1
R02,SKU-1280,30-Apr-26,19,0,0
R02,SKU-1259,04/01/2026,22,0,0
R02,SKU-1259,2026-04-02,32,0,0
R02,SKU-1259,2026-04-03,20,0,0
R02,SKU-1259,04/04/2026,28,1,0
R02,SKU-1259,2026-04-05,29,0,1
R02,SKU-1259,2026-04-06,25,0,0
R02,SKU-1259,2026-04-07,30,0,1
R02,SKU-1259,2026-04-08,21,0,0
R02,SKU-1259,04/09/2026,20,2,1
R02,SKU-1259,2026-04-10,22,1,0
R02,SKU-1259,04/11/2026,33,1,0
R02,SKU-1259,2026-04-12,17,1,0
R02,SKU-1259,04/13/2026,21,0,0
R02,SKU-1259,14-Apr-26,18,0,0
R02,SKU-1259,2026-04-15,26,0,0
R02,SKU-1259,2026-04-16,25,0,0
R02,SKU-1259,04/17/2026,17,0,0
R02,SKU-1259,2026-04-18,20,0,0
R02,SKU-1259,2026-04-19,19,0,0
R02,SKU-1259,2026-04-20,13,1,0
R02,SKU-1259,2026-04-21,27,0,0
R02,SKU-1259,04/22/2026,22,1,0
R02,SKU-1259,23-Apr-26,23,0,0
R02,SKU-1259,04/24/2026,27,1,0
R02,SKU-1259,25-Apr-26,10,0,0
R02,SKU-1259,2026-04-26,22,0,0
R02,SKU-1259,27-Apr-26,28,0,0
R02,SKU-1259,2026-04-28,28,0,0
R02,SKU-1259,2026-04-29,26,0,0
R02,SKU-1259,04/30/2026,22,0,1
R03,SKU-1091,2026-04-01,17,0,0
R03,SKU-1091,2026-04-02,14,0,0
R03,SKU-1091,2026-04-03,9,0,0
R03,SKU-1091,2026-04-04,13,0,0
R03,SKU-1091,2026-04-05,9,0,0
R03,SKU-1091,2026-04-06,10,0,0
R03,SKU-1091,2026-04-07,7,0,0
R03,SKU-1091,2026-04-08,4,0,0
R03,SKU-1091,2026-04-09,15,0,1
R03,SKU-1091,2026-04-10,5,0,0
R03,SKU-1091,2026-04-11,12,0,0
R03,SKU-1091,04/12/2026,9,0,0
R03,SKU-1091,2026-04-13,6,0,0
R03,SKU-1091,2026-04-14,17,0,1
R03,SKU-1091,04/15/2026,18,0,0
R03,SKU-1091,04/16/2026,8,0,0
R03,SKU-1091,2026-04-17,13,1,0
R03,SKU-1091,2026-04-18,12,0,0
R03,SKU-1091,2026-04-19,16,0,0
R03,SKU-1091,04/20/2026,15,0,0
R03,SKU-1091,2026-04-21,13,0,0
R03,SKU-1091,2026-04-22,8,0,0
R03,SKU-1091,2026-04-23,7,2,0
R03,SKU-1091,2026-04-24,11,2,0
R03,SKU-1091,2026-04-25,16,0,0
R03,SKU-1091,2026-04-26,12,0,1
R03,SKU-1091,04/27/2026,17,0,1
R03,SKU-1091,04/28/2026,10,1,1
R03,SKU-1091,2026-04-29,14,1,0
R03,SKU-1091,2026-04-30,15,0,0
R03,SKU-1140,2026-04-01,30,0,0
R03,SKU-1140,2026-04-02,30,0,0
R03,SKU-1140,2026-04-03,33,1,0
R03,SKU-1140,2026-04-04,21,0,0
R03,SKU-1140,2026-04-05,23,1,0
R03,SKU-1140,2026-04-06,36,1,0
R03,SKU-1140,2026-04-07,31,0,0
R03,SKU-1140,04/08/2026,28,0,0
R03,SKU-1140,2026-04-09,27,0,0
R03,SKU-1140,2026-04-10,27,1,0
R03,SKU-1140,2026-04-11,36,0,0
R03,SKU-1140,04/12/2026,18,0,0
R03,SKU-1140,2026-04-13,28,0,0
R03,SKU-1140,04/14/2026,40,0,1
R03,SKU-1140,2026-04-15,25,0,0
R03,SKU-1140,2026-04-16,23,0,0
R03,SKU-1140,17-Apr-26,29,0,0
R03,SKU-1140,2026-04-18,34,1,0
R03,SKU-1140,2026-04-19,33,0,0
R03,SKU-1140,2026-04-20,25,1,0
R03,SKU-1140,04/21/2026,32,1,1
R03,SKU-1140,2026-04-22,24,0,0
R03,SKU-1140,04/23/2026,36,1,0
R03,SKU-1140,2026-04-24,24,0,0
R03,SKU-1140,04/25/2026,30,0,0
R03,SKU-1140,2026-04-26,35,0,0
R03,SKU-1140,2026-04-27,34,1,0
R03,SKU-1140,2026-04-28,20,0,0
R03,SKU-1140,2026-04-29,30,0,0
R03,SKU-1140,04/30/2026,23,1,1
R03,SKU-1035,04/01/2026,20,0,0
R03,SKU-1035,2026-04-02,23,0,0
R03,SKU-1035,2026-04-03,41,1,0
R03,SKU-1035,2026-04-04,18,2,0
R03,SKU-1035,04/05/2026,22,1,0
R03,SKU-1035,2026-04-06,37,0,1
R03,SKU-1035,2026-04-07,34,1,0
R03,SKU-1035,2026-04-08,27,0,0
R03,SKU-1035,2026-04-09,31,0,0
R03,SKU-1035,2026-04-10,30,0,0
R03,SKU-1035,11-Apr-26,17,1,0
R03,SKU-1035,2026-04-12,35,0,0
R03,SKU-1035,04/13/2026,28,0,1
R03,SKU-1035,2026-04-14,26,0,0
R03,SKU-1035,15-Apr-26,30,0,1
R03,SKU-1035,2026-04-16,26,1,0
R03,SKU-1035,17-Apr-26,31,0,0
R03,SKU-1035,2026-04-18,25,0,0
R03,SKU-1035,2026-04-19,18,1,1
R03,SKU-1035,2026-04-20,18,0,0
R03,SKU-1035,2026-04-21,28,0,0
R03,SKU-1035,2026-04-22,23,0,0
R03,SKU-1035,2026-04-23,32,0,0
R03,SKU-1035,2026-04-24,27,1,0
R03,SKU-1035,04/25/2026,24,2,0
R03,SKU-1035,2026-04-26,29,0,0
R03,SKU-1035,2026-04-27,22,0,0
R03,SKU-1035,2026-04-28,15,1,1
R03,SKU-1035,04/29/2026,31,2,0
R03,SKU-1035,2026-04-30,18,1,0
R03,SKU-1098,2026-04-01,24,1,0
R03,SKU-1098,02-Apr-26,25,0,0
R03,SKU-1098,03-Apr-26,20,1,0
R03,SKU-1098,2026-04-04,27,0,0
R03,SKU-1098,2026-04-05,26,0,0
R03,SKU-1098,2026-04-06,31,0,0
R03,SKU-1098,04/07/2026,40,0,0
R03,SKU-1098,2026-04-08,29,1,0
R03,SKU-1098,2026-04-09,34,0,0
R03,SKU-1098,04/10/2026,30,0,0
R03,SKU-1098,04/11/2026,25,0,0
R03,SKU-1098,04/12/2026,30,1,1
R03,SKU-1098,2026-04-13,27,1,0
R03,SKU-1098,2026-04-14,32,0,0
R03,SKU-1098,2026-04-15,32,1,0
R03,SKU-1098,04/16/2026,16,0,0
R03,SKU-1098,04/17/2026,22,1,0
R03,SKU-1098,2026-04-18,31,0,0
R03,SKU-1098,04/19/2026,25,0,1
R03,SKU-1098,2026-04-20,33,0,0
R03,SKU-1098,21-Apr-26,26,0,0
R03,SKU-1098,2026-04-22,30,1,0
R03,SKU-1098,2026-04-23,28,1,0
R03,SKU-1098,2026-04-24,38,0,0
R03,SKU-1098,2026-04-25,33,1,0
R03,SKU-1098,2026-04-26,29,2,1
R03,SKU-1098,2026-04-27,34,0,0
R03,SKU-1098,2026-04-28,34,1,0
R03,SKU-1098,04/29/2026,24,0,0
R03,SKU-1098,2026-04-30,31,3,0
R03,SKU-1049,2026-04-01,6,0,0
R03,SKU-1049,2026-04-02,12,0,0
R03,SKU-1049,2026-04-03,16,1,0
R03,SKU-1049,04-Apr-26,14,1,0
R03,SKU-1049,2026-04-05,9,0,0
R03,SKU-1049,04/06/2026,14,1,0
R03,SKU-1049,04/07/2026,11,0,0
R03,SKU-1049,2026-04-08,9,1,0
R03,SKU-1049,2026-04-09,13,0,0
R03,SKU-1049,2026-04-10,7,0,0
R03,SKU-1049,04/11/2026,12,0,0
R03,SKU-1049,2026-04-12,8,0,0
R03,SKU-1049,2026-04-13,11,1,0
R03,SKU-1049,2026-04-14,6,0,0
R03,SKU-1049,04/15/2026,11,0,0
R03,SKU-1049,04/16/2026,11,1,0
R03,SKU-1049,04/17/2026,11,1,0
R03,SKU-1049,2026-04-18,10,1,1
R03,SKU-1049,04/19/2026,10,0,1
R03,SKU-1049,2026-04-20,11,0,0
R03,SKU-1049,2026-04-21,12,0,0
R03,SKU-1049,04/22/2026,13,0,0
R03,SKU-1049,04/23/2026,12,0,1
R03,SKU-1049,2026-04-24,11,0,0
R03,SKU-1049,2026-04-25,13,0,0
R03,SKU-1049,2026-04-26,11,0,0
R03,SKU-1049,2026-04-27,6,0,0
R03,SKU-1049,28-Apr-26,9,0,0
R03,SKU-1049,04/29/2026,10,0,0
R03,SKU-1049,04/30/2026,13,0,0
R03,SKU-1161,04/01/2026,33,0,0
R03,SKU-1161,2026-04-02,23,1,0
R03,SKU-1161,04/03/2026,31,0,0
R03,SKU-1161,2026-04-04,26,0,0
R03,SKU-1161,2026-04-05,28,1,1
R03,SKU-1161,04/06/2026,33,0,0
R03,SKU-1161,2026-04-07,30,0,0
R03,SKU-1161,04/08/2026,27,1,1
R03,SKU-1161,2026-04-09,29,1,0
R03,SKU-1161,04/10/2026,37,0,1
R03,SKU-1161,2026-04-11,29,1,1
R03,SKU-1161,04/12/2026,33,0,0
R03,SKU-1161,04/13/2026,29,0,0
R03,SKU-1161,2026-04-14,32,0,0
R03,SKU-1161,15-Apr-26,19,0,0
R03,SKU-1161,2026-04-16,46,0,0
R03,SKU-1161,2026-04-17,37,0,0
R03,SKU-1161,2026-04-18,38,0,0
R03,SKU-1161,2026-04-19,33,0,0
R03,SKU-1161,20-Apr-26,27,0,1
R03,SKU-1161,2026-04-21,32,0,0
R03,SKU-1161,2026-04-22,26,0,0
R03,SKU-1161,2026-04-23,27,1,0
R03,SKU-1161,2026-04-24,27,0,0
R03,SKU-1161,2026-04-25,23,0,0
R03,SKU-1161,2026-04-26,22,0,0
R03,SKU-1161,27-Apr-26,35,0,0
R03,SKU-1161,28-Apr-26,35,1,0
R03,SKU-1161,29-Apr-26,20,0,0
R03,SKU-1161,2026-04-30,38,0,0
R03,SKU-1063,04/01/2026,7,0,1
R03,SKU-1063,2026-04-02,4,0,0
R03,SKU-1063,2026-04-03,7,0,1
R03,SKU-1063,2026-04-04,6,0,0
R03,SKU-1063,2026-04-05,5,0,0
R03,SKU-1063,2026-04-06,8,0,0
R03,SKU-1063,2026-04-07,7,0,0
R03,SKU-1063,2026-04-08,5,1,0
R03,SKU-1063,2026-04-09,3,0,0
R03,SKU-1063,10-Apr-26,6,1,1
R03,SKU-1063,2026-04-11,9,0,0
R03,SKU-1063,2026-04-12,7,0,1
R03,SKU-1063,2026-04-13,5,1,0
R03,SKU-1063,2026-04-14,7,1,0
R03,SKU-1063,2026-04-15,9,0,1
R03,SKU-1063,2026-04-16,6,1,0
R03,SKU-1063,2026-04-17,2,1,0
R03,SKU-1063,04/18/2026,10,1,0
R03,SKU-1063,2026-04-19,7,0,0
R03,SKU-1063,20-Apr-26,9,0,1
R03,SKU-1063,04/21/2026,7,1,0
R03,SKU-1063,22-Apr-26,10,0,0
R03,SKU-1063,04/23/2026,5,0,0
R03,SKU-1063,2026-04-24,6,1,0
R03,SKU-1063,2026-04-25,5,0,0
R03,SKU-1063,2026-04-26,8,1,0
R03,SKU-1063,2026-04-27,7,1,0
R03,SKU-1063,04/28/2026,5,0,0
R03,SKU-1063,2026-04-29,4,0,0
R03,SKU-1063,2026-04-30,7,0,0
R03,SKU-1224,01-Apr-26,24,0,0
R03,SKU-1224,2026-04-02,22,1,0
R03,SKU-1224,2026-04-03,16,0,1
R03,SKU-1224,04/04/2026,17,0,0
R03,SKU-1224,2026-04-05,11,0,0
R03,SKU-1224,2026-04-06,17,0,0
R03,SKU-1224,04/07/2026,8,1,0
R03,SKU-1224,2026-04-08,19,0,0
R03,SKU-1224,2026-04-09,21,0,1
R03,SKU-1224,2026-04-10,8,3,0
R03,SKU-1224,04/11/2026,14,0,0
R03,SKU-1224,04/12/2026,10,0,0
R03,SKU-1224,2026-04-13,14,0,0
R03,SKU-1224,04/14/2026,9,1,0
R03,SKU-1224,2026-04-15,16,0,0
R03,SKU-1224,04/16/2026,21,1,0
R03,SKU-1224,04/17/2026,17,1,0
R03,SKU-1224,2026-04-18,10,0,1
R03,SKU-1224,2026-04-19,21,1,1
R03,SKU-1224,2026-04-20,15,0,0
R03,SKU-1224,04/21/2026,21,0,0
R03,SKU-1224,04/22/2026,11,1,0
R03,SKU-1224,2026-04-23,13,1,0
R03,SKU-1224,04/24/2026,22,0,0
R03,SKU-1224,25-Apr-26,17,0,0
R03,SKU-1224,04/26/2026,15,0,0
R03,SKU-1224,2026-04-27,18,0,1
R03,SKU-1224,04/28/2026,23,0,0
R03,SKU-1224,2026-04-29,19,1,0
R03,SKU-1224,04/30/2026,20,0,0
R03,SKU-1084,01-Apr-26,14,0,0
R03,SKU-1084,2026-04-02,16,0,0
R03,SKU-1084,2026-04-03,11,0,0
R03,SKU-1084,2026-04-04,7,0,1
R03,SKU-1084,2026-04-05,17,2,0
R03,SKU-1084,2026-04-06,10,1,0
R03,SKU-1084,2026-04-07,10,0,0
R03,SKU-1084,2026-04-08,18,0,0
R03,SKU-1084,09-Apr-26,10,1,1
R03,SKU-1084,04/10/2026,13,0,0
R03,SKU-1084,2026-04-11,13,0,0
R03,SKU-1084,2026-04-12,8,1,0
R03,SKU-1084,13-Apr-26,15,0,0
R03,SKU-1084,2026-04-14,12,0,0
R03,SKU-1084,15-Apr-26,10,0,0
R03,SKU-1084,2026-04-16,9,0,0
R03,SKU-1084,04/17/2026,4,1,0
R03,SKU-1084,2026-04-18,9,0,0
R03,SKU-1084,2026-04-19,10,0,0
R03,SKU-1084,2026-04-20,9,1,1
R03,SKU-1084,2026-04-21,10,1,0
R03,SKU-1084,04/22/2026,9,0,0
R03,SKU-1084,2026-04-23,11,0,0
R03,SKU-1084,2026-04-24,8,1,0
R03,SKU-1084,25-Apr-26,15,1,0
R03,SKU-1084,04/26/2026,7,0,0
R03,SKU-1084,04/27/2026,13,0,0
R03,SKU-1084,04/28/2026,11,0,0
R03,SKU-1084,04/29/2026,13,0,0
R03,SKU-1084,04/30/2026,16,0,0
R03,SKU-1126,2026-04-01,29,0,0
R03,SKU-1126,04/02/2026,34,0,0
R03,SKU-1126,04/03/2026,31,0,0
R03,SKU-1126,04/04/2026,39,0,0
R03,SKU-1126,2026-04-05,29,1,0
R03,SKU-1126,04/06/2026,28,2,0
R03,SKU-1126,07-Apr-26,36,0,0
R03,SKU-1126,2026-04-08,27,0,0
R03,SKU-1126,09-Apr-26,31,2,0
R03,SKU-1126,2026-04-10,37,0,0
R03,SKU-1126,2026-04-11,24,1,0
R03,SKU-1126,12-Apr-26,31,0,0
R03,SKU-1126,04/13/2026,30,0,0
R03,SKU-1126,04/14/2026,22,0,0
R03,SKU-1126,2026-04-15,24,0,0
R03,SKU-1126,16-Apr-26,27,0,0
R03,SKU-1126,04/17/2026,31,2,0
R03,SKU-1126,2026-04-18,23,0,0
R03,SKU-1126,2026-04-19,28,0,0
R03,SKU-1126,2026-04-20,28,0,0
R03,SKU-1126,2026-04-21,22,0,0
R03,SKU-1126,22-Apr-26,26,0,0
R03,SKU-1126,2026-04-23,24,1,0
R03,SKU-1126,2026-04-24,30,0,0
R03,SKU-1126,04/25/2026,26,0,0
R03,SKU-1126,04/26/2026,27,0,0
R03,SKU-1126,2026-04-27,27,0,0
R03,SKU-1126,2026-04-28,26,0,1
R03,SKU-1126,04/29/2026,29,1,0
R03,SKU-1126,2026-04-30,28,0,0
R03,SKU-1007,2026-04-01,6,0,0
R03,SKU-1007,04/02/2026,5,0,0
R03,SKU-1007,04/03/2026,5,0,0
R03,SKU-1007,2026-04-04,8,1,1
R03,SKU-1007,2026-04-05,5,0,0
R03,SKU-1007,2026-04-06,3,0,0
R03,SKU-1007,2026-04-07,2,0,0
R03,SKU-1007,2026-04-08,3,0,0
R03,SKU-1007,2026-04-09,4,0,0
R03,SKU-1007,04/10/2026,4,2,0
R03,SKU-1007,04/11/2026,4,0,0
R03,SKU-1007,2026-04-12,4,0,0
R03,SKU-1007,04/13/2026,5,1,0
R03,SKU-1007,2026-04-14,3,0,0
R03,SKU-1007,15-Apr-26,3,0,0
R03,SKU-1007,2026-04-16,4,0,0
R03,SKU-1007,2026-04-17,2,0,0
R03,SKU-1007,04/18/2026,4,0,0
R03,SKU-1007,2026-04-19,10,0,0
R03,SKU-1007,2026-04-20,6,1,0
R03,SKU-1007,21-Apr-26,1,0,0
R03,SKU-1007,2026-04-22,9,1,0
R03,SKU-1007,04/23/2026,3,0,0
R03,SKU-1007,24-Apr-26,6,1,0
R03,SKU-1007,25-Apr-26,3,0,0
R03,SKU-1007,2026-04-26,5,1,0
R03,SKU-1007,2026-04-27,6,1,1
R03,SKU-1007,2026-04-28,6,1,0
R03,SKU-1007,2026-04-29,7,0,1
R03,SKU-1007,2026-04-30,4,1,1
R03,SKU-1021,2026-04-01,38,2,0
R03,SKU-1021,2026-04-02,32,0,0
R03,SKU-1021,2026-04-03,28,1,0
R03,SKU-1021,2026-04-04,30,0,0
R03,SKU-1021,05-Apr-26,30,2,1
R03,SKU-1021,04/06/2026,31,1,0
R03,SKU-1021,2026-04-07,32,0,0
R03,SKU-1021,08-Apr-26,37,1,0
R03,SKU-1021,04/09/2026,41,1,0
R03,SKU-1021,04/10/2026,22,0,0
R03,SKU-1021,04/11/2026,38,0,0
R03,SKU-1021,2026-04-12,35,1,0
R03,SKU-1021,2026-04-13,41,0,0
R03,SKU-1021,2026-04-14,25,1,0
R03,SKU-1021,2026-04-15,27,0,0
R03,SKU-1021,04/16/2026,26,1,0
R03,SKU-1021,2026-04-17,41,1,0
R03,SKU-1021,2026-04-18,33,1,0
R03,SKU-1021,04/19/2026,30,0,0
R03,SKU-1021,2026-04-20,33,1,0
R03,SKU-1021,04/21/2026,40,0,0
R03,SKU-1021,2026-04-22,35,0,0
R03,SKU-1021,2026-04-23,46,2,0
R03,SKU-1021,2026-04-24,29,0,0
R03,SKU-1021,25-Apr-26,25,0,0
R03,SKU-1021,04/26/2026,18,0,0
R03,SKU-1021,2026-04-27,33,1,0
R03,SKU-1021,2026-04-28,34,0,0
R03,SKU-1021,29-Apr-26,35,1,0
R03,SKU-1021,30-Apr-26,35,2,0
R03,SKU-1119,2026-04-01,41,1,0
R03,SKU-1119,02-Apr-26,38,1,0
R03,SKU-1119,04/03/2026,34,0,0
R03,SKU-1119,2026-04-04,33,1,0
R03,SKU-1119,2026-04-05,34,1,1
R03,SKU-1119,04/06/2026,32,1,1
R03,SKU-1119,04/07/2026,31,1,0
R03,SKU-1119,08-Apr-26,22,1,0
R03,SKU-1119,2026-04-09,41,0,0
R03,SKU-1119,10-Apr-26,28,0,0
R03,SKU-1119,2026-04-11,43,1,0
R03,SKU-1119,12-Apr-26,29,0,0
R03,SKU-1119,2026-04-13,32,0,0
R03,SKU-1119,2026-04-14,29,0,1
R03,SKU-1119,15-Apr-26,34,0,0
R03,SKU-1119,16-Apr-26,40,0,1
R03,SKU-1119,2026-04-17,25,1,0
R03,SKU-1119,2026-04-18,31,1,0
R03,SKU-1119,2026-04-19,30,0,0
R03,SKU-1119,20-Apr-26,27,0,0
R03,SKU-1119,21-Apr-26,35,1,0
R03,SKU-1119,2026-04-22,35,0,0
R03,SKU-1119,2026-04-23,35,0,0
R03,SKU-1119,2026-04-24,36,0,0
R03,SKU-1119,2026-04-25,37,1,0
R03,SKU-1119,2026-04-26,32,0,0
R03,SKU-1119,04/27/2026,32,1,0
R03,SKU-1119,2026-04-28,37,1,0
R03,SKU-1119,04/29/2026,35,0,0
R03,SKU-1119,2026-04-30,29,0,1
R03,SKU-1070,2026-04-01,12,0,0
R03,SKU-1070,02-Apr-26,16,0,0
R03,SKU-1070,2026-04-03,13,0,0
R03,SKU-1070,2026-04-04,14,1,0
R03,SKU-1070,2026-04-05,16,0,0
R03,SKU-1070,04/06/2026,14,2,1
R03,SKU-1070,2026-04-07,15,0,0
R03,SKU-1070,08-Apr-26,16,0,0
R03,SKU-1070,04/09/2026,19,1,1
R03,SKU-1070,2026-04-10,17,0,0
R03,SKU-1070,2026-04-11,21,0,0
R03,SKU-1070,04/12/2026,15,0,0
R03,SKU-1070,2026-04-13,17,0,0
R03,SKU-1070,2026-04-14,11,0,0
R03,SKU-1070,2026-04-15,12,0,0
R03,SKU-1070,04/16/2026,18,0,0
R03,SKU-1070,2026-04-17,19,0,0
R03,SKU-1070,2026-04-18,18,0,0
R03,SKU-1070,2026-04-19,17,0,0
R03,SKU-1070,2026-04-20,20,0,0
R03,SKU-1070,2026-04-21,10,0,0
R03,SKU-1070,2026-04-22,12,0,0
R03,SKU-1070,2026-04-23,12,1,0
R03,SKU-1070,04/24/2026,13,0,0
R03,SKU-1070,04/25/2026,22,0,0
R03,SKU-1070,2026-04-26,15,1,0
R03,SKU-1070,2026-04-27,11,0,0
R03,SKU-1070,04/28/2026,14,0,0
R03,SKU-1070,2026-04-29,21,0,0
R03,SKU-1070,2026-04-30,21,1,1
R03,SKU-1252,2026-04-01,33,0,0
R03,SKU-1252,04/02/2026,28,0,0
R03,SKU-1252,2026-04-03,21,0,0
R03,SKU-1252,04/04/2026,25,0,0
R03,SKU-1252,04/05/2026,24,1,0
R03,SKU-1252,04/06/2026,24,0,1
R03,SKU-1252,2026-04-07,23,0,0
R03,SKU-1252,2026-04-08,26,0,0
R03,SKU-1252,04/09/2026,28,1,1
R03,SKU-1252,10-Apr-26,19,0,0
R03,SKU-1252,11-Apr-26,23,1,0
R03,SKU-1252,12-Apr-26,30,2,0
R03,SKU-1252,2026-04-13,29,0,0
R03,SKU-1252,04/14/2026,30,0,0
R03,SKU-1252,2026-04-15,21,0,0
R03,SKU-1252,04/16/2026,25,0,0
R03,SKU-1252,17-Apr-26,29,1,0
R03,SKU-1252,04/18/2026,28,1,0
R03,SKU-1252,2026-04-19,23,0,0
R03,SKU-1252,20-Apr-26,27,0,0
R03,SKU-1252,04/21/2026,23,2,0
R03,SKU-1252,2026-04-22,30,1,0
R03,SKU-1252,2026-04-23,27,1,0
R03,SKU-1252,2026-04-24,28,0,0
R03,SKU-1252,2026-04-25,22,1,0
R03,SKU-1252,2026-04-26,33,1,0
R03,SKU-1252,04/27/2026,15,0,0
R03,SKU-1252,2026-04-28,30,1,0
R03,SKU-1252,29-Apr-26,26,1,0
R03,SKU-1252,2026-04-30,25,0,0
R03,SKU-1112,2026-04-01,22,0,0
R03,SKU-1112,2026-04-02,25,1,0
R03,SKU-1112,2026-04-03,26,0,0
R03,SKU-1112,04/04/2026,37,0,1
R03,SKU-1112,2026-04-05,25,1,0
R03,SKU-1112,2026-04-06,24,1,0
R03,SKU-1112,2026-04-07,28,0,0
R03,SKU-1112,2026-04-08,25,2,0
R03,SKU-1112,04/09/2026,23,1,0
R03,SKU-1112,2026-04-10,32,1,0
R03,SKU-1112,04/11/2026,22,0,0
R03,SKU-1112,2026-04-12,35,0,0
R03,SKU-1112,04/13/2026,24,1,0
R03,SKU-1112,14-Apr-26,29,1,0
R03,SKU-1112,2026-04-15,24,1,0
R03,SKU-1112,2026-04-16,30,0,0
R03,SKU-1112,04/17/2026,36,1,0
R03,SKU-1112,18-Apr-26,28,1,0
R03,SKU-1112,2026-04-19,29,0,0
R03,SKU-1112,2026-04-20,31,2,0
R03,SKU-1112,2026-04-21,35,1,0
R03,SKU-1112,04/22/2026,23,0,1
R03,SKU-1112,2026-04-23,27,0,0
R03,SKU-1112,24-Apr-26,33,0,0
R03,SKU-1112,25-Apr-26,26,0,1
R03,SKU-1112,2026-04-26,30,0,1
R03,SKU-1112,2026-04-27,20,0,0
R03,SKU-1112,2026-04-28,29,0,0
R03,SKU-1112,04/29/2026,28,0,0
R03,SKU-1112,04/30/2026,25,1,0
R03,SKU-1175,2026-04-01,22,0,0
R03,SKU-1175,04/02/2026,21,0,0
R03,SKU-1175,03-Apr-26,27,0,0
R03,SKU-1175,04-Apr-26,15,1,0
R03,SKU-1175,2026-04-05,14,1,0
R03,SKU-1175,2026-04-06,22,0,0
R03,SKU-1175,2026-04-07,25,0,0
R03,SKU-1175,08-Apr-26,26,0,0
R03,SKU-1175,2026-04-09,16,0,0
R03,SKU-1175,04/10/2026,15,1,0
R03,SKU-1175,11-Apr-26,18,0,0
R03,SKU-1175,12-Apr-26,24,1,0
R03,SKU-1175,04/13/2026,20,0,0
R03,SKU-1175,14-Apr-26,21,0,0
R03,SKU-1175,2026-04-15,24,0,0
R03,SKU-1175,2026-04-16,16,0,0
R03,SKU-1175,04/17/2026,16,0,0
R03,SKU-1175,04/18/2026,18,0,0
R03,SKU-1175,2026-04-19,14,0,0
R03,SKU-1175,2026-04-20,18,2,0
R03,SKU-1175,2026-04-21,11,2,0
R03,SKU-1175,22-Apr-26,19,0,0
R03,SKU-1175,2026-04-23,17,0,0
R03,SKU-1175,04/24/2026,21,0,1
R03,SKU-1175,2026-04-25,20,0,0
R03,SKU-1175,26-Apr-26,23,0,0
R03,SKU-1175,2026-04-27,16,0,0
R03,SKU-1175,2026-04-28,17,0,0
R03,SKU-1175,2026-04-29,15,1,0
R03,SKU-1175,04/30/2026,13,1,0
R03,SKU-1259,2026-04-01,44,0,0
R03,SKU-1259,2026-04-02,28,1,0
R03,SKU-1259,03-Apr-26,41,1,1
R03,SKU-1259,2026-04-04,27,1,0
R03,SKU-1259,2026-04-05,28,0,0
R03,SKU-1259,2026-04-06,38,1,0
R03,SKU-1259,07-Apr-26,31,0,1
R03,SKU-1259,08-Apr-26,38,0,0
R03,SKU-1259,2026-04-09,31,0,0
R03,SKU-1259,10-Apr-26,29,1,1
R03,SKU-1259,04/11/2026,27,1,0
R03,SKU-1259,2026-04-12,23,0,0
R03,SKU-1259,2026-04-13,31,0,0
R03,SKU-1259,2026-04-14,39,0,0
R03,SKU-1259,2026-04-15,29,0,0
R03,SKU-1259,04/16/2026,26,1,0
R03,SKU-1259,2026-04-17,32,0,0
R03,SKU-1259,2026-04-18,31,0,0
R03,SKU-1259,2026-04-19,37,0,0
R03,SKU-1259,04/20/2026,24,0,0
R03,SKU-1259,2026-04-21,30,0,0
R03,SKU-1259,2026-04-22,44,1,0
R03,SKU-1259,04/23/2026,26,0,1
R03,SKU-1259,04/24/2026,31,1,0
R03,SKU-1259,2026-04-25,28,0,0
R03,SKU-1259,04/26/2026,33,1,0
R03,SKU-1259,2026-04-27,19,0,0
R03,SKU-1259,2026-04-28,37,2,0
R03,SKU-1259,04/29/2026,32,0,0
R03,SKU-1259,2026-04-30,29,0,0
R03,SKU-1182,2026-04-01,6,1,0
R03,SKU-1182,2026-04-02,6,0,0
R03,SKU-1182,2026-04-03,1,0,0
R03,SKU-1182,04-Apr-26,5,0,0
R03,SKU-1182,05-Apr-26,7,1,0
R03,SKU-1182,2026-04-06,5,1,0
R03,SKU-1182,04/07/2026,3,0,1
R03,SKU-1182,2026-04-08,2,2,0
R03,SKU-1182,2026-04-09,4,0,0
R03,SKU-1182,10-Apr-26,3,0,0
R03,SKU-1182,2026-04-11,5,1,1
R03,SKU-1182,04/12/2026,4,1,0
R03,SKU-1182,13-Apr-26,8,0,0
R03,SKU-1182,2026-04-14,6,0,1
R03,SKU-1182,04/15/2026,2,0,0
R03,SKU-1182,04/16/2026,3,0,0
R03,SKU-1182,17-Apr-26,4,0,1
R03,SKU-1182,2026-04-18,4,1,0
R03,SKU-1182,2026-04-19,2,0,0
R03,SKU-1182,2026-04-20,2,0,0
R03,SKU-1182,2026-04-21,4,1,0
R03,SKU-1182,04/22/2026,4,0,0
R03,SKU-1182,2026-04-23,7,0,1
R03,SKU-1182,2026-04-24,3,0,0
R03,SKU-1182,25-Apr-26,3,0,1
R03,SKU-1182,2026-04-26,3,1,0
R03,SKU-1182,2026-04-27,6,1,1
R03,SKU-1182,2026-04-28,5,1,0
R03,SKU-1182,04/29/2026,3,1,0
R03,SKU-1182,2026-04-30,7,2,0
R03,SKU-1266,2026-04-01,26,1,0
R03,SKU-1266,2026-04-02,29,0,1
R03,SKU-1266,2026-04-03,23,0,0
R03,SKU-1266,2026-04-04,31,1,0
R03,SKU-1266,04/05/2026,35,0,0
R03,SKU-1266,06-Apr-26,30,1,0
R03,SKU-1266,2026-04-07,21,0,1
R03,SKU-1266,04/08/2026,30,0,0
R03,SKU-1266,2026-04-09,22,1,0
R03,SKU-1266,2026-04-10,34,0,1
R03,SKU-1266,2026-04-11,37,1,0
R03,SKU-1266,2026-04-12,23,0,0
R03,SKU-1266,2026-04-13,32,1,1
R03,SKU-1266,2026-04-14,32,1,1
R03,SKU-1266,2026-04-15,23,1,0
R03,SKU-1266,04/16/2026,32,0,0
R03,SKU-1266,17-Apr-26,31,1,0
R03,SKU-1266,2026-04-18,27,1,0
R03,SKU-1266,19-Apr-26,34,1,0
R03,SKU-1266,04/20/2026,23,0,1
R03,SKU-1266,2026-04-21,31,0,0
R03,SKU-1266,2026-04-22,38,2,0
R03,SKU-1266,23-Apr-26,24,0,0
R03,SKU-1266,2026-04-24,30,0,0
R03,SKU-1266,2026-04-25,30,0,0
R03,SKU-1266,2026-04-26,36,0,1
R03,SKU-1266,2026-04-27,34,2,0
R03,SKU-1266,28-Apr-26,35,2,0
R03,SKU-1266,04/29/2026,33,2,0
R03,SKU-1266,30-Apr-26,37,0,0
R03,SKU-1077,04/01/2026,19,0,1
R03,SKU-1077,2026-04-02,13,1,0
R03,SKU-1077,2026-04-03,18,0,1
R03,SKU-1077,04/04/2026,14,0,0
R03,SKU-1077,2026-04-05,12,0,0
R03,SKU-1077,2026-04-06,15,0,0
R03,SKU-1077,2026-04-07,17,3,0
R03,SKU-1077,2026-04-08,16,0,0
R03,SKU-1077,09-Apr-26,14,0,0
R03,SKU-1077,2026-04-10,20,0,0
R03,SKU-1077,2026-04-11,19,0,0
R03,SKU-1077,04/12/2026,12,0,0
R03,SKU-1077,13-Apr-26,5,0,0
R03,SKU-1077,04/14/2026,14,1,1
R03,SKU-1077,04/15/2026,11,0,0
R03,SKU-1077,16-Apr-26,16,0,0
R03,SKU-1077,17-Apr-26,9,1,1
R03,SKU-1077,2026-04-18,19,0,0
R03,SKU-1077,2026-04-19,19,0,0
R03,SKU-1077,2026-04-20,16,0,0
R03,SKU-1077,04/21/2026,12,4,0
R03,SKU-1077,2026-04-22,8,0,0
R03,SKU-1077,2026-04-23,20,1,0
R03,SKU-1077,2026-04-24,19,0,0
R03,SKU-1077,2026-04-25,15,0,0
R03,SKU-1077,2026-04-26,11,0,0
R03,SKU-1077,2026-04-27,13,0,0
R03,SKU-1077,04/28/2026,25,0,0
R03,SKU-1077,2026-04-29,15,0,0
R03,SKU-1077,2026-04-30,14,1,0
R03,SKU-1280,04/01/2026,39,0,0
R03,SKU-1280,02-Apr-26,26,1,0
R03,SKU-1280,2026-04-03,23,1,0
R03,SKU-1280,04/04/2026,32,0,0
R03,SKU-1280,04/05/2026,27,1,0
R03,SKU-1280,2026-04-06,25,0,0
R03,SKU-1280,07-Apr-26,35,0,0
R03,SKU-1280,2026-04-08,21,1,0
R03,SKU-1280,04/09/2026,35,2,0
R03,SKU-1280,2026-04-10,28,0,0
R03,SKU-1280,2026-04-11,38,2,0
R03,SKU-1280,2026-04-12,27,1,1
R03,SKU-1280,13-Apr-26,31,0,0
R03,SKU-1280,04/14/2026,22,0,1
R03,SKU-1280,15-Apr-26,29,0,1
R03,SKU-1280,2026-04-16,19,0,0
R03,SKU-1280,17-Apr-26,20,0,0
R03,SKU-1280,2026-04-18,26,2,0
R03,SKU-1280,2026-04-19,27,0,0
R03,SKU-1280,2026-04-20,21,0,0
R03,SKU-1280,2026-04-21,16,0,0
R03,SKU-1280,22-Apr-26,30,0,0
R03,SKU-1280,2026-04-23,35,0,0
R03,SKU-1280,24-Apr-26,39,0,0
R03,SKU-1280,2026-04-25,35,0,0
R03,SKU-1280,2026-04-26,23,0,0
R03,SKU-1280,04/27/2026,25,1,0
R03,SKU-1280,04/28/2026,20,0,0
R03,SKU-1280,2026-04-29,22,0,0
R03,SKU-1280,2026-04-30,30,1,1
R03,SKU-1238,2026-04-01,31,1,1
R03,SKU-1238,2026-04-02,30,1,0
R03,SKU-1238,03-Apr-26,31,1,0
R03,SKU-1238,2026-04-04,33,0,0
R03,SKU-1238,04/05/2026,21,0,0
R03,SKU-1238,2026-04-06,25,0,0
R03,SKU-1238,2026-04-07,24,1,0
R03,SKU-1238,04/08/2026,31,0,0
R03,SKU-1238,2026-04-09,25,0,0
R03,SKU-1238,04/10/2026,27,0,0
R03,SKU-1238,11-Apr-26,31,0,1
R03,SKU-1238,2026-04-12,23,0,0
R03,SKU-1238,2026-04-13,31,1,0
R03,SKU-1238,2026-04-14,31,0,1
R03,SKU-1238,2026-04-15,29,1,0
R03,SKU-1238,2026-04-16,38,0,0
R03,SKU-1238,2026-04-17,21,0,0
R03,SKU-1238,04/18/2026,28,0,0
R03,SKU-1238,04/19/2026,22,1,0
R03,SKU-1238,20-Apr-26,18,0,0
R03,SKU-1238,2026-04-21,22,1,0
R03,SKU-1238,2026-04-22,25,0,0
R03,SKU-1238,23-Apr-26,27,0,0
R03,SKU-1238,2026-04-24,27,0,0
R03,SKU-1238,2026-04-25,31,0,0
R03,SKU-1238,2026-04-26,28,0,0
R03,SKU-1238,04/27/2026,26,0,0
R03,SKU-1238,2026-04-28,30,0,0
R03,SKU-1238,29-Apr-26,26,1,0
R03,SKU-1238,04/30/2026,30,0,0
R03,SKU-1217,2026-04-01,11,0,1
R03,SKU-1217,04/02/2026,8,2,0
R03,SKU-1217,2026-04-03,9,0,1
R03,SKU-1217,2026-04-04,7,0,0
R03,SKU-1217,2026-04-05,11,0,0
R03,SKU-1217,2026-04-06,9,1,0
R03,SKU-1217,2026-04-07,11,1,0
R03,SKU-1217,2026-04-08,10,0,1
R03,SKU-1217,2026-04-09,8,0,0
R03,SKU-1217,2026-04-10,6,1,0
R03,SKU-1217,11-Apr-26,11,0,0
R03,SKU-1217,2026-04-12,6,0,0
R03,SKU-1217,2026-04-13,11,0,0
R03,SKU-1217,2026-04-14,14,1,0
R03,SKU-1217,2026-04-15,6,1,0
R03,SKU-1217,04/16/2026,6,1,0
R03,SKU-1217,2026-04-17,7,0,0
R03,SKU-1217,2026-04-18,10,0,0
R03,SKU-1217,2026-04-19,11,0,0
R03,SKU-1217,2026-04-20,12,0,0
R03,SKU-1217,2026-04-21,11,0,0
R03,SKU-1217,2026-04-22,3,0,0
R03,SKU-1217,04/23/2026,9,0,0
R03,SKU-1217,2026-04-24,16,0,0
R03,SKU-1217,04/25/2026,12,0,0
R03,SKU-1217,2026-04-26,13,0,0
R03,SKU-1217,2026-04-27,8,0,0
R03,SKU-1217,04/28/2026,10,0,1
R03,SKU-1217,29-Apr-26,14,0,1
R03,SKU-1217,30-Apr-26,8,2,0
R04,SKU-1056,04/01/2026,3,0,0
R04,SKU-1056,04/02/2026,3,0,0
R04,SKU-1056,2026-04-03,2,0,0
R04,SKU-1056,2026-04-04,4,0,0
R04,SKU-1056,2026-04-05,3,0,0
R04,SKU-1056,2026-04-06,4,1,0
R04,SKU-1056,2026-04-07,6,0,0
R04,SKU-1056,08-Apr-26,4,1,0
R04,SKU-1056,2026-04-09,5,0,0
R04,SKU-1056,2026-04-10,3,1,0
R04,SKU-1056,11-Apr-26,5,3,1
R04,SKU-1056,2026-04-12,1,1,0
R04,SKU-1056,2026-04-13,5,1,0
R04,SKU-1056,04/14/2026,4,3,0
R04,SKU-1056,2026-04-15,7,0,0
R04,SKU-1056,2026-04-16,4,0,0
R04,SKU-1056,2026-04-17,4,0,0
R04,SKU-1056,2026-04-18,2,0,0
R04,SKU-1056,2026-04-19,4,0,1
R04,SKU-1056,04/20/2026,2,1,0
R04,SKU-1056,2026-04-21,4,0,0
R04,SKU-1056,04/22/2026,6,1,0
R04,SKU-1056,04/23/2026,3,1,0
R04,SKU-1056,2026-04-24,5,1,0
R04,SKU-1056,2026-04-25,3,0,0
R04,SKU-1056,2026-04-26,5,0,0
R04,SKU-1056,04/27/2026,2,0,0
R04,SKU-1056,2026-04-28,5,1,0
R04,SKU-1056,2026-04-29,5,0,0
R04,SKU-1056,2026-04-30,5,0,1
R04,SKU-1231,2026-04-01,33,0,1
R04,SKU-1231,04/02/2026,29,0,0
R04,SKU-1231,03-Apr-26,27,0,0
R04,SKU-1231,04-Apr-26,35,1,0
R04,SKU-1231,2026-04-05,21,0,0
R04,SKU-1231,2026-04-06,28,0,0
R04,SKU-1231,04/07/2026,40,1,0
R04,SKU-1231,2026-04-08,24,1,0
R04,SKU-1231,04/09/2026,31,0,0
R04,SKU-1231,04/10/2026,30,1,0
R04,SKU-1231,04/11/2026,30,0,0
R04,SKU-1231,04/12/2026,25,1,0
R04,SKU-1231,2026-04-13,29,0,0
R04,SKU-1231,2026-04-14,34,0,0
R04,SKU-1231,04/15/2026,32,0,0
R04,SKU-1231,2026-04-16,32,0,0
R04,SKU-1231,2026-04-17,20,1,0
R04,SKU-1231,04/18/2026,18,2,0
R04,SKU-1231,04/19/2026,31,0,0
R04,SKU-1231,2026-04-20,38,0,0
R04,SKU-1231,2026-04-21,27,0,0
R04,SKU-1231,04/22/2026,32,0,1
R04,SKU-1231,2026-04-23,21,0,0
R04,SKU-1231,2026-04-24,23,0,0
R04,SKU-1231,2026-04-25,20,0,0
R04,SKU-1231,2026-04-26,36,0,0
R04,SKU-1231,04/27/2026,32,0,0
R04,SKU-1231,2026-04-28,24,0,0
R04,SKU-1231,2026-04-29,26,1,1
R04,SKU-1231,2026-04-30,24,1,0
R04,SKU-1077,2026-04-01,36,1,0
R04,SKU-1077,02-Apr-26,24,0,0
R04,SKU-1077,2026-04-03,22,0,0
R04,SKU-1077,04/04/2026,28,1,0
R04,SKU-1077,2026-04-05,21,1,0
R04,SKU-1077,04/06/2026,20,0,0
R04,SKU-1077,2026-04-07,33,0,0
R04,SKU-1077,2026-04-08,28,0,0
R04,SKU-1077,04/09/2026,21,2,0
R04,SKU-1077,2026-04-10,23,0,0
R04,SKU-1077,04/11/2026,29,0,0
R04,SKU-1077,2026-04-12,25,1,0
R04,SKU-1077,04/13/2026,29,0,0
R04,SKU-1077,2026-04-14,25,0,0
R04,SKU-1077,04/15/2026,18,0,0
R04,SKU-1077,2026-04-16,36,0,0
R04,SKU-1077,2026-04-17,36,0,0
R04,SKU-1077,2026-04-18,21,2,0
R04,SKU-1077,04/19/2026,24,0,0
R04,SKU-1077,2026-04-20,25,1,0
R04,SKU-1077,2026-04-21,16,0,0
R04,SKU-1077,2026-04-22,28,0,1
R04,SKU-1077,23-Apr-26,26,0,0
R04,SKU-1077,04/24/2026,20,1,0
R04,SKU-1077,2026-04-25,32,2,0
R04,SKU-1077,26-Apr-26,28,0,0
R04,SKU-1077,2026-04-27,24,1,0
R04,SKU-1077,04/28/2026,30,0,0
R04,SKU-1077,2026-04-29,25,0,0
R04,SKU-1077,2026-04-30,31,1,0
R04,SKU-1021,2026-04-01,28,1,1
R04,SKU-1021,2026-04-02,20,1,0
R04,SKU-1021,03-Apr-26,24,0,0
R04,SKU-1021,04/04/2026,23,0,0
R04,SKU-1021,04/05/2026,29,1,0
R04,SKU-1021,04/06/2026,26,0,0
R04,SKU-1021,2026-04-07,22,0,0
R04,SKU-1021,2026-04-08,23,0,1
R04,SKU-1021,04/09/2026,33,0,1
R04,SKU-1021,04/10/2026,32,1,0
R04,SKU-1021,2026-04-11,27,0,0
R04,SKU-1021,2026-04-12,24,0,0
R04,SKU-1021,04/13/2026,24,0,0
R04,SKU-1021,2026-04-14,28,1,0
R04,SKU-1021,15-Apr-26,24,0,0
R04,SKU-1021,2026-04-16,26,0,0
R04,SKU-1021,04/17/2026,21,0,0
R04,SKU-1021,2026-04-18,24,1,1
R04,SKU-1021,19-Apr-26,25,0,1
R04,SKU-1021,2026-04-20,19,0,0
R04,SKU-1021,2026-04-21,20,0,1
R04,SKU-1021,22-Apr-26,26,0,0
R04,SKU-1021,2026-04-23,25,3,0
R04,SKU-1021,04/24/2026,28,2,0
R04,SKU-1021,2026-04-25,26,1,0
R04,SKU-1021,26-Apr-26,27,0,0
R04,SKU-1021,2026-04-27,29,0,0
R04,SKU-1021,04/28/2026,36,0,0
R04,SKU-1021,04/29/2026,33,0,0
R04,SKU-1021,30-Apr-26,21,0,0
R04,SKU-1028,2026-04-01,16,0,1
R04,SKU-1028,2026-04-02,10,0,0
R04,SKU-1028,2026-04-03,7,0,0
R04,SKU-1028,04/04/2026,10,1,0
R04,SKU-1028,2026-04-05,12,1,0
R04,SKU-1028,04/06/2026,2,0,1
R04,SKU-1028,2026-04-07,10,0,0
R04,SKU-1028,08-Apr-26,9,0,1
R04,SKU-1028,04/09/2026,11,0,0
R04,SKU-1028,10-Apr-26,10,1,0
R04,SKU-1028,11-Apr-26,9,0,1
R04,SKU-1028,04/12/2026,6,0,0
R04,SKU-1028,13-Apr-26,12,0,0
R04,SKU-1028,04/14/2026,7,0,0
R04,SKU-1028,2026-04-15,9,0,0
R04,SKU-1028,2026-04-16,8,0,0
R04,SKU-1028,2026-04-17,11,0,0
R04,SKU-1028,2026-04-18,13,1,0
R04,SKU-1028,2026-04-19,9,0,0
R04,SKU-1028,2026-04-20,9,1,0
R04,SKU-1028,04/21/2026,7,0,0
R04,SKU-1028,04/22/2026,13,1,0
R04,SKU-1028,2026-04-23,3,0,0
R04,SKU-1028,04/24/2026,7,0,0
R04,SKU-1028,2026-04-25,5,1,0
R04,SKU-1028,2026-04-26,11,1,0
R04,SKU-1028,2026-04-27,7,0,0
R04,SKU-1028,28-Apr-26,9,0,0
R04,SKU-1028,2026-04-29,14,0,1
R04,SKU-1028,2026-04-30,10,0,0
R04,SKU-1035,01-Apr-26,17,0,0
R04,SKU-1035,2026-04-02,16,0,0
R04,SKU-1035,2026-04-03,9,1,0
R04,SKU-1035,04/04/2026,11,2,0
R04,SKU-1035,2026-04-05,14,0,0
R04,SKU-1035,04/06/2026,18,0,0
R04,SKU-1035,2026-04-07,11,0,0
R04,SKU-1035,2026-04-08,11,0,0
R04,SKU-1035,2026-04-09,17,0,1
R04,SKU-1035,10-Apr-26,11,1,1
R04,SKU-1035,2026-04-11,9,0,0
R04,SKU-1035,2026-04-12,13,1,0
R04,SKU-1035,04/13/2026,11,0,0
R04,SKU-1035,2026-04-14,16,0,0
R04,SKU-1035,2026-04-15,7,0,1
R04,SKU-1035,04/16/2026,11,0,0
R04,SKU-1035,04/17/2026,12,0,0
R04,SKU-1035,18-Apr-26,8,2,0
R04,SKU-1035,2026-04-19,9,1,0
R04,SKU-1035,2026-04-20,13,0,0
R04,SKU-1035,2026-04-21,13,0,0
R04,SKU-1035,04/22/2026,15,1,1
R04,SKU-1035,23-Apr-26,14,0,0
R04,SKU-1035,2026-04-24,12,0,0
R04,SKU-1035,2026-04-25,14,1,0
R04,SKU-1035,26-Apr-26,16,2,0
R04,SKU-1035,04/27/2026,13,1,0
R04,SKU-1035,2026-04-28,9,0,0
R04,SKU-1035,2026-04-29,16,1,0
R04,SKU-1035,2026-04-30,16,0,0
R04,SKU-1182,2026-04-01,29,0,0
R04,SKU-1182,04/02/2026,17,0,0
R04,SKU-1182,04/03/2026,14,1,0
R04,SKU-1182,04-Apr-26,23,1,0
R04,SKU-1182,04/05/2026,27,0,0
R04,SKU-1182,04/06/2026,19,1,0
R04,SKU-1182,04/07/2026,22,1,0
R04,SKU-1182,2026-04-08,27,0,0
R04,SKU-1182,2026-04-09,18,0,0
R04,SKU-1182,2026-04-10,21,0,0
R04,SKU-1182,2026-04-11,16,0,0
R04,SKU-1182,04/12/2026,14,0,0
R04,SKU-1182,04/13/2026,15,1,0
R04,SKU-1182,2026-04-14,21,0,1
R04,SKU-1182,2026-04-15,31,3,0
R04,SKU-1182,2026-04-16,35,1,0
R04,SKU-1182,2026-04-17,22,1,0
R04,SKU-1182,04/18/2026,20,0,0
R04,SKU-1182,04/19/2026,27,2,0
R04,SKU-1182,2026-04-20,25,0,0
R04,SKU-1182,2026-04-21,21,1,0
R04,SKU-1182,04/22/2026,30,0,0
R04,SKU-1182,2026-04-23,19,1,0
R04,SKU-1182,04/24/2026,17,1,0
R04,SKU-1182,04/25/2026,13,0,0
R04,SKU-1182,26-Apr-26,16,2,0
R04,SKU-1182,2026-04-27,18,0,1
R04,SKU-1182,2026-04-28,16,0,0
R04,SKU-1182,04/29/2026,27,1,0
R04,SKU-1182,2026-04-30,23,0,0
R04,SKU-1238,2026-04-01,9,2,0
R04,SKU-1238,02-Apr-26,6,1,0
R04,SKU-1238,2026-04-03,4,0,0
R04,SKU-1238,2026-04-04,6,0,0
R04,SKU-1238,2026-04-05,9,0,1
R04,SKU-1238,04/06/2026,6,0,0
R04,SKU-1238,2026-04-07,7,0,0
R04,SKU-1238,2026-04-08,6,0,0
R04,SKU-1238,09-Apr-26,8,1,0
R04,SKU-1238,04/10/2026,2,0,0
R04,SKU-1238,2026-04-11,6,1,0
R04,SKU-1238,12-Apr-26,4,0,0
R04,SKU-1238,2026-04-13,5,1,0
R04,SKU-1238,2026-04-14,4,0,0
R04,SKU-1238,2026-04-15,11,1,0
R04,SKU-1238,2026-04-16,7,1,0
R04,SKU-1238,2026-04-17,9,0,0
R04,SKU-1238,2026-04-18,5,0,0
R04,SKU-1238,2026-04-19,8,0,0
R04,SKU-1238,04/20/2026,8,0,0
R04,SKU-1238,2026-04-21,3,1,0
R04,SKU-1238,2026-04-22,1,0,0
R04,SKU-1238,04/23/2026,8,1,0
R04,SKU-1238,24-Apr-26,5,1,0
R04,SKU-1238,2026-04-25,6,0,0
R04,SKU-1238,2026-04-26,6,1,0
R04,SKU-1238,04/27/2026,11,0,1
R04,SKU-1238,2026-04-28,13,0,0
R04,SKU-1238,04/29/2026,5,0,0
R04,SKU-1238,2026-04-30,5,1,0
R04,SKU-1280,2026-04-01,24,0,0
R04,SKU-1280,2026-04-02,41,2,0
R04,SKU-1280,04/03/2026,35,0,0
R04,SKU-1280,2026-04-04,37,0,0
R04,SKU-1280,2026-04-05,27,0,0
R04,SKU-1280,04/06/2026,22,0,0
R04,SKU-1280,07-Apr-26,21,1,0
R04,SKU-1280,04/08/2026,17,1,0
R04,SKU-1280,09-Apr-26,35,2,0
R04,SKU-1280,04/10/2026,25,1,1
R04,SKU-1280,2026-04-11,20,0,1
R04,SKU-1280,04/12/2026,35,2,1
R04,SKU-1280,04/13/2026,21,0,1
R04,SKU-1280,2026-04-14,32,1,0
R04,SKU-1280,15-Apr-26,34,0,0
R04,SKU-1280,2026-04-16,21,0,0
R04,SKU-1280,04/17/2026,24,0,0
R04,SKU-1280,04/18/2026,28,0,0
R04,SKU-1280,2026-04-19,31,0,0
R04,SKU-1280,04/20/2026,27,0,0
R04,SKU-1280,21-Apr-26,29,1,0
R04,SKU-1280,22-Apr-26,29,0,1
R04,SKU-1280,2026-04-23,27,0,0
R04,SKU-1280,24-Apr-26,27,0,0
R04,SKU-1280,04/25/2026,33,0,1
R04,SKU-1280,26-Apr-26,31,0,0
R04,SKU-1280,04/27/2026,28,0,0
R04,SKU-1280,2026-04-28,24,1,0
R04,SKU-1280,29-Apr-26,23,0,0
R04,SKU-1280,04/30/2026,21,2,0
R04,SKU-1273,2026-04-01,5,0,0
R04,SKU-1273,2026-04-02,13,0,0
R04,SKU-1273,03-Apr-26,3,0,0
R04,SKU-1273,2026-04-04,9,0,0
R04,SKU-1273,2026-04-05,4,1,0
R04,SKU-1273,2026-04-06,7,0,0
R04,SKU-1273,2026-04-07,7,0,0
R04,SKU-1273,2026-04-08,5,0,0
R04,SKU-1273,2026-04-09,5,1,0
R04,SKU-1273,04/10/2026,11,0,0
R04,SKU-1273,04/11/2026,4,1,0
R04,SKU-1273,12-Apr-26,9,1,0
R04,SKU-1273,2026-04-13,5,0,0
R04,SKU-1273,04/14/2026,6,1,1
R04,SKU-1273,2026-04-15,8,0,0
R04,SKU-1273,2026-04-16,8,1,0
R04,SKU-1273,2026-04-17,9,2,0
R04,SKU-1273,2026-04-18,8,0,0
R04,SKU-1273,19-Apr-26,6,0,0
R04,SKU-1273,2026-04-20,8,3,1
R04,SKU-1273,04/21/2026,7,2,1
R04,SKU-1273,04/22/2026,5,1,0
R04,SKU-1273,04/23/2026,8,1,0
R04,SKU-1273,2026-04-24,3,0,0
R04,SKU-1273,2026-04-25,8,0,0
R04,SKU-1273,2026-04-26,4,0,0
R04,SKU-1273,2026-04-27,6,0,0
R04,SKU-1273,28-Apr-26,9,0,0
R04,SKU-1273,04/29/2026,8,0,0
R04,SKU-1273,2026-04-30,6,0,0
R04,SKU-1091,04/01/2026,7,0,0
R04,SKU-1091,2026-04-02,6,0,0
R04,SKU-1091,04/03/2026,6,1,1
R04,SKU-1091,04-Apr-26,4,0,0
R04,SKU-1091,2026-04-05,5,0,0
R04,SKU-1091,04/06/2026,9,0,1
R04,SKU-1091,04/07/2026,14,1,0
R04,SKU-1091,2026-04-08,5,0,0
R04,SKU-1091,04/09/2026,4,0,0
R04,SKU-1091,2026-04-10,7,0,0
R04,SKU-1091,04/11/2026,9,2,0
R04,SKU-1091,2026-04-12,8,0,0
R04,SKU-1091,2026-04-13,12,0,1
R04,SKU-1091,14-Apr-26,7,1,0
R04,SKU-1091,04/15/2026,8,0,0
R04,SKU-1091,2026-04-16,9,0,0
R04,SKU-1091,04/17/2026,11,0,1
R04,SKU-1091,2026-04-18,7,0,0
R04,SKU-1091,2026-04-19,6,0,1
R04,SKU-1091,20-Apr-26,12,0,0
R04,SKU-1091,2026-04-21,8,0,0
R04,SKU-1091,04/22/2026,4,0,0
R04,SKU-1091,2026-04-23,6,0,0
R04,SKU-1091,2026-04-24,13,1,0
R04,SKU-1091,2026-04-25,7,0,1
R04,SKU-1091,2026-04-26,10,0,0
R04,SKU-1091,2026-04-27,4,0,0
R04,SKU-1091,2026-04-28,10,0,0
R04,SKU-1091,2026-04-29,7,1,0
R04,SKU-1091,2026-04-30,7,0,0
R04,SKU-1210,2026-04-01,37,0,0
R04,SKU-1210,2026-04-02,37,0,0
R04,SKU-1210,2026-04-03,32,0,0
R04,SKU-1210,2026-04-04,33,1,0
R04,SKU-1210,2026-04-05,32,0,0
R04,SKU-1210,06-Apr-26,29,0,0
R04,SKU-1210,07-Apr-26,28,1,0
R04,SKU-1210,2026-04-08,33,0,0
R04,SKU-1210,04/09/2026,28,0,0
R04,SKU-1210,04/10/2026,40,0,0
R04,SKU-1210,2026-04-11,34,2,0
R04,SKU-1210,04/12/2026,30,0,0
R04,SKU-1210,13-Apr-26,25,0,0
R04,SKU-1210,2026-04-14,30,0,0
R04,SKU-1210,2026-04-15,44,0,0
R04,SKU-1210,04/16/2026,31,0,0
R04,SKU-1210,04/17/2026,30,0,0
R04,SKU-1210,04/18/2026,34,0,0
R04,SKU-1210,19-Apr-26,36,1,0
R04,SKU-1210,20-Apr-26,17,0,0
R04,SKU-1210,2026-04-21,40,0,0
R04,SKU-1210,2026-04-22,36,1,0
R04,SKU-1210,04/23/2026,38,0,0
R04,SKU-1210,2026-04-24,30,0,0
R04,SKU-1210,2026-04-25,26,0,0
R04,SKU-1210,2026-04-26,28,0,1
R04,SKU-1210,2026-04-27,33,0,0
R04,SKU-1210,2026-04-28,33,1,0
R04,SKU-1210,2026-04-29,30,0,0
R04,SKU-1210,30-Apr-26,30,0,0
R04,SKU-1266,2026-04-01,4,0,0
R04,SKU-1266,2026-04-02,12,0,0
R04,SKU-1266,03-Apr-26,1,0,0
R04,SKU-1266,2026-04-04,3,1,0
R04,SKU-1266,2026-04-05,6,0,0
R04,SKU-1266,06-Apr-26,9,0,1
R04,SKU-1266,07-Apr-26,5,1,0
R04,SKU-1266,2026-04-08,3,1,0
R04,SKU-1266,04/09/2026,4,0,0
R04,SKU-1266,04/10/2026,5,0,0
R04,SKU-1266,11-Apr-26,6,1,0
R04,SKU-1266,2026-04-12,3,1,0
R04,SKU-1266,04/13/2026,8,0,1
R04,SKU-1266,04/14/2026,8,0,0
R04,SKU-1266,2026-04-15,7,0,0
R04,SKU-1266,16-Apr-26,11,2,0
R04,SKU-1266,17-Apr-26,11,0,0
R04,SKU-1266,2026-04-18,8,0,0
R04,SKU-1266,04/19/2026,5,1,0
R04,SKU-1266,2026-04-20,6,0,0
R04,SKU-1266,04/21/2026,6,0,0
R04,SKU-1266,2026-04-22,4,1,0
R04,SKU-1266,2026-04-23,9,1,0
R04,SKU-1266,2026-04-24,11,0,1
R04,SKU-1266,25-Apr-26,5,1,0
R04,SKU-1266,26-Apr-26,5,1,0
R04,SKU-1266,2026-04-27,11,0,0
R04,SKU-1266,2026-04-28,7,1,0
R04,SKU-1266,04/29/2026,12,2,0
R04,SKU-1266,04/30/2026,10,1,0
R04,SKU-1259,2026-04-01,7,1,0
R04,SKU-1259,04/02/2026,8,1,0
R04,SKU-1259,04/03/2026,6,0,0
R04,SKU-1259,2026-04-04,4,0,0
R04,SKU-1259,04/05/2026,6,0,0
R04,SKU-1259,2026-04-06,5,0,0
R04,SKU-1259,2026-04-07,6,1,0
R04,SKU-1259,2026-04-08,6,1,0
R04,SKU-1259,2026-04-09,9,0,0
R04,SKU-1259,2026-04-10,9,1,0
R04,SKU-1259,04/11/2026,6,0,0
R04,SKU-1259,2026-04-12,11,0,0
R04,SKU-1259,04/13/2026,13,2,0
R04,SKU-1259,2026-04-14,10,0,0
R04,SKU-1259,04/15/2026,7,0,0
R04,SKU-1259,2026-04-16,9,1,0
R04,SKU-1259,04/17/2026,8,0,0
R04,SKU-1259,18-Apr-26,11,0,0
R04,SKU-1259,2026-04-19,10,0,0
R04,SKU-1259,2026-04-20,11,0,0
R04,SKU-1259,2026-04-21,6,0,0
R04,SKU-1259,2026-04-22,9,0,0
R04,SKU-1259,2026-04-23,8,0,0
R04,SKU-1259,2026-04-24,6,1,0
R04,SKU-1259,04/25/2026,6,0,0
R04,SKU-1259,26-Apr-26,9,0,0
R04,SKU-1259,2026-04-27,5,0,0
R04,SKU-1259,04/28/2026,4,0,0
R04,SKU-1259,2026-04-29,6,0,0
R04,SKU-1259,04/30/2026,7,1,0
R04,SKU-1133,04/01/2026,6,0,0
R04,SKU-1133,02-Apr-26,8,1,0
R04,SKU-1133,2026-04-03,6,0,0
R04,SKU-1133,2026-04-04,5,0,0
R04,SKU-1133,05-Apr-26,9,0,0
R04,SKU-1133,06-Apr-26,4,0,0
R04,SKU-1133,04/07/2026,3,0,1
R04,SKU-1133,2026-04-08,5,0,0
R04,SKU-1133,2026-04-09,6,0,0
R04,SKU-1133,2026-04-10,6,1,0
R04,SKU-1133,04/11/2026,8,0,0
R04,SKU-1133,04/12/2026,7,0,0
R04,SKU-1133,2026-04-13,3,1,0
R04,SKU-1133,2026-04-14,6,0,0
R04,SKU-1133,15-Apr-26,6,0,0
R04,SKU-1133,04/16/2026,1,0,0
R04,SKU-1133,04/17/2026,3,0,0
R04,SKU-1133,04/18/2026,9,0,0
R04,SKU-1133,2026-04-19,2,1,1
R04,SKU-1133,20-Apr-26,9,0,0
R04,SKU-1133,2026-04-21,9,0,0
R04,SKU-1133,04/22/2026,8,0,0
R04,SKU-1133,04/23/2026,9,0,0
R04,SKU-1133,04/24/2026,7,1,0
R04,SKU-1133,2026-04-25,3,0,0
R04,SKU-1133,2026-04-26,6,1,0
R04,SKU-1133,2026-04-27,6,0,0
R04,SKU-1133,2026-04-28,7,0,0
R04,SKU-1133,2026-04-29,6,0,0
R04,SKU-1133,2026-04-30,4,0,0
R04,SKU-1126,2026-04-01,18,0,0
R04,SKU-1126,02-Apr-26,13,0,0
R04,SKU-1126,2026-04-03,8,1,0
R04,SKU-1126,2026-04-04,7,0,0
R04,SKU-1126,05-Apr-26,11,0,0
R04,SKU-1126,04/06/2026,7,0,0
R04,SKU-1126,2026-04-07,20,1,0
R04,SKU-1126,2026-04-08,8,0,0
R04,SKU-1126,2026-04-09,10,0,0
R04,SKU-1126,2026-04-10,15,0,0
R04,SKU-1126,2026-04-11,10,0,0
R04,SKU-1126,2026-04-12,11,0,0
R04,SKU-1126,2026-04-13,9,2,0
R04,SKU-1126,04/14/2026,14,0,0
R04,SKU-1126,2026-04-15,5,0,0
R04,SKU-1126,2026-04-16,19,0,0
R04,SKU-1126,2026-04-17,13,1,0
R04,SKU-1126,04/18/2026,13,1,0
R04,SKU-1126,04/19/2026,11,0,0
R04,SKU-1126,04/20/2026,12,1,0
R04,SKU-1126,2026-04-21,14,1,0
R04,SKU-1126,2026-04-22,12,1,1
R04,SKU-1126,04/23/2026,12,0,0
R04,SKU-1126,2026-04-24,14,0,0
R04,SKU-1126,2026-04-25,13,1,0
R04,SKU-1126,26-Apr-26,15,2,1
R04,SKU-1126,2026-04-27,9,0,0
R04,SKU-1126,2026-04-28,11,0,0
R04,SKU-1126,2026-04-29,13,0,0
R04,SKU-1126,2026-04-30,13,0,0
R04,SKU-1175,2026-04-01,16,0,0
R04,SKU-1175,04/02/2026,7,0,0
R04,SKU-1175,04/03/2026,7,0,1
R04,SKU-1175,2026-04-04,17,0,0
R04,SKU-1175,2026-04-05,16,0,0
R04,SKU-1175,04/06/2026,7,1,1
R04,SKU-1175,2026-04-07,27,0,0
R04,SKU-1175,08-Apr-26,8,0,0
R04,SKU-1175,09-Apr-26,11,0,0
R04,SKU-1175,2026-04-10,18,1,0
R04,SKU-1175,2026-04-11,18,0,0
R04,SKU-1175,04/12/2026,12,0,0
R04,SKU-1175,2026-04-13,16,0,0
R04,SKU-1175,2026-04-14,14,0,0
R04,SKU-1175,2026-04-15,15,0,0
R04,SKU-1175,2026-04-16,12,0,0
R04,SKU-1175,04/17/2026,15,0,0
R04,SKU-1175,04/18/2026,20,1,0
R04,SKU-1175,2026-04-19,13,1,0
R04,SKU-1175,2026-04-20,8,1,0
R04,SKU-1175,04/21/2026,16,0,0
R04,SKU-1175,04/22/2026,11,1,0
R04,SKU-1175,23-Apr-26,15,1,0
R04,SKU-1175,2026-04-24,11,0,0
R04,SKU-1175,2026-04-25,19,0,0
R04,SKU-1175,26-Apr-26,13,0,1
R04,SKU-1175,04/27/2026,18,2,0
R04,SKU-1175,2026-04-28,13,1,0
R04,SKU-1175,2026-04-29,12,0,0
R04,SKU-1175,30-Apr-26,19,0,0
R04,SKU-1098,04/01/2026,19,1,0
R04,SKU-1098,02-Apr-26,20,0,0
R04,SKU-1098,03-Apr-26,13,0,1
R04,SKU-1098,04/04/2026,24,1,0
R04,SKU-1098,2026-04-05,17,0,0
R04,SKU-1098,2026-04-06,15,1,0
R04,SKU-1098,2026-04-07,19,1,0
R04,SKU-1098,2026-04-08,18,0,0
R04,SKU-1098,2026-04-09,21,0,1
R04,SKU-1098,2026-04-10,17,0,0
R04,SKU-1098,2026-04-11,19,0,0
R04,SKU-1098,04/12/2026,24,0,0
R04,SKU-1098,04/13/2026,18,1,0
R04,SKU-1098,04/14/2026,16,0,0
R04,SKU-1098,04/15/2026,20,1,0
R04,SKU-1098,2026-04-16,21,0,0
R04,SKU-1098,2026-04-17,13,0,0
R04,SKU-1098,2026-04-18,26,1,0
R04,SKU-1098,2026-04-19,18,1,0
R04,SKU-1098,04/20/2026,21,0,0
R04,SKU-1098,21-Apr-26,20,2,1
R04,SKU-1098,2026-04-22,23,0,0
R04,SKU-1098,2026-04-23,26,0,1
R04,SKU-1098,2026-04-24,17,0,0
R04,SKU-1098,2026-04-25,23,0,0
R04,SKU-1098,2026-04-26,20,0,0
R04,SKU-1098,2026-04-27,20,0,0
R04,SKU-1098,2026-04-28,20,0,0
R04,SKU-1098,2026-04-29,23,0,0
R04,SKU-1098,04/30/2026,17,0,0
R04,SKU-1196,04/01/2026,11,0,0
R04,SKU-1196,2026-04-02,19,1,0
R04,SKU-1196,04/03/2026,10,0,0
R04,SKU-1196,04/04/2026,14,0,0
R04,SKU-1196,04/05/2026,14,0,0
R04,SKU-1196,04/06/2026,16,0,0
R04,SKU-1196,04/07/2026,16,0,0
R04,SKU-1196,04/08/2026,12,0,0
R04,SKU-1196,2026-04-09,15,1,0
R04,SKU-1196,04/10/2026,14,0,0
R04,SKU-1196,2026-04-11,14,0,0
R04,SKU-1196,2026-04-12,18,1,1
R04,SKU-1196,2026-04-13,19,0,0
R04,SKU-1196,2026-04-14,7,0,0
R04,SKU-1196,04/15/2026,13,0,0
R04,SKU-1196,16-Apr-26,9,1,0
R04,SKU-1196,17-Apr-26,13,0,0
R04,SKU-1196,2026-04-18,12,0,1
R04,SKU-1196,19-Apr-26,9,0,0
R04,SKU-1196,2026-04-20,14,0,0
R04,SKU-1196,2026-04-21,8,0,0
R04,SKU-1196,04/22/2026,11,1,0
R04,SKU-1196,2026-04-23,17,0,0
R04,SKU-1196,2026-04-24,15,0,0
R04,SKU-1196,2026-04-25,20,0,0
R04,SKU-1196,2026-04-26,13,0,0
R04,SKU-1196,2026-04-27,17,0,1
R04,SKU-1196,2026-04-28,11,1,0
R04,SKU-1196,2026-04-29,15,2,0
R04,SKU-1196,30-Apr-26,14,2,0
R04,SKU-1189,04/01/2026,27,0,0
R04,SKU-1189,02-Apr-26,28,1,0
R04,SKU-1189,2026-04-03,25,0,0
R04,SKU-1189,04-Apr-26,24,1,0
R04,SKU-1189,2026-04-05,27,1,0
R04,SKU-1189,2026-04-06,26,0,0
R04,SKU-1189,04/07/2026,27,2,0
R04,SKU-1189,2026-04-08,31,0,0
R04,SKU-1189,04/09/2026,31,0,0
R04,SKU-1189,2026-04-10,35,0,1
R04,SKU-1189,04/11/2026,32,0,0
R04,SKU-1189,12-Apr-26,26,0,0
R04,SKU-1189,04/13/2026,22,1,0
R04,SKU-1189,14-Apr-26,32,0,0
R04,SKU-1189,2026-04-15,31,0,0
R04,SKU-1189,2026-04-16,26,0,0
R04,SKU-1189,2026-04-17,28,0,0
R04,SKU-1189,2026-04-18,20,1,0
R04,SKU-1189,04/19/2026,35,1,0
R04,SKU-1189,2026-04-20,21,1,0
R04,SKU-1189,2026-04-21,25,0,0
R04,SKU-1189,04/22/2026,25,1,1
R04,SKU-1189,23-Apr-26,27,1,0
R04,SKU-1189,2026-04-24,21,0,1
R04,SKU-1189,2026-04-25,26,2,0
R04,SKU-1189,04/26/2026,28,0,0
R04,SKU-1189,2026-04-27,34,0,0
R04,SKU-1189,28-Apr-26,26,0,0
R04,SKU-1189,2026-04-29,24,1,0
R04,SKU-1189,04/30/2026,24,1,0
R04,SKU-1168,04/01/2026,19,0,0
R04,SKU-1168,04/02/2026,23,1,0
R04,SKU-1168,04/03/2026,24,2,0
R04,SKU-1168,2026-04-04,16,0,0
R04,SKU-1168,2026-04-05,19,0,1
R04,SKU-1168,2026-04-06,24,1,0
R04,SKU-1168,2026-04-07,27,0,0
R04,SKU-1168,2026-04-08,19,1,0
R04,SKU-1168,09-Apr-26,19,1,0
R04,SKU-1168,04/10/2026,26,0,0
R04,SKU-1168,2026-04-11,19,0,0
R04,SKU-1168,2026-04-12,21,1,1
R04,SKU-1168,2026-04-13,24,0,0
R04,SKU-1168,04/14/2026,21,0,0
R04,SKU-1168,2026-04-15,24,0,0
R04,SKU-1168,2026-04-16,16,0,0
R04,SKU-1168,2026-04-17,36,0,0
R04,SKU-1168,18-Apr-26,31,1,1
R04,SKU-1168,04/19/2026,23,0,0
R04,SKU-1168,2026-04-20,21,0,1
R04,SKU-1168,2026-04-21,19,2,0
R04,SKU-1168,2026-04-22,28,0,0
R04,SKU-1168,04/23/2026,34,2,0
R04,SKU-1168,04/24/2026,23,0,0
R04,SKU-1168,2026-04-25,21,0,0
R04,SKU-1168,26-Apr-26,22,0,0
R04,SKU-1168,04/27/2026,14,0,0
R04,SKU-1168,04/28/2026,28,1,0
R04,SKU-1168,2026-04-29,23,1,0
R04,SKU-1168,04/30/2026,15,1,0
R04,SKU-1105,2026-04-01,4,0,0
R04,SKU-1105,2026-04-02,9,0,0
R04,SKU-1105,2026-04-03,8,0,0
R04,SKU-1105,04/04/2026,7,0,0
R04,SKU-1105,2026-04-05,8,0,0
R04,SKU-1105,2026-04-06,5,0,0
R04,SKU-1105,2026-04-07,6,1,0
R04,SKU-1105,08-Apr-26,10,1,0
R04,SKU-1105,09-Apr-26,8,1,1
R04,SKU-1105,04/10/2026,7,0,0
R04,SKU-1105,2026-04-11,5,0,0
R04,SKU-1105,2026-04-12,9,0,0
R04,SKU-1105,13-Apr-26,5,0,1
R04,SKU-1105,04/14/2026,5,0,0
R04,SKU-1105,2026-04-15,4,1,0
R04,SKU-1105,2026-04-16,9,1,0
R04,SKU-1105,04/17/2026,17,0,1
R04,SKU-1105,2026-04-18,10,0,0
R04,SKU-1105,04/19/2026,7,0,0
R04,SKU-1105,2026-04-20,9,0,0
R04,SKU-1105,21-Apr-26,6,1,0
R04,SKU-1105,2026-04-22,7,0,0
R04,SKU-1105,2026-04-23,9,0,0
R04,SKU-1105,04/24/2026,10,0,0
R04,SKU-1105,2026-04-25,6,0,0
R04,SKU-1105,2026-04-26,5,0,0
R04,SKU-1105,04/27/2026,12,0,0
R04,SKU-1105,28-Apr-26,12,1,0
R04,SKU-1105,2026-04-29,9,0,0
R04,SKU-1105,04/30/2026,9,1,0
R04,SKU-1161,2026-04-01,18,1,0
R04,SKU-1161,04/02/2026,18,1,1
R04,SKU-1161,03-Apr-26,18,1,0
R04,SKU-1161,2026-04-04,10,0,0
R04,SKU-1161,2026-04-05,17,0,0
R04,SKU-1161,06-Apr-26,9,0,0
R04,SKU-1161,2026-04-07,18,0,0
R04,SKU-1161,2026-04-08,18,1,0
R04,SKU-1161,2026-04-09,15,1,0
R04,SKU-1161,04/10/2026,19,0,0
R04,SKU-1161,2026-04-11,14,1,1
R04,SKU-1161,04/12/2026,28,0,0
R04,SKU-1161,2026-04-13,24,1,0
R04,SKU-1161,04/14/2026,25,0,0
R04,SKU-1161,2026-04-15,11,1,1
R04,SKU-1161,2026-04-16,17,0,0
R04,SKU-1161,2026-04-17,13,1,0
R04,SKU-1161,2026-04-18,18,0,0
R04,SKU-1161,2026-04-19,17,0,0
R04,SKU-1161,2026-04-20,19,0,0
R04,SKU-1161,2026-04-21,15,1,0
R04,SKU-1161,2026-04-22,18,2,0
R04,SKU-1161,2026-04-23,22,0,0
R04,SKU-1161,2026-04-24,15,1,1
R04,SKU-1161,25-Apr-26,20,0,0
R04,SKU-1161,04/26/2026,16,1,0
R04,SKU-1161,2026-04-27,12,0,0
R04,SKU-1161,04/28/2026,19,0,1
R04,SKU-1161,04/29/2026,10,0,1
R04,SKU-1161,2026-04-30,9,1,0
R04,SKU-1112,2026-04-01,5,0,0
R04,SKU-1112,2026-04-02,11,1,0
R04,SKU-1112,03-Apr-26,9,0,0
R04,SKU-1112,2026-04-04,5,0,0
R04,SKU-1112,2026-04-05,7,0,0
R04,SKU-1112,2026-04-06,3,1,0
R04,SKU-1112,2026-04-07,11,0,0
R04,SKU-1112,2026-04-08,7,0,1
R04,SKU-1112,2026-04-09,4,1,0
R04,SKU-1112,2026-04-10,9,2,0
R04,SKU-1112,11-Apr-26,9,0,1
R04,SKU-1112,2026-04-12,7,0,0
R04,SKU-1112,04/13/2026,8,0,0
R04,SKU-1112,14-Apr-26,7,0,1
R04,SKU-1112,04/15/2026,8,0,0
R04,SKU-1112,2026-04-16,6,1,0
R04,SKU-1112,2026-04-17,6,0,0
R04,SKU-1112,18-Apr-26,7,1,0
R04,SKU-1112,19-Apr-26,7,0,0
R04,SKU-1112,2026-04-20,7,0,0
R04,SKU-1112,2026-04-21,9,0,0
R04,SKU-1112,04/22/2026,6,0,0
R04,SKU-1112,23-Apr-26,8,0,0
R04,SKU-1112,2026-04-24,10,0,0
R04,SKU-1112,04/25/2026,4,0,0
R04,SKU-1112,04/26/2026,8,0,0
R04,SKU-1112,04/27/2026,5,0,0
R04,SKU-1112,04/28/2026,2,1,0
R04,SKU-1112,2026-04-29,8,0,0
R04,SKU-1112,2026-04-30,6,1,0
R05,SKU-1112,2026-04-01,17,0,0
R05,SKU-1112,04/02/2026,24,1,0
R05,SKU-1112,2026-04-03,29,0,0
R05,SKU-1112,2026-04-04,22,1,0
R05,SKU-1112,2026-04-05,24,2,0
R05,SKU-1112,2026-04-06,16,0,0
R05,SKU-1112,2026-04-07,18,0,0
R05,SKU-1112,04/08/2026,28,0,1
R05,SKU-1112,2026-04-09,28,0,0
R05,SKU-1112,2026-04-10,25,0,0
R05,SKU-1112,04/11/2026,22,0,0
R05,SKU-1112,12-Apr-26,22,1,0
R05,SKU-1112,04/13/2026,16,0,0
R05,SKU-1112,04/14/2026,17,0,0
R05,SKU-1112,2026-04-15,22,0,0
R05,SKU-1112,04/16/2026,19,0,0
R05,SKU-1112,2026-04-17,27,1,0
R05,SKU-1112,2026-04-18,21,1,0
R05,SKU-1112,04/19/2026,12,0,0
R05,SKU-1112,2026-04-20,27,0,0
R05,SKU-1112,2026-04-21,23,0,0
R05,SKU-1112,22-Apr-26,18,0,0
R05,SKU-1112,2026-04-23,26,0,0
R05,SKU-1112,2026-04-24,21,0,0
R05,SKU-1112,2026-04-25,19,0,0
R05,SKU-1112,2026-04-26,22,0,0
R05,SKU-1112,27-Apr-26,20,0,0
R05,SKU-1112,04/28/2026,23,0,0
R05,SKU-1112,2026-04-29,24,0,0
R05,SKU-1112,2026-04-30,22,0,0
R05,SKU-1133,2026-04-01,18,1,0
R05,SKU-1133,04/02/2026,33,0,0
R05,SKU-1133,2026-04-03,22,0,0
R05,SKU-1133,2026-04-04,24,0,0
R05,SKU-1133,2026-04-05,30,0,1
R05,SKU-1133,06-Apr-26,22,0,0
R05,SKU-1133,04/07/2026,19,1,0
R05,SKU-1133,08-Apr-26,25,1,0
R05,SKU-1133,09-Apr-26,24,0,0
R05,SKU-1133,04/10/2026,34,0,0
R05,SKU-1133,04/11/2026,32,0,0
R05,SKU-1133,04/12/2026,31,0,0
R05,SKU-1133,04/13/2026,21,0,0
R05,SKU-1133,04/14/2026,22,1,0
R05,SKU-1133,04/15/2026,31,0,0
R05,SKU-1133,16-Apr-26,26,1,1
R05,SKU-1133,2026-04-17,30,2,0
R05,SKU-1133,04/18/2026,28,0,0
R05,SKU-1133,04/19/2026,30,0,0
R05,SKU-1133,04/20/2026,24,0,0
R05,SKU-1133,2026-04-21,25,0,0
R05,SKU-1133,2026-04-22,34,0,0
R05,SKU-1133,2026-04-23,22,0,0
R05,SKU-1133,2026-04-24,39,1,0
R05,SKU-1133,25-Apr-26,32,1,0
R05,SKU-1133,2026-04-26,27,0,0
R05,SKU-1133,2026-04-27,26,0,0
R05,SKU-1133,2026-04-28,27,0,0
R05,SKU-1133,2026-04-29,28,1,0
R05,SKU-1133,2026-04-30,33,0,0
R05,SKU-1028,04/01/2026,9,0,0
R05,SKU-1028,04/02/2026,4,0,0
R05,SKU-1028,2026-04-03,3,1,0
R05,SKU-1028,2026-04-04,5,1,0
R05,SKU-1028,05-Apr-26,5,1,0
R05,SKU-1028,2026-04-06,9,1,0
R05,SKU-1028,04/07/2026,3,1,0
R05,SKU-1028,04/08/2026,2,0,0
R05,SKU-1028,2026-04-09,8,0,0
R05,SKU-1028,2026-04-10,13,0,0
R05,SKU-1028,11-Apr-26,2,3,1
R05,SKU-1028,04/12/2026,7,1,1
R05,SKU-1028,04/13/2026,5,1,0
R05,SKU-1028,2026-04-14,7,0,0
R05,SKU-1028,2026-04-15,9,0,1
R05,SKU-1028,2026-04-16,8,2,0
R05,SKU-1028,2026-04-17,2,0,0
R05,SKU-1028,04/18/2026,5,1,0
R05,SKU-1028,2026-04-19,3,0,0
R05,SKU-1028,20-Apr-26,6,0,0
R05,SKU-1028,04/21/2026,4,0,0
R05,SKU-1028,2026-04-22,6,2,0
R05,SKU-1028,2026-04-23,2,0,1
R05,SKU-1028,2026-04-24,10,0,0
R05,SKU-1028,04/25/2026,3,1,0
R05,SKU-1028,2026-04-26,8,0,0
R05,SKU-1028,2026-04-27,4,0,0
R05,SKU-1028,2026-04-28,7,1,0
R05,SKU-1028,2026-04-29,9,1,0
R05,SKU-1028,2026-04-30,4,1,0
R05,SKU-1126,2026-04-01,13,0,0
R05,SKU-1126,2026-04-02,20,1,0
R05,SKU-1126,04/03/2026,17,1,0
R05,SKU-1126,04/04/2026,15,0,0
R05,SKU-1126,2026-04-05,15,1,0
R05,SKU-1126,2026-04-06,21,0,0
R05,SKU-1126,2026-04-07,12,0,0
R05,SKU-1126,04/08/2026,17,0,1
R05,SKU-1126,09-Apr-26,15,1,0
R05,SKU-1126,2026-04-10,21,3,0
R05,SKU-1126,11-Apr-26,19,0,0
R05,SKU-1126,2026-04-12,22,0,0
R05,SKU-1126,2026-04-13,15,0,0
R05,SKU-1126,14-Apr-26,27,0,0
R05,SKU-1126,15-Apr-26,16,1,0
R05,SKU-1126,16-Apr-26,18,1,0
R05,SKU-1126,2026-04-17,16,1,0
R05,SKU-1126,2026-04-18,14,0,0
R05,SKU-1126,2026-04-19,15,0,1
R05,SKU-1126,2026-04-20,18,0,0
R05,SKU-1126,2026-04-21,17,0,0
R05,SKU-1126,04/22/2026,16,1,1
R05,SKU-1126,2026-04-23,16,0,0
R05,SKU-1126,04/24/2026,17,0,0
R05,SKU-1126,2026-04-25,11,0,0
R05,SKU-1126,26-Apr-26,15,0,1
R05,SKU-1126,2026-04-27,18,1,0
R05,SKU-1126,2026-04-28,23,0,0
R05,SKU-1126,29-Apr-26,21,0,0
R05,SKU-1126,04/30/2026,19,1,0
R05,SKU-1077,04/01/2026,24,0,0
R05,SKU-1077,2026-04-02,27,2,0
R05,SKU-1077,2026-04-03,23,0,0
R05,SKU-1077,04-Apr-26,24,0,1
R05,SKU-1077,2026-04-05,32,0,0
R05,SKU-1077,04/06/2026,26,1,0
R05,SKU-1077,2026-04-07,23,0,0
R05,SKU-1077,04/08/2026,38,0,0
R05,SKU-1077,04/09/2026,24,0,0
R05,SKU-1077,2026-04-10,28,0,0
R05,SKU-1077,2026-04-11,29,2,0
R05,SKU-1077,12-Apr-26,25,0,0
R05,SKU-1077,2026-04-13,18,3,0
R05,SKU-1077,04/14/2026,18,0,0
R05,SKU-1077,04/15/2026,22,0,0
R05,SKU-1077,2026-04-16,19,0,1
R05,SKU-1077,2026-04-17,17,1,0
R05,SKU-1077,18-Apr-26,20,0,0
R05,SKU-1077,04/19/2026,26,1,0
R05,SKU-1077,2026-04-20,21,1,0
R05,SKU-1077,2026-04-21,20,1,0
R05,SKU-1077,2026-04-22,26,0,0
R05,SKU-1077,2026-04-23,27,1,0
R05,SKU-1077,2026-04-24,19,1,0
R05,SKU-1077,2026-04-25,24,0,0
R05,SKU-1077,04/26/2026,17,0,0
R05,SKU-1077,27-Apr-26,23,0,0
R05,SKU-1077,04/28/2026,18,0,0
R05,SKU-1077,29-Apr-26,22,3,0
R05,SKU-1077,2026-04-30,16,0,0
R05,SKU-1196,2026-04-01,25,1,0
R05,SKU-1196,2026-04-02,35,1,0
R05,SKU-1196,04/03/2026,25,1,1
R05,SKU-1196,2026-04-04,37,0,0
R05,SKU-1196,2026-04-05,32,1,0
R05,SKU-1196,2026-04-06,36,1,0
R05,SKU-1196,2026-04-07,19,0,1
R05,SKU-1196,04/08/2026,36,0,0
R05,SKU-1196,09-Apr-26,27,0,0
R05,SKU-1196,2026-04-10,27,0,0
R05,SKU-1196,2026-04-11,45,0,0
R05,SKU-1196,2026-04-12,25,1,0
R05,SKU-1196,2026-04-13,25,0,0
R05,SKU-1196,14-Apr-26,24,0,0
R05,SKU-1196,2026-04-15,23,1,0
R05,SKU-1196,2026-04-16,33,0,0
R05,SKU-1196,2026-04-17,27,1,0
R05,SKU-1196,2026-04-18,24,0,0
R05,SKU-1196,04/19/2026,30,0,0
R05,SKU-1196,2026-04-20,31,0,0
R05,SKU-1196,2026-04-21,39,0,0
R05,SKU-1196,04/22/2026,31,1,1
R05,SKU-1196,2026-04-23,31,0,0
R05,SKU-1196,04/24/2026,28,1,0
R05,SKU-1196,2026-04-25,26,1,0
R05,SKU-1196,2026-04-26,32,0,0
R05,SKU-1196,2026-04-27,16,0,0
R05,SKU-1196,2026-04-28,26,1,0
R05,SKU-1196,2026-04-29,35,0,0
R05,SKU-1196,04/30/2026,24,0,0
R05,SKU-1056,01-Apr-26,38,2,0
R05,SKU-1056,2026-04-02,24,0,0
R05,SKU-1056,2026-04-03,29,1,0
R05,SKU-1056,2026-04-04,32,0,0
R05,SKU-1056,2026-04-05,28,0,0
R05,SKU-1056,2026-04-06,22,0,0
R05,SKU-1056,04/07/2026,27,0,0
R05,SKU-1056,04/08/2026,34,0,0
R05,SKU-1056,2026-04-09,34,0,0
R05,SKU-1056,10-Apr-26,31,0,0
R05,SKU-1056,2026-04-11,27,1,0
R05,SKU-1056,04/12/2026,21,1,0
R05,SKU-1056,2026-04-13,26,1,0
R05,SKU-1056,2026-04-14,20,0,0
R05,SKU-1056,2026-04-15,22,2,0
R05,SKU-1056,04/16/2026,29,0,0
R05,SKU-1056,04/17/2026,37,0,0
R05,SKU-1056,04/18/2026,25,0,0
R05,SKU-1056,19-Apr-26,23,0,0
R05,SKU-1056,2026-04-20,29,0,0
R05,SKU-1056,2026-04-21,28,1,0
R05,SKU-1056,22-Apr-26,29,0,0
R05,SKU-1056,2026-04-23,28,1,1
R05,SKU-1056,04/24/2026,40,0,0
R05,SKU-1056,2026-04-25,34,0,1
R05,SKU-1056,04/26/2026,27,0,0
R05,SKU-1056,2026-04-27,31,0,0
R05,SKU-1056,2026-04-28,26,1,1
R05,SKU-1056,04/29/2026,24,1,0
R05,SKU-1056,04/30/2026,30,1,0
R05,SKU-1280,01-Apr-26,19,0,0
R05,SKU-1280,2026-04-02,17,0,0
R05,SKU-1280,2026-04-03,18,0,0
R05,SKU-1280,04/04/2026,18,0,0
R05,SKU-1280,2026-04-05,9,0,0
R05,SKU-1280,2026-04-06,16,0,0
R05,SKU-1280,2026-04-07,13,0,0
R05,SKU-1280,2026-04-08,10,0,0
R05,SKU-1280,2026-04-09,14,0,0
R05,SKU-1280,2026-04-10,12,0,0
R05,SKU-1280,2026-04-11,9,0,0
R05,SKU-1280,04/12/2026,11,0,1
R05,SKU-1280,2026-04-13,8,0,0
R05,SKU-1280,2026-04-14,16,0,1
R05,SKU-1280,2026-04-15,13,0,0
R05,SKU-1280,2026-04-16,7,0,0
R05,SKU-1280,2026-04-17,12,1,0
R05,SKU-1280,2026-04-18,14,0,0
R05,SKU-1280,04/19/2026,7,0,0
R05,SKU-1280,2026-04-20,13,1,1
R05,SKU-1280,2026-04-21,10,0,0
R05,SKU-1280,2026-04-22,9,0,0
R05,SKU-1280,2026-04-23,15,1,0
R05,SKU-1280,2026-04-24,18,0,0
R05,SKU-1280,2026-04-25,19,1,0
R05,SKU-1280,26-Apr-26,15,0,1
R05,SKU-1280,04/27/2026,12,0,0
R05,SKU-1280,2026-04-28,12,0,0
R05,SKU-1280,2026-04-29,8,0,0
R05,SKU-1280,2026-04-30,7,1,1
R05,SKU-1147,01-Apr-26,5,0,1
R05,SKU-1147,2026-04-02,6,0,1
R05,SKU-1147,2026-04-03,3,0,0
R05,SKU-1147,04-Apr-26,6,0,0
R05,SKU-1147,2026-04-05,2,0,1
R05,SKU-1147,06-Apr-26,4,1,0
R05,SKU-1147,07-Apr-26,5,0,0
R05,SKU-1147,2026-04-08,8,1,0
R05,SKU-1147,09-Apr-26,6,1,0
R05,SKU-1147,10-Apr-26,3,0,0
R05,SKU-1147,04/11/2026,3,0,0
R05,SKU-1147,12-Apr-26,6,1,0
R05,SKU-1147,04/13/2026,7,0,1
R05,SKU-1147,2026-04-14,4,0,0
R05,SKU-1147,04/15/2026,3,0,0
R05,SKU-1147,2026-04-16,7,1,1
R05,SKU-1147,2026-04-17,5,1,1
R05,SKU-1147,04/18/2026,6,0,0
R05,SKU-1147,04/19/2026,6,0,0
R05,SKU-1147,2026-04-20,6,0,0
R05,SKU-1147,04/21/2026,6,2,0
R05,SKU-1147,04/22/2026,6,0,0
R05,SKU-1147,04/23/2026,7,0,0
R05,SKU-1147,2026-04-24,12,2,0
R05,SKU-1147,2026-04-25,4,0,0
R05,SKU-1147,2026-04-26,8,1,0
R05,SKU-1147,2026-04-27,5,0,1
R05,SKU-1147,04/28/2026,5,0,1
R05,SKU-1147,04/29/2026,4,1,0
R05,SKU-1147,30-Apr-26,8,0,0
R05,SKU-1273,04/01/2026,24,0,0
R05,SKU-1273,04/02/2026,31,0,0
R05,SKU-1273,2026-04-03,26,0,0
R05,SKU-1273,04/04/2026,15,1,0
R05,SKU-1273,2026-04-05,23,0,1
R05,SKU-1273,2026-04-06,27,0,0
R05,SKU-1273,07-Apr-26,23,0,0
R05,SKU-1273,04/08/2026,16,0,1
R05,SKU-1273,2026-04-09,23,0,0
R05,SKU-1273,2026-04-10,24,0,0
R05,SKU-1273,11-Apr-26,24,0,0
R05,SKU-1273,12-Apr-26,14,2,0
R05,SKU-1273,2026-04-13,20,0,0
R05,SKU-1273,2026-04-14,23,2,0
R05,SKU-1273,2026-04-15,22,0,0
R05,SKU-1273,2026-04-16,24,0,0
R05,SKU-1273,2026-04-17,18,0,0
R05,SKU-1273,04/18/2026,18,2,1
R05,SKU-1273,2026-04-19,9,1,0
R05,SKU-1273,2026-04-20,28,0,0
R05,SKU-1273,2026-04-21,18,1,1
R05,SKU-1273,2026-04-22,27,0,0
R05,SKU-1273,2026-04-23,17,0,1
R05,SKU-1273,2026-04-24,21,0,0
R05,SKU-1273,2026-04-25,28,0,0
R05,SKU-1273,26-Apr-26,24,0,0
R05,SKU-1273,2026-04-27,22,0,1
R05,SKU-1273,2026-04-28,15,0,0
R05,SKU-1273,2026-04-29,10,0,0
R05,SKU-1273,30-Apr-26,25,1,0
R05,SKU-1105,04/01/2026,17,0,0
R05,SKU-1105,2026-04-02,14,0,0
R05,SKU-1105,04/03/2026,13,1,1
R05,SKU-1105,2026-04-04,19,2,1
R05,SKU-1105,2026-04-05,11,1,0
R05,SKU-1105,2026-04-06,15,1,0
R05,SKU-1105,2026-04-07,13,0,1
R05,SKU-1105,2026-04-08,16,0,0
R05,SKU-1105,04/09/2026,13,1,0
R05,SKU-1105,04/10/2026,16,0,0
R05,SKU-1105,2026-04-11,10,0,0
R05,SKU-1105,2026-04-12,16,0,0
R05,SKU-1105,04/13/2026,14,0,0
R05,SKU-1105,2026-04-14,17,1,0
R05,SKU-1105,2026-04-15,16,0,0
R05,SKU-1105,2026-04-16,9,0,0
R05,SKU-1105,04/17/2026,16,0,0
R05,SKU-1105,2026-04-18,15,0,0
R05,SKU-1105,19-Apr-26,19,0,0
R05,SKU-1105,2026-04-20,10,0,0
R05,SKU-1105,21-Apr-26,14,0,0
R05,SKU-1105,04/22/2026,21,0,0
R05,SKU-1105,23-Apr-26,17,1,0
R05,SKU-1105,2026-04-24,14,0,1
R05,SKU-1105,04/25/2026,17,0,0
R05,SKU-1105,26-Apr-26,12,0,0
R05,SKU-1105,2026-04-27,12,1,1
R05,SKU-1105,2026-04-28,19,0,0
R05,SKU-1105,29-Apr-26,15,2,0
R05,SKU-1105,04/30/2026,14,1,0
R05,SKU-1007,2026-04-01,18,0,1
R05,SKU-1007,04/02/2026,27,0,1
R05,SKU-1007,2026-04-03,19,0,0
R05,SKU-1007,2026-04-04,18,0,0
R05,SKU-1007,2026-04-05,22,1,0
R05,SKU-1007,2026-04-06,28,0,0
R05,SKU-1007,2026-04-07,16,0,0
R05,SKU-1007,04/08/2026,19,0,1
R05,SKU-1007,2026-04-09,30,1,0
R05,SKU-1007,2026-04-10,22,0,0
R05,SKU-1007,2026-04-11,24,0,0
R05,SKU-1007,04/12/2026,31,0,0
R05,SKU-1007,2026-04-13,21,1,0
R05,SKU-1007,14-Apr-26,21,0,0
R05,SKU-1007,2026-04-15,22,0,0
R05,SKU-1007,2026-04-16,26,0,0
R05,SKU-1007,2026-04-17,21,0,0
R05,SKU-1007,2026-04-18,22,0,0
R05,SKU-1007,2026-04-19,20,0,0
R05,SKU-1007,04/20/2026,32,0,0
R05,SKU-1007,04/21/2026,20,1,0
R05,SKU-1007,04/22/2026,27,1,0
R05,SKU-1007,04/23/2026,16,1,0
R05,SKU-1007,24-Apr-26,22,0,1
R05,SKU-1007,2026-04-25,28,0,0
R05,SKU-1007,04/26/2026,22,0,0
R05,SKU-1007,27-Apr-26,31,0,0
R05,SKU-1007,2026-04-28,17,1,0
R05,SKU-1007,2026-04-29,17,1,0
R05,SKU-1007,2026-04-30,22,0,0
R05,SKU-1098,2026-04-01,28,0,0
R05,SKU-1098,04/02/2026,22,2,0
R05,SKU-1098,04/03/2026,32,0,0
R05,SKU-1098,04/04/2026,32,0,1
R05,SKU-1098,2026-04-05,25,0,1
R05,SKU-1098,2026-04-06,31,0,0
R05,SKU-1098,2026-04-07,35,0,0
R05,SKU-1098,2026-04-08,41,0,0
R05,SKU-1098,09-Apr-26,36,0,1
R05,SKU-1098,2026-04-10,28,0,1
R05,SKU-1098,04/11/2026,31,0,0
R05,SKU-1098,2026-04-12,37,0,0
R05,SKU-1098,04/13/2026,26,1,0
R05,SKU-1098,2026-04-14,30,0,0
R05,SKU-1098,2026-04-15,30,1,0
R05,SKU-1098,2026-04-16,29,0,0
R05,SKU-1098,2026-04-17,26,0,0
R05,SKU-1098,2026-04-18,23,0,0
R05,SKU-1098,2026-04-19,35,1,0
R05,SKU-1098,2026-04-20,30,0,1
R05,SKU-1098,2026-04-21,35,0,0
R05,SKU-1098,04/22/2026,28,0,0
R05,SKU-1098,23-Apr-26,37,0,0
R05,SKU-1098,04/24/2026,38,0,0
R05,SKU-1098,04/25/2026,41,0,0
R05,SKU-1098,2026-04-26,27,1,1
R05,SKU-1098,2026-04-27,35,0,0
R05,SKU-1098,2026-04-28,31,0,0
R05,SKU-1098,29-Apr-26,28,1,0
R05,SKU-1098,04/30/2026,33,2,0
R05,SKU-1035,2026-04-01,10,0,0
R05,SKU-1035,2026-04-02,6,2,0
R05,SKU-1035,2026-04-03,8,0,0
R05,SKU-1035,2026-04-04,6,0,0
R05,SKU-1035,2026-04-05,9,0,0
R05,SKU-1035,06-Apr-26,2,0,0
R05,SKU-1035,2026-04-07,12,0,0
R05,SKU-1035,2026-04-08,5,0,0
R05,SKU-1035,2026-04-09,8,0,0
R05,SKU-1035,04/10/2026,4,0,0
R05,SKU-1035,11-Apr-26,6,0,0
R05,SKU-1035,2026-04-12,13,0,0
R05,SKU-1035,2026-04-13,9,0,0
R05,SKU-1035,04/14/2026,4,0,0
R05,SKU-1035,15-Apr-26,6,0,0
R05,SKU-1035,2026-04-16,5,0,0
R05,SKU-1035,2026-04-17,4,1,0
R05,SKU-1035,2026-04-18,9,0,0
R05,SKU-1035,2026-04-19,3,1,0
R05,SKU-1035,20-Apr-26,7,0,1
R05,SKU-1035,2026-04-21,6,1,0
R05,SKU-1035,2026-04-22,6,1,0
R05,SKU-1035,04/23/2026,6,0,0
R05,SKU-1035,04/24/2026,5,0,0
R05,SKU-1035,2026-04-25,8,1,0
R05,SKU-1035,2026-04-26,4,1,1
R05,SKU-1035,2026-04-27,7,2,0
R05,SKU-1035,04/28/2026,4,0,0
R05,SKU-1035,2026-04-29,9,1,0
R05,SKU-1035,2026-04-30,7,0,0
R05,SKU-1014,2026-04-01,22,2,0
R05,SKU-1014,2026-04-02,18,0,0
R05,SKU-1014,04/03/2026,11,2,0
R05,SKU-1014,2026-04-04,15,0,0
R05,SKU-1014,04/05/2026,12,0,0
R05,SKU-1014,2026-04-06,12,0,1
R05,SKU-1014,2026-04-07,12,1,0
R05,SKU-1014,2026-04-08,10,0,1
R05,SKU-1014,2026-04-09,14,0,0
R05,SKU-1014,04/10/2026,14,1,0
R05,SKU-1014,04/11/2026,16,0,0
R05,SKU-1014,2026-04-12,18,0,0
R05,SKU-1014,2026-04-13,18,0,0
R05,SKU-1014,14-Apr-26,17,0,0
R05,SKU-1014,15-Apr-26,7,0,0
R05,SKU-1014,04/16/2026,21,0,0
R05,SKU-1014,2026-04-17,16,0,1
R05,SKU-1014,2026-04-18,15,0,0
R05,SKU-1014,2026-04-19,12,1,0
R05,SKU-1014,2026-04-20,14,0,0
R05,SKU-1014,21-Apr-26,10,1,0
R05,SKU-1014,2026-04-22,12,1,0
R05,SKU-1014,04/23/2026,18,0,0
R05,SKU-1014,04/24/2026,18,0,0
R05,SKU-1014,04/25/2026,11,0,0
R05,SKU-1014,04/26/2026,17,0,1
R05,SKU-1014,04/27/2026,14,1,0
R05,SKU-1014,28-Apr-26,10,1,0
R05,SKU-1014,2026-04-29,8,0,1
R05,SKU-1014,04/30/2026,7,0,0
R05,SKU-1091,2026-04-01,9,1,0
R05,SKU-1091,2026-04-02,4,1,0
R05,SKU-1091,2026-04-03,8,0,0
R05,SKU-1091,04/04/2026,10,1,0
R05,SKU-1091,04/05/2026,6,1,0
R05,SKU-1091,04/06/2026,7,0,0
R05,SKU-1091,07-Apr-26,3,0,0
R05,SKU-1091,2026-04-08,11,0,0
R05,SKU-1091,09-Apr-26,3,1,0
R05,SKU-1091,2026-04-10,13,0,0
R05,SKU-1091,04/11/2026,6,0,0
R05,SKU-1091,2026-04-12,1,0,0
R05,SKU-1091,2026-04-13,8,0,0
R05,SKU-1091,2026-04-14,3,0,0
R05,SKU-1091,2026-04-15,6,0,0
R05,SKU-1091,2026-04-16,13,1,0
R05,SKU-1091,2026-04-17,7,1,0
R05,SKU-1091,2026-04-18,3,0,0
R05,SKU-1091,2026-04-19,13,0,0
R05,SKU-1091,04/20/2026,12,0,0
R05,SKU-1091,2026-04-21,13,1,1
R05,SKU-1091,2026-04-22,9,0,1
R05,SKU-1091,23-Apr-26,4,0,1
R05,SKU-1091,04/24/2026,8,0,1
R05,SKU-1091,04/25/2026,7,0,0
R05,SKU-1091,04/26/2026,4,1,0
R05,SKU-1091,2026-04-27,9,1,0
R05,SKU-1091,04/28/2026,10,0,1
R05,SKU-1091,2026-04-29,4,0,0
R05,SKU-1091,2026-04-30,8,0,0
R05,SKU-1182,04/01/2026,16,1,0
R05,SKU-1182,2026-04-02,12,1,0
R05,SKU-1182,2026-04-03,12,0,1
R05,SKU-1182,04/04/2026,19,1,0
R05,SKU-1182,2026-04-05,11,1,0
R05,SKU-1182,2026-04-06,17,0,0
R05,SKU-1182,2026-04-07,10,0,1
R05,SKU-1182,2026-04-08,12,0,0
R05,SKU-1182,2026-04-09,16,0,0
R05,SKU-1182,2026-04-10,24,0,0
R05,SKU-1182,2026-04-11,19,0,0
R05,SKU-1182,2026-04-12,13,0,1
R05,SKU-1182,04/13/2026,18,1,0
R05,SKU-1182,14-Apr-26,13,0,0
R05,SKU-1182,2026-04-15,14,1,0
R05,SKU-1182,04/16/2026,15,0,0
R05,SKU-1182,2026-04-17,8,0,0
R05,SKU-1182,04/18/2026,16,0,0
R05,SKU-1182,19-Apr-26,20,0,0
R05,SKU-1182,04/20/2026,17,0,0
R05,SKU-1182,21-Apr-26,12,1,0
R05,SKU-1182,2026-04-22,17,0,0
R05,SKU-1182,2026-04-23,14,0,0
R05,SKU-1182,04/24/2026,17,0,0
R05,SKU-1182,2026-04-25,16,0,0
R05,SKU-1182,2026-04-26,22,0,0
R05,SKU-1182,2026-04-27,22,0,0
R05,SKU-1182,28-Apr-26,19,0,0
R05,SKU-1182,29-Apr-26,16,0,0
R05,SKU-1182,2026-04-30,20,1,0
R05,SKU-1042,2026-04-01,19,0,0
R05,SKU-1042,04/02/2026,25,2,1
R05,SKU-1042,04/03/2026,21,0,0
R05,SKU-1042,2026-04-04,19,0,0
R05,SKU-1042,2026-04-05,26,0,0
R05,SKU-1042,06-Apr-26,16,0,0
R05,SKU-1042,2026-04-07,15,2,1
R05,SKU-1042,2026-04-08,22,0,0
R05,SKU-1042,09-Apr-26,18,0,0
R05,SKU-1042,2026-04-10,24,1,0
R05,SKU-1042,04/11/2026,25,2,1
R05,SKU-1042,04/12/2026,18,0,1
R05,SKU-1042,13-Apr-26,18,2,0
R05,SKU-1042,2026-04-14,20,0,0
R05,SKU-1042,2026-04-15,33,0,0
R05,SKU-1042,2026-04-16,23,0,0
R05,SKU-1042,2026-04-17,14,0,1
R05,SKU-1042,2026-04-18,28,1,0
R05,SKU-1042,2026-04-19,16,0,0
R05,SKU-1042,04/20/2026,25,1,0
R05,SKU-1042,2026-04-21,19,0,0
R05,SKU-1042,04/22/2026,28,0,0
R05,SKU-1042,2026-04-23,26,0,0
R05,SKU-1042,24-Apr-26,28,0,0
R05,SKU-1042,2026-04-25,27,0,0
R05,SKU-1042,04/26/2026,11,2,0
R05,SKU-1042,04/27/2026,16,0,0
R05,SKU-1042,2026-04-28,23,0,0
R05,SKU-1042,04/29/2026,18,0,0
R05,SKU-1042,2026-04-30,22,0,0
R05,SKU-1140,2026-04-01,17,1,0
R05,SKU-1140,2026-04-02,16,1,0
R05,SKU-1140,04/03/2026,7,0,0
R05,SKU-1140,2026-04-04,22,0,0
R05,SKU-1140,05-Apr-26,16,0,1
R05,SKU-1140,2026-04-06,10,1,0
R05,SKU-1140,2026-04-07,18,1,0
R05,SKU-1140,2026-04-08,20,0,0
R05,SKU-1140,09-Apr-26,16,0,0
R05,SKU-1140,2026-04-10,12,1,1
R05,SKU-1140,2026-04-11,18,0,0
R05,SKU-1140,2026-04-12,17,0,0
R05,SKU-1140,13-Apr-26,14,3,0
R05,SKU-1140,2026-04-14,15,1,1
R05,SKU-1140,2026-04-15,17,0,0
R05,SKU-1140,04/16/2026,17,0,1
R05,SKU-1140,2026-04-17,15,1,0
R05,SKU-1140,2026-04-18,15,1,0
R05,SKU-1140,04/19/2026,14,1,1
R05,SKU-1140,2026-04-20,12,0,0
R05,SKU-1140,2026-04-21,16,0,1
R05,SKU-1140,04/22/2026,21,1,0
R05,SKU-1140,2026-04-23,16,0,0
R05,SKU-1140,04/24/2026,15,0,0
R05,SKU-1140,2026-04-25,16,0,1
R05,SKU-1140,2026-04-26,14,1,0
R05,SKU-1140,2026-04-27,21,1,0
R05,SKU-1140,28-Apr-26,17,0,0
R05,SKU-1140,2026-04-29,11,2,0
R05,SKU-1140,2026-04-30,16,0,0
R05,SKU-1189,2026-04-01,18,0,0
R05,SKU-1189,2026-04-02,5,0,0
R05,SKU-1189,03-Apr-26,13,1,0
R05,SKU-1189,04-Apr-26,20,1,0
R05,SKU-1189,05-Apr-26,13,0,0
R05,SKU-1189,2026-04-06,13,0,0
R05,SKU-1189,07-Apr-26,16,0,0
R05,SKU-1189,2026-04-08,9,0,0
R05,SKU-1189,2026-04-09,21,1,0
R05,SKU-1189,2026-04-10,14,0,0
R05,SKU-1189,2026-04-11,17,0,0
R05,SKU-1189,2026-04-12,11,0,0
R05,SKU-1189,2026-04-13,23,1,0
R05,SKU-1189,14-Apr-26,15,1,0
R05,SKU-1189,2026-04-15,23,1,0
R05,SKU-1189,04/16/2026,15,0,0
R05,SKU-1189,2026-04-17,17,0,0
R05,SKU-1189,2026-04-18,17,2,0
R05,SKU-1189,04/19/2026,28,0,0
R05,SKU-1189,20-Apr-26,15,0,0
R05,SKU-1189,2026-04-21,8,0,1
R05,SKU-1189,2026-04-22,13,0,0
R05,SKU-1189,23-Apr-26,16,1,0
R05,SKU-1189,2026-04-24,12,0,0
R05,SKU-1189,2026-04-25,19,0,0
R05,SKU-1189,2026-04-26,18,1,0
R05,SKU-1189,04/27/2026,16,0,0
R05,SKU-1189,2026-04-28,12,0,0
R05,SKU-1189,2026-04-29,19,0,1
R05,SKU-1189,2026-04-30,11,2,0
R05,SKU-1084,2026-04-01,10,0,0
R05,SKU-1084,2026-04-02,10,0,0
R05,SKU-1084,04/03/2026,9,0,0
R05,SKU-1084,2026-04-04,7,1,0
R05,SKU-1084,2026-04-05,15,0,0
R05,SKU-1084,2026-04-06,11,0,0
R05,SKU-1084,2026-04-07,5,1,0
R05,SKU-1084,2026-04-08,13,0,0
R05,SKU-1084,2026-04-09,11,2,0
R05,SKU-1084,10-Apr-26,10,0,0
R05,SKU-1084,2026-04-11,5,0,1
R05,SKU-1084,2026-04-12,12,1,0
R05,SKU-1084,04/13/2026,11,0,1
R05,SKU-1084,2026-04-14,15,1,0
R05,SKU-1084,15-Apr-26,15,0,1
R05,SKU-1084,04/16/2026,14,0,0
R05,SKU-1084,04/17/2026,9,2,0
R05,SKU-1084,2026-04-18,7,0,1
R05,SKU-1084,19-Apr-26,9,0,0
R05,SKU-1084,2026-04-20,12,0,0
R05,SKU-1084,2026-04-21,12,1,0
R05,SKU-1084,22-Apr-26,10,1,0
R05,SKU-1084,04/23/2026,11,0,0
R05,SKU-1084,2026-04-24,8,0,0
R05,SKU-1084,04/25/2026,16,0,0
R05,SKU-1084,2026-04-26,19,0,0
R05,SKU-1084,04/27/2026,13,1,0
R05,SKU-1084,2026-04-28,11,0,0
R05,SKU-1084,2026-04-29,12,0,0
R05,SKU-1084,30-Apr-26,14,2,0
R05,SKU-1168,2026-04-01,34,1,0
R05,SKU-1168,2026-04-02,34,0,0
R05,SKU-1168,2026-04-03,30,0,0
R05,SKU-1168,2026-04-04,36,1,0
R05,SKU-1168,2026-04-05,38,2,0
R05,SKU-1168,06-Apr-26,39,1,0
R05,SKU-1168,2026-04-07,34,2,0
R05,SKU-1168,2026-04-08,29,0,0
R05,SKU-1168,2026-04-09,26,0,0
R05,SKU-1168,10-Apr-26,33,0,0
R05,SKU-1168,2026-04-11,24,1,0
R05,SKU-1168,04/12/2026,29,0,0
R05,SKU-1168,13-Apr-26,37,0,0
R05,SKU-1168,2026-04-14,30,0,1
R05,SKU-1168,04/15/2026,27,3,0
R05,SKU-1168,2026-04-16,21,0,1
R05,SKU-1168,04/17/2026,33,0,0
R05,SKU-1168,2026-04-18,32,0,1
R05,SKU-1168,2026-04-19,24,0,0
R05,SKU-1168,2026-04-20,25,0,0
R05,SKU-1168,04/21/2026,30,0,0
R05,SKU-1168,04/22/2026,31,0,1
R05,SKU-1168,04/23/2026,35,0,0
R05,SKU-1168,04/24/2026,32,0,0
R05,SKU-1168,2026-04-25,34,0,0
R05,SKU-1168,2026-04-26,23,0,0
R05,SKU-1168,2026-04-27,28,0,0
R05,SKU-1168,2026-04-28,33,0,0
R05,SKU-1168,04/29/2026,30,0,0
R05,SKU-1168,04/30/2026,36,0,0
R05,SKU-1175,2026-04-01,30,0,0
R05,SKU-1175,2026-04-02,36,0,0
R05,SKU-1175,04/03/2026,34,1,0
R05,SKU-1175,04/04/2026,20,0,1
R05,SKU-1175,2026-04-05,29,2,0
R05,SKU-1175,2026-04-06,25,0,0
R05,SKU-1175,04/07/2026,18,2,0
R05,SKU-1175,08-Apr-26,26,2,0
R05,SKU-1175,2026-04-09,20,0,0
R05,SKU-1175,2026-04-10,38,1,0
R05,SKU-1175,2026-04-11,26,0,0
R05,SKU-1175,12-Apr-26,34,0,1
R05,SKU-1175,04/13/2026,34,0,1
R05,SKU-1175,2026-04-14,34,0,0
R05,SKU-1175,2026-04-15,33,0,0
R05,SKU-1175,04/16/2026,33,0,0
R05,SKU-1175,2026-04-17,26,1,0
R05,SKU-1175,2026-04-18,24,0,0
R05,SKU-1175,04/19/2026,40,2,0
R05,SKU-1175,04/20/2026,33,0,1
R05,SKU-1175,2026-04-21,29,0,0
R05,SKU-1175,2026-04-22,36,0,0
R05,SKU-1175,04/23/2026,45,0,0
R05,SKU-1175,04/24/2026,34,0,1
R05,SKU-1175,2026-04-25,36,1,0
R05,SKU-1175,2026-04-26,36,1,0
R05,SKU-1175,27-Apr-26,29,0,0
R05,SKU-1175,2026-04-28,32,0,0
R05,SKU-1175,2026-04-29,31,0,0
R05,SKU-1175,2026-04-30,31,0,1
R05,SKU-1070,04/01/2026,22,0,0
R05,SKU-1070,2026-04-02,34,1,0
R05,SKU-1070,2026-04-03,36,0,0
R05,SKU-1070,2026-04-04,33,0,0
R05,SKU-1070,2026-04-05,28,0,1
R05,SKU-1070,2026-04-06,49,0,0
R05,SKU-1070,04/07/2026,34,0,0
R05,SKU-1070,2026-04-08,32,0,0
R05,SKU-1070,09-Apr-26,25,0,1
R05,SKU-1070,10-Apr-26,35,1,0
R05,SKU-1070,2026-04-11,39,3,0
R05,SKU-1070,12-Apr-26,38,0,0
R05,SKU-1070,13-Apr-26,38,0,0
R05,SKU-1070,04/14/2026,31,0,0
R05,SKU-1070,2026-04-15,43,0,0
R05,SKU-1070,04/16/2026,32,0,0
R05,SKU-1070,2026-04-17,32,0,0
R05,SKU-1070,2026-04-18,28,0,0
R05,SKU-1070,04/19/2026,35,0,0
R05,SKU-1070,2026-04-20,27,1,0
R05,SKU-1070,2026-04-21,30,0,0
R05,SKU-1070,04/22/2026,28,2,0
R05,SKU-1070,2026-04-23,37,2,0
R05,SKU-1070,24-Apr-26,39,0,0
R05,SKU-1070,04/25/2026,28,1,0
R05,SKU-1070,2026-04-26,26,0,1
R05,SKU-1070,2026-04-27,37,1,0
R05,SKU-1070,04/28/2026,30,3,0
R05,SKU-1070,2026-04-29,23,0,0
R05,SKU-1070,2026-04-30,42,0,0
