retailer_id,product_id,sale_date,sold_qty,returns_qty,promo_flag
R01,SKU-1014,09/01/2025,7,1,0
R01,SKU-1014,2025-09-02,2,0,0
R01,SKU-1014,03-Sep-25,14,0,0
R01,SKU-1014,2025-09-04,5,0,0
R01,SKU-1014,2025-09-05,6,0,0
R01,SKU-1014,2025-09-06,3,1,0
R01,SKU-1014,09/07/2025,7,0,0
R01,SKU-1014,2025-09-08,4,2,0
R01,SKU-1014,2025-09-09,4,0,1
R01,SKU-1014,09/10/2025,10,0,0
R01,SKU-1014,11-Sep-25,8,0,0
R01,SKU-1014,09/12/2025,4,1,0
R01,SKU-1014,13-Sep-25,1,0,0
R01,SKU-1014,09/14/2025,6,0,0
R01,SKU-1014,15-Sep-25,1,0,0
R01,SKU-1014,09/16/2025,3,1,0
R01,SKU-1014,09/17/2025,4,0,1
R01,SKU-1014,09/18/2025,7,0,0
R01,SKU-1014,2025-09-19,4,2,0
R01,SKU-1014,20-Sep-25,7,1,0
R01,SKU-1014,2025-09-21,6,1,0
R01,SKU-1014,09/22/2025,5,0,0
R01,SKU-1014,2025-09-23,7,1,0
R01,SKU-1014,24-Sep-25,7,0,1
R01,SKU-1014,09/25/2025,5,1,0
R01,SKU-1014,2025-09-26,11,2,0
R01,SKU-1014,2025-09-27,8,0,0
R01,SKU-1014,09/28/2025,6,0,0
R01,SKU-1014,2025-09-29,4,2,0
R01,SKU-1014,30-Sep-25,6,0,0
R01,SKU-1231,2025-09-01,8,1,1
R01,SKU-1231,02-Sep-25,21,0,1
R01,SKU-1231,2025-09-03,6,1,0
R01,SKU-1231,04-Sep-25,6,1,0
R01,SKU-1231,2025-09-05,17,0,0
R01,SKU-1231,2025-09-06,10,0,0
R01,SKU-1231,09/07/2025,13,0,0
R01,SKU-1231,2025-09-08,14,1,1
R01,SKU-1231,09/09/2025,10,1,0
R01,SKU-1231,2025-09-10,17,0,0
R01,SKU-1231,09/11/2025,14,1,0
R01,SKU-1231,2025-09-12,11,0,0
R01,SKU-1231,09/13/2025,14,0,1
R01,SKU-1231,2025-09-14,5,0,0
R01,SKU-1231,15-Sep-25,6,1,0
R01,SKU-1231,16-Sep-25,12,1,0
R01,SKU-1231,2025-09-17,11,1,0
R01,SKU-1231,18-Sep-25,15,0,0
R01,SKU-1231,09/19/2025,14,1,0
R01,SKU-1231,2025-09-20,13,1,0
R01,SKU-1231,09/21/2025,15,1,0
R01,SKU-1231,09/22/2025,17,0,0
R01,SKU-1231,2025-09-23,15,0,0
R01,SKU-1231,09/24/2025,11,0,0
R01,SKU-1231,2025-09-25,16,0,0
R01,SKU-1231,2025-09-26,11,0,0
R01,SKU-1231,2025-09-27,9,0,0
R01,SKU-1231,2025-09-28,10,0,1
R01,SKU-1231,2025-09-29,9,0,0
R01,SKU-1231,2025-09-30,11,1,0
R01,SKU-1056,01-Sep-25,17,1,0
R01,SKU-1056,2025-09-02,12,0,0
R01,SKU-1056,09/03/2025,14,0,0
R01,SKU-1056,04-Sep-25,11,0,0
R01,SKU-1056,2025-09-05,9,0,0
R01,SKU-1056,09/06/2025,12,0,1
R01,SKU-1056,2025-09-07,15,1,0
R01,SKU-1056,2025-09-08,4,1,0
R01,SKU-1056,09/09/2025,11,2,0
R01,SKU-1056,2025-09-10,9,0,0
R01,SKU-1056,09/11/2025,14,0,0
R01,SKU-1056,2025-09-12,6,1,0
R01,SKU-1056,2025-09-13,17,0,1
R01,SKU-1056,09/14/2025,12,0,0
R01,SKU-1056,09/15/2025,11,0,0
R01,SKU-1056,2025-09-16,13,0,0
R01,SKU-1056,2025-09-17,11,0,0
R01,SKU-1056,2025-09-18,15,0,0
R01,SKU-1056,2025-09-19,7,0,1
R01,SKU-1056,2025-09-20,16,1,0
R01,SKU-1056,2025-09-21,15,1,1
R01,SKU-1056,2025-09-22,10,0,0
R01,SKU-1056,2025-09-23,16,0,1
R01,SKU-1056,09/24/2025,12,0,0
R01,SKU-1056,09/25/2025,11,1,0
R01,SKU-1056,26-Sep-25,15,1,0
R01,SKU-1056,09/27/2025,13,0,0
R01,SKU-1056,2025-09-28,11,0,0
R01,SKU-1056,2025-09-29,19,0,0
R01,SKU-1056,2025-09-30,13,0,0
R01,SKU-1140,09/01/2025,12,0,0
R01,SKU-1140,2025-09-02,11,1,0
R01,SKU-1140,2025-09-03,15,2,0
R01,SKU-1140,2025-09-04,12,1,1
R01,SKU-1140,2025-09-05,9,0,0
R01,SKU-1140,2025-09-06,12,0,1
R01,SKU-1140,2025-09-07,10,0,0
R01,SKU-1140,09/08/2025,8,0,0
R01,SKU-1140,09/09/2025,6,2,1
R01,SKU-1140,09/10/2025,17,0,0
R01,SKU-1140,09/11/2025,7,0,0
R01,SKU-1140,2025-09-12,12,0,0
R01,SKU-1140,2025-09-13,8,0,0
R01,SKU-1140,2025-09-14,11,0,0
R01,SKU-1140,2025-09-15,13,0,0
R01,SKU-1140,2025-09-16,20,1,0
R01,SKU-1140,09/17/2025,12,0,0
R01,SKU-1140,2025-09-18,9,0,1
R01,SKU-1140,2025-09-19,12,0,0
R01,SKU-1140,2025-09-20,8,1,0
R01,SKU-1140,2025-09-21,15,0,0
R01,SKU-1140,09/22/2025,10,0,0
R01,SKU-1140,09/23/2025,12,0,0
R01,SKU-1140,2025-09-24,13,1,0
R01,SKU-1140,2025-09-25,11,0,0
R01,SKU-1140,2025-09-26,17,0,0
R01,SKU-1140,27-Sep-25,11,0,1
R01,SKU-1140,2025-09-28,10,0,0
R01,SKU-1140,2025-09-29,12,3,0
R01,SKU-1140,2025-09-30,9,0,0
R01,SKU-1189,01-Sep-25,9,0,0
R01,SKU-1189,2025-09-02,10,0,1
R01,SKU-1189,2025-09-03,11,0,0
R01,SKU-1189,2025-09-04,11,0,0
R01,SKU-1189,2025-09-05,8,1,0
R01,SKU-1189,06-Sep-25,10,0,0
R01,SKU-1189,2025-09-07,8,1,0
R01,SKU-1189,2025-09-08,17,1,1
R01,SKU-1189,09/09/2025,8,0,0
R01,SKU-1189,2025-09-10,5,2,0
R01,SKU-1189,2025-09-11,13,1,0
R01,SKU-1189,09/12/2025,13,0,0
R01,SKU-1189,09/13/2025,5,1,1
R01,SKU-1189,2025-09-14,8,0,0
R01,SKU-1189,2025-09-15,10,0,0
R01,SKU-1189,2025-09-16,6,0,1
R01,SKU-1189,2025-09-17,13,1,1
R01,SKU-1189,09/18/2025,3,0,0
R01,SKU-1189,2025-09-19,10,0,0
R01,SKU-1189,2025-09-20,15,0,0
R01,SKU-1189,21-Sep-25,11,0,0
R01,SKU-1189,2025-09-22,8,1,0
R01,SKU-1189,2025-09-23,6,0,0
R01,SKU-1189,24-Sep-25,20,0,0
R01,SKU-1189,09/25/2025,14,1,0
R01,SKU-1189,09/26/2025,9,0,0
R01,SKU-1189,09/27/2025,9,0,0
R01,SKU-1189,2025-09-28,10,2,0
R01,SKU-1189,2025-09-29,11,0,0
R01,SKU-1189,09/30/2025,11,0,0
R01,SKU-1252,2025-09-01,28,0,0
R01,SKU-1252,2025-09-02,29,2,0
R01,SKU-1252,03-Sep-25,24,0,0
R01,SKU-1252,2025-09-04,19,0,0
R01,SKU-1252,09/05/2025,35,0,0
R01,SKU-1252,09/06/2025,20,1,0
R01,SKU-1252,2025-09-07,24,0,0
R01,SKU-1252,2025-09-08,18,1,0
R01,SKU-1252,2025-09-09,23,1,1
R01,SKU-1252,09/10/2025,20,0,0
R01,SKU-1252,2025-09-11,26,0,0
R01,SKU-1252,2025-09-12,34,1,0
R01,SKU-1252,13-Sep-25,19,0,1
R01,SKU-1252,09/14/2025,34,0,0
R01,SKU-1252,2025-09-15,23,0,1
R01,SKU-1252,16-Sep-25,26,0,0
R01,SKU-1252,2025-09-17,29,0,0
R01,SKU-1252,09/18/2025,24,1,0
R01,SKU-1252,09/19/2025,31,0,0
R01,SKU-1252,2025-09-20,24,0,0
R01,SKU-1252,21-Sep-25,28,0,0
R01,SKU-1252,2025-09-22,30,0,1
R01,SKU-1252,2025-09-23,22,0,0
R01,SKU-1252,2025-09-24,17,0,0
R01,SKU-1252,2025-09-25,18,1,0
R01,SKU-1252,2025-09-26,20,0,0
R01,SKU-1252,2025-09-27,18,1,0
R01,SKU-1252,28-Sep-25,21,0,0
R01,SKU-1252,2025-09-29,24,0,0
R01,SKU-1252,09/30/2025,26,0,0
R01,SKU-1259,2025-09-01,8,0,0
R01,SKU-1259,09/02/2025,11,2,0
R01,SKU-1259,09/03/2025,14,0,0
R01,SKU-1259,09/04/2025,12,1,0
R01,SKU-1259,2025-09-05,8,0,0
R01,SKU-1259,09/06/2025,10,1,0
R01,SKU-1259,2025-09-07,16,1,1
R01,SKU-1259,2025-09-08,19,0,0
R01,SKU-1259,2025-09-09,6,1,0
R01,SKU-1259,2025-09-10,13,0,0
R01,SKU-1259,2025-09-11,13,0,0
R01,SKU-1259,09/12/2025,10,0,0
R01,SKU-1259,2025-09-13,12,0,0
R01,SKU-1259,2025-09-14,11,0,0
R01,SKU-1259,15-Sep-25,8,0,0
R01,SKU-1259,16-Sep-25,12,0,0
R01,SKU-1259,09/17/2025,11,0,0
R01,SKU-1259,2025-09-18,8,0,0
R01,SKU-1259,2025-09-19,11,0,0
R01,SKU-1259,2025-09-20,9,0,0
R01,SKU-1259,09/21/2025,11,0,0
R01,SKU-1259,2025-09-22,15,0,1
R01,SKU-1259,2025-09-23,8,0,0
R01,SKU-1259,2025-09-24,6,0,0
R01,SKU-1259,2025-09-25,9,0,0
R01,SKU-1259,09/26/2025,11,1,1
R01,SKU-1259,2025-09-27,14,0,1
R01,SKU-1259,2025-09-28,14,0,0
R01,SKU-1259,09/29/2025,14,0,0
R01,SKU-1259,2025-09-30,5,0,0
R01,SKU-1021,2025-09-01,9,1,0
R01,SKU-1021,2025-09-02,11,0,0
R01,SKU-1021,2025-09-03,12,0,0
R01,SKU-1021,2025-09-04,18,1,0
R01,SKU-1021,2025-09-05,16,1,0
R01,SKU-1021,09/06/2025,8,1,0
R01,SKU-1021,2025-09-07,16,0,0
R01,SKU-1021,2025-09-08,10,0,0
R01,SKU-1021,2025-09-09,26,0,0
R01,SKU-1021,09/10/2025,12,1,0
R01,SKU-1021,11-Sep-25,13,0,0
R01,SKU-1021,09/12/2025,15,0,0
R01,SKU-1021,2025-09-13,19,0,0
R01,SKU-1021,09/14/2025,15,0,0
R01,SKU-1021,15-Sep-25,9,0,0
R01,SKU-1021,09/16/2025,18,0,0
R01,SKU-1021,2025-09-17,20,0,0
R01,SKU-1021,2025-09-18,15,1,0
R01,SKU-1021,09/19/2025,15,0,0
R01,SKU-1021,2025-09-20,13,0,0
R01,SKU-1021,09/21/2025,18,1,0
R01,SKU-1021,09/22/2025,16,1,0
R01,SKU-1021,2025-09-23,13,0,0
R01,SKU-1021,2025-09-24,19,0,1
R01,SKU-1021,2025-09-25,19,0,0
R01,SKU-1021,09/26/2025,12,1,0
R01,SKU-1021,2025-09-27,11,0,0
R01,SKU-1021,09/28/2025,14,0,0
R01,SKU-1021,2025-09-29,14,1,0
R01,SKU-1021,30-Sep-25,10,0,0
R01,SKU-1147,2025-09-01,14,1,0
R01,SKU-1147,09/02/2025,29,1,0
R01,SKU-1147,2025-09-03,19,0,0
R01,SKU-1147,2025-09-04,17,1,0
R01,SKU-1147,09/05/2025,18,0,0
R01,SKU-1147,09/06/2025,12,0,0
R01,SKU-1147,09/07/2025,9,1,0
R01,SKU-1147,2025-09-08,17,0,0
R01,SKU-1147,2025-09-09,19,0,0
R01,SKU-1147,2025-09-10,17,0,0
R01,SKU-1147,2025-09-11,18,0,0
R01,SKU-1147,09/12/2025,14,0,1
R01,SKU-1147,13-Sep-25,20,0,0
R01,SKU-1147,2025-09-14,18,2,0
R01,SKU-1147,2025-09-15,13,0,0
R01,SKU-1147,2025-09-16,16,0,0
R01,SKU-1147,2025-09-17,15,0,0
R01,SKU-1147,2025-09-18,17,0,0
R01,SKU-1147,09/19/2025,18,0,0
R01,SKU-1147,2025-09-20,19,0,0
R01,SKU-1147,2025-09-21,18,0,0
R01,SKU-1147,2025-09-22,10,1,0
R01,SKU-1147,09/23/2025,19,0,0
R01,SKU-1147,2025-09-24,20,2,0
R01,SKU-1147,09/25/2025,14,0,0
R01,SKU-1147,2025-09-26,18,1,0
R01,SKU-1147,09/27/2025,16,1,0
R01,SKU-1147,2025-09-28,16,1,0
R01,SKU-1147,09/29/2025,26,0,0
R01,SKU-1147,09/30/2025,23,0,0
R01,SKU-1126,2025-09-01,28,0,0
R01,SKU-1126,2025-09-02,25,0,0
R01,SKU-1126,2025-09-03,33,0,0
R01,SKU-1126,2025-09-04,24,0,0
R01,SKU-1126,2025-09-05,26,0,0
R01,SKU-1126,2025-09-06,32,1,0
R01,SKU-1126,09/07/2025,30,1,0
R01,SKU-1126,09/08/2025,28,2,0
R01,SKU-1126,09/09/2025,30,0,0
R01,SKU-1126,2025-09-10,31,0,0
R01,SKU-1126,11-Sep-25,31,0,0
R01,SKU-1126,12-Sep-25,23,1,0
R01,SKU-1126,2025-09-13,34,0,0
R01,SKU-1126,09/14/2025,29,0,0
R01,SKU-1126,09/15/2025,30,0,1
R01,SKU-1126,16-Sep-25,33,0,1
R01,SKU-1126,2025-09-17,24,0,1
R01,SKU-1126,2025-09-18,26,0,0
R01,SKU-1126,2025-09-19,35,0,0
R01,SKU-1126,09/20/2025,26,2,0
R01,SKU-1126,21-Sep-25,26,1,0
R01,SKU-1126,22-Sep-25,22,1,0
R01,SKU-1126,23-Sep-25,28,0,0
R01,SKU-1126,09/24/2025,32,0,0
R01,SKU-1126,09/25/2025,22,0,0
R01,SKU-1126,2025-09-26,19,0,0
R01,SKU-1126,09/27/2025,36,0,0
R01,SKU-1126,09/28/2025,34,0,0
R01,SKU-1126,2025-09-29,31,0,0
R01,SKU-1126,09/30/2025,29,1,0
R01,SKU-1175,2025-09-01,4,0,0
R01,SKU-1175,2025-09-02,3,0,0
R01,SKU-1175,2025-09-03,3,0,0
R01,SKU-1175,2025-09-04,8,0,0
R01,SKU-1175,09/05/2025,4,1,0
R01,SKU-1175,09/06/2025,5,1,0
R01,SKU-1175,2025-09-07,3,2,1
R01,SKU-1175,2025-09-08,7,0,0
R01,SKU-1175,09/09/2025,5,1,0
R01,SKU-1175,2025-09-10,3,0,0
R01,SKU-1175,2025-09-11,3,1,1
R01,SKU-1175,2025-09-12,6,0,0
R01,SKU-1175,09/13/2025,7,1,0
R01,SKU-1175,2025-09-14,2,0,0
R01,SKU-1175,2025-09-15,4,0,0
R01,SKU-1175,2025-09-16,6,0,0
R01,SKU-1175,2025-09-17,5,0,0
R01,SKU-1175,18-Sep-25,7,0,0
R01,SKU-1175,2025-09-19,4,0,0
R01,SKU-1175,2025-09-20,2,1,0
R01,SKU-1175,09/21/2025,0,0,0
R01,SKU-1175,2025-09-22,3,1,1
R01,SKU-1175,2025-09-23,4,0,0
R01,SKU-1175,2025-09-24,4,0,0
R01,SKU-1175,2025-09-25,6,0,0
R01,SKU-1175,26-Sep-25,2,0,0
R01,SKU-1175,2025-09-27,2,1,1
R01,SKU-1175,2025-09-28,3,0,0
R01,SKU-1175,2025-09-29,3,0,0
R01,SKU-1175,2025-09-30,4,0,0
R01,SKU-1196,2025-09-01,30,0,0
R01,SKU-1196,2025-09-02,22,2,0
R01,SKU-1196,09/03/2025,16,0,0
R01,SKU-1196,09/04/2025,22,0,0
R01,SKU-1196,2025-09-05,31,0,0
R01,SKU-1196,06-Sep-25,22,0,1
R01,SKU-1196,2025-09-07,20,0,0
R01,SKU-1196,08-Sep-25,15,1,0
R01,SKU-1196,09/09/2025,21,0,0
R01,SKU-1196,09/10/2025,19,0,0
R01,SKU-1196,2025-09-11,20,0,1
R01,SKU-1196,2025-09-12,26,2,0
R01,SKU-1196,2025-09-13,14,0,0
R01,SKU-1196,09/14/2025,29,2,0
R01,SKU-1196,2025-09-15,22,0,0
R01,SKU-1196,16-Sep-25,25,0,1
R01,SKU-1196,17-Sep-25,28,0,1
R01,SKU-1196,2025-09-18,26,0,1
R01,SKU-1196,19-Sep-25,14,1,0
R01,SKU-1196,20-Sep-25,21,1,0
R01,SKU-1196,21-Sep-25,24,1,0
R01,SKU-1196,09/22/2025,22,0,0
R01,SKU-1196,09/23/2025,27,0,0
R01,SKU-1196,2025-09-24,28,1,0
R01,SKU-1196,09/25/2025,21,0,0
R01,SKU-1196,2025-09-26,17,0,0
R01,SKU-1196,2025-09-27,21,0,0
R01,SKU-1196,28-Sep-25,17,0,0
R01,SKU-1196,2025-09-29,20,0,0
R01,SKU-1196,2025-09-30,18,0,0
R01,SKU-1091,09/01/2025,12,0,0
R01,SKU-1091,2025-09-02,9,0,0
R01,SKU-1091,2025-09-03,14,1,0
R01,SKU-1091,2025-09-04,13,0,0
R01,SKU-1091,2025-09-05,19,0,0
R01,SKU-1091,2025-09-06,19,0,0
R01,SKU-1091,2025-09-07,10,2,0
R01,SKU-1091,09/08/2025,17,1,0
R01,SKU-1091,2025-09-09,9,0,1
R01,SKU-1091,2025-09-10,12,4,0
R01,SKU-1091,09/11/2025,12,2,0
R01,SKU-1091,2025-09-12,12,0,0
R01,SKU-1091,2025-09-13,18,1,0
R01,SKU-1091,14-Sep-25,12,1,0
R01,SKU-1091,15-Sep-25,16,0,1
R01,SKU-1091,2025-09-16,8,0,0
R01,SKU-1091,09/17/2025,15,0,0
R01,SKU-1091,2025-09-18,14,1,0
R01,SKU-1091,09/19/2025,13,0,0
R01,SKU-1091,2025-09-20,14,0,0
R01,SKU-1091,2025-09-21,13,0,0
R01,SKU-1091,2025-09-22,18,0,0
R01,SKU-1091,2025-09-23,14,0,0
R01,SKU-1091,24-Sep-25,28,1,1
R01,SKU-1091,09/25/2025,16,0,0
R01,SKU-1091,2025-09-26,11,1,0
R01,SKU-1091,09/27/2025,14,0,0
R01,SKU-1091,2025-09-28,16,0,0
R01,SKU-1091,09/29/2025,15,0,0
R01,SKU-1091,2025-09-30,14,1,0
R01,SKU-1119,09/01/2025,6,0,0
R01,SKU-1119,02-Sep-25,6,0,0
R01,SKU-1119,09/03/2025,3,0,0
R01,SKU-1119,09/04/2025,5,0,0
R01,SKU-1119,09/05/2025,8,0,0
R01,SKU-1119,2025-09-06,4,0,0
R01,SKU-1119,2025-09-07,4,0,0
R01,SKU-1119,2025-09-08,5,1,0
R01,SKU-1119,2025-09-09,4,0,1
R01,SKU-1119,09/10/2025,7,0,0
R01,SKU-1119,09/11/2025,4,0,0
R01,SKU-1119,2025-09-12,2,0,0
R01,SKU-1119,09/13/2025,2,0,0
R01,SKU-1119,2025-09-14,9,1,1
R01,SKU-1119,09/15/2025,9,1,0
R01,SKU-1119,16-Sep-25,4,0,0
R01,SKU-1119,17-Sep-25,9,0,0
R01,SKU-1119,2025-09-18,6,0,0
R01,SKU-1119,2025-09-19,7,0,1
R01,SKU-1119,09/20/2025,1,0,0
R01,SKU-1119,2025-09-21,4,0,0
R01,SKU-1119,2025-09-22,2,0,0
R01,SKU-1119,2025-09-23,6,1,0
R01,SKU-1119,2025-09-24,2,0,0
R01,SKU-1119,09/25/2025,7,1,0
R01,SKU-1119,2025-09-26,6,0,1
R01,SKU-1119,2025-09-27,8,1,0
R01,SKU-1119,28-Sep-25,5,2,0
R01,SKU-1119,09/29/2025,4,0,0
R01,SKU-1119,2025-09-30,6,0,1
R01,SKU-1224,2025-09-01,24,0,0
R01,SKU-1224,2025-09-02,35,0,0
R01,SKU-1224,03-Sep-25,23,0,0
R01,SKU-1224,09/04/2025,26,1,0
R01,SKU-1224,2025-09-05,36,0,0
R01,SKU-1224,2025-09-06,32,2,0
R01,SKU-1224,2025-09-07,24,1,1
R01,SKU-1224,2025-09-08,30,0,0
R01,SKU-1224,09-Sep-25,36,1,0
R01,SKU-1224,09/10/2025,26,0,0
R01,SKU-1224,2025-09-11,25,0,0
R01,SKU-1224,2025-09-12,27,0,0
R01,SKU-1224,2025-09-13,31,0,0
R01,SKU-1224,14-Sep-25,34,0,0
R01,SKU-1224,2025-09-15,30,1,0
R01,SKU-1224,09/16/2025,30,0,0
R01,SKU-1224,09/17/2025,31,0,0
R01,SKU-1224,2025-09-18,33,0,0
R01,SKU-1224,19-Sep-25,34,0,0
R01,SKU-1224,2025-09-20,32,1,0
R01,SKU-1224,2025-09-21,23,0,0
R01,SKU-1224,2025-09-22,36,0,0
R01,SKU-1224,2025-09-23,26,0,1
R01,SKU-1224,09/24/2025,32,2,0
R01,SKU-1224,2025-09-25,31,0,0
R01,SKU-1224,26-Sep-25,33,0,0
R01,SKU-1224,09/27/2025,34,0,0
R01,SKU-1224,09/28/2025,36,0,0
R01,SKU-1224,09/29/2025,26,0,1
R01,SKU-1224,2025-09-30,28,0,0
R01,SKU-1266,01-Sep-25,37,1,1
R01,SKU-1266,2025-09-02,24,0,0
R01,SKU-1266,2025-09-03,27,1,0
R01,SKU-1266,2025-09-04,24,1,0
R01,SKU-1266,2025-09-05,26,1,0
R01,SKU-1266,06-Sep-25,26,0,0
R01,SKU-1266,2025-09-07,23,0,0
R01,SKU-1266,09/08/2025,29,0,0
R01,SKU-1266,09/09/2025,26,1,0
R01,SKU-1266,10-Sep-25,32,1,0
R01,SKU-1266,09/11/2025,24,0,0
R01,SKU-1266,2025-09-12,29,0,0
R01,SKU-1266,2025-09-13,31,0,0
R01,SKU-1266,2025-09-14,28,1,0
R01,SKU-1266,2025-09-15,27,0,0
R01,SKU-1266,2025-09-16,35,1,0
R01,SKU-1266,09/17/2025,29,0,1
R01,SKU-1266,09/18/2025,36,0,0
R01,SKU-1266,09/19/2025,32,0,1
R01,SKU-1266,09/20/2025,25,0,0
R01,SKU-1266,2025-09-21,25,0,0
R01,SKU-1266,22-Sep-25,32,0,0
R01,SKU-1266,2025-09-23,34,1,0
R01,SKU-1266,2025-09-24,25,1,0
R01,SKU-1266,2025-09-25,35,0,0
R01,SKU-1266,2025-09-26,35,0,0
R01,SKU-1266,2025-09-27,27,0,0
R01,SKU-1266,2025-09-28,33,0,1
R01,SKU-1266,29-Sep-25,32,1,0
R01,SKU-1266,2025-09-30,23,1,0
R01,SKU-1063,09/01/2025,24,1,0
R01,SKU-1063,2025-09-02,24,1,0
R01,SKU-1063,2025-09-03,19,1,0
R01,SKU-1063,2025-09-04,17,1,0
R01,SKU-1063,2025-09-05,16,1,0
R01,SKU-1063,2025-09-06,18,1,0
R01,SKU-1063,2025-09-07,21,0,0
R01,SKU-1063,2025-09-08,17,0,0
R01,SKU-1063,09/09/2025,18,0,0
R01,SKU-1063,2025-09-10,17,0,0
R01,SKU-1063,2025-09-11,19,0,0
R01,SKU-1063,2025-09-12,16,0,0
R01,SKU-1063,2025-09-13,13,1,0
R01,SKU-1063,09/14/2025,27,0,0
R01,SKU-1063,09/15/2025,12,0,0
R01,SKU-1063,2025-09-16,17,0,1
R01,SKU-1063,09/17/2025,24,0,0
R01,SKU-1063,2025-09-18,17,0,0
R01,SKU-1063,09/19/2025,17,0,0
R01,SKU-1063,20-Sep-25,24,2,0
R01,SKU-1063,09/21/2025,22,2,0
R01,SKU-1063,22-Sep-25,18,0,0
R01,SKU-1063,2025-09-23,23,0,0
R01,SKU-1063,2025-09-24,31,0,0
R01,SKU-1063,25-Sep-25,26,0,1
R01,SKU-1063,26-Sep-25,14,0,1
R01,SKU-1063,09/27/2025,23,0,1
R01,SKU-1063,2025-09-28,19,0,0
R01,SKU-1063,09/29/2025,16,0,0
R01,SKU-1063,2025-09-30,17,0,0
R01,SKU-1245,09/01/2025,30,1,0
R01,SKU-1245,2025-09-02,23,0,0
R01,SKU-1245,2025-09-03,19,1,1
R01,SKU-1245,04-Sep-25,23,0,0
R01,SKU-1245,2025-09-05,34,0,0
R01,SKU-1245,2025-09-06,18,0,0
R01,SKU-1245,09/07/2025,36,0,0
R01,SKU-1245,2025-09-08,26,0,0
R01,SKU-1245,09/09/2025,33,0,0
R01,SKU-1245,2025-09-10,29,0,0
R01,SKU-1245,2025-09-11,25,0,0
R01,SKU-1245,2025-09-12,25,1,0
R01,SKU-1245,2025-09-13,33,0,0
R01,SKU-1245,2025-09-14,24,0,0
R01,SKU-1245,2025-09-15,23,0,0
R01,SKU-1245,16-Sep-25,24,0,0
R01,SKU-1245,09/17/2025,32,0,0
R01,SKU-1245,09/18/2025,37,0,0
R01,SKU-1245,2025-09-19,25,1,0
R01,SKU-1245,2025-09-20,40,0,0
R01,SKU-1245,2025-09-21,25,0,0
R01,SKU-1245,09/22/2025,28,0,0
R01,SKU-1245,09/23/2025,30,0,0
R01,SKU-1245,2025-09-24,22,0,0
R01,SKU-1245,2025-09-25,28,0,0
R01,SKU-1245,09/26/2025,34,1,0
R01,SKU-1245,2025-09-27,36,1,0
R01,SKU-1245,2025-09-28,25,2,0
R01,SKU-1245,2025-09-29,22,1,0
R01,SKU-1245,30-Sep-25,15,0,0
R01,SKU-1182,09/01/2025,4,0,0
R01,SKU-1182,2025-09-02,2,1,1
R01,SKU-1182,2025-09-03,6,1,0
R01,SKU-1182,2025-09-04,6,0,0
R01,SKU-1182,2025-09-05,6,0,0
R01,SKU-1182,2025-09-06,5,1,1
R01,SKU-1182,2025-09-07,7,1,0
R01,SKU-1182,2025-09-08,7,0,0
R01,SKU-1182,2025-09-09,7,1,0
R01,SKU-1182,2025-09-10,10,1,0
R01,SKU-1182,2025-09-11,8,0,0
R01,SKU-1182,09/12/2025,6,0,0
R01,SKU-1182,2025-09-13,6,0,0
R01,SKU-1182,2025-09-14,8,0,0
R01,SKU-1182,2025-09-15,7,0,0
R01,SKU-1182,09/16/2025,5,1,0
R01,SKU-1182,2025-09-17,6,3,0
R01,SKU-1182,09/18/2025,5,0,0
R01,SKU-1182,09/19/2025,6,0,0
R01,SKU-1182,2025-09-20,2,0,0
R01,SKU-1182,2025-09-21,4,0,0
R01,SKU-1182,09/22/2025,5,0,0
R01,SKU-1182,09/23/2025,4,1,0
R01,SKU-1182,2025-09-24,5,0,0
R01,SKU-1182,2025-09-25,7,0,1
R01,SKU-1182,26-Sep-25,11,1,0
R01,SKU-1182,09/27/2025,5,0,1
R01,SKU-1182,09/28/2025,5,0,0
R01,SKU-1182,09/29/2025,5,1,0
R01,SKU-1182,2025-09-30,9,1,0
R01,SKU-1007,2025-09-01,35,1,0
R01,SKU-1007,09/02/2025,36,0,0
R01,SKU-1007,09/03/2025,34,0,1
R01,SKU-1007,09/04/2025,26,1,0
R01,SKU-1007,09/05/2025,28,0,0
R01,SKU-1007,06-Sep-25,34,0,0
R01,SKU-1007,2025-09-07,27,0,0
R01,SKU-1007,2025-09-08,35,0,1
R01,SKU-1007,09-Sep-25,35,1,0
R01,SKU-1007,2025-09-10,31,1,0
R01,SKU-1007,09/11/2025,27,0,0
R01,SKU-1007,09/12/2025,30,2,0
R01,SKU-1007,09/13/2025,28,0,0
R01,SKU-1007,2025-09-14,30,1,0
R01,SKU-1007,15-Sep-25,33,0,0
R01,SKU-1007,09/16/2025,38,1,0
R01,SKU-1007,09/17/2025,34,1,0
R01,SKU-1007,2025-09-18,22,1,0
R01,SKU-1007,2025-09-19,28,0,0
R01,SKU-1007,2025-09-20,42,0,0
R01,SKU-1007,09/21/2025,23,0,0
R01,SKU-1007,2025-09-22,43,0,0
R01,SKU-1007,23-Sep-25,23,1,0
R01,SKU-1007,09/24/2025,33,0,0
R01,SKU-1007,2025-09-25,32,0,0
R01,SKU-1007,2025-09-26,33,1,0
R01,SKU-1007,09/27/2025,33,2,1
R01,SKU-1007,28-Sep-25,22,0,0
R01,SKU-1007,2025-09-29,30,0,0
R01,SKU-1007,2025-09-30,27,2,0
R01,SKU-1070,01-Sep-25,7,0,1
R01,SKU-1070,2025-09-02,13,1,0
R01,SKU-1070,03-Sep-25,7,0,0
R01,SKU-1070,2025-09-04,8,0,0
R01,SKU-1070,2025-09-05,10,1,0
R01,SKU-1070,2025-09-06,14,1,0
R01,SKU-1070,2025-09-07,15,0,0
R01,SKU-1070,2025-09-08,11,1,0
R01,SKU-1070,2025-09-09,18,0,0
R01,SKU-1070,2025-09-10,7,0,0
R01,SKU-1070,2025-09-11,11,0,0
R01,SKU-1070,12-Sep-25,14,0,1
R01,SKU-1070,2025-09-13,13,1,0
R01,SKU-1070,09/14/2025,9,0,0
R01,SKU-1070,2025-09-15,7,0,0
R01,SKU-1070,2025-09-16,8,0,0
R01,SKU-1070,09/17/2025,5,0,0
R01,SKU-1070,18-Sep-25,14,0,0
R01,SKU-1070,2025-09-19,8,0,0
R01,SKU-1070,2025-09-20,6,0,0
R01,SKU-1070,21-Sep-25,9,0,0
R01,SKU-1070,2025-09-22,7,1,0
R01,SKU-1070,2025-09-23,5,1,0
R01,SKU-1070,2025-09-24,15,0,0
R01,SKU-1070,2025-09-25,5,0,0
R01,SKU-1070,2025-09-26,8,1,0
R01,SKU-1070,2025-09-27,7,0,0
R01,SKU-1070,2025-09-28,10,2,0
R01,SKU-1070,29-Sep-25,12,0,0
R01,SKU-1070,2025-09-30,12,1,0
R01,SKU-1238,2025-09-01,10,0,1
R01,SKU-1238,09/02/2025,25,0,0
R01,SKU-1238,2025-09-03,11,0,0
R01,SKU-1238,09/04/2025,23,1,0
R01,SKU-1238,09/05/2025,20,1,0
R01,SKU-1238,09/06/2025,14,1,0
R01,SKU-1238,2025-09-07,17,0,0
R01,SKU-1238,09/08/2025,25,1,0
R01,SKU-1238,2025-09-09,16,0,0
R01,SKU-1238,09/10/2025,16,0,0
R01,SKU-1238,09/11/2025,20,0,1
R01,SKU-1238,09/12/2025,23,1,1
R01,SKU-1238,13-Sep-25,16,0,0
R01,SKU-1238,2025-09-14,27,1,0
R01,SKU-1238,09/15/2025,10,0,0
R01,SKU-1238,09/16/2025,17,0,0
R01,SKU-1238,09/17/2025,24,0,0
R01,SKU-1238,2025-09-18,16,0,0
R01,SKU-1238,2025-09-19,16,1,0
R01,SKU-1238,2025-09-20,28,0,0
R01,SKU-1238,21-Sep-25,14,1,0
R01,SKU-1238,2025-09-22,22,0,0
R01,SKU-1238,09/23/2025,19,1,0
R01,SKU-1238,2025-09-24,25,0,0
R01,SKU-1238,25-Sep-25,16,0,0
R01,SKU-1238,26-Sep-25,16,0,0
R01,SKU-1238,2025-09-27,24,3,0
R01,SKU-1238,2025-09-28,15,1,0
R01,SKU-1238,2025-09-29,23,0,0
R01,SKU-1238,2025-09-30,20,0,0
R01,SKU-1154,01-Sep-25,15,1,0
R01,SKU-1154,02-Sep-25,22,0,0
R01,SKU-1154,2025-09-03,16,0,0
R01,SKU-1154,2025-09-04,22,0,0
R01,SKU-1154,05-Sep-25,21,1,0
R01,SKU-1154,2025-09-06,30,0,0
R01,SKU-1154,2025-09-07,24,0,1
R01,SKU-1154,09/08/2025,22,0,0
R01,SKU-1154,2025-09-09,16,0,0
R01,SKU-1154,09/10/2025,15,1,1
R01,SKU-1154,2025-09-11,15,1,1
R01,SKU-1154,2025-09-12,11,0,0
R01,SKU-1154,09/13/2025,17,0,0
R01,SKU-1154,2025-09-14,14,1,1
R01,SKU-1154,09/15/2025,17,0,0
R01,SKU-1154,2025-09-16,15,0,0
R01,SKU-1154,2025-09-17,17,0,0
R01,SKU-1154,2025-09-18,18,1,0
R01,SKU-1154,2025-09-19,18,1,0
R01,SKU-1154,2025-09-20,9,0,0
R01,SKU-1154,21-Sep-25,18,0,0
R01,SKU-1154,2025-09-22,24,0,0
R01,SKU-1154,23-Sep-25,21,0,0
R01,SKU-1154,2025-09-24,23,0,0
R01,SKU-1154,09/25/2025,18,0,1
R01,SKU-1154,09/26/2025,18,0,0
R01,SKU-1154,2025-09-27,21,0,0
R01,SKU-1154,2025-09-28,19,1,0
R01,SKU-1154,2025-09-29,18,0,0
R01,SKU-1154,09/30/2025,15,0,1
R01,SKU-1273,2025-09-01,23,1,0
R01,SKU-1273,2025-09-02,28,1,0
R01,SKU-1273,09/03/2025,24,0,0
R01,SKU-1273,2025-09-04,24,0,0
R01,SKU-1273,2025-09-05,34,1,0
R01,SKU-1273,2025-09-06,22,0,0
R01,SKU-1273,09/07/2025,25,0,0
R01,SKU-1273,2025-09-08,34,0,0
R01,SKU-1273,2025-09-09,27,1,0
R01,SKU-1273,2025-09-10,29,1,0
R01,SKU-1273,2025-09-11,21,0,0
R01,SKU-1273,2025-09-12,26,0,0
R01,SKU-1273,13-Sep-25,24,1,0
R01,SKU-1273,09/14/2025,28,0,0
R01,SKU-1273,2025-09-15,24,0,1
R01,SKU-1273,2025-09-16,27,0,0
R01,SKU-1273,17-Sep-25,27,0,0
R01,SKU-1273,2025-09-18,27,2,0
R01,SKU-1273,2025-09-19,17,0,0
R01,SKU-1273,2025-09-20,32,0,1
R01,SKU-1273,2025-09-21,23,0,0
R01,SKU-1273,2025-09-22,28,0,0
R01,SKU-1273,2025-09-23,28,0,0
R01,SKU-1273,2025-09-24,20,0,0
R01,SKU-1273,2025-09-25,21,0,0
R01,SKU-1273,26-Sep-25,28,0,0
R01,SKU-1273,27-Sep-25,21,1,0
R01,SKU-1273,09/28/2025,25,1,0
R01,SKU-1273,09/29/2025,32,0,0
R01,SKU-1273,2025-09-30,38,1,0
R02,SKU-1119,2025-09-01,6,0,0
R02,SKU-1119,2025-09-02,4,1,0
R02,SKU-1119,2025-09-03,3,0,0
R02,SKU-1119,2025-09-04,3,1,0
R02,SKU-1119,2025-09-05,5,0,0
R02,SKU-1119,2025-09-06,4,0,0
R02,SKU-1119,07-Sep-25,4,0,0
R02,SKU-1119,2025-09-08,6,0,0
R02,SKU-1119,09/09/2025,6,1,0
R02,SKU-1119,2025-09-10,3,1,0
R02,SKU-1119,2025-09-11,6,1,0
R02,SKU-1119,12-Sep-25,3,0,0
R02,SKU-1119,09/13/2025,3,0,0
R02,SKU-1119,2025-09-14,7,0,0
R02,SKU-1119,2025-09-15,4,0,0
R02,SKU-1119,09/16/2025,5,0,0
R02,SKU-1119,2025-09-17,3,0,0
R02,SKU-1119,2025-09-18,1,0,0
R02,SKU-1119,2025-09-19,5,0,0
R02,SKU-1119,2025-09-20,4,1,0
R02,SKU-1119,2025-09-21,3,1,1
R02,SKU-1119,2025-09-22,6,0,0
R02,SKU-1119,09/23/2025,4,2,0
R02,SKU-1119,2025-09-24,6,0,0
R02,SKU-1119,09/25/2025,8,0,0
R02,SKU-1119,2025-09-26,2,0,0
R02,SKU-1119,2025-09-27,4,0,0
R02,SKU-1119,2025-09-28,6,0,0
R02,SKU-1119,09/29/2025,3,0,0
R02,SKU-1119,09/30/2025,2,1,0
R02,SKU-1252,01-Sep-25,28,0,1
R02,SKU-1252,2025-09-02,34,0,0
R02,SKU-1252,2025-09-03,29,0,0
R02,SKU-1252,2025-09-04,31,0,0
R02,SKU-1252,2025-09-05,34,0,0
R02,SKU-1252,2025-09-06,19,0,0
R02,SKU-1252,07-Sep-25,33,1,0
R02,SKU-1252,08-Sep-25,22,1,0
R02,SKU-1252,2025-09-09,33,0,0
R02,SKU-1252,10-Sep-25,30,0,0
R02,SKU-1252,2025-09-11,28,0,0
R02,SKU-1252,2025-09-12,26,2,0
R02,SKU-1252,2025-09-13,35,0,0
R02,SKU-1252,2025-09-14,24,0,0
R02,SKU-1252,2025-09-15,37,0,0
R02,SKU-1252,09/16/2025,24,0,0
R02,SKU-1252,09/17/2025,36,0,0
R02,SKU-1252,09/18/2025,33,2,0
R02,SKU-1252,2025-09-19,38,0,0
R02,SKU-1252,2025-09-20,35,0,0
R02,SKU-1252,2025-09-21,24,0,0
R02,SKU-1252,2025-09-22,26,0,0
R02,SKU-1252,2025-09-23,33,0,1
R02,SKU-1252,09/24/2025,39,0,0
R02,SKU-1252,2025-09-25,35,1,0
R02,SKU-1252,26-Sep-25,33,0,0
R02,SKU-1252,2025-09-27,32,1,0
R02,SKU-1252,2025-09-28,26,1,1
R02,SKU-1252,2025-09-29,21,0,0
R02,SKU-1252,2025-09-30,23,0,0
R02,SKU-1238,09/01/2025,15,0,0
R02,SKU-1238,02-Sep-25,13,1,0
R02,SKU-1238,03-Sep-25,21,2,0
R02,SKU-1238,2025-09-04,25,0,0
R02,SKU-1238,2025-09-05,16,2,1
R02,SKU-1238,2025-09-06,17,0,0
R02,SKU-1238,09/07/2025,15,2,0
R02,SKU-1238,09/08/2025,22,1,0
R02,SKU-1238,09-Sep-25,11,1,0
R02,SKU-1238,2025-09-10,18,0,0
R02,SKU-1238,2025-09-11,23,0,0
R02,SKU-1238,2025-09-12,13,0,0
R02,SKU-1238,2025-09-13,13,0,0
R02,SKU-1238,14-Sep-25,13,1,0
R02,SKU-1238,2025-09-15,17,0,0
R02,SKU-1238,2025-09-16,24,1,0
R02,SKU-1238,2025-09-17,23,0,0
R02,SKU-1238,18-Sep-25,16,0,0
R02,SKU-1238,2025-09-19,21,1,0
R02,SKU-1238,20-Sep-25,15,0,0
R02,SKU-1238,21-Sep-25,13,0,0
R02,SKU-1238,2025-09-22,18,0,0
R02,SKU-1238,23-Sep-25,17,1,0
R02,SKU-1238,09/24/2025,17,0,0
R02,SKU-1238,2025-09-25,17,0,1
R02,SKU-1238,2025-09-26,21,0,0
R02,SKU-1238,2025-09-27,10,0,0
R02,SKU-1238,09/28/2025,19,2,0
R02,SKU-1238,09/29/2025,17,1,0
R02,SKU-1238,2025-09-30,23,0,0
R02,SKU-1161,2025-09-01,20,0,1
R02,SKU-1161,09/02/2025,13,0,1
R02,SKU-1161,2025-09-03,10,1,0
R02,SKU-1161,04-Sep-25,14,1,0
R02,SKU-1161,09/05/2025,14,0,0
R02,SKU-1161,2025-09-06,12,1,0
R02,SKU-1161,09/07/2025,22,1,0
R02,SKU-1161,08-Sep-25,21,0,0
R02,SKU-1161,09/09/2025,10,0,0
R02,SKU-1161,2025-09-10,13,1,0
R02,SKU-1161,2025-09-11,11,0,0
R02,SKU-1161,12-Sep-25,18,0,0
R02,SKU-1161,13-Sep-25,16,0,0
R02,SKU-1161,09/14/2025,21,0,0
R02,SKU-1161,2025-09-15,15,0,0
R02,SKU-1161,2025-09-16,8,1,1
R02,SKU-1161,2025-09-17,19,0,0
R02,SKU-1161,18-Sep-25,14,0,0
R02,SKU-1161,2025-09-19,16,0,1
R02,SKU-1161,20-Sep-25,17,1,0
R02,SKU-1161,2025-09-21,12,0,0
R02,SKU-1161,2025-09-22,12,2,0
R02,SKU-1161,2025-09-23,13,2,0
R02,SKU-1161,24-Sep-25,4,2,0
R02,SKU-1161,2025-09-25,9,1,0
R02,SKU-1161,09/26/2025,12,1,0
R02,SKU-1161,2025-09-27,17,0,0
R02,SKU-1161,2025-09-28,12,0,0
R02,SKU-1161,09/29/2025,10,0,0
R02,SKU-1161,2025-09-30,10,1,0
R02,SKU-1224,2025-09-01,37,1,0
R02,SKU-1224,02-Sep-25,40,1,0
R02,SKU-1224,09/03/2025,29,0,0
R02,SKU-1224,2025-09-04,24,4,1
R02,SKU-1224,2025-09-05,28,0,0
R02,SKU-1224,2025-09-06,30,0,0
R02,SKU-1224,2025-09-07,32,0,0
R02,SKU-1224,2025-09-08,30,0,0
R02,SKU-1224,2025-09-09,40,0,0
R02,SKU-1224,2025-09-10,29,1,1
R02,SKU-1224,2025-09-11,32,0,0
R02,SKU-1224,2025-09-12,35,2,0
R02,SKU-1224,2025-09-13,32,0,0
R02,SKU-1224,09/14/2025,34,1,0
R02,SKU-1224,2025-09-15,26,0,0
R02,SKU-1224,2025-09-16,39,1,0
R02,SKU-1224,2025-09-17,35,0,0
R02,SKU-1224,18-Sep-25,28,0,0
R02,SKU-1224,2025-09-19,24,0,0
R02,SKU-1224,20-Sep-25,31,1,0
R02,SKU-1224,2025-09-21,39,0,0
R02,SKU-1224,2025-09-22,33,0,1
R02,SKU-1224,09/23/2025,34,0,0
R02,SKU-1224,09/24/2025,29,1,0
R02,SKU-1224,2025-09-25,32,0,0
R02,SKU-1224,2025-09-26,33,0,0
R02,SKU-1224,27-Sep-25,27,0,0
R02,SKU-1224,2025-09-28,37,1,0
R02,SKU-1224,29-Sep-25,36,1,0
R02,SKU-1224,30-Sep-25,32,0,1
R02,SKU-1084,09/01/2025,11,0,0
R02,SKU-1084,2025-09-02,17,1,0
R02,SKU-1084,2025-09-03,12,0,0
R02,SKU-1084,2025-09-04,23,0,0
R02,SKU-1084,09/05/2025,27,1,0
R02,SKU-1084,2025-09-06,7,1,0
R02,SKU-1084,2025-09-07,20,0,0
R02,SKU-1084,08-Sep-25,17,1,1
R02,SKU-1084,2025-09-09,14,0,0
R02,SKU-1084,2025-09-10,17,0,0
R02,SKU-1084,2025-09-11,19,0,0
R02,SKU-1084,2025-09-12,23,1,0
R02,SKU-1084,2025-09-13,13,1,0
R02,SKU-1084,2025-09-14,15,0,0
R02,SKU-1084,15-Sep-25,23,3,1
R02,SKU-1084,2025-09-16,11,0,1
R02,SKU-1084,2025-09-17,19,0,0
R02,SKU-1084,2025-09-18,19,1,0
R02,SKU-1084,09/19/2025,6,0,0
R02,SKU-1084,2025-09-20,16,0,0
R02,SKU-1084,2025-09-21,14,0,0
R02,SKU-1084,09/22/2025,17,0,0
R02,SKU-1084,2025-09-23,16,0,0
R02,SKU-1084,24-Sep-25,13,0,0
R02,SKU-1084,2025-09-25,18,0,0
R02,SKU-1084,26-Sep-25,16,0,0
R02,SKU-1084,2025-09-27,15,1,0
R02,SKU-1084,2025-09-28,16,0,0
R02,SKU-1084,2025-09-29,12,1,0
R02,SKU-1084,09/30/2025,18,0,0
R02,SKU-1028,2025-09-01,34,0,0
R02,SKU-1028,09/02/2025,29,0,0
R02,SKU-1028,2025-09-03,25,2,0
R02,SKU-1028,2025-09-04,37,1,0
R02,SKU-1028,2025-09-05,36,0,0
R02,SKU-1028,06-Sep-25,32,0,0
R02,SKU-1028,2025-09-07,31,0,1
R02,SKU-1028,08-Sep-25,19,0,0
R02,SKU-1028,2025-09-09,31,0,1
R02,SKU-1028,09/10/2025,27,0,1
R02,SKU-1028,2025-09-11,27,0,0
R02,SKU-1028,12-Sep-25,27,0,0
R02,SKU-1028,09/13/2025,27,0,1
R02,SKU-1028,2025-09-14,26,0,0
R02,SKU-1028,15-Sep-25,24,1,0
R02,SKU-1028,2025-09-16,28,0,0
R02,SKU-1028,09/17/2025,28,0,0
R02,SKU-1028,2025-09-18,30,0,0
R02,SKU-1028,2025-09-19,25,0,0
R02,SKU-1028,2025-09-20,30,0,0
R02,SKU-1028,09/21/2025,31,0,0
R02,SKU-1028,2025-09-22,22,1,0
R02,SKU-1028,09/23/2025,28,0,0
R02,SKU-1028,24-Sep-25,23,0,0
R02,SKU-1028,09/25/2025,30,0,0
R02,SKU-1028,2025-09-26,25,1,1
R02,SKU-1028,2025-09-27,37,1,1
R02,SKU-1028,09/28/2025,36,0,0
R02,SKU-1028,2025-09-29,27,1,0
R02,SKU-1028,30-Sep-25,42,1,0
R02,SKU-1140,2025-09-01,21,0,0
R02,SKU-1140,2025-09-02,18,0,0
R02,SKU-1140,2025-09-03,25,1,0
R02,SKU-1140,04-Sep-25,21,0,0
R02,SKU-1140,09/05/2025,25,1,0
R02,SKU-1140,2025-09-06,23,0,0
R02,SKU-1140,09/07/2025,10,0,0
R02,SKU-1140,08-Sep-25,22,2,1
R02,SKU-1140,2025-09-09,27,0,0
R02,SKU-1140,09/10/2025,24,0,1
R02,SKU-1140,09/11/2025,19,0,0
R02,SKU-1140,2025-09-12,28,1,0
R02,SKU-1140,13-Sep-25,22,1,0
R02,SKU-1140,09/14/2025,22,0,0
R02,SKU-1140,2025-09-15,15,0,0
R02,SKU-1140,2025-09-16,14,0,0
R02,SKU-1140,2025-09-17,20,2,0
R02,SKU-1140,18-Sep-25,16,0,0
R02,SKU-1140,2025-09-19,20,0,0
R02,SKU-1140,2025-09-20,22,0,0
R02,SKU-1140,2025-09-21,24,0,0
R02,SKU-1140,2025-09-22,19,1,0
R02,SKU-1140,2025-09-23,18,0,0
R02,SKU-1140,2025-09-24,19,2,0
R02,SKU-1140,25-Sep-25,24,0,0
R02,SKU-1140,09/26/2025,23,1,0
R02,SKU-1140,27-Sep-25,20,0,0
R02,SKU-1140,09/28/2025,23,0,0
R02,SKU-1140,2025-09-29,20,0,0
R02,SKU-1140,09/30/2025,15,0,0
R02,SKU-1217,2025-09-01,20,1,0
R02,SKU-1217,2025-09-02,22,0,0
R02,SKU-1217,2025-09-03,26,0,1
R02,SKU-1217,2025-09-04,24,0,0
R02,SKU-1217,2025-09-05,26,0,0
R02,SKU-1217,09/06/2025,20,0,1
R02,SKU-1217,2025-09-07,24,0,0
R02,SKU-1217,2025-09-08,29,0,0
R02,SKU-1217,2025-09-09,23,0,1
R02,SKU-1217,09/10/2025,16,0,0
R02,SKU-1217,09/11/2025,23,1,0
R02,SKU-1217,09/12/2025,16,1,0
R02,SKU-1217,2025-09-13,18,0,0
R02,SKU-1217,2025-09-14,24,0,0
R02,SKU-1217,2025-09-15,23,0,0
R02,SKU-1217,09/16/2025,29,0,0
R02,SKU-1217,2025-09-17,20,1,0
R02,SKU-1217,09/18/2025,18,0,0
R02,SKU-1217,09/19/2025,23,0,0
R02,SKU-1217,2025-09-20,17,0,0
R02,SKU-1217,2025-09-21,18,0,0
R02,SKU-1217,09/22/2025,20,0,0
R02,SKU-1217,2025-09-23,21,0,0
R02,SKU-1217,24-Sep-25,25,0,0
R02,SKU-1217,09/25/2025,19,0,0
R02,SKU-1217,2025-09-26,19,1,0
R02,SKU-1217,09/27/2025,15,0,0
R02,SKU-1217,2025-09-28,17,0,0
R02,SKU-1217,09/29/2025,24,1,0
R02,SKU-1217,2025-09-30,15,1,0
R02,SKU-1112,2025-09-01,19,0,0
R02,SKU-1112,2025-09-02,12,0,1
R02,SKU-1112,2025-09-03,17,0,0
R02,SKU-1112,09/04/2025,17,0,0
R02,SKU-1112,2025-09-05,9,2,0
R02,SKU-1112,2025-09-06,18,0,0
R02,SKU-1112,2025-09-07,11,0,0
R02,SKU-1112,08-Sep-25,9,0,0
R02,SKU-1112,09-Sep-25,21,0,0
R02,SKU-1112,2025-09-10,16,0,0
R02,SKU-1112,2025-09-11,15,0,0
R02,SKU-1112,2025-09-12,13,1,1
R02,SKU-1112,2025-09-13,14,0,0
R02,SKU-1112,2025-09-14,16,0,0
R02,SKU-1112,2025-09-15,20,0,0
R02,SKU-1112,2025-09-16,9,1,0
R02,SKU-1112,2025-09-17,16,0,0
R02,SKU-1112,09/18/2025,11,0,1
R02,SKU-1112,09/19/2025,19,0,0
R02,SKU-1112,2025-09-20,17,0,0
R02,SKU-1112,2025-09-21,15,0,0
R02,SKU-1112,2025-09-22,16,0,0
R02,SKU-1112,2025-09-23,11,0,0
R02,SKU-1112,09/24/2025,11,0,0
R02,SKU-1112,09/25/2025,16,0,0
R02,SKU-1112,2025-09-26,17,0,0
R02,SKU-1112,09/27/2025,17,0,0
R02,SKU-1112,28-Sep-25,14,1,0
R02,SKU-1112,2025-09-29,11,1,0
R02,SKU-1112,2025-09-30,13,0,0
R02,SKU-1245,2025-09-01,10,2,0
R02,SKU-1245,2025-09-02,3,0,1
R02,SKU-1245,09/03/2025,3,1,0
R02,SKU-1245,2025-09-04,3,2,0
R02,SKU-1245,09/05/2025,7,0,0
R02,SKU-1245,06-Sep-25,6,0,0
R02,SKU-1245,2025-09-07,5,0,0
R02,SKU-1245,2025-09-08,9,1,0
R02,SKU-1245,2025-09-09,11,1,0
R02,SKU-1245,10-Sep-25,8,1,0
R02,SKU-1245,2025-09-11,5,0,0
R02,SKU-1245,2025-09-12,10,1,1
R02,SKU-1245,2025-09-13,6,1,0
R02,SKU-1245,2025-09-14,4,0,0
R02,SKU-1245,15-Sep-25,5,0,0
R02,SKU-1245,16-Sep-25,8,0,0
R02,SKU-1245,17-Sep-25,2,0,0
R02,SKU-1245,09/18/2025,8,1,0
R02,SKU-1245,2025-09-19,3,0,1
R02,SKU-1245,2025-09-20,5,1,0
R02,SKU-1245,21-Sep-25,12,1,0
R02,SKU-1245,09/22/2025,9,0,1
R02,SKU-1245,23-Sep-25,10,1,1
R02,SKU-1245,2025-09-24,8,0,0
R02,SKU-1245,09/25/2025,5,0,0
R02,SKU-1245,2025-09-26,9,0,0
R02,SKU-1245,27-Sep-25,8,1,0
R02,SKU-1245,2025-09-28,6,1,0
R02,SKU-1245,2025-09-29,9,0,0
R02,SKU-1245,2025-09-30,5,0,0
R02,SKU-1210,09/01/2025,21,0,0
R02,SKU-1210,2025-09-02,11,1,0
R02,SKU-1210,09/03/2025,21,0,0
R02,SKU-1210,2025-09-04,19,0,0
R02,SKU-1210,2025-09-05,19,1,1
R02,SKU-1210,06-Sep-25,15,1,0
R02,SKU-1210,2025-09-07,9,1,0
R02,SKU-1210,2025-09-08,14,0,0
R02,SKU-1210,2025-09-09,12,0,0
R02,SKU-1210,2025-09-10,16,1,0
R02,SKU-1210,2025-09-11,14,0,0
R02,SKU-1210,2025-09-12,16,1,0
R02,SKU-1210,13-Sep-25,12,0,1
R02,SKU-1210,09/14/2025,15,0,1
R02,SKU-1210,2025-09-15,17,0,0
R02,SKU-1210,2025-09-16,10,0,0
R02,SKU-1210,2025-09-17,20,1,0
R02,SKU-1210,18-Sep-25,12,0,0
R02,SKU-1210,09/19/2025,6,1,0
R02,SKU-1210,2025-09-20,14,0,1
R02,SKU-1210,2025-09-21,14,0,0
R02,SKU-1210,09/22/2025,14,1,0
R02,SKU-1210,2025-09-23,8,0,0
R02,SKU-1210,2025-09-24,9,0,0
R02,SKU-1210,09/25/2025,12,1,0
R02,SKU-1210,26-Sep-25,11,0,0
R02,SKU-1210,09/27/2025,16,0,0
R02,SKU-1210,09/28/2025,12,2,0
R02,SKU-1210,09/29/2025,14,0,1
R02,SKU-1210,30-Sep-25,15,1,0
R02,SKU-1063,2025-09-01,26,0,0
R02,SKU-1063,2025-09-02,40,0,0
R02,SKU-1063,09/03/2025,28,0,0
R02,SKU-1063,09/04/2025,32,0,0
R02,SKU-1063,09/05/2025,32,0,0
R02,SKU-1063,2025-09-06,35,0,0
R02,SKU-1063,2025-09-07,26,0,0
R02,SKU-1063,2025-09-08,28,0,0
R02,SKU-1063,2025-09-09,27,0,0
R02,SKU-1063,10-Sep-25,30,0,0
R02,SKU-1063,11-Sep-25,42,2,0
R02,SKU-1063,2025-09-12,36,0,0
R02,SKU-1063,2025-09-13,26,0,0
R02,SKU-1063,14-Sep-25,26,1,0
R02,SKU-1063,09/15/2025,45,2,0
R02,SKU-1063,2025-09-16,31,0,0
R02,SKU-1063,2025-09-17,32,0,0
R02,SKU-1063,2025-09-18,34,0,0
R02,SKU-1063,09/19/2025,38,1,0
R02,SKU-1063,20-Sep-25,30,0,0
R02,SKU-1063,21-Sep-25,35,0,1
R02,SKU-1063,22-Sep-25,24,0,0
R02,SKU-1063,2025-09-23,36,0,0
R02,SKU-1063,2025-09-24,34,1,0
R02,SKU-1063,25-Sep-25,35,0,0
R02,SKU-1063,2025-09-26,36,0,0
R02,SKU-1063,27-Sep-25,32,1,0
R02,SKU-1063,2025-09-28,38,0,0
R02,SKU-1063,2025-09-29,29,0,0
R02,SKU-1063,30-Sep-25,33,0,0
R02,SKU-1203,09/01/2025,14,2,0
R02,SKU-1203,2025-09-02,15,1,0
R02,SKU-1203,2025-09-03,32,1,0
R02,SKU-1203,09/04/2025,29,0,1
R02,SKU-1203,09/05/2025,19,1,0
R02,SKU-1203,2025-09-06,26,0,1
R02,SKU-1203,09/07/2025,27,0,1
R02,SKU-1203,2025-09-08,29,1,0
R02,SKU-1203,2025-09-09,29,0,0
R02,SKU-1203,09/10/2025,18,0,0
R02,SKU-1203,09/11/2025,29,1,0
R02,SKU-1203,12-Sep-25,16,0,0
R02,SKU-1203,09/13/2025,21,1,0
R02,SKU-1203,2025-09-14,21,0,0
R02,SKU-1203,2025-09-15,32,0,0
R02,SKU-1203,2025-09-16,16,0,0
R02,SKU-1203,09/17/2025,28,1,0
R02,SKU-1203,2025-09-18,23,0,0
R02,SKU-1203,2025-09-19,23,0,0
R02,SKU-1203,2025-09-20,23,2,0
R02,SKU-1203,09/21/2025,22,0,0
R02,SKU-1203,2025-09-22,25,1,0
R02,SKU-1203,2025-09-23,24,0,1
R02,SKU-1203,2025-09-24,21,0,0
R02,SKU-1203,2025-09-25,22,1,0
R02,SKU-1203,26-Sep-25,20,1,0
R02,SKU-1203,2025-09-27,27,0,0
R02,SKU-1203,2025-09-28,27,0,1
R02,SKU-1203,29-Sep-25,20,2,1
R02,SKU-1203,2025-09-30,16,0,0
R02,SKU-1021,2025-09-01,30,0,1
R02,SKU-1021,09/02/2025,21,0,0
R02,SKU-1021,09/03/2025,31,0,0
R02,SKU-1021,2025-09-04,28,0,1
R02,SKU-1021,2025-09-05,25,0,0
R02,SKU-1021,2025-09-06,22,1,0
R02,SKU-1021,07-Sep-25,21,0,0
R02,SKU-1021,08-Sep-25,30,0,0
R02,SKU-1021,09-Sep-25,22,1,0
R02,SKU-1021,10-Sep-25,26,1,0
R02,SKU-1021,11-Sep-25,28,0,0
R02,SKU-1021,09/12/2025,33,1,0
R02,SKU-1021,2025-09-13,26,1,0
R02,SKU-1021,09/14/2025,23,0,1
R02,SKU-1021,09/15/2025,26,0,0
R02,SKU-1021,09/16/2025,26,1,0
R02,SKU-1021,2025-09-17,25,0,0
R02,SKU-1021,2025-09-18,22,0,1
R02,SKU-1021,2025-09-19,28,0,0
R02,SKU-1021,2025-09-20,28,0,0
R02,SKU-1021,2025-09-21,35,1,0
R02,SKU-1021,09/22/2025,23,0,0
R02,SKU-1021,2025-09-23,25,0,0
R02,SKU-1021,2025-09-24,19,0,0
R02,SKU-1021,2025-09-25,21,0,0
R02,SKU-1021,26-Sep-25,37,0,0
R02,SKU-1021,2025-09-27,24,1,0
R02,SKU-1021,28-Sep-25,24,2,0
R02,SKU-1021,09/29/2025,15,0,0
R02,SKU-1021,2025-09-30,30,0,0
R02,SKU-1189,2025-09-01,25,0,1
R02,SKU-1189,02-Sep-25,17,0,0
R02,SKU-1189,09/03/2025,18,2,0
R02,SKU-1189,2025-09-04,11,1,1
R02,SKU-1189,2025-09-05,23,0,0
R02,SKU-1189,2025-09-06,20,0,0
R02,SKU-1189,2025-09-07,16,0,0
R02,SKU-1189,2025-09-08,21,2,0
R02,SKU-1189,2025-09-09,12,4,0
R02,SKU-1189,2025-09-10,25,1,0
R02,SKU-1189,2025-09-11,25,0,0
R02,SKU-1189,2025-09-12,18,0,0
R02,SKU-1189,09/13/2025,14,1,0
R02,SKU-1189,09/14/2025,16,2,0
R02,SKU-1189,2025-09-15,15,0,0
R02,SKU-1189,2025-09-16,28,1,1
R02,SKU-1189,2025-09-17,22,0,0
R02,SKU-1189,2025-09-18,24,2,0
R02,SKU-1189,19-Sep-25,21,0,0
R02,SKU-1189,2025-09-20,17,0,0
R02,SKU-1189,2025-09-21,18,0,0
R02,SKU-1189,22-Sep-25,19,0,0
R02,SKU-1189,2025-09-23,16,0,0
R02,SKU-1189,24-Sep-25,18,0,0
R02,SKU-1189,2025-09-25,22,0,0
R02,SKU-1189,2025-09-26,14,0,0
R02,SKU-1189,2025-09-27,23,0,0
R02,SKU-1189,2025-09-28,14,0,0
R02,SKU-1189,09/29/2025,26,0,0
R02,SKU-1189,2025-09-30,13,0,0
R02,SKU-1175,2025-09-01,22,0,0
R02,SKU-1175,2025-09-02,29,0,0
R02,SKU-1175,2025-09-03,21,0,0
R02,SKU-1175,09/04/2025,24,0,0
R02,SKU-1175,2025-09-05,21,2,0
R02,SKU-1175,2025-09-06,20,1,0
R02,SKU-1175,2025-09-07,30,0,0
R02,SKU-1175,2025-09-08,25,0,0
R02,SKU-1175,2025-09-09,20,1,0
R02,SKU-1175,2025-09-10,33,0,0
R02,SKU-1175,11-Sep-25,18,0,1
R02,SKU-1175,12-Sep-25,32,0,0
R02,SKU-1175,09/13/2025,27,0,0
R02,SKU-1175,2025-09-14,16,0,0
R02,SKU-1175,2025-09-15,21,0,0
R02,SKU-1175,16-Sep-25,24,1,0
R02,SKU-1175,2025-09-17,21,1,0
R02,SKU-1175,2025-09-18,22,0,0
R02,SKU-1175,09/19/2025,33,2,0
R02,SKU-1175,2025-09-20,22,0,0
R02,SKU-1175,09/21/2025,34,0,0
R02,SKU-1175,22-Sep-25,18,0,1
R02,SKU-1175,09/23/2025,21,1,0
R02,SKU-1175,2025-09-24,22,0,0
R02,SKU-1175,09/25/2025,26,0,0
R02,SKU-1175,2025-09-26,27,0,0
R02,SKU-1175,2025-09-27,18,0,0
R02,SKU-1175,2025-09-28,25,0,1
R02,SKU-1175,2025-09-29,24,0,1
R02,SKU-1175,2025-09-30,21,1,0
R02,SKU-1042,2025-09-01,21,0,0
R02,SKU-1042,09/02/2025,24,0,0
R02,SKU-1042,2025-09-03,26,0,0
R02,SKU-1042,2025-09-04,24,0,0
R02,SKU-1042,09/05/2025,32,0,1
R02,SKU-1042,2025-09-06,28,0,0
R02,SKU-1042,2025-09-07,32,0,1
R02,SKU-1042,09/08/2025,26,1,1
R02,SKU-1042,09-Sep-25,25,0,0
R02,SKU-1042,10-Sep-25,17,0,0
R02,SKU-1042,09/11/2025,22,0,1
R02,SKU-1042,2025-09-12,35,1,0
R02,SKU-1042,2025-09-13,20,2,1
R02,SKU-1042,2025-09-14,25,0,0
R02,SKU-1042,15-Sep-25,24,0,0
R02,SKU-1042,09/16/2025,26,0,0
R02,SKU-1042,17-Sep-25,40,0,0
R02,SKU-1042,09/18/2025,30,1,1
R02,SKU-1042,2025-09-19,31,0,0
R02,SKU-1042,20-Sep-25,26,0,0
R02,SKU-1042,21-Sep-25,29,0,0
R02,SKU-1042,22-Sep-25,26,1,0
R02,SKU-1042,2025-09-23,35,2,0
R02,SKU-1042,2025-09-24,20,0,1
R02,SKU-1042,2025-09-25,30,0,0
R02,SKU-1042,09/26/2025,34,0,0
R02,SKU-1042,2025-09-27,27,0,0
R02,SKU-1042,09/28/2025,27,2,0
R02,SKU-1042,2025-09-29,26,0,0
R02,SKU-1042,2025-09-30,28,0,0
R02,SKU-1007,2025-09-01,17,0,0
R02,SKU-1007,09/02/2025,16,1,0
R02,SKU-1007,03-Sep-25,7,0,0
R02,SKU-1007,09/04/2025,12,0,0
R02,SKU-1007,2025-09-05,17,0,0
R02,SKU-1007,2025-09-06,10,0,0
R02,SKU-1007,2025-09-07,15,0,1
R02,SKU-1007,2025-09-08,15,1,0
R02,SKU-1007,09/09/2025,20,0,1
R02,SKU-1007,09/10/2025,10,1,0
R02,SKU-1007,09/11/2025,13,0,0
R02,SKU-1007,09/12/2025,11,3,0
R02,SKU-1007,2025-09-13,15,0,0
R02,SKU-1007,09/14/2025,9,0,0
R02,SKU-1007,09/15/2025,8,0,0
R02,SKU-1007,2025-09-16,14,1,0
R02,SKU-1007,09/17/2025,12,1,0
R02,SKU-1007,2025-09-18,19,2,0
R02,SKU-1007,2025-09-19,16,1,0
R02,SKU-1007,2025-09-20,18,0,0
R02,SKU-1007,21-Sep-25,11,0,0
R02,SKU-1007,2025-09-22,10,0,0
R02,SKU-1007,09/23/2025,11,0,0
R02,SKU-1007,2025-09-24,18,1,0
R02,SKU-1007,2025-09-25,14,0,0
R02,SKU-1007,2025-09-26,19,0,0
R02,SKU-1007,27-Sep-25,6,0,0
R02,SKU-1007,09/28/2025,14,0,1
R02,SKU-1007,09/29/2025,8,0,0
R02,SKU-1007,2025-09-30,7,0,0
R02,SKU-1126,2025-09-01,21,0,0
R02,SKU-1126,09/02/2025,33,0,0
R02,SKU-1126,2025-09-03,21,0,0
R02,SKU-1126,2025-09-04,31,0,0
R02,SKU-1126,09/05/2025,21,1,0
R02,SKU-1126,2025-09-06,29,0,0
R02,SKU-1126,2025-09-07,35,0,0
R02,SKU-1126,2025-09-08,32,0,1
R02,SKU-1126,2025-09-09,26,0,0
R02,SKU-1126,2025-09-10,26,1,0
R02,SKU-1126,09/11/2025,26,1,0
R02,SKU-1126,2025-09-12,26,1,0
R02,SKU-1126,2025-09-13,30,0,0
R02,SKU-1126,09/14/2025,27,0,0
R02,SKU-1126,15-Sep-25,35,1,0
R02,SKU-1126,2025-09-16,24,1,0
R02,SKU-1126,17-Sep-25,25,0,0
R02,SKU-1126,09/18/2025,27,0,1
R02,SKU-1126,2025-09-19,48,0,0
R02,SKU-1126,09/20/2025,28,0,0
R02,SKU-1126,21-Sep-25,28,0,0
R02,SKU-1126,09/22/2025,17,0,0
R02,SKU-1126,2025-09-23,28,0,0
R02,SKU-1126,2025-09-24,40,0,0
R02,SKU-1126,2025-09-25,25,0,0
R02,SKU-1126,09/26/2025,37,0,0
R02,SKU-1126,2025-09-27,34,0,0
R02,SKU-1126,2025-09-28,35,0,0
R02,SKU-1126,2025-09-29,29,0,0
R02,SKU-1126,2025-09-30,29,0,0
R02,SKU-1273,2025-09-01,23,1,0
R02,SKU-1273,2025-09-02,13,0,1
R02,SKU-1273,2025-09-03,31,0,0
R02,SKU-1273,2025-09-04,29,1,0
R02,SKU-1273,2025-09-05,18,1,0
R02,SKU-1273,09/06/2025,22,1,0
R02,SKU-1273,09/07/2025,21,1,1
R02,SKU-1273,09/08/2025,17,0,1
R02,SKU-1273,09-Sep-25,16,1,0
R02,SKU-1273,2025-09-10,26,1,1
R02,SKU-1273,2025-09-11,22,1,0
R02,SKU-1273,09/12/2025,19,1,0
R02,SKU-1273,2025-09-13,28,0,0
R02,SKU-1273,2025-09-14,24,0,0
R02,SKU-1273,09/15/2025,15,3,0
R02,SKU-1273,2025-09-16,24,0,0
R02,SKU-1273,2025-09-17,18,0,1
R02,SKU-1273,2025-09-18,22,2,0
R02,SKU-1273,09/19/2025,23,0,0
R02,SKU-1273,09/20/2025,32,1,0
R02,SKU-1273,09/21/2025,14,0,0
R02,SKU-1273,22-Sep-25,21,0,0
R02,SKU-1273,09/23/2025,21,0,0
R02,SKU-1273,2025-09-24,20,0,0
R02,SKU-1273,2025-09-25,17,0,0
R02,SKU-1273,09/26/2025,22,0,0
R02,SKU-1273,27-Sep-25,30,0,0
R02,SKU-1273,2025-09-28,19,0,0
R02,SKU-1273,2025-09-29,24,0,0
R02,SKU-1273,09/30/2025,24,0,0
R02,SKU-1056,09/01/2025,16,0,0
R02,SKU-1056,2025-09-02,10,0,1
R02,SKU-1056,2025-09-03,20,1,0
R02,SKU-1056,09/04/2025,19,1,0
R02,SKU-1056,2025-09-05,14,0,0
R02,SKU-1056,2025-09-06,21,1,0
R02,SKU-1056,2025-09-07,13,0,0
R02,SKU-1056,2025-09-08,14,0,0
R02,SKU-1056,2025-09-09,21,0,1
R02,SKU-1056,09/10/2025,19,0,0
R02,SKU-1056,11-Sep-25,22,0,0
R02,SKU-1056,09/12/2025,7,1,0
R02,SKU-1056,2025-09-13,20,0,0
R02,SKU-1056,14-Sep-25,14,0,0
R02,SKU-1056,15-Sep-25,13,1,0
R02,SKU-1056,09/16/2025,11,0,0
R02,SKU-1056,17-Sep-25,10,0,0
R02,SKU-1056,2025-09-18,22,0,0
R02,SKU-1056,2025-09-19,16,0,0
R02,SKU-1056,2025-09-20,21,1,0
R02,SKU-1056,2025-09-21,16,0,0
R02,SKU-1056,2025-09-22,28,0,0
R02,SKU-1056,09/23/2025,17,1,0
R02,SKU-1056,2025-09-24,20,0,0
R02,SKU-1056,2025-09-25,14,1,0
R02,SKU-1056,2025-09-26,16,1,0
R02,SKU-1056,09/27/2025,10,1,0
R02,SKU-1056,2025-09-28,27,1,0
R02,SKU-1056,2025-09-29,19,2,0
R02,SKU-1056,09/30/2025,18,0,0
R02,SKU-1280,2025-09-01,21,1,0
R02,SKU-1280,2025-09-02,16,0,0
R02,SKU-1280,2025-09-03,17,0,1
R02,SKU-1280,09/04/2025,20,0,0
R02,SKU-1280,05-Sep-25,15,0,1
R02,SKU-1280,2025-09-06,13,1,0
R02,SKU-1280,2025-09-07,25,1,0
R02,SKU-1280,2025-09-08,18,0,0
R02,SKU-1280,09-Sep-25,13,0,1
R02,SKU-1280,2025-09-10,14,0,0
R02,SKU-1280,2025-09-11,26,0,0
R02,SKU-1280,2025-09-12,19,1,0
R02,SKU-1280,09/13/2025,18,0,0
R02,SKU-1280,09/14/2025,18,0,0
R02,SKU-1280,2025-09-15,15,0,0
R02,SKU-1280,09/16/2025,21,0,0
R02,SKU-1280,09/17/2025,17,0,0
R02,SKU-1280,18-Sep-25,23,1,0
R02,SKU-1280,2025-09-19,17,0,0
R02,SKU-1280,2025-09-20,20,1,0
R02,SKU-1280,09/21/2025,10,0,1
R02,SKU-1280,2025-09-22,18,1,0
R02,SKU-1280,09/23/2025,14,0,0
R02,SKU-1280,2025-09-24,18,0,0
R02,SKU-1280,09/25/2025,18,0,0
R02,SKU-1280,09/26/2025,13,0,0
R02,SKU-1280,2025-09-27,21,1,0
R02,SKU-1280,2025-09-28,21,0,0
R02,SKU-1280,29-Sep-25,20,0,0
R02,SKU-1280,2025-09-30,15,0,0
R02,SKU-1259,09/01/2025,24,1,0
R02,SKU-1259,2025-09-02,26,0,0
R02,SKU-1259,2025-09-03,28,0,0
R02,SKU-1259,2025-09-04,20,0,0
R02,SKU-1259,05-Sep-25,26,1,0
R02,SKU-1259,06-Sep-25,32,0,0
R02,SKU-1259,2025-09-07,28,1,0
R02,SKU-1259,08-Sep-25,13,1,0
R02,SKU-1259,09/09/2025,16,2,0
R02,SKU-1259,2025-09-10,22,0,0
R02,SKU-1259,09/11/2025,21,0,0
R02,SKU-1259,2025-09-12,22,1,0
R02,SKU-1259,09/13/2025,29,0,1
R02,SKU-1259,2025-09-14,25,0,0
R02,SKU-1259,2025-09-15,30,1,0
R02,SKU-1259,2025-09-16,30,0,1
R02,SKU-1259,2025-09-17,12,0,0
R02,SKU-1259,09/18/2025,25,0,0
R02,SKU-1259,2025-09-19,17,0,0
R02,SKU-1259,20-Sep-25,21,0,0
R02,SKU-1259,21-Sep-25,28,0,1
R02,SKU-1259,2025-09-22,26,0,0
R02,SKU-1259,2025-09-23,29,0,0
R02,SKU-1259,2025-09-24,22,0,0
R02,SKU-1259,2025-09-25,23,0,1
R02,SKU-1259,2025-09-26,24,0,0
R02,SKU-1259,2025-09-27,21,0,0
R02,SKU-1259,2025-09-28,27,0,0
R02,SKU-1259,2025-09-29,21,1,0
R02,SKU-1259,09/30/2025,21,0,0
R03,SKU-1091,2025-09-01,11,0,0
R03,SKU-1091,02-Sep-25,9,0,0
R03,SKU-1091,09/03/2025,15,0,0
R03,SKU-1091,2025-09-04,11,1,1
R03,SKU-1091,2025-09-05,11,0,0
R03,SKU-1091,09/06/2025,9,0,0
R03,SKU-1091,2025-09-07,10,0,0
R03,SKU-1091,2025-09-08,17,0,0
R03,SKU-1091,2025-09-09,16,1,0
R03,SKU-1091,2025-09-10,10,0,0
R03,SKU-1091,2025-09-11,11,0,0
R03,SKU-1091,2025-09-12,15,1,0
R03,SKU-1091,2025-09-13,9,1,0
R03,SKU-1091,2025-09-14,9,1,0
R03,SKU-1091,2025-09-15,10,1,0
R03,SKU-1091,2025-09-16,8,1,0
R03,SKU-1091,17-Sep-25,12,0,0
R03,SKU-1091,09/18/2025,17,0,0
R03,SKU-1091,09/19/2025,13,1,0
R03,SKU-1091,2025-09-20,11,0,0
R03,SKU-1091,2025-09-21,10,1,0
R03,SKU-1091,09/22/2025,12,0,0
R03,SKU-1091,2025-09-23,20,0,0
R03,SKU-1091,2025-09-24,11,0,0
R03,SKU-1091,09/25/2025,6,0,0
R03,SKU-1091,26-Sep-25,13,0,0
R03,SKU-1091,27-Sep-25,6,0,1
R03,SKU-1091,2025-09-28,6,0,0
R03,SKU-1091,2025-09-29,13,1,0
R03,SKU-1091,09/30/2025,7,2,0
R03,SKU-1140,09/01/2025,21,0,0
R03,SKU-1140,2025-09-02,30,1,0
R03,SKU-1140,09/03/2025,21,1,0
R03,SKU-1140,2025-09-04,22,1,0
R03,SKU-1140,2025-09-05,20,1,0
R03,SKU-1140,09/06/2025,29,0,0
R03,SKU-1140,07-Sep-25,31,1,0
R03,SKU-1140,2025-09-08,27,0,0
R03,SKU-1140,09-Sep-25,29,3,1
R03,SKU-1140,2025-09-10,29,0,0
R03,SKU-1140,2025-09-11,40,3,0
R03,SKU-1140,09/12/2025,33,1,0
R03,SKU-1140,2025-09-13,27,0,0
R03,SKU-1140,2025-09-14,29,0,1
R03,SKU-1140,2025-09-15,26,0,1
R03,SKU-1140,2025-09-16,41,0,0
R03,SKU-1140,17-Sep-25,25,0,0
R03,SKU-1140,09/18/2025,37,0,0
R03,SKU-1140,2025-09-19,30,1,0
R03,SKU-1140,2025-09-20,21,0,1
R03,SKU-1140,09/21/2025,23,0,0
R03,SKU-1140,2025-09-22,22,0,0
R03,SKU-1140,23-Sep-25,28,1,0
R03,SKU-1140,2025-09-24,34,2,0
R03,SKU-1140,2025-09-25,25,0,1
R03,SKU-1140,2025-09-26,33,0,0
R03,SKU-1140,09/27/2025,27,0,0
R03,SKU-1140,2025-09-28,33,0,0
R03,SKU-1140,2025-09-29,28,0,0
R03,SKU-1140,2025-09-30,32,1,0
R03,SKU-1035,2025-09-01,29,0,0
R03,SKU-1035,02-Sep-25,25,0,0
R03,SKU-1035,2025-09-03,25,0,0
R03,SKU-1035,09/04/2025,25,0,0
R03,SKU-1035,2025-09-05,33,0,0
R03,SKU-1035,2025-09-06,35,2,0
R03,SKU-1035,2025-09-07,39,1,1
R03,SKU-1035,2025-09-08,29,1,0
R03,SKU-1035,2025-09-09,31,0,0
R03,SKU-1035,2025-09-10,21,0,0
R03,SKU-1035,2025-09-11,27,0,0
R03,SKU-1035,2025-09-12,32,1,0
R03,SKU-1035,13-Sep-25,23,0,0
R03,SKU-1035,09/14/2025,22,1,0
R03,SKU-1035,2025-09-15,32,1,0
R03,SKU-1035,2025-09-16,25,0,0
R03,SKU-1035,09/17/2025,28,1,0
R03,SKU-1035,09/18/2025,24,1,0
R03,SKU-1035,19-Sep-25,44,0,0
R03,SKU-1035,09/20/2025,25,1,0
R03,SKU-1035,09/21/2025,34,0,0
R03,SKU-1035,2025-09-22,20,0,0
R03,SKU-1035,09/23/2025,26,1,0
R03,SKU-1035,2025-09-24,27,0,0
R03,SKU-1035,2025-09-25,24,0,0
R03,SKU-1035,2025-09-26,22,0,0
R03,SKU-1035,2025-09-27,27,0,0
R03,SKU-1035,2025-09-28,27,0,0
R03,SKU-1035,2025-09-29,20,0,0
R03,SKU-1035,2025-09-30,26,1,0
R03,SKU-1098,01-Sep-25,23,0,0
R03,SKU-1098,2025-09-02,39,0,0
R03,SKU-1098,2025-09-03,20,1,0
R03,SKU-1098,09/04/2025,23,0,0
R03,SKU-1098,2025-09-05,22,1,1
R03,SKU-1098,06-Sep-25,23,0,0
R03,SKU-1098,07-Sep-25,28,0,0
R03,SKU-1098,08-Sep-25,36,0,0
R03,SKU-1098,2025-09-09,35,0,1
R03,SKU-1098,2025-09-10,31,3,0
R03,SKU-1098,09/11/2025,35,0,0
R03,SKU-1098,09/12/2025,24,0,0
R03,SKU-1098,13-Sep-25,32,0,0
R03,SKU-1098,2025-09-14,37,0,1
R03,SKU-1098,2025-09-15,30,0,0
R03,SKU-1098,2025-09-16,26,1,0
R03,SKU-1098,2025-09-17,20,0,0
R03,SKU-1098,2025-09-18,25,0,0
R03,SKU-1098,2025-09-19,26,1,0
R03,SKU-1098,2025-09-20,20,1,1
R03,SKU-1098,09/21/2025,26,0,0
R03,SKU-1098,2025-09-22,25,0,0
R03,SKU-1098,2025-09-23,31,1,0
R03,SKU-1098,24-Sep-25,25,0,0
R03,SKU-1098,09/25/2025,28,0,0
R03,SKU-1098,2025-09-26,25,0,0
R03,SKU-1098,27-Sep-25,20,1,0
R03,SKU-1098,09/28/2025,31,2,0
R03,SKU-1098,29-Sep-25,24,0,0
R03,SKU-1098,2025-09-30,32,1,0
R03,SKU-1049,01-Sep-25,10,1,1
R03,SKU-1049,2025-09-02,9,1,1
R03,SKU-1049,2025-09-03,16,0,1
R03,SKU-1049,09/04/2025,10,0,0
R03,SKU-1049,2025-09-05,16,2,0
R03,SKU-1049,06-Sep-25,19,1,0
R03,SKU-1049,07-Sep-25,8,1,0
R03,SKU-1049,08-Sep-25,10,0,0
R03,SKU-1049,2025-09-09,12,0,0
R03,SKU-1049,09/10/2025,13,1,0
R03,SKU-1049,2025-09-11,5,0,0
R03,SKU-1049,09/12/2025,10,0,0
R03,SKU-1049,2025-09-13,11,0,1
R03,SKU-1049,2025-09-14,14,1,0
R03,SKU-1049,2025-09-15,9,2,0
R03,SKU-1049,16-Sep-25,17,0,0
R03,SKU-1049,2025-09-17,9,1,0
R03,SKU-1049,18-Sep-25,6,0,0
R03,SKU-1049,2025-09-19,9,0,0
R03,SKU-1049,2025-09-20,14,1,1
R03,SKU-1049,2025-09-21,9,0,0
R03,SKU-1049,22-Sep-25,17,1,1
R03,SKU-1049,2025-09-23,14,0,0
R03,SKU-1049,09/24/2025,12,0,0
R03,SKU-1049,2025-09-25,11,0,0
R03,SKU-1049,2025-09-26,10,0,0
R03,SKU-1049,2025-09-27,9,0,0
R03,SKU-1049,2025-09-28,12,0,0
R03,SKU-1049,09/29/2025,11,0,0
R03,SKU-1049,09/30/2025,10,0,0
R03,SKU-1161,2025-09-01,33,1,0
R03,SKU-1161,02-Sep-25,34,2,1
R03,SKU-1161,09/03/2025,33,0,0
R03,SKU-1161,04-Sep-25,28,2,0
R03,SKU-1161,09/05/2025,32,0,0
R03,SKU-1161,09/06/2025,31,0,0
R03,SKU-1161,07-Sep-25,29,0,0
R03,SKU-1161,09/08/2025,27,0,1
R03,SKU-1161,09-Sep-25,37,0,0
R03,SKU-1161,2025-09-10,35,1,0
R03,SKU-1161,2025-09-11,34,0,0
R03,SKU-1161,2025-09-12,29,0,0
R03,SKU-1161,2025-09-13,29,1,1
R03,SKU-1161,14-Sep-25,33,1,0
R03,SKU-1161,2025-09-15,29,2,0
R03,SKU-1161,2025-09-16,27,1,0
R03,SKU-1161,09/17/2025,36,0,0
R03,SKU-1161,2025-09-18,27,1,0
R03,SKU-1161,2025-09-19,32,0,0
R03,SKU-1161,09/20/2025,20,0,0
R03,SKU-1161,2025-09-21,34,0,0
R03,SKU-1161,09/22/2025,21,0,0
R03,SKU-1161,23-Sep-25,26,1,0
R03,SKU-1161,2025-09-24,38,0,0
R03,SKU-1161,2025-09-25,35,0,0
R03,SKU-1161,09/26/2025,37,0,0
R03,SKU-1161,09/27/2025,26,0,0
R03,SKU-1161,2025-09-28,30,0,1
R03,SKU-1161,2025-09-29,20,0,0
R03,SKU-1161,09/30/2025,29,0,0
R03,SKU-1063,09/01/2025,7,2,0
R03,SKU-1063,2025-09-02,5,0,0
R03,SKU-1063,09/03/2025,6,0,0
R03,SKU-1063,2025-09-04,6,0,0
R03,SKU-1063,2025-09-05,3,0,0
R03,SKU-1063,2025-09-06,6,0,0
R03,SKU-1063,2025-09-07,7,0,0
R03,SKU-1063,2025-09-08,11,1,0
R03,SKU-1063,09/09/2025,7,1,0
R03,SKU-1063,2025-09-10,5,0,0
R03,SKU-1063,2025-09-11,2,0,0
R03,SKU-1063,2025-09-12,6,0,0
R03,SKU-1063,2025-09-13,8,0,0
R03,SKU-1063,09/14/2025,5,0,0
R03,SKU-1063,2025-09-15,8,0,0
R03,SKU-1063,2025-09-16,8,0,0
R03,SKU-1063,17-Sep-25,4,0,0
R03,SKU-1063,18-Sep-25,5,0,0
R03,SKU-1063,2025-09-19,6,0,0
R03,SKU-1063,2025-09-20,7,0,0
R03,SKU-1063,2025-09-21,10,0,0
R03,SKU-1063,09/22/2025,3,0,0
R03,SKU-1063,2025-09-23,10,1,0
R03,SKU-1063,09/24/2025,6,0,0
R03,SKU-1063,2025-09-25,5,1,0
R03,SKU-1063,26-Sep-25,11,1,1
R03,SKU-1063,09/27/2025,4,1,0
R03,SKU-1063,28-Sep-25,7,1,0
R03,SKU-1063,09/29/2025,8,0,0
R03,SKU-1063,2025-09-30,8,1,0
R03,SKU-1224,09/01/2025,23,1,0
R03,SKU-1224,2025-09-02,11,0,0
R03,SKU-1224,09/03/2025,17,0,0
R03,SKU-1224,09/04/2025,19,2,0
R03,SKU-1224,09/05/2025,17,0,0
R03,SKU-1224,2025-09-06,20,1,0
R03,SKU-1224,2025-09-07,18,0,0
R03,SKU-1224,2025-09-08,21,1,0
R03,SKU-1224,09-Sep-25,15,0,0
R03,SKU-1224,2025-09-10,25,0,0
R03,SKU-1224,11-Sep-25,16,0,0
R03,SKU-1224,2025-09-12,20,0,0
R03,SKU-1224,2025-09-13,12,0,0
R03,SKU-1224,14-Sep-25,20,2,0
R03,SKU-1224,09/15/2025,11,0,0
R03,SKU-1224,09/16/2025,19,1,0
R03,SKU-1224,2025-09-17,10,0,0
R03,SKU-1224,18-Sep-25,13,0,0
R03,SKU-1224,2025-09-19,13,2,0
R03,SKU-1224,09/20/2025,20,0,0
R03,SKU-1224,21-Sep-25,16,0,0
R03,SKU-1224,09/22/2025,17,0,0
R03,SKU-1224,2025-09-23,18,0,1
R03,SKU-1224,09/24/2025,17,0,0
R03,SKU-1224,2025-09-25,17,0,0
R03,SKU-1224,26-Sep-25,22,1,0
R03,SKU-1224,2025-09-27,18,2,0
R03,SKU-1224,2025-09-28,15,0,0
R03,SKU-1224,09/29/2025,16,0,1
R03,SKU-1224,2025-09-30,9,0,0
R03,SKU-1084,2025-09-01,11,0,0
R03,SKU-1084,2025-09-02,7,0,1
R03,SKU-1084,03-Sep-25,9,1,0
R03,SKU-1084,2025-09-04,10,0,0
R03,SKU-1084,2025-09-05,15,0,0
R03,SKU-1084,2025-09-06,13,0,0
R03,SKU-1084,2025-09-07,11,0,0
R03,SKU-1084,2025-09-08,13,0,0
R03,SKU-1084,2025-09-09,14,0,1
R03,SKU-1084,10-Sep-25,14,0,0
R03,SKU-1084,11-Sep-25,13,0,1
R03,SKU-1084,2025-09-12,14,0,0
R03,SKU-1084,2025-09-13,10,0,0
R03,SKU-1084,2025-09-14,14,1,0
R03,SKU-1084,2025-09-15,7,2,0
R03,SKU-1084,2025-09-16,14,0,0
R03,SKU-1084,2025-09-17,9,0,0
R03,SKU-1084,09/18/2025,14,0,0
R03,SKU-1084,2025-09-19,11,0,0
R03,SKU-1084,20-Sep-25,11,0,0
R03,SKU-1084,2025-09-21,9,0,0
R03,SKU-1084,2025-09-22,4,0,0
R03,SKU-1084,2025-09-23,14,1,0
R03,SKU-1084,09/24/2025,9,1,0
R03,SKU-1084,09/25/2025,12,2,0
R03,SKU-1084,09/26/2025,16,1,0
R03,SKU-1084,09/27/2025,11,1,0
R03,SKU-1084,2025-09-28,19,0,0
R03,SKU-1084,09/29/2025,14,0,0
R03,SKU-1084,2025-09-30,12,0,0
R03,SKU-1126,2025-09-01,28,0,0
R03,SKU-1126,2025-09-02,26,0,0
R03,SKU-1126,2025-09-03,19,0,0
R03,SKU-1126,2025-09-04,34,0,0
R03,SKU-1126,2025-09-05,25,1,0
R03,SKU-1126,06-Sep-25,21,0,0
R03,SKU-1126,2025-09-07,29,0,0
R03,SKU-1126,09/08/2025,24,0,1
R03,SKU-1126,2025-09-09,29,0,0
R03,SKU-1126,09/10/2025,29,0,1
R03,SKU-1126,11-Sep-25,23,0,0
R03,SKU-1126,2025-09-12,29,0,0
R03,SKU-1126,2025-09-13,49,0,0
R03,SKU-1126,09/14/2025,26,3,0
R03,SKU-1126,2025-09-15,29,0,0
R03,SKU-1126,2025-09-16,33,0,1
R03,SKU-1126,2025-09-17,30,0,0
R03,SKU-1126,09/18/2025,25,0,0
R03,SKU-1126,2025-09-19,39,0,1
R03,SKU-1126,2025-09-20,23,2,1
R03,SKU-1126,09/21/2025,27,0,0
R03,SKU-1126,22-Sep-25,26,0,0
R03,SKU-1126,09/23/2025,31,1,1
R03,SKU-1126,09/24/2025,38,0,0
R03,SKU-1126,2025-09-25,36,0,1
R03,SKU-1126,2025-09-26,26,0,0
R03,SKU-1126,09/27/2025,20,0,1
R03,SKU-1126,2025-09-28,26,0,0
R03,SKU-1126,2025-09-29,24,0,0
R03,SKU-1126,09/30/2025,24,0,0
R03,SKU-1007,01-Sep-25,4,0,1
R03,SKU-1007,2025-09-02,3,0,0
R03,SKU-1007,2025-09-03,1,1,0
R03,SKU-1007,09/04/2025,4,0,0
R03,SKU-1007,09/05/2025,5,0,0
R03,SKU-1007,09/06/2025,2,0,0
R03,SKU-1007,2025-09-07,2,1,0
R03,SKU-1007,09/08/2025,8,0,0
R03,SKU-1007,09-Sep-25,2,0,0
R03,SKU-1007,2025-09-10,8,0,0
R03,SKU-1007,2025-09-11,5,0,0
R03,SKU-1007,09/12/2025,7,3,1
R03,SKU-1007,2025-09-13,2,0,0
R03,SKU-1007,14-Sep-25,4,0,1
R03,SKU-1007,15-Sep-25,5,0,0
R03,SKU-1007,09/16/2025,9,0,0
R03,SKU-1007,2025-09-17,7,0,1
R03,SKU-1007,2025-09-18,3,0,0
R03,SKU-1007,09/19/2025,5,0,0
R03,SKU-1007,2025-09-20,2,1,0
R03,SKU-1007,2025-09-21,1,2,0
R03,SKU-1007,2025-09-22,3,0,0
R03,SKU-1007,2025-09-23,3,0,0
R03,SKU-1007,2025-09-24,3,0,0
R03,SKU-1007,2025-09-25,3,2,0
R03,SKU-1007,2025-09-26,7,0,0
R03,SKU-1007,09/27/2025,6,0,1
R03,SKU-1007,2025-09-28,3,1,0
R03,SKU-1007,09/29/2025,6,0,0
R03,SKU-1007,2025-09-30,6,2,0
R03,SKU-1021,2025-09-01,32,0,0
R03,SKU-1021,09/02/2025,30,0,0
R03,SKU-1021,2025-09-03,32,0,0
R03,SKU-1021,2025-09-04,18,1,0
R03,SKU-1021,2025-09-05,34,0,0
R03,SKU-1021,09/06/2025,35,0,0
R03,SKU-1021,2025-09-07,36,1,0
R03,SKU-1021,08-Sep-25,28,1,0
R03,SKU-1021,2025-09-09,29,0,0
R03,SKU-1021,2025-09-10,38,1,0
R03,SKU-1021,09/11/2025,31,2,0
R03,SKU-1021,09/12/2025,29,2,0
R03,SKU-1021,13-Sep-25,30,2,0
R03,SKU-1021,09/14/2025,30,0,0
R03,SKU-1021,2025-09-15,31,0,0
R03,SKU-1021,2025-09-16,25,0,0
R03,SKU-1021,2025-09-17,37,0,0
R03,SKU-1021,2025-09-18,33,1,0
R03,SKU-1021,2025-09-19,30,0,0
R03,SKU-1021,20-Sep-25,33,0,0
R03,SKU-1021,21-Sep-25,31,0,0
R03,SKU-1021,2025-09-22,31,0,0
R03,SKU-1021,2025-09-23,31,0,0
R03,SKU-1021,2025-09-24,24,1,0
R03,SKU-1021,2025-09-25,35,0,0
R03,SKU-1021,26-Sep-25,34,2,1
R03,SKU-1021,27-Sep-25,30,0,1
R03,SKU-1021,09/28/2025,35,0,0
R03,SKU-1021,2025-09-29,27,1,1
R03,SKU-1021,2025-09-30,30,1,0
R03,SKU-1119,2025-09-01,35,0,1
R03,SKU-1119,2025-09-02,32,2,0
R03,SKU-1119,2025-09-03,35,0,0
R03,SKU-1119,2025-09-04,36,1,0
R03,SKU-1119,2025-09-05,29,0,0
R03,SKU-1119,06-Sep-25,29,0,0
R03,SKU-1119,2025-09-07,32,0,1
R03,SKU-1119,09/08/2025,31,0,0
R03,SKU-1119,09/09/2025,46,0,0
R03,SKU-1119,2025-09-10,38,1,0
R03,SKU-1119,2025-09-11,33,1,0
R03,SKU-1119,2025-09-12,33,0,0
R03,SKU-1119,2025-09-13,33,1,0
R03,SKU-1119,14-Sep-25,32,0,0
R03,SKU-1119,15-Sep-25,32,0,0
R03,SKU-1119,2025-09-16,23,0,0
R03,SKU-1119,09/17/2025,29,0,0
R03,SKU-1119,09/18/2025,38,1,0
R03,SKU-1119,2025-09-19,39,1,0
R03,SKU-1119,20-Sep-25,35,1,0
R03,SKU-1119,2025-09-21,28,1,0
R03,SKU-1119,2025-09-22,24,1,0
R03,SKU-1119,09/23/2025,40,0,0
R03,SKU-1119,2025-09-24,28,0,0
R03,SKU-1119,25-Sep-25,35,0,0
R03,SKU-1119,2025-09-26,33,1,0
R03,SKU-1119,2025-09-27,34,1,0
R03,SKU-1119,2025-09-28,36,1,0
R03,SKU-1119,29-Sep-25,37,2,0
R03,SKU-1119,30-Sep-25,40,0,0
R03,SKU-1070,2025-09-01,11,0,0
R03,SKU-1070,09/02/2025,18,0,0
R03,SKU-1070,09/03/2025,14,0,0
R03,SKU-1070,04-Sep-25,17,0,0
R03,SKU-1070,05-Sep-25,9,0,0
R03,SKU-1070,09/06/2025,10,1,0
R03,SKU-1070,2025-09-07,22,0,0
R03,SKU-1070,09/08/2025,17,1,0
R03,SKU-1070,2025-09-09,15,2,0
R03,SKU-1070,10-Sep-25,19,0,0
R03,SKU-1070,09/11/2025,14,1,0
R03,SKU-1070,09/12/2025,15,0,1
R03,SKU-1070,2025-09-13,17,0,0
R03,SKU-1070,09/14/2025,21,0,1
R03,SKU-1070,2025-09-15,12,0,0
R03,SKU-1070,2025-09-16,16,0,0
R03,SKU-1070,2025-09-17,14,1,0
R03,SKU-1070,2025-09-18,14,0,0
R03,SKU-1070,2025-09-19,15,0,0
R03,SKU-1070,20-Sep-25,12,0,0
R03,SKU-1070,2025-09-21,12,1,0
R03,SKU-1070,2025-09-22,21,0,0
R03,SKU-1070,23-Sep-25,18,1,0
R03,SKU-1070,2025-09-24,18,0,0
R03,SKU-1070,09/25/2025,23,0,0
R03,SKU-1070,2025-09-26,20,0,0
R03,SKU-1070,2025-09-27,18,1,0
R03,SKU-1070,2025-09-28,19,0,0
R03,SKU-1070,2025-09-29,8,0,0
R03,SKU-1070,2025-09-30,18,1,0
R03,SKU-1252,01-Sep-25,32,0,0
R03,SKU-1252,2025-09-02,24,0,0
R03,SKU-1252,2025-09-03,22,0,0
R03,SKU-1252,2025-09-04,25,0,0
R03,SKU-1252,2025-09-05,20,0,0
R03,SKU-1252,2025-09-06,23,1,0
R03,SKU-1252,2025-09-07,35,0,0
R03,SKU-1252,09/08/2025,30,0,0
R03,SKU-1252,09/09/2025,28,0,0
R03,SKU-1252,2025-09-10,27,0,0
R03,SKU-1252,09/11/2025,21,0,0
R03,SKU-1252,2025-09-12,30,1,0
R03,SKU-1252,09/13/2025,32,0,0
R03,SKU-1252,2025-09-14,15,1,0
R03,SKU-1252,2025-09-15,22,0,0
R03,SKU-1252,2025-09-16,16,1,0
R03,SKU-1252,2025-09-17,21,1,0
R03,SKU-1252,2025-09-18,27,1,1
R03,SKU-1252,2025-09-19,25,0,0
R03,SKU-1252,2025-09-20,28,0,0
R03,SKU-1252,2025-09-21,17,0,0
R03,SKU-1252,2025-09-22,28,1,0
R03,SKU-1252,2025-09-23,31,0,0
R03,SKU-1252,2025-09-24,22,0,0
R03,SKU-1252,2025-09-25,31,0,0
R03,SKU-1252,2025-09-26,33,0,1
R03,SKU-1252,2025-09-27,32,0,0
R03,SKU-1252,09/28/2025,29,0,0
R03,SKU-1252,2025-09-29,21,0,0
R03,SKU-1252,09/30/2025,36,0,1
R03,SKU-1112,2025-09-01,36,2,0
R03,SKU-1112,02-Sep-25,27,0,1
R03,SKU-1112,09/03/2025,27,0,0
R03,SKU-1112,04-Sep-25,33,0,0
R03,SKU-1112,09/05/2025,28,0,0
R03,SKU-1112,2025-09-06,31,1,0
R03,SKU-1112,2025-09-07,32,0,0
R03,SKU-1112,09/08/2025,35,1,0
R03,SKU-1112,2025-09-09,22,1,0
R03,SKU-1112,09/10/2025,30,0,0
R03,SKU-1112,09/11/2025,23,1,0
R03,SKU-1112,09/12/2025,30,1,0
R03,SKU-1112,13-Sep-25,24,0,0
R03,SKU-1112,09/14/2025,29,1,0
R03,SKU-1112,2025-09-15,34,0,0
R03,SKU-1112,2025-09-16,37,0,0
R03,SKU-1112,2025-09-17,29,0,0
R03,SKU-1112,09/18/2025,33,0,0
R03,SKU-1112,2025-09-19,28,0,0
R03,SKU-1112,2025-09-20,32,0,0
R03,SKU-1112,09/21/2025,25,1,1
R03,SKU-1112,2025-09-22,21,2,0
R03,SKU-1112,23-Sep-25,34,1,0
R03,SKU-1112,2025-09-24,23,1,0
R03,SKU-1112,09/25/2025,25,1,0
R03,SKU-1112,26-Sep-25,30,1,0
R03,SKU-1112,2025-09-27,39,0,0
R03,SKU-1112,2025-09-28,22,0,0
R03,SKU-1112,09/29/2025,29,1,0
R03,SKU-1112,2025-09-30,30,0,0
R03,SKU-1175,2025-09-01,30,0,0
R03,SKU-1175,02-Sep-25,11,0,0
R03,SKU-1175,09/03/2025,22,3,0
R03,SKU-1175,2025-09-04,14,1,0
R03,SKU-1175,2025-09-05,19,0,1
R03,SKU-1175,09/06/2025,21,1,0
R03,SKU-1175,07-Sep-25,16,0,0
R03,SKU-1175,08-Sep-25,18,0,1
R03,SKU-1175,09/09/2025,17,0,1
R03,SKU-1175,09/10/2025,27,0,0
R03,SKU-1175,2025-09-11,16,0,0
R03,SKU-1175,2025-09-12,19,1,0
R03,SKU-1175,2025-09-13,27,0,0
R03,SKU-1175,09/14/2025,14,1,0
R03,SKU-1175,15-Sep-25,20,1,0
R03,SKU-1175,09/16/2025,25,1,0
R03,SKU-1175,17-Sep-25,23,1,0
R03,SKU-1175,2025-09-18,21,1,1
R03,SKU-1175,19-Sep-25,18,0,0
R03,SKU-1175,2025-09-20,15,0,0
R03,SKU-1175,09/21/2025,24,0,0
R03,SKU-1175,2025-09-22,15,0,0
R03,SKU-1175,2025-09-23,20,0,0
R03,SKU-1175,09/24/2025,14,0,0
R03,SKU-1175,2025-09-25,21,0,0
R03,SKU-1175,2025-09-26,23,0,0
R03,SKU-1175,2025-09-27,19,0,0
R03,SKU-1175,09/28/2025,23,1,0
R03,SKU-1175,09/29/2025,28,0,0
R03,SKU-1175,2025-09-30,21,0,1
R03,SKU-1259,2025-09-01,31,1,0
R03,SKU-1259,2025-09-02,41,1,0
R03,SKU-1259,09/03/2025,29,0,0
R03,SKU-1259,2025-09-04,21,1,0
R03,SKU-1259,2025-09-05,28,0,0
R03,SKU-1259,2025-09-06,35,0,0
R03,SKU-1259,2025-09-07,32,0,0
R03,SKU-1259,2025-09-08,18,0,0
R03,SKU-1259,09/09/2025,40,1,0
R03,SKU-1259,2025-09-10,31,2,1
R03,SKU-1259,11-Sep-25,32,1,1
R03,SKU-1259,09/12/2025,25,0,0
R03,SKU-1259,2025-09-13,23,0,0
R03,SKU-1259,2025-09-14,31,0,0
R03,SKU-1259,15-Sep-25,30,0,0
R03,SKU-1259,2025-09-16,33,1,0
R03,SKU-1259,2025-09-17,27,0,0
R03,SKU-1259,18-Sep-25,25,0,0
R03,SKU-1259,2025-09-19,29,0,0
R03,SKU-1259,2025-09-20,33,0,0
R03,SKU-1259,2025-09-21,38,1,0
R03,SKU-1259,2025-09-22,21,0,0
R03,SKU-1259,09/23/2025,34,0,0
R03,SKU-1259,09/24/2025,23,1,0
R03,SKU-1259,2025-09-25,31,0,0
R03,SKU-1259,09/26/2025,30,1,1
R03,SKU-1259,2025-09-27,23,1,0
R03,SKU-1259,09/28/2025,28,0,0
R03,SKU-1259,2025-09-29,29,1,0
R03,SKU-1259,30-Sep-25,27,0,1
R03,SKU-1182,2025-09-01,6,0,0
R03,SKU-1182,2025-09-02,5,1,0
R03,SKU-1182,2025-09-03,6,0,0
R03,SKU-1182,2025-09-04,4,0,0
R03,SKU-1182,2025-09-05,6,0,0
R03,SKU-1182,09/06/2025,10,2,0
R03,SKU-1182,2025-09-07,1,0,0
R03,SKU-1182,08-Sep-25,6,0,0
R03,SKU-1182,2025-09-09,2,0,0
R03,SKU-1182,2025-09-10,3,1,0
R03,SKU-1182,2025-09-11,2,3,0
R03,SKU-1182,09/12/2025,6,0,0
R03,SKU-1182,13-Sep-25,4,1,0
R03,SKU-1182,2025-09-14,4,1,0
R03,SKU-1182,09/15/2025,4,0,0
R03,SKU-1182,16-Sep-25,7,0,0
R03,SKU-1182,17-Sep-25,6,1,0
R03,SKU-1182,2025-09-18,3,0,0
R03,SKU-1182,09/19/2025,3,0,0
R03,SKU-1182,2025-09-20,5,1,0
R03,SKU-1182,2025-09-21,5,0,0
R03,SKU-1182,2025-09-22,9,1,0
R03,SKU-1182,2025-09-23,2,0,1
R03,SKU-1182,2025-09-24,2,1,0
R03,SKU-1182,2025-09-25,2,1,0
R03,SKU-1182,09/26/2025,6,2,1
R03,SKU-1182,2025-09-27,8,1,0
R03,SKU-1182,2025-09-28,3,0,1
R03,SKU-1182,09/29/2025,0,0,0
R03,SKU-1182,2025-09-30,4,2,0
R03,SKU-1266,2025-09-01,39,1,0
R03,SKU-1266,2025-09-02,26,0,0
R03,SKU-1266,03-Sep-25,27,1,0
R03,SKU-1266,2025-09-04,17,0,0
R03,SKU-1266,09/05/2025,27,0,0
R03,SKU-1266,2025-09-06,27,0,0
R03,SKU-1266,09/07/2025,22,0,0
R03,SKU-1266,2025-09-08,26,2,1
R03,SKU-1266,2025-09-09,28,0,0
R03,SKU-1266,2025-09-10,31,0,0
R03,SKU-1266,09/11/2025,15,1,0
R03,SKU-1266,09/12/2025,33,1,0
R03,SKU-1266,09/13/2025,23,0,0
R03,SKU-1266,2025-09-14,35,0,0
R03,SKU-1266,2025-09-15,25,0,0
R03,SKU-1266,2025-09-16,34,0,0
R03,SKU-1266,17-Sep-25,37,0,0
R03,SKU-1266,18-Sep-25,20,0,0
R03,SKU-1266,2025-09-19,22,0,0
R03,SKU-1266,2025-09-20,40,0,0
R03,SKU-1266,2025-09-21,27,0,0
R03,SKU-1266,22-Sep-25,21,0,0
R03,SKU-1266,2025-09-23,41,0,0
R03,SKU-1266,2025-09-24,27,0,1
R03,SKU-1266,2025-09-25,25,3,0
R03,SKU-1266,2025-09-26,35,0,0
R03,SKU-1266,09/27/2025,28,0,0
R03,SKU-1266,2025-09-28,17,0,0
R03,SKU-1266,2025-09-29,40,0,0
R03,SKU-1266,30-Sep-25,27,1,1
R03,SKU-1077,2025-09-01,17,1,0
R03,SKU-1077,09/02/2025,19,0,0
R03,SKU-1077,2025-09-03,8,0,0
R03,SKU-1077,04-Sep-25,17,0,0
R03,SKU-1077,2025-09-05,20,0,0
R03,SKU-1077,2025-09-06,14,0,0
R03,SKU-1077,2025-09-07,17,0,0
R03,SKU-1077,2025-09-08,14,0,0
R03,SKU-1077,09-Sep-25,16,1,0
R03,SKU-1077,2025-09-10,16,0,0
R03,SKU-1077,11-Sep-25,19,1,1
R03,SKU-1077,2025-09-12,12,0,1
R03,SKU-1077,2025-09-13,23,0,0
R03,SKU-1077,2025-09-14,11,0,0
R03,SKU-1077,09/15/2025,18,0,0
R03,SKU-1077,2025-09-16,13,0,0
R03,SKU-1077,17-Sep-25,10,0,0
R03,SKU-1077,2025-09-18,16,0,1
R03,SKU-1077,2025-09-19,6,0,0
R03,SKU-1077,2025-09-20,13,1,0
R03,SKU-1077,2025-09-21,19,0,0
R03,SKU-1077,2025-09-22,13,1,0
R03,SKU-1077,23-Sep-25,20,0,0
R03,SKU-1077,2025-09-24,18,0,0
R03,SKU-1077,09/25/2025,16,0,0
R03,SKU-1077,2025-09-26,9,1,0
R03,SKU-1077,2025-09-27,21,0,0
R03,SKU-1077,09/28/2025,11,0,0
R03,SKU-1077,2025-09-29,26,0,0
R03,SKU-1077,09/30/2025,16,0,0
R03,SKU-1280,09/01/2025,19,0,0
R03,SKU-1280,09/02/2025,24,0,0
R03,SKU-1280,03-Sep-25,21,0,0
R03,SKU-1280,2025-09-04,16,0,0
R03,SKU-1280,09/05/2025,22,1,0
R03,SKU-1280,2025-09-06,20,1,0
R03,SKU-1280,2025-09-07,22,0,0
R03,SKU-1280,2025-09-08,34,0,0
R03,SKU-1280,2025-09-09,41,0,0
R03,SKU-1280,2025-09-10,27,0,0
R03,SKU-1280,09/11/2025,28,0,0
R03,SKU-1280,2025-09-12,32,0,0
R03,SKU-1280,09/13/2025,20,2,0
R03,SKU-1280,2025-09-14,30,0,0
R03,SKU-1280,2025-09-15,19,0,0
R03,SKU-1280,09/16/2025,30,0,0
R03,SKU-1280,2025-09-17,27,0,0
R03,SKU-1280,18-Sep-25,28,0,0
R03,SKU-1280,2025-09-19,27,0,0
R03,SKU-1280,20-Sep-25,38,0,1
R03,SKU-1280,21-Sep-25,28,0,0
R03,SKU-1280,2025-09-22,23,0,0
R03,SKU-1280,09/23/2025,24,0,0
R03,SKU-1280,2025-09-24,26,2,0
R03,SKU-1280,2025-09-25,26,0,1
R03,SKU-1280,2025-09-26,36,0,0
R03,SKU-1280,09/27/2025,36,0,0
R03,SKU-1280,09/28/2025,25,0,0
R03,SKU-1280,29-Sep-25,28,0,0
R03,SKU-1280,2025-09-30,27,1,0
R03,SKU-1238,09/01/2025,25,2,0
R03,SKU-1238,2025-09-02,27,1,0
R03,SKU-1238,2025-09-03,22,1,1
R03,SKU-1238,09/04/2025,19,0,0
R03,SKU-1238,09/05/2025,30,0,0
R03,SKU-1238,2025-09-06,22,0,0
R03,SKU-1238,2025-09-07,39,0,0
R03,SKU-1238,2025-09-08,20,0,1
R03,SKU-1238,2025-09-09,22,1,0
R03,SKU-1238,2025-09-10,26,0,1
R03,SKU-1238,2025-09-11,19,0,1
R03,SKU-1238,2025-09-12,27,0,0
R03,SKU-1238,2025-09-13,31,0,0
R03,SKU-1238,2025-09-14,23,0,0
R03,SKU-1238,09/15/2025,21,0,0
R03,SKU-1238,2025-09-16,20,0,0
R03,SKU-1238,09/17/2025,22,0,1
R03,SKU-1238,2025-09-18,34,0,0
R03,SKU-1238,09/19/2025,30,0,0
R03,SKU-1238,09/20/2025,31,0,0
R03,SKU-1238,09/21/2025,32,1,0
R03,SKU-1238,2025-09-22,36,1,0
R03,SKU-1238,2025-09-23,30,0,0
R03,SKU-1238,2025-09-24,19,0,1
R03,SKU-1238,2025-09-25,29,0,0
R03,SKU-1238,09/26/2025,31,1,0
R03,SKU-1238,09/27/2025,30,1,0
R03,SKU-1238,09/28/2025,26,0,1
R03,SKU-1238,09/29/2025,23,0,0
R03,SKU-1238,30-Sep-25,19,0,1
R03,SKU-1217,09/01/2025,8,0,0
R03,SKU-1217,2025-09-02,7,0,0
R03,SKU-1217,03-Sep-25,12,1,1
R03,SKU-1217,2025-09-04,17,0,0
R03,SKU-1217,2025-09-05,10,0,1
R03,SKU-1217,2025-09-06,14,0,0
R03,SKU-1217,2025-09-07,13,1,1
R03,SKU-1217,2025-09-08,12,1,0
R03,SKU-1217,09/09/2025,5,0,0
R03,SKU-1217,2025-09-10,12,0,0
R03,SKU-1217,11-Sep-25,7,1,0
R03,SKU-1217,09/12/2025,10,0,0
R03,SKU-1217,09/13/2025,15,2,0
R03,SKU-1217,2025-09-14,9,0,0
R03,SKU-1217,2025-09-15,8,0,0
R03,SKU-1217,16-Sep-25,8,0,1
R03,SKU-1217,09/17/2025,8,0,0
R03,SKU-1217,2025-09-18,7,1,0
R03,SKU-1217,2025-09-19,12,1,0
R03,SKU-1217,2025-09-20,5,0,0
R03,SKU-1217,09/21/2025,12,0,0
R03,SKU-1217,09/22/2025,9,1,0
R03,SKU-1217,23-Sep-25,15,0,0
R03,SKU-1217,09/24/2025,10,1,0
R03,SKU-1217,09/25/2025,8,0,0
R03,SKU-1217,2025-09-26,9,1,0
R03,SKU-1217,09/27/2025,11,0,0
R03,SKU-1217,09/28/2025,8,0,0
R03,SKU-1217,2025-09-29,10,0,0
R03,SKU-1217,2025-09-30,10,0,0
R04,SKU-1056,2025-09-01,4,1,0
R04,SKU-1056,02-Sep-25,4,1,0
R04,SKU-1056,2025-09-03,3,0,0
R04,SKU-1056,2025-09-04,3,0,0
R04,SKU-1056,09/05/2025,3,0,0
R04,SKU-1056,2025-09-06,4,0,0
R04,SKU-1056,2025-09-07,3,0,0
R04,SKU-1056,2025-09-08,3,1,0
R04,SKU-1056,2025-09-09,6,0,0
R04,SKU-1056,09/10/2025,6,1,1
R04,SKU-1056,2025-09-11,9,0,0
R04,SKU-1056,2025-09-12,5,1,0
R04,SKU-1056,2025-09-13,3,0,0
R04,SKU-1056,09/14/2025,7,0,0
R04,SKU-1056,2025-09-15,4,2,0
R04,SKU-1056,2025-09-16,1,1,1
R04,SKU-1056,17-Sep-25,6,1,1
R04,SKU-1056,09/18/2025,6,0,0
R04,SKU-1056,2025-09-19,5,1,0
R04,SKU-1056,2025-09-20,3,0,0
R04,SKU-1056,2025-09-21,5,0,0
R04,SKU-1056,09/22/2025,6,0,0
R04,SKU-1056,2025-09-23,4,1,0
R04,SKU-1056,24-Sep-25,1,0,0
R04,SKU-1056,25-Sep-25,7,0,0
R04,SKU-1056,26-Sep-25,4,1,0
R04,SKU-1056,2025-09-27,4,0,0
R04,SKU-1056,09/28/2025,4,0,1
R04,SKU-1056,2025-09-29,3,0,0
R04,SKU-1056,30-Sep-25,4,0,0
R04,SKU-1231,09/01/2025,22,0,0
R04,SKU-1231,09/02/2025,32,1,1
R04,SKU-1231,03-Sep-25,33,0,0
R04,SKU-1231,04-Sep-25,22,0,1
R04,SKU-1231,2025-09-05,26,1,0
R04,SKU-1231,2025-09-06,21,0,0
R04,SKU-1231,2025-09-07,23,0,1
R04,SKU-1231,09/08/2025,26,1,0
R04,SKU-1231,09/09/2025,27,2,1
R04,SKU-1231,2025-09-10,30,0,0
R04,SKU-1231,2025-09-11,25,1,0
R04,SKU-1231,2025-09-12,24,0,1
R04,SKU-1231,13-Sep-25,37,1,0
R04,SKU-1231,2025-09-14,22,2,0
R04,SKU-1231,15-Sep-25,28,1,0
R04,SKU-1231,09/16/2025,25,1,1
R04,SKU-1231,2025-09-17,14,1,0
R04,SKU-1231,2025-09-18,29,1,0
R04,SKU-1231,2025-09-19,20,1,0
R04,SKU-1231,2025-09-20,22,0,0
R04,SKU-1231,2025-09-21,22,1,0
R04,SKU-1231,22-Sep-25,29,0,0
R04,SKU-1231,2025-09-23,21,0,0
R04,SKU-1231,2025-09-24,29,0,0
R04,SKU-1231,2025-09-25,27,0,0
R04,SKU-1231,09/26/2025,27,0,0
R04,SKU-1231,2025-09-27,29,1,1
R04,SKU-1231,2025-09-28,27,0,0
R04,SKU-1231,09/29/2025,21,1,0
R04,SKU-1231,2025-09-30,22,0,0
R04,SKU-1077,09/01/2025,28,1,0
R04,SKU-1077,2025-09-02,25,0,0
R04,SKU-1077,2025-09-03,27,1,0
R04,SKU-1077,2025-09-04,29,1,0
R04,SKU-1077,09/05/2025,23,0,0
R04,SKU-1077,2025-09-06,19,0,0
R04,SKU-1077,2025-09-07,21,0,0
R04,SKU-1077,08-Sep-25,24,0,0
R04,SKU-1077,2025-09-09,22,0,0
R04,SKU-1077,2025-09-10,32,0,0
R04,SKU-1077,2025-09-11,34,1,1
R04,SKU-1077,2025-09-12,21,0,0
R04,SKU-1077,2025-09-13,33,0,0
R04,SKU-1077,14-Sep-25,24,1,0
R04,SKU-1077,2025-09-15,29,1,0
R04,SKU-1077,2025-09-16,23,0,0
R04,SKU-1077,2025-09-17,37,0,0
R04,SKU-1077,18-Sep-25,31,0,0
R04,SKU-1077,2025-09-19,30,0,0
R04,SKU-1077,2025-09-20,16,0,1
R04,SKU-1077,21-Sep-25,26,0,0
R04,SKU-1077,2025-09-22,31,0,0
R04,SKU-1077,2025-09-23,21,0,0
R04,SKU-1077,2025-09-24,33,1,0
R04,SKU-1077,25-Sep-25,35,0,0
R04,SKU-1077,09/26/2025,32,0,0
R04,SKU-1077,2025-09-27,29,0,0
R04,SKU-1077,2025-09-28,34,1,0
R04,SKU-1077,2025-09-29,26,0,0
R04,SKU-1077,2025-09-30,22,2,0
R04,SKU-1021,2025-09-01,30,0,0
R04,SKU-1021,2025-09-02,26,2,0
R04,SKU-1021,2025-09-03,22,0,0
R04,SKU-1021,2025-09-04,20,0,0
R04,SKU-1021,2025-09-05,21,1,0
R04,SKU-1021,09/06/2025,20,1,0
R04,SKU-1021,09/07/2025,31,1,0
R04,SKU-1021,08-Sep-25,33,0,0
R04,SKU-1021,09/09/2025,28,0,0
R04,SKU-1021,10-Sep-25,32,1,0
R04,SKU-1021,09/11/2025,30,0,1
R04,SKU-1021,2025-09-12,25,1,0
R04,SKU-1021,2025-09-13,23,0,0
R04,SKU-1021,2025-09-14,26,0,0
R04,SKU-1021,09/15/2025,27,0,1
R04,SKU-1021,2025-09-16,26,1,1
R04,SKU-1021,2025-09-17,27,0,0
R04,SKU-1021,2025-09-18,47,0,0
R04,SKU-1021,09/19/2025,30,0,0
R04,SKU-1021,2025-09-20,24,0,0
R04,SKU-1021,21-Sep-25,23,0,0
R04,SKU-1021,22-Sep-25,24,0,0
R04,SKU-1021,09/23/2025,29,2,0
R04,SKU-1021,24-Sep-25,34,1,1
R04,SKU-1021,2025-09-25,30,1,0
R04,SKU-1021,09/26/2025,24,0,0
R04,SKU-1021,09/27/2025,31,2,0
R04,SKU-1021,2025-09-28,34,0,0
R04,SKU-1021,09/29/2025,39,0,0
R04,SKU-1021,09/30/2025,35,0,0
R04,SKU-1028,01-Sep-25,12,1,0
R04,SKU-1028,02-Sep-25,8,0,0
R04,SKU-1028,2025-09-03,4,1,1
R04,SKU-1028,04-Sep-25,10,0,0
R04,SKU-1028,09/05/2025,7,1,0
R04,SKU-1028,2025-09-06,12,2,0
R04,SKU-1028,2025-09-07,6,0,0
R04,SKU-1028,2025-09-08,7,0,0
R04,SKU-1028,09-Sep-25,9,2,1
R04,SKU-1028,2025-09-10,9,0,1
R04,SKU-1028,2025-09-11,7,1,0
R04,SKU-1028,09/12/2025,4,0,0
R04,SKU-1028,09/13/2025,11,0,0
R04,SKU-1028,2025-09-14,11,1,0
R04,SKU-1028,2025-09-15,15,1,0
R04,SKU-1028,2025-09-16,11,0,1
R04,SKU-1028,2025-09-17,13,0,0
R04,SKU-1028,09/18/2025,6,0,1
R04,SKU-1028,2025-09-19,10,0,0
R04,SKU-1028,20-Sep-25,5,0,0
R04,SKU-1028,2025-09-21,9,0,1
R04,SKU-1028,22-Sep-25,10,3,0
R04,SKU-1028,09/23/2025,6,0,0
R04,SKU-1028,2025-09-24,16,1,0
R04,SKU-1028,25-Sep-25,10,1,0
R04,SKU-1028,09/26/2025,15,0,1
R04,SKU-1028,09/27/2025,11,0,0
R04,SKU-1028,09/28/2025,8,0,0
R04,SKU-1028,2025-09-29,10,0,0
R04,SKU-1028,2025-09-30,12,0,0
R04,SKU-1035,01-Sep-25,12,1,0
R04,SKU-1035,02-Sep-25,14,0,0
R04,SKU-1035,09/03/2025,15,0,0
R04,SKU-1035,04-Sep-25,8,0,0
R04,SKU-1035,2025-09-05,10,0,0
R04,SKU-1035,06-Sep-25,10,0,0
R04,SKU-1035,07-Sep-25,15,0,0
R04,SKU-1035,09/08/2025,12,1,0
R04,SKU-1035,2025-09-09,17,0,0
R04,SKU-1035,09/10/2025,19,1,0
R04,SKU-1035,2025-09-11,15,0,0
R04,SKU-1035,2025-09-12,11,0,0
R04,SKU-1035,2025-09-13,12,1,0
R04,SKU-1035,2025-09-14,12,1,0
R04,SKU-1035,2025-09-15,11,0,0
R04,SKU-1035,2025-09-16,9,2,0
R04,SKU-1035,2025-09-17,17,1,1
R04,SKU-1035,2025-09-18,18,2,0
R04,SKU-1035,2025-09-19,12,0,0
R04,SKU-1035,2025-09-20,9,0,1
R04,SKU-1035,2025-09-21,7,0,0
R04,SKU-1035,2025-09-22,8,0,0
R04,SKU-1035,2025-09-23,13,0,0
R04,SKU-1035,2025-09-24,11,0,0
R04,SKU-1035,25-Sep-25,9,0,0
R04,SKU-1035,2025-09-26,18,0,0
R04,SKU-1035,2025-09-27,13,1,0
R04,SKU-1035,09/28/2025,14,0,0
R04,SKU-1035,09/29/2025,10,0,1
R04,SKU-1035,09/30/2025,12,1,0
R04,SKU-1182,09/01/2025,31,0,0
R04,SKU-1182,2025-09-02,25,2,0
R04,SKU-1182,2025-09-03,9,0,1
R04,SKU-1182,2025-09-04,23,0,0
R04,SKU-1182,05-Sep-25,22,0,0
R04,SKU-1182,2025-09-06,19,3,1
R04,SKU-1182,2025-09-07,23,0,0
R04,SKU-1182,08-Sep-25,18,0,0
R04,SKU-1182,2025-09-09,18,0,0
R04,SKU-1182,2025-09-10,28,0,0
R04,SKU-1182,09/11/2025,26,0,0
R04,SKU-1182,2025-09-12,20,1,1
R04,SKU-1182,2025-09-13,18,1,0
R04,SKU-1182,2025-09-14,27,1,0
R04,SKU-1182,09/15/2025,15,0,0
R04,SKU-1182,09/16/2025,13,0,0
R04,SKU-1182,2025-09-17,13,0,0
R04,SKU-1182,2025-09-18,18,2,0
R04,SKU-1182,2025-09-19,22,0,0
R04,SKU-1182,2025-09-20,19,1,0
R04,SKU-1182,2025-09-21,18,2,0
R04,SKU-1182,2025-09-22,14,0,0
R04,SKU-1182,2025-09-23,13,0,1
R04,SKU-1182,24-Sep-25,12,2,0
R04,SKU-1182,2025-09-25,22,2,0
R04,SKU-1182,2025-09-26,15,0,1
R04,SKU-1182,09/27/2025,22,0,0
R04,SKU-1182,2025-09-28,23,0,0
R04,SKU-1182,2025-09-29,13,1,0
R04,SKU-1182,2025-09-30,29,1,1
R04,SKU-1238,2025-09-01,4,1,0
R04,SKU-1238,09/02/2025,5,0,1
R04,SKU-1238,2025-09-03,11,0,0
R04,SKU-1238,2025-09-04,9,0,0
R04,SKU-1238,05-Sep-25,4,0,0
R04,SKU-1238,06-Sep-25,4,1,0
R04,SKU-1238,2025-09-07,3,0,0
R04,SKU-1238,09/08/2025,7,0,0
R04,SKU-1238,2025-09-09,11,0,0
R04,SKU-1238,2025-09-10,6,0,0
R04,SKU-1238,2025-09-11,14,0,0
R04,SKU-1238,2025-09-12,7,0,1
R04,SKU-1238,2025-09-13,3,1,0
R04,SKU-1238,09/14/2025,6,0,0
R04,SKU-1238,2025-09-15,5,2,0
R04,SKU-1238,09/16/2025,4,1,0
R04,SKU-1238,2025-09-17,8,0,1
R04,SKU-1238,09/18/2025,4,1,0
R04,SKU-1238,09/19/2025,5,0,0
R04,SKU-1238,2025-09-20,9,1,0
R04,SKU-1238,09/21/2025,6,0,0
R04,SKU-1238,2025-09-22,2,0,0
R04,SKU-1238,2025-09-23,6,1,0
R04,SKU-1238,09/24/2025,6,0,0
R04,SKU-1238,25-Sep-25,5,0,0
R04,SKU-1238,2025-09-26,3,0,0
R04,SKU-1238,2025-09-27,9,1,0
R04,SKU-1238,09/28/2025,6,0,0
R04,SKU-1238,29-Sep-25,5,0,0
R04,SKU-1238,2025-09-30,4,0,0
R04,SKU-1280,2025-09-01,27,1,0
R04,SKU-1280,2025-09-02,26,1,0
R04,SKU-1280,03-Sep-25,23,0,1
R04,SKU-1280,2025-09-04,21,1,0
R04,SKU-1280,2025-09-05,28,0,0
R04,SKU-1280,09/06/2025,26,0,0
R04,SKU-1280,2025-09-07,21,0,1
R04,SKU-1280,2025-09-08,31,0,0
R04,SKU-1280,2025-09-09,31,0,0
R04,SKU-1280,2025-09-10,30,2,0
R04,SKU-1280,09/11/2025,30,1,0
R04,SKU-1280,2025-09-12,34,0,1
R04,SKU-1280,13-Sep-25,16,1,0
R04,SKU-1280,2025-09-14,24,0,0
R04,SKU-1280,15-Sep-25,36,1,0
R04,SKU-1280,2025-09-16,26,0,0
R04,SKU-1280,09/17/2025,32,0,0
R04,SKU-1280,09/18/2025,23,1,0
R04,SKU-1280,2025-09-19,32,0,0
R04,SKU-1280,2025-09-20,26,1,1
R04,SKU-1280,2025-09-21,24,0,0
R04,SKU-1280,22-Sep-25,27,1,0
R04,SKU-1280,23-Sep-25,23,1,0
R04,SKU-1280,2025-09-24,28,0,0
R04,SKU-1280,09/25/2025,28,0,0
R04,SKU-1280,2025-09-26,26,1,0
R04,SKU-1280,2025-09-27,25,1,0
R04,SKU-1280,2025-09-28,22,0,0
R04,SKU-1280,09/29/2025,31,0,0
R04,SKU-1280,2025-09-30,29,0,0
R04,SKU-1273,2025-09-01,3,0,0
R04,SKU-1273,2025-09-02,6,1,0
R04,SKU-1273,03-Sep-25,6,0,0
R04,SKU-1273,09/04/2025,5,0,0
R04,SKU-1273,2025-09-05,5,0,0
R04,SKU-1273,2025-09-06,7,0,0
R04,SKU-1273,2025-09-07,7,0,0
R04,SKU-1273,09/08/2025,7,1,0
R04,SKU-1273,09/09/2025,8,1,0
R04,SKU-1273,2025-09-10,9,0,0
R04,SKU-1273,2025-09-11,8,1,0
R04,SKU-1273,09/12/2025,9,0,0
R04,SKU-1273,2025-09-13,7,0,0
R04,SKU-1273,2025-09-14,7,0,0
R04,SKU-1273,09/15/2025,7,0,0
R04,SKU-1273,2025-09-16,8,0,0
R04,SKU-1273,2025-09-17,6,0,0
R04,SKU-1273,09/18/2025,7,1,0
R04,SKU-1273,19-Sep-25,3,1,0
R04,SKU-1273,2025-09-20,11,1,0
R04,SKU-1273,21-Sep-25,6,0,0
R04,SKU-1273,09/22/2025,10,0,0
R04,SKU-1273,2025-09-23,4,0,0
R04,SKU-1273,2025-09-24,3,0,0
R04,SKU-1273,25-Sep-25,6,0,0
R04,SKU-1273,2025-09-26,6,0,0
R04,SKU-1273,2025-09-27,7,1,0
R04,SKU-1273,2025-09-28,10,1,0
R04,SKU-1273,09/29/2025,8,1,0
R04,SKU-1273,2025-09-30,6,0,1
R04,SKU-1091,2025-09-01,6,0,0
R04,SKU-1091,2025-09-02,12,0,1
R04,SKU-1091,09/03/2025,4,0,1
R04,SKU-1091,2025-09-04,9,0,0
R04,SKU-1091,2025-09-05,10,0,0
R04,SKU-1091,2025-09-06,16,0,0
R04,SKU-1091,2025-09-07,11,0,1
R04,SKU-1091,08-Sep-25,6,0,0
R04,SKU-1091,09/09/2025,13,0,1
R04,SKU-1091,2025-09-10,2,1,0
R04,SKU-1091,2025-09-11,5,3,0
R04,SKU-1091,2025-09-12,8,0,1
R04,SKU-1091,09/13/2025,5,0,0
R04,SKU-1091,2025-09-14,11,0,0
R04,SKU-1091,2025-09-15,8,0,0
R04,SKU-1091,16-Sep-25,11,0,1
R04,SKU-1091,2025-09-17,11,0,0
R04,SKU-1091,2025-09-18,4,1,0
R04,SKU-1091,19-Sep-25,7,0,1
R04,SKU-1091,09/20/2025,10,0,0
R04,SKU-1091,2025-09-21,7,0,1
R04,SKU-1091,2025-09-22,6,0,0
R04,SKU-1091,2025-09-23,8,0,0
R04,SKU-1091,2025-09-24,10,0,0
R04,SKU-1091,2025-09-25,10,0,0
R04,SKU-1091,2025-09-26,7,0,0
R04,SKU-1091,2025-09-27,8,0,0
R04,SKU-1091,28-Sep-25,13,0,0
R04,SKU-1091,2025-09-29,5,1,0
R04,SKU-1091,09/30/2025,7,0,0
R04,SKU-1210,2025-09-01,38,0,0
R04,SKU-1210,2025-09-02,37,0,1
R04,SKU-1210,2025-09-03,30,0,0
R04,SKU-1210,09/04/2025,27,0,0
R04,SKU-1210,2025-09-05,35,0,0
R04,SKU-1210,2025-09-06,29,2,0
R04,SKU-1210,2025-09-07,38,2,0
R04,SKU-1210,09/08/2025,32,1,1
R04,SKU-1210,09/09/2025,32,0,0
R04,SKU-1210,2025-09-10,33,0,0
R04,SKU-1210,2025-09-11,41,0,0
R04,SKU-1210,2025-09-12,31,0,0
R04,SKU-1210,2025-09-13,28,1,0
R04,SKU-1210,09/14/2025,25,0,0
R04,SKU-1210,2025-09-15,34,0,0
R04,SKU-1210,2025-09-16,40,2,0
R04,SKU-1210,2025-09-17,30,0,1
R04,SKU-1210,09/18/2025,36,1,1
R04,SKU-1210,2025-09-19,33,1,0
R04,SKU-1210,20-Sep-25,40,1,0
R04,SKU-1210,2025-09-21,32,0,0
R04,SKU-1210,22-Sep-25,32,0,0
R04,SKU-1210,23-Sep-25,30,1,0
R04,SKU-1210,09/24/2025,33,0,0
R04,SKU-1210,2025-09-25,36,0,0
R04,SKU-1210,2025-09-26,30,0,1
R04,SKU-1210,2025-09-27,25,0,0
R04,SKU-1210,09/28/2025,30,0,0
R04,SKU-1210,29-Sep-25,30,1,0
R04,SKU-1210,09/30/2025,29,0,0
R04,SKU-1266,2025-09-01,2,0,0
R04,SKU-1266,09/02/2025,6,0,0
R04,SKU-1266,2025-09-03,9,0,1
R04,SKU-1266,04-Sep-25,4,0,0
R04,SKU-1266,2025-09-05,7,0,0
R04,SKU-1266,09/06/2025,7,0,0
R04,SKU-1266,09/07/2025,2,1,0
R04,SKU-1266,2025-09-08,7,0,0
R04,SKU-1266,2025-09-09,6,0,0
R04,SKU-1266,09/10/2025,3,1,0
R04,SKU-1266,11-Sep-25,6,0,0
R04,SKU-1266,09/12/2025,6,1,0
R04,SKU-1266,2025-09-13,6,0,0
R04,SKU-1266,2025-09-14,10,0,0
R04,SKU-1266,2025-09-15,7,0,0
R04,SKU-1266,16-Sep-25,3,0,1
R04,SKU-1266,17-Sep-25,6,0,0
R04,SKU-1266,2025-09-18,3,0,0
R04,SKU-1266,2025-09-19,7,0,0
R04,SKU-1266,09/20/2025,9,1,0
R04,SKU-1266,2025-09-21,5,0,0
R04,SKU-1266,2025-09-22,5,0,0
R04,SKU-1266,2025-09-23,7,0,0
R04,SKU-1266,2025-09-24,2,0,0
R04,SKU-1266,2025-09-25,6,0,0
R04,SKU-1266,26-Sep-25,10,2,0
R04,SKU-1266,2025-09-27,10,0,0
R04,SKU-1266,28-Sep-25,6,0,0
R04,SKU-1266,2025-09-29,9,0,0
R04,SKU-1266,2025-09-30,8,2,0
R04,SKU-1259,09/01/2025,9,0,1
R04,SKU-1259,02-Sep-25,3,0,0
R04,SKU-1259,2025-09-03,9,0,0
R04,SKU-1259,2025-09-04,7,0,0
R04,SKU-1259,09/05/2025,7,0,0
R04,SKU-1259,2025-09-06,4,0,0
R04,SKU-1259,09/07/2025,6,2,0
R04,SKU-1259,09/08/2025,6,0,0
R04,SKU-1259,2025-09-09,10,0,0
R04,SKU-1259,09/10/2025,12,1,0
R04,SKU-1259,09/11/2025,6,1,0
R04,SKU-1259,09/12/2025,16,0,0
R04,SKU-1259,09/13/2025,6,0,0
R04,SKU-1259,2025-09-14,8,0,0
R04,SKU-1259,09/15/2025,6,1,0
R04,SKU-1259,16-Sep-25,3,0,0
R04,SKU-1259,2025-09-17,7,0,1
R04,SKU-1259,2025-09-18,4,0,0
R04,SKU-1259,09/19/2025,9,0,0
R04,SKU-1259,2025-09-20,14,0,0
R04,SKU-1259,21-Sep-25,7,0,1
R04,SKU-1259,2025-09-22,8,0,0
R04,SKU-1259,2025-09-23,8,0,0
R04,SKU-1259,2025-09-24,9,0,0
R04,SKU-1259,09/25/2025,11,0,0
R04,SKU-1259,26-Sep-25,4,0,0
R04,SKU-1259,2025-09-27,6,0,0
R04,SKU-1259,2025-09-28,7,0,0
R04,SKU-1259,09/29/2025,9,2,0
R04,SKU-1259,2025-09-30,6,1,0
R04,SKU-1133,2025-09-01,8,0,0
R04,SKU-1133,09/02/2025,5,0,0
R04,SKU-1133,2025-09-03,3,0,0
R04,SKU-1133,2025-09-04,3,0,0
R04,SKU-1133,2025-09-05,3,0,0
R04,SKU-1133,2025-09-06,11,1,0
R04,SKU-1133,2025-09-07,9,1,0
R04,SKU-1133,2025-09-08,5,1,0
R04,SKU-1133,09-Sep-25,4,0,0
R04,SKU-1133,10-Sep-25,4,0,0
R04,SKU-1133,2025-09-11,8,0,0
R04,SKU-1133,2025-09-12,2,0,0
R04,SKU-1133,2025-09-13,8,0,0
R04,SKU-1133,2025-09-14,5,0,0
R04,SKU-1133,2025-09-15,8,1,0
R04,SKU-1133,2025-09-16,7,0,0
R04,SKU-1133,17-Sep-25,5,0,0
R04,SKU-1133,2025-09-18,5,0,0
R04,SKU-1133,2025-09-19,7,1,1
R04,SKU-1133,2025-09-20,7,0,0
R04,SKU-1133,2025-09-21,6,1,0
R04,SKU-1133,2025-09-22,8,1,0
R04,SKU-1133,09/23/2025,4,1,0
R04,SKU-1133,2025-09-24,8,1,1
R04,SKU-1133,2025-09-25,3,0,0
R04,SKU-1133,2025-09-26,7,0,0
R04,SKU-1133,2025-09-27,4,1,0
R04,SKU-1133,28-Sep-25,3,0,1
R04,SKU-1133,2025-09-29,6,0,0
R04,SKU-1133,2025-09-30,2,0,0
R04,SKU-1126,2025-09-01,14,0,0
R04,SKU-1126,09/02/2025,8,1,0
R04,SKU-1126,03-Sep-25,13,0,0
R04,SKU-1126,04-Sep-25,9,2,1
R04,SKU-1126,2025-09-05,10,0,0
R04,SKU-1126,2025-09-06,14,0,1
R04,SKU-1126,2025-09-07,10,0,0
R04,SKU-1126,08-Sep-25,11,1,0
R04,SKU-1126,09/09/2025,16,0,0
R04,SKU-1126,2025-09-10,10,0,0
R04,SKU-1126,2025-09-11,8,0,0
R04,SKU-1126,09/12/2025,23,0,0
R04,SKU-1126,2025-09-13,10,0,1
R04,SKU-1126,14-Sep-25,10,0,0
R04,SKU-1126,15-Sep-25,12,0,0
R04,SKU-1126,2025-09-16,14,0,0
R04,SKU-1126,2025-09-17,10,1,0
R04,SKU-1126,18-Sep-25,10,0,0
R04,SKU-1126,09/19/2025,11,1,1
R04,SKU-1126,09/20/2025,15,0,0
R04,SKU-1126,09/21/2025,10,0,0
R04,SKU-1126,22-Sep-25,9,0,0
R04,SKU-1126,2025-09-23,9,0,0
R04,SKU-1126,2025-09-24,13,2,0
R04,SKU-1126,2025-09-25,10,0,0
R04,SKU-1126,2025-09-26,20,0,0
R04,SKU-1126,27-Sep-25,7,0,0
R04,SKU-1126,28-Sep-25,13,0,0
R04,SKU-1126,2025-09-29,10,0,1
R04,SKU-1126,30-Sep-25,17,2,0
R04,SKU-1175,2025-09-01,16,0,0
R04,SKU-1175,2025-09-02,16,1,0
R04,SKU-1175,2025-09-03,18,3,0
R04,SKU-1175,2025-09-04,17,0,0
R04,SKU-1175,05-Sep-25,14,0,0
R04,SKU-1175,09/06/2025,10,1,0
R04,SKU-1175,2025-09-07,12,0,0
R04,SKU-1175,2025-09-08,12,0,0
R04,SKU-1175,09-Sep-25,13,0,0
R04,SKU-1175,10-Sep-25,13,0,1
R04,SKU-1175,2025-09-11,14,0,0
R04,SKU-1175,2025-09-12,19,1,0
R04,SKU-1175,09/13/2025,10,0,0
R04,SKU-1175,2025-09-14,12,0,0
R04,SKU-1175,09/15/2025,15,0,0
R04,SKU-1175,2025-09-16,19,0,0
R04,SKU-1175,2025-09-17,11,0,0
R04,SKU-1175,2025-09-18,10,0,0
R04,SKU-1175,2025-09-19,6,0,1
R04,SKU-1175,20-Sep-25,16,0,0
R04,SKU-1175,21-Sep-25,14,0,0
R04,SKU-1175,2025-09-22,14,0,0
R04,SKU-1175,09/23/2025,18,1,0
R04,SKU-1175,2025-09-24,12,1,0
R04,SKU-1175,2025-09-25,21,0,0
R04,SKU-1175,26-Sep-25,8,0,1
R04,SKU-1175,2025-09-27,7,0,0
R04,SKU-1175,09/28/2025,10,0,0
R04,SKU-1175,2025-09-29,8,1,0
R04,SKU-1175,2025-09-30,31,0,0
R04,SKU-1098,2025-09-01,17,0,1
R04,SKU-1098,09/02/2025,22,0,0
R04,SKU-1098,2025-09-03,26,1,0
R04,SKU-1098,2025-09-04,15,2,0
R04,SKU-1098,05-Sep-25,16,0,0
R04,SKU-1098,06-Sep-25,15,0,1
R04,SKU-1098,07-Sep-25,16,0,0
R04,SKU-1098,2025-09-08,20,1,0
R04,SKU-1098,2025-09-09,15,0,0
R04,SKU-1098,2025-09-10,26,1,0
R04,SKU-1098,2025-09-11,16,0,0
R04,SKU-1098,09/12/2025,27,0,0
R04,SKU-1098,13-Sep-25,21,0,0
R04,SKU-1098,2025-09-14,24,0,0
R04,SKU-1098,09/15/2025,22,0,0
R04,SKU-1098,16-Sep-25,24,0,0
R04,SKU-1098,2025-09-17,27,1,0
R04,SKU-1098,09/18/2025,15,0,0
R04,SKU-1098,2025-09-19,17,3,1
R04,SKU-1098,09/20/2025,23,1,0
R04,SKU-1098,2025-09-21,13,1,0
R04,SKU-1098,09/22/2025,19,1,0
R04,SKU-1098,23-Sep-25,23,0,0
R04,SKU-1098,24-Sep-25,15,1,0
R04,SKU-1098,2025-09-25,21,0,1
R04,SKU-1098,26-Sep-25,25,0,0
R04,SKU-1098,09/27/2025,24,0,0
R04,SKU-1098,2025-09-28,20,0,0
R04,SKU-1098,2025-09-29,25,0,0
R04,SKU-1098,2025-09-30,21,0,0
R04,SKU-1196,09/01/2025,19,0,0
R04,SKU-1196,09/02/2025,15,0,0
R04,SKU-1196,2025-09-03,16,0,1
R04,SKU-1196,2025-09-04,12,0,0
R04,SKU-1196,09/05/2025,18,1,1
R04,SKU-1196,2025-09-06,14,3,0
R04,SKU-1196,2025-09-07,16,0,0
R04,SKU-1196,08-Sep-25,21,1,0
R04,SKU-1196,2025-09-09,16,0,0
R04,SKU-1196,2025-09-10,14,1,0
R04,SKU-1196,09/11/2025,15,1,0
R04,SKU-1196,12-Sep-25,17,1,1
R04,SKU-1196,09/13/2025,15,0,0
R04,SKU-1196,14-Sep-25,14,1,0
R04,SKU-1196,2025-09-15,19,0,0
R04,SKU-1196,2025-09-16,17,0,0
R04,SKU-1196,2025-09-17,14,0,0
R04,SKU-1196,2025-09-18,17,1,0
R04,SKU-1196,09/19/2025,12,1,0
R04,SKU-1196,09/20/2025,13,0,0
R04,SKU-1196,2025-09-21,13,0,0
R04,SKU-1196,2025-09-22,18,0,0
R04,SKU-1196,2025-09-23,9,0,0
R04,SKU-1196,09/24/2025,12,0,0
R04,SKU-1196,25-Sep-25,14,0,0
R04,SKU-1196,2025-09-26,14,0,1
R04,SKU-1196,27-Sep-25,17,1,0
R04,SKU-1196,2025-09-28,16,0,0
R04,SKU-1196,09/29/2025,13,0,0
R04,SKU-1196,09/30/2025,15,0,0
R04,SKU-1189,09/01/2025,27,0,1
R04,SKU-1189,2025-09-02,26,0,0
R04,SKU-1189,09/03/2025,23,0,0
R04,SKU-1189,2025-09-04,25,1,1
R04,SKU-1189,2025-09-05,25,1,0
R04,SKU-1189,2025-09-06,38,0,0
R04,SKU-1189,2025-09-07,25,0,0
R04,SKU-1189,2025-09-08,32,1,0
R04,SKU-1189,2025-09-09,23,0,0
R04,SKU-1189,10-Sep-25,22,1,0
R04,SKU-1189,11-Sep-25,36,2,0
R04,SKU-1189,2025-09-12,20,0,1
R04,SKU-1189,2025-09-13,32,1,0
R04,SKU-1189,2025-09-14,32,1,0
R04,SKU-1189,2025-09-15,18,1,0
R04,SKU-1189,16-Sep-25,42,0,1
R04,SKU-1189,17-Sep-25,28,1,0
R04,SKU-1189,2025-09-18,28,0,0
R04,SKU-1189,09/19/2025,24,0,0
R04,SKU-1189,2025-09-20,30,0,0
R04,SKU-1189,09/21/2025,29,0,0
R04,SKU-1189,2025-09-22,25,0,1
R04,SKU-1189,23-Sep-25,37,1,1
R04,SKU-1189,09/24/2025,36,1,1
R04,SKU-1189,2025-09-25,26,0,0
R04,SKU-1189,09/26/2025,21,0,0
R04,SKU-1189,09/27/2025,32,0,0
R04,SKU-1189,2025-09-28,30,0,0
R04,SKU-1189,2025-09-29,26,0,1
R04,SKU-1189,30-Sep-25,31,0,0
R04,SKU-1168,2025-09-01,14,1,0
R04,SKU-1168,2025-09-02,17,0,0
R04,SKU-1168,09/03/2025,15,0,0
R04,SKU-1168,2025-09-04,29,0,0
R04,SKU-1168,2025-09-05,21,0,0
R04,SKU-1168,2025-09-06,15,0,0
R04,SKU-1168,2025-09-07,17,0,1
R04,SKU-1168,2025-09-08,13,0,1
R04,SKU-1168,09-Sep-25,16,0,0
R04,SKU-1168,2025-09-10,21,1,0
R04,SKU-1168,2025-09-11,21,0,0
R04,SKU-1168,2025-09-12,21,2,0
R04,SKU-1168,2025-09-13,20,0,0
R04,SKU-1168,2025-09-14,24,0,0
R04,SKU-1168,2025-09-15,22,0,1
R04,SKU-1168,2025-09-16,22,0,0
R04,SKU-1168,2025-09-17,25,1,0
R04,SKU-1168,18-Sep-25,22,0,1
R04,SKU-1168,19-Sep-25,21,0,0
R04,SKU-1168,2025-09-20,18,1,0
R04,SKU-1168,21-Sep-25,17,0,0
R04,SKU-1168,2025-09-22,31,0,0
R04,SKU-1168,2025-09-23,26,0,0
R04,SKU-1168,2025-09-24,22,0,0
R04,SKU-1168,2025-09-25,17,0,0
R04,SKU-1168,2025-09-26,20,0,0
R04,SKU-1168,2025-09-27,18,1,0
R04,SKU-1168,2025-09-28,12,0,0
R04,SKU-1168,09/29/2025,26,0,0
R04,SKU-1168,30-Sep-25,21,0,0
R04,SKU-1105,09/01/2025,12,1,1
R04,SKU-1105,2025-09-02,9,0,0
R04,SKU-1105,09/03/2025,13,0,0
R04,SKU-1105,2025-09-04,9,0,0
R04,SKU-1105,09/05/2025,9,1,0
R04,SKU-1105,09/06/2025,7,1,1
R04,SKU-1105,09/07/2025,12,0,0
R04,SKU-1105,2025-09-08,10,0,0
R04,SKU-1105,09/09/2025,10,0,0
R04,SKU-1105,10-Sep-25,14,0,0
R04,SKU-1105,11-Sep-25,10,1,0
R04,SKU-1105,2025-09-12,9,0,1
R04,SKU-1105,2025-09-13,9,0,0
R04,SKU-1105,2025-09-14,6,0,0
R04,SKU-1105,2025-09-15,9,1,0
R04,SKU-1105,09/16/2025,6,1,0
R04,SKU-1105,2025-09-17,7,0,0
R04,SKU-1105,2025-09-18,9,0,0
R04,SKU-1105,09/19/2025,5,0,0
R04,SKU-1105,2025-09-20,10,0,1
R04,SKU-1105,2025-09-21,7,0,0
R04,SKU-1105,2025-09-22,5,0,0
R04,SKU-1105,2025-09-23,6,0,1
R04,SKU-1105,09/24/2025,8,2,1
R04,SKU-1105,2025-09-25,12,0,0
R04,SKU-1105,26-Sep-25,6,1,0
R04,SKU-1105,2025-09-27,8,2,0
R04,SKU-1105,28-Sep-25,7,1,0
R04,SKU-1105,29-Sep-25,8,2,0
R04,SKU-1105,09/30/2025,6,1,0
R04,SKU-1161,2025-09-01,9,0,0
R04,SKU-1161,2025-09-02,16,1,1
R04,SKU-1161,2025-09-03,20,2,1
R04,SKU-1161,2025-09-04,11,2,0
R04,SKU-1161,2025-09-05,14,0,0
R04,SKU-1161,09/06/2025,20,2,0
R04,SKU-1161,2025-09-07,16,0,0
R04,SKU-1161,2025-09-08,15,0,0
R04,SKU-1161,2025-09-09,8,0,0
R04,SKU-1161,2025-09-10,7,2,0
R04,SKU-1161,09/11/2025,18,0,0
R04,SKU-1161,12-Sep-25,14,0,0
R04,SKU-1161,2025-09-13,18,1,0
R04,SKU-1161,2025-09-14,8,0,0
R04,SKU-1161,2025-09-15,18,0,0
R04,SKU-1161,2025-09-16,22,0,1
R04,SKU-1161,2025-09-17,11,0,0
R04,SKU-1161,18-Sep-25,18,0,0
R04,SKU-1161,2025-09-19,14,0,1
R04,SKU-1161,09/20/2025,14,0,0
R04,SKU-1161,09/21/2025,13,1,0
R04,SKU-1161,09/22/2025,26,1,0
R04,SKU-1161,2025-09-23,15,0,0
R04,SKU-1161,2025-09-24,15,0,0
R04,SKU-1161,2025-09-25,15,0,0
R04,SKU-1161,2025-09-26,14,0,0
R04,SKU-1161,2025-09-27,18,1,0
R04,SKU-1161,2025-09-28,7,0,1
R04,SKU-1161,2025-09-29,21,0,0
R04,SKU-1161,09/30/2025,19,0,0
R04,SKU-1112,2025-09-01,12,1,0
R04,SKU-1112,2025-09-02,3,0,0
R04,SKU-1112,2025-09-03,3,0,0
R04,SKU-1112,2025-09-04,8,0,0
R04,SKU-1112,05-Sep-25,8,1,0
R04,SKU-1112,2025-09-06,5,1,0
R04,SKU-1112,2025-09-07,4,0,0
R04,SKU-1112,2025-09-08,5,0,0
R04,SKU-1112,09-Sep-25,5,0,0
R04,SKU-1112,2025-09-10,12,1,0
R04,SKU-1112,11-Sep-25,6,0,0
R04,SKU-1112,2025-09-12,10,0,0
R04,SKU-1112,2025-09-13,4,1,0
R04,SKU-1112,14-Sep-25,4,0,0
R04,SKU-1112,09/15/2025,15,1,0
R04,SKU-1112,16-Sep-25,8,0,0
R04,SKU-1112,2025-09-17,7,1,0
R04,SKU-1112,09/18/2025,7,2,0
R04,SKU-1112,2025-09-19,3,1,1
R04,SKU-1112,2025-09-20,9,3,0
R04,SKU-1112,2025-09-21,6,1,0
R04,SKU-1112,2025-09-22,6,0,1
R04,SKU-1112,09/23/2025,5,2,0
R04,SKU-1112,09/24/2025,9,0,0
R04,SKU-1112,2025-09-25,4,1,0
R04,SKU-1112,2025-09-26,11,0,0
R04,SKU-1112,09/27/2025,5,0,0
R04,SKU-1112,09/28/2025,6,2,0
R04,SKU-1112,2025-09-29,7,0,0
R04,SKU-1112,2025-09-30,8,0,0
R05,SKU-1112,09/01/2025,27,0,0
R05,SKU-1112,2025-09-02,21,0,0
R05,SKU-1112,2025-09-03,15,1,1
R05,SKU-1112,2025-09-04,39,0,0
R05,SKU-1112,05-Sep-25,19,0,0
R05,SKU-1112,2025-09-06,25,0,0
R05,SKU-1112,09/07/2025,20,1,0
R05,SKU-1112,2025-09-08,25,0,0
R05,SKU-1112,2025-09-09,22,0,1
R05,SKU-1112,09/10/2025,25,0,0
R05,SKU-1112,11-Sep-25,27,1,0
R05,SKU-1112,2025-09-12,20,0,0
R05,SKU-1112,13-Sep-25,12,0,1
R05,SKU-1112,09/14/2025,27,1,0
R05,SKU-1112,2025-09-15,20,0,0
R05,SKU-1112,09/16/2025,22,0,0
R05,SKU-1112,17-Sep-25,22,0,0
R05,SKU-1112,2025-09-18,20,0,0
R05,SKU-1112,2025-09-19,19,0,0
R05,SKU-1112,2025-09-20,17,0,1
R05,SKU-1112,2025-09-21,22,0,0
R05,SKU-1112,2025-09-22,15,1,0
R05,SKU-1112,2025-09-23,21,1,0
R05,SKU-1112,2025-09-24,18,2,0
R05,SKU-1112,09/25/2025,23,1,0
R05,SKU-1112,26-Sep-25,25,0,0
R05,SKU-1112,2025-09-27,24,0,0
R05,SKU-1112,28-Sep-25,20,0,1
R05,SKU-1112,2025-09-29,18,0,1
R05,SKU-1112,2025-09-30,11,3,1
R05,SKU-1133,01-Sep-25,29,0,0
R05,SKU-1133,2025-09-02,27,0,0
R05,SKU-1133,2025-09-03,25,0,0
R05,SKU-1133,2025-09-04,24,0,0
R05,SKU-1133,09/05/2025,24,0,0
R05,SKU-1133,2025-09-06,32,0,1
R05,SKU-1133,2025-09-07,16,0,1
R05,SKU-1133,09/08/2025,24,0,0
R05,SKU-1133,09-Sep-25,22,1,0
R05,SKU-1133,2025-09-10,30,1,0
R05,SKU-1133,2025-09-11,30,0,0
R05,SKU-1133,2025-09-12,17,1,0
R05,SKU-1133,13-Sep-25,25,0,0
R05,SKU-1133,2025-09-14,18,0,0
R05,SKU-1133,2025-09-15,23,0,0
R05,SKU-1133,2025-09-16,28,0,0
R05,SKU-1133,2025-09-17,34,0,0
R05,SKU-1133,2025-09-18,20,0,0
R05,SKU-1133,2025-09-19,25,0,1
R05,SKU-1133,2025-09-20,25,0,0
R05,SKU-1133,2025-09-21,21,2,0
R05,SKU-1133,2025-09-22,26,2,0
R05,SKU-1133,2025-09-23,29,2,0
R05,SKU-1133,2025-09-24,18,2,1
R05,SKU-1133,25-Sep-25,29,1,0
R05,SKU-1133,2025-09-26,24,0,0
R05,SKU-1133,2025-09-27,24,0,1
R05,SKU-1133,2025-09-28,28,1,0
R05,SKU-1133,2025-09-29,26,0,0
R05,SKU-1133,2025-09-30,26,0,1
R05,SKU-1028,2025-09-01,3,1,0
R05,SKU-1028,09/02/2025,6,0,0
R05,SKU-1028,2025-09-03,3,0,0
R05,SKU-1028,2025-09-04,7,0,0
R05,SKU-1028,2025-09-05,4,1,0
R05,SKU-1028,2025-09-06,8,0,0
R05,SKU-1028,2025-09-07,2,0,0
R05,SKU-1028,2025-09-08,8,0,0
R05,SKU-1028,09-Sep-25,3,0,0
R05,SKU-1028,2025-09-10,7,1,0
R05,SKU-1028,2025-09-11,3,0,0
R05,SKU-1028,2025-09-12,9,1,0
R05,SKU-1028,2025-09-13,6,0,0
R05,SKU-1028,2025-09-14,4,0,1
R05,SKU-1028,2025-09-15,4,0,0
R05,SKU-1028,2025-09-16,2,0,0
R05,SKU-1028,09/17/2025,7,0,0
R05,SKU-1028,18-Sep-25,3,0,0
R05,SKU-1028,2025-09-19,7,0,0
R05,SKU-1028,09/20/2025,8,1,0
R05,SKU-1028,2025-09-21,5,0,0
R05,SKU-1028,2025-09-22,4,0,0
R05,SKU-1028,23-Sep-25,4,2,1
R05,SKU-1028,2025-09-24,8,0,0
R05,SKU-1028,2025-09-25,9,0,0
R05,SKU-1028,09/26/2025,3,0,0
R05,SKU-1028,27-Sep-25,5,0,0
R05,SKU-1028,2025-09-28,6,1,0
R05,SKU-1028,2025-09-29,4,1,0
R05,SKU-1028,30-Sep-25,3,0,0
R05,SKU-1126,01-Sep-25,16,0,1
R05,SKU-1126,2025-09-02,21,0,0
R05,SKU-1126,2025-09-03,18,0,1
R05,SKU-1126,04-Sep-25,16,1,0
R05,SKU-1126,2025-09-05,11,0,0
R05,SKU-1126,2025-09-06,19,0,0
R05,SKU-1126,09/07/2025,13,0,0
R05,SKU-1126,08-Sep-25,14,0,0
R05,SKU-1126,09-Sep-25,18,1,0
R05,SKU-1126,2025-09-10,20,0,0
R05,SKU-1126,09/11/2025,26,0,0
R05,SKU-1126,09/12/2025,14,1,0
R05,SKU-1126,2025-09-13,6,1,0
R05,SKU-1126,14-Sep-25,11,0,0
R05,SKU-1126,2025-09-15,17,0,0
R05,SKU-1126,2025-09-16,12,0,1
R05,SKU-1126,17-Sep-25,20,1,1
R05,SKU-1126,2025-09-18,14,0,1
R05,SKU-1126,09/19/2025,8,0,0
R05,SKU-1126,2025-09-20,15,0,0
R05,SKU-1126,2025-09-21,9,0,1
R05,SKU-1126,2025-09-22,14,0,0
R05,SKU-1126,09/23/2025,14,0,0
R05,SKU-1126,09/24/2025,18,1,0
R05,SKU-1126,2025-09-25,14,0,0
R05,SKU-1126,26-Sep-25,13,0,0
R05,SKU-1126,09/27/2025,19,0,1
R05,SKU-1126,09/28/2025,13,0,1
R05,SKU-1126,2025-09-29,30,0,0
R05,SKU-1126,2025-09-30,18,0,0
R05,SKU-1077,09/01/2025,22,1,0
R05,SKU-1077,2025-09-02,23,0,0
R05,SKU-1077,2025-09-03,23,0,0
R05,SKU-1077,09/04/2025,22,1,1
R05,SKU-1077,2025-09-05,24,1,0
R05,SKU-1077,2025-09-06,22,0,0
R05,SKU-1077,07-Sep-25,35,0,0
R05,SKU-1077,08-Sep-25,26,1,0
R05,SKU-1077,2025-09-09,17,0,1
R05,SKU-1077,2025-09-10,20,0,0
R05,SKU-1077,09/11/2025,26,1,0
R05,SKU-1077,2025-09-12,41,0,0
R05,SKU-1077,13-Sep-25,30,1,0
R05,SKU-1077,2025-09-14,21,0,0
R05,SKU-1077,2025-09-15,23,1,0
R05,SKU-1077,2025-09-16,20,0,0
R05,SKU-1077,17-Sep-25,24,1,0
R05,SKU-1077,2025-09-18,24,0,0
R05,SKU-1077,2025-09-19,16,0,0
R05,SKU-1077,09/20/2025,21,1,0
R05,SKU-1077,2025-09-21,18,1,1
R05,SKU-1077,22-Sep-25,28,0,0
R05,SKU-1077,23-Sep-25,28,1,0
R05,SKU-1077,2025-09-24,22,0,0
R05,SKU-1077,09/25/2025,23,1,0
R05,SKU-1077,2025-09-26,14,2,0
R05,SKU-1077,09/27/2025,18,0,0
R05,SKU-1077,09/28/2025,35,1,0
R05,SKU-1077,2025-09-29,27,0,0
R05,SKU-1077,30-Sep-25,27,0,0
R05,SKU-1196,09/01/2025,21,0,0
R05,SKU-1196,09/02/2025,30,0,0
R05,SKU-1196,09/03/2025,28,1,0
R05,SKU-1196,09/04/2025,32,1,0
R05,SKU-1196,2025-09-05,30,0,1
R05,SKU-1196,2025-09-06,24,1,0
R05,SKU-1196,09/07/2025,34,0,1
R05,SKU-1196,2025-09-08,23,0,0
R05,SKU-1196,2025-09-09,40,0,0
R05,SKU-1196,2025-09-10,29,0,0
R05,SKU-1196,2025-09-11,27,0,0
R05,SKU-1196,09/12/2025,32,2,0
R05,SKU-1196,09/13/2025,27,0,0
R05,SKU-1196,2025-09-14,28,0,1
R05,SKU-1196,2025-09-15,29,0,0
R05,SKU-1196,2025-09-16,25,0,0
R05,SKU-1196,2025-09-17,29,0,0
R05,SKU-1196,2025-09-18,29,1,0
R05,SKU-1196,2025-09-19,23,1,0
R05,SKU-1196,09/20/2025,34,0,0
R05,SKU-1196,21-Sep-25,34,2,0
R05,SKU-1196,09/22/2025,40,0,0
R05,SKU-1196,09/23/2025,36,1,0
R05,SKU-1196,24-Sep-25,40,0,0
R05,SKU-1196,09/25/2025,31,0,0
R05,SKU-1196,2025-09-26,28,0,0
R05,SKU-1196,2025-09-27,35,0,1
R05,SKU-1196,2025-09-28,33,0,0
R05,SKU-1196,09/29/2025,31,0,0
R05,SKU-1196,2025-09-30,26,0,0
R05,SKU-1056,2025-09-01,27,1,0
R05,SKU-1056,02-Sep-25,32,2,1
R05,SKU-1056,2025-09-03,33,0,0
R05,SKU-1056,09/04/2025,24,1,1
R05,SKU-1056,05-Sep-25,25,2,0
R05,SKU-1056,09/06/2025,27,0,0
R05,SKU-1056,2025-09-07,29,2,0
R05,SKU-1056,09/08/2025,29,0,1
R05,SKU-1056,2025-09-09,28,0,0
R05,SKU-1056,09/10/2025,36,2,0
R05,SKU-1056,09/11/2025,28,0,0
R05,SKU-1056,2025-09-12,29,0,0
R05,SKU-1056,09/13/2025,22,0,0
R05,SKU-1056,2025-09-14,24,1,0
R05,SKU-1056,09/15/2025,25,0,0
R05,SKU-1056,2025-09-16,25,0,0
R05,SKU-1056,2025-09-17,28,1,0
R05,SKU-1056,18-Sep-25,42,0,0
R05,SKU-1056,2025-09-19,29,0,0
R05,SKU-1056,2025-09-20,32,0,0
R05,SKU-1056,2025-09-21,29,1,1
R05,SKU-1056,2025-09-22,32,0,0
R05,SKU-1056,2025-09-23,30,0,0
R05,SKU-1056,2025-09-24,31,2,0
R05,SKU-1056,09/25/2025,34,0,1
R05,SKU-1056,09/26/2025,35,0,0
R05,SKU-1056,27-Sep-25,26,3,0
R05,SKU-1056,2025-09-28,26,0,1
R05,SKU-1056,2025-09-29,31,1,0
R05,SKU-1056,2025-09-30,22,2,0
R05,SKU-1280,2025-09-01,8,0,0
R05,SKU-1280,09/02/2025,9,0,0
R05,SKU-1280,09/03/2025,12,0,0
R05,SKU-1280,09/04/2025,12,0,1
R05,SKU-1280,2025-09-05,16,1,0
R05,SKU-1280,09/06/2025,13,0,0
R05,SKU-1280,07-Sep-25,17,0,0
R05,SKU-1280,09/08/2025,17,0,0
R05,SKU-1280,09/09/2025,14,0,1
R05,SKU-1280,2025-09-10,13,0,0
R05,SKU-1280,2025-09-11,20,1,1
R05,SKU-1280,09/12/2025,7,0,1
R05,SKU-1280,2025-09-13,9,0,0
R05,SKU-1280,2025-09-14,7,0,0
R05,SKU-1280,2025-09-15,15,0,0
R05,SKU-1280,16-Sep-25,12,1,0
R05,SKU-1280,2025-09-17,8,0,0
R05,SKU-1280,2025-09-18,18,2,1
R05,SKU-1280,2025-09-19,12,1,0
R05,SKU-1280,2025-09-20,14,0,0
R05,SKU-1280,2025-09-21,13,0,0
R05,SKU-1280,22-Sep-25,16,0,0
R05,SKU-1280,2025-09-23,10,0,0
R05,SKU-1280,09/24/2025,13,1,0
R05,SKU-1280,09/25/2025,8,0,0
R05,SKU-1280,2025-09-26,20,0,0
R05,SKU-1280,27-Sep-25,18,1,0
R05,SKU-1280,09/28/2025,18,0,0
R05,SKU-1280,09/29/2025,11,0,1
R05,SKU-1280,30-Sep-25,13,1,0
R05,SKU-1147,2025-09-01,5,0,0
R05,SKU-1147,02-Sep-25,4,1,0
R05,SKU-1147,2025-09-03,8,0,0
R05,SKU-1147,09/04/2025,4,0,1
R05,SKU-1147,2025-09-05,11,0,0
R05,SKU-1147,06-Sep-25,7,0,0
R05,SKU-1147,09/07/2025,4,0,0
R05,SKU-1147,2025-09-08,6,0,0
R05,SKU-1147,2025-09-09,5,0,0
R05,SKU-1147,2025-09-10,7,0,0
R05,SKU-1147,09/11/2025,4,1,0
R05,SKU-1147,09/12/2025,3,0,0
R05,SKU-1147,2025-09-13,0,1,0
R05,SKU-1147,2025-09-14,6,0,0
R05,SKU-1147,2025-09-15,3,2,0
R05,SKU-1147,16-Sep-25,6,0,0
R05,SKU-1147,2025-09-17,6,0,0
R05,SKU-1147,09/18/2025,5,0,0
R05,SKU-1147,2025-09-19,6,0,0
R05,SKU-1147,2025-09-20,7,0,0
R05,SKU-1147,2025-09-21,6,1,0
R05,SKU-1147,2025-09-22,6,0,0
R05,SKU-1147,09/23/2025,10,0,0
R05,SKU-1147,2025-09-24,8,0,1
R05,SKU-1147,2025-09-25,5,0,0
R05,SKU-1147,09/26/2025,8,1,0
R05,SKU-1147,09/27/2025,5,1,0
R05,SKU-1147,2025-09-28,8,0,0
R05,SKU-1147,09/29/2025,4,2,0
R05,SKU-1147,2025-09-30,4,0,0
R05,SKU-1273,09/01/2025,22,0,0
R05,SKU-1273,2025-09-02,22,0,0
R05,SKU-1273,2025-09-03,25,0,0
R05,SKU-1273,2025-09-04,18,1,0
R05,SKU-1273,05-Sep-25,10,1,0
R05,SKU-1273,09/06/2025,28,0,1
R05,SKU-1273,09/07/2025,22,0,1
R05,SKU-1273,2025-09-08,18,0,0
R05,SKU-1273,09-Sep-25,29,0,0
R05,SKU-1273,2025-09-10,26,1,0
R05,SKU-1273,09/11/2025,20,0,0
R05,SKU-1273,2025-09-12,29,1,0
R05,SKU-1273,2025-09-13,25,0,0
R05,SKU-1273,2025-09-14,23,0,0
R05,SKU-1273,2025-09-15,30,3,0
R05,SKU-1273,2025-09-16,32,0,0
R05,SKU-1273,2025-09-17,19,0,0
R05,SKU-1273,2025-09-18,18,0,1
R05,SKU-1273,2025-09-19,21,0,1
R05,SKU-1273,2025-09-20,20,0,0
R05,SKU-1273,2025-09-21,29,0,0
R05,SKU-1273,09/22/2025,24,0,0
R05,SKU-1273,23-Sep-25,27,0,0
R05,SKU-1273,09/24/2025,23,0,0
R05,SKU-1273,25-Sep-25,25,0,0
R05,SKU-1273,2025-09-26,23,1,0
R05,SKU-1273,2025-09-27,28,1,1
R05,SKU-1273,28-Sep-25,17,0,0
R05,SKU-1273,2025-09-29,23,0,0
R05,SKU-1273,30-Sep-25,26,2,0
R05,SKU-1105,2025-09-01,10,1,0
R05,SKU-1105,09/02/2025,12,0,0
R05,SKU-1105,09/03/2025,12,1,0
R05,SKU-1105,09/04/2025,14,0,0
R05,SKU-1105,2025-09-05,18,2,0
R05,SKU-1105,2025-09-06,5,0,0
R05,SKU-1105,2025-09-07,19,1,0
R05,SKU-1105,2025-09-08,16,0,0
R05,SKU-1105,09/09/2025,13,2,0
R05,SKU-1105,2025-09-10,14,2,0
R05,SKU-1105,2025-09-11,12,1,0
R05,SKU-1105,09/12/2025,12,1,0
R05,SKU-1105,2025-09-13,14,2,0
R05,SKU-1105,2025-09-14,15,2,0
R05,SKU-1105,15-Sep-25,22,0,0
R05,SKU-1105,2025-09-16,12,0,0
R05,SKU-1105,17-Sep-25,16,1,1
R05,SKU-1105,2025-09-18,13,0,0
R05,SKU-1105,2025-09-19,15,0,0
R05,SKU-1105,20-Sep-25,20,2,0
R05,SKU-1105,2025-09-21,10,0,0
R05,SKU-1105,2025-09-22,15,0,0
R05,SKU-1105,2025-09-23,14,0,0
R05,SKU-1105,24-Sep-25,12,0,1
R05,SKU-1105,2025-09-25,13,0,0
R05,SKU-1105,2025-09-26,14,1,0
R05,SKU-1105,27-Sep-25,13,0,1
R05,SKU-1105,09/28/2025,14,0,0
R05,SKU-1105,2025-09-29,6,0,0
R05,SKU-1105,09/30/2025,11,1,0
R05,SKU-1007,2025-09-01,24,1,0
R05,SKU-1007,09/02/2025,23,1,0
R05,SKU-1007,2025-09-03,17,0,1
R05,SKU-1007,09/04/2025,29,0,0
R05,SKU-1007,09/05/2025,22,0,0
R05,SKU-1007,2025-09-06,20,0,0
R05,SKU-1007,09/07/2025,26,0,0
R05,SKU-1007,09/08/2025,19,0,1
R05,SKU-1007,09/09/2025,22,0,1
R05,SKU-1007,2025-09-10,18,0,0
R05,SKU-1007,2025-09-11,25,1,0
R05,SKU-1007,12-Sep-25,18,1,0
R05,SKU-1007,13-Sep-25,19,0,0
R05,SKU-1007,2025-09-14,16,1,0
R05,SKU-1007,2025-09-15,20,1,0
R05,SKU-1007,09/16/2025,26,0,0
R05,SKU-1007,09/17/2025,16,0,0
R05,SKU-1007,2025-09-18,11,0,0
R05,SKU-1007,09/19/2025,21,1,0
R05,SKU-1007,2025-09-20,19,0,0
R05,SKU-1007,09/21/2025,25,0,0
R05,SKU-1007,09/22/2025,13,0,0
R05,SKU-1007,2025-09-23,24,0,0
R05,SKU-1007,09/24/2025,18,0,0
R05,SKU-1007,2025-09-25,24,1,0
R05,SKU-1007,09/26/2025,22,0,0
R05,SKU-1007,27-Sep-25,26,0,0
R05,SKU-1007,28-Sep-25,21,0,0
R05,SKU-1007,09/29/2025,26,1,0
R05,SKU-1007,2025-09-30,22,0,1
R05,SKU-1098,09/01/2025,28,0,0
R05,SKU-1098,09/02/2025,31,0,0
R05,SKU-1098,2025-09-03,33,0,0
R05,SKU-1098,2025-09-04,25,0,1
R05,SKU-1098,2025-09-05,34,0,1
R05,SKU-1098,2025-09-06,26,0,0
R05,SKU-1098,09/07/2025,32,0,0
R05,SKU-1098,2025-09-08,38,0,0
R05,SKU-1098,2025-09-09,28,0,0
R05,SKU-1098,09/10/2025,35,0,0
R05,SKU-1098,11-Sep-25,33,1,0
R05,SKU-1098,12-Sep-25,28,1,0
R05,SKU-1098,09/13/2025,28,0,0
R05,SKU-1098,2025-09-14,40,0,0
R05,SKU-1098,09/15/2025,41,1,0
R05,SKU-1098,09/16/2025,31,0,0
R05,SKU-1098,2025-09-17,34,0,0
R05,SKU-1098,2025-09-18,29,0,0
R05,SKU-1098,2025-09-19,29,0,0
R05,SKU-1098,2025-09-20,28,0,0
R05,SKU-1098,09/21/2025,39,0,0
R05,SKU-1098,2025-09-22,33,0,0
R05,SKU-1098,23-Sep-25,25,1,0
R05,SKU-1098,2025-09-24,41,0,0
R05,SKU-1098,2025-09-25,23,1,0
R05,SKU-1098,09/26/2025,38,0,1
R05,SKU-1098,09/27/2025,26,1,0
R05,SKU-1098,09/28/2025,37,2,0
R05,SKU-1098,09/29/2025,42,0,1
R05,SKU-1098,2025-09-30,27,1,0
R05,SKU-1035,09/01/2025,9,0,0
R05,SKU-1035,02-Sep-25,5,0,0
R05,SKU-1035,2025-09-03,3,1,0
R05,SKU-1035,2025-09-04,8,0,0
R05,SKU-1035,05-Sep-25,7,0,0
R05,SKU-1035,2025-09-06,5,0,0
R05,SKU-1035,07-Sep-25,5,2,0
R05,SKU-1035,2025-09-08,9,0,0
R05,SKU-1035,2025-09-09,6,0,0
R05,SKU-1035,2025-09-10,4,2,0
R05,SKU-1035,2025-09-11,4,1,0
R05,SKU-1035,2025-09-12,5,0,0
R05,SKU-1035,2025-09-13,7,0,0
R05,SKU-1035,09/14/2025,9,1,0
R05,SKU-1035,2025-09-15,8,1,0
R05,SKU-1035,2025-09-16,3,1,1
R05,SKU-1035,2025-09-17,4,1,0
R05,SKU-1035,09/18/2025,10,0,0
R05,SKU-1035,09/19/2025,4,0,0
R05,SKU-1035,2025-09-20,8,1,0
R05,SKU-1035,09/21/2025,8,1,0
R05,SKU-1035,2025-09-22,6,1,0
R05,SKU-1035,2025-09-23,7,0,0
R05,SKU-1035,09/24/2025,6,1,0
R05,SKU-1035,2025-09-25,5,1,0
R05,SKU-1035,2025-09-26,8,0,0
R05,SKU-1035,2025-09-27,8,1,0
R05,SKU-1035,2025-09-28,9,1,0
R05,SKU-1035,2025-09-29,8,0,0
R05,SKU-1035,30-Sep-25,4,0,1
R05,SKU-1014,2025-09-01,16,1,0
R05,SKU-1014,09/02/2025,20,1,0
R05,SKU-1014,03-Sep-25,20,0,0
R05,SKU-1014,2025-09-04,24,1,0
R05,SKU-1014,09/05/2025,10,0,0
R05,SKU-1014,09/06/2025,15,2,0
R05,SKU-1014,2025-09-07,11,0,0
R05,SKU-1014,2025-09-08,16,1,0
R05,SKU-1014,2025-09-09,14,0,0
R05,SKU-1014,10-Sep-25,16,0,0
R05,SKU-1014,09/11/2025,17,1,0
R05,SKU-1014,2025-09-12,20,0,1
R05,SKU-1014,09/13/2025,21,0,0
R05,SKU-1014,2025-09-14,17,1,0
R05,SKU-1014,09/15/2025,11,0,0
R05,SKU-1014,2025-09-16,11,2,0
R05,SKU-1014,2025-09-17,15,1,1
R05,SKU-1014,09/18/2025,16,1,0
R05,SKU-1014,2025-09-19,10,0,1
R05,SKU-1014,20-Sep-25,15,0,0
R05,SKU-1014,21-Sep-25,12,0,0
R05,SKU-1014,22-Sep-25,11,1,0
R05,SKU-1014,23-Sep-25,20,1,0
R05,SKU-1014,2025-09-24,14,0,0
R05,SKU-1014,2025-09-25,18,0,0
R05,SKU-1014,26-Sep-25,14,0,0
R05,SKU-1014,2025-09-27,16,0,0
R05,SKU-1014,09/28/2025,10,0,0
R05,SKU-1014,09/29/2025,10,0,1
R05,SKU-1014,09/30/2025,16,0,0
R05,SKU-1091,2025-09-01,8,0,1
R05,SKU-1091,2025-09-02,7,0,0
R05,SKU-1091,09/03/2025,2,0,1
R05,SKU-1091,09/04/2025,2,0,0
R05,SKU-1091,2025-09-05,7,0,0
R05,SKU-1091,2025-09-06,4,0,0
R05,SKU-1091,2025-09-07,13,0,0
R05,SKU-1091,08-Sep-25,5,0,0
R05,SKU-1091,09/09/2025,5,0,0
R05,SKU-1091,10-Sep-25,10,0,1
R05,SKU-1091,09/11/2025,6,0,0
R05,SKU-1091,2025-09-12,10,1,0
R05,SKU-1091,2025-09-13,9,0,0
R05,SKU-1091,09/14/2025,7,0,0
R05,SKU-1091,2025-09-15,12,1,0
R05,SKU-1091,09/16/2025,10,0,0
R05,SKU-1091,09/17/2025,7,0,0
R05,SKU-1091,2025-09-18,7,1,0
R05,SKU-1091,2025-09-19,7,2,0
R05,SKU-1091,2025-09-20,8,0,0
R05,SKU-1091,2025-09-21,8,0,0
R05,SKU-1091,2025-09-22,6,1,0
R05,SKU-1091,2025-09-23,6,0,1
R05,SKU-1091,09/24/2025,6,0,0
R05,SKU-1091,2025-09-25,6,0,0
R05,SKU-1091,26-Sep-25,13,0,0
R05,SKU-1091,2025-09-27,8,1,0
R05,SKU-1091,2025-09-28,6,0,0
R05,SKU-1091,2025-09-29,4,3,0
R05,SKU-1091,2025-09-30,5,0,1
R05,SKU-1182,2025-09-01,15,0,1
R05,SKU-1182,2025-09-02,10,0,1
R05,SKU-1182,2025-09-03,13,0,0
R05,SKU-1182,2025-09-04,14,0,0
R05,SKU-1182,2025-09-05,15,0,0
R05,SKU-1182,2025-09-06,19,1,1
R05,SKU-1182,07-Sep-25,18,0,0
R05,SKU-1182,2025-09-08,13,0,0
R05,SKU-1182,09-Sep-25,19,1,0
R05,SKU-1182,10-Sep-25,18,0,0
R05,SKU-1182,2025-09-11,15,0,0
R05,SKU-1182,09/12/2025,20,0,0
R05,SKU-1182,2025-09-13,16,0,0
R05,SKU-1182,2025-09-14,21,0,0
R05,SKU-1182,2025-09-15,20,0,1
R05,SKU-1182,2025-09-16,15,0,1
R05,SKU-1182,09/17/2025,12,1,0
R05,SKU-1182,2025-09-18,17,1,0
R05,SKU-1182,19-Sep-25,13,0,0
R05,SKU-1182,20-Sep-25,14,0,0
R05,SKU-1182,2025-09-21,17,2,0
R05,SKU-1182,09/22/2025,17,0,0
R05,SKU-1182,2025-09-23,15,0,0
R05,SKU-1182,2025-09-24,23,0,0
R05,SKU-1182,2025-09-25,25,2,0
R05,SKU-1182,2025-09-26,23,0,1
R05,SKU-1182,2025-09-27,24,1,1
R05,SKU-1182,28-Sep-25,16,0,0
R05,SKU-1182,2025-09-29,13,1,0
R05,SKU-1182,09/30/2025,18,1,0
R05,SKU-1042,2025-09-01,16,0,0
R05,SKU-1042,2025-09-02,15,0,1
R05,SKU-1042,2025-09-03,24,2,0
R05,SKU-1042,2025-09-04,15,0,0
R05,SKU-1042,2025-09-05,12,1,0
R05,SKU-1042,2025-09-06,14,0,0
R05,SKU-1042,2025-09-07,24,1,0
R05,SKU-1042,2025-09-08,19,0,0
R05,SKU-1042,09-Sep-25,20,0,0
R05,SKU-1042,2025-09-10,18,0,0
R05,SKU-1042,2025-09-11,25,0,0
R05,SKU-1042,12-Sep-25,17,0,0
R05,SKU-1042,13-Sep-25,18,1,0
R05,SKU-1042,09/14/2025,24,0,0
R05,SKU-1042,2025-09-15,11,0,0
R05,SKU-1042,2025-09-16,18,1,0
R05,SKU-1042,09/17/2025,21,0,0
R05,SKU-1042,2025-09-18,21,1,1
R05,SKU-1042,09/19/2025,17,0,0
R05,SKU-1042,20-Sep-25,20,2,0
R05,SKU-1042,2025-09-21,23,0,0
R05,SKU-1042,2025-09-22,21,0,0
R05,SKU-1042,09/23/2025,17,2,0
R05,SKU-1042,2025-09-24,20,1,0
R05,SKU-1042,2025-09-25,21,0,0
R05,SKU-1042,2025-09-26,20,1,0
R05,SKU-1042,2025-09-27,18,2,0
R05,SKU-1042,2025-09-28,23,0,0
R05,SKU-1042,09/29/2025,26,0,0
R05,SKU-1042,2025-09-30,20,3,0
R05,SKU-1140,09/01/2025,14,1,1
R05,SKU-1140,09/02/2025,18,0,1
R05,SKU-1140,2025-09-03,7,1,0
R05,SKU-1140,2025-09-04,17,1,0
R05,SKU-1140,2025-09-05,18,0,0
R05,SKU-1140,2025-09-06,10,0,0
R05,SKU-1140,07-Sep-25,14,0,0
R05,SKU-1140,2025-09-08,16,0,0
R05,SKU-1140,2025-09-09,15,0,0
R05,SKU-1140,2025-09-10,21,0,0
R05,SKU-1140,2025-09-11,15,0,1
R05,SKU-1140,2025-09-12,21,1,0
R05,SKU-1140,13-Sep-25,14,0,0
R05,SKU-1140,2025-09-14,17,3,0
R05,SKU-1140,15-Sep-25,15,0,0
R05,SKU-1140,2025-09-16,17,0,0
R05,SKU-1140,2025-09-17,12,0,0
R05,SKU-1140,18-Sep-25,16,0,0
R05,SKU-1140,2025-09-19,15,0,0
R05,SKU-1140,2025-09-20,17,0,0
R05,SKU-1140,2025-09-21,13,0,0
R05,SKU-1140,2025-09-22,22,2,0
R05,SKU-1140,09/23/2025,14,0,0
R05,SKU-1140,09/24/2025,20,0,0
R05,SKU-1140,2025-09-25,11,0,0
R05,SKU-1140,2025-09-26,8,0,0
R05,SKU-1140,2025-09-27,13,0,0
R05,SKU-1140,2025-09-28,6,2,0
R05,SKU-1140,2025-09-29,16,1,0
R05,SKU-1140,30-Sep-25,11,0,0
R05,SKU-1189,2025-09-01,22,1,0
R05,SKU-1189,02-Sep-25,17,0,0
R05,SKU-1189,09/03/2025,26,0,0
R05,SKU-1189,09/04/2025,21,0,1
R05,SKU-1189,2025-09-05,18,2,0
R05,SKU-1189,2025-09-06,18,1,0
R05,SKU-1189,2025-09-07,13,1,0
R05,SKU-1189,08-Sep-25,14,0,0
R05,SKU-1189,09/09/2025,13,0,0
R05,SKU-1189,2025-09-10,16,1,1
R05,SKU-1189,2025-09-11,16,0,0
R05,SKU-1189,2025-09-12,9,0,0
R05,SKU-1189,09/13/2025,18,2,0
R05,SKU-1189,2025-09-14,20,0,0
R05,SKU-1189,15-Sep-25,20,0,0
R05,SKU-1189,16-Sep-25,14,1,1
R05,SKU-1189,2025-09-17,14,0,0
R05,SKU-1189,2025-09-18,15,0,0
R05,SKU-1189,2025-09-19,14,0,0
R05,SKU-1189,2025-09-20,9,1,0
R05,SKU-1189,2025-09-21,26,0,0
R05,SKU-1189,09/22/2025,11,2,1
R05,SKU-1189,23-Sep-25,24,2,0
R05,SKU-1189,09/24/2025,17,0,0
R05,SKU-1189,2025-09-25,17,1,0
R05,SKU-1189,2025-09-26,22,0,0
R05,SKU-1189,2025-09-27,12,0,1
R05,SKU-1189,09/28/2025,9,0,1
R05,SKU-1189,09/29/2025,20,0,0
R05,SKU-1189,09/30/2025,17,0,0
R05,SKU-1084,09/01/2025,13,0,0
R05,SKU-1084,09/02/2025,12,2,0
R05,SKU-1084,2025-09-03,9,0,0
R05,SKU-1084,09/04/2025,7,1,0
R05,SKU-1084,05-Sep-25,20,0,0
R05,SKU-1084,2025-09-06,15,1,0
R05,SKU-1084,09/07/2025,10,0,0
R05,SKU-1084,2025-09-08,7,0,1
R05,SKU-1084,2025-09-09,9,0,0
R05,SKU-1084,2025-09-10,17,0,0
R05,SKU-1084,2025-09-11,15,1,1
R05,SKU-1084,2025-09-12,10,2,0
R05,SKU-1084,09/13/2025,14,0,0
R05,SKU-1084,14-Sep-25,10,1,0
R05,SKU-1084,2025-09-15,18,0,0
R05,SKU-1084,2025-09-16,18,1,0
R05,SKU-1084,2025-09-17,19,0,0
R05,SKU-1084,09/18/2025,15,0,0
R05,SKU-1084,2025-09-19,13,1,0
R05,SKU-1084,2025-09-20,15,1,1
R05,SKU-1084,09/21/2025,8,1,0
R05,SKU-1084,2025-09-22,18,0,0
R05,SKU-1084,23-Sep-25,20,1,0
R05,SKU-1084,2025-09-24,12,0,0
R05,SKU-1084,2025-09-25,6,0,0
R05,SKU-1084,2025-09-26,10,0,1
R05,SKU-1084,27-Sep-25,6,0,1
R05,SKU-1084,09/28/2025,14,0,1
R05,SKU-1084,2025-09-29,8,0,0
R05,SKU-1084,30-Sep-25,13,1,0
R05,SKU-1168,2025-09-01,36,0,1
R05,SKU-1168,2025-09-02,34,1,0
R05,SKU-1168,03-Sep-25,37,0,0
R05,SKU-1168,2025-09-04,30,0,0
R05,SKU-1168,2025-09-05,32,1,0
R05,SKU-1168,2025-09-06,35,1,0
R05,SKU-1168,2025-09-07,-25,0,0
R05,SKU-1168,2025-09-08,33,0,0
R05,SKU-1168,2025-09-09,21,1,0
R05,SKU-1168,09/10/2025,24,0,0
R05,SKU-1168,11-Sep-25,31,2,0
R05,SKU-1168,2025-09-12,20,0,0
R05,SKU-1168,13-Sep-25,38,1,0
R05,SKU-1168,2025-09-14,36,1,0
R05,SKU-1168,15-Sep-25,29,0,0
R05,SKU-1168,2025-09-16,29,1,0
R05,SKU-1168,09/17/2025,15,3,1
R05,SKU-1168,2025-09-18,29,0,0
R05,SKU-1168,2025-09-19,31,0,0
R05,SKU-1168,2025-09-20,25,0,0
R05,SKU-1168,21-Sep-25,34,0,0
R05,SKU-1168,2025-09-22,45,1,1
R05,SKU-1168,2025-09-23,28,0,0
R05,SKU-1168,2025-09-24,26,0,1
R05,SKU-1168,2025-09-25,29,1,0
R05,SKU-1168,2025-09-26,39,0,0
R05,SKU-1168,09/27/2025,35,0,0
R05,SKU-1168,2025-09-28,37,0,0
R05,SKU-1168,2025-09-29,27,1,0
R05,SKU-1168,2025-09-30,26,0,0
R05,SKU-1175,2025-09-01,31,0,0
R05,SKU-1175,09/02/2025,34,1,0
R05,SKU-1175,2025-09-03,40,0,0
R05,SKU-1175,2025-09-04,26,1,0
R05,SKU-1175,09/05/2025,34,0,0
R05,SKU-1175,06-Sep-25,29,0,0
R05,SKU-1175,2025-09-07,39,0,0
R05,SKU-1175,08-Sep-25,32,0,0
R05,SKU-1175,2025-09-09,28,0,0
R05,SKU-1175,2025-09-10,38,0,0
R05,SKU-1175,11-Sep-25,33,0,0
R05,SKU-1175,2025-09-12,36,1,0
R05,SKU-1175,2025-09-13,40,2,0
R05,SKU-1175,2025-09-14,21,0,0
R05,SKU-1175,2025-09-15,32,1,0
R05,SKU-1175,2025-09-16,34,0,0
R05,SKU-1175,2025-09-17,40,0,0
R05,SKU-1175,2025-09-18,27,1,0
R05,SKU-1175,2025-09-19,34,0,0
R05,SKU-1175,2025-09-20,34,0,0
R05,SKU-1175,21-Sep-25,30,1,1
R05,SKU-1175,09/22/2025,20,0,0
R05,SKU-1175,2025-09-23,30,0,0
R05,SKU-1175,2025-09-24,36,0,1
R05,SKU-1175,2025-09-25,41,1,0
R05,SKU-1175,2025-09-26,27,0,0
R05,SKU-1175,09/27/2025,32,1,0
R05,SKU-1175,28-Sep-25,38,0,1
R05,SKU-1175,09/29/2025,23,0,0
R05,SKU-1175,2025-09-30,49,0,0
R05,SKU-1070,2025-09-01,32,1,1
R05,SKU-1070,2025-09-02,26,0,0
R05,SKU-1070,09/03/2025,39,2,0
R05,SKU-1070,2025-09-04,42,0,1
R05,SKU-1070,2025-09-05,34,0,0
R05,SKU-1070,2025-09-06,31,0,0
R05,SKU-1070,2025-09-07,26,0,0
R05,SKU-1070,09/08/2025,27,0,0
R05,SKU-1070,2025-09-09,35,0,0
R05,SKU-1070,2025-09-10,29,0,0
R05,SKU-1070,09/11/2025,29,0,0
R05,SKU-1070,2025-09-12,38,0,0
R05,SKU-1070,2025-09-13,27,1,0
R05,SKU-1070,2025-09-14,32,0,0
R05,SKU-1070,2025-09-15,35,1,0
R05,SKU-1070,2025-09-16,35,0,0
R05,SKU-1070,09/17/2025,32,0,0
R05,SKU-1070,09/18/2025,19,0,0
R05,SKU-1070,09/19/2025,38,0,0
R05,SKU-1070,20-Sep-25,30,0,0
R05,SKU-1070,09/21/2025,28,0,0
R05,SKU-1070,22-Sep-25,25,0,0
R05,SKU-1070,09/23/2025,22,0,0
R05,SKU-1070,2025-09-24,36,2,0
R05,SKU-1070,2025-09-25,28,0,0
R05,SKU-1070,26-Sep-25,38,0,0
R05,SKU-1070,2025-09-27,34,1,0
R05,SKU-1070,28-Sep-25,26,1,0
R05,SKU-1070,2025-09-29,36,0,1
R05,SKU-1070,2025-09-30,24,1,0
