retailer_id,product_id,sale_date,sold_qty,returns_qty,promo_flag
R01,SKU-1014,2025-12-01,8,1,0
R01,SKU-1014,2025-12-02,3,0,0
R01,SKU-1014,12/03/2025,6,0,0
R01,SKU-1014,2025-12-04,8,0,0
R01,SKU-1014,12/05/2025,8,1,0
R01,SKU-1014,06-Dec-25,3,0,1
R01,SKU-1014,2025-12-07,5,0,0
R01,SKU-1014,08-Dec-25,3,0,0
R01,SKU-1014,12/09/2025,8,1,1
R01,SKU-1014,10-Dec-25,4,0,1
R01,SKU-1014,2025-12-11,3,0,0
R01,SKU-1014,2025-12-12,7,1,0
R01,SKU-1014,2025-12-13,9,0,0
R01,SKU-1014,2025-12-14,4,0,0
R01,SKU-1014,2025-12-15,8,0,0
R01,SKU-1014,2025-12-16,5,0,0
R01,SKU-1014,2025-12-17,4,0,0
R01,SKU-1014,18-Dec-25,12,0,0
R01,SKU-1014,2025-12-19,5,3,0
R01,SKU-1014,2025-12-20,4,0,0
R01,SKU-1014,2025-12-21,4,0,0
R01,SKU-1014,12/22/2025,5,0,0
R01,SKU-1014,2025-12-23,5,1,0
R01,SKU-1014,12/24/2025,7,0,0
R01,SKU-1014,12/25/2025,7,0,0
R01,SKU-1014,12/26/2025,3,0,0
R01,SKU-1014,2025-12-27,4,1,0
R01,SKU-1014,2025-12-28,7,0,0
R01,SKU-1014,12/29/2025,3,0,0
R01,SKU-1014,2025-12-30,7,0,0
R01,SKU-1014,2025-12-31,5,0,1
R01,SKU-1231,2025-12-01,10,0,0
R01,SKU-1231,2025-12-02,5,0,0
R01,SKU-1231,2025-12-03,12,0,0
R01,SKU-1231,04-Dec-25,10,2,0
R01,SKU-1231,2025-12-05,3,2,0
R01,SKU-1231,2025-12-06,9,0,0
R01,SKU-1231,12/07/2025,9,0,0
R01,SKU-1231,08-Dec-25,14,0,0
R01,SKU-1231,2025-12-09,19,1,0
R01,SKU-1231,12/10/2025,13,0,0
R01,SKU-1231,2025-12-11,13,0,0
R01,SKU-1231,2025-12-12,8,0,0
R01,SKU-1231,12/13/2025,6,0,0
R01,SKU-1231,12/14/2025,12,0,0
R01,SKU-1231,2025-12-15,9,0,0
R01,SKU-1231,2025-12-16,13,0,0
R01,SKU-1231,2025-12-17,6,1,0
R01,SKU-1231,2025-12-18,7,0,1
R01,SKU-1231,2025-12-19,14,0,0
R01,SKU-1231,2025-12-20,15,3,0
R01,SKU-1231,12/21/2025,8,1,1
R01,SKU-1231,22-Dec-25,6,0,0
R01,SKU-1231,23-Dec-25,9,1,0
R01,SKU-1231,2025-12-24,11,1,0
R01,SKU-1231,2025-12-25,15,1,0
R01,SKU-1231,2025-12-26,10,0,1
R01,SKU-1231,2025-12-27,9,2,1
R01,SKU-1231,2025-12-28,10,0,1
R01,SKU-1231,12/29/2025,12,1,0
R01,SKU-1231,2025-12-30,13,0,1
R01,SKU-1231,12/31/2025,5,0,0
R01,SKU-1056,2025-12-01,17,0,1
R01,SKU-1056,2025-12-02,16,1,0
R01,SKU-1056,12/03/2025,11,0,0
R01,SKU-1056,2025-12-04,15,0,0
R01,SKU-1056,12/05/2025,10,1,0
R01,SKU-1056,12/06/2025,11,1,0
R01,SKU-1056,2025-12-07,8,0,0
R01,SKU-1056,2025-12-08,10,0,0
R01,SKU-1056,12/09/2025,13,0,0
R01,SKU-1056,2025-12-10,7,0,0
R01,SKU-1056,12/11/2025,16,0,0
R01,SKU-1056,12/12/2025,11,1,0
R01,SKU-1056,2025-12-13,6,1,0
R01,SKU-1056,2025-12-14,18,0,1
R01,SKU-1056,15-Dec-25,7,1,1
R01,SKU-1056,2025-12-16,16,1,0
R01,SKU-1056,12/17/2025,13,0,0
R01,SKU-1056,2025-12-18,19,0,1
R01,SKU-1056,12/19/2025,17,0,0
R01,SKU-1056,2025-12-20,6,0,0
R01,SKU-1056,2025-12-21,8,0,0
R01,SKU-1056,2025-12-22,11,0,0
R01,SKU-1056,12/23/2025,11,0,1
R01,SKU-1056,2025-12-24,15,0,0
R01,SKU-1056,2025-12-25,7,0,0
R01,SKU-1056,2025-12-26,11,1,0
R01,SKU-1056,12/27/2025,17,1,0
R01,SKU-1056,12/28/2025,11,1,0
R01,SKU-1056,2025-12-29,10,1,1
R01,SKU-1056,12/30/2025,9,1,0
R01,SKU-1056,12/31/2025,14,0,0
R01,SKU-1140,2025-12-01,11,0,0
R01,SKU-1140,12/02/2025,8,1,0
R01,SKU-1140,2025-12-03,13,0,0
R01,SKU-1140,2025-12-04,6,0,0
R01,SKU-1140,2025-12-05,10,1,0
R01,SKU-1140,2025-12-06,9,0,1
R01,SKU-1140,12/07/2025,6,1,1
R01,SKU-1140,2025-12-08,14,0,0
R01,SKU-1140,2025-12-09,6,0,0
R01,SKU-1140,10-Dec-25,14,0,0
R01,SKU-1140,11-Dec-25,9,0,0
R01,SKU-1140,2025-12-12,12,0,0
R01,SKU-1140,2025-12-13,10,2,0
R01,SKU-1140,2025-12-14,10,2,0
R01,SKU-1140,2025-12-15,7,0,0
R01,SKU-1140,2025-12-16,13,0,0
R01,SKU-1140,2025-12-17,5,0,0
R01,SKU-1140,2025-12-18,11,3,0
R01,SKU-1140,2025-12-19,10,0,0
R01,SKU-1140,2025-12-20,9,1,0
R01,SKU-1140,2025-12-21,15,1,0
R01,SKU-1140,12/22/2025,14,1,0
R01,SKU-1140,2025-12-23,14,0,0
R01,SKU-1140,12/24/2025,23,0,1
R01,SKU-1140,2025-12-25,10,0,0
R01,SKU-1140,2025-12-26,9,1,0
R01,SKU-1140,2025-12-27,9,1,0
R01,SKU-1140,2025-12-28,13,0,0
R01,SKU-1140,2025-12-29,14,0,0
R01,SKU-1140,30-Dec-25,10,0,1
R01,SKU-1140,2025-12-31,11,0,0
R01,SKU-1189,2025-12-01,12,0,0
R01,SKU-1189,2025-12-02,9,1,0
R01,SKU-1189,12/03/2025,8,0,0
R01,SKU-1189,12/04/2025,7,2,0
R01,SKU-1189,2025-12-05,7,0,0
R01,SKU-1189,2025-12-06,7,2,0
R01,SKU-1189,12/07/2025,18,1,0
R01,SKU-1189,12/08/2025,4,0,0
R01,SKU-1189,09-Dec-25,13,0,0
R01,SKU-1189,12/10/2025,9,0,0
R01,SKU-1189,2025-12-11,10,1,0
R01,SKU-1189,12/12/2025,3,0,1
R01,SKU-1189,12/13/2025,7,0,0
R01,SKU-1189,2025-12-14,7,0,0
R01,SKU-1189,2025-12-15,12,0,0
R01,SKU-1189,2025-12-16,9,0,0
R01,SKU-1189,17-Dec-25,14,2,0
R01,SKU-1189,2025-12-18,8,0,0
R01,SKU-1189,2025-12-19,6,0,0
R01,SKU-1189,2025-12-20,11,0,0
R01,SKU-1189,12/21/2025,11,1,0
R01,SKU-1189,2025-12-22,13,0,0
R01,SKU-1189,2025-12-23,7,0,1
R01,SKU-1189,12/24/2025,9,0,0
R01,SKU-1189,12/25/2025,13,0,0
R01,SKU-1189,2025-12-26,12,0,0
R01,SKU-1189,27-Dec-25,10,0,0
R01,SKU-1189,12/28/2025,8,0,0
R01,SKU-1189,12/29/2025,6,0,0
R01,SKU-1189,2025-12-30,5,0,1
R01,SKU-1189,2025-12-31,13,0,0
R01,SKU-1252,2025-12-01,24,0,0
R01,SKU-1252,12/02/2025,26,1,0
R01,SKU-1252,2025-12-03,26,0,1
R01,SKU-1252,2025-12-04,17,1,1
R01,SKU-1252,2025-12-05,32,0,0
R01,SKU-1252,2025-12-06,25,0,0
R01,SKU-1252,2025-12-07,35,1,0
R01,SKU-1252,2025-12-08,15,1,0
R01,SKU-1252,2025-12-09,26,1,0
R01,SKU-1252,12/10/2025,30,1,0
R01,SKU-1252,12/11/2025,23,0,0
R01,SKU-1252,12-Dec-25,20,0,1
R01,SKU-1252,2025-12-13,38,1,0
R01,SKU-1252,12/14/2025,27,1,0
R01,SKU-1252,2025-12-15,32,0,0
R01,SKU-1252,16-Dec-25,37,0,1
R01,SKU-1252,2025-12-17,30,0,0
R01,SKU-1252,2025-12-18,27,0,0
R01,SKU-1252,19-Dec-25,30,0,0
R01,SKU-1252,20-Dec-25,27,0,0
R01,SKU-1252,2025-12-21,17,1,1
R01,SKU-1252,12/22/2025,27,0,0
R01,SKU-1252,2025-12-23,27,0,0
R01,SKU-1252,24-Dec-25,32,0,0
R01,SKU-1252,2025-12-25,29,0,0
R01,SKU-1252,26-Dec-25,16,1,0
R01,SKU-1252,12/27/2025,14,1,0
R01,SKU-1252,2025-12-28,24,1,0
R01,SKU-1252,12/29/2025,19,0,0
R01,SKU-1252,2025-12-30,19,0,0
R01,SKU-1252,2025-12-31,34,0,1
R01,SKU-1259,2025-12-01,13,1,0
R01,SKU-1259,12/02/2025,14,1,0
R01,SKU-1259,03-Dec-25,4,1,0
R01,SKU-1259,12/04/2025,16,0,0
R01,SKU-1259,12/05/2025,17,0,1
R01,SKU-1259,2025-12-06,17,0,0
R01,SKU-1259,12/07/2025,15,0,0
R01,SKU-1259,2025-12-08,6,0,0
R01,SKU-1259,09-Dec-25,9,0,0
R01,SKU-1259,2025-12-10,12,1,0
R01,SKU-1259,2025-12-11,11,0,0
R01,SKU-1259,12/12/2025,8,0,0
R01,SKU-1259,12/13/2025,15,0,0
R01,SKU-1259,12/14/2025,10,1,0
R01,SKU-1259,2025-12-15,10,0,0
R01,SKU-1259,12/16/2025,12,1,0
R01,SKU-1259,2025-12-17,11,0,0
R01,SKU-1259,2025-12-18,11,0,0
R01,SKU-1259,12/19/2025,15,1,0
R01,SKU-1259,20-Dec-25,10,2,0
R01,SKU-1259,2025-12-21,11,0,1
R01,SKU-1259,2025-12-22,11,1,0
R01,SKU-1259,2025-12-23,9,1,0
R01,SKU-1259,2025-12-24,16,0,0
R01,SKU-1259,12/25/2025,14,1,0
R01,SKU-1259,26-Dec-25,7,0,1
R01,SKU-1259,2025-12-27,10,0,0
R01,SKU-1259,2025-12-28,7,2,0
R01,SKU-1259,12/29/2025,16,0,0
R01,SKU-1259,12/30/2025,11,0,0
R01,SKU-1259,2025-12-31,16,0,0
R01,SKU-1021,2025-12-01,14,0,0
R01,SKU-1021,2025-12-02,13,1,1
R01,SKU-1021,12/03/2025,7,0,0
R01,SKU-1021,2025-12-04,17,0,0
R01,SKU-1021,2025-12-05,9,0,0
R01,SKU-1021,06-Dec-25,11,1,0
R01,SKU-1021,12/07/2025,9,0,0
R01,SKU-1021,2025-12-08,8,1,0
R01,SKU-1021,2025-12-09,21,0,0
R01,SKU-1021,2025-12-10,9,1,0
R01,SKU-1021,12/11/2025,12,1,0
R01,SKU-1021,12-Dec-25,17,0,1
R01,SKU-1021,12/13/2025,9,0,0
R01,SKU-1021,2025-12-14,15,0,0
R01,SKU-1021,12/15/2025,13,0,0
R01,SKU-1021,2025-12-16,14,0,0
R01,SKU-1021,12/17/2025,12,0,0
R01,SKU-1021,2025-12-18,15,0,0
R01,SKU-1021,2025-12-19,14,0,1
R01,SKU-1021,2025-12-20,14,0,0
R01,SKU-1021,2025-12-21,14,1,0
R01,SKU-1021,22-Dec-25,9,0,0
R01,SKU-1021,2025-12-23,15,0,0
R01,SKU-1021,12/24/2025,12,0,0
R01,SKU-1021,2025-12-25,14,0,0
R01,SKU-1021,2025-12-26,17,0,0
R01,SKU-1021,12/27/2025,16,1,0
R01,SKU-1021,2025-12-28,8,1,0
R01,SKU-1021,12/29/2025,15,0,0
R01,SKU-1021,30-Dec-25,12,1,0
R01,SKU-1021,12/31/2025,15,0,0
R01,SKU-1147,2025-12-01,16,0,0
R01,SKU-1147,2025-12-02,24,0,0
R01,SKU-1147,03-Dec-25,11,1,0
R01,SKU-1147,2025-12-04,13,0,0
R01,SKU-1147,2025-12-05,26,0,0
R01,SKU-1147,2025-12-06,24,0,0
R01,SKU-1147,12/07/2025,15,0,1
R01,SKU-1147,2025-12-08,13,0,0
R01,SKU-1147,2025-12-09,17,0,1
R01,SKU-1147,2025-12-10,20,0,0
R01,SKU-1147,12/11/2025,15,1,0
R01,SKU-1147,2025-12-12,28,0,0
R01,SKU-1147,2025-12-13,23,0,0
R01,SKU-1147,2025-12-14,17,0,1
R01,SKU-1147,2025-12-15,19,1,0
R01,SKU-1147,2025-12-16,19,0,0
R01,SKU-1147,12/17/2025,12,0,0
R01,SKU-1147,2025-12-18,22,0,1
R01,SKU-1147,12/19/2025,19,0,0
R01,SKU-1147,12/20/2025,27,0,0
R01,SKU-1147,12/21/2025,18,0,0
R01,SKU-1147,12/22/2025,15,0,0
R01,SKU-1147,2025-12-23,27,0,0
R01,SKU-1147,2025-12-24,13,0,1
R01,SKU-1147,25-Dec-25,19,0,0
R01,SKU-1147,12/26/2025,23,1,0
R01,SKU-1147,12/27/2025,32,0,0
R01,SKU-1147,28-Dec-25,16,0,0
R01,SKU-1147,12/29/2025,17,1,0
R01,SKU-1147,2025-12-30,19,1,1
R01,SKU-1147,2025-12-31,19,1,0
R01,SKU-1126,01-Dec-25,34,1,0
R01,SKU-1126,2025-12-02,26,0,0
R01,SKU-1126,2025-12-03,29,0,0
R01,SKU-1126,2025-12-04,33,0,0
R01,SKU-1126,12/05/2025,26,0,0
R01,SKU-1126,12/06/2025,30,0,1
R01,SKU-1126,2025-12-07,18,0,0
R01,SKU-1126,2025-12-08,30,0,0
R01,SKU-1126,09-Dec-25,18,0,1
R01,SKU-1126,12/10/2025,30,0,0
R01,SKU-1126,12/11/2025,29,0,0
R01,SKU-1126,12-Dec-25,20,0,0
R01,SKU-1126,2025-12-13,34,0,0
R01,SKU-1126,2025-12-14,36,1,0
R01,SKU-1126,15-Dec-25,22,1,0
R01,SKU-1126,2025-12-16,38,0,1
R01,SKU-1126,2025-12-17,20,0,0
R01,SKU-1126,18-Dec-25,23,0,0
R01,SKU-1126,2025-12-19,20,1,0
R01,SKU-1126,2025-12-20,27,1,0
R01,SKU-1126,2025-12-21,34,1,0
R01,SKU-1126,2025-12-22,20,0,0
R01,SKU-1126,2025-12-23,31,1,1
R01,SKU-1126,24-Dec-25,26,0,0
R01,SKU-1126,12/25/2025,39,0,0
R01,SKU-1126,2025-12-26,16,1,0
R01,SKU-1126,2025-12-27,26,0,0
R01,SKU-1126,2025-12-28,35,0,0
R01,SKU-1126,12/29/2025,25,0,0
R01,SKU-1126,2025-12-30,28,0,0
R01,SKU-1126,12/31/2025,26,1,0
R01,SKU-1175,12/01/2025,4,0,0
R01,SKU-1175,2025-12-02,3,1,1
R01,SKU-1175,2025-12-03,7,0,0
R01,SKU-1175,2025-12-04,3,2,0
R01,SKU-1175,2025-12-05,6,0,0
R01,SKU-1175,2025-12-06,2,0,1
R01,SKU-1175,2025-12-07,3,0,0
R01,SKU-1175,2025-12-08,8,1,0
R01,SKU-1175,09-Dec-25,3,0,1
R01,SKU-1175,2025-12-10,3,1,0
R01,SKU-1175,2025-12-11,4,0,0
R01,SKU-1175,12-Dec-25,3,1,0
R01,SKU-1175,2025-12-13,7,0,1
R01,SKU-1175,2025-12-14,4,0,0
R01,SKU-1175,15-Dec-25,7,0,0
R01,SKU-1175,2025-12-16,5,0,1
R01,SKU-1175,2025-12-17,4,0,0
R01,SKU-1175,2025-12-18,2,0,0
R01,SKU-1175,2025-12-19,4,0,0
R01,SKU-1175,2025-12-20,5,1,0
R01,SKU-1175,2025-12-21,3,0,0
R01,SKU-1175,22-Dec-25,7,2,0
R01,SKU-1175,2025-12-23,6,1,0
R01,SKU-1175,2025-12-24,5,0,0
R01,SKU-1175,2025-12-25,4,0,0
R01,SKU-1175,2025-12-26,3,0,0
R01,SKU-1175,2025-12-27,4,0,0
R01,SKU-1175,12/28/2025,3,0,0
R01,SKU-1175,12/29/2025,8,0,0
R01,SKU-1175,2025-12-30,3,0,0
R01,SKU-1175,2025-12-31,2,3,0
R01,SKU-1196,2025-12-01,23,0,0
R01,SKU-1196,2025-12-02,19,0,0
R01,SKU-1196,2025-12-03,15,0,0
R01,SKU-1196,2025-12-04,21,1,0
R01,SKU-1196,12/05/2025,23,1,0
R01,SKU-1196,2025-12-06,19,1,0
R01,SKU-1196,2025-12-07,19,1,0
R01,SKU-1196,12/08/2025,26,1,0
R01,SKU-1196,2025-12-09,22,0,0
R01,SKU-1196,2025-12-10,20,1,0
R01,SKU-1196,2025-12-11,22,2,0
R01,SKU-1196,12-Dec-25,23,0,0
R01,SKU-1196,2025-12-13,22,1,1
R01,SKU-1196,2025-12-14,19,0,0
R01,SKU-1196,12/15/2025,33,0,0
R01,SKU-1196,16-Dec-25,16,1,1
R01,SKU-1196,2025-12-17,31,0,1
R01,SKU-1196,18-Dec-25,26,1,0
R01,SKU-1196,2025-12-19,25,0,0
R01,SKU-1196,12/20/2025,15,0,0
R01,SKU-1196,2025-12-21,22,0,0
R01,SKU-1196,2025-12-22,18,0,0
R01,SKU-1196,2025-12-23,21,0,0
R01,SKU-1196,2025-12-24,18,0,0
R01,SKU-1196,12/25/2025,16,0,0
R01,SKU-1196,2025-12-26,29,1,0
R01,SKU-1196,12/27/2025,18,1,0
R01,SKU-1196,28-Dec-25,24,1,0
R01,SKU-1196,2025-12-29,22,0,0
R01,SKU-1196,30-Dec-25,22,0,0
R01,SKU-1196,2025-12-31,22,0,0
R01,SKU-1091,01-Dec-25,17,2,0
R01,SKU-1091,12/02/2025,17,0,1
R01,SKU-1091,12/03/2025,16,0,0
R01,SKU-1091,12/04/2025,18,1,1
R01,SKU-1091,2025-12-05,14,1,0
R01,SKU-1091,06-Dec-25,11,2,0
R01,SKU-1091,12/07/2025,20,0,0
R01,SKU-1091,2025-12-08,15,0,0
R01,SKU-1091,12/09/2025,12,1,0
R01,SKU-1091,12/10/2025,12,0,0
R01,SKU-1091,2025-12-11,18,0,1
R01,SKU-1091,2025-12-12,10,1,0
R01,SKU-1091,2025-12-13,19,0,0
R01,SKU-1091,2025-12-14,18,1,1
R01,SKU-1091,15-Dec-25,13,0,0
R01,SKU-1091,2025-12-16,20,0,0
R01,SKU-1091,2025-12-17,14,0,0
R01,SKU-1091,12/18/2025,14,0,0
R01,SKU-1091,12/19/2025,12,1,0
R01,SKU-1091,2025-12-20,17,0,0
R01,SKU-1091,12/21/2025,11,0,0
R01,SKU-1091,2025-12-22,14,1,0
R01,SKU-1091,2025-12-23,17,0,0
R01,SKU-1091,2025-12-24,15,0,0
R01,SKU-1091,2025-12-25,11,0,0
R01,SKU-1091,12/26/2025,20,0,0
R01,SKU-1091,2025-12-27,12,0,0
R01,SKU-1091,2025-12-28,12,2,0
R01,SKU-1091,12/29/2025,16,0,0
R01,SKU-1091,2025-12-30,18,1,0
R01,SKU-1091,2025-12-31,22,0,0
R01,SKU-1119,2025-12-01,6,0,0
R01,SKU-1119,02-Dec-25,5,0,0
R01,SKU-1119,12/03/2025,3,0,1
R01,SKU-1119,12/04/2025,8,2,0
R01,SKU-1119,2025-12-05,3,1,0
R01,SKU-1119,12/06/2025,3,1,0
R01,SKU-1119,12/07/2025,7,0,0
R01,SKU-1119,08-Dec-25,5,1,0
R01,SKU-1119,2025-12-09,9,1,0
R01,SKU-1119,12/10/2025,6,1,0
R01,SKU-1119,2025-12-11,7,0,0
R01,SKU-1119,12-Dec-25,5,0,0
R01,SKU-1119,2025-12-13,11,1,0
R01,SKU-1119,14-Dec-25,4,2,0
R01,SKU-1119,2025-12-15,7,1,0
R01,SKU-1119,2025-12-16,5,0,0
R01,SKU-1119,2025-12-17,5,0,0
R01,SKU-1119,2025-12-18,4,1,0
R01,SKU-1119,19-Dec-25,6,0,0
R01,SKU-1119,12/20/2025,8,0,0
R01,SKU-1119,2025-12-21,4,0,0
R01,SKU-1119,2025-12-22,4,1,0
R01,SKU-1119,12/23/2025,11,0,0
R01,SKU-1119,12/24/2025,7,1,0
R01,SKU-1119,2025-12-25,4,0,0
R01,SKU-1119,2025-12-26,4,0,0
R01,SKU-1119,2025-12-27,8,0,0
R01,SKU-1119,12/28/2025,2,1,0
R01,SKU-1119,2025-12-29,7,2,0
R01,SKU-1119,2025-12-30,6,0,0
R01,SKU-1119,2025-12-31,4,0,0
R01,SKU-1224,12/01/2025,41,2,0
R01,SKU-1224,2025-12-02,33,0,0
R01,SKU-1224,03-Dec-25,36,0,0
R01,SKU-1224,2025-12-04,28,0,0
R01,SKU-1224,2025-12-05,25,0,0
R01,SKU-1224,2025-12-06,28,0,0
R01,SKU-1224,2025-12-07,22,1,0
R01,SKU-1224,12/08/2025,29,0,1
R01,SKU-1224,12/09/2025,35,0,0
R01,SKU-1224,2025-12-10,28,0,0
R01,SKU-1224,2025-12-11,29,0,0
R01,SKU-1224,2025-12-12,33,1,0
R01,SKU-1224,12/13/2025,29,0,0
R01,SKU-1224,2025-12-14,25,0,0
R01,SKU-1224,2025-12-15,29,0,0
R01,SKU-1224,2025-12-16,33,1,0
R01,SKU-1224,2025-12-17,31,0,0
R01,SKU-1224,2025-12-18,41,0,0
R01,SKU-1224,19-Dec-25,43,0,1
R01,SKU-1224,20-Dec-25,24,0,0
R01,SKU-1224,2025-12-21,37,0,0
R01,SKU-1224,12/22/2025,30,1,0
R01,SKU-1224,12/23/2025,36,1,1
R01,SKU-1224,2025-12-24,32,0,0
R01,SKU-1224,25-Dec-25,35,1,0
R01,SKU-1224,2025-12-26,34,1,0
R01,SKU-1224,12/27/2025,27,0,0
R01,SKU-1224,2025-12-28,32,1,0
R01,SKU-1224,2025-12-29,32,1,0
R01,SKU-1224,2025-12-30,35,0,0
R01,SKU-1224,2025-12-31,20,1,0
R01,SKU-1266,12/01/2025,30,1,0
R01,SKU-1266,2025-12-02,24,0,1
R01,SKU-1266,03-Dec-25,27,0,0
R01,SKU-1266,12/04/2025,20,0,0
R01,SKU-1266,12/05/2025,24,0,0
R01,SKU-1266,12/06/2025,23,0,0
R01,SKU-1266,12/07/2025,30,0,0
R01,SKU-1266,2025-12-08,25,0,0
R01,SKU-1266,2025-12-09,29,0,1
R01,SKU-1266,2025-12-10,26,0,0
R01,SKU-1266,2025-12-11,24,0,0
R01,SKU-1266,2025-12-12,33,0,1
R01,SKU-1266,13-Dec-25,21,0,1
R01,SKU-1266,2025-12-14,24,1,0
R01,SKU-1266,2025-12-15,26,0,0
R01,SKU-1266,2025-12-16,33,1,1
R01,SKU-1266,2025-12-17,27,1,0
R01,SKU-1266,2025-12-18,27,0,0
R01,SKU-1266,2025-12-19,31,1,0
R01,SKU-1266,12/20/2025,30,1,0
R01,SKU-1266,2025-12-21,23,0,0
R01,SKU-1266,2025-12-22,28,0,1
R01,SKU-1266,2025-12-23,31,0,0
R01,SKU-1266,2025-12-24,22,1,0
R01,SKU-1266,2025-12-25,24,1,0
R01,SKU-1266,2025-12-26,32,1,0
R01,SKU-1266,2025-12-27,23,1,0
R01,SKU-1266,2025-12-28,26,0,0
R01,SKU-1266,2025-12-29,33,0,0
R01,SKU-1266,30-Dec-25,29,0,0
R01,SKU-1266,2025-12-31,35,1,0
R01,SKU-1063,01-Dec-25,22,1,0
R01,SKU-1063,2025-12-02,26,2,0
R01,SKU-1063,12/03/2025,26,0,0
R01,SKU-1063,12/04/2025,25,0,0
R01,SKU-1063,2025-12-05,23,0,0
R01,SKU-1063,2025-12-06,20,1,0
R01,SKU-1063,2025-12-07,25,0,1
R01,SKU-1063,2025-12-08,9,0,0
R01,SKU-1063,2025-12-09,28,0,0
R01,SKU-1063,2025-12-10,21,0,0
R01,SKU-1063,2025-12-11,12,3,0
R01,SKU-1063,2025-12-12,21,0,0
R01,SKU-1063,2025-12-13,18,2,0
R01,SKU-1063,2025-12-14,20,0,1
R01,SKU-1063,15-Dec-25,20,0,0
R01,SKU-1063,2025-12-16,20,0,0
R01,SKU-1063,2025-12-17,27,1,0
R01,SKU-1063,18-Dec-25,18,1,0
R01,SKU-1063,12/19/2025,20,0,1
R01,SKU-1063,2025-12-20,17,0,0
R01,SKU-1063,21-Dec-25,12,1,0
R01,SKU-1063,2025-12-22,24,0,0
R01,SKU-1063,2025-12-23,25,0,0
R01,SKU-1063,24-Dec-25,31,1,0
R01,SKU-1063,2025-12-25,33,0,0
R01,SKU-1063,2025-12-26,15,0,0
R01,SKU-1063,12/27/2025,27,0,0
R01,SKU-1063,2025-12-28,24,3,0
R01,SKU-1063,12/29/2025,20,0,0
R01,SKU-1063,12/30/2025,26,0,0
R01,SKU-1063,2025-12-31,18,0,0
R01,SKU-1245,2025-12-01,37,0,0
R01,SKU-1245,2025-12-02,30,1,0
R01,SKU-1245,2025-12-03,32,0,1
R01,SKU-1245,12/04/2025,32,0,0
R01,SKU-1245,12/05/2025,23,0,0
R01,SKU-1245,06-Dec-25,30,1,1
R01,SKU-1245,12/07/2025,22,0,0
R01,SKU-1245,12/08/2025,26,0,0
R01,SKU-1245,2025-12-09,17,0,0
R01,SKU-1245,10-Dec-25,34,2,0
R01,SKU-1245,11-Dec-25,24,0,1
R01,SKU-1245,2025-12-12,28,1,0
R01,SKU-1245,2025-12-13,31,0,1
R01,SKU-1245,14-Dec-25,23,0,0
R01,SKU-1245,2025-12-15,24,0,1
R01,SKU-1245,2025-12-16,27,1,0
R01,SKU-1245,12/17/2025,30,0,0
R01,SKU-1245,2025-12-18,34,0,0
R01,SKU-1245,12/19/2025,23,0,1
R01,SKU-1245,12/20/2025,28,0,0
R01,SKU-1245,2025-12-21,25,2,1
R01,SKU-1245,2025-12-22,37,1,0
R01,SKU-1245,12/23/2025,24,0,0
R01,SKU-1245,2025-12-24,38,0,0
R01,SKU-1245,2025-12-25,33,0,0
R01,SKU-1245,26-Dec-25,31,0,0
R01,SKU-1245,2025-12-27,26,0,0
R01,SKU-1245,2025-12-28,26,2,0
R01,SKU-1245,2025-12-29,27,1,0
R01,SKU-1245,2025-12-30,35,0,1
R01,SKU-1245,2025-12-31,26,0,0
R01,SKU-1182,01-Dec-25,6,1,0
R01,SKU-1182,2025-12-02,4,0,0
R01,SKU-1182,12/03/2025,5,3,1
R01,SKU-1182,12/04/2025,4,0,0
R01,SKU-1182,2025-12-05,9,2,0
R01,SKU-1182,2025-12-06,8,0,1
R01,SKU-1182,12/07/2025,3,0,1
R01,SKU-1182,2025-12-08,6,2,0
R01,SKU-1182,12/09/2025,5,0,0
R01,SKU-1182,2025-12-10,9,1,0
R01,SKU-1182,11-Dec-25,3,1,0
R01,SKU-1182,12/12/2025,6,2,1
R01,SKU-1182,2025-12-13,5,2,0
R01,SKU-1182,2025-12-14,5,0,0
R01,SKU-1182,2025-12-15,7,0,0
R01,SKU-1182,12/16/2025,15,0,0
R01,SKU-1182,2025-12-17,7,0,0
R01,SKU-1182,2025-12-18,9,1,0
R01,SKU-1182,2025-12-19,5,0,0
R01,SKU-1182,20-Dec-25,8,1,0
R01,SKU-1182,2025-12-21,6,0,1
R01,SKU-1182,2025-12-22,7,0,0
R01,SKU-1182,2025-12-23,11,0,0
R01,SKU-1182,12/24/2025,5,0,0
R01,SKU-1182,12/25/2025,9,0,0
R01,SKU-1182,2025-12-26,3,0,0
R01,SKU-1182,2025-12-27,7,0,0
R01,SKU-1182,2025-12-28,4,0,0
R01,SKU-1182,29-Dec-25,3,1,0
R01,SKU-1182,30-Dec-25,7,0,1
R01,SKU-1182,2025-12-31,3,0,1
R01,SKU-1007,2025-12-01,31,0,1
R01,SKU-1007,2025-12-02,30,0,0
R01,SKU-1007,12/03/2025,35,0,0
R01,SKU-1007,2025-12-04,32,0,0
R01,SKU-1007,2025-12-05,22,0,1
R01,SKU-1007,2025-12-06,32,0,0
R01,SKU-1007,2025-12-07,44,1,0
R01,SKU-1007,2025-12-08,34,1,1
R01,SKU-1007,2025-12-09,24,0,0
R01,SKU-1007,12/10/2025,31,0,1
R01,SKU-1007,2025-12-11,27,0,0
R01,SKU-1007,12/12/2025,27,1,0
R01,SKU-1007,2025-12-13,32,0,0
R01,SKU-1007,2025-12-14,45,0,0
R01,SKU-1007,2025-12-15,37,1,1
R01,SKU-1007,2025-12-16,29,1,1
R01,SKU-1007,12/17/2025,32,1,0
R01,SKU-1007,2025-12-18,32,0,0
R01,SKU-1007,2025-12-19,32,0,0
R01,SKU-1007,2025-12-20,26,0,0
R01,SKU-1007,21-Dec-25,29,1,0
R01,SKU-1007,12/22/2025,38,3,0
R01,SKU-1007,23-Dec-25,44,1,0
R01,SKU-1007,2025-12-24,25,0,1
R01,SKU-1007,25-Dec-25,27,0,1
R01,SKU-1007,26-Dec-25,36,0,0
R01,SKU-1007,2025-12-27,33,0,0
R01,SKU-1007,2025-12-28,28,0,0
R01,SKU-1007,12/29/2025,34,1,0
R01,SKU-1007,2025-12-30,27,0,0
R01,SKU-1007,2025-12-31,34,0,0
R01,SKU-1070,12/01/2025,10,0,0
R01,SKU-1070,2025-12-02,14,1,1
R01,SKU-1070,2025-12-03,8,0,0
R01,SKU-1070,2025-12-04,12,0,0
R01,SKU-1070,12/05/2025,10,1,0
R01,SKU-1070,2025-12-06,11,0,0
R01,SKU-1070,2025-12-07,13,1,0
R01,SKU-1070,2025-12-08,12,1,0
R01,SKU-1070,2025-12-09,15,1,0
R01,SKU-1070,2025-12-10,9,1,0
R01,SKU-1070,2025-12-11,9,0,1
R01,SKU-1070,2025-12-12,9,0,0
R01,SKU-1070,13-Dec-25,14,0,0
R01,SKU-1070,2025-12-14,20,0,0
R01,SKU-1070,15-Dec-25,7,0,0
R01,SKU-1070,2025-12-16,14,1,0
R01,SKU-1070,12/17/2025,15,1,1
R01,SKU-1070,2025-12-18,17,1,0
R01,SKU-1070,2025-12-19,15,0,0
R01,SKU-1070,2025-12-20,9,0,0
R01,SKU-1070,12/21/2025,11,0,0
R01,SKU-1070,12/22/2025,15,0,0
R01,SKU-1070,2025-12-23,22,0,0
R01,SKU-1070,24-Dec-25,6,0,0
R01,SKU-1070,2025-12-25,16,0,1
R01,SKU-1070,26-Dec-25,12,1,0
R01,SKU-1070,2025-12-27,11,1,0
R01,SKU-1070,2025-12-28,18,0,0
R01,SKU-1070,2025-12-29,5,2,0
R01,SKU-1070,30-Dec-25,12,0,0
R01,SKU-1070,12/31/2025,14,0,0
R01,SKU-1238,01-Dec-25,17,0,0
R01,SKU-1238,02-Dec-25,17,0,0
R01,SKU-1238,12/03/2025,18,1,0
R01,SKU-1238,2025-12-04,21,0,0
R01,SKU-1238,12/05/2025,18,0,0
R01,SKU-1238,06-Dec-25,25,1,0
R01,SKU-1238,12/07/2025,18,0,0
R01,SKU-1238,08-Dec-25,14,0,0
R01,SKU-1238,12/09/2025,19,0,0
R01,SKU-1238,2025-12-10,20,0,0
R01,SKU-1238,2025-12-11,14,0,0
R01,SKU-1238,2025-12-12,25,1,0
R01,SKU-1238,2025-12-13,20,0,1
R01,SKU-1238,12/14/2025,13,0,0
R01,SKU-1238,15-Dec-25,13,3,0
R01,SKU-1238,2025-12-16,14,1,0
R01,SKU-1238,12/17/2025,22,0,0
R01,SKU-1238,2025-12-18,32,0,0
R01,SKU-1238,2025-12-19,17,1,0
R01,SKU-1238,12/20/2025,15,0,0
R01,SKU-1238,12/21/2025,23,0,0
R01,SKU-1238,2025-12-22,26,1,0
R01,SKU-1238,2025-12-23,25,0,0
R01,SKU-1238,2025-12-24,17,1,0
R01,SKU-1238,2025-12-25,20,0,0
R01,SKU-1238,2025-12-26,23,0,0
R01,SKU-1238,2025-12-27,18,0,0
R01,SKU-1238,2025-12-28,20,1,0
R01,SKU-1238,2025-12-29,26,0,0
R01,SKU-1238,2025-12-30,16,0,0
R01,SKU-1238,2025-12-31,26,0,0
R01,SKU-1154,2025-12-01,27,1,0
R01,SKU-1154,2025-12-02,25,1,0
R01,SKU-1154,2025-12-03,19,3,0
R01,SKU-1154,2025-12-04,18,0,0
R01,SKU-1154,2025-12-05,15,0,1
R01,SKU-1154,2025-12-06,28,0,0
R01,SKU-1154,2025-12-07,13,0,1
R01,SKU-1154,2025-12-08,17,0,0
R01,SKU-1154,2025-12-09,22,0,0
R01,SKU-1154,12/10/2025,10,1,1
R01,SKU-1154,2025-12-11,18,1,0
R01,SKU-1154,2025-12-12,13,1,0
R01,SKU-1154,12/13/2025,17,0,0
R01,SKU-1154,2025-12-14,20,0,0
R01,SKU-1154,2025-12-15,18,0,0
R01,SKU-1154,12/16/2025,12,0,0
R01,SKU-1154,2025-12-17,23,0,0
R01,SKU-1154,2025-12-18,20,0,1
R01,SKU-1154,19-Dec-25,23,0,0
R01,SKU-1154,20-Dec-25,19,0,0
R01,SKU-1154,12/21/2025,14,0,0
R01,SKU-1154,12/22/2025,20,0,0
R01,SKU-1154,2025-12-23,26,0,1
R01,SKU-1154,2025-12-24,22,1,0
R01,SKU-1154,25-Dec-25,17,1,1
R01,SKU-1154,26-Dec-25,15,0,0
R01,SKU-1154,12/27/2025,28,0,0
R01,SKU-1154,12/28/2025,16,0,0
R01,SKU-1154,12/29/2025,20,0,0
R01,SKU-1154,12/30/2025,17,0,0
R01,SKU-1154,2025-12-31,14,1,0
R01,SKU-1273,2025-12-01,39,0,0
R01,SKU-1273,2025-12-02,29,0,0
R01,SKU-1273,2025-12-03,26,1,0
R01,SKU-1273,2025-12-04,23,0,0
R01,SKU-1273,2025-12-05,31,1,0
R01,SKU-1273,2025-12-06,30,1,0
R01,SKU-1273,2025-12-07,18,1,0
R01,SKU-1273,2025-12-08,25,0,0
R01,SKU-1273,12/09/2025,23,1,0
R01,SKU-1273,2025-12-10,35,1,0
R01,SKU-1273,2025-12-11,22,0,0
R01,SKU-1273,2025-12-12,29,0,0
R01,SKU-1273,2025-12-13,24,1,0
R01,SKU-1273,2025-12-14,26,0,0
R01,SKU-1273,12/15/2025,20,0,0
R01,SKU-1273,16-Dec-25,23,0,0
R01,SKU-1273,2025-12-17,48,0,0
R01,SKU-1273,18-Dec-25,30,1,0
R01,SKU-1273,2025-12-19,35,2,0
R01,SKU-1273,2025-12-20,22,0,0
R01,SKU-1273,21-Dec-25,35,1,0
R01,SKU-1273,2025-12-22,30,0,0
R01,SKU-1273,2025-12-23,25,1,1
R01,SKU-1273,12/24/2025,25,0,0
R01,SKU-1273,2025-12-25,29,0,1
R01,SKU-1273,12/26/2025,25,1,0
R01,SKU-1273,12/27/2025,31,1,0
R01,SKU-1273,12/28/2025,36,0,0
R01,SKU-1273,2025-12-29,24,1,0
R01,SKU-1273,30-Dec-25,26,0,0
R01,SKU-1273,12/31/2025,40,0,0
R02,SKU-1119,12/01/2025,4,0,0
R02,SKU-1119,2025-12-02,4,1,0
R02,SKU-1119,03-Dec-25,4,0,0
R02,SKU-1119,2025-12-04,4,1,0
R02,SKU-1119,05-Dec-25,2,0,0
R02,SKU-1119,2025-12-06,6,1,0
R02,SKU-1119,07-Dec-25,1,1,0
R02,SKU-1119,2025-12-08,4,0,0
R02,SKU-1119,2025-12-09,3,0,0
R02,SKU-1119,2025-12-10,4,1,0
R02,SKU-1119,2025-12-11,3,1,0
R02,SKU-1119,2025-12-12,5,0,0
R02,SKU-1119,12/13/2025,3,0,0
R02,SKU-1119,2025-12-14,2,0,1
R02,SKU-1119,15-Dec-25,3,0,1
R02,SKU-1119,2025-12-16,5,0,0
R02,SKU-1119,2025-12-17,3,1,0
R02,SKU-1119,12/18/2025,8,0,0
R02,SKU-1119,19-Dec-25,9,0,1
R02,SKU-1119,20-Dec-25,4,1,0
R02,SKU-1119,2025-12-21,4,0,0
R02,SKU-1119,2025-12-22,5,1,0
R02,SKU-1119,12/23/2025,3,0,0
R02,SKU-1119,2025-12-24,5,0,0
R02,SKU-1119,2025-12-25,7,0,0
R02,SKU-1119,2025-12-26,4,0,0
R02,SKU-1119,2025-12-27,2,1,0
R02,SKU-1119,2025-12-28,5,0,0
R02,SKU-1119,12/29/2025,6,0,0
R02,SKU-1119,2025-12-30,7,0,0
R02,SKU-1119,2025-12-31,3,3,0
R02,SKU-1252,12/01/2025,26,0,0
R02,SKU-1252,12/02/2025,23,0,0
R02,SKU-1252,03-Dec-25,40,0,0
R02,SKU-1252,2025-12-04,37,0,1
R02,SKU-1252,2025-12-05,22,1,1
R02,SKU-1252,2025-12-06,29,0,0
R02,SKU-1252,2025-12-07,26,0,0
R02,SKU-1252,2025-12-08,32,1,0
R02,SKU-1252,12/09/2025,34,1,0
R02,SKU-1252,2025-12-10,34,0,0
R02,SKU-1252,12/11/2025,38,1,0
R02,SKU-1252,12/12/2025,37,0,0
R02,SKU-1252,2025-12-13,40,0,0
R02,SKU-1252,2025-12-14,24,0,0
R02,SKU-1252,12/15/2025,27,0,0
R02,SKU-1252,2025-12-16,29,0,1
R02,SKU-1252,17-Dec-25,32,1,0
R02,SKU-1252,18-Dec-25,35,0,0
R02,SKU-1252,2025-12-19,36,0,0
R02,SKU-1252,20-Dec-25,37,0,1
R02,SKU-1252,2025-12-21,29,1,0
R02,SKU-1252,12/22/2025,32,0,0
R02,SKU-1252,12/23/2025,42,1,0
R02,SKU-1252,24-Dec-25,39,0,0
R02,SKU-1252,2025-12-25,29,0,0
R02,SKU-1252,26-Dec-25,38,0,0
R02,SKU-1252,12/27/2025,30,1,0
R02,SKU-1252,2025-12-28,25,0,0
R02,SKU-1252,12/29/2025,35,1,0
R02,SKU-1252,2025-12-30,35,0,0
R02,SKU-1252,2025-12-31,33,0,0
R02,SKU-1238,2025-12-01,19,0,0
R02,SKU-1238,12/02/2025,16,0,0
R02,SKU-1238,12/03/2025,14,0,0
R02,SKU-1238,2025-12-04,14,0,0
R02,SKU-1238,2025-12-05,12,1,0
R02,SKU-1238,2025-12-06,22,0,0
R02,SKU-1238,12/07/2025,17,0,0
R02,SKU-1238,12/08/2025,16,2,0
R02,SKU-1238,12/09/2025,15,0,0
R02,SKU-1238,10-Dec-25,18,0,0
R02,SKU-1238,2025-12-11,18,3,0
R02,SKU-1238,2025-12-12,23,2,0
R02,SKU-1238,12/13/2025,17,0,0
R02,SKU-1238,2025-12-14,12,0,0
R02,SKU-1238,15-Dec-25,14,0,0
R02,SKU-1238,16-Dec-25,18,0,0
R02,SKU-1238,2025-12-17,23,0,0
R02,SKU-1238,2025-12-18,17,0,0
R02,SKU-1238,2025-12-19,15,0,0
R02,SKU-1238,2025-12-20,12,0,0
R02,SKU-1238,2025-12-21,13,0,1
R02,SKU-1238,2025-12-22,11,0,0
R02,SKU-1238,2025-12-23,14,1,0
R02,SKU-1238,2025-12-24,16,2,0
R02,SKU-1238,2025-12-25,15,0,0
R02,SKU-1238,2025-12-26,19,0,0
R02,SKU-1238,2025-12-27,13,0,0
R02,SKU-1238,12/28/2025,15,0,0
R02,SKU-1238,2025-12-29,15,0,0
R02,SKU-1238,30-Dec-25,26,1,0
R02,SKU-1238,2025-12-31,18,0,0
R02,SKU-1161,01-Dec-25,7,0,0
R02,SKU-1161,02-Dec-25,15,0,0
R02,SKU-1161,03-Dec-25,14,1,0
R02,SKU-1161,12/04/2025,8,0,0
R02,SKU-1161,05-Dec-25,9,0,0
R02,SKU-1161,06-Dec-25,15,0,1
R02,SKU-1161,2025-12-07,11,0,0
R02,SKU-1161,2025-12-08,11,0,0
R02,SKU-1161,2025-12-09,11,1,0
R02,SKU-1161,2025-12-10,18,0,0
R02,SKU-1161,2025-12-11,11,0,0
R02,SKU-1161,2025-12-12,18,1,0
R02,SKU-1161,2025-12-13,14,0,0
R02,SKU-1161,12/14/2025,15,1,0
R02,SKU-1161,2025-12-15,15,0,0
R02,SKU-1161,2025-12-16,18,0,0
R02,SKU-1161,2025-12-17,15,1,0
R02,SKU-1161,2025-12-18,15,0,0
R02,SKU-1161,2025-12-19,17,0,0
R02,SKU-1161,2025-12-20,10,1,0
R02,SKU-1161,12/21/2025,16,0,0
R02,SKU-1161,22-Dec-25,9,0,0
R02,SKU-1161,23-Dec-25,14,1,0
R02,SKU-1161,2025-12-24,18,0,0
R02,SKU-1161,12/25/2025,18,0,0
R02,SKU-1161,2025-12-26,8,4,1
R02,SKU-1161,12/27/2025,13,0,0
R02,SKU-1161,2025-12-28,14,0,1
R02,SKU-1161,2025-12-29,16,0,0
R02,SKU-1161,12/30/2025,8,0,1
R02,SKU-1161,2025-12-31,11,0,0
R02,SKU-1224,01-Dec-25,36,0,0
R02,SKU-1224,12/02/2025,38,0,0
R02,SKU-1224,2025-12-03,37,0,0
R02,SKU-1224,12/04/2025,38,0,0
R02,SKU-1224,05-Dec-25,30,1,0
R02,SKU-1224,2025-12-06,27,0,1
R02,SKU-1224,2025-12-07,34,0,0
R02,SKU-1224,2025-12-08,45,2,0
R02,SKU-1224,12/09/2025,30,1,0
R02,SKU-1224,10-Dec-25,38,0,0
R02,SKU-1224,2025-12-11,33,1,0
R02,SKU-1224,2025-12-12,27,1,0
R02,SKU-1224,2025-12-13,34,1,0
R02,SKU-1224,2025-12-14,28,0,0
R02,SKU-1224,2025-12-15,42,1,0
R02,SKU-1224,2025-12-16,36,0,0
R02,SKU-1224,12/17/2025,33,0,0
R02,SKU-1224,2025-12-18,22,1,0
R02,SKU-1224,2025-12-19,30,0,0
R02,SKU-1224,20-Dec-25,35,3,0
R02,SKU-1224,2025-12-21,25,0,0
R02,SKU-1224,2025-12-22,40,1,0
R02,SKU-1224,12/23/2025,26,0,0
R02,SKU-1224,12/24/2025,35,1,0
R02,SKU-1224,2025-12-25,34,0,0
R02,SKU-1224,2025-12-26,26,2,0
R02,SKU-1224,12/27/2025,38,1,0
R02,SKU-1224,2025-12-28,28,0,1
R02,SKU-1224,12/29/2025,25,0,0
R02,SKU-1224,2025-12-30,39,0,0
R02,SKU-1224,2025-12-31,36,0,0
R02,SKU-1084,12/01/2025,16,0,0
R02,SKU-1084,02-Dec-25,20,2,0
R02,SKU-1084,2025-12-03,22,1,0
R02,SKU-1084,2025-12-04,17,1,0
R02,SKU-1084,05-Dec-25,18,1,0
R02,SKU-1084,2025-12-06,20,0,0
R02,SKU-1084,2025-12-07,15,1,0
R02,SKU-1084,12/08/2025,12,0,0
R02,SKU-1084,2025-12-09,14,0,0
R02,SKU-1084,12/10/2025,11,1,0
R02,SKU-1084,12/11/2025,15,1,0
R02,SKU-1084,12/12/2025,8,0,0
R02,SKU-1084,12/13/2025,9,1,1
R02,SKU-1084,2025-12-14,15,1,0
R02,SKU-1084,2025-12-15,15,0,0
R02,SKU-1084,12/16/2025,22,0,0
R02,SKU-1084,2025-12-17,18,1,0
R02,SKU-1084,2025-12-18,19,0,0
R02,SKU-1084,2025-12-19,28,1,0
R02,SKU-1084,2025-12-20,17,0,0
R02,SKU-1084,21-Dec-25,10,0,0
R02,SKU-1084,2025-12-22,16,0,0
R02,SKU-1084,12/23/2025,27,0,0
R02,SKU-1084,2025-12-24,19,0,1
R02,SKU-1084,2025-12-25,17,1,0
R02,SKU-1084,12/26/2025,19,1,0
R02,SKU-1084,2025-12-27,12,1,0
R02,SKU-1084,2025-12-28,13,1,0
R02,SKU-1084,2025-12-29,21,0,0
R02,SKU-1084,12/30/2025,18,1,1
R02,SKU-1084,2025-12-31,20,1,0
R02,SKU-1028,12/01/2025,30,1,0
R02,SKU-1028,12/02/2025,33,0,0
R02,SKU-1028,03-Dec-25,30,3,0
R02,SKU-1028,12/04/2025,37,0,0
R02,SKU-1028,05-Dec-25,27,0,0
R02,SKU-1028,06-Dec-25,36,0,0
R02,SKU-1028,12/07/2025,29,0,0
R02,SKU-1028,2025-12-08,25,0,0
R02,SKU-1028,12/09/2025,24,1,0
R02,SKU-1028,2025-12-10,29,0,0
R02,SKU-1028,2025-12-11,33,0,1
R02,SKU-1028,2025-12-12,28,0,0
R02,SKU-1028,2025-12-13,36,0,0
R02,SKU-1028,2025-12-14,32,0,0
R02,SKU-1028,2025-12-15,45,2,0
R02,SKU-1028,16-Dec-25,23,0,0
R02,SKU-1028,2025-12-17,29,0,0
R02,SKU-1028,2025-12-18,30,1,0
R02,SKU-1028,2025-12-19,28,0,0
R02,SKU-1028,20-Dec-25,37,0,0
R02,SKU-1028,2025-12-21,35,0,0
R02,SKU-1028,2025-12-22,40,0,0
R02,SKU-1028,2025-12-23,26,1,0
R02,SKU-1028,12/24/2025,29,0,0
R02,SKU-1028,2025-12-25,29,0,0
R02,SKU-1028,2025-12-26,36,0,0
R02,SKU-1028,27-Dec-25,35,0,0
R02,SKU-1028,12/28/2025,31,0,1
R02,SKU-1028,12/29/2025,35,0,0
R02,SKU-1028,30-Dec-25,30,0,0
R02,SKU-1028,2025-12-31,27,0,0
R02,SKU-1140,01-Dec-25,11,2,0
R02,SKU-1140,2025-12-02,25,0,0
R02,SKU-1140,12/03/2025,22,0,0
R02,SKU-1140,2025-12-04,23,0,0
R02,SKU-1140,2025-12-05,17,0,0
R02,SKU-1140,2025-12-06,13,0,0
R02,SKU-1140,2025-12-07,25,0,0
R02,SKU-1140,2025-12-08,21,0,0
R02,SKU-1140,09-Dec-25,23,0,1
R02,SKU-1140,10-Dec-25,21,0,0
R02,SKU-1140,2025-12-11,18,0,0
R02,SKU-1140,2025-12-12,20,0,0
R02,SKU-1140,13-Dec-25,20,0,0
R02,SKU-1140,2025-12-14,19,1,0
R02,SKU-1140,15-Dec-25,24,0,0
R02,SKU-1140,12/16/2025,27,0,0
R02,SKU-1140,2025-12-17,24,0,0
R02,SKU-1140,2025-12-18,24,0,0
R02,SKU-1140,2025-12-19,21,0,0
R02,SKU-1140,2025-12-20,13,0,0
R02,SKU-1140,12/21/2025,19,0,0
R02,SKU-1140,22-Dec-25,21,0,0
R02,SKU-1140,12/23/2025,14,0,0
R02,SKU-1140,2025-12-24,17,0,0
R02,SKU-1140,2025-12-25,18,0,0
R02,SKU-1140,12/26/2025,21,0,0
R02,SKU-1140,27-Dec-25,18,1,0
R02,SKU-1140,2025-12-28,17,1,1
R02,SKU-1140,2025-12-29,16,2,0
R02,SKU-1140,12/30/2025,26,0,1
R02,SKU-1140,2025-12-31,22,0,0
R02,SKU-1217,2025-12-01,17,0,0
R02,SKU-1217,12/02/2025,23,0,0
R02,SKU-1217,2025-12-03,22,1,1
R02,SKU-1217,2025-12-04,17,0,0
R02,SKU-1217,2025-12-05,18,1,0
R02,SKU-1217,12/06/2025,24,0,0
R02,SKU-1217,12/07/2025,21,2,0
R02,SKU-1217,2025-12-08,21,0,0
R02,SKU-1217,09-Dec-25,15,0,0
R02,SKU-1217,12/10/2025,18,1,0
R02,SKU-1217,2025-12-11,22,0,0
R02,SKU-1217,2025-12-12,24,0,0
R02,SKU-1217,12/13/2025,16,2,0
R02,SKU-1217,14-Dec-25,24,0,0
R02,SKU-1217,12/15/2025,25,0,1
R02,SKU-1217,16-Dec-25,17,1,0
R02,SKU-1217,2025-12-17,13,0,0
R02,SKU-1217,18-Dec-25,24,0,0
R02,SKU-1217,2025-12-19,20,0,0
R02,SKU-1217,2025-12-20,20,0,0
R02,SKU-1217,2025-12-21,20,2,0
R02,SKU-1217,2025-12-22,23,1,0
R02,SKU-1217,2025-12-23,12,0,0
R02,SKU-1217,12/24/2025,26,1,0
R02,SKU-1217,12/25/2025,22,1,0
R02,SKU-1217,26-Dec-25,13,1,0
R02,SKU-1217,27-Dec-25,17,0,0
R02,SKU-1217,12/28/2025,15,0,1
R02,SKU-1217,2025-12-29,23,0,0
R02,SKU-1217,2025-12-30,17,0,0
R02,SKU-1217,31-Dec-25,20,0,1
R02,SKU-1112,2025-12-01,17,0,0
R02,SKU-1112,2025-12-02,17,0,0
R02,SKU-1112,2025-12-03,16,0,0
R02,SKU-1112,12/04/2025,11,0,1
R02,SKU-1112,2025-12-05,15,0,0
R02,SKU-1112,2025-12-06,14,0,0
R02,SKU-1112,2025-12-07,20,0,0
R02,SKU-1112,2025-12-08,13,0,0
R02,SKU-1112,09-Dec-25,12,0,0
R02,SKU-1112,10-Dec-25,15,0,0
R02,SKU-1112,11-Dec-25,16,0,0
R02,SKU-1112,2025-12-12,17,1,0
R02,SKU-1112,2025-12-13,15,1,0
R02,SKU-1112,2025-12-14,12,0,0
R02,SKU-1112,12/15/2025,18,0,0
R02,SKU-1112,2025-12-16,14,0,0
R02,SKU-1112,2025-12-17,12,1,0
R02,SKU-1112,2025-12-18,16,1,0
R02,SKU-1112,2025-12-19,23,0,0
R02,SKU-1112,12/20/2025,12,0,0
R02,SKU-1112,2025-12-21,17,0,0
R02,SKU-1112,12/22/2025,13,1,0
R02,SKU-1112,23-Dec-25,15,0,0
R02,SKU-1112,2025-12-24,14,0,0
R02,SKU-1112,12/25/2025,12,0,0
R02,SKU-1112,26-Dec-25,26,0,0
R02,SKU-1112,2025-12-27,8,1,1
R02,SKU-1112,2025-12-28,10,1,0
R02,SKU-1112,2025-12-29,10,0,0
R02,SKU-1112,30-Dec-25,18,0,0
R02,SKU-1112,2025-12-31,26,0,1
R02,SKU-1245,2025-12-01,4,1,0
R02,SKU-1245,2025-12-02,8,0,0
R02,SKU-1245,2025-12-03,4,2,0
R02,SKU-1245,12/04/2025,8,0,0
R02,SKU-1245,12/05/2025,8,0,0
R02,SKU-1245,06-Dec-25,12,0,0
R02,SKU-1245,12/07/2025,4,0,0
R02,SKU-1245,2025-12-08,7,2,0
R02,SKU-1245,12/09/2025,9,1,0
R02,SKU-1245,2025-12-10,11,1,0
R02,SKU-1245,2025-12-11,6,0,0
R02,SKU-1245,2025-12-12,7,0,0
R02,SKU-1245,2025-12-13,8,1,0
R02,SKU-1245,14-Dec-25,8,1,0
R02,SKU-1245,2025-12-15,9,1,0
R02,SKU-1245,2025-12-16,7,0,0
R02,SKU-1245,17-Dec-25,6,1,0
R02,SKU-1245,2025-12-18,3,0,0
R02,SKU-1245,2025-12-19,7,0,0
R02,SKU-1245,2025-12-20,5,0,0
R02,SKU-1245,21-Dec-25,10,1,1
R02,SKU-1245,2025-12-22,7,0,0
R02,SKU-1245,23-Dec-25,11,1,1
R02,SKU-1245,24-Dec-25,11,0,0
R02,SKU-1245,2025-12-25,6,0,0
R02,SKU-1245,26-Dec-25,14,0,0
R02,SKU-1245,12/27/2025,4,0,0
R02,SKU-1245,2025-12-28,6,0,0
R02,SKU-1245,12/29/2025,5,1,0
R02,SKU-1245,2025-12-30,7,0,0
R02,SKU-1245,2025-12-31,6,0,0
R02,SKU-1210,01-Dec-25,12,0,0
R02,SKU-1210,02-Dec-25,17,1,0
R02,SKU-1210,03-Dec-25,16,1,0
R02,SKU-1210,04-Dec-25,10,1,0
R02,SKU-1210,2025-12-05,17,0,0
R02,SKU-1210,2025-12-06,8,0,0
R02,SKU-1210,07-Dec-25,11,0,1
R02,SKU-1210,2025-12-08,12,0,1
R02,SKU-1210,2025-12-09,23,2,0
R02,SKU-1210,12/10/2025,11,0,0
R02,SKU-1210,2025-12-11,10,0,0
R02,SKU-1210,2025-12-12,18,1,0
R02,SKU-1210,2025-12-13,16,0,0
R02,SKU-1210,2025-12-14,11,0,0
R02,SKU-1210,12/15/2025,16,1,0
R02,SKU-1210,2025-12-16,14,0,0
R02,SKU-1210,17-Dec-25,16,0,0
R02,SKU-1210,2025-12-18,9,0,1
R02,SKU-1210,2025-12-19,12,1,0
R02,SKU-1210,2025-12-20,19,0,0
R02,SKU-1210,2025-12-21,10,0,0
R02,SKU-1210,2025-12-22,16,0,0
R02,SKU-1210,2025-12-23,7,0,0
R02,SKU-1210,2025-12-24,11,0,0
R02,SKU-1210,2025-12-25,15,0,0
R02,SKU-1210,2025-12-26,10,0,0
R02,SKU-1210,12/27/2025,10,0,0
R02,SKU-1210,12/28/2025,14,1,0
R02,SKU-1210,2025-12-29,10,1,1
R02,SKU-1210,2025-12-30,13,1,0
R02,SKU-1210,12/31/2025,13,0,0
R02,SKU-1063,2025-12-01,31,0,0
R02,SKU-1063,2025-12-02,32,2,0
R02,SKU-1063,2025-12-03,31,0,0
R02,SKU-1063,12/04/2025,34,1,0
R02,SKU-1063,2025-12-05,35,0,0
R02,SKU-1063,2025-12-06,30,0,0
R02,SKU-1063,2025-12-07,31,1,0
R02,SKU-1063,2025-12-08,28,1,1
R02,SKU-1063,12/09/2025,26,1,0
R02,SKU-1063,12/10/2025,40,0,0
R02,SKU-1063,11-Dec-25,33,0,0
R02,SKU-1063,12-Dec-25,36,0,0
R02,SKU-1063,2025-12-13,35,0,1
R02,SKU-1063,2025-12-14,26,0,0
R02,SKU-1063,2025-12-15,36,0,0
R02,SKU-1063,2025-12-16,23,0,0
R02,SKU-1063,17-Dec-25,41,0,0
R02,SKU-1063,12/18/2025,31,0,0
R02,SKU-1063,12/19/2025,38,0,0
R02,SKU-1063,2025-12-20,44,0,0
R02,SKU-1063,2025-12-21,39,0,1
R02,SKU-1063,2025-12-22,33,1,0
R02,SKU-1063,12/23/2025,33,0,0
R02,SKU-1063,2025-12-24,44,1,1
R02,SKU-1063,2025-12-25,41,0,0
R02,SKU-1063,2025-12-26,32,1,0
R02,SKU-1063,2025-12-27,33,2,1
R02,SKU-1063,2025-12-28,27,1,0
R02,SKU-1063,12/29/2025,36,0,0
R02,SKU-1063,2025-12-30,39,1,1
R02,SKU-1063,2025-12-31,37,0,0
R02,SKU-1203,12/01/2025,22,1,0
R02,SKU-1203,2025-12-02,25,2,0
R02,SKU-1203,2025-12-03,20,0,1
R02,SKU-1203,2025-12-04,14,0,0
R02,SKU-1203,12/05/2025,28,1,0
R02,SKU-1203,2025-12-06,20,0,1
R02,SKU-1203,2025-12-07,14,0,0
R02,SKU-1203,2025-12-08,22,0,0
R02,SKU-1203,12/09/2025,31,1,0
R02,SKU-1203,10-Dec-25,21,1,0
R02,SKU-1203,12/11/2025,25,2,1
R02,SKU-1203,12/12/2025,19,0,0
R02,SKU-1203,2025-12-13,19,0,0
R02,SKU-1203,14-Dec-25,28,0,0
R02,SKU-1203,2025-12-15,19,1,0
R02,SKU-1203,2025-12-16,18,0,0
R02,SKU-1203,12/17/2025,29,0,0
R02,SKU-1203,12/18/2025,26,0,0
R02,SKU-1203,2025-12-19,15,0,0
R02,SKU-1203,12/20/2025,28,0,0
R02,SKU-1203,21-Dec-25,21,0,0
R02,SKU-1203,22-Dec-25,27,0,0
R02,SKU-1203,12/23/2025,17,0,0
R02,SKU-1203,2025-12-24,13,1,0
R02,SKU-1203,12/25/2025,30,0,0
R02,SKU-1203,2025-12-26,22,0,0
R02,SKU-1203,12/27/2025,32,0,0
R02,SKU-1203,2025-12-28,20,0,0
R02,SKU-1203,12/29/2025,19,0,0
R02,SKU-1203,12/30/2025,19,0,0
R02,SKU-1203,2025-12-31,27,0,0
R02,SKU-1021,01-Dec-25,33,0,0
R02,SKU-1021,2025-12-02,24,1,0
R02,SKU-1021,03-Dec-25,34,0,0
R02,SKU-1021,2025-12-04,23,1,0
R02,SKU-1021,2025-12-05,19,0,0
R02,SKU-1021,2025-12-06,19,0,0
R02,SKU-1021,2025-12-07,31,0,0
R02,SKU-1021,2025-12-08,30,1,0
R02,SKU-1021,12/09/2025,27,0,0
R02,SKU-1021,2025-12-10,33,0,0
R02,SKU-1021,2025-12-11,32,0,0
R02,SKU-1021,2025-12-12,27,1,0
R02,SKU-1021,2025-12-13,36,0,0
R02,SKU-1021,2025-12-14,26,1,0
R02,SKU-1021,12/15/2025,37,2,0
R02,SKU-1021,12/16/2025,24,0,0
R02,SKU-1021,2025-12-17,18,0,0
R02,SKU-1021,12/18/2025,29,0,0
R02,SKU-1021,12/19/2025,29,0,0
R02,SKU-1021,2025-12-20,24,2,1
R02,SKU-1021,2025-12-21,26,0,1
R02,SKU-1021,12/22/2025,29,1,0
R02,SKU-1021,2025-12-23,28,1,0
R02,SKU-1021,2025-12-24,20,0,0
R02,SKU-1021,2025-12-25,31,1,0
R02,SKU-1021,2025-12-26,34,1,0
R02,SKU-1021,2025-12-27,30,1,0
R02,SKU-1021,12/28/2025,23,0,0
R02,SKU-1021,2025-12-29,22,1,0
R02,SKU-1021,12/30/2025,24,1,0
R02,SKU-1021,12/31/2025,28,0,0
R02,SKU-1189,2025-12-01,16,0,0
R02,SKU-1189,02-Dec-25,19,0,0
R02,SKU-1189,12/03/2025,18,0,0
R02,SKU-1189,04-Dec-25,21,1,0
R02,SKU-1189,2025-12-05,18,3,0
R02,SKU-1189,06-Dec-25,26,0,1
R02,SKU-1189,2025-12-07,29,1,0
R02,SKU-1189,2025-12-08,18,2,0
R02,SKU-1189,12/09/2025,16,0,0
R02,SKU-1189,10-Dec-25,19,0,0
R02,SKU-1189,2025-12-11,19,1,0
R02,SKU-1189,2025-12-12,14,0,0
R02,SKU-1189,13-Dec-25,27,0,0
R02,SKU-1189,12/14/2025,28,0,1
R02,SKU-1189,15-Dec-25,19,0,0
R02,SKU-1189,16-Dec-25,13,1,0
R02,SKU-1189,17-Dec-25,26,0,0
R02,SKU-1189,12/18/2025,19,0,0
R02,SKU-1189,19-Dec-25,13,0,0
R02,SKU-1189,2025-12-20,21,0,0
R02,SKU-1189,12/21/2025,14,0,0
R02,SKU-1189,2025-12-22,23,0,0
R02,SKU-1189,12/23/2025,20,0,0
R02,SKU-1189,2025-12-24,32,0,0
R02,SKU-1189,12/25/2025,21,0,1
R02,SKU-1189,12/26/2025,19,0,0
R02,SKU-1189,2025-12-27,21,0,0
R02,SKU-1189,2025-12-28,18,2,0
R02,SKU-1189,2025-12-29,14,1,0
R02,SKU-1189,30-Dec-25,24,0,1
R02,SKU-1189,31-Dec-25,25,0,0
R02,SKU-1175,12/01/2025,36,0,0
R02,SKU-1175,2025-12-02,31,0,0
R02,SKU-1175,03-Dec-25,35,0,1
R02,SKU-1175,2025-12-04,17,1,0
R02,SKU-1175,2025-12-05,21,0,0
R02,SKU-1175,12/06/2025,23,1,0
R02,SKU-1175,2025-12-07,25,1,0
R02,SKU-1175,2025-12-08,26,1,0
R02,SKU-1175,2025-12-09,21,0,0
R02,SKU-1175,2025-12-10,31,0,0
R02,SKU-1175,11-Dec-25,23,0,0
R02,SKU-1175,2025-12-12,26,1,0
R02,SKU-1175,2025-12-13,25,0,0
R02,SKU-1175,2025-12-14,20,1,1
R02,SKU-1175,2025-12-15,18,0,0
R02,SKU-1175,12/16/2025,28,0,0
R02,SKU-1175,2025-12-17,25,0,0
R02,SKU-1175,2025-12-18,22,1,0
R02,SKU-1175,2025-12-19,29,0,0
R02,SKU-1175,2025-12-20,21,0,0
R02,SKU-1175,2025-12-21,32,0,0
R02,SKU-1175,2025-12-22,23,2,0
R02,SKU-1175,2025-12-23,24,1,0
R02,SKU-1175,2025-12-24,24,1,0
R02,SKU-1175,2025-12-25,21,0,0
R02,SKU-1175,2025-12-26,21,0,0
R02,SKU-1175,2025-12-27,19,0,0
R02,SKU-1175,2025-12-28,25,1,0
R02,SKU-1175,2025-12-29,26,0,0
R02,SKU-1175,2025-12-30,26,0,0
R02,SKU-1175,31-Dec-25,18,0,0
R02,SKU-1042,01-Dec-25,25,0,0
R02,SKU-1042,2025-12-02,28,0,0
R02,SKU-1042,2025-12-03,29,0,0
R02,SKU-1042,2025-12-04,24,0,0
R02,SKU-1042,12/05/2025,33,2,0
R02,SKU-1042,2025-12-06,33,1,0
R02,SKU-1042,12/07/2025,22,1,0
R02,SKU-1042,2025-12-08,28,0,0
R02,SKU-1042,12/09/2025,27,0,1
R02,SKU-1042,2025-12-10,21,0,0
R02,SKU-1042,2025-12-11,30,0,0
R02,SKU-1042,2025-12-12,26,0,0
R02,SKU-1042,2025-12-13,21,0,0
R02,SKU-1042,2025-12-14,25,1,0
R02,SKU-1042,2025-12-15,27,0,0
R02,SKU-1042,2025-12-16,26,0,0
R02,SKU-1042,2025-12-17,34,0,0
R02,SKU-1042,18-Dec-25,26,1,0
R02,SKU-1042,2025-12-19,20,0,1
R02,SKU-1042,20-Dec-25,27,1,0
R02,SKU-1042,2025-12-21,27,0,1
R02,SKU-1042,2025-12-22,20,2,0
R02,SKU-1042,12/23/2025,30,0,0
R02,SKU-1042,2025-12-24,22,0,1
R02,SKU-1042,25-Dec-25,22,0,0
R02,SKU-1042,2025-12-26,25,1,0
R02,SKU-1042,2025-12-27,24,0,0
R02,SKU-1042,12/28/2025,24,1,0
R02,SKU-1042,2025-12-29,29,0,0
R02,SKU-1042,12/30/2025,28,0,0
R02,SKU-1042,2025-12-31,15,0,0
R02,SKU-1007,01-Dec-25,15,0,0
R02,SKU-1007,02-Dec-25,18,0,0
R02,SKU-1007,2025-12-03,9,0,1
R02,SKU-1007,12/04/2025,9,0,0
R02,SKU-1007,2025-12-05,14,0,1
R02,SKU-1007,12/06/2025,15,0,0
R02,SKU-1007,12/07/2025,13,0,0
R02,SKU-1007,12/08/2025,11,0,0
R02,SKU-1007,09-Dec-25,16,0,1
R02,SKU-1007,2025-12-10,12,0,1
R02,SKU-1007,11-Dec-25,18,0,0
R02,SKU-1007,2025-12-12,19,0,0
R02,SKU-1007,12/13/2025,13,0,0
R02,SKU-1007,2025-12-14,12,0,0
R02,SKU-1007,12/15/2025,18,0,0
R02,SKU-1007,16-Dec-25,8,0,0
R02,SKU-1007,17-Dec-25,17,0,0
R02,SKU-1007,12/18/2025,9,0,0
R02,SKU-1007,12/19/2025,10,3,0
R02,SKU-1007,2025-12-20,7,1,0
R02,SKU-1007,2025-12-21,9,0,0
R02,SKU-1007,2025-12-22,8,0,0
R02,SKU-1007,12/23/2025,9,1,0
R02,SKU-1007,12/24/2025,8,0,1
R02,SKU-1007,25-Dec-25,10,0,0
R02,SKU-1007,26-Dec-25,13,1,1
R02,SKU-1007,2025-12-27,15,1,1
R02,SKU-1007,2025-12-28,13,1,0
R02,SKU-1007,12/29/2025,13,0,0
R02,SKU-1007,12/30/2025,12,0,0
R02,SKU-1007,2025-12-31,19,0,0
R02,SKU-1126,2025-12-01,29,0,0
R02,SKU-1126,02-Dec-25,22,1,0
R02,SKU-1126,2025-12-03,21,0,0
R02,SKU-1126,04-Dec-25,37,1,0
R02,SKU-1126,12/05/2025,34,1,0
R02,SKU-1126,2025-12-06,29,1,0
R02,SKU-1126,12/07/2025,38,0,0
R02,SKU-1126,2025-12-08,30,1,0
R02,SKU-1126,09-Dec-25,32,0,1
R02,SKU-1126,2025-12-10,32,1,0
R02,SKU-1126,12/11/2025,28,1,0
R02,SKU-1126,2025-12-12,42,0,1
R02,SKU-1126,2025-12-13,36,0,0
R02,SKU-1126,2025-12-14,29,0,0
R02,SKU-1126,15-Dec-25,26,1,0
R02,SKU-1126,12/16/2025,31,1,1
R02,SKU-1126,2025-12-17,26,0,0
R02,SKU-1126,2025-12-18,20,0,0
R02,SKU-1126,2025-12-19,27,0,0
R02,SKU-1126,2025-12-20,31,0,1
R02,SKU-1126,2025-12-21,25,1,0
R02,SKU-1126,2025-12-22,35,0,0
R02,SKU-1126,2025-12-23,33,2,1
R02,SKU-1126,2025-12-24,31,0,0
R02,SKU-1126,2025-12-25,22,0,0
R02,SKU-1126,26-Dec-25,31,1,0
R02,SKU-1126,12/27/2025,29,0,1
R02,SKU-1126,28-Dec-25,31,0,1
R02,SKU-1126,29-Dec-25,21,0,0
R02,SKU-1126,30-Dec-25,39,0,0
R02,SKU-1126,31-Dec-25,23,1,0
R02,SKU-1273,2025-12-01,17,1,0
R02,SKU-1273,2025-12-02,20,0,0
R02,SKU-1273,2025-12-03,16,0,0
R02,SKU-1273,12/04/2025,10,0,0
R02,SKU-1273,12/05/2025,19,1,0
R02,SKU-1273,12/06/2025,26,0,0
R02,SKU-1273,2025-12-07,34,0,0
R02,SKU-1273,2025-12-08,21,0,0
R02,SKU-1273,2025-12-09,25,0,1
R02,SKU-1273,2025-12-10,15,0,0
R02,SKU-1273,12/11/2025,26,0,0
R02,SKU-1273,2025-12-12,21,0,0
R02,SKU-1273,2025-12-13,26,1,0
R02,SKU-1273,2025-12-14,27,0,0
R02,SKU-1273,2025-12-15,26,0,0
R02,SKU-1273,12/16/2025,20,0,0
R02,SKU-1273,2025-12-17,24,0,0
R02,SKU-1273,12/18/2025,21,0,1
R02,SKU-1273,12/19/2025,11,0,1
R02,SKU-1273,2025-12-20,19,2,0
R02,SKU-1273,12/21/2025,19,0,0
R02,SKU-1273,2025-12-22,28,0,0
R02,SKU-1273,2025-12-23,25,0,0
R02,SKU-1273,2025-12-24,22,1,0
R02,SKU-1273,2025-12-25,20,0,1
R02,SKU-1273,2025-12-26,20,1,0
R02,SKU-1273,2025-12-27,23,0,0
R02,SKU-1273,2025-12-28,16,0,0
R02,SKU-1273,12/29/2025,15,0,0
R02,SKU-1273,2025-12-30,19,0,0
R02,SKU-1273,31-Dec-25,20,0,0
R02,SKU-1056,01-Dec-25,23,0,0
R02,SKU-1056,2025-12-02,14,0,0
R02,SKU-1056,2025-12-03,12,0,0
R02,SKU-1056,04-Dec-25,14,1,0
R02,SKU-1056,12/05/2025,12,0,0
R02,SKU-1056,06-Dec-25,21,0,0
R02,SKU-1056,07-Dec-25,17,1,0
R02,SKU-1056,08-Dec-25,18,0,0
R02,SKU-1056,2025-12-09,22,0,0
R02,SKU-1056,10-Dec-25,17,0,0
R02,SKU-1056,2025-12-11,16,1,0
R02,SKU-1056,12/12/2025,15,0,0
R02,SKU-1056,2025-12-13,23,1,0
R02,SKU-1056,2025-12-14,12,0,0
R02,SKU-1056,12/15/2025,21,0,0
R02,SKU-1056,2025-12-16,22,0,0
R02,SKU-1056,2025-12-17,20,1,1
R02,SKU-1056,12/18/2025,17,0,0
R02,SKU-1056,19-Dec-25,18,0,1
R02,SKU-1056,2025-12-20,25,1,0
R02,SKU-1056,21-Dec-25,13,0,0
R02,SKU-1056,22-Dec-25,10,1,0
R02,SKU-1056,2025-12-23,19,1,0
R02,SKU-1056,2025-12-24,16,0,0
R02,SKU-1056,2025-12-25,15,0,1
R02,SKU-1056,2025-12-26,14,1,0
R02,SKU-1056,2025-12-27,20,0,0
R02,SKU-1056,2025-12-28,14,0,0
R02,SKU-1056,2025-12-29,18,1,0
R02,SKU-1056,2025-12-30,26,0,0
R02,SKU-1056,2025-12-31,15,0,0
R02,SKU-1280,12/01/2025,13,0,0
R02,SKU-1280,2025-12-02,18,0,0
R02,SKU-1280,2025-12-03,13,0,0
R02,SKU-1280,2025-12-04,14,0,0
R02,SKU-1280,2025-12-05,19,0,0
R02,SKU-1280,2025-12-06,16,0,0
R02,SKU-1280,07-Dec-25,16,0,0
R02,SKU-1280,2025-12-08,14,1,0
R02,SKU-1280,2025-12-09,22,1,0
R02,SKU-1280,2025-12-10,17,0,0
R02,SKU-1280,11-Dec-25,17,1,0
R02,SKU-1280,2025-12-12,13,1,0
R02,SKU-1280,2025-12-13,20,0,0
R02,SKU-1280,2025-12-14,10,1,1
R02,SKU-1280,12/15/2025,17,2,0
R02,SKU-1280,2025-12-16,23,1,0
R02,SKU-1280,2025-12-17,17,1,0
R02,SKU-1280,12/18/2025,16,2,0
R02,SKU-1280,2025-12-19,16,0,0
R02,SKU-1280,2025-12-20,26,0,0
R02,SKU-1280,12/21/2025,21,0,0
R02,SKU-1280,12/22/2025,23,1,0
R02,SKU-1280,2025-12-23,18,0,0
R02,SKU-1280,2025-12-24,26,1,0
R02,SKU-1280,2025-12-25,17,0,0
R02,SKU-1280,2025-12-26,23,1,0
R02,SKU-1280,12/27/2025,15,0,0
R02,SKU-1280,12/28/2025,17,2,0
R02,SKU-1280,2025-12-29,14,0,0
R02,SKU-1280,12/30/2025,21,0,0
R02,SKU-1280,2025-12-31,12,0,0
R02,SKU-1259,12/01/2025,21,0,0
R02,SKU-1259,2025-12-02,29,0,0
R02,SKU-1259,12/03/2025,17,0,0
R02,SKU-1259,2025-12-04,31,1,0
R02,SKU-1259,2025-12-05,23,1,1
R02,SKU-1259,2025-12-06,17,1,0
R02,SKU-1259,07-Dec-25,23,0,0
R02,SKU-1259,2025-12-08,21,0,0
R02,SKU-1259,2025-12-09,16,1,0
R02,SKU-1259,2025-12-10,25,0,0
R02,SKU-1259,11-Dec-25,22,2,0
R02,SKU-1259,2025-12-12,23,0,0
R02,SKU-1259,2025-12-13,24,0,0
R02,SKU-1259,2025-12-14,34,1,0
R02,SKU-1259,2025-12-15,22,1,0
R02,SKU-1259,2025-12-16,22,0,0
R02,SKU-1259,2025-12-17,17,0,0
R02,SKU-1259,2025-12-18,16,1,0
R02,SKU-1259,2025-12-19,23,0,0
R02,SKU-1259,2025-12-20,30,0,0
R02,SKU-1259,2025-12-21,22,0,1
R02,SKU-1259,2025-12-22,31,0,0
R02,SKU-1259,2025-12-23,30,0,1
R02,SKU-1259,2025-12-24,31,0,0
R02,SKU-1259,2025-12-25,26,2,0
R02,SKU-1259,2025-12-26,21,0,0
R02,SKU-1259,2025-12-27,20,0,0
R02,SKU-1259,2025-12-28,15,0,0
R02,SKU-1259,29-Dec-25,32,0,0
R02,SKU-1259,2025-12-30,22,0,0
R02,SKU-1259,2025-12-31,20,1,0
R03,SKU-1091,2025-12-01,19,1,0
R03,SKU-1091,02-Dec-25,13,1,0
R03,SKU-1091,2025-12-03,12,0,0
R03,SKU-1091,04-Dec-25,13,0,0
R03,SKU-1091,12/05/2025,18,0,0
R03,SKU-1091,12/06/2025,14,1,0
R03,SKU-1091,2025-12-07,17,0,1
R03,SKU-1091,12/08/2025,12,0,0
R03,SKU-1091,2025-12-09,12,0,0
R03,SKU-1091,2025-12-10,11,2,0
R03,SKU-1091,2025-12-11,16,1,0
R03,SKU-1091,12/12/2025,14,1,0
R03,SKU-1091,2025-12-13,17,0,0
R03,SKU-1091,2025-12-14,10,1,0
R03,SKU-1091,15-Dec-25,4,0,0
R03,SKU-1091,12/16/2025,9,1,0
R03,SKU-1091,12/17/2025,11,0,0
R03,SKU-1091,2025-12-18,8,0,0
R03,SKU-1091,2025-12-19,12,0,0
R03,SKU-1091,2025-12-20,12,0,0
R03,SKU-1091,12/21/2025,8,1,0
R03,SKU-1091,22-Dec-25,10,0,0
R03,SKU-1091,12/23/2025,9,2,0
R03,SKU-1091,2025-12-24,11,1,0
R03,SKU-1091,2025-12-25,12,0,0
R03,SKU-1091,12/26/2025,7,0,1
R03,SKU-1091,2025-12-27,13,0,1
R03,SKU-1091,2025-12-28,13,0,1
R03,SKU-1091,2025-12-29,12,0,0
R03,SKU-1091,2025-12-30,13,0,0
R03,SKU-1091,2025-12-31,11,0,0
R03,SKU-1140,12/01/2025,26,0,0
R03,SKU-1140,02-Dec-25,21,0,0
R03,SKU-1140,12/03/2025,25,0,1
R03,SKU-1140,12/04/2025,18,0,1
R03,SKU-1140,05-Dec-25,32,0,0
R03,SKU-1140,2025-12-06,23,0,0
R03,SKU-1140,2025-12-07,31,0,1
R03,SKU-1140,2025-12-08,20,1,0
R03,SKU-1140,2025-12-09,26,1,0
R03,SKU-1140,2025-12-10,26,0,0
R03,SKU-1140,2025-12-11,27,1,0
R03,SKU-1140,2025-12-12,29,0,0
R03,SKU-1140,13-Dec-25,22,0,0
R03,SKU-1140,2025-12-14,24,0,0
R03,SKU-1140,2025-12-15,26,0,0
R03,SKU-1140,2025-12-16,26,0,0
R03,SKU-1140,2025-12-17,27,2,0
R03,SKU-1140,2025-12-18,24,0,0
R03,SKU-1140,12/19/2025,30,0,0
R03,SKU-1140,12/20/2025,31,0,0
R03,SKU-1140,12/21/2025,27,0,0
R03,SKU-1140,22-Dec-25,29,0,0
R03,SKU-1140,2025-12-23,22,1,0
R03,SKU-1140,2025-12-24,35,1,0
R03,SKU-1140,12/25/2025,27,0,1
R03,SKU-1140,2025-12-26,28,0,0
R03,SKU-1140,27-Dec-25,29,0,0
R03,SKU-1140,12/28/2025,24,0,0
R03,SKU-1140,12/29/2025,32,0,0
R03,SKU-1140,2025-12-30,31,0,0
R03,SKU-1140,2025-12-31,30,0,0
R03,SKU-1035,12/01/2025,22,0,0
R03,SKU-1035,12/02/2025,34,0,0
R03,SKU-1035,12/03/2025,17,0,0
R03,SKU-1035,2025-12-04,29,1,0
R03,SKU-1035,2025-12-05,23,0,0
R03,SKU-1035,2025-12-06,21,0,0
R03,SKU-1035,2025-12-07,24,0,0
R03,SKU-1035,12/08/2025,23,0,0
R03,SKU-1035,2025-12-09,30,1,0
R03,SKU-1035,12/10/2025,29,0,0
R03,SKU-1035,2025-12-11,26,1,0
R03,SKU-1035,2025-12-12,34,0,0
R03,SKU-1035,2025-12-13,31,1,0
R03,SKU-1035,2025-12-14,18,1,0
R03,SKU-1035,15-Dec-25,31,0,0
R03,SKU-1035,16-Dec-25,35,0,0
R03,SKU-1035,12/17/2025,29,1,0
R03,SKU-1035,12/18/2025,24,0,0
R03,SKU-1035,12/19/2025,39,0,0
R03,SKU-1035,20-Dec-25,16,3,0
R03,SKU-1035,2025-12-21,19,0,1
R03,SKU-1035,2025-12-22,27,1,0
R03,SKU-1035,12/23/2025,22,0,0
R03,SKU-1035,2025-12-24,36,1,0
R03,SKU-1035,12/25/2025,25,0,1
R03,SKU-1035,26-Dec-25,24,0,0
R03,SKU-1035,2025-12-27,30,1,0
R03,SKU-1035,12/28/2025,17,0,0
R03,SKU-1035,2025-12-29,21,0,0
R03,SKU-1035,2025-12-30,25,0,0
R03,SKU-1035,2025-12-31,26,0,0
R03,SKU-1098,2025-12-01,14,0,1
R03,SKU-1098,02-Dec-25,33,0,0
R03,SKU-1098,2025-12-03,34,0,0
R03,SKU-1098,2025-12-04,23,1,1
R03,SKU-1098,12/05/2025,26,0,0
R03,SKU-1098,12/06/2025,23,0,0
R03,SKU-1098,2025-12-07,34,0,0
R03,SKU-1098,12/08/2025,35,0,1
R03,SKU-1098,2025-12-09,25,0,0
R03,SKU-1098,2025-12-10,35,0,1
R03,SKU-1098,2025-12-11,29,0,0
R03,SKU-1098,2025-12-12,29,0,0
R03,SKU-1098,2025-12-13,16,0,0
R03,SKU-1098,12/14/2025,26,0,0
R03,SKU-1098,2025-12-15,28,0,0
R03,SKU-1098,12/16/2025,24,1,0
R03,SKU-1098,12/17/2025,29,0,0
R03,SKU-1098,12/18/2025,32,1,0
R03,SKU-1098,2025-12-19,20,0,0
R03,SKU-1098,2025-12-20,21,1,1
R03,SKU-1098,21-Dec-25,22,0,1
R03,SKU-1098,12/22/2025,29,0,1
R03,SKU-1098,12/23/2025,29,0,1
R03,SKU-1098,2025-12-24,30,0,0
R03,SKU-1098,12/25/2025,25,0,0
R03,SKU-1098,2025-12-26,24,0,0
R03,SKU-1098,12/27/2025,17,0,1
R03,SKU-1098,2025-12-28,33,0,1
R03,SKU-1098,12/29/2025,28,2,0
R03,SKU-1098,2025-12-30,34,0,0
R03,SKU-1098,2025-12-31,23,2,0
R03,SKU-1049,2025-12-01,11,0,0
R03,SKU-1049,2025-12-02,14,0,1
R03,SKU-1049,2025-12-03,8,0,0
R03,SKU-1049,2025-12-04,14,1,0
R03,SKU-1049,2025-12-05,14,1,0
R03,SKU-1049,12/06/2025,22,0,0
R03,SKU-1049,2025-12-07,11,1,0
R03,SKU-1049,2025-12-08,13,0,0
R03,SKU-1049,12/09/2025,10,0,0
R03,SKU-1049,10-Dec-25,15,0,0
R03,SKU-1049,12/11/2025,11,2,0
R03,SKU-1049,2025-12-12,11,0,0
R03,SKU-1049,12/13/2025,13,0,1
R03,SKU-1049,2025-12-14,10,0,0
R03,SKU-1049,2025-12-15,6,0,0
R03,SKU-1049,12/16/2025,8,0,0
R03,SKU-1049,2025-12-17,16,0,0
R03,SKU-1049,2025-12-18,8,0,0
R03,SKU-1049,2025-12-19,11,0,0
R03,SKU-1049,2025-12-20,18,0,0
R03,SKU-1049,12/21/2025,10,0,0
R03,SKU-1049,2025-12-22,11,0,0
R03,SKU-1049,12/23/2025,12,0,0
R03,SKU-1049,12/24/2025,10,0,0
R03,SKU-1049,25-Dec-25,12,1,0
R03,SKU-1049,2025-12-26,17,0,0
R03,SKU-1049,27-Dec-25,15,1,1
R03,SKU-1049,2025-12-28,6,0,0
R03,SKU-1049,12/29/2025,9,1,0
R03,SKU-1049,30-Dec-25,10,1,0
R03,SKU-1049,2025-12-31,11,0,0
R03,SKU-1161,01-Dec-25,29,0,0
R03,SKU-1161,2025-12-02,27,1,0
R03,SKU-1161,2025-12-03,29,1,0
R03,SKU-1161,12/04/2025,29,1,0
R03,SKU-1161,2025-12-05,31,2,0
R03,SKU-1161,2025-12-06,19,1,0
R03,SKU-1161,2025-12-07,28,0,0
R03,SKU-1161,2025-12-08,34,0,0
R03,SKU-1161,2025-12-09,28,0,0
R03,SKU-1161,10-Dec-25,29,1,0
R03,SKU-1161,2025-12-11,39,1,0
R03,SKU-1161,12-Dec-25,29,1,1
R03,SKU-1161,2025-12-13,37,1,0
R03,SKU-1161,2025-12-14,26,0,0
R03,SKU-1161,12/15/2025,28,0,0
R03,SKU-1161,2025-12-16,32,0,0
R03,SKU-1161,12/17/2025,26,0,1
R03,SKU-1161,2025-12-18,38,0,0
R03,SKU-1161,19-Dec-25,30,1,0
R03,SKU-1161,20-Dec-25,24,0,0
R03,SKU-1161,12/21/2025,32,1,0
R03,SKU-1161,2025-12-22,28,0,0
R03,SKU-1161,2025-12-23,34,2,1
R03,SKU-1161,2025-12-24,24,0,0
R03,SKU-1161,25-Dec-25,31,0,0
R03,SKU-1161,2025-12-26,29,1,0
R03,SKU-1161,2025-12-27,32,1,0
R03,SKU-1161,2025-12-28,36,0,0
R03,SKU-1161,2025-12-29,25,0,0
R03,SKU-1161,2025-12-30,35,0,0
R03,SKU-1161,2025-12-31,33,0,0
R03,SKU-1063,12/01/2025,5,1,0
R03,SKU-1063,02-Dec-25,9,0,0
R03,SKU-1063,03-Dec-25,7,0,0
R03,SKU-1063,12/04/2025,7,0,1
R03,SKU-1063,2025-12-05,5,1,1
R03,SKU-1063,12/06/2025,7,1,0
R03,SKU-1063,2025-12-07,9,0,1
R03,SKU-1063,12/08/2025,3,0,0
R03,SKU-1063,2025-12-09,5,0,0
R03,SKU-1063,12/10/2025,3,1,0
R03,SKU-1063,11-Dec-25,12,0,0
R03,SKU-1063,2025-12-12,5,3,0
R03,SKU-1063,2025-12-13,8,1,0
R03,SKU-1063,2025-12-14,9,0,0
R03,SKU-1063,2025-12-15,4,0,0
R03,SKU-1063,2025-12-16,4,1,0
R03,SKU-1063,17-Dec-25,5,0,0
R03,SKU-1063,12/18/2025,6,0,1
R03,SKU-1063,12/19/2025,5,0,0
R03,SKU-1063,2025-12-20,5,3,0
R03,SKU-1063,12/21/2025,8,0,0
R03,SKU-1063,2025-12-22,6,0,0
R03,SKU-1063,2025-12-23,4,1,1
R03,SKU-1063,2025-12-24,7,0,0
R03,SKU-1063,25-Dec-25,7,1,0
R03,SKU-1063,2025-12-26,5,0,0
R03,SKU-1063,27-Dec-25,5,1,0
R03,SKU-1063,2025-12-28,7,2,1
R03,SKU-1063,2025-12-29,8,0,0
R03,SKU-1063,2025-12-30,3,0,0
R03,SKU-1063,2025-12-31,8,1,0
R03,SKU-1224,2025-12-01,17,0,0
R03,SKU-1224,12/02/2025,21,1,0
R03,SKU-1224,2025-12-03,11,1,0
R03,SKU-1224,2025-12-04,9,1,0
R03,SKU-1224,2025-12-05,19,0,1
R03,SKU-1224,2025-12-06,16,1,1
R03,SKU-1224,2025-12-07,16,2,0
R03,SKU-1224,12/08/2025,12,0,0
R03,SKU-1224,2025-12-09,13,0,0
R03,SKU-1224,2025-12-10,21,0,0
R03,SKU-1224,12/11/2025,13,1,0
R03,SKU-1224,12/12/2025,11,0,0
R03,SKU-1224,2025-12-13,20,1,1
R03,SKU-1224,12/14/2025,20,0,0
R03,SKU-1224,2025-12-15,25,0,1
R03,SKU-1224,2025-12-16,12,1,0
R03,SKU-1224,2025-12-17,14,0,0
R03,SKU-1224,2025-12-18,18,1,0
R03,SKU-1224,2025-12-19,17,0,0
R03,SKU-1224,2025-12-20,16,1,1
R03,SKU-1224,12/21/2025,18,0,0
R03,SKU-1224,2025-12-22,10,1,0
R03,SKU-1224,2025-12-23,12,1,0
R03,SKU-1224,2025-12-24,14,1,0
R03,SKU-1224,12/25/2025,18,0,0
R03,SKU-1224,26-Dec-25,21,0,0
R03,SKU-1224,2025-12-27,14,0,1
R03,SKU-1224,28-Dec-25,7,1,0
R03,SKU-1224,2025-12-29,20,0,0
R03,SKU-1224,2025-12-30,10,0,0
R03,SKU-1224,31-Dec-25,19,1,0
R03,SKU-1084,12/01/2025,12,0,0
R03,SKU-1084,12/02/2025,17,1,0
R03,SKU-1084,2025-12-03,12,1,0
R03,SKU-1084,2025-12-04,8,1,0
R03,SKU-1084,2025-12-05,14,0,1
R03,SKU-1084,12/06/2025,10,0,0
R03,SKU-1084,12/07/2025,11,0,0
R03,SKU-1084,2025-12-08,12,0,0
R03,SKU-1084,2025-12-09,7,0,0
R03,SKU-1084,2025-12-10,10,0,0
R03,SKU-1084,2025-12-11,12,1,0
R03,SKU-1084,2025-12-12,10,1,0
R03,SKU-1084,13-Dec-25,14,1,0
R03,SKU-1084,2025-12-14,15,0,0
R03,SKU-1084,2025-12-15,11,1,0
R03,SKU-1084,2025-12-16,12,0,0
R03,SKU-1084,12/17/2025,11,0,0
R03,SKU-1084,2025-12-18,8,0,0
R03,SKU-1084,2025-12-19,10,0,0
R03,SKU-1084,20-Dec-25,12,1,0
R03,SKU-1084,2025-12-21,7,1,0
R03,SKU-1084,2025-12-22,10,0,0
R03,SKU-1084,2025-12-23,12,0,0
R03,SKU-1084,24-Dec-25,13,1,0
R03,SKU-1084,2025-12-25,7,0,0
R03,SKU-1084,2025-12-26,11,2,0
R03,SKU-1084,2025-12-27,11,0,0
R03,SKU-1084,2025-12-28,15,0,0
R03,SKU-1084,12/29/2025,14,2,0
R03,SKU-1084,2025-12-30,7,0,0
R03,SKU-1084,2025-12-31,11,0,1
R03,SKU-1126,2025-12-01,24,1,0
R03,SKU-1126,2025-12-02,19,1,0
R03,SKU-1126,2025-12-03,27,0,0
R03,SKU-1126,2025-12-04,39,0,0
R03,SKU-1126,2025-12-05,34,0,0
R03,SKU-1126,06-Dec-25,29,0,0
R03,SKU-1126,12/07/2025,33,0,0
R03,SKU-1126,2025-12-08,32,0,0
R03,SKU-1126,12/09/2025,24,0,1
R03,SKU-1126,2025-12-10,29,0,0
R03,SKU-1126,2025-12-11,33,0,0
R03,SKU-1126,2025-12-12,38,0,0
R03,SKU-1126,2025-12-13,27,0,0
R03,SKU-1126,14-Dec-25,23,1,0
R03,SKU-1126,12/15/2025,23,1,0
R03,SKU-1126,2025-12-16,36,0,0
R03,SKU-1126,2025-12-17,26,1,0
R03,SKU-1126,2025-12-18,30,0,0
R03,SKU-1126,12/19/2025,26,0,0
R03,SKU-1126,20-Dec-25,26,1,0
R03,SKU-1126,2025-12-21,28,0,0
R03,SKU-1126,22-Dec-25,29,0,0
R03,SKU-1126,2025-12-23,33,0,0
R03,SKU-1126,24-Dec-25,27,0,0
R03,SKU-1126,2025-12-25,27,0,0
R03,SKU-1126,26-Dec-25,28,0,0
R03,SKU-1126,2025-12-27,28,0,0
R03,SKU-1126,2025-12-28,26,1,1
R03,SKU-1126,2025-12-29,28,0,0
R03,SKU-1126,12/30/2025,36,1,0
R03,SKU-1126,2025-12-31,28,0,0
R03,SKU-1007,2025-12-01,5,1,0
R03,SKU-1007,2025-12-02,3,0,1
R03,SKU-1007,2025-12-03,4,0,0
R03,SKU-1007,2025-12-04,10,0,1
R03,SKU-1007,2025-12-05,7,1,0
R03,SKU-1007,2025-12-06,3,2,1
R03,SKU-1007,2025-12-07,9,0,1
R03,SKU-1007,2025-12-08,4,1,1
R03,SKU-1007,2025-12-09,5,0,1
R03,SKU-1007,10-Dec-25,7,1,0
R03,SKU-1007,2025-12-11,4,0,0
R03,SKU-1007,2025-12-12,0,0,0
R03,SKU-1007,2025-12-13,2,0,0
R03,SKU-1007,2025-12-14,4,0,0
R03,SKU-1007,2025-12-15,7,1,0
R03,SKU-1007,12/16/2025,1,1,0
R03,SKU-1007,17-Dec-25,6,0,0
R03,SKU-1007,12/18/2025,2,1,0
R03,SKU-1007,2025-12-19,6,0,0
R03,SKU-1007,2025-12-20,4,0,0
R03,SKU-1007,2025-12-21,3,0,0
R03,SKU-1007,22-Dec-25,5,0,0
R03,SKU-1007,2025-12-23,6,0,0
R03,SKU-1007,12/24/2025,10,0,1
R03,SKU-1007,2025-12-25,9,0,0
R03,SKU-1007,2025-12-26,3,3,0
R03,SKU-1007,2025-12-27,3,0,0
R03,SKU-1007,12/28/2025,7,0,0
R03,SKU-1007,2025-12-29,6,2,1
R03,SKU-1007,30-Dec-25,9,0,0
R03,SKU-1007,2025-12-31,3,0,0
R03,SKU-1021,2025-12-01,33,1,0
R03,SKU-1021,2025-12-02,19,0,0
R03,SKU-1021,03-Dec-25,21,0,0
R03,SKU-1021,2025-12-04,27,1,0
R03,SKU-1021,05-Dec-25,27,0,0
R03,SKU-1021,12/06/2025,34,1,0
R03,SKU-1021,07-Dec-25,39,0,0
R03,SKU-1021,2025-12-08,42,0,0
R03,SKU-1021,12/09/2025,27,1,0
R03,SKU-1021,10-Dec-25,31,0,0
R03,SKU-1021,12/11/2025,37,0,0
R03,SKU-1021,2025-12-12,28,0,0
R03,SKU-1021,2025-12-13,34,1,0
R03,SKU-1021,12/14/2025,35,0,1
R03,SKU-1021,2025-12-15,31,0,0
R03,SKU-1021,2025-12-16,46,0,0
R03,SKU-1021,2025-12-17,28,1,0
R03,SKU-1021,12/18/2025,28,1,0
R03,SKU-1021,19-Dec-25,30,0,0
R03,SKU-1021,12/20/2025,21,0,0
R03,SKU-1021,12/21/2025,33,0,0
R03,SKU-1021,2025-12-22,23,0,0
R03,SKU-1021,2025-12-23,37,0,0
R03,SKU-1021,2025-12-24,27,1,0
R03,SKU-1021,12/25/2025,29,1,0
R03,SKU-1021,26-Dec-25,35,0,0
R03,SKU-1021,2025-12-27,31,0,0
R03,SKU-1021,2025-12-28,26,1,0
R03,SKU-1021,29-Dec-25,38,1,0
R03,SKU-1021,2025-12-30,32,0,0
R03,SKU-1021,2025-12-31,35,0,0
R03,SKU-1119,01-Dec-25,33,0,0
R03,SKU-1119,02-Dec-25,33,1,0
R03,SKU-1119,12/03/2025,41,1,0
R03,SKU-1119,2025-12-04,27,0,0
R03,SKU-1119,12/05/2025,26,1,0
R03,SKU-1119,12/06/2025,32,2,0
R03,SKU-1119,2025-12-07,29,2,0
R03,SKU-1119,2025-12-08,34,1,0
R03,SKU-1119,2025-12-09,46,0,0
R03,SKU-1119,12/10/2025,20,1,0
R03,SKU-1119,2025-12-11,33,0,0
R03,SKU-1119,2025-12-12,33,0,0
R03,SKU-1119,2025-12-13,31,0,0
R03,SKU-1119,2025-12-14,36,1,0
R03,SKU-1119,2025-12-15,37,0,0
R03,SKU-1119,2025-12-16,27,1,0
R03,SKU-1119,17-Dec-25,41,0,0
R03,SKU-1119,2025-12-18,30,2,1
R03,SKU-1119,12/19/2025,36,1,0
R03,SKU-1119,2025-12-20,38,1,0
R03,SKU-1119,2025-12-21,23,1,1
R03,SKU-1119,2025-12-22,31,0,0
R03,SKU-1119,2025-12-23,29,0,0
R03,SKU-1119,12/24/2025,35,0,0
R03,SKU-1119,25-Dec-25,44,0,0
R03,SKU-1119,2025-12-26,34,1,0
R03,SKU-1119,12/27/2025,38,0,1
R03,SKU-1119,2025-12-28,31,1,0
R03,SKU-1119,2025-12-29,32,0,0
R03,SKU-1119,12/30/2025,33,0,0
R03,SKU-1119,2025-12-31,34,0,0
R03,SKU-1070,12/01/2025,15,1,0
R03,SKU-1070,02-Dec-25,21,0,1
R03,SKU-1070,2025-12-03,12,0,0
R03,SKU-1070,2025-12-04,14,1,0
R03,SKU-1070,12/05/2025,18,1,0
R03,SKU-1070,12/06/2025,15,0,0
R03,SKU-1070,2025-12-07,19,0,0
R03,SKU-1070,2025-12-08,17,0,0
R03,SKU-1070,12/09/2025,13,0,0
R03,SKU-1070,12/10/2025,21,0,0
R03,SKU-1070,12/11/2025,20,1,0
R03,SKU-1070,12-Dec-25,15,0,0
R03,SKU-1070,13-Dec-25,17,0,0
R03,SKU-1070,12/14/2025,18,0,0
R03,SKU-1070,2025-12-15,15,1,0
R03,SKU-1070,16-Dec-25,20,0,0
R03,SKU-1070,2025-12-17,18,0,1
R03,SKU-1070,2025-12-18,14,2,0
R03,SKU-1070,12/19/2025,13,0,0
R03,SKU-1070,12/20/2025,20,2,0
R03,SKU-1070,12/21/2025,16,0,0
R03,SKU-1070,12/22/2025,22,3,0
R03,SKU-1070,23-Dec-25,12,0,0
R03,SKU-1070,2025-12-24,14,1,0
R03,SKU-1070,2025-12-25,15,0,0
R03,SKU-1070,2025-12-26,12,1,0
R03,SKU-1070,12/27/2025,13,1,0
R03,SKU-1070,2025-12-28,13,1,1
R03,SKU-1070,2025-12-29,23,0,0
R03,SKU-1070,2025-12-30,10,0,1
R03,SKU-1070,31-Dec-25,17,0,0
R03,SKU-1252,01-Dec-25,23,0,0
R03,SKU-1252,12/02/2025,28,0,1
R03,SKU-1252,2025-12-03,22,0,0
R03,SKU-1252,12/04/2025,32,0,0
R03,SKU-1252,2025-12-05,25,0,0
R03,SKU-1252,06-Dec-25,38,0,1
R03,SKU-1252,2025-12-07,27,0,0
R03,SKU-1252,2025-12-08,31,0,0
R03,SKU-1252,2025-12-09,29,0,0
R03,SKU-1252,2025-12-10,27,0,0
R03,SKU-1252,12/11/2025,30,0,0
R03,SKU-1252,12-Dec-25,32,0,0
R03,SKU-1252,2025-12-13,27,1,0
R03,SKU-1252,2025-12-14,19,0,0
R03,SKU-1252,15-Dec-25,24,0,0
R03,SKU-1252,16-Dec-25,27,0,0
R03,SKU-1252,2025-12-17,22,0,0
R03,SKU-1252,2025-12-18,21,1,0
R03,SKU-1252,19-Dec-25,45,0,0
R03,SKU-1252,12/20/2025,21,0,1
R03,SKU-1252,12/21/2025,25,0,0
R03,SKU-1252,2025-12-22,26,0,0
R03,SKU-1252,2025-12-23,31,0,0
R03,SKU-1252,2025-12-24,24,0,0
R03,SKU-1252,2025-12-25,19,1,0
R03,SKU-1252,2025-12-26,29,1,0
R03,SKU-1252,27-Dec-25,19,1,0
R03,SKU-1252,2025-12-28,23,0,1
R03,SKU-1252,2025-12-29,30,0,0
R03,SKU-1252,30-Dec-25,18,0,0
R03,SKU-1252,12/31/2025,20,0,0
R03,SKU-1112,01-Dec-25,28,0,0
R03,SKU-1112,2025-12-02,29,1,0
R03,SKU-1112,12/03/2025,32,1,0
R03,SKU-1112,2025-12-04,23,0,0
R03,SKU-1112,12/05/2025,27,0,0
R03,SKU-1112,12/06/2025,39,0,1
R03,SKU-1112,2025-12-07,27,0,1
R03,SKU-1112,2025-12-08,32,0,0
R03,SKU-1112,2025-12-09,36,0,0
R03,SKU-1112,2025-12-10,27,1,0
R03,SKU-1112,12/11/2025,29,1,0
R03,SKU-1112,2025-12-12,25,1,1
R03,SKU-1112,2025-12-13,28,0,0
R03,SKU-1112,14-Dec-25,26,0,0
R03,SKU-1112,2025-12-15,37,1,0
R03,SKU-1112,2025-12-16,25,1,0
R03,SKU-1112,2025-12-17,30,1,1
R03,SKU-1112,2025-12-18,36,1,0
R03,SKU-1112,2025-12-19,34,0,1
R03,SKU-1112,2025-12-20,19,0,0
R03,SKU-1112,2025-12-21,23,0,0
R03,SKU-1112,12/22/2025,33,0,0
R03,SKU-1112,2025-12-23,31,0,0
R03,SKU-1112,2025-12-24,26,1,0
R03,SKU-1112,12/25/2025,27,0,0
R03,SKU-1112,2025-12-26,21,0,0
R03,SKU-1112,12/27/2025,39,1,0
R03,SKU-1112,2025-12-28,28,0,1
R03,SKU-1112,12/29/2025,29,1,0
R03,SKU-1112,30-Dec-25,30,0,0
R03,SKU-1112,12/31/2025,27,0,0
R03,SKU-1175,12/01/2025,22,0,0
R03,SKU-1175,2025-12-02,18,1,0
R03,SKU-1175,2025-12-03,25,0,0
R03,SKU-1175,2025-12-04,25,1,0
R03,SKU-1175,2025-12-05,20,0,0
R03,SKU-1175,2025-12-06,16,0,0
R03,SKU-1175,2025-12-07,19,0,0
R03,SKU-1175,08-Dec-25,25,0,0
R03,SKU-1175,09-Dec-25,23,2,1
R03,SKU-1175,2025-12-10,17,0,0
R03,SKU-1175,2025-12-11,16,0,0
R03,SKU-1175,12-Dec-25,22,1,0
R03,SKU-1175,2025-12-13,29,1,1
R03,SKU-1175,2025-12-14,14,1,0
R03,SKU-1175,12/15/2025,23,1,0
R03,SKU-1175,12/16/2025,22,0,0
R03,SKU-1175,2025-12-17,15,0,0
R03,SKU-1175,12/18/2025,14,0,1
R03,SKU-1175,12/19/2025,19,1,0
R03,SKU-1175,2025-12-20,15,1,0
R03,SKU-1175,12/21/2025,15,0,0
R03,SKU-1175,2025-12-22,21,1,0
R03,SKU-1175,2025-12-23,16,0,0
R03,SKU-1175,24-Dec-25,23,1,0
R03,SKU-1175,25-Dec-25,14,0,0
R03,SKU-1175,12/26/2025,22,0,0
R03,SKU-1175,12/27/2025,27,0,0
R03,SKU-1175,12/28/2025,24,1,0
R03,SKU-1175,29-Dec-25,17,0,1
R03,SKU-1175,12/30/2025,25,0,1
R03,SKU-1175,12/31/2025,21,0,0
R03,SKU-1259,2025-12-01,32,1,0
R03,SKU-1259,02-Dec-25,40,0,0
R03,SKU-1259,2025-12-03,24,0,0
R03,SKU-1259,2025-12-04,37,0,0
R03,SKU-1259,2025-12-05,30,0,0
R03,SKU-1259,2025-12-06,33,0,0
R03,SKU-1259,2025-12-07,32,0,0
R03,SKU-1259,12/08/2025,37,0,0
R03,SKU-1259,09-Dec-25,23,0,0
R03,SKU-1259,2025-12-10,23,1,0
R03,SKU-1259,2025-12-11,32,1,0
R03,SKU-1259,2025-12-12,25,0,0
R03,SKU-1259,2025-12-13,34,0,0
R03,SKU-1259,14-Dec-25,27,1,0
R03,SKU-1259,15-Dec-25,33,0,0
R03,SKU-1259,2025-12-16,24,1,0
R03,SKU-1259,12/17/2025,31,1,1
R03,SKU-1259,2025-12-18,35,0,0
R03,SKU-1259,2025-12-19,41,0,1
R03,SKU-1259,12/20/2025,42,0,0
R03,SKU-1259,12/21/2025,27,0,1
R03,SKU-1259,12/22/2025,31,0,0
R03,SKU-1259,12/23/2025,40,0,0
R03,SKU-1259,12/24/2025,29,0,0
R03,SKU-1259,12/25/2025,45,0,0
R03,SKU-1259,12/26/2025,28,0,1
R03,SKU-1259,2025-12-27,31,0,0
R03,SKU-1259,2025-12-28,30,0,0
R03,SKU-1259,2025-12-29,31,1,1
R03,SKU-1259,2025-12-30,37,0,0
R03,SKU-1259,2025-12-31,37,1,0
R03,SKU-1182,2025-12-01,2,0,0
R03,SKU-1182,12/02/2025,5,1,0
R03,SKU-1182,03-Dec-25,7,1,0
R03,SKU-1182,12/04/2025,4,0,0
R03,SKU-1182,05-Dec-25,9,0,0
R03,SKU-1182,2025-12-06,4,1,0
R03,SKU-1182,2025-12-07,4,0,0
R03,SKU-1182,08-Dec-25,4,1,0
R03,SKU-1182,12/09/2025,2,2,0
R03,SKU-1182,2025-12-10,8,0,0
R03,SKU-1182,2025-12-11,5,0,1
R03,SKU-1182,2025-12-12,2,0,0
R03,SKU-1182,2025-12-13,7,2,1
R03,SKU-1182,2025-12-14,4,0,0
R03,SKU-1182,2025-12-15,7,0,1
R03,SKU-1182,2025-12-16,3,0,0
R03,SKU-1182,17-Dec-25,5,0,0
R03,SKU-1182,2025-12-18,6,0,0
R03,SKU-1182,2025-12-19,5,0,0
R03,SKU-1182,2025-12-20,2,2,0
R03,SKU-1182,2025-12-21,3,0,0
R03,SKU-1182,2025-12-22,4,0,0
R03,SKU-1182,12/23/2025,4,1,0
R03,SKU-1182,12/24/2025,4,0,0
R03,SKU-1182,12/25/2025,5,0,0
R03,SKU-1182,2025-12-26,2,0,0
R03,SKU-1182,2025-12-27,3,0,1
R03,SKU-1182,12/28/2025,3,1,0
R03,SKU-1182,2025-12-29,3,2,0
R03,SKU-1182,2025-12-30,7,0,0
R03,SKU-1182,2025-12-31,2,0,0
R03,SKU-1266,12/01/2025,35,0,0
R03,SKU-1266,2025-12-02,22,0,0
R03,SKU-1266,2025-12-03,30,0,0
R03,SKU-1266,04-Dec-25,32,0,1
R03,SKU-1266,2025-12-05,33,1,0
R03,SKU-1266,12/06/2025,31,0,0
R03,SKU-1266,2025-12-07,25,0,1
R03,SKU-1266,08-Dec-25,21,0,0
R03,SKU-1266,2025-12-09,29,0,0
R03,SKU-1266,12/10/2025,25,0,0
R03,SKU-1266,2025-12-11,30,0,0
R03,SKU-1266,12-Dec-25,25,0,0
R03,SKU-1266,12/13/2025,34,0,0
R03,SKU-1266,2025-12-14,37,0,1
R03,SKU-1266,2025-12-15,22,0,1
R03,SKU-1266,12/16/2025,35,0,0
R03,SKU-1266,2025-12-17,20,0,0
R03,SKU-1266,2025-12-18,26,0,0
R03,SKU-1266,12/19/2025,37,1,1
R03,SKU-1266,2025-12-20,35,1,0
R03,SKU-1266,2025-12-21,34,1,0
R03,SKU-1266,2025-12-22,27,0,0
R03,SKU-1266,2025-12-23,32,1,0
R03,SKU-1266,2025-12-24,28,1,0
R03,SKU-1266,12/25/2025,25,1,0
R03,SKU-1266,2025-12-26,29,1,0
R03,SKU-1266,12/27/2025,28,0,0
R03,SKU-1266,2025-12-28,40,0,0
R03,SKU-1266,2025-12-29,33,1,0
R03,SKU-1266,2025-12-30,24,0,0
R03,SKU-1266,2025-12-31,27,0,1
R03,SKU-1077,12/01/2025,17,0,0
R03,SKU-1077,12/02/2025,14,1,0
R03,SKU-1077,2025-12-03,19,0,1
R03,SKU-1077,04-Dec-25,13,1,0
R03,SKU-1077,05-Dec-25,14,0,0
R03,SKU-1077,2025-12-06,17,0,0
R03,SKU-1077,2025-12-07,14,1,0
R03,SKU-1077,2025-12-08,21,1,0
R03,SKU-1077,2025-12-09,16,0,0
R03,SKU-1077,2025-12-10,16,0,0
R03,SKU-1077,2025-12-11,20,1,0
R03,SKU-1077,2025-12-12,13,0,0
R03,SKU-1077,12/13/2025,9,0,0
R03,SKU-1077,2025-12-14,20,1,0
R03,SKU-1077,12/15/2025,12,0,0
R03,SKU-1077,12/16/2025,13,1,0
R03,SKU-1077,2025-12-17,19,0,0
R03,SKU-1077,2025-12-18,19,0,0
R03,SKU-1077,12/19/2025,14,0,0
R03,SKU-1077,20-Dec-25,19,0,0
R03,SKU-1077,2025-12-21,14,0,0
R03,SKU-1077,2025-12-22,15,0,0
R03,SKU-1077,2025-12-23,15,0,0
R03,SKU-1077,12/24/2025,16,1,0
R03,SKU-1077,2025-12-25,17,0,0
R03,SKU-1077,2025-12-26,18,2,0
R03,SKU-1077,12/27/2025,22,1,0
R03,SKU-1077,12/28/2025,13,0,0
R03,SKU-1077,29-Dec-25,17,2,0
R03,SKU-1077,12/30/2025,18,0,0
R03,SKU-1077,31-Dec-25,16,1,0
R03,SKU-1280,2025-12-01,23,0,0
R03,SKU-1280,12/02/2025,32,0,0
R03,SKU-1280,2025-12-03,18,0,0
R03,SKU-1280,12/04/2025,31,0,0
R03,SKU-1280,2025-12-05,25,2,1
R03,SKU-1280,06-Dec-25,35,0,0
R03,SKU-1280,2025-12-07,22,0,0
R03,SKU-1280,12/08/2025,30,0,0
R03,SKU-1280,12/09/2025,22,0,0
R03,SKU-1280,2025-12-10,22,1,0
R03,SKU-1280,11-Dec-25,31,0,0
R03,SKU-1280,2025-12-12,33,1,0
R03,SKU-1280,12/13/2025,31,0,0
R03,SKU-1280,2025-12-14,29,0,0
R03,SKU-1280,2025-12-15,26,0,1
R03,SKU-1280,12/16/2025,17,2,0
R03,SKU-1280,2025-12-17,40,0,1
R03,SKU-1280,18-Dec-25,23,0,0
R03,SKU-1280,12/19/2025,25,1,0
R03,SKU-1280,2025-12-20,30,0,0
R03,SKU-1280,21-Dec-25,31,1,0
R03,SKU-1280,2025-12-22,24,0,0
R03,SKU-1280,2025-12-23,18,0,0
R03,SKU-1280,2025-12-24,32,0,0
R03,SKU-1280,25-Dec-25,42,1,0
R03,SKU-1280,12/26/2025,33,0,0
R03,SKU-1280,2025-12-27,38,0,0
R03,SKU-1280,2025-12-28,25,0,0
R03,SKU-1280,2025-12-29,21,0,0
R03,SKU-1280,2025-12-30,27,0,0
R03,SKU-1280,2025-12-31,27,2,0
R03,SKU-1238,2025-12-01,29,1,0
R03,SKU-1238,2025-12-02,30,1,0
R03,SKU-1238,2025-12-03,24,0,0
R03,SKU-1238,12/04/2025,28,0,0
R03,SKU-1238,2025-12-05,29,0,0
R03,SKU-1238,2025-12-06,23,0,0
R03,SKU-1238,07-Dec-25,32,0,0
R03,SKU-1238,2025-12-08,39,0,0
R03,SKU-1238,09-Dec-25,28,0,0
R03,SKU-1238,2025-12-10,32,1,0
R03,SKU-1238,11-Dec-25,32,0,1
R03,SKU-1238,12-Dec-25,33,1,1
R03,SKU-1238,13-Dec-25,21,0,0
R03,SKU-1238,2025-12-14,32,0,0
R03,SKU-1238,12/15/2025,24,0,0
R03,SKU-1238,2025-12-16,23,0,0
R03,SKU-1238,17-Dec-25,26,0,0
R03,SKU-1238,2025-12-18,23,0,0
R03,SKU-1238,2025-12-19,26,0,0
R03,SKU-1238,20-Dec-25,32,0,0
R03,SKU-1238,2025-12-21,33,0,0
R03,SKU-1238,12/22/2025,22,0,0
R03,SKU-1238,2025-12-23,32,0,0
R03,SKU-1238,2025-12-24,30,1,0
R03,SKU-1238,12/25/2025,26,0,0
R03,SKU-1238,2025-12-26,18,2,1
R03,SKU-1238,12/27/2025,32,0,0
R03,SKU-1238,2025-12-28,25,1,0
R03,SKU-1238,29-Dec-25,22,0,0
R03,SKU-1238,2025-12-30,34,0,0
R03,SKU-1238,31-Dec-25,25,0,0
R03,SKU-1217,2025-12-01,8,2,0
R03,SKU-1217,2025-12-02,8,1,0
R03,SKU-1217,2025-12-03,10,1,0
R03,SKU-1217,2025-12-04,7,0,0
R03,SKU-1217,2025-12-05,6,0,0
R03,SKU-1217,2025-12-06,10,0,0
R03,SKU-1217,12/07/2025,12,0,0
R03,SKU-1217,2025-12-08,8,0,0
R03,SKU-1217,12/09/2025,9,1,0
R03,SKU-1217,2025-12-10,6,0,0
R03,SKU-1217,11-Dec-25,9,0,0
R03,SKU-1217,12-Dec-25,15,2,0
R03,SKU-1217,2025-12-13,6,0,0
R03,SKU-1217,2025-12-14,5,0,0
R03,SKU-1217,2025-12-15,4,0,0
R03,SKU-1217,2025-12-16,15,1,1
R03,SKU-1217,2025-12-17,9,1,0
R03,SKU-1217,12/18/2025,11,1,0
R03,SKU-1217,12/19/2025,3,0,0
R03,SKU-1217,2025-12-20,11,0,1
R03,SKU-1217,2025-12-21,6,1,0
R03,SKU-1217,12/22/2025,15,0,0
R03,SKU-1217,2025-12-23,2,0,0
R03,SKU-1217,12/24/2025,10,1,0
R03,SKU-1217,12/25/2025,13,0,0
R03,SKU-1217,2025-12-26,6,0,0
R03,SKU-1217,2025-12-27,14,1,0
R03,SKU-1217,28-Dec-25,8,2,0
R03,SKU-1217,2025-12-29,6,0,0
R03,SKU-1217,2025-12-30,6,0,0
R03,SKU-1217,2025-12-31,9,1,0
R04,SKU-1056,2025-12-01,5,1,1
R04,SKU-1056,2025-12-02,4,1,0
R04,SKU-1056,2025-12-03,3,0,0
R04,SKU-1056,2025-12-04,3,2,0
R04,SKU-1056,12/05/2025,4,0,0
R04,SKU-1056,2025-12-06,3,1,0
R04,SKU-1056,2025-12-07,4,0,0
R04,SKU-1056,2025-12-08,7,1,0
R04,SKU-1056,12/09/2025,3,1,0
R04,SKU-1056,10-Dec-25,5,0,0
R04,SKU-1056,2025-12-11,4,1,0
R04,SKU-1056,2025-12-12,5,0,0
R04,SKU-1056,2025-12-13,6,0,0
R04,SKU-1056,2025-12-14,4,0,0
R04,SKU-1056,15-Dec-25,10,0,0
R04,SKU-1056,16-Dec-25,8,0,0
R04,SKU-1056,2025-12-17,3,0,0
R04,SKU-1056,12/18/2025,1,1,0
R04,SKU-1056,2025-12-19,5,0,1
R04,SKU-1056,2025-12-20,3,0,0
R04,SKU-1056,12/21/2025,7,1,1
R04,SKU-1056,2025-12-22,2,0,0
R04,SKU-1056,23-Dec-25,0,0,0
R04,SKU-1056,2025-12-24,3,0,1
R04,SKU-1056,12/25/2025,8,0,0
R04,SKU-1056,12/26/2025,2,0,0
R04,SKU-1056,2025-12-27,3,1,0
R04,SKU-1056,28-Dec-25,3,0,0
R04,SKU-1056,29-Dec-25,5,0,0
R04,SKU-1056,2025-12-30,5,0,0
R04,SKU-1056,2025-12-31,9,0,0
R04,SKU-1231,01-Dec-25,23,0,0
R04,SKU-1231,2025-12-02,22,0,0
R04,SKU-1231,2025-12-03,27,0,0
R04,SKU-1231,2025-12-04,34,0,0
R04,SKU-1231,2025-12-05,25,0,0
R04,SKU-1231,2025-12-06,41,0,0
R04,SKU-1231,12/07/2025,34,0,1
R04,SKU-1231,08-Dec-25,40,0,0
R04,SKU-1231,2025-12-09,35,0,0
R04,SKU-1231,2025-12-10,17,0,0
R04,SKU-1231,11-Dec-25,30,0,0
R04,SKU-1231,2025-12-12,35,0,0
R04,SKU-1231,12/13/2025,28,0,1
R04,SKU-1231,2025-12-14,17,0,0
R04,SKU-1231,12/15/2025,31,0,0
R04,SKU-1231,2025-12-16,22,0,0
R04,SKU-1231,2025-12-17,27,0,0
R04,SKU-1231,12/18/2025,26,0,0
R04,SKU-1231,2025-12-19,30,0,0
R04,SKU-1231,2025-12-20,25,0,1
R04,SKU-1231,2025-12-21,17,2,0
R04,SKU-1231,22-Dec-25,24,0,1
R04,SKU-1231,2025-12-23,16,0,0
R04,SKU-1231,2025-12-24,21,0,0
R04,SKU-1231,25-Dec-25,27,0,1
R04,SKU-1231,26-Dec-25,23,0,0
R04,SKU-1231,12/27/2025,35,0,0
R04,SKU-1231,12/28/2025,28,0,1
R04,SKU-1231,2025-12-29,24,1,0
R04,SKU-1231,2025-12-30,16,0,1
R04,SKU-1231,2025-12-31,30,2,0
R04,SKU-1077,01-Dec-25,32,1,0
R04,SKU-1077,2025-12-02,27,0,0
R04,SKU-1077,12/03/2025,31,1,0
R04,SKU-1077,12/04/2025,34,0,0
R04,SKU-1077,12/05/2025,25,0,0
R04,SKU-1077,2025-12-06,30,0,0
R04,SKU-1077,2025-12-07,19,1,0
R04,SKU-1077,08-Dec-25,30,1,0
R04,SKU-1077,2025-12-09,25,1,0
R04,SKU-1077,2025-12-10,39,1,0
R04,SKU-1077,2025-12-11,40,0,1
R04,SKU-1077,2025-12-12,26,0,0
R04,SKU-1077,12/13/2025,25,0,0
R04,SKU-1077,2025-12-14,25,0,0
R04,SKU-1077,2025-12-15,28,0,0
R04,SKU-1077,12/16/2025,19,0,0
R04,SKU-1077,2025-12-17,22,1,1
R04,SKU-1077,18-Dec-25,27,0,0
R04,SKU-1077,19-Dec-25,37,0,0
R04,SKU-1077,2025-12-20,23,0,0
R04,SKU-1077,2025-12-21,28,1,0
R04,SKU-1077,2025-12-22,34,0,0
R04,SKU-1077,2025-12-23,33,3,0
R04,SKU-1077,12/24/2025,34,0,0
R04,SKU-1077,2025-12-25,19,0,1
R04,SKU-1077,2025-12-26,26,1,0
R04,SKU-1077,2025-12-27,23,2,0
R04,SKU-1077,12/28/2025,23,0,0
R04,SKU-1077,2025-12-29,30,0,0
R04,SKU-1077,30-Dec-25,26,0,0
R04,SKU-1077,12/31/2025,27,1,0
R04,SKU-1021,01-Dec-25,30,0,0
R04,SKU-1021,02-Dec-25,18,0,0
R04,SKU-1021,03-Dec-25,24,1,1
R04,SKU-1021,2025-12-04,39,0,0
R04,SKU-1021,2025-12-05,37,0,0
R04,SKU-1021,12/06/2025,22,3,0
R04,SKU-1021,07-Dec-25,25,0,0
R04,SKU-1021,2025-12-08,37,0,0
R04,SKU-1021,2025-12-09,26,1,0
R04,SKU-1021,2025-12-10,28,0,0
R04,SKU-1021,2025-12-11,28,1,0
R04,SKU-1021,2025-12-12,24,0,0
R04,SKU-1021,12/13/2025,36,1,0
R04,SKU-1021,2025-12-14,18,0,0
R04,SKU-1021,2025-12-15,30,0,0
R04,SKU-1021,12/16/2025,29,0,0
R04,SKU-1021,2025-12-17,21,0,0
R04,SKU-1021,18-Dec-25,21,0,0
R04,SKU-1021,2025-12-19,36,0,0
R04,SKU-1021,2025-12-20,32,0,0
R04,SKU-1021,2025-12-21,30,2,0
R04,SKU-1021,12/22/2025,30,1,0
R04,SKU-1021,12/23/2025,30,0,0
R04,SKU-1021,2025-12-24,20,0,0
R04,SKU-1021,12/25/2025,21,0,1
R04,SKU-1021,2025-12-26,31,1,0
R04,SKU-1021,27-Dec-25,28,0,0
R04,SKU-1021,28-Dec-25,29,0,0
R04,SKU-1021,29-Dec-25,18,1,0
R04,SKU-1021,30-Dec-25,30,1,0
R04,SKU-1021,2025-12-31,27,0,1
R04,SKU-1028,12/01/2025,16,0,0
R04,SKU-1028,02-Dec-25,11,0,0
R04,SKU-1028,2025-12-03,5,1,0
R04,SKU-1028,04-Dec-25,9,0,1
R04,SKU-1028,2025-12-05,10,0,0
R04,SKU-1028,2025-12-06,7,2,0
R04,SKU-1028,2025-12-07,9,1,0
R04,SKU-1028,12/08/2025,13,0,0
R04,SKU-1028,2025-12-09,8,0,0
R04,SKU-1028,2025-12-10,9,2,0
R04,SKU-1028,2025-12-11,7,1,0
R04,SKU-1028,2025-12-12,14,0,0
R04,SKU-1028,13-Dec-25,13,0,0
R04,SKU-1028,2025-12-14,12,0,0
R04,SKU-1028,2025-12-15,8,0,0
R04,SKU-1028,2025-12-16,6,1,0
R04,SKU-1028,2025-12-17,7,1,0
R04,SKU-1028,18-Dec-25,12,2,0
R04,SKU-1028,2025-12-19,8,1,0
R04,SKU-1028,12/20/2025,7,1,1
R04,SKU-1028,2025-12-21,8,2,1
R04,SKU-1028,12/22/2025,5,0,0
R04,SKU-1028,23-Dec-25,10,2,0
R04,SKU-1028,2025-12-24,8,1,0
R04,SKU-1028,2025-12-25,9,0,0
R04,SKU-1028,2025-12-26,4,0,0
R04,SKU-1028,2025-12-27,7,0,0
R04,SKU-1028,12/28/2025,6,0,0
R04,SKU-1028,12/29/2025,9,1,0
R04,SKU-1028,2025-12-30,6,0,0
R04,SKU-1028,2025-12-31,10,1,0
R04,SKU-1035,2025-12-01,19,0,0
R04,SKU-1035,12/02/2025,12,0,0
R04,SKU-1035,2025-12-03,13,0,0
R04,SKU-1035,12/04/2025,15,0,0
R04,SKU-1035,12/05/2025,15,0,0
R04,SKU-1035,2025-12-06,13,0,1
R04,SKU-1035,07-Dec-25,7,0,0
R04,SKU-1035,12/08/2025,7,1,1
R04,SKU-1035,2025-12-09,17,0,0
R04,SKU-1035,12/10/2025,17,0,0
R04,SKU-1035,2025-12-11,8,0,0
R04,SKU-1035,12/12/2025,14,2,0
R04,SKU-1035,2025-12-13,13,0,0
R04,SKU-1035,2025-12-14,14,0,0
R04,SKU-1035,15-Dec-25,10,1,0
R04,SKU-1035,2025-12-16,12,0,0
R04,SKU-1035,2025-12-17,10,0,0
R04,SKU-1035,2025-12-18,12,0,0
R04,SKU-1035,2025-12-19,11,0,0
R04,SKU-1035,12/20/2025,12,0,0
R04,SKU-1035,2025-12-21,5,1,0
R04,SKU-1035,2025-12-22,9,2,0
R04,SKU-1035,2025-12-23,15,1,0
R04,SKU-1035,2025-12-24,14,0,0
R04,SKU-1035,2025-12-25,12,1,0
R04,SKU-1035,2025-12-26,15,1,1
R04,SKU-1035,12/27/2025,14,2,0
R04,SKU-1035,12/28/2025,12,0,0
R04,SKU-1035,2025-12-29,13,1,0
R04,SKU-1035,12/30/2025,10,0,0
R04,SKU-1035,2025-12-31,6,1,0
R04,SKU-1182,01-Dec-25,17,0,0
R04,SKU-1182,2025-12-02,24,0,0
R04,SKU-1182,03-Dec-25,18,1,0
R04,SKU-1182,12/04/2025,19,1,0
R04,SKU-1182,2025-12-05,19,1,0
R04,SKU-1182,2025-12-06,32,1,0
R04,SKU-1182,12/07/2025,18,1,0
R04,SKU-1182,12/08/2025,26,0,0
R04,SKU-1182,2025-12-09,18,0,0
R04,SKU-1182,10-Dec-25,26,0,0
R04,SKU-1182,2025-12-11,26,0,0
R04,SKU-1182,12-Dec-25,29,0,0
R04,SKU-1182,12/13/2025,18,1,0
R04,SKU-1182,2025-12-14,28,1,0
R04,SKU-1182,2025-12-15,21,1,1
R04,SKU-1182,2025-12-16,12,0,1
R04,SKU-1182,2025-12-17,10,0,0
R04,SKU-1182,18-Dec-25,19,0,0
R04,SKU-1182,19-Dec-25,17,0,0
R04,SKU-1182,2025-12-20,25,0,0
R04,SKU-1182,2025-12-21,15,1,0
R04,SKU-1182,12/22/2025,17,0,1
R04,SKU-1182,2025-12-23,20,1,0
R04,SKU-1182,2025-12-24,10,0,0
R04,SKU-1182,25-Dec-25,20,0,0
R04,SKU-1182,2025-12-26,14,0,0
R04,SKU-1182,2025-12-27,28,3,1
R04,SKU-1182,2025-12-28,33,0,0
R04,SKU-1182,12/29/2025,14,0,0
R04,SKU-1182,2025-12-30,19,0,0
R04,SKU-1182,2025-12-31,18,0,0
R04,SKU-1238,12/01/2025,4,2,0
R04,SKU-1238,12/02/2025,5,0,0
R04,SKU-1238,12/03/2025,8,1,0
R04,SKU-1238,12/04/2025,4,1,0
R04,SKU-1238,12/05/2025,7,0,0
R04,SKU-1238,12/06/2025,3,0,1
R04,SKU-1238,07-Dec-25,7,2,1
R04,SKU-1238,2025-12-08,3,0,0
R04,SKU-1238,2025-12-09,3,0,0
R04,SKU-1238,2025-12-10,6,1,0
R04,SKU-1238,11-Dec-25,9,0,0
R04,SKU-1238,2025-12-12,2,0,1
R04,SKU-1238,2025-12-13,6,0,0
R04,SKU-1238,2025-12-14,8,0,0
R04,SKU-1238,12/15/2025,9,0,0
R04,SKU-1238,2025-12-16,4,0,1
R04,SKU-1238,2025-12-17,7,0,0
R04,SKU-1238,18-Dec-25,5,0,0
R04,SKU-1238,19-Dec-25,3,2,0
R04,SKU-1238,2025-12-20,3,0,0
R04,SKU-1238,2025-12-21,7,1,0
R04,SKU-1238,12/22/2025,4,1,0
R04,SKU-1238,2025-12-23,9,0,0
R04,SKU-1238,2025-12-24,8,0,0
R04,SKU-1238,12/25/2025,6,0,0
R04,SKU-1238,12/26/2025,6,1,0
R04,SKU-1238,27-Dec-25,4,1,1
R04,SKU-1238,2025-12-28,4,0,0
R04,SKU-1238,29-Dec-25,6,0,0
R04,SKU-1238,30-Dec-25,11,0,0
R04,SKU-1238,2025-12-31,6,0,0
R04,SKU-1280,12/01/2025,34,1,0
R04,SKU-1280,2025-12-02,11,1,0
R04,SKU-1280,2025-12-03,29,0,0
R04,SKU-1280,12/04/2025,25,0,1
R04,SKU-1280,2025-12-05,40,0,0
R04,SKU-1280,2025-12-06,22,2,0
R04,SKU-1280,2025-12-07,25,2,0
R04,SKU-1280,2025-12-08,27,1,0
R04,SKU-1280,2025-12-09,26,0,0
R04,SKU-1280,12/10/2025,26,0,0
R04,SKU-1280,2025-12-11,23,0,1
R04,SKU-1280,12-Dec-25,24,0,0
R04,SKU-1280,12/13/2025,16,1,0
R04,SKU-1280,12/14/2025,19,1,0
R04,SKU-1280,15-Dec-25,29,0,0
R04,SKU-1280,2025-12-16,35,0,0
R04,SKU-1280,2025-12-17,21,0,0
R04,SKU-1280,2025-12-18,25,0,0
R04,SKU-1280,2025-12-19,32,0,0
R04,SKU-1280,2025-12-20,25,1,0
R04,SKU-1280,12/21/2025,25,1,0
R04,SKU-1280,22-Dec-25,28,2,0
R04,SKU-1280,2025-12-23,23,1,0
R04,SKU-1280,24-Dec-25,40,0,0
R04,SKU-1280,2025-12-25,31,0,0
R04,SKU-1280,2025-12-26,26,0,0
R04,SKU-1280,2025-12-27,27,0,0
R04,SKU-1280,2025-12-28,20,0,0
R04,SKU-1280,2025-12-29,26,0,0
R04,SKU-1280,2025-12-30,29,1,0
R04,SKU-1280,12/31/2025,28,0,0
R04,SKU-1273,01-Dec-25,4,0,0
R04,SKU-1273,2025-12-02,4,0,0
R04,SKU-1273,2025-12-03,6,1,0
R04,SKU-1273,2025-12-04,5,0,0
R04,SKU-1273,05-Dec-25,9,0,0
R04,SKU-1273,2025-12-06,6,0,0
R04,SKU-1273,2025-12-07,5,1,0
R04,SKU-1273,2025-12-08,7,0,0
R04,SKU-1273,2025-12-09,4,0,0
R04,SKU-1273,10-Dec-25,5,0,1
R04,SKU-1273,2025-12-11,8,0,0
R04,SKU-1273,12/12/2025,6,0,0
R04,SKU-1273,13-Dec-25,3,1,0
R04,SKU-1273,12/14/2025,5,0,0
R04,SKU-1273,2025-12-15,7,1,1
R04,SKU-1273,2025-12-16,6,0,0
R04,SKU-1273,17-Dec-25,6,0,0
R04,SKU-1273,12/18/2025,5,1,1
R04,SKU-1273,2025-12-19,6,0,0
R04,SKU-1273,12/20/2025,5,0,0
R04,SKU-1273,2025-12-21,11,1,0
R04,SKU-1273,12/22/2025,9,0,0
R04,SKU-1273,2025-12-23,9,0,0
R04,SKU-1273,2025-12-24,6,0,0
R04,SKU-1273,12/25/2025,6,1,0
R04,SKU-1273,2025-12-26,3,0,0
R04,SKU-1273,2025-12-27,9,1,0
R04,SKU-1273,12/28/2025,5,0,0
R04,SKU-1273,29-Dec-25,5,0,1
R04,SKU-1273,12/30/2025,13,1,0
R04,SKU-1273,2025-12-31,9,0,0
R04,SKU-1091,01-Dec-25,6,0,0
R04,SKU-1091,2025-12-02,6,1,0
R04,SKU-1091,2025-12-03,9,0,0
R04,SKU-1091,2025-12-04,10,1,0
R04,SKU-1091,2025-12-05,10,0,0
R04,SKU-1091,06-Dec-25,3,1,0
R04,SKU-1091,2025-12-07,7,0,0
R04,SKU-1091,12/08/2025,12,0,0
R04,SKU-1091,2025-12-09,9,0,0
R04,SKU-1091,2025-12-10,6,0,0
R04,SKU-1091,2025-12-11,13,0,0
R04,SKU-1091,2025-12-12,13,1,0
R04,SKU-1091,2025-12-13,6,2,0
R04,SKU-1091,2025-12-14,10,1,1
R04,SKU-1091,12/15/2025,9,1,0
R04,SKU-1091,2025-12-16,5,0,0
R04,SKU-1091,12/17/2025,8,1,1
R04,SKU-1091,2025-12-18,7,1,1
R04,SKU-1091,2025-12-19,8,2,1
R04,SKU-1091,12/20/2025,15,1,0
R04,SKU-1091,2025-12-21,6,0,0
R04,SKU-1091,12/22/2025,9,0,1
R04,SKU-1091,23-Dec-25,10,0,0
R04,SKU-1091,2025-12-24,11,1,0
R04,SKU-1091,2025-12-25,5,1,0
R04,SKU-1091,2025-12-26,6,1,1
R04,SKU-1091,12/27/2025,4,1,0
R04,SKU-1091,2025-12-28,5,1,1
R04,SKU-1091,2025-12-29,11,0,0
R04,SKU-1091,12/30/2025,14,0,0
R04,SKU-1091,2025-12-31,11,0,0
R04,SKU-1210,12/01/2025,30,0,0
R04,SKU-1210,2025-12-02,29,1,0
R04,SKU-1210,12/03/2025,41,0,0
R04,SKU-1210,2025-12-04,48,0,0
R04,SKU-1210,2025-12-05,35,1,0
R04,SKU-1210,2025-12-06,36,0,0
R04,SKU-1210,2025-12-07,26,0,0
R04,SKU-1210,08-Dec-25,33,1,0
R04,SKU-1210,12/09/2025,22,0,0
R04,SKU-1210,12/10/2025,26,0,0
R04,SKU-1210,2025-12-11,36,1,0
R04,SKU-1210,12/12/2025,28,0,1
R04,SKU-1210,2025-12-13,27,1,0
R04,SKU-1210,12/14/2025,27,1,0
R04,SKU-1210,2025-12-15,29,1,0
R04,SKU-1210,16-Dec-25,41,1,0
R04,SKU-1210,2025-12-17,21,0,0
R04,SKU-1210,2025-12-18,31,2,0
R04,SKU-1210,2025-12-19,31,0,0
R04,SKU-1210,2025-12-20,32,0,1
R04,SKU-1210,12/21/2025,39,0,0
R04,SKU-1210,22-Dec-25,31,0,0
R04,SKU-1210,2025-12-23,34,1,0
R04,SKU-1210,24-Dec-25,26,1,0
R04,SKU-1210,2025-12-25,24,0,0
R04,SKU-1210,12/26/2025,30,0,0
R04,SKU-1210,2025-12-27,40,0,0
R04,SKU-1210,2025-12-28,34,0,0
R04,SKU-1210,2025-12-29,24,1,0
R04,SKU-1210,2025-12-30,39,0,0
R04,SKU-1210,2025-12-31,42,1,1
R04,SKU-1266,12/01/2025,3,0,0
R04,SKU-1266,12/02/2025,8,0,0
R04,SKU-1266,03-Dec-25,6,1,0
R04,SKU-1266,12/04/2025,6,1,0
R04,SKU-1266,12/05/2025,7,0,0
R04,SKU-1266,2025-12-06,8,0,0
R04,SKU-1266,07-Dec-25,12,0,1
R04,SKU-1266,08-Dec-25,8,1,0
R04,SKU-1266,12/09/2025,10,0,0
R04,SKU-1266,2025-12-10,6,1,0
R04,SKU-1266,2025-12-11,6,0,0
R04,SKU-1266,12/12/2025,5,1,0
R04,SKU-1266,2025-12-13,5,2,0
R04,SKU-1266,2025-12-14,6,0,0
R04,SKU-1266,12/15/2025,4,0,1
R04,SKU-1266,16-Dec-25,7,0,1
R04,SKU-1266,12/17/2025,8,0,0
R04,SKU-1266,2025-12-18,5,1,0
R04,SKU-1266,12/19/2025,8,0,1
R04,SKU-1266,2025-12-20,6,1,0
R04,SKU-1266,21-Dec-25,9,1,0
R04,SKU-1266,2025-12-22,9,0,1
R04,SKU-1266,12/23/2025,6,2,0
R04,SKU-1266,2025-12-24,3,0,0
R04,SKU-1266,12/25/2025,5,0,0
R04,SKU-1266,12/26/2025,4,0,0
R04,SKU-1266,2025-12-27,12,0,0
R04,SKU-1266,2025-12-28,8,0,0
R04,SKU-1266,12/29/2025,4,0,0
R04,SKU-1266,30-Dec-25,5,1,0
R04,SKU-1266,2025-12-31,7,1,0
R04,SKU-1259,2025-12-01,6,0,0
R04,SKU-1259,02-Dec-25,7,0,0
R04,SKU-1259,12/03/2025,9,0,0
R04,SKU-1259,2025-12-04,11,0,0
R04,SKU-1259,2025-12-05,6,0,0
R04,SKU-1259,12/06/2025,11,0,0
R04,SKU-1259,12/07/2025,4,0,0
R04,SKU-1259,2025-12-08,7,1,0
R04,SKU-1259,12/09/2025,11,1,0
R04,SKU-1259,2025-12-10,12,0,0
R04,SKU-1259,11-Dec-25,5,0,0
R04,SKU-1259,2025-12-12,8,0,0
R04,SKU-1259,2025-12-13,4,0,0
R04,SKU-1259,2025-12-14,7,0,0
R04,SKU-1259,12/15/2025,5,1,0
R04,SKU-1259,16-Dec-25,6,1,0
R04,SKU-1259,17-Dec-25,8,0,0
R04,SKU-1259,2025-12-18,6,0,0
R04,SKU-1259,2025-12-19,13,2,0
R04,SKU-1259,12/20/2025,6,0,0
R04,SKU-1259,21-Dec-25,4,0,0
R04,SKU-1259,2025-12-22,5,1,0
R04,SKU-1259,2025-12-23,10,1,0
R04,SKU-1259,24-Dec-25,10,0,0
R04,SKU-1259,25-Dec-25,10,1,0
R04,SKU-1259,12/26/2025,9,0,1
R04,SKU-1259,2025-12-27,15,0,1
R04,SKU-1259,2025-12-28,6,0,0
R04,SKU-1259,29-Dec-25,7,0,0
R04,SKU-1259,2025-12-30,9,2,1
R04,SKU-1259,2025-12-31,4,0,0
R04,SKU-1133,01-Dec-25,11,2,0
R04,SKU-1133,02-Dec-25,2,0,0
R04,SKU-1133,2025-12-03,4,1,0
R04,SKU-1133,12/04/2025,6,0,0
R04,SKU-1133,2025-12-05,5,0,0
R04,SKU-1133,2025-12-06,4,1,0
R04,SKU-1133,2025-12-07,4,2,0
R04,SKU-1133,12/08/2025,3,1,0
R04,SKU-1133,2025-12-09,8,0,0
R04,SKU-1133,12/10/2025,4,1,0
R04,SKU-1133,11-Dec-25,7,0,0
R04,SKU-1133,12/12/2025,6,0,0
R04,SKU-1133,2025-12-13,8,0,0
R04,SKU-1133,2025-12-14,5,0,0
R04,SKU-1133,2025-12-15,10,0,0
R04,SKU-1133,16-Dec-25,3,0,0
R04,SKU-1133,2025-12-17,9,0,0
R04,SKU-1133,2025-12-18,7,0,0
R04,SKU-1133,2025-12-19,5,0,0
R04,SKU-1133,2025-12-20,1,0,0
R04,SKU-1133,21-Dec-25,5,0,0
R04,SKU-1133,2025-12-22,5,0,0
R04,SKU-1133,2025-12-23,8,0,0
R04,SKU-1133,24-Dec-25,4,0,0
R04,SKU-1133,25-Dec-25,6,0,0
R04,SKU-1133,26-Dec-25,4,0,0
R04,SKU-1133,2025-12-27,6,0,0
R04,SKU-1133,2025-12-28,4,0,0
R04,SKU-1133,12/29/2025,5,0,0
R04,SKU-1133,2025-12-30,7,0,0
R04,SKU-1133,2025-12-31,7,0,0
R04,SKU-1126,12/01/2025,9,0,0
R04,SKU-1126,12/02/2025,11,0,0
R04,SKU-1126,12/03/2025,12,0,0
R04,SKU-1126,2025-12-04,17,2,0
R04,SKU-1126,2025-12-05,15,1,0
R04,SKU-1126,12/06/2025,6,1,0
R04,SKU-1126,2025-12-07,5,0,0
R04,SKU-1126,2025-12-08,10,0,0
R04,SKU-1126,12/09/2025,12,0,0
R04,SKU-1126,12/10/2025,7,2,0
R04,SKU-1126,11-Dec-25,17,0,0
R04,SKU-1126,12-Dec-25,12,1,0
R04,SKU-1126,2025-12-13,10,1,0
R04,SKU-1126,2025-12-14,9,0,0
R04,SKU-1126,15-Dec-25,15,0,0
R04,SKU-1126,2025-12-16,12,0,0
R04,SKU-1126,17-Dec-25,8,0,0
R04,SKU-1126,18-Dec-25,6,0,0
R04,SKU-1126,12/19/2025,9,2,0
R04,SKU-1126,2025-12-20,5,0,0
R04,SKU-1126,12/21/2025,5,0,0
R04,SKU-1126,12/22/2025,14,1,0
R04,SKU-1126,2025-12-23,15,0,0
R04,SKU-1126,12/24/2025,8,1,0
R04,SKU-1126,2025-12-25,14,0,0
R04,SKU-1126,2025-12-26,7,1,0
R04,SKU-1126,2025-12-27,10,1,0
R04,SKU-1126,2025-12-28,13,0,0
R04,SKU-1126,2025-12-29,6,1,0
R04,SKU-1126,2025-12-30,8,1,0
R04,SKU-1126,2025-12-31,9,2,0
R04,SKU-1175,12/01/2025,13,1,0
R04,SKU-1175,2025-12-02,14,0,0
R04,SKU-1175,2025-12-03,17,1,0
R04,SKU-1175,12/04/2025,11,0,0
R04,SKU-1175,2025-12-05,10,1,0
R04,SKU-1175,2025-12-06,14,0,0
R04,SKU-1175,12/07/2025,8,1,0
R04,SKU-1175,2025-12-08,14,0,1
R04,SKU-1175,2025-12-09,16,0,0
R04,SKU-1175,2025-12-10,7,0,0
R04,SKU-1175,2025-12-11,15,0,0
R04,SKU-1175,2025-12-12,9,2,1
R04,SKU-1175,12/13/2025,11,0,1
R04,SKU-1175,14-Dec-25,16,1,0
R04,SKU-1175,12/15/2025,16,0,0
R04,SKU-1175,16-Dec-25,11,0,1
R04,SKU-1175,2025-12-17,21,0,0
R04,SKU-1175,2025-12-18,11,0,0
R04,SKU-1175,19-Dec-25,11,0,1
R04,SKU-1175,2025-12-20,10,1,0
R04,SKU-1175,2025-12-21,17,1,1
R04,SKU-1175,2025-12-22,9,0,1
R04,SKU-1175,23-Dec-25,15,1,0
R04,SKU-1175,2025-12-24,14,0,0
R04,SKU-1175,2025-12-25,19,0,1
R04,SKU-1175,2025-12-26,15,1,0
R04,SKU-1175,2025-12-27,17,1,1
R04,SKU-1175,2025-12-28,15,0,0
R04,SKU-1175,12/29/2025,11,1,0
R04,SKU-1175,30-Dec-25,19,1,1
R04,SKU-1175,2025-12-31,21,1,0
R04,SKU-1098,2025-12-01,13,0,1
R04,SKU-1098,2025-12-02,22,0,0
R04,SKU-1098,2025-12-03,20,3,0
R04,SKU-1098,12/04/2025,12,0,0
R04,SKU-1098,12/05/2025,13,1,1
R04,SKU-1098,2025-12-06,18,0,0
R04,SKU-1098,12/07/2025,17,0,1
R04,SKU-1098,2025-12-08,16,0,0
R04,SKU-1098,12/09/2025,20,0,0
R04,SKU-1098,2025-12-10,22,0,0
R04,SKU-1098,2025-12-11,18,0,0
R04,SKU-1098,2025-12-12,20,1,0
R04,SKU-1098,2025-12-13,17,0,0
R04,SKU-1098,12/14/2025,17,1,0
R04,SKU-1098,2025-12-15,32,0,0
R04,SKU-1098,12/16/2025,27,0,0
R04,SKU-1098,12/17/2025,19,0,0
R04,SKU-1098,2025-12-18,26,0,0
R04,SKU-1098,2025-12-19,14,0,0
R04,SKU-1098,20-Dec-25,22,1,0
R04,SKU-1098,12/21/2025,14,1,0
R04,SKU-1098,2025-12-22,18,0,0
R04,SKU-1098,12/23/2025,21,1,0
R04,SKU-1098,24-Dec-25,19,0,0
R04,SKU-1098,2025-12-25,17,0,0
R04,SKU-1098,2025-12-26,20,1,1
R04,SKU-1098,2025-12-27,11,0,0
R04,SKU-1098,28-Dec-25,19,0,0
R04,SKU-1098,2025-12-29,18,0,0
R04,SKU-1098,30-Dec-25,23,1,0
R04,SKU-1098,12/31/2025,23,0,0
R04,SKU-1196,12/01/2025,13,0,0
R04,SKU-1196,12/02/2025,13,1,0
R04,SKU-1196,12/03/2025,15,2,0
R04,SKU-1196,04-Dec-25,11,0,0
R04,SKU-1196,05-Dec-25,17,0,1
R04,SKU-1196,2025-12-06,12,0,1
R04,SKU-1196,2025-12-07,16,0,0
R04,SKU-1196,2025-12-08,17,0,0
R04,SKU-1196,12/09/2025,12,0,0
R04,SKU-1196,2025-12-10,12,0,0
R04,SKU-1196,12/11/2025,14,0,0
R04,SKU-1196,2025-12-12,11,1,1
R04,SKU-1196,2025-12-13,19,1,0
R04,SKU-1196,2025-12-14,10,0,0
R04,SKU-1196,2025-12-15,19,0,0
R04,SKU-1196,12/16/2025,8,1,0
R04,SKU-1196,2025-12-17,23,0,0
R04,SKU-1196,12/18/2025,10,0,0
R04,SKU-1196,19-Dec-25,16,0,0
R04,SKU-1196,12/20/2025,14,0,0
R04,SKU-1196,21-Dec-25,16,0,0
R04,SKU-1196,2025-12-22,14,0,0
R04,SKU-1196,12/23/2025,10,0,0
R04,SKU-1196,12/24/2025,12,1,0
R04,SKU-1196,12/25/2025,6,0,1
R04,SKU-1196,2025-12-26,18,0,0
R04,SKU-1196,2025-12-27,17,0,0
R04,SKU-1196,12/28/2025,12,0,0
R04,SKU-1196,12/29/2025,13,1,0
R04,SKU-1196,30-Dec-25,11,2,0
R04,SKU-1196,2025-12-31,21,0,0
R04,SKU-1189,2025-12-01,17,0,0
R04,SKU-1189,02-Dec-25,28,0,1
R04,SKU-1189,2025-12-03,23,0,0
R04,SKU-1189,2025-12-04,24,1,0
R04,SKU-1189,2025-12-05,25,0,0
R04,SKU-1189,06-Dec-25,32,0,0
R04,SKU-1189,12/07/2025,27,0,1
R04,SKU-1189,12/08/2025,31,0,0
R04,SKU-1189,2025-12-09,29,0,0
R04,SKU-1189,10-Dec-25,36,1,0
R04,SKU-1189,12/11/2025,34,0,0
R04,SKU-1189,12/12/2025,27,2,0
R04,SKU-1189,2025-12-13,30,0,0
R04,SKU-1189,2025-12-14,37,1,0
R04,SKU-1189,15-Dec-25,27,0,0
R04,SKU-1189,2025-12-16,31,0,0
R04,SKU-1189,2025-12-17,25,1,0
R04,SKU-1189,2025-12-18,28,0,0
R04,SKU-1189,2025-12-19,26,0,0
R04,SKU-1189,2025-12-20,25,0,0
R04,SKU-1189,12/21/2025,26,0,0
R04,SKU-1189,2025-12-22,24,2,0
R04,SKU-1189,12/23/2025,25,0,0
R04,SKU-1189,12/24/2025,39,0,0
R04,SKU-1189,2025-12-25,18,0,0
R04,SKU-1189,2025-12-26,31,1,0
R04,SKU-1189,27-Dec-25,21,1,0
R04,SKU-1189,2025-12-28,31,0,0
R04,SKU-1189,12/29/2025,26,0,0
R04,SKU-1189,2025-12-30,34,1,0
R04,SKU-1189,2025-12-31,22,0,0
R04,SKU-1168,2025-12-01,15,0,0
R04,SKU-1168,12/02/2025,27,1,0
R04,SKU-1168,03-Dec-25,24,0,0
R04,SKU-1168,12/04/2025,18,0,0
R04,SKU-1168,2025-12-05,14,2,1
R04,SKU-1168,06-Dec-25,31,0,0
R04,SKU-1168,2025-12-07,23,0,0
R04,SKU-1168,08-Dec-25,21,1,0
R04,SKU-1168,2025-12-09,17,1,0
R04,SKU-1168,2025-12-10,14,0,0
R04,SKU-1168,12/11/2025,22,0,0
R04,SKU-1168,2025-12-12,26,2,0
R04,SKU-1168,2025-12-13,22,0,0
R04,SKU-1168,14-Dec-25,16,0,0
R04,SKU-1168,2025-12-15,17,0,0
R04,SKU-1168,12/16/2025,18,0,1
R04,SKU-1168,2025-12-17,22,0,0
R04,SKU-1168,2025-12-18,26,2,0
R04,SKU-1168,12/19/2025,28,1,0
R04,SKU-1168,12/20/2025,25,0,0
R04,SKU-1168,12/21/2025,17,3,0
R04,SKU-1168,2025-12-22,10,1,0
R04,SKU-1168,2025-12-23,25,0,0
R04,SKU-1168,12/24/2025,18,1,0
R04,SKU-1168,2025-12-25,28,0,0
R04,SKU-1168,2025-12-26,27,2,0
R04,SKU-1168,2025-12-27,32,3,0
R04,SKU-1168,2025-12-28,26,1,0
R04,SKU-1168,2025-12-29,17,0,1
R04,SKU-1168,12/30/2025,20,0,0
R04,SKU-1168,12/31/2025,36,1,0
R04,SKU-1105,12/01/2025,13,0,0
R04,SKU-1105,2025-12-02,6,1,0
R04,SKU-1105,03-Dec-25,10,0,0
R04,SKU-1105,2025-12-04,5,0,0
R04,SKU-1105,2025-12-05,17,0,0
R04,SKU-1105,06-Dec-25,5,1,0
R04,SKU-1105,07-Dec-25,8,1,0
R04,SKU-1105,2025-12-08,8,0,0
R04,SKU-1105,12/09/2025,10,0,0
R04,SKU-1105,10-Dec-25,14,0,0
R04,SKU-1105,2025-12-11,4,0,0
R04,SKU-1105,2025-12-12,7,0,0
R04,SKU-1105,2025-12-13,10,0,1
R04,SKU-1105,14-Dec-25,7,1,0
R04,SKU-1105,15-Dec-25,6,1,1
R04,SKU-1105,12/16/2025,7,2,0
R04,SKU-1105,2025-12-17,6,0,0
R04,SKU-1105,12/18/2025,8,1,1
R04,SKU-1105,2025-12-19,8,0,0
R04,SKU-1105,2025-12-20,10,0,0
R04,SKU-1105,12/21/2025,7,1,0
R04,SKU-1105,22-Dec-25,3,0,0
R04,SKU-1105,2025-12-23,4,0,1
R04,SKU-1105,12/24/2025,8,1,0
R04,SKU-1105,25-Dec-25,10,0,1
R04,SKU-1105,12/26/2025,11,1,0
R04,SKU-1105,27-Dec-25,7,0,0
R04,SKU-1105,2025-12-28,10,0,0
R04,SKU-1105,2025-12-29,7,0,0
R04,SKU-1105,12/30/2025,9,0,0
R04,SKU-1105,31-Dec-25,15,1,0
R04,SKU-1161,01-Dec-25,23,0,0
R04,SKU-1161,2025-12-02,17,0,0
R04,SKU-1161,12/03/2025,12,1,0
R04,SKU-1161,12/04/2025,25,0,0
R04,SKU-1161,2025-12-05,23,0,0
R04,SKU-1161,2025-12-06,19,1,0
R04,SKU-1161,12/07/2025,12,0,0
R04,SKU-1161,2025-12-08,9,0,0
R04,SKU-1161,2025-12-09,22,2,1
R04,SKU-1161,2025-12-10,10,1,0
R04,SKU-1161,2025-12-11,13,0,0
R04,SKU-1161,2025-12-12,18,0,0
R04,SKU-1161,12/13/2025,16,0,0
R04,SKU-1161,12/14/2025,13,0,0
R04,SKU-1161,2025-12-15,21,1,0
R04,SKU-1161,12/16/2025,18,1,0
R04,SKU-1161,12/17/2025,15,1,0
R04,SKU-1161,2025-12-18,14,1,0
R04,SKU-1161,2025-12-19,19,0,0
R04,SKU-1161,20-Dec-25,20,0,0
R04,SKU-1161,2025-12-21,18,1,1
R04,SKU-1161,2025-12-22,26,0,1
R04,SKU-1161,2025-12-23,21,0,0
R04,SKU-1161,2025-12-24,15,0,0
R04,SKU-1161,2025-12-25,17,0,0
R04,SKU-1161,2025-12-26,11,0,0
R04,SKU-1161,27-Dec-25,12,0,0
R04,SKU-1161,2025-12-28,17,0,0
R04,SKU-1161,2025-12-29,20,0,0
R04,SKU-1161,2025-12-30,20,0,0
R04,SKU-1161,2025-12-31,18,1,0
R04,SKU-1112,2025-12-01,6,1,0
R04,SKU-1112,2025-12-02,6,0,0
R04,SKU-1112,2025-12-03,4,0,0
R04,SKU-1112,12/04/2025,2,1,0
R04,SKU-1112,2025-12-05,11,2,0
R04,SKU-1112,12/06/2025,8,0,0
R04,SKU-1112,07-Dec-25,8,0,0
R04,SKU-1112,12/08/2025,6,0,0
R04,SKU-1112,2025-12-09,3,0,0
R04,SKU-1112,2025-12-10,6,0,0
R04,SKU-1112,12/11/2025,3,0,0
R04,SKU-1112,2025-12-12,4,0,0
R04,SKU-1112,13-Dec-25,13,0,0
R04,SKU-1112,2025-12-14,9,0,0
R04,SKU-1112,12/15/2025,11,1,1
R04,SKU-1112,16-Dec-25,6,0,0
R04,SKU-1112,17-Dec-25,8,1,0
R04,SKU-1112,2025-12-18,9,1,0
R04,SKU-1112,2025-12-19,9,0,0
R04,SKU-1112,2025-12-20,10,1,0
R04,SKU-1112,12/21/2025,7,1,0
R04,SKU-1112,22-Dec-25,12,1,0
R04,SKU-1112,23-Dec-25,5,0,0
R04,SKU-1112,24-Dec-25,7,0,0
R04,SKU-1112,25-Dec-25,9,0,0
R04,SKU-1112,2025-12-26,5,2,0
R04,SKU-1112,2025-12-27,9,0,0
R04,SKU-1112,28-Dec-25,10,0,0
R04,SKU-1112,2025-12-29,6,0,1
R04,SKU-1112,30-Dec-25,8,0,0
R04,SKU-1112,31-Dec-25,9,0,0
R05,SKU-1112,2025-12-01,21,1,0
R05,SKU-1112,12/02/2025,24,0,0
R05,SKU-1112,2025-12-03,15,0,0
R05,SKU-1112,12/04/2025,18,1,1
R05,SKU-1112,05-Dec-25,26,3,1
R05,SKU-1112,12/06/2025,18,1,0
R05,SKU-1112,12/07/2025,28,0,0
R05,SKU-1112,12/08/2025,22,0,0
R05,SKU-1112,2025-12-09,23,1,1
R05,SKU-1112,12/10/2025,17,1,0
R05,SKU-1112,12/11/2025,19,0,0
R05,SKU-1112,2025-12-12,20,0,0
R05,SKU-1112,12/13/2025,18,1,0
R05,SKU-1112,14-Dec-25,27,0,0
R05,SKU-1112,2025-12-15,19,1,0
R05,SKU-1112,12/16/2025,29,0,0
R05,SKU-1112,12/17/2025,18,0,0
R05,SKU-1112,2025-12-18,19,0,0
R05,SKU-1112,2025-12-19,24,1,0
R05,SKU-1112,2025-12-20,19,0,0
R05,SKU-1112,12/21/2025,18,0,0
R05,SKU-1112,12/22/2025,14,0,0
R05,SKU-1112,2025-12-23,22,1,0
R05,SKU-1112,2025-12-24,19,0,0
R05,SKU-1112,2025-12-25,17,0,1
R05,SKU-1112,2025-12-26,23,1,0
R05,SKU-1112,12/27/2025,23,2,0
R05,SKU-1112,28-Dec-25,24,0,0
R05,SKU-1112,12/29/2025,21,0,0
R05,SKU-1112,2025-12-30,21,0,0
R05,SKU-1112,12/31/2025,14,0,0
R05,SKU-1133,2025-12-01,17,0,1
R05,SKU-1133,2025-12-02,23,1,0
R05,SKU-1133,12/03/2025,27,0,0
R05,SKU-1133,2025-12-04,30,0,0
R05,SKU-1133,2025-12-05,26,0,0
R05,SKU-1133,2025-12-06,26,1,0
R05,SKU-1133,2025-12-07,32,0,0
R05,SKU-1133,2025-12-08,29,1,0
R05,SKU-1133,09-Dec-25,20,0,1
R05,SKU-1133,2025-12-10,25,0,0
R05,SKU-1133,12/11/2025,20,0,0
R05,SKU-1133,12/12/2025,26,0,0
R05,SKU-1133,12/13/2025,30,0,1
R05,SKU-1133,2025-12-14,21,0,0
R05,SKU-1133,2025-12-15,22,1,0
R05,SKU-1133,16-Dec-25,23,0,0
R05,SKU-1133,2025-12-17,24,0,1
R05,SKU-1133,18-Dec-25,19,0,0
R05,SKU-1133,2025-12-19,27,0,0
R05,SKU-1133,2025-12-20,29,0,0
R05,SKU-1133,2025-12-21,27,1,0
R05,SKU-1133,12/22/2025,22,0,0
R05,SKU-1133,2025-12-23,23,0,0
R05,SKU-1133,2025-12-24,24,0,0
R05,SKU-1133,2025-12-25,21,0,0
R05,SKU-1133,2025-12-26,18,1,0
R05,SKU-1133,2025-12-27,26,0,0
R05,SKU-1133,2025-12-28,22,1,0
R05,SKU-1133,2025-12-29,17,1,0
R05,SKU-1133,30-Dec-25,28,1,0
R05,SKU-1133,2025-12-31,29,0,0
R05,SKU-1028,2025-12-01,3,0,0
R05,SKU-1028,2025-12-02,3,1,0
R05,SKU-1028,2025-12-03,1,1,0
R05,SKU-1028,04-Dec-25,7,0,0
R05,SKU-1028,2025-12-05,9,0,0
R05,SKU-1028,2025-12-06,3,0,0
R05,SKU-1028,2025-12-07,7,0,0
R05,SKU-1028,12/08/2025,2,1,0
R05,SKU-1028,2025-12-09,5,0,0
R05,SKU-1028,12/10/2025,4,1,0
R05,SKU-1028,2025-12-11,11,0,0
R05,SKU-1028,2025-12-12,5,0,0
R05,SKU-1028,12/13/2025,8,0,0
R05,SKU-1028,14-Dec-25,6,0,0
R05,SKU-1028,2025-12-15,4,0,0
R05,SKU-1028,2025-12-16,5,1,0
R05,SKU-1028,2025-12-17,4,0,0
R05,SKU-1028,2025-12-18,6,1,0
R05,SKU-1028,2025-12-19,5,2,0
R05,SKU-1028,2025-12-20,9,1,0
R05,SKU-1028,12/21/2025,6,0,0
R05,SKU-1028,2025-12-22,8,0,0
R05,SKU-1028,2025-12-23,11,0,0
R05,SKU-1028,24-Dec-25,7,2,1
R05,SKU-1028,2025-12-25,3,0,0
R05,SKU-1028,12/26/2025,4,0,0
R05,SKU-1028,2025-12-27,1,0,0
R05,SKU-1028,12/28/2025,5,0,0
R05,SKU-1028,2025-12-29,10,0,1
R05,SKU-1028,30-Dec-25,3,1,0
R05,SKU-1028,12/31/2025,1,0,0
R05,SKU-1126,2025-12-01,14,1,1
R05,SKU-1126,2025-12-02,15,0,0
R05,SKU-1126,2025-12-03,14,1,0
R05,SKU-1126,2025-12-04,11,0,1
R05,SKU-1126,2025-12-05,14,0,0
R05,SKU-1126,12/06/2025,16,0,1
R05,SKU-1126,2025-12-07,8,0,1
R05,SKU-1126,12/08/2025,12,0,0
R05,SKU-1126,2025-12-09,11,0,0
R05,SKU-1126,12/10/2025,22,0,0
R05,SKU-1126,2025-12-11,15,1,1
R05,SKU-1126,12/12/2025,11,0,0
R05,SKU-1126,13-Dec-25,17,0,0
R05,SKU-1126,12/14/2025,12,1,0
R05,SKU-1126,2025-12-15,18,0,0
R05,SKU-1126,12/16/2025,16,1,0
R05,SKU-1126,2025-12-17,25,2,0
R05,SKU-1126,2025-12-18,10,0,0
R05,SKU-1126,12/19/2025,5,1,0
R05,SKU-1126,20-Dec-25,10,0,1
R05,SKU-1126,21-Dec-25,21,0,0
R05,SKU-1126,2025-12-22,16,0,0
R05,SKU-1126,12/23/2025,7,0,0
R05,SKU-1126,24-Dec-25,13,0,0
R05,SKU-1126,12/25/2025,15,2,0
R05,SKU-1126,2025-12-26,16,0,0
R05,SKU-1126,2025-12-27,24,1,0
R05,SKU-1126,2025-12-28,18,0,0
R05,SKU-1126,2025-12-29,14,2,0
R05,SKU-1126,12/30/2025,20,2,0
R05,SKU-1126,12/31/2025,13,0,0
R05,SKU-1077,2025-12-01,24,0,0
R05,SKU-1077,2025-12-02,30,0,0
R05,SKU-1077,03-Dec-25,20,1,0
R05,SKU-1077,2025-12-04,22,0,0
R05,SKU-1077,12/05/2025,19,0,0
R05,SKU-1077,2025-12-06,20,1,0
R05,SKU-1077,12/07/2025,21,1,1
R05,SKU-1077,2025-12-08,22,0,0
R05,SKU-1077,12/09/2025,19,0,0
R05,SKU-1077,2025-12-10,28,0,0
R05,SKU-1077,11-Dec-25,18,0,0
R05,SKU-1077,12/12/2025,25,2,0
R05,SKU-1077,2025-12-13,13,0,0
R05,SKU-1077,2025-12-14,32,0,0
R05,SKU-1077,2025-12-15,22,0,0
R05,SKU-1077,2025-12-16,29,2,0
R05,SKU-1077,2025-12-17,17,0,1
R05,SKU-1077,2025-12-18,25,1,1
R05,SKU-1077,12/19/2025,27,1,0
R05,SKU-1077,20-Dec-25,23,0,0
R05,SKU-1077,2025-12-21,26,0,1
R05,SKU-1077,2025-12-22,15,0,0
R05,SKU-1077,2025-12-23,25,0,0
R05,SKU-1077,2025-12-24,22,0,0
R05,SKU-1077,2025-12-25,28,2,0
R05,SKU-1077,12/26/2025,27,0,0
R05,SKU-1077,27-Dec-25,24,0,0
R05,SKU-1077,2025-12-28,28,1,0
R05,SKU-1077,2025-12-29,22,0,0
R05,SKU-1077,12/30/2025,23,1,0
R05,SKU-1077,12/31/2025,16,0,0
R05,SKU-1196,01-Dec-25,25,0,0
R05,SKU-1196,02-Dec-25,32,0,1
R05,SKU-1196,12/03/2025,30,0,0
R05,SKU-1196,2025-12-04,18,0,0
R05,SKU-1196,2025-12-05,29,0,0
R05,SKU-1196,12/06/2025,28,1,0
R05,SKU-1196,2025-12-07,30,0,1
R05,SKU-1196,2025-12-08,30,0,0
R05,SKU-1196,12/09/2025,35,3,1
R05,SKU-1196,10-Dec-25,24,0,1
R05,SKU-1196,11-Dec-25,26,0,0
R05,SKU-1196,12/12/2025,35,0,0
R05,SKU-1196,2025-12-13,28,0,0
R05,SKU-1196,2025-12-14,33,0,0
R05,SKU-1196,2025-12-15,31,0,0
R05,SKU-1196,2025-12-16,27,1,0
R05,SKU-1196,2025-12-17,38,0,1
R05,SKU-1196,2025-12-18,28,0,0
R05,SKU-1196,2025-12-19,27,0,0
R05,SKU-1196,20-Dec-25,31,0,0
R05,SKU-1196,2025-12-21,30,0,0
R05,SKU-1196,2025-12-22,27,1,0
R05,SKU-1196,2025-12-23,26,2,0
R05,SKU-1196,24-Dec-25,40,0,0
R05,SKU-1196,2025-12-25,25,0,0
R05,SKU-1196,2025-12-26,29,0,0
R05,SKU-1196,12/27/2025,34,0,0
R05,SKU-1196,28-Dec-25,24,0,0
R05,SKU-1196,2025-12-29,33,1,0
R05,SKU-1196,30-Dec-25,24,0,0
R05,SKU-1196,12/31/2025,27,0,1
R05,SKU-1056,2025-12-01,27,0,0
R05,SKU-1056,12/02/2025,32,0,0
R05,SKU-1056,12/03/2025,25,0,0
R05,SKU-1056,12/04/2025,31,0,0
R05,SKU-1056,12/05/2025,28,1,0
R05,SKU-1056,12/06/2025,23,0,0
R05,SKU-1056,2025-12-07,31,0,0
R05,SKU-1056,2025-12-08,23,0,0
R05,SKU-1056,2025-12-09,26,1,0
R05,SKU-1056,12/10/2025,22,1,1
R05,SKU-1056,2025-12-11,35,0,0
R05,SKU-1056,12-Dec-25,47,0,0
R05,SKU-1056,2025-12-13,29,0,0
R05,SKU-1056,2025-12-14,25,1,1
R05,SKU-1056,2025-12-15,33,0,0
R05,SKU-1056,2025-12-16,44,1,0
R05,SKU-1056,12/17/2025,34,0,0
R05,SKU-1056,2025-12-18,25,0,0
R05,SKU-1056,12/19/2025,32,1,0
R05,SKU-1056,2025-12-20,31,1,0
R05,SKU-1056,21-Dec-25,30,2,0
R05,SKU-1056,12/22/2025,26,0,0
R05,SKU-1056,2025-12-23,25,0,0
R05,SKU-1056,24-Dec-25,30,0,0
R05,SKU-1056,2025-12-25,30,0,0
R05,SKU-1056,2025-12-26,27,2,0
R05,SKU-1056,12/27/2025,29,0,0
R05,SKU-1056,2025-12-28,29,0,0
R05,SKU-1056,12/29/2025,23,1,0
R05,SKU-1056,2025-12-30,26,0,0
R05,SKU-1056,12/31/2025,39,0,0
R05,SKU-1280,2025-12-01,11,0,0
R05,SKU-1280,12/02/2025,6,0,0
R05,SKU-1280,2025-12-03,10,1,1
R05,SKU-1280,2025-12-04,10,0,0
R05,SKU-1280,2025-12-05,11,1,0
R05,SKU-1280,2025-12-06,13,0,0
R05,SKU-1280,12/07/2025,16,0,0
R05,SKU-1280,08-Dec-25,12,0,0
R05,SKU-1280,2025-12-09,11,0,0
R05,SKU-1280,12/10/2025,13,1,0
R05,SKU-1280,12/11/2025,14,0,0
R05,SKU-1280,2025-12-12,15,1,0
R05,SKU-1280,13-Dec-25,16,0,0
R05,SKU-1280,12/14/2025,15,0,0
R05,SKU-1280,15-Dec-25,19,0,0
R05,SKU-1280,2025-12-16,12,1,0
R05,SKU-1280,2025-12-17,11,0,0
R05,SKU-1280,2025-12-18,10,0,1
R05,SKU-1280,2025-12-19,11,0,0
R05,SKU-1280,20-Dec-25,5,1,0
R05,SKU-1280,21-Dec-25,7,0,0
R05,SKU-1280,12/22/2025,15,0,0
R05,SKU-1280,2025-12-23,7,0,0
R05,SKU-1280,12/24/2025,13,0,0
R05,SKU-1280,12/25/2025,19,1,1
R05,SKU-1280,2025-12-26,13,0,0
R05,SKU-1280,2025-12-27,10,0,0
R05,SKU-1280,2025-12-28,12,2,0
R05,SKU-1280,12/29/2025,19,1,0
R05,SKU-1280,2025-12-30,10,0,0
R05,SKU-1280,2025-12-31,11,0,0
R05,SKU-1147,2025-12-01,4,1,0
R05,SKU-1147,12/02/2025,9,0,0
R05,SKU-1147,12/03/2025,9,1,1
R05,SKU-1147,2025-12-04,4,1,0
R05,SKU-1147,2025-12-05,5,1,1
R05,SKU-1147,2025-12-06,7,0,0
R05,SKU-1147,2025-12-07,7,0,0
R05,SKU-1147,2025-12-08,3,0,0
R05,SKU-1147,2025-12-09,9,2,0
R05,SKU-1147,2025-12-10,7,0,0
R05,SKU-1147,12/11/2025,6,0,0
R05,SKU-1147,12/12/2025,2,0,0
R05,SKU-1147,2025-12-13,8,0,1
R05,SKU-1147,2025-12-14,6,1,1
R05,SKU-1147,2025-12-15,8,0,0
R05,SKU-1147,12/16/2025,6,1,0
R05,SKU-1147,12/17/2025,12,1,0
R05,SKU-1147,18-Dec-25,8,0,1
R05,SKU-1147,19-Dec-25,8,1,0
R05,SKU-1147,2025-12-20,4,0,0
R05,SKU-1147,12/21/2025,5,0,1
R05,SKU-1147,2025-12-22,5,1,0
R05,SKU-1147,12/23/2025,6,1,0
R05,SKU-1147,12/24/2025,7,2,0
R05,SKU-1147,2025-12-25,3,0,0
R05,SKU-1147,2025-12-26,5,1,0
R05,SKU-1147,2025-12-27,4,1,0
R05,SKU-1147,2025-12-28,8,2,0
R05,SKU-1147,2025-12-29,5,0,0
R05,SKU-1147,12/30/2025,8,0,0
R05,SKU-1147,12/31/2025,7,0,0
R05,SKU-1273,12/01/2025,19,0,0
R05,SKU-1273,2025-12-02,19,0,0
R05,SKU-1273,12/03/2025,19,0,0
R05,SKU-1273,2025-12-04,22,1,0
R05,SKU-1273,2025-12-05,17,1,0
R05,SKU-1273,06-Dec-25,27,0,0
R05,SKU-1273,12/07/2025,14,0,1
R05,SKU-1273,2025-12-08,29,0,0
R05,SKU-1273,2025-12-09,22,1,0
R05,SKU-1273,10-Dec-25,24,1,0
R05,SKU-1273,2025-12-11,15,1,0
R05,SKU-1273,12/12/2025,24,1,0
R05,SKU-1273,2025-12-13,19,1,0
R05,SKU-1273,2025-12-14,18,0,0
R05,SKU-1273,12/15/2025,18,1,0
R05,SKU-1273,12/16/2025,21,0,0
R05,SKU-1273,2025-12-17,19,1,0
R05,SKU-1273,18-Dec-25,16,0,1
R05,SKU-1273,12/19/2025,21,0,0
R05,SKU-1273,2025-12-20,24,0,0
R05,SKU-1273,2025-12-21,20,1,0
R05,SKU-1273,2025-12-22,25,1,0
R05,SKU-1273,2025-12-23,25,0,0
R05,SKU-1273,2025-12-24,11,1,0
R05,SKU-1273,12/25/2025,17,0,0
R05,SKU-1273,2025-12-26,24,1,1
R05,SKU-1273,27-Dec-25,35,0,0
R05,SKU-1273,28-Dec-25,19,0,0
R05,SKU-1273,2025-12-29,26,0,0
R05,SKU-1273,2025-12-30,15,0,0
R05,SKU-1273,31-Dec-25,24,0,0
R05,SKU-1105,12/01/2025,17,0,0
R05,SKU-1105,02-Dec-25,10,0,0
R05,SKU-1105,2025-12-03,18,1,0
R05,SKU-1105,2025-12-04,15,1,1
R05,SKU-1105,12/05/2025,15,2,0
R05,SKU-1105,2025-12-06,17,0,0
R05,SKU-1105,2025-12-07,13,2,0
R05,SKU-1105,12/08/2025,12,0,0
R05,SKU-1105,09-Dec-25,12,1,1
R05,SKU-1105,2025-12-10,10,1,0
R05,SKU-1105,2025-12-11,11,2,0
R05,SKU-1105,12/12/2025,12,0,0
R05,SKU-1105,13-Dec-25,10,0,1
R05,SKU-1105,2025-12-14,16,1,0
R05,SKU-1105,12/15/2025,10,0,0
R05,SKU-1105,12/16/2025,9,0,0
R05,SKU-1105,12/17/2025,13,2,1
R05,SKU-1105,18-Dec-25,15,1,0
R05,SKU-1105,12/19/2025,18,0,1
R05,SKU-1105,2025-12-20,8,0,0
R05,SKU-1105,21-Dec-25,11,1,0
R05,SKU-1105,2025-12-22,15,0,0
R05,SKU-1105,2025-12-23,15,1,0
R05,SKU-1105,2025-12-24,11,1,0
R05,SKU-1105,12/25/2025,16,0,0
R05,SKU-1105,2025-12-26,16,0,0
R05,SKU-1105,12/27/2025,15,1,0
R05,SKU-1105,2025-12-28,9,1,0
R05,SKU-1105,2025-12-29,17,1,0
R05,SKU-1105,12/30/2025,13,0,0
R05,SKU-1105,2025-12-31,7,1,0
R05,SKU-1007,12/01/2025,18,1,0
R05,SKU-1007,02-Dec-25,25,1,0
R05,SKU-1007,12/03/2025,32,0,1
R05,SKU-1007,2025-12-04,21,1,0
R05,SKU-1007,2025-12-05,21,0,0
R05,SKU-1007,06-Dec-25,20,0,0
R05,SKU-1007,2025-12-07,22,1,0
R05,SKU-1007,2025-12-08,22,0,0
R05,SKU-1007,2025-12-09,29,3,0
R05,SKU-1007,2025-12-10,23,0,0
R05,SKU-1007,2025-12-11,16,2,0
R05,SKU-1007,12/12/2025,18,0,0
R05,SKU-1007,13-Dec-25,20,0,1
R05,SKU-1007,2025-12-14,18,0,0
R05,SKU-1007,2025-12-15,23,1,0
R05,SKU-1007,2025-12-16,23,0,0
R05,SKU-1007,2025-12-17,19,0,0
R05,SKU-1007,2025-12-18,33,1,0
R05,SKU-1007,2025-12-19,22,1,0
R05,SKU-1007,2025-12-20,33,0,0
R05,SKU-1007,2025-12-21,21,1,0
R05,SKU-1007,22-Dec-25,27,0,0
R05,SKU-1007,2025-12-23,40,0,0
R05,SKU-1007,2025-12-24,20,1,0
R05,SKU-1007,25-Dec-25,20,0,1
R05,SKU-1007,2025-12-26,29,0,0
R05,SKU-1007,27-Dec-25,24,0,0
R05,SKU-1007,12/28/2025,21,1,0
R05,SKU-1007,2025-12-29,27,1,0
R05,SKU-1007,12/30/2025,24,0,0
R05,SKU-1007,12/31/2025,23,0,0
R05,SKU-1098,2025-12-01,28,1,0
R05,SKU-1098,2025-12-02,29,0,0
R05,SKU-1098,2025-12-03,33,1,0
R05,SKU-1098,2025-12-04,37,0,1
R05,SKU-1098,12/05/2025,37,0,0
R05,SKU-1098,2025-12-06,32,0,0
R05,SKU-1098,2025-12-07,33,1,0
R05,SKU-1098,12/08/2025,32,1,1
R05,SKU-1098,12/09/2025,41,0,0
R05,SKU-1098,2025-12-10,37,1,0
R05,SKU-1098,2025-12-11,26,0,0
R05,SKU-1098,2025-12-12,38,1,0
R05,SKU-1098,2025-12-13,24,0,0
R05,SKU-1098,12/14/2025,36,1,0
R05,SKU-1098,2025-12-15,45,1,0
R05,SKU-1098,2025-12-16,23,3,0
R05,SKU-1098,12/17/2025,48,1,0
R05,SKU-1098,2025-12-18,30,1,1
R05,SKU-1098,2025-12-19,45,2,0
R05,SKU-1098,2025-12-20,30,0,0
R05,SKU-1098,2025-12-21,32,0,0
R05,SKU-1098,2025-12-22,26,1,0
R05,SKU-1098,23-Dec-25,28,0,0
R05,SKU-1098,2025-12-24,33,0,0
R05,SKU-1098,2025-12-25,25,1,0
R05,SKU-1098,2025-12-26,27,0,0
R05,SKU-1098,27-Dec-25,21,0,0
R05,SKU-1098,2025-12-28,32,0,0
R05,SKU-1098,29-Dec-25,31,0,0
R05,SKU-1098,2025-12-30,35,0,0
R05,SKU-1098,2025-12-31,37,0,0
R05,SKU-1035,01-Dec-25,6,0,0
R05,SKU-1035,2025-12-02,3,0,0
R05,SKU-1035,03-Dec-25,4,1,0
R05,SKU-1035,04-Dec-25,6,1,0
R05,SKU-1035,2025-12-05,10,1,1
R05,SKU-1035,12/06/2025,8,0,0
R05,SKU-1035,2025-12-07,5,0,0
R05,SKU-1035,12/08/2025,5,0,0
R05,SKU-1035,2025-12-09,5,1,0
R05,SKU-1035,12/10/2025,10,0,0
R05,SKU-1035,12/11/2025,6,2,0
R05,SKU-1035,2025-12-12,6,0,0
R05,SKU-1035,12/13/2025,7,1,0
R05,SKU-1035,2025-12-14,7,0,0
R05,SKU-1035,12/15/2025,10,2,0
R05,SKU-1035,16-Dec-25,5,0,0
R05,SKU-1035,2025-12-17,5,0,0
R05,SKU-1035,2025-12-18,2,0,0
R05,SKU-1035,12/19/2025,6,1,0
R05,SKU-1035,2025-12-20,8,0,0
R05,SKU-1035,21-Dec-25,7,1,0
R05,SKU-1035,12/22/2025,6,0,0
R05,SKU-1035,2025-12-23,11,0,0
R05,SKU-1035,2025-12-24,7,1,0
R05,SKU-1035,25-Dec-25,7,0,0
R05,SKU-1035,2025-12-26,8,0,0
R05,SKU-1035,12/27/2025,8,1,0
R05,SKU-1035,28-Dec-25,4,2,0
R05,SKU-1035,2025-12-29,10,2,0
R05,SKU-1035,2025-12-30,8,0,0
R05,SKU-1035,31-Dec-25,10,0,0
R05,SKU-1014,2025-12-01,14,2,0
R05,SKU-1014,2025-12-02,14,0,0
R05,SKU-1014,2025-12-03,10,1,0
R05,SKU-1014,12/04/2025,12,0,0
R05,SKU-1014,12/05/2025,14,0,0
R05,SKU-1014,06-Dec-25,13,0,0
R05,SKU-1014,2025-12-07,17,1,0
R05,SKU-1014,2025-12-08,13,1,0
R05,SKU-1014,2025-12-09,16,0,1
R05,SKU-1014,2025-12-10,9,0,0
R05,SKU-1014,2025-12-11,18,0,0
R05,SKU-1014,2025-12-12,13,0,0
R05,SKU-1014,2025-12-13,14,0,0
R05,SKU-1014,2025-12-14,10,0,0
R05,SKU-1014,2025-12-15,18,1,0
R05,SKU-1014,2025-12-16,9,0,0
R05,SKU-1014,2025-12-17,9,0,0
R05,SKU-1014,12/18/2025,11,0,0
R05,SKU-1014,12/19/2025,16,0,0
R05,SKU-1014,12/20/2025,17,0,0
R05,SKU-1014,12/21/2025,13,1,0
R05,SKU-1014,2025-12-22,9,0,0
R05,SKU-1014,2025-12-23,19,1,0
R05,SKU-1014,2025-12-24,20,0,0
R05,SKU-1014,2025-12-25,7,0,0
R05,SKU-1014,26-Dec-25,18,1,1
R05,SKU-1014,2025-12-27,8,0,0
R05,SKU-1014,28-Dec-25,14,0,0
R05,SKU-1014,2025-12-29,15,3,1
R05,SKU-1014,2025-12-30,14,0,0
R05,SKU-1014,2025-12-31,11,1,0
R05,SKU-1091,2025-12-01,8,1,0
R05,SKU-1091,2025-12-02,5,2,1
R05,SKU-1091,03-Dec-25,6,0,0
R05,SKU-1091,2025-12-04,12,0,0
R05,SKU-1091,12/05/2025,2,1,0
R05,SKU-1091,2025-12-06,4,0,0
R05,SKU-1091,2025-12-07,7,0,0
R05,SKU-1091,2025-12-08,10,1,0
R05,SKU-1091,2025-12-09,9,1,1
R05,SKU-1091,10-Dec-25,7,0,0
R05,SKU-1091,2025-12-11,6,0,0
R05,SKU-1091,2025-12-12,3,2,1
R05,SKU-1091,2025-12-13,8,0,0
R05,SKU-1091,12/14/2025,4,1,1
R05,SKU-1091,2025-12-15,5,0,0
R05,SKU-1091,2025-12-16,8,0,0
R05,SKU-1091,2025-12-17,6,0,0
R05,SKU-1091,18-Dec-25,6,0,0
R05,SKU-1091,2025-12-19,12,1,0
R05,SKU-1091,2025-12-20,3,2,1
R05,SKU-1091,21-Dec-25,9,2,0
R05,SKU-1091,2025-12-22,6,1,0
R05,SKU-1091,12/23/2025,2,0,0
R05,SKU-1091,12/24/2025,7,0,0
R05,SKU-1091,2025-12-25,4,1,0
R05,SKU-1091,2025-12-26,7,0,1
R05,SKU-1091,2025-12-27,13,0,0
R05,SKU-1091,2025-12-28,7,0,0
R05,SKU-1091,12/29/2025,10,1,0
R05,SKU-1091,2025-12-30,5,0,0
R05,SKU-1091,2025-12-31,8,1,0
R05,SKU-1182,01-Dec-25,30,0,0
R05,SKU-1182,12/02/2025,22,0,0
R05,SKU-1182,2025-12-03,17,0,0
R05,SKU-1182,2025-12-04,18,0,0
R05,SKU-1182,2025-12-05,17,1,0
R05,SKU-1182,12/06/2025,7,0,0
R05,SKU-1182,2025-12-07,21,0,0
R05,SKU-1182,12/08/2025,13,1,0
R05,SKU-1182,2025-12-09,19,1,0
R05,SKU-1182,10-Dec-25,14,1,0
R05,SKU-1182,2025-12-11,17,1,0
R05,SKU-1182,2025-12-12,9,2,0
R05,SKU-1182,2025-12-13,14,0,0
R05,SKU-1182,2025-12-14,20,0,0
R05,SKU-1182,2025-12-15,24,0,0
R05,SKU-1182,12/16/2025,14,1,0
R05,SKU-1182,2025-12-17,20,0,0
R05,SKU-1182,2025-12-18,16,2,0
R05,SKU-1182,2025-12-19,14,0,0
R05,SKU-1182,2025-12-20,18,0,0
R05,SKU-1182,21-Dec-25,18,1,0
R05,SKU-1182,2025-12-22,9,1,0
R05,SKU-1182,23-Dec-25,15,1,0
R05,SKU-1182,12/24/2025,14,0,0
R05,SKU-1182,2025-12-25,12,0,0
R05,SKU-1182,2025-12-26,14,0,1
R05,SKU-1182,12/27/2025,13,0,1
R05,SKU-1182,2025-12-28,19,0,0
R05,SKU-1182,2025-12-29,16,0,0
R05,SKU-1182,2025-12-30,17,1,0
R05,SKU-1182,2025-12-31,15,0,0
R05,SKU-1042,2025-12-01,28,0,0
R05,SKU-1042,2025-12-02,20,0,0
R05,SKU-1042,2025-12-03,13,0,0
R05,SKU-1042,12/04/2025,27,0,0
R05,SKU-1042,2025-12-05,22,0,0
R05,SKU-1042,12/06/2025,21,0,0
R05,SKU-1042,12/07/2025,14,0,0
R05,SKU-1042,2025-12-08,22,0,0
R05,SKU-1042,2025-12-09,27,2,0
R05,SKU-1042,2025-12-10,20,0,0
R05,SKU-1042,12/11/2025,22,1,0
R05,SKU-1042,12/12/2025,24,0,0
R05,SKU-1042,2025-12-13,20,0,0
R05,SKU-1042,2025-12-14,24,0,1
R05,SKU-1042,2025-12-15,19,0,0
R05,SKU-1042,16-Dec-25,22,0,0
R05,SKU-1042,12/17/2025,25,0,0
R05,SKU-1042,2025-12-18,19,0,0
R05,SKU-1042,2025-12-19,20,2,0
R05,SKU-1042,20-Dec-25,20,2,0
R05,SKU-1042,2025-12-21,18,0,1
R05,SKU-1042,2025-12-22,15,0,0
R05,SKU-1042,2025-12-23,22,0,0
R05,SKU-1042,12/24/2025,19,1,0
R05,SKU-1042,2025-12-25,24,0,1
R05,SKU-1042,2025-12-26,11,0,1
R05,SKU-1042,12/27/2025,14,0,0
R05,SKU-1042,2025-12-28,23,0,0
R05,SKU-1042,2025-12-29,23,0,0
R05,SKU-1042,2025-12-30,24,1,0
R05,SKU-1042,31-Dec-25,27,1,0
R05,SKU-1140,2025-12-01,15,0,1
R05,SKU-1140,12/02/2025,18,0,0
R05,SKU-1140,03-Dec-25,25,0,0
R05,SKU-1140,12/04/2025,12,0,0
R05,SKU-1140,05-Dec-25,9,0,0
R05,SKU-1140,12/06/2025,17,0,1
R05,SKU-1140,2025-12-07,25,0,0
R05,SKU-1140,2025-12-08,26,0,0
R05,SKU-1140,12/09/2025,16,1,0
R05,SKU-1140,10-Dec-25,18,0,0
R05,SKU-1140,2025-12-11,19,0,0
R05,SKU-1140,2025-12-12,21,1,0
R05,SKU-1140,2025-12-13,13,0,0
R05,SKU-1140,14-Dec-25,15,0,0
R05,SKU-1140,2025-12-15,19,1,0
R05,SKU-1140,2025-12-16,19,1,0
R05,SKU-1140,2025-12-17,11,1,0
R05,SKU-1140,2025-12-18,15,0,0
R05,SKU-1140,2025-12-19,16,1,0
R05,SKU-1140,2025-12-20,16,1,0
R05,SKU-1140,12/21/2025,16,0,0
R05,SKU-1140,2025-12-22,20,1,0
R05,SKU-1140,2025-12-23,16,1,0
R05,SKU-1140,2025-12-24,17,0,0
R05,SKU-1140,12/25/2025,17,0,0
R05,SKU-1140,2025-12-26,11,1,0
R05,SKU-1140,2025-12-27,23,0,0
R05,SKU-1140,2025-12-28,14,0,0
R05,SKU-1140,29-Dec-25,14,0,0
R05,SKU-1140,2025-12-30,17,0,1
R05,SKU-1140,2025-12-31,20,0,0
R05,SKU-1189,2025-12-01,22,0,0
R05,SKU-1189,12/02/2025,17,1,0
R05,SKU-1189,2025-12-03,23,0,0
R05,SKU-1189,12/04/2025,14,1,0
R05,SKU-1189,2025-12-05,17,1,0
R05,SKU-1189,2025-12-06,16,0,0
R05,SKU-1189,2025-12-07,9,1,0
R05,SKU-1189,12/08/2025,15,0,0
R05,SKU-1189,2025-12-09,9,1,0
R05,SKU-1189,2025-12-10,15,1,0
R05,SKU-1189,2025-12-11,11,2,0
R05,SKU-1189,2025-12-12,19,1,0
R05,SKU-1189,12/13/2025,16,1,0
R05,SKU-1189,14-Dec-25,18,0,1
R05,SKU-1189,12/15/2025,17,0,1
R05,SKU-1189,12/16/2025,15,0,0
R05,SKU-1189,2025-12-17,14,1,1
R05,SKU-1189,2025-12-18,13,3,0
R05,SKU-1189,2025-12-19,17,0,0
R05,SKU-1189,2025-12-20,13,1,0
R05,SKU-1189,21-Dec-25,16,1,0
R05,SKU-1189,12/22/2025,21,1,0
R05,SKU-1189,2025-12-23,16,1,0
R05,SKU-1189,24-Dec-25,24,0,0
R05,SKU-1189,12/25/2025,19,0,0
R05,SKU-1189,12/26/2025,16,0,0
R05,SKU-1189,2025-12-27,9,0,0
R05,SKU-1189,2025-12-28,9,0,0
R05,SKU-1189,2025-12-29,14,0,0
R05,SKU-1189,2025-12-30,15,0,0
R05,SKU-1189,31-Dec-25,13,0,1
R05,SKU-1084,12/01/2025,13,1,0
R05,SKU-1084,12/02/2025,11,0,0
R05,SKU-1084,2025-12-03,12,0,0
R05,SKU-1084,2025-12-04,10,0,0
R05,SKU-1084,12/05/2025,14,0,0
R05,SKU-1084,2025-12-06,22,0,0
R05,SKU-1084,2025-12-07,11,0,0
R05,SKU-1084,12/08/2025,10,0,0
R05,SKU-1084,2025-12-09,9,0,0
R05,SKU-1084,12/10/2025,10,1,0
R05,SKU-1084,11-Dec-25,12,0,0
R05,SKU-1084,12-Dec-25,17,0,0
R05,SKU-1084,2025-12-13,11,1,0
R05,SKU-1084,12/14/2025,15,1,0
R05,SKU-1084,12/15/2025,15,0,0
R05,SKU-1084,2025-12-16,9,0,0
R05,SKU-1084,2025-12-17,13,2,0
R05,SKU-1084,12/18/2025,15,0,1
R05,SKU-1084,19-Dec-25,12,0,0
R05,SKU-1084,2025-12-20,16,0,1
R05,SKU-1084,2025-12-21,15,1,0
R05,SKU-1084,12/22/2025,8,1,0
R05,SKU-1084,12/23/2025,11,1,0
R05,SKU-1084,2025-12-24,8,0,1
R05,SKU-1084,2025-12-25,12,1,0
R05,SKU-1084,26-Dec-25,15,0,1
R05,SKU-1084,2025-12-27,12,0,0
R05,SKU-1084,2025-12-28,18,0,0
R05,SKU-1084,12/29/2025,13,1,0
R05,SKU-1084,12/30/2025,11,0,0
R05,SKU-1084,2025-12-31,14,0,0
R05,SKU-1168,2025-12-01,34,0,0
R05,SKU-1168,12/02/2025,43,1,0
R05,SKU-1168,2025-12-03,27,0,0
R05,SKU-1168,2025-12-04,38,1,0
R05,SKU-1168,05-Dec-25,38,0,0
R05,SKU-1168,12/06/2025,24,0,0
R05,SKU-1168,2025-12-07,41,0,0
R05,SKU-1168,12/08/2025,32,1,0
R05,SKU-1168,12/09/2025,36,0,0
R05,SKU-1168,2025-12-10,29,0,0
R05,SKU-1168,2025-12-11,34,0,0
R05,SKU-1168,12-Dec-25,26,0,0
R05,SKU-1168,2025-12-13,27,0,0
R05,SKU-1168,2025-12-14,29,0,1
R05,SKU-1168,15-Dec-25,34,3,0
R05,SKU-1168,2025-12-16,32,1,0
R05,SKU-1168,12/17/2025,41,0,0
R05,SKU-1168,2025-12-18,27,1,0
R05,SKU-1168,2025-12-19,32,0,0
R05,SKU-1168,2025-12-20,32,1,0
R05,SKU-1168,21-Dec-25,26,0,0
R05,SKU-1168,2025-12-22,29,0,0
R05,SKU-1168,23-Dec-25,41,0,0
R05,SKU-1168,12/24/2025,38,0,0
R05,SKU-1168,25-Dec-25,20,1,0
R05,SKU-1168,2025-12-26,29,1,0
R05,SKU-1168,12/27/2025,31,1,1
R05,SKU-1168,2025-12-28,30,1,0
R05,SKU-1168,2025-12-29,40,0,0
R05,SKU-1168,2025-12-30,39,0,0
R05,SKU-1168,2025-12-31,29,1,0
R05,SKU-1175,2025-12-01,25,0,1
R05,SKU-1175,02-Dec-25,32,0,0
R05,SKU-1175,03-Dec-25,23,0,0
R05,SKU-1175,2025-12-04,42,0,1
R05,SKU-1175,12/05/2025,28,0,0
R05,SKU-1175,2025-12-06,32,0,0
R05,SKU-1175,12/07/2025,33,0,0
R05,SKU-1175,2025-12-08,33,0,0
R05,SKU-1175,12/09/2025,30,0,0
R05,SKU-1175,2025-12-10,35,2,0
R05,SKU-1175,2025-12-11,24,0,0
R05,SKU-1175,2025-12-12,37,0,0
R05,SKU-1175,13-Dec-25,30,0,0
R05,SKU-1175,14-Dec-25,30,2,0
R05,SKU-1175,12/15/2025,36,1,0
R05,SKU-1175,2025-12-16,22,0,0
R05,SKU-1175,17-Dec-25,37,0,1
R05,SKU-1175,2025-12-18,37,0,0
R05,SKU-1175,12/19/2025,31,0,0
R05,SKU-1175,20-Dec-25,32,0,0
R05,SKU-1175,12/21/2025,26,0,0
R05,SKU-1175,22-Dec-25,35,0,0
R05,SKU-1175,23-Dec-25,34,1,0
R05,SKU-1175,2025-12-24,26,0,0
R05,SKU-1175,25-Dec-25,33,0,0
R05,SKU-1175,2025-12-26,37,1,0
R05,SKU-1175,12/27/2025,37,0,0
R05,SKU-1175,2025-12-28,38,0,0
R05,SKU-1175,2025-12-29,36,0,0
R05,SKU-1175,2025-12-30,27,0,0
R05,SKU-1175,12/31/2025,30,0,0
R05,SKU-1070,01-Dec-25,35,1,0
R05,SKU-1070,12/02/2025,20,0,1
R05,SKU-1070,12/03/2025,36,0,0
R05,SKU-1070,2025-12-04,34,0,0
R05,SKU-1070,2025-12-05,26,0,0
R05,SKU-1070,2025-12-06,49,1,0
R05,SKU-1070,2025-12-07,41,1,1
R05,SKU-1070,08-Dec-25,28,1,0
R05,SKU-1070,2025-12-09,30,3,0
R05,SKU-1070,2025-12-10,15,1,0
R05,SKU-1070,2025-12-11,24,1,0
R05,SKU-1070,12-Dec-25,31,0,0
R05,SKU-1070,12/13/2025,40,0,0
R05,SKU-1070,14-Dec-25,34,1,0
R05,SKU-1070,12/15/2025,32,0,0
R05,SKU-1070,2025-12-16,36,0,0
R05,SKU-1070,17-Dec-25,42,0,0
R05,SKU-1070,18-Dec-25,32,0,0
R05,SKU-1070,2025-12-19,33,0,1
R05,SKU-1070,12/20/2025,33,1,0
R05,SKU-1070,2025-12-21,31,1,0
R05,SKU-1070,22-Dec-25,31,0,0
R05,SKU-1070,23-Dec-25,32,1,0
R05,SKU-1070,2025-12-24,37,0,0
R05,SKU-1070,2025-12-25,27,0,0
R05,SKU-1070,12/26/2025,35,0,1
R05,SKU-1070,2025-12-27,30,1,0
R05,SKU-1070,12/28/2025,31,0,1
R05,SKU-1070,2025-12-29,27,1,0
R05,SKU-1070,2025-12-30,31,0,0
R05,SKU-1070,2025-12-31,29,1,0
