retailer_id,product_id,sale_date,sold_qty,returns_qty,promo_flag
R01,SKU-1014,01-Mar-25,0,0,0
R01,SKU-1014,2025-03-02,6,0,0
R01,SKU-1014,03/03/2025,5,0,0
R01,SKU-1014,03/04/2025,5,0,0
R01,SKU-1014,2025-03-05,14,1,0
R01,SKU-1014,03/06/2025,9,0,0
R01,SKU-1014,2025-03-07,3,0,0
R01,SKU-1014,2025-03-08,14,0,0
R01,SKU-1014,03/09/2025,5,0,0
R01,SKU-1014,2025-03-10,7,0,0
R01,SKU-1014,2025-03-11,6,0,0
R01,SKU-1014,12-Mar-25,11,0,0
R01,SKU-1014,03/13/2025,7,0,0
R01,SKU-1014,03/14/2025,5,0,0
R01,SKU-1014,2025-03-15,6,0,0
R01,SKU-1014,2025-03-16,6,0,0
R01,SKU-1014,2025-03-17,7,0,1
R01,SKU-1014,2025-03-18,11,0,0
R01,SKU-1014,03/19/2025,10,0,1
R01,SKU-1014,20-Mar-25,4,0,0
R01,SKU-1014,2025-03-21,3,0,0
R01,SKU-1014,2025-03-22,9,0,0
R01,SKU-1014,2025-03-23,8,0,0
R01,SKU-1014,2025-03-24,10,1,0
R01,SKU-1014,2025-03-25,7,1,1
R01,SKU-1014,2025-03-26,9,0,0
R01,SKU-1014,2025-03-27,7,0,0
R01,SKU-1014,03/28/2025,1,0,0
R01,SKU-1014,2025-03-29,5,1,0
R01,SKU-1014,2025-03-30,8,1,0
R01,SKU-1014,03/31/2025,5,0,0
R01,SKU-1231,2025-03-01,5,0,0
R01,SKU-1231,03/02/2025,11,1,0
R01,SKU-1231,03/03/2025,11,0,0
R01,SKU-1231,03/04/2025,8,0,0
R01,SKU-1231,03/05/2025,9,0,0
R01,SKU-1231,2025-03-06,6,1,0
R01,SKU-1231,2025-03-07,5,1,0
R01,SKU-1231,03/08/2025,13,0,1
R01,SKU-1231,2025-03-09,18,1,0
R01,SKU-1231,2025-03-10,8,0,0
R01,SKU-1231,11-Mar-25,6,1,0
R01,SKU-1231,12-Mar-25,6,0,0
R01,SKU-1231,13-Mar-25,12,0,0
R01,SKU-1231,2025-03-14,14,0,0
R01,SKU-1231,2025-03-15,14,1,0
R01,SKU-1231,2025-03-16,10,0,0
R01,SKU-1231,17-Mar-25,12,0,0
R01,SKU-1231,2025-03-18,14,1,0
R01,SKU-1231,2025-03-19,15,0,0
R01,SKU-1231,03/20/2025,15,0,0
R01,SKU-1231,21-Mar-25,5,0,0
R01,SKU-1231,03/22/2025,8,2,0
R01,SKU-1231,2025-03-23,9,1,0
R01,SKU-1231,2025-03-24,8,1,0
R01,SKU-1231,2025-03-25,8,1,0
R01,SKU-1231,26-Mar-25,9,0,0
R01,SKU-1231,2025-03-27,15,0,0
R01,SKU-1231,2025-03-28,15,0,0
R01,SKU-1231,2025-03-29,3,0,0
R01,SKU-1231,2025-03-30,13,0,1
R01,SKU-1231,2025-03-31,8,0,0
R01,SKU-1056,2025-03-01,12,0,0
R01,SKU-1056,03/02/2025,8,0,0
R01,SKU-1056,03/03/2025,14,2,0
R01,SKU-1056,2025-03-04,12,1,0
R01,SKU-1056,03/05/2025,13,0,0
R01,SKU-1056,2025-03-06,10,0,0
R01,SKU-1056,2025-03-07,12,0,0
R01,SKU-1056,2025-03-08,11,0,0
R01,SKU-1056,09-Mar-25,12,1,1
R01,SKU-1056,2025-03-10,18,1,0
R01,SKU-1056,11-Mar-25,12,0,0
R01,SKU-1056,03/12/2025,21,0,0
R01,SKU-1056,2025-03-13,12,0,0
R01,SKU-1056,2025-03-14,13,1,0
R01,SKU-1056,15-Mar-25,17,0,0
R01,SKU-1056,2025-03-16,17,0,0
R01,SKU-1056,2025-03-17,14,1,0
R01,SKU-1056,03/18/2025,11,2,1
R01,SKU-1056,03/19/2025,12,0,0
R01,SKU-1056,03/20/2025,13,0,0
R01,SKU-1056,21-Mar-25,10,1,0
R01,SKU-1056,2025-03-22,15,0,1
R01,SKU-1056,2025-03-23,9,0,0
R01,SKU-1056,2025-03-24,15,1,0
R01,SKU-1056,25-Mar-25,14,0,0
R01,SKU-1056,2025-03-26,16,1,0
R01,SKU-1056,03/27/2025,10,0,0
R01,SKU-1056,2025-03-28,13,0,0
R01,SKU-1056,2025-03-29,15,0,0
R01,SKU-1056,03/30/2025,18,0,0
R01,SKU-1056,2025-03-31,13,0,0
R01,SKU-1140,2025-03-01,11,0,0
R01,SKU-1140,2025-03-02,9,0,0
R01,SKU-1140,03/03/2025,8,1,0
R01,SKU-1140,03/04/2025,11,1,0
R01,SKU-1140,03/05/2025,14,0,1
R01,SKU-1140,2025-03-06,17,0,0
R01,SKU-1140,07-Mar-25,11,0,1
R01,SKU-1140,08-Mar-25,9,0,0
R01,SKU-1140,03/09/2025,20,0,0
R01,SKU-1140,2025-03-10,15,0,0
R01,SKU-1140,11-Mar-25,6,0,0
R01,SKU-1140,03/12/2025,6,1,0
R01,SKU-1140,03/13/2025,6,0,0
R01,SKU-1140,2025-03-14,9,0,0
R01,SKU-1140,03/15/2025,10,1,0
R01,SKU-1140,2025-03-16,8,1,0
R01,SKU-1140,17-Mar-25,12,0,0
R01,SKU-1140,03/18/2025,10,1,0
R01,SKU-1140,03/19/2025,16,0,0
R01,SKU-1140,03/20/2025,11,0,0
R01,SKU-1140,2025-03-21,8,1,1
R01,SKU-1140,2025-03-22,9,0,0
R01,SKU-1140,2025-03-23,10,2,0
R01,SKU-1140,2025-03-24,14,1,0
R01,SKU-1140,2025-03-25,14,0,1
R01,SKU-1140,2025-03-26,10,1,0
R01,SKU-1140,2025-03-27,7,1,1
R01,SKU-1140,2025-03-28,5,0,0
R01,SKU-1140,2025-03-29,15,0,0
R01,SKU-1140,03/30/2025,10,0,0
R01,SKU-1140,03/31/2025,7,1,0
R01,SKU-1189,03/01/2025,12,1,0
R01,SKU-1189,2025-03-02,9,3,0
R01,SKU-1189,03/03/2025,12,0,0
R01,SKU-1189,2025-03-04,11,1,0
R01,SKU-1189,2025-03-05,12,0,0
R01,SKU-1189,06-Mar-25,6,1,0
R01,SKU-1189,2025-03-07,4,0,0
R01,SKU-1189,2025-03-08,7,0,0
R01,SKU-1189,09-Mar-25,12,1,0
R01,SKU-1189,10-Mar-25,7,0,0
R01,SKU-1189,2025-03-11,13,2,0
R01,SKU-1189,2025-03-12,11,2,1
R01,SKU-1189,2025-03-13,12,1,0
R01,SKU-1189,2025-03-14,10,1,0
R01,SKU-1189,2025-03-15,11,0,0
R01,SKU-1189,2025-03-16,9,0,0
R01,SKU-1189,2025-03-17,10,0,0
R01,SKU-1189,2025-03-18,8,0,0
R01,SKU-1189,2025-03-19,11,0,0
R01,SKU-1189,2025-03-20,7,1,0
R01,SKU-1189,03/21/2025,9,0,0
R01,SKU-1189,03/22/2025,6,1,0
R01,SKU-1189,2025-03-23,8,0,0
R01,SKU-1189,2025-03-24,6,1,0
R01,SKU-1189,2025-03-25,13,0,0
R01,SKU-1189,26-Mar-25,13,0,0
R01,SKU-1189,27-Mar-25,10,1,0
R01,SKU-1189,03/28/2025,8,0,0
R01,SKU-1189,03/29/2025,12,1,0
R01,SKU-1189,30-Mar-25,10,1,0
R01,SKU-1189,2025-03-31,7,0,0
R01,SKU-1252,2025-03-01,20,0,0
R01,SKU-1252,2025-03-02,26,0,0
R01,SKU-1252,03-Mar-25,17,0,0
R01,SKU-1252,2025-03-04,28,0,0
R01,SKU-1252,2025-03-05,21,0,1
R01,SKU-1252,06-Mar-25,27,0,0
R01,SKU-1252,2025-03-07,24,1,0
R01,SKU-1252,03/08/2025,21,0,0
R01,SKU-1252,2025-03-09,28,0,0
R01,SKU-1252,03/10/2025,28,1,0
R01,SKU-1252,03/11/2025,30,0,0
R01,SKU-1252,2025-03-12,28,1,0
R01,SKU-1252,13-Mar-25,27,0,1
R01,SKU-1252,14-Mar-25,16,0,0
R01,SKU-1252,03/15/2025,31,0,0
R01,SKU-1252,2025-03-16,30,1,0
R01,SKU-1252,17-Mar-25,21,1,0
R01,SKU-1252,03/18/2025,26,0,0
R01,SKU-1252,2025-03-19,21,0,0
R01,SKU-1252,2025-03-20,30,1,0
R01,SKU-1252,2025-03-21,25,0,0
R01,SKU-1252,2025-03-22,23,0,0
R01,SKU-1252,03/23/2025,20,1,0
R01,SKU-1252,03/24/2025,29,0,0
R01,SKU-1252,25-Mar-25,22,0,0
R01,SKU-1252,03/26/2025,21,0,1
R01,SKU-1252,03/27/2025,26,0,0
R01,SKU-1252,2025-03-28,25,1,0
R01,SKU-1252,2025-03-29,17,1,0
R01,SKU-1252,2025-03-30,23,0,0
R01,SKU-1252,2025-03-31,20,1,0
R01,SKU-1259,03/01/2025,23,0,0
R01,SKU-1259,03/02/2025,11,0,0
R01,SKU-1259,2025-03-03,12,0,0
R01,SKU-1259,03/04/2025,13,1,0
R01,SKU-1259,2025-03-05,18,3,0
R01,SKU-1259,06-Mar-25,7,0,0
R01,SKU-1259,2025-03-07,7,0,0
R01,SKU-1259,03/08/2025,9,1,0
R01,SKU-1259,2025-03-09,4,0,1
R01,SKU-1259,03/10/2025,14,0,1
R01,SKU-1259,2025-03-11,14,0,1
R01,SKU-1259,2025-03-12,8,1,0
R01,SKU-1259,2025-03-13,16,0,0
R01,SKU-1259,2025-03-14,11,0,0
R01,SKU-1259,03/15/2025,6,0,0
R01,SKU-1259,03/16/2025,12,0,0
R01,SKU-1259,2025-03-17,13,0,0
R01,SKU-1259,03/18/2025,12,0,0
R01,SKU-1259,2025-03-19,9,1,0
R01,SKU-1259,2025-03-20,14,0,1
R01,SKU-1259,2025-03-21,11,0,0
R01,SKU-1259,22-Mar-25,16,0,0
R01,SKU-1259,2025-03-23,16,1,0
R01,SKU-1259,2025-03-24,10,1,1
R01,SKU-1259,2025-03-25,8,1,0
R01,SKU-1259,2025-03-26,12,0,1
R01,SKU-1259,2025-03-27,13,0,1
R01,SKU-1259,28-Mar-25,12,1,0
R01,SKU-1259,2025-03-29,10,1,0
R01,SKU-1259,2025-03-30,8,0,0
R01,SKU-1259,2025-03-31,10,0,0
R01,SKU-1021,03/01/2025,9,1,0
R01,SKU-1021,2025-03-02,17,1,0
R01,SKU-1021,03/03/2025,18,1,0
R01,SKU-1021,2025-03-04,12,0,0
R01,SKU-1021,05-Mar-25,16,0,0
R01,SKU-1021,2025-03-06,9,0,0
R01,SKU-1021,2025-03-07,13,0,1
R01,SKU-1021,2025-03-08,9,0,0
R01,SKU-1021,2025-03-09,9,0,0
R01,SKU-1021,2025-03-10,16,0,0
R01,SKU-1021,2025-03-11,13,0,0
R01,SKU-1021,12-Mar-25,10,1,0
R01,SKU-1021,03/13/2025,8,0,0
R01,SKU-1021,2025-03-14,9,1,1
R01,SKU-1021,03/15/2025,12,0,0
R01,SKU-1021,03/16/2025,13,2,1
R01,SKU-1021,2025-03-17,14,1,0
R01,SKU-1021,18-Mar-25,18,0,0
R01,SKU-1021,2025-03-19,13,0,0
R01,SKU-1021,20-Mar-25,16,0,0
R01,SKU-1021,21-Mar-25,14,1,0
R01,SKU-1021,2025-03-22,13,0,0
R01,SKU-1021,23-Mar-25,10,0,0
R01,SKU-1021,2025-03-24,13,0,0
R01,SKU-1021,03/25/2025,22,1,0
R01,SKU-1021,26-Mar-25,10,0,0
R01,SKU-1021,2025-03-27,17,0,1
R01,SKU-1021,2025-03-28,16,1,0
R01,SKU-1021,2025-03-29,13,0,0
R01,SKU-1021,2025-03-30,10,1,0
R01,SKU-1021,2025-03-31,19,0,0
R01,SKU-1147,2025-03-01,25,2,0
R01,SKU-1147,2025-03-02,25,0,0
R01,SKU-1147,03-Mar-25,18,0,0
R01,SKU-1147,2025-03-04,20,1,0
R01,SKU-1147,05-Mar-25,20,0,0
R01,SKU-1147,03/06/2025,21,2,1
R01,SKU-1147,2025-03-07,13,0,0
R01,SKU-1147,03/08/2025,18,0,0
R01,SKU-1147,09-Mar-25,19,1,0
R01,SKU-1147,2025-03-10,27,1,0
R01,SKU-1147,2025-03-11,19,0,0
R01,SKU-1147,12-Mar-25,14,1,1
R01,SKU-1147,03/13/2025,13,0,0
R01,SKU-1147,2025-03-14,15,0,0
R01,SKU-1147,15-Mar-25,15,0,0
R01,SKU-1147,2025-03-16,18,1,0
R01,SKU-1147,2025-03-17,15,0,1
R01,SKU-1147,2025-03-18,16,0,0
R01,SKU-1147,03/19/2025,23,0,0
R01,SKU-1147,2025-03-20,21,2,1
R01,SKU-1147,2025-03-21,22,2,0
R01,SKU-1147,2025-03-22,20,0,0
R01,SKU-1147,2025-03-23,15,0,1
R01,SKU-1147,24-Mar-25,19,0,0
R01,SKU-1147,03/25/2025,12,1,0
R01,SKU-1147,03/26/2025,16,0,0
R01,SKU-1147,2025-03-27,21,1,0
R01,SKU-1147,03/28/2025,17,0,0
R01,SKU-1147,2025-03-29,22,1,0
R01,SKU-1147,2025-03-30,21,1,1
R01,SKU-1147,2025-03-31,22,1,0
R01,SKU-1126,2025-03-01,24,0,0
R01,SKU-1126,2025-03-02,35,0,0
R01,SKU-1126,2025-03-03,34,1,0
R01,SKU-1126,2025-03-04,28,1,0
R01,SKU-1126,2025-03-05,28,0,0
R01,SKU-1126,2025-03-06,17,0,0
R01,SKU-1126,07-Mar-25,39,2,0
R01,SKU-1126,2025-03-08,21,1,0
R01,SKU-1126,09-Mar-25,33,2,1
R01,SKU-1126,10-Mar-25,28,0,0
R01,SKU-1126,11-Mar-25,29,0,1
R01,SKU-1126,03/12/2025,30,0,0
R01,SKU-1126,2025-03-13,41,0,0
R01,SKU-1126,14-Mar-25,28,0,0
R01,SKU-1126,2025-03-15,22,0,0
R01,SKU-1126,2025-03-16,27,0,0
R01,SKU-1126,2025-03-17,29,0,0
R01,SKU-1126,2025-03-18,26,0,1
R01,SKU-1126,19-Mar-25,35,0,0
R01,SKU-1126,2025-03-20,23,0,0
R01,SKU-1126,03/21/2025,28,3,0
R01,SKU-1126,2025-03-22,19,1,0
R01,SKU-1126,23-Mar-25,27,0,1
R01,SKU-1126,24-Mar-25,25,0,0
R01,SKU-1126,25-Mar-25,26,0,0
R01,SKU-1126,03/26/2025,32,0,1
R01,SKU-1126,2025-03-27,26,0,1
R01,SKU-1126,03/28/2025,29,1,0
R01,SKU-1126,2025-03-29,26,0,0
R01,SKU-1126,03/30/2025,22,0,0
R01,SKU-1126,2025-03-31,25,0,0
R01,SKU-1175,03/01/2025,7,1,0
R01,SKU-1175,2025-03-02,2,0,0
R01,SKU-1175,03-Mar-25,5,0,0
R01,SKU-1175,04-Mar-25,2,0,0
R01,SKU-1175,03/05/2025,4,1,0
R01,SKU-1175,03/06/2025,3,0,0
R01,SKU-1175,2025-03-07,7,0,0
R01,SKU-1175,03/08/2025,6,0,0
R01,SKU-1175,2025-03-09,4,0,0
R01,SKU-1175,03/10/2025,7,0,0
R01,SKU-1175,2025-03-11,2,1,0
R01,SKU-1175,12-Mar-25,1,0,0
R01,SKU-1175,2025-03-13,2,0,0
R01,SKU-1175,2025-03-14,7,0,1
R01,SKU-1175,15-Mar-25,5,2,0
R01,SKU-1175,2025-03-16,5,0,0
R01,SKU-1175,2025-03-17,8,1,0
R01,SKU-1175,18-Mar-25,5,1,0
R01,SKU-1175,03/19/2025,4,0,0
R01,SKU-1175,2025-03-20,3,0,0
R01,SKU-1175,03/21/2025,4,1,0
R01,SKU-1175,22-Mar-25,4,0,0
R01,SKU-1175,03/23/2025,2,1,0
R01,SKU-1175,03/24/2025,3,1,0
R01,SKU-1175,2025-03-25,9,1,0
R01,SKU-1175,2025-03-26,6,1,1
R01,SKU-1175,27-Mar-25,3,0,1
R01,SKU-1175,03/28/2025,8,0,0
R01,SKU-1175,2025-03-29,2,0,0
R01,SKU-1175,30-Mar-25,7,1,1
R01,SKU-1175,2025-03-31,3,0,0
R01,SKU-1196,2025-03-01,28,0,0
R01,SKU-1196,03/02/2025,22,0,0
R01,SKU-1196,03-Mar-25,21,0,0
R01,SKU-1196,2025-03-04,15,0,1
R01,SKU-1196,2025-03-05,15,0,1
R01,SKU-1196,06-Mar-25,24,0,0
R01,SKU-1196,2025-03-07,27,0,0
R01,SKU-1196,2025-03-08,16,0,0
R01,SKU-1196,2025-03-09,35,0,0
R01,SKU-1196,03/10/2025,27,0,0
R01,SKU-1196,11-Mar-25,28,0,1
R01,SKU-1196,12-Mar-25,21,2,0
R01,SKU-1196,03/13/2025,28,0,0
R01,SKU-1196,2025-03-14,26,0,0
R01,SKU-1196,2025-03-15,18,2,0
R01,SKU-1196,2025-03-16,23,1,0
R01,SKU-1196,2025-03-17,27,0,0
R01,SKU-1196,18-Mar-25,18,0,0
R01,SKU-1196,03/19/2025,21,0,0
R01,SKU-1196,20-Mar-25,27,0,0
R01,SKU-1196,2025-03-21,16,0,0
R01,SKU-1196,2025-03-22,22,0,0
R01,SKU-1196,03/23/2025,21,2,0
R01,SKU-1196,2025-03-24,21,1,0
R01,SKU-1196,2025-03-25,22,1,0
R01,SKU-1196,2025-03-26,19,0,0
R01,SKU-1196,03/27/2025,23,0,0
R01,SKU-1196,03/28/2025,30,1,0
R01,SKU-1196,29-Mar-25,21,1,0
R01,SKU-1196,2025-03-30,25,0,0
R01,SKU-1196,2025-03-31,17,0,0
R01,SKU-1091,2025-03-01,19,0,0
R01,SKU-1091,2025-03-02,12,1,0
R01,SKU-1091,2025-03-03,10,0,0
R01,SKU-1091,04-Mar-25,11,0,1
R01,SKU-1091,2025-03-05,11,0,0
R01,SKU-1091,06-Mar-25,18,0,0
R01,SKU-1091,2025-03-07,14,1,0
R01,SKU-1091,2025-03-08,13,0,0
R01,SKU-1091,2025-03-09,14,0,0
R01,SKU-1091,2025-03-10,17,1,0
R01,SKU-1091,2025-03-11,17,1,0
R01,SKU-1091,2025-03-12,13,0,0
R01,SKU-1091,2025-03-13,9,0,0
R01,SKU-1091,2025-03-14,8,1,0
R01,SKU-1091,2025-03-15,15,1,0
R01,SKU-1091,2025-03-16,19,1,0
R01,SKU-1091,2025-03-17,16,0,0
R01,SKU-1091,2025-03-18,22,1,0
R01,SKU-1091,03/19/2025,10,0,0
R01,SKU-1091,20-Mar-25,12,0,1
R01,SKU-1091,2025-03-21,21,0,0
R01,SKU-1091,03/22/2025,16,0,0
R01,SKU-1091,2025-03-23,15,1,0
R01,SKU-1091,2025-03-24,18,1,0
R01,SKU-1091,2025-03-25,14,0,0
R01,SKU-1091,03/26/2025,16,1,0
R01,SKU-1091,27-Mar-25,9,1,1
R01,SKU-1091,2025-03-28,13,1,0
R01,SKU-1091,2025-03-29,10,0,0
R01,SKU-1091,2025-03-30,11,0,0
R01,SKU-1091,2025-03-31,16,1,0
R01,SKU-1119,2025-03-01,5,0,0
R01,SKU-1119,03/02/2025,7,0,0
R01,SKU-1119,2025-03-03,2,1,0
R01,SKU-1119,2025-03-04,7,0,0
R01,SKU-1119,05-Mar-25,6,0,0
R01,SKU-1119,2025-03-06,3,1,0
R01,SKU-1119,03/07/2025,8,1,0
R01,SKU-1119,08-Mar-25,6,0,0
R01,SKU-1119,2025-03-09,7,0,0
R01,SKU-1119,2025-03-10,4,1,0
R01,SKU-1119,11-Mar-25,5,0,0
R01,SKU-1119,12-Mar-25,7,2,0
R01,SKU-1119,03/13/2025,8,0,0
R01,SKU-1119,2025-03-14,5,0,0
R01,SKU-1119,2025-03-15,7,2,0
R01,SKU-1119,03/16/2025,7,0,0
R01,SKU-1119,2025-03-17,2,0,1
R01,SKU-1119,2025-03-18,4,0,0
R01,SKU-1119,19-Mar-25,9,0,0
R01,SKU-1119,20-Mar-25,4,0,0
R01,SKU-1119,03/21/2025,7,3,0
R01,SKU-1119,2025-03-22,7,0,0
R01,SKU-1119,23-Mar-25,9,0,0
R01,SKU-1119,03/24/2025,5,1,0
R01,SKU-1119,2025-03-25,7,0,1
R01,SKU-1119,2025-03-26,8,1,0
R01,SKU-1119,03/27/2025,0,0,0
R01,SKU-1119,03/28/2025,4,1,0
R01,SKU-1119,2025-03-29,4,0,0
R01,SKU-1119,03/30/2025,2,0,0
R01,SKU-1119,2025-03-31,8,1,0
R01,SKU-1224,03/01/2025,28,0,0
R01,SKU-1224,2025-03-02,28,2,0
R01,SKU-1224,03/03/2025,37,1,1
R01,SKU-1224,2025-03-04,33,0,0
R01,SKU-1224,05-Mar-25,37,0,0
R01,SKU-1224,2025-03-06,21,0,1
R01,SKU-1224,03/07/2025,35,1,0
R01,SKU-1224,03/08/2025,27,0,0
R01,SKU-1224,2025-03-09,34,1,0
R01,SKU-1224,10-Mar-25,34,0,1
R01,SKU-1224,2025-03-11,34,0,1
R01,SKU-1224,2025-03-12,29,0,0
R01,SKU-1224,2025-03-13,29,0,0
R01,SKU-1224,2025-03-14,29,0,0
R01,SKU-1224,15-Mar-25,23,3,0
R01,SKU-1224,16-Mar-25,36,0,0
R01,SKU-1224,2025-03-17,27,0,0
R01,SKU-1224,2025-03-18,25,0,0
R01,SKU-1224,2025-03-19,25,0,0
R01,SKU-1224,20-Mar-25,27,0,1
R01,SKU-1224,03/21/2025,29,0,0
R01,SKU-1224,03/22/2025,29,0,0
R01,SKU-1224,03/23/2025,21,1,0
R01,SKU-1224,2025-03-24,36,1,0
R01,SKU-1224,25-Mar-25,36,0,0
R01,SKU-1224,26-Mar-25,21,0,0
R01,SKU-1224,2025-03-27,33,1,0
R01,SKU-1224,2025-03-28,35,0,0
R01,SKU-1224,2025-03-29,29,0,0
R01,SKU-1224,03/30/2025,32,1,1
R01,SKU-1224,03/31/2025,20,0,1
R01,SKU-1266,01-Mar-25,26,1,0
R01,SKU-1266,02-Mar-25,27,1,0
R01,SKU-1266,03/03/2025,27,1,0
R01,SKU-1266,04-Mar-25,29,0,0
R01,SKU-1266,2025-03-05,29,1,0
R01,SKU-1266,2025-03-06,28,0,0
R01,SKU-1266,2025-03-07,38,1,0
R01,SKU-1266,03/08/2025,29,0,1
R01,SKU-1266,09-Mar-25,22,0,0
R01,SKU-1266,03/10/2025,28,1,0
R01,SKU-1266,2025-03-11,23,0,1
R01,SKU-1266,2025-03-12,28,0,0
R01,SKU-1266,2025-03-13,16,0,0
R01,SKU-1266,14-Mar-25,27,0,0
R01,SKU-1266,2025-03-15,19,0,1
R01,SKU-1266,2025-03-16,28,0,0
R01,SKU-1266,2025-03-17,34,0,0
R01,SKU-1266,18-Mar-25,26,0,0
R01,SKU-1266,2025-03-19,30,0,0
R01,SKU-1266,2025-03-20,24,0,0
R01,SKU-1266,2025-03-21,25,0,0
R01,SKU-1266,2025-03-22,23,0,0
R01,SKU-1266,2025-03-23,27,0,0
R01,SKU-1266,2025-03-24,25,3,1
R01,SKU-1266,2025-03-25,26,0,0
R01,SKU-1266,2025-03-26,30,0,0
R01,SKU-1266,2025-03-27,27,1,0
R01,SKU-1266,2025-03-28,27,1,0
R01,SKU-1266,2025-03-29,28,0,0
R01,SKU-1266,03/30/2025,31,0,0
R01,SKU-1266,2025-03-31,24,0,0
R01,SKU-1063,2025-03-01,18,0,0
R01,SKU-1063,2025-03-02,21,0,0
R01,SKU-1063,2025-03-03,24,0,0
R01,SKU-1063,2025-03-04,16,0,0
R01,SKU-1063,2025-03-05,17,0,0
R01,SKU-1063,2025-03-06,11,1,0
R01,SKU-1063,03/07/2025,24,0,0
R01,SKU-1063,2025-03-08,17,0,0
R01,SKU-1063,2025-03-09,26,0,0
R01,SKU-1063,2025-03-10,23,0,0
R01,SKU-1063,2025-03-11,25,0,0
R01,SKU-1063,12-Mar-25,22,1,1
R01,SKU-1063,2025-03-13,28,1,0
R01,SKU-1063,03/14/2025,21,1,0
R01,SKU-1063,03/15/2025,21,0,0
R01,SKU-1063,2025-03-16,16,1,0
R01,SKU-1063,03/17/2025,27,0,0
R01,SKU-1063,03/18/2025,28,0,0
R01,SKU-1063,2025-03-19,22,1,0
R01,SKU-1063,20-Mar-25,25,1,0
R01,SKU-1063,2025-03-21,16,1,0
R01,SKU-1063,2025-03-22,24,1,0
R01,SKU-1063,23-Mar-25,15,1,0
R01,SKU-1063,2025-03-24,23,1,1
R01,SKU-1063,25-Mar-25,28,0,0
R01,SKU-1063,2025-03-26,22,0,0
R01,SKU-1063,03/27/2025,18,0,0
R01,SKU-1063,2025-03-28,21,1,0
R01,SKU-1063,03/29/2025,20,0,0
R01,SKU-1063,2025-03-30,22,0,0
R01,SKU-1063,2025-03-31,20,0,0
R01,SKU-1245,2025-03-01,30,1,0
R01,SKU-1245,2025-03-02,34,0,0
R01,SKU-1245,2025-03-03,20,0,0
R01,SKU-1245,03/04/2025,24,1,0
R01,SKU-1245,2025-03-05,32,0,0
R01,SKU-1245,2025-03-06,34,0,0
R01,SKU-1245,2025-03-07,30,0,0
R01,SKU-1245,03/08/2025,34,0,0
R01,SKU-1245,03/09/2025,22,0,0
R01,SKU-1245,10-Mar-25,31,2,0
R01,SKU-1245,03/11/2025,25,1,0
R01,SKU-1245,2025-03-12,27,1,0
R01,SKU-1245,2025-03-13,32,0,0
R01,SKU-1245,14-Mar-25,25,2,0
R01,SKU-1245,2025-03-15,28,0,1
R01,SKU-1245,2025-03-16,21,2,0
R01,SKU-1245,2025-03-17,29,0,0
R01,SKU-1245,2025-03-18,33,1,0
R01,SKU-1245,19-Mar-25,22,0,1
R01,SKU-1245,2025-03-20,36,1,0
R01,SKU-1245,21-Mar-25,25,0,0
R01,SKU-1245,03/22/2025,22,1,0
R01,SKU-1245,2025-03-23,29,0,0
R01,SKU-1245,2025-03-24,33,0,1
R01,SKU-1245,2025-03-25,36,1,0
R01,SKU-1245,2025-03-26,21,1,0
R01,SKU-1245,2025-03-27,35,1,0
R01,SKU-1245,2025-03-28,27,0,0
R01,SKU-1245,03/29/2025,29,1,1
R01,SKU-1245,30-Mar-25,31,0,0
R01,SKU-1245,2025-03-31,30,0,0
R01,SKU-1182,2025-03-01,6,0,1
R01,SKU-1182,2025-03-02,7,0,0
R01,SKU-1182,03/03/2025,3,0,0
R01,SKU-1182,2025-03-04,6,0,0
R01,SKU-1182,2025-03-05,6,1,0
R01,SKU-1182,03/06/2025,4,0,0
R01,SKU-1182,03/07/2025,11,0,0
R01,SKU-1182,03/08/2025,8,0,0
R01,SKU-1182,03/09/2025,11,2,1
R01,SKU-1182,2025-03-10,6,0,0
R01,SKU-1182,2025-03-11,4,0,0
R01,SKU-1182,2025-03-12,4,0,0
R01,SKU-1182,2025-03-13,6,0,0
R01,SKU-1182,14-Mar-25,10,0,0
R01,SKU-1182,03/15/2025,5,1,0
R01,SKU-1182,03/16/2025,8,0,0
R01,SKU-1182,03/17/2025,1,0,0
R01,SKU-1182,03/18/2025,7,0,0
R01,SKU-1182,2025-03-19,5,0,1
R01,SKU-1182,2025-03-20,6,0,0
R01,SKU-1182,2025-03-21,4,0,0
R01,SKU-1182,2025-03-22,4,1,0
R01,SKU-1182,2025-03-23,6,0,0
R01,SKU-1182,24-Mar-25,9,0,0
R01,SKU-1182,2025-03-25,6,0,0
R01,SKU-1182,2025-03-26,7,1,0
R01,SKU-1182,2025-03-27,1,0,0
R01,SKU-1182,2025-03-28,3,0,0
R01,SKU-1182,29-Mar-25,11,2,0
R01,SKU-1182,2025-03-30,7,0,0
R01,SKU-1182,2025-03-31,4,0,0
R01,SKU-1007,01-Mar-25,27,0,1
R01,SKU-1007,2025-03-02,23,0,0
R01,SKU-1007,03/03/2025,34,2,0
R01,SKU-1007,2025-03-04,37,0,0
R01,SKU-1007,2025-03-05,28,0,0
R01,SKU-1007,03/06/2025,37,0,0
R01,SKU-1007,03/07/2025,33,1,1
R01,SKU-1007,2025-03-08,27,0,0
R01,SKU-1007,03/09/2025,30,0,0
R01,SKU-1007,2025-03-10,33,1,0
R01,SKU-1007,2025-03-11,36,0,1
R01,SKU-1007,2025-03-12,26,0,0
R01,SKU-1007,2025-03-13,34,0,0
R01,SKU-1007,2025-03-14,29,0,0
R01,SKU-1007,2025-03-15,26,0,0
R01,SKU-1007,2025-03-16,30,1,0
R01,SKU-1007,17-Mar-25,33,0,0
R01,SKU-1007,03/18/2025,29,0,1
R01,SKU-1007,03/19/2025,28,0,0
R01,SKU-1007,2025-03-20,33,0,1
R01,SKU-1007,2025-03-21,30,0,0
R01,SKU-1007,2025-03-22,38,0,0
R01,SKU-1007,03/23/2025,36,2,0
R01,SKU-1007,2025-03-24,37,1,0
R01,SKU-1007,2025-03-25,39,0,0
R01,SKU-1007,2025-03-26,16,0,0
R01,SKU-1007,27-Mar-25,24,0,0
R01,SKU-1007,2025-03-28,33,1,0
R01,SKU-1007,03/29/2025,39,0,0
R01,SKU-1007,2025-03-30,29,0,0
R01,SKU-1007,2025-03-31,38,1,0
R01,SKU-1070,01-Mar-25,3,0,0
R01,SKU-1070,03/02/2025,11,0,0
R01,SKU-1070,2025-03-03,11,0,0
R01,SKU-1070,2025-03-04,22,1,0
R01,SKU-1070,2025-03-05,12,0,1
R01,SKU-1070,03/06/2025,7,0,0
R01,SKU-1070,2025-03-07,10,0,0
R01,SKU-1070,2025-03-08,12,0,0
R01,SKU-1070,03/09/2025,14,1,1
R01,SKU-1070,2025-03-10,13,0,0
R01,SKU-1070,2025-03-11,6,0,0
R01,SKU-1070,2025-03-12,17,0,0
R01,SKU-1070,2025-03-13,10,1,0
R01,SKU-1070,2025-03-14,6,0,0
R01,SKU-1070,2025-03-15,12,2,0
R01,SKU-1070,2025-03-16,14,0,0
R01,SKU-1070,2025-03-17,7,0,1
R01,SKU-1070,2025-03-18,10,0,0
R01,SKU-1070,2025-03-19,11,2,0
R01,SKU-1070,20-Mar-25,13,0,0
R01,SKU-1070,03/21/2025,15,0,0
R01,SKU-1070,03/22/2025,14,0,0
R01,SKU-1070,03/23/2025,8,0,0
R01,SKU-1070,2025-03-24,10,0,1
R01,SKU-1070,03/25/2025,8,0,0
R01,SKU-1070,2025-03-26,12,0,0
R01,SKU-1070,27-Mar-25,12,0,0
R01,SKU-1070,2025-03-28,11,0,0
R01,SKU-1070,2025-03-29,7,0,0
R01,SKU-1070,2025-03-30,13,0,1
R01,SKU-1070,2025-03-31,15,1,0
R01,SKU-1238,2025-03-01,17,0,0
R01,SKU-1238,03/02/2025,17,0,0
R01,SKU-1238,03/03/2025,21,0,0
R01,SKU-1238,2025-03-04,24,2,0
R01,SKU-1238,2025-03-05,17,0,0
R01,SKU-1238,2025-03-06,23,0,0
R01,SKU-1238,2025-03-07,15,1,0
R01,SKU-1238,08-Mar-25,17,0,1
R01,SKU-1238,09-Mar-25,20,0,0
R01,SKU-1238,2025-03-10,10,0,0
R01,SKU-1238,11-Mar-25,17,3,0
R01,SKU-1238,03/12/2025,19,0,0
R01,SKU-1238,2025-03-13,22,0,1
R01,SKU-1238,2025-03-14,23,0,0
R01,SKU-1238,2025-03-15,17,0,0
R01,SKU-1238,2025-03-16,17,1,0
R01,SKU-1238,2025-03-17,26,0,0
R01,SKU-1238,03/18/2025,20,0,0
R01,SKU-1238,2025-03-19,23,0,0
R01,SKU-1238,2025-03-20,23,1,0
R01,SKU-1238,2025-03-21,19,0,0
R01,SKU-1238,2025-03-22,13,0,0
R01,SKU-1238,2025-03-23,21,0,0
R01,SKU-1238,2025-03-24,20,0,0
R01,SKU-1238,2025-03-25,29,0,0
R01,SKU-1238,2025-03-26,24,0,0
R01,SKU-1238,03/27/2025,21,0,0
R01,SKU-1238,03/28/2025,25,1,0
R01,SKU-1238,29-Mar-25,17,1,0
R01,SKU-1238,2025-03-30,18,0,0
R01,SKU-1238,2025-03-31,22,1,0
R01,SKU-1154,01-Mar-25,19,0,0
R01,SKU-1154,2025-03-02,22,1,0
R01,SKU-1154,2025-03-03,19,1,0
R01,SKU-1154,2025-03-04,18,1,0
R01,SKU-1154,05-Mar-25,14,0,0
R01,SKU-1154,2025-03-06,17,0,0
R01,SKU-1154,2025-03-07,19,0,0
R01,SKU-1154,03/08/2025,17,0,0
R01,SKU-1154,2025-03-09,13,1,0
R01,SKU-1154,2025-03-10,14,0,1
R01,SKU-1154,03/11/2025,21,0,0
R01,SKU-1154,03/12/2025,33,0,0
R01,SKU-1154,2025-03-13,17,0,0
R01,SKU-1154,2025-03-14,19,1,0
R01,SKU-1154,2025-03-15,14,2,0
R01,SKU-1154,03/16/2025,19,0,0
R01,SKU-1154,03/17/2025,15,1,1
R01,SKU-1154,2025-03-18,13,0,0
R01,SKU-1154,2025-03-19,17,0,0
R01,SKU-1154,20-Mar-25,24,0,0
R01,SKU-1154,03/21/2025,16,2,0
R01,SKU-1154,03/22/2025,25,1,0
R01,SKU-1154,2025-03-23,12,0,1
R01,SKU-1154,2025-03-24,26,0,0
R01,SKU-1154,2025-03-25,24,0,0
R01,SKU-1154,03/26/2025,15,0,0
R01,SKU-1154,2025-03-27,14,3,0
R01,SKU-1154,2025-03-28,10,1,0
R01,SKU-1154,2025-03-29,19,1,0
R01,SKU-1154,2025-03-30,20,1,0
R01,SKU-1154,03/31/2025,25,1,0
R01,SKU-1273,01-Mar-25,23,0,0
R01,SKU-1273,02-Mar-25,28,0,0
R01,SKU-1273,2025-03-03,27,0,0
R01,SKU-1273,2025-03-04,26,0,0
R01,SKU-1273,2025-03-05,21,1,0
R01,SKU-1273,2025-03-06,39,1,0
R01,SKU-1273,2025-03-07,29,0,0
R01,SKU-1273,03/08/2025,34,0,0
R01,SKU-1273,2025-03-09,30,2,0
R01,SKU-1273,2025-03-10,32,1,0
R01,SKU-1273,2025-03-11,35,0,0
R01,SKU-1273,03/12/2025,27,1,0
R01,SKU-1273,2025-03-13,27,0,0
R01,SKU-1273,2025-03-14,26,1,0
R01,SKU-1273,2025-03-15,34,0,0
R01,SKU-1273,2025-03-16,35,0,0
R01,SKU-1273,03/17/2025,38,0,0
R01,SKU-1273,2025-03-18,29,0,0
R01,SKU-1273,03/19/2025,28,0,0
R01,SKU-1273,2025-03-20,31,1,0
R01,SKU-1273,2025-03-21,31,1,0
R01,SKU-1273,2025-03-22,22,0,0
R01,SKU-1273,2025-03-23,28,0,0
R01,SKU-1273,2025-03-24,28,0,0
R01,SKU-1273,03/25/2025,32,0,0
R01,SKU-1273,2025-03-26,26,0,0
R01,SKU-1273,2025-03-27,29,0,0
R01,SKU-1273,2025-03-28,30,0,0
R01,SKU-1273,2025-03-29,31,0,0
R01,SKU-1273,2025-03-30,20,1,0
R01,SKU-1273,2025-03-31,20,0,0
R02,SKU-1119,01-Mar-25,2,0,1
R02,SKU-1119,2025-03-02,5,0,1
R02,SKU-1119,2025-03-03,7,0,0
R02,SKU-1119,03/04/2025,6,0,1
R02,SKU-1119,03/05/2025,7,0,0
R02,SKU-1119,03/06/2025,3,0,0
R02,SKU-1119,03/07/2025,1,0,0
R02,SKU-1119,2025-03-08,2,0,0
R02,SKU-1119,2025-03-09,6,0,0
R02,SKU-1119,2025-03-10,4,0,0
R02,SKU-1119,2025-03-11,8,1,0
R02,SKU-1119,2025-03-12,3,0,0
R02,SKU-1119,13-Mar-25,3,0,1
R02,SKU-1119,2025-03-14,3,0,0
R02,SKU-1119,2025-03-15,4,2,0
R02,SKU-1119,2025-03-16,3,0,0
R02,SKU-1119,2025-03-17,1,1,0
R02,SKU-1119,18-Mar-25,3,1,0
R02,SKU-1119,2025-03-19,4,0,1
R02,SKU-1119,03/20/2025,2,0,0
R02,SKU-1119,2025-03-21,3,1,1
R02,SKU-1119,2025-03-22,4,1,0
R02,SKU-1119,2025-03-23,4,1,0
R02,SKU-1119,2025-03-24,3,1,0
R02,SKU-1119,03/25/2025,3,1,0
R02,SKU-1119,26-Mar-25,2,0,0
R02,SKU-1119,27-Mar-25,4,0,0
R02,SKU-1119,2025-03-28,2,0,0
R02,SKU-1119,2025-03-29,4,0,0
R02,SKU-1119,2025-03-30,7,0,0
R02,SKU-1119,03/31/2025,5,3,0
R02,SKU-1252,2025-03-01,37,1,0
R02,SKU-1252,2025-03-02,36,0,0
R02,SKU-1252,2025-03-03,22,1,0
R02,SKU-1252,2025-03-04,24,1,0
R02,SKU-1252,2025-03-05,38,2,0
R02,SKU-1252,03/06/2025,38,0,0
R02,SKU-1252,2025-03-07,34,0,0
R02,SKU-1252,2025-03-08,36,0,0
R02,SKU-1252,2025-03-09,34,0,0
R02,SKU-1252,03/10/2025,39,0,0
R02,SKU-1252,2025-03-11,33,0,0
R02,SKU-1252,2025-03-12,25,0,0
R02,SKU-1252,2025-03-13,23,0,0
R02,SKU-1252,2025-03-14,34,2,0
R02,SKU-1252,15-Mar-25,33,0,0
R02,SKU-1252,2025-03-16,25,1,0
R02,SKU-1252,03/17/2025,25,2,0
R02,SKU-1252,2025-03-18,32,1,0
R02,SKU-1252,03/19/2025,29,1,0
R02,SKU-1252,03/20/2025,19,0,0
R02,SKU-1252,03/21/2025,42,0,0
R02,SKU-1252,2025-03-22,31,0,0
R02,SKU-1252,2025-03-23,41,0,0
R02,SKU-1252,2025-03-24,26,0,0
R02,SKU-1252,2025-03-25,26,0,0
R02,SKU-1252,2025-03-26,25,1,0
R02,SKU-1252,2025-03-27,27,0,0
R02,SKU-1252,2025-03-28,34,0,0
R02,SKU-1252,2025-03-29,32,0,0
R02,SKU-1252,30-Mar-25,23,1,0
R02,SKU-1252,31-Mar-25,32,0,0
R02,SKU-1238,03/01/2025,19,1,0
R02,SKU-1238,2025-03-02,12,0,0
R02,SKU-1238,03-Mar-25,21,2,0
R02,SKU-1238,2025-03-04,24,0,0
R02,SKU-1238,2025-03-05,14,0,0
R02,SKU-1238,2025-03-06,22,0,0
R02,SKU-1238,2025-03-07,12,0,0
R02,SKU-1238,2025-03-08,19,0,0
R02,SKU-1238,2025-03-09,19,0,0
R02,SKU-1238,03/10/2025,20,0,0
R02,SKU-1238,03/11/2025,13,0,1
R02,SKU-1238,2025-03-12,15,0,0
R02,SKU-1238,2025-03-13,16,0,0
R02,SKU-1238,03/14/2025,16,0,0
R02,SKU-1238,03/15/2025,19,0,0
R02,SKU-1238,16-Mar-25,27,0,0
R02,SKU-1238,2025-03-17,15,0,0
R02,SKU-1238,2025-03-18,17,1,0
R02,SKU-1238,2025-03-19,14,1,0
R02,SKU-1238,2025-03-20,13,0,0
R02,SKU-1238,21-Mar-25,14,1,0
R02,SKU-1238,2025-03-22,17,0,0
R02,SKU-1238,2025-03-23,18,0,1
R02,SKU-1238,2025-03-24,21,0,0
R02,SKU-1238,03/25/2025,16,2,0
R02,SKU-1238,2025-03-26,12,0,0
R02,SKU-1238,2025-03-27,13,1,0
R02,SKU-1238,2025-03-28,23,0,0
R02,SKU-1238,03/29/2025,18,0,0
R02,SKU-1238,30-Mar-25,12,0,0
R02,SKU-1238,2025-03-31,20,1,0
R02,SKU-1161,2025-03-01,23,0,0
R02,SKU-1161,2025-03-02,6,0,1
R02,SKU-1161,2025-03-03,15,0,0
R02,SKU-1161,2025-03-04,16,0,0
R02,SKU-1161,05-Mar-25,13,2,0
R02,SKU-1161,2025-03-06,16,0,0
R02,SKU-1161,2025-03-07,10,0,0
R02,SKU-1161,2025-03-08,12,1,0
R02,SKU-1161,2025-03-09,15,1,1
R02,SKU-1161,03/10/2025,10,1,0
R02,SKU-1161,03/11/2025,22,1,0
R02,SKU-1161,2025-03-12,8,0,0
R02,SKU-1161,2025-03-13,13,1,0
R02,SKU-1161,03/14/2025,9,1,0
R02,SKU-1161,03/15/2025,16,1,0
R02,SKU-1161,16-Mar-25,8,0,0
R02,SKU-1161,2025-03-17,10,0,0
R02,SKU-1161,2025-03-18,15,1,0
R02,SKU-1161,2025-03-19,15,0,0
R02,SKU-1161,2025-03-20,13,2,0
R02,SKU-1161,03/21/2025,11,1,0
R02,SKU-1161,03/22/2025,17,0,0
R02,SKU-1161,03/23/2025,5,1,0
R02,SKU-1161,2025-03-24,14,1,0
R02,SKU-1161,2025-03-25,16,0,0
R02,SKU-1161,2025-03-26,10,0,0
R02,SKU-1161,2025-03-27,20,1,1
R02,SKU-1161,2025-03-28,9,0,0
R02,SKU-1161,2025-03-29,8,0,0
R02,SKU-1161,2025-03-30,17,1,0
R02,SKU-1161,2025-03-31,14,0,0
R02,SKU-1224,2025-03-01,36,0,0
R02,SKU-1224,2025-03-02,32,2,0
R02,SKU-1224,03/03/2025,31,1,0
R02,SKU-1224,03/04/2025,29,1,1
R02,SKU-1224,2025-03-05,33,1,0
R02,SKU-1224,2025-03-06,32,2,0
R02,SKU-1224,03/07/2025,43,2,0
R02,SKU-1224,2025-03-08,28,0,0
R02,SKU-1224,2025-03-09,32,1,0
R02,SKU-1224,10-Mar-25,32,0,0
R02,SKU-1224,2025-03-11,28,1,0
R02,SKU-1224,2025-03-12,31,0,0
R02,SKU-1224,03/13/2025,29,1,0
R02,SKU-1224,03/14/2025,39,0,1
R02,SKU-1224,2025-03-15,19,0,0
R02,SKU-1224,2025-03-16,36,0,0
R02,SKU-1224,2025-03-17,41,0,0
R02,SKU-1224,2025-03-18,31,0,1
R02,SKU-1224,2025-03-19,33,0,0
R02,SKU-1224,2025-03-20,30,0,0
R02,SKU-1224,2025-03-21,41,2,1
R02,SKU-1224,2025-03-22,27,2,0
R02,SKU-1224,2025-03-23,27,0,0
R02,SKU-1224,03/24/2025,28,0,0
R02,SKU-1224,2025-03-25,36,0,0
R02,SKU-1224,03/26/2025,33,0,1
R02,SKU-1224,03/27/2025,34,1,0
R02,SKU-1224,2025-03-28,26,0,0
R02,SKU-1224,29-Mar-25,25,0,0
R02,SKU-1224,03/30/2025,30,1,0
R02,SKU-1224,31-Mar-25,36,1,0
R02,SKU-1084,2025-03-01,15,1,0
R02,SKU-1084,03/02/2025,13,0,1
R02,SKU-1084,2025-03-03,25,0,0
R02,SKU-1084,2025-03-04,15,0,0
R02,SKU-1084,2025-03-05,20,0,0
R02,SKU-1084,2025-03-06,21,0,0
R02,SKU-1084,07-Mar-25,17,0,0
R02,SKU-1084,03/08/2025,22,0,0
R02,SKU-1084,03/09/2025,18,1,0
R02,SKU-1084,2025-03-10,18,0,1
R02,SKU-1084,03/11/2025,17,1,0
R02,SKU-1084,2025-03-12,14,0,1
R02,SKU-1084,2025-03-13,15,0,0
R02,SKU-1084,2025-03-14,16,2,0
R02,SKU-1084,2025-03-15,12,0,1
R02,SKU-1084,2025-03-16,15,0,0
R02,SKU-1084,2025-03-17,20,0,0
R02,SKU-1084,2025-03-18,24,1,0
R02,SKU-1084,19-Mar-25,15,0,0
R02,SKU-1084,2025-03-20,20,1,0
R02,SKU-1084,03/21/2025,10,2,0
R02,SKU-1084,2025-03-22,16,1,0
R02,SKU-1084,2025-03-23,17,1,0
R02,SKU-1084,2025-03-24,17,1,0
R02,SKU-1084,2025-03-25,19,0,1
R02,SKU-1084,03/26/2025,15,1,0
R02,SKU-1084,2025-03-27,14,1,0
R02,SKU-1084,2025-03-28,19,0,0
R02,SKU-1084,03/29/2025,19,1,0
R02,SKU-1084,03/30/2025,10,1,0
R02,SKU-1084,03/31/2025,23,0,0
R02,SKU-1028,01-Mar-25,41,0,0
R02,SKU-1028,03/02/2025,30,0,0
R02,SKU-1028,2025-03-03,34,0,0
R02,SKU-1028,2025-03-04,31,1,0
R02,SKU-1028,2025-03-05,24,0,0
R02,SKU-1028,06-Mar-25,24,0,0
R02,SKU-1028,07-Mar-25,36,0,0
R02,SKU-1028,03/08/2025,29,0,0
R02,SKU-1028,03/09/2025,32,3,0
R02,SKU-1028,2025-03-10,28,0,0
R02,SKU-1028,03/11/2025,26,1,0
R02,SKU-1028,2025-03-12,33,0,0
R02,SKU-1028,03/13/2025,40,0,0
R02,SKU-1028,2025-03-14,32,1,0
R02,SKU-1028,2025-03-15,37,0,0
R02,SKU-1028,2025-03-16,33,0,0
R02,SKU-1028,2025-03-17,33,0,1
R02,SKU-1028,03/18/2025,25,1,0
R02,SKU-1028,2025-03-19,31,1,0
R02,SKU-1028,2025-03-20,41,0,0
R02,SKU-1028,03/21/2025,35,0,0
R02,SKU-1028,03/22/2025,23,0,0
R02,SKU-1028,2025-03-23,20,1,0
R02,SKU-1028,24-Mar-25,27,0,0
R02,SKU-1028,25-Mar-25,30,1,0
R02,SKU-1028,26-Mar-25,28,0,0
R02,SKU-1028,2025-03-27,39,1,0
R02,SKU-1028,28-Mar-25,26,0,1
R02,SKU-1028,2025-03-29,34,0,0
R02,SKU-1028,03/30/2025,29,0,0
R02,SKU-1028,2025-03-31,36,0,0
R02,SKU-1140,03/01/2025,19,1,0
R02,SKU-1140,02-Mar-25,20,0,0
R02,SKU-1140,2025-03-03,20,0,0
R02,SKU-1140,2025-03-04,19,0,0
R02,SKU-1140,2025-03-05,22,0,0
R02,SKU-1140,2025-03-06,14,0,0
R02,SKU-1140,2025-03-07,24,0,0
R02,SKU-1140,08-Mar-25,21,0,1
R02,SKU-1140,09-Mar-25,25,0,1
R02,SKU-1140,2025-03-10,25,0,0
R02,SKU-1140,2025-03-11,14,0,0
R02,SKU-1140,03/12/2025,22,0,0
R02,SKU-1140,03/13/2025,19,1,1
R02,SKU-1140,03/14/2025,19,0,0
R02,SKU-1140,2025-03-15,22,1,0
R02,SKU-1140,2025-03-16,22,1,0
R02,SKU-1140,2025-03-17,17,1,1
R02,SKU-1140,03/18/2025,20,2,0
R02,SKU-1140,19-Mar-25,13,0,0
R02,SKU-1140,2025-03-20,11,1,0
R02,SKU-1140,2025-03-21,22,0,0
R02,SKU-1140,2025-03-22,14,1,0
R02,SKU-1140,23-Mar-25,19,0,0
R02,SKU-1140,2025-03-24,26,2,0
R02,SKU-1140,25-Mar-25,26,0,0
R02,SKU-1140,03/26/2025,14,1,0
R02,SKU-1140,03/27/2025,25,1,0
R02,SKU-1140,03/28/2025,19,0,0
R02,SKU-1140,2025-03-29,23,0,0
R02,SKU-1140,03/30/2025,15,1,0
R02,SKU-1140,03/31/2025,21,0,0
R02,SKU-1217,2025-03-01,19,0,0
R02,SKU-1217,2025-03-02,18,0,0
R02,SKU-1217,03-Mar-25,14,0,0
R02,SKU-1217,2025-03-04,24,0,0
R02,SKU-1217,2025-03-05,19,0,0
R02,SKU-1217,2025-03-06,22,1,0
R02,SKU-1217,2025-03-07,14,0,0
R02,SKU-1217,2025-03-08,26,0,0
R02,SKU-1217,2025-03-09,22,1,0
R02,SKU-1217,2025-03-10,24,0,0
R02,SKU-1217,03/11/2025,18,1,0
R02,SKU-1217,03/12/2025,18,0,0
R02,SKU-1217,2025-03-13,25,0,0
R02,SKU-1217,2025-03-14,21,0,1
R02,SKU-1217,2025-03-15,18,0,0
R02,SKU-1217,2025-03-16,19,0,0
R02,SKU-1217,2025-03-17,23,2,0
R02,SKU-1217,2025-03-18,30,0,0
R02,SKU-1217,03/19/2025,15,0,1
R02,SKU-1217,2025-03-20,20,0,0
R02,SKU-1217,2025-03-21,27,0,0
R02,SKU-1217,2025-03-22,16,1,0
R02,SKU-1217,03/23/2025,19,0,0
R02,SKU-1217,24-Mar-25,18,0,0
R02,SKU-1217,2025-03-25,26,1,0
R02,SKU-1217,2025-03-26,16,1,0
R02,SKU-1217,2025-03-27,28,1,0
R02,SKU-1217,03/28/2025,20,0,0
R02,SKU-1217,03/29/2025,18,0,0
R02,SKU-1217,03/30/2025,20,0,0
R02,SKU-1217,03/31/2025,19,0,1
R02,SKU-1112,2025-03-01,13,0,1
R02,SKU-1112,2025-03-02,18,0,0
R02,SKU-1112,03/03/2025,12,1,0
R02,SKU-1112,2025-03-04,23,1,1
R02,SKU-1112,2025-03-05,7,1,0
R02,SKU-1112,06-Mar-25,23,0,0
R02,SKU-1112,03/07/2025,13,1,0
R02,SKU-1112,2025-03-08,19,0,0
R02,SKU-1112,2025-03-09,15,2,0
R02,SKU-1112,03/10/2025,15,0,0
R02,SKU-1112,2025-03-11,19,1,0
R02,SKU-1112,2025-03-12,19,1,0
R02,SKU-1112,03/13/2025,10,0,0
R02,SKU-1112,2025-03-14,15,0,0
R02,SKU-1112,2025-03-15,12,0,0
R02,SKU-1112,2025-03-16,20,0,1
R02,SKU-1112,17-Mar-25,16,0,0
R02,SKU-1112,2025-03-18,10,0,1
R02,SKU-1112,2025-03-19,12,0,0
R02,SKU-1112,2025-03-20,14,0,0
R02,SKU-1112,2025-03-21,15,0,0
R02,SKU-1112,2025-03-22,15,0,0
R02,SKU-1112,23-Mar-25,17,0,1
R02,SKU-1112,03/24/2025,10,0,1
R02,SKU-1112,2025-03-25,17,0,0
R02,SKU-1112,03/26/2025,17,1,0
R02,SKU-1112,03/27/2025,13,0,0
R02,SKU-1112,2025-03-28,11,0,0
R02,SKU-1112,2025-03-29,18,0,0
R02,SKU-1112,03/30/2025,13,1,0
R02,SKU-1112,2025-03-31,14,0,0
R02,SKU-1245,2025-03-01,-6,0,0
R02,SKU-1245,02-Mar-25,4,0,0
R02,SKU-1245,2025-03-03,6,0,0
R02,SKU-1245,2025-03-04,10,0,0
R02,SKU-1245,2025-03-05,8,0,1
R02,SKU-1245,03/06/2025,5,0,0
R02,SKU-1245,03/07/2025,9,2,0
R02,SKU-1245,03/08/2025,10,1,0
R02,SKU-1245,2025-03-09,6,1,0
R02,SKU-1245,03/10/2025,8,0,0
R02,SKU-1245,2025-03-11,8,1,0
R02,SKU-1245,2025-03-12,3,0,0
R02,SKU-1245,2025-03-13,4,0,0
R02,SKU-1245,2025-03-14,9,1,0
R02,SKU-1245,15-Mar-25,4,0,0
R02,SKU-1245,2025-03-16,7,0,0
R02,SKU-1245,03/17/2025,10,0,0
R02,SKU-1245,03/18/2025,13,0,0
R02,SKU-1245,2025-03-19,7,1,0
R02,SKU-1245,2025-03-20,7,1,0
R02,SKU-1245,21-Mar-25,9,0,0
R02,SKU-1245,03/22/2025,8,0,0
R02,SKU-1245,2025-03-23,9,0,0
R02,SKU-1245,03/24/2025,6,1,0
R02,SKU-1245,2025-03-25,11,0,0
R02,SKU-1245,03/26/2025,9,0,0
R02,SKU-1245,2025-03-27,9,0,1
R02,SKU-1245,2025-03-28,9,0,0
R02,SKU-1245,2025-03-29,12,0,0
R02,SKU-1245,03/30/2025,7,0,0
R02,SKU-1245,03/31/2025,5,0,0
R02,SKU-1210,2025-03-01,18,0,0
R02,SKU-1210,2025-03-02,20,0,0
R02,SKU-1210,2025-03-03,18,1,1
R02,SKU-1210,2025-03-04,13,1,0
R02,SKU-1210,2025-03-05,12,1,0
R02,SKU-1210,03/06/2025,8,1,0
R02,SKU-1210,07-Mar-25,20,0,0
R02,SKU-1210,2025-03-08,15,0,0
R02,SKU-1210,2025-03-09,13,0,0
R02,SKU-1210,03/10/2025,15,1,0
R02,SKU-1210,2025-03-11,12,2,0
R02,SKU-1210,2025-03-12,16,0,0
R02,SKU-1210,2025-03-13,14,0,0
R02,SKU-1210,2025-03-14,9,0,0
R02,SKU-1210,2025-03-15,15,1,0
R02,SKU-1210,2025-03-16,9,0,0
R02,SKU-1210,2025-03-17,13,3,0
R02,SKU-1210,2025-03-18,13,0,0
R02,SKU-1210,03/19/2025,16,0,0
R02,SKU-1210,03/20/2025,11,0,0
R02,SKU-1210,03/21/2025,19,0,0
R02,SKU-1210,2025-03-22,15,1,0
R02,SKU-1210,2025-03-23,10,0,0
R02,SKU-1210,2025-03-24,14,1,0
R02,SKU-1210,2025-03-25,5,0,0
R02,SKU-1210,26-Mar-25,13,0,0
R02,SKU-1210,2025-03-27,18,0,0
R02,SKU-1210,03/28/2025,22,1,0
R02,SKU-1210,2025-03-29,10,2,1
R02,SKU-1210,2025-03-30,21,1,1
R02,SKU-1210,03/31/2025,9,1,0
R02,SKU-1063,2025-03-01,31,1,0
R02,SKU-1063,03/02/2025,33,0,0
R02,SKU-1063,03/03/2025,34,0,0
R02,SKU-1063,03/04/2025,45,1,0
R02,SKU-1063,03/05/2025,34,0,0
R02,SKU-1063,2025-03-06,34,1,0
R02,SKU-1063,07-Mar-25,29,0,0
R02,SKU-1063,2025-03-08,37,1,0
R02,SKU-1063,09-Mar-25,31,0,0
R02,SKU-1063,2025-03-10,36,0,0
R02,SKU-1063,2025-03-11,31,0,0
R02,SKU-1063,03/12/2025,25,0,0
R02,SKU-1063,2025-03-13,39,0,0
R02,SKU-1063,03/14/2025,35,0,1
R02,SKU-1063,03/15/2025,27,0,0
R02,SKU-1063,2025-03-16,31,0,0
R02,SKU-1063,17-Mar-25,30,1,0
R02,SKU-1063,03/18/2025,34,0,0
R02,SKU-1063,19-Mar-25,32,0,0
R02,SKU-1063,2025-03-20,28,0,0
R02,SKU-1063,2025-03-21,36,2,0
R02,SKU-1063,2025-03-22,33,0,0
R02,SKU-1063,2025-03-23,25,2,0
R02,SKU-1063,24-Mar-25,22,1,0
R02,SKU-1063,03/25/2025,37,1,0
R02,SKU-1063,2025-03-26,28,0,0
R02,SKU-1063,2025-03-27,34,1,0
R02,SKU-1063,2025-03-28,27,1,0
R02,SKU-1063,2025-03-29,26,1,0
R02,SKU-1063,2025-03-30,31,2,0
R02,SKU-1063,2025-03-31,28,0,1
R02,SKU-1203,2025-03-01,24,0,0
R02,SKU-1203,03/02/2025,21,0,0
R02,SKU-1203,2025-03-03,33,0,0
R02,SKU-1203,04-Mar-25,28,1,0
R02,SKU-1203,2025-03-05,22,0,0
R02,SKU-1203,2025-03-06,26,0,0
R02,SKU-1203,2025-03-07,15,0,0
R02,SKU-1203,2025-03-08,25,0,0
R02,SKU-1203,2025-03-09,21,1,0
R02,SKU-1203,03/10/2025,22,0,0
R02,SKU-1203,2025-03-11,14,0,1
R02,SKU-1203,2025-03-12,22,0,0
R02,SKU-1203,2025-03-13,28,3,0
R02,SKU-1203,2025-03-14,20,0,0
R02,SKU-1203,2025-03-15,17,0,0
R02,SKU-1203,2025-03-16,21,1,0
R02,SKU-1203,2025-03-17,18,0,0
R02,SKU-1203,2025-03-18,17,0,0
R02,SKU-1203,2025-03-19,26,1,1
R02,SKU-1203,2025-03-20,18,0,0
R02,SKU-1203,2025-03-21,20,0,0
R02,SKU-1203,22-Mar-25,14,0,0
R02,SKU-1203,2025-03-23,18,1,0
R02,SKU-1203,03/24/2025,19,0,1
R02,SKU-1203,03/25/2025,18,0,0
R02,SKU-1203,2025-03-26,21,0,0
R02,SKU-1203,2025-03-27,27,0,0
R02,SKU-1203,2025-03-28,22,2,0
R02,SKU-1203,2025-03-29,25,0,1
R02,SKU-1203,2025-03-30,17,0,0
R02,SKU-1203,31-Mar-25,32,0,0
R02,SKU-1021,01-Mar-25,28,1,0
R02,SKU-1021,03/02/2025,33,1,0
R02,SKU-1021,2025-03-03,34,0,0
R02,SKU-1021,2025-03-04,30,0,0
R02,SKU-1021,03/05/2025,35,1,0
R02,SKU-1021,2025-03-06,28,1,0
R02,SKU-1021,2025-03-07,32,0,0
R02,SKU-1021,2025-03-08,20,0,0
R02,SKU-1021,2025-03-09,20,0,0
R02,SKU-1021,2025-03-10,28,0,0
R02,SKU-1021,2025-03-11,29,0,1
R02,SKU-1021,2025-03-12,25,1,0
R02,SKU-1021,03/13/2025,26,1,0
R02,SKU-1021,2025-03-14,34,0,0
R02,SKU-1021,15-Mar-25,30,1,0
R02,SKU-1021,2025-03-16,24,0,0
R02,SKU-1021,2025-03-17,29,0,0
R02,SKU-1021,2025-03-18,20,0,0
R02,SKU-1021,2025-03-19,25,1,0
R02,SKU-1021,2025-03-20,23,0,0
R02,SKU-1021,2025-03-21,33,0,0
R02,SKU-1021,2025-03-22,36,1,0
R02,SKU-1021,2025-03-23,28,0,0
R02,SKU-1021,2025-03-24,29,0,0
R02,SKU-1021,03/25/2025,26,0,0
R02,SKU-1021,2025-03-26,27,0,1
R02,SKU-1021,2025-03-27,35,0,0
R02,SKU-1021,28-Mar-25,33,1,0
R02,SKU-1021,2025-03-29,32,1,0
R02,SKU-1021,03/30/2025,28,1,0
R02,SKU-1021,2025-03-31,22,2,0
R02,SKU-1189,03/01/2025,13,2,1
R02,SKU-1189,03/02/2025,23,0,0
R02,SKU-1189,03-Mar-25,20,0,0
R02,SKU-1189,2025-03-04,20,1,1
R02,SKU-1189,03/05/2025,21,0,0
R02,SKU-1189,03/06/2025,23,0,0
R02,SKU-1189,03/07/2025,23,0,0
R02,SKU-1189,2025-03-08,17,0,1
R02,SKU-1189,2025-03-09,17,0,0
R02,SKU-1189,03/10/2025,16,0,0
R02,SKU-1189,11-Mar-25,21,2,0
R02,SKU-1189,2025-03-12,16,0,1
R02,SKU-1189,2025-03-13,23,2,0
R02,SKU-1189,14-Mar-25,16,0,0
R02,SKU-1189,2025-03-15,27,0,0
R02,SKU-1189,2025-03-16,18,0,0
R02,SKU-1189,2025-03-17,20,0,0
R02,SKU-1189,2025-03-18,15,0,1
R02,SKU-1189,2025-03-19,14,0,0
R02,SKU-1189,20-Mar-25,26,0,0
R02,SKU-1189,2025-03-21,13,1,0
R02,SKU-1189,03/22/2025,15,0,0
R02,SKU-1189,2025-03-23,18,0,0
R02,SKU-1189,2025-03-24,23,0,0
R02,SKU-1189,25-Mar-25,22,2,0
R02,SKU-1189,26-Mar-25,20,2,0
R02,SKU-1189,2025-03-27,13,0,0
R02,SKU-1189,2025-03-28,24,1,0
R02,SKU-1189,2025-03-29,23,1,0
R02,SKU-1189,2025-03-30,21,0,0
R02,SKU-1189,31-Mar-25,20,0,1
R02,SKU-1175,2025-03-01,19,0,0
R02,SKU-1175,2025-03-02,35,0,0
R02,SKU-1175,2025-03-03,21,0,0
R02,SKU-1175,04-Mar-25,22,2,0
R02,SKU-1175,2025-03-05,33,0,0
R02,SKU-1175,03/06/2025,34,0,0
R02,SKU-1175,03/07/2025,20,0,0
R02,SKU-1175,08-Mar-25,32,0,0
R02,SKU-1175,09-Mar-25,27,1,0
R02,SKU-1175,2025-03-10,23,0,0
R02,SKU-1175,2025-03-11,17,0,0
R02,SKU-1175,2025-03-12,21,0,0
R02,SKU-1175,2025-03-13,17,1,0
R02,SKU-1175,2025-03-14,23,0,1
R02,SKU-1175,15-Mar-25,18,0,0
R02,SKU-1175,2025-03-16,27,1,0
R02,SKU-1175,03/17/2025,23,0,0
R02,SKU-1175,2025-03-18,21,0,0
R02,SKU-1175,2025-03-19,31,0,0
R02,SKU-1175,2025-03-20,24,0,1
R02,SKU-1175,2025-03-21,22,0,0
R02,SKU-1175,2025-03-22,21,2,0
R02,SKU-1175,23-Mar-25,30,0,0
R02,SKU-1175,2025-03-24,21,1,0
R02,SKU-1175,2025-03-25,30,0,0
R02,SKU-1175,03/26/2025,27,0,0
R02,SKU-1175,2025-03-27,18,1,0
R02,SKU-1175,03/28/2025,22,0,0
R02,SKU-1175,03/29/2025,20,0,0
R02,SKU-1175,2025-03-30,23,0,0
R02,SKU-1175,2025-03-31,28,0,0
R02,SKU-1042,2025-03-01,21,0,0
R02,SKU-1042,02-Mar-25,27,0,1
R02,SKU-1042,03-Mar-25,17,0,0
R02,SKU-1042,04-Mar-25,32,0,0
R02,SKU-1042,2025-03-05,33,0,0
R02,SKU-1042,03/06/2025,31,0,0
R02,SKU-1042,03/07/2025,22,1,0
R02,SKU-1042,08-Mar-25,25,0,0
R02,SKU-1042,2025-03-09,29,0,0
R02,SKU-1042,2025-03-10,28,0,0
R02,SKU-1042,2025-03-11,27,0,0
R02,SKU-1042,2025-03-12,25,0,0
R02,SKU-1042,2025-03-13,26,1,0
R02,SKU-1042,2025-03-14,22,0,0
R02,SKU-1042,03/15/2025,22,0,0
R02,SKU-1042,2025-03-16,20,0,0
R02,SKU-1042,2025-03-17,23,1,0
R02,SKU-1042,2025-03-18,23,2,0
R02,SKU-1042,2025-03-19,25,0,0
R02,SKU-1042,2025-03-20,27,1,0
R02,SKU-1042,21-Mar-25,21,0,0
R02,SKU-1042,2025-03-22,32,0,0
R02,SKU-1042,03/23/2025,27,0,0
R02,SKU-1042,2025-03-24,28,0,1
R02,SKU-1042,2025-03-25,30,0,0
R02,SKU-1042,03/26/2025,23,0,0
R02,SKU-1042,2025-03-27,25,0,0
R02,SKU-1042,03/28/2025,25,1,0
R02,SKU-1042,2025-03-29,25,0,0
R02,SKU-1042,2025-03-30,21,0,0
R02,SKU-1042,2025-03-31,31,0,0
R02,SKU-1007,2025-03-01,17,1,0
R02,SKU-1007,2025-03-02,8,1,0
R02,SKU-1007,2025-03-03,11,1,0
R02,SKU-1007,2025-03-04,14,1,0
R02,SKU-1007,2025-03-05,11,0,0
R02,SKU-1007,06-Mar-25,21,1,0
R02,SKU-1007,2025-03-07,13,0,0
R02,SKU-1007,2025-03-08,7,1,0
R02,SKU-1007,2025-03-09,9,0,0
R02,SKU-1007,03/10/2025,13,0,0
R02,SKU-1007,2025-03-11,6,0,0
R02,SKU-1007,2025-03-12,14,1,0
R02,SKU-1007,03/13/2025,9,0,0
R02,SKU-1007,03/14/2025,9,0,0
R02,SKU-1007,2025-03-15,18,1,0
R02,SKU-1007,03/16/2025,11,0,0
R02,SKU-1007,17-Mar-25,13,1,1
R02,SKU-1007,2025-03-18,8,0,0
R02,SKU-1007,2025-03-19,6,2,0
R02,SKU-1007,2025-03-20,22,1,0
R02,SKU-1007,03/21/2025,11,0,0
R02,SKU-1007,03/22/2025,14,1,0
R02,SKU-1007,03/23/2025,9,1,0
R02,SKU-1007,2025-03-24,16,0,0
R02,SKU-1007,2025-03-25,15,1,0
R02,SKU-1007,03/26/2025,12,1,0
R02,SKU-1007,2025-03-27,14,0,0
R02,SKU-1007,03/28/2025,13,0,1
R02,SKU-1007,03/29/2025,14,0,0
R02,SKU-1007,2025-03-30,17,0,0
R02,SKU-1007,2025-03-31,9,0,0
R02,SKU-1126,2025-03-01,37,0,1
R02,SKU-1126,2025-03-02,27,0,0
R02,SKU-1126,2025-03-03,29,0,0
R02,SKU-1126,2025-03-04,33,1,0
R02,SKU-1126,05-Mar-25,40,0,0
R02,SKU-1126,03/06/2025,31,0,0
R02,SKU-1126,2025-03-07,24,0,0
R02,SKU-1126,2025-03-08,38,0,0
R02,SKU-1126,09-Mar-25,32,0,0
R02,SKU-1126,10-Mar-25,25,1,1
R02,SKU-1126,2025-03-11,36,0,0
R02,SKU-1126,2025-03-12,26,0,0
R02,SKU-1126,03/13/2025,23,1,0
R02,SKU-1126,2025-03-14,31,0,0
R02,SKU-1126,03/15/2025,28,0,0
R02,SKU-1126,2025-03-16,21,0,0
R02,SKU-1126,03/17/2025,36,1,1
R02,SKU-1126,2025-03-18,30,0,0
R02,SKU-1126,19-Mar-25,19,1,0
R02,SKU-1126,2025-03-20,32,0,0
R02,SKU-1126,2025-03-21,29,1,0
R02,SKU-1126,03/22/2025,37,0,0
R02,SKU-1126,2025-03-23,34,0,0
R02,SKU-1126,03/24/2025,24,1,0
R02,SKU-1126,2025-03-25,25,1,0
R02,SKU-1126,2025-03-26,27,0,0
R02,SKU-1126,27-Mar-25,25,0,0
R02,SKU-1126,03/28/2025,28,0,0
R02,SKU-1126,2025-03-29,22,1,0
R02,SKU-1126,30-Mar-25,38,0,0
R02,SKU-1126,2025-03-31,26,0,0
R02,SKU-1273,01-Mar-25,27,0,0
R02,SKU-1273,03/02/2025,19,0,0
R02,SKU-1273,03/03/2025,16,0,0
R02,SKU-1273,03/04/2025,26,0,0
R02,SKU-1273,2025-03-05,18,1,0
R02,SKU-1273,03/06/2025,22,1,1
R02,SKU-1273,07-Mar-25,24,1,0
R02,SKU-1273,08-Mar-25,14,0,0
R02,SKU-1273,03/09/2025,22,0,0
R02,SKU-1273,10-Mar-25,28,0,0
R02,SKU-1273,2025-03-11,31,0,0
R02,SKU-1273,03/12/2025,25,0,0
R02,SKU-1273,2025-03-13,19,1,0
R02,SKU-1273,2025-03-14,21,1,0
R02,SKU-1273,2025-03-15,22,0,0
R02,SKU-1273,2025-03-16,15,1,0
R02,SKU-1273,2025-03-17,18,0,0
R02,SKU-1273,2025-03-18,23,0,0
R02,SKU-1273,19-Mar-25,23,0,0
R02,SKU-1273,2025-03-20,19,1,0
R02,SKU-1273,2025-03-21,23,1,0
R02,SKU-1273,2025-03-22,27,0,0
R02,SKU-1273,2025-03-23,15,0,1
R02,SKU-1273,03/24/2025,27,0,0
R02,SKU-1273,03/25/2025,19,0,0
R02,SKU-1273,2025-03-26,13,0,0
R02,SKU-1273,2025-03-27,19,0,0
R02,SKU-1273,2025-03-28,17,1,0
R02,SKU-1273,2025-03-29,22,0,0
R02,SKU-1273,03/30/2025,19,1,0
R02,SKU-1273,31-Mar-25,26,1,1
R02,SKU-1056,2025-03-01,16,2,0
R02,SKU-1056,2025-03-02,14,0,1
R02,SKU-1056,03/03/2025,15,1,0
R02,SKU-1056,2025-03-04,15,0,0
R02,SKU-1056,03/05/2025,20,0,0
R02,SKU-1056,06-Mar-25,21,0,0
R02,SKU-1056,2025-03-07,17,1,0
R02,SKU-1056,2025-03-08,17,1,0
R02,SKU-1056,2025-03-09,12,2,0
R02,SKU-1056,10-Mar-25,20,1,0
R02,SKU-1056,2025-03-11,28,0,1
R02,SKU-1056,03/12/2025,20,0,1
R02,SKU-1056,13-Mar-25,11,0,0
R02,SKU-1056,2025-03-14,12,1,0
R02,SKU-1056,03/15/2025,25,0,1
R02,SKU-1056,2025-03-16,18,1,0
R02,SKU-1056,2025-03-17,23,0,0
R02,SKU-1056,2025-03-18,14,0,0
R02,SKU-1056,03/19/2025,15,0,1
R02,SKU-1056,20-Mar-25,15,1,0
R02,SKU-1056,03/21/2025,20,0,0
R02,SKU-1056,2025-03-22,27,0,0
R02,SKU-1056,03/23/2025,15,0,0
R02,SKU-1056,2025-03-24,19,0,0
R02,SKU-1056,25-Mar-25,19,0,0
R02,SKU-1056,2025-03-26,26,1,0
R02,SKU-1056,03/27/2025,24,0,0
R02,SKU-1056,03/28/2025,20,1,0
R02,SKU-1056,2025-03-29,20,0,0
R02,SKU-1056,03/30/2025,23,1,0
R02,SKU-1056,2025-03-31,22,0,0
R02,SKU-1280,03/01/2025,16,0,0
R02,SKU-1280,2025-03-02,13,0,0
R02,SKU-1280,03/03/2025,15,2,0
R02,SKU-1280,04-Mar-25,20,1,0
R02,SKU-1280,2025-03-05,19,0,0
R02,SKU-1280,03/06/2025,28,0,0
R02,SKU-1280,03/07/2025,15,0,0
R02,SKU-1280,03/08/2025,18,0,0
R02,SKU-1280,2025-03-09,14,0,0
R02,SKU-1280,2025-03-10,18,0,0
R02,SKU-1280,11-Mar-25,17,0,0
R02,SKU-1280,2025-03-12,21,0,0
R02,SKU-1280,13-Mar-25,18,0,1
R02,SKU-1280,2025-03-14,17,0,0
R02,SKU-1280,2025-03-15,17,0,0
R02,SKU-1280,2025-03-16,16,0,0
R02,SKU-1280,2025-03-17,20,0,0
R02,SKU-1280,03/18/2025,10,0,0
R02,SKU-1280,2025-03-19,17,1,0
R02,SKU-1280,2025-03-20,17,0,0
R02,SKU-1280,2025-03-21,16,1,0
R02,SKU-1280,2025-03-22,21,0,0
R02,SKU-1280,2025-03-23,19,0,0
R02,SKU-1280,03/24/2025,18,1,0
R02,SKU-1280,2025-03-25,21,0,0
R02,SKU-1280,2025-03-26,18,0,0
R02,SKU-1280,2025-03-27,14,0,0
R02,SKU-1280,2025-03-28,17,1,0
R02,SKU-1280,29-Mar-25,15,0,0
R02,SKU-1280,2025-03-30,18,0,0
R02,SKU-1280,2025-03-31,21,1,0
R02,SKU-1259,2025-03-01,26,1,0
R02,SKU-1259,03/02/2025,26,1,0
R02,SKU-1259,03/03/2025,19,0,0
R02,SKU-1259,2025-03-04,21,0,0
R02,SKU-1259,2025-03-05,18,2,0
R02,SKU-1259,03/06/2025,29,0,0
R02,SKU-1259,03/07/2025,23,0,0
R02,SKU-1259,2025-03-08,20,1,0
R02,SKU-1259,2025-03-09,20,1,0
R02,SKU-1259,2025-03-10,17,0,0
R02,SKU-1259,11-Mar-25,25,1,1
R02,SKU-1259,2025-03-12,28,0,0
R02,SKU-1259,2025-03-13,26,0,0
R02,SKU-1259,2025-03-14,21,0,0
R02,SKU-1259,2025-03-15,27,0,0
R02,SKU-1259,2025-03-16,15,0,0
R02,SKU-1259,2025-03-17,19,2,0
R02,SKU-1259,03/18/2025,18,0,0
R02,SKU-1259,03/19/2025,24,1,0
R02,SKU-1259,2025-03-20,30,0,1
R02,SKU-1259,2025-03-21,18,0,0
R02,SKU-1259,03/22/2025,20,0,0
R02,SKU-1259,2025-03-23,20,1,1
R02,SKU-1259,2025-03-24,19,0,0
R02,SKU-1259,2025-03-25,20,0,1
R02,SKU-1259,2025-03-26,20,2,0
R02,SKU-1259,2025-03-27,23,0,0
R02,SKU-1259,28-Mar-25,27,0,0
R02,SKU-1259,2025-03-29,16,0,0
R02,SKU-1259,03/30/2025,21,1,0
R02,SKU-1259,2025-03-31,17,1,0
R03,SKU-1091,2025-03-01,7,1,0
R03,SKU-1091,2025-03-02,13,1,0
R03,SKU-1091,2025-03-03,15,1,0
R03,SKU-1091,03/04/2025,16,0,0
R03,SKU-1091,05-Mar-25,9,1,1
R03,SKU-1091,2025-03-06,8,0,0
R03,SKU-1091,2025-03-07,12,2,0
R03,SKU-1091,2025-03-08,10,0,0
R03,SKU-1091,2025-03-09,10,0,0
R03,SKU-1091,2025-03-10,9,0,0
R03,SKU-1091,11-Mar-25,7,3,0
R03,SKU-1091,03/12/2025,9,0,0
R03,SKU-1091,2025-03-13,12,0,0
R03,SKU-1091,2025-03-14,15,0,0
R03,SKU-1091,15-Mar-25,14,0,0
R03,SKU-1091,2025-03-16,7,0,0
R03,SKU-1091,03/17/2025,14,1,0
R03,SKU-1091,03/18/2025,10,2,0
R03,SKU-1091,19-Mar-25,7,1,0
R03,SKU-1091,2025-03-20,11,0,0
R03,SKU-1091,21-Mar-25,8,0,1
R03,SKU-1091,03/22/2025,8,0,0
R03,SKU-1091,03/23/2025,11,1,0
R03,SKU-1091,03/24/2025,9,0,0
R03,SKU-1091,25-Mar-25,7,1,0
R03,SKU-1091,2025-03-26,16,0,0
R03,SKU-1091,2025-03-27,19,0,0
R03,SKU-1091,2025-03-28,10,0,0
R03,SKU-1091,03/29/2025,14,0,0
R03,SKU-1091,2025-03-30,21,2,0
R03,SKU-1091,03/31/2025,11,0,0
R03,SKU-1140,2025-03-01,35,2,1
R03,SKU-1140,2025-03-02,30,1,0
R03,SKU-1140,2025-03-03,27,1,0
R03,SKU-1140,2025-03-04,27,0,1
R03,SKU-1140,2025-03-05,24,0,1
R03,SKU-1140,03/06/2025,23,1,0
R03,SKU-1140,07-Mar-25,32,0,0
R03,SKU-1140,2025-03-08,21,1,0
R03,SKU-1140,2025-03-09,21,1,0
R03,SKU-1140,2025-03-10,26,0,0
R03,SKU-1140,11-Mar-25,22,1,0
R03,SKU-1140,2025-03-12,20,1,0
R03,SKU-1140,2025-03-13,35,0,0
R03,SKU-1140,2025-03-14,26,0,0
R03,SKU-1140,2025-03-15,19,0,0
R03,SKU-1140,2025-03-16,20,0,0
R03,SKU-1140,2025-03-17,39,0,0
R03,SKU-1140,2025-03-18,35,0,0
R03,SKU-1140,2025-03-19,42,0,0
R03,SKU-1140,2025-03-20,25,2,0
R03,SKU-1140,2025-03-21,18,1,1
R03,SKU-1140,03/22/2025,-24,0,0
R03,SKU-1140,03/23/2025,24,0,0
R03,SKU-1140,2025-03-24,19,1,1
R03,SKU-1140,2025-03-25,31,0,0
R03,SKU-1140,2025-03-26,19,1,0
R03,SKU-1140,27-Mar-25,26,0,0
R03,SKU-1140,2025-03-28,36,0,0
R03,SKU-1140,03/29/2025,24,0,0
R03,SKU-1140,2025-03-30,20,0,0
R03,SKU-1140,2025-03-31,24,0,0
R03,SKU-1035,2025-03-01,23,0,0
R03,SKU-1035,03/02/2025,30,0,0
R03,SKU-1035,03/03/2025,33,2,0
R03,SKU-1035,04-Mar-25,36,0,0
R03,SKU-1035,05-Mar-25,25,1,0
R03,SKU-1035,06-Mar-25,33,0,0
R03,SKU-1035,03/07/2025,27,1,1
R03,SKU-1035,03/08/2025,37,1,0
R03,SKU-1035,09-Mar-25,27,0,0
R03,SKU-1035,2025-03-10,29,0,0
R03,SKU-1035,2025-03-11,32,0,0
R03,SKU-1035,2025-03-12,30,0,0
R03,SKU-1035,03/13/2025,26,0,0
R03,SKU-1035,2025-03-14,28,0,0
R03,SKU-1035,15-Mar-25,22,0,0
R03,SKU-1035,2025-03-16,31,0,0
R03,SKU-1035,2025-03-17,32,0,0
R03,SKU-1035,18-Mar-25,30,0,0
R03,SKU-1035,2025-03-19,17,0,0
R03,SKU-1035,03/20/2025,22,0,0
R03,SKU-1035,21-Mar-25,39,0,0
R03,SKU-1035,22-Mar-25,31,1,0
R03,SKU-1035,03/23/2025,26,1,1
R03,SKU-1035,24-Mar-25,28,0,0
R03,SKU-1035,2025-03-25,21,1,0
R03,SKU-1035,2025-03-26,24,0,0
R03,SKU-1035,2025-03-27,28,0,0
R03,SKU-1035,2025-03-28,29,1,0
R03,SKU-1035,2025-03-29,28,0,0
R03,SKU-1035,2025-03-30,23,0,0
R03,SKU-1035,2025-03-31,27,0,0
R03,SKU-1098,2025-03-01,32,1,1
R03,SKU-1098,02-Mar-25,33,0,0
R03,SKU-1098,2025-03-03,24,0,0
R03,SKU-1098,03/04/2025,22,1,0
R03,SKU-1098,03/05/2025,36,0,0
R03,SKU-1098,2025-03-06,25,0,0
R03,SKU-1098,07-Mar-25,27,1,0
R03,SKU-1098,2025-03-08,31,1,0
R03,SKU-1098,2025-03-09,25,0,0
R03,SKU-1098,2025-03-10,26,0,0
R03,SKU-1098,03/11/2025,27,1,0
R03,SKU-1098,2025-03-12,25,0,0
R03,SKU-1098,03/13/2025,31,0,0
R03,SKU-1098,03/14/2025,32,0,0
R03,SKU-1098,2025-03-15,27,0,0
R03,SKU-1098,2025-03-16,27,0,0
R03,SKU-1098,2025-03-17,29,1,0
R03,SKU-1098,2025-03-18,30,0,0
R03,SKU-1098,03/19/2025,29,0,0
R03,SKU-1098,2025-03-20,31,0,0
R03,SKU-1098,2025-03-21,24,1,0
R03,SKU-1098,2025-03-22,27,0,0
R03,SKU-1098,03/23/2025,25,0,0
R03,SKU-1098,24-Mar-25,30,1,0
R03,SKU-1098,2025-03-25,26,4,0
R03,SKU-1098,2025-03-26,29,1,0
R03,SKU-1098,2025-03-27,24,0,0
R03,SKU-1098,2025-03-28,22,1,0
R03,SKU-1098,03/29/2025,41,0,0
R03,SKU-1098,30-Mar-25,29,0,0
R03,SKU-1098,2025-03-31,26,1,0
R03,SKU-1049,01-Mar-25,17,1,0
R03,SKU-1049,2025-03-02,12,1,1
R03,SKU-1049,03/03/2025,11,1,0
R03,SKU-1049,2025-03-04,11,0,0
R03,SKU-1049,03/05/2025,13,1,0
R03,SKU-1049,2025-03-06,7,1,0
R03,SKU-1049,03/07/2025,15,0,0
R03,SKU-1049,08-Mar-25,13,0,0
R03,SKU-1049,09-Mar-25,11,0,0
R03,SKU-1049,2025-03-10,9,1,0
R03,SKU-1049,03/11/2025,8,1,0
R03,SKU-1049,2025-03-12,7,0,0
R03,SKU-1049,2025-03-13,11,0,1
R03,SKU-1049,14-Mar-25,14,0,0
R03,SKU-1049,2025-03-15,11,2,0
R03,SKU-1049,16-Mar-25,9,0,0
R03,SKU-1049,2025-03-17,10,0,1
R03,SKU-1049,2025-03-18,11,0,0
R03,SKU-1049,03/19/2025,5,0,0
R03,SKU-1049,03/20/2025,12,0,1
R03,SKU-1049,2025-03-21,10,0,0
R03,SKU-1049,2025-03-22,16,0,0
R03,SKU-1049,2025-03-23,14,0,0
R03,SKU-1049,2025-03-24,13,0,0
R03,SKU-1049,03/25/2025,12,0,0
R03,SKU-1049,03/26/2025,12,0,0
R03,SKU-1049,2025-03-27,5,0,0
R03,SKU-1049,2025-03-28,10,1,1
R03,SKU-1049,2025-03-29,15,1,0
R03,SKU-1049,03/30/2025,11,2,0
R03,SKU-1049,2025-03-31,12,0,1
R03,SKU-1161,01-Mar-25,25,0,1
R03,SKU-1161,03/02/2025,32,1,0
R03,SKU-1161,2025-03-03,32,1,0
R03,SKU-1161,03/04/2025,20,0,0
R03,SKU-1161,05-Mar-25,36,0,0
R03,SKU-1161,03/06/2025,36,0,0
R03,SKU-1161,2025-03-07,34,0,0
R03,SKU-1161,2025-03-08,32,1,0
R03,SKU-1161,2025-03-09,47,1,1
R03,SKU-1161,03/10/2025,31,2,1
R03,SKU-1161,2025-03-11,32,0,0
R03,SKU-1161,2025-03-12,24,0,0
R03,SKU-1161,2025-03-13,20,0,0
R03,SKU-1161,03/14/2025,25,1,0
R03,SKU-1161,2025-03-15,33,0,0
R03,SKU-1161,2025-03-16,26,0,0
R03,SKU-1161,03/17/2025,27,0,0
R03,SKU-1161,03/18/2025,29,1,0
R03,SKU-1161,03/19/2025,27,0,1
R03,SKU-1161,03/20/2025,33,0,0
R03,SKU-1161,2025-03-21,23,0,0
R03,SKU-1161,2025-03-22,36,0,0
R03,SKU-1161,2025-03-23,29,0,0
R03,SKU-1161,2025-03-24,27,0,0
R03,SKU-1161,03/25/2025,28,0,0
R03,SKU-1161,2025-03-26,32,2,0
R03,SKU-1161,03/27/2025,33,0,1
R03,SKU-1161,03/28/2025,29,2,0
R03,SKU-1161,03/29/2025,21,1,0
R03,SKU-1161,2025-03-30,25,1,0
R03,SKU-1161,2025-03-31,30,0,0
R03,SKU-1063,2025-03-01,4,0,0
R03,SKU-1063,03/02/2025,12,0,0
R03,SKU-1063,03/03/2025,7,0,1
R03,SKU-1063,04-Mar-25,8,0,0
R03,SKU-1063,2025-03-05,7,0,0
R03,SKU-1063,03/06/2025,7,0,0
R03,SKU-1063,03/07/2025,7,0,0
R03,SKU-1063,2025-03-08,9,1,0
R03,SKU-1063,2025-03-09,8,0,0
R03,SKU-1063,2025-03-10,9,0,0
R03,SKU-1063,2025-03-11,8,2,0
R03,SKU-1063,2025-03-12,4,0,0
R03,SKU-1063,2025-03-13,4,0,0
R03,SKU-1063,03/14/2025,3,0,0
R03,SKU-1063,2025-03-15,3,0,0
R03,SKU-1063,03/16/2025,7,1,0
R03,SKU-1063,2025-03-17,3,0,0
R03,SKU-1063,2025-03-18,8,0,0
R03,SKU-1063,2025-03-19,8,0,0
R03,SKU-1063,03/20/2025,7,0,0
R03,SKU-1063,2025-03-21,5,0,0
R03,SKU-1063,2025-03-22,8,1,0
R03,SKU-1063,03/23/2025,8,1,0
R03,SKU-1063,03/24/2025,9,0,0
R03,SKU-1063,25-Mar-25,8,0,0
R03,SKU-1063,03/26/2025,6,1,0
R03,SKU-1063,03/27/2025,7,0,0
R03,SKU-1063,2025-03-28,6,0,0
R03,SKU-1063,2025-03-29,5,0,0
R03,SKU-1063,2025-03-30,8,1,0
R03,SKU-1063,2025-03-31,8,0,0
R03,SKU-1224,2025-03-01,15,0,0
R03,SKU-1224,2025-03-02,14,1,1
R03,SKU-1224,03/03/2025,15,0,0
R03,SKU-1224,2025-03-04,21,0,1
R03,SKU-1224,2025-03-05,21,3,1
R03,SKU-1224,2025-03-06,14,0,0
R03,SKU-1224,2025-03-07,15,0,0
R03,SKU-1224,2025-03-08,18,0,0
R03,SKU-1224,2025-03-09,17,0,0
R03,SKU-1224,03/10/2025,11,1,0
R03,SKU-1224,2025-03-11,21,0,0
R03,SKU-1224,03/12/2025,21,1,0
R03,SKU-1224,2025-03-13,14,0,0
R03,SKU-1224,2025-03-14,15,0,1
R03,SKU-1224,03/15/2025,9,0,0
R03,SKU-1224,2025-03-16,24,0,0
R03,SKU-1224,2025-03-17,9,2,0
R03,SKU-1224,2025-03-18,14,0,0
R03,SKU-1224,2025-03-19,14,1,1
R03,SKU-1224,20-Mar-25,9,0,1
R03,SKU-1224,03/21/2025,19,0,0
R03,SKU-1224,2025-03-22,9,2,0
R03,SKU-1224,2025-03-23,10,1,0
R03,SKU-1224,2025-03-24,14,0,0
R03,SKU-1224,2025-03-25,14,0,0
R03,SKU-1224,2025-03-26,19,0,0
R03,SKU-1224,03/27/2025,11,1,0
R03,SKU-1224,2025-03-28,17,0,0
R03,SKU-1224,2025-03-29,17,0,0
R03,SKU-1224,2025-03-30,19,0,0
R03,SKU-1224,03/31/2025,18,0,0
R03,SKU-1084,2025-03-01,6,1,0
R03,SKU-1084,2025-03-02,6,1,0
R03,SKU-1084,2025-03-03,9,0,0
R03,SKU-1084,04-Mar-25,14,0,0
R03,SKU-1084,2025-03-05,5,1,1
R03,SKU-1084,2025-03-06,12,0,0
R03,SKU-1084,2025-03-07,9,0,0
R03,SKU-1084,2025-03-08,10,1,0
R03,SKU-1084,2025-03-09,12,0,0
R03,SKU-1084,2025-03-10,9,0,0
R03,SKU-1084,2025-03-11,8,0,0
R03,SKU-1084,03/12/2025,11,1,0
R03,SKU-1084,03/13/2025,7,0,0
R03,SKU-1084,2025-03-14,15,0,0
R03,SKU-1084,2025-03-15,16,0,0
R03,SKU-1084,16-Mar-25,13,1,0
R03,SKU-1084,03/17/2025,11,0,0
R03,SKU-1084,2025-03-18,10,0,0
R03,SKU-1084,2025-03-19,11,0,0
R03,SKU-1084,2025-03-20,10,1,0
R03,SKU-1084,2025-03-21,15,1,0
R03,SKU-1084,03/22/2025,13,0,0
R03,SKU-1084,2025-03-23,11,1,0
R03,SKU-1084,2025-03-24,11,0,1
R03,SKU-1084,2025-03-25,10,1,0
R03,SKU-1084,2025-03-26,10,0,0
R03,SKU-1084,2025-03-27,13,1,0
R03,SKU-1084,2025-03-28,9,0,0
R03,SKU-1084,2025-03-29,21,0,0
R03,SKU-1084,2025-03-30,15,0,0
R03,SKU-1084,31-Mar-25,9,0,0
R03,SKU-1126,03/01/2025,29,0,0
R03,SKU-1126,03/02/2025,18,1,0
R03,SKU-1126,03/03/2025,33,0,0
R03,SKU-1126,2025-03-04,34,1,0
R03,SKU-1126,03/05/2025,27,0,1
R03,SKU-1126,03/06/2025,20,0,0
R03,SKU-1126,2025-03-07,24,1,0
R03,SKU-1126,2025-03-08,28,0,0
R03,SKU-1126,2025-03-09,33,1,0
R03,SKU-1126,2025-03-10,28,0,0
R03,SKU-1126,03/11/2025,24,0,1
R03,SKU-1126,2025-03-12,28,1,1
R03,SKU-1126,03/13/2025,27,0,0
R03,SKU-1126,03/14/2025,36,0,0
R03,SKU-1126,03/15/2025,32,0,0
R03,SKU-1126,2025-03-16,31,0,0
R03,SKU-1126,17-Mar-25,20,0,0
R03,SKU-1126,18-Mar-25,33,0,0
R03,SKU-1126,2025-03-19,22,0,0
R03,SKU-1126,2025-03-20,29,1,0
R03,SKU-1126,2025-03-21,23,1,0
R03,SKU-1126,2025-03-22,32,1,1
R03,SKU-1126,2025-03-23,31,1,0
R03,SKU-1126,2025-03-24,26,0,0
R03,SKU-1126,25-Mar-25,29,2,0
R03,SKU-1126,26-Mar-25,42,0,0
R03,SKU-1126,03/27/2025,35,1,0
R03,SKU-1126,03/28/2025,22,0,0
R03,SKU-1126,03/29/2025,30,0,0
R03,SKU-1126,2025-03-30,28,0,0
R03,SKU-1126,2025-03-31,38,1,0
R03,SKU-1007,2025-03-01,4,1,1
R03,SKU-1007,2025-03-02,7,0,0
R03,SKU-1007,2025-03-03,3,0,0
R03,SKU-1007,03/04/2025,2,0,0
R03,SKU-1007,03/05/2025,6,2,0
R03,SKU-1007,06-Mar-25,4,0,0
R03,SKU-1007,2025-03-07,8,0,0
R03,SKU-1007,2025-03-08,5,0,0
R03,SKU-1007,09-Mar-25,5,1,0
R03,SKU-1007,2025-03-10,4,2,0
R03,SKU-1007,2025-03-11,9,0,0
R03,SKU-1007,03/12/2025,3,0,0
R03,SKU-1007,2025-03-13,5,0,0
R03,SKU-1007,14-Mar-25,2,1,0
R03,SKU-1007,2025-03-15,5,0,1
R03,SKU-1007,2025-03-16,6,0,0
R03,SKU-1007,17-Mar-25,2,0,0
R03,SKU-1007,03/18/2025,7,0,0
R03,SKU-1007,19-Mar-25,4,0,0
R03,SKU-1007,2025-03-20,7,0,0
R03,SKU-1007,03/21/2025,6,0,0
R03,SKU-1007,22-Mar-25,4,0,0
R03,SKU-1007,2025-03-23,3,0,0
R03,SKU-1007,03/24/2025,4,1,1
R03,SKU-1007,2025-03-25,1,0,0
R03,SKU-1007,03/26/2025,2,0,1
R03,SKU-1007,2025-03-27,6,0,1
R03,SKU-1007,2025-03-28,9,2,0
R03,SKU-1007,03/29/2025,3,0,0
R03,SKU-1007,30-Mar-25,3,0,0
R03,SKU-1007,2025-03-31,6,1,0
R03,SKU-1021,2025-03-01,28,1,0
R03,SKU-1021,03/02/2025,29,0,1
R03,SKU-1021,03/03/2025,30,1,0
R03,SKU-1021,2025-03-04,30,0,0
R03,SKU-1021,2025-03-05,29,0,0
R03,SKU-1021,2025-03-06,36,0,0
R03,SKU-1021,2025-03-07,29,2,0
R03,SKU-1021,2025-03-08,38,0,0
R03,SKU-1021,2025-03-09,36,0,0
R03,SKU-1021,10-Mar-25,30,1,0
R03,SKU-1021,2025-03-11,38,0,0
R03,SKU-1021,2025-03-12,42,0,0
R03,SKU-1021,2025-03-13,21,0,0
R03,SKU-1021,03/14/2025,29,1,0
R03,SKU-1021,03/15/2025,28,0,0
R03,SKU-1021,03/16/2025,35,1,0
R03,SKU-1021,2025-03-17,31,1,0
R03,SKU-1021,2025-03-18,42,0,1
R03,SKU-1021,2025-03-19,37,0,0
R03,SKU-1021,2025-03-20,36,0,0
R03,SKU-1021,03/21/2025,41,0,0
R03,SKU-1021,2025-03-22,26,1,1
R03,SKU-1021,03/23/2025,21,0,0
R03,SKU-1021,2025-03-24,34,1,0
R03,SKU-1021,2025-03-25,30,0,0
R03,SKU-1021,2025-03-26,26,0,0
R03,SKU-1021,03/27/2025,27,0,0
R03,SKU-1021,2025-03-28,42,1,0
R03,SKU-1021,2025-03-29,32,0,0
R03,SKU-1021,2025-03-30,38,0,1
R03,SKU-1021,2025-03-31,28,1,0
R03,SKU-1119,2025-03-01,26,0,1
R03,SKU-1119,03/02/2025,28,0,0
R03,SKU-1119,2025-03-03,36,0,0
R03,SKU-1119,04-Mar-25,37,0,0
R03,SKU-1119,05-Mar-25,33,1,1
R03,SKU-1119,2025-03-06,41,0,0
R03,SKU-1119,03/07/2025,28,0,0
R03,SKU-1119,2025-03-08,28,0,0
R03,SKU-1119,03/09/2025,21,0,1
R03,SKU-1119,2025-03-10,29,1,0
R03,SKU-1119,03/11/2025,39,0,0
R03,SKU-1119,12-Mar-25,30,0,0
R03,SKU-1119,2025-03-13,34,0,1
R03,SKU-1119,2025-03-14,43,1,0
R03,SKU-1119,2025-03-15,36,0,0
R03,SKU-1119,2025-03-16,24,1,0
R03,SKU-1119,2025-03-17,25,0,1
R03,SKU-1119,18-Mar-25,36,0,0
R03,SKU-1119,2025-03-19,25,1,0
R03,SKU-1119,03/20/2025,21,1,0
R03,SKU-1119,03/21/2025,32,0,1
R03,SKU-1119,2025-03-22,37,0,1
R03,SKU-1119,23-Mar-25,30,0,0
R03,SKU-1119,2025-03-24,28,0,0
R03,SKU-1119,2025-03-25,38,0,0
R03,SKU-1119,26-Mar-25,35,0,0
R03,SKU-1119,03/27/2025,42,1,0
R03,SKU-1119,2025-03-28,32,1,0
R03,SKU-1119,2025-03-29,36,1,0
R03,SKU-1119,2025-03-30,36,0,0
R03,SKU-1119,31-Mar-25,26,1,0
R03,SKU-1070,2025-03-01,12,1,0
R03,SKU-1070,2025-03-02,16,0,1
R03,SKU-1070,03/03/2025,15,0,0
R03,SKU-1070,2025-03-04,12,0,0
R03,SKU-1070,03/05/2025,15,0,0
R03,SKU-1070,06-Mar-25,19,0,0
R03,SKU-1070,07-Mar-25,14,0,0
R03,SKU-1070,2025-03-08,19,0,0
R03,SKU-1070,03/09/2025,16,1,0
R03,SKU-1070,2025-03-10,15,0,0
R03,SKU-1070,03/11/2025,16,1,0
R03,SKU-1070,2025-03-12,13,1,0
R03,SKU-1070,2025-03-13,13,0,0
R03,SKU-1070,14-Mar-25,8,0,0
R03,SKU-1070,2025-03-15,15,1,0
R03,SKU-1070,2025-03-16,26,0,0
R03,SKU-1070,2025-03-17,15,1,0
R03,SKU-1070,03/18/2025,21,0,0
R03,SKU-1070,19-Mar-25,17,0,0
R03,SKU-1070,2025-03-20,22,0,0
R03,SKU-1070,2025-03-21,14,0,0
R03,SKU-1070,2025-03-22,17,0,0
R03,SKU-1070,2025-03-23,25,0,0
R03,SKU-1070,2025-03-24,18,0,0
R03,SKU-1070,03/25/2025,13,0,0
R03,SKU-1070,2025-03-26,12,1,0
R03,SKU-1070,2025-03-27,27,0,0
R03,SKU-1070,03/28/2025,13,2,0
R03,SKU-1070,29-Mar-25,15,0,0
R03,SKU-1070,2025-03-30,22,1,0
R03,SKU-1070,03/31/2025,15,0,0
R03,SKU-1252,2025-03-01,26,0,0
R03,SKU-1252,02-Mar-25,23,1,0
R03,SKU-1252,03-Mar-25,38,0,0
R03,SKU-1252,2025-03-04,29,1,0
R03,SKU-1252,2025-03-05,25,1,0
R03,SKU-1252,2025-03-06,30,1,0
R03,SKU-1252,2025-03-07,40,1,0
R03,SKU-1252,03/08/2025,24,0,0
R03,SKU-1252,03/09/2025,24,0,0
R03,SKU-1252,10-Mar-25,20,1,0
R03,SKU-1252,03/11/2025,24,0,0
R03,SKU-1252,2025-03-12,40,0,0
R03,SKU-1252,2025-03-13,31,1,0
R03,SKU-1252,03/14/2025,18,0,0
R03,SKU-1252,03/15/2025,26,0,0
R03,SKU-1252,03/16/2025,19,0,0
R03,SKU-1252,17-Mar-25,27,0,0
R03,SKU-1252,03/18/2025,25,1,0
R03,SKU-1252,03/19/2025,24,2,0
R03,SKU-1252,03/20/2025,36,0,0
R03,SKU-1252,2025-03-21,27,0,0
R03,SKU-1252,22-Mar-25,25,0,0
R03,SKU-1252,03/23/2025,26,0,0
R03,SKU-1252,2025-03-24,29,0,0
R03,SKU-1252,25-Mar-25,24,1,0
R03,SKU-1252,2025-03-26,26,0,0
R03,SKU-1252,2025-03-27,18,2,0
R03,SKU-1252,2025-03-28,23,0,0
R03,SKU-1252,2025-03-29,37,0,0
R03,SKU-1252,2025-03-30,29,0,0
R03,SKU-1252,31-Mar-25,22,2,0
R03,SKU-1112,2025-03-01,17,0,1
R03,SKU-1112,2025-03-02,19,1,0
R03,SKU-1112,03-Mar-25,34,1,1
R03,SKU-1112,2025-03-04,19,0,0
R03,SKU-1112,2025-03-05,24,0,0
R03,SKU-1112,2025-03-06,23,1,0
R03,SKU-1112,2025-03-07,27,0,0
R03,SKU-1112,03/08/2025,25,0,1
R03,SKU-1112,03/09/2025,27,0,0
R03,SKU-1112,2025-03-10,40,0,0
R03,SKU-1112,2025-03-11,20,0,0
R03,SKU-1112,2025-03-12,41,0,0
R03,SKU-1112,2025-03-13,34,1,0
R03,SKU-1112,2025-03-14,31,1,0
R03,SKU-1112,15-Mar-25,24,1,0
R03,SKU-1112,03/16/2025,28,1,0
R03,SKU-1112,03/17/2025,30,2,0
R03,SKU-1112,03/18/2025,36,0,0
R03,SKU-1112,2025-03-19,30,0,0
R03,SKU-1112,2025-03-20,30,0,0
R03,SKU-1112,2025-03-21,29,0,0
R03,SKU-1112,03/22/2025,41,0,0
R03,SKU-1112,23-Mar-25,29,0,0
R03,SKU-1112,03/24/2025,27,1,0
R03,SKU-1112,25-Mar-25,34,1,1
R03,SKU-1112,2025-03-26,24,0,0
R03,SKU-1112,2025-03-27,10,0,0
R03,SKU-1112,2025-03-28,30,0,0
R03,SKU-1112,03/29/2025,31,1,0
R03,SKU-1112,2025-03-30,22,0,0
R03,SKU-1112,31-Mar-25,18,1,0
R03,SKU-1175,03/01/2025,12,1,0
R03,SKU-1175,03/02/2025,26,0,0
R03,SKU-1175,2025-03-03,24,0,0
R03,SKU-1175,03/04/2025,23,1,0
R03,SKU-1175,05-Mar-25,21,1,0
R03,SKU-1175,2025-03-06,29,0,0
R03,SKU-1175,2025-03-07,16,0,1
R03,SKU-1175,03/08/2025,16,0,0
R03,SKU-1175,03/09/2025,23,0,0
R03,SKU-1175,10-Mar-25,20,0,0
R03,SKU-1175,03/11/2025,16,1,0
R03,SKU-1175,2025-03-12,27,1,1
R03,SKU-1175,2025-03-13,20,0,0
R03,SKU-1175,03/14/2025,25,0,0
R03,SKU-1175,2025-03-15,18,1,0
R03,SKU-1175,2025-03-16,23,0,1
R03,SKU-1175,2025-03-17,23,1,0
R03,SKU-1175,2025-03-18,17,1,0
R03,SKU-1175,2025-03-19,19,0,0
R03,SKU-1175,03/20/2025,18,0,0
R03,SKU-1175,03/21/2025,17,0,0
R03,SKU-1175,2025-03-22,22,0,0
R03,SKU-1175,2025-03-23,25,1,0
R03,SKU-1175,2025-03-24,18,0,0
R03,SKU-1175,2025-03-25,24,0,0
R03,SKU-1175,03/26/2025,18,0,0
R03,SKU-1175,27-Mar-25,28,0,0
R03,SKU-1175,03/28/2025,24,1,0
R03,SKU-1175,2025-03-29,13,0,0
R03,SKU-1175,2025-03-30,23,0,0
R03,SKU-1175,2025-03-31,21,1,1
R03,SKU-1259,2025-03-01,29,0,1
R03,SKU-1259,03/02/2025,24,0,1
R03,SKU-1259,2025-03-03,34,0,1
R03,SKU-1259,2025-03-04,19,1,0
R03,SKU-1259,2025-03-05,39,0,0
R03,SKU-1259,2025-03-06,33,0,0
R03,SKU-1259,07-Mar-25,33,0,0
R03,SKU-1259,2025-03-08,28,1,0
R03,SKU-1259,2025-03-09,30,1,0
R03,SKU-1259,2025-03-10,46,0,0
R03,SKU-1259,2025-03-11,28,0,0
R03,SKU-1259,2025-03-12,23,0,1
R03,SKU-1259,03/13/2025,23,0,1
R03,SKU-1259,2025-03-14,34,2,0
R03,SKU-1259,2025-03-15,24,1,1
R03,SKU-1259,2025-03-16,40,0,0
R03,SKU-1259,2025-03-17,33,1,0
R03,SKU-1259,2025-03-18,26,0,0
R03,SKU-1259,2025-03-19,20,2,0
R03,SKU-1259,2025-03-20,27,1,0
R03,SKU-1259,2025-03-21,25,0,0
R03,SKU-1259,2025-03-22,27,0,0
R03,SKU-1259,2025-03-23,27,0,1
R03,SKU-1259,2025-03-24,35,0,0
R03,SKU-1259,2025-03-25,26,0,0
R03,SKU-1259,2025-03-26,34,1,0
R03,SKU-1259,2025-03-27,27,0,0
R03,SKU-1259,2025-03-28,35,0,0
R03,SKU-1259,29-Mar-25,20,0,0
R03,SKU-1259,2025-03-30,27,0,0
R03,SKU-1259,03/31/2025,34,0,0
R03,SKU-1182,03/01/2025,10,1,0
R03,SKU-1182,2025-03-02,4,0,0
R03,SKU-1182,2025-03-03,3,0,0
R03,SKU-1182,04-Mar-25,6,0,0
R03,SKU-1182,2025-03-05,5,0,0
R03,SKU-1182,2025-03-06,4,0,1
R03,SKU-1182,03/07/2025,2,1,0
R03,SKU-1182,2025-03-08,8,0,0
R03,SKU-1182,2025-03-09,8,0,0
R03,SKU-1182,10-Mar-25,4,1,0
R03,SKU-1182,11-Mar-25,7,0,0
R03,SKU-1182,2025-03-12,5,1,0
R03,SKU-1182,2025-03-13,5,0,0
R03,SKU-1182,2025-03-14,1,0,0
R03,SKU-1182,2025-03-15,6,0,0
R03,SKU-1182,2025-03-16,3,0,1
R03,SKU-1182,03/17/2025,5,0,0
R03,SKU-1182,2025-03-18,2,0,0
R03,SKU-1182,03/19/2025,2,1,0
R03,SKU-1182,03/20/2025,2,0,0
R03,SKU-1182,03/21/2025,3,0,1
R03,SKU-1182,2025-03-22,8,0,0
R03,SKU-1182,2025-03-23,1,2,0
R03,SKU-1182,2025-03-24,7,0,0
R03,SKU-1182,25-Mar-25,8,0,0
R03,SKU-1182,2025-03-26,5,0,0
R03,SKU-1182,2025-03-27,7,0,0
R03,SKU-1182,28-Mar-25,4,0,0
R03,SKU-1182,29-Mar-25,2,1,0
R03,SKU-1182,03/30/2025,3,0,0
R03,SKU-1182,2025-03-31,11,1,0
R03,SKU-1266,2025-03-01,36,2,0
R03,SKU-1266,2025-03-02,38,1,0
R03,SKU-1266,2025-03-03,25,0,0
R03,SKU-1266,2025-03-04,31,0,0
R03,SKU-1266,05-Mar-25,28,0,0
R03,SKU-1266,03/06/2025,23,0,1
R03,SKU-1266,2025-03-07,33,0,0
R03,SKU-1266,2025-03-08,38,1,0
R03,SKU-1266,09-Mar-25,37,3,0
R03,SKU-1266,03/10/2025,30,0,0
R03,SKU-1266,2025-03-11,31,2,0
R03,SKU-1266,03/12/2025,31,0,1
R03,SKU-1266,03/13/2025,32,1,0
R03,SKU-1266,03/14/2025,27,0,0
R03,SKU-1266,03/15/2025,29,0,0
R03,SKU-1266,2025-03-16,30,0,0
R03,SKU-1266,03/17/2025,25,1,0
R03,SKU-1266,2025-03-18,30,0,0
R03,SKU-1266,2025-03-19,24,0,0
R03,SKU-1266,2025-03-20,26,0,0
R03,SKU-1266,2025-03-21,33,0,0
R03,SKU-1266,03/22/2025,34,0,0
R03,SKU-1266,2025-03-23,26,1,0
R03,SKU-1266,03/24/2025,26,0,0
R03,SKU-1266,25-Mar-25,28,2,0
R03,SKU-1266,03/26/2025,24,0,0
R03,SKU-1266,2025-03-27,19,0,0
R03,SKU-1266,2025-03-28,33,1,0
R03,SKU-1266,2025-03-29,21,0,0
R03,SKU-1266,2025-03-30,28,1,0
R03,SKU-1266,03/31/2025,26,0,0
R03,SKU-1077,2025-03-01,18,0,0
R03,SKU-1077,2025-03-02,25,0,0
R03,SKU-1077,2025-03-03,20,2,0
R03,SKU-1077,2025-03-04,12,0,0
R03,SKU-1077,2025-03-05,17,0,0
R03,SKU-1077,2025-03-06,19,0,0
R03,SKU-1077,2025-03-07,13,1,0
R03,SKU-1077,2025-03-08,13,0,0
R03,SKU-1077,03/09/2025,19,1,1
R03,SKU-1077,2025-03-10,9,0,0
R03,SKU-1077,11-Mar-25,17,0,0
R03,SKU-1077,03/12/2025,14,1,1
R03,SKU-1077,2025-03-13,14,1,0
R03,SKU-1077,03/14/2025,19,1,0
R03,SKU-1077,03/15/2025,16,0,0
R03,SKU-1077,16-Mar-25,13,0,0
R03,SKU-1077,03/17/2025,14,0,0
R03,SKU-1077,2025-03-18,22,0,0
R03,SKU-1077,19-Mar-25,24,0,0
R03,SKU-1077,2025-03-20,12,0,0
R03,SKU-1077,03/21/2025,15,0,0
R03,SKU-1077,22-Mar-25,17,1,0
R03,SKU-1077,2025-03-23,18,0,0
R03,SKU-1077,24-Mar-25,16,1,1
R03,SKU-1077,2025-03-25,10,2,0
R03,SKU-1077,2025-03-26,13,0,0
R03,SKU-1077,27-Mar-25,17,0,0
R03,SKU-1077,2025-03-28,18,1,0
R03,SKU-1077,29-Mar-25,14,2,1
R03,SKU-1077,2025-03-30,18,0,0
R03,SKU-1077,2025-03-31,18,0,0
R03,SKU-1280,03/01/2025,27,0,0
R03,SKU-1280,2025-03-02,26,1,0
R03,SKU-1280,03/03/2025,34,0,0
R03,SKU-1280,2025-03-04,30,0,0
R03,SKU-1280,2025-03-05,20,0,0
R03,SKU-1280,2025-03-06,28,1,0
R03,SKU-1280,2025-03-07,26,0,0
R03,SKU-1280,2025-03-08,19,0,0
R03,SKU-1280,2025-03-09,33,0,0
R03,SKU-1280,2025-03-10,32,0,0
R03,SKU-1280,2025-03-11,27,0,1
R03,SKU-1280,12-Mar-25,23,1,1
R03,SKU-1280,03/13/2025,34,0,0
R03,SKU-1280,2025-03-14,26,1,1
R03,SKU-1280,2025-03-15,21,0,0
R03,SKU-1280,2025-03-16,26,0,0
R03,SKU-1280,2025-03-17,24,1,0
R03,SKU-1280,03/18/2025,30,0,1
R03,SKU-1280,2025-03-19,21,0,0
R03,SKU-1280,2025-03-20,33,0,1
R03,SKU-1280,2025-03-21,19,1,0
R03,SKU-1280,03/22/2025,30,1,0
R03,SKU-1280,2025-03-23,27,0,0
R03,SKU-1280,03/24/2025,26,0,0
R03,SKU-1280,2025-03-25,26,0,0
R03,SKU-1280,2025-03-26,24,0,1
R03,SKU-1280,03/27/2025,20,0,0
R03,SKU-1280,28-Mar-25,23,0,0
R03,SKU-1280,2025-03-29,26,0,0
R03,SKU-1280,2025-03-30,24,0,0
R03,SKU-1280,2025-03-31,19,0,0
R03,SKU-1238,2025-03-01,28,0,0
R03,SKU-1238,02-Mar-25,24,0,0
R03,SKU-1238,2025-03-03,24,0,0
R03,SKU-1238,03/04/2025,26,1,0
R03,SKU-1238,2025-03-05,19,0,0
R03,SKU-1238,2025-03-06,22,0,1
R03,SKU-1238,2025-03-07,25,0,0
R03,SKU-1238,08-Mar-25,22,2,0
R03,SKU-1238,2025-03-09,27,0,0
R03,SKU-1238,2025-03-10,22,0,0
R03,SKU-1238,03/11/2025,27,0,0
R03,SKU-1238,03/12/2025,19,0,0
R03,SKU-1238,2025-03-13,32,0,1
R03,SKU-1238,14-Mar-25,20,1,0
R03,SKU-1238,2025-03-15,26,0,1
R03,SKU-1238,2025-03-16,28,0,0
R03,SKU-1238,03/17/2025,34,0,1
R03,SKU-1238,2025-03-18,19,0,0
R03,SKU-1238,03/19/2025,31,0,0
R03,SKU-1238,03/20/2025,27,0,0
R03,SKU-1238,21-Mar-25,29,0,0
R03,SKU-1238,2025-03-22,31,0,0
R03,SKU-1238,2025-03-23,37,1,0
R03,SKU-1238,2025-03-24,32,0,0
R03,SKU-1238,2025-03-25,19,0,0
R03,SKU-1238,2025-03-26,32,1,0
R03,SKU-1238,2025-03-27,27,0,0
R03,SKU-1238,2025-03-28,35,0,0
R03,SKU-1238,2025-03-29,25,0,0
R03,SKU-1238,03/30/2025,21,1,0
R03,SKU-1238,2025-03-31,25,0,0
R03,SKU-1217,01-Mar-25,9,2,0
R03,SKU-1217,2025-03-02,8,0,0
R03,SKU-1217,2025-03-03,20,0,0
R03,SKU-1217,04-Mar-25,13,0,0
R03,SKU-1217,2025-03-05,6,0,1
R03,SKU-1217,2025-03-06,15,0,0
R03,SKU-1217,07-Mar-25,10,0,0
R03,SKU-1217,2025-03-08,10,0,0
R03,SKU-1217,2025-03-09,9,0,0
R03,SKU-1217,2025-03-10,13,0,0
R03,SKU-1217,11-Mar-25,9,0,0
R03,SKU-1217,03/12/2025,8,1,0
R03,SKU-1217,03/13/2025,14,0,0
R03,SKU-1217,03/14/2025,17,1,0
R03,SKU-1217,2025-03-15,11,0,1
R03,SKU-1217,16-Mar-25,18,0,0
R03,SKU-1217,2025-03-17,11,2,0
R03,SKU-1217,03/18/2025,10,1,0
R03,SKU-1217,03/19/2025,12,0,1
R03,SKU-1217,2025-03-20,17,2,0
R03,SKU-1217,21-Mar-25,15,0,0
R03,SKU-1217,03/22/2025,22,1,0
R03,SKU-1217,03/23/2025,10,0,0
R03,SKU-1217,2025-03-24,7,0,0
R03,SKU-1217,2025-03-25,9,0,0
R03,SKU-1217,26-Mar-25,16,1,0
R03,SKU-1217,2025-03-27,15,0,0
R03,SKU-1217,2025-03-28,8,0,0
R03,SKU-1217,29-Mar-25,11,1,0
R03,SKU-1217,2025-03-30,6,1,0
R03,SKU-1217,2025-03-31,9,1,1
R04,SKU-1056,2025-03-01,4,0,0
R04,SKU-1056,2025-03-02,3,1,0
R04,SKU-1056,2025-03-03,3,0,0
R04,SKU-1056,2025-03-04,3,0,0
R04,SKU-1056,05-Mar-25,8,0,0
R04,SKU-1056,2025-03-06,8,1,0
R04,SKU-1056,03/07/2025,7,0,0
R04,SKU-1056,2025-03-08,6,0,1
R04,SKU-1056,2025-03-09,6,1,0
R04,SKU-1056,2025-03-10,3,0,0
R04,SKU-1056,2025-03-11,9,0,1
R04,SKU-1056,12-Mar-25,4,1,0
R04,SKU-1056,2025-03-13,1,0,0
R04,SKU-1056,2025-03-14,2,1,0
R04,SKU-1056,03/15/2025,5,0,1
R04,SKU-1056,2025-03-16,9,0,0
R04,SKU-1056,2025-03-17,4,1,0
R04,SKU-1056,03/18/2025,3,0,0
R04,SKU-1056,2025-03-19,5,0,0
R04,SKU-1056,2025-03-20,5,1,0
R04,SKU-1056,2025-03-21,3,2,0
R04,SKU-1056,2025-03-22,5,3,0
R04,SKU-1056,2025-03-23,3,0,0
R04,SKU-1056,2025-03-24,5,0,0
R04,SKU-1056,2025-03-25,4,0,0
R04,SKU-1056,2025-03-26,3,1,0
R04,SKU-1056,2025-03-27,6,0,0
R04,SKU-1056,03/28/2025,8,0,0
R04,SKU-1056,2025-03-29,3,0,0
R04,SKU-1056,2025-03-30,7,0,0
R04,SKU-1056,03/31/2025,4,1,0
R04,SKU-1231,2025-03-01,34,1,0
R04,SKU-1231,02-Mar-25,29,0,0
R04,SKU-1231,2025-03-03,20,0,1
R04,SKU-1231,03/04/2025,23,0,0
R04,SKU-1231,2025-03-05,27,0,0
R04,SKU-1231,06-Mar-25,31,0,1
R04,SKU-1231,2025-03-07,27,1,0
R04,SKU-1231,08-Mar-25,32,0,1
R04,SKU-1231,2025-03-09,18,0,0
R04,SKU-1231,03/10/2025,34,0,1
R04,SKU-1231,2025-03-11,21,3,0
R04,SKU-1231,03/12/2025,34,0,0
R04,SKU-1231,2025-03-13,27,2,0
R04,SKU-1231,2025-03-14,20,0,0
R04,SKU-1231,2025-03-15,27,0,0
R04,SKU-1231,03/16/2025,28,1,0
R04,SKU-1231,17-Mar-25,23,1,0
R04,SKU-1231,2025-03-18,24,1,1
R04,SKU-1231,2025-03-19,33,0,0
R04,SKU-1231,2025-03-20,29,0,0
R04,SKU-1231,03/21/2025,26,0,0
R04,SKU-1231,03/22/2025,25,0,0
R04,SKU-1231,23-Mar-25,32,1,0
R04,SKU-1231,2025-03-24,33,0,0
R04,SKU-1231,03/25/2025,29,0,0
R04,SKU-1231,26-Mar-25,32,0,0
R04,SKU-1231,03/27/2025,26,1,0
R04,SKU-1231,2025-03-28,29,1,0
R04,SKU-1231,2025-03-29,16,0,0
R04,SKU-1231,2025-03-30,25,0,0
R04,SKU-1231,03/31/2025,32,0,1
R04,SKU-1077,2025-03-01,38,0,0
R04,SKU-1077,2025-03-02,28,0,0
R04,SKU-1077,03-Mar-25,23,0,0
R04,SKU-1077,2025-03-04,22,1,0
R04,SKU-1077,2025-03-05,28,0,0
R04,SKU-1077,06-Mar-25,27,1,1
R04,SKU-1077,2025-03-07,31,0,1
R04,SKU-1077,03/08/2025,29,0,0
R04,SKU-1077,2025-03-09,29,0,0
R04,SKU-1077,03/10/2025,32,2,0
R04,SKU-1077,2025-03-11,31,1,0
R04,SKU-1077,03/12/2025,19,0,0
R04,SKU-1077,2025-03-13,33,0,1
R04,SKU-1077,14-Mar-25,22,0,0
R04,SKU-1077,2025-03-15,30,1,0
R04,SKU-1077,2025-03-16,28,2,0
R04,SKU-1077,2025-03-17,26,1,0
R04,SKU-1077,18-Mar-25,24,1,0
R04,SKU-1077,2025-03-19,24,1,1
R04,SKU-1077,03/20/2025,30,0,1
R04,SKU-1077,2025-03-21,32,1,0
R04,SKU-1077,2025-03-22,24,1,0
R04,SKU-1077,03/23/2025,37,0,0
R04,SKU-1077,2025-03-24,24,0,0
R04,SKU-1077,2025-03-25,19,0,0
R04,SKU-1077,2025-03-26,24,0,0
R04,SKU-1077,2025-03-27,28,2,0
R04,SKU-1077,2025-03-28,28,0,0
R04,SKU-1077,2025-03-29,34,0,0
R04,SKU-1077,2025-03-30,21,0,0
R04,SKU-1077,03/31/2025,34,0,0
R04,SKU-1021,03/01/2025,25,0,0
R04,SKU-1021,2025-03-02,21,1,0
R04,SKU-1021,03/03/2025,31,1,0
R04,SKU-1021,2025-03-04,41,0,0
R04,SKU-1021,2025-03-05,21,2,0
R04,SKU-1021,2025-03-06,19,0,0
R04,SKU-1021,03/07/2025,23,1,0
R04,SKU-1021,03/08/2025,25,0,0
R04,SKU-1021,03/09/2025,30,0,0
R04,SKU-1021,03/10/2025,27,0,0
R04,SKU-1021,11-Mar-25,16,1,1
R04,SKU-1021,12-Mar-25,22,0,0
R04,SKU-1021,2025-03-13,39,0,0
R04,SKU-1021,03/14/2025,16,0,0
R04,SKU-1021,03/15/2025,23,0,1
R04,SKU-1021,2025-03-16,35,1,0
R04,SKU-1021,2025-03-17,23,0,0
R04,SKU-1021,2025-03-18,25,0,0
R04,SKU-1021,03/19/2025,24,0,0
R04,SKU-1021,03/20/2025,26,0,0
R04,SKU-1021,2025-03-21,26,1,0
R04,SKU-1021,2025-03-22,27,0,0
R04,SKU-1021,2025-03-23,34,0,0
R04,SKU-1021,2025-03-24,31,0,0
R04,SKU-1021,2025-03-25,19,0,1
R04,SKU-1021,26-Mar-25,28,1,1
R04,SKU-1021,03/27/2025,25,0,0
R04,SKU-1021,2025-03-28,26,0,0
R04,SKU-1021,03/29/2025,25,1,0
R04,SKU-1021,03/30/2025,31,0,0
R04,SKU-1021,2025-03-31,22,0,0
R04,SKU-1028,2025-03-01,8,0,0
R04,SKU-1028,2025-03-02,8,1,0
R04,SKU-1028,2025-03-03,9,0,0
R04,SKU-1028,2025-03-04,6,0,0
R04,SKU-1028,2025-03-05,11,2,0
R04,SKU-1028,03/06/2025,16,1,0
R04,SKU-1028,07-Mar-25,3,0,0
R04,SKU-1028,03/08/2025,11,1,0
R04,SKU-1028,2025-03-09,13,0,0
R04,SKU-1028,03/10/2025,12,0,0
R04,SKU-1028,03/11/2025,6,0,0
R04,SKU-1028,2025-03-12,10,1,0
R04,SKU-1028,2025-03-13,12,1,0
R04,SKU-1028,2025-03-14,6,0,0
R04,SKU-1028,03/15/2025,8,2,1
R04,SKU-1028,2025-03-16,7,0,0
R04,SKU-1028,17-Mar-25,14,0,0
R04,SKU-1028,2025-03-18,17,0,0
R04,SKU-1028,03/19/2025,11,0,0
R04,SKU-1028,2025-03-20,10,1,0
R04,SKU-1028,2025-03-21,12,0,0
R04,SKU-1028,03/22/2025,7,1,0
R04,SKU-1028,03/23/2025,12,0,0
R04,SKU-1028,2025-03-24,12,1,0
R04,SKU-1028,2025-03-25,11,1,1
R04,SKU-1028,03/26/2025,8,0,0
R04,SKU-1028,2025-03-27,13,0,0
R04,SKU-1028,2025-03-28,13,0,0
R04,SKU-1028,03/29/2025,13,0,0
R04,SKU-1028,2025-03-30,7,1,0
R04,SKU-1028,03/31/2025,10,0,0
R04,SKU-1035,01-Mar-25,14,0,1
R04,SKU-1035,03/02/2025,9,0,0
R04,SKU-1035,2025-03-03,10,0,0
R04,SKU-1035,2025-03-04,12,0,0
R04,SKU-1035,2025-03-05,11,2,0
R04,SKU-1035,2025-03-06,10,0,0
R04,SKU-1035,2025-03-07,14,0,0
R04,SKU-1035,2025-03-08,12,1,0
R04,SKU-1035,09-Mar-25,15,3,0
R04,SKU-1035,2025-03-10,7,0,0
R04,SKU-1035,2025-03-11,7,1,0
R04,SKU-1035,2025-03-12,14,0,0
R04,SKU-1035,2025-03-13,6,1,1
R04,SKU-1035,2025-03-14,11,0,0
R04,SKU-1035,03/15/2025,15,0,0
R04,SKU-1035,03/16/2025,13,0,1
R04,SKU-1035,03/17/2025,16,1,0
R04,SKU-1035,2025-03-18,13,0,0
R04,SKU-1035,2025-03-19,15,1,0
R04,SKU-1035,03/20/2025,13,1,0
R04,SKU-1035,03/21/2025,13,0,0
R04,SKU-1035,03/22/2025,19,0,0
R04,SKU-1035,03/23/2025,15,0,1
R04,SKU-1035,03/24/2025,10,1,0
R04,SKU-1035,25-Mar-25,11,0,0
R04,SKU-1035,26-Mar-25,18,1,0
R04,SKU-1035,2025-03-27,11,0,0
R04,SKU-1035,28-Mar-25,13,0,0
R04,SKU-1035,2025-03-29,15,0,0
R04,SKU-1035,2025-03-30,11,0,0
R04,SKU-1035,2025-03-31,13,2,0
R04,SKU-1182,2025-03-01,19,0,0
R04,SKU-1182,03/02/2025,26,0,0
R04,SKU-1182,2025-03-03,22,0,0
R04,SKU-1182,2025-03-04,16,0,0
R04,SKU-1182,2025-03-05,18,0,0
R04,SKU-1182,2025-03-06,21,0,0
R04,SKU-1182,2025-03-07,22,1,0
R04,SKU-1182,03/08/2025,17,0,0
R04,SKU-1182,2025-03-09,16,0,0
R04,SKU-1182,03/10/2025,23,0,0
R04,SKU-1182,03/11/2025,18,2,0
R04,SKU-1182,2025-03-12,21,3,0
R04,SKU-1182,2025-03-13,25,1,0
R04,SKU-1182,14-Mar-25,29,2,0
R04,SKU-1182,2025-03-15,24,0,0
R04,SKU-1182,2025-03-16,13,0,0
R04,SKU-1182,2025-03-17,16,1,0
R04,SKU-1182,2025-03-18,20,1,0
R04,SKU-1182,2025-03-19,14,0,0
R04,SKU-1182,2025-03-20,28,0,0
R04,SKU-1182,2025-03-21,25,1,0
R04,SKU-1182,22-Mar-25,22,0,0
R04,SKU-1182,2025-03-23,23,1,0
R04,SKU-1182,03/24/2025,17,0,0
R04,SKU-1182,2025-03-25,20,0,0
R04,SKU-1182,2025-03-26,31,2,0
R04,SKU-1182,2025-03-27,18,1,0
R04,SKU-1182,2025-03-28,22,2,0
R04,SKU-1182,29-Mar-25,21,0,0
R04,SKU-1182,2025-03-30,17,0,0
R04,SKU-1182,03/31/2025,19,0,0
R04,SKU-1238,2025-03-01,5,1,0
R04,SKU-1238,03/02/2025,5,1,0
R04,SKU-1238,03-Mar-25,10,1,0
R04,SKU-1238,2025-03-04,4,1,0
R04,SKU-1238,05-Mar-25,5,0,0
R04,SKU-1238,06-Mar-25,8,0,0
R04,SKU-1238,03/07/2025,8,2,0
R04,SKU-1238,03/08/2025,7,0,0
R04,SKU-1238,2025-03-09,9,0,0
R04,SKU-1238,2025-03-10,1,2,0
R04,SKU-1238,2025-03-11,5,0,0
R04,SKU-1238,2025-03-12,5,0,0
R04,SKU-1238,03/13/2025,8,0,0
R04,SKU-1238,14-Mar-25,5,0,1
R04,SKU-1238,2025-03-15,16,0,0
R04,SKU-1238,2025-03-16,5,0,0
R04,SKU-1238,17-Mar-25,6,0,1
R04,SKU-1238,2025-03-18,2,0,0
R04,SKU-1238,03/19/2025,9,0,0
R04,SKU-1238,2025-03-20,4,0,0
R04,SKU-1238,2025-03-21,4,1,0
R04,SKU-1238,2025-03-22,6,1,0
R04,SKU-1238,2025-03-23,3,0,0
R04,SKU-1238,2025-03-24,12,1,0
R04,SKU-1238,2025-03-25,8,0,0
R04,SKU-1238,03/26/2025,5,0,0
R04,SKU-1238,03/27/2025,5,0,1
R04,SKU-1238,03/28/2025,8,0,0
R04,SKU-1238,29-Mar-25,5,0,0
R04,SKU-1238,2025-03-30,9,0,0
R04,SKU-1238,2025-03-31,7,1,1
R04,SKU-1280,2025-03-01,38,0,0
R04,SKU-1280,2025-03-02,25,1,0
R04,SKU-1280,2025-03-03,25,0,0
R04,SKU-1280,2025-03-04,25,0,0
R04,SKU-1280,2025-03-05,22,0,0
R04,SKU-1280,03/06/2025,25,1,0
R04,SKU-1280,2025-03-07,24,0,0
R04,SKU-1280,2025-03-08,27,2,0
R04,SKU-1280,09-Mar-25,25,0,0
R04,SKU-1280,2025-03-10,31,0,0
R04,SKU-1280,2025-03-11,29,0,0
R04,SKU-1280,03/12/2025,28,0,0
R04,SKU-1280,2025-03-13,23,0,0
R04,SKU-1280,14-Mar-25,35,0,0
R04,SKU-1280,2025-03-15,18,0,0
R04,SKU-1280,03/16/2025,23,0,0
R04,SKU-1280,17-Mar-25,30,0,0
R04,SKU-1280,18-Mar-25,23,0,0
R04,SKU-1280,03/19/2025,37,1,0
R04,SKU-1280,2025-03-20,27,0,0
R04,SKU-1280,03/21/2025,35,1,1
R04,SKU-1280,2025-03-22,23,0,0
R04,SKU-1280,03/23/2025,22,0,0
R04,SKU-1280,2025-03-24,30,0,0
R04,SKU-1280,2025-03-25,31,0,0
R04,SKU-1280,03/26/2025,23,0,1
R04,SKU-1280,2025-03-27,27,0,1
R04,SKU-1280,2025-03-28,26,0,1
R04,SKU-1280,29-Mar-25,23,1,0
R04,SKU-1280,2025-03-30,28,0,0
R04,SKU-1280,03/31/2025,28,0,0
R04,SKU-1273,2025-03-01,9,0,0
R04,SKU-1273,2025-03-02,9,4,0
R04,SKU-1273,2025-03-03,10,0,0
R04,SKU-1273,2025-03-04,9,2,0
R04,SKU-1273,2025-03-05,6,0,0
R04,SKU-1273,2025-03-06,8,0,0
R04,SKU-1273,2025-03-07,11,0,0
R04,SKU-1273,2025-03-08,8,2,0
R04,SKU-1273,2025-03-09,10,0,1
R04,SKU-1273,03/10/2025,6,0,0
R04,SKU-1273,11-Mar-25,11,0,0
R04,SKU-1273,12-Mar-25,9,0,0
R04,SKU-1273,03/13/2025,8,1,0
R04,SKU-1273,2025-03-14,7,0,0
R04,SKU-1273,2025-03-15,10,1,0
R04,SKU-1273,2025-03-16,6,0,0
R04,SKU-1273,2025-03-17,5,0,1
R04,SKU-1273,2025-03-18,7,1,0
R04,SKU-1273,2025-03-19,8,1,0
R04,SKU-1273,03/20/2025,7,0,0
R04,SKU-1273,2025-03-21,12,1,0
R04,SKU-1273,2025-03-22,5,0,0
R04,SKU-1273,03/23/2025,9,1,0
R04,SKU-1273,2025-03-24,6,1,0
R04,SKU-1273,2025-03-25,6,1,0
R04,SKU-1273,2025-03-26,6,0,1
R04,SKU-1273,27-Mar-25,7,1,1
R04,SKU-1273,2025-03-28,7,0,1
R04,SKU-1273,2025-03-29,3,0,0
R04,SKU-1273,03/30/2025,3,0,0
R04,SKU-1273,2025-03-31,4,0,1
R04,SKU-1091,2025-03-01,11,0,0
R04,SKU-1091,2025-03-02,5,0,0
R04,SKU-1091,03-Mar-25,6,0,1
R04,SKU-1091,2025-03-04,12,0,0
R04,SKU-1091,2025-03-05,8,0,0
R04,SKU-1091,03/06/2025,10,0,1
R04,SKU-1091,2025-03-07,7,0,0
R04,SKU-1091,2025-03-08,10,1,0
R04,SKU-1091,03/09/2025,8,0,0
R04,SKU-1091,2025-03-10,7,0,0
R04,SKU-1091,2025-03-11,7,0,0
R04,SKU-1091,12-Mar-25,15,1,0
R04,SKU-1091,2025-03-13,10,0,0
R04,SKU-1091,2025-03-14,10,0,1
R04,SKU-1091,2025-03-15,9,0,0
R04,SKU-1091,2025-03-16,6,0,0
R04,SKU-1091,2025-03-17,10,0,0
R04,SKU-1091,03/18/2025,11,0,0
R04,SKU-1091,2025-03-19,6,0,0
R04,SKU-1091,2025-03-20,13,1,0
R04,SKU-1091,21-Mar-25,13,0,1
R04,SKU-1091,03/22/2025,10,0,0
R04,SKU-1091,23-Mar-25,10,0,1
R04,SKU-1091,2025-03-24,5,0,0
R04,SKU-1091,2025-03-25,9,0,0
R04,SKU-1091,2025-03-26,6,0,0
R04,SKU-1091,2025-03-27,10,0,0
R04,SKU-1091,03/28/2025,6,0,0
R04,SKU-1091,2025-03-29,10,0,0
R04,SKU-1091,30-Mar-25,4,0,0
R04,SKU-1091,2025-03-31,12,3,0
R04,SKU-1210,2025-03-01,33,0,0
R04,SKU-1210,02-Mar-25,46,1,0
R04,SKU-1210,03/03/2025,38,0,0
R04,SKU-1210,2025-03-04,29,0,0
R04,SKU-1210,05-Mar-25,27,0,0
R04,SKU-1210,06-Mar-25,38,0,0
R04,SKU-1210,2025-03-07,39,0,0
R04,SKU-1210,2025-03-08,34,0,0
R04,SKU-1210,03/09/2025,30,0,1
R04,SKU-1210,2025-03-10,38,0,0
R04,SKU-1210,2025-03-11,29,1,0
R04,SKU-1210,2025-03-12,32,0,0
R04,SKU-1210,2025-03-13,51,0,0
R04,SKU-1210,2025-03-14,33,1,0
R04,SKU-1210,2025-03-15,49,0,0
R04,SKU-1210,2025-03-16,42,1,0
R04,SKU-1210,03/17/2025,28,0,0
R04,SKU-1210,03/18/2025,28,1,0
R04,SKU-1210,03/19/2025,29,0,0
R04,SKU-1210,2025-03-20,29,1,0
R04,SKU-1210,2025-03-21,35,0,0
R04,SKU-1210,2025-03-22,24,2,0
R04,SKU-1210,2025-03-23,21,0,0
R04,SKU-1210,2025-03-24,30,0,0
R04,SKU-1210,03/25/2025,37,0,0
R04,SKU-1210,2025-03-26,28,0,0
R04,SKU-1210,03/27/2025,48,1,0
R04,SKU-1210,2025-03-28,35,1,0
R04,SKU-1210,2025-03-29,40,1,0
R04,SKU-1210,03/30/2025,32,0,0
R04,SKU-1210,2025-03-31,28,0,0
R04,SKU-1266,2025-03-01,7,0,0
R04,SKU-1266,2025-03-02,5,0,0
R04,SKU-1266,03/03/2025,6,0,0
R04,SKU-1266,2025-03-04,8,0,0
R04,SKU-1266,2025-03-05,8,0,0
R04,SKU-1266,2025-03-06,4,0,0
R04,SKU-1266,07-Mar-25,11,2,0
R04,SKU-1266,08-Mar-25,8,0,0
R04,SKU-1266,2025-03-09,6,0,0
R04,SKU-1266,2025-03-10,12,1,0
R04,SKU-1266,2025-03-11,9,0,0
R04,SKU-1266,2025-03-12,6,1,0
R04,SKU-1266,03/13/2025,5,0,0
R04,SKU-1266,2025-03-14,3,1,0
R04,SKU-1266,2025-03-15,9,1,0
R04,SKU-1266,03/16/2025,3,0,0
R04,SKU-1266,03/17/2025,5,0,0
R04,SKU-1266,2025-03-18,7,0,0
R04,SKU-1266,2025-03-19,6,0,0
R04,SKU-1266,2025-03-20,3,0,0
R04,SKU-1266,2025-03-21,12,0,0
R04,SKU-1266,2025-03-22,8,0,0
R04,SKU-1266,2025-03-23,3,0,0
R04,SKU-1266,2025-03-24,8,0,0
R04,SKU-1266,25-Mar-25,6,0,0
R04,SKU-1266,03/26/2025,11,0,1
R04,SKU-1266,2025-03-27,5,0,0
R04,SKU-1266,2025-03-28,10,1,0
R04,SKU-1266,29-Mar-25,9,1,1
R04,SKU-1266,2025-03-30,7,0,0
R04,SKU-1266,2025-03-31,3,0,0
R04,SKU-1259,2025-03-01,8,1,0
R04,SKU-1259,02-Mar-25,12,0,0
R04,SKU-1259,2025-03-03,7,1,0
R04,SKU-1259,2025-03-04,4,0,0
R04,SKU-1259,2025-03-05,4,0,0
R04,SKU-1259,03/06/2025,6,0,0
R04,SKU-1259,03/07/2025,5,0,0
R04,SKU-1259,08-Mar-25,6,1,0
R04,SKU-1259,2025-03-09,11,0,0
R04,SKU-1259,2025-03-10,12,0,0
R04,SKU-1259,2025-03-11,12,0,1
R04,SKU-1259,2025-03-12,11,1,0
R04,SKU-1259,2025-03-13,7,0,0
R04,SKU-1259,2025-03-14,10,1,1
R04,SKU-1259,2025-03-15,7,0,0
R04,SKU-1259,2025-03-16,10,1,1
R04,SKU-1259,2025-03-17,6,0,0
R04,SKU-1259,2025-03-18,12,0,1
R04,SKU-1259,19-Mar-25,7,0,0
R04,SKU-1259,2025-03-20,6,0,0
R04,SKU-1259,03/21/2025,7,0,0
R04,SKU-1259,2025-03-22,9,0,0
R04,SKU-1259,2025-03-23,7,2,0
R04,SKU-1259,2025-03-24,10,0,0
R04,SKU-1259,2025-03-25,6,0,0
R04,SKU-1259,2025-03-26,3,0,0
R04,SKU-1259,2025-03-27,6,1,0
R04,SKU-1259,2025-03-28,6,0,0
R04,SKU-1259,2025-03-29,6,0,1
R04,SKU-1259,2025-03-30,14,1,0
R04,SKU-1259,03/31/2025,6,0,0
R04,SKU-1133,01-Mar-25,4,1,1
R04,SKU-1133,2025-03-02,2,0,0
R04,SKU-1133,2025-03-03,2,0,0
R04,SKU-1133,2025-03-04,4,0,0
R04,SKU-1133,2025-03-05,2,2,0
R04,SKU-1133,03/06/2025,6,0,0
R04,SKU-1133,03/07/2025,3,1,0
R04,SKU-1133,2025-03-08,7,0,0
R04,SKU-1133,2025-03-09,2,0,1
R04,SKU-1133,2025-03-10,4,0,0
R04,SKU-1133,2025-03-11,6,1,0
R04,SKU-1133,03/12/2025,2,0,1
R04,SKU-1133,2025-03-13,5,0,1
R04,SKU-1133,2025-03-14,4,0,0
R04,SKU-1133,2025-03-15,7,1,0
R04,SKU-1133,2025-03-16,6,0,0
R04,SKU-1133,17-Mar-25,5,2,0
R04,SKU-1133,2025-03-18,6,0,0
R04,SKU-1133,2025-03-19,9,0,0
R04,SKU-1133,2025-03-20,11,0,0
R04,SKU-1133,2025-03-21,4,0,0
R04,SKU-1133,2025-03-22,7,0,1
R04,SKU-1133,2025-03-23,7,1,0
R04,SKU-1133,2025-03-24,13,0,0
R04,SKU-1133,2025-03-25,7,1,0
R04,SKU-1133,26-Mar-25,9,0,0
R04,SKU-1133,2025-03-27,6,2,0
R04,SKU-1133,28-Mar-25,6,1,0
R04,SKU-1133,2025-03-29,2,4,0
R04,SKU-1133,2025-03-30,6,0,0
R04,SKU-1133,2025-03-31,5,1,0
R04,SKU-1126,2025-03-01,8,0,0
R04,SKU-1126,2025-03-02,10,1,0
R04,SKU-1126,2025-03-03,12,0,0
R04,SKU-1126,03/04/2025,8,0,0
R04,SKU-1126,03/05/2025,11,1,0
R04,SKU-1126,06-Mar-25,10,0,0
R04,SKU-1126,2025-03-07,12,0,0
R04,SKU-1126,03/08/2025,8,1,0
R04,SKU-1126,2025-03-09,7,0,0
R04,SKU-1126,10-Mar-25,11,1,0
R04,SKU-1126,2025-03-11,10,0,0
R04,SKU-1126,03/12/2025,17,0,0
R04,SKU-1126,2025-03-13,12,0,0
R04,SKU-1126,2025-03-14,12,1,0
R04,SKU-1126,2025-03-15,12,0,0
R04,SKU-1126,2025-03-16,13,0,1
R04,SKU-1126,2025-03-17,11,1,0
R04,SKU-1126,2025-03-18,10,0,0
R04,SKU-1126,19-Mar-25,12,1,0
R04,SKU-1126,2025-03-20,12,0,1
R04,SKU-1126,03/21/2025,16,0,0
R04,SKU-1126,03/22/2025,9,0,0
R04,SKU-1126,03/23/2025,12,1,0
R04,SKU-1126,03/24/2025,13,0,0
R04,SKU-1126,03/25/2025,16,2,0
R04,SKU-1126,2025-03-26,17,1,0
R04,SKU-1126,2025-03-27,17,0,0
R04,SKU-1126,2025-03-28,10,1,0
R04,SKU-1126,2025-03-29,11,0,0
R04,SKU-1126,2025-03-30,14,0,0
R04,SKU-1126,31-Mar-25,11,1,0
R04,SKU-1175,2025-03-01,20,0,0
R04,SKU-1175,03/02/2025,7,0,0
R04,SKU-1175,2025-03-03,12,0,1
R04,SKU-1175,2025-03-04,14,1,0
R04,SKU-1175,2025-03-05,17,2,0
R04,SKU-1175,2025-03-06,9,0,1
R04,SKU-1175,2025-03-07,8,1,0
R04,SKU-1175,2025-03-08,14,4,0
R04,SKU-1175,2025-03-09,10,0,0
R04,SKU-1175,2025-03-10,14,0,1
R04,SKU-1175,03/11/2025,11,0,0
R04,SKU-1175,03/12/2025,10,0,0
R04,SKU-1175,13-Mar-25,20,0,0
R04,SKU-1175,03/14/2025,11,1,0
R04,SKU-1175,2025-03-15,10,1,1
R04,SKU-1175,16-Mar-25,12,0,0
R04,SKU-1175,2025-03-17,22,0,0
R04,SKU-1175,03/18/2025,12,0,0
R04,SKU-1175,2025-03-19,12,1,0
R04,SKU-1175,2025-03-20,10,0,0
R04,SKU-1175,03/21/2025,19,2,0
R04,SKU-1175,2025-03-22,13,1,0
R04,SKU-1175,2025-03-23,17,0,0
R04,SKU-1175,2025-03-24,12,0,0
R04,SKU-1175,03/25/2025,8,1,0
R04,SKU-1175,2025-03-26,19,0,0
R04,SKU-1175,03/27/2025,10,0,0
R04,SKU-1175,2025-03-28,16,1,0
R04,SKU-1175,03/29/2025,8,0,0
R04,SKU-1175,30-Mar-25,8,0,0
R04,SKU-1175,31-Mar-25,15,2,0
R04,SKU-1098,2025-03-01,15,0,0
R04,SKU-1098,2025-03-02,16,1,1
R04,SKU-1098,2025-03-03,16,1,0
R04,SKU-1098,03/04/2025,20,0,1
R04,SKU-1098,2025-03-05,20,1,0
R04,SKU-1098,03/06/2025,13,1,0
R04,SKU-1098,2025-03-07,22,0,0
R04,SKU-1098,2025-03-08,23,0,0
R04,SKU-1098,2025-03-09,21,1,1
R04,SKU-1098,10-Mar-25,20,2,0
R04,SKU-1098,2025-03-11,13,1,0
R04,SKU-1098,03/12/2025,24,1,0
R04,SKU-1098,2025-03-13,23,2,0
R04,SKU-1098,03/14/2025,13,0,1
R04,SKU-1098,2025-03-15,21,0,0
R04,SKU-1098,03/16/2025,19,0,0
R04,SKU-1098,17-Mar-25,19,0,0
R04,SKU-1098,2025-03-18,20,0,0
R04,SKU-1098,2025-03-19,22,0,0
R04,SKU-1098,2025-03-20,24,0,0
R04,SKU-1098,03/21/2025,19,0,0
R04,SKU-1098,2025-03-22,21,0,0
R04,SKU-1098,2025-03-23,16,0,0
R04,SKU-1098,2025-03-24,20,0,0
R04,SKU-1098,25-Mar-25,25,0,0
R04,SKU-1098,03/26/2025,19,0,1
R04,SKU-1098,2025-03-27,15,0,0
R04,SKU-1098,03/28/2025,21,0,0
R04,SKU-1098,2025-03-29,15,2,0
R04,SKU-1098,03/30/2025,25,0,0
R04,SKU-1098,03/31/2025,27,0,0
R04,SKU-1196,03/01/2025,13,0,0
R04,SKU-1196,2025-03-02,10,0,0
R04,SKU-1196,2025-03-03,11,0,1
R04,SKU-1196,2025-03-04,11,1,0
R04,SKU-1196,03/05/2025,16,0,0
R04,SKU-1196,03/06/2025,18,1,0
R04,SKU-1196,07-Mar-25,10,0,0
R04,SKU-1196,2025-03-08,21,0,0
R04,SKU-1196,2025-03-09,10,0,0
R04,SKU-1196,2025-03-10,12,0,0
R04,SKU-1196,2025-03-11,11,0,0
R04,SKU-1196,03/12/2025,9,0,0
R04,SKU-1196,03/13/2025,23,2,0
R04,SKU-1196,03/14/2025,16,0,1
R04,SKU-1196,2025-03-15,14,0,0
R04,SKU-1196,16-Mar-25,18,0,0
R04,SKU-1196,03/17/2025,15,0,0
R04,SKU-1196,2025-03-18,11,0,0
R04,SKU-1196,19-Mar-25,14,1,0
R04,SKU-1196,03/20/2025,9,0,1
R04,SKU-1196,2025-03-21,16,2,1
R04,SKU-1196,03/22/2025,14,0,0
R04,SKU-1196,2025-03-23,13,0,0
R04,SKU-1196,2025-03-24,18,0,0
R04,SKU-1196,2025-03-25,15,1,0
R04,SKU-1196,2025-03-26,10,0,0
R04,SKU-1196,2025-03-27,15,0,0
R04,SKU-1196,2025-03-28,15,0,0
R04,SKU-1196,2025-03-29,21,0,0
R04,SKU-1196,2025-03-30,21,1,1
R04,SKU-1196,2025-03-31,13,0,0
R04,SKU-1189,01-Mar-25,32,1,0
R04,SKU-1189,2025-03-02,28,0,0
R04,SKU-1189,2025-03-03,43,0,0
R04,SKU-1189,04-Mar-25,26,0,0
R04,SKU-1189,2025-03-05,33,0,0
R04,SKU-1189,03/06/2025,30,1,1
R04,SKU-1189,03/07/2025,35,1,0
R04,SKU-1189,03/08/2025,27,0,0
R04,SKU-1189,2025-03-09,29,1,0
R04,SKU-1189,2025-03-10,23,2,0
R04,SKU-1189,03/11/2025,27,1,0
R04,SKU-1189,2025-03-12,23,1,0
R04,SKU-1189,2025-03-13,28,1,1
R04,SKU-1189,2025-03-14,31,0,0
R04,SKU-1189,2025-03-15,21,0,0
R04,SKU-1189,2025-03-16,27,1,1
R04,SKU-1189,17-Mar-25,30,2,0
R04,SKU-1189,2025-03-18,35,0,0
R04,SKU-1189,2025-03-19,27,0,0
R04,SKU-1189,03/20/2025,31,0,0
R04,SKU-1189,2025-03-21,32,0,0
R04,SKU-1189,03/22/2025,21,1,1
R04,SKU-1189,2025-03-23,31,1,0
R04,SKU-1189,03/24/2025,18,1,0
R04,SKU-1189,2025-03-25,24,0,0
R04,SKU-1189,03/26/2025,29,0,0
R04,SKU-1189,03/27/2025,33,0,1
R04,SKU-1189,2025-03-28,26,0,0
R04,SKU-1189,03/29/2025,25,1,0
R04,SKU-1189,2025-03-30,16,0,0
R04,SKU-1189,2025-03-31,25,0,0
R04,SKU-1168,03/01/2025,17,0,1
R04,SKU-1168,2025-03-02,18,0,0
R04,SKU-1168,03-Mar-25,19,0,0
R04,SKU-1168,2025-03-04,16,0,0
R04,SKU-1168,2025-03-05,18,0,0
R04,SKU-1168,2025-03-06,19,1,0
R04,SKU-1168,2025-03-07,17,0,0
R04,SKU-1168,08-Mar-25,22,0,1
R04,SKU-1168,2025-03-09,15,0,0
R04,SKU-1168,03/10/2025,20,0,0
R04,SKU-1168,11-Mar-25,28,0,0
R04,SKU-1168,2025-03-12,33,0,0
R04,SKU-1168,2025-03-13,31,0,1
R04,SKU-1168,03/14/2025,22,1,1
R04,SKU-1168,2025-03-15,21,0,0
R04,SKU-1168,2025-03-16,16,0,0
R04,SKU-1168,2025-03-17,17,1,0
R04,SKU-1168,2025-03-18,16,1,0
R04,SKU-1168,03/19/2025,28,0,0
R04,SKU-1168,20-Mar-25,33,0,0
R04,SKU-1168,2025-03-21,25,1,0
R04,SKU-1168,2025-03-22,30,0,0
R04,SKU-1168,2025-03-23,27,0,0
R04,SKU-1168,2025-03-24,19,0,0
R04,SKU-1168,03/25/2025,15,0,0
R04,SKU-1168,26-Mar-25,28,0,0
R04,SKU-1168,03/27/2025,21,0,0
R04,SKU-1168,03/28/2025,33,0,0
R04,SKU-1168,2025-03-29,25,0,0
R04,SKU-1168,2025-03-30,21,0,0
R04,SKU-1168,2025-03-31,28,1,1
R04,SKU-1105,01-Mar-25,9,2,1
R04,SKU-1105,2025-03-02,10,0,1
R04,SKU-1105,2025-03-03,5,0,0
R04,SKU-1105,2025-03-04,7,1,0
R04,SKU-1105,2025-03-05,5,0,0
R04,SKU-1105,2025-03-06,15,1,0
R04,SKU-1105,2025-03-07,7,0,0
R04,SKU-1105,2025-03-08,9,0,0
R04,SKU-1105,09-Mar-25,13,0,0
R04,SKU-1105,2025-03-10,7,1,0
R04,SKU-1105,2025-03-11,15,0,0
R04,SKU-1105,2025-03-12,4,0,0
R04,SKU-1105,2025-03-13,5,1,0
R04,SKU-1105,14-Mar-25,8,0,0
R04,SKU-1105,03/15/2025,10,0,1
R04,SKU-1105,2025-03-16,10,0,0
R04,SKU-1105,03/17/2025,14,0,0
R04,SKU-1105,2025-03-18,9,1,1
R04,SKU-1105,2025-03-19,9,1,0
R04,SKU-1105,20-Mar-25,9,1,0
R04,SKU-1105,2025-03-21,9,0,0
R04,SKU-1105,2025-03-22,5,0,0
R04,SKU-1105,03/23/2025,16,0,0
R04,SKU-1105,03/24/2025,5,1,0
R04,SKU-1105,2025-03-25,9,0,0
R04,SKU-1105,03/26/2025,11,1,0
R04,SKU-1105,2025-03-27,7,0,0
R04,SKU-1105,03/28/2025,6,0,0
R04,SKU-1105,2025-03-29,6,2,0
R04,SKU-1105,2025-03-30,7,0,0
R04,SKU-1105,2025-03-31,8,1,0
R04,SKU-1161,2025-03-01,13,0,0
R04,SKU-1161,03/02/2025,10,0,1
R04,SKU-1161,2025-03-03,14,0,0
R04,SKU-1161,03/04/2025,17,0,0
R04,SKU-1161,2025-03-05,13,0,0
R04,SKU-1161,03/06/2025,15,0,0
R04,SKU-1161,2025-03-07,14,1,0
R04,SKU-1161,2025-03-08,12,2,1
R04,SKU-1161,09-Mar-25,14,0,0
R04,SKU-1161,10-Mar-25,15,2,0
R04,SKU-1161,2025-03-11,15,0,0
R04,SKU-1161,2025-03-12,17,1,0
R04,SKU-1161,2025-03-13,22,0,0
R04,SKU-1161,03/14/2025,18,0,0
R04,SKU-1161,2025-03-15,15,0,0
R04,SKU-1161,2025-03-16,15,0,1
R04,SKU-1161,03/17/2025,22,0,1
R04,SKU-1161,18-Mar-25,15,0,0
R04,SKU-1161,2025-03-19,11,0,0
R04,SKU-1161,2025-03-20,15,0,0
R04,SKU-1161,21-Mar-25,19,1,0
R04,SKU-1161,03/22/2025,20,0,0
R04,SKU-1161,23-Mar-25,23,0,0
R04,SKU-1161,2025-03-24,14,1,0
R04,SKU-1161,2025-03-25,11,0,0
R04,SKU-1161,2025-03-26,16,0,0
R04,SKU-1161,2025-03-27,16,1,0
R04,SKU-1161,03/28/2025,17,0,0
R04,SKU-1161,2025-03-29,18,1,1
R04,SKU-1161,30-Mar-25,21,0,0
R04,SKU-1161,2025-03-31,13,0,0
R04,SKU-1112,2025-03-01,6,1,0
R04,SKU-1112,2025-03-02,4,1,0
R04,SKU-1112,2025-03-03,9,0,1
R04,SKU-1112,2025-03-04,5,0,1
R04,SKU-1112,03/05/2025,11,1,0
R04,SKU-1112,03/06/2025,11,0,0
R04,SKU-1112,07-Mar-25,6,0,0
R04,SKU-1112,03/08/2025,10,1,0
R04,SKU-1112,2025-03-09,14,1,0
R04,SKU-1112,2025-03-10,11,0,0
R04,SKU-1112,2025-03-11,12,0,0
R04,SKU-1112,03/12/2025,10,0,0
R04,SKU-1112,2025-03-13,9,0,0
R04,SKU-1112,2025-03-14,4,0,0
R04,SKU-1112,15-Mar-25,4,1,0
R04,SKU-1112,2025-03-16,5,1,0
R04,SKU-1112,2025-03-17,6,0,1
R04,SKU-1112,03/18/2025,7,1,0
R04,SKU-1112,2025-03-19,8,1,0
R04,SKU-1112,2025-03-20,7,0,0
R04,SKU-1112,03/21/2025,8,0,0
R04,SKU-1112,2025-03-22,5,0,0
R04,SKU-1112,23-Mar-25,5,0,0
R04,SKU-1112,03/24/2025,8,1,0
R04,SKU-1112,03/25/2025,13,1,0
R04,SKU-1112,2025-03-26,6,0,0
R04,SKU-1112,2025-03-27,14,0,0
R04,SKU-1112,03/28/2025,8,0,0
R04,SKU-1112,2025-03-29,6,0,0
R04,SKU-1112,2025-03-30,6,0,0
R04,SKU-1112,31-Mar-25,7,0,0
R05,SKU-1112,01-Mar-25,23,2,0
R05,SKU-1112,03/02/2025,16,0,0
R05,SKU-1112,2025-03-03,22,1,0
R05,SKU-1112,03/04/2025,24,0,0
R05,SKU-1112,05-Mar-25,21,1,0
R05,SKU-1112,03/06/2025,18,0,0
R05,SKU-1112,2025-03-07,23,1,0
R05,SKU-1112,2025-03-08,14,0,0
R05,SKU-1112,03/09/2025,22,0,0
R05,SKU-1112,2025-03-10,33,0,0
R05,SKU-1112,03/11/2025,24,0,0
R05,SKU-1112,2025-03-12,19,1,0
R05,SKU-1112,2025-03-13,26,0,0
R05,SKU-1112,03/14/2025,16,0,0
R05,SKU-1112,2025-03-15,22,0,0
R05,SKU-1112,03/16/2025,30,1,0
R05,SKU-1112,2025-03-17,24,0,0
R05,SKU-1112,03/18/2025,21,1,0
R05,SKU-1112,03/19/2025,30,0,0
R05,SKU-1112,2025-03-20,19,1,0
R05,SKU-1112,03/21/2025,19,0,0
R05,SKU-1112,2025-03-22,24,0,0
R05,SKU-1112,2025-03-23,25,0,0
R05,SKU-1112,2025-03-24,17,2,0
R05,SKU-1112,03/25/2025,25,0,0
R05,SKU-1112,26-Mar-25,19,1,0
R05,SKU-1112,2025-03-27,22,0,0
R05,SKU-1112,2025-03-28,17,0,0
R05,SKU-1112,03/29/2025,18,0,0
R05,SKU-1112,03/30/2025,22,0,1
R05,SKU-1112,03/31/2025,24,0,0
R05,SKU-1133,03/01/2025,19,1,1
R05,SKU-1133,03/02/2025,24,0,0
R05,SKU-1133,2025-03-03,22,0,0
R05,SKU-1133,03/04/2025,15,0,0
R05,SKU-1133,2025-03-05,24,0,0
R05,SKU-1133,03/06/2025,24,1,0
R05,SKU-1133,2025-03-07,23,0,0
R05,SKU-1133,08-Mar-25,19,1,0
R05,SKU-1133,03/09/2025,31,0,1
R05,SKU-1133,10-Mar-25,18,0,0
R05,SKU-1133,2025-03-11,26,0,0
R05,SKU-1133,2025-03-12,17,1,0
R05,SKU-1133,2025-03-13,30,0,0
R05,SKU-1133,14-Mar-25,26,0,0
R05,SKU-1133,2025-03-15,24,0,0
R05,SKU-1133,2025-03-16,18,0,0
R05,SKU-1133,03/17/2025,24,0,0
R05,SKU-1133,2025-03-18,31,1,0
R05,SKU-1133,03/19/2025,21,0,0
R05,SKU-1133,2025-03-20,36,0,0
R05,SKU-1133,2025-03-21,30,0,0
R05,SKU-1133,2025-03-22,23,1,0
R05,SKU-1133,23-Mar-25,18,0,0
R05,SKU-1133,2025-03-24,23,0,0
R05,SKU-1133,03/25/2025,25,0,0
R05,SKU-1133,2025-03-26,31,1,0
R05,SKU-1133,2025-03-27,21,0,0
R05,SKU-1133,2025-03-28,19,1,0
R05,SKU-1133,29-Mar-25,35,0,0
R05,SKU-1133,2025-03-30,19,1,0
R05,SKU-1133,03/31/2025,33,1,0
R05,SKU-1028,2025-03-01,6,0,0
R05,SKU-1028,03/02/2025,4,0,0
R05,SKU-1028,2025-03-03,5,1,0
R05,SKU-1028,2025-03-04,8,1,0
R05,SKU-1028,03/05/2025,6,0,0
R05,SKU-1028,2025-03-06,3,0,0
R05,SKU-1028,03/07/2025,7,0,0
R05,SKU-1028,2025-03-08,7,0,0
R05,SKU-1028,2025-03-09,2,0,0
R05,SKU-1028,2025-03-10,5,1,0
R05,SKU-1028,03/11/2025,4,1,0
R05,SKU-1028,12-Mar-25,2,1,0
R05,SKU-1028,2025-03-13,5,2,0
R05,SKU-1028,03/14/2025,5,1,0
R05,SKU-1028,03/15/2025,6,1,0
R05,SKU-1028,16-Mar-25,8,0,0
R05,SKU-1028,03/17/2025,3,0,0
R05,SKU-1028,03/18/2025,3,0,0
R05,SKU-1028,2025-03-19,7,1,0
R05,SKU-1028,2025-03-20,10,0,0
R05,SKU-1028,2025-03-21,8,0,0
R05,SKU-1028,22-Mar-25,12,1,0
R05,SKU-1028,2025-03-23,3,1,1
R05,SKU-1028,03/24/2025,8,0,0
R05,SKU-1028,2025-03-25,4,0,0
R05,SKU-1028,2025-03-26,1,0,0
R05,SKU-1028,2025-03-27,10,0,1
R05,SKU-1028,28-Mar-25,6,0,0
R05,SKU-1028,2025-03-29,3,2,1
R05,SKU-1028,2025-03-30,8,0,0
R05,SKU-1028,2025-03-31,4,0,0
R05,SKU-1126,03/01/2025,21,0,1
R05,SKU-1126,2025-03-02,17,0,0
R05,SKU-1126,2025-03-03,19,0,0
R05,SKU-1126,2025-03-04,15,1,0
R05,SKU-1126,2025-03-05,12,0,0
R05,SKU-1126,2025-03-06,14,0,0
R05,SKU-1126,07-Mar-25,19,0,0
R05,SKU-1126,2025-03-08,23,0,0
R05,SKU-1126,2025-03-09,15,0,0
R05,SKU-1126,2025-03-10,20,1,0
R05,SKU-1126,2025-03-11,10,1,0
R05,SKU-1126,03/12/2025,12,1,0
R05,SKU-1126,03/13/2025,14,0,1
R05,SKU-1126,2025-03-14,13,0,0
R05,SKU-1126,2025-03-15,21,1,0
R05,SKU-1126,03/16/2025,25,0,0
R05,SKU-1126,2025-03-17,20,0,0
R05,SKU-1126,2025-03-18,18,0,1
R05,SKU-1126,03/19/2025,19,0,0
R05,SKU-1126,2025-03-20,11,0,0
R05,SKU-1126,03/21/2025,11,0,0
R05,SKU-1126,22-Mar-25,14,2,0
R05,SKU-1126,23-Mar-25,19,0,0
R05,SKU-1126,03/24/2025,20,0,0
R05,SKU-1126,03/25/2025,15,0,0
R05,SKU-1126,2025-03-26,18,0,0
R05,SKU-1126,03/27/2025,12,0,0
R05,SKU-1126,2025-03-28,20,1,0
R05,SKU-1126,03/29/2025,12,2,0
R05,SKU-1126,2025-03-30,21,0,0
R05,SKU-1126,03/31/2025,12,0,1
R05,SKU-1077,03/01/2025,25,1,1
R05,SKU-1077,2025-03-02,17,0,0
R05,SKU-1077,2025-03-03,25,0,0
R05,SKU-1077,04-Mar-25,22,1,0
R05,SKU-1077,2025-03-05,16,0,0
R05,SKU-1077,06-Mar-25,22,0,0
R05,SKU-1077,2025-03-07,33,1,0
R05,SKU-1077,2025-03-08,30,1,0
R05,SKU-1077,09-Mar-25,25,0,0
R05,SKU-1077,2025-03-10,33,0,1
R05,SKU-1077,11-Mar-25,28,0,0
R05,SKU-1077,2025-03-12,24,2,0
R05,SKU-1077,2025-03-13,22,2,0
R05,SKU-1077,2025-03-14,31,0,0
R05,SKU-1077,2025-03-15,29,0,0
R05,SKU-1077,03/16/2025,21,0,0
R05,SKU-1077,03/17/2025,18,1,0
R05,SKU-1077,2025-03-18,17,0,0
R05,SKU-1077,2025-03-19,28,0,1
R05,SKU-1077,2025-03-20,19,0,0
R05,SKU-1077,21-Mar-25,26,0,0
R05,SKU-1077,03/22/2025,26,1,0
R05,SKU-1077,2025-03-23,23,0,0
R05,SKU-1077,24-Mar-25,31,0,0
R05,SKU-1077,25-Mar-25,25,0,0
R05,SKU-1077,2025-03-26,33,1,0
R05,SKU-1077,2025-03-27,21,1,1
R05,SKU-1077,03/28/2025,25,2,1
R05,SKU-1077,03/29/2025,21,0,0
R05,SKU-1077,2025-03-30,12,0,0
R05,SKU-1077,2025-03-31,23,1,0
R05,SKU-1196,2025-03-01,25,0,0
R05,SKU-1196,2025-03-02,33,1,0
R05,SKU-1196,2025-03-03,28,0,0
R05,SKU-1196,04-Mar-25,27,1,0
R05,SKU-1196,2025-03-05,36,0,0
R05,SKU-1196,2025-03-06,32,0,0
R05,SKU-1196,07-Mar-25,28,0,0
R05,SKU-1196,08-Mar-25,26,1,0
R05,SKU-1196,09-Mar-25,23,0,1
R05,SKU-1196,10-Mar-25,34,0,0
R05,SKU-1196,11-Mar-25,29,1,1
R05,SKU-1196,03/12/2025,27,0,0
R05,SKU-1196,03/13/2025,33,0,0
R05,SKU-1196,03/14/2025,33,1,0
R05,SKU-1196,2025-03-15,25,0,0
R05,SKU-1196,2025-03-16,24,0,0
R05,SKU-1196,17-Mar-25,28,0,0
R05,SKU-1196,03/18/2025,27,0,0
R05,SKU-1196,2025-03-19,34,0,0
R05,SKU-1196,03/20/2025,39,0,0
R05,SKU-1196,03/21/2025,25,3,0
R05,SKU-1196,2025-03-22,33,0,0
R05,SKU-1196,2025-03-23,34,1,0
R05,SKU-1196,2025-03-24,28,0,0
R05,SKU-1196,2025-03-25,34,2,0
R05,SKU-1196,2025-03-26,26,0,0
R05,SKU-1196,2025-03-27,29,1,0
R05,SKU-1196,2025-03-28,31,1,0
R05,SKU-1196,03/29/2025,28,0,0
R05,SKU-1196,2025-03-30,26,0,0
R05,SKU-1196,03/31/2025,36,0,1
R05,SKU-1056,2025-03-01,22,1,0
R05,SKU-1056,02-Mar-25,31,1,0
R05,SKU-1056,2025-03-03,19,0,0
R05,SKU-1056,2025-03-04,21,1,0
R05,SKU-1056,03/05/2025,33,0,0
R05,SKU-1056,03/06/2025,34,0,1
R05,SKU-1056,2025-03-07,28,0,0
R05,SKU-1056,08-Mar-25,24,0,0
R05,SKU-1056,2025-03-09,34,0,0
R05,SKU-1056,2025-03-10,27,0,0
R05,SKU-1056,2025-03-11,35,1,1
R05,SKU-1056,03/12/2025,32,0,0
R05,SKU-1056,2025-03-13,37,0,0
R05,SKU-1056,2025-03-14,28,0,0
R05,SKU-1056,2025-03-15,32,0,0
R05,SKU-1056,16-Mar-25,38,0,0
R05,SKU-1056,17-Mar-25,27,0,0
R05,SKU-1056,03/18/2025,33,0,0
R05,SKU-1056,19-Mar-25,47,0,0
R05,SKU-1056,2025-03-20,25,1,0
R05,SKU-1056,2025-03-21,27,0,0
R05,SKU-1056,03/22/2025,31,0,0
R05,SKU-1056,2025-03-23,25,2,0
R05,SKU-1056,2025-03-24,28,0,0
R05,SKU-1056,2025-03-25,46,0,0
R05,SKU-1056,26-Mar-25,30,0,0
R05,SKU-1056,2025-03-27,34,0,0
R05,SKU-1056,03/28/2025,27,1,0
R05,SKU-1056,03/29/2025,38,1,0
R05,SKU-1056,2025-03-30,40,0,0
R05,SKU-1056,03/31/2025,37,2,0
R05,SKU-1280,01-Mar-25,14,2,0
R05,SKU-1280,2025-03-02,19,0,0
R05,SKU-1280,03-Mar-25,16,1,0
R05,SKU-1280,2025-03-04,12,1,0
R05,SKU-1280,05-Mar-25,21,1,0
R05,SKU-1280,06-Mar-25,5,0,0
R05,SKU-1280,07-Mar-25,9,0,1
R05,SKU-1280,2025-03-08,13,1,0
R05,SKU-1280,2025-03-09,15,1,0
R05,SKU-1280,2025-03-10,13,0,0
R05,SKU-1280,03/11/2025,12,0,0
R05,SKU-1280,2025-03-12,11,0,0
R05,SKU-1280,2025-03-13,6,0,0
R05,SKU-1280,03/14/2025,13,1,0
R05,SKU-1280,2025-03-15,15,0,0
R05,SKU-1280,2025-03-16,17,0,0
R05,SKU-1280,03/17/2025,14,0,0
R05,SKU-1280,2025-03-18,13,0,0
R05,SKU-1280,03/19/2025,15,0,0
R05,SKU-1280,2025-03-20,14,0,1
R05,SKU-1280,21-Mar-25,9,1,0
R05,SKU-1280,2025-03-22,10,0,0
R05,SKU-1280,2025-03-23,11,0,0
R05,SKU-1280,2025-03-24,7,1,0
R05,SKU-1280,03/25/2025,15,1,0
R05,SKU-1280,03/26/2025,11,2,0
R05,SKU-1280,03/27/2025,11,0,1
R05,SKU-1280,2025-03-28,15,1,1
R05,SKU-1280,03/29/2025,13,0,0
R05,SKU-1280,2025-03-30,13,1,0
R05,SKU-1280,03/31/2025,10,0,0
R05,SKU-1147,2025-03-01,6,0,0
R05,SKU-1147,2025-03-02,4,0,0
R05,SKU-1147,2025-03-03,4,0,0
R05,SKU-1147,03/04/2025,7,0,0
R05,SKU-1147,03/05/2025,5,0,0
R05,SKU-1147,2025-03-06,8,1,0
R05,SKU-1147,03/07/2025,5,2,1
R05,SKU-1147,2025-03-08,6,0,0
R05,SKU-1147,2025-03-09,5,0,0
R05,SKU-1147,03/10/2025,6,0,0
R05,SKU-1147,2025-03-11,6,0,0
R05,SKU-1147,2025-03-12,6,0,0
R05,SKU-1147,2025-03-13,5,0,0
R05,SKU-1147,2025-03-14,4,0,0
R05,SKU-1147,15-Mar-25,8,0,0
R05,SKU-1147,2025-03-16,6,2,0
R05,SKU-1147,03/17/2025,8,0,0
R05,SKU-1147,2025-03-18,6,1,0
R05,SKU-1147,03/19/2025,5,0,0
R05,SKU-1147,20-Mar-25,4,0,0
R05,SKU-1147,2025-03-21,6,0,1
R05,SKU-1147,03/22/2025,6,1,0
R05,SKU-1147,2025-03-23,9,2,0
R05,SKU-1147,2025-03-24,10,0,0
R05,SKU-1147,2025-03-25,6,1,1
R05,SKU-1147,2025-03-26,8,1,0
R05,SKU-1147,2025-03-27,9,0,0
R05,SKU-1147,2025-03-28,6,0,0
R05,SKU-1147,2025-03-29,6,0,0
R05,SKU-1147,03/30/2025,10,0,0
R05,SKU-1147,2025-03-31,5,1,0
R05,SKU-1273,03/01/2025,20,1,0
R05,SKU-1273,2025-03-02,25,1,0
R05,SKU-1273,03-Mar-25,17,1,0
R05,SKU-1273,2025-03-04,22,0,0
R05,SKU-1273,03/05/2025,16,1,0
R05,SKU-1273,2025-03-06,10,0,0
R05,SKU-1273,07-Mar-25,20,0,1
R05,SKU-1273,08-Mar-25,25,0,1
R05,SKU-1273,2025-03-09,16,0,0
R05,SKU-1273,2025-03-10,22,1,0
R05,SKU-1273,03/11/2025,26,1,0
R05,SKU-1273,03/12/2025,17,0,0
R05,SKU-1273,2025-03-13,23,0,0
R05,SKU-1273,2025-03-14,25,2,0
R05,SKU-1273,2025-03-15,19,0,0
R05,SKU-1273,2025-03-16,13,0,0
R05,SKU-1273,2025-03-17,19,0,0
R05,SKU-1273,2025-03-18,17,1,0
R05,SKU-1273,2025-03-19,31,0,0
R05,SKU-1273,2025-03-20,20,0,0
R05,SKU-1273,21-Mar-25,25,1,0
R05,SKU-1273,22-Mar-25,26,2,0
R05,SKU-1273,2025-03-23,21,0,0
R05,SKU-1273,24-Mar-25,24,0,0
R05,SKU-1273,25-Mar-25,27,0,0
R05,SKU-1273,03/26/2025,16,1,0
R05,SKU-1273,2025-03-27,17,0,0
R05,SKU-1273,28-Mar-25,17,0,0
R05,SKU-1273,2025-03-29,20,1,0
R05,SKU-1273,03/30/2025,20,1,0
R05,SKU-1273,31-Mar-25,30,0,0
R05,SKU-1105,03/01/2025,14,0,0
R05,SKU-1105,2025-03-02,20,1,0
R05,SKU-1105,2025-03-03,12,0,0
R05,SKU-1105,2025-03-04,22,1,0
R05,SKU-1105,2025-03-05,14,0,0
R05,SKU-1105,2025-03-06,18,1,0
R05,SKU-1105,03/07/2025,17,0,0
R05,SKU-1105,2025-03-08,15,1,0
R05,SKU-1105,2025-03-09,13,0,1
R05,SKU-1105,2025-03-10,14,1,0
R05,SKU-1105,03/11/2025,11,0,0
R05,SKU-1105,2025-03-12,20,1,0
R05,SKU-1105,03/13/2025,24,3,0
R05,SKU-1105,2025-03-14,10,1,1
R05,SKU-1105,03/15/2025,8,0,0
R05,SKU-1105,03/16/2025,17,0,0
R05,SKU-1105,2025-03-17,17,1,1
R05,SKU-1105,2025-03-18,14,0,0
R05,SKU-1105,2025-03-19,7,0,0
R05,SKU-1105,03/20/2025,20,0,0
R05,SKU-1105,2025-03-21,16,0,0
R05,SKU-1105,2025-03-22,12,0,0
R05,SKU-1105,2025-03-23,13,0,0
R05,SKU-1105,24-Mar-25,12,0,0
R05,SKU-1105,03/25/2025,13,0,0
R05,SKU-1105,03/26/2025,20,0,0
R05,SKU-1105,03/27/2025,19,1,1
R05,SKU-1105,03/28/2025,19,0,0
R05,SKU-1105,2025-03-29,13,0,0
R05,SKU-1105,2025-03-30,16,0,0
R05,SKU-1105,2025-03-31,15,0,0
R05,SKU-1007,01-Mar-25,21,1,0
R05,SKU-1007,2025-03-02,24,0,1
R05,SKU-1007,03/03/2025,26,0,0
R05,SKU-1007,2025-03-04,20,0,0
R05,SKU-1007,2025-03-05,24,1,0
R05,SKU-1007,03/06/2025,21,1,0
R05,SKU-1007,2025-03-07,19,0,0
R05,SKU-1007,2025-03-08,24,0,0
R05,SKU-1007,2025-03-09,27,0,0
R05,SKU-1007,03/10/2025,23,1,1
R05,SKU-1007,2025-03-11,16,1,0
R05,SKU-1007,2025-03-12,23,0,0
R05,SKU-1007,2025-03-13,28,0,0
R05,SKU-1007,2025-03-14,18,1,0
R05,SKU-1007,2025-03-15,27,0,0
R05,SKU-1007,03/16/2025,22,0,0
R05,SKU-1007,03/17/2025,35,0,0
R05,SKU-1007,2025-03-18,20,0,1
R05,SKU-1007,03/19/2025,18,1,0
R05,SKU-1007,20-Mar-25,21,2,0
R05,SKU-1007,03/21/2025,27,0,0
R05,SKU-1007,22-Mar-25,20,0,0
R05,SKU-1007,2025-03-23,21,0,0
R05,SKU-1007,03/24/2025,15,3,0
R05,SKU-1007,2025-03-25,23,1,1
R05,SKU-1007,26-Mar-25,25,0,1
R05,SKU-1007,2025-03-27,17,2,0
R05,SKU-1007,2025-03-28,16,0,0
R05,SKU-1007,2025-03-29,26,1,0
R05,SKU-1007,2025-03-30,20,0,0
R05,SKU-1007,2025-03-31,17,1,0
R05,SKU-1098,03/01/2025,37,0,0
R05,SKU-1098,2025-03-02,34,0,0
R05,SKU-1098,03/03/2025,30,0,0
R05,SKU-1098,2025-03-04,29,1,0
R05,SKU-1098,05-Mar-25,38,0,0
R05,SKU-1098,06-Mar-25,25,0,1
R05,SKU-1098,07-Mar-25,25,1,0
R05,SKU-1098,03/08/2025,29,0,0
R05,SKU-1098,2025-03-09,18,1,0
R05,SKU-1098,03/10/2025,33,0,0
R05,SKU-1098,11-Mar-25,27,0,0
R05,SKU-1098,03/12/2025,26,0,0
R05,SKU-1098,2025-03-13,28,0,0
R05,SKU-1098,14-Mar-25,31,0,0
R05,SKU-1098,2025-03-15,34,0,0
R05,SKU-1098,03/16/2025,34,0,0
R05,SKU-1098,2025-03-17,34,0,0
R05,SKU-1098,2025-03-18,29,0,0
R05,SKU-1098,2025-03-19,34,1,0
R05,SKU-1098,2025-03-20,38,0,0
R05,SKU-1098,2025-03-21,37,1,0
R05,SKU-1098,03/22/2025,19,0,0
R05,SKU-1098,03/23/2025,39,1,0
R05,SKU-1098,2025-03-24,23,1,0
R05,SKU-1098,2025-03-25,19,0,0
R05,SKU-1098,03/26/2025,40,0,0
R05,SKU-1098,03/27/2025,30,0,0
R05,SKU-1098,03/28/2025,36,0,0
R05,SKU-1098,2025-03-29,39,0,1
R05,SKU-1098,2025-03-30,47,0,0
R05,SKU-1098,03/31/2025,31,1,0
R05,SKU-1035,2025-03-01,3,0,1
R05,SKU-1035,2025-03-02,9,1,0
R05,SKU-1035,2025-03-03,10,0,0
R05,SKU-1035,03/04/2025,4,0,0
R05,SKU-1035,2025-03-05,10,0,0
R05,SKU-1035,03/06/2025,7,0,0
R05,SKU-1035,2025-03-07,6,0,0
R05,SKU-1035,2025-03-08,4,0,0
R05,SKU-1035,2025-03-09,7,1,0
R05,SKU-1035,2025-03-10,8,0,0
R05,SKU-1035,2025-03-11,5,0,0
R05,SKU-1035,2025-03-12,6,0,1
R05,SKU-1035,2025-03-13,11,0,0
R05,SKU-1035,03/14/2025,6,0,0
R05,SKU-1035,03/15/2025,3,1,1
R05,SKU-1035,2025-03-16,3,1,0
R05,SKU-1035,2025-03-17,8,0,0
R05,SKU-1035,03/18/2025,9,0,0
R05,SKU-1035,2025-03-19,13,0,0
R05,SKU-1035,20-Mar-25,5,0,0
R05,SKU-1035,2025-03-21,3,1,0
R05,SKU-1035,22-Mar-25,5,0,0
R05,SKU-1035,2025-03-23,4,0,0
R05,SKU-1035,2025-03-24,6,0,0
R05,SKU-1035,2025-03-25,4,0,0
R05,SKU-1035,2025-03-26,6,0,0
R05,SKU-1035,03/27/2025,8,0,0
R05,SKU-1035,03/28/2025,5,0,0
R05,SKU-1035,2025-03-29,8,0,0
R05,SKU-1035,2025-03-30,7,2,0
R05,SKU-1035,2025-03-31,12,0,0
R05,SKU-1014,2025-03-01,14,1,0
R05,SKU-1014,03/02/2025,14,2,0
R05,SKU-1014,03/03/2025,18,0,0
R05,SKU-1014,03/04/2025,19,1,1
R05,SKU-1014,2025-03-05,15,1,0
R05,SKU-1014,2025-03-06,14,1,0
R05,SKU-1014,03/07/2025,13,1,0
R05,SKU-1014,03/08/2025,8,0,0
R05,SKU-1014,09-Mar-25,17,1,0
R05,SKU-1014,2025-03-10,13,0,0
R05,SKU-1014,2025-03-11,14,0,1
R05,SKU-1014,03/12/2025,10,1,0
R05,SKU-1014,2025-03-13,11,1,0
R05,SKU-1014,03/14/2025,12,0,0
R05,SKU-1014,2025-03-15,15,0,0
R05,SKU-1014,2025-03-16,20,0,0
R05,SKU-1014,2025-03-17,20,1,0
R05,SKU-1014,18-Mar-25,15,0,0
R05,SKU-1014,19-Mar-25,23,0,0
R05,SKU-1014,20-Mar-25,12,0,0
R05,SKU-1014,2025-03-21,13,0,0
R05,SKU-1014,2025-03-22,20,0,0
R05,SKU-1014,2025-03-23,17,2,1
R05,SKU-1014,2025-03-24,14,0,0
R05,SKU-1014,2025-03-25,11,1,0
R05,SKU-1014,2025-03-26,10,0,0
R05,SKU-1014,2025-03-27,21,1,0
R05,SKU-1014,03/28/2025,15,0,1
R05,SKU-1014,2025-03-29,12,1,1
R05,SKU-1014,2025-03-30,16,1,0
R05,SKU-1014,03/31/2025,12,0,0
R05,SKU-1091,2025-03-01,1,0,0
R05,SKU-1091,2025-03-02,3,0,0
R05,SKU-1091,2025-03-03,13,0,0
R05,SKU-1091,2025-03-04,4,0,0
R05,SKU-1091,2025-03-05,7,1,0
R05,SKU-1091,06-Mar-25,7,2,0
R05,SKU-1091,2025-03-07,9,0,0
R05,SKU-1091,2025-03-08,6,0,0
R05,SKU-1091,2025-03-09,6,0,0
R05,SKU-1091,2025-03-10,9,0,0
R05,SKU-1091,11-Mar-25,6,0,0
R05,SKU-1091,2025-03-12,8,0,0
R05,SKU-1091,2025-03-13,5,1,0
R05,SKU-1091,2025-03-14,4,0,0
R05,SKU-1091,2025-03-15,7,0,0
R05,SKU-1091,2025-03-16,10,1,0
R05,SKU-1091,17-Mar-25,7,0,0
R05,SKU-1091,2025-03-18,11,1,0
R05,SKU-1091,2025-03-19,4,0,1
R05,SKU-1091,03/20/2025,5,1,1
R05,SKU-1091,03/21/2025,7,1,0
R05,SKU-1091,03/22/2025,9,0,0
R05,SKU-1091,2025-03-23,13,1,0
R05,SKU-1091,2025-03-24,10,2,0
R05,SKU-1091,2025-03-25,4,0,1
R05,SKU-1091,2025-03-26,5,0,0
R05,SKU-1091,27-Mar-25,9,1,0
R05,SKU-1091,2025-03-28,7,0,0
R05,SKU-1091,2025-03-29,8,0,0
R05,SKU-1091,03/30/2025,9,2,0
R05,SKU-1091,03/31/2025,7,1,0
R05,SKU-1182,2025-03-01,20,0,0
R05,SKU-1182,2025-03-02,22,0,0
R05,SKU-1182,2025-03-03,23,0,0
R05,SKU-1182,2025-03-04,16,0,0
R05,SKU-1182,03/05/2025,16,1,1
R05,SKU-1182,03/06/2025,24,0,0
R05,SKU-1182,07-Mar-25,22,1,0
R05,SKU-1182,08-Mar-25,7,1,0
R05,SKU-1182,03/09/2025,13,0,0
R05,SKU-1182,2025-03-10,11,0,0
R05,SKU-1182,11-Mar-25,16,0,0
R05,SKU-1182,2025-03-12,27,1,0
R05,SKU-1182,2025-03-13,11,1,0
R05,SKU-1182,2025-03-14,15,0,0
R05,SKU-1182,2025-03-15,14,0,0
R05,SKU-1182,03/16/2025,8,0,1
R05,SKU-1182,03/17/2025,13,0,0
R05,SKU-1182,03/18/2025,10,0,0
R05,SKU-1182,2025-03-19,24,0,0
R05,SKU-1182,2025-03-20,13,0,0
R05,SKU-1182,21-Mar-25,10,1,0
R05,SKU-1182,2025-03-22,11,0,0
R05,SKU-1182,03/23/2025,24,1,0
R05,SKU-1182,2025-03-24,15,0,0
R05,SKU-1182,03/25/2025,17,0,0
R05,SKU-1182,2025-03-26,18,0,0
R05,SKU-1182,2025-03-27,18,0,0
R05,SKU-1182,2025-03-28,23,0,0
R05,SKU-1182,29-Mar-25,19,0,0
R05,SKU-1182,2025-03-30,12,1,0
R05,SKU-1182,2025-03-31,20,0,0
R05,SKU-1042,2025-03-01,17,1,0
R05,SKU-1042,2025-03-02,15,0,0
R05,SKU-1042,03/03/2025,14,1,0
R05,SKU-1042,2025-03-04,23,0,0
R05,SKU-1042,2025-03-05,15,0,0
R05,SKU-1042,03/06/2025,25,0,1
R05,SKU-1042,03/07/2025,15,0,0
R05,SKU-1042,2025-03-08,19,0,0
R05,SKU-1042,2025-03-09,19,0,0
R05,SKU-1042,2025-03-10,20,1,0
R05,SKU-1042,2025-03-11,20,0,0
R05,SKU-1042,2025-03-12,15,0,0
R05,SKU-1042,2025-03-13,18,2,0
R05,SKU-1042,2025-03-14,22,0,0
R05,SKU-1042,2025-03-15,19,0,0
R05,SKU-1042,2025-03-16,23,0,0
R05,SKU-1042,17-Mar-25,21,0,0
R05,SKU-1042,2025-03-18,17,0,0
R05,SKU-1042,2025-03-19,14,1,0
R05,SKU-1042,03/20/2025,20,1,0
R05,SKU-1042,2025-03-21,19,0,0
R05,SKU-1042,2025-03-22,19,0,0
R05,SKU-1042,2025-03-23,14,1,0
R05,SKU-1042,03/24/2025,13,2,0
R05,SKU-1042,2025-03-25,18,2,0
R05,SKU-1042,2025-03-26,14,0,0
R05,SKU-1042,03/27/2025,21,0,0
R05,SKU-1042,03/28/2025,19,0,0
R05,SKU-1042,2025-03-29,24,1,0
R05,SKU-1042,03/30/2025,18,0,0
R05,SKU-1042,2025-03-31,21,0,0
R05,SKU-1140,2025-03-01,18,1,0
R05,SKU-1140,2025-03-02,15,0,0
R05,SKU-1140,2025-03-03,15,1,0
R05,SKU-1140,2025-03-04,14,1,0
R05,SKU-1140,2025-03-05,16,0,0
R05,SKU-1140,2025-03-06,19,0,1
R05,SKU-1140,2025-03-07,18,1,0
R05,SKU-1140,2025-03-08,17,0,1
R05,SKU-1140,09-Mar-25,13,0,0
R05,SKU-1140,2025-03-10,18,1,0
R05,SKU-1140,03/11/2025,21,0,0
R05,SKU-1140,03/12/2025,13,0,0
R05,SKU-1140,2025-03-13,15,0,1
R05,SKU-1140,03/14/2025,13,0,1
R05,SKU-1140,2025-03-15,12,0,0
R05,SKU-1140,03/16/2025,17,0,0
R05,SKU-1140,2025-03-17,11,0,1
R05,SKU-1140,18-Mar-25,10,1,0
R05,SKU-1140,2025-03-19,21,0,0
R05,SKU-1140,20-Mar-25,14,2,0
R05,SKU-1140,2025-03-21,9,0,0
R05,SKU-1140,22-Mar-25,10,0,1
R05,SKU-1140,2025-03-23,16,0,0
R05,SKU-1140,2025-03-24,18,0,0
R05,SKU-1140,25-Mar-25,18,0,0
R05,SKU-1140,2025-03-26,19,0,0
R05,SKU-1140,2025-03-27,14,1,1
R05,SKU-1140,2025-03-28,23,1,0
R05,SKU-1140,2025-03-29,11,0,0
R05,SKU-1140,2025-03-30,15,0,1
R05,SKU-1140,2025-03-31,18,0,1
R05,SKU-1189,01-Mar-25,24,0,0
R05,SKU-1189,02-Mar-25,19,0,0
R05,SKU-1189,03/03/2025,16,1,0
R05,SKU-1189,03/04/2025,17,0,1
R05,SKU-1189,2025-03-05,15,0,0
R05,SKU-1189,2025-03-06,15,0,0
R05,SKU-1189,03/07/2025,16,0,0
R05,SKU-1189,2025-03-08,9,0,0
R05,SKU-1189,03/09/2025,18,1,0
R05,SKU-1189,2025-03-10,18,0,0
R05,SKU-1189,2025-03-11,13,0,0
R05,SKU-1189,2025-03-12,18,2,0
R05,SKU-1189,2025-03-13,13,0,0
R05,SKU-1189,14-Mar-25,20,1,0
R05,SKU-1189,2025-03-15,14,0,0
R05,SKU-1189,2025-03-16,15,1,0
R05,SKU-1189,2025-03-17,15,0,0
R05,SKU-1189,2025-03-18,8,2,0
R05,SKU-1189,2025-03-19,15,0,0
R05,SKU-1189,2025-03-20,24,0,0
R05,SKU-1189,2025-03-21,23,1,1
R05,SKU-1189,2025-03-22,11,1,0
R05,SKU-1189,2025-03-23,9,0,0
R05,SKU-1189,2025-03-24,17,1,0
R05,SKU-1189,2025-03-25,16,1,0
R05,SKU-1189,2025-03-26,13,0,0
R05,SKU-1189,03/27/2025,23,1,0
R05,SKU-1189,03/28/2025,23,0,0
R05,SKU-1189,03/29/2025,13,0,0
R05,SKU-1189,30-Mar-25,9,0,0
R05,SKU-1189,2025-03-31,16,0,0
R05,SKU-1084,2025-03-01,10,2,0
R05,SKU-1084,2025-03-02,18,0,0
R05,SKU-1084,2025-03-03,8,0,0
R05,SKU-1084,04-Mar-25,11,0,0
R05,SKU-1084,05-Mar-25,5,0,0
R05,SKU-1084,03/06/2025,14,0,0
R05,SKU-1084,03/07/2025,14,0,0
R05,SKU-1084,2025-03-08,10,2,0
R05,SKU-1084,2025-03-09,18,1,0
R05,SKU-1084,03/10/2025,8,1,0
R05,SKU-1084,2025-03-11,13,0,1
R05,SKU-1084,2025-03-12,13,0,1
R05,SKU-1084,2025-03-13,10,0,0
R05,SKU-1084,03/14/2025,14,0,1
R05,SKU-1084,03/15/2025,10,0,0
R05,SKU-1084,2025-03-16,15,0,0
R05,SKU-1084,03/17/2025,13,0,0
R05,SKU-1084,2025-03-18,13,1,1
R05,SKU-1084,03/19/2025,12,0,0
R05,SKU-1084,2025-03-20,10,0,0
R05,SKU-1084,03/21/2025,14,1,0
R05,SKU-1084,2025-03-22,19,0,0
R05,SKU-1084,2025-03-23,12,0,0
R05,SKU-1084,2025-03-24,10,0,0
R05,SKU-1084,2025-03-25,20,0,0
R05,SKU-1084,26-Mar-25,11,0,0
R05,SKU-1084,27-Mar-25,11,0,0
R05,SKU-1084,28-Mar-25,8,0,0
R05,SKU-1084,2025-03-29,10,2,0
R05,SKU-1084,30-Mar-25,20,1,0
R05,SKU-1084,2025-03-31,10,2,0
R05,SKU-1168,2025-03-01,35,0,0
R05,SKU-1168,2025-03-02,35,0,1
R05,SKU-1168,2025-03-03,24,0,0
R05,SKU-1168,04-Mar-25,28,0,0
R05,SKU-1168,03/05/2025,20,1,0
R05,SKU-1168,2025-03-06,32,0,0
R05,SKU-1168,2025-03-07,28,1,0
R05,SKU-1168,03/08/2025,31,0,0
R05,SKU-1168,03/09/2025,27,1,0
R05,SKU-1168,2025-03-10,36,1,0
R05,SKU-1168,03/11/2025,34,0,0
R05,SKU-1168,2025-03-12,26,0,0
R05,SKU-1168,2025-03-13,34,0,0
R05,SKU-1168,03/14/2025,31,1,0
R05,SKU-1168,03/15/2025,29,0,0
R05,SKU-1168,03/16/2025,28,1,0
R05,SKU-1168,03/17/2025,30,0,0
R05,SKU-1168,2025-03-18,21,0,0
R05,SKU-1168,2025-03-19,31,0,0
R05,SKU-1168,2025-03-20,28,0,0
R05,SKU-1168,21-Mar-25,40,1,0
R05,SKU-1168,03/22/2025,32,0,1
R05,SKU-1168,23-Mar-25,31,0,0
R05,SKU-1168,2025-03-24,27,1,0
R05,SKU-1168,03/25/2025,35,1,0
R05,SKU-1168,03/26/2025,26,0,0
R05,SKU-1168,2025-03-27,34,0,0
R05,SKU-1168,28-Mar-25,38,0,0
R05,SKU-1168,03/29/2025,30,1,0
R05,SKU-1168,2025-03-30,28,0,0
R05,SKU-1168,03/31/2025,27,0,0
R05,SKU-1175,2025-03-01,25,0,0
R05,SKU-1175,2025-03-02,18,0,0
R05,SKU-1175,2025-03-03,36,0,0
R05,SKU-1175,04-Mar-25,34,0,1
R05,SKU-1175,2025-03-05,25,0,0
R05,SKU-1175,03/06/2025,29,0,0
R05,SKU-1175,03/07/2025,26,0,0
R05,SKU-1175,03/08/2025,32,0,0
R05,SKU-1175,2025-03-09,27,0,0
R05,SKU-1175,2025-03-10,31,0,0
R05,SKU-1175,11-Mar-25,33,0,0
R05,SKU-1175,03/12/2025,38,0,0
R05,SKU-1175,2025-03-13,24,1,1
R05,SKU-1175,14-Mar-25,30,1,0
R05,SKU-1175,03/15/2025,20,0,0
R05,SKU-1175,2025-03-16,23,0,0
R05,SKU-1175,03/17/2025,40,0,0
R05,SKU-1175,18-Mar-25,26,1,0
R05,SKU-1175,2025-03-19,31,1,0
R05,SKU-1175,03/20/2025,28,1,0
R05,SKU-1175,21-Mar-25,21,1,0
R05,SKU-1175,2025-03-22,29,0,0
R05,SKU-1175,23-Mar-25,37,0,0
R05,SKU-1175,2025-03-24,36,0,0
R05,SKU-1175,2025-03-25,34,0,0
R05,SKU-1175,2025-03-26,38,0,1
R05,SKU-1175,27-Mar-25,34,1,0
R05,SKU-1175,28-Mar-25,31,0,0
R05,SKU-1175,2025-03-29,20,1,0
R05,SKU-1175,2025-03-30,26,1,0
R05,SKU-1175,2025-03-31,27,0,0
R05,SKU-1070,2025-03-01,34,0,0
R05,SKU-1070,2025-03-02,30,0,0
R05,SKU-1070,03/03/2025,38,0,0
R05,SKU-1070,04-Mar-25,25,0,0
R05,SKU-1070,2025-03-05,24,0,0
R05,SKU-1070,2025-03-06,30,1,0
R05,SKU-1070,2025-03-07,30,0,0
R05,SKU-1070,03/08/2025,33,1,0
R05,SKU-1070,2025-03-09,37,0,1
R05,SKU-1070,03/10/2025,28,0,0
R05,SKU-1070,03/11/2025,25,0,0
R05,SKU-1070,12-Mar-25,24,0,0
R05,SKU-1070,13-Mar-25,27,0,0
R05,SKU-1070,14-Mar-25,28,1,0
R05,SKU-1070,03/15/2025,27,0,0
R05,SKU-1070,03/16/2025,26,0,0
R05,SKU-1070,2025-03-17,31,0,1
R05,SKU-1070,2025-03-18,30,0,1
R05,SKU-1070,03/19/2025,24,0,0
R05,SKU-1070,2025-03-20,33,0,0
R05,SKU-1070,2025-03-21,36,2,0
R05,SKU-1070,22-Mar-25,36,1,0
R05,SKU-1070,2025-03-23,33,0,0
R05,SKU-1070,2025-03-24,29,1,0
R05,SKU-1070,2025-03-25,30,1,0
R05,SKU-1070,2025-03-26,29,0,0
R05,SKU-1070,2025-03-27,21,0,0
R05,SKU-1070,2025-03-28,33,0,0
R05,SKU-1070,29-Mar-25,28,1,0
R05,SKU-1070,2025-03-30,21,0,0
R05,SKU-1070,03/31/2025,25,0,0
