retailer_id,product_id,sale_date,sold_qty,returns_qty,promo_flag
R01,SKU-1014,01-Jun-26,6,0,1
R01,SKU-1014,02-Jun-26,9,1,0
R01,SKU-1014,2026-06-03,6,0,1
R01,SKU-1014,04-Jun-26,4,2,0
R01,SKU-1014,2026-06-05,4,0,0
R01,SKU-1014,2026-06-06,5,0,0
R01,SKU-1014,2026-06-07,3,0,0
R01,SKU-1014,2026-06-08,8,1,0
R01,SKU-1014,06/09/2026,7,0,1
R01,SKU-1014,10-Jun-26,2,1,0
R01,SKU-1014,11-Jun-26,9,1,0
R01,SKU-1014,2026-06-12,6,0,0
R01,SKU-1014,2026-06-13,3,0,0
R01,SKU-1014,2026-06-14,6,0,0
R01,SKU-1014,2026-06-15,9,0,0
R01,SKU-1014,2026-06-16,7,0,0
R01,SKU-1014,06/17/2026,8,0,0
R01,SKU-1014,06/18/2026,3,0,0
R01,SKU-1014,2026-06-19,10,1,1
R01,SKU-1014,06/20/2026,3,1,0
R01,SKU-1014,21-Jun-26,7,1,0
R01,SKU-1014,2026-06-22,4,0,0
R01,SKU-1014,2026-06-23,7,0,1
R01,SKU-1014,06/24/2026,5,0,0
R01,SKU-1014,2026-06-25,4,0,0
R01,SKU-1014,2026-06-26,6,0,0
R01,SKU-1014,27-Jun-26,5,0,0
R01,SKU-1014,06/28/2026,8,0,0
R01,SKU-1014,2026-06-29,8,0,0
R01,SKU-1014,06/30/2026,4,2,1
R01,SKU-1231,2026-06-01,5,0,0
R01,SKU-1231,2026-06-02,11,0,1
R01,SKU-1231,03-Jun-26,11,1,0
R01,SKU-1231,2026-06-04,5,1,0
R01,SKU-1231,2026-06-05,13,0,0
R01,SKU-1231,2026-06-06,14,0,0
R01,SKU-1231,2026-06-07,12,1,0
R01,SKU-1231,2026-06-08,14,0,0
R01,SKU-1231,2026-06-09,11,0,0
R01,SKU-1231,06/10/2026,12,0,0
R01,SKU-1231,2026-06-11,13,0,0
R01,SKU-1231,12-Jun-26,12,0,0
R01,SKU-1231,13-Jun-26,10,1,0
R01,SKU-1231,06/14/2026,9,0,0
R01,SKU-1231,06/15/2026,14,1,0
R01,SKU-1231,2026-06-16,12,0,0
R01,SKU-1231,2026-06-17,17,0,0
R01,SKU-1231,2026-06-18,11,0,0
R01,SKU-1231,2026-06-19,10,0,0
R01,SKU-1231,2026-06-20,6,0,0
R01,SKU-1231,2026-06-21,11,0,0
R01,SKU-1231,22-Jun-26,9,0,0
R01,SKU-1231,2026-06-23,13,0,0
R01,SKU-1231,2026-06-24,6,0,0
R01,SKU-1231,2026-06-25,14,2,0
R01,SKU-1231,26-Jun-26,11,0,1
R01,SKU-1231,06/27/2026,15,0,0
R01,SKU-1231,28-Jun-26,10,0,0
R01,SKU-1231,29-Jun-26,11,1,0
R01,SKU-1231,2026-06-30,5,1,0
R01,SKU-1056,06/01/2026,15,0,0
R01,SKU-1056,2026-06-02,12,0,0
R01,SKU-1056,06/03/2026,12,0,0
R01,SKU-1056,2026-06-04,13,1,0
R01,SKU-1056,05-Jun-26,13,1,0
R01,SKU-1056,2026-06-06,8,2,0
R01,SKU-1056,2026-06-07,17,0,0
R01,SKU-1056,2026-06-08,11,0,0
R01,SKU-1056,2026-06-09,10,2,0
R01,SKU-1056,06/10/2026,12,0,0
R01,SKU-1056,2026-06-11,6,0,0
R01,SKU-1056,2026-06-12,14,1,0
R01,SKU-1056,13-Jun-26,13,0,0
R01,SKU-1056,2026-06-14,18,0,1
R01,SKU-1056,06/15/2026,14,0,0
R01,SKU-1056,2026-06-16,16,1,0
R01,SKU-1056,06/17/2026,10,0,0
R01,SKU-1056,06/18/2026,7,0,0
R01,SKU-1056,2026-06-19,13,2,0
R01,SKU-1056,20-Jun-26,10,0,0
R01,SKU-1056,06/21/2026,10,0,0
R01,SKU-1056,22-Jun-26,14,0,0
R01,SKU-1056,2026-06-23,13,0,0
R01,SKU-1056,2026-06-24,16,0,0
R01,SKU-1056,2026-06-25,11,0,0
R01,SKU-1056,2026-06-26,9,0,0
R01,SKU-1056,27-Jun-26,6,0,0
R01,SKU-1056,2026-06-28,8,0,0
R01,SKU-1056,2026-06-29,10,0,0
R01,SKU-1056,06/30/2026,16,0,1
R01,SKU-1140,2026-06-01,5,2,0
R01,SKU-1140,06/02/2026,9,0,0
R01,SKU-1140,2026-06-03,10,0,1
R01,SKU-1140,06/04/2026,14,0,0
R01,SKU-1140,2026-06-05,8,0,0
R01,SKU-1140,2026-06-06,8,0,0
R01,SKU-1140,2026-06-07,10,1,0
R01,SKU-1140,06/08/2026,6,0,0
R01,SKU-1140,2026-06-09,12,0,0
R01,SKU-1140,2026-06-10,9,0,0
R01,SKU-1140,2026-06-11,4,0,0
R01,SKU-1140,2026-06-12,13,0,1
R01,SKU-1140,2026-06-13,6,0,0
R01,SKU-1140,2026-06-14,9,0,0
R01,SKU-1140,2026-06-15,5,1,0
R01,SKU-1140,2026-06-16,7,0,0
R01,SKU-1140,2026-06-17,11,1,0
R01,SKU-1140,2026-06-18,12,0,0
R01,SKU-1140,2026-06-19,10,1,1
R01,SKU-1140,2026-06-20,11,0,0
R01,SKU-1140,06/21/2026,11,1,1
R01,SKU-1140,2026-06-22,12,1,0
R01,SKU-1140,2026-06-23,11,0,0
R01,SKU-1140,2026-06-24,7,0,0
R01,SKU-1140,2026-06-25,8,0,0
R01,SKU-1140,26-Jun-26,10,2,0
R01,SKU-1140,06/27/2026,9,1,0
R01,SKU-1140,2026-06-28,12,1,0
R01,SKU-1140,2026-06-29,5,1,0
R01,SKU-1140,30-Jun-26,10,1,0
R01,SKU-1189,2026-06-01,5,0,0
R01,SKU-1189,2026-06-02,9,2,0
R01,SKU-1189,03-Jun-26,4,0,0
R01,SKU-1189,04-Jun-26,8,0,0
R01,SKU-1189,06/05/2026,14,1,0
R01,SKU-1189,2026-06-06,6,0,0
R01,SKU-1189,2026-06-07,12,0,0
R01,SKU-1189,2026-06-08,12,1,0
R01,SKU-1189,2026-06-09,16,0,0
R01,SKU-1189,2026-06-10,9,1,0
R01,SKU-1189,2026-06-11,10,0,0
R01,SKU-1189,06/12/2026,7,0,0
R01,SKU-1189,2026-06-13,7,1,0
R01,SKU-1189,06/14/2026,10,0,0
R01,SKU-1189,2026-06-15,12,1,0
R01,SKU-1189,16-Jun-26,8,0,0
R01,SKU-1189,2026-06-17,10,0,0
R01,SKU-1189,2026-06-18,8,2,0
R01,SKU-1189,2026-06-19,8,0,0
R01,SKU-1189,20-Jun-26,11,0,0
R01,SKU-1189,2026-06-21,9,0,0
R01,SKU-1189,06/22/2026,9,0,1
R01,SKU-1189,2026-06-23,9,1,0
R01,SKU-1189,06/24/2026,13,0,1
R01,SKU-1189,06/25/2026,9,1,0
R01,SKU-1189,2026-06-26,13,0,0
R01,SKU-1189,2026-06-27,12,2,0
R01,SKU-1189,28-Jun-26,8,0,0
R01,SKU-1189,2026-06-29,7,0,1
R01,SKU-1189,06/30/2026,12,0,0
R01,SKU-1252,2026-06-01,26,2,0
R01,SKU-1252,06/02/2026,23,0,0
R01,SKU-1252,2026-06-03,19,1,0
R01,SKU-1252,04-Jun-26,20,0,0
R01,SKU-1252,05-Jun-26,29,0,1
R01,SKU-1252,06/06/2026,31,0,0
R01,SKU-1252,06/07/2026,26,0,1
R01,SKU-1252,2026-06-08,21,0,0
R01,SKU-1252,2026-06-09,25,0,0
R01,SKU-1252,06/10/2026,23,1,0
R01,SKU-1252,2026-06-11,25,0,0
R01,SKU-1252,12-Jun-26,37,0,0
R01,SKU-1252,2026-06-13,28,1,0
R01,SKU-1252,06/14/2026,15,2,0
R01,SKU-1252,2026-06-15,32,0,0
R01,SKU-1252,2026-06-16,22,0,0
R01,SKU-1252,2026-06-17,22,1,0
R01,SKU-1252,06/18/2026,23,0,0
R01,SKU-1252,19-Jun-26,35,1,0
R01,SKU-1252,2026-06-20,19,0,0
R01,SKU-1252,2026-06-21,28,1,0
R01,SKU-1252,2026-06-22,29,1,0
R01,SKU-1252,2026-06-23,30,0,0
R01,SKU-1252,24-Jun-26,23,0,0
R01,SKU-1252,2026-06-25,29,0,0
R01,SKU-1252,06/26/2026,23,0,0
R01,SKU-1252,2026-06-27,28,1,0
R01,SKU-1252,2026-06-28,32,0,0
R01,SKU-1252,29-Jun-26,27,0,0
R01,SKU-1252,2026-06-30,31,0,0
R01,SKU-1259,01-Jun-26,13,1,0
R01,SKU-1259,06/02/2026,8,1,0
R01,SKU-1259,2026-06-03,9,1,0
R01,SKU-1259,2026-06-04,12,0,0
R01,SKU-1259,2026-06-05,9,1,1
R01,SKU-1259,2026-06-06,12,0,0
R01,SKU-1259,2026-06-07,12,0,0
R01,SKU-1259,2026-06-08,5,2,0
R01,SKU-1259,09-Jun-26,6,0,0
R01,SKU-1259,10-Jun-26,12,0,0
R01,SKU-1259,11-Jun-26,12,0,0
R01,SKU-1259,12-Jun-26,18,0,1
R01,SKU-1259,06/13/2026,7,0,0
R01,SKU-1259,2026-06-14,11,0,0
R01,SKU-1259,06/15/2026,19,0,0
R01,SKU-1259,2026-06-16,6,0,0
R01,SKU-1259,06/17/2026,5,0,0
R01,SKU-1259,18-Jun-26,11,1,0
R01,SKU-1259,2026-06-19,11,0,0
R01,SKU-1259,06/20/2026,12,2,0
R01,SKU-1259,21-Jun-26,10,1,0
R01,SKU-1259,06/22/2026,14,1,0
R01,SKU-1259,23-Jun-26,7,1,0
R01,SKU-1259,24-Jun-26,17,1,0
R01,SKU-1259,2026-06-25,15,0,1
R01,SKU-1259,06/26/2026,16,1,0
R01,SKU-1259,2026-06-27,16,0,0
R01,SKU-1259,2026-06-28,14,1,1
R01,SKU-1259,06/29/2026,8,1,0
R01,SKU-1259,06/30/2026,12,0,0
R01,SKU-1021,2026-06-01,10,0,0
R01,SKU-1021,02-Jun-26,16,0,0
R01,SKU-1021,03-Jun-26,17,1,0
R01,SKU-1021,2026-06-04,13,0,0
R01,SKU-1021,06/05/2026,14,0,0
R01,SKU-1021,2026-06-06,15,2,0
R01,SKU-1021,07-Jun-26,13,0,0
R01,SKU-1021,08-Jun-26,14,1,0
R01,SKU-1021,06/09/2026,13,0,0
R01,SKU-1021,06/10/2026,9,0,0
R01,SKU-1021,06/11/2026,16,0,1
R01,SKU-1021,2026-06-12,8,2,0
R01,SKU-1021,06/13/2026,17,1,0
R01,SKU-1021,2026-06-14,16,0,0
R01,SKU-1021,06/15/2026,14,0,0
R01,SKU-1021,2026-06-16,17,0,0
R01,SKU-1021,06/17/2026,12,1,0
R01,SKU-1021,06/18/2026,17,1,0
R01,SKU-1021,2026-06-19,18,0,0
R01,SKU-1021,20-Jun-26,8,0,0
R01,SKU-1021,06/21/2026,8,1,0
R01,SKU-1021,22-Jun-26,22,1,0
R01,SKU-1021,2026-06-23,13,1,0
R01,SKU-1021,2026-06-24,16,0,0
R01,SKU-1021,2026-06-25,8,0,0
R01,SKU-1021,06/26/2026,9,0,0
R01,SKU-1021,2026-06-27,13,2,0
R01,SKU-1021,2026-06-28,15,0,0
R01,SKU-1021,2026-06-29,13,0,0
R01,SKU-1021,30-Jun-26,16,0,0
R01,SKU-1147,2026-06-01,23,2,0
R01,SKU-1147,2026-06-02,21,0,0
R01,SKU-1147,2026-06-03,18,0,0
R01,SKU-1147,2026-06-04,19,0,0
R01,SKU-1147,2026-06-05,16,0,0
R01,SKU-1147,2026-06-06,18,0,0
R01,SKU-1147,2026-06-07,12,1,0
R01,SKU-1147,2026-06-08,14,0,0
R01,SKU-1147,2026-06-09,22,2,0
R01,SKU-1147,10-Jun-26,14,1,0
R01,SKU-1147,2026-06-11,9,0,0
R01,SKU-1147,2026-06-12,20,2,0
R01,SKU-1147,2026-06-13,18,0,0
R01,SKU-1147,06/14/2026,26,0,0
R01,SKU-1147,2026-06-15,13,0,0
R01,SKU-1147,06/16/2026,16,0,0
R01,SKU-1147,2026-06-17,17,0,0
R01,SKU-1147,06/18/2026,16,0,0
R01,SKU-1147,2026-06-19,27,1,0
R01,SKU-1147,2026-06-20,20,0,0
R01,SKU-1147,06/21/2026,20,0,0
R01,SKU-1147,06/22/2026,18,1,0
R01,SKU-1147,06/23/2026,20,0,0
R01,SKU-1147,2026-06-24,12,0,0
R01,SKU-1147,25-Jun-26,16,0,0
R01,SKU-1147,2026-06-26,20,0,0
R01,SKU-1147,2026-06-27,12,1,0
R01,SKU-1147,2026-06-28,18,0,0
R01,SKU-1147,2026-06-29,21,1,0
R01,SKU-1147,30-Jun-26,23,1,1
R01,SKU-1126,06/01/2026,29,0,0
R01,SKU-1126,2026-06-02,28,0,0
R01,SKU-1126,2026-06-03,35,0,0
R01,SKU-1126,06/04/2026,25,0,0
R01,SKU-1126,05-Jun-26,41,1,0
R01,SKU-1126,2026-06-06,24,2,0
R01,SKU-1126,06/07/2026,20,0,0
R01,SKU-1126,2026-06-08,36,0,0
R01,SKU-1126,2026-06-09,24,2,0
R01,SKU-1126,2026-06-10,25,0,0
R01,SKU-1126,2026-06-11,31,0,1
R01,SKU-1126,2026-06-12,16,0,0
R01,SKU-1126,2026-06-13,21,0,0
R01,SKU-1126,2026-06-14,38,0,0
R01,SKU-1126,2026-06-15,26,1,0
R01,SKU-1126,16-Jun-26,25,0,0
R01,SKU-1126,17-Jun-26,39,0,0
R01,SKU-1126,2026-06-18,35,0,0
R01,SKU-1126,2026-06-19,26,1,0
R01,SKU-1126,2026-06-20,33,0,0
R01,SKU-1126,06/21/2026,32,0,1
R01,SKU-1126,22-Jun-26,31,1,0
R01,SKU-1126,2026-06-23,35,1,0
R01,SKU-1126,2026-06-24,28,0,0
R01,SKU-1126,06/25/2026,31,0,0
R01,SKU-1126,26-Jun-26,24,0,0
R01,SKU-1126,2026-06-27,32,0,0
R01,SKU-1126,2026-06-28,38,0,0
R01,SKU-1126,2026-06-29,32,0,0
R01,SKU-1126,2026-06-30,26,0,0
R01,SKU-1175,2026-06-01,2,0,1
R01,SKU-1175,02-Jun-26,3,0,1
R01,SKU-1175,2026-06-03,9,0,1
R01,SKU-1175,06/04/2026,8,0,0
R01,SKU-1175,2026-06-05,1,0,0
R01,SKU-1175,06/06/2026,3,0,0
R01,SKU-1175,2026-06-07,6,1,0
R01,SKU-1175,06/08/2026,8,2,1
R01,SKU-1175,06/09/2026,3,0,0
R01,SKU-1175,2026-06-10,7,0,0
R01,SKU-1175,06/11/2026,2,1,0
R01,SKU-1175,2026-06-12,2,0,0
R01,SKU-1175,06/13/2026,5,0,0
R01,SKU-1175,2026-06-14,3,0,0
R01,SKU-1175,06/15/2026,3,1,0
R01,SKU-1175,2026-06-16,9,0,1
R01,SKU-1175,06/17/2026,6,0,0
R01,SKU-1175,2026-06-18,5,0,0
R01,SKU-1175,06/19/2026,6,0,0
R01,SKU-1175,2026-06-20,4,0,0
R01,SKU-1175,06/21/2026,3,2,0
R01,SKU-1175,2026-06-22,5,1,0
R01,SKU-1175,06/23/2026,3,0,0
R01,SKU-1175,24-Jun-26,3,0,0
R01,SKU-1175,06/25/2026,3,0,0
R01,SKU-1175,2026-06-26,4,0,0
R01,SKU-1175,27-Jun-26,5,0,0
R01,SKU-1175,2026-06-28,4,1,0
R01,SKU-1175,2026-06-29,4,0,0
R01,SKU-1175,2026-06-30,6,0,0
R01,SKU-1196,2026-06-01,28,0,0
R01,SKU-1196,02-Jun-26,25,1,0
R01,SKU-1196,2026-06-03,21,0,0
R01,SKU-1196,2026-06-04,25,0,0
R01,SKU-1196,2026-06-05,20,1,0
R01,SKU-1196,06/06/2026,24,0,0
R01,SKU-1196,06/07/2026,14,1,0
R01,SKU-1196,2026-06-08,31,0,0
R01,SKU-1196,2026-06-09,15,0,1
R01,SKU-1196,2026-06-10,19,0,0
R01,SKU-1196,2026-06-11,23,0,0
R01,SKU-1196,2026-06-12,20,0,0
R01,SKU-1196,2026-06-13,24,0,0
R01,SKU-1196,2026-06-14,23,1,1
R01,SKU-1196,06/15/2026,17,0,0
R01,SKU-1196,2026-06-16,26,2,0
R01,SKU-1196,2026-06-17,17,0,0
R01,SKU-1196,2026-06-18,25,0,1
R01,SKU-1196,2026-06-19,23,0,0
R01,SKU-1196,20-Jun-26,21,0,0
R01,SKU-1196,06/21/2026,19,0,1
R01,SKU-1196,06/22/2026,21,3,0
R01,SKU-1196,23-Jun-26,18,1,0
R01,SKU-1196,2026-06-24,21,0,0
R01,SKU-1196,2026-06-25,16,0,0
R01,SKU-1196,2026-06-26,21,0,0
R01,SKU-1196,2026-06-27,24,0,0
R01,SKU-1196,2026-06-28,19,0,0
R01,SKU-1196,2026-06-29,19,0,0
R01,SKU-1196,2026-06-30,26,1,0
R01,SKU-1091,2026-06-01,12,0,0
R01,SKU-1091,06/02/2026,15,1,0
R01,SKU-1091,06/03/2026,9,2,0
R01,SKU-1091,2026-06-04,20,2,0
R01,SKU-1091,2026-06-05,14,1,0
R01,SKU-1091,06/06/2026,13,0,0
R01,SKU-1091,2026-06-07,14,2,0
R01,SKU-1091,2026-06-08,21,0,0
R01,SKU-1091,2026-06-09,13,0,0
R01,SKU-1091,2026-06-10,12,0,0
R01,SKU-1091,11-Jun-26,10,1,0
R01,SKU-1091,2026-06-12,17,0,0
R01,SKU-1091,2026-06-13,10,0,0
R01,SKU-1091,2026-06-14,12,0,0
R01,SKU-1091,06/15/2026,16,0,0
R01,SKU-1091,2026-06-16,24,0,0
R01,SKU-1091,2026-06-17,12,1,0
R01,SKU-1091,2026-06-18,9,0,1
R01,SKU-1091,2026-06-19,18,0,0
R01,SKU-1091,20-Jun-26,12,0,0
R01,SKU-1091,06/21/2026,12,2,0
R01,SKU-1091,2026-06-22,9,0,0
R01,SKU-1091,2026-06-23,6,0,0
R01,SKU-1091,06/24/2026,20,1,0
R01,SKU-1091,06/25/2026,12,0,0
R01,SKU-1091,06/26/2026,18,0,1
R01,SKU-1091,2026-06-27,13,0,0
R01,SKU-1091,2026-06-28,8,0,0
R01,SKU-1091,2026-06-29,18,0,0
R01,SKU-1091,2026-06-30,17,1,0
R01,SKU-1119,06/01/2026,12,0,0
R01,SKU-1119,2026-06-02,4,0,0
R01,SKU-1119,06/03/2026,6,0,0
R01,SKU-1119,06/04/2026,2,0,0
R01,SKU-1119,2026-06-05,4,0,0
R01,SKU-1119,06-Jun-26,4,1,0
R01,SKU-1119,2026-06-07,7,0,0
R01,SKU-1119,06/08/2026,3,0,0
R01,SKU-1119,06/09/2026,4,0,0
R01,SKU-1119,06/10/2026,7,0,0
R01,SKU-1119,06/11/2026,6,0,0
R01,SKU-1119,2026-06-12,3,0,0
R01,SKU-1119,2026-06-13,9,1,0
R01,SKU-1119,06/14/2026,7,0,0
R01,SKU-1119,2026-06-15,4,0,0
R01,SKU-1119,2026-06-16,4,0,0
R01,SKU-1119,17-Jun-26,7,0,0
R01,SKU-1119,06/18/2026,3,1,0
R01,SKU-1119,06/19/2026,6,2,0
R01,SKU-1119,06/20/2026,4,0,0
R01,SKU-1119,2026-06-21,6,1,0
R01,SKU-1119,2026-06-22,5,0,0
R01,SKU-1119,2026-06-23,6,0,0
R01,SKU-1119,06/24/2026,8,0,1
R01,SKU-1119,2026-06-25,7,1,0
R01,SKU-1119,26-Jun-26,3,0,0
R01,SKU-1119,2026-06-27,2,1,0
R01,SKU-1119,2026-06-28,4,0,0
R01,SKU-1119,2026-06-29,11,0,0
R01,SKU-1119,2026-06-30,4,0,1
R01,SKU-1224,06/01/2026,18,0,0
R01,SKU-1224,2026-06-02,30,0,0
R01,SKU-1224,06/03/2026,29,0,1
R01,SKU-1224,2026-06-04,26,0,1
R01,SKU-1224,06/05/2026,37,0,0
R01,SKU-1224,2026-06-06,37,1,0
R01,SKU-1224,2026-06-07,31,0,0
R01,SKU-1224,06/08/2026,34,0,1
R01,SKU-1224,06/09/2026,28,1,0
R01,SKU-1224,10-Jun-26,30,1,0
R01,SKU-1224,2026-06-11,34,0,0
R01,SKU-1224,2026-06-12,28,0,0
R01,SKU-1224,2026-06-13,21,0,0
R01,SKU-1224,2026-06-14,25,0,0
R01,SKU-1224,06/15/2026,32,1,1
R01,SKU-1224,16-Jun-26,37,0,0
R01,SKU-1224,06/17/2026,25,0,0
R01,SKU-1224,06/18/2026,24,1,0
R01,SKU-1224,2026-06-19,31,0,0
R01,SKU-1224,2026-06-20,33,0,0
R01,SKU-1224,2026-06-21,19,0,0
R01,SKU-1224,2026-06-22,26,0,0
R01,SKU-1224,2026-06-23,41,0,0
R01,SKU-1224,2026-06-24,38,0,1
R01,SKU-1224,06/25/2026,33,1,0
R01,SKU-1224,06/26/2026,34,0,1
R01,SKU-1224,27-Jun-26,34,0,0
R01,SKU-1224,2026-06-28,31,0,0
R01,SKU-1224,2026-06-29,47,0,0
R01,SKU-1224,06/30/2026,31,0,0
R01,SKU-1266,2026-06-01,25,0,0
R01,SKU-1266,2026-06-02,38,0,0
R01,SKU-1266,2026-06-03,29,2,0
R01,SKU-1266,2026-06-04,25,1,1
R01,SKU-1266,06/05/2026,30,0,0
R01,SKU-1266,06/06/2026,27,0,0
R01,SKU-1266,2026-06-07,26,1,0
R01,SKU-1266,2026-06-08,26,0,1
R01,SKU-1266,06/09/2026,27,1,0
R01,SKU-1266,2026-06-10,24,0,0
R01,SKU-1266,06/11/2026,20,0,0
R01,SKU-1266,12-Jun-26,25,0,0
R01,SKU-1266,2026-06-13,29,0,0
R01,SKU-1266,2026-06-14,31,0,0
R01,SKU-1266,2026-06-15,28,0,0
R01,SKU-1266,2026-06-16,31,0,1
R01,SKU-1266,06/17/2026,30,0,0
R01,SKU-1266,06/18/2026,30,1,0
R01,SKU-1266,2026-06-19,28,0,1
R01,SKU-1266,06/20/2026,35,2,0
R01,SKU-1266,2026-06-21,22,1,0
R01,SKU-1266,2026-06-22,34,0,0
R01,SKU-1266,2026-06-23,35,0,1
R01,SKU-1266,06/24/2026,23,0,1
R01,SKU-1266,2026-06-25,30,0,1
R01,SKU-1266,2026-06-26,27,0,0
R01,SKU-1266,06/27/2026,25,1,0
R01,SKU-1266,06/28/2026,34,0,0
R01,SKU-1266,06/29/2026,30,2,0
R01,SKU-1266,06/30/2026,27,0,0
R01,SKU-1063,06/01/2026,21,1,0
R01,SKU-1063,06/02/2026,27,0,0
R01,SKU-1063,03-Jun-26,19,1,0
R01,SKU-1063,06/04/2026,30,1,0
R01,SKU-1063,2026-06-05,26,1,0
R01,SKU-1063,2026-06-06,25,0,0
R01,SKU-1063,2026-06-07,24,0,0
R01,SKU-1063,06/08/2026,22,0,0
R01,SKU-1063,09-Jun-26,23,0,0
R01,SKU-1063,2026-06-10,17,1,0
R01,SKU-1063,2026-06-11,24,0,0
R01,SKU-1063,06/12/2026,28,0,0
R01,SKU-1063,06/13/2026,17,0,0
R01,SKU-1063,2026-06-14,20,1,0
R01,SKU-1063,15-Jun-26,22,0,0
R01,SKU-1063,16-Jun-26,21,1,0
R01,SKU-1063,06/17/2026,22,0,0
R01,SKU-1063,2026-06-18,36,1,0
R01,SKU-1063,06/19/2026,22,0,0
R01,SKU-1063,2026-06-20,25,0,0
R01,SKU-1063,06/21/2026,32,0,0
R01,SKU-1063,2026-06-22,32,2,0
R01,SKU-1063,2026-06-23,37,0,0
R01,SKU-1063,24-Jun-26,16,0,0
R01,SKU-1063,2026-06-25,19,1,0
R01,SKU-1063,2026-06-26,16,0,0
R01,SKU-1063,2026-06-27,19,0,0
R01,SKU-1063,2026-06-28,24,1,0
R01,SKU-1063,2026-06-29,20,0,0
R01,SKU-1063,2026-06-30,30,1,0
R01,SKU-1245,01-Jun-26,22,0,0
R01,SKU-1245,2026-06-02,21,1,1
R01,SKU-1245,2026-06-03,22,0,0
R01,SKU-1245,2026-06-04,21,0,0
R01,SKU-1245,06/05/2026,21,0,0
R01,SKU-1245,06/06/2026,35,2,0
R01,SKU-1245,06/07/2026,27,0,0
R01,SKU-1245,06/08/2026,26,1,0
R01,SKU-1245,06/09/2026,31,1,1
R01,SKU-1245,2026-06-10,23,0,0
R01,SKU-1245,2026-06-11,25,0,0
R01,SKU-1245,2026-06-12,25,2,0
R01,SKU-1245,2026-06-13,41,0,0
R01,SKU-1245,14-Jun-26,33,0,1
R01,SKU-1245,2026-06-15,38,2,0
R01,SKU-1245,16-Jun-26,36,0,0
R01,SKU-1245,2026-06-17,26,0,0
R01,SKU-1245,2026-06-18,34,1,0
R01,SKU-1245,2026-06-19,32,0,0
R01,SKU-1245,06/20/2026,36,0,0
R01,SKU-1245,2026-06-21,24,0,1
R01,SKU-1245,2026-06-22,30,0,0
R01,SKU-1245,2026-06-23,19,0,0
R01,SKU-1245,2026-06-24,28,0,0
R01,SKU-1245,06/25/2026,21,0,0
R01,SKU-1245,2026-06-26,20,0,0
R01,SKU-1245,2026-06-27,29,0,0
R01,SKU-1245,28-Jun-26,26,0,0
R01,SKU-1245,06/29/2026,30,1,1
R01,SKU-1245,2026-06-30,23,0,0
R01,SKU-1182,2026-06-01,6,0,0
R01,SKU-1182,2026-06-02,4,0,0
R01,SKU-1182,03-Jun-26,2,0,0
R01,SKU-1182,04-Jun-26,3,2,0
R01,SKU-1182,2026-06-05,4,0,0
R01,SKU-1182,2026-06-06,5,0,0
R01,SKU-1182,06/07/2026,3,1,0
R01,SKU-1182,2026-06-08,8,0,0
R01,SKU-1182,2026-06-09,6,0,0
R01,SKU-1182,06/10/2026,7,1,0
R01,SKU-1182,2026-06-11,4,0,0
R01,SKU-1182,06/12/2026,10,0,1
R01,SKU-1182,2026-06-13,10,2,0
R01,SKU-1182,14-Jun-26,7,0,0
R01,SKU-1182,2026-06-15,6,0,0
R01,SKU-1182,2026-06-16,6,1,0
R01,SKU-1182,06/17/2026,5,0,0
R01,SKU-1182,2026-06-18,11,0,0
R01,SKU-1182,06/19/2026,7,0,0
R01,SKU-1182,2026-06-20,3,1,0
R01,SKU-1182,2026-06-21,3,0,0
R01,SKU-1182,2026-06-22,3,0,0
R01,SKU-1182,06/23/2026,8,1,0
R01,SKU-1182,2026-06-24,2,0,0
R01,SKU-1182,2026-06-25,3,0,0
R01,SKU-1182,06/26/2026,9,0,0
R01,SKU-1182,06/27/2026,6,0,0
R01,SKU-1182,2026-06-28,6,1,1
R01,SKU-1182,29-Jun-26,9,0,0
R01,SKU-1182,2026-06-30,7,1,0
R01,SKU-1007,06/01/2026,30,0,0
R01,SKU-1007,2026-06-02,27,0,0
R01,SKU-1007,06/03/2026,31,0,0
R01,SKU-1007,04-Jun-26,26,0,0
R01,SKU-1007,2026-06-05,31,0,0
R01,SKU-1007,06-Jun-26,38,0,0
R01,SKU-1007,2026-06-07,29,2,0
R01,SKU-1007,08-Jun-26,28,0,1
R01,SKU-1007,2026-06-09,33,0,0
R01,SKU-1007,06/10/2026,33,0,0
R01,SKU-1007,06/11/2026,44,0,0
R01,SKU-1007,2026-06-12,28,0,0
R01,SKU-1007,06/13/2026,28,0,0
R01,SKU-1007,2026-06-14,37,1,0
R01,SKU-1007,2026-06-15,33,1,0
R01,SKU-1007,2026-06-16,22,1,1
R01,SKU-1007,2026-06-17,36,0,0
R01,SKU-1007,2026-06-18,29,0,0
R01,SKU-1007,19-Jun-26,33,0,0
R01,SKU-1007,20-Jun-26,30,0,0
R01,SKU-1007,2026-06-21,29,0,0
R01,SKU-1007,2026-06-22,29,0,0
R01,SKU-1007,06/23/2026,34,1,0
R01,SKU-1007,2026-06-24,27,0,0
R01,SKU-1007,06/25/2026,39,3,1
R01,SKU-1007,26-Jun-26,35,1,1
R01,SKU-1007,06/27/2026,47,2,0
R01,SKU-1007,2026-06-28,32,1,0
R01,SKU-1007,06/29/2026,33,1,0
R01,SKU-1007,2026-06-30,24,1,0
R01,SKU-1070,2026-06-01,9,0,0
R01,SKU-1070,02-Jun-26,17,1,0
R01,SKU-1070,2026-06-03,12,1,0
R01,SKU-1070,06/04/2026,12,1,0
R01,SKU-1070,05-Jun-26,7,0,0
R01,SKU-1070,2026-06-06,11,1,1
R01,SKU-1070,2026-06-07,10,0,1
R01,SKU-1070,08-Jun-26,17,1,0
R01,SKU-1070,2026-06-09,16,1,1
R01,SKU-1070,2026-06-10,21,0,0
R01,SKU-1070,2026-06-11,12,0,0
R01,SKU-1070,2026-06-12,10,0,0
R01,SKU-1070,06/13/2026,13,1,0
R01,SKU-1070,14-Jun-26,7,0,1
R01,SKU-1070,2026-06-15,11,0,0
R01,SKU-1070,2026-06-16,18,0,1
R01,SKU-1070,17-Jun-26,13,0,0
R01,SKU-1070,06/18/2026,12,0,0
R01,SKU-1070,06/19/2026,9,0,0
R01,SKU-1070,2026-06-20,16,0,0
R01,SKU-1070,2026-06-21,11,0,0
R01,SKU-1070,2026-06-22,13,1,0
R01,SKU-1070,06/23/2026,10,1,0
R01,SKU-1070,2026-06-24,7,0,0
R01,SKU-1070,2026-06-25,8,1,1
R01,SKU-1070,26-Jun-26,9,0,0
R01,SKU-1070,06/27/2026,9,1,1
R01,SKU-1070,2026-06-28,11,0,0
R01,SKU-1070,2026-06-29,15,0,1
R01,SKU-1070,2026-06-30,8,0,0
R01,SKU-1238,2026-06-01,22,1,0
R01,SKU-1238,2026-06-02,27,1,0
R01,SKU-1238,2026-06-03,16,1,0
R01,SKU-1238,2026-06-04,20,1,0
R01,SKU-1238,2026-06-05,17,0,0
R01,SKU-1238,06-Jun-26,18,0,0
R01,SKU-1238,06/07/2026,22,1,0
R01,SKU-1238,2026-06-08,17,0,1
R01,SKU-1238,2026-06-09,26,0,0
R01,SKU-1238,10-Jun-26,24,1,0
R01,SKU-1238,06/11/2026,22,1,0
R01,SKU-1238,2026-06-12,27,0,0
R01,SKU-1238,2026-06-13,15,0,0
R01,SKU-1238,2026-06-14,17,1,0
R01,SKU-1238,2026-06-15,15,0,0
R01,SKU-1238,2026-06-16,18,0,0
R01,SKU-1238,06/17/2026,19,0,0
R01,SKU-1238,2026-06-18,18,1,0
R01,SKU-1238,19-Jun-26,22,0,0
R01,SKU-1238,2026-06-20,20,0,0
R01,SKU-1238,2026-06-21,26,1,0
R01,SKU-1238,06/22/2026,25,1,0
R01,SKU-1238,06/23/2026,18,1,0
R01,SKU-1238,2026-06-24,15,0,0
R01,SKU-1238,2026-06-25,12,0,0
R01,SKU-1238,2026-06-26,19,0,0
R01,SKU-1238,2026-06-27,14,1,1
R01,SKU-1238,28-Jun-26,20,0,0
R01,SKU-1238,2026-06-29,27,2,0
R01,SKU-1238,2026-06-30,27,1,0
R01,SKU-1154,2026-06-01,18,0,0
R01,SKU-1154,2026-06-02,18,0,0
R01,SKU-1154,06/03/2026,21,0,0
R01,SKU-1154,2026-06-04,12,1,0
R01,SKU-1154,2026-06-05,14,1,0
R01,SKU-1154,06/06/2026,22,0,0
R01,SKU-1154,2026-06-07,22,0,0
R01,SKU-1154,2026-06-08,21,0,1
R01,SKU-1154,2026-06-09,30,0,1
R01,SKU-1154,06/10/2026,15,0,1
R01,SKU-1154,2026-06-11,25,1,0
R01,SKU-1154,2026-06-12,14,0,0
R01,SKU-1154,2026-06-13,24,0,0
R01,SKU-1154,06/14/2026,21,1,0
R01,SKU-1154,2026-06-15,13,1,0
R01,SKU-1154,06/16/2026,17,0,0
R01,SKU-1154,17-Jun-26,19,1,0
R01,SKU-1154,2026-06-18,13,0,0
R01,SKU-1154,06/19/2026,18,0,1
R01,SKU-1154,2026-06-20,14,0,0
R01,SKU-1154,21-Jun-26,16,1,0
R01,SKU-1154,2026-06-22,19,0,0
R01,SKU-1154,06/23/2026,23,0,0
R01,SKU-1154,06/24/2026,27,1,0
R01,SKU-1154,2026-06-25,18,1,0
R01,SKU-1154,2026-06-26,17,0,0
R01,SKU-1154,2026-06-27,16,0,0
R01,SKU-1154,06/28/2026,21,0,0
R01,SKU-1154,06/29/2026,23,0,0
R01,SKU-1154,2026-06-30,30,0,0
R01,SKU-1273,2026-06-01,29,0,0
R01,SKU-1273,06/02/2026,39,0,1
R01,SKU-1273,2026-06-03,33,0,1
R01,SKU-1273,2026-06-04,45,1,0
R01,SKU-1273,06/05/2026,27,1,1
R01,SKU-1273,06/06/2026,40,0,0
R01,SKU-1273,2026-06-07,23,1,0
R01,SKU-1273,2026-06-08,34,1,0
R01,SKU-1273,2026-06-09,29,1,0
R01,SKU-1273,06/10/2026,31,0,0
R01,SKU-1273,2026-06-11,23,0,0
R01,SKU-1273,2026-06-12,25,2,0
R01,SKU-1273,2026-06-13,32,0,0
R01,SKU-1273,06/14/2026,32,0,0
R01,SKU-1273,2026-06-15,20,0,0
R01,SKU-1273,2026-06-16,25,1,0
R01,SKU-1273,2026-06-17,25,0,0
R01,SKU-1273,2026-06-18,31,0,0
R01,SKU-1273,2026-06-19,28,0,0
R01,SKU-1273,06/20/2026,30,0,0
R01,SKU-1273,2026-06-21,24,2,0
R01,SKU-1273,2026-06-22,28,2,0
R01,SKU-1273,2026-06-23,30,0,0
R01,SKU-1273,2026-06-24,27,2,0
R01,SKU-1273,2026-06-25,26,0,0
R01,SKU-1273,06/26/2026,22,0,0
R01,SKU-1273,06/27/2026,21,0,0
R01,SKU-1273,2026-06-28,31,0,0
R01,SKU-1273,2026-06-29,31,1,0
R01,SKU-1273,2026-06-30,28,0,0
R02,SKU-1119,06/01/2026,3,0,0
R02,SKU-1119,06/02/2026,5,0,0
R02,SKU-1119,2026-06-03,6,0,0
R02,SKU-1119,04-Jun-26,6,1,0
R02,SKU-1119,2026-06-05,3,0,0
R02,SKU-1119,06/06/2026,2,0,0
R02,SKU-1119,2026-06-07,2,0,0
R02,SKU-1119,06/08/2026,4,0,0
R02,SKU-1119,06/09/2026,8,1,0
R02,SKU-1119,10-Jun-26,5,0,0
R02,SKU-1119,2026-06-11,5,0,0
R02,SKU-1119,2026-06-12,1,1,0
R02,SKU-1119,13-Jun-26,5,0,1
R02,SKU-1119,2026-06-14,7,1,0
R02,SKU-1119,2026-06-15,6,0,0
R02,SKU-1119,16-Jun-26,8,2,0
R02,SKU-1119,17-Jun-26,4,0,0
R02,SKU-1119,2026-06-18,5,0,0
R02,SKU-1119,06/19/2026,3,0,1
R02,SKU-1119,20-Jun-26,3,1,0
R02,SKU-1119,2026-06-21,6,0,0
R02,SKU-1119,2026-06-22,3,0,0
R02,SKU-1119,2026-06-23,6,1,0
R02,SKU-1119,2026-06-24,7,0,1
R02,SKU-1119,2026-06-25,7,1,0
R02,SKU-1119,2026-06-26,6,0,0
R02,SKU-1119,27-Jun-26,1,0,0
R02,SKU-1119,06/28/2026,3,0,0
R02,SKU-1119,2026-06-29,0,1,0
R02,SKU-1119,06/30/2026,4,1,0
R02,SKU-1252,2026-06-01,36,1,0
R02,SKU-1252,2026-06-02,37,1,0
R02,SKU-1252,2026-06-03,33,0,0
R02,SKU-1252,2026-06-04,30,0,0
R02,SKU-1252,05-Jun-26,24,0,0
R02,SKU-1252,2026-06-06,35,0,0
R02,SKU-1252,07-Jun-26,32,0,0
R02,SKU-1252,06/08/2026,26,0,0
R02,SKU-1252,06/09/2026,21,0,1
R02,SKU-1252,2026-06-10,-35,0,0
R02,SKU-1252,06/11/2026,36,2,0
R02,SKU-1252,2026-06-12,18,0,0
R02,SKU-1252,2026-06-13,23,0,1
R02,SKU-1252,2026-06-14,32,0,0
R02,SKU-1252,2026-06-15,24,0,0
R02,SKU-1252,2026-06-16,25,1,0
R02,SKU-1252,2026-06-17,31,0,0
R02,SKU-1252,2026-06-18,41,1,0
R02,SKU-1252,2026-06-19,31,0,0
R02,SKU-1252,06/20/2026,25,0,0
R02,SKU-1252,06/21/2026,26,0,0
R02,SKU-1252,22-Jun-26,38,0,0
R02,SKU-1252,2026-06-23,37,0,0
R02,SKU-1252,24-Jun-26,34,0,0
R02,SKU-1252,2026-06-25,32,0,0
R02,SKU-1252,2026-06-26,28,0,0
R02,SKU-1252,2026-06-27,30,0,0
R02,SKU-1252,06/28/2026,31,0,0
R02,SKU-1252,06/29/2026,30,2,0
R02,SKU-1252,30-Jun-26,28,0,1
R02,SKU-1238,2026-06-01,13,1,0
R02,SKU-1238,06/02/2026,17,1,0
R02,SKU-1238,2026-06-03,17,0,0
R02,SKU-1238,2026-06-04,16,0,0
R02,SKU-1238,2026-06-05,22,1,0
R02,SKU-1238,2026-06-06,17,1,1
R02,SKU-1238,2026-06-07,17,0,1
R02,SKU-1238,08-Jun-26,13,0,0
R02,SKU-1238,09-Jun-26,17,0,0
R02,SKU-1238,2026-06-10,17,0,0
R02,SKU-1238,2026-06-11,15,1,0
R02,SKU-1238,2026-06-12,31,0,0
R02,SKU-1238,13-Jun-26,11,0,0
R02,SKU-1238,06/14/2026,14,0,0
R02,SKU-1238,06/15/2026,14,0,0
R02,SKU-1238,2026-06-16,17,0,0
R02,SKU-1238,17-Jun-26,10,0,0
R02,SKU-1238,06/18/2026,15,0,0
R02,SKU-1238,19-Jun-26,12,0,0
R02,SKU-1238,06/20/2026,14,0,0
R02,SKU-1238,2026-06-21,12,0,0
R02,SKU-1238,2026-06-22,25,0,0
R02,SKU-1238,2026-06-23,19,0,1
R02,SKU-1238,24-Jun-26,18,0,0
R02,SKU-1238,2026-06-25,20,0,1
R02,SKU-1238,2026-06-26,17,0,1
R02,SKU-1238,2026-06-27,19,1,1
R02,SKU-1238,06/28/2026,26,0,0
R02,SKU-1238,2026-06-29,20,0,0
R02,SKU-1238,2026-06-30,23,1,0
R02,SKU-1161,2026-06-01,13,2,0
R02,SKU-1161,2026-06-02,10,0,0
R02,SKU-1161,06/03/2026,10,1,0
R02,SKU-1161,06/04/2026,18,1,0
R02,SKU-1161,05-Jun-26,6,1,0
R02,SKU-1161,2026-06-06,14,1,0
R02,SKU-1161,06/07/2026,18,0,0
R02,SKU-1161,2026-06-08,14,0,0
R02,SKU-1161,2026-06-09,17,1,0
R02,SKU-1161,06/10/2026,10,1,0
R02,SKU-1161,11-Jun-26,10,0,0
R02,SKU-1161,2026-06-12,4,0,0
R02,SKU-1161,13-Jun-26,11,0,0
R02,SKU-1161,06/14/2026,11,0,0
R02,SKU-1161,15-Jun-26,6,0,0
R02,SKU-1161,2026-06-16,12,1,0
R02,SKU-1161,06/17/2026,9,0,0
R02,SKU-1161,2026-06-18,12,0,0
R02,SKU-1161,2026-06-19,12,1,0
R02,SKU-1161,06/20/2026,15,0,0
R02,SKU-1161,2026-06-21,15,1,0
R02,SKU-1161,2026-06-22,16,0,0
R02,SKU-1161,2026-06-23,20,0,0
R02,SKU-1161,24-Jun-26,22,0,0
R02,SKU-1161,06/25/2026,12,1,0
R02,SKU-1161,2026-06-26,14,1,0
R02,SKU-1161,2026-06-27,13,1,1
R02,SKU-1161,06/28/2026,10,1,1
R02,SKU-1161,29-Jun-26,13,1,0
R02,SKU-1161,2026-06-30,11,1,0
R02,SKU-1224,2026-06-01,28,1,0
R02,SKU-1224,2026-06-02,41,0,0
R02,SKU-1224,2026-06-03,30,0,0
R02,SKU-1224,06/04/2026,30,0,0
R02,SKU-1224,06/05/2026,42,0,0
R02,SKU-1224,06-Jun-26,25,0,0
R02,SKU-1224,06/07/2026,38,0,0
R02,SKU-1224,06/08/2026,31,2,0
R02,SKU-1224,2026-06-09,49,0,0
R02,SKU-1224,2026-06-10,27,0,0
R02,SKU-1224,2026-06-11,33,1,1
R02,SKU-1224,12-Jun-26,30,0,0
R02,SKU-1224,2026-06-13,28,0,0
R02,SKU-1224,2026-06-14,38,0,0
R02,SKU-1224,06/15/2026,31,0,0
R02,SKU-1224,06/16/2026,30,0,0
R02,SKU-1224,2026-06-17,40,0,0
R02,SKU-1224,2026-06-18,40,1,0
R02,SKU-1224,06/19/2026,29,0,0
R02,SKU-1224,2026-06-20,45,0,0
R02,SKU-1224,2026-06-21,27,0,0
R02,SKU-1224,2026-06-22,38,0,0
R02,SKU-1224,2026-06-23,29,2,0
R02,SKU-1224,2026-06-24,31,0,0
R02,SKU-1224,25-Jun-26,18,1,0
R02,SKU-1224,2026-06-26,24,0,0
R02,SKU-1224,2026-06-27,33,0,1
R02,SKU-1224,2026-06-28,39,0,0
R02,SKU-1224,29-Jun-26,25,0,0
R02,SKU-1224,2026-06-30,38,0,0
R02,SKU-1084,2026-06-01,18,1,0
R02,SKU-1084,2026-06-02,19,0,0
R02,SKU-1084,2026-06-03,19,1,0
R02,SKU-1084,04-Jun-26,19,0,0
R02,SKU-1084,2026-06-05,19,1,0
R02,SKU-1084,2026-06-06,23,0,0
R02,SKU-1084,2026-06-07,23,0,0
R02,SKU-1084,2026-06-08,26,0,1
R02,SKU-1084,2026-06-09,18,1,1
R02,SKU-1084,2026-06-10,23,0,0
R02,SKU-1084,06/11/2026,14,0,0
R02,SKU-1084,06/12/2026,14,1,0
R02,SKU-1084,2026-06-13,12,0,0
R02,SKU-1084,2026-06-14,17,0,0
R02,SKU-1084,06/15/2026,14,0,0
R02,SKU-1084,2026-06-16,19,0,0
R02,SKU-1084,06/17/2026,22,1,0
R02,SKU-1084,18-Jun-26,11,0,0
R02,SKU-1084,19-Jun-26,23,0,0
R02,SKU-1084,2026-06-20,15,0,0
R02,SKU-1084,2026-06-21,15,1,0
R02,SKU-1084,22-Jun-26,11,0,0
R02,SKU-1084,23-Jun-26,18,1,0
R02,SKU-1084,2026-06-24,12,0,0
R02,SKU-1084,2026-06-25,19,0,0
R02,SKU-1084,2026-06-26,22,0,0
R02,SKU-1084,2026-06-27,11,0,0
R02,SKU-1084,2026-06-28,12,1,0
R02,SKU-1084,2026-06-29,21,2,0
R02,SKU-1084,2026-06-30,16,0,0
R02,SKU-1028,2026-06-01,37,1,1
R02,SKU-1028,2026-06-02,42,0,0
R02,SKU-1028,03-Jun-26,45,0,0
R02,SKU-1028,2026-06-04,36,1,0
R02,SKU-1028,2026-06-05,37,1,0
R02,SKU-1028,2026-06-06,33,0,0
R02,SKU-1028,2026-06-07,33,0,0
R02,SKU-1028,2026-06-08,35,0,0
R02,SKU-1028,2026-06-09,27,0,0
R02,SKU-1028,2026-06-10,31,0,0
R02,SKU-1028,2026-06-11,29,0,0
R02,SKU-1028,12-Jun-26,38,0,0
R02,SKU-1028,06/13/2026,25,0,0
R02,SKU-1028,06/14/2026,32,0,0
R02,SKU-1028,15-Jun-26,26,1,0
R02,SKU-1028,2026-06-16,39,0,0
R02,SKU-1028,17-Jun-26,35,0,0
R02,SKU-1028,06/18/2026,39,0,0
R02,SKU-1028,19-Jun-26,29,0,1
R02,SKU-1028,06/20/2026,28,0,0
R02,SKU-1028,2026-06-21,35,0,0
R02,SKU-1028,06/22/2026,41,1,0
R02,SKU-1028,06/23/2026,33,1,0
R02,SKU-1028,2026-06-24,32,0,0
R02,SKU-1028,06/25/2026,35,1,0
R02,SKU-1028,2026-06-26,19,1,0
R02,SKU-1028,2026-06-27,31,1,0
R02,SKU-1028,2026-06-28,31,1,0
R02,SKU-1028,2026-06-29,21,0,0
R02,SKU-1028,30-Jun-26,49,0,0
R02,SKU-1140,2026-06-01,20,1,0
R02,SKU-1140,2026-06-02,17,0,0
R02,SKU-1140,06/03/2026,19,0,1
R02,SKU-1140,2026-06-04,22,1,0
R02,SKU-1140,2026-06-05,16,1,0
R02,SKU-1140,2026-06-06,24,1,0
R02,SKU-1140,2026-06-07,22,0,1
R02,SKU-1140,2026-06-08,26,1,0
R02,SKU-1140,2026-06-09,22,1,0
R02,SKU-1140,2026-06-10,14,0,0
R02,SKU-1140,11-Jun-26,29,1,0
R02,SKU-1140,2026-06-12,20,0,1
R02,SKU-1140,2026-06-13,18,0,0
R02,SKU-1140,2026-06-14,18,0,0
R02,SKU-1140,06/15/2026,15,0,0
R02,SKU-1140,06/16/2026,16,0,0
R02,SKU-1140,2026-06-17,25,1,0
R02,SKU-1140,2026-06-18,13,1,0
R02,SKU-1140,2026-06-19,20,0,0
R02,SKU-1140,2026-06-20,18,0,0
R02,SKU-1140,2026-06-21,18,0,0
R02,SKU-1140,06/22/2026,25,0,0
R02,SKU-1140,2026-06-23,11,0,0
R02,SKU-1140,2026-06-24,20,0,0
R02,SKU-1140,2026-06-25,17,2,0
R02,SKU-1140,06/26/2026,18,0,0
R02,SKU-1140,06/27/2026,21,0,0
R02,SKU-1140,2026-06-28,19,1,0
R02,SKU-1140,2026-06-29,8,2,0
R02,SKU-1140,2026-06-30,16,2,0
R02,SKU-1217,2026-06-01,22,1,0
R02,SKU-1217,2026-06-02,24,0,0
R02,SKU-1217,2026-06-03,14,0,0
R02,SKU-1217,2026-06-04,23,0,0
R02,SKU-1217,05-Jun-26,24,1,0
R02,SKU-1217,06-Jun-26,24,1,0
R02,SKU-1217,2026-06-07,16,0,0
R02,SKU-1217,08-Jun-26,9,0,0
R02,SKU-1217,2026-06-09,21,0,0
R02,SKU-1217,2026-06-10,24,1,0
R02,SKU-1217,2026-06-11,17,1,0
R02,SKU-1217,12-Jun-26,19,0,0
R02,SKU-1217,2026-06-13,25,0,0
R02,SKU-1217,2026-06-14,25,0,0
R02,SKU-1217,2026-06-15,22,0,0
R02,SKU-1217,2026-06-16,19,0,0
R02,SKU-1217,06/17/2026,26,0,0
R02,SKU-1217,2026-06-18,23,0,0
R02,SKU-1217,06/19/2026,23,0,1
R02,SKU-1217,2026-06-20,18,1,0
R02,SKU-1217,2026-06-21,28,0,0
R02,SKU-1217,2026-06-22,19,0,0
R02,SKU-1217,2026-06-23,21,0,1
R02,SKU-1217,2026-06-24,28,0,0
R02,SKU-1217,06/25/2026,20,1,0
R02,SKU-1217,06/26/2026,25,0,0
R02,SKU-1217,06/27/2026,23,0,0
R02,SKU-1217,2026-06-28,22,0,0
R02,SKU-1217,2026-06-29,20,0,0
R02,SKU-1217,2026-06-30,11,0,1
R02,SKU-1112,2026-06-01,12,2,0
R02,SKU-1112,06/02/2026,14,0,0
R02,SKU-1112,2026-06-03,13,0,1
R02,SKU-1112,2026-06-04,13,0,0
R02,SKU-1112,2026-06-05,19,0,0
R02,SKU-1112,2026-06-06,16,0,0
R02,SKU-1112,2026-06-07,11,0,0
R02,SKU-1112,2026-06-08,14,0,0
R02,SKU-1112,2026-06-09,19,0,0
R02,SKU-1112,2026-06-10,13,1,0
R02,SKU-1112,2026-06-11,12,0,0
R02,SKU-1112,06/12/2026,16,2,0
R02,SKU-1112,2026-06-13,15,0,1
R02,SKU-1112,2026-06-14,23,2,0
R02,SKU-1112,06/15/2026,14,1,0
R02,SKU-1112,06/16/2026,18,1,0
R02,SKU-1112,2026-06-17,18,0,0
R02,SKU-1112,06/18/2026,14,1,0
R02,SKU-1112,2026-06-19,13,0,1
R02,SKU-1112,2026-06-20,18,0,1
R02,SKU-1112,2026-06-21,10,0,0
R02,SKU-1112,2026-06-22,13,1,1
R02,SKU-1112,06/23/2026,15,0,0
R02,SKU-1112,06/24/2026,20,1,1
R02,SKU-1112,25-Jun-26,17,1,0
R02,SKU-1112,06/26/2026,12,0,0
R02,SKU-1112,2026-06-27,11,0,0
R02,SKU-1112,28-Jun-26,18,1,0
R02,SKU-1112,2026-06-29,19,1,0
R02,SKU-1112,2026-06-30,14,0,0
R02,SKU-1245,01-Jun-26,7,1,0
R02,SKU-1245,2026-06-02,3,1,0
R02,SKU-1245,03-Jun-26,10,0,0
R02,SKU-1245,2026-06-04,7,0,1
R02,SKU-1245,05-Jun-26,7,0,1
R02,SKU-1245,2026-06-06,6,2,0
R02,SKU-1245,07-Jun-26,8,0,0
R02,SKU-1245,08-Jun-26,8,0,1
R02,SKU-1245,2026-06-09,6,2,0
R02,SKU-1245,10-Jun-26,8,0,0
R02,SKU-1245,06/11/2026,4,0,1
R02,SKU-1245,06/12/2026,6,1,0
R02,SKU-1245,2026-06-13,13,0,0
R02,SKU-1245,06/14/2026,9,0,0
R02,SKU-1245,15-Jun-26,10,0,0
R02,SKU-1245,2026-06-16,7,0,0
R02,SKU-1245,2026-06-17,9,0,0
R02,SKU-1245,2026-06-18,6,1,0
R02,SKU-1245,2026-06-19,11,1,1
R02,SKU-1245,20-Jun-26,10,1,1
R02,SKU-1245,2026-06-21,12,0,0
R02,SKU-1245,2026-06-22,4,2,0
R02,SKU-1245,06/23/2026,8,0,1
R02,SKU-1245,24-Jun-26,6,0,0
R02,SKU-1245,06/25/2026,6,0,0
R02,SKU-1245,2026-06-26,8,0,0
R02,SKU-1245,2026-06-27,14,0,0
R02,SKU-1245,2026-06-28,12,0,0
R02,SKU-1245,29-Jun-26,10,0,1
R02,SKU-1245,2026-06-30,10,0,0
R02,SKU-1210,2026-06-01,9,0,0
R02,SKU-1210,2026-06-02,14,1,0
R02,SKU-1210,06/03/2026,8,0,0
R02,SKU-1210,06/04/2026,15,0,0
R02,SKU-1210,2026-06-05,13,0,0
R02,SKU-1210,06-Jun-26,16,0,0
R02,SKU-1210,07-Jun-26,14,0,0
R02,SKU-1210,2026-06-08,12,0,0
R02,SKU-1210,2026-06-09,11,1,0
R02,SKU-1210,2026-06-10,13,1,0
R02,SKU-1210,06/11/2026,10,0,0
R02,SKU-1210,06/12/2026,10,0,0
R02,SKU-1210,13-Jun-26,10,0,1
R02,SKU-1210,14-Jun-26,13,0,0
R02,SKU-1210,2026-06-15,10,0,0
R02,SKU-1210,06/16/2026,15,1,0
R02,SKU-1210,06/17/2026,15,0,0
R02,SKU-1210,2026-06-18,15,0,1
R02,SKU-1210,06/19/2026,15,0,0
R02,SKU-1210,2026-06-20,13,0,1
R02,SKU-1210,2026-06-21,18,1,0
R02,SKU-1210,2026-06-22,11,0,1
R02,SKU-1210,06/23/2026,19,0,0
R02,SKU-1210,2026-06-24,17,0,0
R02,SKU-1210,06/25/2026,17,0,0
R02,SKU-1210,2026-06-26,14,1,0
R02,SKU-1210,2026-06-27,12,0,0
R02,SKU-1210,2026-06-28,13,2,1
R02,SKU-1210,2026-06-29,21,0,0
R02,SKU-1210,2026-06-30,13,2,0
R02,SKU-1063,2026-06-01,28,0,0
R02,SKU-1063,2026-06-02,29,0,0
R02,SKU-1063,2026-06-03,33,0,0
R02,SKU-1063,2026-06-04,38,0,0
R02,SKU-1063,2026-06-05,35,0,0
R02,SKU-1063,2026-06-06,37,2,0
R02,SKU-1063,2026-06-07,44,1,0
R02,SKU-1063,2026-06-08,33,1,0
R02,SKU-1063,06/09/2026,27,0,0
R02,SKU-1063,2026-06-10,49,0,0
R02,SKU-1063,11-Jun-26,36,0,0
R02,SKU-1063,12-Jun-26,34,1,0
R02,SKU-1063,06/13/2026,30,0,0
R02,SKU-1063,06/14/2026,24,0,0
R02,SKU-1063,2026-06-15,30,0,0
R02,SKU-1063,2026-06-16,39,0,0
R02,SKU-1063,06/17/2026,33,0,0
R02,SKU-1063,2026-06-18,29,1,0
R02,SKU-1063,2026-06-19,33,0,1
R02,SKU-1063,2026-06-20,34,1,0
R02,SKU-1063,2026-06-21,28,0,0
R02,SKU-1063,06/22/2026,34,0,0
R02,SKU-1063,2026-06-23,28,1,1
R02,SKU-1063,06/24/2026,26,0,0
R02,SKU-1063,2026-06-25,41,0,0
R02,SKU-1063,26-Jun-26,29,0,0
R02,SKU-1063,2026-06-27,44,0,0
R02,SKU-1063,2026-06-28,40,0,0
R02,SKU-1063,2026-06-29,35,0,0
R02,SKU-1063,30-Jun-26,37,0,0
R02,SKU-1203,2026-06-01,21,1,0
R02,SKU-1203,2026-06-02,24,1,0
R02,SKU-1203,2026-06-03,19,0,1
R02,SKU-1203,04-Jun-26,19,0,0
R02,SKU-1203,2026-06-05,25,0,0
R02,SKU-1203,06-Jun-26,20,0,0
R02,SKU-1203,2026-06-07,20,1,0
R02,SKU-1203,06/08/2026,28,3,0
R02,SKU-1203,2026-06-09,20,0,1
R02,SKU-1203,2026-06-10,21,0,0
R02,SKU-1203,11-Jun-26,21,0,0
R02,SKU-1203,2026-06-12,31,2,0
R02,SKU-1203,2026-06-13,23,0,0
R02,SKU-1203,14-Jun-26,31,0,0
R02,SKU-1203,2026-06-15,32,1,0
R02,SKU-1203,06/16/2026,21,0,0
R02,SKU-1203,2026-06-17,17,0,0
R02,SKU-1203,2026-06-18,22,0,0
R02,SKU-1203,2026-06-19,15,0,0
R02,SKU-1203,06/20/2026,27,0,0
R02,SKU-1203,06/21/2026,21,1,0
R02,SKU-1203,2026-06-22,26,0,0
R02,SKU-1203,2026-06-23,17,0,0
R02,SKU-1203,06/24/2026,28,0,0
R02,SKU-1203,06/25/2026,15,0,0
R02,SKU-1203,06/26/2026,22,0,0
R02,SKU-1203,2026-06-27,20,0,0
R02,SKU-1203,2026-06-28,26,0,0
R02,SKU-1203,2026-06-29,27,1,0
R02,SKU-1203,30-Jun-26,19,0,0
R02,SKU-1021,01-Jun-26,23,1,0
R02,SKU-1021,2026-06-02,36,0,0
R02,SKU-1021,06/03/2026,23,0,0
R02,SKU-1021,04-Jun-26,29,0,0
R02,SKU-1021,05-Jun-26,31,0,0
R02,SKU-1021,2026-06-06,30,1,0
R02,SKU-1021,07-Jun-26,29,0,1
R02,SKU-1021,06/08/2026,23,0,1
R02,SKU-1021,06/09/2026,24,0,0
R02,SKU-1021,2026-06-10,22,1,0
R02,SKU-1021,06/11/2026,33,0,0
R02,SKU-1021,2026-06-12,19,0,0
R02,SKU-1021,2026-06-13,15,1,0
R02,SKU-1021,2026-06-14,33,2,1
R02,SKU-1021,15-Jun-26,17,0,0
R02,SKU-1021,06/16/2026,25,0,0
R02,SKU-1021,06/17/2026,34,0,0
R02,SKU-1021,2026-06-18,25,0,0
R02,SKU-1021,2026-06-19,33,0,0
R02,SKU-1021,06/20/2026,27,2,0
R02,SKU-1021,2026-06-21,29,0,0
R02,SKU-1021,06/22/2026,18,0,0
R02,SKU-1021,2026-06-23,25,1,0
R02,SKU-1021,2026-06-24,24,1,0
R02,SKU-1021,06/25/2026,29,0,0
R02,SKU-1021,26-Jun-26,30,0,0
R02,SKU-1021,2026-06-27,26,0,0
R02,SKU-1021,06/28/2026,30,0,0
R02,SKU-1021,2026-06-29,32,0,1
R02,SKU-1021,2026-06-30,34,0,1
R02,SKU-1189,01-Jun-26,16,0,0
R02,SKU-1189,2026-06-02,19,0,0
R02,SKU-1189,2026-06-03,23,0,0
R02,SKU-1189,06/04/2026,26,1,1
R02,SKU-1189,06/05/2026,17,2,0
R02,SKU-1189,06-Jun-26,17,0,0
R02,SKU-1189,06/07/2026,21,1,0
R02,SKU-1189,2026-06-08,26,0,1
R02,SKU-1189,2026-06-09,17,0,0
R02,SKU-1189,10-Jun-26,22,0,0
R02,SKU-1189,2026-06-11,27,1,0
R02,SKU-1189,06/12/2026,23,0,0
R02,SKU-1189,06/13/2026,21,0,0
R02,SKU-1189,06/14/2026,18,1,0
R02,SKU-1189,06/15/2026,23,0,0
R02,SKU-1189,2026-06-16,13,0,1
R02,SKU-1189,06/17/2026,24,0,0
R02,SKU-1189,06/18/2026,21,0,0
R02,SKU-1189,2026-06-19,18,1,0
R02,SKU-1189,2026-06-20,21,1,0
R02,SKU-1189,06/21/2026,30,0,1
R02,SKU-1189,06/22/2026,20,2,0
R02,SKU-1189,06/23/2026,23,0,0
R02,SKU-1189,2026-06-24,21,0,0
R02,SKU-1189,25-Jun-26,19,0,0
R02,SKU-1189,2026-06-26,11,1,0
R02,SKU-1189,2026-06-27,25,0,0
R02,SKU-1189,28-Jun-26,13,0,0
R02,SKU-1189,29-Jun-26,15,0,0
R02,SKU-1189,2026-06-30,18,1,0
R02,SKU-1175,01-Jun-26,23,1,0
R02,SKU-1175,06/02/2026,35,1,0
R02,SKU-1175,2026-06-03,22,0,0
R02,SKU-1175,2026-06-04,25,0,0
R02,SKU-1175,2026-06-05,29,0,1
R02,SKU-1175,2026-06-06,23,0,0
R02,SKU-1175,2026-06-07,19,0,0
R02,SKU-1175,2026-06-08,26,0,0
R02,SKU-1175,09-Jun-26,14,0,0
R02,SKU-1175,06/10/2026,22,0,0
R02,SKU-1175,2026-06-11,20,1,0
R02,SKU-1175,2026-06-12,30,0,0
R02,SKU-1175,06/13/2026,29,1,0
R02,SKU-1175,2026-06-14,22,0,0
R02,SKU-1175,06/15/2026,17,0,0
R02,SKU-1175,06/16/2026,26,2,0
R02,SKU-1175,2026-06-17,32,2,0
R02,SKU-1175,2026-06-18,23,1,0
R02,SKU-1175,2026-06-19,24,1,0
R02,SKU-1175,2026-06-20,22,0,0
R02,SKU-1175,2026-06-21,34,1,0
R02,SKU-1175,2026-06-22,27,0,0
R02,SKU-1175,06/23/2026,24,1,0
R02,SKU-1175,2026-06-24,30,1,1
R02,SKU-1175,2026-06-25,20,2,1
R02,SKU-1175,2026-06-26,21,0,0
R02,SKU-1175,2026-06-27,30,1,0
R02,SKU-1175,06/28/2026,27,0,0
R02,SKU-1175,06/29/2026,31,1,0
R02,SKU-1175,06/30/2026,26,0,0
R02,SKU-1042,06/01/2026,22,0,0
R02,SKU-1042,02-Jun-26,21,0,0
R02,SKU-1042,03-Jun-26,26,1,0
R02,SKU-1042,04-Jun-26,31,2,0
R02,SKU-1042,2026-06-05,38,1,0
R02,SKU-1042,2026-06-06,38,0,0
R02,SKU-1042,2026-06-07,25,1,0
R02,SKU-1042,06/08/2026,26,0,0
R02,SKU-1042,09-Jun-26,23,0,0
R02,SKU-1042,2026-06-10,25,0,0
R02,SKU-1042,06/11/2026,26,0,0
R02,SKU-1042,2026-06-12,30,1,0
R02,SKU-1042,13-Jun-26,16,1,0
R02,SKU-1042,2026-06-14,26,1,0
R02,SKU-1042,2026-06-15,32,1,0
R02,SKU-1042,2026-06-16,30,0,0
R02,SKU-1042,2026-06-17,24,2,0
R02,SKU-1042,2026-06-18,29,0,0
R02,SKU-1042,19-Jun-26,18,1,0
R02,SKU-1042,06/20/2026,20,0,0
R02,SKU-1042,06/21/2026,24,0,0
R02,SKU-1042,2026-06-22,22,2,0
R02,SKU-1042,2026-06-23,30,0,1
R02,SKU-1042,2026-06-24,30,0,1
R02,SKU-1042,2026-06-25,23,0,0
R02,SKU-1042,2026-06-26,26,1,0
R02,SKU-1042,2026-06-27,20,0,0
R02,SKU-1042,06/28/2026,27,1,0
R02,SKU-1042,2026-06-29,27,1,0
R02,SKU-1042,30-Jun-26,23,1,0
R02,SKU-1007,2026-06-01,10,0,0
R02,SKU-1007,06/02/2026,13,1,1
R02,SKU-1007,06/03/2026,16,0,0
R02,SKU-1007,2026-06-04,8,1,0
R02,SKU-1007,2026-06-05,14,0,0
R02,SKU-1007,2026-06-06,15,1,0
R02,SKU-1007,2026-06-07,13,0,0
R02,SKU-1007,06/08/2026,10,0,0
R02,SKU-1007,09-Jun-26,7,0,0
R02,SKU-1007,2026-06-10,11,0,0
R02,SKU-1007,2026-06-11,17,0,0
R02,SKU-1007,2026-06-12,13,0,0
R02,SKU-1007,2026-06-13,16,1,0
R02,SKU-1007,06/14/2026,7,0,0
R02,SKU-1007,06/15/2026,16,1,0
R02,SKU-1007,06/16/2026,16,1,0
R02,SKU-1007,2026-06-17,21,1,0
R02,SKU-1007,2026-06-18,19,0,0
R02,SKU-1007,06/19/2026,15,1,0
R02,SKU-1007,06/20/2026,9,0,0
R02,SKU-1007,2026-06-21,13,2,0
R02,SKU-1007,22-Jun-26,15,0,0
R02,SKU-1007,2026-06-23,9,0,0
R02,SKU-1007,06/24/2026,15,1,0
R02,SKU-1007,06/25/2026,13,0,1
R02,SKU-1007,2026-06-26,14,0,1
R02,SKU-1007,06/27/2026,9,0,0
R02,SKU-1007,2026-06-28,12,0,0
R02,SKU-1007,06/29/2026,15,1,0
R02,SKU-1007,30-Jun-26,10,0,1
R02,SKU-1126,06/01/2026,29,0,0
R02,SKU-1126,2026-06-02,36,0,1
R02,SKU-1126,2026-06-03,23,1,0
R02,SKU-1126,06/04/2026,31,1,0
R02,SKU-1126,05-Jun-26,32,2,0
R02,SKU-1126,06/06/2026,33,0,0
R02,SKU-1126,2026-06-07,36,1,0
R02,SKU-1126,2026-06-08,31,1,0
R02,SKU-1126,2026-06-09,28,0,0
R02,SKU-1126,10-Jun-26,32,0,0
R02,SKU-1126,2026-06-11,29,0,0
R02,SKU-1126,06/12/2026,26,1,0
R02,SKU-1126,13-Jun-26,27,0,0
R02,SKU-1126,06/14/2026,30,2,0
R02,SKU-1126,2026-06-15,33,1,0
R02,SKU-1126,2026-06-16,26,1,0
R02,SKU-1126,17-Jun-26,31,0,0
R02,SKU-1126,18-Jun-26,27,1,0
R02,SKU-1126,19-Jun-26,27,0,0
R02,SKU-1126,2026-06-20,33,0,0
R02,SKU-1126,2026-06-21,22,2,0
R02,SKU-1126,22-Jun-26,32,0,0
R02,SKU-1126,2026-06-23,28,0,0
R02,SKU-1126,06/24/2026,36,0,0
R02,SKU-1126,2026-06-25,20,0,1
R02,SKU-1126,2026-06-26,29,0,0
R02,SKU-1126,06/27/2026,35,0,0
R02,SKU-1126,06/28/2026,31,1,0
R02,SKU-1126,29-Jun-26,40,1,0
R02,SKU-1126,2026-06-30,38,0,0
R02,SKU-1273,2026-06-01,26,0,0
R02,SKU-1273,2026-06-02,21,0,0
R02,SKU-1273,2026-06-03,19,1,1
R02,SKU-1273,2026-06-04,18,0,0
R02,SKU-1273,2026-06-05,23,1,0
R02,SKU-1273,2026-06-06,24,0,0
R02,SKU-1273,06/07/2026,27,0,0
R02,SKU-1273,2026-06-08,20,2,0
R02,SKU-1273,2026-06-09,19,0,0
R02,SKU-1273,06/10/2026,22,1,0
R02,SKU-1273,11-Jun-26,15,0,0
R02,SKU-1273,12-Jun-26,18,0,0
R02,SKU-1273,13-Jun-26,17,0,0
R02,SKU-1273,2026-06-14,21,0,0
R02,SKU-1273,2026-06-15,22,0,0
R02,SKU-1273,16-Jun-26,24,0,0
R02,SKU-1273,2026-06-17,23,1,0
R02,SKU-1273,2026-06-18,22,0,0
R02,SKU-1273,19-Jun-26,19,1,0
R02,SKU-1273,2026-06-20,21,1,0
R02,SKU-1273,2026-06-21,23,0,0
R02,SKU-1273,06/22/2026,25,0,0
R02,SKU-1273,2026-06-23,31,0,0
R02,SKU-1273,06/24/2026,22,0,0
R02,SKU-1273,2026-06-25,15,0,0
R02,SKU-1273,06/26/2026,25,0,0
R02,SKU-1273,2026-06-27,18,0,0
R02,SKU-1273,06/28/2026,18,0,0
R02,SKU-1273,06/29/2026,27,0,0
R02,SKU-1273,2026-06-30,18,0,0
R02,SKU-1056,06/01/2026,13,0,0
R02,SKU-1056,2026-06-02,15,0,1
R02,SKU-1056,06/03/2026,10,0,0
R02,SKU-1056,04-Jun-26,19,0,0
R02,SKU-1056,2026-06-05,23,1,0
R02,SKU-1056,2026-06-06,15,0,0
R02,SKU-1056,07-Jun-26,13,0,1
R02,SKU-1056,2026-06-08,15,0,0
R02,SKU-1056,06/09/2026,14,0,0
R02,SKU-1056,2026-06-10,32,1,0
R02,SKU-1056,11-Jun-26,16,1,0
R02,SKU-1056,2026-06-12,18,1,0
R02,SKU-1056,06/13/2026,12,1,0
R02,SKU-1056,14-Jun-26,18,0,0
R02,SKU-1056,2026-06-15,18,2,0
R02,SKU-1056,2026-06-16,25,1,0
R02,SKU-1056,2026-06-17,12,0,0
R02,SKU-1056,2026-06-18,15,2,0
R02,SKU-1056,2026-06-19,18,0,0
R02,SKU-1056,06/20/2026,17,0,0
R02,SKU-1056,21-Jun-26,19,1,1
R02,SKU-1056,22-Jun-26,17,1,0
R02,SKU-1056,2026-06-23,24,0,0
R02,SKU-1056,2026-06-24,14,0,0
R02,SKU-1056,2026-06-25,16,0,0
R02,SKU-1056,26-Jun-26,17,0,0
R02,SKU-1056,2026-06-27,25,1,0
R02,SKU-1056,2026-06-28,14,0,0
R02,SKU-1056,06/29/2026,11,0,0
R02,SKU-1056,2026-06-30,11,2,0
R02,SKU-1280,06/01/2026,21,0,0
R02,SKU-1280,2026-06-02,26,0,0
R02,SKU-1280,2026-06-03,13,1,1
R02,SKU-1280,06/04/2026,15,0,0
R02,SKU-1280,2026-06-05,16,1,0
R02,SKU-1280,2026-06-06,19,0,1
R02,SKU-1280,06/07/2026,19,0,0
R02,SKU-1280,08-Jun-26,30,0,0
R02,SKU-1280,06/09/2026,19,0,0
R02,SKU-1280,2026-06-10,23,0,0
R02,SKU-1280,2026-06-11,20,0,0
R02,SKU-1280,2026-06-12,12,1,0
R02,SKU-1280,06/13/2026,24,1,0
R02,SKU-1280,06/14/2026,23,1,0
R02,SKU-1280,06/15/2026,16,0,0
R02,SKU-1280,2026-06-16,25,0,0
R02,SKU-1280,2026-06-17,20,0,1
R02,SKU-1280,2026-06-18,19,0,1
R02,SKU-1280,2026-06-19,11,0,1
R02,SKU-1280,2026-06-20,21,0,0
R02,SKU-1280,21-Jun-26,17,0,1
R02,SKU-1280,22-Jun-26,16,0,0
R02,SKU-1280,06/23/2026,16,1,0
R02,SKU-1280,2026-06-24,13,1,0
R02,SKU-1280,2026-06-25,26,1,0
R02,SKU-1280,06/26/2026,15,1,0
R02,SKU-1280,2026-06-27,24,0,0
R02,SKU-1280,2026-06-28,23,0,0
R02,SKU-1280,06/29/2026,19,1,0
R02,SKU-1280,06/30/2026,16,0,0
R02,SKU-1259,06/01/2026,25,0,0
R02,SKU-1259,2026-06-02,22,0,1
R02,SKU-1259,2026-06-03,23,0,0
R02,SKU-1259,06/04/2026,26,0,0
R02,SKU-1259,06/05/2026,28,0,0
R02,SKU-1259,2026-06-06,20,0,1
R02,SKU-1259,06/07/2026,18,0,0
R02,SKU-1259,2026-06-08,24,0,0
R02,SKU-1259,2026-06-09,24,1,0
R02,SKU-1259,2026-06-10,17,0,0
R02,SKU-1259,2026-06-11,27,0,0
R02,SKU-1259,2026-06-12,29,0,0
R02,SKU-1259,2026-06-13,20,0,0
R02,SKU-1259,06/14/2026,25,0,0
R02,SKU-1259,2026-06-15,24,0,0
R02,SKU-1259,2026-06-16,16,0,0
R02,SKU-1259,2026-06-17,17,1,0
R02,SKU-1259,2026-06-18,24,0,0
R02,SKU-1259,19-Jun-26,29,2,0
R02,SKU-1259,06/20/2026,24,0,0
R02,SKU-1259,2026-06-21,25,0,0
R02,SKU-1259,2026-06-22,27,1,0
R02,SKU-1259,2026-06-23,25,1,0
R02,SKU-1259,2026-06-24,30,0,0
R02,SKU-1259,2026-06-25,38,0,0
R02,SKU-1259,2026-06-26,27,0,0
R02,SKU-1259,06/27/2026,23,1,0
R02,SKU-1259,2026-06-28,30,0,1
R02,SKU-1259,2026-06-29,18,1,0
R02,SKU-1259,06/30/2026,25,1,0
R03,SKU-1091,2026-06-01,15,1,0
R03,SKU-1091,2026-06-02,13,0,0
R03,SKU-1091,03-Jun-26,7,0,0
R03,SKU-1091,2026-06-04,13,1,0
R03,SKU-1091,05-Jun-26,15,0,0
R03,SKU-1091,2026-06-06,14,0,0
R03,SKU-1091,07-Jun-26,12,0,0
R03,SKU-1091,06/08/2026,12,1,1
R03,SKU-1091,2026-06-09,12,2,0
R03,SKU-1091,2026-06-10,13,1,0
R03,SKU-1091,2026-06-11,10,0,0
R03,SKU-1091,2026-06-12,7,0,1
R03,SKU-1091,2026-06-13,16,1,0
R03,SKU-1091,2026-06-14,10,0,0
R03,SKU-1091,2026-06-15,13,2,0
R03,SKU-1091,06/16/2026,15,0,1
R03,SKU-1091,2026-06-17,12,0,0
R03,SKU-1091,06/18/2026,7,0,0
R03,SKU-1091,2026-06-19,2,1,1
R03,SKU-1091,06/20/2026,7,1,0
R03,SKU-1091,2026-06-21,14,0,0
R03,SKU-1091,2026-06-22,15,0,0
R03,SKU-1091,2026-06-23,10,0,0
R03,SKU-1091,2026-06-24,12,1,0
R03,SKU-1091,2026-06-25,17,0,0
R03,SKU-1091,06/26/2026,8,0,0
R03,SKU-1091,2026-06-27,16,1,0
R03,SKU-1091,06/28/2026,13,1,0
R03,SKU-1091,2026-06-29,6,1,0
R03,SKU-1091,30-Jun-26,20,0,0
R03,SKU-1140,2026-06-01,35,0,0
R03,SKU-1140,02-Jun-26,30,0,0
R03,SKU-1140,2026-06-03,29,0,0
R03,SKU-1140,06/04/2026,28,0,0
R03,SKU-1140,2026-06-05,24,0,0
R03,SKU-1140,2026-06-06,25,2,0
R03,SKU-1140,06/07/2026,19,0,0
R03,SKU-1140,2026-06-08,24,0,0
R03,SKU-1140,2026-06-09,30,0,0
R03,SKU-1140,06/10/2026,21,1,0
R03,SKU-1140,2026-06-11,28,0,1
R03,SKU-1140,2026-06-12,38,1,1
R03,SKU-1140,13-Jun-26,21,1,0
R03,SKU-1140,2026-06-14,27,0,0
R03,SKU-1140,2026-06-15,24,0,1
R03,SKU-1140,2026-06-16,19,0,0
R03,SKU-1140,17-Jun-26,36,0,0
R03,SKU-1140,2026-06-18,22,0,0
R03,SKU-1140,2026-06-19,27,0,0
R03,SKU-1140,06/20/2026,23,0,0
R03,SKU-1140,06/21/2026,26,0,0
R03,SKU-1140,22-Jun-26,27,0,0
R03,SKU-1140,2026-06-23,27,2,0
R03,SKU-1140,2026-06-24,29,1,0
R03,SKU-1140,2026-06-25,24,1,0
R03,SKU-1140,06/26/2026,31,2,0
R03,SKU-1140,2026-06-27,31,0,1
R03,SKU-1140,2026-06-28,27,0,0
R03,SKU-1140,2026-06-29,26,0,1
R03,SKU-1140,30-Jun-26,24,0,0
R03,SKU-1035,06/01/2026,30,0,0
R03,SKU-1035,02-Jun-26,20,0,0
R03,SKU-1035,03-Jun-26,40,1,0
R03,SKU-1035,04-Jun-26,29,1,0
R03,SKU-1035,2026-06-05,26,1,0
R03,SKU-1035,06/06/2026,35,1,0
R03,SKU-1035,2026-06-07,28,1,0
R03,SKU-1035,08-Jun-26,30,0,0
R03,SKU-1035,09-Jun-26,29,0,0
R03,SKU-1035,2026-06-10,24,0,0
R03,SKU-1035,2026-06-11,25,0,1
R03,SKU-1035,06/12/2026,31,0,1
R03,SKU-1035,2026-06-13,18,1,0
R03,SKU-1035,2026-06-14,27,0,0
R03,SKU-1035,06/15/2026,24,0,0
R03,SKU-1035,06/16/2026,29,1,0
R03,SKU-1035,2026-06-17,30,0,0
R03,SKU-1035,06/18/2026,20,0,0
R03,SKU-1035,19-Jun-26,20,0,0
R03,SKU-1035,20-Jun-26,23,0,0
R03,SKU-1035,06/21/2026,20,0,0
R03,SKU-1035,22-Jun-26,33,1,1
R03,SKU-1035,2026-06-23,25,1,0
R03,SKU-1035,2026-06-24,29,0,0
R03,SKU-1035,2026-06-25,16,0,1
R03,SKU-1035,2026-06-26,25,0,0
R03,SKU-1035,2026-06-27,31,0,0
R03,SKU-1035,2026-06-28,28,0,0
R03,SKU-1035,2026-06-29,21,1,0
R03,SKU-1035,2026-06-30,27,1,0
R03,SKU-1098,2026-06-01,32,1,0
R03,SKU-1098,2026-06-02,22,1,0
R03,SKU-1098,03-Jun-26,26,0,0
R03,SKU-1098,04-Jun-26,29,0,1
R03,SKU-1098,06/05/2026,41,1,0
R03,SKU-1098,06/06/2026,25,0,0
R03,SKU-1098,2026-06-07,25,1,0
R03,SKU-1098,2026-06-08,29,0,0
R03,SKU-1098,06/09/2026,25,1,0
R03,SKU-1098,06/10/2026,33,1,0
R03,SKU-1098,11-Jun-26,25,0,0
R03,SKU-1098,2026-06-12,29,0,0
R03,SKU-1098,2026-06-13,26,2,0
R03,SKU-1098,2026-06-14,26,0,0
R03,SKU-1098,15-Jun-26,29,0,1
R03,SKU-1098,2026-06-16,21,0,0
R03,SKU-1098,06/17/2026,24,0,0
R03,SKU-1098,2026-06-18,25,0,1
R03,SKU-1098,06/19/2026,21,1,0
R03,SKU-1098,2026-06-20,32,1,0
R03,SKU-1098,21-Jun-26,29,0,0
R03,SKU-1098,2026-06-22,31,0,0
R03,SKU-1098,2026-06-23,28,0,0
R03,SKU-1098,06/24/2026,27,0,0
R03,SKU-1098,2026-06-25,22,1,1
R03,SKU-1098,26-Jun-26,31,0,0
R03,SKU-1098,06/27/2026,24,0,1
R03,SKU-1098,28-Jun-26,29,1,0
R03,SKU-1098,29-Jun-26,21,0,0
R03,SKU-1098,30-Jun-26,35,0,0
R03,SKU-1049,06/01/2026,14,1,0
R03,SKU-1049,2026-06-02,5,1,0
R03,SKU-1049,2026-06-03,15,1,1
R03,SKU-1049,04-Jun-26,15,1,0
R03,SKU-1049,06/05/2026,15,1,0
R03,SKU-1049,2026-06-06,9,0,0
R03,SKU-1049,06/07/2026,6,0,0
R03,SKU-1049,2026-06-08,14,0,0
R03,SKU-1049,09-Jun-26,10,1,0
R03,SKU-1049,06/10/2026,12,0,0
R03,SKU-1049,06/11/2026,13,0,0
R03,SKU-1049,06/12/2026,13,0,1
R03,SKU-1049,2026-06-13,10,0,0
R03,SKU-1049,2026-06-14,17,1,0
R03,SKU-1049,2026-06-15,12,0,0
R03,SKU-1049,06/16/2026,13,2,0
R03,SKU-1049,2026-06-17,16,0,1
R03,SKU-1049,2026-06-18,11,1,0
R03,SKU-1049,19-Jun-26,12,1,0
R03,SKU-1049,06/20/2026,12,0,0
R03,SKU-1049,2026-06-21,16,0,0
R03,SKU-1049,2026-06-22,12,1,0
R03,SKU-1049,2026-06-23,6,0,0
R03,SKU-1049,06/24/2026,11,0,0
R03,SKU-1049,2026-06-25,7,0,0
R03,SKU-1049,06/26/2026,14,1,0
R03,SKU-1049,2026-06-27,12,1,1
R03,SKU-1049,06/28/2026,14,2,0
R03,SKU-1049,2026-06-29,8,2,0
R03,SKU-1049,30-Jun-26,15,0,0
R03,SKU-1161,2026-06-01,28,1,0
R03,SKU-1161,2026-06-02,26,1,1
R03,SKU-1161,2026-06-03,36,0,0
R03,SKU-1161,2026-06-04,24,1,0
R03,SKU-1161,05-Jun-26,26,1,0
R03,SKU-1161,2026-06-06,37,0,0
R03,SKU-1161,07-Jun-26,37,1,0
R03,SKU-1161,2026-06-08,36,0,0
R03,SKU-1161,09-Jun-26,25,0,0
R03,SKU-1161,06/10/2026,26,0,0
R03,SKU-1161,2026-06-11,32,0,0
R03,SKU-1161,2026-06-12,29,0,0
R03,SKU-1161,2026-06-13,38,2,0
R03,SKU-1161,2026-06-14,30,1,0
R03,SKU-1161,2026-06-15,23,0,0
R03,SKU-1161,2026-06-16,35,0,0
R03,SKU-1161,2026-06-17,28,2,0
R03,SKU-1161,2026-06-18,30,0,0
R03,SKU-1161,19-Jun-26,17,1,0
R03,SKU-1161,20-Jun-26,24,0,0
R03,SKU-1161,2026-06-21,23,1,0
R03,SKU-1161,2026-06-22,37,1,0
R03,SKU-1161,2026-06-23,35,0,0
R03,SKU-1161,2026-06-24,27,0,0
R03,SKU-1161,2026-06-25,33,0,0
R03,SKU-1161,2026-06-26,29,1,0
R03,SKU-1161,2026-06-27,44,0,0
R03,SKU-1161,2026-06-28,20,0,0
R03,SKU-1161,2026-06-29,50,1,0
R03,SKU-1161,06/30/2026,33,0,0
R03,SKU-1063,2026-06-01,13,1,0
R03,SKU-1063,2026-06-02,2,1,0
R03,SKU-1063,2026-06-03,7,1,0
R03,SKU-1063,06/04/2026,14,0,0
R03,SKU-1063,06/05/2026,7,1,0
R03,SKU-1063,06/06/2026,7,0,1
R03,SKU-1063,2026-06-07,5,0,0
R03,SKU-1063,2026-06-08,5,1,0
R03,SKU-1063,2026-06-09,8,0,1
R03,SKU-1063,2026-06-10,8,0,0
R03,SKU-1063,2026-06-11,6,0,1
R03,SKU-1063,12-Jun-26,6,0,0
R03,SKU-1063,2026-06-13,6,0,0
R03,SKU-1063,2026-06-14,2,2,0
R03,SKU-1063,2026-06-15,5,0,0
R03,SKU-1063,16-Jun-26,5,0,1
R03,SKU-1063,2026-06-17,5,0,0
R03,SKU-1063,2026-06-18,7,0,0
R03,SKU-1063,19-Jun-26,6,0,0
R03,SKU-1063,2026-06-20,10,0,0
R03,SKU-1063,2026-06-21,10,0,0
R03,SKU-1063,2026-06-22,4,0,0
R03,SKU-1063,06/23/2026,11,0,0
R03,SKU-1063,2026-06-24,10,0,0
R03,SKU-1063,2026-06-25,10,0,0
R03,SKU-1063,06/26/2026,5,0,0
R03,SKU-1063,27-Jun-26,9,0,0
R03,SKU-1063,2026-06-28,9,0,0
R03,SKU-1063,2026-06-29,11,0,0
R03,SKU-1063,06/30/2026,6,1,0
R03,SKU-1224,2026-06-01,18,2,0
R03,SKU-1224,2026-06-02,17,0,0
R03,SKU-1224,2026-06-03,22,0,0
R03,SKU-1224,2026-06-04,9,0,0
R03,SKU-1224,2026-06-05,13,1,0
R03,SKU-1224,2026-06-06,15,1,0
R03,SKU-1224,2026-06-07,18,0,0
R03,SKU-1224,2026-06-08,18,1,0
R03,SKU-1224,2026-06-09,14,0,0
R03,SKU-1224,2026-06-10,13,0,0
R03,SKU-1224,06/11/2026,12,0,0
R03,SKU-1224,2026-06-12,17,1,0
R03,SKU-1224,13-Jun-26,15,0,0
R03,SKU-1224,2026-06-14,18,0,1
R03,SKU-1224,2026-06-15,27,1,0
R03,SKU-1224,16-Jun-26,10,1,0
R03,SKU-1224,17-Jun-26,12,0,0
R03,SKU-1224,06/18/2026,21,0,0
R03,SKU-1224,2026-06-19,9,0,0
R03,SKU-1224,06/20/2026,14,2,0
R03,SKU-1224,2026-06-21,12,0,0
R03,SKU-1224,06/22/2026,16,0,0
R03,SKU-1224,06/23/2026,19,2,1
R03,SKU-1224,2026-06-24,15,1,1
R03,SKU-1224,2026-06-25,14,0,0
R03,SKU-1224,2026-06-26,15,0,1
R03,SKU-1224,2026-06-27,16,0,0
R03,SKU-1224,28-Jun-26,16,0,0
R03,SKU-1224,29-Jun-26,20,0,0
R03,SKU-1224,2026-06-30,17,1,0
R03,SKU-1084,01-Jun-26,17,1,0
R03,SKU-1084,06/02/2026,10,0,0
R03,SKU-1084,2026-06-03,11,0,0
R03,SKU-1084,06/04/2026,10,0,0
R03,SKU-1084,06/05/2026,13,0,0
R03,SKU-1084,06/06/2026,14,0,0
R03,SKU-1084,2026-06-07,16,0,0
R03,SKU-1084,2026-06-08,12,0,0
R03,SKU-1084,2026-06-09,12,0,0
R03,SKU-1084,10-Jun-26,9,0,0
R03,SKU-1084,06/11/2026,14,0,0
R03,SKU-1084,2026-06-12,9,0,0
R03,SKU-1084,2026-06-13,12,0,0
R03,SKU-1084,06/14/2026,11,0,0
R03,SKU-1084,15-Jun-26,7,1,0
R03,SKU-1084,2026-06-16,12,1,0
R03,SKU-1084,2026-06-17,6,0,0
R03,SKU-1084,06/18/2026,17,0,1
R03,SKU-1084,2026-06-19,9,1,0
R03,SKU-1084,20-Jun-26,10,0,0
R03,SKU-1084,06/21/2026,21,0,0
R03,SKU-1084,2026-06-22,19,0,1
R03,SKU-1084,2026-06-23,12,0,0
R03,SKU-1084,06/24/2026,13,0,0
R03,SKU-1084,2026-06-25,16,0,0
R03,SKU-1084,2026-06-26,9,0,0
R03,SKU-1084,2026-06-27,4,1,0
R03,SKU-1084,06/28/2026,14,0,0
R03,SKU-1084,29-Jun-26,8,0,0
R03,SKU-1084,06/30/2026,10,0,0
R03,SKU-1126,06/01/2026,33,0,0
R03,SKU-1126,06/02/2026,31,2,0
R03,SKU-1126,03-Jun-26,24,0,0
R03,SKU-1126,06/04/2026,38,0,0
R03,SKU-1126,06/05/2026,29,2,0
R03,SKU-1126,06-Jun-26,20,1,1
R03,SKU-1126,2026-06-07,39,0,0
R03,SKU-1126,2026-06-08,33,0,0
R03,SKU-1126,2026-06-09,27,0,0
R03,SKU-1126,2026-06-10,23,0,0
R03,SKU-1126,11-Jun-26,31,2,0
R03,SKU-1126,2026-06-12,30,0,0
R03,SKU-1126,2026-06-13,24,0,0
R03,SKU-1126,2026-06-14,33,1,0
R03,SKU-1126,06/15/2026,29,0,0
R03,SKU-1126,06/16/2026,18,0,0
R03,SKU-1126,2026-06-17,30,0,0
R03,SKU-1126,2026-06-18,27,0,0
R03,SKU-1126,2026-06-19,27,0,0
R03,SKU-1126,20-Jun-26,28,0,1
R03,SKU-1126,2026-06-21,22,0,0
R03,SKU-1126,2026-06-22,29,0,0
R03,SKU-1126,2026-06-23,20,0,0
R03,SKU-1126,2026-06-24,28,0,0
R03,SKU-1126,25-Jun-26,19,0,0
R03,SKU-1126,06/26/2026,27,0,0
R03,SKU-1126,06/27/2026,21,0,1
R03,SKU-1126,06/28/2026,19,1,0
R03,SKU-1126,06/29/2026,33,0,0
R03,SKU-1126,2026-06-30,39,0,0
R03,SKU-1007,2026-06-01,6,1,0
R03,SKU-1007,2026-06-02,4,1,0
R03,SKU-1007,2026-06-03,6,0,0
R03,SKU-1007,2026-06-04,4,0,1
R03,SKU-1007,05-Jun-26,5,0,0
R03,SKU-1007,06/06/2026,7,2,0
R03,SKU-1007,2026-06-07,10,0,0
R03,SKU-1007,2026-06-08,6,0,0
R03,SKU-1007,2026-06-09,9,0,0
R03,SKU-1007,10-Jun-26,5,0,1
R03,SKU-1007,06/11/2026,5,1,0
R03,SKU-1007,12-Jun-26,6,0,1
R03,SKU-1007,2026-06-13,5,0,0
R03,SKU-1007,14-Jun-26,8,1,1
R03,SKU-1007,2026-06-15,4,0,0
R03,SKU-1007,2026-06-16,4,1,0
R03,SKU-1007,17-Jun-26,7,0,0
R03,SKU-1007,2026-06-18,4,0,0
R03,SKU-1007,2026-06-19,4,1,0
R03,SKU-1007,2026-06-20,3,3,0
R03,SKU-1007,2026-06-21,3,0,0
R03,SKU-1007,2026-06-22,2,0,0
R03,SKU-1007,06/23/2026,8,0,0
R03,SKU-1007,2026-06-24,3,0,0
R03,SKU-1007,2026-06-25,5,0,1
R03,SKU-1007,26-Jun-26,6,0,0
R03,SKU-1007,06/27/2026,6,0,0
R03,SKU-1007,2026-06-28,5,0,0
R03,SKU-1007,2026-06-29,3,1,0
R03,SKU-1007,2026-06-30,4,1,1
R03,SKU-1021,2026-06-01,30,2,0
R03,SKU-1021,06/02/2026,32,0,0
R03,SKU-1021,2026-06-03,25,0,0
R03,SKU-1021,2026-06-04,29,0,0
R03,SKU-1021,2026-06-05,28,0,0
R03,SKU-1021,2026-06-06,42,0,0
R03,SKU-1021,2026-06-07,28,0,0
R03,SKU-1021,08-Jun-26,41,0,1
R03,SKU-1021,2026-06-09,36,0,0
R03,SKU-1021,2026-06-10,34,4,0
R03,SKU-1021,11-Jun-26,31,0,0
R03,SKU-1021,06/12/2026,34,0,0
R03,SKU-1021,2026-06-13,25,1,1
R03,SKU-1021,06/14/2026,29,0,0
R03,SKU-1021,2026-06-15,37,3,0
R03,SKU-1021,06/16/2026,37,0,0
R03,SKU-1021,2026-06-17,30,1,0
R03,SKU-1021,2026-06-18,32,0,1
R03,SKU-1021,2026-06-19,39,1,0
R03,SKU-1021,06/20/2026,36,0,0
R03,SKU-1021,2026-06-21,31,0,0
R03,SKU-1021,2026-06-22,31,0,0
R03,SKU-1021,06/23/2026,32,0,0
R03,SKU-1021,24-Jun-26,38,0,0
R03,SKU-1021,2026-06-25,24,1,0
R03,SKU-1021,06/26/2026,23,0,0
R03,SKU-1021,2026-06-27,29,0,0
R03,SKU-1021,06/28/2026,28,0,0
R03,SKU-1021,2026-06-29,39,0,0
R03,SKU-1021,2026-06-30,39,0,0
R03,SKU-1119,2026-06-01,35,0,0
R03,SKU-1119,06/02/2026,34,0,0
R03,SKU-1119,2026-06-03,37,0,1
R03,SKU-1119,2026-06-04,33,0,0
R03,SKU-1119,2026-06-05,38,0,0
R03,SKU-1119,2026-06-06,26,0,1
R03,SKU-1119,2026-06-07,33,0,0
R03,SKU-1119,2026-06-08,32,0,0
R03,SKU-1119,2026-06-09,37,0,0
R03,SKU-1119,2026-06-10,36,0,0
R03,SKU-1119,2026-06-11,35,0,1
R03,SKU-1119,12-Jun-26,33,0,0
R03,SKU-1119,2026-06-13,24,1,0
R03,SKU-1119,06/14/2026,37,2,0
R03,SKU-1119,2026-06-15,33,3,0
R03,SKU-1119,2026-06-16,30,0,0
R03,SKU-1119,2026-06-17,28,0,1
R03,SKU-1119,2026-06-18,30,0,0
R03,SKU-1119,2026-06-19,35,0,1
R03,SKU-1119,06/20/2026,42,1,0
R03,SKU-1119,2026-06-21,25,0,0
R03,SKU-1119,2026-06-22,32,0,0
R03,SKU-1119,23-Jun-26,36,2,0
R03,SKU-1119,2026-06-24,34,0,0
R03,SKU-1119,06/25/2026,34,0,0
R03,SKU-1119,06/26/2026,29,0,0
R03,SKU-1119,2026-06-27,54,0,0
R03,SKU-1119,2026-06-28,29,0,0
R03,SKU-1119,29-Jun-26,30,0,1
R03,SKU-1119,2026-06-30,36,0,0
R03,SKU-1070,2026-06-01,20,0,0
R03,SKU-1070,2026-06-02,14,0,0
R03,SKU-1070,2026-06-03,14,1,0
R03,SKU-1070,06/04/2026,18,0,0
R03,SKU-1070,2026-06-05,14,0,0
R03,SKU-1070,2026-06-06,14,0,0
R03,SKU-1070,2026-06-07,23,1,0
R03,SKU-1070,08-Jun-26,23,0,0
R03,SKU-1070,2026-06-09,13,0,0
R03,SKU-1070,06/10/2026,19,0,0
R03,SKU-1070,2026-06-11,17,1,0
R03,SKU-1070,06/12/2026,12,0,0
R03,SKU-1070,2026-06-13,17,0,0
R03,SKU-1070,2026-06-14,8,0,1
R03,SKU-1070,2026-06-15,22,1,0
R03,SKU-1070,06/16/2026,16,0,0
R03,SKU-1070,2026-06-17,15,1,0
R03,SKU-1070,2026-06-18,12,0,0
R03,SKU-1070,06/19/2026,12,0,1
R03,SKU-1070,06/20/2026,20,0,0
R03,SKU-1070,2026-06-21,20,1,0
R03,SKU-1070,2026-06-22,14,1,0
R03,SKU-1070,2026-06-23,20,1,0
R03,SKU-1070,2026-06-24,20,1,0
R03,SKU-1070,2026-06-25,14,0,0
R03,SKU-1070,2026-06-26,18,0,0
R03,SKU-1070,06/27/2026,18,0,0
R03,SKU-1070,2026-06-28,9,0,0
R03,SKU-1070,2026-06-29,18,0,0
R03,SKU-1070,2026-06-30,18,0,0
R03,SKU-1252,06/01/2026,25,0,0
R03,SKU-1252,2026-06-02,22,0,0
R03,SKU-1252,2026-06-03,20,1,0
R03,SKU-1252,2026-06-04,23,1,1
R03,SKU-1252,2026-06-05,24,0,0
R03,SKU-1252,06/06/2026,24,0,0
R03,SKU-1252,2026-06-07,25,0,0
R03,SKU-1252,2026-06-08,27,0,0
R03,SKU-1252,06/09/2026,28,1,0
R03,SKU-1252,2026-06-10,29,0,0
R03,SKU-1252,2026-06-11,26,1,0
R03,SKU-1252,06/12/2026,15,1,0
R03,SKU-1252,2026-06-13,29,0,0
R03,SKU-1252,2026-06-14,27,0,0
R03,SKU-1252,2026-06-15,29,0,0
R03,SKU-1252,2026-06-16,34,1,0
R03,SKU-1252,2026-06-17,22,0,1
R03,SKU-1252,2026-06-18,28,0,0
R03,SKU-1252,06/19/2026,28,0,0
R03,SKU-1252,06/20/2026,33,1,1
R03,SKU-1252,2026-06-21,24,0,0
R03,SKU-1252,2026-06-22,24,0,0
R03,SKU-1252,2026-06-23,23,0,0
R03,SKU-1252,24-Jun-26,18,0,0
R03,SKU-1252,2026-06-25,22,0,0
R03,SKU-1252,06/26/2026,21,2,0
R03,SKU-1252,2026-06-27,23,3,0
R03,SKU-1252,2026-06-28,19,1,0
R03,SKU-1252,29-Jun-26,24,0,0
R03,SKU-1252,06/30/2026,32,1,0
R03,SKU-1112,06/01/2026,30,0,0
R03,SKU-1112,2026-06-02,28,1,0
R03,SKU-1112,03-Jun-26,28,0,0
R03,SKU-1112,06/04/2026,33,0,0
R03,SKU-1112,2026-06-05,31,0,0
R03,SKU-1112,2026-06-06,17,1,0
R03,SKU-1112,2026-06-07,27,0,0
R03,SKU-1112,2026-06-08,20,0,0
R03,SKU-1112,06/09/2026,21,0,0
R03,SKU-1112,2026-06-10,32,0,0
R03,SKU-1112,2026-06-11,20,0,0
R03,SKU-1112,2026-06-12,36,1,0
R03,SKU-1112,2026-06-13,31,1,1
R03,SKU-1112,2026-06-14,27,0,0
R03,SKU-1112,2026-06-15,36,0,0
R03,SKU-1112,06/16/2026,19,0,0
R03,SKU-1112,06/17/2026,31,0,0
R03,SKU-1112,06/18/2026,19,0,0
R03,SKU-1112,2026-06-19,29,0,0
R03,SKU-1112,06/20/2026,34,0,0
R03,SKU-1112,06/21/2026,29,0,0
R03,SKU-1112,06/22/2026,31,0,0
R03,SKU-1112,2026-06-23,34,1,0
R03,SKU-1112,06/24/2026,16,0,1
R03,SKU-1112,2026-06-25,25,1,0
R03,SKU-1112,06/26/2026,23,2,0
R03,SKU-1112,2026-06-27,31,0,0
R03,SKU-1112,28-Jun-26,33,0,0
R03,SKU-1112,2026-06-29,23,0,0
R03,SKU-1112,06/30/2026,29,0,0
R03,SKU-1175,01-Jun-26,9,1,0
R03,SKU-1175,2026-06-02,22,2,0
R03,SKU-1175,2026-06-03,19,1,0
R03,SKU-1175,2026-06-04,23,1,0
R03,SKU-1175,2026-06-05,14,0,0
R03,SKU-1175,06/06/2026,19,2,0
R03,SKU-1175,06/07/2026,20,0,0
R03,SKU-1175,2026-06-08,18,0,0
R03,SKU-1175,2026-06-09,20,0,0
R03,SKU-1175,2026-06-10,14,0,0
R03,SKU-1175,11-Jun-26,20,0,0
R03,SKU-1175,2026-06-12,18,1,0
R03,SKU-1175,13-Jun-26,20,0,0
R03,SKU-1175,14-Jun-26,16,0,1
R03,SKU-1175,2026-06-15,16,0,0
R03,SKU-1175,06/16/2026,20,2,0
R03,SKU-1175,2026-06-17,29,0,1
R03,SKU-1175,06/18/2026,20,0,0
R03,SKU-1175,06/19/2026,24,0,0
R03,SKU-1175,2026-06-20,19,0,0
R03,SKU-1175,2026-06-21,15,0,1
R03,SKU-1175,2026-06-22,26,0,0
R03,SKU-1175,2026-06-23,22,1,1
R03,SKU-1175,2026-06-24,15,1,0
R03,SKU-1175,2026-06-25,21,0,0
R03,SKU-1175,26-Jun-26,18,0,1
R03,SKU-1175,2026-06-27,22,0,0
R03,SKU-1175,06/28/2026,19,1,0
R03,SKU-1175,29-Jun-26,22,0,0
R03,SKU-1175,06/30/2026,18,4,0
R03,SKU-1259,2026-06-01,33,0,0
R03,SKU-1259,2026-06-02,27,1,1
R03,SKU-1259,2026-06-03,37,1,0
R03,SKU-1259,2026-06-04,38,0,0
R03,SKU-1259,2026-06-05,33,1,1
R03,SKU-1259,2026-06-06,29,0,0
R03,SKU-1259,2026-06-07,27,0,0
R03,SKU-1259,2026-06-08,31,1,0
R03,SKU-1259,09-Jun-26,28,0,0
R03,SKU-1259,06/10/2026,37,0,0
R03,SKU-1259,2026-06-11,22,0,0
R03,SKU-1259,06/12/2026,35,0,0
R03,SKU-1259,2026-06-13,34,0,0
R03,SKU-1259,2026-06-14,33,0,0
R03,SKU-1259,06/15/2026,32,0,0
R03,SKU-1259,06/16/2026,30,0,1
R03,SKU-1259,2026-06-17,23,0,0
R03,SKU-1259,06/18/2026,39,1,0
R03,SKU-1259,2026-06-19,28,1,0
R03,SKU-1259,2026-06-20,27,0,0
R03,SKU-1259,2026-06-21,28,0,0
R03,SKU-1259,2026-06-22,39,0,0
R03,SKU-1259,2026-06-23,33,1,0
R03,SKU-1259,24-Jun-26,37,1,0
R03,SKU-1259,06/25/2026,27,0,0
R03,SKU-1259,06/26/2026,32,1,0
R03,SKU-1259,2026-06-27,36,1,0
R03,SKU-1259,2026-06-28,30,1,0
R03,SKU-1259,06/29/2026,32,1,1
R03,SKU-1259,30-Jun-26,35,0,0
R03,SKU-1182,2026-06-01,2,0,0
R03,SKU-1182,2026-06-02,7,0,0
R03,SKU-1182,03-Jun-26,3,0,0
R03,SKU-1182,2026-06-04,8,1,0
R03,SKU-1182,2026-06-05,3,0,0
R03,SKU-1182,2026-06-06,3,1,0
R03,SKU-1182,2026-06-07,5,0,0
R03,SKU-1182,2026-06-08,4,0,0
R03,SKU-1182,09-Jun-26,5,0,0
R03,SKU-1182,10-Jun-26,3,0,0
R03,SKU-1182,11-Jun-26,2,1,0
R03,SKU-1182,2026-06-12,3,0,0
R03,SKU-1182,2026-06-13,5,0,0
R03,SKU-1182,2026-06-14,3,0,0
R03,SKU-1182,2026-06-15,7,1,0
R03,SKU-1182,2026-06-16,6,0,0
R03,SKU-1182,2026-06-17,3,0,0
R03,SKU-1182,2026-06-18,2,0,1
R03,SKU-1182,06/19/2026,3,1,1
R03,SKU-1182,2026-06-20,6,1,0
R03,SKU-1182,2026-06-21,2,0,0
R03,SKU-1182,2026-06-22,2,1,0
R03,SKU-1182,23-Jun-26,5,0,0
R03,SKU-1182,2026-06-24,7,0,0
R03,SKU-1182,06/25/2026,3,2,0
R03,SKU-1182,2026-06-26,3,0,0
R03,SKU-1182,2026-06-27,5,0,0
R03,SKU-1182,2026-06-28,9,0,0
R03,SKU-1182,06/29/2026,7,0,0
R03,SKU-1182,2026-06-30,7,2,0
R03,SKU-1266,2026-06-01,25,1,0
R03,SKU-1266,2026-06-02,27,0,0
R03,SKU-1266,03-Jun-26,32,0,0
R03,SKU-1266,2026-06-04,25,0,0
R03,SKU-1266,2026-06-05,27,0,0
R03,SKU-1266,2026-06-06,22,1,1
R03,SKU-1266,06/07/2026,26,0,0
R03,SKU-1266,08-Jun-26,28,0,1
R03,SKU-1266,06/09/2026,34,0,0
R03,SKU-1266,2026-06-10,27,0,0
R03,SKU-1266,11-Jun-26,30,0,0
R03,SKU-1266,2026-06-12,29,0,0
R03,SKU-1266,2026-06-13,26,0,0
R03,SKU-1266,06/14/2026,24,0,0
R03,SKU-1266,06/15/2026,31,0,0
R03,SKU-1266,06/16/2026,36,1,1
R03,SKU-1266,2026-06-17,28,0,0
R03,SKU-1266,2026-06-18,23,0,0
R03,SKU-1266,06/19/2026,36,1,1
R03,SKU-1266,06/20/2026,27,1,1
R03,SKU-1266,2026-06-21,33,2,1
R03,SKU-1266,2026-06-22,35,1,0
R03,SKU-1266,2026-06-23,37,2,0
R03,SKU-1266,06/24/2026,21,2,0
R03,SKU-1266,2026-06-25,27,0,0
R03,SKU-1266,26-Jun-26,26,1,0
R03,SKU-1266,2026-06-27,31,0,0
R03,SKU-1266,06/28/2026,43,1,0
R03,SKU-1266,06/29/2026,30,0,0
R03,SKU-1266,2026-06-30,23,1,0
R03,SKU-1077,2026-06-01,18,1,0
R03,SKU-1077,02-Jun-26,10,1,0
R03,SKU-1077,03-Jun-26,16,0,0
R03,SKU-1077,2026-06-04,22,0,0
R03,SKU-1077,06/05/2026,17,0,0
R03,SKU-1077,2026-06-06,25,0,0
R03,SKU-1077,2026-06-07,12,0,0
R03,SKU-1077,2026-06-08,18,0,0
R03,SKU-1077,2026-06-09,9,0,0
R03,SKU-1077,06/10/2026,16,0,1
R03,SKU-1077,2026-06-11,17,0,0
R03,SKU-1077,2026-06-12,14,0,0
R03,SKU-1077,06/13/2026,19,0,0
R03,SKU-1077,06/14/2026,18,0,0
R03,SKU-1077,2026-06-15,10,0,0
R03,SKU-1077,06/16/2026,14,1,0
R03,SKU-1077,2026-06-17,9,2,1
R03,SKU-1077,2026-06-18,18,0,0
R03,SKU-1077,2026-06-19,19,0,1
R03,SKU-1077,06/20/2026,22,0,0
R03,SKU-1077,21-Jun-26,21,0,0
R03,SKU-1077,2026-06-22,11,1,1
R03,SKU-1077,2026-06-23,14,0,0
R03,SKU-1077,06/24/2026,13,0,0
R03,SKU-1077,2026-06-25,16,0,0
R03,SKU-1077,2026-06-26,13,0,0
R03,SKU-1077,2026-06-27,15,1,0
R03,SKU-1077,2026-06-28,19,2,0
R03,SKU-1077,2026-06-29,11,1,0
R03,SKU-1077,2026-06-30,19,0,0
R03,SKU-1280,01-Jun-26,24,0,0
R03,SKU-1280,2026-06-02,29,1,0
R03,SKU-1280,2026-06-03,29,0,0
R03,SKU-1280,04-Jun-26,31,1,0
R03,SKU-1280,2026-06-05,19,0,0
R03,SKU-1280,06-Jun-26,25,0,0
R03,SKU-1280,06/07/2026,28,1,0
R03,SKU-1280,2026-06-08,31,0,0
R03,SKU-1280,2026-06-09,24,0,0
R03,SKU-1280,06/10/2026,30,1,0
R03,SKU-1280,11-Jun-26,23,1,0
R03,SKU-1280,2026-06-12,25,0,0
R03,SKU-1280,06/13/2026,33,0,0
R03,SKU-1280,2026-06-14,33,1,0
R03,SKU-1280,2026-06-15,38,0,0
R03,SKU-1280,06/16/2026,32,3,0
R03,SKU-1280,2026-06-17,24,1,0
R03,SKU-1280,18-Jun-26,30,0,0
R03,SKU-1280,2026-06-19,20,1,1
R03,SKU-1280,2026-06-20,34,0,0
R03,SKU-1280,2026-06-21,29,0,0
R03,SKU-1280,22-Jun-26,23,0,1
R03,SKU-1280,06/23/2026,24,1,0
R03,SKU-1280,2026-06-24,28,0,0
R03,SKU-1280,06/25/2026,37,1,0
R03,SKU-1280,2026-06-26,29,0,0
R03,SKU-1280,2026-06-27,17,1,0
R03,SKU-1280,2026-06-28,23,0,0
R03,SKU-1280,06/29/2026,38,1,0
R03,SKU-1280,2026-06-30,26,0,0
R03,SKU-1238,2026-06-01,28,0,0
R03,SKU-1238,06/02/2026,23,1,1
R03,SKU-1238,03-Jun-26,23,0,0
R03,SKU-1238,2026-06-04,29,0,0
R03,SKU-1238,06/05/2026,23,1,0
R03,SKU-1238,2026-06-06,25,0,0
R03,SKU-1238,2026-06-07,17,0,0
R03,SKU-1238,2026-06-08,23,0,0
R03,SKU-1238,09-Jun-26,29,1,0
R03,SKU-1238,10-Jun-26,25,0,0
R03,SKU-1238,11-Jun-26,24,0,0
R03,SKU-1238,12-Jun-26,28,1,1
R03,SKU-1238,2026-06-13,33,0,0
R03,SKU-1238,14-Jun-26,23,1,1
R03,SKU-1238,15-Jun-26,31,0,1
R03,SKU-1238,2026-06-16,23,0,0
R03,SKU-1238,2026-06-17,20,2,0
R03,SKU-1238,2026-06-18,17,0,0
R03,SKU-1238,2026-06-19,24,1,0
R03,SKU-1238,2026-06-20,31,0,0
R03,SKU-1238,21-Jun-26,25,0,0
R03,SKU-1238,2026-06-22,20,0,0
R03,SKU-1238,23-Jun-26,30,0,0
R03,SKU-1238,2026-06-24,36,1,0
R03,SKU-1238,2026-06-25,34,1,0
R03,SKU-1238,06/26/2026,25,1,0
R03,SKU-1238,2026-06-27,34,1,0
R03,SKU-1238,06/28/2026,24,0,0
R03,SKU-1238,2026-06-29,19,0,1
R03,SKU-1238,2026-06-30,22,1,0
R03,SKU-1217,2026-06-01,11,0,0
R03,SKU-1217,06/02/2026,11,0,0
R03,SKU-1217,2026-06-03,10,0,0
R03,SKU-1217,2026-06-04,10,0,0
R03,SKU-1217,06/05/2026,9,0,0
R03,SKU-1217,2026-06-06,8,0,1
R03,SKU-1217,2026-06-07,12,0,0
R03,SKU-1217,2026-06-08,7,1,0
R03,SKU-1217,2026-06-09,6,0,0
R03,SKU-1217,2026-06-10,10,0,0
R03,SKU-1217,2026-06-11,9,1,0
R03,SKU-1217,06/12/2026,15,0,0
R03,SKU-1217,13-Jun-26,11,0,0
R03,SKU-1217,14-Jun-26,9,0,1
R03,SKU-1217,15-Jun-26,6,0,0
R03,SKU-1217,2026-06-16,8,0,0
R03,SKU-1217,17-Jun-26,7,1,0
R03,SKU-1217,2026-06-18,19,1,0
R03,SKU-1217,06/19/2026,11,0,0
R03,SKU-1217,2026-06-20,9,0,0
R03,SKU-1217,21-Jun-26,12,2,0
R03,SKU-1217,06/22/2026,9,1,0
R03,SKU-1217,2026-06-23,8,0,0
R03,SKU-1217,2026-06-24,18,1,0
R03,SKU-1217,2026-06-25,4,3,0
R03,SKU-1217,2026-06-26,7,1,0
R03,SKU-1217,06/27/2026,13,0,0
R03,SKU-1217,06/28/2026,13,2,0
R03,SKU-1217,2026-06-29,10,0,0
R03,SKU-1217,2026-06-30,12,0,1
R04,SKU-1056,01-Jun-26,7,0,0
R04,SKU-1056,2026-06-02,3,0,0
R04,SKU-1056,2026-06-03,8,0,0
R04,SKU-1056,2026-06-04,5,0,0
R04,SKU-1056,2026-06-05,3,2,0
R04,SKU-1056,2026-06-06,5,0,0
R04,SKU-1056,2026-06-07,2,0,0
R04,SKU-1056,06/08/2026,2,2,0
R04,SKU-1056,06/09/2026,2,0,0
R04,SKU-1056,2026-06-10,3,1,0
R04,SKU-1056,2026-06-11,2,1,0
R04,SKU-1056,2026-06-12,8,0,0
R04,SKU-1056,2026-06-13,1,0,1
R04,SKU-1056,14-Jun-26,7,0,0
R04,SKU-1056,2026-06-15,4,0,0
R04,SKU-1056,2026-06-16,2,0,0
R04,SKU-1056,2026-06-17,10,0,0
R04,SKU-1056,2026-06-18,5,1,0
R04,SKU-1056,2026-06-19,3,0,0
R04,SKU-1056,06/20/2026,8,0,0
R04,SKU-1056,2026-06-21,6,0,0
R04,SKU-1056,2026-06-22,3,0,0
R04,SKU-1056,2026-06-23,4,0,0
R04,SKU-1056,06/24/2026,2,0,0
R04,SKU-1056,2026-06-25,5,0,0
R04,SKU-1056,26-Jun-26,8,1,1
R04,SKU-1056,2026-06-27,5,0,0
R04,SKU-1056,28-Jun-26,2,0,0
R04,SKU-1056,06/29/2026,5,0,0
R04,SKU-1056,30-Jun-26,4,0,0
R04,SKU-1231,2026-06-01,27,1,1
R04,SKU-1231,2026-06-02,22,0,0
R04,SKU-1231,2026-06-03,23,2,0
R04,SKU-1231,04-Jun-26,38,0,0
R04,SKU-1231,2026-06-05,31,2,0
R04,SKU-1231,2026-06-06,29,0,0
R04,SKU-1231,07-Jun-26,25,1,1
R04,SKU-1231,06/08/2026,30,0,0
R04,SKU-1231,2026-06-09,23,0,0
R04,SKU-1231,2026-06-10,27,1,1
R04,SKU-1231,06/11/2026,32,0,0
R04,SKU-1231,06/12/2026,33,0,0
R04,SKU-1231,2026-06-13,27,0,0
R04,SKU-1231,2026-06-14,40,0,0
R04,SKU-1231,06/15/2026,24,0,0
R04,SKU-1231,16-Jun-26,32,0,0
R04,SKU-1231,2026-06-17,24,1,0
R04,SKU-1231,18-Jun-26,34,0,0
R04,SKU-1231,06/19/2026,30,0,0
R04,SKU-1231,2026-06-20,28,0,0
R04,SKU-1231,06/21/2026,28,0,0
R04,SKU-1231,2026-06-22,26,0,0
R04,SKU-1231,2026-06-23,35,0,0
R04,SKU-1231,2026-06-24,28,1,0
R04,SKU-1231,06/25/2026,33,1,0
R04,SKU-1231,06/26/2026,32,2,0
R04,SKU-1231,2026-06-27,21,1,0
R04,SKU-1231,2026-06-28,29,0,0
R04,SKU-1231,2026-06-29,26,0,1
R04,SKU-1231,2026-06-30,20,0,0
R04,SKU-1077,06/01/2026,26,1,0
R04,SKU-1077,2026-06-02,28,1,0
R04,SKU-1077,2026-06-03,19,1,0
R04,SKU-1077,06/04/2026,27,0,0
R04,SKU-1077,2026-06-05,35,0,0
R04,SKU-1077,06/06/2026,26,1,1
R04,SKU-1077,2026-06-07,24,0,0
R04,SKU-1077,2026-06-08,30,0,0
R04,SKU-1077,06/09/2026,30,0,0
R04,SKU-1077,2026-06-10,19,0,0
R04,SKU-1077,2026-06-11,29,0,0
R04,SKU-1077,12-Jun-26,31,1,1
R04,SKU-1077,2026-06-13,23,0,0
R04,SKU-1077,06/14/2026,32,0,0
R04,SKU-1077,06/15/2026,27,1,0
R04,SKU-1077,2026-06-16,23,0,0
R04,SKU-1077,2026-06-17,28,0,1
R04,SKU-1077,2026-06-18,25,1,1
R04,SKU-1077,19-Jun-26,25,0,0
R04,SKU-1077,2026-06-20,22,1,1
R04,SKU-1077,2026-06-21,26,0,0
R04,SKU-1077,06/22/2026,28,0,1
R04,SKU-1077,2026-06-23,33,0,0
R04,SKU-1077,2026-06-24,22,0,0
R04,SKU-1077,2026-06-25,29,0,0
R04,SKU-1077,2026-06-26,24,1,0
R04,SKU-1077,06/27/2026,26,0,0
R04,SKU-1077,2026-06-28,24,0,1
R04,SKU-1077,2026-06-29,28,0,0
R04,SKU-1077,2026-06-30,30,0,0
R04,SKU-1021,01-Jun-26,28,1,0
R04,SKU-1021,2026-06-02,22,0,0
R04,SKU-1021,2026-06-03,27,1,0
R04,SKU-1021,06/04/2026,28,0,0
R04,SKU-1021,06/05/2026,21,1,0
R04,SKU-1021,2026-06-06,27,1,0
R04,SKU-1021,2026-06-07,28,0,0
R04,SKU-1021,08-Jun-26,24,3,1
R04,SKU-1021,2026-06-09,32,0,0
R04,SKU-1021,2026-06-10,27,0,0
R04,SKU-1021,2026-06-11,20,1,0
R04,SKU-1021,06/12/2026,19,0,0
R04,SKU-1021,2026-06-13,18,0,0
R04,SKU-1021,2026-06-14,37,0,0
R04,SKU-1021,2026-06-15,22,1,0
R04,SKU-1021,06/16/2026,21,0,0
R04,SKU-1021,2026-06-17,23,0,0
R04,SKU-1021,06/18/2026,28,0,0
R04,SKU-1021,06/19/2026,30,0,0
R04,SKU-1021,2026-06-20,23,0,0
R04,SKU-1021,06/21/2026,21,1,0
R04,SKU-1021,22-Jun-26,23,0,0
R04,SKU-1021,06/23/2026,23,0,0
R04,SKU-1021,2026-06-24,37,0,1
R04,SKU-1021,06/25/2026,22,0,0
R04,SKU-1021,2026-06-26,25,0,0
R04,SKU-1021,06/27/2026,22,0,0
R04,SKU-1021,2026-06-28,28,1,0
R04,SKU-1021,2026-06-29,35,0,0
R04,SKU-1021,2026-06-30,29,2,0
R04,SKU-1028,2026-06-01,17,0,1
R04,SKU-1028,2026-06-02,4,0,1
R04,SKU-1028,2026-06-03,9,0,0
R04,SKU-1028,2026-06-04,17,0,0
R04,SKU-1028,06/05/2026,13,0,0
R04,SKU-1028,06-Jun-26,12,1,0
R04,SKU-1028,06/07/2026,12,0,0
R04,SKU-1028,2026-06-08,7,0,0
R04,SKU-1028,09-Jun-26,10,0,0
R04,SKU-1028,2026-06-10,10,0,0
R04,SKU-1028,11-Jun-26,7,0,0
R04,SKU-1028,06/12/2026,12,0,0
R04,SKU-1028,2026-06-13,9,1,0
R04,SKU-1028,2026-06-14,4,0,0
R04,SKU-1028,2026-06-15,13,1,0
R04,SKU-1028,2026-06-16,10,2,0
R04,SKU-1028,2026-06-17,6,0,0
R04,SKU-1028,2026-06-18,15,1,1
R04,SKU-1028,2026-06-19,10,0,0
R04,SKU-1028,2026-06-20,11,0,0
R04,SKU-1028,21-Jun-26,7,0,0
R04,SKU-1028,06/22/2026,10,0,0
R04,SKU-1028,06/23/2026,5,2,0
R04,SKU-1028,2026-06-24,6,1,1
R04,SKU-1028,2026-06-25,8,0,0
R04,SKU-1028,2026-06-26,7,0,0
R04,SKU-1028,06/27/2026,6,0,0
R04,SKU-1028,2026-06-28,8,1,0
R04,SKU-1028,2026-06-29,13,0,0
R04,SKU-1028,30-Jun-26,14,1,0
R04,SKU-1035,2026-06-01,17,0,1
R04,SKU-1035,02-Jun-26,7,0,0
R04,SKU-1035,03-Jun-26,9,0,0
R04,SKU-1035,2026-06-04,12,0,0
R04,SKU-1035,2026-06-05,7,0,0
R04,SKU-1035,2026-06-06,13,0,0
R04,SKU-1035,2026-06-07,15,0,1
R04,SKU-1035,06/08/2026,14,1,0
R04,SKU-1035,2026-06-09,8,0,0
R04,SKU-1035,10-Jun-26,8,1,0
R04,SKU-1035,06/11/2026,13,0,0
R04,SKU-1035,12-Jun-26,15,1,0
R04,SKU-1035,2026-06-13,17,0,0
R04,SKU-1035,2026-06-14,13,1,0
R04,SKU-1035,06/15/2026,7,1,0
R04,SKU-1035,2026-06-16,6,0,0
R04,SKU-1035,2026-06-17,16,1,0
R04,SKU-1035,2026-06-18,15,1,1
R04,SKU-1035,2026-06-19,16,1,0
R04,SKU-1035,06/20/2026,11,0,0
R04,SKU-1035,2026-06-21,11,0,1
R04,SKU-1035,22-Jun-26,16,0,0
R04,SKU-1035,06/23/2026,14,0,0
R04,SKU-1035,2026-06-24,10,0,0
R04,SKU-1035,2026-06-25,14,0,0
R04,SKU-1035,2026-06-26,13,0,0
R04,SKU-1035,2026-06-27,11,1,1
R04,SKU-1035,06/28/2026,13,2,0
R04,SKU-1035,2026-06-29,15,0,1
R04,SKU-1035,2026-06-30,11,0,0
R04,SKU-1182,2026-06-01,19,1,1
R04,SKU-1182,2026-06-02,21,0,0
R04,SKU-1182,03-Jun-26,22,0,0
R04,SKU-1182,06/04/2026,24,0,1
R04,SKU-1182,06/05/2026,19,0,0
R04,SKU-1182,06/06/2026,24,0,0
R04,SKU-1182,2026-06-07,26,0,0
R04,SKU-1182,06/08/2026,17,0,0
R04,SKU-1182,09-Jun-26,21,0,0
R04,SKU-1182,10-Jun-26,19,1,0
R04,SKU-1182,2026-06-11,22,1,0
R04,SKU-1182,2026-06-12,18,1,0
R04,SKU-1182,06/13/2026,25,0,0
R04,SKU-1182,2026-06-14,12,0,0
R04,SKU-1182,2026-06-15,23,0,0
R04,SKU-1182,2026-06-16,16,0,0
R04,SKU-1182,06/17/2026,18,0,0
R04,SKU-1182,2026-06-18,20,0,0
R04,SKU-1182,06/19/2026,27,0,0
R04,SKU-1182,06/20/2026,24,1,0
R04,SKU-1182,2026-06-21,29,1,0
R04,SKU-1182,22-Jun-26,18,1,0
R04,SKU-1182,2026-06-23,20,1,0
R04,SKU-1182,06/24/2026,19,0,0
R04,SKU-1182,2026-06-25,19,1,0
R04,SKU-1182,2026-06-26,16,0,0
R04,SKU-1182,2026-06-27,18,0,1
R04,SKU-1182,28-Jun-26,15,0,0
R04,SKU-1182,2026-06-29,23,0,0
R04,SKU-1182,2026-06-30,23,0,1
R04,SKU-1238,2026-06-01,6,0,0
R04,SKU-1238,2026-06-02,5,0,0
R04,SKU-1238,2026-06-03,5,1,0
R04,SKU-1238,2026-06-04,5,0,0
R04,SKU-1238,06/05/2026,6,0,0
R04,SKU-1238,06/06/2026,5,0,0
R04,SKU-1238,06/07/2026,3,0,0
R04,SKU-1238,2026-06-08,5,0,1
R04,SKU-1238,06/09/2026,4,0,0
R04,SKU-1238,2026-06-10,7,0,0
R04,SKU-1238,2026-06-11,8,1,0
R04,SKU-1238,06/12/2026,10,0,0
R04,SKU-1238,06/13/2026,8,0,0
R04,SKU-1238,2026-06-14,6,1,0
R04,SKU-1238,2026-06-15,4,0,0
R04,SKU-1238,2026-06-16,10,0,0
R04,SKU-1238,17-Jun-26,7,0,0
R04,SKU-1238,2026-06-18,4,1,0
R04,SKU-1238,06/19/2026,4,2,0
R04,SKU-1238,20-Jun-26,9,0,0
R04,SKU-1238,2026-06-21,5,3,0
R04,SKU-1238,06/22/2026,3,0,0
R04,SKU-1238,06/23/2026,3,0,0
R04,SKU-1238,2026-06-24,4,1,0
R04,SKU-1238,25-Jun-26,7,0,1
R04,SKU-1238,26-Jun-26,3,0,0
R04,SKU-1238,2026-06-27,7,1,0
R04,SKU-1238,2026-06-28,5,1,1
R04,SKU-1238,2026-06-29,12,0,0
R04,SKU-1238,2026-06-30,2,0,1
R04,SKU-1280,01-Jun-26,23,0,0
R04,SKU-1280,06/02/2026,34,1,0
R04,SKU-1280,2026-06-03,22,0,1
R04,SKU-1280,04-Jun-26,29,1,0
R04,SKU-1280,2026-06-05,37,0,0
R04,SKU-1280,06/06/2026,20,0,0
R04,SKU-1280,2026-06-07,22,1,0
R04,SKU-1280,06/08/2026,23,0,0
R04,SKU-1280,06/09/2026,26,0,1
R04,SKU-1280,10-Jun-26,31,0,0
R04,SKU-1280,2026-06-11,23,0,0
R04,SKU-1280,2026-06-12,29,0,0
R04,SKU-1280,2026-06-13,26,0,0
R04,SKU-1280,2026-06-14,35,1,0
R04,SKU-1280,2026-06-15,32,0,0
R04,SKU-1280,2026-06-16,26,0,0
R04,SKU-1280,17-Jun-26,29,1,0
R04,SKU-1280,2026-06-18,27,1,0
R04,SKU-1280,2026-06-19,21,0,0
R04,SKU-1280,2026-06-20,27,1,0
R04,SKU-1280,2026-06-21,22,1,0
R04,SKU-1280,2026-06-22,17,2,1
R04,SKU-1280,2026-06-23,34,0,0
R04,SKU-1280,2026-06-24,24,0,0
R04,SKU-1280,06/25/2026,26,1,0
R04,SKU-1280,2026-06-26,36,0,0
R04,SKU-1280,06/27/2026,28,2,0
R04,SKU-1280,06/28/2026,21,0,0
R04,SKU-1280,06/29/2026,26,1,0
R04,SKU-1280,30-Jun-26,25,2,0
R04,SKU-1273,01-Jun-26,9,0,0
R04,SKU-1273,06/02/2026,7,0,0
R04,SKU-1273,2026-06-03,5,0,0
R04,SKU-1273,2026-06-04,10,0,0
R04,SKU-1273,06/05/2026,8,2,0
R04,SKU-1273,2026-06-06,13,1,0
R04,SKU-1273,07-Jun-26,5,0,0
R04,SKU-1273,2026-06-08,6,0,0
R04,SKU-1273,2026-06-09,8,1,0
R04,SKU-1273,2026-06-10,11,0,0
R04,SKU-1273,06/11/2026,3,0,1
R04,SKU-1273,2026-06-12,6,0,0
R04,SKU-1273,06/13/2026,5,0,0
R04,SKU-1273,2026-06-14,11,1,0
R04,SKU-1273,2026-06-15,7,0,0
R04,SKU-1273,06/16/2026,6,0,0
R04,SKU-1273,17-Jun-26,5,1,0
R04,SKU-1273,2026-06-18,2,0,0
R04,SKU-1273,2026-06-19,7,1,1
R04,SKU-1273,2026-06-20,6,0,0
R04,SKU-1273,2026-06-21,9,1,0
R04,SKU-1273,2026-06-22,10,0,0
R04,SKU-1273,2026-06-23,10,0,1
R04,SKU-1273,2026-06-24,4,2,0
R04,SKU-1273,2026-06-25,6,0,1
R04,SKU-1273,2026-06-26,5,0,0
R04,SKU-1273,2026-06-27,7,0,1
R04,SKU-1273,2026-06-28,0,1,0
R04,SKU-1273,2026-06-29,7,0,1
R04,SKU-1273,2026-06-30,9,0,0
R04,SKU-1091,06/01/2026,10,0,0
R04,SKU-1091,2026-06-02,8,0,0
R04,SKU-1091,03-Jun-26,7,2,0
R04,SKU-1091,04-Jun-26,7,0,0
R04,SKU-1091,2026-06-05,5,0,0
R04,SKU-1091,2026-06-06,7,0,0
R04,SKU-1091,06/07/2026,9,0,1
R04,SKU-1091,2026-06-08,10,0,0
R04,SKU-1091,2026-06-09,5,0,0
R04,SKU-1091,2026-06-10,3,0,1
R04,SKU-1091,06/11/2026,8,0,0
R04,SKU-1091,2026-06-12,12,0,0
R04,SKU-1091,06/13/2026,2,0,0
R04,SKU-1091,2026-06-14,11,0,1
R04,SKU-1091,15-Jun-26,8,0,0
R04,SKU-1091,2026-06-16,9,1,0
R04,SKU-1091,2026-06-17,9,0,1
R04,SKU-1091,2026-06-18,8,0,0
R04,SKU-1091,2026-06-19,7,0,0
R04,SKU-1091,06/20/2026,8,0,0
R04,SKU-1091,2026-06-21,10,0,0
R04,SKU-1091,22-Jun-26,5,0,0
R04,SKU-1091,06/23/2026,10,2,0
R04,SKU-1091,2026-06-24,7,0,0
R04,SKU-1091,06/25/2026,9,2,0
R04,SKU-1091,2026-06-26,12,0,0
R04,SKU-1091,2026-06-27,6,1,0
R04,SKU-1091,2026-06-28,7,2,0
R04,SKU-1091,2026-06-29,9,0,0
R04,SKU-1091,2026-06-30,10,1,0
R04,SKU-1210,06/01/2026,35,0,1
R04,SKU-1210,2026-06-02,32,0,0
R04,SKU-1210,2026-06-03,-26,1,0
R04,SKU-1210,04-Jun-26,32,0,0
R04,SKU-1210,2026-06-05,30,0,0
R04,SKU-1210,06/06/2026,29,1,0
R04,SKU-1210,2026-06-07,27,0,0
R04,SKU-1210,2026-06-08,52,0,0
R04,SKU-1210,2026-06-09,20,0,0
R04,SKU-1210,2026-06-10,39,0,0
R04,SKU-1210,2026-06-11,27,1,0
R04,SKU-1210,2026-06-12,43,0,0
R04,SKU-1210,06/13/2026,37,0,0
R04,SKU-1210,14-Jun-26,27,1,0
R04,SKU-1210,2026-06-15,32,0,0
R04,SKU-1210,06/16/2026,25,0,0
R04,SKU-1210,2026-06-17,39,1,0
R04,SKU-1210,2026-06-18,31,0,0
R04,SKU-1210,2026-06-19,38,0,0
R04,SKU-1210,06/20/2026,30,0,0
R04,SKU-1210,06/21/2026,28,0,1
R04,SKU-1210,06/22/2026,29,1,0
R04,SKU-1210,2026-06-23,30,0,0
R04,SKU-1210,2026-06-24,29,2,0
R04,SKU-1210,25-Jun-26,29,1,0
R04,SKU-1210,06/26/2026,32,0,0
R04,SKU-1210,2026-06-27,31,0,0
R04,SKU-1210,2026-06-28,33,0,0
R04,SKU-1210,06/29/2026,33,0,0
R04,SKU-1210,06/30/2026,25,0,1
R04,SKU-1266,06/01/2026,5,0,1
R04,SKU-1266,2026-06-02,8,0,0
R04,SKU-1266,2026-06-03,6,1,0
R04,SKU-1266,06/04/2026,9,0,0
R04,SKU-1266,2026-06-05,7,0,0
R04,SKU-1266,06-Jun-26,8,0,0
R04,SKU-1266,2026-06-07,6,0,0
R04,SKU-1266,06/08/2026,6,0,0
R04,SKU-1266,2026-06-09,12,1,0
R04,SKU-1266,2026-06-10,8,2,0
R04,SKU-1266,06/11/2026,8,0,0
R04,SKU-1266,2026-06-12,4,0,0
R04,SKU-1266,2026-06-13,2,1,0
R04,SKU-1266,06/14/2026,6,0,0
R04,SKU-1266,15-Jun-26,9,0,0
R04,SKU-1266,06/16/2026,5,1,1
R04,SKU-1266,2026-06-17,7,1,0
R04,SKU-1266,2026-06-18,15,1,0
R04,SKU-1266,2026-06-19,9,0,0
R04,SKU-1266,2026-06-20,9,1,1
R04,SKU-1266,21-Jun-26,8,0,0
R04,SKU-1266,2026-06-22,8,0,0
R04,SKU-1266,06/23/2026,6,0,0
R04,SKU-1266,2026-06-24,6,0,0
R04,SKU-1266,25-Jun-26,9,0,0
R04,SKU-1266,2026-06-26,5,0,0
R04,SKU-1266,2026-06-27,9,0,0
R04,SKU-1266,2026-06-28,3,0,0
R04,SKU-1266,2026-06-29,6,0,0
R04,SKU-1266,06/30/2026,5,1,0
R04,SKU-1259,2026-06-01,16,0,0
R04,SKU-1259,02-Jun-26,9,0,0
R04,SKU-1259,2026-06-03,9,1,0
R04,SKU-1259,2026-06-04,10,1,0
R04,SKU-1259,2026-06-05,7,0,1
R04,SKU-1259,06/06/2026,6,0,0
R04,SKU-1259,06/07/2026,4,0,1
R04,SKU-1259,2026-06-08,11,0,0
R04,SKU-1259,2026-06-09,6,0,0
R04,SKU-1259,06/10/2026,7,1,0
R04,SKU-1259,2026-06-11,6,0,0
R04,SKU-1259,12-Jun-26,4,2,0
R04,SKU-1259,13-Jun-26,8,0,0
R04,SKU-1259,2026-06-14,4,0,0
R04,SKU-1259,2026-06-15,12,0,0
R04,SKU-1259,2026-06-16,12,1,0
R04,SKU-1259,17-Jun-26,3,0,0
R04,SKU-1259,2026-06-18,11,0,0
R04,SKU-1259,06/19/2026,10,0,0
R04,SKU-1259,2026-06-20,6,0,0
R04,SKU-1259,2026-06-21,11,0,0
R04,SKU-1259,2026-06-22,11,1,0
R04,SKU-1259,2026-06-23,9,0,0
R04,SKU-1259,24-Jun-26,4,2,0
R04,SKU-1259,2026-06-25,7,0,1
R04,SKU-1259,26-Jun-26,6,0,0
R04,SKU-1259,2026-06-27,11,0,0
R04,SKU-1259,2026-06-28,6,0,1
R04,SKU-1259,2026-06-29,6,0,0
R04,SKU-1259,2026-06-30,8,0,0
R04,SKU-1133,2026-06-01,8,1,0
R04,SKU-1133,2026-06-02,5,1,0
R04,SKU-1133,06/03/2026,6,1,0
R04,SKU-1133,2026-06-04,2,1,0
R04,SKU-1133,05-Jun-26,6,1,0
R04,SKU-1133,2026-06-06,7,0,0
R04,SKU-1133,2026-06-07,9,0,0
R04,SKU-1133,2026-06-08,7,0,0
R04,SKU-1133,09-Jun-26,5,1,0
R04,SKU-1133,10-Jun-26,6,0,0
R04,SKU-1133,2026-06-11,4,1,0
R04,SKU-1133,2026-06-12,3,1,0
R04,SKU-1133,13-Jun-26,6,0,0
R04,SKU-1133,2026-06-14,5,0,0
R04,SKU-1133,06/15/2026,2,0,0
R04,SKU-1133,06/16/2026,10,2,0
R04,SKU-1133,17-Jun-26,8,1,1
R04,SKU-1133,2026-06-18,3,0,1
R04,SKU-1133,19-Jun-26,5,0,0
R04,SKU-1133,20-Jun-26,7,0,0
R04,SKU-1133,21-Jun-26,7,1,0
R04,SKU-1133,2026-06-22,2,0,0
R04,SKU-1133,2026-06-23,3,0,0
R04,SKU-1133,2026-06-24,3,1,0
R04,SKU-1133,25-Jun-26,5,0,0
R04,SKU-1133,06/26/2026,4,0,0
R04,SKU-1133,06/27/2026,8,0,0
R04,SKU-1133,06/28/2026,4,0,0
R04,SKU-1133,29-Jun-26,5,0,0
R04,SKU-1133,2026-06-30,9,0,0
R04,SKU-1126,06/01/2026,11,0,0
R04,SKU-1126,2026-06-02,10,0,1
R04,SKU-1126,2026-06-03,11,1,0
R04,SKU-1126,2026-06-04,11,0,0
R04,SKU-1126,2026-06-05,14,0,0
R04,SKU-1126,06/06/2026,7,0,0
R04,SKU-1126,2026-06-07,12,0,1
R04,SKU-1126,08-Jun-26,16,0,0
R04,SKU-1126,2026-06-09,12,1,0
R04,SKU-1126,2026-06-10,9,0,0
R04,SKU-1126,2026-06-11,9,0,0
R04,SKU-1126,2026-06-12,9,0,0
R04,SKU-1126,2026-06-13,19,0,0
R04,SKU-1126,06/14/2026,11,0,0
R04,SKU-1126,2026-06-15,14,2,0
R04,SKU-1126,2026-06-16,14,1,0
R04,SKU-1126,2026-06-17,13,0,0
R04,SKU-1126,18-Jun-26,11,0,1
R04,SKU-1126,2026-06-19,11,1,1
R04,SKU-1126,06/20/2026,9,0,0
R04,SKU-1126,2026-06-21,8,0,0
R04,SKU-1126,22-Jun-26,9,0,0
R04,SKU-1126,2026-06-23,14,0,0
R04,SKU-1126,2026-06-24,12,0,0
R04,SKU-1126,2026-06-25,15,2,0
R04,SKU-1126,2026-06-26,18,0,0
R04,SKU-1126,06/27/2026,13,1,0
R04,SKU-1126,06/28/2026,13,1,0
R04,SKU-1126,29-Jun-26,16,0,0
R04,SKU-1126,2026-06-30,9,0,0
R04,SKU-1175,06/01/2026,12,3,0
R04,SKU-1175,2026-06-02,11,0,0
R04,SKU-1175,2026-06-03,20,0,0
R04,SKU-1175,2026-06-04,11,0,1
R04,SKU-1175,2026-06-05,15,0,0
R04,SKU-1175,2026-06-06,9,0,0
R04,SKU-1175,2026-06-07,18,0,0
R04,SKU-1175,2026-06-08,15,1,0
R04,SKU-1175,06/09/2026,14,1,0
R04,SKU-1175,06/10/2026,12,0,0
R04,SKU-1175,11-Jun-26,15,0,0
R04,SKU-1175,2026-06-12,15,1,0
R04,SKU-1175,2026-06-13,12,0,1
R04,SKU-1175,2026-06-14,14,0,0
R04,SKU-1175,2026-06-15,8,1,0
R04,SKU-1175,16-Jun-26,18,0,0
R04,SKU-1175,2026-06-17,14,1,0
R04,SKU-1175,18-Jun-26,15,0,0
R04,SKU-1175,06/19/2026,10,1,0
R04,SKU-1175,2026-06-20,13,1,1
R04,SKU-1175,2026-06-21,22,1,0
R04,SKU-1175,06/22/2026,12,0,0
R04,SKU-1175,2026-06-23,19,1,0
R04,SKU-1175,24-Jun-26,10,0,0
R04,SKU-1175,06/25/2026,11,0,0
R04,SKU-1175,2026-06-26,15,0,0
R04,SKU-1175,06/27/2026,10,0,0
R04,SKU-1175,28-Jun-26,16,0,1
R04,SKU-1175,2026-06-29,14,0,0
R04,SKU-1175,06/30/2026,12,1,0
R04,SKU-1098,06/01/2026,26,0,0
R04,SKU-1098,2026-06-02,15,0,0
R04,SKU-1098,2026-06-03,18,0,0
R04,SKU-1098,06/04/2026,15,1,0
R04,SKU-1098,05-Jun-26,30,2,0
R04,SKU-1098,2026-06-06,15,0,0
R04,SKU-1098,06/07/2026,24,0,0
R04,SKU-1098,2026-06-08,16,0,0
R04,SKU-1098,2026-06-09,21,0,0
R04,SKU-1098,10-Jun-26,21,0,0
R04,SKU-1098,06/11/2026,22,1,0
R04,SKU-1098,2026-06-12,18,0,0
R04,SKU-1098,06/13/2026,21,1,0
R04,SKU-1098,06/14/2026,21,1,0
R04,SKU-1098,2026-06-15,14,0,0
R04,SKU-1098,2026-06-16,16,0,0
R04,SKU-1098,2026-06-17,18,0,0
R04,SKU-1098,2026-06-18,21,1,0
R04,SKU-1098,2026-06-19,12,1,0
R04,SKU-1098,06/20/2026,14,1,0
R04,SKU-1098,06/21/2026,17,0,0
R04,SKU-1098,2026-06-22,23,0,1
R04,SKU-1098,23-Jun-26,25,0,0
R04,SKU-1098,06/24/2026,16,0,0
R04,SKU-1098,25-Jun-26,18,1,1
R04,SKU-1098,06/26/2026,13,1,0
R04,SKU-1098,06/27/2026,22,0,0
R04,SKU-1098,2026-06-28,21,0,0
R04,SKU-1098,06/29/2026,25,0,0
R04,SKU-1098,06/30/2026,22,0,0
R04,SKU-1196,06/01/2026,12,0,0
R04,SKU-1196,2026-06-02,12,2,0
R04,SKU-1196,03-Jun-26,12,1,0
R04,SKU-1196,2026-06-04,19,0,0
R04,SKU-1196,2026-06-05,13,0,1
R04,SKU-1196,2026-06-06,11,0,0
R04,SKU-1196,2026-06-07,9,0,0
R04,SKU-1196,08-Jun-26,14,1,0
R04,SKU-1196,2026-06-09,15,2,0
R04,SKU-1196,2026-06-10,16,0,0
R04,SKU-1196,2026-06-11,15,0,0
R04,SKU-1196,2026-06-12,21,0,0
R04,SKU-1196,13-Jun-26,17,1,0
R04,SKU-1196,2026-06-14,7,0,0
R04,SKU-1196,2026-06-15,21,1,0
R04,SKU-1196,06/16/2026,22,1,0
R04,SKU-1196,2026-06-17,19,0,0
R04,SKU-1196,2026-06-18,11,0,0
R04,SKU-1196,2026-06-19,15,0,1
R04,SKU-1196,06/20/2026,12,0,0
R04,SKU-1196,21-Jun-26,19,0,0
R04,SKU-1196,2026-06-22,24,1,0
R04,SKU-1196,2026-06-23,17,0,0
R04,SKU-1196,06/24/2026,10,0,0
R04,SKU-1196,25-Jun-26,11,0,0
R04,SKU-1196,2026-06-26,18,0,0
R04,SKU-1196,2026-06-27,12,0,0
R04,SKU-1196,2026-06-28,13,0,0
R04,SKU-1196,06/29/2026,12,0,0
R04,SKU-1196,30-Jun-26,15,0,0
R04,SKU-1189,01-Jun-26,29,1,0
R04,SKU-1189,2026-06-02,22,0,0
R04,SKU-1189,2026-06-03,23,0,0
R04,SKU-1189,2026-06-04,22,1,0
R04,SKU-1189,05-Jun-26,21,1,0
R04,SKU-1189,2026-06-06,33,3,1
R04,SKU-1189,06/07/2026,25,0,0
R04,SKU-1189,06/08/2026,30,1,0
R04,SKU-1189,2026-06-09,22,0,0
R04,SKU-1189,06/10/2026,31,0,0
R04,SKU-1189,06/11/2026,35,0,0
R04,SKU-1189,2026-06-12,28,0,0
R04,SKU-1189,13-Jun-26,25,0,0
R04,SKU-1189,06/14/2026,32,0,0
R04,SKU-1189,06/15/2026,17,0,0
R04,SKU-1189,2026-06-16,26,1,0
R04,SKU-1189,06/17/2026,25,1,0
R04,SKU-1189,2026-06-18,30,2,0
R04,SKU-1189,2026-06-19,29,0,0
R04,SKU-1189,06/20/2026,27,0,0
R04,SKU-1189,2026-06-21,24,0,0
R04,SKU-1189,2026-06-22,16,0,0
R04,SKU-1189,06/23/2026,29,1,0
R04,SKU-1189,24-Jun-26,30,2,0
R04,SKU-1189,2026-06-25,29,0,0
R04,SKU-1189,06/26/2026,34,0,0
R04,SKU-1189,06/27/2026,26,0,0
R04,SKU-1189,2026-06-28,29,0,0
R04,SKU-1189,2026-06-29,30,0,0
R04,SKU-1189,30-Jun-26,33,0,0
R04,SKU-1168,06/01/2026,20,0,0
R04,SKU-1168,06/02/2026,20,0,0
R04,SKU-1168,2026-06-03,15,0,0
R04,SKU-1168,06/04/2026,26,2,0
R04,SKU-1168,05-Jun-26,28,0,0
R04,SKU-1168,06/06/2026,13,0,0
R04,SKU-1168,2026-06-07,19,0,0
R04,SKU-1168,2026-06-08,23,0,0
R04,SKU-1168,06/09/2026,26,0,0
R04,SKU-1168,2026-06-10,21,1,1
R04,SKU-1168,2026-06-11,22,1,0
R04,SKU-1168,2026-06-12,13,0,0
R04,SKU-1168,06/13/2026,18,1,0
R04,SKU-1168,2026-06-14,25,1,0
R04,SKU-1168,2026-06-15,16,0,0
R04,SKU-1168,2026-06-16,22,0,0
R04,SKU-1168,17-Jun-26,27,1,0
R04,SKU-1168,2026-06-18,23,0,1
R04,SKU-1168,2026-06-19,17,0,0
R04,SKU-1168,2026-06-20,16,1,0
R04,SKU-1168,2026-06-21,20,1,0
R04,SKU-1168,2026-06-22,18,1,0
R04,SKU-1168,2026-06-23,20,0,0
R04,SKU-1168,2026-06-24,20,0,0
R04,SKU-1168,06/25/2026,24,0,0
R04,SKU-1168,26-Jun-26,20,1,0
R04,SKU-1168,06/27/2026,28,0,0
R04,SKU-1168,2026-06-28,23,0,1
R04,SKU-1168,2026-06-29,21,0,1
R04,SKU-1168,2026-06-30,30,0,0
R04,SKU-1105,2026-06-01,7,1,0
R04,SKU-1105,2026-06-02,13,0,0
R04,SKU-1105,2026-06-03,10,0,0
R04,SKU-1105,2026-06-04,5,1,1
R04,SKU-1105,2026-06-05,8,1,0
R04,SKU-1105,2026-06-06,10,0,0
R04,SKU-1105,2026-06-07,7,0,0
R04,SKU-1105,06/08/2026,11,0,0
R04,SKU-1105,2026-06-09,10,1,0
R04,SKU-1105,2026-06-10,9,0,0
R04,SKU-1105,11-Jun-26,9,0,1
R04,SKU-1105,06/12/2026,10,1,0
R04,SKU-1105,13-Jun-26,13,0,0
R04,SKU-1105,2026-06-14,7,0,0
R04,SKU-1105,06/15/2026,4,0,0
R04,SKU-1105,2026-06-16,10,0,0
R04,SKU-1105,06/17/2026,7,0,0
R04,SKU-1105,2026-06-18,7,0,0
R04,SKU-1105,19-Jun-26,8,0,0
R04,SKU-1105,06/20/2026,4,1,0
R04,SKU-1105,21-Jun-26,8,0,0
R04,SKU-1105,06/22/2026,9,1,0
R04,SKU-1105,2026-06-23,8,0,0
R04,SKU-1105,2026-06-24,4,0,0
R04,SKU-1105,2026-06-25,9,1,0
R04,SKU-1105,2026-06-26,12,0,0
R04,SKU-1105,2026-06-27,13,0,0
R04,SKU-1105,2026-06-28,3,2,0
R04,SKU-1105,06/29/2026,9,1,0
R04,SKU-1105,06/30/2026,6,1,0
R04,SKU-1161,06/01/2026,24,1,0
R04,SKU-1161,02-Jun-26,15,1,0
R04,SKU-1161,03-Jun-26,11,0,0
R04,SKU-1161,06/04/2026,23,0,0
R04,SKU-1161,2026-06-05,14,1,0
R04,SKU-1161,06-Jun-26,14,0,0
R04,SKU-1161,2026-06-07,17,0,0
R04,SKU-1161,2026-06-08,14,0,0
R04,SKU-1161,06/09/2026,13,1,0
R04,SKU-1161,06/10/2026,8,0,0
R04,SKU-1161,2026-06-11,16,0,0
R04,SKU-1161,2026-06-12,16,1,0
R04,SKU-1161,2026-06-13,19,1,0
R04,SKU-1161,06/14/2026,14,0,0
R04,SKU-1161,2026-06-15,10,1,0
R04,SKU-1161,2026-06-16,14,0,1
R04,SKU-1161,17-Jun-26,11,0,0
R04,SKU-1161,2026-06-18,9,0,0
R04,SKU-1161,2026-06-19,14,0,0
R04,SKU-1161,2026-06-20,16,0,0
R04,SKU-1161,2026-06-21,15,0,0
R04,SKU-1161,06/22/2026,18,0,0
R04,SKU-1161,2026-06-23,16,0,0
R04,SKU-1161,06/24/2026,13,0,1
R04,SKU-1161,2026-06-25,10,0,1
R04,SKU-1161,2026-06-26,22,0,0
R04,SKU-1161,27-Jun-26,22,1,0
R04,SKU-1161,06/28/2026,21,1,0
R04,SKU-1161,06/29/2026,18,1,0
R04,SKU-1161,2026-06-30,19,0,0
R04,SKU-1112,06/01/2026,4,1,0
R04,SKU-1112,2026-06-02,1,0,0
R04,SKU-1112,2026-06-03,10,0,0
R04,SKU-1112,2026-06-04,8,0,0
R04,SKU-1112,06/05/2026,6,0,1
R04,SKU-1112,2026-06-06,5,0,0
R04,SKU-1112,07-Jun-26,15,0,0
R04,SKU-1112,2026-06-08,5,0,0
R04,SKU-1112,09-Jun-26,6,0,0
R04,SKU-1112,06/10/2026,7,2,0
R04,SKU-1112,06/11/2026,11,0,0
R04,SKU-1112,2026-06-12,6,1,1
R04,SKU-1112,06/13/2026,12,0,0
R04,SKU-1112,06/14/2026,7,1,0
R04,SKU-1112,06/15/2026,9,0,0
R04,SKU-1112,2026-06-16,10,1,0
R04,SKU-1112,2026-06-17,6,0,0
R04,SKU-1112,2026-06-18,10,0,0
R04,SKU-1112,2026-06-19,11,1,0
R04,SKU-1112,20-Jun-26,4,1,0
R04,SKU-1112,2026-06-21,9,1,0
R04,SKU-1112,06/22/2026,9,0,0
R04,SKU-1112,2026-06-23,14,0,1
R04,SKU-1112,2026-06-24,8,2,0
R04,SKU-1112,06/25/2026,7,0,0
R04,SKU-1112,2026-06-26,4,0,0
R04,SKU-1112,2026-06-27,8,0,0
R04,SKU-1112,2026-06-28,3,0,0
R04,SKU-1112,2026-06-29,7,3,0
R04,SKU-1112,2026-06-30,10,0,1
R05,SKU-1112,2026-06-01,20,0,0
R05,SKU-1112,2026-06-02,17,1,0
R05,SKU-1112,03-Jun-26,22,1,0
R05,SKU-1112,2026-06-04,17,0,1
R05,SKU-1112,2026-06-05,20,0,0
R05,SKU-1112,06/06/2026,14,1,0
R05,SKU-1112,06/07/2026,19,0,0
R05,SKU-1112,2026-06-08,21,0,0
R05,SKU-1112,2026-06-09,18,0,0
R05,SKU-1112,10-Jun-26,20,0,0
R05,SKU-1112,11-Jun-26,23,0,0
R05,SKU-1112,2026-06-12,21,0,0
R05,SKU-1112,06/13/2026,18,0,0
R05,SKU-1112,2026-06-14,23,1,0
R05,SKU-1112,2026-06-15,25,2,0
R05,SKU-1112,06/16/2026,33,0,0
R05,SKU-1112,17-Jun-26,22,0,0
R05,SKU-1112,2026-06-18,16,0,1
R05,SKU-1112,06/19/2026,29,0,0
R05,SKU-1112,06/20/2026,19,0,0
R05,SKU-1112,2026-06-21,25,1,0
R05,SKU-1112,22-Jun-26,21,2,1
R05,SKU-1112,2026-06-23,23,0,0
R05,SKU-1112,2026-06-24,23,0,0
R05,SKU-1112,2026-06-25,17,0,0
R05,SKU-1112,2026-06-26,27,2,0
R05,SKU-1112,2026-06-27,19,0,0
R05,SKU-1112,2026-06-28,26,0,0
R05,SKU-1112,29-Jun-26,14,0,0
R05,SKU-1112,2026-06-30,19,1,0
R05,SKU-1133,2026-06-01,34,1,0
R05,SKU-1133,2026-06-02,18,0,1
R05,SKU-1133,06/03/2026,28,1,0
R05,SKU-1133,2026-06-04,23,0,0
R05,SKU-1133,2026-06-05,27,0,0
R05,SKU-1133,2026-06-06,26,0,0
R05,SKU-1133,07-Jun-26,25,0,0
R05,SKU-1133,2026-06-08,25,1,0
R05,SKU-1133,2026-06-09,21,0,0
R05,SKU-1133,2026-06-10,25,0,0
R05,SKU-1133,06/11/2026,27,1,0
R05,SKU-1133,2026-06-12,27,1,0
R05,SKU-1133,2026-06-13,22,1,0
R05,SKU-1133,2026-06-14,20,0,0
R05,SKU-1133,06/15/2026,24,1,0
R05,SKU-1133,2026-06-16,31,0,0
R05,SKU-1133,17-Jun-26,18,0,0
R05,SKU-1133,06/18/2026,26,1,0
R05,SKU-1133,06/19/2026,26,0,0
R05,SKU-1133,2026-06-20,21,0,1
R05,SKU-1133,06/21/2026,29,0,0
R05,SKU-1133,2026-06-22,22,1,1
R05,SKU-1133,2026-06-23,29,1,0
R05,SKU-1133,06/24/2026,27,1,0
R05,SKU-1133,2026-06-25,22,0,0
R05,SKU-1133,2026-06-26,23,0,0
R05,SKU-1133,2026-06-27,25,0,0
R05,SKU-1133,2026-06-28,26,1,0
R05,SKU-1133,29-Jun-26,24,1,0
R05,SKU-1133,2026-06-30,23,0,0
R05,SKU-1028,2026-06-01,6,0,1
R05,SKU-1028,06/02/2026,3,0,0
R05,SKU-1028,2026-06-03,7,1,0
R05,SKU-1028,06/04/2026,3,0,0
R05,SKU-1028,2026-06-05,3,0,0
R05,SKU-1028,06/06/2026,5,2,0
R05,SKU-1028,06/07/2026,8,0,1
R05,SKU-1028,2026-06-08,6,1,0
R05,SKU-1028,06/09/2026,7,1,0
R05,SKU-1028,2026-06-10,2,0,0
R05,SKU-1028,2026-06-11,4,0,0
R05,SKU-1028,06/12/2026,8,0,0
R05,SKU-1028,06/13/2026,7,0,0
R05,SKU-1028,2026-06-14,5,1,0
R05,SKU-1028,06/15/2026,1,1,1
R05,SKU-1028,06/16/2026,8,1,0
R05,SKU-1028,17-Jun-26,6,1,0
R05,SKU-1028,2026-06-18,3,0,0
R05,SKU-1028,2026-06-19,6,0,0
R05,SKU-1028,06/20/2026,4,0,0
R05,SKU-1028,06/21/2026,8,0,0
R05,SKU-1028,2026-06-22,7,0,0
R05,SKU-1028,2026-06-23,5,0,0
R05,SKU-1028,06/24/2026,2,0,0
R05,SKU-1028,2026-06-25,5,1,0
R05,SKU-1028,2026-06-26,11,0,0
R05,SKU-1028,2026-06-27,4,0,0
R05,SKU-1028,2026-06-28,2,1,0
R05,SKU-1028,06/29/2026,4,0,0
R05,SKU-1028,2026-06-30,10,0,0
R05,SKU-1126,2026-06-01,14,0,0
R05,SKU-1126,2026-06-02,18,0,0
R05,SKU-1126,2026-06-03,13,0,0
R05,SKU-1126,2026-06-04,9,0,0
R05,SKU-1126,2026-06-05,14,0,0
R05,SKU-1126,2026-06-06,15,0,0
R05,SKU-1126,07-Jun-26,22,0,0
R05,SKU-1126,2026-06-08,17,1,0
R05,SKU-1126,06/09/2026,17,0,0
R05,SKU-1126,06/10/2026,19,0,1
R05,SKU-1126,06/11/2026,14,0,0
R05,SKU-1126,2026-06-12,19,1,1
R05,SKU-1126,06/13/2026,20,0,0
R05,SKU-1126,2026-06-14,16,0,0
R05,SKU-1126,06/15/2026,19,1,0
R05,SKU-1126,16-Jun-26,12,0,0
R05,SKU-1126,2026-06-17,12,0,1
R05,SKU-1126,18-Jun-26,16,0,0
R05,SKU-1126,2026-06-19,17,1,0
R05,SKU-1126,2026-06-20,20,0,0
R05,SKU-1126,21-Jun-26,15,0,0
R05,SKU-1126,2026-06-22,17,0,0
R05,SKU-1126,23-Jun-26,6,3,0
R05,SKU-1126,2026-06-24,20,0,0
R05,SKU-1126,2026-06-25,12,0,0
R05,SKU-1126,2026-06-26,18,0,1
R05,SKU-1126,06/27/2026,17,0,0
R05,SKU-1126,28-Jun-26,18,0,0
R05,SKU-1126,2026-06-29,21,0,0
R05,SKU-1126,2026-06-30,20,0,1
R05,SKU-1077,2026-06-01,14,2,0
R05,SKU-1077,2026-06-02,24,0,1
R05,SKU-1077,06/03/2026,28,1,0
R05,SKU-1077,2026-06-04,20,0,0
R05,SKU-1077,2026-06-05,24,0,0
R05,SKU-1077,06-Jun-26,28,0,0
R05,SKU-1077,07-Jun-26,27,0,1
R05,SKU-1077,2026-06-08,19,0,1
R05,SKU-1077,06/09/2026,17,0,0
R05,SKU-1077,10-Jun-26,23,1,0
R05,SKU-1077,2026-06-11,25,0,0
R05,SKU-1077,2026-06-12,19,1,0
R05,SKU-1077,2026-06-13,24,0,1
R05,SKU-1077,14-Jun-26,29,0,0
R05,SKU-1077,2026-06-15,23,0,0
R05,SKU-1077,16-Jun-26,25,1,0
R05,SKU-1077,2026-06-17,22,0,0
R05,SKU-1077,2026-06-18,25,0,0
R05,SKU-1077,06/19/2026,21,1,0
R05,SKU-1077,2026-06-20,25,0,0
R05,SKU-1077,06/21/2026,21,0,0
R05,SKU-1077,06/22/2026,32,0,0
R05,SKU-1077,06/23/2026,21,0,0
R05,SKU-1077,24-Jun-26,21,2,0
R05,SKU-1077,06/25/2026,22,1,1
R05,SKU-1077,06/26/2026,24,0,0
R05,SKU-1077,2026-06-27,22,0,0
R05,SKU-1077,06/28/2026,22,0,0
R05,SKU-1077,29-Jun-26,14,0,0
R05,SKU-1077,06/30/2026,30,0,0
R05,SKU-1196,06/01/2026,32,2,0
R05,SKU-1196,06/02/2026,36,0,0
R05,SKU-1196,2026-06-03,35,0,0
R05,SKU-1196,2026-06-04,38,0,0
R05,SKU-1196,2026-06-05,25,0,0
R05,SKU-1196,06/06/2026,26,2,0
R05,SKU-1196,2026-06-07,26,0,0
R05,SKU-1196,06/08/2026,35,1,1
R05,SKU-1196,06/09/2026,21,0,0
R05,SKU-1196,10-Jun-26,35,0,0
R05,SKU-1196,2026-06-11,32,0,1
R05,SKU-1196,2026-06-12,28,0,0
R05,SKU-1196,2026-06-13,23,1,0
R05,SKU-1196,2026-06-14,43,0,0
R05,SKU-1196,2026-06-15,26,1,0
R05,SKU-1196,2026-06-16,30,1,0
R05,SKU-1196,2026-06-17,40,0,1
R05,SKU-1196,2026-06-18,19,0,0
R05,SKU-1196,2026-06-19,26,1,0
R05,SKU-1196,06/20/2026,27,0,1
R05,SKU-1196,2026-06-21,36,1,0
R05,SKU-1196,2026-06-22,32,0,0
R05,SKU-1196,2026-06-23,31,0,0
R05,SKU-1196,06/24/2026,32,1,0
R05,SKU-1196,06/25/2026,28,0,0
R05,SKU-1196,26-Jun-26,32,1,0
R05,SKU-1196,06/27/2026,26,1,0
R05,SKU-1196,06/28/2026,30,0,1
R05,SKU-1196,29-Jun-26,29,1,0
R05,SKU-1196,2026-06-30,29,0,0
R05,SKU-1056,06/01/2026,30,2,0
R05,SKU-1056,2026-06-02,25,0,0
R05,SKU-1056,2026-06-03,29,0,0
R05,SKU-1056,06/04/2026,37,0,0
R05,SKU-1056,05-Jun-26,33,0,0
R05,SKU-1056,2026-06-06,32,0,0
R05,SKU-1056,06/07/2026,24,0,0
R05,SKU-1056,2026-06-08,20,1,0
R05,SKU-1056,09-Jun-26,18,0,0
R05,SKU-1056,2026-06-10,29,0,0
R05,SKU-1056,2026-06-11,44,0,0
R05,SKU-1056,2026-06-12,27,1,0
R05,SKU-1056,2026-06-13,26,0,0
R05,SKU-1056,2026-06-14,31,0,0
R05,SKU-1056,2026-06-15,24,0,0
R05,SKU-1056,2026-06-16,35,0,1
R05,SKU-1056,17-Jun-26,26,0,0
R05,SKU-1056,18-Jun-26,27,0,0
R05,SKU-1056,06/19/2026,38,0,0
R05,SKU-1056,2026-06-20,32,1,0
R05,SKU-1056,2026-06-21,24,0,0
R05,SKU-1056,2026-06-22,37,0,0
R05,SKU-1056,23-Jun-26,29,0,0
R05,SKU-1056,2026-06-24,38,0,0
R05,SKU-1056,06/25/2026,30,0,0
R05,SKU-1056,06/26/2026,34,0,0
R05,SKU-1056,2026-06-27,28,0,0
R05,SKU-1056,28-Jun-26,23,0,0
R05,SKU-1056,29-Jun-26,21,1,0
R05,SKU-1056,2026-06-30,22,1,0
R05,SKU-1280,2026-06-01,12,0,0
R05,SKU-1280,2026-06-02,12,1,1
R05,SKU-1280,2026-06-03,10,0,0
R05,SKU-1280,2026-06-04,13,0,0
R05,SKU-1280,05-Jun-26,12,1,0
R05,SKU-1280,2026-06-06,16,0,0
R05,SKU-1280,2026-06-07,16,1,0
R05,SKU-1280,2026-06-08,21,0,0
R05,SKU-1280,06/09/2026,12,0,0
R05,SKU-1280,2026-06-10,8,1,0
R05,SKU-1280,2026-06-11,13,0,1
R05,SKU-1280,06/12/2026,16,0,0
R05,SKU-1280,06/13/2026,13,2,0
R05,SKU-1280,14-Jun-26,14,3,0
R05,SKU-1280,06/15/2026,21,0,0
R05,SKU-1280,06/16/2026,16,0,0
R05,SKU-1280,2026-06-17,11,0,0
R05,SKU-1280,2026-06-18,18,0,0
R05,SKU-1280,06/19/2026,8,1,0
R05,SKU-1280,2026-06-20,14,2,0
R05,SKU-1280,2026-06-21,13,1,0
R05,SKU-1280,06/22/2026,10,1,0
R05,SKU-1280,2026-06-23,9,1,0
R05,SKU-1280,24-Jun-26,9,0,0
R05,SKU-1280,25-Jun-26,12,2,0
R05,SKU-1280,2026-06-26,17,0,0
R05,SKU-1280,06/27/2026,9,0,0
R05,SKU-1280,2026-06-28,19,0,0
R05,SKU-1280,2026-06-29,6,1,0
R05,SKU-1280,06/30/2026,13,1,0
R05,SKU-1147,06/01/2026,10,0,0
R05,SKU-1147,06/02/2026,9,0,1
R05,SKU-1147,06/03/2026,7,0,0
R05,SKU-1147,06/04/2026,6,1,0
R05,SKU-1147,06/05/2026,4,1,0
R05,SKU-1147,2026-06-06,2,1,0
R05,SKU-1147,06/07/2026,13,0,0
R05,SKU-1147,06/08/2026,8,1,0
R05,SKU-1147,2026-06-09,4,1,0
R05,SKU-1147,2026-06-10,7,0,0
R05,SKU-1147,06/11/2026,9,2,0
R05,SKU-1147,2026-06-12,6,0,0
R05,SKU-1147,2026-06-13,3,0,1
R05,SKU-1147,2026-06-14,6,0,0
R05,SKU-1147,2026-06-15,7,1,0
R05,SKU-1147,2026-06-16,4,0,0
R05,SKU-1147,2026-06-17,12,0,1
R05,SKU-1147,18-Jun-26,6,0,0
R05,SKU-1147,19-Jun-26,12,1,0
R05,SKU-1147,06/20/2026,11,0,0
R05,SKU-1147,2026-06-21,7,0,0
R05,SKU-1147,2026-06-22,3,1,0
R05,SKU-1147,2026-06-23,4,1,0
R05,SKU-1147,2026-06-24,7,0,0
R05,SKU-1147,2026-06-25,4,0,0
R05,SKU-1147,26-Jun-26,7,1,0
R05,SKU-1147,06/27/2026,9,0,0
R05,SKU-1147,2026-06-28,9,0,1
R05,SKU-1147,2026-06-29,9,0,1
R05,SKU-1147,30-Jun-26,7,1,0
R05,SKU-1273,06/01/2026,22,0,0
R05,SKU-1273,2026-06-02,26,2,0
R05,SKU-1273,06/03/2026,24,0,0
R05,SKU-1273,2026-06-04,19,0,1
R05,SKU-1273,2026-06-05,22,0,1
R05,SKU-1273,06/06/2026,23,1,0
R05,SKU-1273,07-Jun-26,16,0,1
R05,SKU-1273,06/08/2026,10,1,0
R05,SKU-1273,2026-06-09,23,0,0
R05,SKU-1273,2026-06-10,19,0,1
R05,SKU-1273,11-Jun-26,19,1,0
R05,SKU-1273,06/12/2026,22,0,0
R05,SKU-1273,13-Jun-26,18,0,0
R05,SKU-1273,2026-06-14,17,0,0
R05,SKU-1273,2026-06-15,27,0,0
R05,SKU-1273,2026-06-16,20,0,0
R05,SKU-1273,06/17/2026,17,0,0
R05,SKU-1273,2026-06-18,32,0,0
R05,SKU-1273,19-Jun-26,24,0,0
R05,SKU-1273,20-Jun-26,27,0,1
R05,SKU-1273,2026-06-21,15,0,0
R05,SKU-1273,2026-06-22,31,0,0
R05,SKU-1273,2026-06-23,23,2,0
R05,SKU-1273,2026-06-24,15,0,0
R05,SKU-1273,06/25/2026,31,0,0
R05,SKU-1273,2026-06-26,14,0,0
R05,SKU-1273,2026-06-27,17,0,0
R05,SKU-1273,2026-06-28,18,0,0
R05,SKU-1273,29-Jun-26,23,0,0
R05,SKU-1273,2026-06-30,20,0,0
R05,SKU-1105,2026-06-01,12,0,0
R05,SKU-1105,2026-06-02,14,0,0
R05,SKU-1105,2026-06-03,7,1,0
R05,SKU-1105,2026-06-04,18,0,0
R05,SKU-1105,2026-06-05,13,0,0
R05,SKU-1105,2026-06-06,22,0,0
R05,SKU-1105,2026-06-07,13,1,0
R05,SKU-1105,2026-06-08,6,0,1
R05,SKU-1105,2026-06-09,16,1,0
R05,SKU-1105,2026-06-10,12,0,0
R05,SKU-1105,06/11/2026,14,0,0
R05,SKU-1105,06/12/2026,15,0,0
R05,SKU-1105,2026-06-13,20,0,0
R05,SKU-1105,2026-06-14,24,0,0
R05,SKU-1105,2026-06-15,12,2,0
R05,SKU-1105,16-Jun-26,18,0,0
R05,SKU-1105,17-Jun-26,17,0,0
R05,SKU-1105,2026-06-18,9,0,0
R05,SKU-1105,06/19/2026,11,0,0
R05,SKU-1105,20-Jun-26,21,0,0
R05,SKU-1105,2026-06-21,16,0,0
R05,SKU-1105,22-Jun-26,11,0,1
R05,SKU-1105,2026-06-23,9,0,0
R05,SKU-1105,2026-06-24,11,1,0
R05,SKU-1105,25-Jun-26,16,0,0
R05,SKU-1105,06/26/2026,15,0,0
R05,SKU-1105,2026-06-27,10,0,0
R05,SKU-1105,2026-06-28,6,0,0
R05,SKU-1105,06/29/2026,15,0,0
R05,SKU-1105,2026-06-30,15,0,0
R05,SKU-1007,2026-06-01,26,0,0
R05,SKU-1007,2026-06-02,24,0,0
R05,SKU-1007,2026-06-03,31,0,0
R05,SKU-1007,2026-06-04,20,0,0
R05,SKU-1007,2026-06-05,28,0,0
R05,SKU-1007,2026-06-06,14,0,0
R05,SKU-1007,2026-06-07,26,0,0
R05,SKU-1007,06/08/2026,18,0,0
R05,SKU-1007,2026-06-09,23,0,1
R05,SKU-1007,2026-06-10,15,0,0
R05,SKU-1007,2026-06-11,27,0,0
R05,SKU-1007,2026-06-12,29,1,0
R05,SKU-1007,13-Jun-26,19,0,1
R05,SKU-1007,06/14/2026,24,1,0
R05,SKU-1007,2026-06-15,19,0,0
R05,SKU-1007,06/16/2026,23,1,0
R05,SKU-1007,06/17/2026,26,0,0
R05,SKU-1007,18-Jun-26,27,0,0
R05,SKU-1007,2026-06-19,25,0,0
R05,SKU-1007,2026-06-20,21,0,0
R05,SKU-1007,06/21/2026,24,0,0
R05,SKU-1007,06/22/2026,22,0,0
R05,SKU-1007,23-Jun-26,25,0,0
R05,SKU-1007,2026-06-24,16,0,1
R05,SKU-1007,06/25/2026,21,0,1
R05,SKU-1007,26-Jun-26,25,0,0
R05,SKU-1007,27-Jun-26,25,0,0
R05,SKU-1007,2026-06-28,26,0,0
R05,SKU-1007,2026-06-29,22,0,1
R05,SKU-1007,06/30/2026,23,0,0
R05,SKU-1098,2026-06-01,30,0,0
R05,SKU-1098,2026-06-02,30,0,1
R05,SKU-1098,03-Jun-26,32,0,0
R05,SKU-1098,2026-06-04,33,0,0
R05,SKU-1098,2026-06-05,29,0,0
R05,SKU-1098,06/06/2026,30,1,0
R05,SKU-1098,2026-06-07,25,0,0
R05,SKU-1098,2026-06-08,32,1,0
R05,SKU-1098,2026-06-09,35,0,0
R05,SKU-1098,2026-06-10,25,0,0
R05,SKU-1098,2026-06-11,30,0,0
R05,SKU-1098,2026-06-12,27,0,0
R05,SKU-1098,2026-06-13,33,0,0
R05,SKU-1098,06/14/2026,44,1,1
R05,SKU-1098,2026-06-15,22,0,0
R05,SKU-1098,16-Jun-26,32,0,0
R05,SKU-1098,2026-06-17,31,1,0
R05,SKU-1098,2026-06-18,33,1,1
R05,SKU-1098,06/19/2026,28,0,0
R05,SKU-1098,2026-06-20,29,0,0
R05,SKU-1098,21-Jun-26,31,1,0
R05,SKU-1098,2026-06-22,32,0,0
R05,SKU-1098,2026-06-23,31,1,0
R05,SKU-1098,24-Jun-26,24,0,1
R05,SKU-1098,06/25/2026,31,2,1
R05,SKU-1098,2026-06-26,30,0,0
R05,SKU-1098,2026-06-27,29,0,0
R05,SKU-1098,28-Jun-26,32,2,1
R05,SKU-1098,06/29/2026,34,0,0
R05,SKU-1098,2026-06-30,20,1,1
R05,SKU-1035,2026-06-01,6,1,0
R05,SKU-1035,2026-06-02,6,0,0
R05,SKU-1035,06/03/2026,5,0,0
R05,SKU-1035,2026-06-04,9,1,1
R05,SKU-1035,2026-06-05,4,1,0
R05,SKU-1035,06-Jun-26,7,0,1
R05,SKU-1035,2026-06-07,5,0,0
R05,SKU-1035,06/08/2026,7,0,0
R05,SKU-1035,09-Jun-26,8,1,0
R05,SKU-1035,06/10/2026,8,0,0
R05,SKU-1035,2026-06-11,7,1,1
R05,SKU-1035,2026-06-12,4,0,0
R05,SKU-1035,13-Jun-26,8,0,1
R05,SKU-1035,2026-06-14,8,1,0
R05,SKU-1035,2026-06-15,6,1,0
R05,SKU-1035,2026-06-16,3,1,0
R05,SKU-1035,2026-06-17,6,0,0
R05,SKU-1035,2026-06-18,10,0,0
R05,SKU-1035,06/19/2026,6,0,0
R05,SKU-1035,20-Jun-26,5,0,1
R05,SKU-1035,2026-06-21,6,0,0
R05,SKU-1035,2026-06-22,10,0,0
R05,SKU-1035,2026-06-23,4,0,0
R05,SKU-1035,2026-06-24,4,2,0
R05,SKU-1035,06/25/2026,4,0,0
R05,SKU-1035,2026-06-26,11,0,0
R05,SKU-1035,06/27/2026,10,1,0
R05,SKU-1035,06/28/2026,4,1,0
R05,SKU-1035,06/29/2026,5,2,1
R05,SKU-1035,2026-06-30,6,1,0
R05,SKU-1014,06/01/2026,12,0,0
R05,SKU-1014,06/02/2026,12,1,0
R05,SKU-1014,06/03/2026,19,1,0
R05,SKU-1014,06/04/2026,19,0,0
R05,SKU-1014,06/05/2026,9,2,0
R05,SKU-1014,2026-06-06,14,1,0
R05,SKU-1014,2026-06-07,19,0,1
R05,SKU-1014,2026-06-08,18,1,0
R05,SKU-1014,09-Jun-26,12,1,0
R05,SKU-1014,10-Jun-26,13,0,0
R05,SKU-1014,11-Jun-26,14,0,0
R05,SKU-1014,2026-06-12,12,1,0
R05,SKU-1014,2026-06-13,22,1,0
R05,SKU-1014,06/14/2026,9,0,0
R05,SKU-1014,2026-06-15,7,0,0
R05,SKU-1014,06/16/2026,15,0,0
R05,SKU-1014,2026-06-17,12,0,0
R05,SKU-1014,06/18/2026,15,0,0
R05,SKU-1014,06/19/2026,9,0,0
R05,SKU-1014,20-Jun-26,18,0,0
R05,SKU-1014,2026-06-21,12,1,0
R05,SKU-1014,2026-06-22,17,0,0
R05,SKU-1014,2026-06-23,15,0,0
R05,SKU-1014,06/24/2026,18,0,0
R05,SKU-1014,2026-06-25,6,1,1
R05,SKU-1014,06/26/2026,15,0,0
R05,SKU-1014,2026-06-27,12,2,0
R05,SKU-1014,2026-06-28,13,1,0
R05,SKU-1014,2026-06-29,19,2,0
R05,SKU-1014,2026-06-30,15,1,0
R05,SKU-1091,01-Jun-26,4,0,0
R05,SKU-1091,02-Jun-26,5,0,0
R05,SKU-1091,2026-06-03,2,1,0
R05,SKU-1091,06/04/2026,10,1,0
R05,SKU-1091,05-Jun-26,6,0,1
R05,SKU-1091,06/06/2026,9,0,0
R05,SKU-1091,2026-06-07,7,0,0
R05,SKU-1091,2026-06-08,8,0,0
R05,SKU-1091,06/09/2026,10,0,0
R05,SKU-1091,2026-06-10,7,1,0
R05,SKU-1091,2026-06-11,12,0,0
R05,SKU-1091,12-Jun-26,4,0,1
R05,SKU-1091,2026-06-13,10,0,0
R05,SKU-1091,2026-06-14,8,1,0
R05,SKU-1091,06/15/2026,6,1,0
R05,SKU-1091,2026-06-16,6,0,0
R05,SKU-1091,17-Jun-26,9,1,0
R05,SKU-1091,2026-06-18,4,0,0
R05,SKU-1091,06/19/2026,5,0,0
R05,SKU-1091,2026-06-20,10,1,0
R05,SKU-1091,21-Jun-26,8,0,0
R05,SKU-1091,2026-06-22,12,0,0
R05,SKU-1091,06/23/2026,11,0,1
R05,SKU-1091,2026-06-24,8,0,0
R05,SKU-1091,25-Jun-26,10,0,0
R05,SKU-1091,2026-06-26,4,1,0
R05,SKU-1091,2026-06-27,8,2,0
R05,SKU-1091,06/28/2026,8,0,0
R05,SKU-1091,2026-06-29,5,0,0
R05,SKU-1091,06/30/2026,6,0,0
R05,SKU-1182,01-Jun-26,14,1,0
R05,SKU-1182,06/02/2026,13,0,0
R05,SKU-1182,06/03/2026,20,0,0
R05,SKU-1182,04-Jun-26,23,1,0
R05,SKU-1182,2026-06-05,19,2,0
R05,SKU-1182,06/06/2026,20,1,0
R05,SKU-1182,06/07/2026,10,0,0
R05,SKU-1182,2026-06-08,19,1,0
R05,SKU-1182,09-Jun-26,18,1,0
R05,SKU-1182,10-Jun-26,14,2,0
R05,SKU-1182,2026-06-11,22,0,0
R05,SKU-1182,2026-06-12,17,0,0
R05,SKU-1182,06/13/2026,11,0,0
R05,SKU-1182,2026-06-14,16,1,0
R05,SKU-1182,2026-06-15,12,1,0
R05,SKU-1182,06/16/2026,18,1,0
R05,SKU-1182,2026-06-17,18,0,0
R05,SKU-1182,2026-06-18,16,0,0
R05,SKU-1182,2026-06-19,11,1,0
R05,SKU-1182,06/20/2026,13,2,0
R05,SKU-1182,2026-06-21,20,1,0
R05,SKU-1182,06/22/2026,23,0,0
R05,SKU-1182,2026-06-23,13,0,0
R05,SKU-1182,06/24/2026,7,0,0
R05,SKU-1182,06/25/2026,24,0,0
R05,SKU-1182,06/26/2026,19,1,0
R05,SKU-1182,27-Jun-26,17,0,0
R05,SKU-1182,2026-06-28,18,1,0
R05,SKU-1182,06/29/2026,16,0,0
R05,SKU-1182,06/30/2026,19,0,0
R05,SKU-1042,01-Jun-26,15,1,0
R05,SKU-1042,06/02/2026,15,0,0
R05,SKU-1042,2026-06-03,23,1,0
R05,SKU-1042,2026-06-04,28,0,0
R05,SKU-1042,05-Jun-26,24,0,0
R05,SKU-1042,2026-06-06,20,1,0
R05,SKU-1042,2026-06-07,20,0,0
R05,SKU-1042,08-Jun-26,16,0,0
R05,SKU-1042,2026-06-09,20,0,0
R05,SKU-1042,2026-06-10,19,1,1
R05,SKU-1042,2026-06-11,17,0,0
R05,SKU-1042,2026-06-12,21,0,0
R05,SKU-1042,2026-06-13,15,1,1
R05,SKU-1042,06/14/2026,18,0,0
R05,SKU-1042,2026-06-15,24,0,0
R05,SKU-1042,2026-06-16,15,0,0
R05,SKU-1042,2026-06-17,21,0,0
R05,SKU-1042,06/18/2026,14,1,0
R05,SKU-1042,2026-06-19,18,0,0
R05,SKU-1042,2026-06-20,20,0,0
R05,SKU-1042,06/21/2026,15,0,0
R05,SKU-1042,2026-06-22,20,1,0
R05,SKU-1042,23-Jun-26,19,0,1
R05,SKU-1042,2026-06-24,28,0,1
R05,SKU-1042,2026-06-25,22,0,1
R05,SKU-1042,26-Jun-26,22,0,0
R05,SKU-1042,06/27/2026,24,0,0
R05,SKU-1042,28-Jun-26,19,0,0
R05,SKU-1042,2026-06-29,21,0,0
R05,SKU-1042,2026-06-30,14,1,0
R05,SKU-1140,2026-06-01,15,1,0
R05,SKU-1140,2026-06-02,16,0,0
R05,SKU-1140,03-Jun-26,22,0,0
R05,SKU-1140,2026-06-04,19,0,1
R05,SKU-1140,05-Jun-26,13,0,0
R05,SKU-1140,06-Jun-26,15,1,0
R05,SKU-1140,2026-06-07,12,0,0
R05,SKU-1140,06/08/2026,15,1,0
R05,SKU-1140,06/09/2026,14,1,0
R05,SKU-1140,10-Jun-26,8,2,1
R05,SKU-1140,2026-06-11,18,0,0
R05,SKU-1140,06/12/2026,18,0,0
R05,SKU-1140,2026-06-13,10,2,0
R05,SKU-1140,14-Jun-26,10,1,0
R05,SKU-1140,2026-06-15,15,0,0
R05,SKU-1140,06/16/2026,13,0,0
R05,SKU-1140,2026-06-17,13,1,0
R05,SKU-1140,06/18/2026,12,0,0
R05,SKU-1140,2026-06-19,13,0,0
R05,SKU-1140,06/20/2026,19,0,0
R05,SKU-1140,2026-06-21,14,1,0
R05,SKU-1140,2026-06-22,6,0,1
R05,SKU-1140,2026-06-23,14,0,0
R05,SKU-1140,24-Jun-26,15,0,0
R05,SKU-1140,2026-06-25,15,2,0
R05,SKU-1140,2026-06-26,13,2,0
R05,SKU-1140,2026-06-27,15,1,0
R05,SKU-1140,06/28/2026,16,0,0
R05,SKU-1140,06/29/2026,14,0,1
R05,SKU-1140,30-Jun-26,14,1,0
R05,SKU-1189,2026-06-01,14,0,0
R05,SKU-1189,2026-06-02,17,1,0
R05,SKU-1189,2026-06-03,24,0,1
R05,SKU-1189,2026-06-04,16,0,0
R05,SKU-1189,05-Jun-26,11,0,0
R05,SKU-1189,06/06/2026,14,0,0
R05,SKU-1189,07-Jun-26,14,0,0
R05,SKU-1189,2026-06-08,14,0,1
R05,SKU-1189,2026-06-09,16,0,0
R05,SKU-1189,2026-06-10,18,1,0
R05,SKU-1189,2026-06-11,14,1,1
R05,SKU-1189,06/12/2026,15,1,0
R05,SKU-1189,2026-06-13,13,0,0
R05,SKU-1189,06/14/2026,16,1,0
R05,SKU-1189,2026-06-15,13,0,0
R05,SKU-1189,06/16/2026,14,1,0
R05,SKU-1189,2026-06-17,14,0,0
R05,SKU-1189,2026-06-18,15,0,0
R05,SKU-1189,19-Jun-26,11,2,0
R05,SKU-1189,06/20/2026,14,0,1
R05,SKU-1189,2026-06-21,17,2,0
R05,SKU-1189,06/22/2026,15,0,0
R05,SKU-1189,2026-06-23,16,0,0
R05,SKU-1189,06/24/2026,14,1,0
R05,SKU-1189,06/25/2026,19,0,0
R05,SKU-1189,06/26/2026,22,0,0
R05,SKU-1189,27-Jun-26,14,0,0
R05,SKU-1189,2026-06-28,13,0,0
R05,SKU-1189,2026-06-29,11,0,1
R05,SKU-1189,2026-06-30,20,2,0
R05,SKU-1084,06/01/2026,10,1,0
R05,SKU-1084,2026-06-02,10,0,0
R05,SKU-1084,2026-06-03,8,1,1
R05,SKU-1084,06/04/2026,17,0,0
R05,SKU-1084,2026-06-05,12,0,0
R05,SKU-1084,06-Jun-26,9,0,0
R05,SKU-1084,2026-06-07,18,0,1
R05,SKU-1084,2026-06-08,14,1,0
R05,SKU-1084,06/09/2026,12,0,0
R05,SKU-1084,06/10/2026,5,1,0
R05,SKU-1084,2026-06-11,11,0,0
R05,SKU-1084,2026-06-12,16,0,0
R05,SKU-1084,2026-06-13,11,0,0
R05,SKU-1084,14-Jun-26,7,1,0
R05,SKU-1084,15-Jun-26,10,0,0
R05,SKU-1084,16-Jun-26,8,1,0
R05,SKU-1084,2026-06-17,11,2,0
R05,SKU-1084,06/18/2026,10,0,1
R05,SKU-1084,2026-06-19,8,3,0
R05,SKU-1084,2026-06-20,13,1,0
R05,SKU-1084,2026-06-21,6,0,0
R05,SKU-1084,06/22/2026,15,0,0
R05,SKU-1084,2026-06-23,13,0,0
R05,SKU-1084,2026-06-24,11,2,0
R05,SKU-1084,2026-06-25,9,2,0
R05,SKU-1084,06/26/2026,14,0,0
R05,SKU-1084,2026-06-27,14,0,0
R05,SKU-1084,2026-06-28,15,1,0
R05,SKU-1084,06/29/2026,10,0,0
R05,SKU-1084,30-Jun-26,12,0,0
R05,SKU-1168,2026-06-01,35,2,0
R05,SKU-1168,2026-06-02,36,0,0
R05,SKU-1168,06/03/2026,32,0,0
R05,SKU-1168,06/04/2026,25,0,0
R05,SKU-1168,2026-06-05,24,1,0
R05,SKU-1168,2026-06-06,36,0,0
R05,SKU-1168,06/07/2026,43,2,0
R05,SKU-1168,06/08/2026,38,0,0
R05,SKU-1168,09-Jun-26,23,1,0
R05,SKU-1168,2026-06-10,33,0,0
R05,SKU-1168,06/11/2026,31,1,0
R05,SKU-1168,2026-06-12,26,1,0
R05,SKU-1168,13-Jun-26,30,0,0
R05,SKU-1168,2026-06-14,39,1,0
R05,SKU-1168,2026-06-15,29,1,0
R05,SKU-1168,16-Jun-26,25,3,0
R05,SKU-1168,06/17/2026,29,0,1
R05,SKU-1168,18-Jun-26,31,0,0
R05,SKU-1168,19-Jun-26,27,0,0
R05,SKU-1168,2026-06-20,32,1,0
R05,SKU-1168,2026-06-21,46,0,0
R05,SKU-1168,2026-06-22,20,0,0
R05,SKU-1168,06/23/2026,37,2,0
R05,SKU-1168,06/24/2026,31,0,0
R05,SKU-1168,2026-06-25,23,1,0
R05,SKU-1168,06/26/2026,24,0,0
R05,SKU-1168,06/27/2026,22,0,0
R05,SKU-1168,2026-06-28,32,0,0
R05,SKU-1168,2026-06-29,31,0,1
R05,SKU-1168,2026-06-30,31,1,0
R05,SKU-1175,2026-06-01,38,1,0
R05,SKU-1175,02-Jun-26,36,0,0
R05,SKU-1175,2026-06-03,28,0,0
R05,SKU-1175,2026-06-04,41,0,0
R05,SKU-1175,05-Jun-26,23,0,0
R05,SKU-1175,06/06/2026,27,1,0
R05,SKU-1175,2026-06-07,34,1,0
R05,SKU-1175,2026-06-08,28,0,1
R05,SKU-1175,2026-06-09,32,1,0
R05,SKU-1175,2026-06-10,30,0,0
R05,SKU-1175,2026-06-11,33,0,0
R05,SKU-1175,12-Jun-26,45,0,0
R05,SKU-1175,06/13/2026,26,1,0
R05,SKU-1175,2026-06-14,32,0,1
R05,SKU-1175,15-Jun-26,37,0,0
R05,SKU-1175,2026-06-16,35,0,0
R05,SKU-1175,2026-06-17,28,0,1
R05,SKU-1175,06/18/2026,34,1,0
R05,SKU-1175,19-Jun-26,24,1,0
R05,SKU-1175,2026-06-20,32,0,1
R05,SKU-1175,21-Jun-26,41,0,0
R05,SKU-1175,2026-06-22,27,0,0
R05,SKU-1175,06/23/2026,35,0,0
R05,SKU-1175,2026-06-24,29,0,0
R05,SKU-1175,25-Jun-26,29,1,0
R05,SKU-1175,06/26/2026,30,1,0
R05,SKU-1175,06/27/2026,33,0,0
R05,SKU-1175,06/28/2026,37,0,0
R05,SKU-1175,2026-06-29,33,0,0
R05,SKU-1175,30-Jun-26,33,0,0
R05,SKU-1070,01-Jun-26,37,0,0
R05,SKU-1070,2026-06-02,36,1,1
R05,SKU-1070,2026-06-03,34,1,0
R05,SKU-1070,06/04/2026,32,0,1
R05,SKU-1070,2026-06-05,32,0,0
R05,SKU-1070,2026-06-06,27,0,0
R05,SKU-1070,2026-06-07,33,1,0
R05,SKU-1070,2026-06-08,25,0,0
R05,SKU-1070,09-Jun-26,36,0,0
R05,SKU-1070,2026-06-10,24,0,0
R05,SKU-1070,2026-06-11,44,0,0
R05,SKU-1070,06/12/2026,27,1,0
R05,SKU-1070,06/13/2026,23,0,0
R05,SKU-1070,2026-06-14,32,1,0
R05,SKU-1070,2026-06-15,38,1,0
R05,SKU-1070,06/16/2026,31,2,0
R05,SKU-1070,06/17/2026,30,0,0
R05,SKU-1070,06/18/2026,24,0,0
R05,SKU-1070,2026-06-19,36,0,0
R05,SKU-1070,2026-06-20,40,0,0
R05,SKU-1070,2026-06-21,25,0,0
R05,SKU-1070,2026-06-22,37,3,0
R05,SKU-1070,2026-06-23,36,0,0
R05,SKU-1070,06/24/2026,36,0,0
R05,SKU-1070,2026-06-25,38,1,0
R05,SKU-1070,06/26/2026,35,0,0
R05,SKU-1070,2026-06-27,25,0,0
R05,SKU-1070,2026-06-28,29,0,0
R05,SKU-1070,29-Jun-26,27,0,0
R05,SKU-1070,06/30/2026,37,0,0
