retailer_id,product_id,sale_date,sold_qty,returns_qty,promo_flag
R01,SKU-1014,2025-01-01,3,1,0
R01,SKU-1014,2025-01-02,7,0,0
R01,SKU-1014,2025-01-03,5,0,0
R01,SKU-1014,04-Jan-25,7,0,0
R01,SKU-1014,2025-01-05,5,0,0
R01,SKU-1014,2025-01-06,6,0,0
R01,SKU-1014,2025-01-07,3,0,0
R01,SKU-1014,2025-01-08,9,3,0
R01,SKU-1014,09-Jan-25,6,1,0
R01,SKU-1014,01/10/2025,6,0,0
R01,SKU-1014,11-Jan-25,4,2,0
R01,SKU-1014,12-Jan-25,6,0,0
R01,SKU-1014,01/13/2025,6,0,0
R01,SKU-1014,2025-01-14,8,1,1
R01,SKU-1014,2025-01-15,1,1,0
R01,SKU-1014,01/16/2025,7,0,0
R01,SKU-1014,2025-01-17,3,0,1
R01,SKU-1014,2025-01-18,4,0,0
R01,SKU-1014,2025-01-19,4,0,0
R01,SKU-1014,01/20/2025,5,0,0
R01,SKU-1014,2025-01-21,5,1,0
R01,SKU-1014,22-Jan-25,5,2,0
R01,SKU-1014,2025-01-23,5,0,1
R01,SKU-1014,01/24/2025,5,0,0
R01,SKU-1014,2025-01-25,4,1,0
R01,SKU-1014,01/26/2025,4,0,0
R01,SKU-1014,2025-01-27,6,0,0
R01,SKU-1014,2025-01-28,3,1,0
R01,SKU-1014,2025-01-29,7,1,0
R01,SKU-1014,2025-01-30,2,1,0
R01,SKU-1014,01/31/2025,4,1,0
R01,SKU-1231,01/01/2025,10,1,1
R01,SKU-1231,01/02/2025,10,1,0
R01,SKU-1231,03-Jan-25,6,1,0
R01,SKU-1231,2025-01-04,14,1,1
R01,SKU-1231,2025-01-05,11,0,0
R01,SKU-1231,2025-01-06,14,0,0
R01,SKU-1231,07-Jan-25,7,0,0
R01,SKU-1231,2025-01-08,18,1,0
R01,SKU-1231,2025-01-09,7,1,0
R01,SKU-1231,2025-01-10,12,1,1
R01,SKU-1231,11-Jan-25,8,0,0
R01,SKU-1231,12-Jan-25,17,0,0
R01,SKU-1231,13-Jan-25,8,0,0
R01,SKU-1231,2025-01-14,22,0,0
R01,SKU-1231,2025-01-15,17,0,0
R01,SKU-1231,16-Jan-25,10,0,0
R01,SKU-1231,01/17/2025,13,0,1
R01,SKU-1231,2025-01-18,11,0,0
R01,SKU-1231,2025-01-19,12,0,0
R01,SKU-1231,2025-01-20,12,2,0
R01,SKU-1231,2025-01-21,12,1,0
R01,SKU-1231,2025-01-22,10,0,0
R01,SKU-1231,01/23/2025,9,0,1
R01,SKU-1231,01/24/2025,8,1,0
R01,SKU-1231,25-Jan-25,6,2,0
R01,SKU-1231,2025-01-26,12,1,0
R01,SKU-1231,2025-01-27,16,0,0
R01,SKU-1231,2025-01-28,11,0,0
R01,SKU-1231,29-Jan-25,9,1,1
R01,SKU-1231,01/30/2025,8,0,0
R01,SKU-1231,2025-01-31,7,1,0
R01,SKU-1056,2025-01-01,16,0,0
R01,SKU-1056,2025-01-02,13,1,0
R01,SKU-1056,2025-01-03,14,1,0
R01,SKU-1056,01/04/2025,10,0,0
R01,SKU-1056,2025-01-05,12,0,0
R01,SKU-1056,2025-01-06,9,0,0
R01,SKU-1056,2025-01-07,13,2,0
R01,SKU-1056,01/08/2025,18,0,1
R01,SKU-1056,01/09/2025,8,0,0
R01,SKU-1056,2025-01-10,10,0,0
R01,SKU-1056,01/11/2025,13,1,0
R01,SKU-1056,2025-01-12,17,2,0
R01,SKU-1056,01/13/2025,14,0,0
R01,SKU-1056,01/14/2025,9,0,0
R01,SKU-1056,2025-01-15,15,0,1
R01,SKU-1056,01/16/2025,15,0,1
R01,SKU-1056,2025-01-17,11,0,1
R01,SKU-1056,2025-01-18,12,0,0
R01,SKU-1056,2025-01-19,12,0,0
R01,SKU-1056,20-Jan-25,11,1,0
R01,SKU-1056,2025-01-21,9,0,0
R01,SKU-1056,22-Jan-25,15,0,0
R01,SKU-1056,23-Jan-25,9,0,0
R01,SKU-1056,2025-01-24,13,1,0
R01,SKU-1056,01/25/2025,6,0,0
R01,SKU-1056,2025-01-26,11,1,0
R01,SKU-1056,01/27/2025,18,1,0
R01,SKU-1056,01/28/2025,13,0,0
R01,SKU-1056,2025-01-29,18,0,1
R01,SKU-1056,30-Jan-25,11,1,0
R01,SKU-1056,2025-01-31,16,2,0
R01,SKU-1140,2025-01-01,10,1,1
R01,SKU-1140,2025-01-02,12,1,0
R01,SKU-1140,2025-01-03,8,2,0
R01,SKU-1140,2025-01-04,12,1,0
R01,SKU-1140,01/05/2025,10,1,0
R01,SKU-1140,06-Jan-25,10,1,0
R01,SKU-1140,07-Jan-25,13,0,0
R01,SKU-1140,2025-01-08,8,0,0
R01,SKU-1140,2025-01-09,7,0,0
R01,SKU-1140,01/10/2025,8,0,0
R01,SKU-1140,2025-01-11,15,0,0
R01,SKU-1140,2025-01-12,10,0,0
R01,SKU-1140,2025-01-13,15,0,0
R01,SKU-1140,01/14/2025,4,1,0
R01,SKU-1140,2025-01-15,9,0,0
R01,SKU-1140,01/16/2025,14,1,0
R01,SKU-1140,2025-01-17,15,0,0
R01,SKU-1140,01/18/2025,9,0,0
R01,SKU-1140,2025-01-19,6,1,0
R01,SKU-1140,2025-01-20,13,2,0
R01,SKU-1140,2025-01-21,7,0,0
R01,SKU-1140,22-Jan-25,11,0,0
R01,SKU-1140,01/23/2025,13,0,0
R01,SKU-1140,2025-01-24,16,1,0
R01,SKU-1140,25-Jan-25,10,0,0
R01,SKU-1140,01/26/2025,6,1,0
R01,SKU-1140,2025-01-27,6,1,1
R01,SKU-1140,01/28/2025,13,0,0
R01,SKU-1140,2025-01-29,16,1,0
R01,SKU-1140,2025-01-30,8,0,0
R01,SKU-1140,01/31/2025,7,0,0
R01,SKU-1189,2025-01-01,5,0,0
R01,SKU-1189,2025-01-02,10,0,0
R01,SKU-1189,01/03/2025,12,0,1
R01,SKU-1189,2025-01-04,9,0,1
R01,SKU-1189,2025-01-05,18,1,0
R01,SKU-1189,01/06/2025,6,0,0
R01,SKU-1189,01/07/2025,9,1,1
R01,SKU-1189,01/08/2025,11,1,0
R01,SKU-1189,01/09/2025,6,0,0
R01,SKU-1189,10-Jan-25,10,1,0
R01,SKU-1189,01/11/2025,5,1,0
R01,SKU-1189,2025-01-12,7,1,0
R01,SKU-1189,13-Jan-25,10,1,0
R01,SKU-1189,2025-01-14,7,1,0
R01,SKU-1189,2025-01-15,7,1,1
R01,SKU-1189,2025-01-16,7,0,1
R01,SKU-1189,01/17/2025,8,0,0
R01,SKU-1189,2025-01-18,11,0,0
R01,SKU-1189,2025-01-19,15,0,0
R01,SKU-1189,2025-01-20,9,0,0
R01,SKU-1189,01/21/2025,13,0,0
R01,SKU-1189,01/22/2025,16,0,0
R01,SKU-1189,2025-01-23,7,0,0
R01,SKU-1189,24-Jan-25,14,0,0
R01,SKU-1189,2025-01-25,10,0,0
R01,SKU-1189,2025-01-26,5,0,0
R01,SKU-1189,27-Jan-25,7,1,1
R01,SKU-1189,2025-01-28,10,0,0
R01,SKU-1189,2025-01-29,8,1,0
R01,SKU-1189,01/30/2025,15,0,0
R01,SKU-1189,2025-01-31,7,0,0
R01,SKU-1252,01/01/2025,23,0,0
R01,SKU-1252,2025-01-02,32,1,0
R01,SKU-1252,01/03/2025,20,2,0
R01,SKU-1252,2025-01-04,19,0,0
R01,SKU-1252,2025-01-05,32,0,0
R01,SKU-1252,2025-01-06,28,0,0
R01,SKU-1252,2025-01-07,31,0,0
R01,SKU-1252,2025-01-08,20,1,0
R01,SKU-1252,2025-01-09,33,0,1
R01,SKU-1252,2025-01-10,23,1,1
R01,SKU-1252,2025-01-11,33,0,0
R01,SKU-1252,01/12/2025,37,1,0
R01,SKU-1252,2025-01-13,34,1,0
R01,SKU-1252,14-Jan-25,25,0,0
R01,SKU-1252,2025-01-15,39,0,0
R01,SKU-1252,01/16/2025,31,0,0
R01,SKU-1252,17-Jan-25,33,1,0
R01,SKU-1252,2025-01-18,18,0,0
R01,SKU-1252,2025-01-19,24,1,0
R01,SKU-1252,2025-01-20,29,0,0
R01,SKU-1252,2025-01-21,22,1,0
R01,SKU-1252,22-Jan-25,24,0,0
R01,SKU-1252,01/23/2025,20,0,0
R01,SKU-1252,2025-01-24,27,0,0
R01,SKU-1252,2025-01-25,26,0,0
R01,SKU-1252,2025-01-26,25,0,1
R01,SKU-1252,2025-01-27,31,0,0
R01,SKU-1252,2025-01-28,25,0,0
R01,SKU-1252,01/29/2025,25,0,0
R01,SKU-1252,2025-01-30,28,1,0
R01,SKU-1252,31-Jan-25,14,0,0
R01,SKU-1259,01/01/2025,10,1,0
R01,SKU-1259,2025-01-02,10,1,0
R01,SKU-1259,01/03/2025,10,0,0
R01,SKU-1259,01/04/2025,8,1,1
R01,SKU-1259,01/05/2025,10,1,0
R01,SKU-1259,01/06/2025,16,0,0
R01,SKU-1259,2025-01-07,8,1,0
R01,SKU-1259,2025-01-08,15,0,0
R01,SKU-1259,09-Jan-25,16,1,0
R01,SKU-1259,2025-01-10,11,0,1
R01,SKU-1259,2025-01-11,12,0,0
R01,SKU-1259,12-Jan-25,11,0,0
R01,SKU-1259,01/13/2025,19,0,1
R01,SKU-1259,2025-01-14,9,0,0
R01,SKU-1259,01/15/2025,13,0,0
R01,SKU-1259,01/16/2025,8,0,0
R01,SKU-1259,17-Jan-25,6,0,0
R01,SKU-1259,18-Jan-25,14,0,0
R01,SKU-1259,2025-01-19,13,0,0
R01,SKU-1259,20-Jan-25,11,0,0
R01,SKU-1259,2025-01-21,13,0,0
R01,SKU-1259,2025-01-22,14,0,0
R01,SKU-1259,2025-01-23,10,1,0
R01,SKU-1259,2025-01-24,7,0,1
R01,SKU-1259,01/25/2025,7,0,0
R01,SKU-1259,2025-01-26,10,0,0
R01,SKU-1259,27-Jan-25,12,3,0
R01,SKU-1259,28-Jan-25,9,2,0
R01,SKU-1259,01/29/2025,7,1,0
R01,SKU-1259,2025-01-30,8,0,0
R01,SKU-1259,2025-01-31,9,2,1
R01,SKU-1021,2025-01-01,12,1,0
R01,SKU-1021,02-Jan-25,12,1,0
R01,SKU-1021,01/03/2025,8,0,1
R01,SKU-1021,2025-01-04,19,0,0
R01,SKU-1021,2025-01-05,14,0,0
R01,SKU-1021,06-Jan-25,13,0,0
R01,SKU-1021,2025-01-07,7,2,0
R01,SKU-1021,2025-01-08,15,0,0
R01,SKU-1021,2025-01-09,13,0,0
R01,SKU-1021,2025-01-10,18,0,0
R01,SKU-1021,2025-01-11,10,0,0
R01,SKU-1021,12-Jan-25,12,0,1
R01,SKU-1021,2025-01-13,15,0,0
R01,SKU-1021,2025-01-14,8,1,1
R01,SKU-1021,01/15/2025,20,0,0
R01,SKU-1021,01/16/2025,12,0,0
R01,SKU-1021,2025-01-17,13,0,0
R01,SKU-1021,01/18/2025,11,0,0
R01,SKU-1021,2025-01-19,8,0,0
R01,SKU-1021,01/20/2025,13,0,0
R01,SKU-1021,2025-01-21,16,1,0
R01,SKU-1021,01/22/2025,19,0,0
R01,SKU-1021,2025-01-23,16,0,0
R01,SKU-1021,01/24/2025,19,0,0
R01,SKU-1021,2025-01-25,10,0,0
R01,SKU-1021,2025-01-26,12,0,0
R01,SKU-1021,01/27/2025,13,0,0
R01,SKU-1021,2025-01-28,14,1,0
R01,SKU-1021,29-Jan-25,14,0,0
R01,SKU-1021,2025-01-30,15,0,0
R01,SKU-1021,2025-01-31,18,1,0
R01,SKU-1147,2025-01-01,20,3,1
R01,SKU-1147,02-Jan-25,18,0,0
R01,SKU-1147,2025-01-03,27,0,0
R01,SKU-1147,2025-01-04,9,0,0
R01,SKU-1147,05-Jan-25,25,1,0
R01,SKU-1147,01/06/2025,21,0,0
R01,SKU-1147,01/07/2025,17,0,0
R01,SKU-1147,01/08/2025,24,0,0
R01,SKU-1147,2025-01-09,20,0,0
R01,SKU-1147,01/10/2025,17,0,0
R01,SKU-1147,2025-01-11,24,0,0
R01,SKU-1147,2025-01-12,20,0,0
R01,SKU-1147,01/13/2025,21,0,0
R01,SKU-1147,2025-01-14,19,0,0
R01,SKU-1147,2025-01-15,20,0,0
R01,SKU-1147,2025-01-16,19,1,0
R01,SKU-1147,01/17/2025,15,1,0
R01,SKU-1147,2025-01-18,19,0,0
R01,SKU-1147,2025-01-19,22,2,0
R01,SKU-1147,01/20/2025,20,0,0
R01,SKU-1147,01/21/2025,15,0,0
R01,SKU-1147,22-Jan-25,17,0,0
R01,SKU-1147,2025-01-23,15,1,0
R01,SKU-1147,24-Jan-25,13,2,1
R01,SKU-1147,25-Jan-25,15,0,0
R01,SKU-1147,2025-01-26,21,0,0
R01,SKU-1147,01/27/2025,19,0,0
R01,SKU-1147,2025-01-28,15,0,0
R01,SKU-1147,29-Jan-25,19,1,0
R01,SKU-1147,2025-01-30,23,0,0
R01,SKU-1147,01/31/2025,28,0,0
R01,SKU-1126,2025-01-01,35,0,0
R01,SKU-1126,2025-01-02,29,0,0
R01,SKU-1126,2025-01-03,24,0,0
R01,SKU-1126,2025-01-04,30,0,0
R01,SKU-1126,2025-01-05,15,0,0
R01,SKU-1126,2025-01-06,32,0,1
R01,SKU-1126,2025-01-07,27,1,0
R01,SKU-1126,01/08/2025,30,1,0
R01,SKU-1126,2025-01-09,18,2,1
R01,SKU-1126,01/10/2025,34,0,0
R01,SKU-1126,2025-01-11,33,1,1
R01,SKU-1126,2025-01-12,32,0,0
R01,SKU-1126,01/13/2025,28,0,0
R01,SKU-1126,14-Jan-25,20,0,0
R01,SKU-1126,2025-01-15,29,0,0
R01,SKU-1126,2025-01-16,33,0,0
R01,SKU-1126,17-Jan-25,27,0,0
R01,SKU-1126,2025-01-18,31,0,0
R01,SKU-1126,2025-01-19,26,2,0
R01,SKU-1126,01/20/2025,22,0,1
R01,SKU-1126,2025-01-21,22,0,0
R01,SKU-1126,2025-01-22,20,0,0
R01,SKU-1126,01/23/2025,40,0,0
R01,SKU-1126,2025-01-24,30,0,0
R01,SKU-1126,01/25/2025,29,0,0
R01,SKU-1126,2025-01-26,42,0,0
R01,SKU-1126,2025-01-27,25,0,0
R01,SKU-1126,01/28/2025,31,0,0
R01,SKU-1126,2025-01-29,30,0,0
R01,SKU-1126,30-Jan-25,21,0,0
R01,SKU-1126,01/31/2025,25,1,0
R01,SKU-1175,01/01/2025,5,1,0
R01,SKU-1175,01/02/2025,2,0,0
R01,SKU-1175,2025-01-03,6,3,0
R01,SKU-1175,2025-01-04,7,0,0
R01,SKU-1175,2025-01-05,5,0,0
R01,SKU-1175,01/06/2025,8,0,0
R01,SKU-1175,2025-01-07,5,0,0
R01,SKU-1175,08-Jan-25,5,0,0
R01,SKU-1175,2025-01-09,1,0,0
R01,SKU-1175,01/10/2025,2,0,1
R01,SKU-1175,2025-01-11,5,0,0
R01,SKU-1175,2025-01-12,1,0,0
R01,SKU-1175,2025-01-13,2,0,0
R01,SKU-1175,2025-01-14,5,0,0
R01,SKU-1175,15-Jan-25,6,0,0
R01,SKU-1175,01/16/2025,4,0,0
R01,SKU-1175,2025-01-17,5,0,1
R01,SKU-1175,2025-01-18,6,1,0
R01,SKU-1175,2025-01-19,4,0,0
R01,SKU-1175,01/20/2025,3,0,0
R01,SKU-1175,2025-01-21,8,0,0
R01,SKU-1175,2025-01-22,10,1,0
R01,SKU-1175,2025-01-23,6,1,1
R01,SKU-1175,24-Jan-25,7,1,0
R01,SKU-1175,2025-01-25,5,0,0
R01,SKU-1175,26-Jan-25,5,0,0
R01,SKU-1175,27-Jan-25,8,0,0
R01,SKU-1175,2025-01-28,4,1,0
R01,SKU-1175,2025-01-29,5,0,0
R01,SKU-1175,30-Jan-25,10,1,0
R01,SKU-1175,2025-01-31,4,1,0
R01,SKU-1196,2025-01-01,22,0,0
R01,SKU-1196,2025-01-02,24,0,0
R01,SKU-1196,01/03/2025,8,0,0
R01,SKU-1196,2025-01-04,24,0,0
R01,SKU-1196,05-Jan-25,22,0,0
R01,SKU-1196,01/06/2025,26,1,0
R01,SKU-1196,2025-01-07,22,0,0
R01,SKU-1196,2025-01-08,32,0,0
R01,SKU-1196,2025-01-09,29,0,0
R01,SKU-1196,2025-01-10,21,0,0
R01,SKU-1196,2025-01-11,26,0,1
R01,SKU-1196,01/12/2025,19,0,0
R01,SKU-1196,13-Jan-25,27,0,0
R01,SKU-1196,2025-01-14,9,0,0
R01,SKU-1196,01/15/2025,15,0,0
R01,SKU-1196,01/16/2025,24,0,0
R01,SKU-1196,01/17/2025,26,1,0
R01,SKU-1196,2025-01-18,29,0,1
R01,SKU-1196,19-Jan-25,20,1,0
R01,SKU-1196,20-Jan-25,26,1,0
R01,SKU-1196,2025-01-21,24,1,0
R01,SKU-1196,01/22/2025,18,0,0
R01,SKU-1196,2025-01-23,20,2,0
R01,SKU-1196,2025-01-24,25,2,0
R01,SKU-1196,01/25/2025,18,1,0
R01,SKU-1196,2025-01-26,27,0,0
R01,SKU-1196,2025-01-27,22,0,0
R01,SKU-1196,2025-01-28,26,2,0
R01,SKU-1196,29-Jan-25,28,2,1
R01,SKU-1196,01/30/2025,23,1,0
R01,SKU-1196,01/31/2025,20,1,1
R01,SKU-1091,2025-01-01,20,1,0
R01,SKU-1091,2025-01-02,11,0,0
R01,SKU-1091,2025-01-03,19,0,0
R01,SKU-1091,2025-01-04,12,0,1
R01,SKU-1091,2025-01-05,16,1,0
R01,SKU-1091,2025-01-06,19,0,1
R01,SKU-1091,2025-01-07,13,1,0
R01,SKU-1091,01/08/2025,16,1,0
R01,SKU-1091,2025-01-09,14,1,0
R01,SKU-1091,01/10/2025,12,0,0
R01,SKU-1091,01/11/2025,7,0,1
R01,SKU-1091,01/12/2025,11,3,0
R01,SKU-1091,2025-01-13,9,1,0
R01,SKU-1091,2025-01-14,10,0,0
R01,SKU-1091,01/15/2025,10,1,0
R01,SKU-1091,2025-01-16,15,1,0
R01,SKU-1091,2025-01-17,15,1,0
R01,SKU-1091,2025-01-18,19,1,0
R01,SKU-1091,2025-01-19,13,0,1
R01,SKU-1091,2025-01-20,12,1,0
R01,SKU-1091,2025-01-21,11,0,0
R01,SKU-1091,01/22/2025,12,0,0
R01,SKU-1091,23-Jan-25,18,0,0
R01,SKU-1091,24-Jan-25,12,2,0
R01,SKU-1091,25-Jan-25,24,1,1
R01,SKU-1091,2025-01-26,15,0,1
R01,SKU-1091,27-Jan-25,15,1,0
R01,SKU-1091,28-Jan-25,15,0,0
R01,SKU-1091,2025-01-29,17,0,1
R01,SKU-1091,2025-01-30,17,0,0
R01,SKU-1091,2025-01-31,12,0,0
R01,SKU-1119,01/01/2025,4,0,0
R01,SKU-1119,2025-01-02,7,0,0
R01,SKU-1119,01/03/2025,7,0,0
R01,SKU-1119,2025-01-04,4,1,0
R01,SKU-1119,01/05/2025,7,0,0
R01,SKU-1119,01/06/2025,4,0,0
R01,SKU-1119,2025-01-07,5,1,0
R01,SKU-1119,2025-01-08,3,0,0
R01,SKU-1119,2025-01-09,7,0,0
R01,SKU-1119,2025-01-10,6,0,0
R01,SKU-1119,2025-01-11,8,0,0
R01,SKU-1119,01/12/2025,1,0,1
R01,SKU-1119,2025-01-13,6,0,0
R01,SKU-1119,2025-01-14,5,1,0
R01,SKU-1119,01/15/2025,6,2,0
R01,SKU-1119,2025-01-16,5,1,0
R01,SKU-1119,2025-01-17,4,1,0
R01,SKU-1119,01/18/2025,5,0,0
R01,SKU-1119,2025-01-19,4,1,0
R01,SKU-1119,01/20/2025,7,1,0
R01,SKU-1119,2025-01-21,5,0,0
R01,SKU-1119,2025-01-22,7,1,0
R01,SKU-1119,2025-01-23,7,0,0
R01,SKU-1119,2025-01-24,5,1,1
R01,SKU-1119,2025-01-25,16,1,0
R01,SKU-1119,26-Jan-25,4,0,0
R01,SKU-1119,01/27/2025,6,1,0
R01,SKU-1119,01/28/2025,9,1,0
R01,SKU-1119,2025-01-29,2,0,0
R01,SKU-1119,01/30/2025,5,2,0
R01,SKU-1119,2025-01-31,7,0,0
R01,SKU-1224,2025-01-01,30,0,0
R01,SKU-1224,2025-01-02,36,0,0
R01,SKU-1224,01/03/2025,24,2,0
R01,SKU-1224,01/04/2025,30,0,0
R01,SKU-1224,05-Jan-25,42,0,1
R01,SKU-1224,01/06/2025,37,2,0
R01,SKU-1224,2025-01-07,32,0,0
R01,SKU-1224,08-Jan-25,29,1,0
R01,SKU-1224,2025-01-09,34,0,0
R01,SKU-1224,10-Jan-25,27,0,0
R01,SKU-1224,01/11/2025,42,0,0
R01,SKU-1224,2025-01-12,25,1,0
R01,SKU-1224,2025-01-13,35,1,0
R01,SKU-1224,2025-01-14,23,1,0
R01,SKU-1224,15-Jan-25,30,0,0
R01,SKU-1224,2025-01-16,35,2,1
R01,SKU-1224,01/17/2025,29,0,0
R01,SKU-1224,2025-01-18,31,0,0
R01,SKU-1224,2025-01-19,31,0,0
R01,SKU-1224,2025-01-20,29,1,0
R01,SKU-1224,2025-01-21,23,0,0
R01,SKU-1224,2025-01-22,28,0,0
R01,SKU-1224,01/23/2025,36,0,0
R01,SKU-1224,24-Jan-25,29,0,1
R01,SKU-1224,25-Jan-25,26,0,0
R01,SKU-1224,01/26/2025,40,0,0
R01,SKU-1224,27-Jan-25,30,0,0
R01,SKU-1224,2025-01-28,22,0,0
R01,SKU-1224,2025-01-29,17,0,0
R01,SKU-1224,30-Jan-25,34,0,1
R01,SKU-1224,2025-01-31,23,0,1
R01,SKU-1266,2025-01-01,26,0,0
R01,SKU-1266,2025-01-02,39,1,0
R01,SKU-1266,03-Jan-25,34,1,1
R01,SKU-1266,2025-01-04,27,0,0
R01,SKU-1266,01/05/2025,31,0,0
R01,SKU-1266,2025-01-06,27,0,0
R01,SKU-1266,07-Jan-25,32,1,0
R01,SKU-1266,2025-01-08,28,0,0
R01,SKU-1266,2025-01-09,32,0,0
R01,SKU-1266,2025-01-10,30,0,0
R01,SKU-1266,01/11/2025,27,2,0
R01,SKU-1266,2025-01-12,30,0,0
R01,SKU-1266,2025-01-13,32,1,0
R01,SKU-1266,2025-01-14,28,1,0
R01,SKU-1266,2025-01-15,32,0,0
R01,SKU-1266,2025-01-16,33,1,1
R01,SKU-1266,2025-01-17,33,0,0
R01,SKU-1266,01/18/2025,28,1,0
R01,SKU-1266,19-Jan-25,32,0,1
R01,SKU-1266,2025-01-20,27,0,0
R01,SKU-1266,2025-01-21,34,1,0
R01,SKU-1266,01/22/2025,32,0,0
R01,SKU-1266,2025-01-23,23,0,0
R01,SKU-1266,01/24/2025,39,1,0
R01,SKU-1266,2025-01-25,20,0,0
R01,SKU-1266,2025-01-26,34,1,0
R01,SKU-1266,2025-01-27,37,1,0
R01,SKU-1266,2025-01-28,29,0,0
R01,SKU-1266,2025-01-29,19,0,0
R01,SKU-1266,01/30/2025,34,1,1
R01,SKU-1266,2025-01-31,24,0,0
R01,SKU-1063,2025-01-01,30,0,0
R01,SKU-1063,01/02/2025,20,0,0
R01,SKU-1063,03-Jan-25,12,0,0
R01,SKU-1063,2025-01-04,28,1,0
R01,SKU-1063,2025-01-05,20,0,0
R01,SKU-1063,01/06/2025,28,0,0
R01,SKU-1063,01/07/2025,16,0,0
R01,SKU-1063,01/08/2025,21,0,0
R01,SKU-1063,2025-01-09,33,1,0
R01,SKU-1063,2025-01-10,21,1,0
R01,SKU-1063,2025-01-11,30,0,1
R01,SKU-1063,2025-01-12,23,0,1
R01,SKU-1063,13-Jan-25,22,1,0
R01,SKU-1063,2025-01-14,25,0,0
R01,SKU-1063,01/15/2025,18,0,0
R01,SKU-1063,01/16/2025,16,1,0
R01,SKU-1063,2025-01-17,14,0,0
R01,SKU-1063,01/18/2025,32,1,0
R01,SKU-1063,2025-01-19,21,1,0
R01,SKU-1063,01/20/2025,23,0,0
R01,SKU-1063,21-Jan-25,23,0,0
R01,SKU-1063,2025-01-22,21,0,0
R01,SKU-1063,23-Jan-25,20,0,0
R01,SKU-1063,2025-01-24,27,1,0
R01,SKU-1063,01/25/2025,19,0,0
R01,SKU-1063,2025-01-26,16,0,0
R01,SKU-1063,01/27/2025,25,0,0
R01,SKU-1063,2025-01-28,30,0,0
R01,SKU-1063,2025-01-29,14,0,0
R01,SKU-1063,2025-01-30,25,1,0
R01,SKU-1063,2025-01-31,21,1,0
R01,SKU-1245,2025-01-01,26,1,0
R01,SKU-1245,02-Jan-25,34,0,0
R01,SKU-1245,03-Jan-25,26,1,0
R01,SKU-1245,2025-01-04,32,0,0
R01,SKU-1245,05-Jan-25,33,0,0
R01,SKU-1245,2025-01-06,24,1,0
R01,SKU-1245,2025-01-07,33,1,0
R01,SKU-1245,2025-01-08,27,1,1
R01,SKU-1245,2025-01-09,32,0,0
R01,SKU-1245,10-Jan-25,28,0,0
R01,SKU-1245,2025-01-11,37,0,0
R01,SKU-1245,2025-01-12,30,0,0
R01,SKU-1245,01/13/2025,31,1,0
R01,SKU-1245,14-Jan-25,32,0,1
R01,SKU-1245,2025-01-15,38,0,0
R01,SKU-1245,2025-01-16,29,1,0
R01,SKU-1245,2025-01-17,28,1,0
R01,SKU-1245,2025-01-18,32,0,0
R01,SKU-1245,2025-01-19,34,0,0
R01,SKU-1245,20-Jan-25,31,0,0
R01,SKU-1245,2025-01-21,27,0,0
R01,SKU-1245,01/22/2025,25,0,0
R01,SKU-1245,01/23/2025,32,1,0
R01,SKU-1245,2025-01-24,36,0,0
R01,SKU-1245,01/25/2025,22,0,0
R01,SKU-1245,2025-01-26,20,0,0
R01,SKU-1245,2025-01-27,27,0,0
R01,SKU-1245,2025-01-28,29,0,0
R01,SKU-1245,2025-01-29,32,0,0
R01,SKU-1245,2025-01-30,26,0,0
R01,SKU-1245,2025-01-31,26,0,0
R01,SKU-1182,2025-01-01,5,0,0
R01,SKU-1182,2025-01-02,7,1,0
R01,SKU-1182,2025-01-03,4,0,0
R01,SKU-1182,01/04/2025,6,0,0
R01,SKU-1182,05-Jan-25,8,0,0
R01,SKU-1182,06-Jan-25,5,0,0
R01,SKU-1182,2025-01-07,5,0,0
R01,SKU-1182,2025-01-08,7,0,0
R01,SKU-1182,09-Jan-25,6,2,0
R01,SKU-1182,01/10/2025,5,0,0
R01,SKU-1182,2025-01-11,8,0,0
R01,SKU-1182,2025-01-12,10,0,0
R01,SKU-1182,01/13/2025,7,0,0
R01,SKU-1182,2025-01-14,2,0,0
R01,SKU-1182,01/15/2025,6,0,0
R01,SKU-1182,2025-01-16,2,0,0
R01,SKU-1182,01/17/2025,5,0,0
R01,SKU-1182,18-Jan-25,3,1,0
R01,SKU-1182,01/19/2025,5,1,0
R01,SKU-1182,2025-01-20,5,0,0
R01,SKU-1182,2025-01-21,8,2,0
R01,SKU-1182,2025-01-22,7,0,1
R01,SKU-1182,2025-01-23,2,0,0
R01,SKU-1182,24-Jan-25,7,2,0
R01,SKU-1182,2025-01-25,4,1,0
R01,SKU-1182,01/26/2025,8,0,1
R01,SKU-1182,2025-01-27,12,3,0
R01,SKU-1182,28-Jan-25,4,0,1
R01,SKU-1182,01/29/2025,5,2,1
R01,SKU-1182,2025-01-30,6,1,0
R01,SKU-1182,2025-01-31,3,1,0
R01,SKU-1007,01/01/2025,41,0,0
R01,SKU-1007,2025-01-02,31,0,0
R01,SKU-1007,03-Jan-25,32,0,1
R01,SKU-1007,2025-01-04,22,0,0
R01,SKU-1007,2025-01-05,26,0,0
R01,SKU-1007,01/06/2025,47,0,0
R01,SKU-1007,01/07/2025,34,0,1
R01,SKU-1007,01/08/2025,30,1,0
R01,SKU-1007,01/09/2025,30,0,0
R01,SKU-1007,01/10/2025,22,0,0
R01,SKU-1007,2025-01-11,25,1,0
R01,SKU-1007,12-Jan-25,31,1,0
R01,SKU-1007,01/13/2025,20,0,0
R01,SKU-1007,2025-01-14,30,0,0
R01,SKU-1007,15-Jan-25,38,1,0
R01,SKU-1007,2025-01-16,32,0,0
R01,SKU-1007,01/17/2025,32,0,1
R01,SKU-1007,01/18/2025,28,1,0
R01,SKU-1007,2025-01-19,30,3,0
R01,SKU-1007,01/20/2025,30,1,0
R01,SKU-1007,2025-01-21,24,0,0
R01,SKU-1007,2025-01-22,29,1,0
R01,SKU-1007,2025-01-23,25,1,0
R01,SKU-1007,2025-01-24,30,2,0
R01,SKU-1007,2025-01-25,35,0,0
R01,SKU-1007,2025-01-26,38,0,0
R01,SKU-1007,01/27/2025,37,1,0
R01,SKU-1007,28-Jan-25,33,0,0
R01,SKU-1007,2025-01-29,31,0,0
R01,SKU-1007,30-Jan-25,38,1,0
R01,SKU-1007,01/31/2025,37,1,0
R01,SKU-1070,2025-01-01,13,0,1
R01,SKU-1070,2025-01-02,9,0,0
R01,SKU-1070,01/03/2025,11,1,0
R01,SKU-1070,01/04/2025,13,1,0
R01,SKU-1070,2025-01-05,12,0,0
R01,SKU-1070,2025-01-06,21,0,0
R01,SKU-1070,2025-01-07,16,0,0
R01,SKU-1070,2025-01-08,11,0,0
R01,SKU-1070,01/09/2025,11,1,0
R01,SKU-1070,10-Jan-25,19,1,0
R01,SKU-1070,01/11/2025,15,0,0
R01,SKU-1070,01/12/2025,16,0,0
R01,SKU-1070,01/13/2025,9,0,0
R01,SKU-1070,2025-01-14,11,2,0
R01,SKU-1070,15-Jan-25,12,2,0
R01,SKU-1070,2025-01-16,10,0,1
R01,SKU-1070,17-Jan-25,5,0,0
R01,SKU-1070,2025-01-18,11,0,0
R01,SKU-1070,2025-01-19,11,0,0
R01,SKU-1070,2025-01-20,10,0,0
R01,SKU-1070,2025-01-21,16,0,1
R01,SKU-1070,2025-01-22,12,0,1
R01,SKU-1070,2025-01-23,12,0,0
R01,SKU-1070,2025-01-24,15,0,0
R01,SKU-1070,25-Jan-25,11,0,0
R01,SKU-1070,2025-01-26,13,0,1
R01,SKU-1070,2025-01-27,18,1,0
R01,SKU-1070,2025-01-28,24,0,0
R01,SKU-1070,2025-01-29,14,0,1
R01,SKU-1070,2025-01-30,13,0,1
R01,SKU-1070,2025-01-31,14,0,0
R01,SKU-1238,2025-01-01,24,1,0
R01,SKU-1238,2025-01-02,23,1,1
R01,SKU-1238,2025-01-03,20,0,0
R01,SKU-1238,2025-01-04,18,0,0
R01,SKU-1238,05-Jan-25,17,0,0
R01,SKU-1238,06-Jan-25,16,1,0
R01,SKU-1238,2025-01-07,20,0,0
R01,SKU-1238,2025-01-08,19,1,0
R01,SKU-1238,09-Jan-25,16,0,0
R01,SKU-1238,2025-01-10,29,0,0
R01,SKU-1238,2025-01-11,14,0,0
R01,SKU-1238,2025-01-12,27,0,1
R01,SKU-1238,2025-01-13,21,1,0
R01,SKU-1238,2025-01-14,14,0,0
R01,SKU-1238,2025-01-15,18,0,1
R01,SKU-1238,2025-01-16,16,0,0
R01,SKU-1238,2025-01-17,20,0,0
R01,SKU-1238,2025-01-18,22,1,0
R01,SKU-1238,2025-01-19,18,1,0
R01,SKU-1238,01/20/2025,14,0,0
R01,SKU-1238,01/21/2025,26,0,1
R01,SKU-1238,2025-01-22,7,1,0
R01,SKU-1238,2025-01-23,21,0,0
R01,SKU-1238,2025-01-24,18,0,0
R01,SKU-1238,2025-01-25,14,1,0
R01,SKU-1238,2025-01-26,21,0,0
R01,SKU-1238,2025-01-27,13,1,0
R01,SKU-1238,2025-01-28,23,0,0
R01,SKU-1238,01/29/2025,16,0,0
R01,SKU-1238,01/30/2025,18,0,0
R01,SKU-1238,2025-01-31,17,0,0
R01,SKU-1154,01-Jan-25,20,0,0
R01,SKU-1154,2025-01-02,29,0,0
R01,SKU-1154,01/03/2025,23,0,0
R01,SKU-1154,01/04/2025,28,0,0
R01,SKU-1154,2025-01-05,21,0,0
R01,SKU-1154,2025-01-06,15,1,1
R01,SKU-1154,2025-01-07,23,0,0
R01,SKU-1154,2025-01-08,10,0,0
R01,SKU-1154,2025-01-09,24,0,0
R01,SKU-1154,2025-01-10,24,1,0
R01,SKU-1154,11-Jan-25,18,0,0
R01,SKU-1154,2025-01-12,22,0,0
R01,SKU-1154,01/13/2025,17,1,0
R01,SKU-1154,2025-01-14,17,0,0
R01,SKU-1154,2025-01-15,16,0,0
R01,SKU-1154,2025-01-16,20,2,0
R01,SKU-1154,01/17/2025,21,1,1
R01,SKU-1154,2025-01-18,22,0,0
R01,SKU-1154,2025-01-19,26,0,0
R01,SKU-1154,2025-01-20,21,0,0
R01,SKU-1154,21-Jan-25,20,0,0
R01,SKU-1154,2025-01-22,17,0,0
R01,SKU-1154,2025-01-23,10,1,0
R01,SKU-1154,2025-01-24,20,0,0
R01,SKU-1154,25-Jan-25,23,1,0
R01,SKU-1154,26-Jan-25,23,1,0
R01,SKU-1154,2025-01-27,17,1,0
R01,SKU-1154,2025-01-28,16,0,0
R01,SKU-1154,2025-01-29,12,0,0
R01,SKU-1154,2025-01-30,19,1,1
R01,SKU-1154,01/31/2025,21,0,0
R01,SKU-1273,01-Jan-25,37,2,0
R01,SKU-1273,2025-01-02,34,0,1
R01,SKU-1273,01/03/2025,24,1,0
R01,SKU-1273,04-Jan-25,28,0,0
R01,SKU-1273,01/05/2025,31,0,0
R01,SKU-1273,2025-01-06,24,1,0
R01,SKU-1273,2025-01-07,27,0,0
R01,SKU-1273,2025-01-08,25,0,0
R01,SKU-1273,09-Jan-25,34,0,0
R01,SKU-1273,2025-01-10,30,0,0
R01,SKU-1273,11-Jan-25,17,0,0
R01,SKU-1273,2025-01-12,39,0,0
R01,SKU-1273,2025-01-13,22,0,0
R01,SKU-1273,2025-01-14,31,0,0
R01,SKU-1273,2025-01-15,25,1,0
R01,SKU-1273,01/16/2025,29,1,0
R01,SKU-1273,2025-01-17,28,1,0
R01,SKU-1273,2025-01-18,24,1,0
R01,SKU-1273,2025-01-19,38,0,0
R01,SKU-1273,2025-01-20,26,1,0
R01,SKU-1273,21-Jan-25,27,1,0
R01,SKU-1273,2025-01-22,22,2,1
R01,SKU-1273,2025-01-23,24,0,0
R01,SKU-1273,2025-01-24,34,0,0
R01,SKU-1273,2025-01-25,28,0,0
R01,SKU-1273,2025-01-26,36,1,1
R01,SKU-1273,2025-01-27,30,0,0
R01,SKU-1273,2025-01-28,35,1,0
R01,SKU-1273,2025-01-29,40,0,0
R01,SKU-1273,01/30/2025,32,1,0
R01,SKU-1273,31-Jan-25,37,0,0
R02,SKU-1119,2025-01-01,2,1,0
R02,SKU-1119,2025-01-02,2,1,0
R02,SKU-1119,01/03/2025,4,1,0
R02,SKU-1119,01/04/2025,2,0,0
R02,SKU-1119,2025-01-05,5,0,1
R02,SKU-1119,01/06/2025,3,0,0
R02,SKU-1119,07-Jan-25,3,0,1
R02,SKU-1119,01/08/2025,3,0,0
R02,SKU-1119,2025-01-09,3,0,0
R02,SKU-1119,01/10/2025,4,0,0
R02,SKU-1119,2025-01-11,3,1,0
R02,SKU-1119,01/12/2025,1,1,0
R02,SKU-1119,2025-01-13,5,1,0
R02,SKU-1119,2025-01-14,6,0,0
R02,SKU-1119,01/15/2025,7,0,0
R02,SKU-1119,2025-01-16,4,1,0
R02,SKU-1119,01/17/2025,4,2,0
R02,SKU-1119,18-Jan-25,5,0,0
R02,SKU-1119,01/19/2025,4,1,0
R02,SKU-1119,01/20/2025,3,0,0
R02,SKU-1119,2025-01-21,7,0,0
R02,SKU-1119,2025-01-22,2,1,0
R02,SKU-1119,2025-01-23,4,0,0
R02,SKU-1119,01/24/2025,6,1,0
R02,SKU-1119,25-Jan-25,2,0,0
R02,SKU-1119,2025-01-26,4,1,0
R02,SKU-1119,2025-01-27,7,0,1
R02,SKU-1119,2025-01-28,1,0,0
R02,SKU-1119,29-Jan-25,1,0,0
R02,SKU-1119,30-Jan-25,5,0,0
R02,SKU-1119,31-Jan-25,3,1,0
R02,SKU-1252,2025-01-01,43,0,0
R02,SKU-1252,2025-01-02,29,0,1
R02,SKU-1252,2025-01-03,27,0,0
R02,SKU-1252,2025-01-04,25,0,0
R02,SKU-1252,2025-01-05,27,0,0
R02,SKU-1252,01/06/2025,34,0,0
R02,SKU-1252,07-Jan-25,42,1,0
R02,SKU-1252,2025-01-08,30,0,0
R02,SKU-1252,2025-01-09,36,0,0
R02,SKU-1252,2025-01-10,41,2,1
R02,SKU-1252,2025-01-11,31,0,0
R02,SKU-1252,2025-01-12,27,0,1
R02,SKU-1252,2025-01-13,30,0,0
R02,SKU-1252,01/14/2025,30,1,0
R02,SKU-1252,2025-01-15,32,0,0
R02,SKU-1252,16-Jan-25,40,0,0
R02,SKU-1252,01/17/2025,28,0,0
R02,SKU-1252,2025-01-18,34,0,0
R02,SKU-1252,2025-01-19,38,1,0
R02,SKU-1252,20-Jan-25,28,4,0
R02,SKU-1252,2025-01-21,29,1,0
R02,SKU-1252,2025-01-22,29,0,0
R02,SKU-1252,2025-01-23,28,0,0
R02,SKU-1252,2025-01-24,25,0,0
R02,SKU-1252,2025-01-25,35,0,0
R02,SKU-1252,01/26/2025,33,0,0
R02,SKU-1252,2025-01-27,30,1,0
R02,SKU-1252,2025-01-28,34,0,0
R02,SKU-1252,01/29/2025,24,0,0
R02,SKU-1252,01/30/2025,37,2,1
R02,SKU-1252,01/31/2025,30,1,0
R02,SKU-1238,2025-01-01,18,0,0
R02,SKU-1238,2025-01-02,21,0,0
R02,SKU-1238,01/03/2025,23,0,0
R02,SKU-1238,2025-01-04,12,0,0
R02,SKU-1238,01/05/2025,17,0,0
R02,SKU-1238,2025-01-06,17,1,0
R02,SKU-1238,2025-01-07,13,1,0
R02,SKU-1238,01/08/2025,14,0,0
R02,SKU-1238,09-Jan-25,19,0,0
R02,SKU-1238,2025-01-10,31,0,0
R02,SKU-1238,11-Jan-25,15,1,0
R02,SKU-1238,2025-01-12,11,1,0
R02,SKU-1238,01/13/2025,13,0,1
R02,SKU-1238,2025-01-14,25,0,0
R02,SKU-1238,15-Jan-25,15,0,0
R02,SKU-1238,2025-01-16,15,1,0
R02,SKU-1238,2025-01-17,11,0,0
R02,SKU-1238,2025-01-18,17,0,0
R02,SKU-1238,2025-01-19,19,1,0
R02,SKU-1238,01/20/2025,10,0,0
R02,SKU-1238,2025-01-21,20,1,1
R02,SKU-1238,2025-01-22,19,2,0
R02,SKU-1238,2025-01-23,17,1,0
R02,SKU-1238,2025-01-24,15,0,0
R02,SKU-1238,2025-01-25,14,0,1
R02,SKU-1238,2025-01-26,20,0,0
R02,SKU-1238,2025-01-27,18,1,0
R02,SKU-1238,28-Jan-25,14,1,0
R02,SKU-1238,2025-01-29,18,1,0
R02,SKU-1238,2025-01-30,20,0,0
R02,SKU-1238,01/31/2025,13,0,0
R02,SKU-1161,01/01/2025,15,0,0
R02,SKU-1161,2025-01-02,12,0,0
R02,SKU-1161,01/03/2025,11,0,0
R02,SKU-1161,2025-01-04,8,0,0
R02,SKU-1161,01/05/2025,7,0,0
R02,SKU-1161,2025-01-06,14,0,0
R02,SKU-1161,01/07/2025,17,0,0
R02,SKU-1161,2025-01-08,15,0,0
R02,SKU-1161,2025-01-09,15,0,0
R02,SKU-1161,2025-01-10,18,2,0
R02,SKU-1161,2025-01-11,14,0,0
R02,SKU-1161,12-Jan-25,20,1,1
R02,SKU-1161,01/13/2025,13,2,0
R02,SKU-1161,01/14/2025,14,0,1
R02,SKU-1161,2025-01-15,18,0,0
R02,SKU-1161,2025-01-16,13,0,0
R02,SKU-1161,01/17/2025,13,0,0
R02,SKU-1161,18-Jan-25,11,1,1
R02,SKU-1161,01/19/2025,21,1,0
R02,SKU-1161,2025-01-20,15,1,0
R02,SKU-1161,2025-01-21,16,1,0
R02,SKU-1161,01/22/2025,10,1,1
R02,SKU-1161,01/23/2025,10,0,0
R02,SKU-1161,01/24/2025,16,0,0
R02,SKU-1161,01/25/2025,14,0,0
R02,SKU-1161,2025-01-26,10,0,0
R02,SKU-1161,2025-01-27,11,0,0
R02,SKU-1161,2025-01-28,11,0,0
R02,SKU-1161,2025-01-29,15,0,1
R02,SKU-1161,30-Jan-25,13,1,0
R02,SKU-1161,2025-01-31,13,0,0
R02,SKU-1224,2025-01-01,34,1,0
R02,SKU-1224,2025-01-02,29,0,0
R02,SKU-1224,2025-01-03,33,0,0
R02,SKU-1224,01/04/2025,31,0,0
R02,SKU-1224,2025-01-05,29,0,0
R02,SKU-1224,2025-01-06,35,2,1
R02,SKU-1224,2025-01-07,37,1,0
R02,SKU-1224,01/08/2025,22,0,0
R02,SKU-1224,01/09/2025,30,0,0
R02,SKU-1224,2025-01-10,30,0,0
R02,SKU-1224,2025-01-11,33,2,0
R02,SKU-1224,2025-01-12,24,1,0
R02,SKU-1224,2025-01-13,44,0,0
R02,SKU-1224,14-Jan-25,34,0,0
R02,SKU-1224,15-Jan-25,36,1,1
R02,SKU-1224,2025-01-16,36,0,0
R02,SKU-1224,17-Jan-25,24,0,0
R02,SKU-1224,18-Jan-25,28,2,1
R02,SKU-1224,2025-01-19,32,0,0
R02,SKU-1224,20-Jan-25,31,0,0
R02,SKU-1224,21-Jan-25,28,0,0
R02,SKU-1224,2025-01-22,39,0,1
R02,SKU-1224,2025-01-23,42,0,0
R02,SKU-1224,2025-01-24,27,0,0
R02,SKU-1224,2025-01-25,37,0,0
R02,SKU-1224,2025-01-26,33,0,0
R02,SKU-1224,01/27/2025,40,0,0
R02,SKU-1224,2025-01-28,32,0,1
R02,SKU-1224,29-Jan-25,27,0,0
R02,SKU-1224,2025-01-30,31,0,0
R02,SKU-1224,01/31/2025,27,0,0
R02,SKU-1084,2025-01-01,18,1,1
R02,SKU-1084,2025-01-02,16,0,0
R02,SKU-1084,2025-01-03,13,0,0
R02,SKU-1084,2025-01-04,15,1,0
R02,SKU-1084,01/05/2025,18,0,0
R02,SKU-1084,2025-01-06,13,3,0
R02,SKU-1084,07-Jan-25,19,0,0
R02,SKU-1084,08-Jan-25,20,0,0
R02,SKU-1084,2025-01-09,17,0,0
R02,SKU-1084,01/10/2025,19,0,0
R02,SKU-1084,2025-01-11,15,0,0
R02,SKU-1084,2025-01-12,17,0,0
R02,SKU-1084,2025-01-13,19,1,0
R02,SKU-1084,14-Jan-25,18,0,0
R02,SKU-1084,15-Jan-25,14,2,0
R02,SKU-1084,2025-01-16,9,0,0
R02,SKU-1084,01/17/2025,18,0,0
R02,SKU-1084,01/18/2025,22,0,0
R02,SKU-1084,19-Jan-25,19,1,0
R02,SKU-1084,2025-01-20,15,0,0
R02,SKU-1084,2025-01-21,18,0,1
R02,SKU-1084,22-Jan-25,18,1,0
R02,SKU-1084,2025-01-23,18,1,0
R02,SKU-1084,01/24/2025,14,0,0
R02,SKU-1084,01/25/2025,12,0,0
R02,SKU-1084,2025-01-26,13,1,0
R02,SKU-1084,01/27/2025,12,2,0
R02,SKU-1084,2025-01-28,11,0,0
R02,SKU-1084,2025-01-29,18,0,0
R02,SKU-1084,01/30/2025,19,1,0
R02,SKU-1084,2025-01-31,14,0,0
R02,SKU-1028,01/01/2025,36,1,0
R02,SKU-1028,2025-01-02,31,3,0
R02,SKU-1028,2025-01-03,23,1,0
R02,SKU-1028,01/04/2025,33,1,1
R02,SKU-1028,2025-01-05,27,1,0
R02,SKU-1028,06-Jan-25,34,0,0
R02,SKU-1028,2025-01-07,20,0,1
R02,SKU-1028,2025-01-08,24,1,0
R02,SKU-1028,2025-01-09,21,1,0
R02,SKU-1028,2025-01-10,33,0,0
R02,SKU-1028,2025-01-11,35,0,0
R02,SKU-1028,2025-01-12,37,0,0
R02,SKU-1028,2025-01-13,28,0,0
R02,SKU-1028,2025-01-14,41,0,0
R02,SKU-1028,01/15/2025,32,1,0
R02,SKU-1028,2025-01-16,31,0,0
R02,SKU-1028,2025-01-17,22,0,0
R02,SKU-1028,2025-01-18,33,0,0
R02,SKU-1028,01/19/2025,41,0,1
R02,SKU-1028,2025-01-20,36,0,0
R02,SKU-1028,2025-01-21,37,0,0
R02,SKU-1028,2025-01-22,22,0,0
R02,SKU-1028,23-Jan-25,30,0,0
R02,SKU-1028,24-Jan-25,34,1,0
R02,SKU-1028,2025-01-25,27,0,0
R02,SKU-1028,2025-01-26,43,0,0
R02,SKU-1028,2025-01-27,25,0,0
R02,SKU-1028,01/28/2025,39,1,1
R02,SKU-1028,2025-01-29,25,0,0
R02,SKU-1028,2025-01-30,33,0,0
R02,SKU-1028,2025-01-31,41,1,0
R02,SKU-1140,01/01/2025,15,1,0
R02,SKU-1140,2025-01-02,24,0,0
R02,SKU-1140,2025-01-03,22,1,0
R02,SKU-1140,01/04/2025,16,2,0
R02,SKU-1140,05-Jan-25,30,1,0
R02,SKU-1140,2025-01-06,20,0,0
R02,SKU-1140,2025-01-07,22,1,0
R02,SKU-1140,01/08/2025,23,2,0
R02,SKU-1140,2025-01-09,16,3,0
R02,SKU-1140,2025-01-10,27,0,0
R02,SKU-1140,2025-01-11,15,0,0
R02,SKU-1140,2025-01-12,22,0,0
R02,SKU-1140,01/13/2025,17,0,0
R02,SKU-1140,2025-01-14,20,0,0
R02,SKU-1140,2025-01-15,17,0,0
R02,SKU-1140,01/16/2025,18,0,1
R02,SKU-1140,2025-01-17,14,0,0
R02,SKU-1140,2025-01-18,27,0,0
R02,SKU-1140,2025-01-19,14,0,1
R02,SKU-1140,2025-01-20,17,0,0
R02,SKU-1140,2025-01-21,12,1,0
R02,SKU-1140,01/22/2025,21,0,0
R02,SKU-1140,01/23/2025,16,0,0
R02,SKU-1140,2025-01-24,16,1,0
R02,SKU-1140,2025-01-25,17,2,0
R02,SKU-1140,2025-01-26,18,0,0
R02,SKU-1140,01/27/2025,23,0,0
R02,SKU-1140,28-Jan-25,17,1,0
R02,SKU-1140,2025-01-29,19,1,0
R02,SKU-1140,2025-01-30,20,0,0
R02,SKU-1140,2025-01-31,12,1,0
R02,SKU-1217,2025-01-01,19,0,0
R02,SKU-1217,2025-01-02,17,0,0
R02,SKU-1217,01/03/2025,22,2,0
R02,SKU-1217,2025-01-04,17,0,0
R02,SKU-1217,2025-01-05,22,0,0
R02,SKU-1217,2025-01-06,18,0,0
R02,SKU-1217,01/07/2025,21,0,0
R02,SKU-1217,2025-01-08,24,1,0
R02,SKU-1217,2025-01-09,25,1,0
R02,SKU-1217,2025-01-10,24,0,1
R02,SKU-1217,01/11/2025,21,1,0
R02,SKU-1217,2025-01-12,20,1,0
R02,SKU-1217,2025-01-13,24,1,0
R02,SKU-1217,14-Jan-25,12,1,0
R02,SKU-1217,15-Jan-25,23,0,0
R02,SKU-1217,01/16/2025,27,0,0
R02,SKU-1217,2025-01-17,24,1,0
R02,SKU-1217,2025-01-18,25,1,0
R02,SKU-1217,2025-01-19,17,0,0
R02,SKU-1217,2025-01-20,21,0,0
R02,SKU-1217,2025-01-21,20,0,0
R02,SKU-1217,2025-01-22,16,0,0
R02,SKU-1217,23-Jan-25,15,1,0
R02,SKU-1217,24-Jan-25,19,0,0
R02,SKU-1217,01/25/2025,14,0,0
R02,SKU-1217,01/26/2025,25,1,1
R02,SKU-1217,2025-01-27,28,0,1
R02,SKU-1217,01/28/2025,18,0,0
R02,SKU-1217,2025-01-29,17,0,0
R02,SKU-1217,2025-01-30,18,2,0
R02,SKU-1217,2025-01-31,23,0,0
R02,SKU-1112,2025-01-01,13,0,0
R02,SKU-1112,2025-01-02,22,2,0
R02,SKU-1112,03-Jan-25,15,0,0
R02,SKU-1112,01/04/2025,20,2,0
R02,SKU-1112,01/05/2025,14,0,0
R02,SKU-1112,06-Jan-25,10,1,1
R02,SKU-1112,2025-01-07,10,0,0
R02,SKU-1112,2025-01-08,9,0,0
R02,SKU-1112,2025-01-09,23,0,0
R02,SKU-1112,2025-01-10,17,0,0
R02,SKU-1112,2025-01-11,13,0,0
R02,SKU-1112,2025-01-12,9,1,0
R02,SKU-1112,2025-01-13,20,0,0
R02,SKU-1112,01/14/2025,16,0,0
R02,SKU-1112,15-Jan-25,22,0,0
R02,SKU-1112,2025-01-16,21,1,0
R02,SKU-1112,01/17/2025,19,0,0
R02,SKU-1112,2025-01-18,14,0,0
R02,SKU-1112,2025-01-19,15,0,0
R02,SKU-1112,2025-01-20,15,0,0
R02,SKU-1112,2025-01-21,22,0,0
R02,SKU-1112,22-Jan-25,13,1,0
R02,SKU-1112,2025-01-23,16,1,1
R02,SKU-1112,2025-01-24,25,0,0
R02,SKU-1112,2025-01-25,17,0,0
R02,SKU-1112,01/26/2025,15,0,0
R02,SKU-1112,2025-01-27,16,0,0
R02,SKU-1112,2025-01-28,15,0,0
R02,SKU-1112,2025-01-29,19,0,0
R02,SKU-1112,2025-01-30,12,0,0
R02,SKU-1112,31-Jan-25,17,0,0
R02,SKU-1245,2025-01-01,4,0,0
R02,SKU-1245,2025-01-02,10,0,0
R02,SKU-1245,03-Jan-25,8,0,0
R02,SKU-1245,2025-01-04,7,0,0
R02,SKU-1245,2025-01-05,6,1,0
R02,SKU-1245,2025-01-06,8,0,0
R02,SKU-1245,2025-01-07,8,1,0
R02,SKU-1245,2025-01-08,11,1,1
R02,SKU-1245,2025-01-09,9,0,0
R02,SKU-1245,01/10/2025,5,1,0
R02,SKU-1245,2025-01-11,8,0,0
R02,SKU-1245,2025-01-12,9,0,0
R02,SKU-1245,01/13/2025,6,1,0
R02,SKU-1245,01/14/2025,6,1,0
R02,SKU-1245,01/15/2025,11,0,0
R02,SKU-1245,2025-01-16,4,1,1
R02,SKU-1245,01/17/2025,2,1,0
R02,SKU-1245,2025-01-18,7,0,0
R02,SKU-1245,2025-01-19,7,1,0
R02,SKU-1245,2025-01-20,8,0,0
R02,SKU-1245,2025-01-21,6,1,0
R02,SKU-1245,22-Jan-25,5,0,0
R02,SKU-1245,01/23/2025,7,0,1
R02,SKU-1245,01/24/2025,14,0,0
R02,SKU-1245,2025-01-25,13,0,0
R02,SKU-1245,01/26/2025,7,1,1
R02,SKU-1245,2025-01-27,3,0,0
R02,SKU-1245,01/28/2025,8,0,0
R02,SKU-1245,01/29/2025,7,1,1
R02,SKU-1245,2025-01-30,13,0,1
R02,SKU-1245,2025-01-31,6,1,1
R02,SKU-1210,2025-01-01,9,0,0
R02,SKU-1210,01/02/2025,8,0,1
R02,SKU-1210,2025-01-03,17,0,0
R02,SKU-1210,2025-01-04,13,0,0
R02,SKU-1210,2025-01-05,20,0,0
R02,SKU-1210,2025-01-06,16,0,0
R02,SKU-1210,2025-01-07,18,1,0
R02,SKU-1210,2025-01-08,14,0,0
R02,SKU-1210,2025-01-09,16,0,1
R02,SKU-1210,2025-01-10,5,2,0
R02,SKU-1210,2025-01-11,11,1,0
R02,SKU-1210,2025-01-12,15,1,0
R02,SKU-1210,2025-01-13,17,0,1
R02,SKU-1210,01/14/2025,19,0,0
R02,SKU-1210,2025-01-15,12,0,0
R02,SKU-1210,01/16/2025,11,1,0
R02,SKU-1210,17-Jan-25,15,0,0
R02,SKU-1210,18-Jan-25,11,0,0
R02,SKU-1210,2025-01-19,15,0,0
R02,SKU-1210,2025-01-20,12,0,0
R02,SKU-1210,2025-01-21,13,1,0
R02,SKU-1210,01/22/2025,19,0,1
R02,SKU-1210,23-Jan-25,16,1,0
R02,SKU-1210,01/24/2025,19,0,0
R02,SKU-1210,2025-01-25,15,0,0
R02,SKU-1210,26-Jan-25,5,1,0
R02,SKU-1210,2025-01-27,7,0,0
R02,SKU-1210,01/28/2025,18,0,0
R02,SKU-1210,2025-01-29,10,1,0
R02,SKU-1210,01/30/2025,6,2,0
R02,SKU-1210,2025-01-31,13,1,0
R02,SKU-1063,01-Jan-25,34,1,0
R02,SKU-1063,02-Jan-25,34,0,0
R02,SKU-1063,2025-01-03,37,2,0
R02,SKU-1063,2025-01-04,38,0,0
R02,SKU-1063,2025-01-05,37,0,0
R02,SKU-1063,2025-01-06,30,1,0
R02,SKU-1063,2025-01-07,28,0,0
R02,SKU-1063,2025-01-08,26,0,0
R02,SKU-1063,2025-01-09,32,0,0
R02,SKU-1063,10-Jan-25,37,3,0
R02,SKU-1063,01/11/2025,30,1,0
R02,SKU-1063,01/12/2025,35,1,1
R02,SKU-1063,13-Jan-25,30,0,0
R02,SKU-1063,14-Jan-25,21,1,0
R02,SKU-1063,2025-01-15,33,2,0
R02,SKU-1063,16-Jan-25,38,1,0
R02,SKU-1063,2025-01-17,32,2,0
R02,SKU-1063,01/18/2025,33,0,1
R02,SKU-1063,19-Jan-25,24,0,0
R02,SKU-1063,2025-01-20,30,1,0
R02,SKU-1063,2025-01-21,33,0,0
R02,SKU-1063,2025-01-22,33,0,1
R02,SKU-1063,01/23/2025,31,1,0
R02,SKU-1063,2025-01-24,29,0,0
R02,SKU-1063,01/25/2025,31,0,0
R02,SKU-1063,2025-01-26,35,1,0
R02,SKU-1063,2025-01-27,34,0,0
R02,SKU-1063,28-Jan-25,28,1,1
R02,SKU-1063,2025-01-29,41,1,0
R02,SKU-1063,01/30/2025,37,0,0
R02,SKU-1063,2025-01-31,29,1,0
R02,SKU-1203,2025-01-01,17,0,0
R02,SKU-1203,2025-01-02,18,0,0
R02,SKU-1203,03-Jan-25,25,0,0
R02,SKU-1203,04-Jan-25,22,0,0
R02,SKU-1203,2025-01-05,30,0,0
R02,SKU-1203,06-Jan-25,26,0,0
R02,SKU-1203,01/07/2025,22,1,0
R02,SKU-1203,01/08/2025,19,0,0
R02,SKU-1203,2025-01-09,26,1,0
R02,SKU-1203,2025-01-10,12,1,0
R02,SKU-1203,2025-01-11,24,0,0
R02,SKU-1203,2025-01-12,34,0,0
R02,SKU-1203,01/13/2025,27,1,0
R02,SKU-1203,2025-01-14,22,0,1
R02,SKU-1203,01/15/2025,21,1,0
R02,SKU-1203,2025-01-16,24,0,0
R02,SKU-1203,2025-01-17,23,0,0
R02,SKU-1203,01/18/2025,19,2,0
R02,SKU-1203,01/19/2025,17,0,0
R02,SKU-1203,20-Jan-25,20,0,0
R02,SKU-1203,2025-01-21,23,0,0
R02,SKU-1203,2025-01-22,20,1,0
R02,SKU-1203,01/23/2025,30,1,0
R02,SKU-1203,01/24/2025,32,1,0
R02,SKU-1203,2025-01-25,21,1,0
R02,SKU-1203,2025-01-26,17,1,1
R02,SKU-1203,2025-01-27,22,0,0
R02,SKU-1203,2025-01-28,25,0,1
R02,SKU-1203,01/29/2025,24,0,0
R02,SKU-1203,01/30/2025,23,2,1
R02,SKU-1203,31-Jan-25,22,0,0
R02,SKU-1021,01-Jan-25,30,1,0
R02,SKU-1021,2025-01-02,30,1,0
R02,SKU-1021,2025-01-03,33,1,0
R02,SKU-1021,01/04/2025,25,0,1
R02,SKU-1021,05-Jan-25,20,1,0
R02,SKU-1021,06-Jan-25,34,2,0
R02,SKU-1021,01/07/2025,26,0,1
R02,SKU-1021,2025-01-08,28,0,0
R02,SKU-1021,01/09/2025,27,0,0
R02,SKU-1021,10-Jan-25,22,0,0
R02,SKU-1021,01/11/2025,27,1,0
R02,SKU-1021,2025-01-12,33,1,0
R02,SKU-1021,2025-01-13,37,2,0
R02,SKU-1021,2025-01-14,28,1,0
R02,SKU-1021,01/15/2025,31,0,0
R02,SKU-1021,01/16/2025,29,0,0
R02,SKU-1021,2025-01-17,19,0,0
R02,SKU-1021,01/18/2025,25,0,0
R02,SKU-1021,2025-01-19,36,0,0
R02,SKU-1021,01/20/2025,36,0,0
R02,SKU-1021,2025-01-21,26,0,1
R02,SKU-1021,2025-01-22,21,1,0
R02,SKU-1021,01/23/2025,25,0,0
R02,SKU-1021,2025-01-24,20,1,0
R02,SKU-1021,01/25/2025,35,1,0
R02,SKU-1021,2025-01-26,32,0,0
R02,SKU-1021,2025-01-27,23,0,0
R02,SKU-1021,28-Jan-25,27,0,0
R02,SKU-1021,01/29/2025,26,0,0
R02,SKU-1021,2025-01-30,27,0,0
R02,SKU-1021,2025-01-31,36,0,1
R02,SKU-1189,2025-01-01,24,0,0
R02,SKU-1189,2025-01-02,17,1,0
R02,SKU-1189,2025-01-03,19,1,0
R02,SKU-1189,2025-01-04,17,2,0
R02,SKU-1189,2025-01-05,16,1,0
R02,SKU-1189,01/06/2025,16,0,0
R02,SKU-1189,07-Jan-25,24,1,0
R02,SKU-1189,01/08/2025,13,0,0
R02,SKU-1189,2025-01-09,15,0,0
R02,SKU-1189,2025-01-10,12,1,0
R02,SKU-1189,2025-01-11,16,0,0
R02,SKU-1189,2025-01-12,17,0,0
R02,SKU-1189,01/13/2025,26,0,0
R02,SKU-1189,2025-01-14,17,1,0
R02,SKU-1189,01/15/2025,21,2,0
R02,SKU-1189,2025-01-16,17,0,0
R02,SKU-1189,2025-01-17,21,2,0
R02,SKU-1189,2025-01-18,23,1,0
R02,SKU-1189,2025-01-19,18,2,0
R02,SKU-1189,2025-01-20,25,1,0
R02,SKU-1189,2025-01-21,27,0,0
R02,SKU-1189,2025-01-22,25,0,0
R02,SKU-1189,2025-01-23,28,1,0
R02,SKU-1189,2025-01-24,17,0,0
R02,SKU-1189,01/25/2025,14,0,0
R02,SKU-1189,01/26/2025,19,0,0
R02,SKU-1189,01/27/2025,17,1,1
R02,SKU-1189,2025-01-28,14,0,0
R02,SKU-1189,2025-01-29,10,1,0
R02,SKU-1189,2025-01-30,20,1,0
R02,SKU-1189,31-Jan-25,22,0,1
R02,SKU-1175,01/01/2025,28,1,0
R02,SKU-1175,01/02/2025,24,0,0
R02,SKU-1175,2025-01-03,25,0,0
R02,SKU-1175,2025-01-04,27,1,0
R02,SKU-1175,05-Jan-25,22,1,0
R02,SKU-1175,06-Jan-25,23,1,0
R02,SKU-1175,01/07/2025,17,0,0
R02,SKU-1175,2025-01-08,29,0,0
R02,SKU-1175,2025-01-09,16,1,0
R02,SKU-1175,01/10/2025,20,0,1
R02,SKU-1175,2025-01-11,29,0,0
R02,SKU-1175,12-Jan-25,15,0,1
R02,SKU-1175,01/13/2025,20,1,0
R02,SKU-1175,2025-01-14,26,0,0
R02,SKU-1175,2025-01-15,28,0,0
R02,SKU-1175,2025-01-16,24,0,0
R02,SKU-1175,01/17/2025,25,0,0
R02,SKU-1175,2025-01-18,28,2,0
R02,SKU-1175,2025-01-19,30,0,0
R02,SKU-1175,2025-01-20,29,0,0
R02,SKU-1175,2025-01-21,29,0,0
R02,SKU-1175,2025-01-22,29,0,0
R02,SKU-1175,2025-01-23,24,0,0
R02,SKU-1175,24-Jan-25,22,0,1
R02,SKU-1175,01/25/2025,18,2,0
R02,SKU-1175,2025-01-26,19,1,0
R02,SKU-1175,2025-01-27,18,1,0
R02,SKU-1175,01/28/2025,29,0,0
R02,SKU-1175,01/29/2025,33,1,0
R02,SKU-1175,2025-01-30,30,0,0
R02,SKU-1175,2025-01-31,31,0,0
R02,SKU-1042,01-Jan-25,25,0,1
R02,SKU-1042,2025-01-02,32,0,0
R02,SKU-1042,01/03/2025,23,0,1
R02,SKU-1042,2025-01-04,26,1,0
R02,SKU-1042,05-Jan-25,27,0,1
R02,SKU-1042,2025-01-06,28,0,1
R02,SKU-1042,07-Jan-25,26,0,0
R02,SKU-1042,2025-01-08,27,0,0
R02,SKU-1042,09-Jan-25,22,1,0
R02,SKU-1042,01/10/2025,20,0,1
R02,SKU-1042,2025-01-11,28,0,0
R02,SKU-1042,12-Jan-25,35,1,1
R02,SKU-1042,2025-01-13,31,2,0
R02,SKU-1042,2025-01-14,29,0,0
R02,SKU-1042,2025-01-15,26,1,0
R02,SKU-1042,2025-01-16,24,0,1
R02,SKU-1042,2025-01-17,24,0,0
R02,SKU-1042,2025-01-18,17,2,0
R02,SKU-1042,01/19/2025,28,0,1
R02,SKU-1042,2025-01-20,26,1,0
R02,SKU-1042,01/21/2025,30,1,0
R02,SKU-1042,2025-01-22,29,0,0
R02,SKU-1042,2025-01-23,27,1,0
R02,SKU-1042,2025-01-24,21,0,0
R02,SKU-1042,2025-01-25,19,3,0
R02,SKU-1042,2025-01-26,20,0,0
R02,SKU-1042,01/27/2025,27,0,0
R02,SKU-1042,2025-01-28,25,0,0
R02,SKU-1042,2025-01-29,25,1,0
R02,SKU-1042,01/30/2025,29,0,0
R02,SKU-1042,01/31/2025,16,0,0
R02,SKU-1007,2025-01-01,10,0,0
R02,SKU-1007,2025-01-02,10,0,0
R02,SKU-1007,01/03/2025,15,0,0
R02,SKU-1007,2025-01-04,16,1,0
R02,SKU-1007,2025-01-05,10,0,0
R02,SKU-1007,2025-01-06,13,2,0
R02,SKU-1007,2025-01-07,7,0,0
R02,SKU-1007,2025-01-08,12,0,0
R02,SKU-1007,2025-01-09,15,0,0
R02,SKU-1007,10-Jan-25,9,1,1
R02,SKU-1007,11-Jan-25,12,0,0
R02,SKU-1007,12-Jan-25,12,0,0
R02,SKU-1007,2025-01-13,19,0,1
R02,SKU-1007,2025-01-14,11,1,0
R02,SKU-1007,2025-01-15,9,1,0
R02,SKU-1007,2025-01-16,15,0,0
R02,SKU-1007,2025-01-17,23,0,0
R02,SKU-1007,2025-01-18,12,0,1
R02,SKU-1007,19-Jan-25,9,1,0
R02,SKU-1007,20-Jan-25,12,0,0
R02,SKU-1007,2025-01-21,13,1,0
R02,SKU-1007,22-Jan-25,10,0,0
R02,SKU-1007,2025-01-23,19,0,0
R02,SKU-1007,2025-01-24,17,0,1
R02,SKU-1007,01/25/2025,14,1,0
R02,SKU-1007,01/26/2025,21,0,0
R02,SKU-1007,2025-01-27,16,2,0
R02,SKU-1007,01/28/2025,13,0,0
R02,SKU-1007,01/29/2025,13,2,0
R02,SKU-1007,2025-01-30,12,0,0
R02,SKU-1007,2025-01-31,17,1,0
R02,SKU-1126,01-Jan-25,32,1,0
R02,SKU-1126,01/02/2025,22,0,0
R02,SKU-1126,2025-01-03,26,2,0
R02,SKU-1126,2025-01-04,26,0,0
R02,SKU-1126,05-Jan-25,20,0,0
R02,SKU-1126,2025-01-06,31,0,0
R02,SKU-1126,2025-01-07,25,0,1
R02,SKU-1126,01/08/2025,28,1,0
R02,SKU-1126,01/09/2025,28,0,0
R02,SKU-1126,2025-01-10,31,1,0
R02,SKU-1126,01/11/2025,23,0,0
R02,SKU-1126,01/12/2025,33,1,0
R02,SKU-1126,2025-01-13,34,0,0
R02,SKU-1126,2025-01-14,24,1,0
R02,SKU-1126,2025-01-15,32,0,1
R02,SKU-1126,01/16/2025,26,0,0
R02,SKU-1126,17-Jan-25,23,1,0
R02,SKU-1126,2025-01-18,25,1,0
R02,SKU-1126,2025-01-19,29,0,0
R02,SKU-1126,2025-01-20,37,1,1
R02,SKU-1126,21-Jan-25,30,1,0
R02,SKU-1126,2025-01-22,30,0,0
R02,SKU-1126,2025-01-23,22,0,0
R02,SKU-1126,01/24/2025,30,1,0
R02,SKU-1126,25-Jan-25,23,0,0
R02,SKU-1126,01/26/2025,32,1,0
R02,SKU-1126,01/27/2025,28,0,1
R02,SKU-1126,01/28/2025,29,1,0
R02,SKU-1126,2025-01-29,38,0,0
R02,SKU-1126,30-Jan-25,35,0,0
R02,SKU-1126,01/31/2025,21,0,0
R02,SKU-1273,01/01/2025,25,0,0
R02,SKU-1273,2025-01-02,21,1,0
R02,SKU-1273,2025-01-03,32,0,0
R02,SKU-1273,2025-01-04,22,0,0
R02,SKU-1273,01/05/2025,23,0,0
R02,SKU-1273,2025-01-06,11,0,0
R02,SKU-1273,01/07/2025,18,0,0
R02,SKU-1273,2025-01-08,30,1,1
R02,SKU-1273,01/09/2025,18,1,0
R02,SKU-1273,10-Jan-25,14,0,1
R02,SKU-1273,01/11/2025,18,2,0
R02,SKU-1273,01/12/2025,16,1,0
R02,SKU-1273,2025-01-13,17,0,0
R02,SKU-1273,01/14/2025,13,1,0
R02,SKU-1273,2025-01-15,21,1,0
R02,SKU-1273,2025-01-16,20,1,0
R02,SKU-1273,01/17/2025,19,0,0
R02,SKU-1273,2025-01-18,19,0,0
R02,SKU-1273,2025-01-19,13,0,0
R02,SKU-1273,2025-01-20,20,0,0
R02,SKU-1273,2025-01-21,18,0,1
R02,SKU-1273,2025-01-22,18,1,0
R02,SKU-1273,01/23/2025,20,1,0
R02,SKU-1273,24-Jan-25,25,0,0
R02,SKU-1273,25-Jan-25,15,0,0
R02,SKU-1273,2025-01-26,28,0,0
R02,SKU-1273,01/27/2025,25,0,0
R02,SKU-1273,2025-01-28,20,0,0
R02,SKU-1273,01/29/2025,13,1,0
R02,SKU-1273,01/30/2025,24,0,0
R02,SKU-1273,31-Jan-25,21,0,0
R02,SKU-1056,2025-01-01,23,1,0
R02,SKU-1056,01/02/2025,21,0,0
R02,SKU-1056,2025-01-03,16,1,0
R02,SKU-1056,01/04/2025,13,1,0
R02,SKU-1056,2025-01-05,19,0,0
R02,SKU-1056,06-Jan-25,18,1,0
R02,SKU-1056,2025-01-07,18,1,0
R02,SKU-1056,08-Jan-25,21,2,0
R02,SKU-1056,01/09/2025,20,0,0
R02,SKU-1056,2025-01-10,12,0,0
R02,SKU-1056,2025-01-11,31,0,1
R02,SKU-1056,12-Jan-25,21,0,0
R02,SKU-1056,2025-01-13,17,1,0
R02,SKU-1056,14-Jan-25,15,0,0
R02,SKU-1056,2025-01-15,14,0,0
R02,SKU-1056,2025-01-16,18,0,0
R02,SKU-1056,2025-01-17,18,1,0
R02,SKU-1056,01/18/2025,16,1,0
R02,SKU-1056,2025-01-19,19,0,0
R02,SKU-1056,2025-01-20,21,2,0
R02,SKU-1056,2025-01-21,20,0,0
R02,SKU-1056,2025-01-22,22,0,0
R02,SKU-1056,2025-01-23,17,1,0
R02,SKU-1056,2025-01-24,22,0,0
R02,SKU-1056,2025-01-25,15,0,0
R02,SKU-1056,2025-01-26,22,2,0
R02,SKU-1056,01/27/2025,17,1,0
R02,SKU-1056,2025-01-28,21,1,0
R02,SKU-1056,2025-01-29,17,2,0
R02,SKU-1056,2025-01-30,12,1,1
R02,SKU-1056,2025-01-31,20,1,0
R02,SKU-1280,01/01/2025,17,1,0
R02,SKU-1280,02-Jan-25,13,0,0
R02,SKU-1280,2025-01-03,7,0,0
R02,SKU-1280,01/04/2025,17,0,0
R02,SKU-1280,2025-01-05,24,0,0
R02,SKU-1280,06-Jan-25,13,0,0
R02,SKU-1280,2025-01-07,23,1,0
R02,SKU-1280,01/08/2025,23,1,0
R02,SKU-1280,01/09/2025,22,0,0
R02,SKU-1280,2025-01-10,20,0,0
R02,SKU-1280,11-Jan-25,12,0,0
R02,SKU-1280,2025-01-12,20,0,0
R02,SKU-1280,2025-01-13,21,1,0
R02,SKU-1280,2025-01-14,12,0,0
R02,SKU-1280,2025-01-15,25,0,0
R02,SKU-1280,01/16/2025,15,1,0
R02,SKU-1280,2025-01-17,16,0,0
R02,SKU-1280,2025-01-18,15,0,0
R02,SKU-1280,2025-01-19,15,0,0
R02,SKU-1280,2025-01-20,19,0,0
R02,SKU-1280,01/21/2025,21,0,0
R02,SKU-1280,2025-01-22,20,1,0
R02,SKU-1280,2025-01-23,15,1,0
R02,SKU-1280,2025-01-24,15,0,0
R02,SKU-1280,2025-01-25,27,1,0
R02,SKU-1280,26-Jan-25,20,0,0
R02,SKU-1280,2025-01-27,16,0,0
R02,SKU-1280,2025-01-28,24,0,0
R02,SKU-1280,01/29/2025,13,1,0
R02,SKU-1280,01/30/2025,14,0,0
R02,SKU-1280,31-Jan-25,24,0,0
R02,SKU-1259,2025-01-01,28,0,0
R02,SKU-1259,2025-01-02,25,0,0
R02,SKU-1259,01/03/2025,27,0,0
R02,SKU-1259,2025-01-04,22,0,0
R02,SKU-1259,2025-01-05,33,1,0
R02,SKU-1259,01/06/2025,24,0,1
R02,SKU-1259,2025-01-07,23,1,0
R02,SKU-1259,2025-01-08,29,0,0
R02,SKU-1259,2025-01-09,16,0,0
R02,SKU-1259,2025-01-10,21,1,0
R02,SKU-1259,2025-01-11,25,0,0
R02,SKU-1259,2025-01-12,25,0,0
R02,SKU-1259,01/13/2025,26,1,0
R02,SKU-1259,2025-01-14,23,0,0
R02,SKU-1259,01/15/2025,17,1,0
R02,SKU-1259,2025-01-16,31,0,1
R02,SKU-1259,2025-01-17,16,1,0
R02,SKU-1259,2025-01-18,23,0,0
R02,SKU-1259,01/19/2025,34,2,0
R02,SKU-1259,2025-01-20,23,2,0
R02,SKU-1259,2025-01-21,17,1,0
R02,SKU-1259,2025-01-22,20,0,0
R02,SKU-1259,01/23/2025,27,0,0
R02,SKU-1259,2025-01-24,24,1,0
R02,SKU-1259,2025-01-25,17,0,0
R02,SKU-1259,01/26/2025,19,2,0
R02,SKU-1259,2025-01-27,18,1,0
R02,SKU-1259,28-Jan-25,25,0,0
R02,SKU-1259,2025-01-29,28,1,0
R02,SKU-1259,2025-01-30,30,0,0
R02,SKU-1259,2025-01-31,22,0,0
R03,SKU-1091,2025-01-01,11,1,0
R03,SKU-1091,2025-01-02,12,0,0
R03,SKU-1091,2025-01-03,17,1,0
R03,SKU-1091,04-Jan-25,11,0,0
R03,SKU-1091,2025-01-05,7,0,0
R03,SKU-1091,06-Jan-25,6,0,0
R03,SKU-1091,2025-01-07,15,0,0
R03,SKU-1091,08-Jan-25,12,0,0
R03,SKU-1091,01/09/2025,9,0,0
R03,SKU-1091,01/10/2025,15,1,0
R03,SKU-1091,2025-01-11,8,1,0
R03,SKU-1091,2025-01-12,8,0,0
R03,SKU-1091,2025-01-13,14,0,0
R03,SKU-1091,14-Jan-25,10,0,0
R03,SKU-1091,2025-01-15,15,1,0
R03,SKU-1091,2025-01-16,16,0,0
R03,SKU-1091,2025-01-17,12,1,1
R03,SKU-1091,18-Jan-25,12,0,0
R03,SKU-1091,19-Jan-25,11,0,0
R03,SKU-1091,2025-01-20,9,1,0
R03,SKU-1091,01/21/2025,9,0,0
R03,SKU-1091,22-Jan-25,6,0,0
R03,SKU-1091,23-Jan-25,9,0,0
R03,SKU-1091,01/24/2025,16,1,0
R03,SKU-1091,01/25/2025,11,0,0
R03,SKU-1091,2025-01-26,10,0,0
R03,SKU-1091,27-Jan-25,9,2,0
R03,SKU-1091,2025-01-28,12,0,0
R03,SKU-1091,2025-01-29,11,0,0
R03,SKU-1091,2025-01-30,7,0,1
R03,SKU-1091,01/31/2025,13,0,0
R03,SKU-1140,2025-01-01,28,0,0
R03,SKU-1140,2025-01-02,22,0,0
R03,SKU-1140,03-Jan-25,24,0,1
R03,SKU-1140,2025-01-04,20,0,0
R03,SKU-1140,01/05/2025,25,1,0
R03,SKU-1140,2025-01-06,29,0,0
R03,SKU-1140,07-Jan-25,27,2,0
R03,SKU-1140,2025-01-08,18,0,0
R03,SKU-1140,01/09/2025,18,0,0
R03,SKU-1140,01/10/2025,20,2,0
R03,SKU-1140,11-Jan-25,22,0,0
R03,SKU-1140,2025-01-12,32,0,0
R03,SKU-1140,2025-01-13,24,2,0
R03,SKU-1140,2025-01-14,26,1,0
R03,SKU-1140,2025-01-15,30,1,0
R03,SKU-1140,2025-01-16,20,1,0
R03,SKU-1140,2025-01-17,41,0,1
R03,SKU-1140,01/18/2025,20,0,0
R03,SKU-1140,2025-01-19,30,0,0
R03,SKU-1140,01/20/2025,31,1,0
R03,SKU-1140,21-Jan-25,23,1,0
R03,SKU-1140,22-Jan-25,29,0,0
R03,SKU-1140,01/23/2025,25,0,0
R03,SKU-1140,2025-01-24,31,0,0
R03,SKU-1140,2025-01-25,23,0,0
R03,SKU-1140,2025-01-26,19,0,1
R03,SKU-1140,2025-01-27,29,0,0
R03,SKU-1140,2025-01-28,16,1,0
R03,SKU-1140,2025-01-29,39,0,1
R03,SKU-1140,01/30/2025,20,0,0
R03,SKU-1140,2025-01-31,24,1,0
R03,SKU-1035,2025-01-01,29,0,0
R03,SKU-1035,2025-01-02,20,2,0
R03,SKU-1035,2025-01-03,22,0,0
R03,SKU-1035,2025-01-04,32,0,0
R03,SKU-1035,2025-01-05,21,0,0
R03,SKU-1035,2025-01-06,28,3,0
R03,SKU-1035,2025-01-07,26,0,1
R03,SKU-1035,01/08/2025,34,0,0
R03,SKU-1035,01/09/2025,21,0,0
R03,SKU-1035,2025-01-10,21,0,0
R03,SKU-1035,11-Jan-25,30,0,1
R03,SKU-1035,2025-01-12,38,1,0
R03,SKU-1035,01/13/2025,25,0,0
R03,SKU-1035,2025-01-14,20,0,0
R03,SKU-1035,15-Jan-25,31,2,0
R03,SKU-1035,16-Jan-25,30,2,0
R03,SKU-1035,01/17/2025,28,1,0
R03,SKU-1035,18-Jan-25,25,1,0
R03,SKU-1035,2025-01-19,27,1,0
R03,SKU-1035,2025-01-20,33,1,0
R03,SKU-1035,2025-01-21,30,1,0
R03,SKU-1035,2025-01-22,38,0,0
R03,SKU-1035,2025-01-23,24,0,0
R03,SKU-1035,24-Jan-25,28,2,0
R03,SKU-1035,2025-01-25,22,1,0
R03,SKU-1035,26-Jan-25,29,1,0
R03,SKU-1035,01/27/2025,25,1,0
R03,SKU-1035,2025-01-28,26,2,0
R03,SKU-1035,2025-01-29,30,0,0
R03,SKU-1035,2025-01-30,29,0,0
R03,SKU-1035,01/31/2025,29,0,0
R03,SKU-1098,01-Jan-25,31,0,0
R03,SKU-1098,2025-01-02,30,0,0
R03,SKU-1098,2025-01-03,37,2,1
R03,SKU-1098,04-Jan-25,30,0,0
R03,SKU-1098,2025-01-05,22,0,0
R03,SKU-1098,2025-01-06,30,1,0
R03,SKU-1098,2025-01-07,26,0,0
R03,SKU-1098,08-Jan-25,24,2,0
R03,SKU-1098,2025-01-09,25,2,0
R03,SKU-1098,10-Jan-25,24,0,0
R03,SKU-1098,01/11/2025,17,0,0
R03,SKU-1098,01/12/2025,20,0,0
R03,SKU-1098,01/13/2025,18,0,0
R03,SKU-1098,2025-01-14,25,0,0
R03,SKU-1098,2025-01-15,25,0,0
R03,SKU-1098,01/16/2025,17,0,0
R03,SKU-1098,2025-01-17,34,1,0
R03,SKU-1098,01/18/2025,26,0,0
R03,SKU-1098,2025-01-19,29,1,0
R03,SKU-1098,2025-01-20,28,0,0
R03,SKU-1098,2025-01-21,29,0,0
R03,SKU-1098,01/22/2025,23,0,1
R03,SKU-1098,2025-01-23,31,0,0
R03,SKU-1098,2025-01-24,19,1,1
R03,SKU-1098,2025-01-25,27,0,0
R03,SKU-1098,2025-01-26,19,1,0
R03,SKU-1098,01/27/2025,33,0,0
R03,SKU-1098,01/28/2025,17,0,0
R03,SKU-1098,29-Jan-25,35,0,0
R03,SKU-1098,2025-01-30,25,2,0
R03,SKU-1098,2025-01-31,20,0,0
R03,SKU-1049,2025-01-01,15,0,0
R03,SKU-1049,2025-01-02,11,1,0
R03,SKU-1049,01/03/2025,9,1,0
R03,SKU-1049,04-Jan-25,24,0,0
R03,SKU-1049,01/05/2025,5,0,0
R03,SKU-1049,2025-01-06,20,0,0
R03,SKU-1049,2025-01-07,16,1,0
R03,SKU-1049,2025-01-08,8,1,0
R03,SKU-1049,01/09/2025,13,0,0
R03,SKU-1049,10-Jan-25,8,0,0
R03,SKU-1049,01/11/2025,10,0,1
R03,SKU-1049,2025-01-12,13,0,0
R03,SKU-1049,2025-01-13,14,1,0
R03,SKU-1049,2025-01-14,12,1,0
R03,SKU-1049,01/15/2025,14,0,0
R03,SKU-1049,01/16/2025,13,0,0
R03,SKU-1049,2025-01-17,14,0,0
R03,SKU-1049,2025-01-18,5,1,0
R03,SKU-1049,2025-01-19,14,1,0
R03,SKU-1049,2025-01-20,5,1,0
R03,SKU-1049,2025-01-21,16,1,0
R03,SKU-1049,2025-01-22,12,0,0
R03,SKU-1049,01/23/2025,12,1,0
R03,SKU-1049,01/24/2025,10,0,0
R03,SKU-1049,01/25/2025,11,1,0
R03,SKU-1049,2025-01-26,11,0,0
R03,SKU-1049,2025-01-27,13,0,0
R03,SKU-1049,28-Jan-25,14,0,1
R03,SKU-1049,29-Jan-25,3,0,0
R03,SKU-1049,2025-01-30,10,1,0
R03,SKU-1049,2025-01-31,15,0,0
R03,SKU-1161,01/01/2025,41,0,1
R03,SKU-1161,2025-01-02,35,0,0
R03,SKU-1161,01/03/2025,39,2,0
R03,SKU-1161,2025-01-04,27,0,0
R03,SKU-1161,01/05/2025,24,0,0
R03,SKU-1161,2025-01-06,31,0,0
R03,SKU-1161,2025-01-07,26,0,1
R03,SKU-1161,08-Jan-25,33,0,0
R03,SKU-1161,09-Jan-25,21,0,0
R03,SKU-1161,2025-01-10,25,0,0
R03,SKU-1161,01/11/2025,25,1,1
R03,SKU-1161,01/12/2025,34,2,0
R03,SKU-1161,2025-01-13,32,0,0
R03,SKU-1161,2025-01-14,34,0,0
R03,SKU-1161,2025-01-15,39,0,0
R03,SKU-1161,2025-01-16,24,0,0
R03,SKU-1161,2025-01-17,33,0,0
R03,SKU-1161,01/18/2025,36,1,0
R03,SKU-1161,2025-01-19,32,0,1
R03,SKU-1161,2025-01-20,37,0,0
R03,SKU-1161,2025-01-21,33,1,0
R03,SKU-1161,2025-01-22,22,0,0
R03,SKU-1161,01/23/2025,25,1,1
R03,SKU-1161,2025-01-24,35,0,0
R03,SKU-1161,2025-01-25,28,2,0
R03,SKU-1161,2025-01-26,37,1,0
R03,SKU-1161,01/27/2025,44,0,0
R03,SKU-1161,28-Jan-25,35,0,0
R03,SKU-1161,2025-01-29,26,0,0
R03,SKU-1161,30-Jan-25,26,1,0
R03,SKU-1161,31-Jan-25,21,2,0
R03,SKU-1063,2025-01-01,4,0,0
R03,SKU-1063,2025-01-02,4,1,0
R03,SKU-1063,01/03/2025,10,0,0
R03,SKU-1063,2025-01-04,9,1,0
R03,SKU-1063,05-Jan-25,5,0,0
R03,SKU-1063,2025-01-06,7,0,0
R03,SKU-1063,01/07/2025,8,0,0
R03,SKU-1063,01/08/2025,3,1,0
R03,SKU-1063,09-Jan-25,6,0,0
R03,SKU-1063,10-Jan-25,6,0,1
R03,SKU-1063,2025-01-11,6,1,0
R03,SKU-1063,01/12/2025,12,0,0
R03,SKU-1063,2025-01-13,6,1,0
R03,SKU-1063,2025-01-14,7,0,0
R03,SKU-1063,01/15/2025,6,0,0
R03,SKU-1063,2025-01-16,7,1,0
R03,SKU-1063,2025-01-17,7,0,0
R03,SKU-1063,2025-01-18,4,1,0
R03,SKU-1063,2025-01-19,11,1,0
R03,SKU-1063,2025-01-20,4,0,0
R03,SKU-1063,2025-01-21,8,1,1
R03,SKU-1063,2025-01-22,11,0,0
R03,SKU-1063,2025-01-23,10,0,0
R03,SKU-1063,2025-01-24,5,0,1
R03,SKU-1063,2025-01-25,6,0,1
R03,SKU-1063,01/26/2025,8,0,1
R03,SKU-1063,2025-01-27,6,0,0
R03,SKU-1063,01/28/2025,6,0,0
R03,SKU-1063,01/29/2025,7,0,0
R03,SKU-1063,2025-01-30,9,0,0
R03,SKU-1063,2025-01-31,6,0,0
R03,SKU-1224,2025-01-01,14,0,0
R03,SKU-1224,01/02/2025,17,1,0
R03,SKU-1224,2025-01-03,23,0,0
R03,SKU-1224,2025-01-04,13,0,0
R03,SKU-1224,2025-01-05,21,0,1
R03,SKU-1224,2025-01-06,15,0,0
R03,SKU-1224,07-Jan-25,16,0,1
R03,SKU-1224,2025-01-08,21,0,0
R03,SKU-1224,01/09/2025,17,1,0
R03,SKU-1224,2025-01-10,12,0,0
R03,SKU-1224,01/11/2025,19,0,0
R03,SKU-1224,2025-01-12,26,1,0
R03,SKU-1224,13-Jan-25,16,0,0
R03,SKU-1224,2025-01-14,21,0,0
R03,SKU-1224,2025-01-15,11,0,0
R03,SKU-1224,2025-01-16,24,0,0
R03,SKU-1224,2025-01-17,16,1,0
R03,SKU-1224,01/18/2025,10,1,0
R03,SKU-1224,2025-01-19,14,0,0
R03,SKU-1224,20-Jan-25,24,0,0
R03,SKU-1224,2025-01-21,14,0,0
R03,SKU-1224,2025-01-22,20,1,0
R03,SKU-1224,2025-01-23,18,0,0
R03,SKU-1224,01/24/2025,14,0,0
R03,SKU-1224,2025-01-25,17,2,0
R03,SKU-1224,2025-01-26,16,1,0
R03,SKU-1224,01/27/2025,16,1,0
R03,SKU-1224,2025-01-28,18,0,0
R03,SKU-1224,2025-01-29,13,0,0
R03,SKU-1224,01/30/2025,20,1,0
R03,SKU-1224,31-Jan-25,14,1,0
R03,SKU-1084,2025-01-01,3,0,0
R03,SKU-1084,01/02/2025,17,0,1
R03,SKU-1084,2025-01-03,10,0,0
R03,SKU-1084,01/04/2025,15,2,0
R03,SKU-1084,2025-01-05,17,0,0
R03,SKU-1084,2025-01-06,8,3,0
R03,SKU-1084,2025-01-07,11,0,0
R03,SKU-1084,08-Jan-25,13,1,0
R03,SKU-1084,09-Jan-25,9,0,0
R03,SKU-1084,2025-01-10,9,0,0
R03,SKU-1084,11-Jan-25,16,0,0
R03,SKU-1084,2025-01-12,19,0,0
R03,SKU-1084,01/13/2025,8,1,0
R03,SKU-1084,2025-01-14,12,0,0
R03,SKU-1084,2025-01-15,6,0,0
R03,SKU-1084,2025-01-16,7,1,0
R03,SKU-1084,17-Jan-25,10,0,0
R03,SKU-1084,2025-01-18,12,0,0
R03,SKU-1084,2025-01-19,10,0,0
R03,SKU-1084,2025-01-20,11,1,0
R03,SKU-1084,2025-01-21,11,0,0
R03,SKU-1084,2025-01-22,9,1,0
R03,SKU-1084,23-Jan-25,6,2,0
R03,SKU-1084,2025-01-24,10,0,1
R03,SKU-1084,2025-01-25,4,1,0
R03,SKU-1084,2025-01-26,9,0,0
R03,SKU-1084,2025-01-27,3,0,0
R03,SKU-1084,2025-01-28,18,0,1
R03,SKU-1084,2025-01-29,9,1,1
R03,SKU-1084,2025-01-30,8,0,0
R03,SKU-1084,2025-01-31,17,0,0
R03,SKU-1126,2025-01-01,30,0,1
R03,SKU-1126,2025-01-02,27,0,0
R03,SKU-1126,03-Jan-25,31,0,0
R03,SKU-1126,2025-01-04,28,0,0
R03,SKU-1126,2025-01-05,36,1,0
R03,SKU-1126,01/06/2025,27,0,0
R03,SKU-1126,07-Jan-25,25,1,1
R03,SKU-1126,08-Jan-25,22,1,0
R03,SKU-1126,2025-01-09,19,2,0
R03,SKU-1126,01/10/2025,32,0,0
R03,SKU-1126,2025-01-11,44,0,1
R03,SKU-1126,2025-01-12,35,1,0
R03,SKU-1126,2025-01-13,27,1,0
R03,SKU-1126,2025-01-14,21,1,0
R03,SKU-1126,2025-01-15,25,0,1
R03,SKU-1126,2025-01-16,22,0,0
R03,SKU-1126,2025-01-17,31,0,0
R03,SKU-1126,2025-01-18,33,1,1
R03,SKU-1126,19-Jan-25,32,2,1
R03,SKU-1126,2025-01-20,24,0,0
R03,SKU-1126,2025-01-21,18,0,0
R03,SKU-1126,2025-01-22,25,0,1
R03,SKU-1126,2025-01-23,25,0,0
R03,SKU-1126,01/24/2025,25,0,1
R03,SKU-1126,01/25/2025,30,0,0
R03,SKU-1126,01/26/2025,28,1,0
R03,SKU-1126,2025-01-27,35,1,0
R03,SKU-1126,2025-01-28,27,0,0
R03,SKU-1126,01/29/2025,27,1,1
R03,SKU-1126,2025-01-30,28,1,0
R03,SKU-1126,2025-01-31,33,0,0
R03,SKU-1007,2025-01-01,5,1,0
R03,SKU-1007,01/02/2025,7,1,0
R03,SKU-1007,01/03/2025,9,1,1
R03,SKU-1007,01/04/2025,2,0,0
R03,SKU-1007,05-Jan-25,3,0,0
R03,SKU-1007,01/06/2025,9,0,0
R03,SKU-1007,2025-01-07,5,1,0
R03,SKU-1007,2025-01-08,4,2,0
R03,SKU-1007,01/09/2025,5,0,0
R03,SKU-1007,2025-01-10,6,0,0
R03,SKU-1007,2025-01-11,5,0,1
R03,SKU-1007,2025-01-12,6,1,0
R03,SKU-1007,2025-01-13,8,0,0
R03,SKU-1007,01/14/2025,5,2,0
R03,SKU-1007,2025-01-15,7,1,1
R03,SKU-1007,2025-01-16,8,0,0
R03,SKU-1007,2025-01-17,5,0,0
R03,SKU-1007,2025-01-18,4,2,0
R03,SKU-1007,2025-01-19,3,1,0
R03,SKU-1007,2025-01-20,2,1,0
R03,SKU-1007,01/21/2025,4,0,1
R03,SKU-1007,01/22/2025,3,0,0
R03,SKU-1007,23-Jan-25,2,1,0
R03,SKU-1007,2025-01-24,5,0,1
R03,SKU-1007,2025-01-25,4,2,0
R03,SKU-1007,2025-01-26,6,0,0
R03,SKU-1007,27-Jan-25,2,0,0
R03,SKU-1007,2025-01-28,8,0,0
R03,SKU-1007,2025-01-29,4,0,0
R03,SKU-1007,2025-01-30,4,0,0
R03,SKU-1007,2025-01-31,3,1,0
R03,SKU-1021,2025-01-01,36,0,0
R03,SKU-1021,2025-01-02,19,0,1
R03,SKU-1021,2025-01-03,29,2,0
R03,SKU-1021,2025-01-04,39,1,0
R03,SKU-1021,2025-01-05,36,1,0
R03,SKU-1021,2025-01-06,27,0,1
R03,SKU-1021,01/07/2025,31,0,0
R03,SKU-1021,2025-01-08,35,0,1
R03,SKU-1021,01/09/2025,21,2,0
R03,SKU-1021,2025-01-10,26,1,0
R03,SKU-1021,2025-01-11,40,1,1
R03,SKU-1021,12-Jan-25,28,0,0
R03,SKU-1021,2025-01-13,27,0,0
R03,SKU-1021,14-Jan-25,40,1,0
R03,SKU-1021,01/15/2025,53,0,0
R03,SKU-1021,2025-01-16,20,1,1
R03,SKU-1021,2025-01-17,38,0,0
R03,SKU-1021,2025-01-18,35,1,0
R03,SKU-1021,2025-01-19,36,1,0
R03,SKU-1021,2025-01-20,42,1,0
R03,SKU-1021,2025-01-21,32,1,0
R03,SKU-1021,2025-01-22,27,0,1
R03,SKU-1021,2025-01-23,34,0,0
R03,SKU-1021,01/24/2025,38,0,0
R03,SKU-1021,01/25/2025,34,0,0
R03,SKU-1021,26-Jan-25,30,0,0
R03,SKU-1021,27-Jan-25,32,0,0
R03,SKU-1021,01/28/2025,25,0,0
R03,SKU-1021,01/29/2025,32,0,0
R03,SKU-1021,2025-01-30,33,1,0
R03,SKU-1021,2025-01-31,27,1,0
R03,SKU-1119,01-Jan-25,34,0,0
R03,SKU-1119,01/02/2025,29,0,0
R03,SKU-1119,2025-01-03,29,0,0
R03,SKU-1119,2025-01-04,26,0,0
R03,SKU-1119,01/05/2025,30,0,0
R03,SKU-1119,06-Jan-25,30,0,1
R03,SKU-1119,07-Jan-25,30,0,0
R03,SKU-1119,08-Jan-25,24,1,0
R03,SKU-1119,01/09/2025,32,0,0
R03,SKU-1119,2025-01-10,42,1,1
R03,SKU-1119,01/11/2025,29,1,0
R03,SKU-1119,2025-01-12,37,0,0
R03,SKU-1119,2025-01-13,31,0,0
R03,SKU-1119,2025-01-14,33,0,0
R03,SKU-1119,2025-01-15,24,0,0
R03,SKU-1119,01/16/2025,35,1,0
R03,SKU-1119,2025-01-17,34,0,0
R03,SKU-1119,2025-01-18,33,0,1
R03,SKU-1119,2025-01-19,39,1,0
R03,SKU-1119,01/20/2025,22,0,0
R03,SKU-1119,2025-01-21,31,0,0
R03,SKU-1119,2025-01-22,37,0,0
R03,SKU-1119,2025-01-23,41,1,0
R03,SKU-1119,2025-01-24,29,1,0
R03,SKU-1119,2025-01-25,26,0,0
R03,SKU-1119,2025-01-26,27,0,0
R03,SKU-1119,01/27/2025,29,0,0
R03,SKU-1119,2025-01-28,28,0,0
R03,SKU-1119,2025-01-29,29,0,1
R03,SKU-1119,30-Jan-25,24,0,1
R03,SKU-1119,01/31/2025,30,1,0
R03,SKU-1070,2025-01-01,15,0,0
R03,SKU-1070,2025-01-02,19,2,0
R03,SKU-1070,2025-01-03,18,0,0
R03,SKU-1070,01/04/2025,20,0,0
R03,SKU-1070,01/05/2025,17,0,0
R03,SKU-1070,2025-01-06,23,3,0
R03,SKU-1070,01/07/2025,15,0,1
R03,SKU-1070,2025-01-08,10,0,0
R03,SKU-1070,01/09/2025,19,1,0
R03,SKU-1070,2025-01-10,19,1,0
R03,SKU-1070,01/11/2025,15,1,0
R03,SKU-1070,2025-01-12,14,0,0
R03,SKU-1070,01/13/2025,16,1,0
R03,SKU-1070,01/14/2025,21,1,0
R03,SKU-1070,01/15/2025,24,0,0
R03,SKU-1070,16-Jan-25,16,0,0
R03,SKU-1070,2025-01-17,9,0,0
R03,SKU-1070,2025-01-18,10,1,0
R03,SKU-1070,2025-01-19,10,1,0
R03,SKU-1070,2025-01-20,19,0,0
R03,SKU-1070,2025-01-21,16,2,0
R03,SKU-1070,22-Jan-25,18,1,0
R03,SKU-1070,2025-01-23,25,0,0
R03,SKU-1070,2025-01-24,14,0,1
R03,SKU-1070,2025-01-25,20,0,1
R03,SKU-1070,01/26/2025,23,0,0
R03,SKU-1070,01/27/2025,22,0,0
R03,SKU-1070,2025-01-28,13,0,0
R03,SKU-1070,29-Jan-25,21,0,0
R03,SKU-1070,30-Jan-25,15,0,0
R03,SKU-1070,2025-01-31,11,1,0
R03,SKU-1252,2025-01-01,20,0,0
R03,SKU-1252,02-Jan-25,21,0,0
R03,SKU-1252,2025-01-03,31,0,0
R03,SKU-1252,2025-01-04,37,0,0
R03,SKU-1252,2025-01-05,23,1,1
R03,SKU-1252,01/06/2025,23,0,0
R03,SKU-1252,2025-01-07,24,0,0
R03,SKU-1252,01/08/2025,22,0,0
R03,SKU-1252,2025-01-09,31,1,0
R03,SKU-1252,01/10/2025,28,0,0
R03,SKU-1252,01/11/2025,28,1,0
R03,SKU-1252,2025-01-12,27,1,0
R03,SKU-1252,2025-01-13,38,1,0
R03,SKU-1252,2025-01-14,27,0,0
R03,SKU-1252,2025-01-15,19,0,0
R03,SKU-1252,2025-01-16,21,0,0
R03,SKU-1252,2025-01-17,26,0,0
R03,SKU-1252,18-Jan-25,34,0,0
R03,SKU-1252,19-Jan-25,28,1,0
R03,SKU-1252,2025-01-20,31,0,0
R03,SKU-1252,2025-01-21,27,0,0
R03,SKU-1252,22-Jan-25,31,1,0
R03,SKU-1252,2025-01-23,23,1,0
R03,SKU-1252,2025-01-24,24,1,0
R03,SKU-1252,25-Jan-25,33,0,0
R03,SKU-1252,01/26/2025,40,0,0
R03,SKU-1252,2025-01-27,26,0,0
R03,SKU-1252,2025-01-28,32,1,0
R03,SKU-1252,2025-01-29,36,0,0
R03,SKU-1252,01/30/2025,31,0,0
R03,SKU-1252,2025-01-31,25,0,0
R03,SKU-1112,2025-01-01,37,0,0
R03,SKU-1112,2025-01-02,29,0,0
R03,SKU-1112,01/03/2025,30,0,1
R03,SKU-1112,2025-01-04,29,1,0
R03,SKU-1112,2025-01-05,30,0,0
R03,SKU-1112,2025-01-06,33,0,1
R03,SKU-1112,2025-01-07,28,0,0
R03,SKU-1112,01/08/2025,30,0,0
R03,SKU-1112,2025-01-09,22,0,0
R03,SKU-1112,2025-01-10,30,0,0
R03,SKU-1112,2025-01-11,23,0,0
R03,SKU-1112,2025-01-12,26,0,0
R03,SKU-1112,2025-01-13,29,0,0
R03,SKU-1112,14-Jan-25,24,1,0
R03,SKU-1112,2025-01-15,26,0,0
R03,SKU-1112,2025-01-16,31,1,0
R03,SKU-1112,01/17/2025,27,2,0
R03,SKU-1112,2025-01-18,34,1,0
R03,SKU-1112,2025-01-19,25,0,0
R03,SKU-1112,01/20/2025,26,1,0
R03,SKU-1112,2025-01-21,24,0,0
R03,SKU-1112,2025-01-22,24,0,0
R03,SKU-1112,2025-01-23,22,1,0
R03,SKU-1112,2025-01-24,25,0,0
R03,SKU-1112,25-Jan-25,27,0,0
R03,SKU-1112,01/26/2025,28,0,0
R03,SKU-1112,01/27/2025,26,1,0
R03,SKU-1112,2025-01-28,31,2,0
R03,SKU-1112,2025-01-29,37,0,0
R03,SKU-1112,30-Jan-25,23,0,0
R03,SKU-1112,31-Jan-25,28,1,0
R03,SKU-1175,2025-01-01,19,0,0
R03,SKU-1175,2025-01-02,15,1,0
R03,SKU-1175,2025-01-03,11,0,0
R03,SKU-1175,01/04/2025,14,2,0
R03,SKU-1175,2025-01-05,22,0,0
R03,SKU-1175,2025-01-06,17,0,0
R03,SKU-1175,2025-01-07,28,1,0
R03,SKU-1175,2025-01-08,21,0,0
R03,SKU-1175,2025-01-09,17,2,0
R03,SKU-1175,2025-01-10,17,0,0
R03,SKU-1175,2025-01-11,25,0,0
R03,SKU-1175,12-Jan-25,25,0,0
R03,SKU-1175,2025-01-13,15,0,0
R03,SKU-1175,14-Jan-25,22,0,0
R03,SKU-1175,15-Jan-25,23,0,1
R03,SKU-1175,16-Jan-25,19,0,0
R03,SKU-1175,2025-01-17,23,0,0
R03,SKU-1175,2025-01-18,15,0,0
R03,SKU-1175,19-Jan-25,17,1,0
R03,SKU-1175,2025-01-20,14,0,0
R03,SKU-1175,2025-01-21,14,1,0
R03,SKU-1175,22-Jan-25,23,2,0
R03,SKU-1175,01/23/2025,24,1,0
R03,SKU-1175,24-Jan-25,21,0,0
R03,SKU-1175,2025-01-25,24,0,0
R03,SKU-1175,2025-01-26,16,1,0
R03,SKU-1175,2025-01-27,21,0,0
R03,SKU-1175,2025-01-28,25,0,0
R03,SKU-1175,29-Jan-25,15,0,0
R03,SKU-1175,2025-01-30,30,0,0
R03,SKU-1175,2025-01-31,23,0,0
R03,SKU-1259,2025-01-01,28,1,0
R03,SKU-1259,2025-01-02,34,0,0
R03,SKU-1259,01/03/2025,31,1,0
R03,SKU-1259,2025-01-04,29,0,0
R03,SKU-1259,2025-01-05,36,1,0
R03,SKU-1259,2025-01-06,32,0,0
R03,SKU-1259,01/07/2025,38,1,0
R03,SKU-1259,08-Jan-25,26,0,0
R03,SKU-1259,2025-01-09,30,0,0
R03,SKU-1259,01/10/2025,30,1,0
R03,SKU-1259,01/11/2025,30,0,0
R03,SKU-1259,01/12/2025,39,0,0
R03,SKU-1259,2025-01-13,35,0,1
R03,SKU-1259,01/14/2025,28,0,0
R03,SKU-1259,2025-01-15,35,0,0
R03,SKU-1259,2025-01-16,28,0,1
R03,SKU-1259,01/17/2025,29,0,0
R03,SKU-1259,2025-01-18,35,0,0
R03,SKU-1259,2025-01-19,33,1,0
R03,SKU-1259,2025-01-20,24,2,0
R03,SKU-1259,2025-01-21,41,0,0
R03,SKU-1259,2025-01-22,24,0,0
R03,SKU-1259,01/23/2025,34,2,0
R03,SKU-1259,24-Jan-25,42,0,0
R03,SKU-1259,01/25/2025,31,0,0
R03,SKU-1259,2025-01-26,37,0,0
R03,SKU-1259,2025-01-27,32,1,0
R03,SKU-1259,2025-01-28,28,0,1
R03,SKU-1259,29-Jan-25,38,0,0
R03,SKU-1259,2025-01-30,37,0,0
R03,SKU-1259,2025-01-31,37,0,0
R03,SKU-1182,2025-01-01,6,0,0
R03,SKU-1182,2025-01-02,4,1,0
R03,SKU-1182,2025-01-03,2,0,1
R03,SKU-1182,04-Jan-25,4,0,1
R03,SKU-1182,2025-01-05,9,2,0
R03,SKU-1182,2025-01-06,4,0,0
R03,SKU-1182,2025-01-07,5,0,0
R03,SKU-1182,08-Jan-25,8,0,0
R03,SKU-1182,2025-01-09,4,0,0
R03,SKU-1182,2025-01-10,6,0,0
R03,SKU-1182,11-Jan-25,6,1,0
R03,SKU-1182,2025-01-12,4,0,0
R03,SKU-1182,13-Jan-25,2,0,0
R03,SKU-1182,14-Jan-25,4,0,0
R03,SKU-1182,15-Jan-25,3,1,0
R03,SKU-1182,16-Jan-25,7,1,0
R03,SKU-1182,2025-01-17,2,1,1
R03,SKU-1182,2025-01-18,3,2,0
R03,SKU-1182,2025-01-19,3,0,0
R03,SKU-1182,2025-01-20,7,0,0
R03,SKU-1182,2025-01-21,4,0,1
R03,SKU-1182,01/22/2025,3,2,0
R03,SKU-1182,2025-01-23,3,0,0
R03,SKU-1182,24-Jan-25,1,0,0
R03,SKU-1182,2025-01-25,4,0,0
R03,SKU-1182,2025-01-26,8,1,0
R03,SKU-1182,01/27/2025,3,1,0
R03,SKU-1182,2025-01-28,6,0,0
R03,SKU-1182,2025-01-29,5,0,0
R03,SKU-1182,2025-01-30,7,0,0
R03,SKU-1182,01/31/2025,6,0,0
R03,SKU-1266,2025-01-01,27,0,0
R03,SKU-1266,2025-01-02,29,0,0
R03,SKU-1266,01/03/2025,26,1,0
R03,SKU-1266,04-Jan-25,24,0,0
R03,SKU-1266,01/05/2025,26,4,0
R03,SKU-1266,01/06/2025,31,0,0
R03,SKU-1266,2025-01-07,27,1,0
R03,SKU-1266,08-Jan-25,34,1,0
R03,SKU-1266,01/09/2025,26,0,0
R03,SKU-1266,01/10/2025,27,0,1
R03,SKU-1266,2025-01-11,29,0,0
R03,SKU-1266,01/12/2025,23,0,0
R03,SKU-1266,2025-01-13,21,2,0
R03,SKU-1266,2025-01-14,28,0,0
R03,SKU-1266,2025-01-15,23,0,0
R03,SKU-1266,2025-01-16,32,0,1
R03,SKU-1266,2025-01-17,32,0,0
R03,SKU-1266,2025-01-18,22,1,0
R03,SKU-1266,19-Jan-25,27,0,0
R03,SKU-1266,01/20/2025,34,2,0
R03,SKU-1266,2025-01-21,26,1,0
R03,SKU-1266,2025-01-22,29,0,0
R03,SKU-1266,2025-01-23,21,1,0
R03,SKU-1266,2025-01-24,24,0,0
R03,SKU-1266,25-Jan-25,18,0,0
R03,SKU-1266,01/26/2025,31,1,0
R03,SKU-1266,2025-01-27,22,1,0
R03,SKU-1266,2025-01-28,29,0,0
R03,SKU-1266,01/29/2025,27,0,0
R03,SKU-1266,2025-01-30,29,0,0
R03,SKU-1266,2025-01-31,24,0,1
R03,SKU-1077,01/01/2025,10,0,0
R03,SKU-1077,02-Jan-25,10,1,0
R03,SKU-1077,2025-01-03,11,0,0
R03,SKU-1077,2025-01-04,22,0,0
R03,SKU-1077,01/05/2025,13,1,0
R03,SKU-1077,06-Jan-25,22,0,0
R03,SKU-1077,07-Jan-25,8,0,0
R03,SKU-1077,2025-01-08,15,0,0
R03,SKU-1077,2025-01-09,21,2,0
R03,SKU-1077,2025-01-10,13,1,0
R03,SKU-1077,11-Jan-25,14,1,0
R03,SKU-1077,01/12/2025,14,0,0
R03,SKU-1077,01/13/2025,18,0,0
R03,SKU-1077,2025-01-14,15,1,0
R03,SKU-1077,15-Jan-25,11,0,0
R03,SKU-1077,2025-01-16,15,1,0
R03,SKU-1077,01/17/2025,16,1,1
R03,SKU-1077,01/18/2025,12,0,0
R03,SKU-1077,01/19/2025,13,0,0
R03,SKU-1077,2025-01-20,16,1,0
R03,SKU-1077,01/21/2025,10,0,0
R03,SKU-1077,2025-01-22,9,0,0
R03,SKU-1077,2025-01-23,12,0,0
R03,SKU-1077,2025-01-24,9,0,0
R03,SKU-1077,01/25/2025,20,3,1
R03,SKU-1077,2025-01-26,14,0,0
R03,SKU-1077,27-Jan-25,10,0,0
R03,SKU-1077,01/28/2025,11,0,0
R03,SKU-1077,2025-01-29,14,0,0
R03,SKU-1077,01/30/2025,18,1,0
R03,SKU-1077,2025-01-31,11,0,0
R03,SKU-1280,01/01/2025,29,0,0
R03,SKU-1280,01/02/2025,22,0,0
R03,SKU-1280,2025-01-03,24,0,0
R03,SKU-1280,2025-01-04,29,0,0
R03,SKU-1280,2025-01-05,35,1,0
R03,SKU-1280,2025-01-06,31,0,0
R03,SKU-1280,2025-01-07,20,0,0
R03,SKU-1280,08-Jan-25,30,0,0
R03,SKU-1280,2025-01-09,21,1,0
R03,SKU-1280,01/10/2025,34,0,1
R03,SKU-1280,2025-01-11,38,0,0
R03,SKU-1280,2025-01-12,26,0,0
R03,SKU-1280,01/13/2025,19,0,1
R03,SKU-1280,14-Jan-25,22,0,0
R03,SKU-1280,2025-01-15,29,0,0
R03,SKU-1280,01/16/2025,17,0,0
R03,SKU-1280,2025-01-17,26,0,0
R03,SKU-1280,01/18/2025,30,0,0
R03,SKU-1280,2025-01-19,34,0,0
R03,SKU-1280,2025-01-20,24,0,0
R03,SKU-1280,2025-01-21,33,0,0
R03,SKU-1280,01/22/2025,28,0,0
R03,SKU-1280,23-Jan-25,37,1,0
R03,SKU-1280,2025-01-24,28,0,0
R03,SKU-1280,25-Jan-25,26,1,0
R03,SKU-1280,01/26/2025,30,0,0
R03,SKU-1280,2025-01-27,22,0,0
R03,SKU-1280,01/28/2025,37,0,0
R03,SKU-1280,2025-01-29,24,0,0
R03,SKU-1280,30-Jan-25,19,0,0
R03,SKU-1280,01/31/2025,37,0,0
R03,SKU-1238,2025-01-01,27,1,0
R03,SKU-1238,2025-01-02,22,1,0
R03,SKU-1238,2025-01-03,39,0,0
R03,SKU-1238,2025-01-04,25,0,0
R03,SKU-1238,2025-01-05,26,1,0
R03,SKU-1238,2025-01-06,19,2,0
R03,SKU-1238,01/07/2025,38,0,0
R03,SKU-1238,08-Jan-25,25,0,0
R03,SKU-1238,2025-01-09,22,1,1
R03,SKU-1238,2025-01-10,29,0,0
R03,SKU-1238,11-Jan-25,19,0,0
R03,SKU-1238,2025-01-12,19,0,0
R03,SKU-1238,2025-01-13,25,0,0
R03,SKU-1238,2025-01-14,23,0,0
R03,SKU-1238,01/15/2025,29,1,0
R03,SKU-1238,2025-01-16,35,0,0
R03,SKU-1238,2025-01-17,21,1,1
R03,SKU-1238,2025-01-18,23,0,0
R03,SKU-1238,2025-01-19,30,1,0
R03,SKU-1238,2025-01-20,34,0,0
R03,SKU-1238,01/21/2025,19,1,0
R03,SKU-1238,2025-01-22,17,0,0
R03,SKU-1238,2025-01-23,31,0,0
R03,SKU-1238,2025-01-24,28,1,0
R03,SKU-1238,2025-01-25,35,0,1
R03,SKU-1238,2025-01-26,22,1,0
R03,SKU-1238,2025-01-27,23,0,0
R03,SKU-1238,2025-01-28,32,0,0
R03,SKU-1238,2025-01-29,26,0,1
R03,SKU-1238,01/30/2025,27,1,0
R03,SKU-1238,31-Jan-25,28,0,0
R03,SKU-1217,01-Jan-25,10,2,0
R03,SKU-1217,2025-01-02,11,0,0
R03,SKU-1217,2025-01-03,7,0,0
R03,SKU-1217,04-Jan-25,12,0,0
R03,SKU-1217,2025-01-05,9,0,0
R03,SKU-1217,2025-01-06,10,2,0
R03,SKU-1217,2025-01-07,12,1,0
R03,SKU-1217,2025-01-08,10,0,0
R03,SKU-1217,2025-01-09,12,2,1
R03,SKU-1217,10-Jan-25,13,1,0
R03,SKU-1217,01/11/2025,5,0,0
R03,SKU-1217,2025-01-12,8,0,1
R03,SKU-1217,01/13/2025,11,0,0
R03,SKU-1217,14-Jan-25,8,0,0
R03,SKU-1217,2025-01-15,8,0,1
R03,SKU-1217,01/16/2025,6,0,1
R03,SKU-1217,2025-01-17,12,1,0
R03,SKU-1217,2025-01-18,11,0,0
R03,SKU-1217,2025-01-19,4,0,0
R03,SKU-1217,2025-01-20,15,0,0
R03,SKU-1217,2025-01-21,9,0,1
R03,SKU-1217,2025-01-22,12,0,0
R03,SKU-1217,01/23/2025,11,1,0
R03,SKU-1217,24-Jan-25,10,1,0
R03,SKU-1217,2025-01-25,6,0,0
R03,SKU-1217,2025-01-26,11,0,1
R03,SKU-1217,2025-01-27,12,0,0
R03,SKU-1217,01/28/2025,7,1,0
R03,SKU-1217,2025-01-29,19,1,0
R03,SKU-1217,2025-01-30,8,0,0
R03,SKU-1217,2025-01-31,8,0,0
R04,SKU-1056,2025-01-01,6,0,0
R04,SKU-1056,2025-01-02,4,1,0
R04,SKU-1056,2025-01-03,3,0,0
R04,SKU-1056,04-Jan-25,6,0,0
R04,SKU-1056,2025-01-05,5,1,0
R04,SKU-1056,06-Jan-25,3,0,0
R04,SKU-1056,01/07/2025,2,0,0
R04,SKU-1056,08-Jan-25,3,1,0
R04,SKU-1056,2025-01-09,3,1,0
R04,SKU-1056,10-Jan-25,7,0,0
R04,SKU-1056,01/11/2025,5,0,0
R04,SKU-1056,01/12/2025,2,0,0
R04,SKU-1056,2025-01-13,2,1,1
R04,SKU-1056,14-Jan-25,5,0,0
R04,SKU-1056,2025-01-15,2,1,0
R04,SKU-1056,01/16/2025,5,0,0
R04,SKU-1056,2025-01-17,5,0,1
R04,SKU-1056,2025-01-18,2,0,0
R04,SKU-1056,2025-01-19,2,0,0
R04,SKU-1056,01/20/2025,5,1,0
R04,SKU-1056,01/21/2025,8,0,0
R04,SKU-1056,2025-01-22,2,1,0
R04,SKU-1056,2025-01-23,7,0,1
R04,SKU-1056,24-Jan-25,5,0,0
R04,SKU-1056,2025-01-25,4,0,0
R04,SKU-1056,01/26/2025,3,0,0
R04,SKU-1056,01/27/2025,3,0,0
R04,SKU-1056,2025-01-28,3,0,0
R04,SKU-1056,2025-01-29,4,0,0
R04,SKU-1056,2025-01-30,3,0,0
R04,SKU-1056,01/31/2025,6,3,0
R04,SKU-1231,01/01/2025,36,0,0
R04,SKU-1231,02-Jan-25,33,0,1
R04,SKU-1231,2025-01-03,32,1,1
R04,SKU-1231,01/04/2025,29,0,0
R04,SKU-1231,05-Jan-25,32,0,0
R04,SKU-1231,01/06/2025,26,1,0
R04,SKU-1231,01/07/2025,23,0,1
R04,SKU-1231,2025-01-08,22,0,0
R04,SKU-1231,01/09/2025,27,0,0
R04,SKU-1231,2025-01-10,24,0,0
R04,SKU-1231,2025-01-11,32,0,1
R04,SKU-1231,01/12/2025,32,0,0
R04,SKU-1231,01/13/2025,33,0,0
R04,SKU-1231,2025-01-14,29,0,0
R04,SKU-1231,2025-01-15,23,1,0
R04,SKU-1231,2025-01-16,37,0,0
R04,SKU-1231,2025-01-17,29,0,0
R04,SKU-1231,18-Jan-25,31,0,0
R04,SKU-1231,2025-01-19,23,0,0
R04,SKU-1231,2025-01-20,35,0,0
R04,SKU-1231,2025-01-21,24,0,1
R04,SKU-1231,2025-01-22,24,0,1
R04,SKU-1231,2025-01-23,32,2,0
R04,SKU-1231,24-Jan-25,31,0,0
R04,SKU-1231,01/25/2025,21,1,0
R04,SKU-1231,2025-01-26,19,0,0
R04,SKU-1231,2025-01-27,25,0,0
R04,SKU-1231,2025-01-28,32,0,0
R04,SKU-1231,2025-01-29,26,0,0
R04,SKU-1231,2025-01-30,18,0,0
R04,SKU-1231,2025-01-31,21,1,0
R04,SKU-1077,01/01/2025,20,0,0
R04,SKU-1077,02-Jan-25,29,0,0
R04,SKU-1077,2025-01-03,22,1,0
R04,SKU-1077,04-Jan-25,30,0,0
R04,SKU-1077,2025-01-05,31,0,1
R04,SKU-1077,2025-01-06,19,1,0
R04,SKU-1077,2025-01-07,28,0,0
R04,SKU-1077,2025-01-08,22,0,0
R04,SKU-1077,01/09/2025,27,0,0
R04,SKU-1077,10-Jan-25,34,0,0
R04,SKU-1077,01/11/2025,29,0,0
R04,SKU-1077,2025-01-12,34,1,0
R04,SKU-1077,2025-01-13,24,0,0
R04,SKU-1077,14-Jan-25,24,1,1
R04,SKU-1077,2025-01-15,21,0,0
R04,SKU-1077,2025-01-16,32,0,0
R04,SKU-1077,01/17/2025,31,1,0
R04,SKU-1077,2025-01-18,24,1,0
R04,SKU-1077,2025-01-19,23,0,0
R04,SKU-1077,20-Jan-25,33,0,0
R04,SKU-1077,2025-01-21,29,0,0
R04,SKU-1077,2025-01-22,24,0,0
R04,SKU-1077,2025-01-23,26,0,0
R04,SKU-1077,2025-01-24,21,1,0
R04,SKU-1077,01/25/2025,27,0,0
R04,SKU-1077,2025-01-26,23,0,0
R04,SKU-1077,2025-01-27,28,0,0
R04,SKU-1077,01/28/2025,20,0,0
R04,SKU-1077,01/29/2025,23,0,0
R04,SKU-1077,2025-01-30,23,0,0
R04,SKU-1077,2025-01-31,28,1,0
R04,SKU-1021,2025-01-01,33,0,0
R04,SKU-1021,2025-01-02,22,1,1
R04,SKU-1021,01/03/2025,23,0,1
R04,SKU-1021,04-Jan-25,26,0,0
R04,SKU-1021,2025-01-05,22,0,0
R04,SKU-1021,2025-01-06,30,0,0
R04,SKU-1021,01/07/2025,27,0,0
R04,SKU-1021,01/08/2025,27,0,0
R04,SKU-1021,2025-01-09,20,0,0
R04,SKU-1021,01/10/2025,30,1,1
R04,SKU-1021,2025-01-11,20,1,0
R04,SKU-1021,2025-01-12,24,0,0
R04,SKU-1021,2025-01-13,21,1,0
R04,SKU-1021,01/14/2025,27,0,0
R04,SKU-1021,15-Jan-25,28,0,0
R04,SKU-1021,2025-01-16,23,1,0
R04,SKU-1021,2025-01-17,39,0,0
R04,SKU-1021,2025-01-18,32,0,0
R04,SKU-1021,2025-01-19,34,1,0
R04,SKU-1021,2025-01-20,36,0,0
R04,SKU-1021,01/21/2025,27,0,0
R04,SKU-1021,2025-01-22,25,0,0
R04,SKU-1021,2025-01-23,26,0,0
R04,SKU-1021,01/24/2025,15,0,0
R04,SKU-1021,2025-01-25,20,0,0
R04,SKU-1021,2025-01-26,35,1,0
R04,SKU-1021,27-Jan-25,32,0,0
R04,SKU-1021,2025-01-28,25,0,0
R04,SKU-1021,01/29/2025,23,0,0
R04,SKU-1021,2025-01-30,27,0,0
R04,SKU-1021,2025-01-31,23,1,0
R04,SKU-1028,2025-01-01,12,0,0
R04,SKU-1028,2025-01-02,12,0,0
R04,SKU-1028,2025-01-03,9,1,0
R04,SKU-1028,2025-01-04,16,3,0
R04,SKU-1028,2025-01-05,10,1,0
R04,SKU-1028,2025-01-06,14,0,0
R04,SKU-1028,2025-01-07,4,0,0
R04,SKU-1028,2025-01-08,13,1,1
R04,SKU-1028,2025-01-09,11,0,0
R04,SKU-1028,01/10/2025,10,0,0
R04,SKU-1028,01/11/2025,15,0,0
R04,SKU-1028,2025-01-12,7,0,0
R04,SKU-1028,13-Jan-25,9,1,0
R04,SKU-1028,2025-01-14,10,0,0
R04,SKU-1028,01/15/2025,11,0,0
R04,SKU-1028,01/16/2025,11,0,0
R04,SKU-1028,01/17/2025,5,0,0
R04,SKU-1028,01/18/2025,10,0,0
R04,SKU-1028,2025-01-19,10,0,0
R04,SKU-1028,01/20/2025,11,1,0
R04,SKU-1028,2025-01-21,9,0,0
R04,SKU-1028,01/22/2025,9,1,0
R04,SKU-1028,01/23/2025,11,0,0
R04,SKU-1028,2025-01-24,7,0,0
R04,SKU-1028,01/25/2025,14,0,0
R04,SKU-1028,26-Jan-25,13,0,0
R04,SKU-1028,27-Jan-25,14,0,0
R04,SKU-1028,2025-01-28,5,1,1
R04,SKU-1028,01/29/2025,9,2,0
R04,SKU-1028,2025-01-30,8,0,0
R04,SKU-1028,2025-01-31,4,0,0
R04,SKU-1035,2025-01-01,9,0,0
R04,SKU-1035,2025-01-02,12,0,0
R04,SKU-1035,2025-01-03,6,0,0
R04,SKU-1035,01/04/2025,10,0,0
R04,SKU-1035,2025-01-05,9,0,0
R04,SKU-1035,06-Jan-25,9,0,1
R04,SKU-1035,01/07/2025,18,0,0
R04,SKU-1035,2025-01-08,18,1,0
R04,SKU-1035,2025-01-09,12,0,0
R04,SKU-1035,2025-01-10,13,0,0
R04,SKU-1035,2025-01-11,15,2,0
R04,SKU-1035,01/12/2025,17,0,0
R04,SKU-1035,13-Jan-25,7,0,1
R04,SKU-1035,01/14/2025,8,0,0
R04,SKU-1035,01/15/2025,18,0,1
R04,SKU-1035,2025-01-16,10,0,0
R04,SKU-1035,2025-01-17,6,1,0
R04,SKU-1035,01/18/2025,15,1,1
R04,SKU-1035,19-Jan-25,8,0,0
R04,SKU-1035,01/20/2025,16,0,0
R04,SKU-1035,2025-01-21,15,0,0
R04,SKU-1035,2025-01-22,13,0,0
R04,SKU-1035,2025-01-23,8,0,0
R04,SKU-1035,01/24/2025,12,0,0
R04,SKU-1035,25-Jan-25,20,0,0
R04,SKU-1035,2025-01-26,12,1,0
R04,SKU-1035,2025-01-27,10,0,0
R04,SKU-1035,2025-01-28,16,0,0
R04,SKU-1035,2025-01-29,12,1,1
R04,SKU-1035,2025-01-30,17,0,0
R04,SKU-1035,01/31/2025,17,3,0
R04,SKU-1182,2025-01-01,25,0,0
R04,SKU-1182,2025-01-02,19,0,0
R04,SKU-1182,01/03/2025,18,0,0
R04,SKU-1182,04-Jan-25,14,0,1
R04,SKU-1182,2025-01-05,18,0,0
R04,SKU-1182,01/06/2025,17,0,0
R04,SKU-1182,01/07/2025,23,0,0
R04,SKU-1182,08-Jan-25,23,2,0
R04,SKU-1182,2025-01-09,20,0,1
R04,SKU-1182,10-Jan-25,21,0,0
R04,SKU-1182,2025-01-11,18,0,0
R04,SKU-1182,2025-01-12,22,0,0
R04,SKU-1182,01/13/2025,26,0,0
R04,SKU-1182,2025-01-14,19,1,0
R04,SKU-1182,15-Jan-25,21,0,0
R04,SKU-1182,2025-01-16,19,1,0
R04,SKU-1182,2025-01-17,21,2,0
R04,SKU-1182,2025-01-18,18,0,0
R04,SKU-1182,2025-01-19,16,1,0
R04,SKU-1182,2025-01-20,20,1,0
R04,SKU-1182,2025-01-21,16,0,0
R04,SKU-1182,2025-01-22,23,0,0
R04,SKU-1182,01/23/2025,28,0,0
R04,SKU-1182,2025-01-24,24,0,0
R04,SKU-1182,2025-01-25,24,0,0
R04,SKU-1182,26-Jan-25,13,2,0
R04,SKU-1182,2025-01-27,21,1,1
R04,SKU-1182,2025-01-28,18,0,0
R04,SKU-1182,29-Jan-25,26,1,0
R04,SKU-1182,01/30/2025,18,0,0
R04,SKU-1182,2025-01-31,15,1,0
R04,SKU-1238,2025-01-01,3,0,0
R04,SKU-1238,2025-01-02,7,0,0
R04,SKU-1238,2025-01-03,7,0,0
R04,SKU-1238,2025-01-04,4,0,0
R04,SKU-1238,2025-01-05,4,1,0
R04,SKU-1238,2025-01-06,4,0,0
R04,SKU-1238,2025-01-07,10,0,0
R04,SKU-1238,2025-01-08,8,0,1
R04,SKU-1238,2025-01-09,7,0,0
R04,SKU-1238,01/10/2025,5,0,0
R04,SKU-1238,2025-01-11,6,0,0
R04,SKU-1238,2025-01-12,11,1,0
R04,SKU-1238,2025-01-13,9,0,0
R04,SKU-1238,01/14/2025,12,1,0
R04,SKU-1238,15-Jan-25,5,0,1
R04,SKU-1238,2025-01-16,5,0,0
R04,SKU-1238,17-Jan-25,9,0,0
R04,SKU-1238,2025-01-18,8,2,0
R04,SKU-1238,2025-01-19,7,0,0
R04,SKU-1238,01/20/2025,9,0,0
R04,SKU-1238,2025-01-21,6,0,0
R04,SKU-1238,2025-01-22,7,0,0
R04,SKU-1238,2025-01-23,5,1,0
R04,SKU-1238,24-Jan-25,7,0,0
R04,SKU-1238,2025-01-25,7,0,0
R04,SKU-1238,26-Jan-25,9,0,0
R04,SKU-1238,01/27/2025,5,0,0
R04,SKU-1238,2025-01-28,9,0,0
R04,SKU-1238,2025-01-29,3,1,0
R04,SKU-1238,2025-01-30,3,1,0
R04,SKU-1238,2025-01-31,4,0,0
R04,SKU-1280,2025-01-01,25,1,0
R04,SKU-1280,02-Jan-25,33,0,0
R04,SKU-1280,2025-01-03,34,1,1
R04,SKU-1280,2025-01-04,26,0,0
R04,SKU-1280,01/05/2025,16,1,0
R04,SKU-1280,2025-01-06,22,0,0
R04,SKU-1280,2025-01-07,27,0,0
R04,SKU-1280,2025-01-08,36,1,0
R04,SKU-1280,09-Jan-25,23,0,0
R04,SKU-1280,01/10/2025,23,0,0
R04,SKU-1280,2025-01-11,26,1,0
R04,SKU-1280,12-Jan-25,24,0,0
R04,SKU-1280,2025-01-13,32,0,0
R04,SKU-1280,2025-01-14,21,0,0
R04,SKU-1280,15-Jan-25,21,0,0
R04,SKU-1280,2025-01-16,24,0,0
R04,SKU-1280,17-Jan-25,29,0,0
R04,SKU-1280,2025-01-18,27,0,1
R04,SKU-1280,2025-01-19,23,2,0
R04,SKU-1280,20-Jan-25,23,0,0
R04,SKU-1280,21-Jan-25,23,0,0
R04,SKU-1280,22-Jan-25,27,0,0
R04,SKU-1280,2025-01-23,20,0,1
R04,SKU-1280,24-Jan-25,25,0,0
R04,SKU-1280,25-Jan-25,26,0,0
R04,SKU-1280,2025-01-26,22,0,0
R04,SKU-1280,2025-01-27,25,1,1
R04,SKU-1280,01/28/2025,28,1,0
R04,SKU-1280,2025-01-29,23,0,0
R04,SKU-1280,2025-01-30,21,0,0
R04,SKU-1280,2025-01-31,20,0,0
R04,SKU-1273,2025-01-01,4,0,0
R04,SKU-1273,2025-01-02,6,0,0
R04,SKU-1273,03-Jan-25,2,0,0
R04,SKU-1273,2025-01-04,3,0,0
R04,SKU-1273,01/05/2025,11,0,0
R04,SKU-1273,2025-01-06,5,1,0
R04,SKU-1273,2025-01-07,9,0,0
R04,SKU-1273,01/08/2025,7,0,0
R04,SKU-1273,2025-01-09,4,0,0
R04,SKU-1273,01/10/2025,9,0,0
R04,SKU-1273,11-Jan-25,5,0,0
R04,SKU-1273,2025-01-12,10,0,0
R04,SKU-1273,01/13/2025,5,0,0
R04,SKU-1273,2025-01-14,5,0,1
R04,SKU-1273,15-Jan-25,12,0,0
R04,SKU-1273,2025-01-16,8,0,0
R04,SKU-1273,2025-01-17,6,0,0
R04,SKU-1273,2025-01-18,7,1,0
R04,SKU-1273,19-Jan-25,5,1,0
R04,SKU-1273,2025-01-20,2,1,0
R04,SKU-1273,01/21/2025,6,0,0
R04,SKU-1273,2025-01-22,2,0,1
R04,SKU-1273,01/23/2025,10,0,0
R04,SKU-1273,24-Jan-25,6,2,0
R04,SKU-1273,2025-01-25,6,0,0
R04,SKU-1273,2025-01-26,11,0,0
R04,SKU-1273,2025-01-27,9,0,0
R04,SKU-1273,01/28/2025,7,0,0
R04,SKU-1273,2025-01-29,8,0,0
R04,SKU-1273,01/30/2025,10,0,0
R04,SKU-1273,2025-01-31,7,0,0
R04,SKU-1091,01-Jan-25,6,1,0
R04,SKU-1091,2025-01-02,8,0,0
R04,SKU-1091,2025-01-03,7,0,0
R04,SKU-1091,2025-01-04,12,0,0
R04,SKU-1091,2025-01-05,9,0,0
R04,SKU-1091,2025-01-06,10,0,0
R04,SKU-1091,2025-01-07,7,1,0
R04,SKU-1091,01/08/2025,6,1,0
R04,SKU-1091,01/09/2025,4,0,1
R04,SKU-1091,2025-01-10,4,0,0
R04,SKU-1091,01/11/2025,8,1,0
R04,SKU-1091,01/12/2025,11,0,0
R04,SKU-1091,01/13/2025,13,0,0
R04,SKU-1091,2025-01-14,7,0,0
R04,SKU-1091,15-Jan-25,12,2,1
R04,SKU-1091,2025-01-16,10,0,0
R04,SKU-1091,2025-01-17,3,1,0
R04,SKU-1091,2025-01-18,2,2,0
R04,SKU-1091,2025-01-19,6,1,0
R04,SKU-1091,2025-01-20,7,0,0
R04,SKU-1091,2025-01-21,6,0,0
R04,SKU-1091,2025-01-22,6,3,0
R04,SKU-1091,01/23/2025,13,0,0
R04,SKU-1091,2025-01-24,11,1,0
R04,SKU-1091,01/25/2025,15,0,0
R04,SKU-1091,2025-01-26,9,1,0
R04,SKU-1091,2025-01-27,9,2,0
R04,SKU-1091,01/28/2025,6,0,0
R04,SKU-1091,01/29/2025,7,1,0
R04,SKU-1091,01/30/2025,9,1,0
R04,SKU-1091,2025-01-31,6,0,0
R04,SKU-1210,2025-01-01,24,0,0
R04,SKU-1210,2025-01-02,35,0,0
R04,SKU-1210,2025-01-03,33,0,0
R04,SKU-1210,2025-01-04,29,2,0
R04,SKU-1210,2025-01-05,34,1,0
R04,SKU-1210,2025-01-06,45,0,0
R04,SKU-1210,07-Jan-25,28,1,0
R04,SKU-1210,08-Jan-25,44,0,1
R04,SKU-1210,2025-01-09,26,1,0
R04,SKU-1210,01/10/2025,40,1,0
R04,SKU-1210,2025-01-11,26,0,0
R04,SKU-1210,2025-01-12,35,0,0
R04,SKU-1210,01/13/2025,26,1,1
R04,SKU-1210,2025-01-14,37,1,0
R04,SKU-1210,2025-01-15,36,0,0
R04,SKU-1210,2025-01-16,29,0,1
R04,SKU-1210,01/17/2025,23,1,0
R04,SKU-1210,2025-01-18,32,0,1
R04,SKU-1210,01/19/2025,45,0,1
R04,SKU-1210,2025-01-20,33,0,0
R04,SKU-1210,2025-01-21,36,0,0
R04,SKU-1210,2025-01-22,41,0,1
R04,SKU-1210,2025-01-23,33,0,0
R04,SKU-1210,2025-01-24,30,0,0
R04,SKU-1210,2025-01-25,29,0,0
R04,SKU-1210,2025-01-26,30,1,0
R04,SKU-1210,27-Jan-25,34,1,0
R04,SKU-1210,2025-01-28,36,1,0
R04,SKU-1210,2025-01-29,23,1,0
R04,SKU-1210,2025-01-30,29,0,0
R04,SKU-1210,2025-01-31,28,0,0
R04,SKU-1266,01/01/2025,5,0,0
R04,SKU-1266,01/02/2025,15,0,0
R04,SKU-1266,2025-01-03,5,1,0
R04,SKU-1266,01/04/2025,7,0,0
R04,SKU-1266,05-Jan-25,11,1,0
R04,SKU-1266,01/06/2025,5,0,0
R04,SKU-1266,01/07/2025,7,1,0
R04,SKU-1266,01/08/2025,9,0,0
R04,SKU-1266,01/09/2025,7,0,1
R04,SKU-1266,2025-01-10,5,0,0
R04,SKU-1266,2025-01-11,1,0,0
R04,SKU-1266,01/12/2025,7,0,0
R04,SKU-1266,01/13/2025,10,1,0
R04,SKU-1266,2025-01-14,9,0,1
R04,SKU-1266,2025-01-15,8,0,0
R04,SKU-1266,2025-01-16,6,1,0
R04,SKU-1266,2025-01-17,8,1,0
R04,SKU-1266,01/18/2025,6,0,0
R04,SKU-1266,01/19/2025,6,0,0
R04,SKU-1266,20-Jan-25,11,0,0
R04,SKU-1266,2025-01-21,6,0,1
R04,SKU-1266,2025-01-22,8,1,0
R04,SKU-1266,2025-01-23,13,0,0
R04,SKU-1266,2025-01-24,7,0,0
R04,SKU-1266,2025-01-25,4,0,0
R04,SKU-1266,01/26/2025,6,0,0
R04,SKU-1266,01/27/2025,10,1,0
R04,SKU-1266,01/28/2025,6,0,0
R04,SKU-1266,01/29/2025,5,0,0
R04,SKU-1266,01/30/2025,8,1,0
R04,SKU-1266,01/31/2025,3,3,0
R04,SKU-1259,2025-01-01,9,0,0
R04,SKU-1259,2025-01-02,2,1,1
R04,SKU-1259,01/03/2025,7,2,0
R04,SKU-1259,2025-01-04,8,0,0
R04,SKU-1259,2025-01-05,9,0,1
R04,SKU-1259,2025-01-06,8,1,0
R04,SKU-1259,2025-01-07,14,0,0
R04,SKU-1259,2025-01-08,11,0,0
R04,SKU-1259,2025-01-09,7,0,0
R04,SKU-1259,01/10/2025,6,1,0
R04,SKU-1259,2025-01-11,5,1,0
R04,SKU-1259,01/12/2025,9,0,0
R04,SKU-1259,2025-01-13,3,1,0
R04,SKU-1259,2025-01-14,10,2,1
R04,SKU-1259,2025-01-15,5,1,0
R04,SKU-1259,01/16/2025,9,0,0
R04,SKU-1259,2025-01-17,4,1,0
R04,SKU-1259,2025-01-18,3,0,0
R04,SKU-1259,2025-01-19,9,0,0
R04,SKU-1259,2025-01-20,3,1,0
R04,SKU-1259,2025-01-21,6,2,0
R04,SKU-1259,2025-01-22,8,0,0
R04,SKU-1259,01/23/2025,9,0,0
R04,SKU-1259,2025-01-24,9,0,0
R04,SKU-1259,2025-01-25,6,2,0
R04,SKU-1259,2025-01-26,3,1,0
R04,SKU-1259,27-Jan-25,5,1,0
R04,SKU-1259,01/28/2025,7,0,0
R04,SKU-1259,2025-01-29,10,1,0
R04,SKU-1259,2025-01-30,11,0,1
R04,SKU-1259,2025-01-31,6,0,0
R04,SKU-1133,2025-01-01,4,1,0
R04,SKU-1133,01/02/2025,6,0,0
R04,SKU-1133,2025-01-03,10,0,0
R04,SKU-1133,2025-01-04,6,0,1
R04,SKU-1133,01/05/2025,9,0,0
R04,SKU-1133,2025-01-06,11,0,1
R04,SKU-1133,01/07/2025,6,0,0
R04,SKU-1133,08-Jan-25,5,2,0
R04,SKU-1133,09-Jan-25,2,0,0
R04,SKU-1133,01/10/2025,4,0,0
R04,SKU-1133,2025-01-11,1,0,0
R04,SKU-1133,2025-01-12,6,0,0
R04,SKU-1133,2025-01-13,5,0,0
R04,SKU-1133,2025-01-14,8,0,0
R04,SKU-1133,01/15/2025,9,0,0
R04,SKU-1133,2025-01-16,6,0,0
R04,SKU-1133,01/17/2025,6,0,0
R04,SKU-1133,18-Jan-25,4,0,0
R04,SKU-1133,01/19/2025,4,0,0
R04,SKU-1133,2025-01-20,8,0,0
R04,SKU-1133,2025-01-21,8,0,1
R04,SKU-1133,22-Jan-25,3,0,0
R04,SKU-1133,2025-01-23,3,0,1
R04,SKU-1133,01/24/2025,5,0,0
R04,SKU-1133,2025-01-25,7,0,0
R04,SKU-1133,01/26/2025,9,1,0
R04,SKU-1133,2025-01-27,4,2,0
R04,SKU-1133,2025-01-28,7,1,0
R04,SKU-1133,2025-01-29,7,1,0
R04,SKU-1133,01/30/2025,6,1,0
R04,SKU-1133,2025-01-31,3,0,0
R04,SKU-1126,2025-01-01,13,0,0
R04,SKU-1126,2025-01-02,14,1,0
R04,SKU-1126,2025-01-03,12,0,0
R04,SKU-1126,01/04/2025,8,0,0
R04,SKU-1126,2025-01-05,16,0,0
R04,SKU-1126,2025-01-06,9,1,1
R04,SKU-1126,2025-01-07,12,0,0
R04,SKU-1126,2025-01-08,15,0,0
R04,SKU-1126,2025-01-09,7,0,0
R04,SKU-1126,01/10/2025,10,0,0
R04,SKU-1126,2025-01-11,12,0,0
R04,SKU-1126,2025-01-12,10,0,0
R04,SKU-1126,01/13/2025,13,0,0
R04,SKU-1126,2025-01-14,13,0,0
R04,SKU-1126,2025-01-15,11,0,0
R04,SKU-1126,2025-01-16,14,0,0
R04,SKU-1126,01/17/2025,5,0,0
R04,SKU-1126,2025-01-18,9,1,0
R04,SKU-1126,19-Jan-25,11,0,0
R04,SKU-1126,01/20/2025,5,0,0
R04,SKU-1126,01/21/2025,7,1,1
R04,SKU-1126,2025-01-22,10,1,0
R04,SKU-1126,2025-01-23,7,0,0
R04,SKU-1126,01/24/2025,14,0,0
R04,SKU-1126,01/25/2025,17,0,0
R04,SKU-1126,01/26/2025,14,1,0
R04,SKU-1126,2025-01-27,11,0,0
R04,SKU-1126,28-Jan-25,20,0,0
R04,SKU-1126,01/29/2025,8,1,0
R04,SKU-1126,2025-01-30,10,0,0
R04,SKU-1126,2025-01-31,13,0,0
R04,SKU-1175,2025-01-01,9,1,0
R04,SKU-1175,01/02/2025,14,0,1
R04,SKU-1175,2025-01-03,6,0,0
R04,SKU-1175,01/04/2025,16,0,1
R04,SKU-1175,01/05/2025,12,0,1
R04,SKU-1175,01/06/2025,16,0,0
R04,SKU-1175,2025-01-07,18,0,1
R04,SKU-1175,2025-01-08,19,2,0
R04,SKU-1175,2025-01-09,8,0,0
R04,SKU-1175,2025-01-10,12,1,0
R04,SKU-1175,11-Jan-25,15,0,0
R04,SKU-1175,2025-01-12,13,2,0
R04,SKU-1175,2025-01-13,14,1,0
R04,SKU-1175,2025-01-14,16,0,0
R04,SKU-1175,2025-01-15,12,1,0
R04,SKU-1175,2025-01-16,12,0,0
R04,SKU-1175,2025-01-17,10,0,0
R04,SKU-1175,2025-01-18,14,0,0
R04,SKU-1175,01/19/2025,6,0,0
R04,SKU-1175,2025-01-20,9,0,0
R04,SKU-1175,2025-01-21,12,0,0
R04,SKU-1175,22-Jan-25,17,0,0
R04,SKU-1175,2025-01-23,12,0,1
R04,SKU-1175,01/24/2025,11,1,0
R04,SKU-1175,2025-01-25,13,0,0
R04,SKU-1175,01/26/2025,15,1,0
R04,SKU-1175,2025-01-27,13,0,0
R04,SKU-1175,2025-01-28,13,1,0
R04,SKU-1175,2025-01-29,18,0,0
R04,SKU-1175,30-Jan-25,19,0,0
R04,SKU-1175,2025-01-31,10,0,0
R04,SKU-1098,2025-01-01,18,1,1
R04,SKU-1098,2025-01-02,21,1,0
R04,SKU-1098,2025-01-03,12,0,0
R04,SKU-1098,01/04/2025,17,0,0
R04,SKU-1098,2025-01-05,20,1,0
R04,SKU-1098,2025-01-06,17,1,0
R04,SKU-1098,07-Jan-25,19,0,0
R04,SKU-1098,01/08/2025,26,0,0
R04,SKU-1098,2025-01-09,27,1,1
R04,SKU-1098,2025-01-10,19,0,0
R04,SKU-1098,2025-01-11,16,0,0
R04,SKU-1098,01/12/2025,17,0,0
R04,SKU-1098,01/13/2025,14,1,0
R04,SKU-1098,2025-01-14,23,0,0
R04,SKU-1098,2025-01-15,27,0,0
R04,SKU-1098,2025-01-16,22,0,0
R04,SKU-1098,01/17/2025,28,0,0
R04,SKU-1098,01/18/2025,22,1,0
R04,SKU-1098,2025-01-19,11,0,0
R04,SKU-1098,2025-01-20,22,0,0
R04,SKU-1098,2025-01-21,13,3,0
R04,SKU-1098,2025-01-22,24,2,0
R04,SKU-1098,2025-01-23,24,1,0
R04,SKU-1098,2025-01-24,19,0,0
R04,SKU-1098,2025-01-25,22,1,1
R04,SKU-1098,2025-01-26,20,0,0
R04,SKU-1098,01/27/2025,24,1,0
R04,SKU-1098,01/28/2025,22,0,0
R04,SKU-1098,01/29/2025,25,0,0
R04,SKU-1098,2025-01-30,20,0,1
R04,SKU-1098,01/31/2025,12,0,0
R04,SKU-1196,01-Jan-25,19,0,0
R04,SKU-1196,2025-01-02,12,0,0
R04,SKU-1196,03-Jan-25,15,0,0
R04,SKU-1196,04-Jan-25,14,0,0
R04,SKU-1196,2025-01-05,9,0,0
R04,SKU-1196,2025-01-06,15,1,0
R04,SKU-1196,01/07/2025,12,0,0
R04,SKU-1196,2025-01-08,18,0,0
R04,SKU-1196,2025-01-09,20,1,0
R04,SKU-1196,01/10/2025,12,0,0
R04,SKU-1196,2025-01-11,15,1,0
R04,SKU-1196,2025-01-12,11,0,0
R04,SKU-1196,13-Jan-25,10,0,0
R04,SKU-1196,14-Jan-25,21,0,0
R04,SKU-1196,2025-01-15,15,0,0
R04,SKU-1196,01/16/2025,10,0,0
R04,SKU-1196,2025-01-17,14,0,0
R04,SKU-1196,2025-01-18,19,0,0
R04,SKU-1196,01/19/2025,14,1,0
R04,SKU-1196,2025-01-20,9,0,0
R04,SKU-1196,2025-01-21,13,0,0
R04,SKU-1196,01/22/2025,20,0,0
R04,SKU-1196,2025-01-23,22,0,0
R04,SKU-1196,2025-01-24,15,0,0
R04,SKU-1196,2025-01-25,14,0,0
R04,SKU-1196,01/26/2025,18,1,0
R04,SKU-1196,27-Jan-25,13,1,0
R04,SKU-1196,2025-01-28,13,1,0
R04,SKU-1196,2025-01-29,11,0,0
R04,SKU-1196,2025-01-30,13,0,0
R04,SKU-1196,2025-01-31,12,1,0
R04,SKU-1189,2025-01-01,34,2,0
R04,SKU-1189,01/02/2025,39,0,0
R04,SKU-1189,01/03/2025,24,0,0
R04,SKU-1189,2025-01-04,31,0,0
R04,SKU-1189,2025-01-05,34,0,0
R04,SKU-1189,2025-01-06,27,0,0
R04,SKU-1189,01/07/2025,29,0,1
R04,SKU-1189,2025-01-08,26,0,0
R04,SKU-1189,2025-01-09,28,2,0
R04,SKU-1189,10-Jan-25,19,0,0
R04,SKU-1189,2025-01-11,26,0,0
R04,SKU-1189,2025-01-12,40,0,0
R04,SKU-1189,2025-01-13,18,1,0
R04,SKU-1189,14-Jan-25,21,0,0
R04,SKU-1189,01/15/2025,28,0,0
R04,SKU-1189,01/16/2025,35,1,0
R04,SKU-1189,01/17/2025,26,0,0
R04,SKU-1189,18-Jan-25,25,0,0
R04,SKU-1189,19-Jan-25,28,2,0
R04,SKU-1189,01/20/2025,28,1,0
R04,SKU-1189,2025-01-21,20,1,0
R04,SKU-1189,2025-01-22,27,0,0
R04,SKU-1189,23-Jan-25,23,0,0
R04,SKU-1189,2025-01-24,24,1,0
R04,SKU-1189,2025-01-25,28,0,0
R04,SKU-1189,2025-01-26,28,1,0
R04,SKU-1189,2025-01-27,33,1,0
R04,SKU-1189,28-Jan-25,22,0,0
R04,SKU-1189,2025-01-29,29,1,0
R04,SKU-1189,2025-01-30,43,0,0
R04,SKU-1189,2025-01-31,33,0,0
R04,SKU-1168,01-Jan-25,24,0,0
R04,SKU-1168,2025-01-02,19,0,1
R04,SKU-1168,2025-01-03,28,2,0
R04,SKU-1168,2025-01-04,24,0,0
R04,SKU-1168,2025-01-05,13,0,0
R04,SKU-1168,2025-01-06,22,0,0
R04,SKU-1168,2025-01-07,16,0,1
R04,SKU-1168,2025-01-08,23,0,0
R04,SKU-1168,01/09/2025,26,0,0
R04,SKU-1168,2025-01-10,22,0,1
R04,SKU-1168,2025-01-11,27,0,0
R04,SKU-1168,01/12/2025,32,0,0
R04,SKU-1168,2025-01-13,18,0,0
R04,SKU-1168,2025-01-14,25,0,0
R04,SKU-1168,15-Jan-25,21,0,0
R04,SKU-1168,2025-01-16,28,1,0
R04,SKU-1168,17-Jan-25,23,1,0
R04,SKU-1168,2025-01-18,23,0,0
R04,SKU-1168,19-Jan-25,17,0,0
R04,SKU-1168,2025-01-20,16,0,0
R04,SKU-1168,21-Jan-25,18,0,0
R04,SKU-1168,2025-01-22,20,1,0
R04,SKU-1168,01/23/2025,19,1,0
R04,SKU-1168,2025-01-24,20,0,0
R04,SKU-1168,2025-01-25,19,0,0
R04,SKU-1168,2025-01-26,22,0,0
R04,SKU-1168,27-Jan-25,19,1,0
R04,SKU-1168,2025-01-28,18,1,0
R04,SKU-1168,2025-01-29,17,0,0
R04,SKU-1168,2025-01-30,20,0,0
R04,SKU-1168,31-Jan-25,17,0,0
R04,SKU-1105,2025-01-01,5,0,0
R04,SKU-1105,2025-01-02,10,1,1
R04,SKU-1105,01/03/2025,13,1,0
R04,SKU-1105,2025-01-04,10,1,1
R04,SKU-1105,05-Jan-25,8,0,0
R04,SKU-1105,06-Jan-25,11,0,1
R04,SKU-1105,2025-01-07,5,1,0
R04,SKU-1105,08-Jan-25,3,0,0
R04,SKU-1105,2025-01-09,9,0,1
R04,SKU-1105,2025-01-10,5,0,0
R04,SKU-1105,2025-01-11,3,0,0
R04,SKU-1105,12-Jan-25,8,0,0
R04,SKU-1105,01/13/2025,12,0,0
R04,SKU-1105,14-Jan-25,8,0,0
R04,SKU-1105,2025-01-15,5,0,0
R04,SKU-1105,2025-01-16,9,0,0
R04,SKU-1105,2025-01-17,9,0,0
R04,SKU-1105,2025-01-18,5,0,0
R04,SKU-1105,19-Jan-25,7,2,0
R04,SKU-1105,01/20/2025,9,0,0
R04,SKU-1105,2025-01-21,5,1,0
R04,SKU-1105,2025-01-22,10,0,0
R04,SKU-1105,2025-01-23,5,1,1
R04,SKU-1105,2025-01-24,6,0,0
R04,SKU-1105,01/25/2025,2,0,0
R04,SKU-1105,2025-01-26,6,0,0
R04,SKU-1105,2025-01-27,6,0,0
R04,SKU-1105,2025-01-28,10,0,0
R04,SKU-1105,29-Jan-25,4,0,0
R04,SKU-1105,01/30/2025,8,1,1
R04,SKU-1105,2025-01-31,8,0,0
R04,SKU-1161,2025-01-01,25,0,0
R04,SKU-1161,2025-01-02,11,0,0
R04,SKU-1161,2025-01-03,14,1,0
R04,SKU-1161,2025-01-04,17,0,0
R04,SKU-1161,2025-01-05,13,0,0
R04,SKU-1161,2025-01-06,16,1,1
R04,SKU-1161,01/07/2025,14,1,0
R04,SKU-1161,01/08/2025,17,0,0
R04,SKU-1161,2025-01-09,15,2,0
R04,SKU-1161,2025-01-10,16,1,0
R04,SKU-1161,2025-01-11,9,1,1
R04,SKU-1161,2025-01-12,16,0,0
R04,SKU-1161,01/13/2025,14,0,0
R04,SKU-1161,14-Jan-25,21,0,0
R04,SKU-1161,2025-01-15,21,1,0
R04,SKU-1161,2025-01-16,16,2,0
R04,SKU-1161,01/17/2025,14,1,0
R04,SKU-1161,18-Jan-25,13,0,0
R04,SKU-1161,01/19/2025,18,0,0
R04,SKU-1161,01/20/2025,17,0,0
R04,SKU-1161,2025-01-21,13,0,0
R04,SKU-1161,22-Jan-25,19,0,0
R04,SKU-1161,01/23/2025,17,2,0
R04,SKU-1161,2025-01-24,11,0,0
R04,SKU-1161,25-Jan-25,18,0,0
R04,SKU-1161,2025-01-26,15,0,0
R04,SKU-1161,2025-01-27,13,0,0
R04,SKU-1161,28-Jan-25,14,1,0
R04,SKU-1161,2025-01-29,13,0,0
R04,SKU-1161,01/30/2025,13,0,0
R04,SKU-1161,01/31/2025,13,0,0
R04,SKU-1112,2025-01-01,9,0,0
R04,SKU-1112,2025-01-02,7,0,0
R04,SKU-1112,2025-01-03,6,0,0
R04,SKU-1112,01/04/2025,6,0,0
R04,SKU-1112,2025-01-05,2,1,0
R04,SKU-1112,2025-01-06,9,2,0
R04,SKU-1112,2025-01-07,5,1,0
R04,SKU-1112,2025-01-08,8,0,0
R04,SKU-1112,09-Jan-25,8,1,0
R04,SKU-1112,01/10/2025,13,1,0
R04,SKU-1112,2025-01-11,5,0,0
R04,SKU-1112,2025-01-12,12,0,0
R04,SKU-1112,2025-01-13,4,0,0
R04,SKU-1112,14-Jan-25,6,0,0
R04,SKU-1112,2025-01-15,13,0,0
R04,SKU-1112,2025-01-16,11,0,0
R04,SKU-1112,2025-01-17,11,0,0
R04,SKU-1112,2025-01-18,10,1,1
R04,SKU-1112,2025-01-19,5,0,0
R04,SKU-1112,01/20/2025,6,0,0
R04,SKU-1112,2025-01-21,7,1,0
R04,SKU-1112,2025-01-22,8,0,0
R04,SKU-1112,2025-01-23,7,0,0
R04,SKU-1112,2025-01-24,7,0,0
R04,SKU-1112,2025-01-25,9,0,0
R04,SKU-1112,2025-01-26,5,0,0
R04,SKU-1112,01/27/2025,3,0,0
R04,SKU-1112,2025-01-28,8,1,0
R04,SKU-1112,2025-01-29,9,0,0
R04,SKU-1112,2025-01-30,12,0,1
R04,SKU-1112,31-Jan-25,9,0,0
R05,SKU-1112,2025-01-01,22,1,0
R05,SKU-1112,2025-01-02,24,0,0
R05,SKU-1112,03-Jan-25,21,0,0
R05,SKU-1112,04-Jan-25,28,0,0
R05,SKU-1112,2025-01-05,25,0,0
R05,SKU-1112,01/06/2025,23,1,0
R05,SKU-1112,07-Jan-25,24,0,1
R05,SKU-1112,01/08/2025,23,0,0
R05,SKU-1112,01/09/2025,25,1,1
R05,SKU-1112,01/10/2025,17,0,0
R05,SKU-1112,2025-01-11,26,1,0
R05,SKU-1112,2025-01-12,20,0,0
R05,SKU-1112,2025-01-13,21,1,0
R05,SKU-1112,2025-01-14,29,1,0
R05,SKU-1112,2025-01-15,17,1,0
R05,SKU-1112,2025-01-16,16,0,0
R05,SKU-1112,2025-01-17,31,0,0
R05,SKU-1112,01/18/2025,26,2,0
R05,SKU-1112,2025-01-19,20,0,0
R05,SKU-1112,2025-01-20,27,0,0
R05,SKU-1112,01/21/2025,28,0,0
R05,SKU-1112,2025-01-22,18,0,0
R05,SKU-1112,01/23/2025,24,0,0
R05,SKU-1112,01/24/2025,22,0,0
R05,SKU-1112,2025-01-25,26,1,0
R05,SKU-1112,2025-01-26,20,0,0
R05,SKU-1112,2025-01-27,28,1,0
R05,SKU-1112,28-Jan-25,19,1,1
R05,SKU-1112,2025-01-29,26,0,0
R05,SKU-1112,2025-01-30,14,0,0
R05,SKU-1112,2025-01-31,21,0,1
R05,SKU-1133,2025-01-01,23,0,0
R05,SKU-1133,01/02/2025,26,1,1
R05,SKU-1133,2025-01-03,36,0,0
R05,SKU-1133,04-Jan-25,22,1,0
R05,SKU-1133,2025-01-05,23,1,0
R05,SKU-1133,2025-01-06,18,0,1
R05,SKU-1133,2025-01-07,33,0,0
R05,SKU-1133,2025-01-08,17,0,0
R05,SKU-1133,01/09/2025,24,0,0
R05,SKU-1133,2025-01-10,24,0,0
R05,SKU-1133,2025-01-11,18,0,0
R05,SKU-1133,12-Jan-25,16,1,0
R05,SKU-1133,2025-01-13,25,0,0
R05,SKU-1133,01/14/2025,20,0,0
R05,SKU-1133,01/15/2025,24,0,0
R05,SKU-1133,2025-01-16,22,1,0
R05,SKU-1133,2025-01-17,26,0,0
R05,SKU-1133,2025-01-18,28,0,0
R05,SKU-1133,2025-01-19,32,0,0
R05,SKU-1133,2025-01-20,29,0,0
R05,SKU-1133,2025-01-21,25,0,0
R05,SKU-1133,2025-01-22,29,0,0
R05,SKU-1133,23-Jan-25,22,1,0
R05,SKU-1133,2025-01-24,32,0,1
R05,SKU-1133,2025-01-25,23,0,0
R05,SKU-1133,26-Jan-25,20,1,0
R05,SKU-1133,27-Jan-25,24,0,0
R05,SKU-1133,28-Jan-25,21,0,0
R05,SKU-1133,2025-01-29,19,1,0
R05,SKU-1133,2025-01-30,25,1,0
R05,SKU-1133,31-Jan-25,31,0,0
R05,SKU-1028,01-Jan-25,11,0,0
R05,SKU-1028,01/02/2025,8,1,0
R05,SKU-1028,01/03/2025,6,0,0
R05,SKU-1028,04-Jan-25,4,1,0
R05,SKU-1028,2025-01-05,5,0,0
R05,SKU-1028,2025-01-06,6,0,0
R05,SKU-1028,2025-01-07,7,0,0
R05,SKU-1028,08-Jan-25,6,1,0
R05,SKU-1028,2025-01-09,4,1,0
R05,SKU-1028,2025-01-10,5,0,1
R05,SKU-1028,01/11/2025,5,2,0
R05,SKU-1028,2025-01-12,4,0,0
R05,SKU-1028,13-Jan-25,6,0,0
R05,SKU-1028,2025-01-14,5,0,0
R05,SKU-1028,2025-01-15,4,0,0
R05,SKU-1028,2025-01-16,6,0,1
R05,SKU-1028,2025-01-17,9,0,1
R05,SKU-1028,2025-01-18,5,2,1
R05,SKU-1028,2025-01-19,7,1,0
R05,SKU-1028,20-Jan-25,7,1,0
R05,SKU-1028,2025-01-21,5,1,0
R05,SKU-1028,2025-01-22,8,1,0
R05,SKU-1028,01/23/2025,4,0,0
R05,SKU-1028,2025-01-24,3,0,0
R05,SKU-1028,01/25/2025,9,0,0
R05,SKU-1028,2025-01-26,8,1,0
R05,SKU-1028,2025-01-27,8,0,1
R05,SKU-1028,01/28/2025,8,0,0
R05,SKU-1028,01/29/2025,4,0,0
R05,SKU-1028,2025-01-30,2,1,0
R05,SKU-1028,2025-01-31,4,1,1
R05,SKU-1126,2025-01-01,17,1,0
R05,SKU-1126,2025-01-02,12,1,0
R05,SKU-1126,2025-01-03,21,1,0
R05,SKU-1126,2025-01-04,16,0,1
R05,SKU-1126,01/05/2025,17,0,1
R05,SKU-1126,2025-01-06,13,0,0
R05,SKU-1126,2025-01-07,13,1,0
R05,SKU-1126,2025-01-08,12,1,1
R05,SKU-1126,01/09/2025,17,0,0
R05,SKU-1126,2025-01-10,20,0,0
R05,SKU-1126,11-Jan-25,16,0,0
R05,SKU-1126,2025-01-12,18,0,1
R05,SKU-1126,2025-01-13,17,0,0
R05,SKU-1126,2025-01-14,21,0,0
R05,SKU-1126,2025-01-15,20,0,0
R05,SKU-1126,2025-01-16,21,0,0
R05,SKU-1126,2025-01-17,18,0,0
R05,SKU-1126,2025-01-18,16,0,0
R05,SKU-1126,19-Jan-25,9,0,0
R05,SKU-1126,01/20/2025,16,0,0
R05,SKU-1126,2025-01-21,16,0,0
R05,SKU-1126,2025-01-22,9,0,0
R05,SKU-1126,01/23/2025,18,1,0
R05,SKU-1126,01/24/2025,12,2,0
R05,SKU-1126,01/25/2025,16,0,0
R05,SKU-1126,2025-01-26,20,0,1
R05,SKU-1126,01/27/2025,17,0,0
R05,SKU-1126,01/28/2025,17,0,0
R05,SKU-1126,2025-01-29,21,0,0
R05,SKU-1126,01/30/2025,13,0,1
R05,SKU-1126,31-Jan-25,13,1,1
R05,SKU-1077,2025-01-01,26,0,0
R05,SKU-1077,2025-01-02,22,0,0
R05,SKU-1077,2025-01-03,19,1,0
R05,SKU-1077,01/04/2025,16,0,0
R05,SKU-1077,01/05/2025,27,1,0
R05,SKU-1077,2025-01-06,29,2,0
R05,SKU-1077,2025-01-07,23,0,1
R05,SKU-1077,2025-01-08,22,1,0
R05,SKU-1077,2025-01-09,26,1,0
R05,SKU-1077,01/10/2025,25,1,0
R05,SKU-1077,2025-01-11,15,0,0
R05,SKU-1077,2025-01-12,25,0,0
R05,SKU-1077,2025-01-13,19,0,0
R05,SKU-1077,2025-01-14,23,1,0
R05,SKU-1077,2025-01-15,18,1,0
R05,SKU-1077,16-Jan-25,27,0,0
R05,SKU-1077,2025-01-17,31,0,0
R05,SKU-1077,01/18/2025,18,0,0
R05,SKU-1077,19-Jan-25,27,0,1
R05,SKU-1077,2025-01-20,16,0,0
R05,SKU-1077,21-Jan-25,22,0,0
R05,SKU-1077,2025-01-22,20,1,0
R05,SKU-1077,2025-01-23,32,0,0
R05,SKU-1077,01/24/2025,18,0,0
R05,SKU-1077,25-Jan-25,21,0,0
R05,SKU-1077,2025-01-26,22,0,1
R05,SKU-1077,2025-01-27,16,0,0
R05,SKU-1077,28-Jan-25,24,0,0
R05,SKU-1077,01/29/2025,22,0,0
R05,SKU-1077,01/30/2025,21,1,0
R05,SKU-1077,2025-01-31,35,0,0
R05,SKU-1196,2025-01-01,28,0,1
R05,SKU-1196,01/02/2025,22,0,0
R05,SKU-1196,01/03/2025,32,0,0
R05,SKU-1196,2025-01-04,30,0,0
R05,SKU-1196,2025-01-05,27,1,1
R05,SKU-1196,01/06/2025,24,0,0
R05,SKU-1196,01/07/2025,38,0,1
R05,SKU-1196,2025-01-08,32,1,0
R05,SKU-1196,01/09/2025,30,1,0
R05,SKU-1196,2025-01-10,30,0,0
R05,SKU-1196,2025-01-11,33,0,0
R05,SKU-1196,2025-01-12,37,0,0
R05,SKU-1196,13-Jan-25,30,1,0
R05,SKU-1196,2025-01-14,30,0,0
R05,SKU-1196,2025-01-15,40,0,0
R05,SKU-1196,2025-01-16,23,2,0
R05,SKU-1196,01/17/2025,32,0,0
R05,SKU-1196,2025-01-18,27,1,0
R05,SKU-1196,19-Jan-25,30,0,0
R05,SKU-1196,2025-01-20,26,2,0
R05,SKU-1196,21-Jan-25,39,1,0
R05,SKU-1196,01/22/2025,29,1,0
R05,SKU-1196,23-Jan-25,31,1,0
R05,SKU-1196,01/24/2025,32,1,0
R05,SKU-1196,2025-01-25,30,0,0
R05,SKU-1196,01/26/2025,41,1,0
R05,SKU-1196,01/27/2025,19,0,0
R05,SKU-1196,2025-01-28,32,1,0
R05,SKU-1196,2025-01-29,38,0,0
R05,SKU-1196,01/30/2025,23,0,0
R05,SKU-1196,2025-01-31,30,0,0
R05,SKU-1056,2025-01-01,31,0,0
R05,SKU-1056,2025-01-02,34,0,0
R05,SKU-1056,2025-01-03,24,0,0
R05,SKU-1056,01/04/2025,31,0,0
R05,SKU-1056,2025-01-05,31,1,0
R05,SKU-1056,2025-01-06,19,0,0
R05,SKU-1056,2025-01-07,30,1,0
R05,SKU-1056,2025-01-08,30,0,1
R05,SKU-1056,2025-01-09,26,0,0
R05,SKU-1056,10-Jan-25,34,0,1
R05,SKU-1056,2025-01-11,22,2,1
R05,SKU-1056,2025-01-12,36,1,0
R05,SKU-1056,01/13/2025,26,0,0
R05,SKU-1056,2025-01-14,25,0,0
R05,SKU-1056,15-Jan-25,25,1,0
R05,SKU-1056,16-Jan-25,28,0,0
R05,SKU-1056,17-Jan-25,21,1,1
R05,SKU-1056,18-Jan-25,30,0,0
R05,SKU-1056,01/19/2025,43,0,0
R05,SKU-1056,20-Jan-25,33,0,0
R05,SKU-1056,2025-01-21,32,0,0
R05,SKU-1056,2025-01-22,24,2,0
R05,SKU-1056,2025-01-23,31,0,0
R05,SKU-1056,2025-01-24,26,0,0
R05,SKU-1056,25-Jan-25,21,1,1
R05,SKU-1056,2025-01-26,35,0,0
R05,SKU-1056,01/27/2025,38,0,0
R05,SKU-1056,2025-01-28,28,0,1
R05,SKU-1056,2025-01-29,18,1,0
R05,SKU-1056,2025-01-30,28,0,0
R05,SKU-1056,2025-01-31,30,0,0
R05,SKU-1280,01/01/2025,7,1,0
R05,SKU-1280,2025-01-02,12,1,1
R05,SKU-1280,2025-01-03,8,0,0
R05,SKU-1280,2025-01-04,11,1,1
R05,SKU-1280,01/05/2025,13,0,0
R05,SKU-1280,2025-01-06,17,0,0
R05,SKU-1280,01/07/2025,19,1,0
R05,SKU-1280,2025-01-08,13,0,0
R05,SKU-1280,01/09/2025,6,0,0
R05,SKU-1280,2025-01-10,22,2,0
R05,SKU-1280,2025-01-11,12,0,0
R05,SKU-1280,2025-01-12,14,0,0
R05,SKU-1280,2025-01-13,10,0,0
R05,SKU-1280,2025-01-14,21,1,0
R05,SKU-1280,2025-01-15,14,0,0
R05,SKU-1280,2025-01-16,20,0,1
R05,SKU-1280,2025-01-17,17,0,0
R05,SKU-1280,2025-01-18,13,1,0
R05,SKU-1280,2025-01-19,12,0,0
R05,SKU-1280,20-Jan-25,15,0,1
R05,SKU-1280,2025-01-21,8,0,0
R05,SKU-1280,2025-01-22,17,0,0
R05,SKU-1280,2025-01-23,10,1,0
R05,SKU-1280,2025-01-24,13,4,0
R05,SKU-1280,01/25/2025,11,0,0
R05,SKU-1280,26-Jan-25,13,0,0
R05,SKU-1280,01/27/2025,12,0,0
R05,SKU-1280,28-Jan-25,13,0,0
R05,SKU-1280,2025-01-29,17,0,0
R05,SKU-1280,2025-01-30,14,0,0
R05,SKU-1280,01/31/2025,19,0,0
R05,SKU-1147,2025-01-01,6,0,0
R05,SKU-1147,2025-01-02,9,0,0
R05,SKU-1147,2025-01-03,2,1,0
R05,SKU-1147,2025-01-04,5,0,0
R05,SKU-1147,05-Jan-25,5,0,0
R05,SKU-1147,01/06/2025,4,0,0
R05,SKU-1147,2025-01-07,7,0,0
R05,SKU-1147,08-Jan-25,4,0,1
R05,SKU-1147,01/09/2025,4,1,0
R05,SKU-1147,2025-01-10,11,1,0
R05,SKU-1147,01/11/2025,2,0,0
R05,SKU-1147,2025-01-12,5,1,0
R05,SKU-1147,01/13/2025,6,0,0
R05,SKU-1147,01/14/2025,4,1,0
R05,SKU-1147,01/15/2025,8,0,0
R05,SKU-1147,16-Jan-25,8,0,0
R05,SKU-1147,2025-01-17,7,0,0
R05,SKU-1147,2025-01-18,1,0,0
R05,SKU-1147,2025-01-19,7,0,0
R05,SKU-1147,2025-01-20,8,1,0
R05,SKU-1147,2025-01-21,5,0,0
R05,SKU-1147,01/22/2025,5,0,0
R05,SKU-1147,23-Jan-25,5,0,0
R05,SKU-1147,2025-01-24,3,0,0
R05,SKU-1147,2025-01-25,10,0,0
R05,SKU-1147,26-Jan-25,4,0,0
R05,SKU-1147,2025-01-27,7,1,0
R05,SKU-1147,2025-01-28,3,0,0
R05,SKU-1147,2025-01-29,6,0,0
R05,SKU-1147,2025-01-30,7,0,1
R05,SKU-1147,2025-01-31,8,0,0
R05,SKU-1273,2025-01-01,16,1,0
R05,SKU-1273,2025-01-02,20,0,0
R05,SKU-1273,01/03/2025,22,0,0
R05,SKU-1273,2025-01-04,23,1,0
R05,SKU-1273,2025-01-05,24,1,0
R05,SKU-1273,2025-01-06,27,0,0
R05,SKU-1273,07-Jan-25,21,1,0
R05,SKU-1273,2025-01-08,30,0,0
R05,SKU-1273,2025-01-09,24,1,0
R05,SKU-1273,2025-01-10,27,0,0
R05,SKU-1273,2025-01-11,16,0,0
R05,SKU-1273,2025-01-12,23,0,0
R05,SKU-1273,13-Jan-25,28,1,0
R05,SKU-1273,2025-01-14,14,0,0
R05,SKU-1273,15-Jan-25,18,1,0
R05,SKU-1273,01/16/2025,23,0,0
R05,SKU-1273,2025-01-17,23,0,0
R05,SKU-1273,2025-01-18,23,0,0
R05,SKU-1273,2025-01-19,21,0,0
R05,SKU-1273,2025-01-20,26,1,0
R05,SKU-1273,2025-01-21,23,2,0
R05,SKU-1273,2025-01-22,17,1,1
R05,SKU-1273,2025-01-23,19,2,0
R05,SKU-1273,24-Jan-25,22,0,0
R05,SKU-1273,25-Jan-25,13,1,0
R05,SKU-1273,01/26/2025,23,0,1
R05,SKU-1273,01/27/2025,24,2,0
R05,SKU-1273,2025-01-28,21,0,1
R05,SKU-1273,2025-01-29,17,0,0
R05,SKU-1273,2025-01-30,27,0,0
R05,SKU-1273,2025-01-31,22,0,0
R05,SKU-1105,01-Jan-25,14,0,0
R05,SKU-1105,2025-01-02,14,0,0
R05,SKU-1105,2025-01-03,14,1,0
R05,SKU-1105,2025-01-04,20,1,0
R05,SKU-1105,2025-01-05,4,0,0
R05,SKU-1105,01/06/2025,13,0,0
R05,SKU-1105,2025-01-07,8,0,0
R05,SKU-1105,2025-01-08,13,1,0
R05,SKU-1105,2025-01-09,14,0,0
R05,SKU-1105,10-Jan-25,10,0,1
R05,SKU-1105,2025-01-11,16,0,0
R05,SKU-1105,01/12/2025,15,1,0
R05,SKU-1105,13-Jan-25,10,0,0
R05,SKU-1105,2025-01-14,11,1,0
R05,SKU-1105,15-Jan-25,18,0,0
R05,SKU-1105,01/16/2025,14,1,0
R05,SKU-1105,2025-01-17,12,2,0
R05,SKU-1105,2025-01-18,20,1,0
R05,SKU-1105,2025-01-19,16,1,0
R05,SKU-1105,2025-01-20,12,0,0
R05,SKU-1105,01/21/2025,14,0,0
R05,SKU-1105,01/22/2025,7,0,0
R05,SKU-1105,2025-01-23,25,0,0
R05,SKU-1105,2025-01-24,12,0,0
R05,SKU-1105,25-Jan-25,10,1,0
R05,SKU-1105,26-Jan-25,14,0,0
R05,SKU-1105,2025-01-27,19,0,0
R05,SKU-1105,2025-01-28,8,1,0
R05,SKU-1105,01/29/2025,12,0,0
R05,SKU-1105,2025-01-30,15,0,0
R05,SKU-1105,2025-01-31,12,0,0
R05,SKU-1007,01/01/2025,14,1,0
R05,SKU-1007,02-Jan-25,23,0,0
R05,SKU-1007,2025-01-03,14,1,0
R05,SKU-1007,2025-01-04,22,1,0
R05,SKU-1007,2025-01-05,27,0,0
R05,SKU-1007,01/06/2025,16,0,0
R05,SKU-1007,2025-01-07,24,0,0
R05,SKU-1007,08-Jan-25,32,0,0
R05,SKU-1007,01/09/2025,20,0,0
R05,SKU-1007,01/10/2025,20,0,0
R05,SKU-1007,01/11/2025,25,0,1
R05,SKU-1007,2025-01-12,10,1,0
R05,SKU-1007,2025-01-13,30,0,0
R05,SKU-1007,2025-01-14,32,0,0
R05,SKU-1007,2025-01-15,22,0,1
R05,SKU-1007,2025-01-16,34,0,0
R05,SKU-1007,17-Jan-25,21,0,0
R05,SKU-1007,01/18/2025,27,0,0
R05,SKU-1007,19-Jan-25,30,0,0
R05,SKU-1007,2025-01-20,17,0,1
R05,SKU-1007,2025-01-21,20,1,0
R05,SKU-1007,01/22/2025,20,1,0
R05,SKU-1007,2025-01-23,21,1,0
R05,SKU-1007,2025-01-24,28,0,0
R05,SKU-1007,2025-01-25,24,1,0
R05,SKU-1007,01/26/2025,25,2,1
R05,SKU-1007,2025-01-27,20,0,0
R05,SKU-1007,2025-01-28,28,0,0
R05,SKU-1007,2025-01-29,26,0,0
R05,SKU-1007,30-Jan-25,26,0,0
R05,SKU-1007,01/31/2025,22,0,0
R05,SKU-1098,01/01/2025,37,0,0
R05,SKU-1098,2025-01-02,22,0,0
R05,SKU-1098,2025-01-03,29,1,0
R05,SKU-1098,01/04/2025,28,1,0
R05,SKU-1098,2025-01-05,30,1,1
R05,SKU-1098,06-Jan-25,31,0,0
R05,SKU-1098,07-Jan-25,50,0,0
R05,SKU-1098,2025-01-08,32,0,0
R05,SKU-1098,2025-01-09,38,1,0
R05,SKU-1098,2025-01-10,31,0,0
R05,SKU-1098,2025-01-11,32,1,0
R05,SKU-1098,2025-01-12,23,1,0
R05,SKU-1098,01/13/2025,41,0,0
R05,SKU-1098,2025-01-14,30,1,0
R05,SKU-1098,01/15/2025,28,0,0
R05,SKU-1098,2025-01-16,24,1,0
R05,SKU-1098,2025-01-17,37,1,0
R05,SKU-1098,18-Jan-25,26,0,0
R05,SKU-1098,2025-01-19,38,0,0
R05,SKU-1098,2025-01-20,30,1,0
R05,SKU-1098,2025-01-21,22,2,0
R05,SKU-1098,01/22/2025,35,0,0
R05,SKU-1098,2025-01-23,39,0,0
R05,SKU-1098,24-Jan-25,36,1,0
R05,SKU-1098,25-Jan-25,30,2,0
R05,SKU-1098,2025-01-26,32,0,0
R05,SKU-1098,2025-01-27,46,1,0
R05,SKU-1098,01/28/2025,35,0,1
R05,SKU-1098,2025-01-29,28,0,0
R05,SKU-1098,01/30/2025,38,1,0
R05,SKU-1098,31-Jan-25,41,1,0
R05,SKU-1035,01-Jan-25,8,0,0
R05,SKU-1035,2025-01-02,4,1,0
R05,SKU-1035,03-Jan-25,5,0,0
R05,SKU-1035,2025-01-04,3,1,0
R05,SKU-1035,2025-01-05,4,0,0
R05,SKU-1035,01/06/2025,8,0,0
R05,SKU-1035,2025-01-07,5,0,0
R05,SKU-1035,2025-01-08,10,0,0
R05,SKU-1035,2025-01-09,7,0,0
R05,SKU-1035,2025-01-10,12,0,0
R05,SKU-1035,01/11/2025,2,1,0
R05,SKU-1035,01/12/2025,5,0,0
R05,SKU-1035,13-Jan-25,5,0,0
R05,SKU-1035,2025-01-14,6,1,0
R05,SKU-1035,2025-01-15,9,0,0
R05,SKU-1035,16-Jan-25,5,1,0
R05,SKU-1035,2025-01-17,11,0,0
R05,SKU-1035,01/18/2025,5,0,0
R05,SKU-1035,2025-01-19,9,0,0
R05,SKU-1035,20-Jan-25,3,0,0
R05,SKU-1035,2025-01-21,5,2,1
R05,SKU-1035,2025-01-22,5,0,0
R05,SKU-1035,01/23/2025,6,0,1
R05,SKU-1035,2025-01-24,8,0,0
R05,SKU-1035,2025-01-25,6,2,0
R05,SKU-1035,2025-01-26,11,0,0
R05,SKU-1035,2025-01-27,9,1,1
R05,SKU-1035,2025-01-28,4,0,0
R05,SKU-1035,2025-01-29,4,1,0
R05,SKU-1035,2025-01-30,5,0,0
R05,SKU-1035,01/31/2025,5,0,0
R05,SKU-1014,2025-01-01,20,1,1
R05,SKU-1014,01/02/2025,16,0,0
R05,SKU-1014,2025-01-03,9,0,0
R05,SKU-1014,2025-01-04,21,1,0
R05,SKU-1014,05-Jan-25,26,0,0
R05,SKU-1014,2025-01-06,13,3,0
R05,SKU-1014,01/07/2025,16,0,1
R05,SKU-1014,2025-01-08,15,1,1
R05,SKU-1014,2025-01-09,11,0,0
R05,SKU-1014,2025-01-10,20,0,1
R05,SKU-1014,01/11/2025,7,1,0
R05,SKU-1014,01/12/2025,13,0,0
R05,SKU-1014,2025-01-13,17,2,0
R05,SKU-1014,14-Jan-25,16,0,0
R05,SKU-1014,2025-01-15,10,1,0
R05,SKU-1014,2025-01-16,13,2,0
R05,SKU-1014,01/17/2025,17,1,0
R05,SKU-1014,2025-01-18,14,0,0
R05,SKU-1014,2025-01-19,8,0,0
R05,SKU-1014,2025-01-20,6,1,0
R05,SKU-1014,2025-01-21,18,0,0
R05,SKU-1014,2025-01-22,12,1,0
R05,SKU-1014,01/23/2025,10,0,0
R05,SKU-1014,2025-01-24,13,0,0
R05,SKU-1014,2025-01-25,7,0,0
R05,SKU-1014,26-Jan-25,21,0,0
R05,SKU-1014,01/27/2025,13,0,0
R05,SKU-1014,28-Jan-25,19,2,0
R05,SKU-1014,01/29/2025,14,0,0
R05,SKU-1014,2025-01-30,9,1,0
R05,SKU-1014,2025-01-31,14,0,0
R05,SKU-1091,01/01/2025,13,0,0
R05,SKU-1091,01/02/2025,5,0,0
R05,SKU-1091,2025-01-03,6,0,1
R05,SKU-1091,2025-01-04,7,1,0
R05,SKU-1091,2025-01-05,5,0,0
R05,SKU-1091,2025-01-06,5,0,0
R05,SKU-1091,01/07/2025,6,0,0
R05,SKU-1091,2025-01-08,7,1,0
R05,SKU-1091,2025-01-09,1,0,0
R05,SKU-1091,2025-01-10,5,0,0
R05,SKU-1091,2025-01-11,5,0,0
R05,SKU-1091,2025-01-12,5,0,0
R05,SKU-1091,01/13/2025,9,1,0
R05,SKU-1091,2025-01-14,3,0,0
R05,SKU-1091,01/15/2025,7,0,0
R05,SKU-1091,01/16/2025,9,0,0
R05,SKU-1091,2025-01-17,7,0,1
R05,SKU-1091,2025-01-18,6,1,0
R05,SKU-1091,01/19/2025,10,0,0
R05,SKU-1091,01/20/2025,8,2,0
R05,SKU-1091,01/21/2025,9,2,0
R05,SKU-1091,2025-01-22,9,0,0
R05,SKU-1091,2025-01-23,14,0,0
R05,SKU-1091,2025-01-24,2,0,0
R05,SKU-1091,01/25/2025,7,0,1
R05,SKU-1091,2025-01-26,10,0,0
R05,SKU-1091,2025-01-27,2,0,0
R05,SKU-1091,2025-01-28,6,0,0
R05,SKU-1091,2025-01-29,8,0,0
R05,SKU-1091,2025-01-30,5,1,0
R05,SKU-1091,01/31/2025,6,0,1
R05,SKU-1182,01-Jan-25,18,0,1
R05,SKU-1182,01/02/2025,20,0,0
R05,SKU-1182,2025-01-03,13,0,0
R05,SKU-1182,2025-01-04,14,1,0
R05,SKU-1182,01/05/2025,17,0,0
R05,SKU-1182,06-Jan-25,11,0,0
R05,SKU-1182,2025-01-07,23,0,0
R05,SKU-1182,2025-01-08,20,0,0
R05,SKU-1182,2025-01-09,8,0,1
R05,SKU-1182,01/10/2025,18,0,0
R05,SKU-1182,2025-01-11,10,0,0
R05,SKU-1182,01/12/2025,16,0,0
R05,SKU-1182,01/13/2025,18,0,0
R05,SKU-1182,01/14/2025,16,1,0
R05,SKU-1182,01/15/2025,20,0,0
R05,SKU-1182,2025-01-16,22,0,0
R05,SKU-1182,01/17/2025,15,0,0
R05,SKU-1182,2025-01-18,17,0,0
R05,SKU-1182,19-Jan-25,9,0,0
R05,SKU-1182,2025-01-20,14,0,1
R05,SKU-1182,2025-01-21,17,0,0
R05,SKU-1182,2025-01-22,12,0,0
R05,SKU-1182,2025-01-23,16,0,1
R05,SKU-1182,01/24/2025,17,1,1
R05,SKU-1182,2025-01-25,15,1,0
R05,SKU-1182,01/26/2025,16,0,0
R05,SKU-1182,2025-01-27,17,1,0
R05,SKU-1182,28-Jan-25,16,1,0
R05,SKU-1182,2025-01-29,20,0,0
R05,SKU-1182,30-Jan-25,15,1,0
R05,SKU-1182,01/31/2025,15,2,0
R05,SKU-1042,01/01/2025,25,0,0
R05,SKU-1042,02-Jan-25,16,0,0
R05,SKU-1042,2025-01-03,21,0,0
R05,SKU-1042,01/04/2025,20,0,0
R05,SKU-1042,2025-01-05,13,0,0
R05,SKU-1042,2025-01-06,17,1,0
R05,SKU-1042,01/07/2025,17,0,0
R05,SKU-1042,2025-01-08,12,0,0
R05,SKU-1042,01/09/2025,21,1,0
R05,SKU-1042,2025-01-10,16,1,1
R05,SKU-1042,01/11/2025,13,1,0
R05,SKU-1042,2025-01-12,16,0,0
R05,SKU-1042,13-Jan-25,18,0,0
R05,SKU-1042,2025-01-14,21,1,0
R05,SKU-1042,01/15/2025,25,0,1
R05,SKU-1042,16-Jan-25,20,0,0
R05,SKU-1042,2025-01-17,18,0,0
R05,SKU-1042,2025-01-18,21,0,0
R05,SKU-1042,2025-01-19,17,1,0
R05,SKU-1042,20-Jan-25,12,0,0
R05,SKU-1042,21-Jan-25,17,1,0
R05,SKU-1042,01/22/2025,25,1,0
R05,SKU-1042,2025-01-23,25,0,0
R05,SKU-1042,2025-01-24,10,0,0
R05,SKU-1042,25-Jan-25,27,0,0
R05,SKU-1042,2025-01-26,14,0,0
R05,SKU-1042,01/27/2025,15,0,0
R05,SKU-1042,01/28/2025,26,1,0
R05,SKU-1042,2025-01-29,20,1,0
R05,SKU-1042,30-Jan-25,23,0,0
R05,SKU-1042,2025-01-31,27,2,0
R05,SKU-1140,01/01/2025,15,0,0
R05,SKU-1140,01/02/2025,13,1,0
R05,SKU-1140,2025-01-03,13,0,0
R05,SKU-1140,2025-01-04,10,1,0
R05,SKU-1140,2025-01-05,14,0,0
R05,SKU-1140,2025-01-06,16,1,0
R05,SKU-1140,01/07/2025,14,0,0
R05,SKU-1140,2025-01-08,12,0,0
R05,SKU-1140,09-Jan-25,17,0,0
R05,SKU-1140,10-Jan-25,13,0,1
R05,SKU-1140,11-Jan-25,10,1,1
R05,SKU-1140,2025-01-12,16,1,1
R05,SKU-1140,2025-01-13,12,0,1
R05,SKU-1140,2025-01-14,29,2,0
R05,SKU-1140,2025-01-15,15,0,0
R05,SKU-1140,16-Jan-25,18,0,0
R05,SKU-1140,2025-01-17,10,0,0
R05,SKU-1140,18-Jan-25,14,0,1
R05,SKU-1140,2025-01-19,13,0,1
R05,SKU-1140,2025-01-20,13,1,0
R05,SKU-1140,2025-01-21,13,0,0
R05,SKU-1140,01/22/2025,17,0,0
R05,SKU-1140,2025-01-23,9,0,0
R05,SKU-1140,01/24/2025,20,0,0
R05,SKU-1140,2025-01-25,17,0,0
R05,SKU-1140,2025-01-26,12,0,0
R05,SKU-1140,2025-01-27,14,0,0
R05,SKU-1140,2025-01-28,16,1,1
R05,SKU-1140,2025-01-29,15,0,0
R05,SKU-1140,2025-01-30,15,0,0
R05,SKU-1140,01/31/2025,12,1,0
R05,SKU-1189,2025-01-01,10,0,0
R05,SKU-1189,2025-01-02,20,0,0
R05,SKU-1189,03-Jan-25,17,0,0
R05,SKU-1189,01/04/2025,12,2,0
R05,SKU-1189,2025-01-05,17,0,0
R05,SKU-1189,01/06/2025,7,1,0
R05,SKU-1189,2025-01-07,18,0,0
R05,SKU-1189,2025-01-08,14,0,0
R05,SKU-1189,09-Jan-25,14,0,0
R05,SKU-1189,2025-01-10,15,4,0
R05,SKU-1189,2025-01-11,17,0,0
R05,SKU-1189,2025-01-12,22,0,0
R05,SKU-1189,2025-01-13,16,0,0
R05,SKU-1189,2025-01-14,7,0,0
R05,SKU-1189,2025-01-15,15,0,0
R05,SKU-1189,01/16/2025,18,1,0
R05,SKU-1189,2025-01-17,15,0,0
R05,SKU-1189,2025-01-18,21,0,0
R05,SKU-1189,2025-01-19,18,0,1
R05,SKU-1189,01/20/2025,22,0,1
R05,SKU-1189,2025-01-21,15,0,0
R05,SKU-1189,2025-01-22,11,1,0
R05,SKU-1189,2025-01-23,7,0,0
R05,SKU-1189,2025-01-24,13,1,0
R05,SKU-1189,2025-01-25,14,1,0
R05,SKU-1189,2025-01-26,19,1,0
R05,SKU-1189,2025-01-27,17,0,0
R05,SKU-1189,2025-01-28,13,1,0
R05,SKU-1189,01/29/2025,9,2,0
R05,SKU-1189,2025-01-30,12,0,0
R05,SKU-1189,01/31/2025,23,0,0
R05,SKU-1084,2025-01-01,9,1,0
R05,SKU-1084,2025-01-02,12,1,0
R05,SKU-1084,2025-01-03,15,0,1
R05,SKU-1084,01/04/2025,6,0,1
R05,SKU-1084,2025-01-05,14,1,1
R05,SKU-1084,2025-01-06,11,0,0
R05,SKU-1084,2025-01-07,14,0,0
R05,SKU-1084,2025-01-08,16,0,0
R05,SKU-1084,01/09/2025,7,0,0
R05,SKU-1084,10-Jan-25,9,2,0
R05,SKU-1084,01/11/2025,16,0,0
R05,SKU-1084,2025-01-12,13,1,0
R05,SKU-1084,2025-01-13,17,0,0
R05,SKU-1084,01/14/2025,10,0,0
R05,SKU-1084,01/15/2025,9,1,0
R05,SKU-1084,2025-01-16,15,1,0
R05,SKU-1084,2025-01-17,12,0,0
R05,SKU-1084,2025-01-18,13,2,0
R05,SKU-1084,2025-01-19,10,0,0
R05,SKU-1084,2025-01-20,11,1,0
R05,SKU-1084,2025-01-21,12,0,0
R05,SKU-1084,01/22/2025,15,0,0
R05,SKU-1084,01/23/2025,13,0,0
R05,SKU-1084,24-Jan-25,10,1,0
R05,SKU-1084,2025-01-25,14,0,0
R05,SKU-1084,2025-01-26,10,0,0
R05,SKU-1084,01/27/2025,13,0,0
R05,SKU-1084,2025-01-28,7,0,0
R05,SKU-1084,01/29/2025,8,0,0
R05,SKU-1084,30-Jan-25,14,0,0
R05,SKU-1084,01/31/2025,9,1,0
R05,SKU-1168,2025-01-01,33,0,0
R05,SKU-1168,01/02/2025,30,0,0
R05,SKU-1168,01/03/2025,22,1,0
R05,SKU-1168,2025-01-04,32,0,0
R05,SKU-1168,2025-01-05,25,0,0
R05,SKU-1168,01/06/2025,33,1,0
R05,SKU-1168,2025-01-07,28,0,0
R05,SKU-1168,2025-01-08,32,1,0
R05,SKU-1168,2025-01-09,31,1,0
R05,SKU-1168,10-Jan-25,33,0,0
R05,SKU-1168,2025-01-11,37,1,0
R05,SKU-1168,2025-01-12,31,0,0
R05,SKU-1168,2025-01-13,23,0,0
R05,SKU-1168,01/14/2025,35,0,0
R05,SKU-1168,15-Jan-25,28,1,0
R05,SKU-1168,01/16/2025,29,0,0
R05,SKU-1168,2025-01-17,38,2,0
R05,SKU-1168,2025-01-18,37,0,0
R05,SKU-1168,2025-01-19,36,0,0
R05,SKU-1168,2025-01-20,33,0,0
R05,SKU-1168,2025-01-21,35,1,0
R05,SKU-1168,2025-01-22,41,0,0
R05,SKU-1168,01/23/2025,42,0,0
R05,SKU-1168,2025-01-24,38,0,0
R05,SKU-1168,2025-01-25,34,0,0
R05,SKU-1168,2025-01-26,30,0,0
R05,SKU-1168,2025-01-27,25,0,0
R05,SKU-1168,01/28/2025,30,0,0
R05,SKU-1168,29-Jan-25,23,0,0
R05,SKU-1168,30-Jan-25,25,0,0
R05,SKU-1168,2025-01-31,31,1,0
R05,SKU-1175,01/01/2025,27,1,0
R05,SKU-1175,02-Jan-25,34,0,0
R05,SKU-1175,01/03/2025,29,3,0
R05,SKU-1175,01/04/2025,35,0,0
R05,SKU-1175,01/05/2025,32,0,0
R05,SKU-1175,01/06/2025,31,2,0
R05,SKU-1175,01/07/2025,35,2,0
R05,SKU-1175,01/08/2025,31,0,0
R05,SKU-1175,2025-01-09,33,0,0
R05,SKU-1175,10-Jan-25,35,1,0
R05,SKU-1175,01/11/2025,40,1,0
R05,SKU-1175,2025-01-12,31,0,0
R05,SKU-1175,01/13/2025,30,2,0
R05,SKU-1175,01/14/2025,40,0,0
R05,SKU-1175,2025-01-15,40,1,0
R05,SKU-1175,16-Jan-25,38,0,0
R05,SKU-1175,01/17/2025,36,0,0
R05,SKU-1175,2025-01-18,33,0,0
R05,SKU-1175,2025-01-19,29,0,0
R05,SKU-1175,2025-01-20,43,0,0
R05,SKU-1175,2025-01-21,35,0,0
R05,SKU-1175,2025-01-22,30,1,0
R05,SKU-1175,2025-01-23,43,0,0
R05,SKU-1175,2025-01-24,38,0,0
R05,SKU-1175,2025-01-25,30,0,0
R05,SKU-1175,01/26/2025,42,0,0
R05,SKU-1175,27-Jan-25,35,0,0
R05,SKU-1175,01/28/2025,32,0,0
R05,SKU-1175,2025-01-29,38,1,0
R05,SKU-1175,2025-01-30,31,0,0
R05,SKU-1175,2025-01-31,30,0,0
R05,SKU-1070,2025-01-01,36,1,0
R05,SKU-1070,2025-01-02,41,0,0
R05,SKU-1070,2025-01-03,40,0,0
R05,SKU-1070,2025-01-04,31,0,0
R05,SKU-1070,2025-01-05,20,0,0
R05,SKU-1070,2025-01-06,27,0,0
R05,SKU-1070,2025-01-07,30,0,0
R05,SKU-1070,2025-01-08,30,0,1
R05,SKU-1070,2025-01-09,38,2,0
R05,SKU-1070,2025-01-10,38,0,0
R05,SKU-1070,01/11/2025,28,0,0
R05,SKU-1070,01/12/2025,46,0,0
R05,SKU-1070,13-Jan-25,29,1,0
R05,SKU-1070,01/14/2025,32,1,0
R05,SKU-1070,15-Jan-25,35,0,0
R05,SKU-1070,16-Jan-25,17,0,0
R05,SKU-1070,2025-01-17,38,0,0
R05,SKU-1070,01/18/2025,24,0,0
R05,SKU-1070,2025-01-19,37,0,1
R05,SKU-1070,2025-01-20,26,0,0
R05,SKU-1070,2025-01-21,45,0,1
R05,SKU-1070,01/22/2025,36,0,0
R05,SKU-1070,2025-01-23,38,1,1
R05,SKU-1070,2025-01-24,29,0,0
R05,SKU-1070,2025-01-25,38,0,1
R05,SKU-1070,01/26/2025,37,0,0
R05,SKU-1070,01/27/2025,35,0,0
R05,SKU-1070,01/28/2025,27,0,0
R05,SKU-1070,29-Jan-25,31,0,0
R05,SKU-1070,2025-01-30,28,0,1
R05,SKU-1070,2025-01-31,39,0,0
