retailer_id,product_id,sale_date,sold_qty,returns_qty,promo_flag
R01,SKU-1014,2025-02-01,5,0,0
R01,SKU-1014,2025-02-02,5,0,0
R01,SKU-1014,03-Feb-25,5,0,0
R01,SKU-1014,2025-02-04,7,0,0
R01,SKU-1014,2025-02-05,7,0,0
R01,SKU-1014,06-Feb-25,11,0,0
R01,SKU-1014,07-Feb-25,7,0,0
R01,SKU-1014,08-Feb-25,7,0,0
R01,SKU-1014,2025-02-09,5,0,0
R01,SKU-1014,2025-02-10,4,0,0
R01,SKU-1014,2025-02-11,8,1,0
R01,SKU-1014,02/12/2025,6,1,0
R01,SKU-1014,2025-02-13,7,0,1
R01,SKU-1014,14-Feb-25,8,0,0
R01,SKU-1014,2025-02-15,7,0,0
R01,SKU-1014,2025-02-16,8,1,0
R01,SKU-1014,02/17/2025,8,2,1
R01,SKU-1014,2025-02-18,5,0,0
R01,SKU-1014,2025-02-19,3,0,0
R01,SKU-1014,02/20/2025,7,0,1
R01,SKU-1014,2025-02-21,4,1,0
R01,SKU-1014,02/22/2025,5,0,0
R01,SKU-1014,2025-02-23,4,2,0
R01,SKU-1014,02/24/2025,7,0,1
R01,SKU-1014,2025-02-25,5,0,0
R01,SKU-1014,26-Feb-25,5,0,0
R01,SKU-1014,02/27/2025,5,0,0
R01,SKU-1014,2025-02-28,3,0,0
R01,SKU-1231,02/01/2025,11,0,0
R01,SKU-1231,2025-02-02,7,1,0
R01,SKU-1231,2025-02-03,14,0,0
R01,SKU-1231,02/04/2025,13,2,0
R01,SKU-1231,2025-02-05,17,0,0
R01,SKU-1231,06-Feb-25,9,0,0
R01,SKU-1231,2025-02-07,10,0,0
R01,SKU-1231,2025-02-08,18,0,0
R01,SKU-1231,02/09/2025,11,0,0
R01,SKU-1231,02/10/2025,4,0,0
R01,SKU-1231,2025-02-11,14,1,0
R01,SKU-1231,2025-02-12,16,0,1
R01,SKU-1231,2025-02-13,11,0,0
R01,SKU-1231,2025-02-14,10,0,0
R01,SKU-1231,2025-02-15,13,0,0
R01,SKU-1231,02/16/2025,14,1,0
R01,SKU-1231,02/17/2025,12,1,0
R01,SKU-1231,18-Feb-25,13,0,0
R01,SKU-1231,02/19/2025,9,1,0
R01,SKU-1231,02/20/2025,15,0,0
R01,SKU-1231,02/21/2025,10,0,0
R01,SKU-1231,2025-02-22,14,2,0
R01,SKU-1231,2025-02-23,9,0,0
R01,SKU-1231,2025-02-24,11,0,0
R01,SKU-1231,02/25/2025,6,0,0
R01,SKU-1231,2025-02-26,9,0,0
R01,SKU-1231,2025-02-27,14,2,0
R01,SKU-1231,2025-02-28,16,1,0
R01,SKU-1056,02/01/2025,13,0,0
R01,SKU-1056,2025-02-02,18,0,1
R01,SKU-1056,02/03/2025,9,0,0
R01,SKU-1056,2025-02-04,25,1,1
R01,SKU-1056,2025-02-05,12,0,0
R01,SKU-1056,2025-02-06,19,0,0
R01,SKU-1056,02/07/2025,16,0,0
R01,SKU-1056,2025-02-08,8,0,1
R01,SKU-1056,02/09/2025,4,0,0
R01,SKU-1056,2025-02-10,12,0,0
R01,SKU-1056,2025-02-11,15,1,0
R01,SKU-1056,2025-02-12,12,0,0
R01,SKU-1056,2025-02-13,13,1,0
R01,SKU-1056,2025-02-14,12,0,0
R01,SKU-1056,2025-02-15,16,1,0
R01,SKU-1056,02/16/2025,21,0,1
R01,SKU-1056,2025-02-17,9,1,1
R01,SKU-1056,2025-02-18,10,2,0
R01,SKU-1056,19-Feb-25,8,1,0
R01,SKU-1056,02/20/2025,16,0,0
R01,SKU-1056,02/21/2025,15,0,0
R01,SKU-1056,02/22/2025,15,0,0
R01,SKU-1056,2025-02-23,13,0,0
R01,SKU-1056,02/24/2025,15,1,0
R01,SKU-1056,2025-02-25,21,0,0
R01,SKU-1056,26-Feb-25,11,0,0
R01,SKU-1056,2025-02-27,6,0,0
R01,SKU-1056,28-Feb-25,8,1,0
R01,SKU-1140,02/01/2025,13,0,0
R01,SKU-1140,02-Feb-25,11,3,0
R01,SKU-1140,2025-02-03,4,1,1
R01,SKU-1140,2025-02-04,7,2,0
R01,SKU-1140,2025-02-05,11,1,0
R01,SKU-1140,2025-02-06,9,0,0
R01,SKU-1140,07-Feb-25,12,0,1
R01,SKU-1140,2025-02-08,12,0,0
R01,SKU-1140,2025-02-09,13,0,0
R01,SKU-1140,2025-02-10,7,0,0
R01,SKU-1140,2025-02-11,10,0,0
R01,SKU-1140,12-Feb-25,10,0,0
R01,SKU-1140,2025-02-13,12,0,0
R01,SKU-1140,2025-02-14,8,1,0
R01,SKU-1140,2025-02-15,15,0,1
R01,SKU-1140,2025-02-16,5,1,1
R01,SKU-1140,02/17/2025,10,2,0
R01,SKU-1140,2025-02-18,7,0,0
R01,SKU-1140,02/19/2025,13,1,1
R01,SKU-1140,2025-02-20,10,1,0
R01,SKU-1140,2025-02-21,13,0,0
R01,SKU-1140,2025-02-22,12,0,0
R01,SKU-1140,2025-02-23,8,1,0
R01,SKU-1140,2025-02-24,17,0,0
R01,SKU-1140,02/25/2025,7,1,0
R01,SKU-1140,2025-02-26,13,0,0
R01,SKU-1140,2025-02-27,17,0,0
R01,SKU-1140,2025-02-28,12,2,0
R01,SKU-1189,2025-02-01,7,3,1
R01,SKU-1189,02/02/2025,7,2,0
R01,SKU-1189,2025-02-03,7,0,0
R01,SKU-1189,04-Feb-25,1,0,1
R01,SKU-1189,2025-02-05,12,0,0
R01,SKU-1189,2025-02-06,11,1,0
R01,SKU-1189,2025-02-07,10,0,0
R01,SKU-1189,2025-02-08,16,2,0
R01,SKU-1189,09-Feb-25,8,0,0
R01,SKU-1189,2025-02-10,8,0,0
R01,SKU-1189,2025-02-11,9,0,0
R01,SKU-1189,2025-02-12,10,0,0
R01,SKU-1189,2025-02-13,14,0,0
R01,SKU-1189,14-Feb-25,11,1,0
R01,SKU-1189,2025-02-15,11,1,0
R01,SKU-1189,2025-02-16,12,0,0
R01,SKU-1189,17-Feb-25,8,0,0
R01,SKU-1189,2025-02-18,7,0,0
R01,SKU-1189,2025-02-19,10,3,1
R01,SKU-1189,2025-02-20,9,1,0
R01,SKU-1189,2025-02-21,11,1,0
R01,SKU-1189,02/22/2025,4,0,0
R01,SKU-1189,2025-02-23,11,0,0
R01,SKU-1189,2025-02-24,7,1,1
R01,SKU-1189,02/25/2025,10,0,0
R01,SKU-1189,2025-02-26,11,1,0
R01,SKU-1189,2025-02-27,9,0,0
R01,SKU-1189,02/28/2025,7,0,0
R01,SKU-1252,01-Feb-25,30,0,0
R01,SKU-1252,2025-02-02,23,1,0
R01,SKU-1252,03-Feb-25,34,1,0
R01,SKU-1252,04-Feb-25,22,0,0
R01,SKU-1252,05-Feb-25,20,0,0
R01,SKU-1252,2025-02-06,20,0,1
R01,SKU-1252,2025-02-07,26,0,0
R01,SKU-1252,2025-02-08,27,1,0
R01,SKU-1252,2025-02-09,22,0,0
R01,SKU-1252,2025-02-10,18,0,0
R01,SKU-1252,02/11/2025,20,0,1
R01,SKU-1252,2025-02-12,13,0,0
R01,SKU-1252,2025-02-13,18,0,0
R01,SKU-1252,2025-02-14,28,0,1
R01,SKU-1252,02/15/2025,18,0,0
R01,SKU-1252,2025-02-16,21,0,0
R01,SKU-1252,2025-02-17,32,1,0
R01,SKU-1252,2025-02-18,19,1,0
R01,SKU-1252,2025-02-19,32,1,0
R01,SKU-1252,2025-02-20,24,0,0
R01,SKU-1252,2025-02-21,35,1,0
R01,SKU-1252,2025-02-22,16,0,0
R01,SKU-1252,2025-02-23,23,0,0
R01,SKU-1252,02/24/2025,29,0,0
R01,SKU-1252,2025-02-25,30,0,0
R01,SKU-1252,2025-02-26,24,0,0
R01,SKU-1252,2025-02-27,20,0,0
R01,SKU-1252,28-Feb-25,25,0,0
R01,SKU-1259,2025-02-01,10,2,0
R01,SKU-1259,2025-02-02,17,0,0
R01,SKU-1259,02/03/2025,10,0,0
R01,SKU-1259,02/04/2025,14,0,0
R01,SKU-1259,02/05/2025,8,0,1
R01,SKU-1259,2025-02-06,12,0,0
R01,SKU-1259,2025-02-07,15,1,0
R01,SKU-1259,08-Feb-25,11,0,0
R01,SKU-1259,2025-02-09,10,0,0
R01,SKU-1259,02/10/2025,17,1,0
R01,SKU-1259,2025-02-11,8,0,1
R01,SKU-1259,02/12/2025,11,1,0
R01,SKU-1259,13-Feb-25,10,0,0
R01,SKU-1259,2025-02-14,6,0,0
R01,SKU-1259,15-Feb-25,12,0,1
R01,SKU-1259,16-Feb-25,8,0,0
R01,SKU-1259,2025-02-17,7,1,0
R01,SKU-1259,2025-02-18,9,0,0
R01,SKU-1259,02/19/2025,11,0,0
R01,SKU-1259,2025-02-20,12,1,0
R01,SKU-1259,02/21/2025,13,1,1
R01,SKU-1259,2025-02-22,6,0,0
R01,SKU-1259,2025-02-23,13,0,1
R01,SKU-1259,2025-02-24,10,0,1
R01,SKU-1259,02/25/2025,16,2,1
R01,SKU-1259,26-Feb-25,13,0,0
R01,SKU-1259,2025-02-27,7,0,0
R01,SKU-1259,2025-02-28,14,1,0
R01,SKU-1021,2025-02-01,13,0,0
R01,SKU-1021,02-Feb-25,14,3,0
R01,SKU-1021,2025-02-03,12,2,0
R01,SKU-1021,04-Feb-25,9,1,0
R01,SKU-1021,2025-02-05,25,0,0
R01,SKU-1021,02/06/2025,13,1,0
R01,SKU-1021,02/07/2025,10,0,0
R01,SKU-1021,2025-02-08,11,0,1
R01,SKU-1021,02/09/2025,10,0,0
R01,SKU-1021,2025-02-10,13,1,1
R01,SKU-1021,2025-02-11,19,2,0
R01,SKU-1021,2025-02-12,14,0,0
R01,SKU-1021,2025-02-13,10,0,0
R01,SKU-1021,2025-02-14,17,1,0
R01,SKU-1021,2025-02-15,8,0,0
R01,SKU-1021,02/16/2025,21,0,0
R01,SKU-1021,02/17/2025,10,0,0
R01,SKU-1021,2025-02-18,11,1,0
R01,SKU-1021,02/19/2025,11,2,0
R01,SKU-1021,2025-02-20,9,1,0
R01,SKU-1021,2025-02-21,11,1,0
R01,SKU-1021,02/22/2025,10,0,0
R01,SKU-1021,2025-02-23,11,0,0
R01,SKU-1021,02/24/2025,10,0,0
R01,SKU-1021,2025-02-25,9,1,0
R01,SKU-1021,2025-02-26,11,0,1
R01,SKU-1021,02/27/2025,12,0,0
R01,SKU-1021,02/28/2025,17,0,1
R01,SKU-1147,02/01/2025,17,0,1
R01,SKU-1147,2025-02-02,16,1,0
R01,SKU-1147,2025-02-03,22,0,0
R01,SKU-1147,2025-02-04,15,0,0
R01,SKU-1147,02/05/2025,21,0,0
R01,SKU-1147,2025-02-06,17,0,1
R01,SKU-1147,07-Feb-25,22,1,0
R01,SKU-1147,02/08/2025,29,0,0
R01,SKU-1147,02/09/2025,15,0,0
R01,SKU-1147,02/10/2025,29,0,1
R01,SKU-1147,11-Feb-25,20,1,1
R01,SKU-1147,02/12/2025,24,0,0
R01,SKU-1147,02/13/2025,17,0,0
R01,SKU-1147,2025-02-14,16,0,0
R01,SKU-1147,2025-02-15,22,0,1
R01,SKU-1147,2025-02-16,12,0,0
R01,SKU-1147,2025-02-17,18,1,1
R01,SKU-1147,2025-02-18,16,0,0
R01,SKU-1147,19-Feb-25,21,0,0
R01,SKU-1147,2025-02-20,22,0,0
R01,SKU-1147,2025-02-21,18,0,0
R01,SKU-1147,2025-02-22,17,0,0
R01,SKU-1147,2025-02-23,19,0,0
R01,SKU-1147,2025-02-24,17,0,0
R01,SKU-1147,25-Feb-25,18,0,0
R01,SKU-1147,2025-02-26,17,0,0
R01,SKU-1147,2025-02-27,16,1,1
R01,SKU-1147,2025-02-28,20,0,0
R01,SKU-1126,02/01/2025,19,1,0
R01,SKU-1126,2025-02-02,14,0,1
R01,SKU-1126,2025-02-03,32,0,0
R01,SKU-1126,02/04/2025,18,0,0
R01,SKU-1126,02/05/2025,28,0,0
R01,SKU-1126,2025-02-06,23,0,0
R01,SKU-1126,2025-02-07,34,0,0
R01,SKU-1126,2025-02-08,22,1,0
R01,SKU-1126,2025-02-09,33,0,0
R01,SKU-1126,2025-02-10,35,0,0
R01,SKU-1126,2025-02-11,35,1,0
R01,SKU-1126,2025-02-12,24,1,0
R01,SKU-1126,02/13/2025,25,0,0
R01,SKU-1126,02/14/2025,28,1,0
R01,SKU-1126,2025-02-15,22,0,0
R01,SKU-1126,2025-02-16,36,0,0
R01,SKU-1126,2025-02-17,24,0,0
R01,SKU-1126,02/18/2025,27,0,0
R01,SKU-1126,2025-02-19,32,0,0
R01,SKU-1126,02/20/2025,21,1,0
R01,SKU-1126,02/21/2025,37,0,0
R01,SKU-1126,2025-02-22,22,2,0
R01,SKU-1126,02/23/2025,23,1,0
R01,SKU-1126,2025-02-24,20,1,0
R01,SKU-1126,2025-02-25,37,2,0
R01,SKU-1126,2025-02-26,23,0,1
R01,SKU-1126,27-Feb-25,39,0,0
R01,SKU-1126,2025-02-28,31,1,0
R01,SKU-1175,2025-02-01,6,0,0
R01,SKU-1175,02-Feb-25,4,1,1
R01,SKU-1175,02/03/2025,1,1,1
R01,SKU-1175,04-Feb-25,3,0,0
R01,SKU-1175,05-Feb-25,4,0,0
R01,SKU-1175,02/06/2025,3,1,0
R01,SKU-1175,02/07/2025,7,1,0
R01,SKU-1175,2025-02-08,2,2,0
R01,SKU-1175,02/09/2025,3,0,0
R01,SKU-1175,02/10/2025,6,0,0
R01,SKU-1175,2025-02-11,7,0,0
R01,SKU-1175,12-Feb-25,2,0,0
R01,SKU-1175,2025-02-13,4,0,0
R01,SKU-1175,2025-02-14,3,0,0
R01,SKU-1175,2025-02-15,6,0,0
R01,SKU-1175,02/16/2025,6,0,1
R01,SKU-1175,2025-02-17,3,0,0
R01,SKU-1175,2025-02-18,2,0,0
R01,SKU-1175,2025-02-19,3,0,0
R01,SKU-1175,20-Feb-25,3,0,0
R01,SKU-1175,02/21/2025,5,1,0
R01,SKU-1175,2025-02-22,3,0,0
R01,SKU-1175,23-Feb-25,2,1,0
R01,SKU-1175,2025-02-24,5,0,1
R01,SKU-1175,02/25/2025,3,0,0
R01,SKU-1175,26-Feb-25,10,0,0
R01,SKU-1175,2025-02-27,3,0,0
R01,SKU-1175,02/28/2025,8,0,0
R01,SKU-1196,2025-02-01,25,0,0
R01,SKU-1196,2025-02-02,18,0,0
R01,SKU-1196,03-Feb-25,17,0,0
R01,SKU-1196,2025-02-04,27,1,0
R01,SKU-1196,02/05/2025,24,1,0
R01,SKU-1196,2025-02-06,19,0,0
R01,SKU-1196,2025-02-07,12,0,0
R01,SKU-1196,2025-02-08,28,0,0
R01,SKU-1196,09-Feb-25,14,0,1
R01,SKU-1196,02/10/2025,23,0,0
R01,SKU-1196,2025-02-11,21,2,1
R01,SKU-1196,12-Feb-25,24,0,0
R01,SKU-1196,2025-02-13,17,1,0
R01,SKU-1196,2025-02-14,20,0,1
R01,SKU-1196,15-Feb-25,25,0,0
R01,SKU-1196,02/16/2025,28,0,0
R01,SKU-1196,2025-02-17,32,0,0
R01,SKU-1196,2025-02-18,29,1,1
R01,SKU-1196,2025-02-19,21,1,0
R01,SKU-1196,02/20/2025,18,0,0
R01,SKU-1196,2025-02-21,22,0,0
R01,SKU-1196,02/22/2025,19,0,0
R01,SKU-1196,02/23/2025,28,0,0
R01,SKU-1196,2025-02-24,24,0,0
R01,SKU-1196,2025-02-25,25,0,0
R01,SKU-1196,2025-02-26,18,0,0
R01,SKU-1196,2025-02-27,27,1,0
R01,SKU-1196,2025-02-28,37,1,0
R01,SKU-1091,02/01/2025,14,0,0
R01,SKU-1091,2025-02-02,8,3,0
R01,SKU-1091,2025-02-03,9,1,0
R01,SKU-1091,02/04/2025,10,0,1
R01,SKU-1091,02/05/2025,15,1,0
R01,SKU-1091,2025-02-06,11,0,0
R01,SKU-1091,2025-02-07,15,0,0
R01,SKU-1091,2025-02-08,13,2,0
R01,SKU-1091,2025-02-09,12,0,1
R01,SKU-1091,02/10/2025,17,0,0
R01,SKU-1091,02/11/2025,12,0,0
R01,SKU-1091,02/12/2025,11,1,0
R01,SKU-1091,2025-02-13,10,2,0
R01,SKU-1091,2025-02-14,12,0,0
R01,SKU-1091,2025-02-15,8,1,0
R01,SKU-1091,02/16/2025,14,0,0
R01,SKU-1091,2025-02-17,22,0,0
R01,SKU-1091,2025-02-18,16,0,0
R01,SKU-1091,2025-02-19,18,1,0
R01,SKU-1091,2025-02-20,17,1,0
R01,SKU-1091,02/21/2025,15,0,0
R01,SKU-1091,02/22/2025,10,2,1
R01,SKU-1091,23-Feb-25,25,0,0
R01,SKU-1091,2025-02-24,18,1,0
R01,SKU-1091,02/25/2025,18,1,0
R01,SKU-1091,26-Feb-25,11,0,0
R01,SKU-1091,02/27/2025,16,0,1
R01,SKU-1091,2025-02-28,15,1,0
R01,SKU-1119,2025-02-01,9,0,0
R01,SKU-1119,2025-02-02,5,0,0
R01,SKU-1119,2025-02-03,8,0,0
R01,SKU-1119,02/04/2025,3,2,0
R01,SKU-1119,2025-02-05,6,0,0
R01,SKU-1119,02/06/2025,7,0,0
R01,SKU-1119,2025-02-07,1,1,0
R01,SKU-1119,2025-02-08,8,2,0
R01,SKU-1119,02/09/2025,3,0,0
R01,SKU-1119,2025-02-10,6,0,0
R01,SKU-1119,11-Feb-25,6,0,0
R01,SKU-1119,2025-02-12,7,2,0
R01,SKU-1119,2025-02-13,9,0,0
R01,SKU-1119,02/14/2025,8,1,0
R01,SKU-1119,2025-02-15,6,1,0
R01,SKU-1119,2025-02-16,6,0,0
R01,SKU-1119,2025-02-17,5,0,0
R01,SKU-1119,2025-02-18,5,0,0
R01,SKU-1119,02/19/2025,8,1,0
R01,SKU-1119,2025-02-20,4,0,0
R01,SKU-1119,02/21/2025,8,0,0
R01,SKU-1119,2025-02-22,6,0,0
R01,SKU-1119,2025-02-23,10,1,0
R01,SKU-1119,24-Feb-25,5,1,0
R01,SKU-1119,25-Feb-25,10,0,0
R01,SKU-1119,2025-02-26,8,0,1
R01,SKU-1119,27-Feb-25,6,1,0
R01,SKU-1119,2025-02-28,7,0,0
R01,SKU-1224,2025-02-01,39,0,0
R01,SKU-1224,2025-02-02,28,0,0
R01,SKU-1224,02/03/2025,43,0,0
R01,SKU-1224,2025-02-04,44,1,0
R01,SKU-1224,05-Feb-25,21,0,0
R01,SKU-1224,2025-02-06,30,2,0
R01,SKU-1224,02/07/2025,19,2,0
R01,SKU-1224,2025-02-08,23,0,0
R01,SKU-1224,2025-02-09,34,0,0
R01,SKU-1224,2025-02-10,39,0,0
R01,SKU-1224,2025-02-11,30,0,0
R01,SKU-1224,2025-02-12,27,0,0
R01,SKU-1224,2025-02-13,31,1,1
R01,SKU-1224,2025-02-14,34,1,0
R01,SKU-1224,2025-02-15,28,1,0
R01,SKU-1224,2025-02-16,24,0,0
R01,SKU-1224,17-Feb-25,29,2,1
R01,SKU-1224,02/18/2025,21,1,0
R01,SKU-1224,2025-02-19,29,0,0
R01,SKU-1224,02/20/2025,41,0,0
R01,SKU-1224,21-Feb-25,31,0,1
R01,SKU-1224,2025-02-22,20,0,1
R01,SKU-1224,02/23/2025,-34,1,0
R01,SKU-1224,2025-02-24,31,1,0
R01,SKU-1224,25-Feb-25,39,1,0
R01,SKU-1224,2025-02-26,40,0,0
R01,SKU-1224,2025-02-27,20,2,0
R01,SKU-1224,02/28/2025,28,1,0
R01,SKU-1266,01-Feb-25,32,0,0
R01,SKU-1266,2025-02-02,16,0,0
R01,SKU-1266,02/03/2025,32,0,0
R01,SKU-1266,2025-02-04,31,0,0
R01,SKU-1266,2025-02-05,21,1,0
R01,SKU-1266,2025-02-06,25,1,0
R01,SKU-1266,2025-02-07,32,0,0
R01,SKU-1266,2025-02-08,24,0,0
R01,SKU-1266,2025-02-09,32,2,0
R01,SKU-1266,2025-02-10,31,2,1
R01,SKU-1266,2025-02-11,28,2,0
R01,SKU-1266,02/12/2025,35,0,0
R01,SKU-1266,2025-02-13,36,0,0
R01,SKU-1266,2025-02-14,31,0,0
R01,SKU-1266,02/15/2025,30,0,0
R01,SKU-1266,2025-02-16,34,0,1
R01,SKU-1266,02/17/2025,32,0,0
R01,SKU-1266,2025-02-18,31,0,0
R01,SKU-1266,2025-02-19,33,0,0
R01,SKU-1266,02/20/2025,39,0,1
R01,SKU-1266,2025-02-21,37,0,0
R01,SKU-1266,2025-02-22,26,0,0
R01,SKU-1266,02/23/2025,29,1,0
R01,SKU-1266,2025-02-24,36,1,0
R01,SKU-1266,2025-02-25,35,0,1
R01,SKU-1266,2025-02-26,23,0,0
R01,SKU-1266,2025-02-27,23,0,0
R01,SKU-1266,2025-02-28,29,0,0
R01,SKU-1063,02/01/2025,21,0,0
R01,SKU-1063,02-Feb-25,22,1,0
R01,SKU-1063,2025-02-03,20,2,1
R01,SKU-1063,2025-02-04,19,0,0
R01,SKU-1063,2025-02-05,30,1,0
R01,SKU-1063,06-Feb-25,20,1,0
R01,SKU-1063,2025-02-07,23,1,0
R01,SKU-1063,2025-02-08,18,0,0
R01,SKU-1063,2025-02-09,21,0,0
R01,SKU-1063,02/10/2025,16,1,0
R01,SKU-1063,2025-02-11,20,0,0
R01,SKU-1063,02/12/2025,22,0,0
R01,SKU-1063,02/13/2025,16,0,0
R01,SKU-1063,2025-02-14,21,1,0
R01,SKU-1063,2025-02-15,23,2,0
R01,SKU-1063,16-Feb-25,22,0,0
R01,SKU-1063,17-Feb-25,23,0,0
R01,SKU-1063,02/18/2025,19,0,0
R01,SKU-1063,19-Feb-25,32,2,0
R01,SKU-1063,02/20/2025,21,0,0
R01,SKU-1063,2025-02-21,27,0,0
R01,SKU-1063,2025-02-22,21,1,1
R01,SKU-1063,2025-02-23,23,0,0
R01,SKU-1063,02/24/2025,14,1,0
R01,SKU-1063,2025-02-25,28,1,0
R01,SKU-1063,02/26/2025,17,0,0
R01,SKU-1063,2025-02-27,28,0,0
R01,SKU-1063,28-Feb-25,22,1,0
R01,SKU-1245,2025-02-01,38,2,0
R01,SKU-1245,2025-02-02,26,0,0
R01,SKU-1245,2025-02-03,22,0,0
R01,SKU-1245,2025-02-04,28,1,0
R01,SKU-1245,2025-02-05,29,0,0
R01,SKU-1245,2025-02-06,25,0,0
R01,SKU-1245,2025-02-07,22,0,0
R01,SKU-1245,2025-02-08,18,0,0
R01,SKU-1245,02/09/2025,23,0,0
R01,SKU-1245,2025-02-10,43,0,0
R01,SKU-1245,02/11/2025,32,1,0
R01,SKU-1245,2025-02-12,24,0,0
R01,SKU-1245,13-Feb-25,35,1,0
R01,SKU-1245,2025-02-14,26,0,1
R01,SKU-1245,2025-02-15,26,0,0
R01,SKU-1245,2025-02-16,27,0,0
R01,SKU-1245,2025-02-17,31,0,1
R01,SKU-1245,2025-02-18,29,0,0
R01,SKU-1245,2025-02-19,23,2,0
R01,SKU-1245,2025-02-20,27,1,0
R01,SKU-1245,2025-02-21,22,0,0
R01,SKU-1245,2025-02-22,23,1,1
R01,SKU-1245,23-Feb-25,32,0,0
R01,SKU-1245,2025-02-24,35,1,0
R01,SKU-1245,25-Feb-25,27,0,0
R01,SKU-1245,2025-02-26,45,2,0
R01,SKU-1245,2025-02-27,33,1,0
R01,SKU-1245,2025-02-28,26,1,1
R01,SKU-1182,2025-02-01,7,2,0
R01,SKU-1182,02/02/2025,5,2,0
R01,SKU-1182,2025-02-03,3,0,0
R01,SKU-1182,04-Feb-25,3,2,0
R01,SKU-1182,2025-02-05,7,0,0
R01,SKU-1182,2025-02-06,6,0,0
R01,SKU-1182,2025-02-07,6,0,0
R01,SKU-1182,08-Feb-25,7,0,0
R01,SKU-1182,2025-02-09,3,0,0
R01,SKU-1182,2025-02-10,5,0,1
R01,SKU-1182,02/11/2025,8,0,0
R01,SKU-1182,2025-02-12,7,1,0
R01,SKU-1182,2025-02-13,9,0,0
R01,SKU-1182,2025-02-14,2,0,0
R01,SKU-1182,2025-02-15,3,1,0
R01,SKU-1182,16-Feb-25,3,1,0
R01,SKU-1182,17-Feb-25,13,0,0
R01,SKU-1182,2025-02-18,9,0,0
R01,SKU-1182,2025-02-19,6,0,1
R01,SKU-1182,2025-02-20,2,1,1
R01,SKU-1182,2025-02-21,4,1,0
R01,SKU-1182,2025-02-22,3,0,0
R01,SKU-1182,2025-02-23,4,0,0
R01,SKU-1182,2025-02-24,3,0,1
R01,SKU-1182,2025-02-25,8,0,0
R01,SKU-1182,2025-02-26,8,0,0
R01,SKU-1182,02/27/2025,7,1,0
R01,SKU-1182,28-Feb-25,7,0,0
R01,SKU-1007,2025-02-01,27,0,0
R01,SKU-1007,02-Feb-25,32,0,0
R01,SKU-1007,2025-02-03,26,1,0
R01,SKU-1007,04-Feb-25,28,0,0
R01,SKU-1007,02/05/2025,35,2,0
R01,SKU-1007,2025-02-06,36,0,0
R01,SKU-1007,07-Feb-25,27,0,0
R01,SKU-1007,2025-02-08,31,0,1
R01,SKU-1007,09-Feb-25,36,0,0
R01,SKU-1007,10-Feb-25,29,0,1
R01,SKU-1007,2025-02-11,40,1,0
R01,SKU-1007,2025-02-12,36,1,0
R01,SKU-1007,02/13/2025,25,1,0
R01,SKU-1007,2025-02-14,34,3,0
R01,SKU-1007,2025-02-15,31,0,0
R01,SKU-1007,2025-02-16,25,0,0
R01,SKU-1007,02/17/2025,21,2,0
R01,SKU-1007,02/18/2025,35,0,0
R01,SKU-1007,2025-02-19,25,0,0
R01,SKU-1007,20-Feb-25,28,1,0
R01,SKU-1007,2025-02-21,31,3,0
R01,SKU-1007,2025-02-22,39,2,0
R01,SKU-1007,02/23/2025,37,2,0
R01,SKU-1007,2025-02-24,36,0,0
R01,SKU-1007,02/25/2025,31,1,0
R01,SKU-1007,2025-02-26,33,0,1
R01,SKU-1007,2025-02-27,40,0,0
R01,SKU-1007,2025-02-28,25,0,0
R01,SKU-1070,2025-02-01,16,0,0
R01,SKU-1070,2025-02-02,13,0,0
R01,SKU-1070,2025-02-03,10,0,0
R01,SKU-1070,02/04/2025,12,1,0
R01,SKU-1070,2025-02-05,12,0,1
R01,SKU-1070,2025-02-06,6,0,0
R01,SKU-1070,2025-02-07,8,0,0
R01,SKU-1070,2025-02-08,16,1,0
R01,SKU-1070,09-Feb-25,7,0,1
R01,SKU-1070,2025-02-10,11,0,1
R01,SKU-1070,2025-02-11,14,0,0
R01,SKU-1070,02/12/2025,15,2,0
R01,SKU-1070,02/13/2025,19,1,0
R01,SKU-1070,14-Feb-25,13,0,0
R01,SKU-1070,02/15/2025,16,0,0
R01,SKU-1070,2025-02-16,10,1,0
R01,SKU-1070,2025-02-17,16,0,0
R01,SKU-1070,2025-02-18,12,1,0
R01,SKU-1070,02/19/2025,7,0,0
R01,SKU-1070,2025-02-20,16,0,0
R01,SKU-1070,2025-02-21,10,0,0
R01,SKU-1070,02/22/2025,9,0,0
R01,SKU-1070,02/23/2025,15,0,0
R01,SKU-1070,2025-02-24,10,0,0
R01,SKU-1070,25-Feb-25,13,1,0
R01,SKU-1070,02/26/2025,12,0,0
R01,SKU-1070,02/27/2025,13,0,0
R01,SKU-1070,2025-02-28,5,0,0
R01,SKU-1238,2025-02-01,19,1,0
R01,SKU-1238,2025-02-02,25,0,0
R01,SKU-1238,02/03/2025,19,1,0
R01,SKU-1238,2025-02-04,25,0,0
R01,SKU-1238,02/05/2025,20,0,0
R01,SKU-1238,2025-02-06,22,0,0
R01,SKU-1238,2025-02-07,12,0,0
R01,SKU-1238,2025-02-08,16,0,0
R01,SKU-1238,2025-02-09,24,0,0
R01,SKU-1238,02/10/2025,17,0,0
R01,SKU-1238,11-Feb-25,14,0,0
R01,SKU-1238,2025-02-12,14,2,0
R01,SKU-1238,13-Feb-25,15,0,0
R01,SKU-1238,02/14/2025,16,0,0
R01,SKU-1238,02/15/2025,8,0,0
R01,SKU-1238,16-Feb-25,17,0,0
R01,SKU-1238,2025-02-17,12,0,0
R01,SKU-1238,02/18/2025,23,0,0
R01,SKU-1238,2025-02-19,25,0,0
R01,SKU-1238,2025-02-20,22,0,0
R01,SKU-1238,2025-02-21,20,0,1
R01,SKU-1238,2025-02-22,15,0,0
R01,SKU-1238,23-Feb-25,21,1,0
R01,SKU-1238,02/24/2025,24,0,0
R01,SKU-1238,2025-02-25,22,1,0
R01,SKU-1238,2025-02-26,11,0,0
R01,SKU-1238,02/27/2025,20,0,0
R01,SKU-1238,02/28/2025,14,1,1
R01,SKU-1154,2025-02-01,20,0,0
R01,SKU-1154,02-Feb-25,27,0,0
R01,SKU-1154,2025-02-03,23,1,0
R01,SKU-1154,2025-02-04,26,1,1
R01,SKU-1154,02/05/2025,14,0,0
R01,SKU-1154,2025-02-06,24,0,0
R01,SKU-1154,2025-02-07,14,2,0
R01,SKU-1154,02/08/2025,17,0,1
R01,SKU-1154,2025-02-09,19,0,1
R01,SKU-1154,2025-02-10,13,1,0
R01,SKU-1154,2025-02-11,18,0,0
R01,SKU-1154,2025-02-12,10,0,0
R01,SKU-1154,2025-02-13,23,3,1
R01,SKU-1154,2025-02-14,17,0,0
R01,SKU-1154,2025-02-15,23,0,0
R01,SKU-1154,02/16/2025,17,2,1
R01,SKU-1154,2025-02-17,21,0,0
R01,SKU-1154,18-Feb-25,15,0,0
R01,SKU-1154,02/19/2025,22,0,0
R01,SKU-1154,02/20/2025,11,0,0
R01,SKU-1154,21-Feb-25,14,0,0
R01,SKU-1154,02/22/2025,15,1,0
R01,SKU-1154,2025-02-23,10,1,0
R01,SKU-1154,2025-02-24,21,0,0
R01,SKU-1154,02/25/2025,16,0,0
R01,SKU-1154,02/26/2025,16,1,1
R01,SKU-1154,2025-02-27,15,0,0
R01,SKU-1154,2025-02-28,22,1,0
R01,SKU-1273,2025-02-01,23,1,0
R01,SKU-1273,2025-02-02,27,0,1
R01,SKU-1273,2025-02-03,30,0,0
R01,SKU-1273,02/04/2025,31,0,0
R01,SKU-1273,02/05/2025,38,1,0
R01,SKU-1273,06-Feb-25,24,0,0
R01,SKU-1273,2025-02-07,28,0,0
R01,SKU-1273,02/08/2025,38,0,0
R01,SKU-1273,02/09/2025,30,1,0
R01,SKU-1273,02/10/2025,26,1,0
R01,SKU-1273,11-Feb-25,27,0,0
R01,SKU-1273,2025-02-12,21,0,0
R01,SKU-1273,13-Feb-25,25,0,0
R01,SKU-1273,2025-02-14,33,0,0
R01,SKU-1273,2025-02-15,37,2,1
R01,SKU-1273,2025-02-16,28,0,0
R01,SKU-1273,2025-02-17,28,0,0
R01,SKU-1273,02/18/2025,35,1,0
R01,SKU-1273,02/19/2025,26,3,0
R01,SKU-1273,2025-02-20,39,1,1
R01,SKU-1273,02/21/2025,32,0,0
R01,SKU-1273,22-Feb-25,37,2,0
R01,SKU-1273,2025-02-23,25,0,1
R01,SKU-1273,24-Feb-25,17,1,1
R01,SKU-1273,2025-02-25,27,0,0
R01,SKU-1273,26-Feb-25,21,0,1
R01,SKU-1273,2025-02-27,30,0,0
R01,SKU-1273,02/28/2025,27,0,0
R02,SKU-1119,02/01/2025,3,0,0
R02,SKU-1119,2025-02-02,3,1,0
R02,SKU-1119,2025-02-03,3,1,0
R02,SKU-1119,2025-02-04,8,0,0
R02,SKU-1119,02/05/2025,2,1,0
R02,SKU-1119,2025-02-06,4,1,0
R02,SKU-1119,2025-02-07,2,1,0
R02,SKU-1119,2025-02-08,2,0,0
R02,SKU-1119,02/09/2025,3,0,0
R02,SKU-1119,2025-02-10,5,0,0
R02,SKU-1119,2025-02-11,6,0,0
R02,SKU-1119,2025-02-12,9,0,0
R02,SKU-1119,2025-02-13,5,1,0
R02,SKU-1119,2025-02-14,3,1,0
R02,SKU-1119,2025-02-15,9,0,0
R02,SKU-1119,02/16/2025,3,0,0
R02,SKU-1119,17-Feb-25,5,0,0
R02,SKU-1119,02/18/2025,3,1,0
R02,SKU-1119,02/19/2025,4,1,0
R02,SKU-1119,2025-02-20,4,0,0
R02,SKU-1119,2025-02-21,1,0,0
R02,SKU-1119,2025-02-22,2,0,0
R02,SKU-1119,2025-02-23,6,0,0
R02,SKU-1119,2025-02-24,7,3,1
R02,SKU-1119,02/25/2025,7,0,0
R02,SKU-1119,2025-02-26,2,0,0
R02,SKU-1119,02/27/2025,1,2,0
R02,SKU-1119,2025-02-28,6,0,0
R02,SKU-1252,02/01/2025,24,1,1
R02,SKU-1252,2025-02-02,29,1,0
R02,SKU-1252,2025-02-03,35,1,0
R02,SKU-1252,2025-02-04,30,1,0
R02,SKU-1252,2025-02-05,27,0,0
R02,SKU-1252,2025-02-06,30,0,0
R02,SKU-1252,2025-02-07,27,0,0
R02,SKU-1252,2025-02-08,39,0,0
R02,SKU-1252,2025-02-09,32,0,0
R02,SKU-1252,2025-02-10,20,1,0
R02,SKU-1252,2025-02-11,35,1,0
R02,SKU-1252,2025-02-12,26,0,0
R02,SKU-1252,02/13/2025,30,0,0
R02,SKU-1252,14-Feb-25,26,0,0
R02,SKU-1252,15-Feb-25,36,0,0
R02,SKU-1252,2025-02-16,33,0,0
R02,SKU-1252,2025-02-17,38,0,0
R02,SKU-1252,2025-02-18,32,1,1
R02,SKU-1252,02/19/2025,24,0,0
R02,SKU-1252,02/20/2025,26,0,0
R02,SKU-1252,2025-02-21,32,0,0
R02,SKU-1252,2025-02-22,29,1,0
R02,SKU-1252,2025-02-23,30,1,1
R02,SKU-1252,2025-02-24,24,0,0
R02,SKU-1252,2025-02-25,33,2,0
R02,SKU-1252,2025-02-26,21,0,0
R02,SKU-1252,2025-02-27,30,0,0
R02,SKU-1252,2025-02-28,31,2,0
R02,SKU-1238,2025-02-01,11,0,0
R02,SKU-1238,2025-02-02,16,1,1
R02,SKU-1238,2025-02-03,16,0,0
R02,SKU-1238,2025-02-04,18,1,0
R02,SKU-1238,2025-02-05,18,2,0
R02,SKU-1238,2025-02-06,19,1,0
R02,SKU-1238,07-Feb-25,17,0,0
R02,SKU-1238,2025-02-08,16,1,0
R02,SKU-1238,2025-02-09,9,0,0
R02,SKU-1238,10-Feb-25,22,0,0
R02,SKU-1238,02/11/2025,15,0,0
R02,SKU-1238,2025-02-12,24,1,0
R02,SKU-1238,2025-02-13,21,0,0
R02,SKU-1238,2025-02-14,16,0,0
R02,SKU-1238,2025-02-15,11,1,0
R02,SKU-1238,2025-02-16,13,0,0
R02,SKU-1238,2025-02-17,19,0,0
R02,SKU-1238,2025-02-18,15,0,0
R02,SKU-1238,2025-02-19,22,0,0
R02,SKU-1238,02/20/2025,17,0,1
R02,SKU-1238,21-Feb-25,13,1,0
R02,SKU-1238,02/22/2025,16,0,0
R02,SKU-1238,02/23/2025,17,0,0
R02,SKU-1238,2025-02-24,16,0,0
R02,SKU-1238,2025-02-25,17,0,0
R02,SKU-1238,2025-02-26,23,0,0
R02,SKU-1238,2025-02-27,20,0,0
R02,SKU-1238,2025-02-28,23,0,1
R02,SKU-1161,01-Feb-25,18,0,0
R02,SKU-1161,2025-02-02,18,1,0
R02,SKU-1161,2025-02-03,16,0,0
R02,SKU-1161,2025-02-04,15,1,0
R02,SKU-1161,05-Feb-25,15,0,0
R02,SKU-1161,2025-02-06,14,0,0
R02,SKU-1161,2025-02-07,20,0,0
R02,SKU-1161,2025-02-08,13,0,1
R02,SKU-1161,2025-02-09,12,2,0
R02,SKU-1161,02/10/2025,17,1,1
R02,SKU-1161,2025-02-11,15,0,0
R02,SKU-1161,02/12/2025,18,0,0
R02,SKU-1161,2025-02-13,13,1,0
R02,SKU-1161,2025-02-14,16,0,0
R02,SKU-1161,2025-02-15,14,0,0
R02,SKU-1161,2025-02-16,16,0,0
R02,SKU-1161,02/17/2025,13,0,0
R02,SKU-1161,2025-02-18,15,0,0
R02,SKU-1161,02/19/2025,9,0,0
R02,SKU-1161,2025-02-20,13,0,0
R02,SKU-1161,21-Feb-25,11,0,0
R02,SKU-1161,02/22/2025,7,1,0
R02,SKU-1161,2025-02-23,10,0,0
R02,SKU-1161,2025-02-24,13,0,0
R02,SKU-1161,02/25/2025,16,2,0
R02,SKU-1161,26-Feb-25,9,1,1
R02,SKU-1161,02/27/2025,17,0,0
R02,SKU-1161,28-Feb-25,17,0,0
R02,SKU-1224,01-Feb-25,32,1,0
R02,SKU-1224,2025-02-02,24,1,0
R02,SKU-1224,2025-02-03,37,0,0
R02,SKU-1224,2025-02-04,34,0,0
R02,SKU-1224,2025-02-05,43,4,0
R02,SKU-1224,02/06/2025,32,2,0
R02,SKU-1224,07-Feb-25,29,0,0
R02,SKU-1224,2025-02-08,33,0,0
R02,SKU-1224,2025-02-09,19,3,0
R02,SKU-1224,02/10/2025,41,1,0
R02,SKU-1224,2025-02-11,24,0,0
R02,SKU-1224,12-Feb-25,32,1,0
R02,SKU-1224,2025-02-13,28,0,0
R02,SKU-1224,14-Feb-25,34,0,0
R02,SKU-1224,15-Feb-25,33,0,0
R02,SKU-1224,2025-02-16,24,0,0
R02,SKU-1224,17-Feb-25,41,0,0
R02,SKU-1224,18-Feb-25,28,0,0
R02,SKU-1224,2025-02-19,36,0,0
R02,SKU-1224,2025-02-20,36,0,1
R02,SKU-1224,02/21/2025,19,0,0
R02,SKU-1224,02/22/2025,21,0,0
R02,SKU-1224,2025-02-23,33,0,0
R02,SKU-1224,2025-02-24,30,0,1
R02,SKU-1224,02/25/2025,33,0,0
R02,SKU-1224,02/26/2025,33,0,0
R02,SKU-1224,2025-02-27,36,0,1
R02,SKU-1224,2025-02-28,35,0,0
R02,SKU-1084,2025-02-01,18,0,0
R02,SKU-1084,2025-02-02,18,0,0
R02,SKU-1084,2025-02-03,23,0,0
R02,SKU-1084,02/04/2025,15,0,0
R02,SKU-1084,2025-02-05,14,2,0
R02,SKU-1084,2025-02-06,22,0,0
R02,SKU-1084,2025-02-07,16,0,0
R02,SKU-1084,2025-02-08,21,0,0
R02,SKU-1084,02/09/2025,13,1,1
R02,SKU-1084,10-Feb-25,17,0,0
R02,SKU-1084,2025-02-11,13,0,0
R02,SKU-1084,2025-02-12,14,0,0
R02,SKU-1084,2025-02-13,19,1,0
R02,SKU-1084,2025-02-14,24,1,0
R02,SKU-1084,2025-02-15,20,0,0
R02,SKU-1084,2025-02-16,14,0,0
R02,SKU-1084,2025-02-17,24,2,0
R02,SKU-1084,2025-02-18,22,0,0
R02,SKU-1084,19-Feb-25,22,0,0
R02,SKU-1084,2025-02-20,17,0,1
R02,SKU-1084,2025-02-21,14,0,0
R02,SKU-1084,2025-02-22,21,0,0
R02,SKU-1084,02/23/2025,13,2,0
R02,SKU-1084,02/24/2025,18,0,0
R02,SKU-1084,02/25/2025,21,1,0
R02,SKU-1084,26-Feb-25,17,0,0
R02,SKU-1084,02/27/2025,13,2,0
R02,SKU-1084,2025-02-28,10,0,0
R02,SKU-1028,2025-02-01,42,1,0
R02,SKU-1028,2025-02-02,25,0,0
R02,SKU-1028,2025-02-03,27,0,0
R02,SKU-1028,02/04/2025,35,2,0
R02,SKU-1028,2025-02-05,32,4,0
R02,SKU-1028,2025-02-06,25,0,0
R02,SKU-1028,2025-02-07,30,0,1
R02,SKU-1028,2025-02-08,22,1,1
R02,SKU-1028,2025-02-09,33,1,0
R02,SKU-1028,02/10/2025,28,0,0
R02,SKU-1028,02/11/2025,40,0,0
R02,SKU-1028,2025-02-12,33,0,0
R02,SKU-1028,2025-02-13,24,0,0
R02,SKU-1028,2025-02-14,30,0,0
R02,SKU-1028,02/15/2025,33,1,0
R02,SKU-1028,16-Feb-25,25,1,1
R02,SKU-1028,17-Feb-25,27,1,0
R02,SKU-1028,2025-02-18,33,0,0
R02,SKU-1028,2025-02-19,29,0,0
R02,SKU-1028,02/20/2025,25,0,0
R02,SKU-1028,2025-02-21,21,0,0
R02,SKU-1028,22-Feb-25,39,0,1
R02,SKU-1028,2025-02-23,30,0,1
R02,SKU-1028,2025-02-24,33,2,0
R02,SKU-1028,02/25/2025,31,0,0
R02,SKU-1028,2025-02-26,25,0,0
R02,SKU-1028,2025-02-27,24,1,1
R02,SKU-1028,02/28/2025,28,0,0
R02,SKU-1140,2025-02-01,24,0,0
R02,SKU-1140,02/02/2025,17,0,0
R02,SKU-1140,2025-02-03,17,2,0
R02,SKU-1140,2025-02-04,22,1,0
R02,SKU-1140,2025-02-05,17,0,0
R02,SKU-1140,06-Feb-25,17,2,0
R02,SKU-1140,07-Feb-25,21,0,0
R02,SKU-1140,2025-02-08,18,0,0
R02,SKU-1140,2025-02-09,22,0,1
R02,SKU-1140,02/10/2025,18,0,0
R02,SKU-1140,02/11/2025,16,0,1
R02,SKU-1140,2025-02-12,16,1,0
R02,SKU-1140,2025-02-13,15,0,0
R02,SKU-1140,2025-02-14,19,0,0
R02,SKU-1140,2025-02-15,19,1,0
R02,SKU-1140,2025-02-16,26,0,0
R02,SKU-1140,2025-02-17,15,1,0
R02,SKU-1140,2025-02-18,19,2,1
R02,SKU-1140,2025-02-19,16,1,0
R02,SKU-1140,2025-02-20,27,0,0
R02,SKU-1140,02/21/2025,19,1,1
R02,SKU-1140,2025-02-22,21,0,0
R02,SKU-1140,2025-02-23,16,1,0
R02,SKU-1140,2025-02-24,21,0,0
R02,SKU-1140,2025-02-25,21,0,0
R02,SKU-1140,2025-02-26,18,0,0
R02,SKU-1140,2025-02-27,18,0,0
R02,SKU-1140,2025-02-28,18,1,0
R02,SKU-1217,2025-02-01,19,0,0
R02,SKU-1217,2025-02-02,15,0,0
R02,SKU-1217,02/03/2025,28,0,0
R02,SKU-1217,2025-02-04,18,1,0
R02,SKU-1217,2025-02-05,24,1,0
R02,SKU-1217,06-Feb-25,28,0,0
R02,SKU-1217,2025-02-07,14,0,0
R02,SKU-1217,2025-02-08,19,1,0
R02,SKU-1217,2025-02-09,19,1,0
R02,SKU-1217,2025-02-10,30,0,0
R02,SKU-1217,11-Feb-25,23,0,0
R02,SKU-1217,02/12/2025,16,0,0
R02,SKU-1217,2025-02-13,18,0,0
R02,SKU-1217,14-Feb-25,22,0,0
R02,SKU-1217,2025-02-15,17,0,1
R02,SKU-1217,2025-02-16,21,1,1
R02,SKU-1217,02/17/2025,27,0,0
R02,SKU-1217,02/18/2025,14,0,0
R02,SKU-1217,02/19/2025,22,1,1
R02,SKU-1217,02/20/2025,25,0,0
R02,SKU-1217,2025-02-21,22,0,0
R02,SKU-1217,2025-02-22,17,1,0
R02,SKU-1217,2025-02-23,21,1,0
R02,SKU-1217,02/24/2025,14,0,0
R02,SKU-1217,02/25/2025,22,0,0
R02,SKU-1217,26-Feb-25,31,0,0
R02,SKU-1217,27-Feb-25,25,0,0
R02,SKU-1217,2025-02-28,22,0,0
R02,SKU-1112,2025-02-01,9,0,0
R02,SKU-1112,02/02/2025,15,0,0
R02,SKU-1112,2025-02-03,16,0,1
R02,SKU-1112,2025-02-04,19,0,0
R02,SKU-1112,02/05/2025,10,1,0
R02,SKU-1112,2025-02-06,16,0,0
R02,SKU-1112,2025-02-07,11,0,0
R02,SKU-1112,2025-02-08,13,0,0
R02,SKU-1112,2025-02-09,11,0,0
R02,SKU-1112,2025-02-10,22,1,0
R02,SKU-1112,2025-02-11,9,0,0
R02,SKU-1112,2025-02-12,10,0,0
R02,SKU-1112,2025-02-13,8,0,0
R02,SKU-1112,2025-02-14,13,0,1
R02,SKU-1112,15-Feb-25,11,0,0
R02,SKU-1112,16-Feb-25,20,0,0
R02,SKU-1112,17-Feb-25,16,0,0
R02,SKU-1112,2025-02-18,14,0,0
R02,SKU-1112,2025-02-19,13,0,0
R02,SKU-1112,2025-02-20,12,0,0
R02,SKU-1112,2025-02-21,13,0,0
R02,SKU-1112,22-Feb-25,16,0,0
R02,SKU-1112,2025-02-23,16,0,0
R02,SKU-1112,2025-02-24,20,0,0
R02,SKU-1112,25-Feb-25,11,1,0
R02,SKU-1112,2025-02-26,21,1,0
R02,SKU-1112,02/27/2025,22,0,0
R02,SKU-1112,2025-02-28,17,0,0
R02,SKU-1245,02/01/2025,9,0,0
R02,SKU-1245,02/02/2025,10,2,0
R02,SKU-1245,2025-02-03,7,1,0
R02,SKU-1245,02/04/2025,4,1,0
R02,SKU-1245,02/05/2025,7,0,0
R02,SKU-1245,06-Feb-25,8,0,0
R02,SKU-1245,2025-02-07,8,1,0
R02,SKU-1245,08-Feb-25,10,0,0
R02,SKU-1245,2025-02-09,3,0,0
R02,SKU-1245,10-Feb-25,7,0,1
R02,SKU-1245,2025-02-11,7,2,0
R02,SKU-1245,2025-02-12,15,0,0
R02,SKU-1245,2025-02-13,10,0,0
R02,SKU-1245,14-Feb-25,6,0,0
R02,SKU-1245,15-Feb-25,6,0,0
R02,SKU-1245,2025-02-16,8,0,1
R02,SKU-1245,2025-02-17,12,1,0
R02,SKU-1245,2025-02-18,5,0,0
R02,SKU-1245,2025-02-19,7,0,0
R02,SKU-1245,02/20/2025,6,0,0
R02,SKU-1245,02/21/2025,4,0,0
R02,SKU-1245,2025-02-22,8,0,0
R02,SKU-1245,2025-02-23,5,0,0
R02,SKU-1245,2025-02-24,6,0,0
R02,SKU-1245,2025-02-25,9,0,1
R02,SKU-1245,2025-02-26,2,2,0
R02,SKU-1245,2025-02-27,9,0,0
R02,SKU-1245,02/28/2025,10,0,0
R02,SKU-1210,2025-02-01,16,0,0
R02,SKU-1210,2025-02-02,11,0,0
R02,SKU-1210,03-Feb-25,15,0,0
R02,SKU-1210,02/04/2025,19,0,0
R02,SKU-1210,2025-02-05,9,0,0
R02,SKU-1210,2025-02-06,9,1,0
R02,SKU-1210,02/07/2025,12,0,0
R02,SKU-1210,2025-02-08,15,1,0
R02,SKU-1210,2025-02-09,15,0,0
R02,SKU-1210,2025-02-10,14,1,0
R02,SKU-1210,2025-02-11,13,0,0
R02,SKU-1210,2025-02-12,7,0,0
R02,SKU-1210,02/13/2025,14,0,0
R02,SKU-1210,2025-02-14,16,1,0
R02,SKU-1210,02/15/2025,17,1,0
R02,SKU-1210,2025-02-16,16,1,0
R02,SKU-1210,17-Feb-25,18,0,0
R02,SKU-1210,2025-02-18,13,0,0
R02,SKU-1210,2025-02-19,12,0,0
R02,SKU-1210,20-Feb-25,13,1,0
R02,SKU-1210,2025-02-21,10,0,0
R02,SKU-1210,22-Feb-25,13,0,0
R02,SKU-1210,02/23/2025,11,0,0
R02,SKU-1210,02/24/2025,17,1,0
R02,SKU-1210,02/25/2025,11,0,0
R02,SKU-1210,02/26/2025,15,2,0
R02,SKU-1210,02/27/2025,12,1,0
R02,SKU-1210,2025-02-28,14,1,0
R02,SKU-1063,2025-02-01,35,0,0
R02,SKU-1063,2025-02-02,33,1,0
R02,SKU-1063,2025-02-03,31,0,1
R02,SKU-1063,2025-02-04,35,0,0
R02,SKU-1063,2025-02-05,40,1,1
R02,SKU-1063,06-Feb-25,26,0,0
R02,SKU-1063,2025-02-07,38,1,0
R02,SKU-1063,02/08/2025,26,0,0
R02,SKU-1063,2025-02-09,20,0,0
R02,SKU-1063,2025-02-10,36,0,0
R02,SKU-1063,11-Feb-25,38,1,0
R02,SKU-1063,2025-02-12,19,1,0
R02,SKU-1063,02/13/2025,31,0,0
R02,SKU-1063,02/14/2025,32,0,0
R02,SKU-1063,2025-02-15,34,0,0
R02,SKU-1063,02/16/2025,37,0,0
R02,SKU-1063,02/17/2025,30,0,0
R02,SKU-1063,02/18/2025,40,0,0
R02,SKU-1063,19-Feb-25,36,0,0
R02,SKU-1063,2025-02-20,27,1,0
R02,SKU-1063,02/21/2025,31,0,0
R02,SKU-1063,2025-02-22,30,1,0
R02,SKU-1063,23-Feb-25,41,0,0
R02,SKU-1063,02/24/2025,34,0,0
R02,SKU-1063,2025-02-25,30,0,0
R02,SKU-1063,02/26/2025,33,0,1
R02,SKU-1063,2025-02-27,33,0,1
R02,SKU-1063,02/28/2025,35,0,0
R02,SKU-1203,01-Feb-25,27,0,1
R02,SKU-1203,02/02/2025,25,0,0
R02,SKU-1203,2025-02-03,12,0,0
R02,SKU-1203,04-Feb-25,22,0,0
R02,SKU-1203,2025-02-05,27,1,0
R02,SKU-1203,06-Feb-25,15,0,0
R02,SKU-1203,2025-02-07,24,0,0
R02,SKU-1203,2025-02-08,29,1,0
R02,SKU-1203,02/09/2025,20,0,0
R02,SKU-1203,2025-02-10,21,1,0
R02,SKU-1203,2025-02-11,27,0,0
R02,SKU-1203,2025-02-12,17,1,1
R02,SKU-1203,13-Feb-25,20,2,0
R02,SKU-1203,2025-02-14,25,1,0
R02,SKU-1203,02/15/2025,28,1,0
R02,SKU-1203,02/16/2025,24,0,0
R02,SKU-1203,2025-02-17,19,1,0
R02,SKU-1203,2025-02-18,21,0,0
R02,SKU-1203,02/19/2025,26,0,0
R02,SKU-1203,2025-02-20,27,0,1
R02,SKU-1203,2025-02-21,20,0,0
R02,SKU-1203,22-Feb-25,16,0,0
R02,SKU-1203,2025-02-23,20,0,0
R02,SKU-1203,2025-02-24,18,1,1
R02,SKU-1203,2025-02-25,21,1,0
R02,SKU-1203,26-Feb-25,24,1,0
R02,SKU-1203,02/27/2025,17,0,1
R02,SKU-1203,28-Feb-25,23,1,1
R02,SKU-1021,2025-02-01,28,0,0
R02,SKU-1021,2025-02-02,31,0,0
R02,SKU-1021,2025-02-03,32,0,0
R02,SKU-1021,04-Feb-25,27,2,0
R02,SKU-1021,05-Feb-25,24,0,0
R02,SKU-1021,2025-02-06,18,1,0
R02,SKU-1021,2025-02-07,22,1,0
R02,SKU-1021,08-Feb-25,27,0,0
R02,SKU-1021,2025-02-09,19,0,0
R02,SKU-1021,02/10/2025,18,0,0
R02,SKU-1021,2025-02-11,35,0,0
R02,SKU-1021,02/12/2025,22,0,1
R02,SKU-1021,02/13/2025,25,0,0
R02,SKU-1021,02/14/2025,16,0,0
R02,SKU-1021,2025-02-15,31,0,0
R02,SKU-1021,2025-02-16,30,0,0
R02,SKU-1021,17-Feb-25,22,1,0
R02,SKU-1021,02/18/2025,25,0,1
R02,SKU-1021,2025-02-19,24,0,0
R02,SKU-1021,2025-02-20,25,0,0
R02,SKU-1021,02/21/2025,23,0,0
R02,SKU-1021,22-Feb-25,23,0,0
R02,SKU-1021,2025-02-23,30,0,1
R02,SKU-1021,02/24/2025,18,0,0
R02,SKU-1021,2025-02-25,29,0,0
R02,SKU-1021,2025-02-26,27,1,0
R02,SKU-1021,27-Feb-25,29,0,0
R02,SKU-1021,28-Feb-25,39,0,0
R02,SKU-1189,2025-02-01,17,0,0
R02,SKU-1189,2025-02-02,19,0,0
R02,SKU-1189,02/03/2025,17,1,0
R02,SKU-1189,2025-02-04,13,0,0
R02,SKU-1189,2025-02-05,16,0,0
R02,SKU-1189,2025-02-06,19,0,0
R02,SKU-1189,07-Feb-25,18,2,0
R02,SKU-1189,2025-02-08,15,0,0
R02,SKU-1189,2025-02-09,22,0,0
R02,SKU-1189,2025-02-10,24,1,0
R02,SKU-1189,2025-02-11,23,1,0
R02,SKU-1189,2025-02-12,14,0,0
R02,SKU-1189,02/13/2025,26,0,0
R02,SKU-1189,2025-02-14,24,0,0
R02,SKU-1189,2025-02-15,18,0,0
R02,SKU-1189,02/16/2025,18,1,1
R02,SKU-1189,2025-02-17,23,0,0
R02,SKU-1189,02/18/2025,14,0,0
R02,SKU-1189,2025-02-19,21,1,1
R02,SKU-1189,2025-02-20,25,0,0
R02,SKU-1189,2025-02-21,16,3,0
R02,SKU-1189,22-Feb-25,21,1,0
R02,SKU-1189,2025-02-23,25,1,0
R02,SKU-1189,2025-02-24,18,0,0
R02,SKU-1189,2025-02-25,17,0,0
R02,SKU-1189,2025-02-26,22,0,0
R02,SKU-1189,27-Feb-25,21,1,0
R02,SKU-1189,02/28/2025,18,0,0
R02,SKU-1175,02/01/2025,18,0,0
R02,SKU-1175,2025-02-02,16,0,0
R02,SKU-1175,02/03/2025,23,0,0
R02,SKU-1175,2025-02-04,28,0,0
R02,SKU-1175,02/05/2025,25,1,0
R02,SKU-1175,02/06/2025,25,0,0
R02,SKU-1175,2025-02-07,26,1,0
R02,SKU-1175,2025-02-08,27,0,1
R02,SKU-1175,02/09/2025,27,0,1
R02,SKU-1175,2025-02-10,24,0,1
R02,SKU-1175,2025-02-11,28,0,0
R02,SKU-1175,2025-02-12,20,0,0
R02,SKU-1175,2025-02-13,20,1,0
R02,SKU-1175,02/14/2025,31,0,0
R02,SKU-1175,2025-02-15,25,0,1
R02,SKU-1175,02/16/2025,31,0,0
R02,SKU-1175,2025-02-17,26,0,0
R02,SKU-1175,18-Feb-25,22,1,0
R02,SKU-1175,02/19/2025,22,0,0
R02,SKU-1175,2025-02-20,19,1,0
R02,SKU-1175,02/21/2025,24,0,0
R02,SKU-1175,2025-02-22,21,1,0
R02,SKU-1175,02/23/2025,16,0,0
R02,SKU-1175,24-Feb-25,31,1,0
R02,SKU-1175,2025-02-25,25,0,1
R02,SKU-1175,26-Feb-25,35,1,0
R02,SKU-1175,2025-02-27,24,0,0
R02,SKU-1175,2025-02-28,27,2,0
R02,SKU-1042,2025-02-01,26,1,0
R02,SKU-1042,2025-02-02,32,0,0
R02,SKU-1042,03-Feb-25,28,0,0
R02,SKU-1042,2025-02-04,26,0,0
R02,SKU-1042,2025-02-05,29,0,0
R02,SKU-1042,02/06/2025,26,1,0
R02,SKU-1042,2025-02-07,35,1,0
R02,SKU-1042,2025-02-08,29,1,0
R02,SKU-1042,2025-02-09,20,0,0
R02,SKU-1042,10-Feb-25,28,0,0
R02,SKU-1042,2025-02-11,29,0,0
R02,SKU-1042,2025-02-12,25,0,0
R02,SKU-1042,02/13/2025,24,1,0
R02,SKU-1042,2025-02-14,24,0,0
R02,SKU-1042,2025-02-15,34,0,0
R02,SKU-1042,2025-02-16,30,1,0
R02,SKU-1042,17-Feb-25,22,2,0
R02,SKU-1042,02/18/2025,19,1,0
R02,SKU-1042,02/19/2025,32,0,0
R02,SKU-1042,2025-02-20,20,1,0
R02,SKU-1042,2025-02-21,23,0,0
R02,SKU-1042,2025-02-22,25,0,0
R02,SKU-1042,02/23/2025,31,2,0
R02,SKU-1042,24-Feb-25,41,0,0
R02,SKU-1042,2025-02-25,23,1,0
R02,SKU-1042,2025-02-26,30,0,1
R02,SKU-1042,2025-02-27,32,0,0
R02,SKU-1042,2025-02-28,33,0,0
R02,SKU-1007,2025-02-01,11,0,0
R02,SKU-1007,2025-02-02,13,0,0
R02,SKU-1007,02/03/2025,14,0,0
R02,SKU-1007,02/04/2025,14,0,1
R02,SKU-1007,05-Feb-25,10,1,0
R02,SKU-1007,02/06/2025,14,0,0
R02,SKU-1007,2025-02-07,15,1,0
R02,SKU-1007,2025-02-08,7,0,0
R02,SKU-1007,2025-02-09,13,0,0
R02,SKU-1007,2025-02-10,17,0,0
R02,SKU-1007,02/11/2025,14,0,0
R02,SKU-1007,2025-02-12,9,1,0
R02,SKU-1007,2025-02-13,13,1,0
R02,SKU-1007,2025-02-14,11,0,0
R02,SKU-1007,2025-02-15,7,0,0
R02,SKU-1007,2025-02-16,13,0,0
R02,SKU-1007,2025-02-17,12,0,1
R02,SKU-1007,02/18/2025,10,0,0
R02,SKU-1007,2025-02-19,11,0,0
R02,SKU-1007,2025-02-20,16,1,0
R02,SKU-1007,02/21/2025,14,1,0
R02,SKU-1007,2025-02-22,18,0,0
R02,SKU-1007,02/23/2025,13,0,0
R02,SKU-1007,02/24/2025,14,1,1
R02,SKU-1007,2025-02-25,16,0,0
R02,SKU-1007,2025-02-26,19,0,1
R02,SKU-1007,02/27/2025,17,0,0
R02,SKU-1007,02/28/2025,13,0,1
R02,SKU-1126,2025-02-01,25,0,0
R02,SKU-1126,02-Feb-25,39,0,0
R02,SKU-1126,2025-02-03,29,0,0
R02,SKU-1126,2025-02-04,26,1,0
R02,SKU-1126,2025-02-05,21,0,0
R02,SKU-1126,06-Feb-25,31,0,0
R02,SKU-1126,07-Feb-25,42,0,1
R02,SKU-1126,2025-02-08,29,0,0
R02,SKU-1126,09-Feb-25,36,1,0
R02,SKU-1126,2025-02-10,29,0,0
R02,SKU-1126,2025-02-11,29,0,0
R02,SKU-1126,2025-02-12,28,0,0
R02,SKU-1126,02/13/2025,22,1,0
R02,SKU-1126,2025-02-14,29,0,0
R02,SKU-1126,2025-02-15,28,0,0
R02,SKU-1126,2025-02-16,33,0,1
R02,SKU-1126,02/17/2025,31,2,0
R02,SKU-1126,18-Feb-25,26,0,0
R02,SKU-1126,19-Feb-25,34,2,0
R02,SKU-1126,02/20/2025,14,1,0
R02,SKU-1126,02/21/2025,26,0,0
R02,SKU-1126,2025-02-22,27,0,0
R02,SKU-1126,2025-02-23,38,0,1
R02,SKU-1126,2025-02-24,23,0,0
R02,SKU-1126,2025-02-25,33,1,0
R02,SKU-1126,02/26/2025,25,0,1
R02,SKU-1126,02/27/2025,27,0,0
R02,SKU-1126,2025-02-28,27,0,0
R02,SKU-1273,02/01/2025,16,0,0
R02,SKU-1273,2025-02-02,25,0,0
R02,SKU-1273,02/03/2025,26,1,0
R02,SKU-1273,2025-02-04,25,0,0
R02,SKU-1273,2025-02-05,28,0,0
R02,SKU-1273,06-Feb-25,24,0,0
R02,SKU-1273,2025-02-07,15,0,0
R02,SKU-1273,2025-02-08,23,0,0
R02,SKU-1273,02/09/2025,20,0,0
R02,SKU-1273,2025-02-10,26,1,0
R02,SKU-1273,2025-02-11,23,0,1
R02,SKU-1273,2025-02-12,21,0,0
R02,SKU-1273,2025-02-13,26,1,0
R02,SKU-1273,2025-02-14,29,2,0
R02,SKU-1273,2025-02-15,24,0,0
R02,SKU-1273,2025-02-16,22,0,0
R02,SKU-1273,02/17/2025,16,1,0
R02,SKU-1273,18-Feb-25,24,0,1
R02,SKU-1273,19-Feb-25,13,1,0
R02,SKU-1273,2025-02-20,20,0,0
R02,SKU-1273,02/21/2025,31,0,0
R02,SKU-1273,2025-02-22,20,1,0
R02,SKU-1273,2025-02-23,24,1,0
R02,SKU-1273,2025-02-24,18,0,0
R02,SKU-1273,02/25/2025,18,0,1
R02,SKU-1273,02/26/2025,25,0,0
R02,SKU-1273,2025-02-27,22,4,0
R02,SKU-1273,2025-02-28,23,1,0
R02,SKU-1056,02/01/2025,18,0,0
R02,SKU-1056,02/02/2025,21,0,0
R02,SKU-1056,2025-02-03,21,0,0
R02,SKU-1056,2025-02-04,14,1,1
R02,SKU-1056,02/05/2025,14,0,0
R02,SKU-1056,2025-02-06,15,0,0
R02,SKU-1056,02/07/2025,12,0,0
R02,SKU-1056,2025-02-08,18,2,0
R02,SKU-1056,2025-02-09,22,0,0
R02,SKU-1056,2025-02-10,15,0,0
R02,SKU-1056,02/11/2025,19,1,0
R02,SKU-1056,2025-02-12,19,1,0
R02,SKU-1056,02/13/2025,24,1,0
R02,SKU-1056,2025-02-14,23,0,0
R02,SKU-1056,2025-02-15,24,0,0
R02,SKU-1056,2025-02-16,19,1,0
R02,SKU-1056,2025-02-17,12,1,0
R02,SKU-1056,2025-02-18,22,0,0
R02,SKU-1056,2025-02-19,17,0,1
R02,SKU-1056,2025-02-20,19,0,0
R02,SKU-1056,2025-02-21,18,0,0
R02,SKU-1056,02/22/2025,13,0,0
R02,SKU-1056,2025-02-23,18,0,0
R02,SKU-1056,2025-02-24,17,1,1
R02,SKU-1056,2025-02-25,19,0,1
R02,SKU-1056,2025-02-26,16,0,0
R02,SKU-1056,2025-02-27,15,0,0
R02,SKU-1056,2025-02-28,24,0,0
R02,SKU-1280,2025-02-01,19,0,0
R02,SKU-1280,02/02/2025,25,0,0
R02,SKU-1280,2025-02-03,20,0,0
R02,SKU-1280,04-Feb-25,22,1,0
R02,SKU-1280,05-Feb-25,20,0,0
R02,SKU-1280,06-Feb-25,21,0,0
R02,SKU-1280,07-Feb-25,13,0,0
R02,SKU-1280,2025-02-08,21,2,1
R02,SKU-1280,09-Feb-25,17,0,0
R02,SKU-1280,02/10/2025,22,0,0
R02,SKU-1280,02/11/2025,13,1,0
R02,SKU-1280,2025-02-12,23,1,0
R02,SKU-1280,2025-02-13,15,0,0
R02,SKU-1280,02/14/2025,19,0,0
R02,SKU-1280,15-Feb-25,17,1,0
R02,SKU-1280,2025-02-16,27,1,0
R02,SKU-1280,17-Feb-25,19,0,0
R02,SKU-1280,02/18/2025,18,2,1
R02,SKU-1280,2025-02-19,21,1,0
R02,SKU-1280,02/20/2025,11,0,0
R02,SKU-1280,2025-02-21,23,1,0
R02,SKU-1280,22-Feb-25,20,0,0
R02,SKU-1280,2025-02-23,17,0,0
R02,SKU-1280,2025-02-24,16,2,0
R02,SKU-1280,2025-02-25,19,0,0
R02,SKU-1280,26-Feb-25,11,0,0
R02,SKU-1280,02/27/2025,18,0,0
R02,SKU-1280,2025-02-28,25,0,0
R02,SKU-1259,01-Feb-25,27,0,0
R02,SKU-1259,2025-02-02,21,2,0
R02,SKU-1259,02/03/2025,23,2,0
R02,SKU-1259,2025-02-04,22,2,0
R02,SKU-1259,2025-02-05,24,0,0
R02,SKU-1259,2025-02-06,19,0,0
R02,SKU-1259,2025-02-07,33,0,1
R02,SKU-1259,2025-02-08,21,1,0
R02,SKU-1259,2025-02-09,20,1,0
R02,SKU-1259,02/10/2025,20,1,0
R02,SKU-1259,2025-02-11,23,1,0
R02,SKU-1259,2025-02-12,26,1,1
R02,SKU-1259,2025-02-13,18,0,0
R02,SKU-1259,2025-02-14,21,0,0
R02,SKU-1259,2025-02-15,19,1,0
R02,SKU-1259,2025-02-16,23,0,0
R02,SKU-1259,2025-02-17,19,1,0
R02,SKU-1259,02/18/2025,23,0,0
R02,SKU-1259,2025-02-19,15,1,0
R02,SKU-1259,2025-02-20,17,0,0
R02,SKU-1259,21-Feb-25,24,0,0
R02,SKU-1259,2025-02-22,28,1,0
R02,SKU-1259,23-Feb-25,27,0,0
R02,SKU-1259,2025-02-24,14,0,0
R02,SKU-1259,2025-02-25,23,1,0
R02,SKU-1259,02/26/2025,28,0,0
R02,SKU-1259,2025-02-27,24,0,0
R02,SKU-1259,2025-02-28,20,0,0
R03,SKU-1091,2025-02-01,7,0,1
R03,SKU-1091,02-Feb-25,16,1,0
R03,SKU-1091,2025-02-03,14,0,0
R03,SKU-1091,2025-02-04,15,0,0
R03,SKU-1091,2025-02-05,22,0,0
R03,SKU-1091,2025-02-06,11,1,0
R03,SKU-1091,07-Feb-25,18,0,0
R03,SKU-1091,02/08/2025,15,0,0
R03,SKU-1091,2025-02-09,10,0,0
R03,SKU-1091,2025-02-10,12,1,0
R03,SKU-1091,2025-02-11,8,1,0
R03,SKU-1091,2025-02-12,13,2,0
R03,SKU-1091,2025-02-13,12,0,0
R03,SKU-1091,02/14/2025,7,0,0
R03,SKU-1091,2025-02-15,12,2,0
R03,SKU-1091,02/16/2025,7,0,0
R03,SKU-1091,2025-02-17,15,0,0
R03,SKU-1091,18-Feb-25,10,1,0
R03,SKU-1091,02/19/2025,10,0,0
R03,SKU-1091,20-Feb-25,7,0,0
R03,SKU-1091,02/21/2025,25,0,0
R03,SKU-1091,02/22/2025,7,0,0
R03,SKU-1091,2025-02-23,9,0,0
R03,SKU-1091,02/24/2025,10,0,1
R03,SKU-1091,02/25/2025,11,0,0
R03,SKU-1091,2025-02-26,8,1,0
R03,SKU-1091,2025-02-27,7,1,0
R03,SKU-1091,28-Feb-25,10,0,0
R03,SKU-1140,2025-02-01,24,0,0
R03,SKU-1140,02/02/2025,34,0,0
R03,SKU-1140,02/03/2025,27,0,0
R03,SKU-1140,2025-02-04,24,0,0
R03,SKU-1140,02/05/2025,28,0,0
R03,SKU-1140,2025-02-06,19,0,1
R03,SKU-1140,2025-02-07,21,2,0
R03,SKU-1140,2025-02-08,31,0,0
R03,SKU-1140,2025-02-09,34,0,0
R03,SKU-1140,2025-02-10,24,0,0
R03,SKU-1140,2025-02-11,41,0,0
R03,SKU-1140,2025-02-12,33,0,1
R03,SKU-1140,2025-02-13,19,0,0
R03,SKU-1140,2025-02-14,27,0,0
R03,SKU-1140,2025-02-15,25,0,0
R03,SKU-1140,2025-02-16,29,1,0
R03,SKU-1140,2025-02-17,24,0,0
R03,SKU-1140,2025-02-18,22,0,0
R03,SKU-1140,2025-02-19,30,0,0
R03,SKU-1140,20-Feb-25,22,0,0
R03,SKU-1140,2025-02-21,30,1,0
R03,SKU-1140,2025-02-22,30,0,0
R03,SKU-1140,2025-02-23,32,0,0
R03,SKU-1140,2025-02-24,22,1,0
R03,SKU-1140,2025-02-25,30,0,1
R03,SKU-1140,2025-02-26,28,0,0
R03,SKU-1140,02/27/2025,22,1,0
R03,SKU-1140,28-Feb-25,25,0,0
R03,SKU-1035,2025-02-01,25,0,0
R03,SKU-1035,2025-02-02,32,1,0
R03,SKU-1035,2025-02-03,30,1,0
R03,SKU-1035,2025-02-04,29,0,0
R03,SKU-1035,02/05/2025,23,0,0
R03,SKU-1035,02/06/2025,32,2,0
R03,SKU-1035,02/07/2025,29,0,0
R03,SKU-1035,02/08/2025,23,0,0
R03,SKU-1035,2025-02-09,16,1,0
R03,SKU-1035,02/10/2025,23,0,1
R03,SKU-1035,2025-02-11,36,0,0
R03,SKU-1035,2025-02-12,32,0,1
R03,SKU-1035,02/13/2025,35,0,0
R03,SKU-1035,2025-02-14,27,0,0
R03,SKU-1035,2025-02-15,19,0,0
R03,SKU-1035,2025-02-16,38,1,1
R03,SKU-1035,02/17/2025,31,0,1
R03,SKU-1035,2025-02-18,21,2,0
R03,SKU-1035,02/19/2025,40,0,0
R03,SKU-1035,2025-02-20,41,0,0
R03,SKU-1035,21-Feb-25,30,0,1
R03,SKU-1035,02/22/2025,25,0,0
R03,SKU-1035,02/23/2025,20,1,0
R03,SKU-1035,2025-02-24,36,0,0
R03,SKU-1035,25-Feb-25,27,1,1
R03,SKU-1035,2025-02-26,24,0,0
R03,SKU-1035,2025-02-27,20,0,0
R03,SKU-1035,28-Feb-25,34,1,0
R03,SKU-1098,2025-02-01,37,1,0
R03,SKU-1098,02/02/2025,26,1,0
R03,SKU-1098,2025-02-03,34,1,0
R03,SKU-1098,04-Feb-25,23,0,0
R03,SKU-1098,02/05/2025,20,0,0
R03,SKU-1098,2025-02-06,30,1,0
R03,SKU-1098,2025-02-07,32,2,0
R03,SKU-1098,2025-02-08,40,0,0
R03,SKU-1098,2025-02-09,12,0,0
R03,SKU-1098,2025-02-10,15,0,0
R03,SKU-1098,2025-02-11,23,0,1
R03,SKU-1098,02/12/2025,21,0,0
R03,SKU-1098,2025-02-13,24,0,1
R03,SKU-1098,14-Feb-25,25,1,0
R03,SKU-1098,02/15/2025,30,0,0
R03,SKU-1098,16-Feb-25,40,0,0
R03,SKU-1098,2025-02-17,30,1,1
R03,SKU-1098,2025-02-18,18,0,0
R03,SKU-1098,19-Feb-25,30,0,0
R03,SKU-1098,02/20/2025,29,0,0
R03,SKU-1098,2025-02-21,19,0,0
R03,SKU-1098,02/22/2025,28,0,0
R03,SKU-1098,02/23/2025,34,0,0
R03,SKU-1098,24-Feb-25,34,2,0
R03,SKU-1098,2025-02-25,28,0,0
R03,SKU-1098,2025-02-26,33,1,0
R03,SKU-1098,2025-02-27,27,1,0
R03,SKU-1098,2025-02-28,30,0,0
R03,SKU-1049,01-Feb-25,9,0,0
R03,SKU-1049,2025-02-02,8,1,0
R03,SKU-1049,02/03/2025,12,0,0
R03,SKU-1049,02/04/2025,15,1,0
R03,SKU-1049,2025-02-05,16,0,0
R03,SKU-1049,2025-02-06,12,1,0
R03,SKU-1049,2025-02-07,5,0,0
R03,SKU-1049,02/08/2025,14,0,0
R03,SKU-1049,2025-02-09,18,1,0
R03,SKU-1049,2025-02-10,11,1,1
R03,SKU-1049,2025-02-11,9,0,0
R03,SKU-1049,02/12/2025,9,0,0
R03,SKU-1049,2025-02-13,18,0,1
R03,SKU-1049,2025-02-14,13,0,0
R03,SKU-1049,02/15/2025,15,0,0
R03,SKU-1049,2025-02-16,17,0,0
R03,SKU-1049,02/17/2025,12,0,1
R03,SKU-1049,2025-02-18,10,1,0
R03,SKU-1049,2025-02-19,9,0,0
R03,SKU-1049,20-Feb-25,11,1,0
R03,SKU-1049,2025-02-21,8,2,0
R03,SKU-1049,02/22/2025,15,1,1
R03,SKU-1049,2025-02-23,11,1,0
R03,SKU-1049,2025-02-24,11,0,0
R03,SKU-1049,2025-02-25,11,0,0
R03,SKU-1049,26-Feb-25,13,0,0
R03,SKU-1049,2025-02-27,6,0,0
R03,SKU-1049,2025-02-28,17,0,0
R03,SKU-1161,02/01/2025,37,0,0
R03,SKU-1161,02-Feb-25,29,0,0
R03,SKU-1161,2025-02-03,36,0,0
R03,SKU-1161,2025-02-04,25,0,0
R03,SKU-1161,2025-02-05,24,0,0
R03,SKU-1161,2025-02-06,23,0,0
R03,SKU-1161,2025-02-07,29,2,0
R03,SKU-1161,02/08/2025,33,1,0
R03,SKU-1161,02/09/2025,34,1,0
R03,SKU-1161,2025-02-10,31,0,0
R03,SKU-1161,2025-02-11,37,0,0
R03,SKU-1161,2025-02-12,29,0,0
R03,SKU-1161,2025-02-13,31,0,1
R03,SKU-1161,02/14/2025,29,0,0
R03,SKU-1161,15-Feb-25,38,0,0
R03,SKU-1161,2025-02-16,23,0,0
R03,SKU-1161,2025-02-17,32,0,0
R03,SKU-1161,18-Feb-25,28,0,0
R03,SKU-1161,2025-02-19,33,1,0
R03,SKU-1161,2025-02-20,34,0,0
R03,SKU-1161,2025-02-21,26,1,0
R03,SKU-1161,22-Feb-25,37,0,1
R03,SKU-1161,2025-02-23,38,2,0
R03,SKU-1161,2025-02-24,20,0,0
R03,SKU-1161,02/25/2025,40,0,0
R03,SKU-1161,2025-02-26,21,0,0
R03,SKU-1161,2025-02-27,39,0,0
R03,SKU-1161,2025-02-28,33,0,0
R03,SKU-1063,02/01/2025,8,1,0
R03,SKU-1063,02-Feb-25,3,0,1
R03,SKU-1063,2025-02-03,2,1,0
R03,SKU-1063,02/04/2025,9,0,0
R03,SKU-1063,2025-02-05,8,1,0
R03,SKU-1063,02/06/2025,5,1,0
R03,SKU-1063,2025-02-07,5,1,0
R03,SKU-1063,02/08/2025,7,0,0
R03,SKU-1063,2025-02-09,7,1,0
R03,SKU-1063,2025-02-10,8,1,1
R03,SKU-1063,2025-02-11,7,1,1
R03,SKU-1063,02/12/2025,10,1,0
R03,SKU-1063,2025-02-13,8,1,0
R03,SKU-1063,2025-02-14,6,0,0
R03,SKU-1063,2025-02-15,4,1,1
R03,SKU-1063,02/16/2025,8,0,1
R03,SKU-1063,2025-02-17,4,0,0
R03,SKU-1063,2025-02-18,2,0,0
R03,SKU-1063,2025-02-19,14,0,0
R03,SKU-1063,02/20/2025,7,1,0
R03,SKU-1063,2025-02-21,8,1,0
R03,SKU-1063,2025-02-22,6,0,0
R03,SKU-1063,02/23/2025,3,0,0
R03,SKU-1063,2025-02-24,2,0,0
R03,SKU-1063,2025-02-25,6,0,0
R03,SKU-1063,2025-02-26,5,0,0
R03,SKU-1063,2025-02-27,6,0,0
R03,SKU-1063,02/28/2025,6,1,0
R03,SKU-1224,2025-02-01,14,0,0
R03,SKU-1224,2025-02-02,14,1,0
R03,SKU-1224,2025-02-03,14,0,1
R03,SKU-1224,04-Feb-25,14,1,0
R03,SKU-1224,2025-02-05,19,2,0
R03,SKU-1224,02/06/2025,16,0,0
R03,SKU-1224,02/07/2025,22,0,0
R03,SKU-1224,2025-02-08,13,0,0
R03,SKU-1224,2025-02-09,16,0,1
R03,SKU-1224,2025-02-10,23,0,0
R03,SKU-1224,2025-02-11,19,1,1
R03,SKU-1224,2025-02-12,15,0,0
R03,SKU-1224,13-Feb-25,15,0,0
R03,SKU-1224,2025-02-14,14,0,0
R03,SKU-1224,2025-02-15,18,0,0
R03,SKU-1224,2025-02-16,19,0,0
R03,SKU-1224,02/17/2025,20,0,0
R03,SKU-1224,18-Feb-25,18,1,0
R03,SKU-1224,19-Feb-25,16,1,0
R03,SKU-1224,2025-02-20,16,0,0
R03,SKU-1224,02/21/2025,14,0,0
R03,SKU-1224,02/22/2025,19,0,0
R03,SKU-1224,2025-02-23,10,0,1
R03,SKU-1224,2025-02-24,10,0,0
R03,SKU-1224,2025-02-25,16,1,0
R03,SKU-1224,02/26/2025,14,1,0
R03,SKU-1224,27-Feb-25,24,2,0
R03,SKU-1224,28-Feb-25,8,0,0
R03,SKU-1084,2025-02-01,9,0,0
R03,SKU-1084,2025-02-02,10,1,0
R03,SKU-1084,2025-02-03,10,1,0
R03,SKU-1084,04-Feb-25,11,0,0
R03,SKU-1084,2025-02-05,12,1,1
R03,SKU-1084,02/06/2025,13,0,0
R03,SKU-1084,07-Feb-25,10,0,0
R03,SKU-1084,02/08/2025,8,1,1
R03,SKU-1084,2025-02-09,14,0,0
R03,SKU-1084,02/10/2025,8,1,0
R03,SKU-1084,11-Feb-25,5,0,0
R03,SKU-1084,02/12/2025,12,1,0
R03,SKU-1084,2025-02-13,15,0,0
R03,SKU-1084,02/14/2025,16,1,0
R03,SKU-1084,15-Feb-25,14,0,0
R03,SKU-1084,2025-02-16,11,0,0
R03,SKU-1084,17-Feb-25,10,2,0
R03,SKU-1084,18-Feb-25,15,0,0
R03,SKU-1084,02/19/2025,10,0,0
R03,SKU-1084,2025-02-20,7,1,0
R03,SKU-1084,02/21/2025,7,0,0
R03,SKU-1084,02/22/2025,8,0,0
R03,SKU-1084,23-Feb-25,11,0,0
R03,SKU-1084,02/24/2025,14,1,1
R03,SKU-1084,25-Feb-25,10,0,0
R03,SKU-1084,2025-02-26,12,1,0
R03,SKU-1084,27-Feb-25,12,0,0
R03,SKU-1084,28-Feb-25,16,0,0
R03,SKU-1126,2025-02-01,39,0,1
R03,SKU-1126,02-Feb-25,30,0,0
R03,SKU-1126,02/03/2025,27,0,0
R03,SKU-1126,2025-02-04,25,0,0
R03,SKU-1126,2025-02-05,37,0,0
R03,SKU-1126,02/06/2025,33,0,0
R03,SKU-1126,07-Feb-25,33,0,1
R03,SKU-1126,2025-02-08,22,0,0
R03,SKU-1126,02/09/2025,33,1,0
R03,SKU-1126,2025-02-10,21,1,1
R03,SKU-1126,11-Feb-25,33,1,0
R03,SKU-1126,2025-02-12,30,0,0
R03,SKU-1126,2025-02-13,31,1,0
R03,SKU-1126,2025-02-14,22,1,0
R03,SKU-1126,2025-02-15,28,1,0
R03,SKU-1126,2025-02-16,25,0,1
R03,SKU-1126,02/17/2025,28,0,0
R03,SKU-1126,2025-02-18,26,0,0
R03,SKU-1126,2025-02-19,30,0,1
R03,SKU-1126,2025-02-20,29,0,0
R03,SKU-1126,2025-02-21,32,0,0
R03,SKU-1126,2025-02-22,19,0,0
R03,SKU-1126,2025-02-23,28,0,0
R03,SKU-1126,24-Feb-25,28,1,0
R03,SKU-1126,2025-02-25,27,0,0
R03,SKU-1126,2025-02-26,28,0,0
R03,SKU-1126,2025-02-27,24,0,0
R03,SKU-1126,02/28/2025,26,1,0
R03,SKU-1007,01-Feb-25,3,0,0
R03,SKU-1007,2025-02-02,3,0,0
R03,SKU-1007,2025-02-03,7,1,0
R03,SKU-1007,2025-02-04,3,1,1
R03,SKU-1007,2025-02-05,3,0,0
R03,SKU-1007,2025-02-06,5,1,0
R03,SKU-1007,2025-02-07,4,0,0
R03,SKU-1007,2025-02-08,5,0,0
R03,SKU-1007,2025-02-09,3,0,0
R03,SKU-1007,2025-02-10,4,2,0
R03,SKU-1007,2025-02-11,6,0,1
R03,SKU-1007,2025-02-12,4,1,0
R03,SKU-1007,2025-02-13,9,0,0
R03,SKU-1007,2025-02-14,1,1,1
R03,SKU-1007,2025-02-15,8,0,0
R03,SKU-1007,2025-02-16,3,0,0
R03,SKU-1007,2025-02-17,2,0,0
R03,SKU-1007,2025-02-18,6,0,0
R03,SKU-1007,2025-02-19,3,1,0
R03,SKU-1007,02/20/2025,3,2,0
R03,SKU-1007,2025-02-21,4,0,0
R03,SKU-1007,02/22/2025,7,1,0
R03,SKU-1007,2025-02-23,5,0,0
R03,SKU-1007,02/24/2025,8,0,0
R03,SKU-1007,02/25/2025,5,0,0
R03,SKU-1007,2025-02-26,7,2,0
R03,SKU-1007,27-Feb-25,2,1,0
R03,SKU-1007,2025-02-28,6,0,0
R03,SKU-1021,2025-02-01,31,0,0
R03,SKU-1021,2025-02-02,32,0,1
R03,SKU-1021,2025-02-03,38,1,0
R03,SKU-1021,02/04/2025,28,1,0
R03,SKU-1021,2025-02-05,29,0,0
R03,SKU-1021,2025-02-06,37,0,0
R03,SKU-1021,2025-02-07,19,0,0
R03,SKU-1021,02/08/2025,27,1,0
R03,SKU-1021,2025-02-09,30,0,1
R03,SKU-1021,02/10/2025,33,0,0
R03,SKU-1021,2025-02-11,41,1,0
R03,SKU-1021,2025-02-12,28,2,0
R03,SKU-1021,02/13/2025,28,1,0
R03,SKU-1021,2025-02-14,22,1,0
R03,SKU-1021,02/15/2025,29,0,0
R03,SKU-1021,02/16/2025,23,0,0
R03,SKU-1021,02/17/2025,31,1,0
R03,SKU-1021,2025-02-18,27,0,0
R03,SKU-1021,2025-02-19,39,0,1
R03,SKU-1021,2025-02-20,22,1,0
R03,SKU-1021,2025-02-21,30,1,0
R03,SKU-1021,02/22/2025,42,0,0
R03,SKU-1021,02/23/2025,32,2,0
R03,SKU-1021,24-Feb-25,20,1,0
R03,SKU-1021,02/25/2025,29,1,0
R03,SKU-1021,2025-02-26,26,0,0
R03,SKU-1021,2025-02-27,29,0,0
R03,SKU-1021,2025-02-28,37,1,0
R03,SKU-1119,02/01/2025,33,0,0
R03,SKU-1119,02-Feb-25,31,0,0
R03,SKU-1119,02/03/2025,43,0,1
R03,SKU-1119,2025-02-04,32,1,0
R03,SKU-1119,2025-02-05,38,1,0
R03,SKU-1119,2025-02-06,26,1,1
R03,SKU-1119,07-Feb-25,43,0,0
R03,SKU-1119,02/08/2025,30,0,0
R03,SKU-1119,2025-02-09,30,1,0
R03,SKU-1119,2025-02-10,44,1,0
R03,SKU-1119,2025-02-11,43,0,0
R03,SKU-1119,02/12/2025,32,0,0
R03,SKU-1119,2025-02-13,38,0,0
R03,SKU-1119,2025-02-14,17,1,0
R03,SKU-1119,2025-02-15,33,0,0
R03,SKU-1119,2025-02-16,29,0,0
R03,SKU-1119,17-Feb-25,35,0,0
R03,SKU-1119,2025-02-18,40,0,0
R03,SKU-1119,19-Feb-25,33,1,0
R03,SKU-1119,02/20/2025,42,0,0
R03,SKU-1119,2025-02-21,28,1,0
R03,SKU-1119,2025-02-22,37,0,0
R03,SKU-1119,02/23/2025,32,1,0
R03,SKU-1119,2025-02-24,35,0,0
R03,SKU-1119,2025-02-25,19,0,0
R03,SKU-1119,2025-02-26,33,2,1
R03,SKU-1119,2025-02-27,38,1,0
R03,SKU-1119,02/28/2025,47,0,0
R03,SKU-1070,2025-02-01,17,0,0
R03,SKU-1070,2025-02-02,13,0,0
R03,SKU-1070,02/03/2025,15,0,0
R03,SKU-1070,2025-02-04,15,1,0
R03,SKU-1070,05-Feb-25,16,0,0
R03,SKU-1070,02/06/2025,12,0,0
R03,SKU-1070,02/07/2025,14,0,0
R03,SKU-1070,02/08/2025,19,0,0
R03,SKU-1070,2025-02-09,21,0,0
R03,SKU-1070,2025-02-10,13,0,0
R03,SKU-1070,2025-02-11,17,0,0
R03,SKU-1070,02/12/2025,13,0,0
R03,SKU-1070,02/13/2025,14,2,1
R03,SKU-1070,14-Feb-25,12,0,0
R03,SKU-1070,2025-02-15,26,0,1
R03,SKU-1070,16-Feb-25,12,0,1
R03,SKU-1070,02/17/2025,16,0,0
R03,SKU-1070,02/18/2025,23,0,0
R03,SKU-1070,2025-02-19,17,1,0
R03,SKU-1070,20-Feb-25,18,2,0
R03,SKU-1070,2025-02-21,24,0,0
R03,SKU-1070,02/22/2025,16,0,1
R03,SKU-1070,2025-02-23,20,1,0
R03,SKU-1070,2025-02-24,15,0,0
R03,SKU-1070,2025-02-25,17,1,0
R03,SKU-1070,26-Feb-25,19,1,0
R03,SKU-1070,2025-02-27,17,0,0
R03,SKU-1070,2025-02-28,19,0,0
R03,SKU-1252,2025-02-01,25,0,1
R03,SKU-1252,2025-02-02,26,2,0
R03,SKU-1252,02/03/2025,37,0,0
R03,SKU-1252,2025-02-04,24,1,0
R03,SKU-1252,2025-02-05,30,1,0
R03,SKU-1252,2025-02-06,22,0,0
R03,SKU-1252,2025-02-07,37,1,0
R03,SKU-1252,2025-02-08,20,1,1
R03,SKU-1252,2025-02-09,19,1,0
R03,SKU-1252,02/10/2025,31,0,0
R03,SKU-1252,2025-02-11,26,1,0
R03,SKU-1252,2025-02-12,31,0,0
R03,SKU-1252,2025-02-13,23,0,0
R03,SKU-1252,2025-02-14,29,2,0
R03,SKU-1252,15-Feb-25,28,1,0
R03,SKU-1252,16-Feb-25,23,0,0
R03,SKU-1252,02/17/2025,27,0,0
R03,SKU-1252,02/18/2025,21,1,0
R03,SKU-1252,2025-02-19,27,0,0
R03,SKU-1252,02/20/2025,25,0,0
R03,SKU-1252,21-Feb-25,24,0,0
R03,SKU-1252,22-Feb-25,24,0,0
R03,SKU-1252,02/23/2025,31,0,0
R03,SKU-1252,02/24/2025,32,0,0
R03,SKU-1252,25-Feb-25,33,0,0
R03,SKU-1252,2025-02-26,27,0,0
R03,SKU-1252,02/27/2025,18,1,0
R03,SKU-1252,02/28/2025,28,1,0
R03,SKU-1112,02/01/2025,44,0,0
R03,SKU-1112,2025-02-02,38,0,0
R03,SKU-1112,2025-02-03,31,0,0
R03,SKU-1112,02/04/2025,30,0,0
R03,SKU-1112,2025-02-05,26,0,0
R03,SKU-1112,2025-02-06,27,0,0
R03,SKU-1112,2025-02-07,24,2,0
R03,SKU-1112,2025-02-08,25,0,0
R03,SKU-1112,02/09/2025,18,0,0
R03,SKU-1112,2025-02-10,36,0,0
R03,SKU-1112,2025-02-11,21,0,0
R03,SKU-1112,2025-02-12,32,2,0
R03,SKU-1112,13-Feb-25,36,1,0
R03,SKU-1112,2025-02-14,37,0,0
R03,SKU-1112,2025-02-15,30,0,0
R03,SKU-1112,02/16/2025,21,0,0
R03,SKU-1112,17-Feb-25,29,0,0
R03,SKU-1112,18-Feb-25,26,1,0
R03,SKU-1112,19-Feb-25,30,1,0
R03,SKU-1112,02/20/2025,33,1,0
R03,SKU-1112,02/21/2025,25,1,0
R03,SKU-1112,22-Feb-25,26,0,0
R03,SKU-1112,2025-02-23,31,0,1
R03,SKU-1112,2025-02-24,25,0,1
R03,SKU-1112,2025-02-25,27,0,0
R03,SKU-1112,2025-02-26,20,0,0
R03,SKU-1112,02/27/2025,31,0,0
R03,SKU-1112,2025-02-28,28,1,0
R03,SKU-1175,2025-02-01,14,0,0
R03,SKU-1175,2025-02-02,18,0,0
R03,SKU-1175,02/03/2025,18,0,0
R03,SKU-1175,2025-02-04,17,0,0
R03,SKU-1175,02/05/2025,26,1,0
R03,SKU-1175,2025-02-06,19,2,1
R03,SKU-1175,02/07/2025,10,0,0
R03,SKU-1175,08-Feb-25,24,0,0
R03,SKU-1175,2025-02-09,16,2,1
R03,SKU-1175,2025-02-10,19,0,0
R03,SKU-1175,2025-02-11,15,0,0
R03,SKU-1175,12-Feb-25,24,0,0
R03,SKU-1175,02/13/2025,31,0,1
R03,SKU-1175,2025-02-14,16,0,0
R03,SKU-1175,02/15/2025,25,1,0
R03,SKU-1175,02/16/2025,16,0,0
R03,SKU-1175,02/17/2025,23,0,0
R03,SKU-1175,2025-02-18,15,0,0
R03,SKU-1175,2025-02-19,13,2,0
R03,SKU-1175,02/20/2025,21,0,0
R03,SKU-1175,02/21/2025,13,0,0
R03,SKU-1175,2025-02-22,23,0,0
R03,SKU-1175,02/23/2025,13,1,0
R03,SKU-1175,2025-02-24,17,1,1
R03,SKU-1175,2025-02-25,21,0,1
R03,SKU-1175,02/26/2025,15,0,1
R03,SKU-1175,27-Feb-25,19,0,0
R03,SKU-1175,2025-02-28,19,1,0
R03,SKU-1259,2025-02-01,38,2,0
R03,SKU-1259,02/02/2025,37,0,1
R03,SKU-1259,2025-02-03,27,0,0
R03,SKU-1259,2025-02-04,33,0,1
R03,SKU-1259,2025-02-05,19,1,1
R03,SKU-1259,02/06/2025,30,0,1
R03,SKU-1259,2025-02-07,26,0,0
R03,SKU-1259,02/08/2025,33,0,0
R03,SKU-1259,02/09/2025,45,0,0
R03,SKU-1259,10-Feb-25,32,0,0
R03,SKU-1259,2025-02-11,30,1,0
R03,SKU-1259,2025-02-12,33,2,0
R03,SKU-1259,2025-02-13,35,0,0
R03,SKU-1259,2025-02-14,33,0,0
R03,SKU-1259,2025-02-15,39,0,0
R03,SKU-1259,02/16/2025,33,0,1
R03,SKU-1259,02/17/2025,28,0,0
R03,SKU-1259,2025-02-18,42,0,0
R03,SKU-1259,19-Feb-25,32,0,0
R03,SKU-1259,20-Feb-25,28,0,0
R03,SKU-1259,21-Feb-25,30,0,0
R03,SKU-1259,2025-02-22,25,0,1
R03,SKU-1259,02/23/2025,30,0,0
R03,SKU-1259,2025-02-24,24,1,0
R03,SKU-1259,2025-02-25,37,0,0
R03,SKU-1259,02/26/2025,27,1,0
R03,SKU-1259,02/27/2025,36,0,0
R03,SKU-1259,2025-02-28,38,0,0
R03,SKU-1182,01-Feb-25,2,2,1
R03,SKU-1182,2025-02-02,2,0,0
R03,SKU-1182,2025-02-03,6,0,0
R03,SKU-1182,2025-02-04,3,0,0
R03,SKU-1182,2025-02-05,3,0,0
R03,SKU-1182,06-Feb-25,8,1,0
R03,SKU-1182,2025-02-07,5,0,0
R03,SKU-1182,2025-02-08,5,1,0
R03,SKU-1182,2025-02-09,7,0,1
R03,SKU-1182,02/10/2025,5,0,0
R03,SKU-1182,2025-02-11,8,0,1
R03,SKU-1182,12-Feb-25,4,0,1
R03,SKU-1182,2025-02-13,3,1,0
R03,SKU-1182,2025-02-14,3,0,0
R03,SKU-1182,2025-02-15,4,0,1
R03,SKU-1182,2025-02-16,7,1,0
R03,SKU-1182,2025-02-17,6,0,0
R03,SKU-1182,02/18/2025,1,1,0
R03,SKU-1182,02/19/2025,7,1,0
R03,SKU-1182,2025-02-20,3,0,0
R03,SKU-1182,2025-02-21,4,0,0
R03,SKU-1182,2025-02-22,2,2,0
R03,SKU-1182,2025-02-23,4,1,0
R03,SKU-1182,2025-02-24,3,0,1
R03,SKU-1182,02/25/2025,5,0,0
R03,SKU-1182,26-Feb-25,4,1,0
R03,SKU-1182,2025-02-27,7,0,0
R03,SKU-1182,28-Feb-25,3,0,0
R03,SKU-1266,2025-02-01,33,0,0
R03,SKU-1266,2025-02-02,26,0,0
R03,SKU-1266,2025-02-03,33,0,0
R03,SKU-1266,04-Feb-25,29,2,0
R03,SKU-1266,2025-02-05,34,0,0
R03,SKU-1266,2025-02-06,27,1,0
R03,SKU-1266,2025-02-07,45,0,0
R03,SKU-1266,2025-02-08,38,0,0
R03,SKU-1266,2025-02-09,28,0,0
R03,SKU-1266,2025-02-10,20,1,0
R03,SKU-1266,2025-02-11,33,1,0
R03,SKU-1266,12-Feb-25,26,0,0
R03,SKU-1266,2025-02-13,27,1,0
R03,SKU-1266,2025-02-14,24,1,0
R03,SKU-1266,02/15/2025,31,0,0
R03,SKU-1266,02/16/2025,35,0,0
R03,SKU-1266,17-Feb-25,43,0,0
R03,SKU-1266,2025-02-18,34,0,0
R03,SKU-1266,19-Feb-25,38,0,0
R03,SKU-1266,2025-02-20,24,0,0
R03,SKU-1266,2025-02-21,22,1,0
R03,SKU-1266,2025-02-22,28,0,0
R03,SKU-1266,02/23/2025,22,1,0
R03,SKU-1266,2025-02-24,28,0,0
R03,SKU-1266,2025-02-25,19,1,0
R03,SKU-1266,2025-02-26,33,1,0
R03,SKU-1266,02/27/2025,35,0,0
R03,SKU-1266,02/28/2025,32,0,0
R03,SKU-1077,2025-02-01,12,0,0
R03,SKU-1077,02/02/2025,15,1,0
R03,SKU-1077,2025-02-03,15,1,0
R03,SKU-1077,2025-02-04,16,0,0
R03,SKU-1077,2025-02-05,12,0,0
R03,SKU-1077,2025-02-06,9,0,1
R03,SKU-1077,2025-02-07,11,0,0
R03,SKU-1077,2025-02-08,16,0,0
R03,SKU-1077,02/09/2025,22,1,0
R03,SKU-1077,2025-02-10,18,0,0
R03,SKU-1077,02/11/2025,16,0,0
R03,SKU-1077,02/12/2025,15,0,0
R03,SKU-1077,02/13/2025,18,0,0
R03,SKU-1077,2025-02-14,12,0,0
R03,SKU-1077,2025-02-15,14,0,0
R03,SKU-1077,16-Feb-25,19,0,0
R03,SKU-1077,2025-02-17,17,3,0
R03,SKU-1077,2025-02-18,9,0,0
R03,SKU-1077,02/19/2025,10,0,0
R03,SKU-1077,02/20/2025,22,0,0
R03,SKU-1077,02/21/2025,12,0,0
R03,SKU-1077,02/22/2025,19,0,0
R03,SKU-1077,02/23/2025,14,1,0
R03,SKU-1077,2025-02-24,11,0,1
R03,SKU-1077,25-Feb-25,17,0,0
R03,SKU-1077,2025-02-26,18,3,0
R03,SKU-1077,02/27/2025,17,0,0
R03,SKU-1077,2025-02-28,13,0,0
R03,SKU-1280,2025-02-01,32,0,0
R03,SKU-1280,2025-02-02,24,0,0
R03,SKU-1280,02/03/2025,28,0,0
R03,SKU-1280,02/04/2025,21,1,0
R03,SKU-1280,2025-02-05,27,0,1
R03,SKU-1280,2025-02-06,29,0,0
R03,SKU-1280,2025-02-07,26,0,0
R03,SKU-1280,2025-02-08,25,0,0
R03,SKU-1280,2025-02-09,25,0,0
R03,SKU-1280,2025-02-10,16,1,0
R03,SKU-1280,2025-02-11,30,0,0
R03,SKU-1280,2025-02-12,33,0,0
R03,SKU-1280,2025-02-13,30,1,0
R03,SKU-1280,2025-02-14,33,0,0
R03,SKU-1280,02/15/2025,25,0,0
R03,SKU-1280,2025-02-16,27,0,0
R03,SKU-1280,2025-02-17,30,0,0
R03,SKU-1280,2025-02-18,25,0,0
R03,SKU-1280,2025-02-19,30,1,0
R03,SKU-1280,20-Feb-25,29,1,0
R03,SKU-1280,2025-02-21,19,0,0
R03,SKU-1280,02/22/2025,21,0,0
R03,SKU-1280,2025-02-23,33,0,0
R03,SKU-1280,24-Feb-25,31,1,0
R03,SKU-1280,25-Feb-25,40,0,1
R03,SKU-1280,2025-02-26,20,1,0
R03,SKU-1280,2025-02-27,22,0,0
R03,SKU-1280,2025-02-28,28,0,0
R03,SKU-1238,2025-02-01,23,0,0
R03,SKU-1238,2025-02-02,22,0,0
R03,SKU-1238,2025-02-03,33,0,0
R03,SKU-1238,2025-02-04,19,0,0
R03,SKU-1238,2025-02-05,28,0,0
R03,SKU-1238,2025-02-06,22,0,1
R03,SKU-1238,2025-02-07,36,0,0
R03,SKU-1238,2025-02-08,19,0,0
R03,SKU-1238,2025-02-09,22,0,0
R03,SKU-1238,2025-02-10,28,0,1
R03,SKU-1238,11-Feb-25,42,1,0
R03,SKU-1238,02/12/2025,33,1,0
R03,SKU-1238,02/13/2025,24,1,1
R03,SKU-1238,14-Feb-25,31,0,0
R03,SKU-1238,15-Feb-25,28,1,0
R03,SKU-1238,02/16/2025,33,0,0
R03,SKU-1238,2025-02-17,22,0,0
R03,SKU-1238,02/18/2025,35,0,0
R03,SKU-1238,02/19/2025,24,0,0
R03,SKU-1238,2025-02-20,30,1,0
R03,SKU-1238,2025-02-21,35,1,0
R03,SKU-1238,02/22/2025,25,2,0
R03,SKU-1238,23-Feb-25,18,1,0
R03,SKU-1238,2025-02-24,23,0,0
R03,SKU-1238,25-Feb-25,17,0,0
R03,SKU-1238,2025-02-26,31,1,0
R03,SKU-1238,2025-02-27,21,1,1
R03,SKU-1238,02/28/2025,23,0,0
R03,SKU-1217,2025-02-01,11,0,0
R03,SKU-1217,2025-02-02,13,0,0
R03,SKU-1217,02/03/2025,6,0,1
R03,SKU-1217,02/04/2025,16,0,0
R03,SKU-1217,2025-02-05,8,1,0
R03,SKU-1217,2025-02-06,7,0,0
R03,SKU-1217,02/07/2025,18,0,0
R03,SKU-1217,2025-02-08,10,1,0
R03,SKU-1217,2025-02-09,7,0,1
R03,SKU-1217,2025-02-10,10,0,0
R03,SKU-1217,2025-02-11,15,0,0
R03,SKU-1217,2025-02-12,8,1,0
R03,SKU-1217,02/13/2025,11,1,0
R03,SKU-1217,2025-02-14,12,1,0
R03,SKU-1217,2025-02-15,11,0,1
R03,SKU-1217,2025-02-16,13,0,0
R03,SKU-1217,2025-02-17,11,1,0
R03,SKU-1217,2025-02-18,11,0,0
R03,SKU-1217,02/19/2025,18,0,0
R03,SKU-1217,2025-02-20,8,0,1
R03,SKU-1217,2025-02-21,6,0,1
R03,SKU-1217,02/22/2025,9,1,0
R03,SKU-1217,02/23/2025,11,0,0
R03,SKU-1217,2025-02-24,2,1,0
R03,SKU-1217,25-Feb-25,7,0,0
R03,SKU-1217,2025-02-26,11,2,1
R03,SKU-1217,2025-02-27,12,0,0
R03,SKU-1217,2025-02-28,14,1,0
R04,SKU-1056,2025-02-01,6,0,0
R04,SKU-1056,2025-02-02,4,1,0
R04,SKU-1056,2025-02-03,7,0,0
R04,SKU-1056,02/04/2025,4,0,0
R04,SKU-1056,2025-02-05,1,1,0
R04,SKU-1056,2025-02-06,4,0,0
R04,SKU-1056,2025-02-07,6,1,0
R04,SKU-1056,2025-02-08,4,1,0
R04,SKU-1056,2025-02-09,5,0,0
R04,SKU-1056,2025-02-10,2,0,0
R04,SKU-1056,2025-02-11,5,1,1
R04,SKU-1056,2025-02-12,1,0,0
R04,SKU-1056,2025-02-13,4,2,0
R04,SKU-1056,02/14/2025,4,1,0
R04,SKU-1056,02/15/2025,5,0,0
R04,SKU-1056,2025-02-16,5,1,0
R04,SKU-1056,02/17/2025,5,0,0
R04,SKU-1056,02/18/2025,6,0,0
R04,SKU-1056,02/19/2025,4,0,0
R04,SKU-1056,2025-02-20,4,0,0
R04,SKU-1056,2025-02-21,6,0,0
R04,SKU-1056,2025-02-22,5,1,0
R04,SKU-1056,2025-02-23,4,0,0
R04,SKU-1056,2025-02-24,1,0,0
R04,SKU-1056,2025-02-25,1,0,0
R04,SKU-1056,2025-02-26,9,1,0
R04,SKU-1056,02/27/2025,7,1,0
R04,SKU-1056,02/28/2025,3,0,0
R04,SKU-1231,2025-02-01,31,0,0
R04,SKU-1231,2025-02-02,25,0,0
R04,SKU-1231,2025-02-03,19,0,0
R04,SKU-1231,02/04/2025,24,1,0
R04,SKU-1231,05-Feb-25,28,0,0
R04,SKU-1231,2025-02-06,32,0,0
R04,SKU-1231,2025-02-07,27,0,0
R04,SKU-1231,02/08/2025,27,1,0
R04,SKU-1231,2025-02-09,24,0,0
R04,SKU-1231,2025-02-10,34,0,0
R04,SKU-1231,2025-02-11,29,0,0
R04,SKU-1231,2025-02-12,30,0,0
R04,SKU-1231,2025-02-13,21,0,0
R04,SKU-1231,14-Feb-25,26,0,0
R04,SKU-1231,2025-02-15,26,1,0
R04,SKU-1231,16-Feb-25,17,0,0
R04,SKU-1231,2025-02-17,28,1,0
R04,SKU-1231,2025-02-18,25,0,0
R04,SKU-1231,02/19/2025,28,0,0
R04,SKU-1231,2025-02-20,26,0,0
R04,SKU-1231,2025-02-21,20,1,0
R04,SKU-1231,02/22/2025,24,0,0
R04,SKU-1231,2025-02-23,27,0,0
R04,SKU-1231,24-Feb-25,28,0,0
R04,SKU-1231,25-Feb-25,29,1,0
R04,SKU-1231,2025-02-26,33,0,0
R04,SKU-1231,2025-02-27,16,0,1
R04,SKU-1231,2025-02-28,20,0,1
R04,SKU-1077,02/01/2025,32,1,0
R04,SKU-1077,2025-02-02,25,0,0
R04,SKU-1077,2025-02-03,30,1,0
R04,SKU-1077,02/04/2025,25,2,0
R04,SKU-1077,02/05/2025,27,0,0
R04,SKU-1077,2025-02-06,24,0,0
R04,SKU-1077,2025-02-07,23,1,0
R04,SKU-1077,2025-02-08,32,1,0
R04,SKU-1077,02/09/2025,30,0,0
R04,SKU-1077,02/10/2025,27,0,0
R04,SKU-1077,11-Feb-25,24,1,0
R04,SKU-1077,2025-02-12,24,0,0
R04,SKU-1077,2025-02-13,32,1,0
R04,SKU-1077,2025-02-14,19,0,0
R04,SKU-1077,15-Feb-25,31,0,0
R04,SKU-1077,2025-02-16,32,0,0
R04,SKU-1077,02/17/2025,28,1,0
R04,SKU-1077,02/18/2025,28,0,0
R04,SKU-1077,19-Feb-25,30,0,0
R04,SKU-1077,2025-02-20,32,1,0
R04,SKU-1077,02/21/2025,30,1,1
R04,SKU-1077,2025-02-22,38,0,0
R04,SKU-1077,2025-02-23,21,1,0
R04,SKU-1077,02/24/2025,22,1,0
R04,SKU-1077,2025-02-25,30,0,0
R04,SKU-1077,02/26/2025,28,0,0
R04,SKU-1077,2025-02-27,26,0,1
R04,SKU-1077,02/28/2025,26,1,0
R04,SKU-1021,2025-02-01,25,0,1
R04,SKU-1021,02-Feb-25,37,0,0
R04,SKU-1021,2025-02-03,29,2,1
R04,SKU-1021,02/04/2025,21,0,0
R04,SKU-1021,02/05/2025,24,1,0
R04,SKU-1021,02/06/2025,28,1,0
R04,SKU-1021,2025-02-07,24,0,0
R04,SKU-1021,2025-02-08,25,0,0
R04,SKU-1021,02/09/2025,26,1,0
R04,SKU-1021,02/10/2025,29,0,0
R04,SKU-1021,2025-02-11,33,0,0
R04,SKU-1021,2025-02-12,19,0,0
R04,SKU-1021,02/13/2025,22,0,0
R04,SKU-1021,2025-02-14,22,0,0
R04,SKU-1021,2025-02-15,24,0,0
R04,SKU-1021,2025-02-16,35,1,0
R04,SKU-1021,2025-02-17,28,0,0
R04,SKU-1021,2025-02-18,19,2,1
R04,SKU-1021,2025-02-19,31,0,0
R04,SKU-1021,2025-02-20,26,0,0
R04,SKU-1021,02/21/2025,21,0,0
R04,SKU-1021,2025-02-22,22,2,0
R04,SKU-1021,2025-02-23,19,0,0
R04,SKU-1021,24-Feb-25,23,0,0
R04,SKU-1021,2025-02-25,27,0,0
R04,SKU-1021,2025-02-26,30,1,0
R04,SKU-1021,2025-02-27,26,0,0
R04,SKU-1021,2025-02-28,29,1,0
R04,SKU-1028,2025-02-01,12,0,0
R04,SKU-1028,2025-02-02,10,2,1
R04,SKU-1028,03-Feb-25,12,1,0
R04,SKU-1028,04-Feb-25,9,1,0
R04,SKU-1028,2025-02-05,13,0,0
R04,SKU-1028,02/06/2025,7,1,0
R04,SKU-1028,2025-02-07,5,1,0
R04,SKU-1028,2025-02-08,9,0,0
R04,SKU-1028,02/09/2025,9,0,0
R04,SKU-1028,02/10/2025,15,1,0
R04,SKU-1028,2025-02-11,5,0,0
R04,SKU-1028,02/12/2025,7,1,0
R04,SKU-1028,2025-02-13,8,0,0
R04,SKU-1028,2025-02-14,11,0,0
R04,SKU-1028,2025-02-15,12,1,0
R04,SKU-1028,02/16/2025,14,1,0
R04,SKU-1028,2025-02-17,15,0,0
R04,SKU-1028,02/18/2025,7,1,0
R04,SKU-1028,2025-02-19,11,0,0
R04,SKU-1028,02/20/2025,5,0,0
R04,SKU-1028,2025-02-21,5,0,0
R04,SKU-1028,2025-02-22,13,0,0
R04,SKU-1028,2025-02-23,9,0,0
R04,SKU-1028,2025-02-24,18,0,0
R04,SKU-1028,25-Feb-25,10,0,0
R04,SKU-1028,2025-02-26,13,1,0
R04,SKU-1028,2025-02-27,8,0,0
R04,SKU-1028,2025-02-28,8,0,0
R04,SKU-1035,2025-02-01,13,2,0
R04,SKU-1035,2025-02-02,6,2,0
R04,SKU-1035,2025-02-03,14,0,0
R04,SKU-1035,2025-02-04,8,1,0
R04,SKU-1035,05-Feb-25,10,1,0
R04,SKU-1035,06-Feb-25,11,0,1
R04,SKU-1035,2025-02-07,17,1,0
R04,SKU-1035,02/08/2025,9,0,0
R04,SKU-1035,02/09/2025,11,1,0
R04,SKU-1035,2025-02-10,17,1,0
R04,SKU-1035,2025-02-11,16,0,0
R04,SKU-1035,2025-02-12,14,0,0
R04,SKU-1035,2025-02-13,15,0,1
R04,SKU-1035,02/14/2025,15,0,0
R04,SKU-1035,2025-02-15,13,0,0
R04,SKU-1035,2025-02-16,9,2,0
R04,SKU-1035,17-Feb-25,10,0,0
R04,SKU-1035,2025-02-18,11,0,0
R04,SKU-1035,19-Feb-25,16,0,0
R04,SKU-1035,2025-02-20,10,3,0
R04,SKU-1035,2025-02-21,13,0,0
R04,SKU-1035,2025-02-22,9,1,0
R04,SKU-1035,02/23/2025,13,0,0
R04,SKU-1035,24-Feb-25,14,2,1
R04,SKU-1035,2025-02-25,9,1,0
R04,SKU-1035,2025-02-26,7,0,0
R04,SKU-1035,27-Feb-25,10,0,0
R04,SKU-1035,02/28/2025,20,0,0
R04,SKU-1182,2025-02-01,18,1,0
R04,SKU-1182,02-Feb-25,25,0,0
R04,SKU-1182,2025-02-03,18,0,1
R04,SKU-1182,2025-02-04,21,0,0
R04,SKU-1182,05-Feb-25,26,0,0
R04,SKU-1182,2025-02-06,22,1,0
R04,SKU-1182,2025-02-07,16,2,0
R04,SKU-1182,08-Feb-25,21,3,0
R04,SKU-1182,2025-02-09,18,1,0
R04,SKU-1182,2025-02-10,18,0,0
R04,SKU-1182,11-Feb-25,15,1,0
R04,SKU-1182,02/12/2025,11,0,0
R04,SKU-1182,02/13/2025,22,0,0
R04,SKU-1182,14-Feb-25,21,0,0
R04,SKU-1182,2025-02-15,19,0,0
R04,SKU-1182,2025-02-16,19,0,0
R04,SKU-1182,2025-02-17,16,0,0
R04,SKU-1182,2025-02-18,25,2,1
R04,SKU-1182,02/19/2025,16,0,0
R04,SKU-1182,20-Feb-25,25,0,0
R04,SKU-1182,2025-02-21,17,0,0
R04,SKU-1182,2025-02-22,26,1,0
R04,SKU-1182,02/23/2025,22,0,0
R04,SKU-1182,02/24/2025,24,0,0
R04,SKU-1182,2025-02-25,16,0,0
R04,SKU-1182,26-Feb-25,15,0,0
R04,SKU-1182,2025-02-27,19,0,1
R04,SKU-1182,2025-02-28,16,3,0
R04,SKU-1238,02/01/2025,3,0,0
R04,SKU-1238,02/02/2025,9,0,0
R04,SKU-1238,2025-02-03,4,0,0
R04,SKU-1238,2025-02-04,6,0,0
R04,SKU-1238,2025-02-05,4,0,0
R04,SKU-1238,2025-02-06,8,0,0
R04,SKU-1238,2025-02-07,8,0,0
R04,SKU-1238,02/08/2025,3,0,0
R04,SKU-1238,2025-02-09,6,2,0
R04,SKU-1238,2025-02-10,3,0,0
R04,SKU-1238,2025-02-11,8,0,0
R04,SKU-1238,2025-02-12,6,0,0
R04,SKU-1238,2025-02-13,8,0,0
R04,SKU-1238,2025-02-14,4,0,0
R04,SKU-1238,02/15/2025,7,0,0
R04,SKU-1238,2025-02-16,7,1,0
R04,SKU-1238,2025-02-17,6,0,0
R04,SKU-1238,2025-02-18,5,1,0
R04,SKU-1238,02/19/2025,9,1,0
R04,SKU-1238,2025-02-20,6,1,0
R04,SKU-1238,2025-02-21,7,0,0
R04,SKU-1238,02/22/2025,7,0,0
R04,SKU-1238,23-Feb-25,7,1,0
R04,SKU-1238,2025-02-24,3,0,1
R04,SKU-1238,2025-02-25,6,0,0
R04,SKU-1238,02/26/2025,4,1,0
R04,SKU-1238,27-Feb-25,9,0,0
R04,SKU-1238,02/28/2025,6,0,0
R04,SKU-1280,02/01/2025,27,1,0
R04,SKU-1280,02/02/2025,25,0,0
R04,SKU-1280,2025-02-03,32,0,0
R04,SKU-1280,2025-02-04,30,0,0
R04,SKU-1280,2025-02-05,31,1,0
R04,SKU-1280,02/06/2025,28,1,0
R04,SKU-1280,2025-02-07,27,1,0
R04,SKU-1280,08-Feb-25,18,0,0
R04,SKU-1280,2025-02-09,26,0,1
R04,SKU-1280,02/10/2025,39,0,1
R04,SKU-1280,11-Feb-25,22,0,1
R04,SKU-1280,02/12/2025,32,0,0
R04,SKU-1280,13-Feb-25,24,1,1
R04,SKU-1280,2025-02-14,32,0,0
R04,SKU-1280,2025-02-15,28,1,1
R04,SKU-1280,02/16/2025,29,0,0
R04,SKU-1280,2025-02-17,22,1,0
R04,SKU-1280,02/18/2025,23,0,0
R04,SKU-1280,2025-02-19,29,1,0
R04,SKU-1280,2025-02-20,19,1,0
R04,SKU-1280,21-Feb-25,28,3,1
R04,SKU-1280,02/22/2025,30,3,0
R04,SKU-1280,23-Feb-25,22,0,1
R04,SKU-1280,02/24/2025,32,0,0
R04,SKU-1280,2025-02-25,29,1,0
R04,SKU-1280,2025-02-26,26,0,0
R04,SKU-1280,2025-02-27,20,0,0
R04,SKU-1280,2025-02-28,27,0,1
R04,SKU-1273,2025-02-01,5,1,0
R04,SKU-1273,02-Feb-25,9,0,0
R04,SKU-1273,2025-02-03,6,0,0
R04,SKU-1273,2025-02-04,6,0,0
R04,SKU-1273,05-Feb-25,6,0,0
R04,SKU-1273,06-Feb-25,7,0,0
R04,SKU-1273,02/07/2025,3,1,0
R04,SKU-1273,02/08/2025,3,0,0
R04,SKU-1273,2025-02-09,8,0,0
R04,SKU-1273,2025-02-10,4,0,0
R04,SKU-1273,2025-02-11,6,0,0
R04,SKU-1273,2025-02-12,7,2,0
R04,SKU-1273,2025-02-13,9,0,1
R04,SKU-1273,14-Feb-25,9,1,0
R04,SKU-1273,2025-02-15,3,0,0
R04,SKU-1273,2025-02-16,5,0,0
R04,SKU-1273,2025-02-17,5,1,0
R04,SKU-1273,2025-02-18,7,0,0
R04,SKU-1273,02/19/2025,5,0,1
R04,SKU-1273,2025-02-20,2,2,0
R04,SKU-1273,21-Feb-25,8,2,0
R04,SKU-1273,2025-02-22,8,0,0
R04,SKU-1273,23-Feb-25,4,0,0
R04,SKU-1273,02/24/2025,7,0,0
R04,SKU-1273,2025-02-25,9,1,0
R04,SKU-1273,2025-02-26,8,1,0
R04,SKU-1273,02/27/2025,4,1,0
R04,SKU-1273,28-Feb-25,5,1,0
R04,SKU-1091,2025-02-01,8,0,0
R04,SKU-1091,2025-02-02,13,0,0
R04,SKU-1091,2025-02-03,10,0,0
R04,SKU-1091,04-Feb-25,8,0,0
R04,SKU-1091,02/05/2025,5,1,0
R04,SKU-1091,2025-02-06,9,1,0
R04,SKU-1091,2025-02-07,8,1,1
R04,SKU-1091,2025-02-08,13,0,0
R04,SKU-1091,02/09/2025,13,0,1
R04,SKU-1091,2025-02-10,12,0,0
R04,SKU-1091,02/11/2025,7,0,0
R04,SKU-1091,2025-02-12,6,0,0
R04,SKU-1091,13-Feb-25,8,1,0
R04,SKU-1091,2025-02-14,5,0,0
R04,SKU-1091,15-Feb-25,8,2,0
R04,SKU-1091,2025-02-16,6,0,0
R04,SKU-1091,2025-02-17,7,0,0
R04,SKU-1091,02/18/2025,6,0,0
R04,SKU-1091,19-Feb-25,4,0,1
R04,SKU-1091,2025-02-20,11,1,0
R04,SKU-1091,02/21/2025,11,2,0
R04,SKU-1091,22-Feb-25,9,0,0
R04,SKU-1091,2025-02-23,9,0,0
R04,SKU-1091,24-Feb-25,4,0,0
R04,SKU-1091,25-Feb-25,12,0,0
R04,SKU-1091,2025-02-26,10,0,0
R04,SKU-1091,2025-02-27,8,0,0
R04,SKU-1091,2025-02-28,4,0,0
R04,SKU-1210,2025-02-01,29,2,0
R04,SKU-1210,2025-02-02,23,0,0
R04,SKU-1210,2025-02-03,38,2,0
R04,SKU-1210,02/04/2025,32,1,0
R04,SKU-1210,2025-02-05,29,0,0
R04,SKU-1210,06-Feb-25,40,0,0
R04,SKU-1210,02/07/2025,31,0,0
R04,SKU-1210,02/08/2025,39,0,0
R04,SKU-1210,2025-02-09,36,1,0
R04,SKU-1210,2025-02-10,41,0,1
R04,SKU-1210,11-Feb-25,33,0,0
R04,SKU-1210,02/12/2025,31,1,0
R04,SKU-1210,2025-02-13,32,0,0
R04,SKU-1210,2025-02-14,39,0,0
R04,SKU-1210,02/15/2025,33,0,0
R04,SKU-1210,2025-02-16,26,0,0
R04,SKU-1210,2025-02-17,39,1,0
R04,SKU-1210,2025-02-18,33,0,0
R04,SKU-1210,2025-02-19,22,2,0
R04,SKU-1210,2025-02-20,37,1,0
R04,SKU-1210,21-Feb-25,35,0,1
R04,SKU-1210,2025-02-22,38,0,0
R04,SKU-1210,2025-02-23,21,0,0
R04,SKU-1210,02/24/2025,33,2,0
R04,SKU-1210,2025-02-25,29,0,0
R04,SKU-1210,2025-02-26,27,0,0
R04,SKU-1210,2025-02-27,42,1,0
R04,SKU-1210,2025-02-28,24,0,0
R04,SKU-1266,2025-02-01,10,0,0
R04,SKU-1266,2025-02-02,6,0,0
R04,SKU-1266,2025-02-03,7,2,1
R04,SKU-1266,2025-02-04,8,1,0
R04,SKU-1266,05-Feb-25,6,0,1
R04,SKU-1266,06-Feb-25,5,0,0
R04,SKU-1266,07-Feb-25,10,0,0
R04,SKU-1266,2025-02-08,5,0,0
R04,SKU-1266,2025-02-09,7,0,0
R04,SKU-1266,2025-02-10,5,1,0
R04,SKU-1266,2025-02-11,5,0,0
R04,SKU-1266,2025-02-12,3,0,0
R04,SKU-1266,02/13/2025,7,1,0
R04,SKU-1266,2025-02-14,4,0,0
R04,SKU-1266,02/15/2025,6,0,0
R04,SKU-1266,2025-02-16,4,1,0
R04,SKU-1266,2025-02-17,11,0,0
R04,SKU-1266,18-Feb-25,7,1,0
R04,SKU-1266,02/19/2025,6,0,0
R04,SKU-1266,02/20/2025,6,1,0
R04,SKU-1266,02/21/2025,3,1,0
R04,SKU-1266,2025-02-22,8,0,0
R04,SKU-1266,02/23/2025,8,1,1
R04,SKU-1266,2025-02-24,6,0,0
R04,SKU-1266,2025-02-25,5,1,0
R04,SKU-1266,26-Feb-25,5,0,1
R04,SKU-1266,2025-02-27,13,0,0
R04,SKU-1266,2025-02-28,10,0,0
R04,SKU-1259,02/01/2025,12,0,0
R04,SKU-1259,2025-02-02,7,0,0
R04,SKU-1259,02/03/2025,5,1,0
R04,SKU-1259,2025-02-04,4,0,0
R04,SKU-1259,2025-02-05,6,0,0
R04,SKU-1259,2025-02-06,8,0,0
R04,SKU-1259,2025-02-07,13,0,0
R04,SKU-1259,02/08/2025,7,0,0
R04,SKU-1259,2025-02-09,7,0,1
R04,SKU-1259,02/10/2025,9,0,0
R04,SKU-1259,2025-02-11,9,1,0
R04,SKU-1259,2025-02-12,7,0,0
R04,SKU-1259,2025-02-13,11,2,0
R04,SKU-1259,02/14/2025,3,0,1
R04,SKU-1259,2025-02-15,8,0,0
R04,SKU-1259,16-Feb-25,10,1,0
R04,SKU-1259,02/17/2025,9,0,0
R04,SKU-1259,2025-02-18,5,1,0
R04,SKU-1259,2025-02-19,6,1,0
R04,SKU-1259,2025-02-20,5,0,0
R04,SKU-1259,02/21/2025,3,1,0
R04,SKU-1259,2025-02-22,9,0,0
R04,SKU-1259,02/23/2025,14,0,0
R04,SKU-1259,24-Feb-25,10,0,1
R04,SKU-1259,2025-02-25,9,2,0
R04,SKU-1259,02/26/2025,7,0,1
R04,SKU-1259,2025-02-27,4,0,0
R04,SKU-1259,2025-02-28,6,2,0
R04,SKU-1133,2025-02-01,4,1,0
R04,SKU-1133,2025-02-02,7,1,0
R04,SKU-1133,2025-02-03,7,1,0
R04,SKU-1133,2025-02-04,9,0,0
R04,SKU-1133,2025-02-05,6,1,0
R04,SKU-1133,2025-02-06,6,0,0
R04,SKU-1133,2025-02-07,5,0,0
R04,SKU-1133,2025-02-08,8,0,0
R04,SKU-1133,02/09/2025,5,1,0
R04,SKU-1133,02/10/2025,4,0,0
R04,SKU-1133,11-Feb-25,0,1,1
R04,SKU-1133,02/12/2025,6,0,0
R04,SKU-1133,13-Feb-25,6,0,0
R04,SKU-1133,14-Feb-25,7,0,0
R04,SKU-1133,2025-02-15,4,0,0
R04,SKU-1133,2025-02-16,5,0,0
R04,SKU-1133,2025-02-17,9,0,0
R04,SKU-1133,2025-02-18,9,1,0
R04,SKU-1133,02/19/2025,2,0,0
R04,SKU-1133,2025-02-20,9,0,1
R04,SKU-1133,21-Feb-25,8,0,0
R04,SKU-1133,02/22/2025,8,1,1
R04,SKU-1133,23-Feb-25,5,1,0
R04,SKU-1133,2025-02-24,8,0,0
R04,SKU-1133,2025-02-25,6,0,0
R04,SKU-1133,2025-02-26,0,0,0
R04,SKU-1133,2025-02-27,4,0,0
R04,SKU-1133,2025-02-28,5,1,0
R04,SKU-1126,2025-02-01,5,1,0
R04,SKU-1126,2025-02-02,13,0,0
R04,SKU-1126,2025-02-03,8,1,1
R04,SKU-1126,02/04/2025,7,0,0
R04,SKU-1126,2025-02-05,7,1,0
R04,SKU-1126,2025-02-06,17,0,0
R04,SKU-1126,2025-02-07,14,0,1
R04,SKU-1126,08-Feb-25,12,1,0
R04,SKU-1126,02/09/2025,10,0,1
R04,SKU-1126,02/10/2025,10,0,0
R04,SKU-1126,2025-02-11,12,0,0
R04,SKU-1126,2025-02-12,14,0,0
R04,SKU-1126,2025-02-13,11,0,1
R04,SKU-1126,14-Feb-25,17,0,0
R04,SKU-1126,2025-02-15,9,0,0
R04,SKU-1126,2025-02-16,13,1,0
R04,SKU-1126,2025-02-17,8,0,0
R04,SKU-1126,2025-02-18,13,0,0
R04,SKU-1126,19-Feb-25,8,0,0
R04,SKU-1126,2025-02-20,14,2,0
R04,SKU-1126,2025-02-21,10,1,0
R04,SKU-1126,22-Feb-25,12,0,0
R04,SKU-1126,02/23/2025,9,0,0
R04,SKU-1126,02/24/2025,11,0,1
R04,SKU-1126,2025-02-25,14,0,1
R04,SKU-1126,2025-02-26,7,0,0
R04,SKU-1126,02/27/2025,15,0,0
R04,SKU-1126,2025-02-28,15,0,0
R04,SKU-1175,01-Feb-25,14,2,0
R04,SKU-1175,02/02/2025,13,2,0
R04,SKU-1175,2025-02-03,20,0,0
R04,SKU-1175,2025-02-04,9,0,0
R04,SKU-1175,2025-02-05,15,1,0
R04,SKU-1175,2025-02-06,9,0,1
R04,SKU-1175,02/07/2025,16,0,1
R04,SKU-1175,02/08/2025,10,0,0
R04,SKU-1175,02/09/2025,16,0,0
R04,SKU-1175,2025-02-10,17,0,0
R04,SKU-1175,2025-02-11,21,0,0
R04,SKU-1175,2025-02-12,11,0,0
R04,SKU-1175,2025-02-13,6,0,0
R04,SKU-1175,2025-02-14,14,0,0
R04,SKU-1175,2025-02-15,17,0,0
R04,SKU-1175,2025-02-16,9,0,1
R04,SKU-1175,17-Feb-25,16,2,0
R04,SKU-1175,2025-02-18,10,0,0
R04,SKU-1175,2025-02-19,11,0,0
R04,SKU-1175,02/20/2025,16,0,0
R04,SKU-1175,21-Feb-25,23,1,0
R04,SKU-1175,2025-02-22,11,1,0
R04,SKU-1175,02/23/2025,13,0,0
R04,SKU-1175,24-Feb-25,12,1,0
R04,SKU-1175,02/25/2025,5,1,0
R04,SKU-1175,02/26/2025,16,1,0
R04,SKU-1175,02/27/2025,10,0,0
R04,SKU-1175,2025-02-28,14,1,0
R04,SKU-1098,2025-02-01,13,0,1
R04,SKU-1098,2025-02-02,23,0,1
R04,SKU-1098,2025-02-03,16,0,0
R04,SKU-1098,02/04/2025,16,1,0
R04,SKU-1098,2025-02-05,23,1,0
R04,SKU-1098,2025-02-06,20,0,0
R04,SKU-1098,2025-02-07,16,1,0
R04,SKU-1098,2025-02-08,25,0,0
R04,SKU-1098,02/09/2025,29,1,0
R04,SKU-1098,2025-02-10,24,1,0
R04,SKU-1098,2025-02-11,18,1,1
R04,SKU-1098,2025-02-12,22,0,0
R04,SKU-1098,2025-02-13,17,0,0
R04,SKU-1098,02/14/2025,28,0,0
R04,SKU-1098,2025-02-15,17,1,0
R04,SKU-1098,2025-02-16,20,0,0
R04,SKU-1098,2025-02-17,21,0,0
R04,SKU-1098,2025-02-18,17,0,0
R04,SKU-1098,2025-02-19,10,1,0
R04,SKU-1098,2025-02-20,24,0,0
R04,SKU-1098,02/21/2025,16,0,0
R04,SKU-1098,2025-02-22,19,0,0
R04,SKU-1098,2025-02-23,18,1,0
R04,SKU-1098,2025-02-24,18,0,0
R04,SKU-1098,02/25/2025,17,0,0
R04,SKU-1098,2025-02-26,24,0,0
R04,SKU-1098,2025-02-27,23,0,0
R04,SKU-1098,28-Feb-25,13,0,0
R04,SKU-1196,02/01/2025,17,2,0
R04,SKU-1196,02/02/2025,15,0,1
R04,SKU-1196,02/03/2025,10,1,0
R04,SKU-1196,2025-02-04,19,0,0
R04,SKU-1196,02/05/2025,15,0,1
R04,SKU-1196,02/06/2025,20,0,0
R04,SKU-1196,2025-02-07,13,0,0
R04,SKU-1196,2025-02-08,21,0,0
R04,SKU-1196,2025-02-09,16,0,0
R04,SKU-1196,2025-02-10,12,0,1
R04,SKU-1196,11-Feb-25,16,0,1
R04,SKU-1196,2025-02-12,14,0,0
R04,SKU-1196,2025-02-13,9,1,1
R04,SKU-1196,14-Feb-25,15,1,0
R04,SKU-1196,2025-02-15,10,2,0
R04,SKU-1196,02/16/2025,22,0,0
R04,SKU-1196,2025-02-17,15,0,0
R04,SKU-1196,18-Feb-25,17,1,0
R04,SKU-1196,2025-02-19,16,1,1
R04,SKU-1196,2025-02-20,10,0,0
R04,SKU-1196,02/21/2025,18,0,0
R04,SKU-1196,02/22/2025,16,0,0
R04,SKU-1196,02/23/2025,15,0,1
R04,SKU-1196,24-Feb-25,9,1,0
R04,SKU-1196,2025-02-25,13,0,0
R04,SKU-1196,02/26/2025,18,0,0
R04,SKU-1196,02/27/2025,15,3,0
R04,SKU-1196,02/28/2025,9,0,0
R04,SKU-1189,01-Feb-25,36,2,1
R04,SKU-1189,2025-02-02,37,0,1
R04,SKU-1189,2025-02-03,33,2,0
R04,SKU-1189,02/04/2025,28,1,0
R04,SKU-1189,2025-02-05,26,1,0
R04,SKU-1189,02/06/2025,22,1,0
R04,SKU-1189,2025-02-07,29,1,0
R04,SKU-1189,2025-02-08,31,0,0
R04,SKU-1189,02/09/2025,22,1,0
R04,SKU-1189,2025-02-10,23,1,0
R04,SKU-1189,11-Feb-25,27,1,0
R04,SKU-1189,02/12/2025,30,0,0
R04,SKU-1189,13-Feb-25,32,0,0
R04,SKU-1189,2025-02-14,27,1,0
R04,SKU-1189,2025-02-15,37,0,0
R04,SKU-1189,02/16/2025,27,1,1
R04,SKU-1189,17-Feb-25,33,1,0
R04,SKU-1189,18-Feb-25,23,0,0
R04,SKU-1189,2025-02-19,39,0,1
R04,SKU-1189,20-Feb-25,29,0,0
R04,SKU-1189,2025-02-21,30,0,0
R04,SKU-1189,2025-02-22,28,1,0
R04,SKU-1189,2025-02-23,26,0,1
R04,SKU-1189,2025-02-24,37,0,0
R04,SKU-1189,2025-02-25,34,0,0
R04,SKU-1189,2025-02-26,32,1,0
R04,SKU-1189,2025-02-27,23,1,0
R04,SKU-1189,02/28/2025,21,0,0
R04,SKU-1168,02/01/2025,28,2,0
R04,SKU-1168,02-Feb-25,22,0,1
R04,SKU-1168,02/03/2025,23,2,1
R04,SKU-1168,04-Feb-25,22,0,0
R04,SKU-1168,2025-02-05,20,1,0
R04,SKU-1168,06-Feb-25,23,1,1
R04,SKU-1168,2025-02-07,18,0,0
R04,SKU-1168,2025-02-08,29,1,0
R04,SKU-1168,2025-02-09,16,1,1
R04,SKU-1168,10-Feb-25,18,0,0
R04,SKU-1168,11-Feb-25,21,1,0
R04,SKU-1168,12-Feb-25,20,1,1
R04,SKU-1168,2025-02-13,25,0,0
R04,SKU-1168,14-Feb-25,31,0,0
R04,SKU-1168,2025-02-15,31,1,0
R04,SKU-1168,2025-02-16,22,1,0
R04,SKU-1168,2025-02-17,27,0,0
R04,SKU-1168,2025-02-18,23,1,1
R04,SKU-1168,2025-02-19,16,1,0
R04,SKU-1168,2025-02-20,13,2,0
R04,SKU-1168,21-Feb-25,23,1,0
R04,SKU-1168,2025-02-22,23,0,0
R04,SKU-1168,2025-02-23,11,0,1
R04,SKU-1168,2025-02-24,25,1,0
R04,SKU-1168,2025-02-25,22,0,0
R04,SKU-1168,2025-02-26,28,0,0
R04,SKU-1168,2025-02-27,25,1,0
R04,SKU-1168,02/28/2025,16,1,0
R04,SKU-1105,2025-02-01,6,1,0
R04,SKU-1105,2025-02-02,11,0,0
R04,SKU-1105,2025-02-03,8,0,0
R04,SKU-1105,2025-02-04,9,0,0
R04,SKU-1105,2025-02-05,8,1,0
R04,SKU-1105,2025-02-06,10,0,0
R04,SKU-1105,2025-02-07,8,1,0
R04,SKU-1105,2025-02-08,10,0,0
R04,SKU-1105,2025-02-09,6,0,1
R04,SKU-1105,10-Feb-25,7,0,0
R04,SKU-1105,2025-02-11,9,0,0
R04,SKU-1105,2025-02-12,6,0,0
R04,SKU-1105,2025-02-13,6,0,0
R04,SKU-1105,2025-02-14,7,2,0
R04,SKU-1105,2025-02-15,9,1,0
R04,SKU-1105,16-Feb-25,5,0,0
R04,SKU-1105,17-Feb-25,10,1,0
R04,SKU-1105,02/18/2025,6,1,0
R04,SKU-1105,02/19/2025,8,0,0
R04,SKU-1105,2025-02-20,11,0,0
R04,SKU-1105,02/21/2025,5,1,1
R04,SKU-1105,02/22/2025,9,1,0
R04,SKU-1105,2025-02-23,6,0,0
R04,SKU-1105,02/24/2025,5,1,0
R04,SKU-1105,2025-02-25,10,1,0
R04,SKU-1105,26-Feb-25,8,0,0
R04,SKU-1105,2025-02-27,13,0,0
R04,SKU-1105,2025-02-28,7,1,0
R04,SKU-1161,02/01/2025,23,0,0
R04,SKU-1161,02-Feb-25,22,0,0
R04,SKU-1161,2025-02-03,12,0,0
R04,SKU-1161,2025-02-04,24,0,0
R04,SKU-1161,05-Feb-25,13,0,0
R04,SKU-1161,2025-02-06,7,0,0
R04,SKU-1161,2025-02-07,20,1,1
R04,SKU-1161,2025-02-08,17,0,0
R04,SKU-1161,02/09/2025,17,0,0
R04,SKU-1161,2025-02-10,18,0,0
R04,SKU-1161,2025-02-11,23,0,0
R04,SKU-1161,12-Feb-25,10,0,0
R04,SKU-1161,02/13/2025,18,1,0
R04,SKU-1161,14-Feb-25,10,0,0
R04,SKU-1161,15-Feb-25,12,1,1
R04,SKU-1161,02/16/2025,18,0,0
R04,SKU-1161,2025-02-17,14,1,1
R04,SKU-1161,2025-02-18,15,0,0
R04,SKU-1161,2025-02-19,16,0,0
R04,SKU-1161,2025-02-20,15,0,0
R04,SKU-1161,2025-02-21,14,1,0
R04,SKU-1161,2025-02-22,11,0,0
R04,SKU-1161,2025-02-23,18,0,1
R04,SKU-1161,2025-02-24,20,0,1
R04,SKU-1161,2025-02-25,20,0,0
R04,SKU-1161,02/26/2025,18,0,0
R04,SKU-1161,2025-02-27,24,1,0
R04,SKU-1161,2025-02-28,28,1,0
R04,SKU-1112,02/01/2025,9,1,0
R04,SKU-1112,2025-02-02,6,0,0
R04,SKU-1112,03-Feb-25,7,0,0
R04,SKU-1112,2025-02-04,7,1,0
R04,SKU-1112,2025-02-05,8,0,0
R04,SKU-1112,02/06/2025,12,2,0
R04,SKU-1112,2025-02-07,11,0,0
R04,SKU-1112,02/08/2025,7,0,0
R04,SKU-1112,02/09/2025,9,0,0
R04,SKU-1112,2025-02-10,4,0,0
R04,SKU-1112,2025-02-11,8,0,1
R04,SKU-1112,12-Feb-25,13,0,0
R04,SKU-1112,02/13/2025,3,0,0
R04,SKU-1112,2025-02-14,10,0,0
R04,SKU-1112,15-Feb-25,3,0,0
R04,SKU-1112,2025-02-16,1,0,0
R04,SKU-1112,2025-02-17,8,1,0
R04,SKU-1112,2025-02-18,3,0,0
R04,SKU-1112,02/19/2025,7,0,1
R04,SKU-1112,2025-02-20,5,0,0
R04,SKU-1112,2025-02-21,6,1,1
R04,SKU-1112,2025-02-22,5,0,0
R04,SKU-1112,2025-02-23,9,0,0
R04,SKU-1112,2025-02-24,9,1,0
R04,SKU-1112,02/25/2025,6,1,0
R04,SKU-1112,2025-02-26,7,0,0
R04,SKU-1112,2025-02-27,6,1,1
R04,SKU-1112,2025-02-28,7,0,0
R05,SKU-1112,2025-02-01,22,0,0
R05,SKU-1112,2025-02-02,25,0,0
R05,SKU-1112,2025-02-03,17,0,1
R05,SKU-1112,04-Feb-25,24,0,0
R05,SKU-1112,2025-02-05,29,1,0
R05,SKU-1112,02/06/2025,16,0,0
R05,SKU-1112,2025-02-07,18,2,0
R05,SKU-1112,08-Feb-25,18,0,0
R05,SKU-1112,02/09/2025,27,0,1
R05,SKU-1112,2025-02-10,24,0,0
R05,SKU-1112,2025-02-11,20,1,0
R05,SKU-1112,2025-02-12,25,0,1
R05,SKU-1112,2025-02-13,21,0,0
R05,SKU-1112,2025-02-14,16,1,0
R05,SKU-1112,2025-02-15,24,0,0
R05,SKU-1112,2025-02-16,17,0,0
R05,SKU-1112,02/17/2025,16,0,0
R05,SKU-1112,18-Feb-25,17,0,0
R05,SKU-1112,2025-02-19,17,0,0
R05,SKU-1112,20-Feb-25,27,0,0
R05,SKU-1112,2025-02-21,23,1,0
R05,SKU-1112,2025-02-22,25,0,0
R05,SKU-1112,2025-02-23,21,0,1
R05,SKU-1112,2025-02-24,27,0,0
R05,SKU-1112,2025-02-25,23,0,0
R05,SKU-1112,2025-02-26,17,1,0
R05,SKU-1112,2025-02-27,27,0,0
R05,SKU-1112,28-Feb-25,19,0,0
R05,SKU-1133,01-Feb-25,31,1,0
R05,SKU-1133,2025-02-02,16,0,0
R05,SKU-1133,2025-02-03,23,1,0
R05,SKU-1133,04-Feb-25,24,0,0
R05,SKU-1133,2025-02-05,23,0,0
R05,SKU-1133,02/06/2025,22,0,0
R05,SKU-1133,02/07/2025,23,1,0
R05,SKU-1133,2025-02-08,23,0,1
R05,SKU-1133,09-Feb-25,28,1,0
R05,SKU-1133,2025-02-10,22,1,0
R05,SKU-1133,2025-02-11,27,0,0
R05,SKU-1133,12-Feb-25,16,0,0
R05,SKU-1133,2025-02-13,20,0,0
R05,SKU-1133,2025-02-14,27,0,0
R05,SKU-1133,15-Feb-25,24,0,0
R05,SKU-1133,16-Feb-25,34,0,0
R05,SKU-1133,02/17/2025,25,0,0
R05,SKU-1133,18-Feb-25,26,1,0
R05,SKU-1133,19-Feb-25,26,1,0
R05,SKU-1133,2025-02-20,21,0,0
R05,SKU-1133,21-Feb-25,37,0,0
R05,SKU-1133,2025-02-22,17,1,1
R05,SKU-1133,2025-02-23,20,0,0
R05,SKU-1133,02/24/2025,34,0,1
R05,SKU-1133,25-Feb-25,25,1,0
R05,SKU-1133,02/26/2025,28,0,0
R05,SKU-1133,27-Feb-25,27,1,0
R05,SKU-1133,2025-02-28,23,0,0
R05,SKU-1028,01-Feb-25,6,0,0
R05,SKU-1028,2025-02-02,10,0,0
R05,SKU-1028,2025-02-03,10,1,0
R05,SKU-1028,2025-02-04,8,0,0
R05,SKU-1028,02/05/2025,6,0,0
R05,SKU-1028,2025-02-06,3,0,0
R05,SKU-1028,2025-02-07,7,0,0
R05,SKU-1028,2025-02-08,6,1,1
R05,SKU-1028,2025-02-09,5,1,0
R05,SKU-1028,2025-02-10,2,1,0
R05,SKU-1028,2025-02-11,3,0,0
R05,SKU-1028,2025-02-12,6,0,0
R05,SKU-1028,2025-02-13,5,0,1
R05,SKU-1028,02/14/2025,5,0,0
R05,SKU-1028,2025-02-15,8,0,0
R05,SKU-1028,02/16/2025,5,1,0
R05,SKU-1028,02/17/2025,4,0,1
R05,SKU-1028,18-Feb-25,10,0,1
R05,SKU-1028,2025-02-19,8,0,0
R05,SKU-1028,02/20/2025,4,2,0
R05,SKU-1028,02/21/2025,5,0,0
R05,SKU-1028,2025-02-22,7,0,0
R05,SKU-1028,2025-02-23,2,0,0
R05,SKU-1028,2025-02-24,5,0,0
R05,SKU-1028,25-Feb-25,10,1,0
R05,SKU-1028,2025-02-26,5,1,0
R05,SKU-1028,02/27/2025,6,0,0
R05,SKU-1028,02/28/2025,9,0,0
R05,SKU-1126,2025-02-01,18,1,0
R05,SKU-1126,02/02/2025,14,0,0
R05,SKU-1126,2025-02-03,13,0,0
R05,SKU-1126,02/04/2025,15,3,0
R05,SKU-1126,2025-02-05,15,0,0
R05,SKU-1126,2025-02-06,13,0,0
R05,SKU-1126,02/07/2025,13,0,0
R05,SKU-1126,02/08/2025,10,0,0
R05,SKU-1126,02/09/2025,14,0,0
R05,SKU-1126,2025-02-10,20,2,0
R05,SKU-1126,11-Feb-25,9,1,0
R05,SKU-1126,2025-02-12,22,0,0
R05,SKU-1126,02/13/2025,11,1,0
R05,SKU-1126,2025-02-14,17,0,0
R05,SKU-1126,2025-02-15,14,0,1
R05,SKU-1126,16-Feb-25,18,1,0
R05,SKU-1126,2025-02-17,15,0,0
R05,SKU-1126,02/18/2025,17,1,0
R05,SKU-1126,2025-02-19,13,0,1
R05,SKU-1126,2025-02-20,18,0,0
R05,SKU-1126,21-Feb-25,17,0,0
R05,SKU-1126,2025-02-22,14,1,0
R05,SKU-1126,2025-02-23,13,1,0
R05,SKU-1126,2025-02-24,28,0,0
R05,SKU-1126,2025-02-25,21,0,0
R05,SKU-1126,2025-02-26,18,0,0
R05,SKU-1126,2025-02-27,13,0,0
R05,SKU-1126,02/28/2025,16,0,1
R05,SKU-1077,2025-02-01,19,1,0
R05,SKU-1077,02/02/2025,25,0,0
R05,SKU-1077,02/03/2025,21,0,0
R05,SKU-1077,2025-02-04,18,0,0
R05,SKU-1077,2025-02-05,31,0,0
R05,SKU-1077,2025-02-06,20,0,0
R05,SKU-1077,02/07/2025,26,0,0
R05,SKU-1077,02/08/2025,22,2,0
R05,SKU-1077,02/09/2025,31,0,0
R05,SKU-1077,10-Feb-25,19,0,0
R05,SKU-1077,11-Feb-25,22,0,0
R05,SKU-1077,02/12/2025,27,0,0
R05,SKU-1077,13-Feb-25,27,0,0
R05,SKU-1077,02/14/2025,20,0,0
R05,SKU-1077,2025-02-15,20,0,0
R05,SKU-1077,2025-02-16,25,0,0
R05,SKU-1077,02/17/2025,19,0,0
R05,SKU-1077,2025-02-18,23,0,0
R05,SKU-1077,2025-02-19,24,0,0
R05,SKU-1077,2025-02-20,20,0,0
R05,SKU-1077,21-Feb-25,22,0,0
R05,SKU-1077,2025-02-22,16,0,0
R05,SKU-1077,23-Feb-25,21,2,1
R05,SKU-1077,2025-02-24,28,3,0
R05,SKU-1077,2025-02-25,25,0,0
R05,SKU-1077,2025-02-26,20,0,0
R05,SKU-1077,27-Feb-25,20,1,0
R05,SKU-1077,02/28/2025,20,0,0
R05,SKU-1196,01-Feb-25,29,0,0
R05,SKU-1196,02/02/2025,27,0,0
R05,SKU-1196,02/03/2025,31,0,0
R05,SKU-1196,2025-02-04,42,0,1
R05,SKU-1196,2025-02-05,28,0,0
R05,SKU-1196,2025-02-06,24,0,0
R05,SKU-1196,07-Feb-25,28,0,0
R05,SKU-1196,2025-02-08,33,0,0
R05,SKU-1196,2025-02-09,22,0,0
R05,SKU-1196,2025-02-10,26,0,0
R05,SKU-1196,02/11/2025,47,0,0
R05,SKU-1196,02/12/2025,38,0,0
R05,SKU-1196,02/13/2025,30,0,0
R05,SKU-1196,2025-02-14,27,0,0
R05,SKU-1196,2025-02-15,30,1,0
R05,SKU-1196,02/16/2025,26,1,0
R05,SKU-1196,2025-02-17,35,0,0
R05,SKU-1196,2025-02-18,30,0,1
R05,SKU-1196,02/19/2025,32,1,0
R05,SKU-1196,02/20/2025,23,1,0
R05,SKU-1196,02/21/2025,40,0,1
R05,SKU-1196,22-Feb-25,31,1,0
R05,SKU-1196,2025-02-23,24,0,1
R05,SKU-1196,2025-02-24,23,1,1
R05,SKU-1196,2025-02-25,23,0,0
R05,SKU-1196,2025-02-26,40,0,1
R05,SKU-1196,2025-02-27,30,1,0
R05,SKU-1196,28-Feb-25,25,0,0
R05,SKU-1056,2025-02-01,35,3,1
R05,SKU-1056,02-Feb-25,30,1,1
R05,SKU-1056,2025-02-03,34,0,0
R05,SKU-1056,2025-02-04,29,0,1
R05,SKU-1056,2025-02-05,34,1,0
R05,SKU-1056,02/06/2025,27,2,0
R05,SKU-1056,2025-02-07,40,0,0
R05,SKU-1056,02/08/2025,23,0,0
R05,SKU-1056,2025-02-09,27,1,0
R05,SKU-1056,10-Feb-25,24,0,0
R05,SKU-1056,11-Feb-25,28,1,0
R05,SKU-1056,2025-02-12,31,0,1
R05,SKU-1056,2025-02-13,28,1,1
R05,SKU-1056,2025-02-14,27,0,0
R05,SKU-1056,2025-02-15,26,0,0
R05,SKU-1056,16-Feb-25,23,0,0
R05,SKU-1056,2025-02-17,29,1,0
R05,SKU-1056,18-Feb-25,38,2,0
R05,SKU-1056,2025-02-19,30,0,0
R05,SKU-1056,02/20/2025,35,0,0
R05,SKU-1056,2025-02-21,27,0,0
R05,SKU-1056,02/22/2025,30,0,0
R05,SKU-1056,02/23/2025,31,0,0
R05,SKU-1056,24-Feb-25,30,0,1
R05,SKU-1056,02/25/2025,24,0,0
R05,SKU-1056,26-Feb-25,25,1,0
R05,SKU-1056,2025-02-27,27,1,0
R05,SKU-1056,2025-02-28,24,0,1
R05,SKU-1280,2025-02-01,8,0,0
R05,SKU-1280,02/02/2025,12,0,0
R05,SKU-1280,2025-02-03,20,1,0
R05,SKU-1280,02/04/2025,13,0,0
R05,SKU-1280,2025-02-05,14,0,0
R05,SKU-1280,02/06/2025,4,0,0
R05,SKU-1280,2025-02-07,16,0,0
R05,SKU-1280,02/08/2025,12,1,0
R05,SKU-1280,09-Feb-25,14,0,0
R05,SKU-1280,2025-02-10,15,1,0
R05,SKU-1280,02/11/2025,9,0,0
R05,SKU-1280,2025-02-12,16,0,0
R05,SKU-1280,02/13/2025,10,0,0
R05,SKU-1280,2025-02-14,13,0,0
R05,SKU-1280,2025-02-15,12,0,0
R05,SKU-1280,16-Feb-25,10,2,0
R05,SKU-1280,2025-02-17,11,0,0
R05,SKU-1280,2025-02-18,13,1,0
R05,SKU-1280,2025-02-19,9,0,0
R05,SKU-1280,2025-02-20,11,1,0
R05,SKU-1280,02/21/2025,18,1,0
R05,SKU-1280,22-Feb-25,18,0,0
R05,SKU-1280,2025-02-23,12,0,0
R05,SKU-1280,2025-02-24,19,0,0
R05,SKU-1280,2025-02-25,12,0,0
R05,SKU-1280,2025-02-26,17,0,0
R05,SKU-1280,02/27/2025,12,1,0
R05,SKU-1280,28-Feb-25,10,0,0
R05,SKU-1147,2025-02-01,5,1,0
R05,SKU-1147,2025-02-02,4,0,0
R05,SKU-1147,03-Feb-25,6,0,0
R05,SKU-1147,2025-02-04,1,0,0
R05,SKU-1147,2025-02-05,5,0,1
R05,SKU-1147,2025-02-06,7,1,0
R05,SKU-1147,2025-02-07,9,0,0
R05,SKU-1147,2025-02-08,8,0,0
R05,SKU-1147,2025-02-09,6,0,0
R05,SKU-1147,10-Feb-25,5,1,0
R05,SKU-1147,11-Feb-25,6,0,0
R05,SKU-1147,12-Feb-25,11,0,0
R05,SKU-1147,2025-02-13,5,1,0
R05,SKU-1147,2025-02-14,7,1,0
R05,SKU-1147,2025-02-15,4,0,0
R05,SKU-1147,16-Feb-25,7,1,0
R05,SKU-1147,2025-02-17,4,0,0
R05,SKU-1147,2025-02-18,7,0,0
R05,SKU-1147,2025-02-19,6,0,0
R05,SKU-1147,20-Feb-25,3,0,0
R05,SKU-1147,2025-02-21,9,1,0
R05,SKU-1147,02/22/2025,2,0,0
R05,SKU-1147,2025-02-23,6,1,0
R05,SKU-1147,2025-02-24,5,1,0
R05,SKU-1147,2025-02-25,8,0,0
R05,SKU-1147,02/26/2025,2,0,0
R05,SKU-1147,2025-02-27,7,1,1
R05,SKU-1147,2025-02-28,5,0,0
R05,SKU-1273,02/01/2025,22,2,0
R05,SKU-1273,02/02/2025,27,0,0
R05,SKU-1273,2025-02-03,26,0,0
R05,SKU-1273,2025-02-04,21,1,0
R05,SKU-1273,05-Feb-25,26,0,0
R05,SKU-1273,2025-02-06,27,0,0
R05,SKU-1273,07-Feb-25,34,0,1
R05,SKU-1273,02/08/2025,24,1,0
R05,SKU-1273,09-Feb-25,21,0,0
R05,SKU-1273,02/10/2025,26,0,0
R05,SKU-1273,2025-02-11,20,1,0
R05,SKU-1273,2025-02-12,20,2,0
R05,SKU-1273,02/13/2025,12,0,0
R05,SKU-1273,2025-02-14,24,0,0
R05,SKU-1273,15-Feb-25,16,0,0
R05,SKU-1273,02/16/2025,26,0,0
R05,SKU-1273,02/17/2025,25,0,0
R05,SKU-1273,2025-02-18,22,2,0
R05,SKU-1273,2025-02-19,19,1,0
R05,SKU-1273,2025-02-20,21,0,0
R05,SKU-1273,2025-02-21,19,0,0
R05,SKU-1273,22-Feb-25,17,0,0
R05,SKU-1273,2025-02-23,20,1,0
R05,SKU-1273,2025-02-24,16,0,0
R05,SKU-1273,2025-02-25,22,0,0
R05,SKU-1273,2025-02-26,22,0,0
R05,SKU-1273,2025-02-27,16,1,0
R05,SKU-1273,2025-02-28,34,0,0
R05,SKU-1105,2025-02-01,15,1,0
R05,SKU-1105,2025-02-02,14,0,0
R05,SKU-1105,2025-02-03,10,0,0
R05,SKU-1105,02/04/2025,9,1,0
R05,SKU-1105,02/05/2025,12,0,0
R05,SKU-1105,2025-02-06,9,0,0
R05,SKU-1105,2025-02-07,14,0,0
R05,SKU-1105,02/08/2025,13,1,0
R05,SKU-1105,2025-02-09,19,2,0
R05,SKU-1105,02/10/2025,14,0,0
R05,SKU-1105,2025-02-11,9,0,0
R05,SKU-1105,02/12/2025,16,0,0
R05,SKU-1105,2025-02-13,7,0,0
R05,SKU-1105,2025-02-14,11,0,0
R05,SKU-1105,15-Feb-25,15,0,1
R05,SKU-1105,02/16/2025,15,0,0
R05,SKU-1105,2025-02-17,14,0,0
R05,SKU-1105,18-Feb-25,20,0,0
R05,SKU-1105,2025-02-19,13,1,0
R05,SKU-1105,2025-02-20,21,1,0
R05,SKU-1105,2025-02-21,16,0,0
R05,SKU-1105,2025-02-22,13,0,0
R05,SKU-1105,2025-02-23,13,0,0
R05,SKU-1105,24-Feb-25,11,0,0
R05,SKU-1105,2025-02-25,10,1,0
R05,SKU-1105,2025-02-26,17,0,0
R05,SKU-1105,2025-02-27,18,0,0
R05,SKU-1105,02/28/2025,11,0,0
R05,SKU-1007,2025-02-01,19,2,0
R05,SKU-1007,02/02/2025,24,2,0
R05,SKU-1007,02/03/2025,22,1,0
R05,SKU-1007,2025-02-04,27,1,0
R05,SKU-1007,2025-02-05,21,1,0
R05,SKU-1007,02/06/2025,22,0,0
R05,SKU-1007,2025-02-07,20,1,1
R05,SKU-1007,02/08/2025,23,0,0
R05,SKU-1007,02/09/2025,26,0,0
R05,SKU-1007,2025-02-10,21,0,1
R05,SKU-1007,11-Feb-25,22,1,0
R05,SKU-1007,2025-02-12,21,1,0
R05,SKU-1007,2025-02-13,14,0,0
R05,SKU-1007,2025-02-14,25,0,0
R05,SKU-1007,2025-02-15,23,1,1
R05,SKU-1007,2025-02-16,25,1,0
R05,SKU-1007,2025-02-17,22,2,0
R05,SKU-1007,18-Feb-25,20,0,0
R05,SKU-1007,2025-02-19,19,1,0
R05,SKU-1007,2025-02-20,18,0,0
R05,SKU-1007,21-Feb-25,21,0,0
R05,SKU-1007,2025-02-22,16,2,0
R05,SKU-1007,23-Feb-25,13,0,0
R05,SKU-1007,2025-02-24,19,0,0
R05,SKU-1007,02/25/2025,28,1,0
R05,SKU-1007,02/26/2025,18,0,0
R05,SKU-1007,2025-02-27,23,0,0
R05,SKU-1007,28-Feb-25,23,0,0
R05,SKU-1098,2025-02-01,35,0,0
R05,SKU-1098,2025-02-02,26,0,0
R05,SKU-1098,2025-02-03,33,0,0
R05,SKU-1098,2025-02-04,38,1,0
R05,SKU-1098,05-Feb-25,37,0,0
R05,SKU-1098,2025-02-06,35,0,0
R05,SKU-1098,02/07/2025,35,1,0
R05,SKU-1098,2025-02-08,20,0,0
R05,SKU-1098,2025-02-09,31,0,0
R05,SKU-1098,10-Feb-25,24,0,1
R05,SKU-1098,2025-02-11,49,0,0
R05,SKU-1098,2025-02-12,27,0,0
R05,SKU-1098,2025-02-13,21,0,0
R05,SKU-1098,2025-02-14,36,2,0
R05,SKU-1098,2025-02-15,27,0,0
R05,SKU-1098,16-Feb-25,27,2,0
R05,SKU-1098,17-Feb-25,37,0,0
R05,SKU-1098,2025-02-18,33,0,0
R05,SKU-1098,2025-02-19,37,0,0
R05,SKU-1098,02/20/2025,25,0,0
R05,SKU-1098,21-Feb-25,33,0,1
R05,SKU-1098,2025-02-22,37,0,0
R05,SKU-1098,2025-02-23,17,0,0
R05,SKU-1098,2025-02-24,24,1,0
R05,SKU-1098,25-Feb-25,37,0,0
R05,SKU-1098,02/26/2025,35,1,0
R05,SKU-1098,02/27/2025,34,1,0
R05,SKU-1098,2025-02-28,26,0,0
R05,SKU-1035,01-Feb-25,3,0,0
R05,SKU-1035,2025-02-02,10,1,0
R05,SKU-1035,2025-02-03,6,1,0
R05,SKU-1035,04-Feb-25,7,1,0
R05,SKU-1035,02/05/2025,10,1,0
R05,SKU-1035,2025-02-06,6,0,0
R05,SKU-1035,02/07/2025,7,1,1
R05,SKU-1035,2025-02-08,6,0,1
R05,SKU-1035,09-Feb-25,6,1,0
R05,SKU-1035,2025-02-10,6,0,0
R05,SKU-1035,2025-02-11,6,0,0
R05,SKU-1035,02/12/2025,2,0,0
R05,SKU-1035,2025-02-13,5,0,0
R05,SKU-1035,02/14/2025,5,0,0
R05,SKU-1035,15-Feb-25,4,0,0
R05,SKU-1035,02/16/2025,8,0,0
R05,SKU-1035,2025-02-17,7,1,0
R05,SKU-1035,2025-02-18,10,0,0
R05,SKU-1035,2025-02-19,10,1,0
R05,SKU-1035,2025-02-20,3,0,0
R05,SKU-1035,21-Feb-25,6,0,0
R05,SKU-1035,02/22/2025,4,0,1
R05,SKU-1035,2025-02-23,4,0,1
R05,SKU-1035,2025-02-24,8,2,0
R05,SKU-1035,02/25/2025,8,1,0
R05,SKU-1035,2025-02-26,2,0,0
R05,SKU-1035,02/27/2025,9,1,0
R05,SKU-1035,02/28/2025,12,1,0
R05,SKU-1014,01-Feb-25,22,1,0
R05,SKU-1014,02/02/2025,10,0,0
R05,SKU-1014,02/03/2025,11,1,0
R05,SKU-1014,2025-02-04,10,1,0
R05,SKU-1014,2025-02-05,17,0,0
R05,SKU-1014,06-Feb-25,8,0,0
R05,SKU-1014,2025-02-07,17,1,0
R05,SKU-1014,2025-02-08,15,0,0
R05,SKU-1014,09-Feb-25,22,1,0
R05,SKU-1014,2025-02-10,13,0,0
R05,SKU-1014,11-Feb-25,12,1,0
R05,SKU-1014,2025-02-12,12,1,0
R05,SKU-1014,2025-02-13,12,0,0
R05,SKU-1014,02/14/2025,13,0,0
R05,SKU-1014,2025-02-15,19,1,0
R05,SKU-1014,2025-02-16,16,1,0
R05,SKU-1014,2025-02-17,26,1,0
R05,SKU-1014,2025-02-18,12,1,1
R05,SKU-1014,2025-02-19,12,0,1
R05,SKU-1014,2025-02-20,11,0,0
R05,SKU-1014,2025-02-21,9,1,0
R05,SKU-1014,2025-02-22,17,0,0
R05,SKU-1014,2025-02-23,13,0,0
R05,SKU-1014,2025-02-24,10,0,0
R05,SKU-1014,2025-02-25,19,0,0
R05,SKU-1014,02/26/2025,20,1,0
R05,SKU-1014,2025-02-27,19,0,0
R05,SKU-1014,28-Feb-25,15,0,0
R05,SKU-1091,2025-02-01,7,0,0
R05,SKU-1091,2025-02-02,7,0,0
R05,SKU-1091,03-Feb-25,8,0,0
R05,SKU-1091,02/04/2025,3,1,0
R05,SKU-1091,05-Feb-25,7,1,0
R05,SKU-1091,2025-02-06,5,1,1
R05,SKU-1091,2025-02-07,3,0,0
R05,SKU-1091,2025-02-08,7,0,0
R05,SKU-1091,2025-02-09,5,0,0
R05,SKU-1091,2025-02-10,6,0,0
R05,SKU-1091,02/11/2025,2,0,0
R05,SKU-1091,2025-02-12,8,1,0
R05,SKU-1091,02/13/2025,8,1,0
R05,SKU-1091,2025-02-14,4,1,0
R05,SKU-1091,2025-02-15,12,1,0
R05,SKU-1091,2025-02-16,5,0,0
R05,SKU-1091,17-Feb-25,8,0,0
R05,SKU-1091,2025-02-18,6,0,0
R05,SKU-1091,2025-02-19,11,0,0
R05,SKU-1091,2025-02-20,10,0,0
R05,SKU-1091,2025-02-21,11,0,0
R05,SKU-1091,02/22/2025,6,1,0
R05,SKU-1091,02/23/2025,9,1,0
R05,SKU-1091,2025-02-24,6,0,0
R05,SKU-1091,02/25/2025,8,0,0
R05,SKU-1091,2025-02-26,4,0,0
R05,SKU-1091,2025-02-27,6,0,0
R05,SKU-1091,2025-02-28,9,0,0
R05,SKU-1182,2025-02-01,11,1,0
R05,SKU-1182,02/02/2025,13,0,0
R05,SKU-1182,02/03/2025,7,0,0
R05,SKU-1182,04-Feb-25,11,0,0
R05,SKU-1182,2025-02-05,16,0,0
R05,SKU-1182,02/06/2025,19,0,1
R05,SKU-1182,02/07/2025,19,0,1
R05,SKU-1182,02/08/2025,17,1,0
R05,SKU-1182,2025-02-09,19,2,1
R05,SKU-1182,10-Feb-25,12,0,0
R05,SKU-1182,2025-02-11,11,0,0
R05,SKU-1182,2025-02-12,17,0,0
R05,SKU-1182,02/13/2025,17,0,0
R05,SKU-1182,02/14/2025,18,0,1
R05,SKU-1182,2025-02-15,22,0,0
R05,SKU-1182,02/16/2025,14,0,0
R05,SKU-1182,02/17/2025,15,1,0
R05,SKU-1182,2025-02-18,10,0,1
R05,SKU-1182,2025-02-19,13,1,0
R05,SKU-1182,2025-02-20,15,1,0
R05,SKU-1182,02/21/2025,23,0,1
R05,SKU-1182,2025-02-22,12,1,0
R05,SKU-1182,2025-02-23,11,1,0
R05,SKU-1182,2025-02-24,17,1,0
R05,SKU-1182,2025-02-25,15,0,0
R05,SKU-1182,02/26/2025,12,0,0
R05,SKU-1182,2025-02-27,15,0,0
R05,SKU-1182,2025-02-28,15,0,0
R05,SKU-1042,01-Feb-25,19,0,0
R05,SKU-1042,02/02/2025,25,0,0
R05,SKU-1042,03-Feb-25,25,0,0
R05,SKU-1042,2025-02-04,31,0,0
R05,SKU-1042,05-Feb-25,13,0,0
R05,SKU-1042,2025-02-06,17,1,0
R05,SKU-1042,02/07/2025,23,1,0
R05,SKU-1042,2025-02-08,22,0,0
R05,SKU-1042,2025-02-09,22,0,0
R05,SKU-1042,02/10/2025,14,0,0
R05,SKU-1042,2025-02-11,16,1,0
R05,SKU-1042,2025-02-12,22,1,0
R05,SKU-1042,2025-02-13,16,2,0
R05,SKU-1042,14-Feb-25,19,1,0
R05,SKU-1042,02/15/2025,19,0,0
R05,SKU-1042,16-Feb-25,15,1,0
R05,SKU-1042,2025-02-17,21,2,0
R05,SKU-1042,02/18/2025,13,0,0
R05,SKU-1042,2025-02-19,21,0,0
R05,SKU-1042,02/20/2025,22,0,1
R05,SKU-1042,02/21/2025,21,1,0
R05,SKU-1042,2025-02-22,18,1,0
R05,SKU-1042,2025-02-23,19,0,0
R05,SKU-1042,02/24/2025,18,1,0
R05,SKU-1042,2025-02-25,18,1,0
R05,SKU-1042,2025-02-26,20,0,0
R05,SKU-1042,2025-02-27,17,0,0
R05,SKU-1042,28-Feb-25,18,0,0
R05,SKU-1140,02/01/2025,21,0,0
R05,SKU-1140,2025-02-02,15,0,0
R05,SKU-1140,2025-02-03,15,2,0
R05,SKU-1140,02/04/2025,15,0,0
R05,SKU-1140,02/05/2025,14,0,0
R05,SKU-1140,2025-02-06,13,0,0
R05,SKU-1140,07-Feb-25,16,0,0
R05,SKU-1140,2025-02-08,16,1,0
R05,SKU-1140,02/09/2025,14,0,0
R05,SKU-1140,10-Feb-25,9,0,0
R05,SKU-1140,2025-02-11,18,0,0
R05,SKU-1140,02/12/2025,11,0,1
R05,SKU-1140,02/13/2025,7,0,0
R05,SKU-1140,14-Feb-25,14,0,1
R05,SKU-1140,02/15/2025,17,1,1
R05,SKU-1140,02/16/2025,11,2,0
R05,SKU-1140,2025-02-17,19,1,0
R05,SKU-1140,2025-02-18,11,0,0
R05,SKU-1140,2025-02-19,16,0,0
R05,SKU-1140,02/20/2025,14,0,0
R05,SKU-1140,21-Feb-25,20,0,0
R05,SKU-1140,02/22/2025,20,0,0
R05,SKU-1140,02/23/2025,15,0,1
R05,SKU-1140,02/24/2025,21,1,0
R05,SKU-1140,02/25/2025,13,2,0
R05,SKU-1140,26-Feb-25,13,1,0
R05,SKU-1140,02/27/2025,12,1,0
R05,SKU-1140,2025-02-28,23,0,0
R05,SKU-1189,2025-02-01,14,0,0
R05,SKU-1189,2025-02-02,20,0,0
R05,SKU-1189,2025-02-03,20,0,0
R05,SKU-1189,02/04/2025,17,0,0
R05,SKU-1189,2025-02-05,17,0,0
R05,SKU-1189,02/06/2025,22,0,0
R05,SKU-1189,02/07/2025,18,1,0
R05,SKU-1189,08-Feb-25,16,1,0
R05,SKU-1189,2025-02-09,15,1,0
R05,SKU-1189,2025-02-10,17,0,1
R05,SKU-1189,2025-02-11,9,0,0
R05,SKU-1189,2025-02-12,23,0,0
R05,SKU-1189,2025-02-13,14,2,0
R05,SKU-1189,02/14/2025,16,0,1
R05,SKU-1189,2025-02-15,23,0,1
R05,SKU-1189,16-Feb-25,18,1,0
R05,SKU-1189,2025-02-17,26,1,0
R05,SKU-1189,18-Feb-25,21,0,0
R05,SKU-1189,02/19/2025,20,0,0
R05,SKU-1189,2025-02-20,19,0,0
R05,SKU-1189,2025-02-21,13,0,0
R05,SKU-1189,22-Feb-25,15,0,0
R05,SKU-1189,23-Feb-25,14,1,0
R05,SKU-1189,24-Feb-25,11,1,0
R05,SKU-1189,2025-02-25,12,0,1
R05,SKU-1189,2025-02-26,12,0,0
R05,SKU-1189,2025-02-27,23,0,0
R05,SKU-1189,2025-02-28,15,0,0
R05,SKU-1084,2025-02-01,18,0,1
R05,SKU-1084,02/02/2025,14,1,0
R05,SKU-1084,2025-02-03,15,1,0
R05,SKU-1084,2025-02-04,11,1,0
R05,SKU-1084,2025-02-05,14,0,0
R05,SKU-1084,2025-02-06,15,0,0
R05,SKU-1084,02/07/2025,10,1,1
R05,SKU-1084,08-Feb-25,16,0,0
R05,SKU-1084,09-Feb-25,11,0,1
R05,SKU-1084,2025-02-10,13,0,0
R05,SKU-1084,11-Feb-25,15,0,0
R05,SKU-1084,02/12/2025,15,2,0
R05,SKU-1084,2025-02-13,18,2,0
R05,SKU-1084,02/14/2025,13,0,0
R05,SKU-1084,02/15/2025,15,1,0
R05,SKU-1084,2025-02-16,13,1,0
R05,SKU-1084,2025-02-17,17,1,0
R05,SKU-1084,02/18/2025,11,1,0
R05,SKU-1084,2025-02-19,6,1,0
R05,SKU-1084,02/20/2025,14,1,0
R05,SKU-1084,21-Feb-25,16,0,0
R05,SKU-1084,02/22/2025,17,0,0
R05,SKU-1084,23-Feb-25,14,0,0
R05,SKU-1084,02/24/2025,12,0,0
R05,SKU-1084,2025-02-25,16,0,0
R05,SKU-1084,2025-02-26,17,0,0
R05,SKU-1084,02/27/2025,14,0,0
R05,SKU-1084,02/28/2025,7,0,0
R05,SKU-1168,02/01/2025,44,0,0
R05,SKU-1168,02/02/2025,24,0,0
R05,SKU-1168,03-Feb-25,33,1,0
R05,SKU-1168,04-Feb-25,40,0,1
R05,SKU-1168,2025-02-05,24,0,0
R05,SKU-1168,2025-02-06,24,0,0
R05,SKU-1168,2025-02-07,25,1,0
R05,SKU-1168,2025-02-08,28,1,0
R05,SKU-1168,2025-02-09,29,0,0
R05,SKU-1168,2025-02-10,39,1,1
R05,SKU-1168,2025-02-11,22,1,0
R05,SKU-1168,2025-02-12,32,1,0
R05,SKU-1168,2025-02-13,35,0,0
R05,SKU-1168,2025-02-14,30,1,0
R05,SKU-1168,15-Feb-25,26,0,0
R05,SKU-1168,02/16/2025,26,0,0
R05,SKU-1168,2025-02-17,29,0,0
R05,SKU-1168,2025-02-18,26,0,1
R05,SKU-1168,2025-02-19,26,0,0
R05,SKU-1168,02/20/2025,32,3,0
R05,SKU-1168,21-Feb-25,34,0,0
R05,SKU-1168,02/22/2025,29,0,0
R05,SKU-1168,02/23/2025,34,0,1
R05,SKU-1168,2025-02-24,25,2,0
R05,SKU-1168,2025-02-25,35,1,0
R05,SKU-1168,2025-02-26,38,1,0
R05,SKU-1168,27-Feb-25,37,1,0
R05,SKU-1168,2025-02-28,27,0,0
R05,SKU-1175,2025-02-01,32,0,0
R05,SKU-1175,2025-02-02,33,1,0
R05,SKU-1175,03-Feb-25,27,0,0
R05,SKU-1175,04-Feb-25,36,0,0
R05,SKU-1175,02/05/2025,28,1,0
R05,SKU-1175,06-Feb-25,26,1,0
R05,SKU-1175,2025-02-07,27,1,0
R05,SKU-1175,2025-02-08,40,0,0
R05,SKU-1175,09-Feb-25,26,0,1
R05,SKU-1175,2025-02-10,29,0,0
R05,SKU-1175,2025-02-11,30,0,0
R05,SKU-1175,2025-02-12,28,0,0
R05,SKU-1175,2025-02-13,30,0,0
R05,SKU-1175,2025-02-14,32,0,1
R05,SKU-1175,02/15/2025,32,0,0
R05,SKU-1175,2025-02-16,35,0,0
R05,SKU-1175,17-Feb-25,38,0,0
R05,SKU-1175,02/18/2025,32,0,0
R05,SKU-1175,02/19/2025,32,0,0
R05,SKU-1175,2025-02-20,28,0,0
R05,SKU-1175,2025-02-21,37,0,0
R05,SKU-1175,22-Feb-25,36,1,0
R05,SKU-1175,2025-02-23,29,1,0
R05,SKU-1175,2025-02-24,36,1,0
R05,SKU-1175,2025-02-25,35,0,0
R05,SKU-1175,2025-02-26,29,0,0
R05,SKU-1175,02/27/2025,31,0,0
R05,SKU-1175,02/28/2025,30,0,0
R05,SKU-1070,2025-02-01,26,1,0
R05,SKU-1070,02/02/2025,39,0,0
R05,SKU-1070,2025-02-03,24,0,0
R05,SKU-1070,2025-02-04,30,0,0
R05,SKU-1070,05-Feb-25,32,1,0
R05,SKU-1070,02/06/2025,33,0,0
R05,SKU-1070,2025-02-07,32,0,0
R05,SKU-1070,2025-02-08,29,0,0
R05,SKU-1070,2025-02-09,25,2,1
R05,SKU-1070,2025-02-10,21,1,0
R05,SKU-1070,2025-02-11,41,0,0
R05,SKU-1070,2025-02-12,31,0,0
R05,SKU-1070,2025-02-13,34,1,0
R05,SKU-1070,2025-02-14,31,1,0
R05,SKU-1070,02/15/2025,37,0,0
R05,SKU-1070,2025-02-16,35,0,0
R05,SKU-1070,2025-02-17,27,0,0
R05,SKU-1070,2025-02-18,42,0,1
R05,SKU-1070,19-Feb-25,44,0,0
R05,SKU-1070,02/20/2025,28,0,0
R05,SKU-1070,2025-02-21,40,1,1
R05,SKU-1070,2025-02-22,38,1,0
R05,SKU-1070,02/23/2025,37,1,0
R05,SKU-1070,24-Feb-25,26,1,1
R05,SKU-1070,25-Feb-25,33,0,0
R05,SKU-1070,2025-02-26,27,0,0
R05,SKU-1070,27-Feb-25,30,0,0
R05,SKU-1070,02/28/2025,35,1,1
