retailer_id,product_id,sale_date,sold_qty,returns_qty,promo_flag
R01,SKU-1014,06/01/2025,6,0,0
R01,SKU-1014,2025-06-02,10,1,0
R01,SKU-1014,03-Jun-25,6,0,0
R01,SKU-1014,06/04/2025,2,0,0
R01,SKU-1014,06/05/2025,10,0,0
R01,SKU-1014,06/06/2025,6,1,0
R01,SKU-1014,2025-06-07,6,1,0
R01,SKU-1014,08-Jun-25,5,1,0
R01,SKU-1014,09-Jun-25,5,0,0
R01,SKU-1014,06/10/2025,7,4,0
R01,SKU-1014,2025-06-11,12,0,0
R01,SKU-1014,06/12/2025,5,0,1
R01,SKU-1014,2025-06-13,6,1,0
R01,SKU-1014,2025-06-14,7,1,0
R01,SKU-1014,15-Jun-25,3,1,0
R01,SKU-1014,06/16/2025,11,0,0
R01,SKU-1014,2025-06-17,5,0,0
R01,SKU-1014,06/18/2025,7,0,0
R01,SKU-1014,06/19/2025,5,0,0
R01,SKU-1014,2025-06-20,6,0,0
R01,SKU-1014,2025-06-21,4,0,0
R01,SKU-1014,2025-06-22,10,0,0
R01,SKU-1014,2025-06-23,5,0,0
R01,SKU-1014,2025-06-24,7,1,0
R01,SKU-1014,06/25/2025,2,0,0
R01,SKU-1014,26-Jun-25,5,0,0
R01,SKU-1014,2025-06-27,7,1,0
R01,SKU-1014,2025-06-28,3,0,0
R01,SKU-1014,29-Jun-25,3,1,0
R01,SKU-1014,2025-06-30,5,1,0
R01,SKU-1231,2025-06-01,10,0,0
R01,SKU-1231,06/02/2025,9,1,0
R01,SKU-1231,2025-06-03,15,0,0
R01,SKU-1231,06/04/2025,10,0,0
R01,SKU-1231,2025-06-05,5,0,0
R01,SKU-1231,2025-06-06,11,1,0
R01,SKU-1231,06/07/2025,4,1,0
R01,SKU-1231,08-Jun-25,16,2,1
R01,SKU-1231,2025-06-09,12,0,0
R01,SKU-1231,2025-06-10,16,0,0
R01,SKU-1231,11-Jun-25,9,1,0
R01,SKU-1231,2025-06-12,13,1,0
R01,SKU-1231,2025-06-13,16,1,0
R01,SKU-1231,14-Jun-25,8,0,0
R01,SKU-1231,2025-06-15,12,0,0
R01,SKU-1231,16-Jun-25,5,0,0
R01,SKU-1231,2025-06-17,13,0,0
R01,SKU-1231,2025-06-18,11,1,1
R01,SKU-1231,06/19/2025,7,0,0
R01,SKU-1231,2025-06-20,7,1,0
R01,SKU-1231,06/21/2025,14,0,0
R01,SKU-1231,06/22/2025,10,0,0
R01,SKU-1231,2025-06-23,11,0,0
R01,SKU-1231,2025-06-24,14,0,0
R01,SKU-1231,25-Jun-25,9,1,1
R01,SKU-1231,26-Jun-25,9,0,0
R01,SKU-1231,2025-06-27,10,0,0
R01,SKU-1231,2025-06-28,9,0,0
R01,SKU-1231,29-Jun-25,16,0,0
R01,SKU-1231,2025-06-30,9,0,0
R01,SKU-1056,2025-06-01,9,0,0
R01,SKU-1056,2025-06-02,14,1,0
R01,SKU-1056,2025-06-03,13,0,1
R01,SKU-1056,2025-06-04,11,1,0
R01,SKU-1056,2025-06-05,10,0,0
R01,SKU-1056,06-Jun-25,15,1,0
R01,SKU-1056,2025-06-07,9,0,0
R01,SKU-1056,06/08/2025,10,1,0
R01,SKU-1056,09-Jun-25,16,0,0
R01,SKU-1056,06/10/2025,15,0,0
R01,SKU-1056,11-Jun-25,14,1,1
R01,SKU-1056,06/12/2025,10,1,0
R01,SKU-1056,06/13/2025,16,0,0
R01,SKU-1056,2025-06-14,20,0,0
R01,SKU-1056,2025-06-15,17,0,0
R01,SKU-1056,06/16/2025,11,0,1
R01,SKU-1056,06/17/2025,13,0,0
R01,SKU-1056,06/18/2025,14,0,0
R01,SKU-1056,2025-06-19,9,0,0
R01,SKU-1056,2025-06-20,8,1,0
R01,SKU-1056,2025-06-21,13,1,0
R01,SKU-1056,2025-06-22,17,0,0
R01,SKU-1056,06/23/2025,12,0,0
R01,SKU-1056,2025-06-24,18,0,1
R01,SKU-1056,06/25/2025,7,1,0
R01,SKU-1056,26-Jun-25,11,0,0
R01,SKU-1056,27-Jun-25,8,0,0
R01,SKU-1056,06/28/2025,10,0,0
R01,SKU-1056,2025-06-29,13,0,0
R01,SKU-1056,2025-06-30,14,0,0
R01,SKU-1140,2025-06-01,9,0,0
R01,SKU-1140,2025-06-02,5,0,0
R01,SKU-1140,03-Jun-25,12,0,0
R01,SKU-1140,2025-06-04,13,0,0
R01,SKU-1140,2025-06-05,16,0,1
R01,SKU-1140,2025-06-06,12,0,0
R01,SKU-1140,2025-06-07,11,0,0
R01,SKU-1140,2025-06-08,12,0,0
R01,SKU-1140,2025-06-09,6,1,0
R01,SKU-1140,06/10/2025,10,0,1
R01,SKU-1140,2025-06-11,7,1,0
R01,SKU-1140,2025-06-12,8,0,0
R01,SKU-1140,2025-06-13,11,0,1
R01,SKU-1140,2025-06-14,11,0,1
R01,SKU-1140,06/15/2025,8,0,0
R01,SKU-1140,2025-06-16,8,0,0
R01,SKU-1140,2025-06-17,9,1,0
R01,SKU-1140,2025-06-18,12,0,0
R01,SKU-1140,2025-06-19,7,0,0
R01,SKU-1140,20-Jun-25,7,0,0
R01,SKU-1140,2025-06-21,11,0,0
R01,SKU-1140,2025-06-22,11,2,0
R01,SKU-1140,2025-06-23,10,0,1
R01,SKU-1140,2025-06-24,13,0,0
R01,SKU-1140,2025-06-25,11,1,0
R01,SKU-1140,06/26/2025,7,1,0
R01,SKU-1140,2025-06-27,9,0,0
R01,SKU-1140,2025-06-28,9,0,0
R01,SKU-1140,2025-06-29,14,0,0
R01,SKU-1140,2025-06-30,9,0,1
R01,SKU-1189,2025-06-01,14,0,0
R01,SKU-1189,02-Jun-25,11,0,0
R01,SKU-1189,2025-06-03,15,1,0
R01,SKU-1189,2025-06-04,10,2,0
R01,SKU-1189,2025-06-05,12,1,0
R01,SKU-1189,06/06/2025,10,2,1
R01,SKU-1189,2025-06-07,11,0,0
R01,SKU-1189,06/08/2025,12,0,0
R01,SKU-1189,2025-06-09,12,0,0
R01,SKU-1189,2025-06-10,6,0,0
R01,SKU-1189,2025-06-11,9,0,0
R01,SKU-1189,2025-06-12,14,0,0
R01,SKU-1189,13-Jun-25,8,0,0
R01,SKU-1189,2025-06-14,8,0,0
R01,SKU-1189,2025-06-15,16,2,0
R01,SKU-1189,06/16/2025,14,0,0
R01,SKU-1189,06/17/2025,9,0,0
R01,SKU-1189,2025-06-18,14,0,0
R01,SKU-1189,06/19/2025,8,0,0
R01,SKU-1189,2025-06-20,10,0,0
R01,SKU-1189,06/21/2025,12,0,0
R01,SKU-1189,22-Jun-25,6,1,1
R01,SKU-1189,2025-06-23,11,1,0
R01,SKU-1189,2025-06-24,13,0,0
R01,SKU-1189,2025-06-25,13,0,1
R01,SKU-1189,2025-06-26,8,0,0
R01,SKU-1189,06/27/2025,5,0,1
R01,SKU-1189,06/28/2025,13,0,0
R01,SKU-1189,29-Jun-25,9,1,0
R01,SKU-1189,30-Jun-25,12,0,0
R01,SKU-1252,2025-06-01,23,0,0
R01,SKU-1252,02-Jun-25,26,0,0
R01,SKU-1252,2025-06-03,31,2,0
R01,SKU-1252,04-Jun-25,36,0,0
R01,SKU-1252,2025-06-05,14,0,0
R01,SKU-1252,2025-06-06,18,0,1
R01,SKU-1252,2025-06-07,27,0,0
R01,SKU-1252,08-Jun-25,28,1,0
R01,SKU-1252,2025-06-09,18,0,0
R01,SKU-1252,2025-06-10,39,0,1
R01,SKU-1252,2025-06-11,23,0,0
R01,SKU-1252,06/12/2025,29,0,0
R01,SKU-1252,2025-06-13,26,1,0
R01,SKU-1252,14-Jun-25,30,0,0
R01,SKU-1252,2025-06-15,25,1,0
R01,SKU-1252,06/16/2025,19,0,0
R01,SKU-1252,2025-06-17,16,0,0
R01,SKU-1252,2025-06-18,31,0,0
R01,SKU-1252,19-Jun-25,30,0,0
R01,SKU-1252,2025-06-20,28,0,0
R01,SKU-1252,2025-06-21,28,0,0
R01,SKU-1252,06/22/2025,26,2,0
R01,SKU-1252,06/23/2025,27,0,0
R01,SKU-1252,06/24/2025,24,1,0
R01,SKU-1252,2025-06-25,28,1,0
R01,SKU-1252,26-Jun-25,35,1,0
R01,SKU-1252,27-Jun-25,19,1,0
R01,SKU-1252,2025-06-28,22,0,0
R01,SKU-1252,2025-06-29,27,0,0
R01,SKU-1252,2025-06-30,21,0,0
R01,SKU-1259,01-Jun-25,7,1,0
R01,SKU-1259,2025-06-02,13,0,1
R01,SKU-1259,2025-06-03,11,0,1
R01,SKU-1259,06/04/2025,13,0,0
R01,SKU-1259,2025-06-05,8,0,0
R01,SKU-1259,2025-06-06,12,1,0
R01,SKU-1259,2025-06-07,11,0,1
R01,SKU-1259,2025-06-08,7,1,1
R01,SKU-1259,2025-06-09,12,1,0
R01,SKU-1259,2025-06-10,10,0,0
R01,SKU-1259,2025-06-11,7,0,0
R01,SKU-1259,06/12/2025,8,0,0
R01,SKU-1259,13-Jun-25,10,1,0
R01,SKU-1259,2025-06-14,9,3,0
R01,SKU-1259,06/15/2025,11,0,0
R01,SKU-1259,2025-06-16,10,0,0
R01,SKU-1259,2025-06-17,11,0,0
R01,SKU-1259,2025-06-18,18,0,0
R01,SKU-1259,2025-06-19,9,0,0
R01,SKU-1259,06/20/2025,14,0,0
R01,SKU-1259,2025-06-21,11,1,0
R01,SKU-1259,22-Jun-25,8,1,0
R01,SKU-1259,23-Jun-25,18,1,0
R01,SKU-1259,06/24/2025,10,1,0
R01,SKU-1259,06/25/2025,15,0,0
R01,SKU-1259,2025-06-26,10,0,0
R01,SKU-1259,2025-06-27,11,0,0
R01,SKU-1259,2025-06-28,10,1,0
R01,SKU-1259,29-Jun-25,3,1,0
R01,SKU-1259,2025-06-30,13,0,1
R01,SKU-1021,01-Jun-25,13,2,0
R01,SKU-1021,2025-06-02,14,2,0
R01,SKU-1021,2025-06-03,14,0,0
R01,SKU-1021,04-Jun-25,17,0,0
R01,SKU-1021,05-Jun-25,15,0,0
R01,SKU-1021,2025-06-06,14,2,0
R01,SKU-1021,2025-06-07,14,0,1
R01,SKU-1021,2025-06-08,12,0,0
R01,SKU-1021,06/09/2025,20,0,0
R01,SKU-1021,2025-06-10,20,0,0
R01,SKU-1021,2025-06-11,9,1,0
R01,SKU-1021,2025-06-12,9,1,1
R01,SKU-1021,2025-06-13,10,0,0
R01,SKU-1021,2025-06-14,15,0,0
R01,SKU-1021,2025-06-15,15,0,0
R01,SKU-1021,2025-06-16,11,0,0
R01,SKU-1021,17-Jun-25,9,0,0
R01,SKU-1021,2025-06-18,10,0,0
R01,SKU-1021,2025-06-19,15,1,0
R01,SKU-1021,2025-06-20,13,0,0
R01,SKU-1021,2025-06-21,25,0,0
R01,SKU-1021,2025-06-22,7,1,0
R01,SKU-1021,2025-06-23,15,0,1
R01,SKU-1021,2025-06-24,10,0,0
R01,SKU-1021,2025-06-25,8,0,0
R01,SKU-1021,26-Jun-25,14,0,0
R01,SKU-1021,2025-06-27,15,1,0
R01,SKU-1021,2025-06-28,11,0,0
R01,SKU-1021,2025-06-29,18,0,0
R01,SKU-1021,30-Jun-25,15,0,0
R01,SKU-1147,2025-06-01,18,1,0
R01,SKU-1147,06/02/2025,11,1,0
R01,SKU-1147,2025-06-03,25,0,0
R01,SKU-1147,06/04/2025,23,0,0
R01,SKU-1147,06/05/2025,18,0,0
R01,SKU-1147,2025-06-06,15,1,1
R01,SKU-1147,07-Jun-25,18,0,0
R01,SKU-1147,06/08/2025,16,0,0
R01,SKU-1147,2025-06-09,21,1,1
R01,SKU-1147,2025-06-10,19,1,0
R01,SKU-1147,2025-06-11,21,0,0
R01,SKU-1147,12-Jun-25,14,1,0
R01,SKU-1147,06/13/2025,18,1,0
R01,SKU-1147,14-Jun-25,29,1,0
R01,SKU-1147,06/15/2025,19,0,0
R01,SKU-1147,2025-06-16,18,0,0
R01,SKU-1147,2025-06-17,14,2,0
R01,SKU-1147,2025-06-18,13,0,0
R01,SKU-1147,19-Jun-25,19,0,0
R01,SKU-1147,2025-06-20,19,0,0
R01,SKU-1147,06/21/2025,17,1,1
R01,SKU-1147,2025-06-22,17,1,0
R01,SKU-1147,23-Jun-25,16,0,0
R01,SKU-1147,2025-06-24,16,2,0
R01,SKU-1147,2025-06-25,15,0,0
R01,SKU-1147,2025-06-26,11,0,0
R01,SKU-1147,2025-06-27,18,0,0
R01,SKU-1147,2025-06-28,20,1,0
R01,SKU-1147,2025-06-29,25,2,0
R01,SKU-1147,2025-06-30,17,0,0
R01,SKU-1126,2025-06-01,31,1,1
R01,SKU-1126,06/02/2025,26,1,1
R01,SKU-1126,2025-06-03,23,0,0
R01,SKU-1126,2025-06-04,31,0,0
R01,SKU-1126,2025-06-05,31,0,0
R01,SKU-1126,06/06/2025,33,0,0
R01,SKU-1126,06/07/2025,25,1,0
R01,SKU-1126,2025-06-08,25,0,0
R01,SKU-1126,09-Jun-25,25,0,0
R01,SKU-1126,06/10/2025,24,0,0
R01,SKU-1126,06/11/2025,21,1,0
R01,SKU-1126,2025-06-12,30,0,1
R01,SKU-1126,2025-06-13,24,1,0
R01,SKU-1126,2025-06-14,25,0,1
R01,SKU-1126,2025-06-15,25,0,0
R01,SKU-1126,2025-06-16,33,0,0
R01,SKU-1126,2025-06-17,29,0,0
R01,SKU-1126,18-Jun-25,31,0,0
R01,SKU-1126,2025-06-19,31,1,0
R01,SKU-1126,2025-06-20,31,0,0
R01,SKU-1126,21-Jun-25,37,0,0
R01,SKU-1126,2025-06-22,30,0,0
R01,SKU-1126,23-Jun-25,33,0,0
R01,SKU-1126,2025-06-24,27,0,0
R01,SKU-1126,2025-06-25,21,1,0
R01,SKU-1126,2025-06-26,29,1,0
R01,SKU-1126,27-Jun-25,43,0,0
R01,SKU-1126,06/28/2025,31,1,0
R01,SKU-1126,06/29/2025,28,0,1
R01,SKU-1126,2025-06-30,29,1,0
R01,SKU-1175,06/01/2025,6,2,0
R01,SKU-1175,06/02/2025,3,2,0
R01,SKU-1175,03-Jun-25,2,0,0
R01,SKU-1175,2025-06-04,2,1,0
R01,SKU-1175,06/05/2025,5,0,0
R01,SKU-1175,06/06/2025,2,0,0
R01,SKU-1175,2025-06-07,1,1,0
R01,SKU-1175,06/08/2025,5,0,0
R01,SKU-1175,2025-06-09,8,0,0
R01,SKU-1175,2025-06-10,1,1,0
R01,SKU-1175,06/11/2025,3,1,0
R01,SKU-1175,12-Jun-25,3,0,0
R01,SKU-1175,2025-06-13,3,1,0
R01,SKU-1175,2025-06-14,6,0,0
R01,SKU-1175,2025-06-15,5,0,1
R01,SKU-1175,2025-06-16,1,0,0
R01,SKU-1175,2025-06-17,6,1,0
R01,SKU-1175,06/18/2025,2,1,0
R01,SKU-1175,06/19/2025,6,0,0
R01,SKU-1175,06/20/2025,2,0,0
R01,SKU-1175,2025-06-21,4,1,0
R01,SKU-1175,2025-06-22,6,0,1
R01,SKU-1175,2025-06-23,3,0,0
R01,SKU-1175,2025-06-24,6,0,0
R01,SKU-1175,2025-06-25,7,0,0
R01,SKU-1175,26-Jun-25,3,0,0
R01,SKU-1175,2025-06-27,3,0,0
R01,SKU-1175,06/28/2025,0,0,1
R01,SKU-1175,2025-06-29,5,0,0
R01,SKU-1175,2025-06-30,4,0,0
R01,SKU-1196,2025-06-01,21,2,0
R01,SKU-1196,06/02/2025,23,0,0
R01,SKU-1196,2025-06-03,22,0,1
R01,SKU-1196,06/04/2025,16,0,0
R01,SKU-1196,06/05/2025,25,0,1
R01,SKU-1196,06/06/2025,24,0,1
R01,SKU-1196,2025-06-07,18,0,0
R01,SKU-1196,2025-06-08,25,0,0
R01,SKU-1196,2025-06-09,25,0,0
R01,SKU-1196,2025-06-10,24,0,0
R01,SKU-1196,2025-06-11,25,0,0
R01,SKU-1196,2025-06-12,24,0,0
R01,SKU-1196,2025-06-13,22,0,0
R01,SKU-1196,14-Jun-25,22,0,0
R01,SKU-1196,06/15/2025,30,2,0
R01,SKU-1196,06/16/2025,31,1,1
R01,SKU-1196,2025-06-17,25,0,1
R01,SKU-1196,2025-06-18,18,0,0
R01,SKU-1196,2025-06-19,21,0,0
R01,SKU-1196,06/20/2025,21,0,0
R01,SKU-1196,2025-06-21,18,1,0
R01,SKU-1196,2025-06-22,28,0,0
R01,SKU-1196,06/23/2025,24,1,0
R01,SKU-1196,2025-06-24,23,0,0
R01,SKU-1196,06/25/2025,28,1,0
R01,SKU-1196,26-Jun-25,19,0,1
R01,SKU-1196,06/27/2025,24,0,0
R01,SKU-1196,06/28/2025,21,1,0
R01,SKU-1196,2025-06-29,20,0,0
R01,SKU-1196,2025-06-30,25,1,0
R01,SKU-1091,01-Jun-25,10,1,0
R01,SKU-1091,2025-06-02,11,0,1
R01,SKU-1091,2025-06-03,12,0,0
R01,SKU-1091,2025-06-04,8,1,0
R01,SKU-1091,2025-06-05,14,0,0
R01,SKU-1091,06/06/2025,9,0,0
R01,SKU-1091,2025-06-07,11,1,0
R01,SKU-1091,2025-06-08,19,1,0
R01,SKU-1091,09-Jun-25,13,0,0
R01,SKU-1091,2025-06-10,13,0,0
R01,SKU-1091,2025-06-11,10,1,0
R01,SKU-1091,12-Jun-25,16,0,0
R01,SKU-1091,2025-06-13,16,0,0
R01,SKU-1091,06/14/2025,13,1,0
R01,SKU-1091,15-Jun-25,17,1,0
R01,SKU-1091,2025-06-16,13,0,0
R01,SKU-1091,2025-06-17,16,0,0
R01,SKU-1091,2025-06-18,16,0,0
R01,SKU-1091,2025-06-19,9,0,0
R01,SKU-1091,2025-06-20,14,0,0
R01,SKU-1091,2025-06-21,24,0,0
R01,SKU-1091,06/22/2025,12,0,0
R01,SKU-1091,2025-06-23,11,1,0
R01,SKU-1091,24-Jun-25,9,0,0
R01,SKU-1091,25-Jun-25,18,0,0
R01,SKU-1091,06/26/2025,19,1,1
R01,SKU-1091,2025-06-27,9,0,0
R01,SKU-1091,2025-06-28,18,0,0
R01,SKU-1091,2025-06-29,13,1,0
R01,SKU-1091,30-Jun-25,13,0,1
R01,SKU-1119,06/01/2025,4,0,0
R01,SKU-1119,02-Jun-25,1,0,0
R01,SKU-1119,06/03/2025,5,0,0
R01,SKU-1119,06/04/2025,7,1,0
R01,SKU-1119,2025-06-05,4,0,0
R01,SKU-1119,2025-06-06,6,2,0
R01,SKU-1119,2025-06-07,3,1,0
R01,SKU-1119,2025-06-08,4,0,0
R01,SKU-1119,2025-06-09,2,0,0
R01,SKU-1119,10-Jun-25,7,1,0
R01,SKU-1119,2025-06-11,8,1,0
R01,SKU-1119,2025-06-12,2,0,0
R01,SKU-1119,2025-06-13,5,1,0
R01,SKU-1119,14-Jun-25,3,0,0
R01,SKU-1119,06/15/2025,4,1,0
R01,SKU-1119,2025-06-16,7,0,0
R01,SKU-1119,17-Jun-25,9,1,0
R01,SKU-1119,2025-06-18,4,1,1
R01,SKU-1119,2025-06-19,7,1,0
R01,SKU-1119,2025-06-20,7,1,0
R01,SKU-1119,2025-06-21,4,0,0
R01,SKU-1119,2025-06-22,4,0,0
R01,SKU-1119,06/23/2025,4,0,0
R01,SKU-1119,2025-06-24,6,1,0
R01,SKU-1119,2025-06-25,4,0,0
R01,SKU-1119,06/26/2025,3,1,0
R01,SKU-1119,27-Jun-25,8,0,0
R01,SKU-1119,2025-06-28,5,0,0
R01,SKU-1119,06/29/2025,5,0,0
R01,SKU-1119,30-Jun-25,4,0,0
R01,SKU-1224,06/01/2025,28,1,0
R01,SKU-1224,02-Jun-25,29,1,0
R01,SKU-1224,06/03/2025,43,0,0
R01,SKU-1224,2025-06-04,30,0,0
R01,SKU-1224,05-Jun-25,32,0,1
R01,SKU-1224,2025-06-06,33,0,0
R01,SKU-1224,06/07/2025,33,0,1
R01,SKU-1224,2025-06-08,25,0,0
R01,SKU-1224,2025-06-09,35,0,0
R01,SKU-1224,2025-06-10,24,0,0
R01,SKU-1224,2025-06-11,28,0,0
R01,SKU-1224,06/12/2025,31,2,0
R01,SKU-1224,2025-06-13,27,2,0
R01,SKU-1224,06/14/2025,38,1,0
R01,SKU-1224,2025-06-15,18,1,0
R01,SKU-1224,06/16/2025,22,0,0
R01,SKU-1224,2025-06-17,30,0,0
R01,SKU-1224,2025-06-18,30,1,0
R01,SKU-1224,06/19/2025,28,0,0
R01,SKU-1224,06/20/2025,26,0,0
R01,SKU-1224,06/21/2025,24,0,0
R01,SKU-1224,2025-06-22,22,2,0
R01,SKU-1224,2025-06-23,39,0,0
R01,SKU-1224,2025-06-24,34,0,0
R01,SKU-1224,06/25/2025,26,2,0
R01,SKU-1224,26-Jun-25,35,1,0
R01,SKU-1224,06/27/2025,36,0,0
R01,SKU-1224,06/28/2025,32,1,0
R01,SKU-1224,2025-06-29,25,0,0
R01,SKU-1224,06/30/2025,24,0,0
R01,SKU-1266,01-Jun-25,22,1,0
R01,SKU-1266,06/02/2025,31,0,0
R01,SKU-1266,2025-06-03,23,0,1
R01,SKU-1266,2025-06-04,24,1,0
R01,SKU-1266,2025-06-05,30,0,0
R01,SKU-1266,06/06/2025,27,0,1
R01,SKU-1266,2025-06-07,28,1,0
R01,SKU-1266,08-Jun-25,18,0,1
R01,SKU-1266,06/09/2025,39,0,0
R01,SKU-1266,2025-06-10,26,0,1
R01,SKU-1266,2025-06-11,34,0,1
R01,SKU-1266,2025-06-12,27,2,0
R01,SKU-1266,06/13/2025,32,1,0
R01,SKU-1266,06/14/2025,32,0,0
R01,SKU-1266,2025-06-15,31,1,0
R01,SKU-1266,06/16/2025,29,0,0
R01,SKU-1266,2025-06-17,30,0,1
R01,SKU-1266,2025-06-18,26,1,1
R01,SKU-1266,06/19/2025,27,1,0
R01,SKU-1266,2025-06-20,30,0,0
R01,SKU-1266,2025-06-21,24,2,0
R01,SKU-1266,2025-06-22,30,0,0
R01,SKU-1266,23-Jun-25,27,0,0
R01,SKU-1266,24-Jun-25,29,0,1
R01,SKU-1266,25-Jun-25,36,0,0
R01,SKU-1266,2025-06-26,29,0,1
R01,SKU-1266,2025-06-27,35,0,0
R01,SKU-1266,2025-06-28,22,0,0
R01,SKU-1266,2025-06-29,30,0,0
R01,SKU-1266,06/30/2025,33,0,0
R01,SKU-1063,06/01/2025,26,1,0
R01,SKU-1063,2025-06-02,28,0,0
R01,SKU-1063,2025-06-03,22,0,0
R01,SKU-1063,06/04/2025,22,2,0
R01,SKU-1063,2025-06-05,19,0,1
R01,SKU-1063,06/06/2025,25,0,0
R01,SKU-1063,2025-06-07,16,0,0
R01,SKU-1063,06/08/2025,19,0,1
R01,SKU-1063,2025-06-09,15,0,0
R01,SKU-1063,06/10/2025,20,1,0
R01,SKU-1063,06/11/2025,16,0,0
R01,SKU-1063,06/12/2025,32,0,0
R01,SKU-1063,06/13/2025,24,1,1
R01,SKU-1063,2025-06-14,30,0,0
R01,SKU-1063,06/15/2025,24,2,1
R01,SKU-1063,06/16/2025,26,0,0
R01,SKU-1063,06/17/2025,9,1,0
R01,SKU-1063,06/18/2025,17,0,0
R01,SKU-1063,2025-06-19,19,0,0
R01,SKU-1063,2025-06-20,30,0,0
R01,SKU-1063,21-Jun-25,19,0,0
R01,SKU-1063,2025-06-22,33,1,0
R01,SKU-1063,2025-06-23,20,0,0
R01,SKU-1063,2025-06-24,18,0,0
R01,SKU-1063,06/25/2025,23,1,0
R01,SKU-1063,06/26/2025,22,0,1
R01,SKU-1063,06/27/2025,19,0,0
R01,SKU-1063,06/28/2025,20,0,0
R01,SKU-1063,2025-06-29,20,1,0
R01,SKU-1063,06/30/2025,19,1,0
R01,SKU-1245,2025-06-01,30,0,0
R01,SKU-1245,2025-06-02,28,2,0
R01,SKU-1245,03-Jun-25,30,0,0
R01,SKU-1245,2025-06-04,25,1,0
R01,SKU-1245,2025-06-05,30,0,0
R01,SKU-1245,2025-06-06,27,0,0
R01,SKU-1245,06/07/2025,28,0,0
R01,SKU-1245,2025-06-08,24,0,0
R01,SKU-1245,2025-06-09,26,1,0
R01,SKU-1245,10-Jun-25,21,0,0
R01,SKU-1245,11-Jun-25,25,0,0
R01,SKU-1245,2025-06-12,18,0,0
R01,SKU-1245,2025-06-13,35,1,0
R01,SKU-1245,2025-06-14,23,0,0
R01,SKU-1245,06/15/2025,19,0,0
R01,SKU-1245,06/16/2025,29,0,0
R01,SKU-1245,06/17/2025,25,0,0
R01,SKU-1245,06/18/2025,36,0,0
R01,SKU-1245,19-Jun-25,23,1,0
R01,SKU-1245,2025-06-20,34,3,0
R01,SKU-1245,06/21/2025,25,0,0
R01,SKU-1245,22-Jun-25,22,0,1
R01,SKU-1245,2025-06-23,25,0,0
R01,SKU-1245,2025-06-24,41,0,0
R01,SKU-1245,06/25/2025,19,1,0
R01,SKU-1245,2025-06-26,27,0,0
R01,SKU-1245,2025-06-27,18,0,0
R01,SKU-1245,2025-06-28,18,0,0
R01,SKU-1245,06/29/2025,30,0,0
R01,SKU-1245,30-Jun-25,28,0,1
R01,SKU-1182,2025-06-01,2,0,1
R01,SKU-1182,2025-06-02,3,0,0
R01,SKU-1182,06/03/2025,5,1,0
R01,SKU-1182,2025-06-04,7,0,0
R01,SKU-1182,2025-06-05,3,0,0
R01,SKU-1182,2025-06-06,7,0,0
R01,SKU-1182,2025-06-07,6,0,0
R01,SKU-1182,06/08/2025,6,1,0
R01,SKU-1182,2025-06-09,7,2,0
R01,SKU-1182,06/10/2025,7,2,0
R01,SKU-1182,2025-06-11,9,0,0
R01,SKU-1182,12-Jun-25,3,1,0
R01,SKU-1182,06/13/2025,6,0,0
R01,SKU-1182,2025-06-14,5,0,1
R01,SKU-1182,2025-06-15,6,0,1
R01,SKU-1182,2025-06-16,6,0,0
R01,SKU-1182,06/17/2025,9,4,1
R01,SKU-1182,2025-06-18,6,0,0
R01,SKU-1182,19-Jun-25,7,0,1
R01,SKU-1182,2025-06-20,7,0,0
R01,SKU-1182,2025-06-21,5,0,0
R01,SKU-1182,2025-06-22,3,0,0
R01,SKU-1182,2025-06-23,2,1,0
R01,SKU-1182,06/24/2025,5,0,0
R01,SKU-1182,06/25/2025,6,0,0
R01,SKU-1182,2025-06-26,4,0,0
R01,SKU-1182,2025-06-27,6,2,0
R01,SKU-1182,2025-06-28,7,1,0
R01,SKU-1182,06/29/2025,8,0,0
R01,SKU-1182,06/30/2025,5,2,0
R01,SKU-1007,2025-06-01,36,0,0
R01,SKU-1007,2025-06-02,27,0,0
R01,SKU-1007,2025-06-03,35,0,0
R01,SKU-1007,04-Jun-25,28,0,1
R01,SKU-1007,06/05/2025,31,0,0
R01,SKU-1007,2025-06-06,27,0,0
R01,SKU-1007,2025-06-07,33,0,0
R01,SKU-1007,2025-06-08,18,1,1
R01,SKU-1007,2025-06-09,31,1,0
R01,SKU-1007,2025-06-10,32,0,0
R01,SKU-1007,2025-06-11,34,0,0
R01,SKU-1007,2025-06-12,39,0,1
R01,SKU-1007,2025-06-13,36,0,0
R01,SKU-1007,2025-06-14,32,0,0
R01,SKU-1007,15-Jun-25,32,0,0
R01,SKU-1007,2025-06-16,32,1,0
R01,SKU-1007,2025-06-17,27,0,0
R01,SKU-1007,2025-06-18,38,1,0
R01,SKU-1007,19-Jun-25,26,0,0
R01,SKU-1007,2025-06-20,28,0,0
R01,SKU-1007,2025-06-21,40,0,0
R01,SKU-1007,22-Jun-25,32,0,0
R01,SKU-1007,06/23/2025,30,0,0
R01,SKU-1007,24-Jun-25,28,0,0
R01,SKU-1007,06/25/2025,30,1,1
R01,SKU-1007,26-Jun-25,42,0,0
R01,SKU-1007,2025-06-27,34,0,0
R01,SKU-1007,2025-06-28,31,1,0
R01,SKU-1007,2025-06-29,35,0,0
R01,SKU-1007,2025-06-30,29,0,0
R01,SKU-1070,2025-06-01,14,0,0
R01,SKU-1070,2025-06-02,16,0,0
R01,SKU-1070,2025-06-03,9,1,0
R01,SKU-1070,2025-06-04,6,3,0
R01,SKU-1070,06/05/2025,19,0,1
R01,SKU-1070,2025-06-06,9,0,0
R01,SKU-1070,2025-06-07,18,1,0
R01,SKU-1070,06/08/2025,12,1,0
R01,SKU-1070,06/09/2025,16,0,0
R01,SKU-1070,10-Jun-25,17,0,0
R01,SKU-1070,11-Jun-25,7,2,0
R01,SKU-1070,12-Jun-25,17,0,0
R01,SKU-1070,06/13/2025,11,0,0
R01,SKU-1070,06/14/2025,13,0,1
R01,SKU-1070,06/15/2025,11,0,0
R01,SKU-1070,2025-06-16,9,0,0
R01,SKU-1070,2025-06-17,11,1,0
R01,SKU-1070,2025-06-18,18,0,0
R01,SKU-1070,2025-06-19,13,0,0
R01,SKU-1070,2025-06-20,11,0,0
R01,SKU-1070,21-Jun-25,7,2,0
R01,SKU-1070,22-Jun-25,14,0,1
R01,SKU-1070,2025-06-23,5,0,0
R01,SKU-1070,2025-06-24,12,0,0
R01,SKU-1070,2025-06-25,13,0,0
R01,SKU-1070,26-Jun-25,16,0,0
R01,SKU-1070,2025-06-27,15,0,0
R01,SKU-1070,06/28/2025,6,1,0
R01,SKU-1070,29-Jun-25,10,2,0
R01,SKU-1070,2025-06-30,11,0,0
R01,SKU-1238,06/01/2025,25,1,0
R01,SKU-1238,2025-06-02,21,0,0
R01,SKU-1238,2025-06-03,12,0,0
R01,SKU-1238,2025-06-04,18,1,0
R01,SKU-1238,2025-06-05,15,0,0
R01,SKU-1238,06-Jun-25,18,0,0
R01,SKU-1238,2025-06-07,26,1,1
R01,SKU-1238,06/08/2025,17,0,0
R01,SKU-1238,2025-06-09,26,0,0
R01,SKU-1238,2025-06-10,15,0,0
R01,SKU-1238,2025-06-11,25,0,0
R01,SKU-1238,06/12/2025,18,1,1
R01,SKU-1238,2025-06-13,13,1,0
R01,SKU-1238,2025-06-14,17,0,0
R01,SKU-1238,2025-06-15,22,0,0
R01,SKU-1238,2025-06-16,17,0,0
R01,SKU-1238,2025-06-17,15,0,0
R01,SKU-1238,2025-06-18,29,0,0
R01,SKU-1238,19-Jun-25,23,0,0
R01,SKU-1238,2025-06-20,16,0,0
R01,SKU-1238,21-Jun-25,17,0,0
R01,SKU-1238,2025-06-22,16,2,0
R01,SKU-1238,2025-06-23,17,1,1
R01,SKU-1238,06/24/2025,16,0,1
R01,SKU-1238,25-Jun-25,20,1,0
R01,SKU-1238,26-Jun-25,26,1,0
R01,SKU-1238,27-Jun-25,21,0,0
R01,SKU-1238,06/28/2025,28,2,0
R01,SKU-1238,2025-06-29,18,0,1
R01,SKU-1238,2025-06-30,16,1,0
R01,SKU-1154,2025-06-01,18,0,0
R01,SKU-1154,2025-06-02,20,0,0
R01,SKU-1154,2025-06-03,23,1,0
R01,SKU-1154,06/04/2025,21,0,0
R01,SKU-1154,06/05/2025,17,0,0
R01,SKU-1154,2025-06-06,17,0,0
R01,SKU-1154,07-Jun-25,21,0,0
R01,SKU-1154,06/08/2025,17,1,1
R01,SKU-1154,2025-06-09,17,1,0
R01,SKU-1154,2025-06-10,17,0,0
R01,SKU-1154,2025-06-11,17,2,1
R01,SKU-1154,2025-06-12,19,1,0
R01,SKU-1154,2025-06-13,17,0,0
R01,SKU-1154,06/14/2025,18,0,0
R01,SKU-1154,06/15/2025,13,0,0
R01,SKU-1154,2025-06-16,23,0,0
R01,SKU-1154,06/17/2025,16,0,0
R01,SKU-1154,2025-06-18,19,0,0
R01,SKU-1154,2025-06-19,14,0,0
R01,SKU-1154,2025-06-20,19,0,1
R01,SKU-1154,2025-06-21,9,0,0
R01,SKU-1154,2025-06-22,27,0,0
R01,SKU-1154,2025-06-23,20,1,0
R01,SKU-1154,06/24/2025,12,0,0
R01,SKU-1154,25-Jun-25,20,0,0
R01,SKU-1154,2025-06-26,21,0,0
R01,SKU-1154,2025-06-27,23,0,0
R01,SKU-1154,2025-06-28,16,0,0
R01,SKU-1154,2025-06-29,15,1,0
R01,SKU-1154,06/30/2025,29,0,1
R01,SKU-1273,06/01/2025,18,0,0
R01,SKU-1273,06/02/2025,31,0,0
R01,SKU-1273,06/03/2025,27,0,0
R01,SKU-1273,2025-06-04,27,1,0
R01,SKU-1273,05-Jun-25,32,0,0
R01,SKU-1273,06/06/2025,32,0,0
R01,SKU-1273,07-Jun-25,23,0,0
R01,SKU-1273,08-Jun-25,25,0,0
R01,SKU-1273,2025-06-09,29,0,0
R01,SKU-1273,2025-06-10,28,0,0
R01,SKU-1273,2025-06-11,23,1,0
R01,SKU-1273,2025-06-12,31,2,0
R01,SKU-1273,2025-06-13,38,0,0
R01,SKU-1273,2025-06-14,30,1,0
R01,SKU-1273,2025-06-15,26,1,0
R01,SKU-1273,2025-06-16,26,1,0
R01,SKU-1273,2025-06-17,31,0,0
R01,SKU-1273,2025-06-18,23,0,0
R01,SKU-1273,19-Jun-25,29,1,0
R01,SKU-1273,2025-06-20,34,0,1
R01,SKU-1273,2025-06-21,28,0,1
R01,SKU-1273,2025-06-22,28,0,0
R01,SKU-1273,23-Jun-25,33,0,0
R01,SKU-1273,06/24/2025,23,0,0
R01,SKU-1273,2025-06-25,36,2,0
R01,SKU-1273,26-Jun-25,28,0,0
R01,SKU-1273,27-Jun-25,39,1,0
R01,SKU-1273,06/28/2025,16,1,0
R01,SKU-1273,2025-06-29,27,0,0
R01,SKU-1273,30-Jun-25,36,0,0
R02,SKU-1119,2025-06-01,6,0,1
R02,SKU-1119,2025-06-02,3,1,0
R02,SKU-1119,2025-06-03,4,1,0
R02,SKU-1119,2025-06-04,8,0,0
R02,SKU-1119,06/05/2025,1,1,0
R02,SKU-1119,2025-06-06,3,0,0
R02,SKU-1119,2025-06-07,6,0,0
R02,SKU-1119,08-Jun-25,3,1,0
R02,SKU-1119,09-Jun-25,4,0,0
R02,SKU-1119,2025-06-10,3,0,0
R02,SKU-1119,06/11/2025,3,1,0
R02,SKU-1119,06/12/2025,1,2,0
R02,SKU-1119,2025-06-13,1,0,0
R02,SKU-1119,06/14/2025,2,0,1
R02,SKU-1119,2025-06-15,6,2,0
R02,SKU-1119,06/16/2025,3,0,0
R02,SKU-1119,06/17/2025,0,0,0
R02,SKU-1119,18-Jun-25,2,1,0
R02,SKU-1119,2025-06-19,5,0,0
R02,SKU-1119,06/20/2025,4,0,0
R02,SKU-1119,2025-06-21,8,0,0
R02,SKU-1119,06/22/2025,2,0,0
R02,SKU-1119,2025-06-23,2,0,0
R02,SKU-1119,2025-06-24,6,1,0
R02,SKU-1119,25-Jun-25,3,1,0
R02,SKU-1119,2025-06-26,4,0,0
R02,SKU-1119,27-Jun-25,2,0,0
R02,SKU-1119,28-Jun-25,7,1,0
R02,SKU-1119,2025-06-29,3,0,0
R02,SKU-1119,06/30/2025,5,0,1
R02,SKU-1252,2025-06-01,32,3,0
R02,SKU-1252,06/02/2025,34,0,1
R02,SKU-1252,2025-06-03,42,0,0
R02,SKU-1252,2025-06-04,31,0,0
R02,SKU-1252,2025-06-05,27,0,0
R02,SKU-1252,2025-06-06,31,1,0
R02,SKU-1252,2025-06-07,32,0,0
R02,SKU-1252,2025-06-08,29,0,0
R02,SKU-1252,2025-06-09,21,0,0
R02,SKU-1252,06/10/2025,25,0,0
R02,SKU-1252,2025-06-11,27,1,0
R02,SKU-1252,06/12/2025,36,1,1
R02,SKU-1252,06/13/2025,31,0,0
R02,SKU-1252,2025-06-14,39,0,0
R02,SKU-1252,2025-06-15,31,1,0
R02,SKU-1252,2025-06-16,32,0,0
R02,SKU-1252,2025-06-17,19,0,0
R02,SKU-1252,2025-06-18,24,0,0
R02,SKU-1252,2025-06-19,35,0,1
R02,SKU-1252,2025-06-20,40,0,0
R02,SKU-1252,2025-06-21,28,0,0
R02,SKU-1252,2025-06-22,28,1,0
R02,SKU-1252,2025-06-23,35,0,0
R02,SKU-1252,06/24/2025,36,0,0
R02,SKU-1252,25-Jun-25,20,1,0
R02,SKU-1252,06/26/2025,35,0,0
R02,SKU-1252,2025-06-27,32,0,0
R02,SKU-1252,28-Jun-25,33,2,0
R02,SKU-1252,2025-06-29,26,0,0
R02,SKU-1252,2025-06-30,26,1,0
R02,SKU-1238,01-Jun-25,17,0,0
R02,SKU-1238,2025-06-02,18,0,0
R02,SKU-1238,06/03/2025,21,0,0
R02,SKU-1238,06/04/2025,15,1,0
R02,SKU-1238,2025-06-05,15,0,0
R02,SKU-1238,2025-06-06,33,1,1
R02,SKU-1238,2025-06-07,22,0,0
R02,SKU-1238,2025-06-08,20,0,0
R02,SKU-1238,2025-06-09,19,1,0
R02,SKU-1238,2025-06-10,18,1,0
R02,SKU-1238,2025-06-11,15,1,1
R02,SKU-1238,06/12/2025,22,0,0
R02,SKU-1238,2025-06-13,17,1,0
R02,SKU-1238,2025-06-14,17,0,0
R02,SKU-1238,2025-06-15,13,0,0
R02,SKU-1238,2025-06-16,11,1,1
R02,SKU-1238,2025-06-17,17,1,1
R02,SKU-1238,18-Jun-25,15,0,0
R02,SKU-1238,2025-06-19,20,0,0
R02,SKU-1238,2025-06-20,20,1,0
R02,SKU-1238,06/21/2025,15,0,1
R02,SKU-1238,2025-06-22,22,0,0
R02,SKU-1238,23-Jun-25,18,0,0
R02,SKU-1238,2025-06-24,22,0,1
R02,SKU-1238,06/25/2025,24,0,0
R02,SKU-1238,06/26/2025,12,0,0
R02,SKU-1238,27-Jun-25,17,0,0
R02,SKU-1238,2025-06-28,16,2,0
R02,SKU-1238,2025-06-29,17,0,0
R02,SKU-1238,2025-06-30,19,1,0
R02,SKU-1161,2025-06-01,10,1,0
R02,SKU-1161,02-Jun-25,17,0,0
R02,SKU-1161,03-Jun-25,12,1,0
R02,SKU-1161,2025-06-04,11,1,1
R02,SKU-1161,05-Jun-25,13,0,0
R02,SKU-1161,2025-06-06,20,1,0
R02,SKU-1161,2025-06-07,14,0,0
R02,SKU-1161,2025-06-08,15,1,0
R02,SKU-1161,2025-06-09,16,1,1
R02,SKU-1161,2025-06-10,15,2,0
R02,SKU-1161,06/11/2025,10,1,0
R02,SKU-1161,12-Jun-25,11,0,0
R02,SKU-1161,06/13/2025,15,1,0
R02,SKU-1161,2025-06-14,16,0,0
R02,SKU-1161,2025-06-15,13,1,1
R02,SKU-1161,2025-06-16,11,0,0
R02,SKU-1161,2025-06-17,20,0,0
R02,SKU-1161,2025-06-18,10,0,1
R02,SKU-1161,2025-06-19,14,1,1
R02,SKU-1161,06/20/2025,11,0,0
R02,SKU-1161,06/21/2025,18,0,0
R02,SKU-1161,2025-06-22,10,1,0
R02,SKU-1161,06/23/2025,15,0,0
R02,SKU-1161,2025-06-24,10,0,0
R02,SKU-1161,2025-06-25,11,0,1
R02,SKU-1161,2025-06-26,14,0,0
R02,SKU-1161,2025-06-27,11,1,0
R02,SKU-1161,06/28/2025,19,0,1
R02,SKU-1161,2025-06-29,10,0,0
R02,SKU-1161,2025-06-30,13,0,1
R02,SKU-1224,2025-06-01,40,0,0
R02,SKU-1224,06/02/2025,29,0,0
R02,SKU-1224,2025-06-03,24,0,0
R02,SKU-1224,04-Jun-25,39,1,0
R02,SKU-1224,2025-06-05,27,0,0
R02,SKU-1224,06/06/2025,36,0,0
R02,SKU-1224,06/07/2025,42,0,0
R02,SKU-1224,2025-06-08,36,0,0
R02,SKU-1224,2025-06-09,28,0,0
R02,SKU-1224,2025-06-10,33,0,0
R02,SKU-1224,2025-06-11,31,1,0
R02,SKU-1224,06/12/2025,38,0,0
R02,SKU-1224,13-Jun-25,41,1,0
R02,SKU-1224,2025-06-14,38,0,0
R02,SKU-1224,2025-06-15,42,1,0
R02,SKU-1224,16-Jun-25,28,2,1
R02,SKU-1224,2025-06-17,24,0,0
R02,SKU-1224,2025-06-18,37,0,1
R02,SKU-1224,2025-06-19,37,0,0
R02,SKU-1224,2025-06-20,30,0,0
R02,SKU-1224,2025-06-21,31,0,0
R02,SKU-1224,06/22/2025,20,0,0
R02,SKU-1224,2025-06-23,40,0,0
R02,SKU-1224,2025-06-24,29,0,0
R02,SKU-1224,2025-06-25,36,0,0
R02,SKU-1224,2025-06-26,34,1,0
R02,SKU-1224,2025-06-27,28,0,0
R02,SKU-1224,2025-06-28,41,0,0
R02,SKU-1224,2025-06-29,26,1,0
R02,SKU-1224,30-Jun-25,39,0,0
R02,SKU-1084,06/01/2025,13,1,0
R02,SKU-1084,06/02/2025,24,0,0
R02,SKU-1084,06/03/2025,21,0,0
R02,SKU-1084,2025-06-04,11,0,0
R02,SKU-1084,2025-06-05,17,0,0
R02,SKU-1084,2025-06-06,17,1,0
R02,SKU-1084,2025-06-07,17,0,0
R02,SKU-1084,06/08/2025,21,1,0
R02,SKU-1084,09-Jun-25,13,2,0
R02,SKU-1084,2025-06-10,18,0,0
R02,SKU-1084,2025-06-11,16,0,0
R02,SKU-1084,06/12/2025,22,1,0
R02,SKU-1084,13-Jun-25,18,0,0
R02,SKU-1084,14-Jun-25,16,0,0
R02,SKU-1084,06/15/2025,19,0,0
R02,SKU-1084,06/16/2025,18,1,0
R02,SKU-1084,2025-06-17,26,0,0
R02,SKU-1084,2025-06-18,23,0,0
R02,SKU-1084,06/19/2025,15,0,0
R02,SKU-1084,20-Jun-25,17,0,0
R02,SKU-1084,06/21/2025,16,0,0
R02,SKU-1084,22-Jun-25,14,0,0
R02,SKU-1084,06/23/2025,21,0,0
R02,SKU-1084,2025-06-24,15,0,0
R02,SKU-1084,25-Jun-25,16,1,0
R02,SKU-1084,2025-06-26,11,0,0
R02,SKU-1084,2025-06-27,15,0,0
R02,SKU-1084,2025-06-28,20,0,0
R02,SKU-1084,2025-06-29,18,0,0
R02,SKU-1084,2025-06-30,14,0,0
R02,SKU-1028,2025-06-01,32,1,0
R02,SKU-1028,2025-06-02,29,0,0
R02,SKU-1028,2025-06-03,36,0,0
R02,SKU-1028,04-Jun-25,31,1,0
R02,SKU-1028,2025-06-05,33,0,0
R02,SKU-1028,06/06/2025,22,0,0
R02,SKU-1028,06/07/2025,28,0,0
R02,SKU-1028,06/08/2025,28,1,0
R02,SKU-1028,06/09/2025,24,0,0
R02,SKU-1028,2025-06-10,26,0,0
R02,SKU-1028,2025-06-11,23,0,0
R02,SKU-1028,12-Jun-25,35,0,0
R02,SKU-1028,2025-06-13,23,1,0
R02,SKU-1028,2025-06-14,32,0,1
R02,SKU-1028,2025-06-15,33,1,0
R02,SKU-1028,2025-06-16,24,0,0
R02,SKU-1028,2025-06-17,29,0,1
R02,SKU-1028,06/18/2025,33,0,0
R02,SKU-1028,19-Jun-25,43,0,0
R02,SKU-1028,2025-06-20,24,1,1
R02,SKU-1028,2025-06-21,27,0,0
R02,SKU-1028,06/22/2025,39,0,1
R02,SKU-1028,2025-06-23,24,0,1
R02,SKU-1028,2025-06-24,30,0,0
R02,SKU-1028,06/25/2025,19,0,0
R02,SKU-1028,06/26/2025,30,0,0
R02,SKU-1028,06/27/2025,24,1,0
R02,SKU-1028,06/28/2025,30,0,0
R02,SKU-1028,2025-06-29,35,0,0
R02,SKU-1028,06/30/2025,27,0,0
R02,SKU-1140,2025-06-01,33,0,0
R02,SKU-1140,06/02/2025,19,0,0
R02,SKU-1140,2025-06-03,12,1,0
R02,SKU-1140,2025-06-04,28,0,0
R02,SKU-1140,2025-06-05,15,1,0
R02,SKU-1140,2025-06-06,16,0,0
R02,SKU-1140,2025-06-07,25,0,0
R02,SKU-1140,2025-06-08,19,1,0
R02,SKU-1140,2025-06-09,17,0,0
R02,SKU-1140,10-Jun-25,19,1,0
R02,SKU-1140,2025-06-11,22,0,0
R02,SKU-1140,06/12/2025,22,0,0
R02,SKU-1140,06/13/2025,21,2,0
R02,SKU-1140,14-Jun-25,21,0,0
R02,SKU-1140,06/15/2025,14,2,1
R02,SKU-1140,2025-06-16,22,0,0
R02,SKU-1140,2025-06-17,23,1,0
R02,SKU-1140,18-Jun-25,18,0,1
R02,SKU-1140,06/19/2025,22,0,1
R02,SKU-1140,2025-06-20,24,1,0
R02,SKU-1140,21-Jun-25,22,1,0
R02,SKU-1140,2025-06-22,22,0,0
R02,SKU-1140,2025-06-23,20,0,0
R02,SKU-1140,2025-06-24,24,0,0
R02,SKU-1140,25-Jun-25,25,0,0
R02,SKU-1140,2025-06-26,10,0,0
R02,SKU-1140,2025-06-27,27,2,0
R02,SKU-1140,2025-06-28,22,0,0
R02,SKU-1140,2025-06-29,20,0,0
R02,SKU-1140,06/30/2025,18,1,1
R02,SKU-1217,01-Jun-25,18,0,1
R02,SKU-1217,2025-06-02,22,0,0
R02,SKU-1217,03-Jun-25,20,1,0
R02,SKU-1217,06/04/2025,15,0,0
R02,SKU-1217,2025-06-05,15,0,1
R02,SKU-1217,2025-06-06,16,1,0
R02,SKU-1217,2025-06-07,22,1,1
R02,SKU-1217,06/08/2025,24,1,0
R02,SKU-1217,2025-06-09,19,0,0
R02,SKU-1217,06/10/2025,22,0,0
R02,SKU-1217,2025-06-11,29,0,0
R02,SKU-1217,2025-06-12,22,2,0
R02,SKU-1217,2025-06-13,18,0,0
R02,SKU-1217,2025-06-14,23,1,1
R02,SKU-1217,2025-06-15,23,0,0
R02,SKU-1217,16-Jun-25,24,1,0
R02,SKU-1217,2025-06-17,17,0,0
R02,SKU-1217,2025-06-18,26,0,0
R02,SKU-1217,19-Jun-25,13,0,0
R02,SKU-1217,06/20/2025,30,0,0
R02,SKU-1217,06/21/2025,20,0,1
R02,SKU-1217,2025-06-22,13,0,0
R02,SKU-1217,2025-06-23,18,1,0
R02,SKU-1217,2025-06-24,16,1,0
R02,SKU-1217,06/25/2025,22,0,0
R02,SKU-1217,2025-06-26,19,2,0
R02,SKU-1217,2025-06-27,16,1,0
R02,SKU-1217,2025-06-28,33,0,0
R02,SKU-1217,06/29/2025,25,0,0
R02,SKU-1217,2025-06-30,25,0,0
R02,SKU-1112,2025-06-01,18,1,0
R02,SKU-1112,2025-06-02,13,0,0
R02,SKU-1112,2025-06-03,23,0,0
R02,SKU-1112,2025-06-04,14,0,0
R02,SKU-1112,06/05/2025,14,2,0
R02,SKU-1112,06/06/2025,18,0,0
R02,SKU-1112,06/07/2025,16,1,1
R02,SKU-1112,2025-06-08,11,0,0
R02,SKU-1112,2025-06-09,11,0,0
R02,SKU-1112,10-Jun-25,14,0,0
R02,SKU-1112,11-Jun-25,17,0,0
R02,SKU-1112,2025-06-12,12,0,0
R02,SKU-1112,2025-06-13,11,0,0
R02,SKU-1112,2025-06-14,15,0,0
R02,SKU-1112,2025-06-15,15,0,0
R02,SKU-1112,16-Jun-25,11,0,0
R02,SKU-1112,2025-06-17,18,1,0
R02,SKU-1112,2025-06-18,10,0,0
R02,SKU-1112,2025-06-19,22,0,0
R02,SKU-1112,06/20/2025,22,0,1
R02,SKU-1112,2025-06-21,19,0,0
R02,SKU-1112,2025-06-22,12,0,0
R02,SKU-1112,2025-06-23,14,0,0
R02,SKU-1112,06/24/2025,17,0,0
R02,SKU-1112,2025-06-25,10,1,0
R02,SKU-1112,2025-06-26,18,0,0
R02,SKU-1112,2025-06-27,20,1,0
R02,SKU-1112,06/28/2025,21,0,0
R02,SKU-1112,2025-06-29,14,0,0
R02,SKU-1112,06/30/2025,16,0,0
R02,SKU-1245,2025-06-01,16,0,0
R02,SKU-1245,2025-06-02,5,0,0
R02,SKU-1245,2025-06-03,9,1,0
R02,SKU-1245,2025-06-04,7,0,0
R02,SKU-1245,2025-06-05,10,2,0
R02,SKU-1245,2025-06-06,11,0,1
R02,SKU-1245,06/07/2025,6,1,0
R02,SKU-1245,2025-06-08,1,1,1
R02,SKU-1245,2025-06-09,8,1,1
R02,SKU-1245,2025-06-10,6,0,1
R02,SKU-1245,06/11/2025,5,1,0
R02,SKU-1245,12-Jun-25,4,0,0
R02,SKU-1245,2025-06-13,8,0,0
R02,SKU-1245,14-Jun-25,6,1,0
R02,SKU-1245,2025-06-15,12,1,0
R02,SKU-1245,2025-06-16,9,0,0
R02,SKU-1245,06/17/2025,8,0,0
R02,SKU-1245,2025-06-18,7,0,0
R02,SKU-1245,2025-06-19,7,1,0
R02,SKU-1245,2025-06-20,13,1,0
R02,SKU-1245,06/21/2025,6,0,0
R02,SKU-1245,2025-06-22,12,0,0
R02,SKU-1245,06/23/2025,7,0,0
R02,SKU-1245,2025-06-24,6,0,0
R02,SKU-1245,2025-06-25,11,0,1
R02,SKU-1245,26-Jun-25,7,0,0
R02,SKU-1245,06/27/2025,12,0,0
R02,SKU-1245,2025-06-28,8,0,1
R02,SKU-1245,2025-06-29,4,0,0
R02,SKU-1245,30-Jun-25,8,0,0
R02,SKU-1210,01-Jun-25,13,0,0
R02,SKU-1210,06/02/2025,12,2,0
R02,SKU-1210,2025-06-03,8,0,0
R02,SKU-1210,2025-06-04,21,0,0
R02,SKU-1210,2025-06-05,9,1,0
R02,SKU-1210,2025-06-06,22,0,0
R02,SKU-1210,2025-06-07,9,2,0
R02,SKU-1210,08-Jun-25,14,0,1
R02,SKU-1210,2025-06-09,13,0,0
R02,SKU-1210,06/10/2025,10,0,0
R02,SKU-1210,11-Jun-25,9,0,0
R02,SKU-1210,2025-06-12,11,0,1
R02,SKU-1210,2025-06-13,21,0,0
R02,SKU-1210,06/14/2025,9,0,0
R02,SKU-1210,2025-06-15,19,0,0
R02,SKU-1210,06/16/2025,13,0,0
R02,SKU-1210,2025-06-17,15,1,0
R02,SKU-1210,06/18/2025,10,0,0
R02,SKU-1210,2025-06-19,18,0,0
R02,SKU-1210,2025-06-20,13,0,0
R02,SKU-1210,2025-06-21,14,0,0
R02,SKU-1210,06/22/2025,9,0,0
R02,SKU-1210,06/23/2025,11,0,0
R02,SKU-1210,2025-06-24,14,0,0
R02,SKU-1210,06/25/2025,12,0,0
R02,SKU-1210,06/26/2025,9,1,0
R02,SKU-1210,2025-06-27,10,0,1
R02,SKU-1210,2025-06-28,12,0,0
R02,SKU-1210,2025-06-29,17,0,0
R02,SKU-1210,30-Jun-25,13,0,1
R02,SKU-1063,06/01/2025,34,0,1
R02,SKU-1063,2025-06-02,32,1,0
R02,SKU-1063,2025-06-03,32,0,1
R02,SKU-1063,2025-06-04,29,0,0
R02,SKU-1063,2025-06-05,37,1,0
R02,SKU-1063,2025-06-06,30,0,0
R02,SKU-1063,2025-06-07,25,0,0
R02,SKU-1063,2025-06-08,21,1,0
R02,SKU-1063,06/09/2025,24,2,0
R02,SKU-1063,06/10/2025,28,1,0
R02,SKU-1063,11-Jun-25,36,1,0
R02,SKU-1063,2025-06-12,35,0,0
R02,SKU-1063,2025-06-13,30,0,0
R02,SKU-1063,2025-06-14,21,0,0
R02,SKU-1063,06/15/2025,33,0,0
R02,SKU-1063,16-Jun-25,33,1,0
R02,SKU-1063,2025-06-17,30,1,0
R02,SKU-1063,2025-06-18,29,0,0
R02,SKU-1063,06/19/2025,22,0,0
R02,SKU-1063,2025-06-20,31,0,0
R02,SKU-1063,2025-06-21,29,0,0
R02,SKU-1063,2025-06-22,22,1,0
R02,SKU-1063,23-Jun-25,34,0,1
R02,SKU-1063,2025-06-24,35,0,0
R02,SKU-1063,06/25/2025,36,0,0
R02,SKU-1063,2025-06-26,31,1,0
R02,SKU-1063,2025-06-27,38,1,0
R02,SKU-1063,2025-06-28,32,2,0
R02,SKU-1063,06/29/2025,27,1,0
R02,SKU-1063,06/30/2025,26,1,0
R02,SKU-1203,2025-06-01,27,3,0
R02,SKU-1203,06/02/2025,34,0,0
R02,SKU-1203,06/03/2025,22,2,0
R02,SKU-1203,06/04/2025,20,0,0
R02,SKU-1203,05-Jun-25,24,1,0
R02,SKU-1203,06/06/2025,25,1,0
R02,SKU-1203,2025-06-07,26,1,0
R02,SKU-1203,06/08/2025,19,0,0
R02,SKU-1203,2025-06-09,13,0,0
R02,SKU-1203,2025-06-10,18,0,1
R02,SKU-1203,11-Jun-25,18,0,0
R02,SKU-1203,2025-06-12,27,1,0
R02,SKU-1203,2025-06-13,23,1,0
R02,SKU-1203,06/14/2025,19,1,0
R02,SKU-1203,2025-06-15,15,0,1
R02,SKU-1203,06/16/2025,21,0,0
R02,SKU-1203,2025-06-17,25,0,0
R02,SKU-1203,06/18/2025,28,0,0
R02,SKU-1203,2025-06-19,23,2,0
R02,SKU-1203,06/20/2025,27,0,0
R02,SKU-1203,2025-06-21,16,1,0
R02,SKU-1203,06/22/2025,32,1,0
R02,SKU-1203,2025-06-23,25,0,0
R02,SKU-1203,2025-06-24,27,0,0
R02,SKU-1203,2025-06-25,18,0,0
R02,SKU-1203,2025-06-26,26,0,0
R02,SKU-1203,2025-06-27,21,1,1
R02,SKU-1203,06/28/2025,18,0,0
R02,SKU-1203,29-Jun-25,25,1,0
R02,SKU-1203,2025-06-30,20,0,0
R02,SKU-1021,2025-06-01,34,1,0
R02,SKU-1021,06/02/2025,30,0,0
R02,SKU-1021,06/03/2025,26,1,0
R02,SKU-1021,06/04/2025,22,0,0
R02,SKU-1021,05-Jun-25,25,0,0
R02,SKU-1021,06-Jun-25,22,0,0
R02,SKU-1021,06/07/2025,33,0,0
R02,SKU-1021,2025-06-08,28,1,1
R02,SKU-1021,06/09/2025,29,0,0
R02,SKU-1021,2025-06-10,24,2,0
R02,SKU-1021,06/11/2025,19,0,0
R02,SKU-1021,2025-06-12,29,0,0
R02,SKU-1021,2025-06-13,19,1,0
R02,SKU-1021,06/14/2025,27,1,0
R02,SKU-1021,2025-06-15,23,0,0
R02,SKU-1021,2025-06-16,32,1,0
R02,SKU-1021,2025-06-17,21,1,0
R02,SKU-1021,06/18/2025,26,0,0
R02,SKU-1021,06/19/2025,26,1,1
R02,SKU-1021,2025-06-20,25,1,0
R02,SKU-1021,06/21/2025,29,0,0
R02,SKU-1021,2025-06-22,26,1,0
R02,SKU-1021,06/23/2025,23,0,1
R02,SKU-1021,2025-06-24,29,0,0
R02,SKU-1021,06/25/2025,15,1,0
R02,SKU-1021,06/26/2025,30,2,0
R02,SKU-1021,2025-06-27,26,0,0
R02,SKU-1021,06/28/2025,17,0,0
R02,SKU-1021,06/29/2025,18,0,0
R02,SKU-1021,30-Jun-25,30,1,0
R02,SKU-1189,06/01/2025,26,2,0
R02,SKU-1189,02-Jun-25,18,1,0
R02,SKU-1189,2025-06-03,25,0,0
R02,SKU-1189,2025-06-04,22,0,1
R02,SKU-1189,06/05/2025,20,0,1
R02,SKU-1189,06/06/2025,23,1,0
R02,SKU-1189,07-Jun-25,20,0,0
R02,SKU-1189,2025-06-08,17,0,0
R02,SKU-1189,2025-06-09,21,1,0
R02,SKU-1189,2025-06-10,22,1,0
R02,SKU-1189,2025-06-11,19,0,0
R02,SKU-1189,2025-06-12,19,0,0
R02,SKU-1189,2025-06-13,20,0,0
R02,SKU-1189,2025-06-14,25,0,0
R02,SKU-1189,2025-06-15,17,0,0
R02,SKU-1189,2025-06-16,29,1,0
R02,SKU-1189,06/17/2025,17,0,0
R02,SKU-1189,2025-06-18,19,0,0
R02,SKU-1189,2025-06-19,15,0,0
R02,SKU-1189,2025-06-20,13,0,0
R02,SKU-1189,2025-06-21,15,0,0
R02,SKU-1189,2025-06-22,22,0,0
R02,SKU-1189,2025-06-23,21,0,0
R02,SKU-1189,2025-06-24,28,2,0
R02,SKU-1189,2025-06-25,20,2,0
R02,SKU-1189,2025-06-26,28,0,0
R02,SKU-1189,06/27/2025,17,2,0
R02,SKU-1189,2025-06-28,23,1,0
R02,SKU-1189,2025-06-29,18,0,0
R02,SKU-1189,2025-06-30,18,0,0
R02,SKU-1175,2025-06-01,27,0,0
R02,SKU-1175,2025-06-02,33,0,0
R02,SKU-1175,06/03/2025,28,1,0
R02,SKU-1175,06/04/2025,24,0,0
R02,SKU-1175,2025-06-05,27,0,0
R02,SKU-1175,06/06/2025,26,0,0
R02,SKU-1175,2025-06-07,26,0,1
R02,SKU-1175,06/08/2025,27,0,1
R02,SKU-1175,2025-06-09,25,0,0
R02,SKU-1175,2025-06-10,20,0,1
R02,SKU-1175,06/11/2025,20,1,0
R02,SKU-1175,2025-06-12,25,0,0
R02,SKU-1175,06/13/2025,28,0,0
R02,SKU-1175,06/14/2025,19,0,0
R02,SKU-1175,2025-06-15,23,0,0
R02,SKU-1175,06/16/2025,29,1,1
R02,SKU-1175,17-Jun-25,27,1,1
R02,SKU-1175,2025-06-18,22,1,1
R02,SKU-1175,2025-06-19,26,0,1
R02,SKU-1175,2025-06-20,32,1,0
R02,SKU-1175,21-Jun-25,30,4,1
R02,SKU-1175,2025-06-22,27,1,0
R02,SKU-1175,2025-06-23,28,1,0
R02,SKU-1175,24-Jun-25,29,0,0
R02,SKU-1175,2025-06-25,31,5,0
R02,SKU-1175,26-Jun-25,14,0,0
R02,SKU-1175,2025-06-27,27,0,0
R02,SKU-1175,06/28/2025,23,0,0
R02,SKU-1175,06/29/2025,22,0,1
R02,SKU-1175,2025-06-30,26,0,0
R02,SKU-1042,2025-06-01,27,0,0
R02,SKU-1042,06/02/2025,39,1,0
R02,SKU-1042,2025-06-03,15,1,0
R02,SKU-1042,06/04/2025,29,0,0
R02,SKU-1042,05-Jun-25,26,0,1
R02,SKU-1042,06/06/2025,22,0,0
R02,SKU-1042,2025-06-07,28,0,0
R02,SKU-1042,08-Jun-25,22,0,0
R02,SKU-1042,2025-06-09,31,1,0
R02,SKU-1042,2025-06-10,32,1,0
R02,SKU-1042,2025-06-11,23,1,0
R02,SKU-1042,2025-06-12,33,1,0
R02,SKU-1042,06/13/2025,30,0,0
R02,SKU-1042,2025-06-14,24,0,0
R02,SKU-1042,2025-06-15,35,1,0
R02,SKU-1042,2025-06-16,28,0,0
R02,SKU-1042,2025-06-17,35,1,0
R02,SKU-1042,2025-06-18,31,0,0
R02,SKU-1042,06/19/2025,27,1,0
R02,SKU-1042,2025-06-20,31,1,0
R02,SKU-1042,06/21/2025,28,0,1
R02,SKU-1042,2025-06-22,22,0,1
R02,SKU-1042,2025-06-23,29,0,0
R02,SKU-1042,06/24/2025,29,0,1
R02,SKU-1042,2025-06-25,21,1,0
R02,SKU-1042,06/26/2025,20,0,0
R02,SKU-1042,2025-06-27,27,0,0
R02,SKU-1042,06/28/2025,16,1,0
R02,SKU-1042,2025-06-29,16,0,0
R02,SKU-1042,2025-06-30,27,1,0
R02,SKU-1007,2025-06-01,11,1,0
R02,SKU-1007,2025-06-02,12,1,0
R02,SKU-1007,06/03/2025,15,1,0
R02,SKU-1007,06/04/2025,14,0,0
R02,SKU-1007,2025-06-05,18,0,1
R02,SKU-1007,2025-06-06,18,1,0
R02,SKU-1007,06/07/2025,8,0,0
R02,SKU-1007,08-Jun-25,18,0,0
R02,SKU-1007,2025-06-09,8,0,0
R02,SKU-1007,06/10/2025,17,0,0
R02,SKU-1007,06/11/2025,9,1,0
R02,SKU-1007,12-Jun-25,15,1,1
R02,SKU-1007,2025-06-13,13,0,0
R02,SKU-1007,2025-06-14,12,0,0
R02,SKU-1007,2025-06-15,14,0,0
R02,SKU-1007,2025-06-16,16,0,0
R02,SKU-1007,2025-06-17,9,0,1
R02,SKU-1007,2025-06-18,12,0,0
R02,SKU-1007,06/19/2025,23,1,0
R02,SKU-1007,06/20/2025,13,1,0
R02,SKU-1007,06/21/2025,16,0,0
R02,SKU-1007,2025-06-22,13,0,0
R02,SKU-1007,2025-06-23,17,1,0
R02,SKU-1007,06/24/2025,11,0,0
R02,SKU-1007,2025-06-25,11,0,0
R02,SKU-1007,2025-06-26,19,0,0
R02,SKU-1007,2025-06-27,14,0,0
R02,SKU-1007,2025-06-28,10,0,0
R02,SKU-1007,2025-06-29,15,0,0
R02,SKU-1007,2025-06-30,8,0,0
R02,SKU-1126,06/01/2025,27,0,0
R02,SKU-1126,2025-06-02,35,0,0
R02,SKU-1126,2025-06-03,33,0,0
R02,SKU-1126,2025-06-04,28,0,0
R02,SKU-1126,2025-06-05,24,1,0
R02,SKU-1126,06/06/2025,24,1,0
R02,SKU-1126,07-Jun-25,31,1,0
R02,SKU-1126,08-Jun-25,32,2,0
R02,SKU-1126,2025-06-09,28,0,0
R02,SKU-1126,10-Jun-25,25,0,0
R02,SKU-1126,2025-06-11,40,2,0
R02,SKU-1126,2025-06-12,30,0,0
R02,SKU-1126,06/13/2025,21,1,0
R02,SKU-1126,06/14/2025,44,0,0
R02,SKU-1126,2025-06-15,26,1,0
R02,SKU-1126,2025-06-16,31,0,0
R02,SKU-1126,2025-06-17,27,1,0
R02,SKU-1126,2025-06-18,30,0,0
R02,SKU-1126,19-Jun-25,36,1,0
R02,SKU-1126,20-Jun-25,25,0,0
R02,SKU-1126,2025-06-21,35,0,0
R02,SKU-1126,06/22/2025,20,0,0
R02,SKU-1126,23-Jun-25,37,0,0
R02,SKU-1126,2025-06-24,26,0,1
R02,SKU-1126,2025-06-25,23,0,0
R02,SKU-1126,2025-06-26,35,0,0
R02,SKU-1126,06/27/2025,38,0,0
R02,SKU-1126,06/28/2025,31,0,0
R02,SKU-1126,2025-06-29,27,0,0
R02,SKU-1126,2025-06-30,31,1,0
R02,SKU-1273,06/01/2025,22,1,0
R02,SKU-1273,06/02/2025,26,0,0
R02,SKU-1273,03-Jun-25,24,1,0
R02,SKU-1273,04-Jun-25,22,0,0
R02,SKU-1273,06/05/2025,17,1,0
R02,SKU-1273,2025-06-06,17,0,0
R02,SKU-1273,06/07/2025,24,1,0
R02,SKU-1273,2025-06-08,20,0,1
R02,SKU-1273,2025-06-09,19,0,0
R02,SKU-1273,10-Jun-25,19,0,0
R02,SKU-1273,2025-06-11,20,0,0
R02,SKU-1273,2025-06-12,25,1,0
R02,SKU-1273,13-Jun-25,15,1,1
R02,SKU-1273,2025-06-14,21,1,0
R02,SKU-1273,2025-06-15,26,1,0
R02,SKU-1273,06/16/2025,15,1,0
R02,SKU-1273,2025-06-17,19,0,0
R02,SKU-1273,2025-06-18,35,0,0
R02,SKU-1273,2025-06-19,27,0,0
R02,SKU-1273,2025-06-20,19,0,0
R02,SKU-1273,2025-06-21,23,0,0
R02,SKU-1273,2025-06-22,17,0,0
R02,SKU-1273,2025-06-23,23,0,0
R02,SKU-1273,2025-06-24,14,0,0
R02,SKU-1273,06/25/2025,26,0,0
R02,SKU-1273,06/26/2025,14,0,0
R02,SKU-1273,2025-06-27,20,0,0
R02,SKU-1273,2025-06-28,21,0,0
R02,SKU-1273,2025-06-29,21,0,0
R02,SKU-1273,30-Jun-25,23,2,0
R02,SKU-1056,06/01/2025,23,1,0
R02,SKU-1056,2025-06-02,11,1,0
R02,SKU-1056,03-Jun-25,21,1,0
R02,SKU-1056,2025-06-04,16,1,1
R02,SKU-1056,2025-06-05,14,1,0
R02,SKU-1056,06/06/2025,10,1,0
R02,SKU-1056,06/07/2025,15,1,0
R02,SKU-1056,2025-06-08,15,0,0
R02,SKU-1056,06/09/2025,16,0,0
R02,SKU-1056,10-Jun-25,16,1,0
R02,SKU-1056,11-Jun-25,23,1,0
R02,SKU-1056,2025-06-12,22,2,0
R02,SKU-1056,2025-06-13,21,1,0
R02,SKU-1056,2025-06-14,21,2,0
R02,SKU-1056,2025-06-15,18,0,0
R02,SKU-1056,2025-06-16,16,0,0
R02,SKU-1056,2025-06-17,22,2,0
R02,SKU-1056,2025-06-18,11,1,0
R02,SKU-1056,19-Jun-25,22,0,0
R02,SKU-1056,2025-06-20,22,1,0
R02,SKU-1056,2025-06-21,20,1,1
R02,SKU-1056,2025-06-22,17,1,0
R02,SKU-1056,2025-06-23,18,1,0
R02,SKU-1056,06/24/2025,12,0,0
R02,SKU-1056,2025-06-25,13,0,0
R02,SKU-1056,26-Jun-25,13,0,0
R02,SKU-1056,2025-06-27,19,1,0
R02,SKU-1056,28-Jun-25,21,0,0
R02,SKU-1056,2025-06-29,13,0,0
R02,SKU-1056,06/30/2025,17,0,0
R02,SKU-1280,06/01/2025,27,0,0
R02,SKU-1280,02-Jun-25,23,0,0
R02,SKU-1280,2025-06-03,14,2,0
R02,SKU-1280,2025-06-04,22,0,0
R02,SKU-1280,2025-06-05,27,0,0
R02,SKU-1280,06/06/2025,18,0,0
R02,SKU-1280,07-Jun-25,24,0,0
R02,SKU-1280,2025-06-08,20,0,0
R02,SKU-1280,2025-06-09,12,1,0
R02,SKU-1280,06/10/2025,19,1,0
R02,SKU-1280,2025-06-11,20,1,0
R02,SKU-1280,06/12/2025,14,0,0
R02,SKU-1280,13-Jun-25,14,0,0
R02,SKU-1280,14-Jun-25,16,1,0
R02,SKU-1280,06/15/2025,15,0,0
R02,SKU-1280,2025-06-16,14,0,0
R02,SKU-1280,06/17/2025,19,1,0
R02,SKU-1280,2025-06-18,21,0,0
R02,SKU-1280,2025-06-19,22,0,0
R02,SKU-1280,06/20/2025,22,1,0
R02,SKU-1280,2025-06-21,21,0,0
R02,SKU-1280,2025-06-22,21,0,0
R02,SKU-1280,2025-06-23,19,0,0
R02,SKU-1280,24-Jun-25,19,0,0
R02,SKU-1280,2025-06-25,23,0,0
R02,SKU-1280,2025-06-26,23,0,0
R02,SKU-1280,2025-06-27,19,0,0
R02,SKU-1280,28-Jun-25,16,0,0
R02,SKU-1280,2025-06-29,14,0,0
R02,SKU-1280,2025-06-30,19,0,0
R02,SKU-1259,01-Jun-25,28,1,0
R02,SKU-1259,02-Jun-25,17,0,0
R02,SKU-1259,06/03/2025,20,1,0
R02,SKU-1259,2025-06-04,23,1,0
R02,SKU-1259,2025-06-05,23,0,1
R02,SKU-1259,2025-06-06,22,1,0
R02,SKU-1259,2025-06-07,22,0,0
R02,SKU-1259,06/08/2025,28,0,1
R02,SKU-1259,06/09/2025,22,0,0
R02,SKU-1259,2025-06-10,26,0,0
R02,SKU-1259,11-Jun-25,25,1,0
R02,SKU-1259,2025-06-12,25,0,0
R02,SKU-1259,2025-06-13,30,0,1
R02,SKU-1259,2025-06-14,22,0,0
R02,SKU-1259,2025-06-15,22,0,0
R02,SKU-1259,2025-06-16,14,0,0
R02,SKU-1259,17-Jun-25,15,0,0
R02,SKU-1259,18-Jun-25,31,2,0
R02,SKU-1259,2025-06-19,20,0,0
R02,SKU-1259,06/20/2025,23,0,0
R02,SKU-1259,2025-06-21,14,0,0
R02,SKU-1259,2025-06-22,32,1,0
R02,SKU-1259,23-Jun-25,14,0,0
R02,SKU-1259,2025-06-24,20,0,0
R02,SKU-1259,2025-06-25,26,0,0
R02,SKU-1259,26-Jun-25,26,0,0
R02,SKU-1259,2025-06-27,31,1,0
R02,SKU-1259,06/28/2025,26,0,0
R02,SKU-1259,06/29/2025,30,1,0
R02,SKU-1259,30-Jun-25,24,0,0
R03,SKU-1091,2025-06-01,14,0,0
R03,SKU-1091,2025-06-02,14,0,0
R03,SKU-1091,2025-06-03,11,0,0
R03,SKU-1091,2025-06-04,13,0,0
R03,SKU-1091,05-Jun-25,18,0,1
R03,SKU-1091,2025-06-06,11,0,0
R03,SKU-1091,06/07/2025,12,0,0
R03,SKU-1091,06/08/2025,16,0,0
R03,SKU-1091,06/09/2025,13,0,0
R03,SKU-1091,2025-06-10,10,0,0
R03,SKU-1091,06/11/2025,14,0,0
R03,SKU-1091,2025-06-12,17,0,0
R03,SKU-1091,13-Jun-25,13,0,0
R03,SKU-1091,14-Jun-25,15,1,1
R03,SKU-1091,2025-06-15,11,1,1
R03,SKU-1091,2025-06-16,5,0,1
R03,SKU-1091,2025-06-17,6,1,0
R03,SKU-1091,06/18/2025,17,1,0
R03,SKU-1091,06/19/2025,13,0,1
R03,SKU-1091,06/20/2025,13,0,0
R03,SKU-1091,2025-06-21,12,0,0
R03,SKU-1091,06/22/2025,16,1,0
R03,SKU-1091,2025-06-23,4,0,0
R03,SKU-1091,24-Jun-25,13,0,0
R03,SKU-1091,2025-06-25,10,0,0
R03,SKU-1091,2025-06-26,14,0,0
R03,SKU-1091,2025-06-27,11,0,0
R03,SKU-1091,2025-06-28,11,0,1
R03,SKU-1091,06/29/2025,9,1,0
R03,SKU-1091,2025-06-30,12,0,0
R03,SKU-1140,2025-06-01,24,0,0
R03,SKU-1140,2025-06-02,20,0,1
R03,SKU-1140,2025-06-03,17,1,0
R03,SKU-1140,04-Jun-25,25,1,0
R03,SKU-1140,2025-06-05,19,1,0
R03,SKU-1140,2025-06-06,24,0,0
R03,SKU-1140,2025-06-07,22,3,0
R03,SKU-1140,2025-06-08,29,0,0
R03,SKU-1140,06/09/2025,30,0,0
R03,SKU-1140,2025-06-10,30,0,0
R03,SKU-1140,11-Jun-25,23,0,0
R03,SKU-1140,2025-06-12,35,1,0
R03,SKU-1140,06/13/2025,37,0,1
R03,SKU-1140,2025-06-14,20,0,0
R03,SKU-1140,2025-06-15,29,0,0
R03,SKU-1140,06/16/2025,33,2,0
R03,SKU-1140,2025-06-17,21,0,0
R03,SKU-1140,18-Jun-25,26,0,0
R03,SKU-1140,2025-06-19,25,1,0
R03,SKU-1140,20-Jun-25,22,0,1
R03,SKU-1140,2025-06-21,18,1,0
R03,SKU-1140,22-Jun-25,29,0,0
R03,SKU-1140,06/23/2025,27,0,0
R03,SKU-1140,06/24/2025,27,1,0
R03,SKU-1140,2025-06-25,33,0,0
R03,SKU-1140,2025-06-26,21,0,0
R03,SKU-1140,2025-06-27,27,1,0
R03,SKU-1140,2025-06-28,23,1,0
R03,SKU-1140,29-Jun-25,30,0,1
R03,SKU-1140,2025-06-30,31,0,0
R03,SKU-1035,01-Jun-25,21,0,0
R03,SKU-1035,2025-06-02,27,0,0
R03,SKU-1035,06/03/2025,17,0,0
R03,SKU-1035,06/04/2025,23,1,0
R03,SKU-1035,06/05/2025,24,0,0
R03,SKU-1035,06-Jun-25,34,0,1
R03,SKU-1035,2025-06-07,30,1,0
R03,SKU-1035,08-Jun-25,30,0,0
R03,SKU-1035,2025-06-09,28,0,0
R03,SKU-1035,2025-06-10,25,0,0
R03,SKU-1035,11-Jun-25,33,1,0
R03,SKU-1035,06/12/2025,29,1,0
R03,SKU-1035,06/13/2025,31,1,0
R03,SKU-1035,2025-06-14,31,0,0
R03,SKU-1035,06/15/2025,27,1,0
R03,SKU-1035,2025-06-16,24,0,0
R03,SKU-1035,06/17/2025,29,0,1
R03,SKU-1035,2025-06-18,26,0,0
R03,SKU-1035,2025-06-19,23,0,0
R03,SKU-1035,2025-06-20,22,2,0
R03,SKU-1035,2025-06-21,23,0,0
R03,SKU-1035,2025-06-22,31,1,1
R03,SKU-1035,2025-06-23,33,0,0
R03,SKU-1035,2025-06-24,28,0,0
R03,SKU-1035,2025-06-25,22,0,0
R03,SKU-1035,2025-06-26,21,0,0
R03,SKU-1035,06/27/2025,28,0,0
R03,SKU-1035,06/28/2025,25,1,0
R03,SKU-1035,06/29/2025,26,0,0
R03,SKU-1035,2025-06-30,31,1,0
R03,SKU-1098,06/01/2025,25,0,0
R03,SKU-1098,06/02/2025,28,0,0
R03,SKU-1098,2025-06-03,18,1,0
R03,SKU-1098,2025-06-04,27,3,0
R03,SKU-1098,2025-06-05,28,0,0
R03,SKU-1098,2025-06-06,34,0,0
R03,SKU-1098,07-Jun-25,25,0,1
R03,SKU-1098,2025-06-08,36,0,0
R03,SKU-1098,09-Jun-25,22,0,0
R03,SKU-1098,2025-06-10,31,0,1
R03,SKU-1098,2025-06-11,30,0,0
R03,SKU-1098,12-Jun-25,19,1,0
R03,SKU-1098,2025-06-13,23,1,0
R03,SKU-1098,06/14/2025,41,2,0
R03,SKU-1098,2025-06-15,33,1,0
R03,SKU-1098,2025-06-16,21,0,1
R03,SKU-1098,2025-06-17,23,0,0
R03,SKU-1098,2025-06-18,31,0,0
R03,SKU-1098,19-Jun-25,21,1,0
R03,SKU-1098,20-Jun-25,27,0,0
R03,SKU-1098,2025-06-21,35,1,0
R03,SKU-1098,2025-06-22,27,0,0
R03,SKU-1098,23-Jun-25,22,0,0
R03,SKU-1098,2025-06-24,24,0,0
R03,SKU-1098,25-Jun-25,34,0,0
R03,SKU-1098,2025-06-26,36,0,0
R03,SKU-1098,06/27/2025,18,0,0
R03,SKU-1098,06/28/2025,28,1,0
R03,SKU-1098,2025-06-29,27,0,0
R03,SKU-1098,2025-06-30,31,0,0
R03,SKU-1049,2025-06-01,15,1,0
R03,SKU-1049,2025-06-02,12,1,0
R03,SKU-1049,06/03/2025,16,0,0
R03,SKU-1049,06/04/2025,10,0,0
R03,SKU-1049,06/05/2025,8,2,0
R03,SKU-1049,2025-06-06,12,2,0
R03,SKU-1049,06/07/2025,12,0,0
R03,SKU-1049,2025-06-08,13,0,0
R03,SKU-1049,09-Jun-25,16,0,0
R03,SKU-1049,2025-06-10,10,0,1
R03,SKU-1049,2025-06-11,14,0,0
R03,SKU-1049,12-Jun-25,15,1,0
R03,SKU-1049,13-Jun-25,14,3,0
R03,SKU-1049,2025-06-14,10,0,0
R03,SKU-1049,15-Jun-25,14,0,0
R03,SKU-1049,2025-06-16,14,2,0
R03,SKU-1049,17-Jun-25,7,1,0
R03,SKU-1049,2025-06-18,14,0,0
R03,SKU-1049,2025-06-19,11,0,0
R03,SKU-1049,20-Jun-25,18,0,0
R03,SKU-1049,2025-06-21,10,0,0
R03,SKU-1049,2025-06-22,12,1,0
R03,SKU-1049,06/23/2025,7,1,0
R03,SKU-1049,2025-06-24,9,0,0
R03,SKU-1049,2025-06-25,5,1,0
R03,SKU-1049,2025-06-26,12,0,0
R03,SKU-1049,06/27/2025,12,1,0
R03,SKU-1049,2025-06-28,12,0,0
R03,SKU-1049,2025-06-29,14,0,0
R03,SKU-1049,2025-06-30,10,0,0
R03,SKU-1161,01-Jun-25,37,0,0
R03,SKU-1161,02-Jun-25,29,0,0
R03,SKU-1161,2025-06-03,32,0,1
R03,SKU-1161,2025-06-04,38,0,0
R03,SKU-1161,2025-06-05,29,1,0
R03,SKU-1161,06/06/2025,29,0,0
R03,SKU-1161,2025-06-07,30,0,1
R03,SKU-1161,08-Jun-25,32,0,0
R03,SKU-1161,06/09/2025,28,0,0
R03,SKU-1161,2025-06-10,31,1,0
R03,SKU-1161,11-Jun-25,39,0,0
R03,SKU-1161,12-Jun-25,34,0,0
R03,SKU-1161,2025-06-13,28,0,0
R03,SKU-1161,06/14/2025,48,0,0
R03,SKU-1161,2025-06-15,31,0,0
R03,SKU-1161,2025-06-16,25,1,0
R03,SKU-1161,2025-06-17,36,0,0
R03,SKU-1161,18-Jun-25,33,0,0
R03,SKU-1161,2025-06-19,28,0,0
R03,SKU-1161,2025-06-20,26,1,0
R03,SKU-1161,2025-06-21,38,0,0
R03,SKU-1161,2025-06-22,37,1,0
R03,SKU-1161,2025-06-23,26,0,0
R03,SKU-1161,06/24/2025,27,1,0
R03,SKU-1161,06/25/2025,27,0,0
R03,SKU-1161,2025-06-26,23,0,0
R03,SKU-1161,06/27/2025,27,1,0
R03,SKU-1161,28-Jun-25,26,0,0
R03,SKU-1161,2025-06-29,33,0,1
R03,SKU-1161,2025-06-30,38,0,0
R03,SKU-1063,06/01/2025,3,0,0
R03,SKU-1063,2025-06-02,5,0,0
R03,SKU-1063,03-Jun-25,8,0,0
R03,SKU-1063,2025-06-04,8,0,0
R03,SKU-1063,2025-06-05,3,0,0
R03,SKU-1063,06/06/2025,7,0,0
R03,SKU-1063,2025-06-07,3,0,0
R03,SKU-1063,2025-06-08,6,1,0
R03,SKU-1063,2025-06-09,5,0,1
R03,SKU-1063,06/10/2025,6,3,0
R03,SKU-1063,2025-06-11,7,0,1
R03,SKU-1063,2025-06-12,4,0,1
R03,SKU-1063,2025-06-13,11,0,0
R03,SKU-1063,14-Jun-25,7,0,0
R03,SKU-1063,2025-06-15,2,0,0
R03,SKU-1063,06/16/2025,8,0,1
R03,SKU-1063,2025-06-17,4,0,0
R03,SKU-1063,2025-06-18,10,0,0
R03,SKU-1063,06/19/2025,5,1,1
R03,SKU-1063,20-Jun-25,6,0,0
R03,SKU-1063,06/21/2025,8,1,0
R03,SKU-1063,2025-06-22,6,0,1
R03,SKU-1063,23-Jun-25,5,1,0
R03,SKU-1063,2025-06-24,10,1,0
R03,SKU-1063,2025-06-25,13,2,0
R03,SKU-1063,2025-06-26,7,2,0
R03,SKU-1063,2025-06-27,7,1,0
R03,SKU-1063,28-Jun-25,9,1,0
R03,SKU-1063,2025-06-29,3,0,0
R03,SKU-1063,2025-06-30,9,0,0
R03,SKU-1224,2025-06-01,15,1,0
R03,SKU-1224,2025-06-02,12,0,1
R03,SKU-1224,06/03/2025,12,1,1
R03,SKU-1224,06/04/2025,19,0,0
R03,SKU-1224,06/05/2025,21,0,0
R03,SKU-1224,2025-06-06,16,0,1
R03,SKU-1224,2025-06-07,18,0,0
R03,SKU-1224,06/08/2025,26,0,0
R03,SKU-1224,06/09/2025,19,0,0
R03,SKU-1224,2025-06-10,21,2,0
R03,SKU-1224,2025-06-11,17,1,0
R03,SKU-1224,2025-06-12,18,1,0
R03,SKU-1224,2025-06-13,23,1,0
R03,SKU-1224,06/14/2025,19,0,0
R03,SKU-1224,2025-06-15,18,0,0
R03,SKU-1224,2025-06-16,17,0,0
R03,SKU-1224,06/17/2025,25,0,0
R03,SKU-1224,2025-06-18,20,0,0
R03,SKU-1224,2025-06-19,23,1,0
R03,SKU-1224,20-Jun-25,9,0,0
R03,SKU-1224,21-Jun-25,19,0,0
R03,SKU-1224,2025-06-22,16,0,0
R03,SKU-1224,06/23/2025,13,1,0
R03,SKU-1224,2025-06-24,21,0,0
R03,SKU-1224,2025-06-25,12,0,1
R03,SKU-1224,2025-06-26,20,0,0
R03,SKU-1224,06/27/2025,18,0,1
R03,SKU-1224,2025-06-28,13,0,1
R03,SKU-1224,06/29/2025,15,0,0
R03,SKU-1224,2025-06-30,18,1,0
R03,SKU-1084,2025-06-01,12,2,0
R03,SKU-1084,06/02/2025,6,1,0
R03,SKU-1084,06/03/2025,13,0,1
R03,SKU-1084,2025-06-04,11,0,0
R03,SKU-1084,2025-06-05,15,0,0
R03,SKU-1084,2025-06-06,8,0,0
R03,SKU-1084,2025-06-07,9,2,0
R03,SKU-1084,2025-06-08,6,0,0
R03,SKU-1084,06/09/2025,16,0,1
R03,SKU-1084,10-Jun-25,9,1,0
R03,SKU-1084,06/11/2025,15,0,0
R03,SKU-1084,2025-06-12,9,1,0
R03,SKU-1084,2025-06-13,10,0,0
R03,SKU-1084,06/14/2025,8,0,0
R03,SKU-1084,2025-06-15,12,0,0
R03,SKU-1084,2025-06-16,11,0,0
R03,SKU-1084,06/17/2025,16,0,1
R03,SKU-1084,06/18/2025,6,0,0
R03,SKU-1084,2025-06-19,9,1,0
R03,SKU-1084,06/20/2025,18,1,0
R03,SKU-1084,2025-06-21,11,0,0
R03,SKU-1084,22-Jun-25,11,1,0
R03,SKU-1084,23-Jun-25,12,1,0
R03,SKU-1084,2025-06-24,16,2,0
R03,SKU-1084,2025-06-25,9,0,1
R03,SKU-1084,2025-06-26,11,0,0
R03,SKU-1084,2025-06-27,19,0,0
R03,SKU-1084,2025-06-28,15,0,0
R03,SKU-1084,2025-06-29,8,0,0
R03,SKU-1084,2025-06-30,14,0,0
R03,SKU-1126,2025-06-01,25,2,0
R03,SKU-1126,02-Jun-25,25,0,0
R03,SKU-1126,2025-06-03,33,0,0
R03,SKU-1126,2025-06-04,37,0,1
R03,SKU-1126,06/05/2025,31,0,0
R03,SKU-1126,06/06/2025,25,0,0
R03,SKU-1126,2025-06-07,25,0,0
R03,SKU-1126,06/08/2025,28,0,1
R03,SKU-1126,06/09/2025,33,1,0
R03,SKU-1126,2025-06-10,30,1,0
R03,SKU-1126,06/11/2025,23,0,0
R03,SKU-1126,06/12/2025,33,0,0
R03,SKU-1126,2025-06-13,35,0,1
R03,SKU-1126,2025-06-14,33,0,0
R03,SKU-1126,15-Jun-25,28,0,0
R03,SKU-1126,16-Jun-25,27,0,1
R03,SKU-1126,2025-06-17,29,0,0
R03,SKU-1126,2025-06-18,32,0,0
R03,SKU-1126,2025-06-19,31,0,0
R03,SKU-1126,2025-06-20,31,0,0
R03,SKU-1126,21-Jun-25,28,2,0
R03,SKU-1126,2025-06-22,29,0,1
R03,SKU-1126,06/23/2025,25,0,0
R03,SKU-1126,06/24/2025,18,0,0
R03,SKU-1126,2025-06-25,23,0,0
R03,SKU-1126,26-Jun-25,31,0,1
R03,SKU-1126,2025-06-27,22,0,0
R03,SKU-1126,28-Jun-25,23,1,1
R03,SKU-1126,06/29/2025,36,0,0
R03,SKU-1126,30-Jun-25,24,0,0
R03,SKU-1007,2025-06-01,1,0,0
R03,SKU-1007,06/02/2025,3,0,0
R03,SKU-1007,2025-06-03,4,0,0
R03,SKU-1007,2025-06-04,5,0,0
R03,SKU-1007,2025-06-05,5,0,1
R03,SKU-1007,2025-06-06,5,0,0
R03,SKU-1007,2025-06-07,8,0,0
R03,SKU-1007,06/08/2025,9,0,0
R03,SKU-1007,2025-06-09,5,0,0
R03,SKU-1007,2025-06-10,10,0,0
R03,SKU-1007,11-Jun-25,4,1,1
R03,SKU-1007,2025-06-12,4,0,0
R03,SKU-1007,2025-06-13,2,0,0
R03,SKU-1007,2025-06-14,0,1,0
R03,SKU-1007,15-Jun-25,3,1,1
R03,SKU-1007,06/16/2025,3,0,0
R03,SKU-1007,06/17/2025,5,1,0
R03,SKU-1007,06/18/2025,4,0,0
R03,SKU-1007,06/19/2025,3,0,0
R03,SKU-1007,20-Jun-25,3,0,0
R03,SKU-1007,21-Jun-25,6,0,0
R03,SKU-1007,2025-06-22,3,1,0
R03,SKU-1007,2025-06-23,3,0,0
R03,SKU-1007,06/24/2025,3,0,0
R03,SKU-1007,06/25/2025,6,1,0
R03,SKU-1007,2025-06-26,6,0,0
R03,SKU-1007,06/27/2025,4,0,0
R03,SKU-1007,2025-06-28,6,0,0
R03,SKU-1007,06/29/2025,4,0,0
R03,SKU-1007,2025-06-30,2,0,0
R03,SKU-1021,01-Jun-25,28,0,0
R03,SKU-1021,2025-06-02,25,0,0
R03,SKU-1021,03-Jun-25,27,0,0
R03,SKU-1021,2025-06-04,28,0,0
R03,SKU-1021,2025-06-05,39,0,0
R03,SKU-1021,06/06/2025,30,0,0
R03,SKU-1021,06/07/2025,33,1,1
R03,SKU-1021,2025-06-08,33,0,0
R03,SKU-1021,2025-06-09,35,0,0
R03,SKU-1021,2025-06-10,32,0,0
R03,SKU-1021,06/11/2025,31,0,0
R03,SKU-1021,2025-06-12,27,1,0
R03,SKU-1021,2025-06-13,28,0,0
R03,SKU-1021,2025-06-14,31,0,0
R03,SKU-1021,2025-06-15,31,0,0
R03,SKU-1021,2025-06-16,22,0,0
R03,SKU-1021,2025-06-17,30,1,0
R03,SKU-1021,06/18/2025,37,0,0
R03,SKU-1021,06/19/2025,31,1,0
R03,SKU-1021,06/20/2025,39,0,1
R03,SKU-1021,06/21/2025,25,1,0
R03,SKU-1021,2025-06-22,33,0,0
R03,SKU-1021,06/23/2025,27,0,0
R03,SKU-1021,2025-06-24,30,1,1
R03,SKU-1021,06/25/2025,28,0,1
R03,SKU-1021,2025-06-26,29,1,0
R03,SKU-1021,2025-06-27,32,0,0
R03,SKU-1021,06/28/2025,21,0,0
R03,SKU-1021,2025-06-29,28,0,0
R03,SKU-1021,2025-06-30,34,0,1
R03,SKU-1119,2025-06-01,37,0,0
R03,SKU-1119,02-Jun-25,31,0,0
R03,SKU-1119,06/03/2025,30,0,0
R03,SKU-1119,2025-06-04,38,0,0
R03,SKU-1119,2025-06-05,17,0,0
R03,SKU-1119,2025-06-06,22,1,0
R03,SKU-1119,07-Jun-25,28,1,0
R03,SKU-1119,2025-06-08,43,1,0
R03,SKU-1119,2025-06-09,32,1,0
R03,SKU-1119,2025-06-10,34,0,0
R03,SKU-1119,06/11/2025,30,0,0
R03,SKU-1119,06/12/2025,35,0,0
R03,SKU-1119,2025-06-13,40,0,0
R03,SKU-1119,14-Jun-25,27,1,0
R03,SKU-1119,06/15/2025,36,1,0
R03,SKU-1119,06/16/2025,41,0,0
R03,SKU-1119,2025-06-17,30,2,1
R03,SKU-1119,18-Jun-25,33,0,0
R03,SKU-1119,06/19/2025,37,0,0
R03,SKU-1119,2025-06-20,48,0,0
R03,SKU-1119,2025-06-21,33,0,0
R03,SKU-1119,06/22/2025,35,1,0
R03,SKU-1119,23-Jun-25,40,2,1
R03,SKU-1119,2025-06-24,40,0,1
R03,SKU-1119,06/25/2025,35,0,1
R03,SKU-1119,26-Jun-25,28,1,0
R03,SKU-1119,2025-06-27,23,0,0
R03,SKU-1119,2025-06-28,32,0,0
R03,SKU-1119,2025-06-29,35,0,1
R03,SKU-1119,2025-06-30,21,0,1
R03,SKU-1070,06/01/2025,17,1,0
R03,SKU-1070,02-Jun-25,8,1,0
R03,SKU-1070,2025-06-03,17,1,1
R03,SKU-1070,2025-06-04,17,1,0
R03,SKU-1070,2025-06-05,22,1,0
R03,SKU-1070,2025-06-06,27,0,0
R03,SKU-1070,2025-06-07,19,0,0
R03,SKU-1070,2025-06-08,8,0,0
R03,SKU-1070,06/09/2025,12,1,0
R03,SKU-1070,06/10/2025,25,1,0
R03,SKU-1070,2025-06-11,12,0,0
R03,SKU-1070,06/12/2025,17,1,0
R03,SKU-1070,2025-06-13,13,0,0
R03,SKU-1070,2025-06-14,17,0,0
R03,SKU-1070,2025-06-15,15,0,0
R03,SKU-1070,2025-06-16,17,0,0
R03,SKU-1070,2025-06-17,28,0,0
R03,SKU-1070,06/18/2025,15,1,0
R03,SKU-1070,2025-06-19,17,0,1
R03,SKU-1070,06/20/2025,10,1,0
R03,SKU-1070,06/21/2025,22,0,0
R03,SKU-1070,22-Jun-25,14,1,0
R03,SKU-1070,06/23/2025,17,0,0
R03,SKU-1070,24-Jun-25,19,1,0
R03,SKU-1070,06/25/2025,22,2,0
R03,SKU-1070,2025-06-26,9,1,0
R03,SKU-1070,2025-06-27,13,0,0
R03,SKU-1070,2025-06-28,13,1,0
R03,SKU-1070,29-Jun-25,17,0,0
R03,SKU-1070,06/30/2025,13,0,0
R03,SKU-1252,2025-06-01,24,0,0
R03,SKU-1252,2025-06-02,29,0,0
R03,SKU-1252,2025-06-03,24,0,0
R03,SKU-1252,2025-06-04,29,0,0
R03,SKU-1252,2025-06-05,26,1,0
R03,SKU-1252,2025-06-06,25,0,0
R03,SKU-1252,06/07/2025,27,0,0
R03,SKU-1252,2025-06-08,25,0,0
R03,SKU-1252,2025-06-09,17,2,0
R03,SKU-1252,10-Jun-25,30,0,0
R03,SKU-1252,06/11/2025,26,2,0
R03,SKU-1252,06/12/2025,30,0,0
R03,SKU-1252,2025-06-13,31,1,0
R03,SKU-1252,2025-06-14,29,0,0
R03,SKU-1252,15-Jun-25,19,0,0
R03,SKU-1252,2025-06-16,25,0,0
R03,SKU-1252,06/17/2025,27,0,0
R03,SKU-1252,2025-06-18,19,0,0
R03,SKU-1252,2025-06-19,30,1,0
R03,SKU-1252,2025-06-20,23,0,0
R03,SKU-1252,06/21/2025,21,1,1
R03,SKU-1252,22-Jun-25,29,0,1
R03,SKU-1252,23-Jun-25,15,1,0
R03,SKU-1252,2025-06-24,21,0,1
R03,SKU-1252,2025-06-25,27,0,0
R03,SKU-1252,26-Jun-25,24,0,0
R03,SKU-1252,2025-06-27,25,1,1
R03,SKU-1252,2025-06-28,31,0,0
R03,SKU-1252,2025-06-29,26,0,0
R03,SKU-1252,2025-06-30,22,0,0
R03,SKU-1112,2025-06-01,26,0,0
R03,SKU-1112,2025-06-02,17,0,0
R03,SKU-1112,03-Jun-25,24,0,0
R03,SKU-1112,2025-06-04,32,0,0
R03,SKU-1112,05-Jun-25,26,1,1
R03,SKU-1112,2025-06-06,30,0,0
R03,SKU-1112,2025-06-07,21,0,0
R03,SKU-1112,2025-06-08,31,1,0
R03,SKU-1112,2025-06-09,25,0,0
R03,SKU-1112,2025-06-10,29,0,0
R03,SKU-1112,06/11/2025,40,0,0
R03,SKU-1112,2025-06-12,27,0,0
R03,SKU-1112,06/13/2025,28,0,0
R03,SKU-1112,06/14/2025,15,0,0
R03,SKU-1112,06/15/2025,20,1,0
R03,SKU-1112,06/16/2025,32,0,1
R03,SKU-1112,2025-06-17,21,1,0
R03,SKU-1112,2025-06-18,22,0,0
R03,SKU-1112,19-Jun-25,26,1,0
R03,SKU-1112,06/20/2025,35,0,0
R03,SKU-1112,2025-06-21,29,0,0
R03,SKU-1112,2025-06-22,24,0,0
R03,SKU-1112,2025-06-23,30,1,0
R03,SKU-1112,06/24/2025,31,0,0
R03,SKU-1112,25-Jun-25,24,0,0
R03,SKU-1112,2025-06-26,31,0,1
R03,SKU-1112,2025-06-27,30,0,0
R03,SKU-1112,28-Jun-25,29,0,0
R03,SKU-1112,2025-06-29,39,0,0
R03,SKU-1112,2025-06-30,32,0,0
R03,SKU-1175,2025-06-01,20,0,0
R03,SKU-1175,02-Jun-25,17,1,0
R03,SKU-1175,2025-06-03,16,0,0
R03,SKU-1175,06/04/2025,13,1,0
R03,SKU-1175,2025-06-05,17,0,0
R03,SKU-1175,2025-06-06,20,0,0
R03,SKU-1175,2025-06-07,23,0,0
R03,SKU-1175,06/08/2025,16,2,0
R03,SKU-1175,09-Jun-25,25,0,1
R03,SKU-1175,2025-06-10,23,0,0
R03,SKU-1175,06/11/2025,19,1,0
R03,SKU-1175,2025-06-12,21,0,0
R03,SKU-1175,13-Jun-25,20,0,0
R03,SKU-1175,06/14/2025,18,0,0
R03,SKU-1175,2025-06-15,23,0,0
R03,SKU-1175,2025-06-16,26,0,0
R03,SKU-1175,06/17/2025,22,1,0
R03,SKU-1175,2025-06-18,13,0,0
R03,SKU-1175,19-Jun-25,24,0,0
R03,SKU-1175,2025-06-20,17,2,0
R03,SKU-1175,2025-06-21,17,1,0
R03,SKU-1175,2025-06-22,19,0,0
R03,SKU-1175,2025-06-23,14,0,0
R03,SKU-1175,2025-06-24,17,0,0
R03,SKU-1175,2025-06-25,23,0,0
R03,SKU-1175,2025-06-26,9,0,0
R03,SKU-1175,2025-06-27,15,1,0
R03,SKU-1175,06/28/2025,14,0,0
R03,SKU-1175,2025-06-29,18,2,0
R03,SKU-1175,2025-06-30,21,0,0
R03,SKU-1259,2025-06-01,38,1,0
R03,SKU-1259,06/02/2025,19,2,0
R03,SKU-1259,2025-06-03,35,0,1
R03,SKU-1259,2025-06-04,28,0,0
R03,SKU-1259,2025-06-05,23,0,0
R03,SKU-1259,06-Jun-25,31,0,1
R03,SKU-1259,06/07/2025,37,0,0
R03,SKU-1259,2025-06-08,31,0,0
R03,SKU-1259,2025-06-09,38,0,0
R03,SKU-1259,06/10/2025,42,1,0
R03,SKU-1259,2025-06-11,41,0,1
R03,SKU-1259,12-Jun-25,33,0,0
R03,SKU-1259,2025-06-13,28,0,0
R03,SKU-1259,14-Jun-25,35,0,0
R03,SKU-1259,15-Jun-25,34,0,0
R03,SKU-1259,2025-06-16,29,1,0
R03,SKU-1259,2025-06-17,41,0,0
R03,SKU-1259,2025-06-18,26,2,0
R03,SKU-1259,2025-06-19,26,1,0
R03,SKU-1259,20-Jun-25,28,1,0
R03,SKU-1259,06/21/2025,34,0,0
R03,SKU-1259,06/22/2025,26,0,0
R03,SKU-1259,06/23/2025,27,0,0
R03,SKU-1259,2025-06-24,31,0,0
R03,SKU-1259,2025-06-25,27,0,1
R03,SKU-1259,2025-06-26,28,1,0
R03,SKU-1259,27-Jun-25,32,0,1
R03,SKU-1259,06/28/2025,30,1,0
R03,SKU-1259,2025-06-29,42,1,0
R03,SKU-1259,06/30/2025,29,0,0
R03,SKU-1182,2025-06-01,6,0,0
R03,SKU-1182,2025-06-02,4,0,0
R03,SKU-1182,2025-06-03,1,1,0
R03,SKU-1182,04-Jun-25,5,1,0
R03,SKU-1182,2025-06-05,5,0,0
R03,SKU-1182,2025-06-06,5,0,0
R03,SKU-1182,07-Jun-25,6,0,1
R03,SKU-1182,06/08/2025,1,0,0
R03,SKU-1182,06/09/2025,2,0,0
R03,SKU-1182,2025-06-10,6,1,0
R03,SKU-1182,2025-06-11,6,0,1
R03,SKU-1182,06/12/2025,1,0,0
R03,SKU-1182,2025-06-13,3,0,0
R03,SKU-1182,2025-06-14,4,1,0
R03,SKU-1182,2025-06-15,6,0,0
R03,SKU-1182,2025-06-16,0,1,0
R03,SKU-1182,06/17/2025,2,0,0
R03,SKU-1182,2025-06-18,4,0,0
R03,SKU-1182,2025-06-19,7,0,1
R03,SKU-1182,2025-06-20,3,1,0
R03,SKU-1182,06/21/2025,6,1,0
R03,SKU-1182,06/22/2025,4,0,0
R03,SKU-1182,2025-06-23,4,0,0
R03,SKU-1182,24-Jun-25,4,0,1
R03,SKU-1182,2025-06-25,0,0,0
R03,SKU-1182,2025-06-26,1,0,0
R03,SKU-1182,06/27/2025,9,1,0
R03,SKU-1182,2025-06-28,2,1,0
R03,SKU-1182,2025-06-29,1,0,1
R03,SKU-1182,30-Jun-25,2,0,0
R03,SKU-1266,2025-06-01,21,0,0
R03,SKU-1266,2025-06-02,29,0,0
R03,SKU-1266,2025-06-03,31,1,0
R03,SKU-1266,2025-06-04,31,0,0
R03,SKU-1266,2025-06-05,38,0,0
R03,SKU-1266,2025-06-06,30,0,0
R03,SKU-1266,07-Jun-25,25,2,0
R03,SKU-1266,2025-06-08,27,1,0
R03,SKU-1266,2025-06-09,21,0,0
R03,SKU-1266,2025-06-10,30,1,0
R03,SKU-1266,11-Jun-25,39,0,0
R03,SKU-1266,06/12/2025,27,0,0
R03,SKU-1266,13-Jun-25,29,0,0
R03,SKU-1266,06/14/2025,40,0,0
R03,SKU-1266,2025-06-15,22,1,1
R03,SKU-1266,06/16/2025,28,0,0
R03,SKU-1266,06/17/2025,28,0,0
R03,SKU-1266,2025-06-18,30,0,0
R03,SKU-1266,2025-06-19,31,0,0
R03,SKU-1266,2025-06-20,34,0,0
R03,SKU-1266,06/21/2025,28,0,1
R03,SKU-1266,2025-06-22,25,0,0
R03,SKU-1266,2025-06-23,28,0,0
R03,SKU-1266,24-Jun-25,25,0,0
R03,SKU-1266,2025-06-25,22,0,0
R03,SKU-1266,2025-06-26,29,1,0
R03,SKU-1266,2025-06-27,24,1,0
R03,SKU-1266,2025-06-28,31,0,1
R03,SKU-1266,06/29/2025,28,0,0
R03,SKU-1266,06/30/2025,30,0,0
R03,SKU-1077,2025-06-01,17,0,1
R03,SKU-1077,2025-06-02,17,0,0
R03,SKU-1077,06/03/2025,19,0,1
R03,SKU-1077,06/04/2025,18,0,0
R03,SKU-1077,06/05/2025,21,0,0
R03,SKU-1077,2025-06-06,17,0,0
R03,SKU-1077,2025-06-07,15,1,0
R03,SKU-1077,2025-06-08,18,0,0
R03,SKU-1077,06/09/2025,14,0,1
R03,SKU-1077,06/10/2025,17,0,1
R03,SKU-1077,2025-06-11,15,2,0
R03,SKU-1077,2025-06-12,25,1,0
R03,SKU-1077,2025-06-13,24,0,0
R03,SKU-1077,14-Jun-25,20,0,0
R03,SKU-1077,2025-06-15,13,0,0
R03,SKU-1077,2025-06-16,17,0,0
R03,SKU-1077,06/17/2025,16,0,0
R03,SKU-1077,2025-06-18,20,1,0
R03,SKU-1077,2025-06-19,10,0,0
R03,SKU-1077,06/20/2025,29,2,0
R03,SKU-1077,2025-06-21,23,0,0
R03,SKU-1077,22-Jun-25,15,0,0
R03,SKU-1077,2025-06-23,20,0,0
R03,SKU-1077,2025-06-24,18,1,0
R03,SKU-1077,2025-06-25,16,1,0
R03,SKU-1077,2025-06-26,20,0,0
R03,SKU-1077,27-Jun-25,19,0,0
R03,SKU-1077,2025-06-28,12,0,0
R03,SKU-1077,29-Jun-25,9,0,1
R03,SKU-1077,06/30/2025,20,1,0
R03,SKU-1280,2025-06-01,21,0,0
R03,SKU-1280,2025-06-02,30,0,0
R03,SKU-1280,2025-06-03,32,0,0
R03,SKU-1280,2025-06-04,31,0,0
R03,SKU-1280,2025-06-05,24,0,0
R03,SKU-1280,06/06/2025,28,0,0
R03,SKU-1280,2025-06-07,25,0,0
R03,SKU-1280,2025-06-08,32,0,0
R03,SKU-1280,2025-06-09,26,2,0
R03,SKU-1280,2025-06-10,31,0,0
R03,SKU-1280,2025-06-11,21,0,0
R03,SKU-1280,06/12/2025,32,2,0
R03,SKU-1280,2025-06-13,24,0,0
R03,SKU-1280,2025-06-14,25,0,0
R03,SKU-1280,15-Jun-25,29,0,0
R03,SKU-1280,16-Jun-25,27,1,1
R03,SKU-1280,06/17/2025,30,0,0
R03,SKU-1280,2025-06-18,31,1,0
R03,SKU-1280,2025-06-19,28,1,0
R03,SKU-1280,2025-06-20,24,1,0
R03,SKU-1280,06/21/2025,30,0,0
R03,SKU-1280,2025-06-22,32,0,0
R03,SKU-1280,06/23/2025,27,0,0
R03,SKU-1280,06/24/2025,24,2,1
R03,SKU-1280,2025-06-25,34,0,1
R03,SKU-1280,26-Jun-25,16,0,0
R03,SKU-1280,2025-06-27,30,0,1
R03,SKU-1280,2025-06-28,26,0,0
R03,SKU-1280,2025-06-29,31,0,0
R03,SKU-1280,30-Jun-25,36,2,0
R03,SKU-1238,06/01/2025,25,0,1
R03,SKU-1238,2025-06-02,40,0,0
R03,SKU-1238,06/03/2025,31,0,1
R03,SKU-1238,2025-06-04,26,0,0
R03,SKU-1238,06/05/2025,28,0,0
R03,SKU-1238,06/06/2025,31,1,0
R03,SKU-1238,07-Jun-25,21,0,0
R03,SKU-1238,2025-06-08,21,0,0
R03,SKU-1238,09-Jun-25,23,1,0
R03,SKU-1238,10-Jun-25,30,2,0
R03,SKU-1238,06/11/2025,25,0,0
R03,SKU-1238,06/12/2025,15,0,1
R03,SKU-1238,2025-06-13,27,1,0
R03,SKU-1238,2025-06-14,19,0,0
R03,SKU-1238,15-Jun-25,27,0,0
R03,SKU-1238,2025-06-16,29,1,0
R03,SKU-1238,17-Jun-25,27,0,0
R03,SKU-1238,2025-06-18,24,1,0
R03,SKU-1238,2025-06-19,26,4,1
R03,SKU-1238,20-Jun-25,30,1,0
R03,SKU-1238,2025-06-21,25,0,0
R03,SKU-1238,06/22/2025,25,1,0
R03,SKU-1238,2025-06-23,33,0,0
R03,SKU-1238,2025-06-24,25,0,1
R03,SKU-1238,2025-06-25,32,1,0
R03,SKU-1238,26-Jun-25,27,1,0
R03,SKU-1238,2025-06-27,26,1,0
R03,SKU-1238,2025-06-28,30,1,1
R03,SKU-1238,06/29/2025,23,0,0
R03,SKU-1238,06/30/2025,32,2,0
R03,SKU-1217,2025-06-01,14,2,1
R03,SKU-1217,2025-06-02,20,2,0
R03,SKU-1217,2025-06-03,9,0,0
R03,SKU-1217,06/04/2025,14,0,0
R03,SKU-1217,2025-06-05,5,0,1
R03,SKU-1217,2025-06-06,9,1,0
R03,SKU-1217,2025-06-07,14,1,0
R03,SKU-1217,2025-06-08,10,0,0
R03,SKU-1217,06/09/2025,8,0,0
R03,SKU-1217,2025-06-10,10,1,0
R03,SKU-1217,2025-06-11,16,0,1
R03,SKU-1217,2025-06-12,12,1,0
R03,SKU-1217,2025-06-13,5,1,0
R03,SKU-1217,06/14/2025,14,1,0
R03,SKU-1217,2025-06-15,8,0,0
R03,SKU-1217,2025-06-16,15,1,0
R03,SKU-1217,06/17/2025,7,0,1
R03,SKU-1217,18-Jun-25,13,0,0
R03,SKU-1217,2025-06-19,9,0,0
R03,SKU-1217,2025-06-20,7,0,0
R03,SKU-1217,2025-06-21,8,0,0
R03,SKU-1217,2025-06-22,14,0,0
R03,SKU-1217,06/23/2025,6,1,0
R03,SKU-1217,06/24/2025,11,1,0
R03,SKU-1217,06/25/2025,11,0,0
R03,SKU-1217,2025-06-26,5,0,0
R03,SKU-1217,06/27/2025,12,0,1
R03,SKU-1217,2025-06-28,10,1,0
R03,SKU-1217,29-Jun-25,6,0,0
R03,SKU-1217,2025-06-30,14,1,0
R04,SKU-1056,2025-06-01,5,1,0
R04,SKU-1056,2025-06-02,5,1,0
R04,SKU-1056,2025-06-03,4,0,0
R04,SKU-1056,2025-06-04,6,0,0
R04,SKU-1056,05-Jun-25,5,0,0
R04,SKU-1056,06-Jun-25,4,2,0
R04,SKU-1056,06/07/2025,4,1,0
R04,SKU-1056,2025-06-08,2,1,0
R04,SKU-1056,2025-06-09,6,0,0
R04,SKU-1056,06/10/2025,2,0,0
R04,SKU-1056,11-Jun-25,6,0,0
R04,SKU-1056,2025-06-12,6,1,0
R04,SKU-1056,2025-06-13,8,0,0
R04,SKU-1056,14-Jun-25,6,2,0
R04,SKU-1056,15-Jun-25,2,1,0
R04,SKU-1056,2025-06-16,2,0,1
R04,SKU-1056,17-Jun-25,3,1,0
R04,SKU-1056,06/18/2025,6,0,0
R04,SKU-1056,2025-06-19,8,1,0
R04,SKU-1056,2025-06-20,4,0,0
R04,SKU-1056,21-Jun-25,2,1,0
R04,SKU-1056,22-Jun-25,7,1,0
R04,SKU-1056,2025-06-23,6,0,0
R04,SKU-1056,06/24/2025,4,0,0
R04,SKU-1056,06/25/2025,3,1,1
R04,SKU-1056,26-Jun-25,4,0,0
R04,SKU-1056,27-Jun-25,1,0,0
R04,SKU-1056,2025-06-28,5,1,0
R04,SKU-1056,2025-06-29,1,0,0
R04,SKU-1056,30-Jun-25,6,0,0
R04,SKU-1231,2025-06-01,27,0,0
R04,SKU-1231,02-Jun-25,22,1,0
R04,SKU-1231,06/03/2025,34,0,0
R04,SKU-1231,2025-06-04,20,0,0
R04,SKU-1231,06/05/2025,27,0,1
R04,SKU-1231,06/06/2025,20,0,0
R04,SKU-1231,2025-06-07,36,0,0
R04,SKU-1231,06/08/2025,24,1,0
R04,SKU-1231,09-Jun-25,25,0,0
R04,SKU-1231,06/10/2025,29,1,0
R04,SKU-1231,06/11/2025,33,0,0
R04,SKU-1231,2025-06-12,37,0,1
R04,SKU-1231,06/13/2025,29,1,0
R04,SKU-1231,14-Jun-25,22,1,0
R04,SKU-1231,15-Jun-25,25,0,0
R04,SKU-1231,2025-06-16,29,0,0
R04,SKU-1231,2025-06-17,31,2,0
R04,SKU-1231,18-Jun-25,18,1,0
R04,SKU-1231,06/19/2025,17,0,0
R04,SKU-1231,06/20/2025,33,1,0
R04,SKU-1231,06/21/2025,19,0,0
R04,SKU-1231,2025-06-22,30,1,0
R04,SKU-1231,2025-06-23,25,0,0
R04,SKU-1231,06/24/2025,27,1,0
R04,SKU-1231,06/25/2025,25,0,0
R04,SKU-1231,06/26/2025,26,1,0
R04,SKU-1231,2025-06-27,33,0,0
R04,SKU-1231,06/28/2025,23,0,0
R04,SKU-1231,2025-06-29,16,1,0
R04,SKU-1231,2025-06-30,19,0,0
R04,SKU-1077,06/01/2025,27,1,0
R04,SKU-1077,2025-06-02,27,0,0
R04,SKU-1077,2025-06-03,33,1,0
R04,SKU-1077,2025-06-04,34,0,1
R04,SKU-1077,2025-06-05,25,0,0
R04,SKU-1077,2025-06-06,35,1,0
R04,SKU-1077,2025-06-07,24,1,0
R04,SKU-1077,2025-06-08,22,0,0
R04,SKU-1077,09-Jun-25,23,0,0
R04,SKU-1077,2025-06-10,32,0,0
R04,SKU-1077,06/11/2025,34,0,0
R04,SKU-1077,2025-06-12,26,1,0
R04,SKU-1077,2025-06-13,22,1,0
R04,SKU-1077,14-Jun-25,20,0,0
R04,SKU-1077,2025-06-15,33,0,0
R04,SKU-1077,2025-06-16,25,1,0
R04,SKU-1077,17-Jun-25,32,0,0
R04,SKU-1077,2025-06-18,25,0,1
R04,SKU-1077,2025-06-19,27,0,1
R04,SKU-1077,06/20/2025,30,1,0
R04,SKU-1077,2025-06-21,28,0,0
R04,SKU-1077,22-Jun-25,31,0,1
R04,SKU-1077,2025-06-23,21,0,1
R04,SKU-1077,2025-06-24,33,0,0
R04,SKU-1077,2025-06-25,28,0,0
R04,SKU-1077,2025-06-26,28,0,1
R04,SKU-1077,06/27/2025,25,0,0
R04,SKU-1077,06/28/2025,29,0,1
R04,SKU-1077,06/29/2025,27,1,0
R04,SKU-1077,06/30/2025,27,0,0
R04,SKU-1021,06/01/2025,37,0,0
R04,SKU-1021,2025-06-02,15,1,1
R04,SKU-1021,03-Jun-25,33,0,0
R04,SKU-1021,2025-06-04,30,0,0
R04,SKU-1021,2025-06-05,23,0,0
R04,SKU-1021,06/06/2025,26,0,0
R04,SKU-1021,2025-06-07,19,0,0
R04,SKU-1021,2025-06-08,31,1,0
R04,SKU-1021,2025-06-09,30,1,0
R04,SKU-1021,2025-06-10,30,0,0
R04,SKU-1021,2025-06-11,24,0,0
R04,SKU-1021,2025-06-12,37,0,0
R04,SKU-1021,2025-06-13,27,0,0
R04,SKU-1021,2025-06-14,37,0,0
R04,SKU-1021,06/15/2025,32,0,0
R04,SKU-1021,06/16/2025,30,0,0
R04,SKU-1021,2025-06-17,39,0,0
R04,SKU-1021,06/18/2025,30,0,0
R04,SKU-1021,2025-06-19,23,3,0
R04,SKU-1021,2025-06-20,29,1,0
R04,SKU-1021,2025-06-21,33,0,0
R04,SKU-1021,2025-06-22,31,0,0
R04,SKU-1021,2025-06-23,26,0,0
R04,SKU-1021,2025-06-24,21,1,0
R04,SKU-1021,2025-06-25,29,0,0
R04,SKU-1021,2025-06-26,26,0,1
R04,SKU-1021,2025-06-27,23,2,0
R04,SKU-1021,06/28/2025,30,0,0
R04,SKU-1021,2025-06-29,23,0,0
R04,SKU-1021,2025-06-30,28,0,0
R04,SKU-1028,06/01/2025,7,1,0
R04,SKU-1028,06/02/2025,8,0,1
R04,SKU-1028,2025-06-03,7,1,0
R04,SKU-1028,2025-06-04,9,1,0
R04,SKU-1028,2025-06-05,13,0,0
R04,SKU-1028,06-Jun-25,8,1,0
R04,SKU-1028,2025-06-07,15,1,0
R04,SKU-1028,2025-06-08,7,1,0
R04,SKU-1028,2025-06-09,7,0,0
R04,SKU-1028,2025-06-10,9,1,0
R04,SKU-1028,2025-06-11,7,1,1
R04,SKU-1028,12-Jun-25,10,1,0
R04,SKU-1028,2025-06-13,4,0,0
R04,SKU-1028,2025-06-14,8,0,0
R04,SKU-1028,2025-06-15,5,0,0
R04,SKU-1028,2025-06-16,6,2,0
R04,SKU-1028,06/17/2025,12,0,0
R04,SKU-1028,2025-06-18,7,0,1
R04,SKU-1028,06/19/2025,10,0,0
R04,SKU-1028,06/20/2025,13,1,0
R04,SKU-1028,06/21/2025,12,0,0
R04,SKU-1028,2025-06-22,10,2,0
R04,SKU-1028,2025-06-23,10,1,0
R04,SKU-1028,2025-06-24,11,0,0
R04,SKU-1028,2025-06-25,12,1,0
R04,SKU-1028,06/26/2025,6,0,0
R04,SKU-1028,2025-06-27,14,2,0
R04,SKU-1028,06/28/2025,3,0,1
R04,SKU-1028,2025-06-29,9,0,0
R04,SKU-1028,06/30/2025,11,0,0
R04,SKU-1035,2025-06-01,13,1,0
R04,SKU-1035,2025-06-02,10,0,1
R04,SKU-1035,2025-06-03,10,0,0
R04,SKU-1035,2025-06-04,14,1,0
R04,SKU-1035,06/05/2025,17,2,0
R04,SKU-1035,2025-06-06,11,2,0
R04,SKU-1035,2025-06-07,16,0,1
R04,SKU-1035,2025-06-08,10,0,0
R04,SKU-1035,2025-06-09,10,1,0
R04,SKU-1035,2025-06-10,12,1,0
R04,SKU-1035,06/11/2025,16,0,0
R04,SKU-1035,2025-06-12,14,0,0
R04,SKU-1035,2025-06-13,12,2,0
R04,SKU-1035,14-Jun-25,14,0,0
R04,SKU-1035,2025-06-15,12,0,0
R04,SKU-1035,16-Jun-25,12,0,0
R04,SKU-1035,2025-06-17,15,0,0
R04,SKU-1035,2025-06-18,13,0,0
R04,SKU-1035,2025-06-19,14,0,1
R04,SKU-1035,06/20/2025,11,1,0
R04,SKU-1035,2025-06-21,10,0,0
R04,SKU-1035,2025-06-22,12,0,0
R04,SKU-1035,2025-06-23,15,1,0
R04,SKU-1035,2025-06-24,17,0,1
R04,SKU-1035,2025-06-25,10,0,0
R04,SKU-1035,2025-06-26,8,1,0
R04,SKU-1035,27-Jun-25,14,1,0
R04,SKU-1035,06/28/2025,4,2,0
R04,SKU-1035,2025-06-29,8,1,0
R04,SKU-1035,2025-06-30,11,0,0
R04,SKU-1182,2025-06-01,16,1,0
R04,SKU-1182,2025-06-02,25,0,0
R04,SKU-1182,2025-06-03,25,3,0
R04,SKU-1182,2025-06-04,21,0,0
R04,SKU-1182,2025-06-05,19,0,0
R04,SKU-1182,2025-06-06,24,0,0
R04,SKU-1182,06/07/2025,22,1,0
R04,SKU-1182,06/08/2025,27,2,0
R04,SKU-1182,2025-06-09,25,0,0
R04,SKU-1182,2025-06-10,19,1,0
R04,SKU-1182,2025-06-11,25,2,1
R04,SKU-1182,2025-06-12,28,0,0
R04,SKU-1182,2025-06-13,19,0,0
R04,SKU-1182,2025-06-14,22,0,0
R04,SKU-1182,2025-06-15,21,0,0
R04,SKU-1182,2025-06-16,23,1,0
R04,SKU-1182,2025-06-17,22,0,0
R04,SKU-1182,06/18/2025,24,1,0
R04,SKU-1182,06/19/2025,18,0,0
R04,SKU-1182,2025-06-20,20,1,0
R04,SKU-1182,06/21/2025,13,0,0
R04,SKU-1182,2025-06-22,29,0,0
R04,SKU-1182,06/23/2025,23,1,0
R04,SKU-1182,2025-06-24,24,1,0
R04,SKU-1182,06/25/2025,14,1,0
R04,SKU-1182,2025-06-26,21,1,1
R04,SKU-1182,2025-06-27,27,0,1
R04,SKU-1182,2025-06-28,24,1,0
R04,SKU-1182,2025-06-29,23,0,0
R04,SKU-1182,2025-06-30,16,0,0
R04,SKU-1238,06/01/2025,8,0,0
R04,SKU-1238,06/02/2025,9,0,0
R04,SKU-1238,06/03/2025,6,0,0
R04,SKU-1238,2025-06-04,8,1,0
R04,SKU-1238,2025-06-05,7,0,0
R04,SKU-1238,2025-06-06,2,0,0
R04,SKU-1238,2025-06-07,5,0,0
R04,SKU-1238,2025-06-08,5,1,0
R04,SKU-1238,2025-06-09,8,0,0
R04,SKU-1238,06/10/2025,5,0,1
R04,SKU-1238,06/11/2025,4,0,0
R04,SKU-1238,12-Jun-25,8,0,0
R04,SKU-1238,2025-06-13,5,1,0
R04,SKU-1238,06/14/2025,4,2,0
R04,SKU-1238,06/15/2025,6,0,0
R04,SKU-1238,06/16/2025,3,1,0
R04,SKU-1238,17-Jun-25,4,3,0
R04,SKU-1238,18-Jun-25,5,0,0
R04,SKU-1238,2025-06-19,7,1,0
R04,SKU-1238,2025-06-20,5,0,0
R04,SKU-1238,06/21/2025,6,1,0
R04,SKU-1238,2025-06-22,8,0,0
R04,SKU-1238,2025-06-23,4,0,0
R04,SKU-1238,2025-06-24,4,0,0
R04,SKU-1238,2025-06-25,9,1,0
R04,SKU-1238,26-Jun-25,10,0,0
R04,SKU-1238,2025-06-27,5,0,0
R04,SKU-1238,06/28/2025,5,3,0
R04,SKU-1238,2025-06-29,8,0,0
R04,SKU-1238,06/30/2025,5,0,0
R04,SKU-1280,06/01/2025,37,0,1
R04,SKU-1280,2025-06-02,32,0,0
R04,SKU-1280,06/03/2025,31,0,0
R04,SKU-1280,2025-06-04,28,0,0
R04,SKU-1280,2025-06-05,29,0,0
R04,SKU-1280,2025-06-06,30,0,1
R04,SKU-1280,2025-06-07,29,0,0
R04,SKU-1280,2025-06-08,27,1,0
R04,SKU-1280,2025-06-09,24,1,0
R04,SKU-1280,2025-06-10,31,0,0
R04,SKU-1280,2025-06-11,27,1,0
R04,SKU-1280,2025-06-12,33,0,1
R04,SKU-1280,2025-06-13,21,1,0
R04,SKU-1280,06/14/2025,26,0,0
R04,SKU-1280,2025-06-15,24,0,0
R04,SKU-1280,2025-06-16,18,0,0
R04,SKU-1280,2025-06-17,36,0,0
R04,SKU-1280,2025-06-18,32,1,0
R04,SKU-1280,2025-06-19,17,0,0
R04,SKU-1280,2025-06-20,29,1,1
R04,SKU-1280,2025-06-21,32,0,0
R04,SKU-1280,2025-06-22,28,0,0
R04,SKU-1280,2025-06-23,14,0,0
R04,SKU-1280,2025-06-24,25,0,0
R04,SKU-1280,06/25/2025,27,2,0
R04,SKU-1280,2025-06-26,31,0,0
R04,SKU-1280,27-Jun-25,30,1,0
R04,SKU-1280,2025-06-28,27,0,0
R04,SKU-1280,2025-06-29,29,0,0
R04,SKU-1280,2025-06-30,21,0,0
R04,SKU-1273,2025-06-01,4,0,0
R04,SKU-1273,06/02/2025,7,0,0
R04,SKU-1273,2025-06-03,9,0,0
R04,SKU-1273,2025-06-04,14,0,0
R04,SKU-1273,05-Jun-25,5,0,0
R04,SKU-1273,06-Jun-25,6,1,0
R04,SKU-1273,06/07/2025,7,0,0
R04,SKU-1273,2025-06-08,3,0,0
R04,SKU-1273,09-Jun-25,11,0,0
R04,SKU-1273,2025-06-10,7,0,0
R04,SKU-1273,2025-06-11,11,2,0
R04,SKU-1273,2025-06-12,8,1,1
R04,SKU-1273,06/13/2025,7,0,0
R04,SKU-1273,14-Jun-25,3,0,0
R04,SKU-1273,06/15/2025,6,0,0
R04,SKU-1273,2025-06-16,3,1,0
R04,SKU-1273,2025-06-17,8,0,0
R04,SKU-1273,2025-06-18,5,0,0
R04,SKU-1273,2025-06-19,10,0,0
R04,SKU-1273,2025-06-20,4,0,0
R04,SKU-1273,2025-06-21,8,1,0
R04,SKU-1273,06/22/2025,8,0,0
R04,SKU-1273,2025-06-23,8,0,0
R04,SKU-1273,2025-06-24,4,2,1
R04,SKU-1273,2025-06-25,6,0,0
R04,SKU-1273,2025-06-26,4,0,0
R04,SKU-1273,06/27/2025,4,1,0
R04,SKU-1273,2025-06-28,3,0,0
R04,SKU-1273,2025-06-29,5,0,0
R04,SKU-1273,2025-06-30,5,1,0
R04,SKU-1091,01-Jun-25,8,1,0
R04,SKU-1091,02-Jun-25,6,2,0
R04,SKU-1091,2025-06-03,6,0,0
R04,SKU-1091,2025-06-04,7,0,0
R04,SKU-1091,06/05/2025,6,0,0
R04,SKU-1091,06-Jun-25,13,0,1
R04,SKU-1091,2025-06-07,9,0,0
R04,SKU-1091,2025-06-08,11,0,0
R04,SKU-1091,2025-06-09,7,0,0
R04,SKU-1091,10-Jun-25,10,0,0
R04,SKU-1091,2025-06-11,6,0,0
R04,SKU-1091,2025-06-12,10,0,0
R04,SKU-1091,2025-06-13,5,0,0
R04,SKU-1091,2025-06-14,8,0,0
R04,SKU-1091,2025-06-15,4,1,0
R04,SKU-1091,2025-06-16,7,1,0
R04,SKU-1091,06/17/2025,6,1,0
R04,SKU-1091,2025-06-18,12,0,0
R04,SKU-1091,2025-06-19,8,0,1
R04,SKU-1091,06/20/2025,6,0,0
R04,SKU-1091,06/21/2025,7,0,0
R04,SKU-1091,06/22/2025,5,0,0
R04,SKU-1091,06/23/2025,8,1,0
R04,SKU-1091,2025-06-24,12,0,0
R04,SKU-1091,06/25/2025,7,0,0
R04,SKU-1091,26-Jun-25,15,0,1
R04,SKU-1091,06/27/2025,5,0,0
R04,SKU-1091,2025-06-28,9,1,1
R04,SKU-1091,06/29/2025,11,0,0
R04,SKU-1091,2025-06-30,7,0,0
R04,SKU-1210,01-Jun-25,38,0,1
R04,SKU-1210,02-Jun-25,22,1,1
R04,SKU-1210,06/03/2025,30,0,0
R04,SKU-1210,04-Jun-25,29,1,0
R04,SKU-1210,2025-06-05,31,0,0
R04,SKU-1210,2025-06-06,36,0,0
R04,SKU-1210,2025-06-07,33,1,0
R04,SKU-1210,2025-06-08,37,0,0
R04,SKU-1210,2025-06-09,29,1,1
R04,SKU-1210,06/10/2025,41,0,0
R04,SKU-1210,2025-06-11,29,0,0
R04,SKU-1210,06/12/2025,45,0,0
R04,SKU-1210,06/13/2025,26,1,1
R04,SKU-1210,2025-06-14,28,1,1
R04,SKU-1210,2025-06-15,38,0,0
R04,SKU-1210,2025-06-16,26,0,0
R04,SKU-1210,2025-06-17,31,0,1
R04,SKU-1210,2025-06-18,35,0,0
R04,SKU-1210,2025-06-19,26,0,0
R04,SKU-1210,2025-06-20,31,0,0
R04,SKU-1210,2025-06-21,24,0,0
R04,SKU-1210,2025-06-22,44,0,0
R04,SKU-1210,06/23/2025,33,0,0
R04,SKU-1210,2025-06-24,26,0,0
R04,SKU-1210,2025-06-25,35,1,0
R04,SKU-1210,06/26/2025,31,1,0
R04,SKU-1210,2025-06-27,33,2,0
R04,SKU-1210,06/28/2025,33,0,0
R04,SKU-1210,06/29/2025,27,1,1
R04,SKU-1210,2025-06-30,35,0,0
R04,SKU-1266,06/01/2025,5,0,0
R04,SKU-1266,2025-06-02,8,1,0
R04,SKU-1266,2025-06-03,6,0,0
R04,SKU-1266,2025-06-04,4,1,0
R04,SKU-1266,2025-06-05,7,0,0
R04,SKU-1266,06/06/2025,7,0,1
R04,SKU-1266,2025-06-07,3,0,0
R04,SKU-1266,06/08/2025,9,1,0
R04,SKU-1266,2025-06-09,1,0,0
R04,SKU-1266,2025-06-10,8,1,0
R04,SKU-1266,2025-06-11,7,0,0
R04,SKU-1266,2025-06-12,6,0,0
R04,SKU-1266,2025-06-13,11,2,0
R04,SKU-1266,2025-06-14,9,0,0
R04,SKU-1266,2025-06-15,6,1,0
R04,SKU-1266,06/16/2025,2,0,0
R04,SKU-1266,06/17/2025,13,0,0
R04,SKU-1266,2025-06-18,6,0,0
R04,SKU-1266,2025-06-19,8,0,0
R04,SKU-1266,2025-06-20,16,1,0
R04,SKU-1266,2025-06-21,6,2,0
R04,SKU-1266,2025-06-22,7,0,0
R04,SKU-1266,23-Jun-25,3,3,0
R04,SKU-1266,24-Jun-25,6,0,0
R04,SKU-1266,2025-06-25,7,1,0
R04,SKU-1266,2025-06-26,3,0,1
R04,SKU-1266,2025-06-27,7,0,0
R04,SKU-1266,2025-06-28,5,0,0
R04,SKU-1266,2025-06-29,3,0,0
R04,SKU-1266,2025-06-30,5,3,0
R04,SKU-1259,01-Jun-25,6,0,0
R04,SKU-1259,2025-06-02,7,1,0
R04,SKU-1259,03-Jun-25,6,0,0
R04,SKU-1259,06/04/2025,8,0,0
R04,SKU-1259,2025-06-05,11,0,0
R04,SKU-1259,2025-06-06,5,0,0
R04,SKU-1259,2025-06-07,10,0,0
R04,SKU-1259,06/08/2025,9,0,0
R04,SKU-1259,09-Jun-25,11,2,0
R04,SKU-1259,2025-06-10,5,1,0
R04,SKU-1259,06/11/2025,12,0,0
R04,SKU-1259,2025-06-12,11,0,0
R04,SKU-1259,06/13/2025,3,0,0
R04,SKU-1259,14-Jun-25,4,0,0
R04,SKU-1259,2025-06-15,4,0,0
R04,SKU-1259,2025-06-16,7,0,1
R04,SKU-1259,06/17/2025,10,1,0
R04,SKU-1259,2025-06-18,13,1,0
R04,SKU-1259,2025-06-19,5,0,0
R04,SKU-1259,2025-06-20,5,0,0
R04,SKU-1259,2025-06-21,3,2,0
R04,SKU-1259,2025-06-22,9,1,0
R04,SKU-1259,2025-06-23,3,0,0
R04,SKU-1259,2025-06-24,6,0,0
R04,SKU-1259,2025-06-25,11,0,0
R04,SKU-1259,2025-06-26,11,1,0
R04,SKU-1259,2025-06-27,4,0,0
R04,SKU-1259,06/28/2025,6,0,0
R04,SKU-1259,06/29/2025,14,0,0
R04,SKU-1259,2025-06-30,12,0,0
R04,SKU-1133,2025-06-01,5,1,1
R04,SKU-1133,2025-06-02,5,0,0
R04,SKU-1133,2025-06-03,7,0,0
R04,SKU-1133,04-Jun-25,8,0,0
R04,SKU-1133,2025-06-05,7,1,0
R04,SKU-1133,06-Jun-25,5,0,0
R04,SKU-1133,07-Jun-25,6,0,1
R04,SKU-1133,2025-06-08,4,1,0
R04,SKU-1133,09-Jun-25,7,1,0
R04,SKU-1133,06/10/2025,7,0,0
R04,SKU-1133,06/11/2025,3,0,0
R04,SKU-1133,2025-06-12,5,1,0
R04,SKU-1133,2025-06-13,6,0,0
R04,SKU-1133,06/14/2025,8,2,1
R04,SKU-1133,2025-06-15,5,0,0
R04,SKU-1133,2025-06-16,7,0,0
R04,SKU-1133,2025-06-17,7,0,0
R04,SKU-1133,18-Jun-25,9,0,0
R04,SKU-1133,2025-06-19,5,0,0
R04,SKU-1133,06/20/2025,6,0,0
R04,SKU-1133,21-Jun-25,7,0,0
R04,SKU-1133,2025-06-22,4,1,0
R04,SKU-1133,2025-06-23,5,0,0
R04,SKU-1133,2025-06-24,5,0,1
R04,SKU-1133,2025-06-25,2,0,0
R04,SKU-1133,2025-06-26,8,2,0
R04,SKU-1133,2025-06-27,9,0,0
R04,SKU-1133,2025-06-28,9,0,0
R04,SKU-1133,29-Jun-25,3,0,0
R04,SKU-1133,2025-06-30,5,0,1
R04,SKU-1126,2025-06-01,12,0,0
R04,SKU-1126,2025-06-02,11,0,0
R04,SKU-1126,2025-06-03,17,0,0
R04,SKU-1126,2025-06-04,9,1,1
R04,SKU-1126,2025-06-05,15,0,0
R04,SKU-1126,2025-06-06,13,1,0
R04,SKU-1126,2025-06-07,12,0,0
R04,SKU-1126,06/08/2025,15,0,0
R04,SKU-1126,2025-06-09,15,0,1
R04,SKU-1126,10-Jun-25,7,0,0
R04,SKU-1126,11-Jun-25,15,0,0
R04,SKU-1126,2025-06-12,15,1,1
R04,SKU-1126,2025-06-13,9,0,1
R04,SKU-1126,06/14/2025,16,1,0
R04,SKU-1126,2025-06-15,9,1,0
R04,SKU-1126,2025-06-16,14,0,0
R04,SKU-1126,17-Jun-25,14,1,0
R04,SKU-1126,06/18/2025,11,1,0
R04,SKU-1126,2025-06-19,12,1,0
R04,SKU-1126,2025-06-20,9,0,0
R04,SKU-1126,21-Jun-25,4,0,0
R04,SKU-1126,2025-06-22,8,0,1
R04,SKU-1126,06/23/2025,10,0,0
R04,SKU-1126,24-Jun-25,10,0,0
R04,SKU-1126,2025-06-25,11,0,0
R04,SKU-1126,2025-06-26,11,0,0
R04,SKU-1126,2025-06-27,14,0,0
R04,SKU-1126,2025-06-28,18,1,0
R04,SKU-1126,2025-06-29,7,0,1
R04,SKU-1126,2025-06-30,14,1,0
R04,SKU-1175,06/01/2025,18,1,0
R04,SKU-1175,2025-06-02,17,0,0
R04,SKU-1175,2025-06-03,17,0,0
R04,SKU-1175,2025-06-04,22,0,0
R04,SKU-1175,2025-06-05,16,0,0
R04,SKU-1175,2025-06-06,13,0,1
R04,SKU-1175,2025-06-07,19,1,0
R04,SKU-1175,06/08/2025,17,0,0
R04,SKU-1175,06/09/2025,15,0,0
R04,SKU-1175,2025-06-10,11,0,0
R04,SKU-1175,2025-06-11,5,0,0
R04,SKU-1175,2025-06-12,9,0,0
R04,SKU-1175,2025-06-13,20,1,1
R04,SKU-1175,06/14/2025,13,1,0
R04,SKU-1175,2025-06-15,16,0,0
R04,SKU-1175,2025-06-16,16,0,0
R04,SKU-1175,06/17/2025,15,2,0
R04,SKU-1175,2025-06-18,17,1,0
R04,SKU-1175,06/19/2025,15,0,0
R04,SKU-1175,06/20/2025,13,1,0
R04,SKU-1175,2025-06-21,14,0,1
R04,SKU-1175,06/22/2025,11,0,0
R04,SKU-1175,2025-06-23,18,0,1
R04,SKU-1175,2025-06-24,12,0,0
R04,SKU-1175,06/25/2025,14,0,0
R04,SKU-1175,2025-06-26,17,1,0
R04,SKU-1175,06/27/2025,20,1,0
R04,SKU-1175,2025-06-28,10,0,0
R04,SKU-1175,2025-06-29,11,0,0
R04,SKU-1175,06/30/2025,16,0,0
R04,SKU-1098,06/01/2025,28,0,1
R04,SKU-1098,2025-06-02,23,0,0
R04,SKU-1098,2025-06-03,22,0,0
R04,SKU-1098,2025-06-04,17,1,0
R04,SKU-1098,2025-06-05,18,0,0
R04,SKU-1098,2025-06-06,25,0,0
R04,SKU-1098,2025-06-07,31,0,0
R04,SKU-1098,06/08/2025,19,0,0
R04,SKU-1098,2025-06-09,27,0,1
R04,SKU-1098,2025-06-10,24,0,0
R04,SKU-1098,2025-06-11,15,1,0
R04,SKU-1098,12-Jun-25,20,0,0
R04,SKU-1098,2025-06-13,20,1,0
R04,SKU-1098,06/14/2025,17,0,0
R04,SKU-1098,2025-06-15,18,0,0
R04,SKU-1098,2025-06-16,17,0,0
R04,SKU-1098,2025-06-17,22,2,0
R04,SKU-1098,2025-06-18,20,1,0
R04,SKU-1098,06/19/2025,19,1,0
R04,SKU-1098,06/20/2025,27,1,0
R04,SKU-1098,06/21/2025,17,0,0
R04,SKU-1098,06/22/2025,18,0,0
R04,SKU-1098,2025-06-23,14,1,0
R04,SKU-1098,2025-06-24,11,3,0
R04,SKU-1098,25-Jun-25,23,2,1
R04,SKU-1098,26-Jun-25,19,0,0
R04,SKU-1098,2025-06-27,18,0,0
R04,SKU-1098,2025-06-28,16,0,0
R04,SKU-1098,2025-06-29,24,0,0
R04,SKU-1098,2025-06-30,16,0,0
R04,SKU-1196,01-Jun-25,10,2,0
R04,SKU-1196,02-Jun-25,10,1,0
R04,SKU-1196,2025-06-03,12,0,0
R04,SKU-1196,2025-06-04,14,0,0
R04,SKU-1196,2025-06-05,20,0,0
R04,SKU-1196,2025-06-06,18,0,0
R04,SKU-1196,2025-06-07,11,0,1
R04,SKU-1196,06/08/2025,17,1,0
R04,SKU-1196,2025-06-09,12,0,0
R04,SKU-1196,10-Jun-25,17,1,1
R04,SKU-1196,11-Jun-25,16,0,0
R04,SKU-1196,2025-06-12,16,0,1
R04,SKU-1196,06/13/2025,16,0,0
R04,SKU-1196,2025-06-14,19,1,0
R04,SKU-1196,2025-06-15,17,0,0
R04,SKU-1196,06/16/2025,12,0,1
R04,SKU-1196,06/17/2025,8,0,0
R04,SKU-1196,18-Jun-25,10,0,0
R04,SKU-1196,2025-06-19,12,0,0
R04,SKU-1196,20-Jun-25,13,0,0
R04,SKU-1196,21-Jun-25,10,0,0
R04,SKU-1196,2025-06-22,10,1,0
R04,SKU-1196,2025-06-23,14,1,0
R04,SKU-1196,2025-06-24,8,1,0
R04,SKU-1196,06/25/2025,13,0,0
R04,SKU-1196,06/26/2025,11,0,0
R04,SKU-1196,27-Jun-25,14,0,0
R04,SKU-1196,2025-06-28,15,0,0
R04,SKU-1196,2025-06-29,12,0,0
R04,SKU-1196,2025-06-30,10,0,0
R04,SKU-1189,06/01/2025,30,0,0
R04,SKU-1189,2025-06-02,21,0,0
R04,SKU-1189,06/03/2025,37,0,0
R04,SKU-1189,2025-06-04,25,0,0
R04,SKU-1189,06/05/2025,28,0,0
R04,SKU-1189,06/06/2025,27,1,0
R04,SKU-1189,07-Jun-25,27,0,1
R04,SKU-1189,06/08/2025,27,0,0
R04,SKU-1189,09-Jun-25,17,0,0
R04,SKU-1189,2025-06-10,35,1,1
R04,SKU-1189,2025-06-11,28,1,0
R04,SKU-1189,06/12/2025,23,0,0
R04,SKU-1189,2025-06-13,23,0,0
R04,SKU-1189,2025-06-14,33,1,0
R04,SKU-1189,2025-06-15,31,0,0
R04,SKU-1189,2025-06-16,31,0,0
R04,SKU-1189,06/17/2025,24,0,0
R04,SKU-1189,2025-06-18,26,0,0
R04,SKU-1189,19-Jun-25,25,0,0
R04,SKU-1189,2025-06-20,26,1,0
R04,SKU-1189,06/21/2025,24,1,1
R04,SKU-1189,2025-06-22,26,0,0
R04,SKU-1189,2025-06-23,28,0,0
R04,SKU-1189,06/24/2025,21,2,0
R04,SKU-1189,06/25/2025,30,0,0
R04,SKU-1189,2025-06-26,35,1,0
R04,SKU-1189,27-Jun-25,25,1,0
R04,SKU-1189,2025-06-28,20,0,0
R04,SKU-1189,2025-06-29,36,0,0
R04,SKU-1189,2025-06-30,39,0,0
R04,SKU-1168,2025-06-01,21,1,1
R04,SKU-1168,06/02/2025,21,0,0
R04,SKU-1168,2025-06-03,12,0,0
R04,SKU-1168,04-Jun-25,39,0,0
R04,SKU-1168,2025-06-05,26,1,0
R04,SKU-1168,06/06/2025,25,1,0
R04,SKU-1168,07-Jun-25,17,0,0
R04,SKU-1168,2025-06-08,25,0,0
R04,SKU-1168,09-Jun-25,21,0,0
R04,SKU-1168,2025-06-10,22,0,0
R04,SKU-1168,11-Jun-25,18,1,1
R04,SKU-1168,06/12/2025,22,0,0
R04,SKU-1168,2025-06-13,15,0,0
R04,SKU-1168,2025-06-14,18,1,0
R04,SKU-1168,2025-06-15,17,1,1
R04,SKU-1168,16-Jun-25,22,0,1
R04,SKU-1168,06/17/2025,31,0,0
R04,SKU-1168,18-Jun-25,24,1,0
R04,SKU-1168,2025-06-19,18,0,0
R04,SKU-1168,2025-06-20,24,1,0
R04,SKU-1168,2025-06-21,22,0,0
R04,SKU-1168,2025-06-22,19,0,1
R04,SKU-1168,06/23/2025,17,1,0
R04,SKU-1168,2025-06-24,22,0,0
R04,SKU-1168,2025-06-25,26,2,1
R04,SKU-1168,06/26/2025,13,0,0
R04,SKU-1168,2025-06-27,34,2,0
R04,SKU-1168,2025-06-28,20,0,0
R04,SKU-1168,06/29/2025,16,0,0
R04,SKU-1168,30-Jun-25,24,1,0
R04,SKU-1105,2025-06-01,14,1,0
R04,SKU-1105,06/02/2025,8,1,0
R04,SKU-1105,2025-06-03,8,0,0
R04,SKU-1105,06/04/2025,8,0,0
R04,SKU-1105,06/05/2025,9,0,0
R04,SKU-1105,06/06/2025,7,1,0
R04,SKU-1105,06/07/2025,5,0,0
R04,SKU-1105,08-Jun-25,6,2,1
R04,SKU-1105,09-Jun-25,9,1,0
R04,SKU-1105,06/10/2025,7,1,0
R04,SKU-1105,2025-06-11,4,0,0
R04,SKU-1105,06/12/2025,12,1,0
R04,SKU-1105,2025-06-13,8,2,0
R04,SKU-1105,2025-06-14,8,1,1
R04,SKU-1105,2025-06-15,8,0,0
R04,SKU-1105,2025-06-16,9,0,0
R04,SKU-1105,2025-06-17,8,0,1
R04,SKU-1105,2025-06-18,7,0,0
R04,SKU-1105,2025-06-19,9,1,0
R04,SKU-1105,06/20/2025,11,0,0
R04,SKU-1105,06/21/2025,8,0,0
R04,SKU-1105,2025-06-22,7,0,0
R04,SKU-1105,2025-06-23,4,1,0
R04,SKU-1105,06/24/2025,8,0,1
R04,SKU-1105,06/25/2025,9,1,0
R04,SKU-1105,2025-06-26,12,0,0
R04,SKU-1105,2025-06-27,4,0,1
R04,SKU-1105,2025-06-28,13,0,0
R04,SKU-1105,2025-06-29,6,0,0
R04,SKU-1105,06/30/2025,5,0,0
R04,SKU-1161,2025-06-01,14,0,0
R04,SKU-1161,2025-06-02,7,0,0
R04,SKU-1161,2025-06-03,18,0,0
R04,SKU-1161,2025-06-04,10,0,0
R04,SKU-1161,2025-06-05,15,0,0
R04,SKU-1161,06-Jun-25,20,0,0
R04,SKU-1161,2025-06-07,14,0,0
R04,SKU-1161,2025-06-08,18,0,0
R04,SKU-1161,2025-06-09,10,2,0
R04,SKU-1161,06/10/2025,15,0,0
R04,SKU-1161,2025-06-11,14,1,0
R04,SKU-1161,2025-06-12,15,1,0
R04,SKU-1161,2025-06-13,15,2,0
R04,SKU-1161,2025-06-14,14,0,0
R04,SKU-1161,15-Jun-25,19,1,0
R04,SKU-1161,06/16/2025,11,0,1
R04,SKU-1161,17-Jun-25,7,1,0
R04,SKU-1161,2025-06-18,14,1,0
R04,SKU-1161,06/19/2025,12,1,0
R04,SKU-1161,2025-06-20,9,0,0
R04,SKU-1161,2025-06-21,14,0,1
R04,SKU-1161,2025-06-22,13,0,0
R04,SKU-1161,06/23/2025,20,0,0
R04,SKU-1161,24-Jun-25,16,0,0
R04,SKU-1161,06/25/2025,19,0,0
R04,SKU-1161,2025-06-26,13,0,0
R04,SKU-1161,2025-06-27,20,0,0
R04,SKU-1161,2025-06-28,12,0,0
R04,SKU-1161,29-Jun-25,17,0,0
R04,SKU-1161,06/30/2025,18,1,0
R04,SKU-1112,01-Jun-25,8,0,0
R04,SKU-1112,02-Jun-25,9,0,1
R04,SKU-1112,2025-06-03,6,0,0
R04,SKU-1112,2025-06-04,14,0,0
R04,SKU-1112,05-Jun-25,5,0,0
R04,SKU-1112,06-Jun-25,6,1,0
R04,SKU-1112,06/07/2025,10,0,0
R04,SKU-1112,2025-06-08,5,1,0
R04,SKU-1112,06/09/2025,9,0,0
R04,SKU-1112,2025-06-10,9,0,1
R04,SKU-1112,06/11/2025,9,1,0
R04,SKU-1112,2025-06-12,6,1,0
R04,SKU-1112,2025-06-13,8,1,0
R04,SKU-1112,2025-06-14,6,1,0
R04,SKU-1112,15-Jun-25,4,0,0
R04,SKU-1112,2025-06-16,9,0,0
R04,SKU-1112,2025-06-17,10,0,0
R04,SKU-1112,2025-06-18,5,0,0
R04,SKU-1112,2025-06-19,5,0,0
R04,SKU-1112,2025-06-20,8,0,1
R04,SKU-1112,06/21/2025,8,0,0
R04,SKU-1112,2025-06-22,4,0,1
R04,SKU-1112,06/23/2025,11,2,0
R04,SKU-1112,24-Jun-25,15,2,0
R04,SKU-1112,2025-06-25,7,0,0
R04,SKU-1112,26-Jun-25,10,1,0
R04,SKU-1112,2025-06-27,4,0,0
R04,SKU-1112,28-Jun-25,12,0,0
R04,SKU-1112,06/29/2025,5,0,0
R04,SKU-1112,06/30/2025,8,0,0
R05,SKU-1112,2025-06-01,18,0,0
R05,SKU-1112,2025-06-02,28,1,0
R05,SKU-1112,2025-06-03,26,0,0
R05,SKU-1112,2025-06-04,19,1,0
R05,SKU-1112,2025-06-05,32,0,0
R05,SKU-1112,2025-06-06,17,2,0
R05,SKU-1112,07-Jun-25,30,0,0
R05,SKU-1112,2025-06-08,30,1,0
R05,SKU-1112,2025-06-09,22,0,0
R05,SKU-1112,10-Jun-25,21,1,0
R05,SKU-1112,2025-06-11,18,0,0
R05,SKU-1112,2025-06-12,29,0,1
R05,SKU-1112,2025-06-13,20,0,0
R05,SKU-1112,14-Jun-25,23,1,0
R05,SKU-1112,06/15/2025,19,1,1
R05,SKU-1112,2025-06-16,21,1,0
R05,SKU-1112,2025-06-17,20,3,0
R05,SKU-1112,06/18/2025,24,1,0
R05,SKU-1112,19-Jun-25,18,0,0
R05,SKU-1112,06/20/2025,23,0,0
R05,SKU-1112,21-Jun-25,19,0,0
R05,SKU-1112,2025-06-22,23,0,0
R05,SKU-1112,2025-06-23,20,0,1
R05,SKU-1112,2025-06-24,28,0,0
R05,SKU-1112,2025-06-25,21,0,0
R05,SKU-1112,2025-06-26,28,0,0
R05,SKU-1112,2025-06-27,31,0,0
R05,SKU-1112,28-Jun-25,18,1,0
R05,SKU-1112,06/29/2025,22,2,0
R05,SKU-1112,30-Jun-25,20,0,1
R05,SKU-1133,2025-06-01,21,0,0
R05,SKU-1133,2025-06-02,22,1,0
R05,SKU-1133,2025-06-03,21,0,1
R05,SKU-1133,2025-06-04,28,0,0
R05,SKU-1133,2025-06-05,21,0,0
R05,SKU-1133,2025-06-06,23,1,0
R05,SKU-1133,07-Jun-25,27,0,0
R05,SKU-1133,08-Jun-25,28,0,0
R05,SKU-1133,2025-06-09,25,0,0
R05,SKU-1133,06/10/2025,23,1,0
R05,SKU-1133,11-Jun-25,23,0,0
R05,SKU-1133,2025-06-12,24,1,0
R05,SKU-1133,2025-06-13,19,0,1
R05,SKU-1133,06/14/2025,30,1,0
R05,SKU-1133,15-Jun-25,23,1,1
R05,SKU-1133,2025-06-16,24,0,0
R05,SKU-1133,2025-06-17,27,0,0
R05,SKU-1133,2025-06-18,31,0,0
R05,SKU-1133,2025-06-19,24,1,0
R05,SKU-1133,06/20/2025,18,0,0
R05,SKU-1133,06/21/2025,33,0,0
R05,SKU-1133,2025-06-22,25,1,1
R05,SKU-1133,2025-06-23,25,0,0
R05,SKU-1133,2025-06-24,25,1,0
R05,SKU-1133,2025-06-25,27,0,0
R05,SKU-1133,2025-06-26,23,0,0
R05,SKU-1133,2025-06-27,23,2,0
R05,SKU-1133,2025-06-28,38,0,0
R05,SKU-1133,2025-06-29,24,0,0
R05,SKU-1133,06/30/2025,22,1,0
R05,SKU-1028,2025-06-01,2,1,0
R05,SKU-1028,2025-06-02,10,0,0
R05,SKU-1028,06/03/2025,8,0,0
R05,SKU-1028,2025-06-04,2,1,0
R05,SKU-1028,05-Jun-25,4,0,1
R05,SKU-1028,2025-06-06,3,0,0
R05,SKU-1028,2025-06-07,4,1,0
R05,SKU-1028,06/08/2025,2,0,0
R05,SKU-1028,06/09/2025,5,0,0
R05,SKU-1028,2025-06-10,6,0,0
R05,SKU-1028,2025-06-11,3,1,0
R05,SKU-1028,2025-06-12,5,1,0
R05,SKU-1028,2025-06-13,7,0,0
R05,SKU-1028,06/14/2025,7,1,0
R05,SKU-1028,2025-06-15,1,0,0
R05,SKU-1028,06/16/2025,3,0,0
R05,SKU-1028,2025-06-17,6,0,0
R05,SKU-1028,2025-06-18,5,0,0
R05,SKU-1028,06/19/2025,4,1,0
R05,SKU-1028,20-Jun-25,5,2,0
R05,SKU-1028,06/21/2025,3,1,0
R05,SKU-1028,2025-06-22,8,0,0
R05,SKU-1028,2025-06-23,14,1,1
R05,SKU-1028,2025-06-24,5,0,0
R05,SKU-1028,2025-06-25,7,0,0
R05,SKU-1028,2025-06-26,5,3,0
R05,SKU-1028,06/27/2025,8,0,0
R05,SKU-1028,28-Jun-25,6,0,0
R05,SKU-1028,06/29/2025,9,0,0
R05,SKU-1028,2025-06-30,6,0,0
R05,SKU-1126,2025-06-01,15,0,0
R05,SKU-1126,02-Jun-25,10,1,1
R05,SKU-1126,2025-06-03,24,2,0
R05,SKU-1126,2025-06-04,15,0,1
R05,SKU-1126,2025-06-05,20,0,0
R05,SKU-1126,06/06/2025,17,0,0
R05,SKU-1126,2025-06-07,25,0,0
R05,SKU-1126,08-Jun-25,16,0,0
R05,SKU-1126,09-Jun-25,13,1,0
R05,SKU-1126,06/10/2025,10,1,0
R05,SKU-1126,06/11/2025,9,2,0
R05,SKU-1126,2025-06-12,14,0,0
R05,SKU-1126,2025-06-13,16,0,0
R05,SKU-1126,14-Jun-25,17,0,0
R05,SKU-1126,2025-06-15,14,1,0
R05,SKU-1126,06/16/2025,21,0,0
R05,SKU-1126,17-Jun-25,14,0,0
R05,SKU-1126,06/18/2025,14,0,0
R05,SKU-1126,2025-06-19,13,0,0
R05,SKU-1126,2025-06-20,8,0,0
R05,SKU-1126,2025-06-21,17,0,0
R05,SKU-1126,2025-06-22,15,0,0
R05,SKU-1126,23-Jun-25,27,0,0
R05,SKU-1126,2025-06-24,17,0,1
R05,SKU-1126,2025-06-25,12,0,0
R05,SKU-1126,2025-06-26,19,0,0
R05,SKU-1126,2025-06-27,12,0,0
R05,SKU-1126,06/28/2025,14,0,1
R05,SKU-1126,2025-06-29,16,0,0
R05,SKU-1126,30-Jun-25,16,2,0
R05,SKU-1077,2025-06-01,23,1,0
R05,SKU-1077,2025-06-02,20,0,0
R05,SKU-1077,2025-06-03,22,1,0
R05,SKU-1077,06/04/2025,17,0,0
R05,SKU-1077,2025-06-05,18,1,1
R05,SKU-1077,06-Jun-25,24,0,0
R05,SKU-1077,2025-06-07,29,0,0
R05,SKU-1077,08-Jun-25,25,0,0
R05,SKU-1077,09-Jun-25,27,1,0
R05,SKU-1077,10-Jun-25,24,0,0
R05,SKU-1077,2025-06-11,23,0,0
R05,SKU-1077,2025-06-12,19,0,0
R05,SKU-1077,2025-06-13,27,0,0
R05,SKU-1077,06/14/2025,24,0,0
R05,SKU-1077,2025-06-15,24,0,0
R05,SKU-1077,06/16/2025,25,0,0
R05,SKU-1077,17-Jun-25,24,0,0
R05,SKU-1077,2025-06-18,24,1,1
R05,SKU-1077,19-Jun-25,30,0,0
R05,SKU-1077,06/20/2025,25,0,0
R05,SKU-1077,2025-06-21,25,0,1
R05,SKU-1077,2025-06-22,30,0,1
R05,SKU-1077,2025-06-23,21,3,0
R05,SKU-1077,24-Jun-25,22,0,0
R05,SKU-1077,25-Jun-25,21,0,0
R05,SKU-1077,26-Jun-25,23,1,0
R05,SKU-1077,2025-06-27,16,0,1
R05,SKU-1077,2025-06-28,17,0,0
R05,SKU-1077,06/29/2025,23,1,0
R05,SKU-1077,06/30/2025,16,1,1
R05,SKU-1196,2025-06-01,28,2,0
R05,SKU-1196,2025-06-02,31,0,1
R05,SKU-1196,06/03/2025,28,0,0
R05,SKU-1196,2025-06-04,31,0,1
R05,SKU-1196,06/05/2025,34,0,0
R05,SKU-1196,2025-06-06,33,1,1
R05,SKU-1196,2025-06-07,30,0,0
R05,SKU-1196,2025-06-08,25,0,0
R05,SKU-1196,2025-06-09,27,0,0
R05,SKU-1196,2025-06-10,26,0,0
R05,SKU-1196,2025-06-11,26,0,1
R05,SKU-1196,2025-06-12,36,0,0
R05,SKU-1196,2025-06-13,25,0,0
R05,SKU-1196,14-Jun-25,20,1,0
R05,SKU-1196,2025-06-15,23,0,0
R05,SKU-1196,06/16/2025,27,1,0
R05,SKU-1196,06/17/2025,31,0,0
R05,SKU-1196,2025-06-18,19,0,0
R05,SKU-1196,2025-06-19,32,0,1
R05,SKU-1196,06/20/2025,26,0,0
R05,SKU-1196,2025-06-21,34,0,0
R05,SKU-1196,2025-06-22,27,0,0
R05,SKU-1196,2025-06-23,35,0,0
R05,SKU-1196,2025-06-24,26,0,0
R05,SKU-1196,2025-06-25,34,0,0
R05,SKU-1196,2025-06-26,30,1,1
R05,SKU-1196,2025-06-27,30,0,0
R05,SKU-1196,2025-06-28,29,1,0
R05,SKU-1196,2025-06-29,28,1,0
R05,SKU-1196,2025-06-30,24,0,0
R05,SKU-1056,01-Jun-25,29,1,0
R05,SKU-1056,2025-06-02,24,1,0
R05,SKU-1056,03-Jun-25,26,0,0
R05,SKU-1056,06/04/2025,37,1,0
R05,SKU-1056,2025-06-05,31,0,0
R05,SKU-1056,06-Jun-25,34,0,0
R05,SKU-1056,06/07/2025,33,0,0
R05,SKU-1056,06/08/2025,29,1,0
R05,SKU-1056,2025-06-09,30,0,0
R05,SKU-1056,06/10/2025,39,0,0
R05,SKU-1056,06/11/2025,28,0,0
R05,SKU-1056,2025-06-12,26,1,0
R05,SKU-1056,2025-06-13,28,1,0
R05,SKU-1056,14-Jun-25,20,0,0
R05,SKU-1056,06/15/2025,36,0,0
R05,SKU-1056,2025-06-16,25,0,0
R05,SKU-1056,2025-06-17,29,0,0
R05,SKU-1056,18-Jun-25,27,1,0
R05,SKU-1056,19-Jun-25,35,1,0
R05,SKU-1056,2025-06-20,25,0,0
R05,SKU-1056,2025-06-21,33,1,0
R05,SKU-1056,06/22/2025,26,1,0
R05,SKU-1056,2025-06-23,33,1,0
R05,SKU-1056,24-Jun-25,22,1,0
R05,SKU-1056,2025-06-25,26,0,1
R05,SKU-1056,2025-06-26,26,0,0
R05,SKU-1056,2025-06-27,34,0,0
R05,SKU-1056,2025-06-28,31,0,0
R05,SKU-1056,06/29/2025,39,0,1
R05,SKU-1056,2025-06-30,22,0,0
R05,SKU-1280,2025-06-01,14,2,0
R05,SKU-1280,2025-06-02,13,0,0
R05,SKU-1280,2025-06-03,14,1,0
R05,SKU-1280,06/04/2025,11,0,0
R05,SKU-1280,2025-06-05,19,0,0
R05,SKU-1280,2025-06-06,14,0,1
R05,SKU-1280,2025-06-07,20,0,1
R05,SKU-1280,08-Jun-25,9,1,0
R05,SKU-1280,2025-06-09,17,1,0
R05,SKU-1280,2025-06-10,14,0,0
R05,SKU-1280,2025-06-11,12,1,0
R05,SKU-1280,2025-06-12,15,0,0
R05,SKU-1280,2025-06-13,6,0,1
R05,SKU-1280,2025-06-14,15,2,0
R05,SKU-1280,15-Jun-25,10,0,0
R05,SKU-1280,2025-06-16,11,0,0
R05,SKU-1280,2025-06-17,12,0,0
R05,SKU-1280,18-Jun-25,18,0,0
R05,SKU-1280,06/19/2025,12,0,0
R05,SKU-1280,2025-06-20,13,0,0
R05,SKU-1280,2025-06-21,14,1,0
R05,SKU-1280,2025-06-22,9,0,0
R05,SKU-1280,2025-06-23,14,0,0
R05,SKU-1280,2025-06-24,9,1,0
R05,SKU-1280,06/25/2025,13,1,0
R05,SKU-1280,26-Jun-25,12,1,0
R05,SKU-1280,06/27/2025,14,0,0
R05,SKU-1280,06/28/2025,10,0,0
R05,SKU-1280,06/29/2025,12,1,0
R05,SKU-1280,06/30/2025,18,0,0
R05,SKU-1147,2025-06-01,7,0,0
R05,SKU-1147,06/02/2025,6,0,0
R05,SKU-1147,2025-06-03,4,1,0
R05,SKU-1147,06/04/2025,5,0,0
R05,SKU-1147,05-Jun-25,1,0,0
R05,SKU-1147,2025-06-06,3,1,0
R05,SKU-1147,07-Jun-25,9,2,0
R05,SKU-1147,06/08/2025,5,1,1
R05,SKU-1147,2025-06-09,7,0,0
R05,SKU-1147,06/10/2025,10,0,0
R05,SKU-1147,11-Jun-25,9,0,0
R05,SKU-1147,2025-06-12,6,0,0
R05,SKU-1147,2025-06-13,13,2,0
R05,SKU-1147,2025-06-14,9,0,0
R05,SKU-1147,15-Jun-25,7,0,0
R05,SKU-1147,2025-06-16,6,0,0
R05,SKU-1147,06/17/2025,5,0,0
R05,SKU-1147,2025-06-18,6,0,0
R05,SKU-1147,06/19/2025,5,0,1
R05,SKU-1147,06/20/2025,9,0,0
R05,SKU-1147,06/21/2025,5,2,0
R05,SKU-1147,06/22/2025,6,0,0
R05,SKU-1147,23-Jun-25,6,0,0
R05,SKU-1147,2025-06-24,7,1,0
R05,SKU-1147,2025-06-25,5,0,0
R05,SKU-1147,26-Jun-25,12,0,0
R05,SKU-1147,2025-06-27,7,1,1
R05,SKU-1147,06/28/2025,2,1,0
R05,SKU-1147,2025-06-29,7,1,1
R05,SKU-1147,2025-06-30,13,1,0
R05,SKU-1273,06/01/2025,25,2,0
R05,SKU-1273,06/02/2025,31,1,1
R05,SKU-1273,06/03/2025,13,1,0
R05,SKU-1273,06/04/2025,18,0,0
R05,SKU-1273,2025-06-05,27,0,0
R05,SKU-1273,2025-06-06,23,0,0
R05,SKU-1273,07-Jun-25,22,0,0
R05,SKU-1273,2025-06-08,21,0,0
R05,SKU-1273,2025-06-09,21,1,0
R05,SKU-1273,2025-06-10,24,0,0
R05,SKU-1273,2025-06-11,14,0,0
R05,SKU-1273,12-Jun-25,20,0,0
R05,SKU-1273,06/13/2025,19,0,0
R05,SKU-1273,14-Jun-25,21,0,0
R05,SKU-1273,2025-06-15,33,1,0
R05,SKU-1273,2025-06-16,22,0,0
R05,SKU-1273,06/17/2025,16,0,0
R05,SKU-1273,2025-06-18,31,1,0
R05,SKU-1273,19-Jun-25,21,0,0
R05,SKU-1273,2025-06-20,23,0,0
R05,SKU-1273,2025-06-21,22,1,0
R05,SKU-1273,06/22/2025,20,0,0
R05,SKU-1273,2025-06-23,21,1,0
R05,SKU-1273,06/24/2025,23,1,0
R05,SKU-1273,2025-06-25,22,1,0
R05,SKU-1273,2025-06-26,24,1,0
R05,SKU-1273,06/27/2025,23,1,0
R05,SKU-1273,2025-06-28,24,0,0
R05,SKU-1273,29-Jun-25,23,1,0
R05,SKU-1273,2025-06-30,25,0,0
R05,SKU-1105,06/01/2025,15,0,0
R05,SKU-1105,02-Jun-25,13,0,0
R05,SKU-1105,2025-06-03,10,1,0
R05,SKU-1105,2025-06-04,11,0,0
R05,SKU-1105,2025-06-05,12,0,0
R05,SKU-1105,2025-06-06,19,0,0
R05,SKU-1105,06/07/2025,15,0,0
R05,SKU-1105,08-Jun-25,18,0,0
R05,SKU-1105,09-Jun-25,10,0,0
R05,SKU-1105,06/10/2025,18,0,1
R05,SKU-1105,2025-06-11,7,0,0
R05,SKU-1105,2025-06-12,12,0,1
R05,SKU-1105,06/13/2025,16,1,0
R05,SKU-1105,14-Jun-25,16,0,0
R05,SKU-1105,2025-06-15,22,0,0
R05,SKU-1105,2025-06-16,18,0,0
R05,SKU-1105,2025-06-17,12,0,0
R05,SKU-1105,2025-06-18,11,2,0
R05,SKU-1105,2025-06-19,19,0,0
R05,SKU-1105,20-Jun-25,9,0,0
R05,SKU-1105,2025-06-21,16,1,0
R05,SKU-1105,06/22/2025,15,0,0
R05,SKU-1105,06/23/2025,11,0,1
R05,SKU-1105,2025-06-24,14,1,0
R05,SKU-1105,2025-06-25,17,1,1
R05,SKU-1105,2025-06-26,15,1,0
R05,SKU-1105,06/27/2025,19,0,0
R05,SKU-1105,06/28/2025,13,0,0
R05,SKU-1105,2025-06-29,14,0,0
R05,SKU-1105,2025-06-30,19,0,0
R05,SKU-1007,2025-06-01,20,0,0
R05,SKU-1007,06/02/2025,22,0,1
R05,SKU-1007,06/03/2025,25,0,1
R05,SKU-1007,06/04/2025,18,3,0
R05,SKU-1007,2025-06-05,22,0,0
R05,SKU-1007,2025-06-06,17,0,0
R05,SKU-1007,2025-06-07,23,2,0
R05,SKU-1007,2025-06-08,26,0,0
R05,SKU-1007,2025-06-09,23,0,0
R05,SKU-1007,2025-06-10,31,0,0
R05,SKU-1007,2025-06-11,24,1,0
R05,SKU-1007,2025-06-12,24,0,0
R05,SKU-1007,06/13/2025,26,1,0
R05,SKU-1007,2025-06-14,33,2,0
R05,SKU-1007,06/15/2025,21,1,0
R05,SKU-1007,16-Jun-25,30,1,0
R05,SKU-1007,06/17/2025,21,0,0
R05,SKU-1007,18-Jun-25,28,1,0
R05,SKU-1007,06/19/2025,20,0,0
R05,SKU-1007,2025-06-20,21,0,0
R05,SKU-1007,2025-06-21,31,0,0
R05,SKU-1007,2025-06-22,26,0,0
R05,SKU-1007,2025-06-23,21,0,0
R05,SKU-1007,06/24/2025,18,1,0
R05,SKU-1007,25-Jun-25,22,0,0
R05,SKU-1007,2025-06-26,14,1,0
R05,SKU-1007,06/27/2025,30,0,0
R05,SKU-1007,06/28/2025,21,1,0
R05,SKU-1007,06/29/2025,22,0,0
R05,SKU-1007,2025-06-30,23,0,0
R05,SKU-1098,01-Jun-25,31,0,0
R05,SKU-1098,2025-06-02,25,0,0
R05,SKU-1098,2025-06-03,25,0,0
R05,SKU-1098,04-Jun-25,29,0,0
R05,SKU-1098,2025-06-05,35,2,0
R05,SKU-1098,06-Jun-25,27,0,1
R05,SKU-1098,06/07/2025,31,1,1
R05,SKU-1098,06/08/2025,37,0,1
R05,SKU-1098,2025-06-09,31,0,0
R05,SKU-1098,2025-06-10,23,0,0
R05,SKU-1098,2025-06-11,20,0,0
R05,SKU-1098,2025-06-12,31,0,1
R05,SKU-1098,2025-06-13,32,2,0
R05,SKU-1098,2025-06-14,32,0,0
R05,SKU-1098,06/15/2025,30,0,0
R05,SKU-1098,2025-06-16,33,0,0
R05,SKU-1098,2025-06-17,22,1,0
R05,SKU-1098,2025-06-18,26,0,0
R05,SKU-1098,2025-06-19,29,0,0
R05,SKU-1098,2025-06-20,26,1,0
R05,SKU-1098,06/21/2025,32,1,0
R05,SKU-1098,2025-06-22,25,0,0
R05,SKU-1098,2025-06-23,32,0,0
R05,SKU-1098,06/24/2025,32,0,1
R05,SKU-1098,2025-06-25,31,0,0
R05,SKU-1098,26-Jun-25,34,1,0
R05,SKU-1098,2025-06-27,33,1,0
R05,SKU-1098,2025-06-28,35,1,0
R05,SKU-1098,2025-06-29,32,2,0
R05,SKU-1098,06/30/2025,32,0,1
R05,SKU-1035,2025-06-01,5,0,0
R05,SKU-1035,2025-06-02,7,1,0
R05,SKU-1035,2025-06-03,7,0,0
R05,SKU-1035,2025-06-04,7,0,1
R05,SKU-1035,2025-06-05,7,0,0
R05,SKU-1035,2025-06-06,5,0,1
R05,SKU-1035,06/07/2025,5,1,1
R05,SKU-1035,2025-06-08,11,1,0
R05,SKU-1035,2025-06-09,6,0,0
R05,SKU-1035,2025-06-10,15,0,0
R05,SKU-1035,2025-06-11,6,1,0
R05,SKU-1035,2025-06-12,10,1,0
R05,SKU-1035,06/13/2025,4,1,0
R05,SKU-1035,2025-06-14,7,0,0
R05,SKU-1035,2025-06-15,9,1,0
R05,SKU-1035,2025-06-16,7,0,0
R05,SKU-1035,2025-06-17,7,0,0
R05,SKU-1035,18-Jun-25,9,1,0
R05,SKU-1035,2025-06-19,7,0,0
R05,SKU-1035,2025-06-20,8,1,0
R05,SKU-1035,2025-06-21,6,0,0
R05,SKU-1035,2025-06-22,4,0,0
R05,SKU-1035,2025-06-23,2,0,0
R05,SKU-1035,2025-06-24,12,1,0
R05,SKU-1035,25-Jun-25,6,0,1
R05,SKU-1035,2025-06-26,2,1,0
R05,SKU-1035,06/27/2025,5,0,0
R05,SKU-1035,06/28/2025,9,0,0
R05,SKU-1035,2025-06-29,8,0,0
R05,SKU-1035,06/30/2025,9,0,0
R05,SKU-1014,06/01/2025,11,0,0
R05,SKU-1014,2025-06-02,14,2,0
R05,SKU-1014,2025-06-03,20,1,0
R05,SKU-1014,06/04/2025,19,0,0
R05,SKU-1014,06/05/2025,13,1,0
R05,SKU-1014,2025-06-06,18,2,1
R05,SKU-1014,2025-06-07,14,1,0
R05,SKU-1014,2025-06-08,12,0,0
R05,SKU-1014,2025-06-09,21,0,0
R05,SKU-1014,2025-06-10,11,0,0
R05,SKU-1014,06/11/2025,12,0,0
R05,SKU-1014,2025-06-12,12,0,0
R05,SKU-1014,2025-06-13,12,1,0
R05,SKU-1014,2025-06-14,12,0,0
R05,SKU-1014,2025-06-15,13,1,0
R05,SKU-1014,06/16/2025,17,1,0
R05,SKU-1014,2025-06-17,9,0,0
R05,SKU-1014,2025-06-18,9,0,1
R05,SKU-1014,06/19/2025,12,0,1
R05,SKU-1014,06/20/2025,17,0,0
R05,SKU-1014,06/21/2025,7,0,0
R05,SKU-1014,2025-06-22,15,0,0
R05,SKU-1014,2025-06-23,14,1,1
R05,SKU-1014,06/24/2025,7,1,0
R05,SKU-1014,2025-06-25,17,1,0
R05,SKU-1014,2025-06-26,15,0,0
R05,SKU-1014,27-Jun-25,17,1,0
R05,SKU-1014,2025-06-28,11,0,0
R05,SKU-1014,2025-06-29,5,0,0
R05,SKU-1014,2025-06-30,14,1,0
R05,SKU-1091,01-Jun-25,7,0,0
R05,SKU-1091,2025-06-02,6,0,0
R05,SKU-1091,2025-06-03,6,0,0
R05,SKU-1091,2025-06-04,8,0,0
R05,SKU-1091,2025-06-05,7,1,0
R05,SKU-1091,06-Jun-25,8,0,0
R05,SKU-1091,06/07/2025,9,0,0
R05,SKU-1091,06/08/2025,12,0,0
R05,SKU-1091,06/09/2025,7,1,0
R05,SKU-1091,10-Jun-25,13,1,0
R05,SKU-1091,11-Jun-25,12,0,0
R05,SKU-1091,2025-06-12,5,0,0
R05,SKU-1091,2025-06-13,8,0,0
R05,SKU-1091,2025-06-14,10,0,0
R05,SKU-1091,2025-06-15,7,0,0
R05,SKU-1091,2025-06-16,8,1,0
R05,SKU-1091,17-Jun-25,3,2,0
R05,SKU-1091,2025-06-18,8,1,0
R05,SKU-1091,06/19/2025,7,0,0
R05,SKU-1091,2025-06-20,4,0,0
R05,SKU-1091,06/21/2025,10,0,0
R05,SKU-1091,22-Jun-25,10,1,0
R05,SKU-1091,06/23/2025,9,0,1
R05,SKU-1091,06/24/2025,9,1,1
R05,SKU-1091,2025-06-25,7,0,1
R05,SKU-1091,2025-06-26,6,1,0
R05,SKU-1091,2025-06-27,3,0,0
R05,SKU-1091,2025-06-28,11,0,0
R05,SKU-1091,06/29/2025,6,0,0
R05,SKU-1091,06/30/2025,4,2,0
R05,SKU-1182,2025-06-01,12,0,0
R05,SKU-1182,2025-06-02,17,1,0
R05,SKU-1182,06/03/2025,20,1,0
R05,SKU-1182,2025-06-04,15,0,0
R05,SKU-1182,2025-06-05,16,1,0
R05,SKU-1182,06/06/2025,18,1,0
R05,SKU-1182,2025-06-07,13,0,0
R05,SKU-1182,2025-06-08,19,0,0
R05,SKU-1182,2025-06-09,16,0,0
R05,SKU-1182,2025-06-10,12,0,0
R05,SKU-1182,06/11/2025,31,0,0
R05,SKU-1182,12-Jun-25,17,0,0
R05,SKU-1182,2025-06-13,12,1,0
R05,SKU-1182,2025-06-14,9,1,0
R05,SKU-1182,2025-06-15,10,0,0
R05,SKU-1182,2025-06-16,16,1,0
R05,SKU-1182,17-Jun-25,9,0,0
R05,SKU-1182,2025-06-18,15,0,0
R05,SKU-1182,06/19/2025,19,0,0
R05,SKU-1182,2025-06-20,13,0,0
R05,SKU-1182,06/21/2025,17,1,0
R05,SKU-1182,2025-06-22,12,1,0
R05,SKU-1182,2025-06-23,16,0,1
R05,SKU-1182,2025-06-24,13,0,1
R05,SKU-1182,2025-06-25,19,0,0
R05,SKU-1182,26-Jun-25,16,1,0
R05,SKU-1182,06/27/2025,14,0,0
R05,SKU-1182,28-Jun-25,16,0,0
R05,SKU-1182,29-Jun-25,15,0,0
R05,SKU-1182,2025-06-30,23,0,0
R05,SKU-1042,06/01/2025,17,0,0
R05,SKU-1042,2025-06-02,19,0,0
R05,SKU-1042,2025-06-03,16,2,0
R05,SKU-1042,2025-06-04,21,2,0
R05,SKU-1042,2025-06-05,21,1,0
R05,SKU-1042,2025-06-06,17,0,0
R05,SKU-1042,2025-06-07,21,0,0
R05,SKU-1042,08-Jun-25,21,0,0
R05,SKU-1042,06/09/2025,24,0,0
R05,SKU-1042,2025-06-10,29,0,1
R05,SKU-1042,2025-06-11,20,0,0
R05,SKU-1042,2025-06-12,27,0,1
R05,SKU-1042,13-Jun-25,18,2,1
R05,SKU-1042,2025-06-14,26,0,1
R05,SKU-1042,2025-06-15,13,0,0
R05,SKU-1042,06/16/2025,23,1,0
R05,SKU-1042,2025-06-17,18,3,0
R05,SKU-1042,06/18/2025,24,0,0
R05,SKU-1042,2025-06-19,13,0,0
R05,SKU-1042,2025-06-20,22,0,0
R05,SKU-1042,06/21/2025,21,0,0
R05,SKU-1042,06/22/2025,25,0,1
R05,SKU-1042,23-Jun-25,12,0,0
R05,SKU-1042,06/24/2025,23,0,0
R05,SKU-1042,25-Jun-25,16,0,0
R05,SKU-1042,2025-06-26,13,1,1
R05,SKU-1042,06/27/2025,16,0,0
R05,SKU-1042,2025-06-28,19,0,0
R05,SKU-1042,2025-06-29,20,0,0
R05,SKU-1042,06/30/2025,19,0,0
R05,SKU-1140,2025-06-01,11,0,0
R05,SKU-1140,2025-06-02,13,0,0
R05,SKU-1140,2025-06-03,17,0,0
R05,SKU-1140,2025-06-04,10,0,0
R05,SKU-1140,06/05/2025,20,0,0
R05,SKU-1140,2025-06-06,15,0,0
R05,SKU-1140,2025-06-07,16,0,0
R05,SKU-1140,06/08/2025,8,2,0
R05,SKU-1140,2025-06-09,15,0,0
R05,SKU-1140,2025-06-10,13,1,0
R05,SKU-1140,06/11/2025,10,0,0
R05,SKU-1140,12-Jun-25,18,0,0
R05,SKU-1140,2025-06-13,10,0,0
R05,SKU-1140,2025-06-14,24,1,0
R05,SKU-1140,2025-06-15,15,0,0
R05,SKU-1140,16-Jun-25,14,0,0
R05,SKU-1140,2025-06-17,14,2,0
R05,SKU-1140,18-Jun-25,19,0,1
R05,SKU-1140,2025-06-19,10,2,0
R05,SKU-1140,2025-06-20,14,0,0
R05,SKU-1140,2025-06-21,15,0,0
R05,SKU-1140,2025-06-22,16,0,0
R05,SKU-1140,23-Jun-25,16,0,0
R05,SKU-1140,24-Jun-25,15,0,0
R05,SKU-1140,2025-06-25,10,1,1
R05,SKU-1140,2025-06-26,15,0,0
R05,SKU-1140,27-Jun-25,14,0,0
R05,SKU-1140,28-Jun-25,14,0,1
R05,SKU-1140,29-Jun-25,16,0,0
R05,SKU-1140,2025-06-30,19,0,0
R05,SKU-1189,06/01/2025,22,2,0
R05,SKU-1189,2025-06-02,17,0,0
R05,SKU-1189,2025-06-03,13,1,0
R05,SKU-1189,2025-06-04,20,1,0
R05,SKU-1189,2025-06-05,20,0,0
R05,SKU-1189,06/06/2025,20,0,0
R05,SKU-1189,2025-06-07,14,0,0
R05,SKU-1189,06/08/2025,12,0,1
R05,SKU-1189,09-Jun-25,16,0,0
R05,SKU-1189,10-Jun-25,15,1,1
R05,SKU-1189,2025-06-11,14,0,0
R05,SKU-1189,2025-06-12,16,2,0
R05,SKU-1189,2025-06-13,13,1,0
R05,SKU-1189,2025-06-14,11,1,0
R05,SKU-1189,15-Jun-25,16,0,0
R05,SKU-1189,06/16/2025,14,0,0
R05,SKU-1189,06/17/2025,23,0,0
R05,SKU-1189,2025-06-18,9,0,0
R05,SKU-1189,2025-06-19,22,0,0
R05,SKU-1189,20-Jun-25,20,0,0
R05,SKU-1189,2025-06-21,15,0,0
R05,SKU-1189,2025-06-22,11,0,0
R05,SKU-1189,2025-06-23,13,0,0
R05,SKU-1189,06/24/2025,19,2,0
R05,SKU-1189,25-Jun-25,13,1,0
R05,SKU-1189,2025-06-26,13,1,0
R05,SKU-1189,2025-06-27,13,3,0
R05,SKU-1189,2025-06-28,11,0,0
R05,SKU-1189,2025-06-29,22,1,0
R05,SKU-1189,2025-06-30,12,0,0
R05,SKU-1084,06/01/2025,9,0,1
R05,SKU-1084,06/02/2025,15,2,0
R05,SKU-1084,06/03/2025,17,0,1
R05,SKU-1084,2025-06-04,20,2,0
R05,SKU-1084,05-Jun-25,15,0,0
R05,SKU-1084,2025-06-06,12,1,0
R05,SKU-1084,2025-06-07,13,1,0
R05,SKU-1084,06/08/2025,12,1,0
R05,SKU-1084,2025-06-09,8,1,0
R05,SKU-1084,2025-06-10,11,1,0
R05,SKU-1084,06/11/2025,13,0,0
R05,SKU-1084,2025-06-12,11,0,0
R05,SKU-1084,2025-06-13,15,0,1
R05,SKU-1084,2025-06-14,9,0,0
R05,SKU-1084,15-Jun-25,11,0,0
R05,SKU-1084,2025-06-16,11,0,0
R05,SKU-1084,2025-06-17,8,0,0
R05,SKU-1084,2025-06-18,14,1,0
R05,SKU-1084,19-Jun-25,10,0,0
R05,SKU-1084,20-Jun-25,13,0,0
R05,SKU-1084,21-Jun-25,12,1,0
R05,SKU-1084,2025-06-22,18,0,0
R05,SKU-1084,2025-06-23,17,0,0
R05,SKU-1084,2025-06-24,16,0,1
R05,SKU-1084,2025-06-25,15,2,0
R05,SKU-1084,2025-06-26,12,0,0
R05,SKU-1084,2025-06-27,11,0,0
R05,SKU-1084,2025-06-28,14,1,0
R05,SKU-1084,06/29/2025,16,0,0
R05,SKU-1084,2025-06-30,10,0,0
R05,SKU-1168,2025-06-01,27,3,0
R05,SKU-1168,06/02/2025,37,0,1
R05,SKU-1168,2025-06-03,26,0,0
R05,SKU-1168,06/04/2025,32,0,0
R05,SKU-1168,2025-06-05,32,1,1
R05,SKU-1168,2025-06-06,32,0,0
R05,SKU-1168,06/07/2025,39,0,0
R05,SKU-1168,2025-06-08,32,0,1
R05,SKU-1168,09-Jun-25,31,0,1
R05,SKU-1168,2025-06-10,23,1,0
R05,SKU-1168,06/11/2025,36,0,0
R05,SKU-1168,2025-06-12,34,0,0
R05,SKU-1168,13-Jun-25,36,0,0
R05,SKU-1168,2025-06-14,31,1,0
R05,SKU-1168,2025-06-15,25,0,0
R05,SKU-1168,06/16/2025,33,0,0
R05,SKU-1168,17-Jun-25,28,2,0
R05,SKU-1168,2025-06-18,33,1,0
R05,SKU-1168,06/19/2025,38,1,0
R05,SKU-1168,06/20/2025,38,1,0
R05,SKU-1168,2025-06-21,28,1,0
R05,SKU-1168,06/22/2025,38,1,0
R05,SKU-1168,06/23/2025,24,4,0
R05,SKU-1168,06/24/2025,36,0,0
R05,SKU-1168,2025-06-25,27,0,0
R05,SKU-1168,2025-06-26,36,0,0
R05,SKU-1168,2025-06-27,32,0,0
R05,SKU-1168,2025-06-28,46,0,0
R05,SKU-1168,2025-06-29,34,0,0
R05,SKU-1168,06/30/2025,34,0,0
R05,SKU-1175,06/01/2025,31,0,0
R05,SKU-1175,02-Jun-25,27,1,1
R05,SKU-1175,06/03/2025,22,0,0
R05,SKU-1175,04-Jun-25,31,1,1
R05,SKU-1175,06/05/2025,36,0,0
R05,SKU-1175,2025-06-06,24,0,0
R05,SKU-1175,06/07/2025,26,0,0
R05,SKU-1175,06/08/2025,31,0,0
R05,SKU-1175,06/09/2025,39,0,0
R05,SKU-1175,2025-06-10,21,0,0
R05,SKU-1175,06/11/2025,33,0,0
R05,SKU-1175,2025-06-12,44,0,0
R05,SKU-1175,2025-06-13,38,2,0
R05,SKU-1175,06/14/2025,24,0,0
R05,SKU-1175,2025-06-15,32,0,0
R05,SKU-1175,06/16/2025,29,1,0
R05,SKU-1175,2025-06-17,35,0,0
R05,SKU-1175,06/18/2025,30,1,0
R05,SKU-1175,06/19/2025,28,1,0
R05,SKU-1175,06/20/2025,30,0,0
R05,SKU-1175,21-Jun-25,35,1,0
R05,SKU-1175,2025-06-22,32,1,0
R05,SKU-1175,2025-06-23,33,1,0
R05,SKU-1175,2025-06-24,33,1,0
R05,SKU-1175,06/25/2025,22,0,0
R05,SKU-1175,26-Jun-25,31,0,0
R05,SKU-1175,27-Jun-25,31,0,0
R05,SKU-1175,28-Jun-25,40,0,0
R05,SKU-1175,29-Jun-25,34,0,0
R05,SKU-1175,06/30/2025,35,0,0
R05,SKU-1070,2025-06-01,46,0,0
R05,SKU-1070,2025-06-02,38,1,0
R05,SKU-1070,06/03/2025,42,0,0
R05,SKU-1070,06/04/2025,27,0,0
R05,SKU-1070,2025-06-05,27,0,0
R05,SKU-1070,06/06/2025,22,0,0
R05,SKU-1070,07-Jun-25,26,1,0
R05,SKU-1070,2025-06-08,40,0,0
R05,SKU-1070,2025-06-09,33,0,1
R05,SKU-1070,2025-06-10,25,0,1
R05,SKU-1070,11-Jun-25,23,0,0
R05,SKU-1070,2025-06-12,28,0,0
R05,SKU-1070,2025-06-13,27,0,0
R05,SKU-1070,14-Jun-25,20,0,0
R05,SKU-1070,2025-06-15,28,2,0
R05,SKU-1070,2025-06-16,27,0,0
R05,SKU-1070,2025-06-17,34,0,0
R05,SKU-1070,2025-06-18,39,0,0
R05,SKU-1070,06/19/2025,37,0,0
R05,SKU-1070,2025-06-20,39,1,1
R05,SKU-1070,2025-06-21,33,0,0
R05,SKU-1070,06/22/2025,27,0,0
R05,SKU-1070,2025-06-23,30,0,0
R05,SKU-1070,06/24/2025,35,0,0
R05,SKU-1070,25-Jun-25,32,1,0
R05,SKU-1070,2025-06-26,30,0,0
R05,SKU-1070,2025-06-27,32,0,1
R05,SKU-1070,2025-06-28,39,0,0
R05,SKU-1070,2025-06-29,30,0,0
R05,SKU-1070,30-Jun-25,23,0,0
