retailer_id,product_id,sale_date,sold_qty,returns_qty,promo_flag
R01,SKU-1014,2026-01-01,3,0,0
R01,SKU-1014,01/02/2026,8,1,0
R01,SKU-1014,2026-01-03,10,1,0
R01,SKU-1014,2026-01-04,3,0,0
R01,SKU-1014,2026-01-05,7,0,0
R01,SKU-1014,01/06/2026,10,0,0
R01,SKU-1014,2026-01-07,8,0,0
R01,SKU-1014,2026-01-08,3,1,0
R01,SKU-1014,2026-01-09,4,0,0
R01,SKU-1014,2026-01-10,7,0,0
R01,SKU-1014,2026-01-11,6,0,0
R01,SKU-1014,2026-01-12,6,0,0
R01,SKU-1014,2026-01-13,8,0,0
R01,SKU-1014,01/14/2026,6,1,0
R01,SKU-1014,01/15/2026,5,0,0
R01,SKU-1014,2026-01-16,3,1,0
R01,SKU-1014,17-Jan-26,3,0,0
R01,SKU-1014,01/18/2026,9,0,0
R01,SKU-1014,19-Jan-26,12,0,0
R01,SKU-1014,01/20/2026,4,0,1
R01,SKU-1014,2026-01-21,10,0,0
R01,SKU-1014,2026-01-22,9,1,0
R01,SKU-1014,23-Jan-26,7,1,0
R01,SKU-1014,01/24/2026,6,0,0
R01,SKU-1014,2026-01-25,4,0,0
R01,SKU-1014,01/26/2026,8,0,1
R01,SKU-1014,2026-01-27,6,1,0
R01,SKU-1014,01/28/2026,5,0,0
R01,SKU-1014,2026-01-29,4,0,0
R01,SKU-1014,2026-01-30,4,0,0
R01,SKU-1014,01/31/2026,5,0,0
R01,SKU-1231,2026-01-01,11,0,1
R01,SKU-1231,01/02/2026,5,0,1
R01,SKU-1231,01/03/2026,8,0,0
R01,SKU-1231,2026-01-04,7,0,0
R01,SKU-1231,01/05/2026,17,0,0
R01,SKU-1231,01/06/2026,9,0,0
R01,SKU-1231,01/07/2026,10,0,0
R01,SKU-1231,08-Jan-26,5,0,0
R01,SKU-1231,2026-01-09,9,0,0
R01,SKU-1231,2026-01-10,4,0,0
R01,SKU-1231,11-Jan-26,14,0,0
R01,SKU-1231,2026-01-12,9,0,0
R01,SKU-1231,01/13/2026,11,0,0
R01,SKU-1231,2026-01-14,13,0,0
R01,SKU-1231,2026-01-15,11,0,0
R01,SKU-1231,2026-01-16,14,0,0
R01,SKU-1231,17-Jan-26,11,0,0
R01,SKU-1231,18-Jan-26,17,1,0
R01,SKU-1231,01/19/2026,16,0,0
R01,SKU-1231,01/20/2026,8,0,0
R01,SKU-1231,2026-01-21,14,0,0
R01,SKU-1231,01/22/2026,8,0,0
R01,SKU-1231,2026-01-23,14,1,0
R01,SKU-1231,2026-01-24,8,0,0
R01,SKU-1231,2026-01-25,13,0,0
R01,SKU-1231,2026-01-26,12,0,0
R01,SKU-1231,2026-01-27,6,0,0
R01,SKU-1231,01/28/2026,8,1,0
R01,SKU-1231,2026-01-29,11,0,0
R01,SKU-1231,01/30/2026,14,2,0
R01,SKU-1231,31-Jan-26,10,0,0
R01,SKU-1056,2026-01-01,13,0,0
R01,SKU-1056,2026-01-02,10,1,0
R01,SKU-1056,2026-01-03,10,0,0
R01,SKU-1056,01/04/2026,16,1,0
R01,SKU-1056,01/05/2026,10,2,0
R01,SKU-1056,2026-01-06,16,0,0
R01,SKU-1056,01/07/2026,16,0,1
R01,SKU-1056,2026-01-08,17,0,1
R01,SKU-1056,2026-01-09,10,1,0
R01,SKU-1056,2026-01-10,11,0,0
R01,SKU-1056,01/11/2026,12,0,1
R01,SKU-1056,2026-01-12,7,0,0
R01,SKU-1056,2026-01-13,13,0,0
R01,SKU-1056,01/14/2026,14,1,0
R01,SKU-1056,2026-01-15,19,0,0
R01,SKU-1056,2026-01-16,7,0,0
R01,SKU-1056,01/17/2026,11,1,0
R01,SKU-1056,18-Jan-26,14,1,0
R01,SKU-1056,19-Jan-26,17,0,0
R01,SKU-1056,2026-01-20,9,0,0
R01,SKU-1056,2026-01-21,13,2,0
R01,SKU-1056,22-Jan-26,17,0,0
R01,SKU-1056,01/23/2026,14,0,0
R01,SKU-1056,01/24/2026,10,1,1
R01,SKU-1056,2026-01-25,13,0,0
R01,SKU-1056,2026-01-26,6,0,0
R01,SKU-1056,2026-01-27,16,1,0
R01,SKU-1056,2026-01-28,6,0,0
R01,SKU-1056,29-Jan-26,9,0,0
R01,SKU-1056,2026-01-30,9,1,0
R01,SKU-1056,2026-01-31,12,0,0
R01,SKU-1140,2026-01-01,10,0,0
R01,SKU-1140,01/02/2026,7,1,0
R01,SKU-1140,2026-01-03,11,0,1
R01,SKU-1140,01/04/2026,13,0,0
R01,SKU-1140,2026-01-05,10,0,0
R01,SKU-1140,2026-01-06,14,3,0
R01,SKU-1140,2026-01-07,8,1,0
R01,SKU-1140,2026-01-08,9,1,0
R01,SKU-1140,2026-01-09,8,0,0
R01,SKU-1140,10-Jan-26,12,1,0
R01,SKU-1140,01/11/2026,5,0,0
R01,SKU-1140,2026-01-12,9,0,0
R01,SKU-1140,2026-01-13,10,0,0
R01,SKU-1140,2026-01-14,11,1,0
R01,SKU-1140,01/15/2026,11,0,0
R01,SKU-1140,2026-01-16,11,0,1
R01,SKU-1140,2026-01-17,15,0,0
R01,SKU-1140,2026-01-18,14,1,0
R01,SKU-1140,2026-01-19,8,0,0
R01,SKU-1140,2026-01-20,8,0,0
R01,SKU-1140,01/21/2026,12,0,0
R01,SKU-1140,2026-01-22,11,0,0
R01,SKU-1140,01/23/2026,10,0,0
R01,SKU-1140,2026-01-24,10,0,0
R01,SKU-1140,01/25/2026,13,1,0
R01,SKU-1140,01/26/2026,11,0,0
R01,SKU-1140,27-Jan-26,7,2,0
R01,SKU-1140,2026-01-28,15,4,0
R01,SKU-1140,2026-01-29,10,0,0
R01,SKU-1140,2026-01-30,10,1,0
R01,SKU-1140,31-Jan-26,11,0,0
R01,SKU-1189,2026-01-01,7,2,0
R01,SKU-1189,2026-01-02,13,0,0
R01,SKU-1189,03-Jan-26,10,0,0
R01,SKU-1189,2026-01-04,5,1,0
R01,SKU-1189,05-Jan-26,9,0,1
R01,SKU-1189,06-Jan-26,14,0,0
R01,SKU-1189,2026-01-07,7,0,0
R01,SKU-1189,2026-01-08,6,0,0
R01,SKU-1189,2026-01-09,6,0,0
R01,SKU-1189,2026-01-10,10,2,0
R01,SKU-1189,2026-01-11,7,0,0
R01,SKU-1189,2026-01-12,9,1,0
R01,SKU-1189,13-Jan-26,14,0,0
R01,SKU-1189,2026-01-14,12,0,0
R01,SKU-1189,2026-01-15,15,0,0
R01,SKU-1189,2026-01-16,7,1,0
R01,SKU-1189,2026-01-17,15,0,0
R01,SKU-1189,01/18/2026,12,0,0
R01,SKU-1189,2026-01-19,8,0,0
R01,SKU-1189,2026-01-20,9,1,0
R01,SKU-1189,2026-01-21,11,0,0
R01,SKU-1189,2026-01-22,16,1,0
R01,SKU-1189,2026-01-23,11,0,0
R01,SKU-1189,2026-01-24,5,1,1
R01,SKU-1189,2026-01-25,10,0,0
R01,SKU-1189,2026-01-26,3,0,0
R01,SKU-1189,2026-01-27,9,0,0
R01,SKU-1189,2026-01-28,4,0,0
R01,SKU-1189,2026-01-29,17,1,0
R01,SKU-1189,2026-01-30,9,0,0
R01,SKU-1189,01/31/2026,14,1,0
R01,SKU-1252,2026-01-01,26,1,0
R01,SKU-1252,01/02/2026,31,4,0
R01,SKU-1252,2026-01-03,27,2,0
R01,SKU-1252,2026-01-04,18,0,0
R01,SKU-1252,01/05/2026,32,0,0
R01,SKU-1252,01/06/2026,20,0,0
R01,SKU-1252,2026-01-07,19,0,0
R01,SKU-1252,08-Jan-26,22,0,1
R01,SKU-1252,2026-01-09,29,1,0
R01,SKU-1252,2026-01-10,20,0,1
R01,SKU-1252,01/11/2026,22,0,0
R01,SKU-1252,12-Jan-26,30,0,0
R01,SKU-1252,2026-01-13,27,0,0
R01,SKU-1252,2026-01-14,30,0,0
R01,SKU-1252,2026-01-15,18,0,0
R01,SKU-1252,2026-01-16,28,0,0
R01,SKU-1252,01/17/2026,30,1,1
R01,SKU-1252,18-Jan-26,24,0,0
R01,SKU-1252,2026-01-19,24,1,0
R01,SKU-1252,01/20/2026,31,0,0
R01,SKU-1252,01/21/2026,22,1,0
R01,SKU-1252,2026-01-22,18,0,0
R01,SKU-1252,2026-01-23,16,0,0
R01,SKU-1252,24-Jan-26,25,2,1
R01,SKU-1252,2026-01-25,20,0,1
R01,SKU-1252,2026-01-26,20,0,0
R01,SKU-1252,2026-01-27,24,1,0
R01,SKU-1252,2026-01-28,25,0,0
R01,SKU-1252,2026-01-29,23,0,0
R01,SKU-1252,2026-01-30,22,2,0
R01,SKU-1252,2026-01-31,25,0,0
R01,SKU-1259,2026-01-01,11,0,0
R01,SKU-1259,01/02/2026,11,0,0
R01,SKU-1259,2026-01-03,9,1,0
R01,SKU-1259,2026-01-04,10,0,0
R01,SKU-1259,2026-01-05,12,1,0
R01,SKU-1259,2026-01-06,13,1,0
R01,SKU-1259,2026-01-07,7,0,1
R01,SKU-1259,01/08/2026,18,0,0
R01,SKU-1259,2026-01-09,9,0,0
R01,SKU-1259,01/10/2026,9,0,0
R01,SKU-1259,2026-01-11,7,0,0
R01,SKU-1259,01/12/2026,11,0,0
R01,SKU-1259,2026-01-13,12,0,0
R01,SKU-1259,01/14/2026,14,0,0
R01,SKU-1259,2026-01-15,19,1,0
R01,SKU-1259,01/16/2026,7,1,0
R01,SKU-1259,17-Jan-26,11,4,0
R01,SKU-1259,2026-01-18,10,0,0
R01,SKU-1259,2026-01-19,7,1,0
R01,SKU-1259,2026-01-20,13,1,0
R01,SKU-1259,21-Jan-26,13,0,0
R01,SKU-1259,01/22/2026,6,1,0
R01,SKU-1259,01/23/2026,12,0,0
R01,SKU-1259,24-Jan-26,12,0,0
R01,SKU-1259,2026-01-25,9,0,0
R01,SKU-1259,2026-01-26,17,0,0
R01,SKU-1259,2026-01-27,12,1,1
R01,SKU-1259,28-Jan-26,10,1,0
R01,SKU-1259,01/29/2026,13,0,0
R01,SKU-1259,2026-01-30,12,0,0
R01,SKU-1259,2026-01-31,7,0,0
R01,SKU-1021,01/01/2026,9,0,1
R01,SKU-1021,01/02/2026,14,2,0
R01,SKU-1021,03-Jan-26,17,0,0
R01,SKU-1021,04-Jan-26,19,0,0
R01,SKU-1021,2026-01-05,11,0,0
R01,SKU-1021,01/06/2026,17,0,0
R01,SKU-1021,2026-01-07,14,0,0
R01,SKU-1021,08-Jan-26,13,0,0
R01,SKU-1021,2026-01-09,6,2,0
R01,SKU-1021,01/10/2026,11,0,0
R01,SKU-1021,01/11/2026,13,0,0
R01,SKU-1021,12-Jan-26,17,0,0
R01,SKU-1021,2026-01-13,13,0,0
R01,SKU-1021,2026-01-14,18,0,0
R01,SKU-1021,15-Jan-26,9,1,0
R01,SKU-1021,2026-01-16,15,0,0
R01,SKU-1021,2026-01-17,11,0,0
R01,SKU-1021,2026-01-18,12,0,0
R01,SKU-1021,19-Jan-26,14,2,0
R01,SKU-1021,2026-01-20,22,0,0
R01,SKU-1021,2026-01-21,11,0,0
R01,SKU-1021,2026-01-22,14,0,0
R01,SKU-1021,01/23/2026,15,0,0
R01,SKU-1021,2026-01-24,19,1,1
R01,SKU-1021,2026-01-25,13,0,0
R01,SKU-1021,26-Jan-26,10,0,1
R01,SKU-1021,27-Jan-26,19,0,0
R01,SKU-1021,28-Jan-26,15,1,0
R01,SKU-1021,2026-01-29,14,1,0
R01,SKU-1021,01/30/2026,13,2,0
R01,SKU-1021,2026-01-31,19,1,0
R01,SKU-1147,2026-01-01,18,0,0
R01,SKU-1147,2026-01-02,17,0,0
R01,SKU-1147,2026-01-03,14,1,0
R01,SKU-1147,04-Jan-26,29,0,0
R01,SKU-1147,01/05/2026,11,0,0
R01,SKU-1147,01/06/2026,20,0,0
R01,SKU-1147,01/07/2026,12,1,0
R01,SKU-1147,01/08/2026,16,0,0
R01,SKU-1147,01/09/2026,17,0,0
R01,SKU-1147,2026-01-10,16,0,1
R01,SKU-1147,2026-01-11,25,2,0
R01,SKU-1147,2026-01-12,22,2,1
R01,SKU-1147,01/13/2026,21,0,0
R01,SKU-1147,2026-01-14,22,1,0
R01,SKU-1147,2026-01-15,24,0,0
R01,SKU-1147,2026-01-16,21,2,0
R01,SKU-1147,2026-01-17,21,0,0
R01,SKU-1147,18-Jan-26,21,2,0
R01,SKU-1147,19-Jan-26,19,1,0
R01,SKU-1147,2026-01-20,25,1,0
R01,SKU-1147,21-Jan-26,19,1,1
R01,SKU-1147,2026-01-22,15,1,1
R01,SKU-1147,2026-01-23,16,0,0
R01,SKU-1147,24-Jan-26,13,0,0
R01,SKU-1147,01/25/2026,18,0,0
R01,SKU-1147,2026-01-26,22,0,0
R01,SKU-1147,01/27/2026,15,0,0
R01,SKU-1147,2026-01-28,23,1,0
R01,SKU-1147,29-Jan-26,18,1,0
R01,SKU-1147,30-Jan-26,17,0,1
R01,SKU-1147,01/31/2026,18,0,0
R01,SKU-1126,2026-01-01,25,1,0
R01,SKU-1126,2026-01-02,24,0,1
R01,SKU-1126,01/03/2026,29,0,0
R01,SKU-1126,2026-01-04,33,0,0
R01,SKU-1126,2026-01-05,30,2,1
R01,SKU-1126,06-Jan-26,29,0,0
R01,SKU-1126,01/07/2026,34,0,0
R01,SKU-1126,2026-01-08,25,0,0
R01,SKU-1126,2026-01-09,19,0,0
R01,SKU-1126,2026-01-10,33,0,0
R01,SKU-1126,2026-01-11,18,0,0
R01,SKU-1126,01/12/2026,31,1,0
R01,SKU-1126,2026-01-13,36,1,0
R01,SKU-1126,01/14/2026,36,2,0
R01,SKU-1126,2026-01-15,20,1,0
R01,SKU-1126,01/16/2026,27,0,0
R01,SKU-1126,2026-01-17,21,0,0
R01,SKU-1126,2026-01-18,32,1,0
R01,SKU-1126,2026-01-19,27,1,1
R01,SKU-1126,2026-01-20,27,1,0
R01,SKU-1126,2026-01-21,34,0,0
R01,SKU-1126,01/22/2026,24,0,0
R01,SKU-1126,2026-01-23,20,0,0
R01,SKU-1126,24-Jan-26,32,2,0
R01,SKU-1126,2026-01-25,28,0,0
R01,SKU-1126,01/26/2026,25,1,0
R01,SKU-1126,2026-01-27,22,1,0
R01,SKU-1126,2026-01-28,24,1,0
R01,SKU-1126,2026-01-29,30,0,0
R01,SKU-1126,2026-01-30,29,0,0
R01,SKU-1126,2026-01-31,34,1,0
R01,SKU-1175,01/01/2026,4,1,0
R01,SKU-1175,2026-01-02,2,0,0
R01,SKU-1175,03-Jan-26,4,1,0
R01,SKU-1175,01/04/2026,1,1,0
R01,SKU-1175,05-Jan-26,3,0,0
R01,SKU-1175,06-Jan-26,6,0,0
R01,SKU-1175,2026-01-07,6,0,0
R01,SKU-1175,2026-01-08,7,0,0
R01,SKU-1175,09-Jan-26,6,1,0
R01,SKU-1175,10-Jan-26,4,0,0
R01,SKU-1175,2026-01-11,5,0,1
R01,SKU-1175,01/12/2026,2,0,0
R01,SKU-1175,01/13/2026,2,0,0
R01,SKU-1175,01/14/2026,4,0,0
R01,SKU-1175,2026-01-15,3,0,0
R01,SKU-1175,01/16/2026,5,0,0
R01,SKU-1175,17-Jan-26,6,1,0
R01,SKU-1175,2026-01-18,3,1,0
R01,SKU-1175,2026-01-19,6,0,0
R01,SKU-1175,01/20/2026,3,0,0
R01,SKU-1175,2026-01-21,6,0,0
R01,SKU-1175,01/22/2026,5,1,0
R01,SKU-1175,2026-01-23,2,0,0
R01,SKU-1175,2026-01-24,5,1,0
R01,SKU-1175,2026-01-25,4,0,0
R01,SKU-1175,01/26/2026,4,0,0
R01,SKU-1175,2026-01-27,4,0,0
R01,SKU-1175,2026-01-28,3,0,0
R01,SKU-1175,2026-01-29,4,1,0
R01,SKU-1175,2026-01-30,7,0,0
R01,SKU-1175,31-Jan-26,2,0,0
R01,SKU-1196,01-Jan-26,26,0,0
R01,SKU-1196,2026-01-02,23,1,0
R01,SKU-1196,2026-01-03,24,0,0
R01,SKU-1196,01/04/2026,27,1,0
R01,SKU-1196,2026-01-05,21,0,0
R01,SKU-1196,2026-01-06,17,0,0
R01,SKU-1196,2026-01-07,24,2,0
R01,SKU-1196,2026-01-08,21,0,0
R01,SKU-1196,2026-01-09,20,2,1
R01,SKU-1196,01/10/2026,16,0,0
R01,SKU-1196,11-Jan-26,26,1,0
R01,SKU-1196,2026-01-12,16,0,0
R01,SKU-1196,13-Jan-26,29,2,0
R01,SKU-1196,14-Jan-26,16,1,0
R01,SKU-1196,2026-01-15,13,2,0
R01,SKU-1196,2026-01-16,21,1,0
R01,SKU-1196,01/17/2026,22,0,0
R01,SKU-1196,18-Jan-26,24,2,0
R01,SKU-1196,2026-01-19,20,0,0
R01,SKU-1196,2026-01-20,26,0,0
R01,SKU-1196,2026-01-21,26,1,0
R01,SKU-1196,2026-01-22,22,0,0
R01,SKU-1196,23-Jan-26,21,0,0
R01,SKU-1196,2026-01-24,25,0,0
R01,SKU-1196,2026-01-25,15,0,0
R01,SKU-1196,01/26/2026,25,0,0
R01,SKU-1196,27-Jan-26,19,0,0
R01,SKU-1196,2026-01-28,26,0,0
R01,SKU-1196,2026-01-29,25,1,0
R01,SKU-1196,2026-01-30,23,1,0
R01,SKU-1196,31-Jan-26,21,0,1
R01,SKU-1091,2026-01-01,11,1,0
R01,SKU-1091,2026-01-02,15,0,0
R01,SKU-1091,01/03/2026,19,0,0
R01,SKU-1091,2026-01-04,12,0,0
R01,SKU-1091,2026-01-05,14,0,0
R01,SKU-1091,2026-01-06,14,1,0
R01,SKU-1091,2026-01-07,19,0,0
R01,SKU-1091,2026-01-08,13,0,0
R01,SKU-1091,2026-01-09,17,0,0
R01,SKU-1091,10-Jan-26,17,0,0
R01,SKU-1091,2026-01-11,14,0,0
R01,SKU-1091,2026-01-12,10,0,0
R01,SKU-1091,2026-01-13,17,0,0
R01,SKU-1091,2026-01-14,10,1,0
R01,SKU-1091,01/15/2026,21,0,0
R01,SKU-1091,01/16/2026,18,1,0
R01,SKU-1091,2026-01-17,11,0,0
R01,SKU-1091,01/18/2026,20,0,0
R01,SKU-1091,2026-01-19,12,1,0
R01,SKU-1091,01/20/2026,15,0,1
R01,SKU-1091,21-Jan-26,13,0,0
R01,SKU-1091,2026-01-22,20,1,0
R01,SKU-1091,2026-01-23,14,0,0
R01,SKU-1091,2026-01-24,18,0,0
R01,SKU-1091,2026-01-25,11,1,0
R01,SKU-1091,2026-01-26,10,0,0
R01,SKU-1091,01/27/2026,10,1,0
R01,SKU-1091,01/28/2026,8,0,0
R01,SKU-1091,2026-01-29,9,0,0
R01,SKU-1091,2026-01-30,8,0,0
R01,SKU-1091,2026-01-31,11,0,0
R01,SKU-1119,01/01/2026,2,0,0
R01,SKU-1119,02-Jan-26,6,4,0
R01,SKU-1119,2026-01-03,7,0,0
R01,SKU-1119,01/04/2026,6,0,0
R01,SKU-1119,2026-01-05,8,0,0
R01,SKU-1119,2026-01-06,9,0,0
R01,SKU-1119,2026-01-07,4,1,0
R01,SKU-1119,01/08/2026,5,0,0
R01,SKU-1119,2026-01-09,9,0,0
R01,SKU-1119,2026-01-10,8,0,0
R01,SKU-1119,2026-01-11,9,1,1
R01,SKU-1119,01/12/2026,6,0,0
R01,SKU-1119,01/13/2026,10,0,0
R01,SKU-1119,01/14/2026,6,1,0
R01,SKU-1119,2026-01-15,8,1,0
R01,SKU-1119,16-Jan-26,6,1,0
R01,SKU-1119,2026-01-17,10,0,0
R01,SKU-1119,2026-01-18,4,1,0
R01,SKU-1119,19-Jan-26,6,1,1
R01,SKU-1119,2026-01-20,7,1,0
R01,SKU-1119,2026-01-21,3,1,0
R01,SKU-1119,01/22/2026,6,0,0
R01,SKU-1119,2026-01-23,7,0,0
R01,SKU-1119,01/24/2026,6,0,1
R01,SKU-1119,2026-01-25,4,0,0
R01,SKU-1119,26-Jan-26,5,2,0
R01,SKU-1119,27-Jan-26,6,0,0
R01,SKU-1119,28-Jan-26,6,0,0
R01,SKU-1119,29-Jan-26,4,0,0
R01,SKU-1119,2026-01-30,7,0,0
R01,SKU-1119,2026-01-31,2,0,1
R01,SKU-1224,01/01/2026,28,2,1
R01,SKU-1224,2026-01-02,27,0,0
R01,SKU-1224,2026-01-03,25,0,0
R01,SKU-1224,2026-01-04,17,0,0
R01,SKU-1224,2026-01-05,27,0,0
R01,SKU-1224,01/06/2026,33,0,0
R01,SKU-1224,01/07/2026,36,1,0
R01,SKU-1224,2026-01-08,25,0,0
R01,SKU-1224,09-Jan-26,25,1,0
R01,SKU-1224,2026-01-10,25,0,0
R01,SKU-1224,2026-01-11,33,0,0
R01,SKU-1224,2026-01-12,30,0,0
R01,SKU-1224,2026-01-13,43,1,0
R01,SKU-1224,2026-01-14,21,0,0
R01,SKU-1224,01/15/2026,36,0,1
R01,SKU-1224,2026-01-16,45,0,0
R01,SKU-1224,2026-01-17,25,0,0
R01,SKU-1224,2026-01-18,38,1,0
R01,SKU-1224,2026-01-19,30,0,0
R01,SKU-1224,2026-01-20,30,1,0
R01,SKU-1224,21-Jan-26,29,0,0
R01,SKU-1224,2026-01-22,24,0,0
R01,SKU-1224,2026-01-23,38,0,0
R01,SKU-1224,2026-01-24,21,0,0
R01,SKU-1224,25-Jan-26,30,0,0
R01,SKU-1224,2026-01-26,31,0,1
R01,SKU-1224,2026-01-27,33,0,0
R01,SKU-1224,2026-01-28,29,2,1
R01,SKU-1224,01/29/2026,24,0,0
R01,SKU-1224,2026-01-30,31,0,0
R01,SKU-1224,2026-01-31,28,0,0
R01,SKU-1266,2026-01-01,32,0,0
R01,SKU-1266,01/02/2026,31,0,0
R01,SKU-1266,03-Jan-26,19,0,0
R01,SKU-1266,01/04/2026,32,0,0
R01,SKU-1266,2026-01-05,29,0,0
R01,SKU-1266,2026-01-06,30,0,0
R01,SKU-1266,2026-01-07,30,1,0
R01,SKU-1266,08-Jan-26,27,0,0
R01,SKU-1266,2026-01-09,20,0,1
R01,SKU-1266,2026-01-10,27,0,0
R01,SKU-1266,01/11/2026,35,0,0
R01,SKU-1266,2026-01-12,33,1,0
R01,SKU-1266,2026-01-13,27,0,0
R01,SKU-1266,2026-01-14,23,2,0
R01,SKU-1266,15-Jan-26,31,0,0
R01,SKU-1266,2026-01-16,32,2,0
R01,SKU-1266,01/17/2026,20,0,0
R01,SKU-1266,2026-01-18,25,1,0
R01,SKU-1266,01/19/2026,32,0,0
R01,SKU-1266,2026-01-20,24,0,1
R01,SKU-1266,01/21/2026,30,1,0
R01,SKU-1266,2026-01-22,28,0,0
R01,SKU-1266,2026-01-23,43,2,0
R01,SKU-1266,2026-01-24,39,1,0
R01,SKU-1266,01/25/2026,28,0,0
R01,SKU-1266,01/26/2026,13,0,0
R01,SKU-1266,01/27/2026,24,1,1
R01,SKU-1266,01/28/2026,25,0,0
R01,SKU-1266,01/29/2026,26,0,0
R01,SKU-1266,2026-01-30,19,0,0
R01,SKU-1266,2026-01-31,26,0,0
R01,SKU-1063,01-Jan-26,19,0,0
R01,SKU-1063,01/02/2026,15,0,0
R01,SKU-1063,01/03/2026,21,0,0
R01,SKU-1063,2026-01-04,27,0,0
R01,SKU-1063,2026-01-05,19,1,0
R01,SKU-1063,01/06/2026,21,2,0
R01,SKU-1063,07-Jan-26,24,0,0
R01,SKU-1063,2026-01-08,20,0,0
R01,SKU-1063,2026-01-09,13,1,0
R01,SKU-1063,2026-01-10,30,0,1
R01,SKU-1063,2026-01-11,25,1,0
R01,SKU-1063,2026-01-12,19,0,0
R01,SKU-1063,2026-01-13,28,2,0
R01,SKU-1063,2026-01-14,21,1,0
R01,SKU-1063,2026-01-15,21,0,0
R01,SKU-1063,2026-01-16,20,0,0
R01,SKU-1063,17-Jan-26,21,1,0
R01,SKU-1063,2026-01-18,27,1,1
R01,SKU-1063,2026-01-19,19,1,0
R01,SKU-1063,2026-01-20,20,1,0
R01,SKU-1063,2026-01-21,26,0,0
R01,SKU-1063,01/22/2026,27,0,1
R01,SKU-1063,2026-01-23,15,0,0
R01,SKU-1063,24-Jan-26,25,0,1
R01,SKU-1063,25-Jan-26,24,1,0
R01,SKU-1063,2026-01-26,22,0,0
R01,SKU-1063,2026-01-27,24,1,1
R01,SKU-1063,2026-01-28,28,0,0
R01,SKU-1063,2026-01-29,15,1,0
R01,SKU-1063,2026-01-30,32,0,0
R01,SKU-1063,01/31/2026,15,1,0
R01,SKU-1245,01/01/2026,30,1,0
R01,SKU-1245,01/02/2026,26,0,1
R01,SKU-1245,2026-01-03,24,1,0
R01,SKU-1245,04-Jan-26,30,0,1
R01,SKU-1245,2026-01-05,28,0,0
R01,SKU-1245,06-Jan-26,16,2,0
R01,SKU-1245,2026-01-07,33,1,1
R01,SKU-1245,2026-01-08,26,1,1
R01,SKU-1245,09-Jan-26,20,1,0
R01,SKU-1245,2026-01-10,29,0,0
R01,SKU-1245,11-Jan-26,21,0,0
R01,SKU-1245,01/12/2026,29,1,0
R01,SKU-1245,2026-01-13,22,0,0
R01,SKU-1245,01/14/2026,28,0,0
R01,SKU-1245,01/15/2026,25,0,0
R01,SKU-1245,2026-01-16,26,0,0
R01,SKU-1245,17-Jan-26,30,0,0
R01,SKU-1245,18-Jan-26,47,1,0
R01,SKU-1245,2026-01-19,33,1,0
R01,SKU-1245,2026-01-20,21,0,0
R01,SKU-1245,2026-01-21,28,0,0
R01,SKU-1245,2026-01-22,26,0,0
R01,SKU-1245,2026-01-23,32,0,1
R01,SKU-1245,01/24/2026,27,0,1
R01,SKU-1245,2026-01-25,22,1,0
R01,SKU-1245,2026-01-26,25,0,0
R01,SKU-1245,01/27/2026,29,0,0
R01,SKU-1245,01/28/2026,24,0,0
R01,SKU-1245,2026-01-29,36,1,0
R01,SKU-1245,01/30/2026,32,0,0
R01,SKU-1245,01/31/2026,30,0,0
R01,SKU-1182,01/01/2026,11,0,0
R01,SKU-1182,2026-01-02,5,0,0
R01,SKU-1182,03-Jan-26,5,0,0
R01,SKU-1182,2026-01-04,6,0,0
R01,SKU-1182,05-Jan-26,6,1,0
R01,SKU-1182,01/06/2026,8,0,0
R01,SKU-1182,01/07/2026,6,0,0
R01,SKU-1182,01/08/2026,6,0,0
R01,SKU-1182,01/09/2026,5,0,0
R01,SKU-1182,2026-01-10,1,0,0
R01,SKU-1182,2026-01-11,7,0,1
R01,SKU-1182,2026-01-12,7,1,0
R01,SKU-1182,2026-01-13,5,1,0
R01,SKU-1182,2026-01-14,2,1,0
R01,SKU-1182,2026-01-15,8,0,0
R01,SKU-1182,2026-01-16,7,0,1
R01,SKU-1182,2026-01-17,3,0,0
R01,SKU-1182,18-Jan-26,3,1,0
R01,SKU-1182,2026-01-19,3,0,0
R01,SKU-1182,2026-01-20,8,0,0
R01,SKU-1182,01/21/2026,5,0,0
R01,SKU-1182,22-Jan-26,1,2,0
R01,SKU-1182,2026-01-23,8,0,0
R01,SKU-1182,2026-01-24,6,1,0
R01,SKU-1182,01/25/2026,7,0,0
R01,SKU-1182,01/26/2026,5,1,0
R01,SKU-1182,2026-01-27,4,0,0
R01,SKU-1182,2026-01-28,5,0,1
R01,SKU-1182,01/29/2026,5,1,0
R01,SKU-1182,01/30/2026,5,0,0
R01,SKU-1182,2026-01-31,7,0,1
R01,SKU-1007,2026-01-01,31,1,0
R01,SKU-1007,2026-01-02,38,1,0
R01,SKU-1007,01/03/2026,40,0,0
R01,SKU-1007,01/04/2026,33,0,0
R01,SKU-1007,01/05/2026,38,0,1
R01,SKU-1007,2026-01-06,29,0,1
R01,SKU-1007,2026-01-07,33,0,0
R01,SKU-1007,01/08/2026,24,0,0
R01,SKU-1007,01/09/2026,30,0,0
R01,SKU-1007,2026-01-10,39,0,1
R01,SKU-1007,01/11/2026,23,0,0
R01,SKU-1007,01/12/2026,23,0,0
R01,SKU-1007,13-Jan-26,44,1,0
R01,SKU-1007,01/14/2026,32,0,0
R01,SKU-1007,15-Jan-26,36,1,0
R01,SKU-1007,2026-01-16,34,0,0
R01,SKU-1007,2026-01-17,24,1,0
R01,SKU-1007,01/18/2026,30,1,0
R01,SKU-1007,2026-01-19,36,1,0
R01,SKU-1007,01/20/2026,45,1,0
R01,SKU-1007,01/21/2026,34,0,0
R01,SKU-1007,2026-01-22,26,0,1
R01,SKU-1007,01/23/2026,32,1,0
R01,SKU-1007,2026-01-24,31,1,0
R01,SKU-1007,2026-01-25,23,1,0
R01,SKU-1007,01/26/2026,33,0,0
R01,SKU-1007,2026-01-27,32,0,0
R01,SKU-1007,2026-01-28,29,0,0
R01,SKU-1007,29-Jan-26,39,1,0
R01,SKU-1007,01/30/2026,32,0,0
R01,SKU-1007,01/31/2026,41,0,0
R01,SKU-1070,01-Jan-26,9,0,0
R01,SKU-1070,2026-01-02,14,1,0
R01,SKU-1070,2026-01-03,12,0,1
R01,SKU-1070,01/04/2026,13,0,0
R01,SKU-1070,2026-01-05,10,1,0
R01,SKU-1070,2026-01-06,16,1,0
R01,SKU-1070,01/07/2026,10,2,0
R01,SKU-1070,01/08/2026,15,0,0
R01,SKU-1070,2026-01-09,7,0,0
R01,SKU-1070,2026-01-10,10,1,0
R01,SKU-1070,2026-01-11,13,0,0
R01,SKU-1070,2026-01-12,8,2,0
R01,SKU-1070,2026-01-13,12,0,0
R01,SKU-1070,01/14/2026,9,0,0
R01,SKU-1070,2026-01-15,13,0,1
R01,SKU-1070,2026-01-16,10,0,1
R01,SKU-1070,2026-01-17,18,0,0
R01,SKU-1070,2026-01-18,12,0,1
R01,SKU-1070,19-Jan-26,11,1,0
R01,SKU-1070,01/20/2026,15,1,0
R01,SKU-1070,21-Jan-26,12,0,0
R01,SKU-1070,2026-01-22,13,1,0
R01,SKU-1070,2026-01-23,13,1,0
R01,SKU-1070,2026-01-24,8,0,0
R01,SKU-1070,2026-01-25,12,0,0
R01,SKU-1070,2026-01-26,9,1,0
R01,SKU-1070,2026-01-27,11,0,0
R01,SKU-1070,01/28/2026,12,1,1
R01,SKU-1070,01/29/2026,9,0,0
R01,SKU-1070,2026-01-30,14,1,0
R01,SKU-1070,01/31/2026,10,0,1
R01,SKU-1238,01/01/2026,17,2,0
R01,SKU-1238,2026-01-02,23,0,0
R01,SKU-1238,2026-01-03,23,0,0
R01,SKU-1238,2026-01-04,20,1,0
R01,SKU-1238,05-Jan-26,21,0,0
R01,SKU-1238,2026-01-06,26,0,0
R01,SKU-1238,2026-01-07,24,1,0
R01,SKU-1238,01/08/2026,20,1,0
R01,SKU-1238,2026-01-09,23,2,0
R01,SKU-1238,2026-01-10,18,0,0
R01,SKU-1238,2026-01-11,13,0,0
R01,SKU-1238,12-Jan-26,16,0,0
R01,SKU-1238,13-Jan-26,19,0,0
R01,SKU-1238,01/14/2026,19,0,0
R01,SKU-1238,2026-01-15,18,0,0
R01,SKU-1238,2026-01-16,17,0,1
R01,SKU-1238,17-Jan-26,20,1,0
R01,SKU-1238,2026-01-18,23,0,1
R01,SKU-1238,2026-01-19,28,0,0
R01,SKU-1238,2026-01-20,13,0,0
R01,SKU-1238,2026-01-21,26,0,0
R01,SKU-1238,01/22/2026,17,0,0
R01,SKU-1238,23-Jan-26,10,1,0
R01,SKU-1238,01/24/2026,15,0,0
R01,SKU-1238,2026-01-25,15,2,0
R01,SKU-1238,2026-01-26,25,0,0
R01,SKU-1238,01/27/2026,31,0,0
R01,SKU-1238,2026-01-28,21,1,0
R01,SKU-1238,2026-01-29,19,0,0
R01,SKU-1238,2026-01-30,13,0,0
R01,SKU-1238,01/31/2026,16,0,0
R01,SKU-1154,2026-01-01,29,0,0
R01,SKU-1154,2026-01-02,24,0,0
R01,SKU-1154,2026-01-03,17,0,0
R01,SKU-1154,04-Jan-26,16,0,0
R01,SKU-1154,01/05/2026,8,0,0
R01,SKU-1154,06-Jan-26,22,1,0
R01,SKU-1154,2026-01-07,21,0,0
R01,SKU-1154,2026-01-08,9,0,0
R01,SKU-1154,09-Jan-26,19,0,0
R01,SKU-1154,01/10/2026,15,0,0
R01,SKU-1154,2026-01-11,15,1,0
R01,SKU-1154,2026-01-12,20,3,0
R01,SKU-1154,2026-01-13,15,1,0
R01,SKU-1154,2026-01-14,23,0,0
R01,SKU-1154,01/15/2026,19,0,0
R01,SKU-1154,2026-01-16,21,1,0
R01,SKU-1154,01/17/2026,14,0,0
R01,SKU-1154,2026-01-18,17,0,1
R01,SKU-1154,2026-01-19,22,1,0
R01,SKU-1154,2026-01-20,21,2,0
R01,SKU-1154,2026-01-21,24,3,0
R01,SKU-1154,2026-01-22,21,0,0
R01,SKU-1154,01/23/2026,16,0,0
R01,SKU-1154,01/24/2026,18,0,0
R01,SKU-1154,2026-01-25,18,0,0
R01,SKU-1154,2026-01-26,20,1,0
R01,SKU-1154,2026-01-27,19,1,0
R01,SKU-1154,2026-01-28,23,0,0
R01,SKU-1154,01/29/2026,21,0,1
R01,SKU-1154,2026-01-30,19,0,0
R01,SKU-1154,2026-01-31,16,0,0
R01,SKU-1273,2026-01-01,25,0,0
R01,SKU-1273,01/02/2026,27,0,0
R01,SKU-1273,2026-01-03,23,1,1
R01,SKU-1273,2026-01-04,35,0,0
R01,SKU-1273,2026-01-05,29,0,0
R01,SKU-1273,06-Jan-26,33,0,0
R01,SKU-1273,07-Jan-26,40,0,0
R01,SKU-1273,01/08/2026,29,0,0
R01,SKU-1273,01/09/2026,26,1,0
R01,SKU-1273,2026-01-10,27,1,0
R01,SKU-1273,01/11/2026,31,0,0
R01,SKU-1273,2026-01-12,32,0,0
R01,SKU-1273,01/13/2026,36,0,0
R01,SKU-1273,01/14/2026,30,0,0
R01,SKU-1273,01/15/2026,31,0,1
R01,SKU-1273,16-Jan-26,27,0,0
R01,SKU-1273,2026-01-17,28,0,0
R01,SKU-1273,2026-01-18,27,1,0
R01,SKU-1273,2026-01-19,22,2,0
R01,SKU-1273,2026-01-20,28,0,0
R01,SKU-1273,01/21/2026,36,0,0
R01,SKU-1273,01/22/2026,24,0,0
R01,SKU-1273,23-Jan-26,27,0,0
R01,SKU-1273,2026-01-24,34,0,0
R01,SKU-1273,01/25/2026,27,0,0
R01,SKU-1273,2026-01-26,36,2,0
R01,SKU-1273,2026-01-27,34,0,0
R01,SKU-1273,2026-01-28,27,0,0
R01,SKU-1273,2026-01-29,26,0,0
R01,SKU-1273,01/30/2026,28,0,0
R01,SKU-1273,2026-01-31,29,2,0
R02,SKU-1119,01/01/2026,4,0,0
R02,SKU-1119,2026-01-02,4,0,0
R02,SKU-1119,2026-01-03,1,0,0
R02,SKU-1119,04-Jan-26,7,1,0
R02,SKU-1119,2026-01-05,6,0,1
R02,SKU-1119,01/06/2026,3,0,0
R02,SKU-1119,2026-01-07,3,0,0
R02,SKU-1119,01/08/2026,10,0,0
R02,SKU-1119,01/09/2026,4,0,0
R02,SKU-1119,01/10/2026,5,2,1
R02,SKU-1119,01/11/2026,5,0,0
R02,SKU-1119,2026-01-12,3,0,0
R02,SKU-1119,2026-01-13,3,1,0
R02,SKU-1119,2026-01-14,5,0,0
R02,SKU-1119,2026-01-15,2,2,0
R02,SKU-1119,2026-01-16,4,2,1
R02,SKU-1119,01/17/2026,5,1,0
R02,SKU-1119,2026-01-18,3,1,0
R02,SKU-1119,01/19/2026,4,0,0
R02,SKU-1119,2026-01-20,6,1,0
R02,SKU-1119,2026-01-21,1,1,0
R02,SKU-1119,2026-01-22,4,1,0
R02,SKU-1119,2026-01-23,0,0,0
R02,SKU-1119,24-Jan-26,9,0,0
R02,SKU-1119,2026-01-25,5,0,0
R02,SKU-1119,26-Jan-26,5,1,0
R02,SKU-1119,01/27/2026,7,1,0
R02,SKU-1119,28-Jan-26,4,1,0
R02,SKU-1119,2026-01-29,3,0,0
R02,SKU-1119,30-Jan-26,2,2,0
R02,SKU-1119,2026-01-31,7,0,0
R02,SKU-1252,01/01/2026,34,0,0
R02,SKU-1252,01/02/2026,31,1,0
R02,SKU-1252,2026-01-03,29,0,0
R02,SKU-1252,04-Jan-26,35,0,1
R02,SKU-1252,2026-01-05,28,0,0
R02,SKU-1252,01/06/2026,34,1,0
R02,SKU-1252,2026-01-07,30,1,0
R02,SKU-1252,01/08/2026,22,1,0
R02,SKU-1252,09-Jan-26,34,0,0
R02,SKU-1252,01/10/2026,28,1,0
R02,SKU-1252,2026-01-11,28,1,1
R02,SKU-1252,2026-01-12,34,0,0
R02,SKU-1252,2026-01-13,27,1,0
R02,SKU-1252,14-Jan-26,37,0,0
R02,SKU-1252,2026-01-15,38,1,0
R02,SKU-1252,01/16/2026,36,0,0
R02,SKU-1252,01/17/2026,32,0,1
R02,SKU-1252,2026-01-18,31,0,0
R02,SKU-1252,2026-01-19,37,0,0
R02,SKU-1252,01/20/2026,36,0,0
R02,SKU-1252,01/21/2026,34,0,1
R02,SKU-1252,2026-01-22,43,1,0
R02,SKU-1252,01/23/2026,33,0,0
R02,SKU-1252,2026-01-24,26,1,0
R02,SKU-1252,2026-01-25,29,0,0
R02,SKU-1252,26-Jan-26,24,0,1
R02,SKU-1252,2026-01-27,29,0,0
R02,SKU-1252,2026-01-28,39,1,0
R02,SKU-1252,2026-01-29,33,1,1
R02,SKU-1252,2026-01-30,23,0,0
R02,SKU-1252,2026-01-31,32,2,0
R02,SKU-1238,2026-01-01,15,0,0
R02,SKU-1238,01/02/2026,22,0,1
R02,SKU-1238,03-Jan-26,15,1,0
R02,SKU-1238,2026-01-04,21,1,0
R02,SKU-1238,2026-01-05,25,0,0
R02,SKU-1238,2026-01-06,15,0,0
R02,SKU-1238,2026-01-07,16,0,0
R02,SKU-1238,2026-01-08,15,0,0
R02,SKU-1238,09-Jan-26,12,0,0
R02,SKU-1238,2026-01-10,30,0,0
R02,SKU-1238,01/11/2026,21,0,1
R02,SKU-1238,2026-01-12,11,1,0
R02,SKU-1238,13-Jan-26,17,0,0
R02,SKU-1238,2026-01-14,16,1,1
R02,SKU-1238,15-Jan-26,14,0,0
R02,SKU-1238,01/16/2026,19,1,0
R02,SKU-1238,2026-01-17,14,0,0
R02,SKU-1238,2026-01-18,21,0,0
R02,SKU-1238,01/19/2026,16,0,0
R02,SKU-1238,2026-01-20,16,2,0
R02,SKU-1238,21-Jan-26,15,1,0
R02,SKU-1238,01/22/2026,17,0,0
R02,SKU-1238,01/23/2026,15,0,0
R02,SKU-1238,01/24/2026,18,1,0
R02,SKU-1238,2026-01-25,13,0,0
R02,SKU-1238,2026-01-26,19,2,0
R02,SKU-1238,2026-01-27,18,0,0
R02,SKU-1238,2026-01-28,14,0,0
R02,SKU-1238,2026-01-29,20,1,0
R02,SKU-1238,01/30/2026,24,0,0
R02,SKU-1238,01/31/2026,22,0,0
R02,SKU-1161,2026-01-01,13,0,0
R02,SKU-1161,2026-01-02,22,0,0
R02,SKU-1161,2026-01-03,11,1,1
R02,SKU-1161,04-Jan-26,15,0,0
R02,SKU-1161,01/05/2026,13,1,0
R02,SKU-1161,2026-01-06,7,1,0
R02,SKU-1161,2026-01-07,15,0,0
R02,SKU-1161,2026-01-08,16,0,0
R02,SKU-1161,2026-01-09,18,0,0
R02,SKU-1161,2026-01-10,14,0,0
R02,SKU-1161,2026-01-11,17,0,0
R02,SKU-1161,12-Jan-26,18,0,0
R02,SKU-1161,01/13/2026,14,0,0
R02,SKU-1161,01/14/2026,18,0,0
R02,SKU-1161,2026-01-15,10,1,0
R02,SKU-1161,2026-01-16,14,0,0
R02,SKU-1161,2026-01-17,8,1,1
R02,SKU-1161,01/18/2026,12,2,0
R02,SKU-1161,2026-01-19,15,0,0
R02,SKU-1161,2026-01-20,11,0,0
R02,SKU-1161,2026-01-21,22,0,0
R02,SKU-1161,2026-01-22,18,3,0
R02,SKU-1161,23-Jan-26,19,1,0
R02,SKU-1161,2026-01-24,13,0,0
R02,SKU-1161,2026-01-25,10,1,0
R02,SKU-1161,2026-01-26,20,2,1
R02,SKU-1161,01/27/2026,9,0,0
R02,SKU-1161,2026-01-28,19,0,0
R02,SKU-1161,2026-01-29,11,0,0
R02,SKU-1161,2026-01-30,12,0,0
R02,SKU-1161,2026-01-31,9,0,1
R02,SKU-1224,2026-01-01,27,1,0
R02,SKU-1224,01/02/2026,34,0,0
R02,SKU-1224,2026-01-03,26,0,0
R02,SKU-1224,01/04/2026,37,0,0
R02,SKU-1224,2026-01-05,35,1,0
R02,SKU-1224,2026-01-06,33,0,0
R02,SKU-1224,01/07/2026,33,0,0
R02,SKU-1224,08-Jan-26,35,0,0
R02,SKU-1224,2026-01-09,29,0,0
R02,SKU-1224,2026-01-10,39,0,0
R02,SKU-1224,01/11/2026,27,0,1
R02,SKU-1224,2026-01-12,30,0,0
R02,SKU-1224,2026-01-13,47,1,0
R02,SKU-1224,01/14/2026,29,0,0
R02,SKU-1224,01/15/2026,38,0,1
R02,SKU-1224,01/16/2026,31,0,0
R02,SKU-1224,2026-01-17,32,3,0
R02,SKU-1224,01/18/2026,23,0,0
R02,SKU-1224,2026-01-19,27,2,1
R02,SKU-1224,01/20/2026,43,0,0
R02,SKU-1224,01/21/2026,27,1,0
R02,SKU-1224,22-Jan-26,27,0,0
R02,SKU-1224,01/23/2026,35,0,0
R02,SKU-1224,2026-01-24,33,0,0
R02,SKU-1224,2026-01-25,30,0,0
R02,SKU-1224,2026-01-26,40,0,0
R02,SKU-1224,2026-01-27,29,0,0
R02,SKU-1224,2026-01-28,34,0,0
R02,SKU-1224,2026-01-29,30,0,0
R02,SKU-1224,30-Jan-26,28,0,0
R02,SKU-1224,31-Jan-26,41,0,0
R02,SKU-1084,2026-01-01,17,0,0
R02,SKU-1084,2026-01-02,21,0,0
R02,SKU-1084,2026-01-03,13,0,0
R02,SKU-1084,2026-01-04,20,0,0
R02,SKU-1084,05-Jan-26,17,1,0
R02,SKU-1084,01/06/2026,14,1,0
R02,SKU-1084,2026-01-07,20,1,0
R02,SKU-1084,2026-01-08,14,0,0
R02,SKU-1084,01/09/2026,23,2,0
R02,SKU-1084,2026-01-10,13,1,0
R02,SKU-1084,11-Jan-26,21,0,1
R02,SKU-1084,2026-01-12,9,0,0
R02,SKU-1084,01/13/2026,16,0,0
R02,SKU-1084,14-Jan-26,15,0,0
R02,SKU-1084,15-Jan-26,17,1,0
R02,SKU-1084,2026-01-16,22,0,0
R02,SKU-1084,2026-01-17,10,0,1
R02,SKU-1084,2026-01-18,18,0,0
R02,SKU-1084,2026-01-19,18,0,0
R02,SKU-1084,20-Jan-26,14,0,0
R02,SKU-1084,2026-01-21,19,0,0
R02,SKU-1084,2026-01-22,10,0,0
R02,SKU-1084,2026-01-23,25,0,0
R02,SKU-1084,01/24/2026,14,0,0
R02,SKU-1084,25-Jan-26,15,0,0
R02,SKU-1084,2026-01-26,20,0,1
R02,SKU-1084,01/27/2026,15,0,0
R02,SKU-1084,01/28/2026,14,0,1
R02,SKU-1084,2026-01-29,14,0,0
R02,SKU-1084,2026-01-30,18,0,1
R02,SKU-1084,2026-01-31,18,0,0
R02,SKU-1028,2026-01-01,24,0,0
R02,SKU-1028,2026-01-02,21,0,0
R02,SKU-1028,2026-01-03,37,0,0
R02,SKU-1028,2026-01-04,38,1,0
R02,SKU-1028,2026-01-05,29,0,0
R02,SKU-1028,2026-01-06,30,0,0
R02,SKU-1028,2026-01-07,29,0,0
R02,SKU-1028,08-Jan-26,42,1,0
R02,SKU-1028,01/09/2026,28,1,0
R02,SKU-1028,2026-01-10,32,0,0
R02,SKU-1028,11-Jan-26,33,0,1
R02,SKU-1028,12-Jan-26,32,1,0
R02,SKU-1028,01/13/2026,30,0,0
R02,SKU-1028,01/14/2026,25,0,0
R02,SKU-1028,2026-01-15,34,1,0
R02,SKU-1028,2026-01-16,41,0,0
R02,SKU-1028,2026-01-17,23,2,0
R02,SKU-1028,2026-01-18,32,1,0
R02,SKU-1028,2026-01-19,40,0,0
R02,SKU-1028,2026-01-20,27,0,0
R02,SKU-1028,2026-01-21,28,1,1
R02,SKU-1028,2026-01-22,34,0,0
R02,SKU-1028,2026-01-23,25,1,0
R02,SKU-1028,2026-01-24,28,0,1
R02,SKU-1028,01/25/2026,43,1,1
R02,SKU-1028,26-Jan-26,23,1,0
R02,SKU-1028,2026-01-27,30,0,0
R02,SKU-1028,2026-01-28,35,0,0
R02,SKU-1028,2026-01-29,36,0,0
R02,SKU-1028,01/30/2026,35,0,0
R02,SKU-1028,2026-01-31,42,1,0
R02,SKU-1140,01/01/2026,25,0,0
R02,SKU-1140,01/02/2026,17,1,0
R02,SKU-1140,2026-01-03,16,0,0
R02,SKU-1140,2026-01-04,25,0,0
R02,SKU-1140,2026-01-05,13,0,1
R02,SKU-1140,2026-01-06,18,0,0
R02,SKU-1140,2026-01-07,20,0,0
R02,SKU-1140,2026-01-08,19,0,0
R02,SKU-1140,2026-01-09,15,1,0
R02,SKU-1140,01/10/2026,18,0,0
R02,SKU-1140,2026-01-11,21,0,0
R02,SKU-1140,2026-01-12,24,0,1
R02,SKU-1140,2026-01-13,24,1,1
R02,SKU-1140,2026-01-14,24,0,0
R02,SKU-1140,2026-01-15,27,1,0
R02,SKU-1140,2026-01-16,12,0,1
R02,SKU-1140,2026-01-17,18,0,1
R02,SKU-1140,2026-01-18,21,0,0
R02,SKU-1140,01/19/2026,14,0,0
R02,SKU-1140,2026-01-20,20,0,0
R02,SKU-1140,2026-01-21,20,1,1
R02,SKU-1140,2026-01-22,27,1,1
R02,SKU-1140,01/23/2026,23,1,0
R02,SKU-1140,2026-01-24,15,2,1
R02,SKU-1140,2026-01-25,22,1,1
R02,SKU-1140,2026-01-26,23,0,0
R02,SKU-1140,27-Jan-26,20,0,1
R02,SKU-1140,2026-01-28,22,1,0
R02,SKU-1140,2026-01-29,15,0,0
R02,SKU-1140,2026-01-30,14,1,0
R02,SKU-1140,2026-01-31,17,1,0
R02,SKU-1217,01-Jan-26,17,0,0
R02,SKU-1217,2026-01-02,26,0,0
R02,SKU-1217,03-Jan-26,19,0,0
R02,SKU-1217,2026-01-04,15,0,0
R02,SKU-1217,2026-01-05,22,0,0
R02,SKU-1217,01/06/2026,21,0,0
R02,SKU-1217,2026-01-07,28,0,0
R02,SKU-1217,2026-01-08,21,0,0
R02,SKU-1217,09-Jan-26,14,0,0
R02,SKU-1217,2026-01-10,23,1,0
R02,SKU-1217,2026-01-11,20,0,0
R02,SKU-1217,2026-01-12,18,1,0
R02,SKU-1217,2026-01-13,22,2,0
R02,SKU-1217,2026-01-14,27,0,0
R02,SKU-1217,01/15/2026,17,0,0
R02,SKU-1217,01/16/2026,18,1,0
R02,SKU-1217,01/17/2026,32,0,0
R02,SKU-1217,2026-01-18,19,0,0
R02,SKU-1217,2026-01-19,25,0,0
R02,SKU-1217,20-Jan-26,20,0,0
R02,SKU-1217,2026-01-21,29,0,0
R02,SKU-1217,2026-01-22,11,2,0
R02,SKU-1217,2026-01-23,19,0,0
R02,SKU-1217,2026-01-24,31,1,0
R02,SKU-1217,2026-01-25,28,0,0
R02,SKU-1217,26-Jan-26,23,0,0
R02,SKU-1217,01/27/2026,19,0,0
R02,SKU-1217,01/28/2026,21,1,0
R02,SKU-1217,2026-01-29,16,0,0
R02,SKU-1217,2026-01-30,23,0,0
R02,SKU-1217,2026-01-31,24,1,1
R02,SKU-1112,01-Jan-26,13,0,0
R02,SKU-1112,2026-01-02,13,0,0
R02,SKU-1112,2026-01-03,28,2,0
R02,SKU-1112,2026-01-04,10,0,0
R02,SKU-1112,2026-01-05,21,0,0
R02,SKU-1112,01/06/2026,7,0,0
R02,SKU-1112,01/07/2026,13,0,1
R02,SKU-1112,08-Jan-26,13,0,0
R02,SKU-1112,2026-01-09,13,0,0
R02,SKU-1112,10-Jan-26,20,0,0
R02,SKU-1112,2026-01-11,15,0,0
R02,SKU-1112,2026-01-12,11,0,0
R02,SKU-1112,13-Jan-26,19,0,1
R02,SKU-1112,01/14/2026,18,1,0
R02,SKU-1112,01/15/2026,12,0,0
R02,SKU-1112,2026-01-16,11,0,1
R02,SKU-1112,2026-01-17,15,1,0
R02,SKU-1112,2026-01-18,13,1,0
R02,SKU-1112,19-Jan-26,13,0,1
R02,SKU-1112,20-Jan-26,18,0,0
R02,SKU-1112,21-Jan-26,13,1,0
R02,SKU-1112,2026-01-22,16,0,1
R02,SKU-1112,2026-01-23,9,0,0
R02,SKU-1112,2026-01-24,16,1,0
R02,SKU-1112,2026-01-25,16,0,0
R02,SKU-1112,2026-01-26,24,0,0
R02,SKU-1112,2026-01-27,16,1,0
R02,SKU-1112,2026-01-28,17,0,0
R02,SKU-1112,2026-01-29,9,1,0
R02,SKU-1112,01/30/2026,11,0,0
R02,SKU-1112,2026-01-31,9,0,0
R02,SKU-1245,01-Jan-26,8,3,1
R02,SKU-1245,01/02/2026,8,0,1
R02,SKU-1245,03-Jan-26,8,0,0
R02,SKU-1245,2026-01-04,9,0,0
R02,SKU-1245,2026-01-05,11,0,1
R02,SKU-1245,2026-01-06,12,0,0
R02,SKU-1245,2026-01-07,2,1,0
R02,SKU-1245,2026-01-08,9,0,1
R02,SKU-1245,2026-01-09,8,0,0
R02,SKU-1245,2026-01-10,6,1,1
R02,SKU-1245,2026-01-11,8,1,0
R02,SKU-1245,01/12/2026,12,0,0
R02,SKU-1245,2026-01-13,9,1,0
R02,SKU-1245,01/14/2026,7,0,0
R02,SKU-1245,15-Jan-26,8,0,0
R02,SKU-1245,2026-01-16,7,1,0
R02,SKU-1245,2026-01-17,7,0,1
R02,SKU-1245,18-Jan-26,6,1,0
R02,SKU-1245,2026-01-19,8,0,0
R02,SKU-1245,2026-01-20,11,0,0
R02,SKU-1245,2026-01-21,10,0,0
R02,SKU-1245,2026-01-22,9,1,0
R02,SKU-1245,2026-01-23,8,0,0
R02,SKU-1245,2026-01-24,8,0,0
R02,SKU-1245,25-Jan-26,6,0,0
R02,SKU-1245,2026-01-26,8,0,0
R02,SKU-1245,01/27/2026,6,1,0
R02,SKU-1245,2026-01-28,5,0,0
R02,SKU-1245,2026-01-29,10,1,0
R02,SKU-1245,2026-01-30,2,2,0
R02,SKU-1245,2026-01-31,5,0,0
R02,SKU-1210,01/01/2026,11,0,0
R02,SKU-1210,2026-01-02,16,0,0
R02,SKU-1210,2026-01-03,12,0,0
R02,SKU-1210,04-Jan-26,9,0,1
R02,SKU-1210,2026-01-05,11,0,0
R02,SKU-1210,01/06/2026,15,0,0
R02,SKU-1210,2026-01-07,20,0,0
R02,SKU-1210,2026-01-08,20,0,0
R02,SKU-1210,01/09/2026,15,1,0
R02,SKU-1210,10-Jan-26,13,0,0
R02,SKU-1210,2026-01-11,11,0,0
R02,SKU-1210,01/12/2026,17,0,0
R02,SKU-1210,01/13/2026,11,0,0
R02,SKU-1210,2026-01-14,14,0,0
R02,SKU-1210,2026-01-15,17,0,0
R02,SKU-1210,16-Jan-26,10,1,0
R02,SKU-1210,2026-01-17,17,1,0
R02,SKU-1210,18-Jan-26,17,0,0
R02,SKU-1210,01/19/2026,11,1,0
R02,SKU-1210,20-Jan-26,17,1,0
R02,SKU-1210,2026-01-21,18,0,0
R02,SKU-1210,01/22/2026,11,1,0
R02,SKU-1210,2026-01-23,20,0,0
R02,SKU-1210,2026-01-24,15,0,0
R02,SKU-1210,25-Jan-26,13,2,0
R02,SKU-1210,2026-01-26,13,0,1
R02,SKU-1210,2026-01-27,20,0,0
R02,SKU-1210,2026-01-28,18,0,0
R02,SKU-1210,2026-01-29,13,0,0
R02,SKU-1210,2026-01-30,21,0,0
R02,SKU-1210,2026-01-31,12,0,0
R02,SKU-1063,2026-01-01,29,1,0
R02,SKU-1063,02-Jan-26,32,0,0
R02,SKU-1063,2026-01-03,37,0,0
R02,SKU-1063,01/04/2026,23,0,0
R02,SKU-1063,2026-01-05,32,0,0
R02,SKU-1063,2026-01-06,22,0,0
R02,SKU-1063,07-Jan-26,27,0,0
R02,SKU-1063,08-Jan-26,32,1,0
R02,SKU-1063,2026-01-09,30,0,0
R02,SKU-1063,10-Jan-26,32,1,0
R02,SKU-1063,2026-01-11,37,0,0
R02,SKU-1063,01/12/2026,31,0,0
R02,SKU-1063,2026-01-13,33,1,0
R02,SKU-1063,01/14/2026,32,0,0
R02,SKU-1063,01/15/2026,25,0,0
R02,SKU-1063,16-Jan-26,30,0,0
R02,SKU-1063,2026-01-17,32,1,0
R02,SKU-1063,2026-01-18,35,0,1
R02,SKU-1063,2026-01-19,34,0,0
R02,SKU-1063,2026-01-20,23,1,1
R02,SKU-1063,21-Jan-26,38,1,1
R02,SKU-1063,2026-01-22,34,2,0
R02,SKU-1063,2026-01-23,30,0,0
R02,SKU-1063,01/24/2026,43,1,0
R02,SKU-1063,01/25/2026,34,0,0
R02,SKU-1063,2026-01-26,32,1,0
R02,SKU-1063,27-Jan-26,34,0,0
R02,SKU-1063,01/28/2026,34,0,0
R02,SKU-1063,2026-01-29,32,0,0
R02,SKU-1063,2026-01-30,29,0,0
R02,SKU-1063,2026-01-31,30,0,0
R02,SKU-1203,2026-01-01,24,0,0
R02,SKU-1203,2026-01-02,27,3,1
R02,SKU-1203,2026-01-03,22,0,0
R02,SKU-1203,01/04/2026,19,0,0
R02,SKU-1203,2026-01-05,26,0,0
R02,SKU-1203,01/06/2026,21,0,1
R02,SKU-1203,2026-01-07,19,1,0
R02,SKU-1203,2026-01-08,19,1,0
R02,SKU-1203,01/09/2026,22,0,0
R02,SKU-1203,01/10/2026,19,0,0
R02,SKU-1203,2026-01-11,20,1,0
R02,SKU-1203,2026-01-12,19,0,0
R02,SKU-1203,2026-01-13,25,0,0
R02,SKU-1203,2026-01-14,21,0,0
R02,SKU-1203,2026-01-15,14,0,0
R02,SKU-1203,01/16/2026,19,0,0
R02,SKU-1203,01/17/2026,20,0,0
R02,SKU-1203,2026-01-18,20,1,0
R02,SKU-1203,2026-01-19,22,0,0
R02,SKU-1203,2026-01-20,22,1,0
R02,SKU-1203,2026-01-21,28,1,1
R02,SKU-1203,01/22/2026,20,3,0
R02,SKU-1203,23-Jan-26,25,0,0
R02,SKU-1203,2026-01-24,24,0,0
R02,SKU-1203,2026-01-25,26,0,0
R02,SKU-1203,26-Jan-26,19,0,0
R02,SKU-1203,01/27/2026,22,1,0
R02,SKU-1203,2026-01-28,20,1,0
R02,SKU-1203,29-Jan-26,26,2,0
R02,SKU-1203,01/30/2026,26,1,1
R02,SKU-1203,2026-01-31,23,1,0
R02,SKU-1021,2026-01-01,26,2,1
R02,SKU-1021,01/02/2026,25,1,0
R02,SKU-1021,2026-01-03,28,1,0
R02,SKU-1021,2026-01-04,25,0,0
R02,SKU-1021,2026-01-05,27,0,0
R02,SKU-1021,2026-01-06,28,0,1
R02,SKU-1021,2026-01-07,31,0,0
R02,SKU-1021,2026-01-08,30,0,0
R02,SKU-1021,2026-01-09,25,0,0
R02,SKU-1021,01/10/2026,30,0,1
R02,SKU-1021,01/11/2026,25,0,0
R02,SKU-1021,01/12/2026,24,0,0
R02,SKU-1021,2026-01-13,30,0,0
R02,SKU-1021,2026-01-14,26,1,0
R02,SKU-1021,15-Jan-26,31,2,0
R02,SKU-1021,2026-01-16,27,0,0
R02,SKU-1021,2026-01-17,29,0,0
R02,SKU-1021,2026-01-18,23,0,0
R02,SKU-1021,01/19/2026,30,0,0
R02,SKU-1021,2026-01-20,24,0,0
R02,SKU-1021,2026-01-21,32,2,0
R02,SKU-1021,2026-01-22,19,0,0
R02,SKU-1021,01/23/2026,24,1,0
R02,SKU-1021,01/24/2026,27,0,0
R02,SKU-1021,25-Jan-26,31,0,0
R02,SKU-1021,2026-01-26,23,0,0
R02,SKU-1021,2026-01-27,30,0,0
R02,SKU-1021,01/28/2026,23,2,0
R02,SKU-1021,2026-01-29,23,1,0
R02,SKU-1021,01/30/2026,34,0,0
R02,SKU-1021,2026-01-31,26,1,0
R02,SKU-1189,01-Jan-26,18,0,0
R02,SKU-1189,01/02/2026,23,0,0
R02,SKU-1189,2026-01-03,19,0,0
R02,SKU-1189,01/04/2026,13,2,0
R02,SKU-1189,2026-01-05,23,1,0
R02,SKU-1189,2026-01-06,19,1,0
R02,SKU-1189,2026-01-07,20,0,0
R02,SKU-1189,08-Jan-26,16,0,0
R02,SKU-1189,2026-01-09,31,0,0
R02,SKU-1189,2026-01-10,24,0,0
R02,SKU-1189,2026-01-11,26,0,1
R02,SKU-1189,01/12/2026,18,0,0
R02,SKU-1189,2026-01-13,17,0,0
R02,SKU-1189,01/14/2026,15,1,0
R02,SKU-1189,2026-01-15,19,0,0
R02,SKU-1189,01/16/2026,17,0,0
R02,SKU-1189,17-Jan-26,18,0,0
R02,SKU-1189,2026-01-18,14,0,0
R02,SKU-1189,2026-01-19,17,0,1
R02,SKU-1189,2026-01-20,23,0,1
R02,SKU-1189,2026-01-21,21,0,1
R02,SKU-1189,2026-01-22,16,0,0
R02,SKU-1189,2026-01-23,22,0,0
R02,SKU-1189,01/24/2026,15,0,0
R02,SKU-1189,25-Jan-26,21,0,0
R02,SKU-1189,26-Jan-26,24,0,0
R02,SKU-1189,01/27/2026,18,0,1
R02,SKU-1189,01/28/2026,17,0,0
R02,SKU-1189,2026-01-29,24,0,0
R02,SKU-1189,2026-01-30,19,0,0
R02,SKU-1189,2026-01-31,12,0,0
R02,SKU-1175,2026-01-01,20,2,1
R02,SKU-1175,2026-01-02,24,0,0
R02,SKU-1175,01/03/2026,18,1,1
R02,SKU-1175,2026-01-04,30,0,1
R02,SKU-1175,2026-01-05,18,0,1
R02,SKU-1175,06-Jan-26,20,0,0
R02,SKU-1175,07-Jan-26,26,1,0
R02,SKU-1175,2026-01-08,38,0,0
R02,SKU-1175,09-Jan-26,20,1,0
R02,SKU-1175,2026-01-10,26,0,0
R02,SKU-1175,2026-01-11,22,0,0
R02,SKU-1175,2026-01-12,28,1,1
R02,SKU-1175,2026-01-13,21,0,0
R02,SKU-1175,14-Jan-26,20,0,0
R02,SKU-1175,15-Jan-26,21,0,1
R02,SKU-1175,16-Jan-26,25,1,0
R02,SKU-1175,2026-01-17,24,0,0
R02,SKU-1175,01/18/2026,21,0,0
R02,SKU-1175,19-Jan-26,29,0,0
R02,SKU-1175,2026-01-20,30,0,0
R02,SKU-1175,2026-01-21,22,0,0
R02,SKU-1175,2026-01-22,22,0,0
R02,SKU-1175,01/23/2026,18,0,0
R02,SKU-1175,2026-01-24,22,2,0
R02,SKU-1175,2026-01-25,26,0,0
R02,SKU-1175,2026-01-26,23,0,0
R02,SKU-1175,2026-01-27,19,0,0
R02,SKU-1175,2026-01-28,29,0,0
R02,SKU-1175,2026-01-29,15,0,0
R02,SKU-1175,01/30/2026,24,0,0
R02,SKU-1175,2026-01-31,26,0,0
R02,SKU-1042,2026-01-01,26,0,0
R02,SKU-1042,2026-01-02,22,0,0
R02,SKU-1042,2026-01-03,15,2,0
R02,SKU-1042,2026-01-04,25,3,0
R02,SKU-1042,2026-01-05,24,0,0
R02,SKU-1042,2026-01-06,24,0,0
R02,SKU-1042,2026-01-07,29,2,0
R02,SKU-1042,08-Jan-26,20,1,0
R02,SKU-1042,2026-01-09,29,0,0
R02,SKU-1042,2026-01-10,18,0,0
R02,SKU-1042,2026-01-11,26,0,0
R02,SKU-1042,12-Jan-26,26,0,0
R02,SKU-1042,01/13/2026,25,1,1
R02,SKU-1042,01/14/2026,36,0,0
R02,SKU-1042,2026-01-15,22,0,0
R02,SKU-1042,2026-01-16,25,1,0
R02,SKU-1042,2026-01-17,36,0,0
R02,SKU-1042,2026-01-18,22,0,0
R02,SKU-1042,2026-01-19,35,0,0
R02,SKU-1042,2026-01-20,22,1,0
R02,SKU-1042,2026-01-21,24,1,0
R02,SKU-1042,01/22/2026,21,1,0
R02,SKU-1042,2026-01-23,30,0,1
R02,SKU-1042,2026-01-24,16,0,1
R02,SKU-1042,2026-01-25,31,1,0
R02,SKU-1042,01/26/2026,32,0,0
R02,SKU-1042,2026-01-27,23,0,0
R02,SKU-1042,2026-01-28,24,0,1
R02,SKU-1042,01/29/2026,32,0,0
R02,SKU-1042,30-Jan-26,18,0,0
R02,SKU-1042,31-Jan-26,31,0,0
R02,SKU-1007,01-Jan-26,14,2,0
R02,SKU-1007,2026-01-02,8,1,0
R02,SKU-1007,2026-01-03,13,0,0
R02,SKU-1007,2026-01-04,12,0,0
R02,SKU-1007,2026-01-05,13,0,0
R02,SKU-1007,2026-01-06,13,0,0
R02,SKU-1007,01/07/2026,13,1,0
R02,SKU-1007,01/08/2026,12,0,0
R02,SKU-1007,2026-01-09,14,0,0
R02,SKU-1007,2026-01-10,15,0,0
R02,SKU-1007,2026-01-11,30,0,0
R02,SKU-1007,01/12/2026,16,0,0
R02,SKU-1007,01/13/2026,23,1,0
R02,SKU-1007,2026-01-14,15,1,0
R02,SKU-1007,15-Jan-26,15,0,0
R02,SKU-1007,01/16/2026,13,0,0
R02,SKU-1007,17-Jan-26,11,1,0
R02,SKU-1007,2026-01-18,15,0,0
R02,SKU-1007,2026-01-19,14,1,0
R02,SKU-1007,2026-01-20,21,0,0
R02,SKU-1007,2026-01-21,10,0,0
R02,SKU-1007,2026-01-22,14,2,0
R02,SKU-1007,01/23/2026,14,0,0
R02,SKU-1007,2026-01-24,12,0,0
R02,SKU-1007,25-Jan-26,19,0,0
R02,SKU-1007,01/26/2026,21,1,0
R02,SKU-1007,2026-01-27,6,0,0
R02,SKU-1007,2026-01-28,12,0,0
R02,SKU-1007,01/29/2026,14,0,0
R02,SKU-1007,2026-01-30,20,0,0
R02,SKU-1007,31-Jan-26,15,0,0
R02,SKU-1126,2026-01-01,26,0,0
R02,SKU-1126,02-Jan-26,33,0,0
R02,SKU-1126,2026-01-03,29,0,0
R02,SKU-1126,01/04/2026,28,0,0
R02,SKU-1126,2026-01-05,27,0,0
R02,SKU-1126,2026-01-06,23,1,0
R02,SKU-1126,2026-01-07,27,0,0
R02,SKU-1126,2026-01-08,33,0,0
R02,SKU-1126,2026-01-09,34,2,0
R02,SKU-1126,2026-01-10,29,0,0
R02,SKU-1126,2026-01-11,33,0,0
R02,SKU-1126,01/12/2026,35,0,0
R02,SKU-1126,01/13/2026,33,1,0
R02,SKU-1126,2026-01-14,26,0,0
R02,SKU-1126,01/15/2026,29,2,0
R02,SKU-1126,01/16/2026,27,0,0
R02,SKU-1126,2026-01-17,29,1,0
R02,SKU-1126,2026-01-18,28,0,0
R02,SKU-1126,01/19/2026,33,1,0
R02,SKU-1126,01/20/2026,25,0,0
R02,SKU-1126,2026-01-21,27,1,0
R02,SKU-1126,2026-01-22,30,0,0
R02,SKU-1126,01/23/2026,21,0,0
R02,SKU-1126,2026-01-24,25,0,0
R02,SKU-1126,2026-01-25,28,0,0
R02,SKU-1126,01/26/2026,22,1,0
R02,SKU-1126,2026-01-27,25,1,0
R02,SKU-1126,2026-01-28,27,0,0
R02,SKU-1126,29-Jan-26,32,0,0
R02,SKU-1126,01/30/2026,33,0,0
R02,SKU-1126,01/31/2026,35,1,0
R02,SKU-1273,01-Jan-26,16,0,0
R02,SKU-1273,2026-01-02,25,0,0
R02,SKU-1273,01/03/2026,31,0,0
R02,SKU-1273,2026-01-04,15,0,1
R02,SKU-1273,2026-01-05,26,2,0
R02,SKU-1273,06-Jan-26,16,0,0
R02,SKU-1273,07-Jan-26,27,2,0
R02,SKU-1273,01/08/2026,21,2,0
R02,SKU-1273,2026-01-09,26,0,0
R02,SKU-1273,2026-01-10,20,0,0
R02,SKU-1273,2026-01-11,21,0,0
R02,SKU-1273,01/12/2026,14,1,0
R02,SKU-1273,2026-01-13,20,2,0
R02,SKU-1273,2026-01-14,13,1,1
R02,SKU-1273,2026-01-15,20,0,0
R02,SKU-1273,01/16/2026,23,1,0
R02,SKU-1273,01/17/2026,18,0,0
R02,SKU-1273,2026-01-18,19,0,0
R02,SKU-1273,01/19/2026,13,1,0
R02,SKU-1273,01/20/2026,19,1,0
R02,SKU-1273,2026-01-21,21,1,0
R02,SKU-1273,22-Jan-26,22,0,0
R02,SKU-1273,2026-01-23,23,1,0
R02,SKU-1273,2026-01-24,23,1,0
R02,SKU-1273,25-Jan-26,22,0,0
R02,SKU-1273,2026-01-26,21,0,0
R02,SKU-1273,01/27/2026,17,0,0
R02,SKU-1273,2026-01-28,25,0,0
R02,SKU-1273,01/29/2026,13,0,1
R02,SKU-1273,2026-01-30,19,0,1
R02,SKU-1273,2026-01-31,18,1,0
R02,SKU-1056,01-Jan-26,20,0,0
R02,SKU-1056,2026-01-02,12,1,0
R02,SKU-1056,2026-01-03,9,0,0
R02,SKU-1056,04-Jan-26,23,0,0
R02,SKU-1056,01/05/2026,20,2,0
R02,SKU-1056,2026-01-06,25,1,0
R02,SKU-1056,2026-01-07,17,1,0
R02,SKU-1056,2026-01-08,18,0,0
R02,SKU-1056,2026-01-09,17,1,0
R02,SKU-1056,2026-01-10,20,0,0
R02,SKU-1056,2026-01-11,17,0,0
R02,SKU-1056,12-Jan-26,18,1,0
R02,SKU-1056,2026-01-13,15,0,0
R02,SKU-1056,2026-01-14,19,1,0
R02,SKU-1056,01/15/2026,17,1,0
R02,SKU-1056,01/16/2026,18,0,0
R02,SKU-1056,01/17/2026,22,0,0
R02,SKU-1056,01/18/2026,20,0,0
R02,SKU-1056,01/19/2026,19,0,0
R02,SKU-1056,01/20/2026,21,0,0
R02,SKU-1056,2026-01-21,19,0,0
R02,SKU-1056,22-Jan-26,25,0,0
R02,SKU-1056,01/23/2026,14,0,0
R02,SKU-1056,2026-01-24,20,0,0
R02,SKU-1056,01/25/2026,20,1,0
R02,SKU-1056,26-Jan-26,17,1,0
R02,SKU-1056,2026-01-27,11,0,0
R02,SKU-1056,2026-01-28,19,1,0
R02,SKU-1056,2026-01-29,16,0,0
R02,SKU-1056,2026-01-30,22,1,0
R02,SKU-1056,01/31/2026,21,0,0
R02,SKU-1280,01/01/2026,19,0,1
R02,SKU-1280,02-Jan-26,26,1,0
R02,SKU-1280,2026-01-03,19,0,0
R02,SKU-1280,2026-01-04,25,0,0
R02,SKU-1280,01/05/2026,22,0,0
R02,SKU-1280,2026-01-06,26,0,0
R02,SKU-1280,2026-01-07,11,0,0
R02,SKU-1280,2026-01-08,21,0,0
R02,SKU-1280,2026-01-09,18,0,0
R02,SKU-1280,01/10/2026,18,0,0
R02,SKU-1280,11-Jan-26,13,0,0
R02,SKU-1280,2026-01-12,20,0,0
R02,SKU-1280,2026-01-13,19,0,0
R02,SKU-1280,2026-01-14,19,1,0
R02,SKU-1280,01/15/2026,18,2,0
R02,SKU-1280,2026-01-16,14,1,0
R02,SKU-1280,2026-01-17,25,0,1
R02,SKU-1280,2026-01-18,15,0,0
R02,SKU-1280,2026-01-19,20,1,0
R02,SKU-1280,2026-01-20,12,0,0
R02,SKU-1280,2026-01-21,12,0,1
R02,SKU-1280,2026-01-22,15,0,0
R02,SKU-1280,2026-01-23,21,0,1
R02,SKU-1280,01/24/2026,16,1,0
R02,SKU-1280,01/25/2026,22,1,0
R02,SKU-1280,26-Jan-26,23,0,0
R02,SKU-1280,2026-01-27,20,0,0
R02,SKU-1280,01/28/2026,16,0,0
R02,SKU-1280,29-Jan-26,12,0,0
R02,SKU-1280,2026-01-30,15,2,0
R02,SKU-1280,01/31/2026,18,0,0
R02,SKU-1259,01-Jan-26,25,0,0
R02,SKU-1259,2026-01-02,19,0,0
R02,SKU-1259,2026-01-03,23,0,0
R02,SKU-1259,2026-01-04,24,0,0
R02,SKU-1259,2026-01-05,20,0,0
R02,SKU-1259,2026-01-06,24,0,1
R02,SKU-1259,2026-01-07,27,2,0
R02,SKU-1259,01/08/2026,21,0,0
R02,SKU-1259,2026-01-09,26,0,0
R02,SKU-1259,2026-01-10,25,0,0
R02,SKU-1259,2026-01-11,21,0,0
R02,SKU-1259,12-Jan-26,18,0,0
R02,SKU-1259,13-Jan-26,16,0,0
R02,SKU-1259,2026-01-14,25,0,0
R02,SKU-1259,2026-01-15,22,1,0
R02,SKU-1259,01/16/2026,26,0,1
R02,SKU-1259,2026-01-17,24,1,0
R02,SKU-1259,01/18/2026,21,0,0
R02,SKU-1259,19-Jan-26,23,2,0
R02,SKU-1259,2026-01-20,32,1,0
R02,SKU-1259,2026-01-21,22,0,0
R02,SKU-1259,2026-01-22,23,2,0
R02,SKU-1259,2026-01-23,32,0,0
R02,SKU-1259,2026-01-24,24,0,0
R02,SKU-1259,2026-01-25,25,1,0
R02,SKU-1259,2026-01-26,19,0,0
R02,SKU-1259,2026-01-27,24,0,0
R02,SKU-1259,2026-01-28,16,2,0
R02,SKU-1259,01/29/2026,34,0,1
R02,SKU-1259,01/30/2026,28,1,0
R02,SKU-1259,2026-01-31,28,0,0
R03,SKU-1091,2026-01-01,9,0,1
R03,SKU-1091,01/02/2026,9,0,0
R03,SKU-1091,01/03/2026,14,0,1
R03,SKU-1091,01/04/2026,9,0,0
R03,SKU-1091,01/05/2026,12,1,0
R03,SKU-1091,2026-01-06,13,0,0
R03,SKU-1091,2026-01-07,17,1,0
R03,SKU-1091,2026-01-08,6,0,0
R03,SKU-1091,2026-01-09,11,2,0
R03,SKU-1091,01/10/2026,10,1,0
R03,SKU-1091,2026-01-11,5,0,0
R03,SKU-1091,01/12/2026,18,2,0
R03,SKU-1091,13-Jan-26,8,0,0
R03,SKU-1091,14-Jan-26,14,0,0
R03,SKU-1091,2026-01-15,11,2,0
R03,SKU-1091,2026-01-16,14,0,1
R03,SKU-1091,2026-01-17,16,0,0
R03,SKU-1091,2026-01-18,17,0,1
R03,SKU-1091,19-Jan-26,12,0,0
R03,SKU-1091,2026-01-20,11,0,0
R03,SKU-1091,2026-01-21,10,0,1
R03,SKU-1091,01/22/2026,9,1,0
R03,SKU-1091,01/23/2026,11,0,0
R03,SKU-1091,2026-01-24,8,0,0
R03,SKU-1091,2026-01-25,8,1,0
R03,SKU-1091,01/26/2026,9,1,0
R03,SKU-1091,2026-01-27,11,0,0
R03,SKU-1091,2026-01-28,10,0,0
R03,SKU-1091,01/29/2026,12,0,0
R03,SKU-1091,2026-01-30,11,0,0
R03,SKU-1091,2026-01-31,8,1,0
R03,SKU-1140,2026-01-01,29,0,1
R03,SKU-1140,2026-01-02,22,0,0
R03,SKU-1140,2026-01-03,32,1,0
R03,SKU-1140,2026-01-04,30,0,0
R03,SKU-1140,2026-01-05,29,0,0
R03,SKU-1140,06-Jan-26,21,0,0
R03,SKU-1140,01/07/2026,30,0,0
R03,SKU-1140,2026-01-08,27,0,0
R03,SKU-1140,01/09/2026,25,1,1
R03,SKU-1140,2026-01-10,24,0,0
R03,SKU-1140,2026-01-11,19,0,0
R03,SKU-1140,12-Jan-26,31,0,0
R03,SKU-1140,01/13/2026,33,0,0
R03,SKU-1140,01/14/2026,27,1,0
R03,SKU-1140,2026-01-15,37,1,0
R03,SKU-1140,2026-01-16,23,2,0
R03,SKU-1140,2026-01-17,20,0,0
R03,SKU-1140,2026-01-18,29,0,0
R03,SKU-1140,01/19/2026,29,0,0
R03,SKU-1140,2026-01-20,17,0,0
R03,SKU-1140,01/21/2026,26,0,0
R03,SKU-1140,2026-01-22,31,1,0
R03,SKU-1140,2026-01-23,26,0,0
R03,SKU-1140,2026-01-24,29,2,0
R03,SKU-1140,25-Jan-26,27,1,0
R03,SKU-1140,2026-01-26,27,1,0
R03,SKU-1140,2026-01-27,30,0,1
R03,SKU-1140,2026-01-28,33,0,0
R03,SKU-1140,29-Jan-26,32,1,0
R03,SKU-1140,2026-01-30,20,0,0
R03,SKU-1140,2026-01-31,28,0,0
R03,SKU-1035,2026-01-01,21,0,0
R03,SKU-1035,2026-01-02,28,0,0
R03,SKU-1035,01/03/2026,22,0,1
R03,SKU-1035,2026-01-04,22,2,0
R03,SKU-1035,2026-01-05,22,0,0
R03,SKU-1035,2026-01-06,30,0,0
R03,SKU-1035,2026-01-07,28,1,0
R03,SKU-1035,08-Jan-26,27,0,0
R03,SKU-1035,2026-01-09,27,0,0
R03,SKU-1035,01/10/2026,29,0,0
R03,SKU-1035,01/11/2026,21,0,0
R03,SKU-1035,2026-01-12,30,0,0
R03,SKU-1035,2026-01-13,27,2,0
R03,SKU-1035,01/14/2026,30,0,1
R03,SKU-1035,2026-01-15,26,0,0
R03,SKU-1035,2026-01-16,27,0,1
R03,SKU-1035,17-Jan-26,27,0,1
R03,SKU-1035,2026-01-18,33,1,0
R03,SKU-1035,2026-01-19,29,2,0
R03,SKU-1035,2026-01-20,27,0,1
R03,SKU-1035,2026-01-21,23,0,0
R03,SKU-1035,2026-01-22,23,1,0
R03,SKU-1035,01/23/2026,18,0,0
R03,SKU-1035,2026-01-24,22,0,0
R03,SKU-1035,2026-01-25,17,1,1
R03,SKU-1035,2026-01-26,23,0,0
R03,SKU-1035,2026-01-27,27,0,0
R03,SKU-1035,28-Jan-26,21,0,0
R03,SKU-1035,01/29/2026,38,0,0
R03,SKU-1035,01/30/2026,34,1,0
R03,SKU-1035,01/31/2026,29,0,1
R03,SKU-1098,2026-01-01,23,0,0
R03,SKU-1098,02-Jan-26,22,0,0
R03,SKU-1098,2026-01-03,25,0,0
R03,SKU-1098,2026-01-04,23,0,0
R03,SKU-1098,2026-01-05,29,0,0
R03,SKU-1098,2026-01-06,23,0,0
R03,SKU-1098,2026-01-07,18,0,0
R03,SKU-1098,2026-01-08,30,0,0
R03,SKU-1098,2026-01-09,26,0,0
R03,SKU-1098,01/10/2026,33,0,0
R03,SKU-1098,2026-01-11,32,0,0
R03,SKU-1098,2026-01-12,31,0,0
R03,SKU-1098,13-Jan-26,20,0,1
R03,SKU-1098,2026-01-14,17,1,0
R03,SKU-1098,15-Jan-26,27,0,0
R03,SKU-1098,2026-01-16,21,0,0
R03,SKU-1098,01/17/2026,29,0,0
R03,SKU-1098,2026-01-18,28,0,0
R03,SKU-1098,01/19/2026,30,0,0
R03,SKU-1098,01/20/2026,31,0,0
R03,SKU-1098,2026-01-21,23,2,1
R03,SKU-1098,01/22/2026,26,0,0
R03,SKU-1098,2026-01-23,31,0,0
R03,SKU-1098,2026-01-24,29,1,0
R03,SKU-1098,2026-01-25,25,0,0
R03,SKU-1098,01/26/2026,26,0,0
R03,SKU-1098,2026-01-27,22,0,0
R03,SKU-1098,2026-01-28,28,2,0
R03,SKU-1098,01/29/2026,26,0,0
R03,SKU-1098,2026-01-30,22,0,0
R03,SKU-1098,2026-01-31,28,0,0
R03,SKU-1049,2026-01-01,15,0,0
R03,SKU-1049,2026-01-02,6,0,0
R03,SKU-1049,01/03/2026,11,0,0
R03,SKU-1049,2026-01-04,13,0,0
R03,SKU-1049,2026-01-05,13,1,0
R03,SKU-1049,2026-01-06,10,0,0
R03,SKU-1049,2026-01-07,15,1,0
R03,SKU-1049,2026-01-08,12,0,0
R03,SKU-1049,01/09/2026,11,2,1
R03,SKU-1049,01/10/2026,6,0,0
R03,SKU-1049,01/11/2026,6,0,0
R03,SKU-1049,01/12/2026,11,0,0
R03,SKU-1049,2026-01-13,10,1,0
R03,SKU-1049,14-Jan-26,19,0,0
R03,SKU-1049,01/15/2026,7,0,0
R03,SKU-1049,2026-01-16,12,0,0
R03,SKU-1049,01/17/2026,11,0,0
R03,SKU-1049,2026-01-18,10,0,1
R03,SKU-1049,01/19/2026,15,0,0
R03,SKU-1049,01/20/2026,15,0,0
R03,SKU-1049,2026-01-21,12,0,0
R03,SKU-1049,01/22/2026,12,0,0
R03,SKU-1049,2026-01-23,10,0,0
R03,SKU-1049,2026-01-24,10,0,0
R03,SKU-1049,2026-01-25,14,1,0
R03,SKU-1049,26-Jan-26,15,0,0
R03,SKU-1049,2026-01-27,11,1,0
R03,SKU-1049,28-Jan-26,14,1,0
R03,SKU-1049,29-Jan-26,17,3,0
R03,SKU-1049,01/30/2026,14,0,0
R03,SKU-1049,01/31/2026,9,1,0
R03,SKU-1161,2026-01-01,29,0,0
R03,SKU-1161,2026-01-02,29,1,0
R03,SKU-1161,2026-01-03,36,1,0
R03,SKU-1161,01/04/2026,37,0,1
R03,SKU-1161,2026-01-05,22,2,0
R03,SKU-1161,2026-01-06,32,2,0
R03,SKU-1161,2026-01-07,25,1,0
R03,SKU-1161,01/08/2026,33,0,0
R03,SKU-1161,2026-01-09,26,0,0
R03,SKU-1161,01/10/2026,31,0,0
R03,SKU-1161,2026-01-11,37,0,0
R03,SKU-1161,2026-01-12,30,0,0
R03,SKU-1161,2026-01-13,31,0,0
R03,SKU-1161,14-Jan-26,33,0,0
R03,SKU-1161,2026-01-15,27,2,0
R03,SKU-1161,01/16/2026,28,1,0
R03,SKU-1161,2026-01-17,35,0,0
R03,SKU-1161,2026-01-18,30,0,0
R03,SKU-1161,2026-01-19,38,0,1
R03,SKU-1161,2026-01-20,30,0,0
R03,SKU-1161,2026-01-21,29,0,1
R03,SKU-1161,01/22/2026,25,0,0
R03,SKU-1161,23-Jan-26,36,0,0
R03,SKU-1161,2026-01-24,24,0,0
R03,SKU-1161,2026-01-25,22,0,0
R03,SKU-1161,2026-01-26,29,0,0
R03,SKU-1161,27-Jan-26,40,0,0
R03,SKU-1161,01/28/2026,43,2,0
R03,SKU-1161,2026-01-29,34,0,0
R03,SKU-1161,2026-01-30,26,1,0
R03,SKU-1161,2026-01-31,27,0,1
R03,SKU-1063,01/01/2026,7,0,0
R03,SKU-1063,2026-01-02,4,1,0
R03,SKU-1063,03-Jan-26,5,1,0
R03,SKU-1063,2026-01-04,5,0,0
R03,SKU-1063,2026-01-05,4,1,1
R03,SKU-1063,2026-01-06,9,1,0
R03,SKU-1063,2026-01-07,11,0,1
R03,SKU-1063,01/08/2026,7,0,0
R03,SKU-1063,01/09/2026,11,0,0
R03,SKU-1063,2026-01-10,6,0,0
R03,SKU-1063,01/11/2026,6,0,0
R03,SKU-1063,2026-01-12,6,0,0
R03,SKU-1063,01/13/2026,4,0,1
R03,SKU-1063,01/14/2026,8,0,0
R03,SKU-1063,2026-01-15,7,1,1
R03,SKU-1063,01/16/2026,7,0,0
R03,SKU-1063,2026-01-17,4,0,1
R03,SKU-1063,2026-01-18,9,0,1
R03,SKU-1063,2026-01-19,16,0,0
R03,SKU-1063,2026-01-20,6,1,0
R03,SKU-1063,2026-01-21,3,0,0
R03,SKU-1063,2026-01-22,13,0,1
R03,SKU-1063,2026-01-23,8,0,0
R03,SKU-1063,2026-01-24,5,0,0
R03,SKU-1063,2026-01-25,9,0,0
R03,SKU-1063,2026-01-26,9,0,0
R03,SKU-1063,2026-01-27,6,1,0
R03,SKU-1063,01/28/2026,8,0,0
R03,SKU-1063,2026-01-29,13,0,0
R03,SKU-1063,01/30/2026,8,0,0
R03,SKU-1063,2026-01-31,6,1,1
R03,SKU-1224,2026-01-01,10,0,0
R03,SKU-1224,02-Jan-26,15,0,0
R03,SKU-1224,2026-01-03,13,0,0
R03,SKU-1224,2026-01-04,18,1,0
R03,SKU-1224,01/05/2026,22,0,0
R03,SKU-1224,2026-01-06,13,1,0
R03,SKU-1224,2026-01-07,11,0,0
R03,SKU-1224,2026-01-08,13,3,0
R03,SKU-1224,2026-01-09,15,0,0
R03,SKU-1224,01/10/2026,18,0,0
R03,SKU-1224,01/11/2026,15,0,0
R03,SKU-1224,2026-01-12,12,0,0
R03,SKU-1224,2026-01-13,16,1,1
R03,SKU-1224,2026-01-14,22,1,1
R03,SKU-1224,2026-01-15,18,1,0
R03,SKU-1224,2026-01-16,16,1,0
R03,SKU-1224,17-Jan-26,14,0,0
R03,SKU-1224,01/18/2026,10,2,0
R03,SKU-1224,2026-01-19,16,0,0
R03,SKU-1224,2026-01-20,14,1,0
R03,SKU-1224,2026-01-21,14,0,0
R03,SKU-1224,2026-01-22,23,0,1
R03,SKU-1224,01/23/2026,14,1,0
R03,SKU-1224,01/24/2026,12,1,0
R03,SKU-1224,25-Jan-26,9,0,0
R03,SKU-1224,2026-01-26,14,0,0
R03,SKU-1224,2026-01-27,20,0,0
R03,SKU-1224,01/28/2026,20,1,0
R03,SKU-1224,2026-01-29,17,0,0
R03,SKU-1224,2026-01-30,12,0,0
R03,SKU-1224,2026-01-31,16,0,0
R03,SKU-1084,2026-01-01,18,0,0
R03,SKU-1084,2026-01-02,12,0,0
R03,SKU-1084,03-Jan-26,8,0,0
R03,SKU-1084,2026-01-04,12,0,0
R03,SKU-1084,2026-01-05,9,0,1
R03,SKU-1084,2026-01-06,5,0,0
R03,SKU-1084,01/07/2026,8,0,0
R03,SKU-1084,2026-01-08,9,0,0
R03,SKU-1084,01/09/2026,11,0,1
R03,SKU-1084,01/10/2026,13,0,1
R03,SKU-1084,2026-01-11,11,1,0
R03,SKU-1084,2026-01-12,15,2,0
R03,SKU-1084,01/13/2026,10,0,0
R03,SKU-1084,2026-01-14,11,0,0
R03,SKU-1084,01/15/2026,14,1,0
R03,SKU-1084,2026-01-16,14,1,0
R03,SKU-1084,17-Jan-26,9,0,0
R03,SKU-1084,2026-01-18,11,1,0
R03,SKU-1084,19-Jan-26,14,0,0
R03,SKU-1084,01/20/2026,12,0,0
R03,SKU-1084,2026-01-21,7,1,1
R03,SKU-1084,01/22/2026,10,0,0
R03,SKU-1084,01/23/2026,14,0,0
R03,SKU-1084,01/24/2026,12,0,0
R03,SKU-1084,01/25/2026,15,0,0
R03,SKU-1084,26-Jan-26,13,0,1
R03,SKU-1084,27-Jan-26,14,0,0
R03,SKU-1084,2026-01-28,15,0,0
R03,SKU-1084,2026-01-29,17,0,0
R03,SKU-1084,2026-01-30,15,0,0
R03,SKU-1084,2026-01-31,10,0,0
R03,SKU-1126,2026-01-01,25,0,0
R03,SKU-1126,2026-01-02,29,1,0
R03,SKU-1126,2026-01-03,18,0,1
R03,SKU-1126,2026-01-04,30,2,0
R03,SKU-1126,2026-01-05,26,1,0
R03,SKU-1126,01/06/2026,36,0,0
R03,SKU-1126,07-Jan-26,24,0,0
R03,SKU-1126,01/08/2026,33,0,0
R03,SKU-1126,2026-01-09,28,0,0
R03,SKU-1126,10-Jan-26,33,1,0
R03,SKU-1126,2026-01-11,29,2,0
R03,SKU-1126,12-Jan-26,23,0,0
R03,SKU-1126,2026-01-13,24,0,1
R03,SKU-1126,2026-01-14,21,0,0
R03,SKU-1126,2026-01-15,34,1,0
R03,SKU-1126,16-Jan-26,31,0,0
R03,SKU-1126,2026-01-17,33,1,0
R03,SKU-1126,2026-01-18,28,0,0
R03,SKU-1126,19-Jan-26,27,0,0
R03,SKU-1126,01/20/2026,19,1,1
R03,SKU-1126,2026-01-21,28,0,0
R03,SKU-1126,2026-01-22,23,0,0
R03,SKU-1126,2026-01-23,31,0,0
R03,SKU-1126,2026-01-24,38,0,0
R03,SKU-1126,2026-01-25,29,0,0
R03,SKU-1126,2026-01-26,28,0,0
R03,SKU-1126,01/27/2026,27,1,1
R03,SKU-1126,2026-01-28,31,1,0
R03,SKU-1126,2026-01-29,29,0,0
R03,SKU-1126,2026-01-30,28,0,0
R03,SKU-1126,2026-01-31,32,0,0
R03,SKU-1007,2026-01-01,3,0,0
R03,SKU-1007,01/02/2026,2,2,0
R03,SKU-1007,2026-01-03,5,0,0
R03,SKU-1007,01/04/2026,5,0,0
R03,SKU-1007,05-Jan-26,2,1,0
R03,SKU-1007,2026-01-06,7,0,0
R03,SKU-1007,2026-01-07,6,0,0
R03,SKU-1007,08-Jan-26,8,0,0
R03,SKU-1007,2026-01-09,9,0,0
R03,SKU-1007,2026-01-10,5,0,0
R03,SKU-1007,01/11/2026,4,0,0
R03,SKU-1007,2026-01-12,5,0,1
R03,SKU-1007,2026-01-13,5,0,0
R03,SKU-1007,14-Jan-26,9,0,0
R03,SKU-1007,01/15/2026,4,0,0
R03,SKU-1007,2026-01-16,1,1,0
R03,SKU-1007,01/17/2026,4,0,0
R03,SKU-1007,2026-01-18,4,0,0
R03,SKU-1007,19-Jan-26,4,0,0
R03,SKU-1007,2026-01-20,7,0,0
R03,SKU-1007,01/21/2026,2,0,0
R03,SKU-1007,2026-01-22,5,0,0
R03,SKU-1007,2026-01-23,3,0,0
R03,SKU-1007,24-Jan-26,3,0,0
R03,SKU-1007,01/25/2026,5,1,0
R03,SKU-1007,2026-01-26,3,1,0
R03,SKU-1007,27-Jan-26,3,0,0
R03,SKU-1007,01/28/2026,7,1,0
R03,SKU-1007,2026-01-29,7,1,0
R03,SKU-1007,2026-01-30,5,2,0
R03,SKU-1007,2026-01-31,5,0,0
R03,SKU-1021,01/01/2026,26,0,0
R03,SKU-1021,01/02/2026,43,1,0
R03,SKU-1021,2026-01-03,23,0,0
R03,SKU-1021,04-Jan-26,31,1,0
R03,SKU-1021,05-Jan-26,20,2,1
R03,SKU-1021,01/06/2026,29,2,0
R03,SKU-1021,2026-01-07,28,1,0
R03,SKU-1021,2026-01-08,28,2,0
R03,SKU-1021,01/09/2026,40,0,1
R03,SKU-1021,2026-01-10,32,0,0
R03,SKU-1021,2026-01-11,38,0,0
R03,SKU-1021,01/12/2026,20,0,0
R03,SKU-1021,2026-01-13,30,0,0
R03,SKU-1021,14-Jan-26,33,0,0
R03,SKU-1021,01/15/2026,22,0,0
R03,SKU-1021,2026-01-16,28,1,0
R03,SKU-1021,2026-01-17,24,0,0
R03,SKU-1021,2026-01-18,34,1,0
R03,SKU-1021,2026-01-19,35,2,0
R03,SKU-1021,2026-01-20,33,2,1
R03,SKU-1021,2026-01-21,32,0,0
R03,SKU-1021,2026-01-22,24,0,0
R03,SKU-1021,01/23/2026,30,1,0
R03,SKU-1021,2026-01-24,31,2,1
R03,SKU-1021,2026-01-25,25,0,0
R03,SKU-1021,2026-01-26,35,0,0
R03,SKU-1021,2026-01-27,28,1,1
R03,SKU-1021,01/28/2026,35,1,0
R03,SKU-1021,2026-01-29,34,1,0
R03,SKU-1021,2026-01-30,35,0,0
R03,SKU-1021,01/31/2026,27,1,1
R03,SKU-1119,2026-01-01,31,0,0
R03,SKU-1119,02-Jan-26,30,0,1
R03,SKU-1119,2026-01-03,32,0,0
R03,SKU-1119,2026-01-04,23,0,0
R03,SKU-1119,2026-01-05,40,0,0
R03,SKU-1119,2026-01-06,33,0,0
R03,SKU-1119,01/07/2026,45,1,0
R03,SKU-1119,2026-01-08,22,1,1
R03,SKU-1119,2026-01-09,35,0,0
R03,SKU-1119,2026-01-10,29,2,0
R03,SKU-1119,2026-01-11,39,1,0
R03,SKU-1119,01/12/2026,33,0,0
R03,SKU-1119,2026-01-13,38,0,0
R03,SKU-1119,14-Jan-26,42,0,1
R03,SKU-1119,2026-01-15,34,0,0
R03,SKU-1119,2026-01-16,38,0,0
R03,SKU-1119,2026-01-17,36,0,0
R03,SKU-1119,2026-01-18,35,0,0
R03,SKU-1119,19-Jan-26,27,0,0
R03,SKU-1119,2026-01-20,32,0,1
R03,SKU-1119,21-Jan-26,40,0,0
R03,SKU-1119,01/22/2026,28,0,0
R03,SKU-1119,2026-01-23,36,0,0
R03,SKU-1119,01/24/2026,36,0,0
R03,SKU-1119,2026-01-25,38,1,0
R03,SKU-1119,2026-01-26,33,0,0
R03,SKU-1119,2026-01-27,31,0,0
R03,SKU-1119,2026-01-28,35,0,1
R03,SKU-1119,2026-01-29,32,1,0
R03,SKU-1119,01/30/2026,30,2,0
R03,SKU-1119,2026-01-31,35,0,0
R03,SKU-1070,2026-01-01,14,0,0
R03,SKU-1070,02-Jan-26,18,0,1
R03,SKU-1070,03-Jan-26,14,0,0
R03,SKU-1070,2026-01-04,15,1,0
R03,SKU-1070,01/05/2026,19,0,0
R03,SKU-1070,01/06/2026,17,0,0
R03,SKU-1070,2026-01-07,23,1,0
R03,SKU-1070,2026-01-08,12,0,0
R03,SKU-1070,09-Jan-26,22,0,0
R03,SKU-1070,01/10/2026,16,1,0
R03,SKU-1070,2026-01-11,26,0,0
R03,SKU-1070,12-Jan-26,18,0,0
R03,SKU-1070,2026-01-13,14,1,0
R03,SKU-1070,2026-01-14,15,0,0
R03,SKU-1070,15-Jan-26,20,1,0
R03,SKU-1070,2026-01-16,21,0,0
R03,SKU-1070,17-Jan-26,11,0,0
R03,SKU-1070,01/18/2026,24,0,0
R03,SKU-1070,01/19/2026,14,1,0
R03,SKU-1070,01/20/2026,16,0,0
R03,SKU-1070,21-Jan-26,21,0,0
R03,SKU-1070,01/22/2026,14,1,0
R03,SKU-1070,01/23/2026,15,0,0
R03,SKU-1070,01/24/2026,16,0,0
R03,SKU-1070,2026-01-25,20,1,0
R03,SKU-1070,2026-01-26,24,0,1
R03,SKU-1070,2026-01-27,24,2,0
R03,SKU-1070,2026-01-28,16,1,0
R03,SKU-1070,2026-01-29,12,0,0
R03,SKU-1070,2026-01-30,19,1,0
R03,SKU-1070,01/31/2026,19,1,0
R03,SKU-1252,2026-01-01,31,0,1
R03,SKU-1252,2026-01-02,27,0,0
R03,SKU-1252,01/03/2026,24,1,0
R03,SKU-1252,2026-01-04,32,1,0
R03,SKU-1252,01/05/2026,27,0,0
R03,SKU-1252,06-Jan-26,32,0,0
R03,SKU-1252,2026-01-07,28,1,0
R03,SKU-1252,2026-01-08,23,0,1
R03,SKU-1252,09-Jan-26,23,0,0
R03,SKU-1252,2026-01-10,29,0,0
R03,SKU-1252,2026-01-11,27,0,0
R03,SKU-1252,2026-01-12,17,0,0
R03,SKU-1252,13-Jan-26,21,0,0
R03,SKU-1252,2026-01-14,25,0,0
R03,SKU-1252,01/15/2026,28,0,1
R03,SKU-1252,2026-01-16,22,0,0
R03,SKU-1252,2026-01-17,20,1,0
R03,SKU-1252,2026-01-18,34,0,0
R03,SKU-1252,2026-01-19,18,0,0
R03,SKU-1252,01/20/2026,23,1,0
R03,SKU-1252,2026-01-21,32,0,0
R03,SKU-1252,2026-01-22,30,1,0
R03,SKU-1252,2026-01-23,28,0,0
R03,SKU-1252,2026-01-24,23,0,0
R03,SKU-1252,25-Jan-26,26,1,0
R03,SKU-1252,01/26/2026,26,0,0
R03,SKU-1252,2026-01-27,32,0,1
R03,SKU-1252,2026-01-28,17,0,0
R03,SKU-1252,2026-01-29,17,0,0
R03,SKU-1252,2026-01-30,28,0,0
R03,SKU-1252,31-Jan-26,27,1,0
R03,SKU-1112,01-Jan-26,24,1,0
R03,SKU-1112,2026-01-02,28,0,0
R03,SKU-1112,03-Jan-26,34,0,0
R03,SKU-1112,2026-01-04,27,0,0
R03,SKU-1112,2026-01-05,32,1,1
R03,SKU-1112,01/06/2026,24,1,0
R03,SKU-1112,07-Jan-26,17,0,0
R03,SKU-1112,01/08/2026,27,0,0
R03,SKU-1112,09-Jan-26,29,0,1
R03,SKU-1112,2026-01-10,32,1,0
R03,SKU-1112,2026-01-11,30,2,0
R03,SKU-1112,01/12/2026,23,1,0
R03,SKU-1112,2026-01-13,32,0,0
R03,SKU-1112,01/14/2026,27,1,0
R03,SKU-1112,2026-01-15,28,1,0
R03,SKU-1112,16-Jan-26,23,0,0
R03,SKU-1112,17-Jan-26,26,0,0
R03,SKU-1112,2026-01-18,29,0,1
R03,SKU-1112,01/19/2026,37,0,0
R03,SKU-1112,2026-01-20,29,1,0
R03,SKU-1112,2026-01-21,27,1,0
R03,SKU-1112,01/22/2026,25,0,0
R03,SKU-1112,2026-01-23,30,0,0
R03,SKU-1112,2026-01-24,27,0,0
R03,SKU-1112,25-Jan-26,23,0,0
R03,SKU-1112,2026-01-26,35,1,0
R03,SKU-1112,2026-01-27,23,0,0
R03,SKU-1112,2026-01-28,25,2,0
R03,SKU-1112,2026-01-29,31,0,0
R03,SKU-1112,2026-01-30,23,1,0
R03,SKU-1112,31-Jan-26,21,0,1
R03,SKU-1175,2026-01-01,17,0,0
R03,SKU-1175,2026-01-02,22,0,1
R03,SKU-1175,2026-01-03,14,0,0
R03,SKU-1175,01/04/2026,21,0,0
R03,SKU-1175,05-Jan-26,16,0,1
R03,SKU-1175,2026-01-06,22,2,1
R03,SKU-1175,07-Jan-26,17,0,0
R03,SKU-1175,2026-01-08,17,0,0
R03,SKU-1175,01/09/2026,22,1,0
R03,SKU-1175,2026-01-10,11,0,0
R03,SKU-1175,2026-01-11,15,0,0
R03,SKU-1175,01/12/2026,25,1,0
R03,SKU-1175,13-Jan-26,15,0,0
R03,SKU-1175,2026-01-14,13,0,0
R03,SKU-1175,01/15/2026,17,1,0
R03,SKU-1175,01/16/2026,22,2,0
R03,SKU-1175,01/17/2026,15,1,0
R03,SKU-1175,2026-01-18,21,0,1
R03,SKU-1175,2026-01-19,19,1,0
R03,SKU-1175,2026-01-20,14,0,0
R03,SKU-1175,01/21/2026,18,1,0
R03,SKU-1175,2026-01-22,18,1,0
R03,SKU-1175,01/23/2026,18,1,0
R03,SKU-1175,01/24/2026,21,0,1
R03,SKU-1175,2026-01-25,21,0,0
R03,SKU-1175,01/26/2026,24,1,1
R03,SKU-1175,2026-01-27,18,1,0
R03,SKU-1175,2026-01-28,14,0,0
R03,SKU-1175,2026-01-29,16,0,0
R03,SKU-1175,30-Jan-26,28,0,0
R03,SKU-1175,2026-01-31,24,0,0
R03,SKU-1259,01-Jan-26,36,0,0
R03,SKU-1259,2026-01-02,33,0,0
R03,SKU-1259,2026-01-03,32,1,0
R03,SKU-1259,2026-01-04,25,0,1
R03,SKU-1259,2026-01-05,30,1,1
R03,SKU-1259,06-Jan-26,28,0,0
R03,SKU-1259,2026-01-07,35,1,0
R03,SKU-1259,2026-01-08,35,0,0
R03,SKU-1259,2026-01-09,17,0,0
R03,SKU-1259,2026-01-10,40,1,0
R03,SKU-1259,2026-01-11,26,0,1
R03,SKU-1259,2026-01-12,21,0,0
R03,SKU-1259,2026-01-13,30,0,0
R03,SKU-1259,01/14/2026,36,0,1
R03,SKU-1259,2026-01-15,27,0,0
R03,SKU-1259,2026-01-16,37,0,0
R03,SKU-1259,2026-01-17,31,1,0
R03,SKU-1259,01/18/2026,31,1,0
R03,SKU-1259,01/19/2026,29,0,0
R03,SKU-1259,01/20/2026,21,0,0
R03,SKU-1259,01/21/2026,29,0,0
R03,SKU-1259,22-Jan-26,24,0,0
R03,SKU-1259,2026-01-23,28,1,0
R03,SKU-1259,2026-01-24,29,0,0
R03,SKU-1259,2026-01-25,30,0,0
R03,SKU-1259,01/26/2026,29,0,1
R03,SKU-1259,2026-01-27,28,3,0
R03,SKU-1259,2026-01-28,31,1,0
R03,SKU-1259,2026-01-29,34,0,0
R03,SKU-1259,2026-01-30,22,0,0
R03,SKU-1259,2026-01-31,33,1,0
R03,SKU-1182,01-Jan-26,8,1,0
R03,SKU-1182,2026-01-02,2,0,1
R03,SKU-1182,2026-01-03,8,0,0
R03,SKU-1182,2026-01-04,4,0,1
R03,SKU-1182,2026-01-05,3,0,0
R03,SKU-1182,01/06/2026,4,0,0
R03,SKU-1182,07-Jan-26,6,0,0
R03,SKU-1182,2026-01-08,6,1,0
R03,SKU-1182,01/09/2026,5,1,0
R03,SKU-1182,01/10/2026,4,1,0
R03,SKU-1182,01/11/2026,5,1,0
R03,SKU-1182,2026-01-12,2,1,0
R03,SKU-1182,2026-01-13,0,0,0
R03,SKU-1182,2026-01-14,2,0,0
R03,SKU-1182,2026-01-15,3,0,0
R03,SKU-1182,01/16/2026,2,0,0
R03,SKU-1182,2026-01-17,8,0,0
R03,SKU-1182,01/18/2026,5,0,0
R03,SKU-1182,2026-01-19,1,1,0
R03,SKU-1182,01/20/2026,2,0,0
R03,SKU-1182,01/21/2026,5,1,0
R03,SKU-1182,01/22/2026,5,0,0
R03,SKU-1182,23-Jan-26,3,0,0
R03,SKU-1182,24-Jan-26,5,0,1
R03,SKU-1182,25-Jan-26,5,0,0
R03,SKU-1182,2026-01-26,2,1,0
R03,SKU-1182,2026-01-27,1,1,0
R03,SKU-1182,01/28/2026,7,2,0
R03,SKU-1182,01/29/2026,8,0,0
R03,SKU-1182,2026-01-30,7,2,0
R03,SKU-1182,2026-01-31,4,1,0
R03,SKU-1266,01-Jan-26,30,0,0
R03,SKU-1266,01/02/2026,33,1,0
R03,SKU-1266,01/03/2026,26,0,0
R03,SKU-1266,2026-01-04,39,0,0
R03,SKU-1266,05-Jan-26,30,0,0
R03,SKU-1266,2026-01-06,36,0,0
R03,SKU-1266,2026-01-07,22,0,0
R03,SKU-1266,2026-01-08,21,0,0
R03,SKU-1266,01/09/2026,32,0,0
R03,SKU-1266,10-Jan-26,38,0,0
R03,SKU-1266,01/11/2026,25,3,1
R03,SKU-1266,2026-01-12,33,0,0
R03,SKU-1266,2026-01-13,37,0,0
R03,SKU-1266,2026-01-14,30,0,0
R03,SKU-1266,2026-01-15,29,0,0
R03,SKU-1266,2026-01-16,32,0,0
R03,SKU-1266,01/17/2026,33,1,0
R03,SKU-1266,2026-01-18,23,0,0
R03,SKU-1266,19-Jan-26,31,0,0
R03,SKU-1266,01/20/2026,28,2,0
R03,SKU-1266,01/21/2026,26,1,0
R03,SKU-1266,2026-01-22,29,0,0
R03,SKU-1266,2026-01-23,21,1,0
R03,SKU-1266,01/24/2026,27,0,0
R03,SKU-1266,01/25/2026,30,0,0
R03,SKU-1266,2026-01-26,21,1,1
R03,SKU-1266,2026-01-27,23,1,0
R03,SKU-1266,2026-01-28,33,0,0
R03,SKU-1266,29-Jan-26,32,0,0
R03,SKU-1266,30-Jan-26,26,0,0
R03,SKU-1266,01/31/2026,31,0,0
R03,SKU-1077,01/01/2026,14,0,0
R03,SKU-1077,2026-01-02,11,1,0
R03,SKU-1077,2026-01-03,16,1,0
R03,SKU-1077,2026-01-04,16,0,1
R03,SKU-1077,05-Jan-26,20,0,1
R03,SKU-1077,2026-01-06,16,0,0
R03,SKU-1077,01/07/2026,17,1,0
R03,SKU-1077,2026-01-08,15,1,0
R03,SKU-1077,01/09/2026,17,0,0
R03,SKU-1077,01/10/2026,17,1,0
R03,SKU-1077,2026-01-11,15,0,0
R03,SKU-1077,2026-01-12,17,1,0
R03,SKU-1077,2026-01-13,16,0,0
R03,SKU-1077,01/14/2026,13,1,0
R03,SKU-1077,01/15/2026,15,0,0
R03,SKU-1077,01/16/2026,13,0,0
R03,SKU-1077,01/17/2026,11,1,0
R03,SKU-1077,2026-01-18,19,0,0
R03,SKU-1077,2026-01-19,17,2,0
R03,SKU-1077,01/20/2026,13,1,0
R03,SKU-1077,21-Jan-26,17,0,0
R03,SKU-1077,22-Jan-26,22,1,0
R03,SKU-1077,01/23/2026,11,0,1
R03,SKU-1077,01/24/2026,22,1,0
R03,SKU-1077,2026-01-25,12,1,0
R03,SKU-1077,2026-01-26,24,0,0
R03,SKU-1077,27-Jan-26,17,0,0
R03,SKU-1077,01/28/2026,9,0,0
R03,SKU-1077,2026-01-29,10,0,0
R03,SKU-1077,30-Jan-26,16,0,0
R03,SKU-1077,2026-01-31,14,1,0
R03,SKU-1280,2026-01-01,29,0,0
R03,SKU-1280,01/02/2026,28,0,0
R03,SKU-1280,01/03/2026,29,0,0
R03,SKU-1280,01/04/2026,26,0,0
R03,SKU-1280,01/05/2026,28,0,0
R03,SKU-1280,2026-01-06,27,0,0
R03,SKU-1280,07-Jan-26,22,0,0
R03,SKU-1280,01/08/2026,25,0,0
R03,SKU-1280,2026-01-09,30,1,0
R03,SKU-1280,2026-01-10,31,1,0
R03,SKU-1280,2026-01-11,35,1,0
R03,SKU-1280,12-Jan-26,27,0,0
R03,SKU-1280,2026-01-13,16,0,0
R03,SKU-1280,2026-01-14,27,0,0
R03,SKU-1280,2026-01-15,24,0,0
R03,SKU-1280,2026-01-16,19,0,0
R03,SKU-1280,17-Jan-26,29,0,0
R03,SKU-1280,18-Jan-26,20,0,0
R03,SKU-1280,2026-01-19,19,2,0
R03,SKU-1280,2026-01-20,23,0,0
R03,SKU-1280,2026-01-21,28,1,0
R03,SKU-1280,01/22/2026,29,0,0
R03,SKU-1280,2026-01-23,28,0,1
R03,SKU-1280,01/24/2026,34,0,0
R03,SKU-1280,2026-01-25,22,0,0
R03,SKU-1280,01/26/2026,31,0,1
R03,SKU-1280,2026-01-27,21,0,0
R03,SKU-1280,28-Jan-26,23,1,0
R03,SKU-1280,2026-01-29,36,0,0
R03,SKU-1280,01/30/2026,32,0,0
R03,SKU-1280,31-Jan-26,28,0,0
R03,SKU-1238,01-Jan-26,27,0,1
R03,SKU-1238,01/02/2026,26,0,0
R03,SKU-1238,03-Jan-26,31,0,0
R03,SKU-1238,04-Jan-26,36,0,0
R03,SKU-1238,05-Jan-26,26,1,0
R03,SKU-1238,01/06/2026,18,0,0
R03,SKU-1238,2026-01-07,23,1,1
R03,SKU-1238,01/08/2026,33,0,0
R03,SKU-1238,09-Jan-26,21,0,0
R03,SKU-1238,2026-01-10,35,0,0
R03,SKU-1238,2026-01-11,28,0,0
R03,SKU-1238,01/12/2026,36,1,0
R03,SKU-1238,2026-01-13,23,0,0
R03,SKU-1238,01/14/2026,37,1,0
R03,SKU-1238,01/15/2026,30,1,0
R03,SKU-1238,16-Jan-26,33,0,0
R03,SKU-1238,2026-01-17,24,0,0
R03,SKU-1238,2026-01-18,24,0,0
R03,SKU-1238,2026-01-19,24,0,0
R03,SKU-1238,2026-01-20,24,0,0
R03,SKU-1238,2026-01-21,28,1,0
R03,SKU-1238,01/22/2026,30,0,1
R03,SKU-1238,01/23/2026,36,0,0
R03,SKU-1238,2026-01-24,27,1,0
R03,SKU-1238,25-Jan-26,25,1,0
R03,SKU-1238,2026-01-26,28,0,0
R03,SKU-1238,2026-01-27,32,0,0
R03,SKU-1238,01/28/2026,24,0,0
R03,SKU-1238,01/29/2026,38,0,0
R03,SKU-1238,2026-01-30,31,1,1
R03,SKU-1238,2026-01-31,25,0,0
R03,SKU-1217,2026-01-01,10,0,0
R03,SKU-1217,2026-01-02,4,0,0
R03,SKU-1217,2026-01-03,6,0,0
R03,SKU-1217,01/04/2026,14,0,1
R03,SKU-1217,2026-01-05,10,0,0
R03,SKU-1217,2026-01-06,4,1,0
R03,SKU-1217,2026-01-07,9,0,0
R03,SKU-1217,08-Jan-26,7,2,0
R03,SKU-1217,2026-01-09,14,0,0
R03,SKU-1217,2026-01-10,5,0,1
R03,SKU-1217,2026-01-11,9,0,0
R03,SKU-1217,01/12/2026,10,0,0
R03,SKU-1217,01/13/2026,6,0,0
R03,SKU-1217,2026-01-14,12,1,1
R03,SKU-1217,2026-01-15,8,0,0
R03,SKU-1217,16-Jan-26,11,3,0
R03,SKU-1217,01/17/2026,14,1,0
R03,SKU-1217,2026-01-18,20,1,0
R03,SKU-1217,19-Jan-26,7,2,0
R03,SKU-1217,2026-01-20,19,1,0
R03,SKU-1217,2026-01-21,9,0,0
R03,SKU-1217,01/22/2026,12,0,0
R03,SKU-1217,01/23/2026,12,0,0
R03,SKU-1217,01/24/2026,9,1,0
R03,SKU-1217,2026-01-25,5,0,0
R03,SKU-1217,2026-01-26,9,0,0
R03,SKU-1217,01/27/2026,12,1,0
R03,SKU-1217,2026-01-28,7,0,0
R03,SKU-1217,2026-01-29,10,0,1
R03,SKU-1217,2026-01-30,6,0,0
R03,SKU-1217,2026-01-31,16,0,0
R04,SKU-1056,2026-01-01,4,1,0
R04,SKU-1056,01/02/2026,6,1,0
R04,SKU-1056,2026-01-03,4,0,0
R04,SKU-1056,01/04/2026,6,1,0
R04,SKU-1056,05-Jan-26,4,0,0
R04,SKU-1056,2026-01-06,4,0,0
R04,SKU-1056,01/07/2026,6,1,0
R04,SKU-1056,01/08/2026,1,2,0
R04,SKU-1056,09-Jan-26,7,1,0
R04,SKU-1056,2026-01-10,2,0,1
R04,SKU-1056,2026-01-11,4,1,0
R04,SKU-1056,2026-01-12,3,0,0
R04,SKU-1056,2026-01-13,4,0,0
R04,SKU-1056,01/14/2026,3,0,0
R04,SKU-1056,2026-01-15,1,0,0
R04,SKU-1056,01/16/2026,3,0,0
R04,SKU-1056,17-Jan-26,1,1,0
R04,SKU-1056,2026-01-18,3,0,0
R04,SKU-1056,01/19/2026,3,0,0
R04,SKU-1056,2026-01-20,8,0,0
R04,SKU-1056,21-Jan-26,6,0,0
R04,SKU-1056,2026-01-22,9,0,0
R04,SKU-1056,2026-01-23,5,2,0
R04,SKU-1056,2026-01-24,5,1,0
R04,SKU-1056,01/25/2026,3,1,0
R04,SKU-1056,01/26/2026,6,1,0
R04,SKU-1056,27-Jan-26,4,1,1
R04,SKU-1056,28-Jan-26,3,0,0
R04,SKU-1056,01/29/2026,4,0,0
R04,SKU-1056,30-Jan-26,3,0,0
R04,SKU-1056,01/31/2026,2,3,0
R04,SKU-1231,01/01/2026,22,0,0
R04,SKU-1231,02-Jan-26,27,1,0
R04,SKU-1231,03-Jan-26,20,0,0
R04,SKU-1231,2026-01-04,23,0,1
R04,SKU-1231,2026-01-05,35,0,0
R04,SKU-1231,2026-01-06,23,0,0
R04,SKU-1231,2026-01-07,28,0,0
R04,SKU-1231,08-Jan-26,28,0,1
R04,SKU-1231,2026-01-09,31,0,0
R04,SKU-1231,2026-01-10,18,0,1
R04,SKU-1231,01/11/2026,30,2,0
R04,SKU-1231,2026-01-12,17,0,0
R04,SKU-1231,2026-01-13,26,1,0
R04,SKU-1231,2026-01-14,28,0,0
R04,SKU-1231,01/15/2026,33,0,0
R04,SKU-1231,01/16/2026,26,0,0
R04,SKU-1231,2026-01-17,20,0,0
R04,SKU-1231,01/18/2026,31,0,0
R04,SKU-1231,01/19/2026,30,1,0
R04,SKU-1231,2026-01-20,27,0,0
R04,SKU-1231,2026-01-21,23,0,0
R04,SKU-1231,2026-01-22,19,0,0
R04,SKU-1231,2026-01-23,25,0,0
R04,SKU-1231,01/24/2026,25,0,0
R04,SKU-1231,01/25/2026,32,1,1
R04,SKU-1231,2026-01-26,34,1,0
R04,SKU-1231,01/27/2026,31,2,0
R04,SKU-1231,2026-01-28,19,0,1
R04,SKU-1231,2026-01-29,20,0,0
R04,SKU-1231,2026-01-30,17,1,0
R04,SKU-1231,01/31/2026,26,0,0
R04,SKU-1077,2026-01-01,33,0,0
R04,SKU-1077,2026-01-02,28,0,0
R04,SKU-1077,2026-01-03,31,0,0
R04,SKU-1077,2026-01-04,28,0,0
R04,SKU-1077,2026-01-05,29,1,0
R04,SKU-1077,01/06/2026,28,0,0
R04,SKU-1077,01/07/2026,25,0,0
R04,SKU-1077,2026-01-08,25,0,0
R04,SKU-1077,2026-01-09,28,0,0
R04,SKU-1077,01/10/2026,31,0,1
R04,SKU-1077,2026-01-11,25,0,0
R04,SKU-1077,2026-01-12,29,0,0
R04,SKU-1077,13-Jan-26,41,2,0
R04,SKU-1077,2026-01-14,20,0,0
R04,SKU-1077,2026-01-15,26,0,0
R04,SKU-1077,2026-01-16,30,1,0
R04,SKU-1077,01/17/2026,28,0,1
R04,SKU-1077,01/18/2026,30,1,0
R04,SKU-1077,19-Jan-26,28,1,0
R04,SKU-1077,2026-01-20,25,0,1
R04,SKU-1077,2026-01-21,19,1,0
R04,SKU-1077,01/22/2026,29,0,0
R04,SKU-1077,2026-01-23,30,0,0
R04,SKU-1077,2026-01-24,33,0,0
R04,SKU-1077,01/25/2026,31,0,0
R04,SKU-1077,2026-01-26,28,1,0
R04,SKU-1077,2026-01-27,15,2,1
R04,SKU-1077,2026-01-28,28,1,0
R04,SKU-1077,2026-01-29,26,0,0
R04,SKU-1077,2026-01-30,33,0,0
R04,SKU-1077,01/31/2026,27,0,0
R04,SKU-1021,2026-01-01,26,1,0
R04,SKU-1021,2026-01-02,33,0,0
R04,SKU-1021,2026-01-03,29,0,0
R04,SKU-1021,2026-01-04,32,0,0
R04,SKU-1021,05-Jan-26,24,0,0
R04,SKU-1021,2026-01-06,24,0,0
R04,SKU-1021,2026-01-07,28,2,1
R04,SKU-1021,2026-01-08,18,2,0
R04,SKU-1021,09-Jan-26,26,0,1
R04,SKU-1021,2026-01-10,25,1,0
R04,SKU-1021,2026-01-11,27,1,0
R04,SKU-1021,2026-01-12,35,2,1
R04,SKU-1021,13-Jan-26,30,0,0
R04,SKU-1021,14-Jan-26,23,1,1
R04,SKU-1021,01/15/2026,31,0,0
R04,SKU-1021,16-Jan-26,23,2,0
R04,SKU-1021,01/17/2026,32,0,0
R04,SKU-1021,01/18/2026,30,0,0
R04,SKU-1021,2026-01-19,27,0,0
R04,SKU-1021,01/20/2026,20,0,0
R04,SKU-1021,2026-01-21,28,0,1
R04,SKU-1021,01/22/2026,23,1,1
R04,SKU-1021,2026-01-23,27,0,0
R04,SKU-1021,2026-01-24,22,1,0
R04,SKU-1021,2026-01-25,28,1,0
R04,SKU-1021,2026-01-26,24,1,0
R04,SKU-1021,2026-01-27,29,0,0
R04,SKU-1021,2026-01-28,25,3,0
R04,SKU-1021,29-Jan-26,28,0,0
R04,SKU-1021,2026-01-30,26,1,0
R04,SKU-1021,01/31/2026,22,0,0
R04,SKU-1028,01-Jan-26,6,1,0
R04,SKU-1028,2026-01-02,7,1,1
R04,SKU-1028,03-Jan-26,10,0,0
R04,SKU-1028,04-Jan-26,11,0,0
R04,SKU-1028,05-Jan-26,13,0,1
R04,SKU-1028,06-Jan-26,8,0,0
R04,SKU-1028,01/07/2026,8,1,1
R04,SKU-1028,2026-01-08,5,0,0
R04,SKU-1028,2026-01-09,8,2,0
R04,SKU-1028,2026-01-10,17,1,0
R04,SKU-1028,01/11/2026,7,1,1
R04,SKU-1028,2026-01-12,11,0,0
R04,SKU-1028,2026-01-13,16,0,0
R04,SKU-1028,01/14/2026,6,0,0
R04,SKU-1028,2026-01-15,9,0,0
R04,SKU-1028,16-Jan-26,8,0,0
R04,SKU-1028,2026-01-17,8,0,0
R04,SKU-1028,2026-01-18,7,1,0
R04,SKU-1028,2026-01-19,4,0,0
R04,SKU-1028,01/20/2026,9,0,1
R04,SKU-1028,01/21/2026,9,1,0
R04,SKU-1028,01/22/2026,4,0,0
R04,SKU-1028,23-Jan-26,9,0,0
R04,SKU-1028,24-Jan-26,8,0,0
R04,SKU-1028,25-Jan-26,5,0,0
R04,SKU-1028,01/26/2026,9,0,0
R04,SKU-1028,27-Jan-26,11,0,0
R04,SKU-1028,2026-01-28,9,0,0
R04,SKU-1028,2026-01-29,11,0,0
R04,SKU-1028,01/30/2026,14,1,0
R04,SKU-1028,31-Jan-26,4,2,0
R04,SKU-1035,01/01/2026,15,0,0
R04,SKU-1035,01/02/2026,6,0,0
R04,SKU-1035,01/03/2026,15,0,1
R04,SKU-1035,2026-01-04,19,0,0
R04,SKU-1035,05-Jan-26,10,0,0
R04,SKU-1035,2026-01-06,7,0,0
R04,SKU-1035,2026-01-07,9,0,0
R04,SKU-1035,2026-01-08,8,0,0
R04,SKU-1035,2026-01-09,13,0,0
R04,SKU-1035,01/10/2026,16,0,0
R04,SKU-1035,2026-01-11,13,0,0
R04,SKU-1035,2026-01-12,10,0,0
R04,SKU-1035,01/13/2026,12,0,0
R04,SKU-1035,2026-01-14,11,1,0
R04,SKU-1035,2026-01-15,9,0,0
R04,SKU-1035,01/16/2026,16,0,0
R04,SKU-1035,17-Jan-26,11,0,0
R04,SKU-1035,2026-01-18,13,0,1
R04,SKU-1035,2026-01-19,13,1,0
R04,SKU-1035,01/20/2026,10,0,0
R04,SKU-1035,21-Jan-26,10,2,0
R04,SKU-1035,2026-01-22,10,0,0
R04,SKU-1035,2026-01-23,7,0,0
R04,SKU-1035,01/24/2026,13,0,0
R04,SKU-1035,2026-01-25,11,0,0
R04,SKU-1035,2026-01-26,10,0,1
R04,SKU-1035,01/27/2026,15,0,0
R04,SKU-1035,2026-01-28,14,3,0
R04,SKU-1035,2026-01-29,13,1,0
R04,SKU-1035,2026-01-30,11,2,1
R04,SKU-1035,2026-01-31,13,1,0
R04,SKU-1182,01-Jan-26,17,0,0
R04,SKU-1182,2026-01-02,21,0,0
R04,SKU-1182,01/03/2026,25,1,1
R04,SKU-1182,2026-01-04,23,1,0
R04,SKU-1182,2026-01-05,8,1,0
R04,SKU-1182,01/06/2026,24,1,0
R04,SKU-1182,2026-01-07,11,1,0
R04,SKU-1182,2026-01-08,22,0,0
R04,SKU-1182,2026-01-09,19,0,0
R04,SKU-1182,01/10/2026,23,0,0
R04,SKU-1182,01/11/2026,21,1,0
R04,SKU-1182,2026-01-12,16,0,0
R04,SKU-1182,2026-01-13,22,0,0
R04,SKU-1182,2026-01-14,16,1,0
R04,SKU-1182,15-Jan-26,17,0,0
R04,SKU-1182,2026-01-16,17,0,0
R04,SKU-1182,17-Jan-26,26,2,0
R04,SKU-1182,18-Jan-26,22,1,0
R04,SKU-1182,01/19/2026,18,0,0
R04,SKU-1182,2026-01-20,21,0,0
R04,SKU-1182,2026-01-21,21,2,0
R04,SKU-1182,01/22/2026,20,0,0
R04,SKU-1182,2026-01-23,25,0,0
R04,SKU-1182,24-Jan-26,18,3,1
R04,SKU-1182,25-Jan-26,22,1,0
R04,SKU-1182,2026-01-26,19,0,0
R04,SKU-1182,2026-01-27,20,0,0
R04,SKU-1182,28-Jan-26,19,1,0
R04,SKU-1182,2026-01-29,18,1,0
R04,SKU-1182,2026-01-30,25,1,0
R04,SKU-1182,2026-01-31,12,0,0
R04,SKU-1238,2026-01-01,3,1,0
R04,SKU-1238,2026-01-02,4,0,0
R04,SKU-1238,03-Jan-26,9,0,1
R04,SKU-1238,2026-01-04,9,0,0
R04,SKU-1238,01/05/2026,6,0,0
R04,SKU-1238,01/06/2026,10,0,0
R04,SKU-1238,01/07/2026,6,0,0
R04,SKU-1238,2026-01-08,7,0,0
R04,SKU-1238,2026-01-09,8,1,0
R04,SKU-1238,2026-01-10,6,0,0
R04,SKU-1238,11-Jan-26,6,0,0
R04,SKU-1238,2026-01-12,8,1,0
R04,SKU-1238,13-Jan-26,8,2,0
R04,SKU-1238,14-Jan-26,5,0,0
R04,SKU-1238,01/15/2026,7,0,1
R04,SKU-1238,2026-01-16,3,0,0
R04,SKU-1238,17-Jan-26,6,0,0
R04,SKU-1238,2026-01-18,7,0,0
R04,SKU-1238,2026-01-19,7,1,0
R04,SKU-1238,2026-01-20,6,2,0
R04,SKU-1238,01/21/2026,5,1,0
R04,SKU-1238,01/22/2026,11,0,1
R04,SKU-1238,2026-01-23,6,0,1
R04,SKU-1238,2026-01-24,4,0,0
R04,SKU-1238,01/25/2026,8,0,0
R04,SKU-1238,26-Jan-26,7,2,0
R04,SKU-1238,2026-01-27,8,1,0
R04,SKU-1238,2026-01-28,7,0,0
R04,SKU-1238,2026-01-29,7,0,0
R04,SKU-1238,01/30/2026,8,1,0
R04,SKU-1238,2026-01-31,3,0,0
R04,SKU-1280,2026-01-01,31,0,1
R04,SKU-1280,01/02/2026,29,1,0
R04,SKU-1280,2026-01-03,26,0,0
R04,SKU-1280,04-Jan-26,24,0,0
R04,SKU-1280,01/05/2026,25,0,1
R04,SKU-1280,06-Jan-26,21,0,0
R04,SKU-1280,2026-01-07,33,0,0
R04,SKU-1280,2026-01-08,29,1,0
R04,SKU-1280,2026-01-09,21,0,0
R04,SKU-1280,01/10/2026,35,0,0
R04,SKU-1280,2026-01-11,29,0,0
R04,SKU-1280,2026-01-12,30,1,0
R04,SKU-1280,2026-01-13,27,1,0
R04,SKU-1280,01/14/2026,26,1,1
R04,SKU-1280,2026-01-15,29,0,0
R04,SKU-1280,01/16/2026,33,0,0
R04,SKU-1280,2026-01-17,28,0,0
R04,SKU-1280,01/18/2026,34,0,0
R04,SKU-1280,01/19/2026,30,0,1
R04,SKU-1280,01/20/2026,21,0,0
R04,SKU-1280,2026-01-21,27,0,0
R04,SKU-1280,2026-01-22,25,0,0
R04,SKU-1280,2026-01-23,37,0,0
R04,SKU-1280,2026-01-24,24,1,0
R04,SKU-1280,01/25/2026,28,0,0
R04,SKU-1280,01/26/2026,23,0,0
R04,SKU-1280,2026-01-27,21,1,0
R04,SKU-1280,01/28/2026,30,0,1
R04,SKU-1280,2026-01-29,26,0,0
R04,SKU-1280,2026-01-30,33,0,0
R04,SKU-1280,31-Jan-26,24,0,0
R04,SKU-1273,01/01/2026,6,0,0
R04,SKU-1273,2026-01-02,4,0,0
R04,SKU-1273,2026-01-03,4,0,0
R04,SKU-1273,2026-01-04,7,0,0
R04,SKU-1273,2026-01-05,7,0,0
R04,SKU-1273,2026-01-06,8,0,0
R04,SKU-1273,2026-01-07,4,0,0
R04,SKU-1273,08-Jan-26,7,1,0
R04,SKU-1273,01/09/2026,7,2,0
R04,SKU-1273,2026-01-10,8,0,0
R04,SKU-1273,2026-01-11,1,0,1
R04,SKU-1273,2026-01-12,7,0,1
R04,SKU-1273,2026-01-13,8,0,0
R04,SKU-1273,2026-01-14,8,0,0
R04,SKU-1273,2026-01-15,15,1,0
R04,SKU-1273,2026-01-16,4,0,1
R04,SKU-1273,2026-01-17,2,0,0
R04,SKU-1273,2026-01-18,9,0,0
R04,SKU-1273,2026-01-19,9,0,0
R04,SKU-1273,2026-01-20,5,0,0
R04,SKU-1273,2026-01-21,9,0,0
R04,SKU-1273,01/22/2026,5,1,0
R04,SKU-1273,23-Jan-26,10,0,0
R04,SKU-1273,01/24/2026,8,0,0
R04,SKU-1273,2026-01-25,6,0,0
R04,SKU-1273,01/26/2026,12,0,0
R04,SKU-1273,2026-01-27,7,0,0
R04,SKU-1273,2026-01-28,4,1,0
R04,SKU-1273,01/29/2026,11,0,0
R04,SKU-1273,2026-01-30,6,1,0
R04,SKU-1273,2026-01-31,8,0,0
R04,SKU-1091,01-Jan-26,6,0,0
R04,SKU-1091,2026-01-02,7,0,0
R04,SKU-1091,01/03/2026,5,0,0
R04,SKU-1091,2026-01-04,8,0,0
R04,SKU-1091,05-Jan-26,5,0,0
R04,SKU-1091,06-Jan-26,8,1,0
R04,SKU-1091,2026-01-07,11,0,0
R04,SKU-1091,2026-01-08,7,0,0
R04,SKU-1091,2026-01-09,7,1,0
R04,SKU-1091,01/10/2026,14,1,0
R04,SKU-1091,2026-01-11,7,1,0
R04,SKU-1091,01/12/2026,7,0,0
R04,SKU-1091,2026-01-13,10,1,0
R04,SKU-1091,01/14/2026,10,0,0
R04,SKU-1091,2026-01-15,11,1,1
R04,SKU-1091,2026-01-16,6,2,0
R04,SKU-1091,2026-01-17,6,0,0
R04,SKU-1091,2026-01-18,4,0,0
R04,SKU-1091,2026-01-19,10,1,0
R04,SKU-1091,2026-01-20,9,0,1
R04,SKU-1091,01/21/2026,5,1,0
R04,SKU-1091,01/22/2026,9,0,0
R04,SKU-1091,23-Jan-26,10,1,0
R04,SKU-1091,2026-01-24,13,0,0
R04,SKU-1091,01/25/2026,7,0,0
R04,SKU-1091,2026-01-26,9,0,0
R04,SKU-1091,2026-01-27,6,0,0
R04,SKU-1091,01/28/2026,4,0,0
R04,SKU-1091,29-Jan-26,7,0,0
R04,SKU-1091,2026-01-30,8,0,0
R04,SKU-1091,2026-01-31,11,1,1
R04,SKU-1210,2026-01-01,32,0,0
R04,SKU-1210,2026-01-02,29,0,0
R04,SKU-1210,2026-01-03,31,1,0
R04,SKU-1210,2026-01-04,40,0,0
R04,SKU-1210,05-Jan-26,40,1,0
R04,SKU-1210,01/06/2026,33,1,0
R04,SKU-1210,01/07/2026,44,0,0
R04,SKU-1210,01/08/2026,27,0,0
R04,SKU-1210,2026-01-09,34,0,0
R04,SKU-1210,01/10/2026,32,0,0
R04,SKU-1210,2026-01-11,32,1,0
R04,SKU-1210,12-Jan-26,28,1,0
R04,SKU-1210,01/13/2026,27,0,0
R04,SKU-1210,2026-01-14,35,0,0
R04,SKU-1210,2026-01-15,30,0,0
R04,SKU-1210,2026-01-16,35,0,0
R04,SKU-1210,2026-01-17,33,2,0
R04,SKU-1210,2026-01-18,37,0,0
R04,SKU-1210,19-Jan-26,33,1,0
R04,SKU-1210,20-Jan-26,42,0,0
R04,SKU-1210,2026-01-21,43,0,1
R04,SKU-1210,22-Jan-26,27,1,0
R04,SKU-1210,01/23/2026,30,1,1
R04,SKU-1210,01/24/2026,29,0,0
R04,SKU-1210,2026-01-25,32,0,0
R04,SKU-1210,2026-01-26,41,0,0
R04,SKU-1210,01/27/2026,41,0,1
R04,SKU-1210,01/28/2026,31,0,0
R04,SKU-1210,2026-01-29,35,1,0
R04,SKU-1210,01/30/2026,23,0,0
R04,SKU-1210,2026-01-31,29,1,0
R04,SKU-1266,2026-01-01,5,0,0
R04,SKU-1266,01/02/2026,5,0,0
R04,SKU-1266,01/03/2026,8,0,1
R04,SKU-1266,2026-01-04,9,0,0
R04,SKU-1266,2026-01-05,9,0,0
R04,SKU-1266,2026-01-06,10,1,0
R04,SKU-1266,2026-01-07,6,0,0
R04,SKU-1266,01/08/2026,8,0,0
R04,SKU-1266,2026-01-09,13,0,0
R04,SKU-1266,2026-01-10,5,1,0
R04,SKU-1266,11-Jan-26,5,0,1
R04,SKU-1266,2026-01-12,6,1,0
R04,SKU-1266,01/13/2026,4,1,0
R04,SKU-1266,2026-01-14,11,0,0
R04,SKU-1266,01/15/2026,6,0,0
R04,SKU-1266,2026-01-16,7,1,0
R04,SKU-1266,2026-01-17,5,0,1
R04,SKU-1266,2026-01-18,5,1,0
R04,SKU-1266,01/19/2026,3,0,0
R04,SKU-1266,2026-01-20,6,1,0
R04,SKU-1266,2026-01-21,3,0,0
R04,SKU-1266,2026-01-22,8,1,0
R04,SKU-1266,01/23/2026,12,0,0
R04,SKU-1266,2026-01-24,7,0,0
R04,SKU-1266,01/25/2026,2,0,1
R04,SKU-1266,2026-01-26,10,1,0
R04,SKU-1266,2026-01-27,3,0,0
R04,SKU-1266,2026-01-28,9,0,0
R04,SKU-1266,01/29/2026,5,0,0
R04,SKU-1266,2026-01-30,4,0,1
R04,SKU-1266,2026-01-31,4,1,0
R04,SKU-1259,2026-01-01,7,0,0
R04,SKU-1259,2026-01-02,7,0,0
R04,SKU-1259,2026-01-03,7,1,0
R04,SKU-1259,04-Jan-26,10,0,0
R04,SKU-1259,05-Jan-26,4,1,0
R04,SKU-1259,06-Jan-26,9,2,0
R04,SKU-1259,2026-01-07,1,0,0
R04,SKU-1259,08-Jan-26,10,0,0
R04,SKU-1259,09-Jan-26,11,0,0
R04,SKU-1259,10-Jan-26,6,0,0
R04,SKU-1259,2026-01-11,11,0,0
R04,SKU-1259,2026-01-12,7,0,0
R04,SKU-1259,2026-01-13,8,0,0
R04,SKU-1259,2026-01-14,9,0,0
R04,SKU-1259,2026-01-15,2,1,1
R04,SKU-1259,2026-01-16,6,1,0
R04,SKU-1259,2026-01-17,6,0,0
R04,SKU-1259,18-Jan-26,5,0,0
R04,SKU-1259,19-Jan-26,8,0,0
R04,SKU-1259,01/20/2026,7,0,0
R04,SKU-1259,2026-01-21,4,2,0
R04,SKU-1259,2026-01-22,5,0,0
R04,SKU-1259,01/23/2026,9,0,0
R04,SKU-1259,24-Jan-26,5,0,0
R04,SKU-1259,01/25/2026,11,1,0
R04,SKU-1259,2026-01-26,4,0,0
R04,SKU-1259,2026-01-27,7,0,0
R04,SKU-1259,2026-01-28,7,1,0
R04,SKU-1259,2026-01-29,5,0,0
R04,SKU-1259,01/30/2026,7,0,0
R04,SKU-1259,2026-01-31,8,0,1
R04,SKU-1133,2026-01-01,6,1,1
R04,SKU-1133,02-Jan-26,3,0,0
R04,SKU-1133,03-Jan-26,6,0,0
R04,SKU-1133,2026-01-04,3,1,0
R04,SKU-1133,05-Jan-26,4,0,0
R04,SKU-1133,01/06/2026,4,0,0
R04,SKU-1133,2026-01-07,6,0,0
R04,SKU-1133,2026-01-08,12,0,0
R04,SKU-1133,2026-01-09,9,0,0
R04,SKU-1133,2026-01-10,5,0,0
R04,SKU-1133,2026-01-11,6,1,0
R04,SKU-1133,2026-01-12,1,0,0
R04,SKU-1133,13-Jan-26,2,1,1
R04,SKU-1133,2026-01-14,10,1,1
R04,SKU-1133,2026-01-15,5,1,0
R04,SKU-1133,2026-01-16,6,0,0
R04,SKU-1133,2026-01-17,8,1,0
R04,SKU-1133,2026-01-18,8,0,0
R04,SKU-1133,19-Jan-26,3,0,0
R04,SKU-1133,2026-01-20,11,0,0
R04,SKU-1133,2026-01-21,6,1,0
R04,SKU-1133,2026-01-22,5,1,0
R04,SKU-1133,2026-01-23,2,0,0
R04,SKU-1133,2026-01-24,7,0,0
R04,SKU-1133,01/25/2026,5,1,0
R04,SKU-1133,2026-01-26,8,0,0
R04,SKU-1133,2026-01-27,3,1,0
R04,SKU-1133,2026-01-28,4,0,0
R04,SKU-1133,01/29/2026,7,0,0
R04,SKU-1133,30-Jan-26,2,0,0
R04,SKU-1133,2026-01-31,6,0,0
R04,SKU-1126,2026-01-01,18,0,0
R04,SKU-1126,01/02/2026,10,1,0
R04,SKU-1126,01/03/2026,12,1,0
R04,SKU-1126,2026-01-04,7,0,0
R04,SKU-1126,01/05/2026,21,0,0
R04,SKU-1126,2026-01-06,13,0,0
R04,SKU-1126,2026-01-07,11,0,0
R04,SKU-1126,2026-01-08,16,1,0
R04,SKU-1126,2026-01-09,18,0,0
R04,SKU-1126,2026-01-10,13,1,0
R04,SKU-1126,2026-01-11,9,0,0
R04,SKU-1126,2026-01-12,19,1,0
R04,SKU-1126,2026-01-13,16,0,0
R04,SKU-1126,2026-01-14,16,0,0
R04,SKU-1126,15-Jan-26,16,0,1
R04,SKU-1126,2026-01-16,11,0,0
R04,SKU-1126,2026-01-17,11,0,0
R04,SKU-1126,2026-01-18,7,2,0
R04,SKU-1126,2026-01-19,12,1,1
R04,SKU-1126,20-Jan-26,12,0,0
R04,SKU-1126,2026-01-21,13,0,0
R04,SKU-1126,2026-01-22,12,0,0
R04,SKU-1126,2026-01-23,10,0,0
R04,SKU-1126,24-Jan-26,7,0,0
R04,SKU-1126,25-Jan-26,12,0,1
R04,SKU-1126,2026-01-26,10,0,0
R04,SKU-1126,2026-01-27,15,1,0
R04,SKU-1126,2026-01-28,8,0,0
R04,SKU-1126,2026-01-29,12,0,0
R04,SKU-1126,2026-01-30,19,0,0
R04,SKU-1126,01/31/2026,12,1,0
R04,SKU-1175,01/01/2026,15,0,0
R04,SKU-1175,2026-01-02,14,1,0
R04,SKU-1175,03-Jan-26,20,1,1
R04,SKU-1175,2026-01-04,14,1,0
R04,SKU-1175,2026-01-05,7,0,0
R04,SKU-1175,01/06/2026,10,1,0
R04,SKU-1175,2026-01-07,16,1,0
R04,SKU-1175,2026-01-08,8,0,0
R04,SKU-1175,2026-01-09,20,1,1
R04,SKU-1175,2026-01-10,19,1,0
R04,SKU-1175,11-Jan-26,17,0,0
R04,SKU-1175,2026-01-12,8,0,0
R04,SKU-1175,13-Jan-26,14,0,0
R04,SKU-1175,01/14/2026,18,0,0
R04,SKU-1175,2026-01-15,9,1,0
R04,SKU-1175,01/16/2026,14,1,0
R04,SKU-1175,2026-01-17,13,0,0
R04,SKU-1175,2026-01-18,26,0,0
R04,SKU-1175,2026-01-19,17,1,0
R04,SKU-1175,2026-01-20,13,0,1
R04,SKU-1175,01/21/2026,17,0,0
R04,SKU-1175,01/22/2026,14,1,0
R04,SKU-1175,2026-01-23,15,0,0
R04,SKU-1175,2026-01-24,16,0,0
R04,SKU-1175,2026-01-25,14,1,0
R04,SKU-1175,2026-01-26,16,0,1
R04,SKU-1175,01/27/2026,9,0,0
R04,SKU-1175,2026-01-28,14,2,0
R04,SKU-1175,01/29/2026,9,1,0
R04,SKU-1175,01/30/2026,13,0,0
R04,SKU-1175,2026-01-31,15,1,0
R04,SKU-1098,01/01/2026,21,0,0
R04,SKU-1098,2026-01-02,25,0,0
R04,SKU-1098,03-Jan-26,25,1,0
R04,SKU-1098,2026-01-04,20,0,1
R04,SKU-1098,05-Jan-26,16,0,1
R04,SKU-1098,2026-01-06,25,0,0
R04,SKU-1098,2026-01-07,18,0,0
R04,SKU-1098,01/08/2026,14,0,0
R04,SKU-1098,2026-01-09,24,1,0
R04,SKU-1098,2026-01-10,18,0,0
R04,SKU-1098,2026-01-11,17,1,0
R04,SKU-1098,12-Jan-26,21,0,1
R04,SKU-1098,13-Jan-26,27,0,0
R04,SKU-1098,14-Jan-26,19,0,0
R04,SKU-1098,01/15/2026,26,0,0
R04,SKU-1098,2026-01-16,20,0,0
R04,SKU-1098,17-Jan-26,20,2,0
R04,SKU-1098,2026-01-18,19,0,0
R04,SKU-1098,01/19/2026,12,0,1
R04,SKU-1098,2026-01-20,13,0,0
R04,SKU-1098,2026-01-21,17,0,0
R04,SKU-1098,01/22/2026,11,0,1
R04,SKU-1098,01/23/2026,30,1,0
R04,SKU-1098,2026-01-24,22,0,0
R04,SKU-1098,01/25/2026,20,0,0
R04,SKU-1098,01/26/2026,17,0,0
R04,SKU-1098,2026-01-27,23,1,0
R04,SKU-1098,2026-01-28,25,1,1
R04,SKU-1098,01/29/2026,22,0,0
R04,SKU-1098,01/30/2026,24,0,0
R04,SKU-1098,31-Jan-26,21,0,0
R04,SKU-1196,2026-01-01,8,2,0
R04,SKU-1196,02-Jan-26,18,1,0
R04,SKU-1196,2026-01-03,14,0,0
R04,SKU-1196,2026-01-04,22,2,0
R04,SKU-1196,01/05/2026,9,0,0
R04,SKU-1196,2026-01-06,19,2,0
R04,SKU-1196,2026-01-07,14,1,0
R04,SKU-1196,2026-01-08,9,0,0
R04,SKU-1196,2026-01-09,10,1,0
R04,SKU-1196,2026-01-10,10,0,0
R04,SKU-1196,2026-01-11,10,0,0
R04,SKU-1196,2026-01-12,14,1,0
R04,SKU-1196,2026-01-13,17,1,0
R04,SKU-1196,2026-01-14,15,0,0
R04,SKU-1196,01/15/2026,16,1,0
R04,SKU-1196,2026-01-16,12,0,0
R04,SKU-1196,2026-01-17,9,1,0
R04,SKU-1196,18-Jan-26,16,0,0
R04,SKU-1196,01/19/2026,12,2,0
R04,SKU-1196,2026-01-20,18,0,0
R04,SKU-1196,21-Jan-26,12,0,0
R04,SKU-1196,01/22/2026,13,0,0
R04,SKU-1196,01/23/2026,12,0,1
R04,SKU-1196,2026-01-24,14,0,0
R04,SKU-1196,01/25/2026,21,0,0
R04,SKU-1196,2026-01-26,8,1,0
R04,SKU-1196,27-Jan-26,13,1,0
R04,SKU-1196,2026-01-28,18,0,0
R04,SKU-1196,2026-01-29,13,0,0
R04,SKU-1196,2026-01-30,20,1,0
R04,SKU-1196,2026-01-31,11,1,0
R04,SKU-1189,2026-01-01,32,0,0
R04,SKU-1189,01/02/2026,27,3,0
R04,SKU-1189,2026-01-03,29,0,0
R04,SKU-1189,2026-01-04,29,0,0
R04,SKU-1189,2026-01-05,26,0,0
R04,SKU-1189,2026-01-06,30,0,0
R04,SKU-1189,07-Jan-26,26,2,0
R04,SKU-1189,2026-01-08,39,2,0
R04,SKU-1189,2026-01-09,26,0,0
R04,SKU-1189,2026-01-10,27,0,0
R04,SKU-1189,01/11/2026,25,0,0
R04,SKU-1189,2026-01-12,28,0,0
R04,SKU-1189,01/13/2026,30,0,0
R04,SKU-1189,2026-01-14,25,1,0
R04,SKU-1189,2026-01-15,29,1,1
R04,SKU-1189,2026-01-16,27,0,1
R04,SKU-1189,2026-01-17,23,0,0
R04,SKU-1189,2026-01-18,26,2,1
R04,SKU-1189,2026-01-19,23,0,0
R04,SKU-1189,20-Jan-26,30,0,0
R04,SKU-1189,2026-01-21,27,0,1
R04,SKU-1189,01/22/2026,22,1,0
R04,SKU-1189,2026-01-23,31,0,0
R04,SKU-1189,2026-01-24,29,0,0
R04,SKU-1189,2026-01-25,30,0,0
R04,SKU-1189,2026-01-26,24,1,0
R04,SKU-1189,2026-01-27,32,1,0
R04,SKU-1189,2026-01-28,22,1,1
R04,SKU-1189,2026-01-29,21,0,0
R04,SKU-1189,2026-01-30,23,1,0
R04,SKU-1189,31-Jan-26,27,2,0
R04,SKU-1168,01/01/2026,26,1,0
R04,SKU-1168,2026-01-02,16,0,0
R04,SKU-1168,2026-01-03,20,0,0
R04,SKU-1168,01/04/2026,20,0,1
R04,SKU-1168,2026-01-05,21,0,0
R04,SKU-1168,2026-01-06,21,2,0
R04,SKU-1168,2026-01-07,24,1,0
R04,SKU-1168,01/08/2026,24,1,0
R04,SKU-1168,2026-01-09,16,0,0
R04,SKU-1168,01/10/2026,21,0,1
R04,SKU-1168,2026-01-11,24,0,0
R04,SKU-1168,2026-01-12,21,0,0
R04,SKU-1168,2026-01-13,23,0,0
R04,SKU-1168,2026-01-14,18,0,0
R04,SKU-1168,01/15/2026,26,1,0
R04,SKU-1168,2026-01-16,17,0,0
R04,SKU-1168,2026-01-17,29,0,0
R04,SKU-1168,01/18/2026,24,0,0
R04,SKU-1168,2026-01-19,24,1,0
R04,SKU-1168,01/20/2026,25,1,1
R04,SKU-1168,01/21/2026,19,3,0
R04,SKU-1168,2026-01-22,21,1,0
R04,SKU-1168,2026-01-23,26,0,0
R04,SKU-1168,24-Jan-26,25,0,0
R04,SKU-1168,2026-01-25,16,1,0
R04,SKU-1168,2026-01-26,21,0,1
R04,SKU-1168,2026-01-27,17,0,0
R04,SKU-1168,2026-01-28,18,0,0
R04,SKU-1168,2026-01-29,19,0,0
R04,SKU-1168,2026-01-30,19,1,0
R04,SKU-1168,2026-01-31,23,0,0
R04,SKU-1105,01/01/2026,11,0,0
R04,SKU-1105,01/02/2026,10,1,0
R04,SKU-1105,03-Jan-26,13,0,0
R04,SKU-1105,04-Jan-26,3,0,0
R04,SKU-1105,2026-01-05,11,0,0
R04,SKU-1105,2026-01-06,7,1,1
R04,SKU-1105,01/07/2026,10,0,1
R04,SKU-1105,01/08/2026,2,1,0
R04,SKU-1105,2026-01-09,15,0,0
R04,SKU-1105,01/10/2026,4,1,0
R04,SKU-1105,2026-01-11,8,0,0
R04,SKU-1105,01/12/2026,8,0,0
R04,SKU-1105,01/13/2026,16,0,0
R04,SKU-1105,01/14/2026,11,0,0
R04,SKU-1105,2026-01-15,6,1,0
R04,SKU-1105,16-Jan-26,4,0,1
R04,SKU-1105,2026-01-17,5,0,1
R04,SKU-1105,18-Jan-26,9,0,0
R04,SKU-1105,2026-01-19,8,2,0
R04,SKU-1105,2026-01-20,6,0,0
R04,SKU-1105,21-Jan-26,3,0,0
R04,SKU-1105,2026-01-22,14,1,0
R04,SKU-1105,2026-01-23,8,0,0
R04,SKU-1105,2026-01-24,6,0,0
R04,SKU-1105,01/25/2026,5,1,0
R04,SKU-1105,01/26/2026,4,1,0
R04,SKU-1105,2026-01-27,11,0,0
R04,SKU-1105,2026-01-28,5,0,1
R04,SKU-1105,29-Jan-26,11,0,0
R04,SKU-1105,2026-01-30,11,0,0
R04,SKU-1105,01/31/2026,3,0,0
R04,SKU-1161,2026-01-01,16,0,0
R04,SKU-1161,02-Jan-26,24,0,0
R04,SKU-1161,2026-01-03,17,0,0
R04,SKU-1161,2026-01-04,16,0,0
R04,SKU-1161,2026-01-05,16,1,1
R04,SKU-1161,2026-01-06,18,0,1
R04,SKU-1161,2026-01-07,19,0,0
R04,SKU-1161,2026-01-08,24,0,0
R04,SKU-1161,2026-01-09,18,1,1
R04,SKU-1161,01/10/2026,13,1,0
R04,SKU-1161,2026-01-11,17,1,1
R04,SKU-1161,01/12/2026,13,0,0
R04,SKU-1161,2026-01-13,12,0,0
R04,SKU-1161,2026-01-14,17,0,1
R04,SKU-1161,2026-01-15,11,0,1
R04,SKU-1161,01/16/2026,10,0,0
R04,SKU-1161,2026-01-17,18,0,0
R04,SKU-1161,2026-01-18,15,0,0
R04,SKU-1161,2026-01-19,17,1,0
R04,SKU-1161,2026-01-20,19,1,0
R04,SKU-1161,21-Jan-26,19,0,0
R04,SKU-1161,01/22/2026,12,0,0
R04,SKU-1161,2026-01-23,19,0,0
R04,SKU-1161,24-Jan-26,16,0,0
R04,SKU-1161,01/25/2026,15,0,0
R04,SKU-1161,2026-01-26,15,1,0
R04,SKU-1161,2026-01-27,17,0,0
R04,SKU-1161,2026-01-28,14,1,0
R04,SKU-1161,2026-01-29,17,1,0
R04,SKU-1161,2026-01-30,20,0,0
R04,SKU-1161,31-Jan-26,17,1,0
R04,SKU-1112,2026-01-01,6,0,0
R04,SKU-1112,01/02/2026,7,0,0
R04,SKU-1112,01/03/2026,6,0,0
R04,SKU-1112,01/04/2026,11,2,0
R04,SKU-1112,05-Jan-26,8,0,0
R04,SKU-1112,2026-01-06,7,1,0
R04,SKU-1112,2026-01-07,5,2,0
R04,SKU-1112,01/08/2026,7,0,0
R04,SKU-1112,2026-01-09,6,1,0
R04,SKU-1112,10-Jan-26,8,0,0
R04,SKU-1112,2026-01-11,3,0,0
R04,SKU-1112,2026-01-12,10,0,0
R04,SKU-1112,13-Jan-26,11,1,0
R04,SKU-1112,14-Jan-26,5,1,0
R04,SKU-1112,15-Jan-26,7,0,0
R04,SKU-1112,16-Jan-26,4,1,0
R04,SKU-1112,2026-01-17,10,0,0
R04,SKU-1112,2026-01-18,9,0,0
R04,SKU-1112,2026-01-19,7,0,0
R04,SKU-1112,01/20/2026,11,1,0
R04,SKU-1112,2026-01-21,7,0,0
R04,SKU-1112,22-Jan-26,7,0,0
R04,SKU-1112,2026-01-23,6,0,0
R04,SKU-1112,2026-01-24,4,1,0
R04,SKU-1112,2026-01-25,5,1,0
R04,SKU-1112,2026-01-26,10,2,0
R04,SKU-1112,01/27/2026,10,0,0
R04,SKU-1112,2026-01-28,9,0,0
R04,SKU-1112,01/29/2026,9,1,0
R04,SKU-1112,30-Jan-26,7,0,0
R04,SKU-1112,2026-01-31,8,1,0
R05,SKU-1112,2026-01-01,21,0,0
R05,SKU-1112,2026-01-02,16,1,0
R05,SKU-1112,2026-01-03,22,1,0
R05,SKU-1112,2026-01-04,20,0,0
R05,SKU-1112,2026-01-05,21,1,0
R05,SKU-1112,2026-01-06,19,0,0
R05,SKU-1112,07-Jan-26,23,0,0
R05,SKU-1112,2026-01-08,17,1,0
R05,SKU-1112,01/09/2026,24,0,0
R05,SKU-1112,2026-01-10,23,0,0
R05,SKU-1112,2026-01-11,24,2,1
R05,SKU-1112,2026-01-12,22,2,0
R05,SKU-1112,2026-01-13,18,0,0
R05,SKU-1112,01/14/2026,22,1,0
R05,SKU-1112,2026-01-15,22,0,0
R05,SKU-1112,2026-01-16,22,1,1
R05,SKU-1112,01/17/2026,26,0,0
R05,SKU-1112,2026-01-18,15,0,1
R05,SKU-1112,2026-01-19,21,0,0
R05,SKU-1112,2026-01-20,18,0,1
R05,SKU-1112,2026-01-21,18,1,0
R05,SKU-1112,2026-01-22,19,0,0
R05,SKU-1112,2026-01-23,22,0,0
R05,SKU-1112,2026-01-24,19,0,0
R05,SKU-1112,25-Jan-26,12,0,0
R05,SKU-1112,01/26/2026,20,0,0
R05,SKU-1112,27-Jan-26,24,0,0
R05,SKU-1112,2026-01-28,17,0,0
R05,SKU-1112,2026-01-29,26,0,0
R05,SKU-1112,2026-01-30,28,3,0
R05,SKU-1112,2026-01-31,19,2,0
R05,SKU-1133,2026-01-01,11,0,0
R05,SKU-1133,2026-01-02,19,0,0
R05,SKU-1133,03-Jan-26,23,1,1
R05,SKU-1133,2026-01-04,32,0,0
R05,SKU-1133,2026-01-05,36,1,0
R05,SKU-1133,2026-01-06,24,1,0
R05,SKU-1133,07-Jan-26,27,2,0
R05,SKU-1133,2026-01-08,28,1,0
R05,SKU-1133,2026-01-09,22,0,0
R05,SKU-1133,01/10/2026,21,0,0
R05,SKU-1133,2026-01-11,22,0,0
R05,SKU-1133,2026-01-12,17,1,0
R05,SKU-1133,2026-01-13,19,0,0
R05,SKU-1133,2026-01-14,28,0,0
R05,SKU-1133,01/15/2026,22,0,0
R05,SKU-1133,16-Jan-26,24,0,1
R05,SKU-1133,2026-01-17,26,1,0
R05,SKU-1133,01/18/2026,23,0,0
R05,SKU-1133,19-Jan-26,15,0,0
R05,SKU-1133,01/20/2026,22,1,1
R05,SKU-1133,2026-01-21,26,0,1
R05,SKU-1133,2026-01-22,26,0,0
R05,SKU-1133,01/23/2026,20,0,0
R05,SKU-1133,24-Jan-26,26,1,0
R05,SKU-1133,01/25/2026,38,0,0
R05,SKU-1133,01/26/2026,28,0,0
R05,SKU-1133,27-Jan-26,22,1,0
R05,SKU-1133,28-Jan-26,25,1,0
R05,SKU-1133,2026-01-29,33,0,0
R05,SKU-1133,30-Jan-26,26,1,0
R05,SKU-1133,31-Jan-26,16,0,0
R05,SKU-1028,2026-01-01,4,1,0
R05,SKU-1028,2026-01-02,4,1,1
R05,SKU-1028,2026-01-03,5,0,0
R05,SKU-1028,2026-01-04,6,0,1
R05,SKU-1028,2026-01-05,8,0,0
R05,SKU-1028,2026-01-06,4,0,0
R05,SKU-1028,01/07/2026,6,0,0
R05,SKU-1028,01/08/2026,1,0,1
R05,SKU-1028,2026-01-09,4,0,0
R05,SKU-1028,2026-01-10,6,1,0
R05,SKU-1028,11-Jan-26,4,0,0
R05,SKU-1028,12-Jan-26,5,1,0
R05,SKU-1028,2026-01-13,6,0,0
R05,SKU-1028,01/14/2026,7,1,0
R05,SKU-1028,2026-01-15,6,0,0
R05,SKU-1028,2026-01-16,10,0,0
R05,SKU-1028,2026-01-17,2,0,1
R05,SKU-1028,2026-01-18,1,0,0
R05,SKU-1028,2026-01-19,7,0,1
R05,SKU-1028,2026-01-20,4,1,0
R05,SKU-1028,2026-01-21,4,0,0
R05,SKU-1028,2026-01-22,0,0,0
R05,SKU-1028,2026-01-23,7,0,0
R05,SKU-1028,2026-01-24,4,1,0
R05,SKU-1028,2026-01-25,6,1,0
R05,SKU-1028,26-Jan-26,7,0,0
R05,SKU-1028,2026-01-27,7,0,0
R05,SKU-1028,28-Jan-26,6,0,0
R05,SKU-1028,2026-01-29,7,0,0
R05,SKU-1028,2026-01-30,8,1,0
R05,SKU-1028,31-Jan-26,2,0,1
R05,SKU-1126,2026-01-01,17,1,0
R05,SKU-1126,2026-01-02,22,0,1
R05,SKU-1126,2026-01-03,15,0,0
R05,SKU-1126,2026-01-04,19,0,0
R05,SKU-1126,01/05/2026,19,0,0
R05,SKU-1126,2026-01-06,24,1,0
R05,SKU-1126,01/07/2026,21,0,0
R05,SKU-1126,2026-01-08,17,1,0
R05,SKU-1126,09-Jan-26,11,1,1
R05,SKU-1126,10-Jan-26,16,0,0
R05,SKU-1126,2026-01-11,22,1,0
R05,SKU-1126,2026-01-12,16,0,0
R05,SKU-1126,2026-01-13,22,0,0
R05,SKU-1126,2026-01-14,20,1,0
R05,SKU-1126,2026-01-15,17,0,1
R05,SKU-1126,01/16/2026,11,0,0
R05,SKU-1126,2026-01-17,15,0,0
R05,SKU-1126,2026-01-18,17,0,0
R05,SKU-1126,2026-01-19,18,0,0
R05,SKU-1126,01/20/2026,8,0,0
R05,SKU-1126,2026-01-21,11,1,1
R05,SKU-1126,01/22/2026,18,0,0
R05,SKU-1126,2026-01-23,15,0,0
R05,SKU-1126,2026-01-24,23,1,1
R05,SKU-1126,25-Jan-26,23,0,0
R05,SKU-1126,01/26/2026,11,0,1
R05,SKU-1126,01/27/2026,20,0,0
R05,SKU-1126,2026-01-28,6,1,0
R05,SKU-1126,2026-01-29,18,0,0
R05,SKU-1126,2026-01-30,17,1,0
R05,SKU-1126,2026-01-31,16,0,0
R05,SKU-1077,01-Jan-26,27,0,0
R05,SKU-1077,2026-01-02,25,0,0
R05,SKU-1077,2026-01-03,24,1,0
R05,SKU-1077,2026-01-04,23,1,0
R05,SKU-1077,05-Jan-26,29,0,0
R05,SKU-1077,01/06/2026,21,0,0
R05,SKU-1077,2026-01-07,18,0,0
R05,SKU-1077,01/08/2026,24,1,0
R05,SKU-1077,01/09/2026,30,1,0
R05,SKU-1077,10-Jan-26,21,1,0
R05,SKU-1077,11-Jan-26,28,0,0
R05,SKU-1077,2026-01-12,26,0,0
R05,SKU-1077,2026-01-13,26,0,0
R05,SKU-1077,2026-01-14,25,0,0
R05,SKU-1077,2026-01-15,27,0,0
R05,SKU-1077,01/16/2026,26,0,0
R05,SKU-1077,2026-01-17,16,1,0
R05,SKU-1077,2026-01-18,25,1,0
R05,SKU-1077,2026-01-19,27,0,0
R05,SKU-1077,20-Jan-26,26,0,0
R05,SKU-1077,2026-01-21,29,2,0
R05,SKU-1077,01/22/2026,15,2,0
R05,SKU-1077,2026-01-23,22,0,0
R05,SKU-1077,2026-01-24,29,1,0
R05,SKU-1077,2026-01-25,17,1,0
R05,SKU-1077,2026-01-26,33,0,0
R05,SKU-1077,01/27/2026,23,2,0
R05,SKU-1077,01/28/2026,23,0,1
R05,SKU-1077,29-Jan-26,24,1,0
R05,SKU-1077,30-Jan-26,26,0,0
R05,SKU-1077,2026-01-31,16,1,0
R05,SKU-1196,01/01/2026,32,0,0
R05,SKU-1196,02-Jan-26,30,1,0
R05,SKU-1196,2026-01-03,36,0,0
R05,SKU-1196,2026-01-04,27,0,0
R05,SKU-1196,01/05/2026,46,1,0
R05,SKU-1196,2026-01-06,31,0,0
R05,SKU-1196,01/07/2026,36,0,1
R05,SKU-1196,2026-01-08,22,0,0
R05,SKU-1196,09-Jan-26,23,0,0
R05,SKU-1196,01/10/2026,33,0,0
R05,SKU-1196,2026-01-11,35,0,0
R05,SKU-1196,2026-01-12,24,1,0
R05,SKU-1196,2026-01-13,30,1,0
R05,SKU-1196,2026-01-14,35,1,0
R05,SKU-1196,01/15/2026,23,0,0
R05,SKU-1196,2026-01-16,21,1,0
R05,SKU-1196,01/17/2026,29,0,0
R05,SKU-1196,2026-01-18,39,0,1
R05,SKU-1196,2026-01-19,34,0,1
R05,SKU-1196,01/20/2026,39,0,0
R05,SKU-1196,01/21/2026,30,0,0
R05,SKU-1196,2026-01-22,25,0,0
R05,SKU-1196,2026-01-23,36,1,0
R05,SKU-1196,2026-01-24,32,0,0
R05,SKU-1196,01/25/2026,34,0,0
R05,SKU-1196,01/26/2026,29,0,0
R05,SKU-1196,01/27/2026,25,0,1
R05,SKU-1196,2026-01-28,28,0,0
R05,SKU-1196,2026-01-29,21,0,1
R05,SKU-1196,01/30/2026,22,0,0
R05,SKU-1196,2026-01-31,24,0,0
R05,SKU-1056,01/01/2026,28,0,0
R05,SKU-1056,2026-01-02,26,0,1
R05,SKU-1056,2026-01-03,34,0,1
R05,SKU-1056,2026-01-04,36,0,0
R05,SKU-1056,2026-01-05,33,1,0
R05,SKU-1056,01/06/2026,34,1,0
R05,SKU-1056,2026-01-07,30,1,0
R05,SKU-1056,01/08/2026,31,1,0
R05,SKU-1056,2026-01-09,36,0,0
R05,SKU-1056,2026-01-10,26,1,0
R05,SKU-1056,2026-01-11,31,0,0
R05,SKU-1056,2026-01-12,39,0,0
R05,SKU-1056,01/13/2026,17,0,0
R05,SKU-1056,01/14/2026,22,0,0
R05,SKU-1056,15-Jan-26,31,0,1
R05,SKU-1056,16-Jan-26,25,0,0
R05,SKU-1056,01/17/2026,32,2,0
R05,SKU-1056,01/18/2026,27,2,0
R05,SKU-1056,01/19/2026,46,0,0
R05,SKU-1056,2026-01-20,36,0,0
R05,SKU-1056,2026-01-21,22,0,0
R05,SKU-1056,2026-01-22,26,1,0
R05,SKU-1056,2026-01-23,28,1,0
R05,SKU-1056,24-Jan-26,19,1,0
R05,SKU-1056,2026-01-25,32,0,0
R05,SKU-1056,2026-01-26,38,0,0
R05,SKU-1056,01/27/2026,29,0,0
R05,SKU-1056,2026-01-28,23,1,1
R05,SKU-1056,01/29/2026,34,2,0
R05,SKU-1056,2026-01-30,28,0,0
R05,SKU-1056,31-Jan-26,23,0,0
R05,SKU-1280,01-Jan-26,12,0,1
R05,SKU-1280,2026-01-02,18,0,0
R05,SKU-1280,2026-01-03,14,0,0
R05,SKU-1280,2026-01-04,9,2,0
R05,SKU-1280,2026-01-05,10,0,0
R05,SKU-1280,2026-01-06,14,0,0
R05,SKU-1280,2026-01-07,11,1,0
R05,SKU-1280,2026-01-08,11,0,0
R05,SKU-1280,09-Jan-26,10,1,0
R05,SKU-1280,01/10/2026,14,1,0
R05,SKU-1280,2026-01-11,16,0,0
R05,SKU-1280,2026-01-12,9,0,0
R05,SKU-1280,13-Jan-26,14,0,0
R05,SKU-1280,2026-01-14,8,0,0
R05,SKU-1280,2026-01-15,9,0,0
R05,SKU-1280,2026-01-16,13,1,0
R05,SKU-1280,01/17/2026,12,0,1
R05,SKU-1280,01/18/2026,13,1,0
R05,SKU-1280,2026-01-19,16,0,0
R05,SKU-1280,01/20/2026,11,1,0
R05,SKU-1280,2026-01-21,14,1,0
R05,SKU-1280,22-Jan-26,22,0,0
R05,SKU-1280,2026-01-23,7,0,0
R05,SKU-1280,01/24/2026,9,0,0
R05,SKU-1280,2026-01-25,9,0,0
R05,SKU-1280,01/26/2026,18,1,0
R05,SKU-1280,2026-01-27,14,1,0
R05,SKU-1280,2026-01-28,15,0,1
R05,SKU-1280,2026-01-29,8,0,0
R05,SKU-1280,30-Jan-26,13,0,0
R05,SKU-1280,2026-01-31,10,1,0
R05,SKU-1147,01/01/2026,10,0,0
R05,SKU-1147,01/02/2026,5,0,0
R05,SKU-1147,2026-01-03,9,0,0
R05,SKU-1147,2026-01-04,7,0,0
R05,SKU-1147,01/05/2026,4,0,0
R05,SKU-1147,2026-01-06,6,0,0
R05,SKU-1147,2026-01-07,4,1,1
R05,SKU-1147,2026-01-08,8,0,0
R05,SKU-1147,01/09/2026,1,1,1
R05,SKU-1147,2026-01-10,4,1,0
R05,SKU-1147,2026-01-11,9,0,0
R05,SKU-1147,2026-01-12,5,1,0
R05,SKU-1147,01/13/2026,7,1,0
R05,SKU-1147,2026-01-14,6,0,0
R05,SKU-1147,2026-01-15,5,0,0
R05,SKU-1147,2026-01-16,2,0,0
R05,SKU-1147,2026-01-17,5,0,0
R05,SKU-1147,2026-01-18,7,0,1
R05,SKU-1147,2026-01-19,8,1,0
R05,SKU-1147,20-Jan-26,7,0,0
R05,SKU-1147,2026-01-21,2,0,0
R05,SKU-1147,2026-01-22,7,0,1
R05,SKU-1147,01/23/2026,9,1,0
R05,SKU-1147,01/24/2026,5,1,0
R05,SKU-1147,01/25/2026,8,2,0
R05,SKU-1147,01/26/2026,8,1,0
R05,SKU-1147,2026-01-27,5,0,0
R05,SKU-1147,2026-01-28,8,0,1
R05,SKU-1147,29-Jan-26,10,0,1
R05,SKU-1147,2026-01-30,5,0,0
R05,SKU-1147,2026-01-31,8,1,1
R05,SKU-1273,01/01/2026,26,0,0
R05,SKU-1273,2026-01-02,21,1,0
R05,SKU-1273,03-Jan-26,19,1,0
R05,SKU-1273,01/04/2026,22,1,0
R05,SKU-1273,2026-01-05,26,1,0
R05,SKU-1273,2026-01-06,22,0,1
R05,SKU-1273,2026-01-07,15,0,0
R05,SKU-1273,2026-01-08,25,1,0
R05,SKU-1273,09-Jan-26,27,1,0
R05,SKU-1273,10-Jan-26,22,0,0
R05,SKU-1273,11-Jan-26,21,0,0
R05,SKU-1273,2026-01-12,17,0,0
R05,SKU-1273,01/13/2026,18,1,0
R05,SKU-1273,2026-01-14,21,0,1
R05,SKU-1273,01/15/2026,13,1,1
R05,SKU-1273,01/16/2026,26,1,0
R05,SKU-1273,01/17/2026,24,1,0
R05,SKU-1273,2026-01-18,17,0,0
R05,SKU-1273,01/19/2026,23,0,0
R05,SKU-1273,2026-01-20,18,0,1
R05,SKU-1273,01/21/2026,13,0,0
R05,SKU-1273,2026-01-22,19,0,0
R05,SKU-1273,2026-01-23,24,1,0
R05,SKU-1273,24-Jan-26,15,0,1
R05,SKU-1273,2026-01-25,28,1,0
R05,SKU-1273,01/26/2026,24,0,1
R05,SKU-1273,01/27/2026,21,0,0
R05,SKU-1273,2026-01-28,17,0,0
R05,SKU-1273,01/29/2026,19,0,0
R05,SKU-1273,2026-01-30,25,0,1
R05,SKU-1273,31-Jan-26,22,1,0
R05,SKU-1105,2026-01-01,13,0,0
R05,SKU-1105,01/02/2026,20,1,0
R05,SKU-1105,2026-01-03,14,0,0
R05,SKU-1105,01/04/2026,16,0,0
R05,SKU-1105,2026-01-05,11,0,0
R05,SKU-1105,2026-01-06,14,0,0
R05,SKU-1105,2026-01-07,14,1,1
R05,SKU-1105,01/08/2026,13,0,0
R05,SKU-1105,2026-01-09,14,0,0
R05,SKU-1105,01/10/2026,13,0,0
R05,SKU-1105,01/11/2026,23,0,0
R05,SKU-1105,2026-01-12,11,0,0
R05,SKU-1105,13-Jan-26,17,0,0
R05,SKU-1105,2026-01-14,17,0,0
R05,SKU-1105,01/15/2026,15,0,1
R05,SKU-1105,01/16/2026,24,0,0
R05,SKU-1105,01/17/2026,16,0,0
R05,SKU-1105,2026-01-18,10,0,0
R05,SKU-1105,19-Jan-26,9,1,0
R05,SKU-1105,2026-01-20,11,0,0
R05,SKU-1105,2026-01-21,14,0,0
R05,SKU-1105,2026-01-22,14,0,0
R05,SKU-1105,23-Jan-26,13,0,0
R05,SKU-1105,01/24/2026,14,0,0
R05,SKU-1105,2026-01-25,15,0,0
R05,SKU-1105,01/26/2026,9,2,0
R05,SKU-1105,27-Jan-26,12,0,0
R05,SKU-1105,2026-01-28,10,0,0
R05,SKU-1105,2026-01-29,22,0,1
R05,SKU-1105,2026-01-30,17,2,0
R05,SKU-1105,01/31/2026,11,1,1
R05,SKU-1007,01/01/2026,28,0,0
R05,SKU-1007,2026-01-02,28,1,0
R05,SKU-1007,03-Jan-26,22,0,0
R05,SKU-1007,01/04/2026,25,2,1
R05,SKU-1007,2026-01-05,18,0,0
R05,SKU-1007,2026-01-06,23,0,0
R05,SKU-1007,01/07/2026,23,0,0
R05,SKU-1007,2026-01-08,17,1,0
R05,SKU-1007,09-Jan-26,24,0,0
R05,SKU-1007,01/10/2026,19,0,0
R05,SKU-1007,01/11/2026,19,0,1
R05,SKU-1007,2026-01-12,22,1,0
R05,SKU-1007,2026-01-13,23,0,0
R05,SKU-1007,2026-01-14,29,1,0
R05,SKU-1007,01/15/2026,26,0,0
R05,SKU-1007,2026-01-16,18,1,0
R05,SKU-1007,2026-01-17,14,0,0
R05,SKU-1007,2026-01-18,22,0,0
R05,SKU-1007,2026-01-19,28,0,0
R05,SKU-1007,20-Jan-26,25,1,0
R05,SKU-1007,01/21/2026,26,0,0
R05,SKU-1007,2026-01-22,20,0,0
R05,SKU-1007,23-Jan-26,25,0,0
R05,SKU-1007,2026-01-24,15,0,1
R05,SKU-1007,2026-01-25,25,2,0
R05,SKU-1007,01/26/2026,27,0,1
R05,SKU-1007,2026-01-27,29,0,0
R05,SKU-1007,01/28/2026,22,0,0
R05,SKU-1007,2026-01-29,17,0,0
R05,SKU-1007,30-Jan-26,24,0,1
R05,SKU-1007,2026-01-31,26,0,0
R05,SKU-1098,2026-01-01,34,0,0
R05,SKU-1098,01/02/2026,31,0,0
R05,SKU-1098,2026-01-03,41,0,1
R05,SKU-1098,01/04/2026,29,2,0
R05,SKU-1098,2026-01-05,26,1,0
R05,SKU-1098,06-Jan-26,37,0,0
R05,SKU-1098,01/07/2026,38,0,0
R05,SKU-1098,2026-01-08,27,1,0
R05,SKU-1098,2026-01-09,27,0,0
R05,SKU-1098,01/10/2026,31,2,0
R05,SKU-1098,2026-01-11,30,0,0
R05,SKU-1098,2026-01-12,32,0,0
R05,SKU-1098,2026-01-13,32,1,0
R05,SKU-1098,14-Jan-26,39,0,0
R05,SKU-1098,2026-01-15,38,0,0
R05,SKU-1098,2026-01-16,29,1,0
R05,SKU-1098,2026-01-17,29,0,0
R05,SKU-1098,2026-01-18,39,0,1
R05,SKU-1098,19-Jan-26,42,0,0
R05,SKU-1098,2026-01-20,36,0,1
R05,SKU-1098,2026-01-21,46,0,0
R05,SKU-1098,2026-01-22,34,1,0
R05,SKU-1098,01/23/2026,31,0,0
R05,SKU-1098,2026-01-24,40,1,0
R05,SKU-1098,2026-01-25,31,0,0
R05,SKU-1098,2026-01-26,29,1,0
R05,SKU-1098,27-Jan-26,33,1,1
R05,SKU-1098,2026-01-28,31,0,0
R05,SKU-1098,2026-01-29,34,0,0
R05,SKU-1098,2026-01-30,40,0,0
R05,SKU-1098,2026-01-31,43,1,0
R05,SKU-1035,2026-01-01,6,1,0
R05,SKU-1035,01/02/2026,6,1,0
R05,SKU-1035,2026-01-03,2,0,1
R05,SKU-1035,04-Jan-26,6,0,0
R05,SKU-1035,2026-01-05,8,0,0
R05,SKU-1035,2026-01-06,5,0,0
R05,SKU-1035,2026-01-07,13,1,1
R05,SKU-1035,2026-01-08,9,0,0
R05,SKU-1035,2026-01-09,6,0,1
R05,SKU-1035,2026-01-10,6,0,0
R05,SKU-1035,01/11/2026,6,0,0
R05,SKU-1035,01/12/2026,5,0,0
R05,SKU-1035,2026-01-13,5,0,0
R05,SKU-1035,2026-01-14,9,1,0
R05,SKU-1035,01/15/2026,5,0,0
R05,SKU-1035,01/16/2026,6,0,0
R05,SKU-1035,2026-01-17,9,0,0
R05,SKU-1035,2026-01-18,9,0,0
R05,SKU-1035,2026-01-19,8,0,0
R05,SKU-1035,2026-01-20,7,0,1
R05,SKU-1035,21-Jan-26,9,0,0
R05,SKU-1035,2026-01-22,9,0,0
R05,SKU-1035,01/23/2026,7,0,0
R05,SKU-1035,01/24/2026,7,0,0
R05,SKU-1035,2026-01-25,6,1,0
R05,SKU-1035,01/26/2026,6,0,1
R05,SKU-1035,2026-01-27,4,0,0
R05,SKU-1035,2026-01-28,6,0,0
R05,SKU-1035,2026-01-29,8,0,0
R05,SKU-1035,2026-01-30,7,2,1
R05,SKU-1035,2026-01-31,9,0,0
R05,SKU-1014,01/01/2026,16,0,1
R05,SKU-1014,2026-01-02,8,1,1
R05,SKU-1014,2026-01-03,20,1,0
R05,SKU-1014,01/04/2026,14,0,1
R05,SKU-1014,01/05/2026,14,0,0
R05,SKU-1014,01/06/2026,14,0,1
R05,SKU-1014,07-Jan-26,15,0,0
R05,SKU-1014,2026-01-08,9,0,0
R05,SKU-1014,2026-01-09,10,0,0
R05,SKU-1014,01/10/2026,14,0,0
R05,SKU-1014,2026-01-11,18,1,0
R05,SKU-1014,2026-01-12,12,1,0
R05,SKU-1014,2026-01-13,14,0,0
R05,SKU-1014,01/14/2026,13,0,0
R05,SKU-1014,2026-01-15,11,1,0
R05,SKU-1014,2026-01-16,17,1,1
R05,SKU-1014,01/17/2026,14,0,0
R05,SKU-1014,2026-01-18,12,0,0
R05,SKU-1014,19-Jan-26,13,0,0
R05,SKU-1014,20-Jan-26,16,1,0
R05,SKU-1014,2026-01-21,10,0,1
R05,SKU-1014,2026-01-22,18,1,0
R05,SKU-1014,01/23/2026,15,0,0
R05,SKU-1014,2026-01-24,13,1,1
R05,SKU-1014,2026-01-25,13,0,1
R05,SKU-1014,26-Jan-26,8,1,0
R05,SKU-1014,01/27/2026,9,0,0
R05,SKU-1014,2026-01-28,18,1,0
R05,SKU-1014,2026-01-29,17,0,0
R05,SKU-1014,01/30/2026,10,2,0
R05,SKU-1014,2026-01-31,17,2,0
R05,SKU-1091,2026-01-01,7,0,0
R05,SKU-1091,2026-01-02,5,0,1
R05,SKU-1091,03-Jan-26,6,2,0
R05,SKU-1091,2026-01-04,12,0,1
R05,SKU-1091,2026-01-05,10,1,0
R05,SKU-1091,2026-01-06,7,0,0
R05,SKU-1091,2026-01-07,6,1,0
R05,SKU-1091,2026-01-08,7,1,0
R05,SKU-1091,01/09/2026,5,1,0
R05,SKU-1091,01/10/2026,3,0,1
R05,SKU-1091,11-Jan-26,10,0,0
R05,SKU-1091,2026-01-12,10,0,0
R05,SKU-1091,2026-01-13,5,0,0
R05,SKU-1091,2026-01-14,6,0,0
R05,SKU-1091,01/15/2026,4,2,0
R05,SKU-1091,01/16/2026,4,1,1
R05,SKU-1091,2026-01-17,7,1,0
R05,SKU-1091,01/18/2026,10,0,0
R05,SKU-1091,2026-01-19,13,0,0
R05,SKU-1091,2026-01-20,7,0,1
R05,SKU-1091,2026-01-21,13,0,0
R05,SKU-1091,2026-01-22,7,0,0
R05,SKU-1091,01/23/2026,11,0,1
R05,SKU-1091,2026-01-24,4,0,0
R05,SKU-1091,2026-01-25,4,0,0
R05,SKU-1091,01/26/2026,5,1,0
R05,SKU-1091,2026-01-27,7,2,0
R05,SKU-1091,2026-01-28,11,0,0
R05,SKU-1091,01/29/2026,6,2,0
R05,SKU-1091,2026-01-30,10,0,0
R05,SKU-1091,2026-01-31,5,2,0
R05,SKU-1182,2026-01-01,14,1,0
R05,SKU-1182,2026-01-02,15,0,0
R05,SKU-1182,01/03/2026,13,0,0
R05,SKU-1182,01/04/2026,24,0,0
R05,SKU-1182,05-Jan-26,20,0,0
R05,SKU-1182,2026-01-06,13,0,0
R05,SKU-1182,2026-01-07,19,0,0
R05,SKU-1182,2026-01-08,18,1,0
R05,SKU-1182,2026-01-09,16,1,0
R05,SKU-1182,2026-01-10,16,0,0
R05,SKU-1182,2026-01-11,19,0,0
R05,SKU-1182,2026-01-12,19,0,0
R05,SKU-1182,2026-01-13,19,1,0
R05,SKU-1182,01/14/2026,17,1,0
R05,SKU-1182,2026-01-15,14,0,0
R05,SKU-1182,2026-01-16,20,0,0
R05,SKU-1182,01/17/2026,17,1,0
R05,SKU-1182,2026-01-18,15,1,0
R05,SKU-1182,2026-01-19,12,0,0
R05,SKU-1182,2026-01-20,13,0,0
R05,SKU-1182,01/21/2026,14,0,0
R05,SKU-1182,2026-01-22,15,0,0
R05,SKU-1182,23-Jan-26,14,0,0
R05,SKU-1182,01/24/2026,15,0,0
R05,SKU-1182,2026-01-25,19,0,0
R05,SKU-1182,2026-01-26,17,0,0
R05,SKU-1182,27-Jan-26,7,0,0
R05,SKU-1182,2026-01-28,15,0,0
R05,SKU-1182,01/29/2026,18,1,0
R05,SKU-1182,01/30/2026,13,0,0
R05,SKU-1182,2026-01-31,19,0,1
R05,SKU-1042,01-Jan-26,24,0,0
R05,SKU-1042,01/02/2026,26,0,0
R05,SKU-1042,01/03/2026,17,1,0
R05,SKU-1042,04-Jan-26,23,1,0
R05,SKU-1042,2026-01-05,21,1,0
R05,SKU-1042,2026-01-06,14,0,0
R05,SKU-1042,2026-01-07,14,0,0
R05,SKU-1042,2026-01-08,28,0,0
R05,SKU-1042,2026-01-09,22,1,0
R05,SKU-1042,10-Jan-26,18,2,0
R05,SKU-1042,2026-01-11,27,1,0
R05,SKU-1042,01/12/2026,22,1,0
R05,SKU-1042,2026-01-13,22,0,0
R05,SKU-1042,2026-01-14,18,2,0
R05,SKU-1042,2026-01-15,19,0,0
R05,SKU-1042,16-Jan-26,20,1,1
R05,SKU-1042,17-Jan-26,18,1,0
R05,SKU-1042,01/18/2026,22,0,0
R05,SKU-1042,2026-01-19,24,0,1
R05,SKU-1042,20-Jan-26,21,1,0
R05,SKU-1042,01/21/2026,22,0,0
R05,SKU-1042,2026-01-22,17,0,0
R05,SKU-1042,2026-01-23,19,0,0
R05,SKU-1042,01/24/2026,15,0,0
R05,SKU-1042,25-Jan-26,22,1,0
R05,SKU-1042,2026-01-26,20,0,0
R05,SKU-1042,01/27/2026,24,0,0
R05,SKU-1042,2026-01-28,13,0,0
R05,SKU-1042,2026-01-29,14,0,0
R05,SKU-1042,30-Jan-26,14,0,0
R05,SKU-1042,2026-01-31,22,0,0
R05,SKU-1140,2026-01-01,7,1,0
R05,SKU-1140,01/02/2026,16,0,0
R05,SKU-1140,2026-01-03,8,1,1
R05,SKU-1140,2026-01-04,16,0,0
R05,SKU-1140,01/05/2026,13,0,0
R05,SKU-1140,01/06/2026,10,0,1
R05,SKU-1140,2026-01-07,17,0,0
R05,SKU-1140,01/08/2026,20,0,0
R05,SKU-1140,2026-01-09,18,0,0
R05,SKU-1140,2026-01-10,18,0,0
R05,SKU-1140,2026-01-11,19,0,0
R05,SKU-1140,2026-01-12,27,0,0
R05,SKU-1140,13-Jan-26,14,1,0
R05,SKU-1140,14-Jan-26,23,2,1
R05,SKU-1140,2026-01-15,16,2,0
R05,SKU-1140,01/16/2026,9,1,1
R05,SKU-1140,2026-01-17,18,0,0
R05,SKU-1140,2026-01-18,15,1,1
R05,SKU-1140,2026-01-19,11,0,0
R05,SKU-1140,2026-01-20,16,0,0
R05,SKU-1140,01/21/2026,18,0,0
R05,SKU-1140,2026-01-22,19,1,0
R05,SKU-1140,23-Jan-26,22,0,0
R05,SKU-1140,01/24/2026,10,0,0
R05,SKU-1140,2026-01-25,18,1,0
R05,SKU-1140,01/26/2026,15,0,0
R05,SKU-1140,27-Jan-26,16,1,0
R05,SKU-1140,01/28/2026,14,0,1
R05,SKU-1140,2026-01-29,21,1,0
R05,SKU-1140,2026-01-30,11,0,1
R05,SKU-1140,2026-01-31,15,0,0
R05,SKU-1189,01/01/2026,17,0,0
R05,SKU-1189,2026-01-02,15,0,0
R05,SKU-1189,2026-01-03,15,0,0
R05,SKU-1189,04-Jan-26,21,0,0
R05,SKU-1189,2026-01-05,13,0,1
R05,SKU-1189,01/06/2026,18,1,0
R05,SKU-1189,01/07/2026,14,0,0
R05,SKU-1189,2026-01-08,20,0,0
R05,SKU-1189,2026-01-09,14,0,0
R05,SKU-1189,2026-01-10,9,0,0
R05,SKU-1189,2026-01-11,20,0,0
R05,SKU-1189,2026-01-12,19,1,0
R05,SKU-1189,2026-01-13,11,0,0
R05,SKU-1189,01/14/2026,18,0,0
R05,SKU-1189,01/15/2026,10,0,1
R05,SKU-1189,2026-01-16,14,1,1
R05,SKU-1189,17-Jan-26,20,0,0
R05,SKU-1189,2026-01-18,18,0,0
R05,SKU-1189,19-Jan-26,17,0,0
R05,SKU-1189,2026-01-20,21,2,0
R05,SKU-1189,21-Jan-26,14,0,0
R05,SKU-1189,2026-01-22,14,1,0
R05,SKU-1189,2026-01-23,13,0,0
R05,SKU-1189,2026-01-24,11,1,1
R05,SKU-1189,2026-01-25,10,1,0
R05,SKU-1189,01/26/2026,16,0,0
R05,SKU-1189,2026-01-27,15,0,0
R05,SKU-1189,2026-01-28,18,2,0
R05,SKU-1189,2026-01-29,21,1,0
R05,SKU-1189,2026-01-30,21,0,0
R05,SKU-1189,2026-01-31,11,0,0
R05,SKU-1084,01-Jan-26,17,1,0
R05,SKU-1084,2026-01-02,15,1,1
R05,SKU-1084,2026-01-03,13,0,0
R05,SKU-1084,2026-01-04,14,0,0
R05,SKU-1084,2026-01-05,14,0,0
R05,SKU-1084,2026-01-06,9,0,0
R05,SKU-1084,2026-01-07,15,1,0
R05,SKU-1084,01/08/2026,10,0,0
R05,SKU-1084,2026-01-09,17,1,1
R05,SKU-1084,2026-01-10,16,0,0
R05,SKU-1084,2026-01-11,19,0,0
R05,SKU-1084,2026-01-12,14,1,0
R05,SKU-1084,01/13/2026,10,0,0
R05,SKU-1084,01/14/2026,7,0,0
R05,SKU-1084,01/15/2026,9,0,0
R05,SKU-1084,01/16/2026,11,0,0
R05,SKU-1084,2026-01-17,16,1,0
R05,SKU-1084,01/18/2026,9,0,0
R05,SKU-1084,2026-01-19,17,0,0
R05,SKU-1084,20-Jan-26,18,0,0
R05,SKU-1084,2026-01-21,12,1,0
R05,SKU-1084,2026-01-22,8,0,0
R05,SKU-1084,01/23/2026,14,1,0
R05,SKU-1084,2026-01-24,12,0,0
R05,SKU-1084,2026-01-25,16,0,0
R05,SKU-1084,2026-01-26,12,0,0
R05,SKU-1084,2026-01-27,16,0,0
R05,SKU-1084,2026-01-28,8,0,0
R05,SKU-1084,2026-01-29,15,0,0
R05,SKU-1084,01/30/2026,15,1,0
R05,SKU-1084,01/31/2026,11,0,1
R05,SKU-1168,2026-01-01,23,0,0
R05,SKU-1168,2026-01-02,-29,1,0
R05,SKU-1168,03-Jan-26,37,1,1
R05,SKU-1168,2026-01-04,38,0,0
R05,SKU-1168,2026-01-05,36,2,0
R05,SKU-1168,01/06/2026,33,0,0
R05,SKU-1168,2026-01-07,35,0,0
R05,SKU-1168,01/08/2026,34,0,0
R05,SKU-1168,09-Jan-26,23,1,0
R05,SKU-1168,2026-01-10,31,0,0
R05,SKU-1168,2026-01-11,30,0,0
R05,SKU-1168,2026-01-12,29,1,0
R05,SKU-1168,2026-01-13,23,1,0
R05,SKU-1168,2026-01-14,29,1,0
R05,SKU-1168,01/15/2026,40,0,0
R05,SKU-1168,01/16/2026,25,0,0
R05,SKU-1168,2026-01-17,36,1,0
R05,SKU-1168,2026-01-18,30,1,0
R05,SKU-1168,2026-01-19,28,2,0
R05,SKU-1168,2026-01-20,29,0,0
R05,SKU-1168,01/21/2026,35,0,0
R05,SKU-1168,2026-01-22,28,1,0
R05,SKU-1168,23-Jan-26,36,1,0
R05,SKU-1168,01/24/2026,34,0,0
R05,SKU-1168,01/25/2026,37,0,0
R05,SKU-1168,2026-01-26,29,0,0
R05,SKU-1168,01/27/2026,29,1,0
R05,SKU-1168,28-Jan-26,25,0,0
R05,SKU-1168,2026-01-29,36,2,0
R05,SKU-1168,01/30/2026,25,0,0
R05,SKU-1168,2026-01-31,38,0,0
R05,SKU-1175,2026-01-01,29,1,0
R05,SKU-1175,02-Jan-26,32,1,0
R05,SKU-1175,2026-01-03,36,1,0
R05,SKU-1175,2026-01-04,35,1,1
R05,SKU-1175,2026-01-05,30,1,0
R05,SKU-1175,2026-01-06,24,0,0
R05,SKU-1175,2026-01-07,29,0,1
R05,SKU-1175,08-Jan-26,37,1,0
R05,SKU-1175,2026-01-09,24,0,0
R05,SKU-1175,2026-01-10,32,0,1
R05,SKU-1175,2026-01-11,38,0,0
R05,SKU-1175,2026-01-12,25,1,0
R05,SKU-1175,2026-01-13,27,1,0
R05,SKU-1175,2026-01-14,32,3,0
R05,SKU-1175,2026-01-15,27,0,0
R05,SKU-1175,16-Jan-26,42,0,0
R05,SKU-1175,01/17/2026,32,1,0
R05,SKU-1175,01/18/2026,21,0,0
R05,SKU-1175,01/19/2026,24,2,0
R05,SKU-1175,01/20/2026,30,0,0
R05,SKU-1175,01/21/2026,27,0,0
R05,SKU-1175,2026-01-22,34,0,0
R05,SKU-1175,01/23/2026,31,1,0
R05,SKU-1175,2026-01-24,44,0,0
R05,SKU-1175,01/25/2026,40,2,0
R05,SKU-1175,01/26/2026,32,0,0
R05,SKU-1175,2026-01-27,39,1,0
R05,SKU-1175,01/28/2026,34,0,0
R05,SKU-1175,2026-01-29,33,2,0
R05,SKU-1175,2026-01-30,37,0,0
R05,SKU-1175,31-Jan-26,32,0,0
R05,SKU-1070,2026-01-01,31,0,0
R05,SKU-1070,2026-01-02,27,0,0
R05,SKU-1070,03-Jan-26,27,0,0
R05,SKU-1070,2026-01-04,30,0,1
R05,SKU-1070,2026-01-05,26,1,0
R05,SKU-1070,2026-01-06,37,0,0
R05,SKU-1070,01/07/2026,36,0,0
R05,SKU-1070,2026-01-08,29,1,0
R05,SKU-1070,09-Jan-26,31,0,0
R05,SKU-1070,01/10/2026,40,1,1
R05,SKU-1070,11-Jan-26,32,0,0
R05,SKU-1070,2026-01-12,24,0,0
R05,SKU-1070,01/13/2026,36,0,0
R05,SKU-1070,2026-01-14,27,0,0
R05,SKU-1070,01/15/2026,36,0,0
R05,SKU-1070,2026-01-16,29,1,0
R05,SKU-1070,2026-01-17,44,1,0
R05,SKU-1070,01/18/2026,33,1,0
R05,SKU-1070,19-Jan-26,35,0,0
R05,SKU-1070,01/20/2026,22,2,0
R05,SKU-1070,2026-01-21,34,0,0
R05,SKU-1070,2026-01-22,36,1,0
R05,SKU-1070,01/23/2026,41,0,0
R05,SKU-1070,2026-01-24,31,0,0
R05,SKU-1070,2026-01-25,25,0,0
R05,SKU-1070,2026-01-26,37,0,0
R05,SKU-1070,2026-01-27,28,0,0
R05,SKU-1070,2026-01-28,34,0,0
R05,SKU-1070,29-Jan-26,41,0,0
R05,SKU-1070,2026-01-30,35,1,0
R05,SKU-1070,31-Jan-26,21,0,0
