retailer_id,product_id,sale_date,sold_qty,returns_qty,promo_flag
R01,SKU-1014,2025-08-01,10,1,0
R01,SKU-1014,2025-08-02,9,0,0
R01,SKU-1014,08/03/2025,9,1,0
R01,SKU-1014,04-Aug-25,6,1,0
R01,SKU-1014,2025-08-05,13,0,0
R01,SKU-1014,2025-08-06,10,0,0
R01,SKU-1014,08/07/2025,1,1,1
R01,SKU-1014,08/08/2025,5,0,0
R01,SKU-1014,2025-08-09,4,1,0
R01,SKU-1014,2025-08-10,4,0,0
R01,SKU-1014,2025-08-11,12,0,0
R01,SKU-1014,2025-08-12,3,0,0
R01,SKU-1014,2025-08-13,3,3,0
R01,SKU-1014,2025-08-14,4,0,0
R01,SKU-1014,2025-08-15,8,1,0
R01,SKU-1014,2025-08-16,7,1,0
R01,SKU-1014,2025-08-17,7,0,0
R01,SKU-1014,2025-08-18,5,1,0
R01,SKU-1014,19-Aug-25,4,1,0
R01,SKU-1014,20-Aug-25,8,0,0
R01,SKU-1014,2025-08-21,8,0,0
R01,SKU-1014,22-Aug-25,9,0,0
R01,SKU-1014,2025-08-23,3,0,0
R01,SKU-1014,24-Aug-25,3,0,0
R01,SKU-1014,25-Aug-25,4,1,0
R01,SKU-1014,2025-08-26,5,0,1
R01,SKU-1014,2025-08-27,3,1,0
R01,SKU-1014,2025-08-28,5,0,0
R01,SKU-1014,2025-08-29,8,0,0
R01,SKU-1014,08/30/2025,4,0,0
R01,SKU-1014,2025-08-31,3,0,1
R01,SKU-1231,2025-08-01,13,0,0
R01,SKU-1231,08/02/2025,11,0,0
R01,SKU-1231,2025-08-03,9,3,0
R01,SKU-1231,08/04/2025,9,1,0
R01,SKU-1231,2025-08-05,10,0,0
R01,SKU-1231,08/06/2025,9,0,0
R01,SKU-1231,2025-08-07,12,1,0
R01,SKU-1231,08/08/2025,17,0,0
R01,SKU-1231,2025-08-09,13,1,0
R01,SKU-1231,2025-08-10,13,0,0
R01,SKU-1231,08/11/2025,5,1,0
R01,SKU-1231,2025-08-12,6,1,0
R01,SKU-1231,2025-08-13,10,0,0
R01,SKU-1231,2025-08-14,11,0,0
R01,SKU-1231,08/15/2025,13,1,0
R01,SKU-1231,2025-08-16,6,1,0
R01,SKU-1231,2025-08-17,13,0,0
R01,SKU-1231,2025-08-18,11,1,0
R01,SKU-1231,2025-08-19,15,0,0
R01,SKU-1231,20-Aug-25,5,0,0
R01,SKU-1231,08/21/2025,12,0,0
R01,SKU-1231,22-Aug-25,10,0,0
R01,SKU-1231,2025-08-23,12,0,0
R01,SKU-1231,08/24/2025,12,0,0
R01,SKU-1231,2025-08-25,10,1,0
R01,SKU-1231,2025-08-26,13,1,0
R01,SKU-1231,08/27/2025,10,0,0
R01,SKU-1231,08/28/2025,14,1,0
R01,SKU-1231,2025-08-29,13,0,0
R01,SKU-1231,30-Aug-25,11,0,0
R01,SKU-1231,2025-08-31,11,1,0
R01,SKU-1056,2025-08-01,13,0,0
R01,SKU-1056,2025-08-02,23,0,1
R01,SKU-1056,03-Aug-25,10,0,0
R01,SKU-1056,08/04/2025,9,0,1
R01,SKU-1056,2025-08-05,12,1,0
R01,SKU-1056,06-Aug-25,12,0,0
R01,SKU-1056,2025-08-07,11,1,0
R01,SKU-1056,2025-08-08,10,1,0
R01,SKU-1056,09-Aug-25,14,0,0
R01,SKU-1056,2025-08-10,12,1,0
R01,SKU-1056,2025-08-11,11,1,0
R01,SKU-1056,2025-08-12,9,0,0
R01,SKU-1056,13-Aug-25,13,0,0
R01,SKU-1056,14-Aug-25,9,1,0
R01,SKU-1056,2025-08-15,16,0,0
R01,SKU-1056,2025-08-16,12,1,0
R01,SKU-1056,08/17/2025,12,1,0
R01,SKU-1056,2025-08-18,9,0,0
R01,SKU-1056,2025-08-19,13,1,0
R01,SKU-1056,08/20/2025,14,0,0
R01,SKU-1056,2025-08-21,12,0,0
R01,SKU-1056,2025-08-22,8,0,0
R01,SKU-1056,23-Aug-25,12,0,0
R01,SKU-1056,24-Aug-25,13,0,0
R01,SKU-1056,2025-08-25,20,2,0
R01,SKU-1056,08/26/2025,9,1,0
R01,SKU-1056,2025-08-27,11,0,0
R01,SKU-1056,2025-08-28,13,1,0
R01,SKU-1056,2025-08-29,16,0,0
R01,SKU-1056,2025-08-30,11,1,0
R01,SKU-1056,2025-08-31,17,0,0
R01,SKU-1140,01-Aug-25,15,1,0
R01,SKU-1140,2025-08-02,10,0,0
R01,SKU-1140,2025-08-03,10,1,0
R01,SKU-1140,04-Aug-25,14,2,0
R01,SKU-1140,2025-08-05,12,0,0
R01,SKU-1140,2025-08-06,9,0,0
R01,SKU-1140,2025-08-07,10,0,0
R01,SKU-1140,2025-08-08,7,0,0
R01,SKU-1140,09-Aug-25,8,1,0
R01,SKU-1140,2025-08-10,12,0,0
R01,SKU-1140,2025-08-11,13,0,0
R01,SKU-1140,2025-08-12,13,1,0
R01,SKU-1140,2025-08-13,9,0,0
R01,SKU-1140,2025-08-14,11,1,1
R01,SKU-1140,2025-08-15,11,0,0
R01,SKU-1140,2025-08-16,4,0,1
R01,SKU-1140,08/17/2025,8,0,0
R01,SKU-1140,2025-08-18,11,0,1
R01,SKU-1140,2025-08-19,14,0,1
R01,SKU-1140,2025-08-20,8,0,0
R01,SKU-1140,08/21/2025,11,0,0
R01,SKU-1140,22-Aug-25,17,0,0
R01,SKU-1140,08/23/2025,11,0,0
R01,SKU-1140,2025-08-24,10,0,0
R01,SKU-1140,2025-08-25,9,0,0
R01,SKU-1140,26-Aug-25,13,0,0
R01,SKU-1140,08/27/2025,13,0,0
R01,SKU-1140,2025-08-28,7,0,0
R01,SKU-1140,08/29/2025,11,0,0
R01,SKU-1140,08/30/2025,11,0,0
R01,SKU-1140,2025-08-31,11,0,1
R01,SKU-1189,2025-08-01,11,1,1
R01,SKU-1189,2025-08-02,8,2,0
R01,SKU-1189,08/03/2025,7,1,1
R01,SKU-1189,2025-08-04,10,0,0
R01,SKU-1189,2025-08-05,7,1,0
R01,SKU-1189,2025-08-06,6,2,0
R01,SKU-1189,2025-08-07,4,0,0
R01,SKU-1189,2025-08-08,9,1,0
R01,SKU-1189,08/09/2025,5,1,1
R01,SKU-1189,2025-08-10,11,0,1
R01,SKU-1189,11-Aug-25,12,0,1
R01,SKU-1189,08/12/2025,5,0,0
R01,SKU-1189,13-Aug-25,11,0,0
R01,SKU-1189,2025-08-14,9,0,0
R01,SKU-1189,2025-08-15,7,1,0
R01,SKU-1189,08/16/2025,12,1,0
R01,SKU-1189,2025-08-17,16,0,0
R01,SKU-1189,2025-08-18,14,0,0
R01,SKU-1189,2025-08-19,13,0,0
R01,SKU-1189,2025-08-20,10,1,0
R01,SKU-1189,08/21/2025,6,0,0
R01,SKU-1189,2025-08-22,6,0,0
R01,SKU-1189,2025-08-23,11,0,0
R01,SKU-1189,08/24/2025,10,0,0
R01,SKU-1189,2025-08-25,14,0,0
R01,SKU-1189,2025-08-26,4,0,0
R01,SKU-1189,2025-08-27,9,1,0
R01,SKU-1189,2025-08-28,4,0,1
R01,SKU-1189,29-Aug-25,9,0,0
R01,SKU-1189,08/30/2025,8,2,0
R01,SKU-1189,2025-08-31,8,0,1
R01,SKU-1252,08/01/2025,28,1,0
R01,SKU-1252,08/02/2025,29,0,0
R01,SKU-1252,08/03/2025,19,2,1
R01,SKU-1252,2025-08-04,28,0,0
R01,SKU-1252,2025-08-05,24,0,1
R01,SKU-1252,08/06/2025,25,0,0
R01,SKU-1252,08/07/2025,23,0,0
R01,SKU-1252,2025-08-08,29,1,0
R01,SKU-1252,08/09/2025,24,2,1
R01,SKU-1252,08/10/2025,29,0,0
R01,SKU-1252,2025-08-11,30,0,0
R01,SKU-1252,2025-08-12,17,0,0
R01,SKU-1252,2025-08-13,29,0,0
R01,SKU-1252,08/14/2025,27,1,0
R01,SKU-1252,08/15/2025,38,1,0
R01,SKU-1252,2025-08-16,21,1,0
R01,SKU-1252,17-Aug-25,14,0,0
R01,SKU-1252,2025-08-18,25,1,0
R01,SKU-1252,19-Aug-25,24,1,0
R01,SKU-1252,20-Aug-25,24,0,1
R01,SKU-1252,2025-08-21,29,0,1
R01,SKU-1252,2025-08-22,25,0,1
R01,SKU-1252,2025-08-23,26,0,0
R01,SKU-1252,08/24/2025,28,0,0
R01,SKU-1252,2025-08-25,36,0,0
R01,SKU-1252,08/26/2025,26,1,1
R01,SKU-1252,08/27/2025,29,0,1
R01,SKU-1252,08/28/2025,24,0,0
R01,SKU-1252,2025-08-29,26,0,0
R01,SKU-1252,2025-08-30,23,1,1
R01,SKU-1252,2025-08-31,25,0,0
R01,SKU-1259,2025-08-01,10,0,0
R01,SKU-1259,02-Aug-25,9,3,0
R01,SKU-1259,2025-08-03,11,0,1
R01,SKU-1259,08/04/2025,11,0,0
R01,SKU-1259,2025-08-05,8,1,0
R01,SKU-1259,08/06/2025,14,1,0
R01,SKU-1259,07-Aug-25,8,0,0
R01,SKU-1259,08-Aug-25,13,0,0
R01,SKU-1259,08/09/2025,14,1,0
R01,SKU-1259,08/10/2025,13,1,0
R01,SKU-1259,11-Aug-25,17,1,0
R01,SKU-1259,2025-08-12,15,1,0
R01,SKU-1259,2025-08-13,8,1,0
R01,SKU-1259,14-Aug-25,14,0,0
R01,SKU-1259,15-Aug-25,14,0,0
R01,SKU-1259,2025-08-16,14,0,0
R01,SKU-1259,17-Aug-25,13,0,0
R01,SKU-1259,08/18/2025,6,1,0
R01,SKU-1259,2025-08-19,6,0,0
R01,SKU-1259,2025-08-20,9,1,0
R01,SKU-1259,08/21/2025,7,0,0
R01,SKU-1259,2025-08-22,15,1,0
R01,SKU-1259,23-Aug-25,13,0,0
R01,SKU-1259,2025-08-24,8,2,0
R01,SKU-1259,08/25/2025,13,0,0
R01,SKU-1259,08/26/2025,6,1,0
R01,SKU-1259,2025-08-27,12,0,0
R01,SKU-1259,08/28/2025,10,0,0
R01,SKU-1259,29-Aug-25,6,0,0
R01,SKU-1259,2025-08-30,8,1,0
R01,SKU-1259,2025-08-31,9,0,0
R01,SKU-1021,08/01/2025,16,2,0
R01,SKU-1021,2025-08-02,26,0,0
R01,SKU-1021,08/03/2025,16,0,0
R01,SKU-1021,2025-08-04,12,0,0
R01,SKU-1021,2025-08-05,13,1,0
R01,SKU-1021,2025-08-06,10,0,0
R01,SKU-1021,07-Aug-25,9,0,0
R01,SKU-1021,2025-08-08,12,0,0
R01,SKU-1021,2025-08-09,13,1,0
R01,SKU-1021,2025-08-10,11,0,0
R01,SKU-1021,2025-08-11,16,0,1
R01,SKU-1021,2025-08-12,13,0,0
R01,SKU-1021,08/13/2025,10,0,0
R01,SKU-1021,14-Aug-25,18,0,0
R01,SKU-1021,2025-08-15,14,0,0
R01,SKU-1021,2025-08-16,15,0,0
R01,SKU-1021,08/17/2025,24,0,0
R01,SKU-1021,18-Aug-25,11,1,0
R01,SKU-1021,08/19/2025,14,0,0
R01,SKU-1021,2025-08-20,11,0,0
R01,SKU-1021,2025-08-21,14,0,0
R01,SKU-1021,22-Aug-25,15,0,0
R01,SKU-1021,2025-08-23,8,1,1
R01,SKU-1021,2025-08-24,10,0,0
R01,SKU-1021,25-Aug-25,12,0,0
R01,SKU-1021,2025-08-26,8,0,0
R01,SKU-1021,2025-08-27,15,1,0
R01,SKU-1021,08/28/2025,18,0,0
R01,SKU-1021,2025-08-29,8,1,0
R01,SKU-1021,08/30/2025,14,0,0
R01,SKU-1021,31-Aug-25,17,1,0
R01,SKU-1147,2025-08-01,23,0,0
R01,SKU-1147,08/02/2025,20,1,0
R01,SKU-1147,2025-08-03,20,2,0
R01,SKU-1147,2025-08-04,31,1,0
R01,SKU-1147,2025-08-05,19,0,0
R01,SKU-1147,2025-08-06,13,0,0
R01,SKU-1147,2025-08-07,15,0,0
R01,SKU-1147,2025-08-08,15,0,0
R01,SKU-1147,08/09/2025,22,0,1
R01,SKU-1147,10-Aug-25,18,0,0
R01,SKU-1147,08/11/2025,16,1,0
R01,SKU-1147,2025-08-12,17,0,0
R01,SKU-1147,2025-08-13,11,1,0
R01,SKU-1147,2025-08-14,33,0,0
R01,SKU-1147,2025-08-15,16,0,0
R01,SKU-1147,2025-08-16,16,0,0
R01,SKU-1147,2025-08-17,18,1,0
R01,SKU-1147,18-Aug-25,18,0,0
R01,SKU-1147,2025-08-19,15,0,0
R01,SKU-1147,2025-08-20,19,1,0
R01,SKU-1147,08/21/2025,20,0,0
R01,SKU-1147,2025-08-22,16,0,0
R01,SKU-1147,2025-08-23,13,0,0
R01,SKU-1147,2025-08-24,22,0,1
R01,SKU-1147,08/25/2025,15,1,0
R01,SKU-1147,2025-08-26,16,0,0
R01,SKU-1147,08/27/2025,13,0,1
R01,SKU-1147,2025-08-28,18,0,0
R01,SKU-1147,2025-08-29,18,0,0
R01,SKU-1147,2025-08-30,26,0,1
R01,SKU-1147,08/31/2025,10,0,0
R01,SKU-1126,2025-08-01,29,0,0
R01,SKU-1126,08/02/2025,31,0,0
R01,SKU-1126,2025-08-03,27,0,1
R01,SKU-1126,2025-08-04,29,0,1
R01,SKU-1126,2025-08-05,30,0,0
R01,SKU-1126,06-Aug-25,22,0,0
R01,SKU-1126,07-Aug-25,33,0,0
R01,SKU-1126,2025-08-08,23,0,0
R01,SKU-1126,2025-08-09,27,1,0
R01,SKU-1126,2025-08-10,30,0,0
R01,SKU-1126,2025-08-11,23,0,0
R01,SKU-1126,2025-08-12,31,0,0
R01,SKU-1126,2025-08-13,33,0,0
R01,SKU-1126,2025-08-14,24,0,0
R01,SKU-1126,2025-08-15,21,1,1
R01,SKU-1126,2025-08-16,26,1,0
R01,SKU-1126,08/17/2025,23,1,0
R01,SKU-1126,2025-08-18,26,1,0
R01,SKU-1126,08/19/2025,28,0,0
R01,SKU-1126,2025-08-20,38,1,0
R01,SKU-1126,2025-08-21,23,0,0
R01,SKU-1126,22-Aug-25,23,0,0
R01,SKU-1126,23-Aug-25,28,0,0
R01,SKU-1126,2025-08-24,29,1,0
R01,SKU-1126,2025-08-25,30,0,1
R01,SKU-1126,2025-08-26,29,1,0
R01,SKU-1126,08/27/2025,23,0,0
R01,SKU-1126,2025-08-28,24,0,0
R01,SKU-1126,2025-08-29,28,0,0
R01,SKU-1126,2025-08-30,27,1,0
R01,SKU-1126,08/31/2025,23,0,0
R01,SKU-1175,2025-08-01,2,1,0
R01,SKU-1175,2025-08-02,3,1,0
R01,SKU-1175,08/03/2025,7,1,0
R01,SKU-1175,04-Aug-25,0,0,0
R01,SKU-1175,08/05/2025,2,0,0
R01,SKU-1175,06-Aug-25,5,1,0
R01,SKU-1175,2025-08-07,5,0,0
R01,SKU-1175,2025-08-08,4,0,0
R01,SKU-1175,08/09/2025,1,0,0
R01,SKU-1175,2025-08-10,5,0,0
R01,SKU-1175,2025-08-11,2,1,0
R01,SKU-1175,2025-08-12,5,1,0
R01,SKU-1175,2025-08-13,6,0,0
R01,SKU-1175,2025-08-14,5,1,0
R01,SKU-1175,15-Aug-25,3,0,0
R01,SKU-1175,2025-08-16,4,1,0
R01,SKU-1175,2025-08-17,2,1,0
R01,SKU-1175,2025-08-18,3,0,0
R01,SKU-1175,08/19/2025,4,0,0
R01,SKU-1175,20-Aug-25,7,1,0
R01,SKU-1175,2025-08-21,6,2,0
R01,SKU-1175,22-Aug-25,4,0,0
R01,SKU-1175,08/23/2025,5,0,0
R01,SKU-1175,2025-08-24,2,1,0
R01,SKU-1175,08/25/2025,5,0,0
R01,SKU-1175,2025-08-26,5,1,0
R01,SKU-1175,2025-08-27,2,0,0
R01,SKU-1175,2025-08-28,3,0,0
R01,SKU-1175,2025-08-29,1,0,0
R01,SKU-1175,2025-08-30,1,0,0
R01,SKU-1175,2025-08-31,4,0,0
R01,SKU-1196,2025-08-01,14,0,0
R01,SKU-1196,08/02/2025,25,0,0
R01,SKU-1196,08/03/2025,20,0,0
R01,SKU-1196,2025-08-04,22,0,0
R01,SKU-1196,2025-08-05,22,0,0
R01,SKU-1196,06-Aug-25,26,0,0
R01,SKU-1196,2025-08-07,18,0,1
R01,SKU-1196,2025-08-08,14,0,0
R01,SKU-1196,2025-08-09,16,1,0
R01,SKU-1196,2025-08-10,18,0,0
R01,SKU-1196,08/11/2025,21,0,1
R01,SKU-1196,2025-08-12,23,0,0
R01,SKU-1196,2025-08-13,17,0,1
R01,SKU-1196,2025-08-14,21,0,0
R01,SKU-1196,15-Aug-25,22,1,0
R01,SKU-1196,2025-08-16,18,0,0
R01,SKU-1196,08/17/2025,32,0,1
R01,SKU-1196,2025-08-18,16,0,0
R01,SKU-1196,08/19/2025,30,1,0
R01,SKU-1196,2025-08-20,17,0,0
R01,SKU-1196,2025-08-21,16,0,0
R01,SKU-1196,22-Aug-25,23,0,0
R01,SKU-1196,23-Aug-25,23,0,0
R01,SKU-1196,08/24/2025,28,2,1
R01,SKU-1196,2025-08-25,15,0,0
R01,SKU-1196,2025-08-26,18,1,0
R01,SKU-1196,27-Aug-25,19,0,0
R01,SKU-1196,2025-08-28,11,0,1
R01,SKU-1196,2025-08-29,26,1,0
R01,SKU-1196,2025-08-30,23,2,0
R01,SKU-1196,2025-08-31,16,0,0
R01,SKU-1091,2025-08-01,17,0,0
R01,SKU-1091,02-Aug-25,17,1,0
R01,SKU-1091,2025-08-03,20,0,0
R01,SKU-1091,2025-08-04,15,1,1
R01,SKU-1091,2025-08-05,10,0,0
R01,SKU-1091,2025-08-06,15,1,0
R01,SKU-1091,08/07/2025,15,0,0
R01,SKU-1091,2025-08-08,20,0,0
R01,SKU-1091,2025-08-09,17,1,0
R01,SKU-1091,10-Aug-25,15,0,0
R01,SKU-1091,08/11/2025,11,0,0
R01,SKU-1091,2025-08-12,17,0,0
R01,SKU-1091,13-Aug-25,19,0,0
R01,SKU-1091,2025-08-14,12,0,0
R01,SKU-1091,15-Aug-25,12,0,0
R01,SKU-1091,2025-08-16,18,0,0
R01,SKU-1091,2025-08-17,14,0,0
R01,SKU-1091,18-Aug-25,14,1,0
R01,SKU-1091,08/19/2025,17,1,0
R01,SKU-1091,2025-08-20,10,0,0
R01,SKU-1091,2025-08-21,11,0,0
R01,SKU-1091,2025-08-22,9,0,1
R01,SKU-1091,23-Aug-25,18,0,0
R01,SKU-1091,2025-08-24,19,0,0
R01,SKU-1091,08/25/2025,10,0,0
R01,SKU-1091,26-Aug-25,15,0,0
R01,SKU-1091,27-Aug-25,10,0,0
R01,SKU-1091,28-Aug-25,15,1,0
R01,SKU-1091,2025-08-29,18,1,0
R01,SKU-1091,08/30/2025,14,1,0
R01,SKU-1091,08/31/2025,13,0,0
R01,SKU-1119,08/01/2025,7,1,0
R01,SKU-1119,02-Aug-25,6,0,0
R01,SKU-1119,08/03/2025,6,0,0
R01,SKU-1119,2025-08-04,2,0,0
R01,SKU-1119,05-Aug-25,6,0,1
R01,SKU-1119,2025-08-06,9,1,0
R01,SKU-1119,2025-08-07,7,0,0
R01,SKU-1119,2025-08-08,2,0,0
R01,SKU-1119,08/09/2025,5,0,0
R01,SKU-1119,2025-08-10,5,0,0
R01,SKU-1119,08/11/2025,5,0,0
R01,SKU-1119,2025-08-12,5,1,0
R01,SKU-1119,08/13/2025,4,0,0
R01,SKU-1119,2025-08-14,4,0,0
R01,SKU-1119,08/15/2025,2,1,0
R01,SKU-1119,2025-08-16,6,0,0
R01,SKU-1119,17-Aug-25,3,0,0
R01,SKU-1119,2025-08-18,2,0,0
R01,SKU-1119,2025-08-19,4,0,1
R01,SKU-1119,08/20/2025,6,0,0
R01,SKU-1119,21-Aug-25,2,0,0
R01,SKU-1119,08/22/2025,5,0,0
R01,SKU-1119,2025-08-23,6,0,0
R01,SKU-1119,08/24/2025,6,0,0
R01,SKU-1119,2025-08-25,7,0,0
R01,SKU-1119,08/26/2025,7,1,0
R01,SKU-1119,2025-08-27,6,1,0
R01,SKU-1119,2025-08-28,7,0,0
R01,SKU-1119,29-Aug-25,6,0,0
R01,SKU-1119,2025-08-30,9,0,0
R01,SKU-1119,31-Aug-25,7,2,0
R01,SKU-1224,08/01/2025,36,1,0
R01,SKU-1224,2025-08-02,32,0,0
R01,SKU-1224,2025-08-03,29,0,0
R01,SKU-1224,08/04/2025,35,1,1
R01,SKU-1224,08/05/2025,32,0,0
R01,SKU-1224,08/06/2025,32,0,0
R01,SKU-1224,08/07/2025,25,2,0
R01,SKU-1224,2025-08-08,21,0,0
R01,SKU-1224,08/09/2025,26,0,0
R01,SKU-1224,2025-08-10,31,1,0
R01,SKU-1224,11-Aug-25,30,0,0
R01,SKU-1224,08/12/2025,33,0,0
R01,SKU-1224,08/13/2025,33,0,0
R01,SKU-1224,2025-08-14,27,1,0
R01,SKU-1224,08/15/2025,34,2,0
R01,SKU-1224,16-Aug-25,35,1,0
R01,SKU-1224,2025-08-17,27,0,0
R01,SKU-1224,08/18/2025,21,0,0
R01,SKU-1224,2025-08-19,29,0,0
R01,SKU-1224,2025-08-20,23,0,0
R01,SKU-1224,2025-08-21,29,0,0
R01,SKU-1224,2025-08-22,33,2,0
R01,SKU-1224,2025-08-23,40,0,0
R01,SKU-1224,2025-08-24,35,0,0
R01,SKU-1224,25-Aug-25,29,0,0
R01,SKU-1224,2025-08-26,40,1,0
R01,SKU-1224,27-Aug-25,38,1,1
R01,SKU-1224,08/28/2025,32,1,0
R01,SKU-1224,2025-08-29,34,0,0
R01,SKU-1224,2025-08-30,39,0,0
R01,SKU-1224,31-Aug-25,32,1,0
R01,SKU-1266,08/01/2025,28,0,1
R01,SKU-1266,2025-08-02,20,2,0
R01,SKU-1266,03-Aug-25,38,0,1
R01,SKU-1266,2025-08-04,19,1,1
R01,SKU-1266,05-Aug-25,31,1,1
R01,SKU-1266,08/06/2025,34,0,0
R01,SKU-1266,2025-08-07,24,0,0
R01,SKU-1266,2025-08-08,29,2,0
R01,SKU-1266,2025-08-09,25,0,1
R01,SKU-1266,2025-08-10,28,2,1
R01,SKU-1266,2025-08-11,27,0,0
R01,SKU-1266,2025-08-12,32,0,0
R01,SKU-1266,13-Aug-25,24,0,0
R01,SKU-1266,08/14/2025,30,1,0
R01,SKU-1266,08/15/2025,26,0,0
R01,SKU-1266,2025-08-16,24,2,0
R01,SKU-1266,08/17/2025,14,0,0
R01,SKU-1266,2025-08-18,21,0,0
R01,SKU-1266,2025-08-19,23,0,1
R01,SKU-1266,2025-08-20,22,0,0
R01,SKU-1266,08/21/2025,24,1,0
R01,SKU-1266,08/22/2025,27,0,0
R01,SKU-1266,23-Aug-25,29,0,0
R01,SKU-1266,08/24/2025,39,0,0
R01,SKU-1266,25-Aug-25,25,2,0
R01,SKU-1266,2025-08-26,16,1,0
R01,SKU-1266,2025-08-27,25,0,0
R01,SKU-1266,08/28/2025,27,0,1
R01,SKU-1266,2025-08-29,37,0,0
R01,SKU-1266,08/30/2025,34,0,0
R01,SKU-1266,2025-08-31,31,0,0
R01,SKU-1063,01-Aug-25,26,3,0
R01,SKU-1063,2025-08-02,22,1,0
R01,SKU-1063,2025-08-03,23,0,0
R01,SKU-1063,2025-08-04,24,0,0
R01,SKU-1063,05-Aug-25,26,0,0
R01,SKU-1063,2025-08-06,29,1,0
R01,SKU-1063,2025-08-07,20,0,0
R01,SKU-1063,08/08/2025,28,0,0
R01,SKU-1063,2025-08-09,24,1,0
R01,SKU-1063,10-Aug-25,17,2,0
R01,SKU-1063,2025-08-11,23,1,0
R01,SKU-1063,2025-08-12,20,0,0
R01,SKU-1063,2025-08-13,20,1,0
R01,SKU-1063,2025-08-14,24,0,1
R01,SKU-1063,2025-08-15,25,1,1
R01,SKU-1063,08/16/2025,28,0,0
R01,SKU-1063,2025-08-17,28,0,0
R01,SKU-1063,2025-08-18,18,0,0
R01,SKU-1063,2025-08-19,21,0,0
R01,SKU-1063,08/20/2025,31,0,0
R01,SKU-1063,2025-08-21,21,1,0
R01,SKU-1063,22-Aug-25,22,0,0
R01,SKU-1063,2025-08-23,29,0,0
R01,SKU-1063,2025-08-24,19,0,0
R01,SKU-1063,08/25/2025,29,0,0
R01,SKU-1063,2025-08-26,26,1,0
R01,SKU-1063,2025-08-27,24,0,1
R01,SKU-1063,2025-08-28,15,0,0
R01,SKU-1063,2025-08-29,17,0,0
R01,SKU-1063,08/30/2025,28,0,0
R01,SKU-1063,31-Aug-25,21,1,0
R01,SKU-1245,2025-08-01,17,0,0
R01,SKU-1245,2025-08-02,28,0,0
R01,SKU-1245,08/03/2025,18,0,1
R01,SKU-1245,2025-08-04,30,0,0
R01,SKU-1245,2025-08-05,32,1,1
R01,SKU-1245,06-Aug-25,28,1,0
R01,SKU-1245,07-Aug-25,23,1,0
R01,SKU-1245,08/08/2025,29,4,0
R01,SKU-1245,2025-08-09,25,1,0
R01,SKU-1245,2025-08-10,25,0,0
R01,SKU-1245,2025-08-11,28,0,0
R01,SKU-1245,2025-08-12,28,0,0
R01,SKU-1245,2025-08-13,26,0,0
R01,SKU-1245,2025-08-14,32,0,0
R01,SKU-1245,2025-08-15,35,0,0
R01,SKU-1245,08/16/2025,28,1,1
R01,SKU-1245,2025-08-17,39,1,0
R01,SKU-1245,2025-08-18,25,0,0
R01,SKU-1245,2025-08-19,30,0,1
R01,SKU-1245,2025-08-20,31,1,0
R01,SKU-1245,2025-08-21,28,0,0
R01,SKU-1245,2025-08-22,20,0,0
R01,SKU-1245,23-Aug-25,32,1,0
R01,SKU-1245,2025-08-24,29,2,0
R01,SKU-1245,08/25/2025,31,0,0
R01,SKU-1245,08/26/2025,31,0,0
R01,SKU-1245,2025-08-27,26,0,0
R01,SKU-1245,2025-08-28,26,0,0
R01,SKU-1245,2025-08-29,23,1,0
R01,SKU-1245,30-Aug-25,31,1,0
R01,SKU-1245,2025-08-31,34,0,0
R01,SKU-1182,01-Aug-25,6,0,0
R01,SKU-1182,02-Aug-25,5,0,0
R01,SKU-1182,2025-08-03,11,2,0
R01,SKU-1182,04-Aug-25,5,0,0
R01,SKU-1182,2025-08-05,2,1,1
R01,SKU-1182,2025-08-06,6,1,0
R01,SKU-1182,2025-08-07,6,0,0
R01,SKU-1182,08/08/2025,8,0,0
R01,SKU-1182,2025-08-09,6,0,0
R01,SKU-1182,2025-08-10,3,1,0
R01,SKU-1182,2025-08-11,3,0,0
R01,SKU-1182,2025-08-12,8,0,0
R01,SKU-1182,2025-08-13,4,0,0
R01,SKU-1182,2025-08-14,11,0,0
R01,SKU-1182,2025-08-15,7,1,1
R01,SKU-1182,2025-08-16,4,1,1
R01,SKU-1182,2025-08-17,3,0,0
R01,SKU-1182,2025-08-18,2,0,0
R01,SKU-1182,19-Aug-25,2,0,0
R01,SKU-1182,2025-08-20,7,1,0
R01,SKU-1182,2025-08-21,7,0,0
R01,SKU-1182,2025-08-22,8,1,0
R01,SKU-1182,2025-08-23,4,1,0
R01,SKU-1182,24-Aug-25,13,1,1
R01,SKU-1182,2025-08-25,6,1,0
R01,SKU-1182,2025-08-26,12,1,0
R01,SKU-1182,2025-08-27,2,2,0
R01,SKU-1182,28-Aug-25,4,0,0
R01,SKU-1182,2025-08-29,5,0,0
R01,SKU-1182,30-Aug-25,6,0,0
R01,SKU-1182,08/31/2025,2,0,0
R01,SKU-1007,2025-08-01,22,2,1
R01,SKU-1007,08/02/2025,34,1,0
R01,SKU-1007,08/03/2025,25,0,0
R01,SKU-1007,04-Aug-25,39,0,0
R01,SKU-1007,2025-08-05,36,0,0
R01,SKU-1007,08/06/2025,35,0,0
R01,SKU-1007,08/07/2025,28,1,0
R01,SKU-1007,2025-08-08,27,0,0
R01,SKU-1007,2025-08-09,34,0,1
R01,SKU-1007,2025-08-10,36,1,0
R01,SKU-1007,11-Aug-25,41,0,0
R01,SKU-1007,2025-08-12,30,0,0
R01,SKU-1007,2025-08-13,24,0,0
R01,SKU-1007,08/14/2025,39,0,0
R01,SKU-1007,08/15/2025,36,0,0
R01,SKU-1007,08/16/2025,28,2,0
R01,SKU-1007,2025-08-17,31,0,0
R01,SKU-1007,2025-08-18,34,1,0
R01,SKU-1007,19-Aug-25,27,0,0
R01,SKU-1007,08/20/2025,32,0,0
R01,SKU-1007,21-Aug-25,43,0,0
R01,SKU-1007,22-Aug-25,41,0,0
R01,SKU-1007,23-Aug-25,39,0,0
R01,SKU-1007,24-Aug-25,28,0,0
R01,SKU-1007,2025-08-25,32,1,0
R01,SKU-1007,2025-08-26,17,1,0
R01,SKU-1007,2025-08-27,33,0,0
R01,SKU-1007,2025-08-28,38,0,0
R01,SKU-1007,08/29/2025,42,0,1
R01,SKU-1007,30-Aug-25,29,0,0
R01,SKU-1007,2025-08-31,28,2,0
R01,SKU-1070,08/01/2025,9,0,0
R01,SKU-1070,2025-08-02,7,1,0
R01,SKU-1070,08/03/2025,9,2,0
R01,SKU-1070,2025-08-04,12,0,0
R01,SKU-1070,05-Aug-25,7,0,0
R01,SKU-1070,08/06/2025,10,1,0
R01,SKU-1070,08/07/2025,17,0,0
R01,SKU-1070,08/08/2025,13,0,0
R01,SKU-1070,08/09/2025,7,0,1
R01,SKU-1070,08/10/2025,7,0,0
R01,SKU-1070,2025-08-11,12,0,0
R01,SKU-1070,2025-08-12,7,0,0
R01,SKU-1070,08/13/2025,10,0,0
R01,SKU-1070,14-Aug-25,7,2,0
R01,SKU-1070,08/15/2025,7,0,1
R01,SKU-1070,16-Aug-25,17,1,0
R01,SKU-1070,2025-08-17,18,1,1
R01,SKU-1070,08/18/2025,9,1,0
R01,SKU-1070,2025-08-19,13,0,0
R01,SKU-1070,2025-08-20,10,0,1
R01,SKU-1070,2025-08-21,16,0,0
R01,SKU-1070,2025-08-22,11,1,0
R01,SKU-1070,08/23/2025,13,1,0
R01,SKU-1070,2025-08-24,9,0,0
R01,SKU-1070,2025-08-25,15,0,0
R01,SKU-1070,2025-08-26,10,1,0
R01,SKU-1070,2025-08-27,3,0,0
R01,SKU-1070,2025-08-28,11,1,0
R01,SKU-1070,2025-08-29,17,1,0
R01,SKU-1070,08/30/2025,15,0,0
R01,SKU-1070,08/31/2025,11,0,0
R01,SKU-1238,2025-08-01,27,1,0
R01,SKU-1238,08/02/2025,17,1,0
R01,SKU-1238,2025-08-03,22,2,0
R01,SKU-1238,2025-08-04,16,0,0
R01,SKU-1238,2025-08-05,15,0,0
R01,SKU-1238,08/06/2025,17,0,0
R01,SKU-1238,2025-08-07,41,0,0
R01,SKU-1238,2025-08-08,12,1,0
R01,SKU-1238,2025-08-09,15,0,0
R01,SKU-1238,10-Aug-25,11,0,0
R01,SKU-1238,2025-08-11,15,0,0
R01,SKU-1238,12-Aug-25,22,2,0
R01,SKU-1238,2025-08-13,24,1,0
R01,SKU-1238,08/14/2025,18,0,1
R01,SKU-1238,2025-08-15,23,0,0
R01,SKU-1238,08/16/2025,20,1,0
R01,SKU-1238,2025-08-17,18,0,1
R01,SKU-1238,08/18/2025,18,1,0
R01,SKU-1238,2025-08-19,17,0,0
R01,SKU-1238,08/20/2025,19,0,0
R01,SKU-1238,2025-08-21,18,0,0
R01,SKU-1238,08/22/2025,23,0,0
R01,SKU-1238,2025-08-23,13,0,1
R01,SKU-1238,2025-08-24,19,0,0
R01,SKU-1238,08/25/2025,13,2,0
R01,SKU-1238,2025-08-26,15,1,0
R01,SKU-1238,2025-08-27,13,1,0
R01,SKU-1238,2025-08-28,22,1,0
R01,SKU-1238,2025-08-29,25,0,0
R01,SKU-1238,2025-08-30,19,0,0
R01,SKU-1238,08/31/2025,23,0,1
R01,SKU-1154,2025-08-01,17,1,0
R01,SKU-1154,02-Aug-25,13,0,0
R01,SKU-1154,08/03/2025,23,0,0
R01,SKU-1154,08/04/2025,17,0,0
R01,SKU-1154,08/05/2025,24,2,0
R01,SKU-1154,2025-08-06,14,1,0
R01,SKU-1154,07-Aug-25,15,0,0
R01,SKU-1154,2025-08-08,14,0,0
R01,SKU-1154,2025-08-09,31,1,0
R01,SKU-1154,10-Aug-25,14,0,0
R01,SKU-1154,2025-08-11,22,0,0
R01,SKU-1154,2025-08-12,18,0,0
R01,SKU-1154,2025-08-13,16,1,0
R01,SKU-1154,08/14/2025,21,0,0
R01,SKU-1154,08/15/2025,22,0,1
R01,SKU-1154,2025-08-16,23,1,1
R01,SKU-1154,2025-08-17,22,0,0
R01,SKU-1154,2025-08-18,18,0,0
R01,SKU-1154,2025-08-19,22,1,0
R01,SKU-1154,2025-08-20,21,0,1
R01,SKU-1154,2025-08-21,29,1,0
R01,SKU-1154,2025-08-22,22,0,0
R01,SKU-1154,2025-08-23,30,0,0
R01,SKU-1154,08/24/2025,21,0,0
R01,SKU-1154,2025-08-25,22,0,0
R01,SKU-1154,2025-08-26,19,1,0
R01,SKU-1154,2025-08-27,20,0,0
R01,SKU-1154,08/28/2025,17,0,0
R01,SKU-1154,2025-08-29,23,1,0
R01,SKU-1154,2025-08-30,28,0,0
R01,SKU-1154,2025-08-31,23,0,0
R01,SKU-1273,08/01/2025,28,1,0
R01,SKU-1273,08/02/2025,34,0,0
R01,SKU-1273,03-Aug-25,23,0,0
R01,SKU-1273,2025-08-04,43,0,0
R01,SKU-1273,05-Aug-25,20,0,0
R01,SKU-1273,2025-08-06,22,1,0
R01,SKU-1273,2025-08-07,31,0,0
R01,SKU-1273,08/08/2025,22,1,0
R01,SKU-1273,08/09/2025,27,0,0
R01,SKU-1273,2025-08-10,23,0,0
R01,SKU-1273,2025-08-11,20,0,0
R01,SKU-1273,2025-08-12,18,1,0
R01,SKU-1273,2025-08-13,30,0,0
R01,SKU-1273,14-Aug-25,34,2,0
R01,SKU-1273,2025-08-15,25,1,0
R01,SKU-1273,2025-08-16,23,0,0
R01,SKU-1273,2025-08-17,31,0,0
R01,SKU-1273,2025-08-18,38,0,0
R01,SKU-1273,19-Aug-25,25,0,0
R01,SKU-1273,2025-08-20,44,1,1
R01,SKU-1273,2025-08-21,23,0,0
R01,SKU-1273,2025-08-22,28,0,0
R01,SKU-1273,2025-08-23,29,0,0
R01,SKU-1273,08/24/2025,26,1,0
R01,SKU-1273,08/25/2025,28,0,0
R01,SKU-1273,2025-08-26,31,0,0
R01,SKU-1273,08/27/2025,22,0,0
R01,SKU-1273,08/28/2025,29,0,0
R01,SKU-1273,08/29/2025,27,0,0
R01,SKU-1273,2025-08-30,39,0,0
R01,SKU-1273,2025-08-31,22,2,0
R02,SKU-1119,2025-08-01,1,0,0
R02,SKU-1119,2025-08-02,2,0,1
R02,SKU-1119,03-Aug-25,5,2,0
R02,SKU-1119,2025-08-04,8,0,0
R02,SKU-1119,2025-08-05,4,0,0
R02,SKU-1119,06-Aug-25,2,1,0
R02,SKU-1119,2025-08-07,1,0,0
R02,SKU-1119,08-Aug-25,5,0,0
R02,SKU-1119,08/09/2025,9,0,0
R02,SKU-1119,2025-08-10,5,0,1
R02,SKU-1119,2025-08-11,6,1,0
R02,SKU-1119,2025-08-12,3,1,0
R02,SKU-1119,2025-08-13,4,0,0
R02,SKU-1119,14-Aug-25,7,0,0
R02,SKU-1119,15-Aug-25,1,1,0
R02,SKU-1119,2025-08-16,4,2,0
R02,SKU-1119,08/17/2025,3,0,0
R02,SKU-1119,2025-08-18,2,0,0
R02,SKU-1119,2025-08-19,6,2,0
R02,SKU-1119,20-Aug-25,5,0,0
R02,SKU-1119,2025-08-21,3,0,1
R02,SKU-1119,08/22/2025,5,1,0
R02,SKU-1119,08/23/2025,0,0,0
R02,SKU-1119,2025-08-24,6,1,0
R02,SKU-1119,2025-08-25,5,2,0
R02,SKU-1119,2025-08-26,4,0,0
R02,SKU-1119,2025-08-27,5,1,0
R02,SKU-1119,08/28/2025,6,1,1
R02,SKU-1119,2025-08-29,1,1,0
R02,SKU-1119,2025-08-30,6,0,0
R02,SKU-1119,2025-08-31,5,1,1
R02,SKU-1252,2025-08-01,35,0,0
R02,SKU-1252,08/02/2025,32,0,0
R02,SKU-1252,2025-08-03,26,1,0
R02,SKU-1252,04-Aug-25,35,0,0
R02,SKU-1252,2025-08-05,22,0,0
R02,SKU-1252,06-Aug-25,25,0,0
R02,SKU-1252,07-Aug-25,36,0,0
R02,SKU-1252,2025-08-08,31,0,0
R02,SKU-1252,2025-08-09,38,1,0
R02,SKU-1252,2025-08-10,26,1,1
R02,SKU-1252,2025-08-11,33,0,0
R02,SKU-1252,2025-08-12,28,0,0
R02,SKU-1252,08/13/2025,38,0,0
R02,SKU-1252,2025-08-14,30,1,0
R02,SKU-1252,2025-08-15,28,0,0
R02,SKU-1252,16-Aug-25,31,0,0
R02,SKU-1252,2025-08-17,33,1,0
R02,SKU-1252,2025-08-18,23,0,0
R02,SKU-1252,19-Aug-25,26,0,0
R02,SKU-1252,2025-08-20,33,0,0
R02,SKU-1252,2025-08-21,29,1,0
R02,SKU-1252,2025-08-22,43,1,0
R02,SKU-1252,08/23/2025,23,0,0
R02,SKU-1252,2025-08-24,37,0,0
R02,SKU-1252,2025-08-25,32,0,0
R02,SKU-1252,26-Aug-25,28,1,0
R02,SKU-1252,08/27/2025,28,0,1
R02,SKU-1252,28-Aug-25,25,2,0
R02,SKU-1252,29-Aug-25,43,0,0
R02,SKU-1252,08/30/2025,31,0,0
R02,SKU-1252,08/31/2025,25,0,0
R02,SKU-1238,01-Aug-25,13,1,0
R02,SKU-1238,2025-08-02,15,0,0
R02,SKU-1238,2025-08-03,23,0,0
R02,SKU-1238,04-Aug-25,18,1,0
R02,SKU-1238,08/05/2025,17,0,0
R02,SKU-1238,08/06/2025,21,0,1
R02,SKU-1238,08/07/2025,10,0,0
R02,SKU-1238,2025-08-08,15,1,0
R02,SKU-1238,2025-08-09,21,0,0
R02,SKU-1238,2025-08-10,19,2,0
R02,SKU-1238,2025-08-11,19,0,0
R02,SKU-1238,12-Aug-25,14,0,0
R02,SKU-1238,13-Aug-25,21,0,0
R02,SKU-1238,08/14/2025,23,1,0
R02,SKU-1238,08/15/2025,11,1,0
R02,SKU-1238,08/16/2025,14,1,0
R02,SKU-1238,2025-08-17,21,2,0
R02,SKU-1238,08/18/2025,24,1,0
R02,SKU-1238,08/19/2025,16,0,0
R02,SKU-1238,08/20/2025,21,0,0
R02,SKU-1238,08/21/2025,19,0,0
R02,SKU-1238,2025-08-22,14,0,0
R02,SKU-1238,2025-08-23,19,0,0
R02,SKU-1238,2025-08-24,20,0,0
R02,SKU-1238,08/25/2025,15,1,0
R02,SKU-1238,26-Aug-25,21,1,0
R02,SKU-1238,2025-08-27,14,1,0
R02,SKU-1238,2025-08-28,31,0,0
R02,SKU-1238,2025-08-29,20,0,0
R02,SKU-1238,2025-08-30,24,0,0
R02,SKU-1238,2025-08-31,18,0,0
R02,SKU-1161,2025-08-01,13,0,1
R02,SKU-1161,08/02/2025,12,0,0
R02,SKU-1161,2025-08-03,17,0,0
R02,SKU-1161,2025-08-04,19,0,1
R02,SKU-1161,05-Aug-25,14,0,0
R02,SKU-1161,08/06/2025,14,0,0
R02,SKU-1161,2025-08-07,12,0,0
R02,SKU-1161,2025-08-08,13,0,0
R02,SKU-1161,2025-08-09,11,0,0
R02,SKU-1161,2025-08-10,19,0,0
R02,SKU-1161,2025-08-11,17,2,0
R02,SKU-1161,2025-08-12,17,1,0
R02,SKU-1161,08/13/2025,10,0,1
R02,SKU-1161,2025-08-14,9,1,0
R02,SKU-1161,2025-08-15,25,0,0
R02,SKU-1161,2025-08-16,11,1,1
R02,SKU-1161,17-Aug-25,14,0,0
R02,SKU-1161,2025-08-18,10,0,1
R02,SKU-1161,2025-08-19,14,0,0
R02,SKU-1161,08/20/2025,14,0,0
R02,SKU-1161,2025-08-21,18,0,0
R02,SKU-1161,2025-08-22,18,0,1
R02,SKU-1161,2025-08-23,15,0,1
R02,SKU-1161,24-Aug-25,19,1,0
R02,SKU-1161,2025-08-25,17,0,0
R02,SKU-1161,08/26/2025,16,0,0
R02,SKU-1161,27-Aug-25,15,1,0
R02,SKU-1161,2025-08-28,9,0,0
R02,SKU-1161,2025-08-29,17,0,0
R02,SKU-1161,2025-08-30,13,1,0
R02,SKU-1161,08/31/2025,15,0,0
R02,SKU-1224,2025-08-01,25,0,0
R02,SKU-1224,2025-08-02,36,0,0
R02,SKU-1224,2025-08-03,38,0,0
R02,SKU-1224,2025-08-04,23,1,0
R02,SKU-1224,2025-08-05,28,2,1
R02,SKU-1224,08/06/2025,28,0,0
R02,SKU-1224,08/07/2025,32,0,0
R02,SKU-1224,08-Aug-25,34,1,0
R02,SKU-1224,09-Aug-25,47,0,0
R02,SKU-1224,08/10/2025,30,0,0
R02,SKU-1224,2025-08-11,31,0,0
R02,SKU-1224,2025-08-12,30,1,1
R02,SKU-1224,2025-08-13,35,1,0
R02,SKU-1224,2025-08-14,26,0,0
R02,SKU-1224,08/15/2025,33,0,0
R02,SKU-1224,2025-08-16,37,0,0
R02,SKU-1224,08/17/2025,30,0,0
R02,SKU-1224,2025-08-18,34,0,0
R02,SKU-1224,2025-08-19,42,2,0
R02,SKU-1224,08/20/2025,34,0,0
R02,SKU-1224,2025-08-21,32,1,0
R02,SKU-1224,2025-08-22,31,0,0
R02,SKU-1224,2025-08-23,40,0,0
R02,SKU-1224,2025-08-24,37,0,0
R02,SKU-1224,08/25/2025,40,0,0
R02,SKU-1224,08/26/2025,37,1,0
R02,SKU-1224,08/27/2025,35,1,1
R02,SKU-1224,2025-08-28,32,0,0
R02,SKU-1224,2025-08-29,39,2,0
R02,SKU-1224,2025-08-30,31,0,0
R02,SKU-1224,2025-08-31,32,0,0
R02,SKU-1084,2025-08-01,22,0,0
R02,SKU-1084,2025-08-02,21,0,0
R02,SKU-1084,08/03/2025,22,0,0
R02,SKU-1084,2025-08-04,15,0,0
R02,SKU-1084,2025-08-05,15,1,0
R02,SKU-1084,08/06/2025,12,1,0
R02,SKU-1084,08/07/2025,9,0,0
R02,SKU-1084,08/08/2025,15,1,0
R02,SKU-1084,2025-08-09,12,0,0
R02,SKU-1084,2025-08-10,15,1,0
R02,SKU-1084,2025-08-11,16,0,0
R02,SKU-1084,2025-08-12,16,0,1
R02,SKU-1084,08/13/2025,18,0,0
R02,SKU-1084,2025-08-14,14,0,0
R02,SKU-1084,08/15/2025,18,1,0
R02,SKU-1084,08/16/2025,20,2,0
R02,SKU-1084,2025-08-17,18,0,0
R02,SKU-1084,08/18/2025,14,0,0
R02,SKU-1084,19-Aug-25,22,1,0
R02,SKU-1084,2025-08-20,14,1,0
R02,SKU-1084,21-Aug-25,23,0,0
R02,SKU-1084,22-Aug-25,13,1,0
R02,SKU-1084,23-Aug-25,9,2,0
R02,SKU-1084,2025-08-24,15,0,0
R02,SKU-1084,2025-08-25,27,0,0
R02,SKU-1084,08/26/2025,16,1,0
R02,SKU-1084,27-Aug-25,21,1,0
R02,SKU-1084,2025-08-28,9,1,1
R02,SKU-1084,2025-08-29,9,0,1
R02,SKU-1084,08/30/2025,11,1,0
R02,SKU-1084,08/31/2025,17,0,0
R02,SKU-1028,08/01/2025,27,2,0
R02,SKU-1028,2025-08-02,21,0,0
R02,SKU-1028,2025-08-03,29,0,0
R02,SKU-1028,2025-08-04,42,0,0
R02,SKU-1028,2025-08-05,30,1,1
R02,SKU-1028,06-Aug-25,34,2,0
R02,SKU-1028,2025-08-07,21,0,0
R02,SKU-1028,2025-08-08,35,0,0
R02,SKU-1028,09-Aug-25,30,0,0
R02,SKU-1028,2025-08-10,24,0,0
R02,SKU-1028,2025-08-11,29,0,0
R02,SKU-1028,2025-08-12,33,0,0
R02,SKU-1028,08/13/2025,35,1,0
R02,SKU-1028,14-Aug-25,31,1,0
R02,SKU-1028,08/15/2025,34,0,1
R02,SKU-1028,2025-08-16,31,0,0
R02,SKU-1028,08/17/2025,31,0,0
R02,SKU-1028,08/18/2025,37,0,0
R02,SKU-1028,2025-08-19,30,0,1
R02,SKU-1028,2025-08-20,22,0,0
R02,SKU-1028,2025-08-21,28,0,0
R02,SKU-1028,2025-08-22,23,0,0
R02,SKU-1028,08/23/2025,39,1,0
R02,SKU-1028,24-Aug-25,27,1,0
R02,SKU-1028,2025-08-25,38,0,0
R02,SKU-1028,26-Aug-25,31,0,0
R02,SKU-1028,2025-08-27,28,0,0
R02,SKU-1028,08/28/2025,28,0,0
R02,SKU-1028,08/29/2025,25,0,0
R02,SKU-1028,2025-08-30,28,0,1
R02,SKU-1028,2025-08-31,30,0,0
R02,SKU-1140,01-Aug-25,9,1,0
R02,SKU-1140,08/02/2025,17,2,0
R02,SKU-1140,08/03/2025,14,0,0
R02,SKU-1140,2025-08-04,24,0,0
R02,SKU-1140,08/05/2025,14,0,0
R02,SKU-1140,06-Aug-25,20,1,0
R02,SKU-1140,2025-08-07,25,0,0
R02,SKU-1140,08-Aug-25,27,0,1
R02,SKU-1140,2025-08-09,23,1,0
R02,SKU-1140,08/10/2025,18,1,1
R02,SKU-1140,08/11/2025,14,2,0
R02,SKU-1140,2025-08-12,21,0,1
R02,SKU-1140,13-Aug-25,25,0,0
R02,SKU-1140,08/14/2025,16,0,0
R02,SKU-1140,2025-08-15,11,0,0
R02,SKU-1140,2025-08-16,18,1,0
R02,SKU-1140,2025-08-17,25,0,0
R02,SKU-1140,2025-08-18,17,0,0
R02,SKU-1140,2025-08-19,18,0,0
R02,SKU-1140,2025-08-20,19,0,0
R02,SKU-1140,2025-08-21,23,0,0
R02,SKU-1140,2025-08-22,20,1,0
R02,SKU-1140,08/23/2025,14,0,0
R02,SKU-1140,08/24/2025,16,2,0
R02,SKU-1140,08/25/2025,26,0,0
R02,SKU-1140,2025-08-26,20,0,0
R02,SKU-1140,2025-08-27,15,0,1
R02,SKU-1140,2025-08-28,22,0,1
R02,SKU-1140,29-Aug-25,11,0,0
R02,SKU-1140,2025-08-30,15,0,0
R02,SKU-1140,08/31/2025,19,1,0
R02,SKU-1217,2025-08-01,28,1,0
R02,SKU-1217,08/02/2025,20,0,0
R02,SKU-1217,2025-08-03,18,0,0
R02,SKU-1217,08/04/2025,18,0,0
R02,SKU-1217,2025-08-05,16,0,0
R02,SKU-1217,2025-08-06,19,1,0
R02,SKU-1217,2025-08-07,20,1,0
R02,SKU-1217,08-Aug-25,23,1,0
R02,SKU-1217,2025-08-09,25,0,0
R02,SKU-1217,2025-08-10,23,0,0
R02,SKU-1217,2025-08-11,17,2,0
R02,SKU-1217,08/12/2025,20,0,0
R02,SKU-1217,08/13/2025,19,0,0
R02,SKU-1217,2025-08-14,17,0,0
R02,SKU-1217,08/15/2025,22,0,0
R02,SKU-1217,2025-08-16,21,1,0
R02,SKU-1217,2025-08-17,26,2,0
R02,SKU-1217,08/18/2025,18,1,0
R02,SKU-1217,2025-08-19,22,0,0
R02,SKU-1217,2025-08-20,23,2,0
R02,SKU-1217,2025-08-21,24,0,0
R02,SKU-1217,2025-08-22,16,0,0
R02,SKU-1217,08/23/2025,25,1,0
R02,SKU-1217,2025-08-24,23,1,0
R02,SKU-1217,08/25/2025,15,1,0
R02,SKU-1217,2025-08-26,16,0,0
R02,SKU-1217,2025-08-27,20,0,0
R02,SKU-1217,2025-08-28,15,0,0
R02,SKU-1217,2025-08-29,19,1,0
R02,SKU-1217,08/30/2025,20,0,1
R02,SKU-1217,2025-08-31,15,0,0
R02,SKU-1112,2025-08-01,12,0,0
R02,SKU-1112,2025-08-02,15,0,0
R02,SKU-1112,08/03/2025,11,0,0
R02,SKU-1112,2025-08-04,12,0,0
R02,SKU-1112,2025-08-05,17,0,0
R02,SKU-1112,2025-08-06,11,0,1
R02,SKU-1112,2025-08-07,16,0,0
R02,SKU-1112,08/08/2025,24,0,0
R02,SKU-1112,2025-08-09,16,0,0
R02,SKU-1112,2025-08-10,15,1,0
R02,SKU-1112,08/11/2025,16,0,1
R02,SKU-1112,12-Aug-25,19,0,0
R02,SKU-1112,2025-08-13,16,0,0
R02,SKU-1112,08/14/2025,22,1,0
R02,SKU-1112,2025-08-15,22,1,0
R02,SKU-1112,08/16/2025,22,1,0
R02,SKU-1112,08/17/2025,14,1,0
R02,SKU-1112,18-Aug-25,10,0,0
R02,SKU-1112,2025-08-19,9,0,0
R02,SKU-1112,08/20/2025,15,1,0
R02,SKU-1112,2025-08-21,14,0,0
R02,SKU-1112,08/22/2025,11,0,1
R02,SKU-1112,2025-08-23,12,0,0
R02,SKU-1112,24-Aug-25,10,0,0
R02,SKU-1112,2025-08-25,9,0,0
R02,SKU-1112,08/26/2025,13,0,0
R02,SKU-1112,08/27/2025,20,1,0
R02,SKU-1112,2025-08-28,14,1,0
R02,SKU-1112,2025-08-29,18,0,0
R02,SKU-1112,08/30/2025,8,1,0
R02,SKU-1112,08/31/2025,17,1,0
R02,SKU-1245,08/01/2025,9,0,1
R02,SKU-1245,2025-08-02,4,0,0
R02,SKU-1245,2025-08-03,10,0,0
R02,SKU-1245,08/04/2025,8,0,0
R02,SKU-1245,2025-08-05,8,0,0
R02,SKU-1245,06-Aug-25,8,1,0
R02,SKU-1245,2025-08-07,10,0,0
R02,SKU-1245,2025-08-08,9,0,0
R02,SKU-1245,2025-08-09,9,0,0
R02,SKU-1245,08/10/2025,4,1,0
R02,SKU-1245,2025-08-11,14,0,0
R02,SKU-1245,12-Aug-25,13,1,0
R02,SKU-1245,08/13/2025,7,1,0
R02,SKU-1245,08/14/2025,8,0,0
R02,SKU-1245,2025-08-15,13,0,0
R02,SKU-1245,08/16/2025,7,1,0
R02,SKU-1245,2025-08-17,10,0,0
R02,SKU-1245,2025-08-18,7,1,0
R02,SKU-1245,08/19/2025,7,1,0
R02,SKU-1245,2025-08-20,7,0,0
R02,SKU-1245,08/21/2025,11,0,0
R02,SKU-1245,08/22/2025,7,1,1
R02,SKU-1245,2025-08-23,7,0,0
R02,SKU-1245,2025-08-24,14,1,0
R02,SKU-1245,08/25/2025,7,0,1
R02,SKU-1245,2025-08-26,8,1,0
R02,SKU-1245,2025-08-27,10,0,0
R02,SKU-1245,2025-08-28,9,0,0
R02,SKU-1245,2025-08-29,5,0,0
R02,SKU-1245,2025-08-30,8,1,0
R02,SKU-1245,08/31/2025,4,1,0
R02,SKU-1210,2025-08-01,14,0,0
R02,SKU-1210,08/02/2025,13,1,0
R02,SKU-1210,2025-08-03,14,2,0
R02,SKU-1210,2025-08-04,17,1,1
R02,SKU-1210,08/05/2025,17,0,0
R02,SKU-1210,06-Aug-25,13,1,0
R02,SKU-1210,2025-08-07,17,0,0
R02,SKU-1210,08/08/2025,19,0,0
R02,SKU-1210,09-Aug-25,10,0,0
R02,SKU-1210,2025-08-10,22,0,1
R02,SKU-1210,2025-08-11,8,0,0
R02,SKU-1210,12-Aug-25,16,1,0
R02,SKU-1210,08/13/2025,16,0,0
R02,SKU-1210,2025-08-14,18,1,1
R02,SKU-1210,2025-08-15,14,0,1
R02,SKU-1210,16-Aug-25,14,0,0
R02,SKU-1210,2025-08-17,15,0,0
R02,SKU-1210,2025-08-18,12,0,0
R02,SKU-1210,2025-08-19,15,0,1
R02,SKU-1210,08/20/2025,10,1,0
R02,SKU-1210,2025-08-21,11,1,0
R02,SKU-1210,08/22/2025,17,0,0
R02,SKU-1210,2025-08-23,13,1,0
R02,SKU-1210,2025-08-24,13,0,0
R02,SKU-1210,25-Aug-25,11,0,0
R02,SKU-1210,2025-08-26,11,1,0
R02,SKU-1210,2025-08-27,15,0,1
R02,SKU-1210,08/28/2025,17,0,0
R02,SKU-1210,2025-08-29,8,0,0
R02,SKU-1210,30-Aug-25,12,1,0
R02,SKU-1210,2025-08-31,16,0,0
R02,SKU-1063,2025-08-01,29,0,0
R02,SKU-1063,2025-08-02,33,0,0
R02,SKU-1063,2025-08-03,27,0,0
R02,SKU-1063,2025-08-04,25,1,0
R02,SKU-1063,08/05/2025,35,0,0
R02,SKU-1063,2025-08-06,23,0,0
R02,SKU-1063,2025-08-07,35,1,0
R02,SKU-1063,08/08/2025,38,0,1
R02,SKU-1063,2025-08-09,24,0,0
R02,SKU-1063,08/10/2025,34,1,0
R02,SKU-1063,2025-08-11,32,0,0
R02,SKU-1063,12-Aug-25,30,0,0
R02,SKU-1063,08/13/2025,27,1,0
R02,SKU-1063,08/14/2025,37,0,0
R02,SKU-1063,2025-08-15,38,0,0
R02,SKU-1063,2025-08-16,36,0,1
R02,SKU-1063,08/17/2025,36,1,0
R02,SKU-1063,2025-08-18,41,0,0
R02,SKU-1063,19-Aug-25,31,0,0
R02,SKU-1063,20-Aug-25,30,0,0
R02,SKU-1063,2025-08-21,31,1,0
R02,SKU-1063,2025-08-22,37,0,1
R02,SKU-1063,2025-08-23,25,1,0
R02,SKU-1063,08/24/2025,34,0,0
R02,SKU-1063,2025-08-25,29,0,0
R02,SKU-1063,2025-08-26,30,0,0
R02,SKU-1063,2025-08-27,26,1,0
R02,SKU-1063,2025-08-28,29,0,0
R02,SKU-1063,08/29/2025,32,0,0
R02,SKU-1063,08/30/2025,26,1,0
R02,SKU-1063,2025-08-31,31,0,0
R02,SKU-1203,08/01/2025,14,1,0
R02,SKU-1203,2025-08-02,30,1,1
R02,SKU-1203,08/03/2025,24,1,0
R02,SKU-1203,2025-08-04,19,0,0
R02,SKU-1203,2025-08-05,19,0,0
R02,SKU-1203,08/06/2025,28,0,0
R02,SKU-1203,2025-08-07,21,1,0
R02,SKU-1203,2025-08-08,20,1,0
R02,SKU-1203,2025-08-09,16,0,1
R02,SKU-1203,08/10/2025,14,0,0
R02,SKU-1203,08/11/2025,25,0,1
R02,SKU-1203,2025-08-12,22,2,0
R02,SKU-1203,2025-08-13,14,1,0
R02,SKU-1203,08/14/2025,25,1,0
R02,SKU-1203,2025-08-15,27,0,0
R02,SKU-1203,08/16/2025,20,1,0
R02,SKU-1203,2025-08-17,24,0,1
R02,SKU-1203,08/18/2025,22,0,0
R02,SKU-1203,08/19/2025,21,2,0
R02,SKU-1203,2025-08-20,17,2,0
R02,SKU-1203,21-Aug-25,16,1,0
R02,SKU-1203,2025-08-22,19,0,1
R02,SKU-1203,08/23/2025,25,1,0
R02,SKU-1203,08/24/2025,22,0,0
R02,SKU-1203,2025-08-25,18,0,0
R02,SKU-1203,2025-08-26,23,0,0
R02,SKU-1203,2025-08-27,26,0,1
R02,SKU-1203,28-Aug-25,23,0,0
R02,SKU-1203,2025-08-29,18,1,0
R02,SKU-1203,30-Aug-25,20,3,0
R02,SKU-1203,08/31/2025,30,0,1
R02,SKU-1021,08/01/2025,32,0,0
R02,SKU-1021,2025-08-02,26,1,0
R02,SKU-1021,2025-08-03,23,0,0
R02,SKU-1021,08/04/2025,31,1,0
R02,SKU-1021,08/05/2025,35,1,0
R02,SKU-1021,2025-08-06,23,0,1
R02,SKU-1021,2025-08-07,41,1,0
R02,SKU-1021,2025-08-08,31,0,0
R02,SKU-1021,2025-08-09,25,1,0
R02,SKU-1021,2025-08-10,37,0,0
R02,SKU-1021,11-Aug-25,24,0,1
R02,SKU-1021,2025-08-12,33,0,0
R02,SKU-1021,08/13/2025,28,0,0
R02,SKU-1021,2025-08-14,23,2,0
R02,SKU-1021,15-Aug-25,24,0,0
R02,SKU-1021,2025-08-16,31,0,0
R02,SKU-1021,08/17/2025,17,0,0
R02,SKU-1021,2025-08-18,39,1,0
R02,SKU-1021,2025-08-19,21,1,0
R02,SKU-1021,08/20/2025,17,0,0
R02,SKU-1021,08/21/2025,24,1,0
R02,SKU-1021,2025-08-22,27,1,0
R02,SKU-1021,08/23/2025,21,0,0
R02,SKU-1021,2025-08-24,23,0,0
R02,SKU-1021,25-Aug-25,28,0,0
R02,SKU-1021,2025-08-26,28,0,0
R02,SKU-1021,2025-08-27,25,1,0
R02,SKU-1021,08/28/2025,32,0,0
R02,SKU-1021,2025-08-29,23,0,1
R02,SKU-1021,2025-08-30,33,0,0
R02,SKU-1021,31-Aug-25,23,0,0
R02,SKU-1189,2025-08-01,27,0,0
R02,SKU-1189,2025-08-02,25,1,0
R02,SKU-1189,2025-08-03,26,0,0
R02,SKU-1189,04-Aug-25,15,0,0
R02,SKU-1189,05-Aug-25,9,0,0
R02,SKU-1189,08/06/2025,21,0,0
R02,SKU-1189,2025-08-07,23,0,1
R02,SKU-1189,08-Aug-25,21,0,1
R02,SKU-1189,2025-08-09,23,0,0
R02,SKU-1189,2025-08-10,17,2,0
R02,SKU-1189,2025-08-11,25,0,0
R02,SKU-1189,2025-08-12,17,0,0
R02,SKU-1189,2025-08-13,14,0,0
R02,SKU-1189,2025-08-14,23,0,0
R02,SKU-1189,2025-08-15,28,0,0
R02,SKU-1189,2025-08-16,15,0,0
R02,SKU-1189,08/17/2025,17,0,0
R02,SKU-1189,2025-08-18,25,1,1
R02,SKU-1189,2025-08-19,24,0,0
R02,SKU-1189,08/20/2025,22,2,0
R02,SKU-1189,2025-08-21,26,1,0
R02,SKU-1189,22-Aug-25,16,0,0
R02,SKU-1189,2025-08-23,22,0,0
R02,SKU-1189,08/24/2025,21,1,0
R02,SKU-1189,25-Aug-25,21,0,0
R02,SKU-1189,26-Aug-25,22,0,0
R02,SKU-1189,08/27/2025,16,2,1
R02,SKU-1189,2025-08-28,19,1,0
R02,SKU-1189,29-Aug-25,20,0,0
R02,SKU-1189,2025-08-30,19,2,0
R02,SKU-1189,2025-08-31,21,0,0
R02,SKU-1175,2025-08-01,28,0,1
R02,SKU-1175,02-Aug-25,17,0,0
R02,SKU-1175,2025-08-03,24,0,0
R02,SKU-1175,2025-08-04,19,0,0
R02,SKU-1175,2025-08-05,27,1,1
R02,SKU-1175,08/06/2025,15,0,0
R02,SKU-1175,2025-08-07,19,0,0
R02,SKU-1175,2025-08-08,24,0,0
R02,SKU-1175,08/09/2025,32,1,1
R02,SKU-1175,2025-08-10,20,0,0
R02,SKU-1175,2025-08-11,33,0,0
R02,SKU-1175,2025-08-12,27,1,0
R02,SKU-1175,2025-08-13,29,1,0
R02,SKU-1175,08/14/2025,22,0,1
R02,SKU-1175,2025-08-15,31,0,0
R02,SKU-1175,2025-08-16,17,0,0
R02,SKU-1175,2025-08-17,19,0,0
R02,SKU-1175,2025-08-18,26,0,0
R02,SKU-1175,2025-08-19,27,0,0
R02,SKU-1175,2025-08-20,26,0,0
R02,SKU-1175,21-Aug-25,27,0,0
R02,SKU-1175,2025-08-22,29,1,0
R02,SKU-1175,2025-08-23,27,1,0
R02,SKU-1175,2025-08-24,23,0,0
R02,SKU-1175,08/25/2025,21,2,0
R02,SKU-1175,2025-08-26,20,0,0
R02,SKU-1175,2025-08-27,24,0,0
R02,SKU-1175,2025-08-28,24,1,0
R02,SKU-1175,08/29/2025,20,0,0
R02,SKU-1175,2025-08-30,23,0,0
R02,SKU-1175,2025-08-31,29,2,1
R02,SKU-1042,2025-08-01,26,1,0
R02,SKU-1042,08/02/2025,23,0,0
R02,SKU-1042,2025-08-03,20,1,0
R02,SKU-1042,08/04/2025,23,1,0
R02,SKU-1042,2025-08-05,33,0,1
R02,SKU-1042,2025-08-06,26,1,0
R02,SKU-1042,08/07/2025,25,1,0
R02,SKU-1042,2025-08-08,30,1,1
R02,SKU-1042,2025-08-09,18,0,0
R02,SKU-1042,2025-08-10,23,0,0
R02,SKU-1042,08/11/2025,27,0,0
R02,SKU-1042,2025-08-12,21,0,0
R02,SKU-1042,2025-08-13,25,0,0
R02,SKU-1042,08/14/2025,28,0,0
R02,SKU-1042,08/15/2025,33,0,0
R02,SKU-1042,2025-08-16,30,0,0
R02,SKU-1042,08/17/2025,25,1,0
R02,SKU-1042,08/18/2025,34,1,0
R02,SKU-1042,08/19/2025,19,0,0
R02,SKU-1042,20-Aug-25,26,0,0
R02,SKU-1042,08/21/2025,26,1,0
R02,SKU-1042,2025-08-22,27,1,0
R02,SKU-1042,08/23/2025,29,0,0
R02,SKU-1042,24-Aug-25,24,1,0
R02,SKU-1042,2025-08-25,23,1,0
R02,SKU-1042,26-Aug-25,25,0,0
R02,SKU-1042,2025-08-27,29,0,0
R02,SKU-1042,08/28/2025,27,0,0
R02,SKU-1042,08/29/2025,13,2,0
R02,SKU-1042,2025-08-30,30,0,0
R02,SKU-1042,2025-08-31,35,0,0
R02,SKU-1007,08/01/2025,8,0,0
R02,SKU-1007,08/02/2025,27,0,0
R02,SKU-1007,08/03/2025,11,1,0
R02,SKU-1007,04-Aug-25,11,0,0
R02,SKU-1007,2025-08-05,11,0,0
R02,SKU-1007,06-Aug-25,10,1,0
R02,SKU-1007,08/07/2025,16,0,1
R02,SKU-1007,2025-08-08,6,1,0
R02,SKU-1007,2025-08-09,17,0,0
R02,SKU-1007,08/10/2025,14,1,0
R02,SKU-1007,08/11/2025,7,0,0
R02,SKU-1007,2025-08-12,10,0,0
R02,SKU-1007,2025-08-13,21,0,0
R02,SKU-1007,14-Aug-25,17,0,1
R02,SKU-1007,2025-08-15,17,1,0
R02,SKU-1007,2025-08-16,11,0,0
R02,SKU-1007,2025-08-17,13,1,0
R02,SKU-1007,2025-08-18,14,0,0
R02,SKU-1007,2025-08-19,14,2,0
R02,SKU-1007,2025-08-20,11,0,0
R02,SKU-1007,21-Aug-25,14,0,0
R02,SKU-1007,2025-08-22,16,0,1
R02,SKU-1007,2025-08-23,15,0,0
R02,SKU-1007,2025-08-24,15,0,0
R02,SKU-1007,2025-08-25,9,0,0
R02,SKU-1007,2025-08-26,14,0,0
R02,SKU-1007,2025-08-27,15,1,0
R02,SKU-1007,2025-08-28,11,0,0
R02,SKU-1007,2025-08-29,17,0,0
R02,SKU-1007,2025-08-30,11,0,0
R02,SKU-1007,08/31/2025,9,1,0
R02,SKU-1126,08/01/2025,25,0,0
R02,SKU-1126,2025-08-02,29,0,0
R02,SKU-1126,03-Aug-25,33,0,0
R02,SKU-1126,08/04/2025,34,0,1
R02,SKU-1126,2025-08-05,23,0,1
R02,SKU-1126,08/06/2025,39,1,0
R02,SKU-1126,2025-08-07,32,1,0
R02,SKU-1126,08/08/2025,21,1,0
R02,SKU-1126,2025-08-09,31,0,0
R02,SKU-1126,10-Aug-25,36,0,0
R02,SKU-1126,2025-08-11,27,1,0
R02,SKU-1126,2025-08-12,26,2,1
R02,SKU-1126,08/13/2025,33,1,0
R02,SKU-1126,14-Aug-25,29,0,0
R02,SKU-1126,15-Aug-25,25,1,0
R02,SKU-1126,08/16/2025,35,2,0
R02,SKU-1126,2025-08-17,37,0,0
R02,SKU-1126,2025-08-18,27,0,0
R02,SKU-1126,08/19/2025,34,0,0
R02,SKU-1126,20-Aug-25,28,0,0
R02,SKU-1126,21-Aug-25,32,0,0
R02,SKU-1126,2025-08-22,26,0,0
R02,SKU-1126,2025-08-23,33,1,0
R02,SKU-1126,2025-08-24,27,0,0
R02,SKU-1126,08/25/2025,32,0,0
R02,SKU-1126,26-Aug-25,33,1,0
R02,SKU-1126,27-Aug-25,26,1,0
R02,SKU-1126,2025-08-28,31,0,0
R02,SKU-1126,2025-08-29,30,0,0
R02,SKU-1126,2025-08-30,31,0,0
R02,SKU-1126,08/31/2025,38,0,0
R02,SKU-1273,2025-08-01,26,0,0
R02,SKU-1273,08/02/2025,22,1,0
R02,SKU-1273,08/03/2025,21,1,0
R02,SKU-1273,2025-08-04,31,0,0
R02,SKU-1273,2025-08-05,17,0,0
R02,SKU-1273,08/06/2025,22,2,0
R02,SKU-1273,08/07/2025,22,0,1
R02,SKU-1273,2025-08-08,24,1,0
R02,SKU-1273,08/09/2025,17,1,0
R02,SKU-1273,10-Aug-25,16,0,0
R02,SKU-1273,2025-08-11,26,0,0
R02,SKU-1273,08/12/2025,19,1,0
R02,SKU-1273,2025-08-13,24,1,0
R02,SKU-1273,2025-08-14,21,1,0
R02,SKU-1273,2025-08-15,22,0,0
R02,SKU-1273,08/16/2025,29,1,0
R02,SKU-1273,2025-08-17,20,0,0
R02,SKU-1273,08/18/2025,25,0,0
R02,SKU-1273,08/19/2025,20,1,0
R02,SKU-1273,2025-08-20,16,0,0
R02,SKU-1273,2025-08-21,25,0,0
R02,SKU-1273,2025-08-22,25,1,0
R02,SKU-1273,23-Aug-25,24,1,0
R02,SKU-1273,08/24/2025,31,1,0
R02,SKU-1273,25-Aug-25,31,0,0
R02,SKU-1273,2025-08-26,26,0,0
R02,SKU-1273,2025-08-27,26,0,0
R02,SKU-1273,08/28/2025,25,1,0
R02,SKU-1273,29-Aug-25,28,0,0
R02,SKU-1273,2025-08-30,19,0,0
R02,SKU-1273,2025-08-31,13,0,0
R02,SKU-1056,01-Aug-25,17,0,0
R02,SKU-1056,2025-08-02,18,0,0
R02,SKU-1056,2025-08-03,17,2,1
R02,SKU-1056,08/04/2025,21,0,0
R02,SKU-1056,2025-08-05,12,1,0
R02,SKU-1056,06-Aug-25,19,2,0
R02,SKU-1056,2025-08-07,11,0,0
R02,SKU-1056,2025-08-08,13,0,0
R02,SKU-1056,2025-08-09,18,0,0
R02,SKU-1056,2025-08-10,14,0,0
R02,SKU-1056,08/11/2025,26,0,1
R02,SKU-1056,2025-08-12,26,0,0
R02,SKU-1056,13-Aug-25,19,0,1
R02,SKU-1056,2025-08-14,23,0,0
R02,SKU-1056,2025-08-15,17,0,0
R02,SKU-1056,2025-08-16,24,0,0
R02,SKU-1056,08/17/2025,19,0,0
R02,SKU-1056,2025-08-18,24,1,0
R02,SKU-1056,2025-08-19,24,0,0
R02,SKU-1056,08/20/2025,21,0,0
R02,SKU-1056,2025-08-21,23,0,0
R02,SKU-1056,08/22/2025,19,0,0
R02,SKU-1056,2025-08-23,22,0,1
R02,SKU-1056,08/24/2025,24,0,0
R02,SKU-1056,08/25/2025,12,0,0
R02,SKU-1056,08/26/2025,15,1,0
R02,SKU-1056,2025-08-27,16,0,0
R02,SKU-1056,2025-08-28,20,0,0
R02,SKU-1056,2025-08-29,15,1,1
R02,SKU-1056,08/30/2025,12,0,1
R02,SKU-1056,08/31/2025,10,0,0
R02,SKU-1280,08/01/2025,12,0,0
R02,SKU-1280,2025-08-02,22,0,1
R02,SKU-1280,03-Aug-25,21,0,0
R02,SKU-1280,2025-08-04,24,0,0
R02,SKU-1280,2025-08-05,18,0,1
R02,SKU-1280,2025-08-06,19,0,0
R02,SKU-1280,2025-08-07,21,1,0
R02,SKU-1280,2025-08-08,11,1,0
R02,SKU-1280,2025-08-09,14,0,0
R02,SKU-1280,2025-08-10,20,0,1
R02,SKU-1280,2025-08-11,9,0,0
R02,SKU-1280,08/12/2025,14,1,0
R02,SKU-1280,2025-08-13,22,0,0
R02,SKU-1280,2025-08-14,21,1,0
R02,SKU-1280,2025-08-15,18,0,0
R02,SKU-1280,08/16/2025,15,0,0
R02,SKU-1280,08/17/2025,17,0,0
R02,SKU-1280,2025-08-18,26,0,0
R02,SKU-1280,2025-08-19,20,0,0
R02,SKU-1280,2025-08-20,13,0,0
R02,SKU-1280,08/21/2025,18,0,0
R02,SKU-1280,08/22/2025,21,0,0
R02,SKU-1280,2025-08-23,20,0,0
R02,SKU-1280,2025-08-24,9,0,0
R02,SKU-1280,2025-08-25,17,0,0
R02,SKU-1280,08/26/2025,18,1,0
R02,SKU-1280,27-Aug-25,15,0,0
R02,SKU-1280,2025-08-28,16,2,0
R02,SKU-1280,2025-08-29,25,1,0
R02,SKU-1280,2025-08-30,18,1,0
R02,SKU-1280,2025-08-31,16,0,0
R02,SKU-1259,01-Aug-25,27,0,0
R02,SKU-1259,08/02/2025,26,0,1
R02,SKU-1259,2025-08-03,28,1,0
R02,SKU-1259,2025-08-04,23,0,0
R02,SKU-1259,08/05/2025,26,0,0
R02,SKU-1259,08/06/2025,30,0,0
R02,SKU-1259,07-Aug-25,29,0,0
R02,SKU-1259,2025-08-08,23,0,0
R02,SKU-1259,2025-08-09,22,0,0
R02,SKU-1259,2025-08-10,19,0,0
R02,SKU-1259,08/11/2025,25,1,0
R02,SKU-1259,12-Aug-25,27,0,0
R02,SKU-1259,08/13/2025,21,0,0
R02,SKU-1259,14-Aug-25,23,0,0
R02,SKU-1259,08/15/2025,14,1,1
R02,SKU-1259,08/16/2025,27,0,1
R02,SKU-1259,2025-08-17,26,1,1
R02,SKU-1259,08/18/2025,20,0,1
R02,SKU-1259,08/19/2025,18,0,0
R02,SKU-1259,2025-08-20,26,0,0
R02,SKU-1259,08/21/2025,29,1,0
R02,SKU-1259,2025-08-22,19,0,0
R02,SKU-1259,2025-08-23,26,0,0
R02,SKU-1259,2025-08-24,27,1,0
R02,SKU-1259,2025-08-25,28,2,0
R02,SKU-1259,08/26/2025,22,1,0
R02,SKU-1259,2025-08-27,21,0,0
R02,SKU-1259,08/28/2025,29,1,0
R02,SKU-1259,08/29/2025,21,1,0
R02,SKU-1259,08/30/2025,27,0,0
R02,SKU-1259,31-Aug-25,16,0,0
R03,SKU-1091,2025-08-01,17,0,1
R03,SKU-1091,2025-08-02,14,0,0
R03,SKU-1091,08/03/2025,12,0,1
R03,SKU-1091,04-Aug-25,11,0,0
R03,SKU-1091,2025-08-05,20,0,0
R03,SKU-1091,08/06/2025,7,0,0
R03,SKU-1091,2025-08-07,14,0,0
R03,SKU-1091,2025-08-08,9,0,0
R03,SKU-1091,2025-08-09,12,1,0
R03,SKU-1091,10-Aug-25,16,0,0
R03,SKU-1091,2025-08-11,12,1,0
R03,SKU-1091,2025-08-12,8,1,0
R03,SKU-1091,13-Aug-25,17,0,0
R03,SKU-1091,14-Aug-25,11,1,1
R03,SKU-1091,15-Aug-25,20,0,1
R03,SKU-1091,2025-08-16,17,0,0
R03,SKU-1091,08/17/2025,10,0,0
R03,SKU-1091,18-Aug-25,14,0,0
R03,SKU-1091,2025-08-19,10,0,0
R03,SKU-1091,2025-08-20,14,1,0
R03,SKU-1091,08/21/2025,10,0,0
R03,SKU-1091,08/22/2025,14,0,0
R03,SKU-1091,2025-08-23,14,0,1
R03,SKU-1091,2025-08-24,16,0,0
R03,SKU-1091,25-Aug-25,13,0,0
R03,SKU-1091,2025-08-26,17,0,0
R03,SKU-1091,2025-08-27,16,0,0
R03,SKU-1091,28-Aug-25,14,0,0
R03,SKU-1091,2025-08-29,11,0,0
R03,SKU-1091,2025-08-30,17,0,0
R03,SKU-1091,2025-08-31,16,0,0
R03,SKU-1140,2025-08-01,22,0,0
R03,SKU-1140,2025-08-02,36,1,0
R03,SKU-1140,08/03/2025,41,0,0
R03,SKU-1140,04-Aug-25,22,0,0
R03,SKU-1140,2025-08-05,22,0,0
R03,SKU-1140,2025-08-06,34,1,0
R03,SKU-1140,08/07/2025,16,1,1
R03,SKU-1140,08/08/2025,29,0,0
R03,SKU-1140,2025-08-09,28,0,0
R03,SKU-1140,2025-08-10,26,0,1
R03,SKU-1140,2025-08-11,23,0,0
R03,SKU-1140,12-Aug-25,22,0,0
R03,SKU-1140,2025-08-13,23,0,0
R03,SKU-1140,08/14/2025,30,0,1
R03,SKU-1140,08/15/2025,23,1,0
R03,SKU-1140,16-Aug-25,27,0,1
R03,SKU-1140,08/17/2025,33,2,0
R03,SKU-1140,2025-08-18,40,1,0
R03,SKU-1140,2025-08-19,33,0,0
R03,SKU-1140,2025-08-20,33,2,0
R03,SKU-1140,2025-08-21,25,0,0
R03,SKU-1140,08/22/2025,23,0,1
R03,SKU-1140,23-Aug-25,32,0,1
R03,SKU-1140,2025-08-24,23,0,0
R03,SKU-1140,2025-08-25,26,1,1
R03,SKU-1140,08/26/2025,25,0,0
R03,SKU-1140,08/27/2025,22,1,1
R03,SKU-1140,08/28/2025,28,0,0
R03,SKU-1140,2025-08-29,23,0,0
R03,SKU-1140,2025-08-30,25,1,0
R03,SKU-1140,2025-08-31,24,0,0
R03,SKU-1035,08/01/2025,29,0,0
R03,SKU-1035,2025-08-02,28,0,0
R03,SKU-1035,2025-08-03,29,1,0
R03,SKU-1035,2025-08-04,22,0,1
R03,SKU-1035,2025-08-05,16,0,0
R03,SKU-1035,06-Aug-25,27,0,0
R03,SKU-1035,2025-08-07,25,0,0
R03,SKU-1035,2025-08-08,30,0,1
R03,SKU-1035,2025-08-09,21,0,0
R03,SKU-1035,2025-08-10,34,0,0
R03,SKU-1035,2025-08-11,29,0,0
R03,SKU-1035,12-Aug-25,18,1,0
R03,SKU-1035,2025-08-13,28,0,0
R03,SKU-1035,2025-08-14,27,0,1
R03,SKU-1035,08/15/2025,40,0,0
R03,SKU-1035,2025-08-16,14,0,0
R03,SKU-1035,08/17/2025,25,0,0
R03,SKU-1035,2025-08-18,39,0,0
R03,SKU-1035,08/19/2025,19,0,1
R03,SKU-1035,2025-08-20,27,0,0
R03,SKU-1035,08/21/2025,24,1,0
R03,SKU-1035,22-Aug-25,21,0,0
R03,SKU-1035,2025-08-23,31,0,0
R03,SKU-1035,24-Aug-25,37,1,0
R03,SKU-1035,2025-08-25,40,0,0
R03,SKU-1035,2025-08-26,29,0,1
R03,SKU-1035,2025-08-27,33,0,0
R03,SKU-1035,08/28/2025,26,1,0
R03,SKU-1035,29-Aug-25,25,1,0
R03,SKU-1035,2025-08-30,16,1,0
R03,SKU-1035,2025-08-31,33,0,0
R03,SKU-1098,2025-08-01,29,1,0
R03,SKU-1098,08/02/2025,31,0,0
R03,SKU-1098,2025-08-03,30,1,0
R03,SKU-1098,2025-08-04,23,0,0
R03,SKU-1098,2025-08-05,29,0,1
R03,SKU-1098,2025-08-06,37,0,0
R03,SKU-1098,2025-08-07,30,0,0
R03,SKU-1098,2025-08-08,26,0,0
R03,SKU-1098,2025-08-09,21,0,0
R03,SKU-1098,10-Aug-25,18,1,0
R03,SKU-1098,2025-08-11,37,0,0
R03,SKU-1098,2025-08-12,33,0,0
R03,SKU-1098,2025-08-13,30,0,0
R03,SKU-1098,2025-08-14,31,0,0
R03,SKU-1098,2025-08-15,25,0,0
R03,SKU-1098,2025-08-16,21,0,0
R03,SKU-1098,2025-08-17,25,0,0
R03,SKU-1098,2025-08-18,35,0,0
R03,SKU-1098,2025-08-19,34,0,0
R03,SKU-1098,08/20/2025,30,1,0
R03,SKU-1098,2025-08-21,27,0,0
R03,SKU-1098,2025-08-22,19,0,0
R03,SKU-1098,2025-08-23,24,1,1
R03,SKU-1098,2025-08-24,22,0,1
R03,SKU-1098,2025-08-25,26,0,0
R03,SKU-1098,08/26/2025,24,0,0
R03,SKU-1098,08/27/2025,40,0,0
R03,SKU-1098,28-Aug-25,28,0,0
R03,SKU-1098,2025-08-29,23,0,1
R03,SKU-1098,08/30/2025,23,1,0
R03,SKU-1098,2025-08-31,28,1,0
R03,SKU-1049,2025-08-01,15,0,0
R03,SKU-1049,2025-08-02,12,0,0
R03,SKU-1049,2025-08-03,10,1,0
R03,SKU-1049,2025-08-04,10,0,0
R03,SKU-1049,08/05/2025,7,0,0
R03,SKU-1049,06-Aug-25,11,0,0
R03,SKU-1049,07-Aug-25,11,0,0
R03,SKU-1049,2025-08-08,7,1,0
R03,SKU-1049,2025-08-09,15,1,1
R03,SKU-1049,2025-08-10,13,2,0
R03,SKU-1049,2025-08-11,13,2,0
R03,SKU-1049,08/12/2025,8,0,0
R03,SKU-1049,2025-08-13,13,1,0
R03,SKU-1049,2025-08-14,12,0,0
R03,SKU-1049,15-Aug-25,6,0,0
R03,SKU-1049,16-Aug-25,14,0,0
R03,SKU-1049,08/17/2025,14,1,0
R03,SKU-1049,2025-08-18,16,0,0
R03,SKU-1049,2025-08-19,9,0,0
R03,SKU-1049,20-Aug-25,11,1,0
R03,SKU-1049,21-Aug-25,16,0,0
R03,SKU-1049,22-Aug-25,5,3,0
R03,SKU-1049,23-Aug-25,12,0,0
R03,SKU-1049,08/24/2025,8,1,0
R03,SKU-1049,25-Aug-25,18,0,0
R03,SKU-1049,2025-08-26,12,1,0
R03,SKU-1049,08/27/2025,16,0,0
R03,SKU-1049,2025-08-28,14,1,0
R03,SKU-1049,2025-08-29,10,0,0
R03,SKU-1049,2025-08-30,13,1,0
R03,SKU-1049,31-Aug-25,12,1,0
R03,SKU-1161,2025-08-01,35,0,1
R03,SKU-1161,2025-08-02,28,0,0
R03,SKU-1161,2025-08-03,27,0,0
R03,SKU-1161,04-Aug-25,30,0,0
R03,SKU-1161,2025-08-05,27,0,0
R03,SKU-1161,06-Aug-25,27,0,0
R03,SKU-1161,07-Aug-25,23,0,0
R03,SKU-1161,2025-08-08,30,0,0
R03,SKU-1161,2025-08-09,24,0,0
R03,SKU-1161,10-Aug-25,32,1,0
R03,SKU-1161,2025-08-11,33,1,0
R03,SKU-1161,2025-08-12,17,0,0
R03,SKU-1161,2025-08-13,36,0,1
R03,SKU-1161,2025-08-14,30,1,0
R03,SKU-1161,2025-08-15,33,0,0
R03,SKU-1161,2025-08-16,36,0,0
R03,SKU-1161,08/17/2025,28,0,0
R03,SKU-1161,18-Aug-25,36,0,0
R03,SKU-1161,08/19/2025,39,0,0
R03,SKU-1161,2025-08-20,40,0,0
R03,SKU-1161,2025-08-21,27,0,1
R03,SKU-1161,2025-08-22,44,0,1
R03,SKU-1161,08/23/2025,24,0,0
R03,SKU-1161,2025-08-24,34,0,0
R03,SKU-1161,2025-08-25,30,0,0
R03,SKU-1161,2025-08-26,42,0,1
R03,SKU-1161,2025-08-27,31,0,0
R03,SKU-1161,2025-08-28,33,0,0
R03,SKU-1161,2025-08-29,28,0,0
R03,SKU-1161,2025-08-30,38,0,0
R03,SKU-1161,08/31/2025,25,2,0
R03,SKU-1063,2025-08-01,1,2,0
R03,SKU-1063,2025-08-02,6,0,0
R03,SKU-1063,2025-08-03,8,0,0
R03,SKU-1063,2025-08-04,9,0,1
R03,SKU-1063,2025-08-05,5,1,0
R03,SKU-1063,06-Aug-25,1,1,1
R03,SKU-1063,08/07/2025,9,1,1
R03,SKU-1063,2025-08-08,5,0,0
R03,SKU-1063,08/09/2025,10,1,1
R03,SKU-1063,2025-08-10,7,0,0
R03,SKU-1063,2025-08-11,8,0,0
R03,SKU-1063,08/12/2025,8,0,1
R03,SKU-1063,08/13/2025,6,0,0
R03,SKU-1063,08/14/2025,8,0,0
R03,SKU-1063,08/15/2025,6,0,1
R03,SKU-1063,2025-08-16,5,0,0
R03,SKU-1063,2025-08-17,8,1,0
R03,SKU-1063,2025-08-18,4,0,0
R03,SKU-1063,08/19/2025,5,1,0
R03,SKU-1063,2025-08-20,5,1,0
R03,SKU-1063,2025-08-21,4,1,0
R03,SKU-1063,2025-08-22,4,0,0
R03,SKU-1063,2025-08-23,9,0,0
R03,SKU-1063,08/24/2025,7,0,0
R03,SKU-1063,08/25/2025,6,0,0
R03,SKU-1063,26-Aug-25,10,0,0
R03,SKU-1063,2025-08-27,6,1,0
R03,SKU-1063,2025-08-28,4,0,0
R03,SKU-1063,2025-08-29,11,0,0
R03,SKU-1063,30-Aug-25,9,2,0
R03,SKU-1063,2025-08-31,6,0,0
R03,SKU-1224,01-Aug-25,12,1,0
R03,SKU-1224,02-Aug-25,20,1,0
R03,SKU-1224,2025-08-03,15,0,0
R03,SKU-1224,08/04/2025,20,0,0
R03,SKU-1224,05-Aug-25,16,0,0
R03,SKU-1224,08/06/2025,15,0,0
R03,SKU-1224,2025-08-07,16,0,0
R03,SKU-1224,2025-08-08,18,2,0
R03,SKU-1224,08/09/2025,12,1,0
R03,SKU-1224,08/10/2025,12,0,0
R03,SKU-1224,2025-08-11,12,0,0
R03,SKU-1224,08/12/2025,20,0,1
R03,SKU-1224,2025-08-13,18,0,0
R03,SKU-1224,2025-08-14,17,0,0
R03,SKU-1224,2025-08-15,13,0,0
R03,SKU-1224,08/16/2025,16,0,0
R03,SKU-1224,08/17/2025,20,0,1
R03,SKU-1224,2025-08-18,14,1,0
R03,SKU-1224,2025-08-19,19,0,0
R03,SKU-1224,2025-08-20,19,2,0
R03,SKU-1224,08/21/2025,24,0,0
R03,SKU-1224,2025-08-22,16,0,0
R03,SKU-1224,08/23/2025,11,1,0
R03,SKU-1224,2025-08-24,21,1,0
R03,SKU-1224,08/25/2025,15,2,0
R03,SKU-1224,26-Aug-25,14,1,0
R03,SKU-1224,2025-08-27,18,0,1
R03,SKU-1224,2025-08-28,20,1,1
R03,SKU-1224,2025-08-29,16,0,0
R03,SKU-1224,30-Aug-25,13,1,0
R03,SKU-1224,2025-08-31,18,0,0
R03,SKU-1084,2025-08-01,11,1,0
R03,SKU-1084,08/02/2025,16,0,0
R03,SKU-1084,2025-08-03,13,0,0
R03,SKU-1084,2025-08-04,11,0,0
R03,SKU-1084,2025-08-05,9,1,0
R03,SKU-1084,08/06/2025,12,1,0
R03,SKU-1084,08/07/2025,14,0,0
R03,SKU-1084,2025-08-08,11,0,0
R03,SKU-1084,09-Aug-25,11,0,0
R03,SKU-1084,10-Aug-25,11,0,0
R03,SKU-1084,2025-08-11,8,0,0
R03,SKU-1084,2025-08-12,14,0,0
R03,SKU-1084,2025-08-13,14,0,0
R03,SKU-1084,08/14/2025,16,0,0
R03,SKU-1084,2025-08-15,14,2,0
R03,SKU-1084,2025-08-16,8,0,0
R03,SKU-1084,08/17/2025,12,0,0
R03,SKU-1084,08/18/2025,10,0,0
R03,SKU-1084,2025-08-19,17,1,0
R03,SKU-1084,2025-08-20,12,2,0
R03,SKU-1084,2025-08-21,11,1,0
R03,SKU-1084,08/22/2025,17,1,1
R03,SKU-1084,2025-08-23,12,1,0
R03,SKU-1084,24-Aug-25,10,1,0
R03,SKU-1084,25-Aug-25,8,0,1
R03,SKU-1084,2025-08-26,15,0,0
R03,SKU-1084,08/27/2025,10,0,0
R03,SKU-1084,2025-08-28,10,0,0
R03,SKU-1084,2025-08-29,6,0,0
R03,SKU-1084,2025-08-30,13,0,0
R03,SKU-1084,2025-08-31,11,1,0
R03,SKU-1126,01-Aug-25,30,0,0
R03,SKU-1126,2025-08-02,32,0,0
R03,SKU-1126,08/03/2025,33,1,0
R03,SKU-1126,2025-08-04,19,0,1
R03,SKU-1126,2025-08-05,32,1,0
R03,SKU-1126,08/06/2025,39,0,0
R03,SKU-1126,2025-08-07,32,0,1
R03,SKU-1126,08/08/2025,22,0,0
R03,SKU-1126,08/09/2025,27,0,0
R03,SKU-1126,08/10/2025,28,1,0
R03,SKU-1126,08/11/2025,35,2,0
R03,SKU-1126,08/12/2025,27,0,0
R03,SKU-1126,13-Aug-25,36,0,0
R03,SKU-1126,08/14/2025,34,0,0
R03,SKU-1126,08/15/2025,24,0,0
R03,SKU-1126,2025-08-16,26,0,0
R03,SKU-1126,2025-08-17,33,1,0
R03,SKU-1126,2025-08-18,22,0,0
R03,SKU-1126,2025-08-19,34,0,0
R03,SKU-1126,20-Aug-25,45,0,0
R03,SKU-1126,21-Aug-25,39,0,0
R03,SKU-1126,2025-08-22,34,0,0
R03,SKU-1126,2025-08-23,34,3,0
R03,SKU-1126,24-Aug-25,20,0,0
R03,SKU-1126,2025-08-25,31,0,0
R03,SKU-1126,2025-08-26,37,1,0
R03,SKU-1126,2025-08-27,22,0,0
R03,SKU-1126,2025-08-28,33,0,0
R03,SKU-1126,2025-08-29,32,0,0
R03,SKU-1126,08/30/2025,27,1,0
R03,SKU-1126,2025-08-31,35,0,0
R03,SKU-1007,2025-08-01,6,0,0
R03,SKU-1007,2025-08-02,2,0,0
R03,SKU-1007,08/03/2025,2,1,0
R03,SKU-1007,08/04/2025,3,2,0
R03,SKU-1007,05-Aug-25,7,0,0
R03,SKU-1007,2025-08-06,3,0,0
R03,SKU-1007,2025-08-07,1,0,0
R03,SKU-1007,2025-08-08,6,1,0
R03,SKU-1007,2025-08-09,9,0,0
R03,SKU-1007,2025-08-10,3,0,1
R03,SKU-1007,11-Aug-25,8,0,0
R03,SKU-1007,08/12/2025,6,0,0
R03,SKU-1007,08/13/2025,4,0,0
R03,SKU-1007,14-Aug-25,5,0,0
R03,SKU-1007,2025-08-15,7,0,0
R03,SKU-1007,2025-08-16,5,1,0
R03,SKU-1007,2025-08-17,3,0,1
R03,SKU-1007,08/18/2025,6,1,0
R03,SKU-1007,2025-08-19,2,0,1
R03,SKU-1007,2025-08-20,9,1,0
R03,SKU-1007,2025-08-21,2,0,0
R03,SKU-1007,2025-08-22,6,0,0
R03,SKU-1007,2025-08-23,5,0,0
R03,SKU-1007,08/24/2025,5,0,0
R03,SKU-1007,08/25/2025,2,0,0
R03,SKU-1007,26-Aug-25,5,0,0
R03,SKU-1007,2025-08-27,6,0,0
R03,SKU-1007,28-Aug-25,5,0,0
R03,SKU-1007,2025-08-29,5,0,0
R03,SKU-1007,08/30/2025,6,1,0
R03,SKU-1007,2025-08-31,1,2,0
R03,SKU-1021,08/01/2025,23,1,0
R03,SKU-1021,08/02/2025,31,1,1
R03,SKU-1021,08/03/2025,22,1,0
R03,SKU-1021,2025-08-04,34,1,0
R03,SKU-1021,2025-08-05,33,0,0
R03,SKU-1021,06-Aug-25,38,1,0
R03,SKU-1021,08/07/2025,22,0,1
R03,SKU-1021,2025-08-08,32,0,0
R03,SKU-1021,2025-08-09,27,0,1
R03,SKU-1021,08/10/2025,33,0,0
R03,SKU-1021,08/11/2025,24,0,0
R03,SKU-1021,08/12/2025,25,0,0
R03,SKU-1021,08/13/2025,40,1,0
R03,SKU-1021,14-Aug-25,34,2,0
R03,SKU-1021,2025-08-15,33,0,1
R03,SKU-1021,2025-08-16,39,2,0
R03,SKU-1021,2025-08-17,28,0,0
R03,SKU-1021,08/18/2025,36,1,1
R03,SKU-1021,2025-08-19,32,0,0
R03,SKU-1021,2025-08-20,30,0,1
R03,SKU-1021,2025-08-21,48,1,0
R03,SKU-1021,08/22/2025,30,0,1
R03,SKU-1021,23-Aug-25,39,0,0
R03,SKU-1021,2025-08-24,29,1,0
R03,SKU-1021,2025-08-25,36,0,0
R03,SKU-1021,2025-08-26,36,0,0
R03,SKU-1021,2025-08-27,33,0,1
R03,SKU-1021,2025-08-28,32,0,0
R03,SKU-1021,08/29/2025,27,1,0
R03,SKU-1021,2025-08-30,29,0,0
R03,SKU-1021,08/31/2025,35,0,0
R03,SKU-1119,2025-08-01,42,0,0
R03,SKU-1119,08/02/2025,29,0,0
R03,SKU-1119,08/03/2025,41,0,0
R03,SKU-1119,2025-08-04,42,0,0
R03,SKU-1119,2025-08-05,32,0,0
R03,SKU-1119,06-Aug-25,25,2,0
R03,SKU-1119,2025-08-07,30,0,0
R03,SKU-1119,2025-08-08,39,1,0
R03,SKU-1119,08/09/2025,33,1,0
R03,SKU-1119,10-Aug-25,35,1,1
R03,SKU-1119,2025-08-11,33,0,0
R03,SKU-1119,2025-08-12,52,0,1
R03,SKU-1119,08/13/2025,38,0,0
R03,SKU-1119,14-Aug-25,30,0,1
R03,SKU-1119,2025-08-15,36,0,0
R03,SKU-1119,16-Aug-25,26,1,0
R03,SKU-1119,08/17/2025,31,0,1
R03,SKU-1119,18-Aug-25,52,0,0
R03,SKU-1119,2025-08-19,40,0,0
R03,SKU-1119,2025-08-20,28,0,0
R03,SKU-1119,08/21/2025,41,0,0
R03,SKU-1119,2025-08-22,29,1,0
R03,SKU-1119,2025-08-23,45,3,1
R03,SKU-1119,2025-08-24,25,0,0
R03,SKU-1119,25-Aug-25,23,1,0
R03,SKU-1119,2025-08-26,34,0,0
R03,SKU-1119,2025-08-27,36,0,0
R03,SKU-1119,2025-08-28,36,0,0
R03,SKU-1119,29-Aug-25,23,0,0
R03,SKU-1119,2025-08-30,40,1,0
R03,SKU-1119,08/31/2025,43,0,0
R03,SKU-1070,2025-08-01,26,0,0
R03,SKU-1070,2025-08-02,12,2,1
R03,SKU-1070,08/03/2025,18,0,0
R03,SKU-1070,2025-08-04,19,0,0
R03,SKU-1070,2025-08-05,13,1,0
R03,SKU-1070,06-Aug-25,18,0,0
R03,SKU-1070,07-Aug-25,14,1,0
R03,SKU-1070,08/08/2025,14,1,0
R03,SKU-1070,2025-08-09,18,0,0
R03,SKU-1070,2025-08-10,15,0,0
R03,SKU-1070,08/11/2025,17,1,0
R03,SKU-1070,2025-08-12,25,0,0
R03,SKU-1070,08/13/2025,19,1,0
R03,SKU-1070,08/14/2025,16,0,0
R03,SKU-1070,2025-08-15,17,0,0
R03,SKU-1070,2025-08-16,20,1,0
R03,SKU-1070,2025-08-17,13,0,0
R03,SKU-1070,2025-08-18,11,0,0
R03,SKU-1070,08/19/2025,15,0,0
R03,SKU-1070,08/20/2025,14,1,0
R03,SKU-1070,2025-08-21,18,1,0
R03,SKU-1070,2025-08-22,25,1,0
R03,SKU-1070,23-Aug-25,25,0,0
R03,SKU-1070,2025-08-24,16,0,0
R03,SKU-1070,2025-08-25,11,0,0
R03,SKU-1070,2025-08-26,24,1,0
R03,SKU-1070,2025-08-27,12,1,0
R03,SKU-1070,2025-08-28,10,0,0
R03,SKU-1070,08/29/2025,9,0,0
R03,SKU-1070,2025-08-30,14,0,0
R03,SKU-1070,08/31/2025,21,0,1
R03,SKU-1252,2025-08-01,20,0,0
R03,SKU-1252,08/02/2025,17,0,0
R03,SKU-1252,2025-08-03,24,0,1
R03,SKU-1252,2025-08-04,26,1,0
R03,SKU-1252,05-Aug-25,29,2,1
R03,SKU-1252,2025-08-06,22,1,0
R03,SKU-1252,07-Aug-25,23,2,0
R03,SKU-1252,08-Aug-25,19,1,0
R03,SKU-1252,2025-08-09,34,2,0
R03,SKU-1252,2025-08-10,22,0,0
R03,SKU-1252,08/11/2025,23,0,0
R03,SKU-1252,2025-08-12,28,1,0
R03,SKU-1252,2025-08-13,22,0,0
R03,SKU-1252,08/14/2025,32,0,0
R03,SKU-1252,15-Aug-25,17,0,0
R03,SKU-1252,2025-08-16,25,1,0
R03,SKU-1252,2025-08-17,28,1,0
R03,SKU-1252,08/18/2025,26,1,1
R03,SKU-1252,08/19/2025,32,1,0
R03,SKU-1252,2025-08-20,24,0,0
R03,SKU-1252,2025-08-21,27,1,0
R03,SKU-1252,2025-08-22,22,0,0
R03,SKU-1252,23-Aug-25,27,0,0
R03,SKU-1252,2025-08-24,18,0,0
R03,SKU-1252,08/25/2025,21,0,0
R03,SKU-1252,26-Aug-25,28,1,0
R03,SKU-1252,2025-08-27,32,1,0
R03,SKU-1252,2025-08-28,23,1,0
R03,SKU-1252,2025-08-29,22,0,0
R03,SKU-1252,2025-08-30,29,0,0
R03,SKU-1252,08/31/2025,29,1,0
R03,SKU-1112,08/01/2025,39,1,0
R03,SKU-1112,2025-08-02,34,2,0
R03,SKU-1112,2025-08-03,35,0,0
R03,SKU-1112,08/04/2025,26,0,0
R03,SKU-1112,08/05/2025,30,0,0
R03,SKU-1112,2025-08-06,32,0,0
R03,SKU-1112,08/07/2025,30,0,0
R03,SKU-1112,2025-08-08,18,0,0
R03,SKU-1112,2025-08-09,21,0,0
R03,SKU-1112,2025-08-10,32,0,0
R03,SKU-1112,2025-08-11,26,0,0
R03,SKU-1112,2025-08-12,32,1,0
R03,SKU-1112,08/13/2025,29,0,0
R03,SKU-1112,2025-08-14,27,1,0
R03,SKU-1112,2025-08-15,36,0,0
R03,SKU-1112,08/16/2025,25,1,0
R03,SKU-1112,2025-08-17,28,0,1
R03,SKU-1112,08/18/2025,27,1,0
R03,SKU-1112,2025-08-19,24,1,0
R03,SKU-1112,08/20/2025,24,0,0
R03,SKU-1112,21-Aug-25,28,0,0
R03,SKU-1112,2025-08-22,27,0,1
R03,SKU-1112,2025-08-23,23,2,0
R03,SKU-1112,2025-08-24,25,1,0
R03,SKU-1112,08/25/2025,30,0,0
R03,SKU-1112,2025-08-26,33,1,0
R03,SKU-1112,2025-08-27,27,0,0
R03,SKU-1112,2025-08-28,33,0,0
R03,SKU-1112,2025-08-29,27,0,0
R03,SKU-1112,30-Aug-25,25,0,0
R03,SKU-1112,31-Aug-25,29,1,0
R03,SKU-1175,2025-08-01,14,0,0
R03,SKU-1175,08/02/2025,22,1,0
R03,SKU-1175,08/03/2025,19,0,1
R03,SKU-1175,2025-08-04,18,0,0
R03,SKU-1175,08/05/2025,22,0,0
R03,SKU-1175,2025-08-06,20,1,0
R03,SKU-1175,2025-08-07,18,0,0
R03,SKU-1175,2025-08-08,26,1,0
R03,SKU-1175,09-Aug-25,18,0,0
R03,SKU-1175,2025-08-10,20,0,0
R03,SKU-1175,2025-08-11,18,0,0
R03,SKU-1175,12-Aug-25,20,0,0
R03,SKU-1175,2025-08-13,16,0,0
R03,SKU-1175,2025-08-14,21,0,0
R03,SKU-1175,2025-08-15,18,0,0
R03,SKU-1175,2025-08-16,19,2,0
R03,SKU-1175,08/17/2025,20,1,0
R03,SKU-1175,2025-08-18,20,0,0
R03,SKU-1175,2025-08-19,16,0,0
R03,SKU-1175,08/20/2025,22,0,0
R03,SKU-1175,2025-08-21,23,2,0
R03,SKU-1175,08/22/2025,21,0,0
R03,SKU-1175,08/23/2025,20,0,0
R03,SKU-1175,08/24/2025,18,0,0
R03,SKU-1175,08/25/2025,17,0,1
R03,SKU-1175,2025-08-26,19,0,0
R03,SKU-1175,08/27/2025,20,0,0
R03,SKU-1175,2025-08-28,12,0,1
R03,SKU-1175,08/29/2025,10,1,0
R03,SKU-1175,30-Aug-25,14,0,0
R03,SKU-1175,31-Aug-25,18,0,0
R03,SKU-1259,01-Aug-25,34,0,0
R03,SKU-1259,02-Aug-25,19,0,0
R03,SKU-1259,2025-08-03,36,0,0
R03,SKU-1259,2025-08-04,29,0,0
R03,SKU-1259,2025-08-05,34,0,0
R03,SKU-1259,2025-08-06,31,0,0
R03,SKU-1259,2025-08-07,37,0,0
R03,SKU-1259,2025-08-08,33,0,0
R03,SKU-1259,08/09/2025,31,0,0
R03,SKU-1259,2025-08-10,31,0,0
R03,SKU-1259,08/11/2025,27,0,0
R03,SKU-1259,2025-08-12,34,0,0
R03,SKU-1259,2025-08-13,36,0,0
R03,SKU-1259,2025-08-14,31,2,0
R03,SKU-1259,08/15/2025,31,0,0
R03,SKU-1259,08/16/2025,31,0,0
R03,SKU-1259,2025-08-17,27,0,0
R03,SKU-1259,2025-08-18,36,0,0
R03,SKU-1259,08/19/2025,31,1,0
R03,SKU-1259,08/20/2025,30,0,0
R03,SKU-1259,08/21/2025,23,0,0
R03,SKU-1259,2025-08-22,17,1,0
R03,SKU-1259,2025-08-23,28,0,1
R03,SKU-1259,2025-08-24,27,0,0
R03,SKU-1259,25-Aug-25,30,1,1
R03,SKU-1259,26-Aug-25,19,1,0
R03,SKU-1259,2025-08-27,36,0,0
R03,SKU-1259,28-Aug-25,22,0,0
R03,SKU-1259,2025-08-29,33,0,0
R03,SKU-1259,2025-08-30,30,1,0
R03,SKU-1259,08/31/2025,27,0,0
R03,SKU-1182,08/01/2025,10,0,0
R03,SKU-1182,2025-08-02,3,0,0
R03,SKU-1182,03-Aug-25,2,0,0
R03,SKU-1182,2025-08-04,7,0,0
R03,SKU-1182,08/05/2025,6,2,0
R03,SKU-1182,06-Aug-25,4,0,0
R03,SKU-1182,2025-08-07,5,1,0
R03,SKU-1182,08/08/2025,4,0,0
R03,SKU-1182,09-Aug-25,3,0,0
R03,SKU-1182,08/10/2025,4,0,1
R03,SKU-1182,2025-08-11,4,0,0
R03,SKU-1182,2025-08-12,5,2,0
R03,SKU-1182,08/13/2025,6,0,0
R03,SKU-1182,08/14/2025,2,0,1
R03,SKU-1182,08/15/2025,6,0,0
R03,SKU-1182,2025-08-16,7,1,0
R03,SKU-1182,17-Aug-25,6,0,0
R03,SKU-1182,08/18/2025,5,0,0
R03,SKU-1182,2025-08-19,3,0,0
R03,SKU-1182,2025-08-20,3,0,0
R03,SKU-1182,08/21/2025,6,0,1
R03,SKU-1182,2025-08-22,2,1,0
R03,SKU-1182,08/23/2025,4,1,0
R03,SKU-1182,08/24/2025,5,1,0
R03,SKU-1182,25-Aug-25,5,0,0
R03,SKU-1182,26-Aug-25,5,0,0
R03,SKU-1182,27-Aug-25,8,3,0
R03,SKU-1182,2025-08-28,7,0,0
R03,SKU-1182,2025-08-29,6,0,1
R03,SKU-1182,2025-08-30,5,0,0
R03,SKU-1182,2025-08-31,2,1,0
R03,SKU-1266,2025-08-01,29,0,0
R03,SKU-1266,02-Aug-25,28,0,1
R03,SKU-1266,08/03/2025,33,0,0
R03,SKU-1266,2025-08-04,29,1,1
R03,SKU-1266,05-Aug-25,26,1,0
R03,SKU-1266,06-Aug-25,29,0,0
R03,SKU-1266,08/07/2025,27,0,0
R03,SKU-1266,08-Aug-25,37,1,0
R03,SKU-1266,2025-08-09,27,0,0
R03,SKU-1266,08/10/2025,24,0,0
R03,SKU-1266,08/11/2025,31,0,0
R03,SKU-1266,12-Aug-25,29,1,0
R03,SKU-1266,2025-08-13,35,0,0
R03,SKU-1266,2025-08-14,22,0,0
R03,SKU-1266,08/15/2025,24,1,0
R03,SKU-1266,16-Aug-25,32,0,0
R03,SKU-1266,08/17/2025,25,0,0
R03,SKU-1266,18-Aug-25,31,0,0
R03,SKU-1266,08/19/2025,29,0,0
R03,SKU-1266,2025-08-20,38,2,0
R03,SKU-1266,21-Aug-25,33,3,0
R03,SKU-1266,2025-08-22,38,0,0
R03,SKU-1266,08/23/2025,29,0,0
R03,SKU-1266,2025-08-24,31,0,0
R03,SKU-1266,2025-08-25,31,0,0
R03,SKU-1266,08/26/2025,25,0,1
R03,SKU-1266,2025-08-27,32,0,0
R03,SKU-1266,2025-08-28,38,0,0
R03,SKU-1266,2025-08-29,28,0,0
R03,SKU-1266,2025-08-30,27,0,0
R03,SKU-1266,2025-08-31,37,0,0
R03,SKU-1077,01-Aug-25,15,0,0
R03,SKU-1077,2025-08-02,14,0,0
R03,SKU-1077,08/03/2025,11,0,0
R03,SKU-1077,2025-08-04,15,0,0
R03,SKU-1077,2025-08-05,15,0,0
R03,SKU-1077,08/06/2025,13,0,0
R03,SKU-1077,07-Aug-25,20,0,0
R03,SKU-1077,2025-08-08,20,0,0
R03,SKU-1077,2025-08-09,19,0,0
R03,SKU-1077,08/10/2025,20,1,1
R03,SKU-1077,11-Aug-25,21,0,0
R03,SKU-1077,08/12/2025,18,0,0
R03,SKU-1077,08/13/2025,21,0,0
R03,SKU-1077,2025-08-14,19,0,0
R03,SKU-1077,2025-08-15,12,0,0
R03,SKU-1077,2025-08-16,11,0,0
R03,SKU-1077,2025-08-17,13,0,0
R03,SKU-1077,08/18/2025,21,0,0
R03,SKU-1077,2025-08-19,24,1,0
R03,SKU-1077,2025-08-20,19,1,1
R03,SKU-1077,2025-08-21,17,0,0
R03,SKU-1077,2025-08-22,15,0,0
R03,SKU-1077,2025-08-23,15,1,0
R03,SKU-1077,24-Aug-25,15,0,0
R03,SKU-1077,2025-08-25,15,0,0
R03,SKU-1077,2025-08-26,17,1,0
R03,SKU-1077,2025-08-27,16,0,0
R03,SKU-1077,2025-08-28,20,1,0
R03,SKU-1077,08/29/2025,16,0,0
R03,SKU-1077,30-Aug-25,11,1,0
R03,SKU-1077,2025-08-31,14,1,0
R03,SKU-1280,2025-08-01,24,0,0
R03,SKU-1280,02-Aug-25,20,0,0
R03,SKU-1280,2025-08-03,28,1,1
R03,SKU-1280,08/04/2025,27,1,0
R03,SKU-1280,2025-08-05,35,1,0
R03,SKU-1280,2025-08-06,27,1,1
R03,SKU-1280,2025-08-07,34,0,0
R03,SKU-1280,08/08/2025,23,0,0
R03,SKU-1280,2025-08-09,20,0,0
R03,SKU-1280,10-Aug-25,31,0,0
R03,SKU-1280,11-Aug-25,25,2,0
R03,SKU-1280,2025-08-12,43,1,0
R03,SKU-1280,2025-08-13,31,0,0
R03,SKU-1280,2025-08-14,22,0,0
R03,SKU-1280,15-Aug-25,22,2,0
R03,SKU-1280,2025-08-16,26,1,0
R03,SKU-1280,2025-08-17,28,0,0
R03,SKU-1280,08/18/2025,38,1,0
R03,SKU-1280,08/19/2025,29,1,0
R03,SKU-1280,20-Aug-25,27,0,0
R03,SKU-1280,21-Aug-25,23,0,0
R03,SKU-1280,2025-08-22,27,0,0
R03,SKU-1280,2025-08-23,29,0,1
R03,SKU-1280,08/24/2025,26,1,0
R03,SKU-1280,2025-08-25,34,0,0
R03,SKU-1280,2025-08-26,21,0,0
R03,SKU-1280,2025-08-27,32,1,0
R03,SKU-1280,2025-08-28,23,0,1
R03,SKU-1280,08/29/2025,32,1,0
R03,SKU-1280,08/30/2025,17,2,0
R03,SKU-1280,2025-08-31,29,1,0
R03,SKU-1238,2025-08-01,26,2,0
R03,SKU-1238,2025-08-02,22,0,1
R03,SKU-1238,2025-08-03,24,1,0
R03,SKU-1238,08/04/2025,21,0,0
R03,SKU-1238,2025-08-05,26,0,0
R03,SKU-1238,08/06/2025,20,1,0
R03,SKU-1238,07-Aug-25,19,0,0
R03,SKU-1238,08/08/2025,28,0,0
R03,SKU-1238,2025-08-09,28,0,0
R03,SKU-1238,08/10/2025,31,0,0
R03,SKU-1238,2025-08-11,34,0,0
R03,SKU-1238,2025-08-12,27,0,1
R03,SKU-1238,2025-08-13,25,0,0
R03,SKU-1238,2025-08-14,29,0,0
R03,SKU-1238,15-Aug-25,25,0,0
R03,SKU-1238,2025-08-16,27,1,0
R03,SKU-1238,08/17/2025,20,0,0
R03,SKU-1238,08/18/2025,29,1,0
R03,SKU-1238,2025-08-19,24,0,0
R03,SKU-1238,2025-08-20,27,0,0
R03,SKU-1238,2025-08-21,26,2,0
R03,SKU-1238,2025-08-22,27,0,0
R03,SKU-1238,2025-08-23,18,1,0
R03,SKU-1238,2025-08-24,31,2,0
R03,SKU-1238,25-Aug-25,30,2,0
R03,SKU-1238,2025-08-26,31,0,0
R03,SKU-1238,2025-08-27,23,0,0
R03,SKU-1238,08/28/2025,34,0,0
R03,SKU-1238,29-Aug-25,28,0,0
R03,SKU-1238,30-Aug-25,22,0,0
R03,SKU-1238,31-Aug-25,25,0,0
R03,SKU-1217,2025-08-01,15,0,0
R03,SKU-1217,08/02/2025,9,1,1
R03,SKU-1217,2025-08-03,6,0,1
R03,SKU-1217,2025-08-04,12,0,0
R03,SKU-1217,2025-08-05,8,0,0
R03,SKU-1217,2025-08-06,14,0,0
R03,SKU-1217,08/07/2025,11,0,0
R03,SKU-1217,08-Aug-25,11,0,0
R03,SKU-1217,08/09/2025,7,1,0
R03,SKU-1217,08/10/2025,9,0,0
R03,SKU-1217,2025-08-11,5,1,0
R03,SKU-1217,2025-08-12,13,0,0
R03,SKU-1217,2025-08-13,5,1,0
R03,SKU-1217,2025-08-14,7,1,0
R03,SKU-1217,08/15/2025,15,0,1
R03,SKU-1217,2025-08-16,9,0,0
R03,SKU-1217,2025-08-17,8,2,0
R03,SKU-1217,18-Aug-25,8,1,0
R03,SKU-1217,2025-08-19,10,0,1
R03,SKU-1217,2025-08-20,11,0,0
R03,SKU-1217,2025-08-21,5,0,1
R03,SKU-1217,2025-08-22,8,0,0
R03,SKU-1217,08/23/2025,13,0,0
R03,SKU-1217,2025-08-24,8,1,0
R03,SKU-1217,2025-08-25,10,0,1
R03,SKU-1217,2025-08-26,15,1,0
R03,SKU-1217,2025-08-27,11,0,0
R03,SKU-1217,28-Aug-25,9,0,0
R03,SKU-1217,2025-08-29,12,1,0
R03,SKU-1217,30-Aug-25,7,0,0
R03,SKU-1217,08/31/2025,12,2,0
R04,SKU-1056,08/01/2025,5,0,0
R04,SKU-1056,2025-08-02,4,0,0
R04,SKU-1056,2025-08-03,7,1,0
R04,SKU-1056,08/04/2025,3,1,0
R04,SKU-1056,05-Aug-25,1,1,0
R04,SKU-1056,2025-08-06,3,0,0
R04,SKU-1056,2025-08-07,4,0,0
R04,SKU-1056,2025-08-08,3,0,0
R04,SKU-1056,2025-08-09,5,0,0
R04,SKU-1056,2025-08-10,6,0,1
R04,SKU-1056,2025-08-11,4,0,1
R04,SKU-1056,2025-08-12,5,2,0
R04,SKU-1056,2025-08-13,3,1,0
R04,SKU-1056,2025-08-14,6,1,1
R04,SKU-1056,2025-08-15,5,1,0
R04,SKU-1056,2025-08-16,7,0,0
R04,SKU-1056,2025-08-17,7,0,0
R04,SKU-1056,08/18/2025,2,1,0
R04,SKU-1056,08/19/2025,4,2,0
R04,SKU-1056,20-Aug-25,7,0,0
R04,SKU-1056,08/21/2025,7,0,0
R04,SKU-1056,2025-08-22,4,3,1
R04,SKU-1056,2025-08-23,2,0,1
R04,SKU-1056,24-Aug-25,3,0,1
R04,SKU-1056,2025-08-25,7,0,0
R04,SKU-1056,2025-08-26,4,0,0
R04,SKU-1056,2025-08-27,2,1,0
R04,SKU-1056,2025-08-28,3,0,0
R04,SKU-1056,2025-08-29,3,2,0
R04,SKU-1056,2025-08-30,3,0,1
R04,SKU-1056,2025-08-31,3,0,0
R04,SKU-1231,2025-08-01,29,0,0
R04,SKU-1231,08/02/2025,35,1,0
R04,SKU-1231,2025-08-03,20,0,1
R04,SKU-1231,2025-08-04,31,0,0
R04,SKU-1231,08/05/2025,27,0,0
R04,SKU-1231,2025-08-06,27,1,0
R04,SKU-1231,2025-08-07,19,0,0
R04,SKU-1231,08/08/2025,28,1,0
R04,SKU-1231,2025-08-09,30,0,1
R04,SKU-1231,2025-08-10,24,0,0
R04,SKU-1231,08/11/2025,21,1,0
R04,SKU-1231,2025-08-12,29,1,0
R04,SKU-1231,2025-08-13,30,0,0
R04,SKU-1231,14-Aug-25,29,0,1
R04,SKU-1231,2025-08-15,31,0,0
R04,SKU-1231,16-Aug-25,31,1,0
R04,SKU-1231,17-Aug-25,28,0,0
R04,SKU-1231,18-Aug-25,20,0,0
R04,SKU-1231,2025-08-19,27,0,0
R04,SKU-1231,2025-08-20,24,1,0
R04,SKU-1231,2025-08-21,27,1,0
R04,SKU-1231,2025-08-22,25,0,0
R04,SKU-1231,08/23/2025,30,0,0
R04,SKU-1231,2025-08-24,23,0,0
R04,SKU-1231,08/25/2025,31,0,0
R04,SKU-1231,2025-08-26,22,0,0
R04,SKU-1231,08/27/2025,30,1,0
R04,SKU-1231,2025-08-28,27,0,0
R04,SKU-1231,2025-08-29,24,0,1
R04,SKU-1231,2025-08-30,30,1,0
R04,SKU-1231,08/31/2025,33,0,0
R04,SKU-1077,2025-08-01,27,0,0
R04,SKU-1077,02-Aug-25,27,2,0
R04,SKU-1077,08/03/2025,26,0,0
R04,SKU-1077,2025-08-04,23,0,0
R04,SKU-1077,08/05/2025,35,0,1
R04,SKU-1077,2025-08-06,20,0,0
R04,SKU-1077,2025-08-07,36,0,0
R04,SKU-1077,2025-08-08,22,0,1
R04,SKU-1077,2025-08-09,25,1,0
R04,SKU-1077,08/10/2025,27,0,0
R04,SKU-1077,11-Aug-25,31,1,0
R04,SKU-1077,2025-08-12,27,1,0
R04,SKU-1077,13-Aug-25,26,0,1
R04,SKU-1077,2025-08-14,28,0,0
R04,SKU-1077,2025-08-15,22,0,0
R04,SKU-1077,2025-08-16,23,0,0
R04,SKU-1077,2025-08-17,23,0,1
R04,SKU-1077,2025-08-18,27,1,0
R04,SKU-1077,19-Aug-25,25,1,0
R04,SKU-1077,2025-08-20,24,0,1
R04,SKU-1077,2025-08-21,21,1,0
R04,SKU-1077,2025-08-22,28,0,0
R04,SKU-1077,23-Aug-25,29,1,0
R04,SKU-1077,24-Aug-25,19,0,0
R04,SKU-1077,2025-08-25,27,1,0
R04,SKU-1077,2025-08-26,26,0,0
R04,SKU-1077,08/27/2025,26,0,0
R04,SKU-1077,08/28/2025,31,0,0
R04,SKU-1077,08/29/2025,21,1,0
R04,SKU-1077,08/30/2025,20,0,0
R04,SKU-1077,08/31/2025,28,0,0
R04,SKU-1021,01-Aug-25,36,0,0
R04,SKU-1021,2025-08-02,24,1,0
R04,SKU-1021,2025-08-03,39,0,0
R04,SKU-1021,04-Aug-25,25,1,0
R04,SKU-1021,08/05/2025,32,1,0
R04,SKU-1021,08/06/2025,21,1,1
R04,SKU-1021,08/07/2025,16,0,0
R04,SKU-1021,2025-08-08,31,0,0
R04,SKU-1021,2025-08-09,33,1,0
R04,SKU-1021,2025-08-10,31,0,0
R04,SKU-1021,08/11/2025,22,0,0
R04,SKU-1021,08/12/2025,29,0,0
R04,SKU-1021,2025-08-13,25,0,0
R04,SKU-1021,2025-08-14,35,1,0
R04,SKU-1021,2025-08-15,25,0,0
R04,SKU-1021,2025-08-16,24,1,0
R04,SKU-1021,2025-08-17,16,0,0
R04,SKU-1021,2025-08-18,28,1,0
R04,SKU-1021,2025-08-19,28,0,0
R04,SKU-1021,2025-08-20,27,0,0
R04,SKU-1021,2025-08-21,22,0,0
R04,SKU-1021,2025-08-22,25,0,0
R04,SKU-1021,2025-08-23,17,0,0
R04,SKU-1021,2025-08-24,28,0,0
R04,SKU-1021,2025-08-25,24,0,0
R04,SKU-1021,2025-08-26,32,1,0
R04,SKU-1021,2025-08-27,34,0,0
R04,SKU-1021,2025-08-28,26,0,0
R04,SKU-1021,08/29/2025,21,0,0
R04,SKU-1021,30-Aug-25,27,0,0
R04,SKU-1021,2025-08-31,31,0,0
R04,SKU-1028,2025-08-01,16,1,0
R04,SKU-1028,2025-08-02,10,1,0
R04,SKU-1028,08/03/2025,8,1,0
R04,SKU-1028,2025-08-04,13,0,0
R04,SKU-1028,2025-08-05,9,0,0
R04,SKU-1028,2025-08-06,10,1,0
R04,SKU-1028,2025-08-07,10,0,0
R04,SKU-1028,08-Aug-25,9,0,0
R04,SKU-1028,2025-08-09,7,1,0
R04,SKU-1028,2025-08-10,8,1,0
R04,SKU-1028,2025-08-11,11,1,0
R04,SKU-1028,2025-08-12,10,1,0
R04,SKU-1028,2025-08-13,7,0,0
R04,SKU-1028,08/14/2025,12,0,0
R04,SKU-1028,2025-08-15,8,0,0
R04,SKU-1028,2025-08-16,3,3,1
R04,SKU-1028,08/17/2025,9,0,0
R04,SKU-1028,18-Aug-25,8,1,0
R04,SKU-1028,2025-08-19,11,0,1
R04,SKU-1028,20-Aug-25,15,1,0
R04,SKU-1028,08/21/2025,6,0,0
R04,SKU-1028,22-Aug-25,9,0,0
R04,SKU-1028,2025-08-23,7,0,0
R04,SKU-1028,08/24/2025,11,0,0
R04,SKU-1028,2025-08-25,8,1,1
R04,SKU-1028,26-Aug-25,12,0,0
R04,SKU-1028,27-Aug-25,12,1,0
R04,SKU-1028,08/28/2025,4,2,0
R04,SKU-1028,2025-08-29,3,2,0
R04,SKU-1028,2025-08-30,8,0,0
R04,SKU-1028,2025-08-31,5,0,0
R04,SKU-1035,2025-08-01,11,0,0
R04,SKU-1035,02-Aug-25,11,0,0
R04,SKU-1035,2025-08-03,10,0,1
R04,SKU-1035,2025-08-04,9,0,0
R04,SKU-1035,08/05/2025,13,0,0
R04,SKU-1035,2025-08-06,7,0,0
R04,SKU-1035,2025-08-07,10,0,0
R04,SKU-1035,2025-08-08,15,0,0
R04,SKU-1035,08/09/2025,12,0,0
R04,SKU-1035,10-Aug-25,9,0,0
R04,SKU-1035,08/11/2025,16,0,1
R04,SKU-1035,2025-08-12,9,0,1
R04,SKU-1035,2025-08-13,9,0,0
R04,SKU-1035,2025-08-14,9,1,0
R04,SKU-1035,2025-08-15,8,0,0
R04,SKU-1035,2025-08-16,8,1,0
R04,SKU-1035,2025-08-17,12,0,0
R04,SKU-1035,2025-08-18,15,0,0
R04,SKU-1035,2025-08-19,13,0,0
R04,SKU-1035,2025-08-20,12,0,0
R04,SKU-1035,08/21/2025,11,0,0
R04,SKU-1035,2025-08-22,17,1,0
R04,SKU-1035,08/23/2025,13,0,0
R04,SKU-1035,2025-08-24,12,0,0
R04,SKU-1035,2025-08-25,16,1,0
R04,SKU-1035,2025-08-26,14,0,1
R04,SKU-1035,27-Aug-25,9,0,0
R04,SKU-1035,08/28/2025,6,0,0
R04,SKU-1035,2025-08-29,10,2,1
R04,SKU-1035,30-Aug-25,13,0,0
R04,SKU-1035,08/31/2025,11,1,0
R04,SKU-1182,2025-08-01,27,0,0
R04,SKU-1182,08/02/2025,24,0,0
R04,SKU-1182,03-Aug-25,15,0,0
R04,SKU-1182,04-Aug-25,15,0,0
R04,SKU-1182,05-Aug-25,21,0,0
R04,SKU-1182,2025-08-06,17,0,0
R04,SKU-1182,08/07/2025,28,0,0
R04,SKU-1182,2025-08-08,20,0,0
R04,SKU-1182,2025-08-09,16,0,0
R04,SKU-1182,2025-08-10,18,0,0
R04,SKU-1182,08/11/2025,27,0,0
R04,SKU-1182,08/12/2025,12,2,0
R04,SKU-1182,08/13/2025,28,0,1
R04,SKU-1182,2025-08-14,19,0,0
R04,SKU-1182,2025-08-15,23,0,0
R04,SKU-1182,2025-08-16,21,0,0
R04,SKU-1182,2025-08-17,15,0,0
R04,SKU-1182,2025-08-18,19,0,1
R04,SKU-1182,2025-08-19,22,0,0
R04,SKU-1182,20-Aug-25,24,1,0
R04,SKU-1182,08/21/2025,23,1,1
R04,SKU-1182,2025-08-22,34,1,0
R04,SKU-1182,08/23/2025,17,0,0
R04,SKU-1182,2025-08-24,19,2,0
R04,SKU-1182,2025-08-25,18,0,0
R04,SKU-1182,2025-08-26,25,0,0
R04,SKU-1182,2025-08-27,20,0,0
R04,SKU-1182,2025-08-28,18,0,1
R04,SKU-1182,29-Aug-25,16,0,0
R04,SKU-1182,2025-08-30,22,0,0
R04,SKU-1182,31-Aug-25,23,0,0
R04,SKU-1238,08/01/2025,6,0,0
R04,SKU-1238,08/02/2025,6,1,0
R04,SKU-1238,08/03/2025,7,0,0
R04,SKU-1238,08/04/2025,9,0,0
R04,SKU-1238,2025-08-05,3,0,0
R04,SKU-1238,2025-08-06,3,0,0
R04,SKU-1238,2025-08-07,4,0,1
R04,SKU-1238,2025-08-08,7,1,1
R04,SKU-1238,2025-08-09,10,1,0
R04,SKU-1238,08/10/2025,9,1,0
R04,SKU-1238,2025-08-11,7,0,0
R04,SKU-1238,2025-08-12,2,1,0
R04,SKU-1238,08/13/2025,3,0,0
R04,SKU-1238,2025-08-14,10,0,0
R04,SKU-1238,15-Aug-25,4,1,1
R04,SKU-1238,2025-08-16,7,0,0
R04,SKU-1238,2025-08-17,8,1,0
R04,SKU-1238,08/18/2025,6,0,0
R04,SKU-1238,2025-08-19,10,0,0
R04,SKU-1238,08/20/2025,6,0,0
R04,SKU-1238,2025-08-21,10,1,0
R04,SKU-1238,08/22/2025,6,0,0
R04,SKU-1238,23-Aug-25,10,0,1
R04,SKU-1238,2025-08-24,8,0,0
R04,SKU-1238,2025-08-25,7,1,0
R04,SKU-1238,26-Aug-25,7,0,0
R04,SKU-1238,2025-08-27,9,0,0
R04,SKU-1238,2025-08-28,3,0,0
R04,SKU-1238,08/29/2025,5,1,1
R04,SKU-1238,08/30/2025,7,0,0
R04,SKU-1238,31-Aug-25,2,0,0
R04,SKU-1280,08/01/2025,23,0,0
R04,SKU-1280,08/02/2025,28,0,0
R04,SKU-1280,03-Aug-25,30,2,0
R04,SKU-1280,2025-08-04,28,1,0
R04,SKU-1280,2025-08-05,22,0,0
R04,SKU-1280,2025-08-06,32,0,0
R04,SKU-1280,08/07/2025,24,0,1
R04,SKU-1280,2025-08-08,31,0,0
R04,SKU-1280,08/09/2025,37,0,0
R04,SKU-1280,2025-08-10,27,0,0
R04,SKU-1280,2025-08-11,29,0,0
R04,SKU-1280,2025-08-12,24,0,0
R04,SKU-1280,2025-08-13,19,1,0
R04,SKU-1280,08/14/2025,18,1,1
R04,SKU-1280,08/15/2025,22,1,0
R04,SKU-1280,2025-08-16,28,1,0
R04,SKU-1280,2025-08-17,21,0,0
R04,SKU-1280,08/18/2025,23,0,0
R04,SKU-1280,2025-08-19,25,0,0
R04,SKU-1280,2025-08-20,34,1,0
R04,SKU-1280,08/21/2025,23,0,0
R04,SKU-1280,22-Aug-25,22,1,0
R04,SKU-1280,2025-08-23,29,0,1
R04,SKU-1280,2025-08-24,24,0,1
R04,SKU-1280,25-Aug-25,28,0,0
R04,SKU-1280,08/26/2025,22,0,0
R04,SKU-1280,2025-08-27,21,0,0
R04,SKU-1280,2025-08-28,26,0,0
R04,SKU-1280,2025-08-29,26,1,0
R04,SKU-1280,2025-08-30,23,0,0
R04,SKU-1280,2025-08-31,26,0,0
R04,SKU-1273,08/01/2025,11,2,0
R04,SKU-1273,2025-08-02,8,0,0
R04,SKU-1273,2025-08-03,4,0,0
R04,SKU-1273,04-Aug-25,6,0,0
R04,SKU-1273,2025-08-05,5,0,0
R04,SKU-1273,2025-08-06,7,1,0
R04,SKU-1273,07-Aug-25,3,0,0
R04,SKU-1273,2025-08-08,11,0,1
R04,SKU-1273,09-Aug-25,0,0,0
R04,SKU-1273,08/10/2025,12,1,0
R04,SKU-1273,08/11/2025,7,0,0
R04,SKU-1273,2025-08-12,3,2,0
R04,SKU-1273,13-Aug-25,9,0,0
R04,SKU-1273,2025-08-14,4,0,0
R04,SKU-1273,08/15/2025,4,0,0
R04,SKU-1273,08/16/2025,13,1,0
R04,SKU-1273,2025-08-17,4,1,0
R04,SKU-1273,2025-08-18,12,0,0
R04,SKU-1273,19-Aug-25,4,0,1
R04,SKU-1273,20-Aug-25,9,0,0
R04,SKU-1273,2025-08-21,6,2,0
R04,SKU-1273,08/22/2025,3,2,0
R04,SKU-1273,08/23/2025,8,0,0
R04,SKU-1273,2025-08-24,5,0,1
R04,SKU-1273,2025-08-25,7,0,1
R04,SKU-1273,08/26/2025,6,1,0
R04,SKU-1273,2025-08-27,8,1,0
R04,SKU-1273,2025-08-28,6,1,0
R04,SKU-1273,2025-08-29,6,1,0
R04,SKU-1273,08/30/2025,5,1,0
R04,SKU-1273,08/31/2025,10,1,0
R04,SKU-1091,08/01/2025,10,3,0
R04,SKU-1091,2025-08-02,9,1,0
R04,SKU-1091,2025-08-03,5,0,0
R04,SKU-1091,08/04/2025,8,0,0
R04,SKU-1091,08/05/2025,7,0,0
R04,SKU-1091,2025-08-06,11,0,0
R04,SKU-1091,2025-08-07,6,0,0
R04,SKU-1091,08-Aug-25,5,0,0
R04,SKU-1091,2025-08-09,9,2,0
R04,SKU-1091,10-Aug-25,6,0,0
R04,SKU-1091,11-Aug-25,9,0,0
R04,SKU-1091,2025-08-12,8,0,1
R04,SKU-1091,08/13/2025,6,0,1
R04,SKU-1091,08/14/2025,8,0,0
R04,SKU-1091,2025-08-15,6,0,0
R04,SKU-1091,2025-08-16,5,0,0
R04,SKU-1091,2025-08-17,13,0,1
R04,SKU-1091,2025-08-18,9,0,0
R04,SKU-1091,08/19/2025,6,0,0
R04,SKU-1091,08/20/2025,9,0,0
R04,SKU-1091,21-Aug-25,6,1,0
R04,SKU-1091,08/22/2025,8,0,0
R04,SKU-1091,2025-08-23,6,0,0
R04,SKU-1091,2025-08-24,4,0,0
R04,SKU-1091,08/25/2025,7,0,0
R04,SKU-1091,2025-08-26,6,1,1
R04,SKU-1091,2025-08-27,8,0,0
R04,SKU-1091,2025-08-28,12,0,0
R04,SKU-1091,08/29/2025,4,1,0
R04,SKU-1091,2025-08-30,8,0,0
R04,SKU-1091,31-Aug-25,8,0,0
R04,SKU-1210,2025-08-01,26,0,0
R04,SKU-1210,2025-08-02,36,0,0
R04,SKU-1210,03-Aug-25,25,0,0
R04,SKU-1210,2025-08-04,29,0,0
R04,SKU-1210,05-Aug-25,28,3,1
R04,SKU-1210,08/06/2025,26,0,0
R04,SKU-1210,2025-08-07,49,1,1
R04,SKU-1210,08/08/2025,34,0,0
R04,SKU-1210,08/09/2025,44,0,1
R04,SKU-1210,2025-08-10,29,0,0
R04,SKU-1210,08/11/2025,33,0,0
R04,SKU-1210,12-Aug-25,33,0,0
R04,SKU-1210,08/13/2025,32,0,0
R04,SKU-1210,2025-08-14,32,1,0
R04,SKU-1210,08/15/2025,36,1,0
R04,SKU-1210,2025-08-16,22,0,0
R04,SKU-1210,2025-08-17,34,0,0
R04,SKU-1210,08/18/2025,18,0,0
R04,SKU-1210,2025-08-19,29,0,0
R04,SKU-1210,2025-08-20,29,0,0
R04,SKU-1210,2025-08-21,34,1,0
R04,SKU-1210,22-Aug-25,35,0,0
R04,SKU-1210,2025-08-23,28,1,0
R04,SKU-1210,2025-08-24,40,0,1
R04,SKU-1210,2025-08-25,35,0,0
R04,SKU-1210,26-Aug-25,26,0,0
R04,SKU-1210,2025-08-27,36,0,0
R04,SKU-1210,2025-08-28,38,0,0
R04,SKU-1210,2025-08-29,37,0,0
R04,SKU-1210,30-Aug-25,33,0,0
R04,SKU-1210,31-Aug-25,26,0,0
R04,SKU-1266,2025-08-01,2,0,0
R04,SKU-1266,2025-08-02,7,0,0
R04,SKU-1266,03-Aug-25,5,1,0
R04,SKU-1266,2025-08-04,9,1,0
R04,SKU-1266,2025-08-05,6,0,0
R04,SKU-1266,08/06/2025,6,0,1
R04,SKU-1266,2025-08-07,4,2,0
R04,SKU-1266,08/08/2025,7,0,0
R04,SKU-1266,09-Aug-25,8,0,0
R04,SKU-1266,10-Aug-25,6,0,0
R04,SKU-1266,2025-08-11,9,1,0
R04,SKU-1266,2025-08-12,4,1,0
R04,SKU-1266,08/13/2025,6,1,0
R04,SKU-1266,08/14/2025,6,1,0
R04,SKU-1266,2025-08-15,12,0,1
R04,SKU-1266,08/16/2025,4,0,0
R04,SKU-1266,17-Aug-25,5,0,0
R04,SKU-1266,2025-08-18,6,0,0
R04,SKU-1266,2025-08-19,8,0,0
R04,SKU-1266,2025-08-20,10,0,0
R04,SKU-1266,2025-08-21,2,1,0
R04,SKU-1266,2025-08-22,8,0,0
R04,SKU-1266,08/23/2025,10,0,0
R04,SKU-1266,2025-08-24,9,0,0
R04,SKU-1266,08/25/2025,9,0,0
R04,SKU-1266,08/26/2025,8,0,0
R04,SKU-1266,2025-08-27,5,1,0
R04,SKU-1266,08/28/2025,8,0,0
R04,SKU-1266,2025-08-29,8,0,1
R04,SKU-1266,2025-08-30,8,0,0
R04,SKU-1266,2025-08-31,9,0,0
R04,SKU-1259,2025-08-01,7,1,0
R04,SKU-1259,08/02/2025,10,0,0
R04,SKU-1259,08/03/2025,5,1,0
R04,SKU-1259,2025-08-04,9,0,0
R04,SKU-1259,2025-08-05,10,0,0
R04,SKU-1259,2025-08-06,7,1,1
R04,SKU-1259,08/07/2025,8,2,0
R04,SKU-1259,08/08/2025,12,0,0
R04,SKU-1259,09-Aug-25,6,0,0
R04,SKU-1259,10-Aug-25,9,1,0
R04,SKU-1259,08/11/2025,10,0,0
R04,SKU-1259,2025-08-12,8,1,0
R04,SKU-1259,2025-08-13,6,0,0
R04,SKU-1259,14-Aug-25,12,0,0
R04,SKU-1259,2025-08-15,4,0,0
R04,SKU-1259,16-Aug-25,7,1,0
R04,SKU-1259,2025-08-17,10,0,0
R04,SKU-1259,2025-08-18,13,0,0
R04,SKU-1259,2025-08-19,10,0,0
R04,SKU-1259,08/20/2025,6,0,0
R04,SKU-1259,08/21/2025,6,0,0
R04,SKU-1259,22-Aug-25,7,0,0
R04,SKU-1259,08/23/2025,4,1,0
R04,SKU-1259,2025-08-24,9,1,0
R04,SKU-1259,08/25/2025,10,0,0
R04,SKU-1259,2025-08-26,8,0,0
R04,SKU-1259,27-Aug-25,4,0,0
R04,SKU-1259,2025-08-28,4,1,0
R04,SKU-1259,2025-08-29,8,0,0
R04,SKU-1259,2025-08-30,7,2,0
R04,SKU-1259,2025-08-31,11,0,0
R04,SKU-1133,08/01/2025,7,0,0
R04,SKU-1133,2025-08-02,8,0,0
R04,SKU-1133,2025-08-03,3,0,0
R04,SKU-1133,04-Aug-25,4,0,0
R04,SKU-1133,2025-08-05,3,0,0
R04,SKU-1133,2025-08-06,4,1,0
R04,SKU-1133,2025-08-07,10,0,0
R04,SKU-1133,2025-08-08,7,3,0
R04,SKU-1133,2025-08-09,2,0,0
R04,SKU-1133,2025-08-10,3,1,0
R04,SKU-1133,2025-08-11,7,1,1
R04,SKU-1133,2025-08-12,3,1,0
R04,SKU-1133,2025-08-13,3,0,0
R04,SKU-1133,08/14/2025,2,0,0
R04,SKU-1133,2025-08-15,7,0,0
R04,SKU-1133,16-Aug-25,4,0,0
R04,SKU-1133,2025-08-17,3,0,0
R04,SKU-1133,18-Aug-25,3,0,0
R04,SKU-1133,2025-08-19,8,1,0
R04,SKU-1133,08/20/2025,8,0,0
R04,SKU-1133,2025-08-21,6,0,1
R04,SKU-1133,22-Aug-25,8,1,0
R04,SKU-1133,2025-08-23,5,0,0
R04,SKU-1133,2025-08-24,8,1,1
R04,SKU-1133,2025-08-25,4,0,0
R04,SKU-1133,2025-08-26,1,0,0
R04,SKU-1133,2025-08-27,9,0,0
R04,SKU-1133,2025-08-28,7,1,0
R04,SKU-1133,2025-08-29,3,0,0
R04,SKU-1133,2025-08-30,11,0,0
R04,SKU-1133,2025-08-31,7,0,0
R04,SKU-1126,08/01/2025,7,0,0
R04,SKU-1126,2025-08-02,12,0,1
R04,SKU-1126,03-Aug-25,12,0,0
R04,SKU-1126,08/04/2025,10,0,0
R04,SKU-1126,2025-08-05,5,0,0
R04,SKU-1126,2025-08-06,15,0,0
R04,SKU-1126,08/07/2025,15,0,0
R04,SKU-1126,2025-08-08,13,1,0
R04,SKU-1126,08/09/2025,9,0,0
R04,SKU-1126,2025-08-10,6,1,1
R04,SKU-1126,2025-08-11,4,0,0
R04,SKU-1126,2025-08-12,21,0,0
R04,SKU-1126,08/13/2025,14,1,0
R04,SKU-1126,2025-08-14,16,0,0
R04,SKU-1126,08/15/2025,9,1,0
R04,SKU-1126,16-Aug-25,9,0,0
R04,SKU-1126,2025-08-17,10,0,0
R04,SKU-1126,2025-08-18,10,0,0
R04,SKU-1126,08/19/2025,15,0,0
R04,SKU-1126,2025-08-20,17,0,0
R04,SKU-1126,08/21/2025,12,0,0
R04,SKU-1126,08/22/2025,12,1,0
R04,SKU-1126,2025-08-23,10,0,0
R04,SKU-1126,2025-08-24,13,0,0
R04,SKU-1126,08/25/2025,10,0,0
R04,SKU-1126,26-Aug-25,12,0,0
R04,SKU-1126,2025-08-27,11,0,0
R04,SKU-1126,2025-08-28,11,1,0
R04,SKU-1126,2025-08-29,13,0,0
R04,SKU-1126,30-Aug-25,12,1,0
R04,SKU-1126,2025-08-31,17,0,0
R04,SKU-1175,2025-08-01,16,0,0
R04,SKU-1175,02-Aug-25,11,0,0
R04,SKU-1175,2025-08-03,18,1,0
R04,SKU-1175,08/04/2025,9,0,0
R04,SKU-1175,2025-08-05,15,0,0
R04,SKU-1175,2025-08-06,10,0,0
R04,SKU-1175,2025-08-07,20,0,0
R04,SKU-1175,08/08/2025,13,0,0
R04,SKU-1175,2025-08-09,12,0,0
R04,SKU-1175,2025-08-10,18,1,0
R04,SKU-1175,08/11/2025,19,1,0
R04,SKU-1175,12-Aug-25,15,0,1
R04,SKU-1175,2025-08-13,13,1,1
R04,SKU-1175,2025-08-14,21,0,0
R04,SKU-1175,15-Aug-25,28,0,0
R04,SKU-1175,2025-08-16,18,0,0
R04,SKU-1175,17-Aug-25,11,1,0
R04,SKU-1175,08/18/2025,9,0,0
R04,SKU-1175,2025-08-19,7,0,1
R04,SKU-1175,08/20/2025,8,0,0
R04,SKU-1175,21-Aug-25,15,0,0
R04,SKU-1175,2025-08-22,13,0,0
R04,SKU-1175,2025-08-23,12,1,0
R04,SKU-1175,2025-08-24,17,0,0
R04,SKU-1175,2025-08-25,14,0,0
R04,SKU-1175,2025-08-26,13,2,0
R04,SKU-1175,08/27/2025,12,2,0
R04,SKU-1175,08/28/2025,15,0,0
R04,SKU-1175,2025-08-29,18,1,0
R04,SKU-1175,2025-08-30,13,0,1
R04,SKU-1175,2025-08-31,13,0,0
R04,SKU-1098,01-Aug-25,22,0,0
R04,SKU-1098,2025-08-02,19,0,0
R04,SKU-1098,08/03/2025,21,0,0
R04,SKU-1098,08/04/2025,25,0,0
R04,SKU-1098,08/05/2025,19,0,0
R04,SKU-1098,06-Aug-25,16,0,0
R04,SKU-1098,2025-08-07,19,0,0
R04,SKU-1098,2025-08-08,23,0,0
R04,SKU-1098,2025-08-09,15,0,0
R04,SKU-1098,2025-08-10,17,0,0
R04,SKU-1098,2025-08-11,24,0,0
R04,SKU-1098,2025-08-12,28,1,0
R04,SKU-1098,2025-08-13,24,0,0
R04,SKU-1098,2025-08-14,14,0,1
R04,SKU-1098,2025-08-15,16,1,0
R04,SKU-1098,08/16/2025,21,0,0
R04,SKU-1098,2025-08-17,17,0,0
R04,SKU-1098,2025-08-18,20,0,0
R04,SKU-1098,2025-08-19,19,0,0
R04,SKU-1098,2025-08-20,14,0,0
R04,SKU-1098,2025-08-21,23,0,0
R04,SKU-1098,2025-08-22,26,0,0
R04,SKU-1098,2025-08-23,24,1,0
R04,SKU-1098,2025-08-24,15,0,0
R04,SKU-1098,25-Aug-25,16,0,0
R04,SKU-1098,08/26/2025,18,0,1
R04,SKU-1098,08/27/2025,23,1,1
R04,SKU-1098,08/28/2025,18,0,0
R04,SKU-1098,08/29/2025,22,0,1
R04,SKU-1098,08/30/2025,28,0,0
R04,SKU-1098,2025-08-31,26,0,0
R04,SKU-1196,2025-08-01,11,0,0
R04,SKU-1196,2025-08-02,13,2,0
R04,SKU-1196,2025-08-03,21,0,0
R04,SKU-1196,2025-08-04,10,0,0
R04,SKU-1196,2025-08-05,12,0,0
R04,SKU-1196,2025-08-06,17,1,0
R04,SKU-1196,08/07/2025,15,0,0
R04,SKU-1196,2025-08-08,10,0,0
R04,SKU-1196,2025-08-09,15,0,0
R04,SKU-1196,2025-08-10,20,1,0
R04,SKU-1196,2025-08-11,6,0,0
R04,SKU-1196,08/12/2025,16,0,0
R04,SKU-1196,08/13/2025,20,0,0
R04,SKU-1196,2025-08-14,15,1,0
R04,SKU-1196,08/15/2025,8,1,0
R04,SKU-1196,2025-08-16,13,1,0
R04,SKU-1196,2025-08-17,14,1,0
R04,SKU-1196,18-Aug-25,17,0,0
R04,SKU-1196,2025-08-19,18,0,0
R04,SKU-1196,08/20/2025,10,1,0
R04,SKU-1196,2025-08-21,14,0,0
R04,SKU-1196,2025-08-22,16,0,0
R04,SKU-1196,2025-08-23,13,0,1
R04,SKU-1196,2025-08-24,8,0,0
R04,SKU-1196,25-Aug-25,13,0,0
R04,SKU-1196,2025-08-26,22,0,0
R04,SKU-1196,2025-08-27,22,0,0
R04,SKU-1196,2025-08-28,20,0,0
R04,SKU-1196,08/29/2025,15,1,0
R04,SKU-1196,08/30/2025,11,1,1
R04,SKU-1196,2025-08-31,6,0,0
R04,SKU-1189,08/01/2025,22,1,0
R04,SKU-1189,2025-08-02,32,1,1
R04,SKU-1189,2025-08-03,30,0,0
R04,SKU-1189,2025-08-04,30,0,0
R04,SKU-1189,2025-08-05,35,1,0
R04,SKU-1189,06-Aug-25,17,0,0
R04,SKU-1189,2025-08-07,27,0,0
R04,SKU-1189,2025-08-08,31,0,0
R04,SKU-1189,09-Aug-25,36,0,0
R04,SKU-1189,2025-08-10,12,1,0
R04,SKU-1189,2025-08-11,38,0,0
R04,SKU-1189,08/12/2025,31,1,0
R04,SKU-1189,2025-08-13,30,0,0
R04,SKU-1189,2025-08-14,26,1,0
R04,SKU-1189,2025-08-15,31,0,0
R04,SKU-1189,2025-08-16,27,1,0
R04,SKU-1189,2025-08-17,29,0,0
R04,SKU-1189,2025-08-18,38,0,0
R04,SKU-1189,08/19/2025,21,0,0
R04,SKU-1189,20-Aug-25,32,1,0
R04,SKU-1189,2025-08-21,30,0,0
R04,SKU-1189,2025-08-22,32,2,0
R04,SKU-1189,2025-08-23,23,3,0
R04,SKU-1189,2025-08-24,29,0,1
R04,SKU-1189,2025-08-25,32,0,0
R04,SKU-1189,2025-08-26,30,1,0
R04,SKU-1189,2025-08-27,22,0,1
R04,SKU-1189,2025-08-28,27,0,0
R04,SKU-1189,2025-08-29,27,0,0
R04,SKU-1189,2025-08-30,22,0,1
R04,SKU-1189,2025-08-31,40,0,1
R04,SKU-1168,08/01/2025,15,0,0
R04,SKU-1168,08/02/2025,18,0,0
R04,SKU-1168,2025-08-03,14,0,1
R04,SKU-1168,04-Aug-25,19,1,0
R04,SKU-1168,05-Aug-25,24,0,0
R04,SKU-1168,06-Aug-25,29,0,1
R04,SKU-1168,08/07/2025,27,1,0
R04,SKU-1168,2025-08-08,25,0,0
R04,SKU-1168,2025-08-09,27,2,0
R04,SKU-1168,2025-08-10,15,2,0
R04,SKU-1168,2025-08-11,13,0,0
R04,SKU-1168,08/12/2025,25,0,0
R04,SKU-1168,13-Aug-25,21,1,0
R04,SKU-1168,2025-08-14,20,0,0
R04,SKU-1168,2025-08-15,26,2,0
R04,SKU-1168,2025-08-16,20,3,0
R04,SKU-1168,2025-08-17,21,1,0
R04,SKU-1168,2025-08-18,28,2,1
R04,SKU-1168,19-Aug-25,21,1,0
R04,SKU-1168,2025-08-20,26,0,0
R04,SKU-1168,2025-08-21,23,0,0
R04,SKU-1168,22-Aug-25,19,0,0
R04,SKU-1168,2025-08-23,19,0,0
R04,SKU-1168,24-Aug-25,18,0,0
R04,SKU-1168,25-Aug-25,19,0,0
R04,SKU-1168,2025-08-26,24,0,0
R04,SKU-1168,2025-08-27,18,1,0
R04,SKU-1168,2025-08-28,21,0,0
R04,SKU-1168,29-Aug-25,24,0,0
R04,SKU-1168,2025-08-30,24,1,0
R04,SKU-1168,08/31/2025,26,1,0
R04,SKU-1105,2025-08-01,7,0,0
R04,SKU-1105,2025-08-02,10,0,0
R04,SKU-1105,2025-08-03,9,0,0
R04,SKU-1105,04-Aug-25,7,1,0
R04,SKU-1105,2025-08-05,4,0,1
R04,SKU-1105,06-Aug-25,11,0,0
R04,SKU-1105,2025-08-07,7,0,1
R04,SKU-1105,2025-08-08,9,2,0
R04,SKU-1105,2025-08-09,7,0,0
R04,SKU-1105,2025-08-10,8,1,0
R04,SKU-1105,08/11/2025,9,0,0
R04,SKU-1105,2025-08-12,11,1,0
R04,SKU-1105,2025-08-13,6,0,1
R04,SKU-1105,2025-08-14,9,0,0
R04,SKU-1105,2025-08-15,12,1,0
R04,SKU-1105,2025-08-16,8,0,0
R04,SKU-1105,2025-08-17,6,2,0
R04,SKU-1105,08/18/2025,5,0,0
R04,SKU-1105,2025-08-19,7,0,0
R04,SKU-1105,2025-08-20,8,1,0
R04,SKU-1105,2025-08-21,10,0,0
R04,SKU-1105,2025-08-22,11,0,0
R04,SKU-1105,08/23/2025,8,0,0
R04,SKU-1105,08/24/2025,8,0,0
R04,SKU-1105,2025-08-25,7,0,0
R04,SKU-1105,2025-08-26,17,1,1
R04,SKU-1105,27-Aug-25,6,0,0
R04,SKU-1105,2025-08-28,8,1,0
R04,SKU-1105,2025-08-29,5,0,0
R04,SKU-1105,2025-08-30,6,0,0
R04,SKU-1105,08/31/2025,10,0,0
R04,SKU-1161,2025-08-01,22,0,0
R04,SKU-1161,2025-08-02,32,0,0
R04,SKU-1161,08/03/2025,25,0,0
R04,SKU-1161,2025-08-04,12,0,0
R04,SKU-1161,08/05/2025,14,0,0
R04,SKU-1161,06-Aug-25,13,2,0
R04,SKU-1161,2025-08-07,19,2,0
R04,SKU-1161,08/08/2025,16,0,0
R04,SKU-1161,2025-08-09,21,0,0
R04,SKU-1161,2025-08-10,19,0,0
R04,SKU-1161,08/11/2025,22,1,0
R04,SKU-1161,2025-08-12,12,0,0
R04,SKU-1161,2025-08-13,16,1,0
R04,SKU-1161,2025-08-14,20,0,0
R04,SKU-1161,2025-08-15,13,1,1
R04,SKU-1161,08/16/2025,15,0,1
R04,SKU-1161,2025-08-17,18,1,0
R04,SKU-1161,08/18/2025,14,1,0
R04,SKU-1161,19-Aug-25,19,0,0
R04,SKU-1161,08/20/2025,21,1,0
R04,SKU-1161,21-Aug-25,15,1,0
R04,SKU-1161,2025-08-22,13,1,0
R04,SKU-1161,2025-08-23,24,0,0
R04,SKU-1161,2025-08-24,18,0,0
R04,SKU-1161,08/25/2025,17,0,0
R04,SKU-1161,2025-08-26,17,0,0
R04,SKU-1161,27-Aug-25,16,1,0
R04,SKU-1161,2025-08-28,19,1,0
R04,SKU-1161,2025-08-29,23,1,0
R04,SKU-1161,30-Aug-25,11,1,0
R04,SKU-1161,2025-08-31,13,1,0
R04,SKU-1112,01-Aug-25,12,1,0
R04,SKU-1112,2025-08-02,5,1,0
R04,SKU-1112,2025-08-03,4,1,0
R04,SKU-1112,04-Aug-25,5,0,0
R04,SKU-1112,08/05/2025,9,0,0
R04,SKU-1112,2025-08-06,8,1,0
R04,SKU-1112,2025-08-07,2,0,0
R04,SKU-1112,08/08/2025,4,0,1
R04,SKU-1112,2025-08-09,8,0,1
R04,SKU-1112,2025-08-10,9,0,0
R04,SKU-1112,08/11/2025,8,0,0
R04,SKU-1112,2025-08-12,10,0,1
R04,SKU-1112,2025-08-13,7,0,0
R04,SKU-1112,08/14/2025,8,0,0
R04,SKU-1112,2025-08-15,7,1,0
R04,SKU-1112,16-Aug-25,10,1,0
R04,SKU-1112,17-Aug-25,5,0,1
R04,SKU-1112,2025-08-18,9,1,0
R04,SKU-1112,2025-08-19,10,2,1
R04,SKU-1112,2025-08-20,5,0,0
R04,SKU-1112,08/21/2025,7,0,0
R04,SKU-1112,2025-08-22,10,0,0
R04,SKU-1112,2025-08-23,10,1,0
R04,SKU-1112,08/24/2025,5,0,0
R04,SKU-1112,2025-08-25,7,0,0
R04,SKU-1112,26-Aug-25,8,0,0
R04,SKU-1112,2025-08-27,8,2,0
R04,SKU-1112,08/28/2025,7,0,0
R04,SKU-1112,2025-08-29,11,1,0
R04,SKU-1112,2025-08-30,8,2,0
R04,SKU-1112,31-Aug-25,5,0,0
R05,SKU-1112,2025-08-01,21,0,0
R05,SKU-1112,2025-08-02,21,0,0
R05,SKU-1112,2025-08-03,22,1,0
R05,SKU-1112,2025-08-04,21,2,0
R05,SKU-1112,2025-08-05,26,1,0
R05,SKU-1112,2025-08-06,22,0,0
R05,SKU-1112,07-Aug-25,25,0,0
R05,SKU-1112,08/08/2025,19,1,0
R05,SKU-1112,2025-08-09,20,0,0
R05,SKU-1112,10-Aug-25,15,0,0
R05,SKU-1112,2025-08-11,28,0,0
R05,SKU-1112,2025-08-12,17,0,0
R05,SKU-1112,08/13/2025,18,2,0
R05,SKU-1112,14-Aug-25,18,0,0
R05,SKU-1112,2025-08-15,26,0,0
R05,SKU-1112,2025-08-16,14,1,0
R05,SKU-1112,08/17/2025,21,0,0
R05,SKU-1112,18-Aug-25,22,2,1
R05,SKU-1112,2025-08-19,31,0,0
R05,SKU-1112,2025-08-20,24,1,1
R05,SKU-1112,2025-08-21,19,0,0
R05,SKU-1112,2025-08-22,26,1,0
R05,SKU-1112,2025-08-23,24,0,0
R05,SKU-1112,2025-08-24,32,1,1
R05,SKU-1112,2025-08-25,18,1,0
R05,SKU-1112,08/26/2025,24,0,0
R05,SKU-1112,08/27/2025,17,0,0
R05,SKU-1112,2025-08-28,20,0,0
R05,SKU-1112,2025-08-29,16,0,0
R05,SKU-1112,2025-08-30,19,0,0
R05,SKU-1112,2025-08-31,22,0,0
R05,SKU-1133,08/01/2025,28,3,1
R05,SKU-1133,2025-08-02,27,0,0
R05,SKU-1133,2025-08-03,23,0,0
R05,SKU-1133,08/04/2025,25,0,1
R05,SKU-1133,2025-08-05,30,0,0
R05,SKU-1133,06-Aug-25,38,1,0
R05,SKU-1133,2025-08-07,22,0,0
R05,SKU-1133,2025-08-08,23,0,0
R05,SKU-1133,2025-08-09,18,0,1
R05,SKU-1133,2025-08-10,30,1,0
R05,SKU-1133,2025-08-11,24,0,0
R05,SKU-1133,2025-08-12,30,0,0
R05,SKU-1133,2025-08-13,24,0,0
R05,SKU-1133,14-Aug-25,24,1,0
R05,SKU-1133,2025-08-15,19,2,0
R05,SKU-1133,08/16/2025,28,1,0
R05,SKU-1133,08/17/2025,17,0,0
R05,SKU-1133,18-Aug-25,25,1,0
R05,SKU-1133,2025-08-19,31,0,0
R05,SKU-1133,2025-08-20,32,0,1
R05,SKU-1133,2025-08-21,20,0,0
R05,SKU-1133,08/22/2025,23,0,0
R05,SKU-1133,23-Aug-25,25,1,0
R05,SKU-1133,2025-08-24,27,1,0
R05,SKU-1133,08/25/2025,27,0,0
R05,SKU-1133,2025-08-26,21,0,0
R05,SKU-1133,2025-08-27,24,0,0
R05,SKU-1133,2025-08-28,27,0,0
R05,SKU-1133,08/29/2025,28,0,0
R05,SKU-1133,30-Aug-25,29,0,0
R05,SKU-1133,08/31/2025,20,0,0
R05,SKU-1028,2025-08-01,8,0,1
R05,SKU-1028,2025-08-02,3,0,1
R05,SKU-1028,2025-08-03,9,0,0
R05,SKU-1028,08/04/2025,2,0,1
R05,SKU-1028,05-Aug-25,2,0,0
R05,SKU-1028,2025-08-06,5,1,0
R05,SKU-1028,08/07/2025,7,0,0
R05,SKU-1028,08-Aug-25,1,1,0
R05,SKU-1028,2025-08-09,2,0,0
R05,SKU-1028,08/10/2025,4,2,0
R05,SKU-1028,08/11/2025,4,0,0
R05,SKU-1028,08/12/2025,7,0,0
R05,SKU-1028,2025-08-13,7,0,0
R05,SKU-1028,2025-08-14,4,1,0
R05,SKU-1028,08/15/2025,6,0,0
R05,SKU-1028,2025-08-16,4,0,1
R05,SKU-1028,08/17/2025,7,0,0
R05,SKU-1028,2025-08-18,2,1,1
R05,SKU-1028,19-Aug-25,9,0,0
R05,SKU-1028,08/20/2025,6,0,0
R05,SKU-1028,08/21/2025,6,1,0
R05,SKU-1028,2025-08-22,5,1,0
R05,SKU-1028,08/23/2025,4,1,0
R05,SKU-1028,2025-08-24,4,0,0
R05,SKU-1028,2025-08-25,9,2,0
R05,SKU-1028,2025-08-26,4,0,0
R05,SKU-1028,2025-08-27,9,1,0
R05,SKU-1028,28-Aug-25,8,1,0
R05,SKU-1028,2025-08-29,3,0,0
R05,SKU-1028,2025-08-30,6,0,0
R05,SKU-1028,2025-08-31,6,1,0
R05,SKU-1126,2025-08-01,15,0,1
R05,SKU-1126,2025-08-02,17,0,0
R05,SKU-1126,03-Aug-25,11,2,0
R05,SKU-1126,2025-08-04,14,1,0
R05,SKU-1126,05-Aug-25,14,1,0
R05,SKU-1126,2025-08-06,17,0,0
R05,SKU-1126,08/07/2025,11,0,0
R05,SKU-1126,2025-08-08,11,0,0
R05,SKU-1126,2025-08-09,18,1,0
R05,SKU-1126,2025-08-10,15,3,0
R05,SKU-1126,11-Aug-25,16,0,0
R05,SKU-1126,2025-08-12,15,0,0
R05,SKU-1126,08/13/2025,25,1,0
R05,SKU-1126,2025-08-14,15,0,0
R05,SKU-1126,08/15/2025,14,0,0
R05,SKU-1126,08/16/2025,10,2,0
R05,SKU-1126,2025-08-17,12,0,0
R05,SKU-1126,18-Aug-25,15,0,0
R05,SKU-1126,19-Aug-25,8,0,0
R05,SKU-1126,2025-08-20,15,0,0
R05,SKU-1126,2025-08-21,16,0,0
R05,SKU-1126,08/22/2025,27,0,0
R05,SKU-1126,2025-08-23,24,0,0
R05,SKU-1126,2025-08-24,18,1,0
R05,SKU-1126,2025-08-25,14,0,0
R05,SKU-1126,26-Aug-25,13,0,1
R05,SKU-1126,2025-08-27,15,1,0
R05,SKU-1126,08/28/2025,19,0,0
R05,SKU-1126,2025-08-29,16,2,0
R05,SKU-1126,2025-08-30,10,2,0
R05,SKU-1126,08/31/2025,19,0,0
R05,SKU-1077,2025-08-01,26,0,0
R05,SKU-1077,02-Aug-25,20,1,0
R05,SKU-1077,2025-08-03,35,0,0
R05,SKU-1077,2025-08-04,33,0,0
R05,SKU-1077,05-Aug-25,29,0,0
R05,SKU-1077,2025-08-06,20,1,0
R05,SKU-1077,07-Aug-25,26,1,0
R05,SKU-1077,08-Aug-25,21,0,0
R05,SKU-1077,2025-08-09,25,0,0
R05,SKU-1077,08/10/2025,17,0,0
R05,SKU-1077,11-Aug-25,19,0,0
R05,SKU-1077,2025-08-12,23,0,0
R05,SKU-1077,2025-08-13,18,0,0
R05,SKU-1077,2025-08-14,31,0,0
R05,SKU-1077,2025-08-15,23,0,0
R05,SKU-1077,2025-08-16,22,1,0
R05,SKU-1077,2025-08-17,23,0,0
R05,SKU-1077,2025-08-18,22,1,0
R05,SKU-1077,2025-08-19,20,0,0
R05,SKU-1077,2025-08-20,29,1,0
R05,SKU-1077,2025-08-21,18,0,0
R05,SKU-1077,22-Aug-25,34,0,0
R05,SKU-1077,2025-08-23,22,0,0
R05,SKU-1077,2025-08-24,23,0,1
R05,SKU-1077,2025-08-25,20,0,0
R05,SKU-1077,2025-08-26,21,0,0
R05,SKU-1077,08/27/2025,25,0,0
R05,SKU-1077,2025-08-28,25,1,0
R05,SKU-1077,08/29/2025,15,0,0
R05,SKU-1077,08/30/2025,17,0,0
R05,SKU-1077,2025-08-31,28,1,0
R05,SKU-1196,2025-08-01,14,0,0
R05,SKU-1196,2025-08-02,29,0,0
R05,SKU-1196,08/03/2025,33,0,1
R05,SKU-1196,2025-08-04,30,0,0
R05,SKU-1196,2025-08-05,31,0,0
R05,SKU-1196,2025-08-06,31,1,0
R05,SKU-1196,2025-08-07,34,1,0
R05,SKU-1196,2025-08-08,46,0,0
R05,SKU-1196,08/09/2025,28,0,0
R05,SKU-1196,2025-08-10,34,0,0
R05,SKU-1196,2025-08-11,32,0,0
R05,SKU-1196,12-Aug-25,26,0,0
R05,SKU-1196,08/13/2025,33,0,0
R05,SKU-1196,08/14/2025,31,0,1
R05,SKU-1196,08/15/2025,33,0,0
R05,SKU-1196,16-Aug-25,37,0,0
R05,SKU-1196,2025-08-17,38,0,1
R05,SKU-1196,2025-08-18,23,1,0
R05,SKU-1196,08/19/2025,25,0,0
R05,SKU-1196,08/20/2025,28,1,0
R05,SKU-1196,2025-08-21,37,0,0
R05,SKU-1196,2025-08-22,33,2,0
R05,SKU-1196,2025-08-23,34,0,0
R05,SKU-1196,2025-08-24,24,0,0
R05,SKU-1196,25-Aug-25,24,1,0
R05,SKU-1196,08/26/2025,23,0,0
R05,SKU-1196,27-Aug-25,34,0,0
R05,SKU-1196,2025-08-28,32,0,0
R05,SKU-1196,2025-08-29,35,0,0
R05,SKU-1196,30-Aug-25,29,3,0
R05,SKU-1196,08/31/2025,28,0,0
R05,SKU-1056,2025-08-01,33,0,1
R05,SKU-1056,02-Aug-25,33,1,0
R05,SKU-1056,2025-08-03,32,0,0
R05,SKU-1056,2025-08-04,23,0,1
R05,SKU-1056,05-Aug-25,32,1,0
R05,SKU-1056,2025-08-06,28,0,0
R05,SKU-1056,08/07/2025,28,0,0
R05,SKU-1056,08/08/2025,26,0,0
R05,SKU-1056,2025-08-09,34,1,0
R05,SKU-1056,2025-08-10,28,0,1
R05,SKU-1056,08/11/2025,31,0,0
R05,SKU-1056,12-Aug-25,28,0,0
R05,SKU-1056,2025-08-13,36,0,0
R05,SKU-1056,2025-08-14,31,0,0
R05,SKU-1056,2025-08-15,28,0,0
R05,SKU-1056,08/16/2025,35,0,0
R05,SKU-1056,2025-08-17,36,0,1
R05,SKU-1056,18-Aug-25,20,2,0
R05,SKU-1056,19-Aug-25,27,1,0
R05,SKU-1056,2025-08-20,34,0,0
R05,SKU-1056,2025-08-21,35,0,0
R05,SKU-1056,22-Aug-25,35,0,0
R05,SKU-1056,08/23/2025,24,0,0
R05,SKU-1056,08/24/2025,21,1,1
R05,SKU-1056,2025-08-25,29,0,0
R05,SKU-1056,2025-08-26,29,1,0
R05,SKU-1056,2025-08-27,30,0,0
R05,SKU-1056,2025-08-28,25,1,0
R05,SKU-1056,29-Aug-25,28,0,0
R05,SKU-1056,2025-08-30,23,0,0
R05,SKU-1056,2025-08-31,21,1,0
R05,SKU-1280,2025-08-01,12,0,0
R05,SKU-1280,08/02/2025,12,0,0
R05,SKU-1280,03-Aug-25,7,0,0
R05,SKU-1280,04-Aug-25,13,1,1
R05,SKU-1280,2025-08-05,13,0,0
R05,SKU-1280,2025-08-06,14,1,0
R05,SKU-1280,07-Aug-25,8,1,0
R05,SKU-1280,2025-08-08,13,0,0
R05,SKU-1280,2025-08-09,13,1,0
R05,SKU-1280,2025-08-10,22,0,0
R05,SKU-1280,08/11/2025,8,1,0
R05,SKU-1280,12-Aug-25,12,0,0
R05,SKU-1280,08/13/2025,16,0,0
R05,SKU-1280,2025-08-14,19,1,0
R05,SKU-1280,2025-08-15,11,0,0
R05,SKU-1280,08/16/2025,18,1,0
R05,SKU-1280,17-Aug-25,17,1,0
R05,SKU-1280,2025-08-18,13,1,0
R05,SKU-1280,2025-08-19,10,1,0
R05,SKU-1280,2025-08-20,10,1,0
R05,SKU-1280,2025-08-21,8,1,0
R05,SKU-1280,22-Aug-25,11,0,0
R05,SKU-1280,08/23/2025,8,0,0
R05,SKU-1280,2025-08-24,11,0,0
R05,SKU-1280,2025-08-25,14,0,0
R05,SKU-1280,2025-08-26,15,0,0
R05,SKU-1280,2025-08-27,9,0,0
R05,SKU-1280,08/28/2025,22,1,0
R05,SKU-1280,2025-08-29,10,0,0
R05,SKU-1280,08/30/2025,14,0,1
R05,SKU-1280,08/31/2025,7,0,0
R05,SKU-1147,01-Aug-25,6,1,0
R05,SKU-1147,2025-08-02,3,1,0
R05,SKU-1147,08/03/2025,8,1,0
R05,SKU-1147,08/04/2025,7,1,0
R05,SKU-1147,2025-08-05,10,1,0
R05,SKU-1147,2025-08-06,5,0,0
R05,SKU-1147,2025-08-07,3,1,0
R05,SKU-1147,2025-08-08,6,0,0
R05,SKU-1147,2025-08-09,5,0,0
R05,SKU-1147,2025-08-10,14,0,0
R05,SKU-1147,08/11/2025,6,0,1
R05,SKU-1147,12-Aug-25,7,1,0
R05,SKU-1147,2025-08-13,6,0,0
R05,SKU-1147,08/14/2025,10,0,0
R05,SKU-1147,2025-08-15,6,0,0
R05,SKU-1147,2025-08-16,5,1,0
R05,SKU-1147,2025-08-17,9,1,0
R05,SKU-1147,08/18/2025,9,0,0
R05,SKU-1147,2025-08-19,10,0,0
R05,SKU-1147,08/20/2025,5,0,0
R05,SKU-1147,2025-08-21,4,0,0
R05,SKU-1147,08/22/2025,2,2,0
R05,SKU-1147,2025-08-23,6,0,0
R05,SKU-1147,2025-08-24,4,0,1
R05,SKU-1147,2025-08-25,9,2,0
R05,SKU-1147,2025-08-26,11,1,0
R05,SKU-1147,2025-08-27,4,1,0
R05,SKU-1147,2025-08-28,7,0,0
R05,SKU-1147,2025-08-29,6,0,0
R05,SKU-1147,08/30/2025,7,0,0
R05,SKU-1147,08/31/2025,6,1,0
R05,SKU-1273,2025-08-01,18,0,0
R05,SKU-1273,08/02/2025,24,0,1
R05,SKU-1273,03-Aug-25,25,0,0
R05,SKU-1273,2025-08-04,27,1,0
R05,SKU-1273,08/05/2025,10,1,0
R05,SKU-1273,2025-08-06,20,0,0
R05,SKU-1273,2025-08-07,20,0,0
R05,SKU-1273,2025-08-08,22,2,0
R05,SKU-1273,2025-08-09,22,1,0
R05,SKU-1273,2025-08-10,15,1,1
R05,SKU-1273,08/11/2025,25,1,0
R05,SKU-1273,2025-08-12,20,1,0
R05,SKU-1273,08/13/2025,24,0,0
R05,SKU-1273,2025-08-14,14,1,0
R05,SKU-1273,15-Aug-25,20,0,0
R05,SKU-1273,2025-08-16,21,2,0
R05,SKU-1273,2025-08-17,24,1,1
R05,SKU-1273,08/18/2025,25,0,0
R05,SKU-1273,2025-08-19,23,0,0
R05,SKU-1273,2025-08-20,22,0,0
R05,SKU-1273,08/21/2025,14,1,0
R05,SKU-1273,08/22/2025,19,0,0
R05,SKU-1273,2025-08-23,24,0,0
R05,SKU-1273,2025-08-24,22,1,0
R05,SKU-1273,08/25/2025,23,1,0
R05,SKU-1273,2025-08-26,18,0,0
R05,SKU-1273,2025-08-27,23,1,0
R05,SKU-1273,2025-08-28,24,0,0
R05,SKU-1273,08/29/2025,18,0,0
R05,SKU-1273,2025-08-30,18,0,0
R05,SKU-1273,2025-08-31,16,0,0
R05,SKU-1105,2025-08-01,17,0,0
R05,SKU-1105,02-Aug-25,24,0,0
R05,SKU-1105,2025-08-03,10,1,0
R05,SKU-1105,2025-08-04,13,0,0
R05,SKU-1105,2025-08-05,16,1,0
R05,SKU-1105,08/06/2025,8,0,1
R05,SKU-1105,2025-08-07,12,0,0
R05,SKU-1105,2025-08-08,10,1,0
R05,SKU-1105,2025-08-09,11,0,1
R05,SKU-1105,10-Aug-25,12,1,0
R05,SKU-1105,2025-08-11,17,1,0
R05,SKU-1105,2025-08-12,14,0,0
R05,SKU-1105,08/13/2025,11,1,1
R05,SKU-1105,2025-08-14,8,1,0
R05,SKU-1105,2025-08-15,15,0,0
R05,SKU-1105,2025-08-16,9,0,0
R05,SKU-1105,08/17/2025,13,0,0
R05,SKU-1105,2025-08-18,15,2,0
R05,SKU-1105,2025-08-19,18,0,0
R05,SKU-1105,2025-08-20,14,1,0
R05,SKU-1105,2025-08-21,16,0,0
R05,SKU-1105,2025-08-22,11,0,0
R05,SKU-1105,2025-08-23,14,0,0
R05,SKU-1105,08/24/2025,17,0,1
R05,SKU-1105,08/25/2025,10,0,1
R05,SKU-1105,2025-08-26,19,0,0
R05,SKU-1105,08/27/2025,22,0,0
R05,SKU-1105,08/28/2025,9,0,1
R05,SKU-1105,2025-08-29,16,1,0
R05,SKU-1105,2025-08-30,10,1,0
R05,SKU-1105,2025-08-31,17,0,0
R05,SKU-1007,01-Aug-25,23,1,0
R05,SKU-1007,08/02/2025,24,0,0
R05,SKU-1007,03-Aug-25,23,0,0
R05,SKU-1007,2025-08-04,21,1,0
R05,SKU-1007,2025-08-05,25,0,0
R05,SKU-1007,2025-08-06,12,1,0
R05,SKU-1007,2025-08-07,24,0,0
R05,SKU-1007,2025-08-08,16,0,0
R05,SKU-1007,2025-08-09,14,0,0
R05,SKU-1007,2025-08-10,23,0,0
R05,SKU-1007,2025-08-11,22,0,0
R05,SKU-1007,08/12/2025,18,0,0
R05,SKU-1007,2025-08-13,26,0,0
R05,SKU-1007,2025-08-14,25,0,0
R05,SKU-1007,08/15/2025,18,1,0
R05,SKU-1007,2025-08-16,19,1,0
R05,SKU-1007,08/17/2025,14,1,1
R05,SKU-1007,18-Aug-25,18,0,0
R05,SKU-1007,2025-08-19,23,1,0
R05,SKU-1007,2025-08-20,25,0,0
R05,SKU-1007,2025-08-21,17,0,0
R05,SKU-1007,2025-08-22,19,0,0
R05,SKU-1007,08/23/2025,21,0,0
R05,SKU-1007,08/24/2025,17,0,0
R05,SKU-1007,08/25/2025,16,0,0
R05,SKU-1007,26-Aug-25,19,0,0
R05,SKU-1007,2025-08-27,21,0,0
R05,SKU-1007,08/28/2025,22,0,1
R05,SKU-1007,2025-08-29,23,1,1
R05,SKU-1007,30-Aug-25,17,0,0
R05,SKU-1007,08/31/2025,17,2,0
R05,SKU-1098,2025-08-01,36,0,0
R05,SKU-1098,2025-08-02,33,0,0
R05,SKU-1098,08/03/2025,41,1,1
R05,SKU-1098,08/04/2025,33,0,0
R05,SKU-1098,05-Aug-25,32,1,0
R05,SKU-1098,08/06/2025,36,1,0
R05,SKU-1098,2025-08-07,31,0,0
R05,SKU-1098,08-Aug-25,30,0,0
R05,SKU-1098,09-Aug-25,26,0,0
R05,SKU-1098,08/10/2025,37,0,0
R05,SKU-1098,08/11/2025,39,1,0
R05,SKU-1098,2025-08-12,31,1,0
R05,SKU-1098,2025-08-13,30,1,0
R05,SKU-1098,08/14/2025,30,1,0
R05,SKU-1098,08/15/2025,38,0,0
R05,SKU-1098,2025-08-16,37,0,0
R05,SKU-1098,17-Aug-25,25,0,0
R05,SKU-1098,2025-08-18,24,0,0
R05,SKU-1098,2025-08-19,46,0,0
R05,SKU-1098,2025-08-20,35,0,0
R05,SKU-1098,2025-08-21,23,1,1
R05,SKU-1098,22-Aug-25,44,2,0
R05,SKU-1098,2025-08-23,37,0,0
R05,SKU-1098,2025-08-24,34,1,0
R05,SKU-1098,08/25/2025,27,0,1
R05,SKU-1098,2025-08-26,31,0,1
R05,SKU-1098,08/27/2025,24,0,0
R05,SKU-1098,2025-08-28,31,0,0
R05,SKU-1098,2025-08-29,28,0,0
R05,SKU-1098,2025-08-30,38,0,0
R05,SKU-1098,2025-08-31,20,0,1
R05,SKU-1035,08/01/2025,8,0,1
R05,SKU-1035,02-Aug-25,4,1,0
R05,SKU-1035,2025-08-03,4,0,0
R05,SKU-1035,2025-08-04,6,2,0
R05,SKU-1035,2025-08-05,8,0,0
R05,SKU-1035,2025-08-06,4,0,0
R05,SKU-1035,2025-08-07,8,0,0
R05,SKU-1035,2025-08-08,7,0,0
R05,SKU-1035,2025-08-09,11,2,0
R05,SKU-1035,08/10/2025,7,0,0
R05,SKU-1035,08/11/2025,8,2,0
R05,SKU-1035,2025-08-12,5,2,0
R05,SKU-1035,2025-08-13,9,1,0
R05,SKU-1035,2025-08-14,7,0,0
R05,SKU-1035,2025-08-15,3,0,0
R05,SKU-1035,08/16/2025,4,0,0
R05,SKU-1035,17-Aug-25,2,0,0
R05,SKU-1035,2025-08-18,9,0,0
R05,SKU-1035,08/19/2025,8,0,0
R05,SKU-1035,2025-08-20,7,0,0
R05,SKU-1035,21-Aug-25,7,1,0
R05,SKU-1035,2025-08-22,9,0,0
R05,SKU-1035,23-Aug-25,3,1,0
R05,SKU-1035,2025-08-24,9,1,0
R05,SKU-1035,2025-08-25,12,0,0
R05,SKU-1035,2025-08-26,7,1,0
R05,SKU-1035,27-Aug-25,8,0,0
R05,SKU-1035,08/28/2025,4,0,0
R05,SKU-1035,08/29/2025,5,0,0
R05,SKU-1035,2025-08-30,8,1,0
R05,SKU-1035,08/31/2025,2,1,0
R05,SKU-1014,08/01/2025,18,1,0
R05,SKU-1014,08/02/2025,10,0,0
R05,SKU-1014,08/03/2025,10,2,0
R05,SKU-1014,04-Aug-25,11,0,0
R05,SKU-1014,08/05/2025,18,0,0
R05,SKU-1014,06-Aug-25,17,2,0
R05,SKU-1014,2025-08-07,7,1,0
R05,SKU-1014,08/08/2025,20,0,0
R05,SKU-1014,2025-08-09,10,0,0
R05,SKU-1014,08/10/2025,16,0,0
R05,SKU-1014,2025-08-11,11,1,0
R05,SKU-1014,2025-08-12,12,0,0
R05,SKU-1014,2025-08-13,14,0,0
R05,SKU-1014,14-Aug-25,13,2,0
R05,SKU-1014,2025-08-15,18,0,1
R05,SKU-1014,2025-08-16,13,0,0
R05,SKU-1014,2025-08-17,17,1,0
R05,SKU-1014,08/18/2025,24,0,1
R05,SKU-1014,2025-08-19,18,0,0
R05,SKU-1014,2025-08-20,13,1,0
R05,SKU-1014,2025-08-21,12,0,0
R05,SKU-1014,2025-08-22,14,0,0
R05,SKU-1014,08/23/2025,12,0,0
R05,SKU-1014,24-Aug-25,15,2,0
R05,SKU-1014,08/25/2025,21,0,0
R05,SKU-1014,08/26/2025,14,0,0
R05,SKU-1014,08/27/2025,15,0,0
R05,SKU-1014,08/28/2025,16,1,0
R05,SKU-1014,08/29/2025,18,1,0
R05,SKU-1014,2025-08-30,15,0,0
R05,SKU-1014,31-Aug-25,10,0,0
R05,SKU-1091,01-Aug-25,4,0,0
R05,SKU-1091,02-Aug-25,2,0,0
R05,SKU-1091,08/03/2025,4,0,0
R05,SKU-1091,2025-08-04,6,0,0
R05,SKU-1091,05-Aug-25,7,0,0
R05,SKU-1091,06-Aug-25,7,1,1
R05,SKU-1091,2025-08-07,12,0,1
R05,SKU-1091,2025-08-08,8,0,0
R05,SKU-1091,2025-08-09,11,0,0
R05,SKU-1091,08/10/2025,4,0,0
R05,SKU-1091,2025-08-11,8,0,0
R05,SKU-1091,08/12/2025,5,1,0
R05,SKU-1091,2025-08-13,8,1,0
R05,SKU-1091,2025-08-14,9,1,0
R05,SKU-1091,08/15/2025,4,0,0
R05,SKU-1091,2025-08-16,5,0,0
R05,SKU-1091,2025-08-17,6,0,0
R05,SKU-1091,2025-08-18,8,0,0
R05,SKU-1091,2025-08-19,8,0,0
R05,SKU-1091,2025-08-20,8,0,0
R05,SKU-1091,21-Aug-25,10,1,0
R05,SKU-1091,2025-08-22,5,0,0
R05,SKU-1091,2025-08-23,9,0,0
R05,SKU-1091,2025-08-24,6,0,1
R05,SKU-1091,2025-08-25,12,0,0
R05,SKU-1091,2025-08-26,6,0,0
R05,SKU-1091,2025-08-27,9,1,1
R05,SKU-1091,2025-08-28,6,0,1
R05,SKU-1091,2025-08-29,5,1,0
R05,SKU-1091,08/30/2025,9,1,0
R05,SKU-1091,31-Aug-25,5,1,0
R05,SKU-1182,2025-08-01,23,0,0
R05,SKU-1182,2025-08-02,18,0,0
R05,SKU-1182,2025-08-03,9,3,0
R05,SKU-1182,2025-08-04,19,0,0
R05,SKU-1182,08/05/2025,12,0,0
R05,SKU-1182,06-Aug-25,11,1,0
R05,SKU-1182,2025-08-07,10,0,0
R05,SKU-1182,2025-08-08,15,0,0
R05,SKU-1182,08/09/2025,19,2,0
R05,SKU-1182,2025-08-10,28,0,0
R05,SKU-1182,2025-08-11,19,0,1
R05,SKU-1182,12-Aug-25,17,0,0
R05,SKU-1182,2025-08-13,22,0,0
R05,SKU-1182,2025-08-14,9,0,0
R05,SKU-1182,2025-08-15,19,0,1
R05,SKU-1182,08/16/2025,25,0,0
R05,SKU-1182,08/17/2025,15,1,1
R05,SKU-1182,2025-08-18,13,0,0
R05,SKU-1182,2025-08-19,10,0,0
R05,SKU-1182,2025-08-20,8,0,0
R05,SKU-1182,2025-08-21,21,0,0
R05,SKU-1182,22-Aug-25,17,1,0
R05,SKU-1182,2025-08-23,14,0,0
R05,SKU-1182,08/24/2025,15,1,0
R05,SKU-1182,2025-08-25,13,0,0
R05,SKU-1182,2025-08-26,14,0,0
R05,SKU-1182,08/27/2025,23,0,0
R05,SKU-1182,08/28/2025,21,0,0
R05,SKU-1182,29-Aug-25,13,0,0
R05,SKU-1182,2025-08-30,21,2,0
R05,SKU-1182,31-Aug-25,13,1,0
R05,SKU-1042,2025-08-01,24,2,0
R05,SKU-1042,08/02/2025,28,0,0
R05,SKU-1042,2025-08-03,17,0,0
R05,SKU-1042,2025-08-04,20,1,0
R05,SKU-1042,08/05/2025,24,0,0
R05,SKU-1042,2025-08-06,21,0,0
R05,SKU-1042,07-Aug-25,20,1,0
R05,SKU-1042,08/08/2025,17,1,0
R05,SKU-1042,2025-08-09,19,0,0
R05,SKU-1042,2025-08-10,20,1,0
R05,SKU-1042,2025-08-11,20,0,0
R05,SKU-1042,2025-08-12,23,0,0
R05,SKU-1042,2025-08-13,21,1,0
R05,SKU-1042,14-Aug-25,23,1,0
R05,SKU-1042,08/15/2025,21,1,0
R05,SKU-1042,2025-08-16,15,2,0
R05,SKU-1042,17-Aug-25,18,0,0
R05,SKU-1042,2025-08-18,17,1,0
R05,SKU-1042,2025-08-19,19,1,0
R05,SKU-1042,20-Aug-25,17,1,0
R05,SKU-1042,08/21/2025,22,0,0
R05,SKU-1042,22-Aug-25,20,0,0
R05,SKU-1042,2025-08-23,16,1,0
R05,SKU-1042,2025-08-24,15,1,1
R05,SKU-1042,25-Aug-25,16,0,0
R05,SKU-1042,2025-08-26,20,1,0
R05,SKU-1042,08/27/2025,15,1,0
R05,SKU-1042,2025-08-28,27,0,0
R05,SKU-1042,08/29/2025,23,0,0
R05,SKU-1042,30-Aug-25,17,0,0
R05,SKU-1042,2025-08-31,18,0,0
R05,SKU-1140,2025-08-01,14,0,0
R05,SKU-1140,2025-08-02,15,0,1
R05,SKU-1140,03-Aug-25,10,1,0
R05,SKU-1140,2025-08-04,14,0,0
R05,SKU-1140,2025-08-05,15,0,0
R05,SKU-1140,06-Aug-25,12,0,0
R05,SKU-1140,2025-08-07,20,0,0
R05,SKU-1140,2025-08-08,13,0,0
R05,SKU-1140,08/09/2025,12,1,0
R05,SKU-1140,2025-08-10,13,0,0
R05,SKU-1140,2025-08-11,10,0,0
R05,SKU-1140,2025-08-12,12,0,0
R05,SKU-1140,2025-08-13,12,0,0
R05,SKU-1140,2025-08-14,16,1,0
R05,SKU-1140,2025-08-15,11,0,0
R05,SKU-1140,2025-08-16,20,1,0
R05,SKU-1140,2025-08-17,17,0,0
R05,SKU-1140,08/18/2025,18,0,0
R05,SKU-1140,2025-08-19,18,0,0
R05,SKU-1140,2025-08-20,10,1,0
R05,SKU-1140,21-Aug-25,15,2,0
R05,SKU-1140,2025-08-22,15,0,1
R05,SKU-1140,2025-08-23,13,0,0
R05,SKU-1140,2025-08-24,21,1,0
R05,SKU-1140,2025-08-25,14,0,0
R05,SKU-1140,2025-08-26,12,0,0
R05,SKU-1140,2025-08-27,14,1,0
R05,SKU-1140,28-Aug-25,19,0,0
R05,SKU-1140,08/29/2025,13,0,0
R05,SKU-1140,2025-08-30,15,2,0
R05,SKU-1140,2025-08-31,14,0,0
R05,SKU-1189,2025-08-01,18,0,0
R05,SKU-1189,08/02/2025,15,0,0
R05,SKU-1189,08/03/2025,22,1,0
R05,SKU-1189,2025-08-04,24,0,1
R05,SKU-1189,2025-08-05,14,0,0
R05,SKU-1189,2025-08-06,8,0,0
R05,SKU-1189,07-Aug-25,14,0,0
R05,SKU-1189,08-Aug-25,12,0,0
R05,SKU-1189,2025-08-09,18,0,0
R05,SKU-1189,2025-08-10,14,1,0
R05,SKU-1189,2025-08-11,11,0,0
R05,SKU-1189,2025-08-12,15,0,0
R05,SKU-1189,2025-08-13,16,0,1
R05,SKU-1189,08/14/2025,10,0,0
R05,SKU-1189,2025-08-15,13,0,0
R05,SKU-1189,2025-08-16,21,0,0
R05,SKU-1189,2025-08-17,12,1,0
R05,SKU-1189,2025-08-18,13,0,0
R05,SKU-1189,2025-08-19,14,0,0
R05,SKU-1189,2025-08-20,16,2,1
R05,SKU-1189,2025-08-21,14,0,0
R05,SKU-1189,08/22/2025,7,1,0
R05,SKU-1189,08/23/2025,15,0,0
R05,SKU-1189,2025-08-24,22,0,0
R05,SKU-1189,2025-08-25,14,0,0
R05,SKU-1189,26-Aug-25,16,0,0
R05,SKU-1189,2025-08-27,16,0,0
R05,SKU-1189,2025-08-28,18,0,0
R05,SKU-1189,08/29/2025,20,0,0
R05,SKU-1189,08/30/2025,23,0,0
R05,SKU-1189,2025-08-31,15,1,0
R05,SKU-1084,2025-08-01,12,0,1
R05,SKU-1084,2025-08-02,6,1,0
R05,SKU-1084,03-Aug-25,10,0,1
R05,SKU-1084,08/04/2025,18,1,0
R05,SKU-1084,08/05/2025,13,0,0
R05,SKU-1084,2025-08-06,13,1,0
R05,SKU-1084,08/07/2025,15,0,0
R05,SKU-1084,08-Aug-25,11,0,0
R05,SKU-1084,2025-08-09,11,1,0
R05,SKU-1084,10-Aug-25,21,0,0
R05,SKU-1084,2025-08-11,10,1,0
R05,SKU-1084,08/12/2025,12,0,0
R05,SKU-1084,2025-08-13,13,0,0
R05,SKU-1084,2025-08-14,15,0,0
R05,SKU-1084,2025-08-15,7,1,0
R05,SKU-1084,2025-08-16,15,0,1
R05,SKU-1084,2025-08-17,9,1,0
R05,SKU-1084,2025-08-18,22,0,0
R05,SKU-1084,2025-08-19,13,0,0
R05,SKU-1084,2025-08-20,14,0,0
R05,SKU-1084,08/21/2025,11,0,1
R05,SKU-1084,2025-08-22,13,0,0
R05,SKU-1084,2025-08-23,11,0,1
R05,SKU-1084,08/24/2025,9,0,0
R05,SKU-1084,2025-08-25,9,1,0
R05,SKU-1084,2025-08-26,9,0,0
R05,SKU-1084,08/27/2025,10,0,0
R05,SKU-1084,2025-08-28,13,1,0
R05,SKU-1084,29-Aug-25,11,0,0
R05,SKU-1084,08/30/2025,10,0,1
R05,SKU-1084,2025-08-31,10,1,0
R05,SKU-1168,01-Aug-25,29,0,0
R05,SKU-1168,2025-08-02,33,0,0
R05,SKU-1168,2025-08-03,53,0,0
R05,SKU-1168,2025-08-04,30,0,0
R05,SKU-1168,2025-08-05,25,2,0
R05,SKU-1168,08/06/2025,27,1,0
R05,SKU-1168,08/07/2025,28,0,0
R05,SKU-1168,2025-08-08,30,0,0
R05,SKU-1168,09-Aug-25,28,0,0
R05,SKU-1168,2025-08-10,34,1,0
R05,SKU-1168,2025-08-11,24,0,0
R05,SKU-1168,2025-08-12,40,1,0
R05,SKU-1168,13-Aug-25,24,1,1
R05,SKU-1168,2025-08-14,27,0,0
R05,SKU-1168,2025-08-15,20,1,0
R05,SKU-1168,08/16/2025,31,0,0
R05,SKU-1168,08/17/2025,36,0,0
R05,SKU-1168,08/18/2025,28,1,0
R05,SKU-1168,2025-08-19,29,3,0
R05,SKU-1168,08/20/2025,38,0,0
R05,SKU-1168,2025-08-21,29,0,0
R05,SKU-1168,22-Aug-25,25,0,0
R05,SKU-1168,08/23/2025,28,2,1
R05,SKU-1168,2025-08-24,27,0,0
R05,SKU-1168,08/25/2025,30,0,0
R05,SKU-1168,26-Aug-25,21,1,0
R05,SKU-1168,2025-08-27,30,0,0
R05,SKU-1168,2025-08-28,31,0,0
R05,SKU-1168,2025-08-29,24,0,0
R05,SKU-1168,2025-08-30,27,0,0
R05,SKU-1168,08/31/2025,35,0,0
R05,SKU-1175,08/01/2025,23,0,0
R05,SKU-1175,2025-08-02,29,0,0
R05,SKU-1175,08/03/2025,33,0,0
R05,SKU-1175,2025-08-04,44,1,0
R05,SKU-1175,2025-08-05,16,0,0
R05,SKU-1175,2025-08-06,33,0,0
R05,SKU-1175,08/07/2025,25,0,1
R05,SKU-1175,08/08/2025,26,0,0
R05,SKU-1175,2025-08-09,34,0,0
R05,SKU-1175,2025-08-10,28,0,0
R05,SKU-1175,2025-08-11,34,1,0
R05,SKU-1175,2025-08-12,26,0,0
R05,SKU-1175,2025-08-13,34,0,0
R05,SKU-1175,08/14/2025,23,0,0
R05,SKU-1175,08/15/2025,28,0,0
R05,SKU-1175,16-Aug-25,31,0,0
R05,SKU-1175,17-Aug-25,36,0,0
R05,SKU-1175,2025-08-18,29,1,0
R05,SKU-1175,2025-08-19,32,0,0
R05,SKU-1175,2025-08-20,27,1,0
R05,SKU-1175,2025-08-21,17,1,0
R05,SKU-1175,08/22/2025,26,0,0
R05,SKU-1175,23-Aug-25,25,0,1
R05,SKU-1175,2025-08-24,30,0,1
R05,SKU-1175,25-Aug-25,40,0,0
R05,SKU-1175,2025-08-26,36,0,0
R05,SKU-1175,2025-08-27,23,2,0
R05,SKU-1175,2025-08-28,35,0,0
R05,SKU-1175,29-Aug-25,30,1,0
R05,SKU-1175,2025-08-30,23,0,0
R05,SKU-1175,2025-08-31,36,0,1
R05,SKU-1070,2025-08-01,20,1,0
R05,SKU-1070,08/02/2025,29,0,0
R05,SKU-1070,2025-08-03,39,0,0
R05,SKU-1070,2025-08-04,27,0,0
R05,SKU-1070,08/05/2025,23,0,0
R05,SKU-1070,2025-08-06,32,0,0
R05,SKU-1070,07-Aug-25,33,0,0
R05,SKU-1070,2025-08-08,27,1,0
R05,SKU-1070,09-Aug-25,34,1,0
R05,SKU-1070,2025-08-10,36,0,1
R05,SKU-1070,11-Aug-25,25,0,0
R05,SKU-1070,2025-08-12,35,0,0
R05,SKU-1070,2025-08-13,30,1,0
R05,SKU-1070,2025-08-14,31,0,0
R05,SKU-1070,08/15/2025,33,2,0
R05,SKU-1070,2025-08-16,29,0,0
R05,SKU-1070,2025-08-17,33,1,0
R05,SKU-1070,2025-08-18,37,0,0
R05,SKU-1070,2025-08-19,43,0,1
R05,SKU-1070,20-Aug-25,35,0,0
R05,SKU-1070,21-Aug-25,26,2,0
R05,SKU-1070,08/22/2025,29,0,0
R05,SKU-1070,2025-08-23,14,0,0
R05,SKU-1070,2025-08-24,26,0,0
R05,SKU-1070,2025-08-25,28,0,1
R05,SKU-1070,08/26/2025,30,1,0
R05,SKU-1070,2025-08-27,37,0,0
R05,SKU-1070,2025-08-28,26,2,0
R05,SKU-1070,29-Aug-25,29,0,0
R05,SKU-1070,2025-08-30,24,0,0
R05,SKU-1070,2025-08-31,35,0,0
