retailer_id,product_id,sale_date,sold_qty,returns_qty,promo_flag
R01,SKU-1014,2026-05-01,9,0,1
R01,SKU-1014,2026-05-02,6,0,0
R01,SKU-1014,05/03/2026,5,0,0
R01,SKU-1014,04-May-26,4,0,0
R01,SKU-1014,05-May-26,7,0,0
R01,SKU-1014,2026-05-06,8,0,1
R01,SKU-1014,2026-05-07,4,0,0
R01,SKU-1014,2026-05-08,5,0,1
R01,SKU-1014,09-May-26,8,1,0
R01,SKU-1014,05/10/2026,9,1,0
R01,SKU-1014,2026-05-11,4,0,0
R01,SKU-1014,05/12/2026,7,0,0
R01,SKU-1014,05/13/2026,4,0,0
R01,SKU-1014,14-May-26,7,0,0
R01,SKU-1014,2026-05-15,5,0,0
R01,SKU-1014,2026-05-16,5,0,0
R01,SKU-1014,05/17/2026,12,0,0
R01,SKU-1014,05/18/2026,7,1,1
R01,SKU-1014,2026-05-19,9,0,1
R01,SKU-1014,20-May-26,3,0,0
R01,SKU-1014,2026-05-21,4,2,0
R01,SKU-1014,22-May-26,4,0,0
R01,SKU-1014,05/23/2026,4,1,0
R01,SKU-1014,2026-05-24,5,0,0
R01,SKU-1014,05/25/2026,10,0,0
R01,SKU-1014,2026-05-26,1,1,0
R01,SKU-1014,05/27/2026,5,1,0
R01,SKU-1014,2026-05-28,6,1,0
R01,SKU-1014,2026-05-29,3,0,0
R01,SKU-1014,05/30/2026,7,0,0
R01,SKU-1014,2026-05-31,7,0,0
R01,SKU-1231,05/01/2026,16,0,0
R01,SKU-1231,2026-05-02,10,0,0
R01,SKU-1231,03-May-26,12,0,0
R01,SKU-1231,2026-05-04,5,0,0
R01,SKU-1231,05/05/2026,8,1,0
R01,SKU-1231,2026-05-06,9,0,0
R01,SKU-1231,2026-05-07,10,1,0
R01,SKU-1231,08-May-26,10,0,0
R01,SKU-1231,05/09/2026,11,0,0
R01,SKU-1231,2026-05-10,8,0,0
R01,SKU-1231,05/11/2026,10,0,0
R01,SKU-1231,05/12/2026,11,0,0
R01,SKU-1231,2026-05-13,8,0,0
R01,SKU-1231,05/14/2026,11,0,0
R01,SKU-1231,2026-05-15,9,2,0
R01,SKU-1231,16-May-26,16,0,0
R01,SKU-1231,2026-05-17,13,0,0
R01,SKU-1231,05/18/2026,11,0,0
R01,SKU-1231,19-May-26,4,0,0
R01,SKU-1231,2026-05-20,10,1,0
R01,SKU-1231,2026-05-21,11,0,0
R01,SKU-1231,2026-05-22,10,0,0
R01,SKU-1231,23-May-26,18,1,0
R01,SKU-1231,24-May-26,10,0,1
R01,SKU-1231,05/25/2026,10,0,0
R01,SKU-1231,2026-05-26,14,0,0
R01,SKU-1231,05/27/2026,9,1,1
R01,SKU-1231,2026-05-28,16,0,0
R01,SKU-1231,2026-05-29,12,0,0
R01,SKU-1231,2026-05-30,12,0,1
R01,SKU-1231,2026-05-31,10,0,0
R01,SKU-1056,2026-05-01,12,1,0
R01,SKU-1056,2026-05-02,13,0,0
R01,SKU-1056,2026-05-03,12,1,0
R01,SKU-1056,2026-05-04,8,0,0
R01,SKU-1056,2026-05-05,14,1,0
R01,SKU-1056,2026-05-06,15,0,0
R01,SKU-1056,2026-05-07,13,0,0
R01,SKU-1056,05/08/2026,18,0,0
R01,SKU-1056,09-May-26,16,0,0
R01,SKU-1056,05/10/2026,10,1,0
R01,SKU-1056,11-May-26,15,0,0
R01,SKU-1056,2026-05-12,10,0,0
R01,SKU-1056,13-May-26,11,0,0
R01,SKU-1056,2026-05-14,16,0,0
R01,SKU-1056,2026-05-15,13,1,0
R01,SKU-1056,2026-05-16,14,1,1
R01,SKU-1056,17-May-26,17,0,0
R01,SKU-1056,2026-05-18,17,0,0
R01,SKU-1056,2026-05-19,16,0,0
R01,SKU-1056,20-May-26,13,0,0
R01,SKU-1056,2026-05-21,10,1,1
R01,SKU-1056,2026-05-22,7,0,0
R01,SKU-1056,23-May-26,12,0,1
R01,SKU-1056,05/24/2026,8,1,0
R01,SKU-1056,2026-05-25,14,0,0
R01,SKU-1056,2026-05-26,10,0,1
R01,SKU-1056,2026-05-27,8,1,0
R01,SKU-1056,2026-05-28,20,0,0
R01,SKU-1056,29-May-26,6,1,0
R01,SKU-1056,2026-05-30,11,1,0
R01,SKU-1056,2026-05-31,6,1,0
R01,SKU-1140,2026-05-01,7,0,0
R01,SKU-1140,02-May-26,6,0,0
R01,SKU-1140,05/03/2026,9,0,1
R01,SKU-1140,2026-05-04,10,0,0
R01,SKU-1140,2026-05-05,10,0,0
R01,SKU-1140,06-May-26,6,0,0
R01,SKU-1140,2026-05-07,10,1,0
R01,SKU-1140,2026-05-08,15,0,1
R01,SKU-1140,05/09/2026,13,2,0
R01,SKU-1140,2026-05-10,12,0,0
R01,SKU-1140,2026-05-11,7,1,1
R01,SKU-1140,2026-05-12,12,0,1
R01,SKU-1140,2026-05-13,14,0,1
R01,SKU-1140,05/14/2026,14,1,0
R01,SKU-1140,2026-05-15,11,1,0
R01,SKU-1140,16-May-26,16,0,0
R01,SKU-1140,2026-05-17,7,0,0
R01,SKU-1140,2026-05-18,11,1,0
R01,SKU-1140,2026-05-19,13,2,0
R01,SKU-1140,2026-05-20,12,1,0
R01,SKU-1140,21-May-26,10,0,0
R01,SKU-1140,2026-05-22,9,1,0
R01,SKU-1140,2026-05-23,11,0,0
R01,SKU-1140,2026-05-24,12,2,0
R01,SKU-1140,2026-05-25,7,3,0
R01,SKU-1140,05/26/2026,8,0,0
R01,SKU-1140,05/27/2026,12,0,0
R01,SKU-1140,28-May-26,7,0,0
R01,SKU-1140,2026-05-29,12,0,0
R01,SKU-1140,2026-05-30,13,1,0
R01,SKU-1140,05/31/2026,9,1,0
R01,SKU-1189,01-May-26,13,1,0
R01,SKU-1189,02-May-26,8,0,0
R01,SKU-1189,2026-05-03,13,0,0
R01,SKU-1189,2026-05-04,10,0,0
R01,SKU-1189,2026-05-05,8,0,0
R01,SKU-1189,2026-05-06,8,0,0
R01,SKU-1189,2026-05-07,17,0,0
R01,SKU-1189,05/08/2026,12,0,0
R01,SKU-1189,2026-05-09,14,0,0
R01,SKU-1189,05/10/2026,9,1,0
R01,SKU-1189,2026-05-11,9,0,0
R01,SKU-1189,2026-05-12,9,1,0
R01,SKU-1189,13-May-26,7,0,0
R01,SKU-1189,2026-05-14,13,0,0
R01,SKU-1189,2026-05-15,8,0,0
R01,SKU-1189,05/16/2026,10,0,0
R01,SKU-1189,2026-05-17,8,0,0
R01,SKU-1189,05/18/2026,10,0,0
R01,SKU-1189,19-May-26,10,0,0
R01,SKU-1189,2026-05-20,11,0,0
R01,SKU-1189,2026-05-21,11,1,0
R01,SKU-1189,2026-05-22,14,1,0
R01,SKU-1189,05/23/2026,7,0,0
R01,SKU-1189,24-May-26,8,0,0
R01,SKU-1189,2026-05-25,7,1,0
R01,SKU-1189,26-May-26,9,1,0
R01,SKU-1189,2026-05-27,12,1,0
R01,SKU-1189,2026-05-28,10,1,0
R01,SKU-1189,2026-05-29,11,0,0
R01,SKU-1189,2026-05-30,11,0,0
R01,SKU-1189,05/31/2026,12,0,0
R01,SKU-1252,01-May-26,21,2,0
R01,SKU-1252,2026-05-02,15,1,0
R01,SKU-1252,2026-05-03,26,0,0
R01,SKU-1252,2026-05-04,22,1,1
R01,SKU-1252,2026-05-05,24,1,0
R01,SKU-1252,2026-05-06,24,0,0
R01,SKU-1252,2026-05-07,27,2,0
R01,SKU-1252,2026-05-08,28,1,1
R01,SKU-1252,2026-05-09,25,0,0
R01,SKU-1252,05/10/2026,24,1,0
R01,SKU-1252,2026-05-11,31,1,0
R01,SKU-1252,12-May-26,25,0,0
R01,SKU-1252,13-May-26,14,0,0
R01,SKU-1252,2026-05-14,24,1,0
R01,SKU-1252,05/15/2026,19,0,1
R01,SKU-1252,2026-05-16,27,2,0
R01,SKU-1252,2026-05-17,20,0,0
R01,SKU-1252,05/18/2026,27,1,0
R01,SKU-1252,2026-05-19,29,0,0
R01,SKU-1252,20-May-26,28,0,0
R01,SKU-1252,05/21/2026,26,1,0
R01,SKU-1252,05/22/2026,24,0,0
R01,SKU-1252,05/23/2026,23,1,1
R01,SKU-1252,2026-05-24,26,0,0
R01,SKU-1252,25-May-26,19,0,0
R01,SKU-1252,05/26/2026,18,0,1
R01,SKU-1252,2026-05-27,17,0,0
R01,SKU-1252,2026-05-28,25,1,0
R01,SKU-1252,29-May-26,20,0,0
R01,SKU-1252,05/30/2026,26,0,0
R01,SKU-1252,2026-05-31,28,0,0
R01,SKU-1259,2026-05-01,10,1,0
R01,SKU-1259,05/02/2026,10,1,0
R01,SKU-1259,05/03/2026,9,0,1
R01,SKU-1259,04-May-26,18,1,0
R01,SKU-1259,2026-05-05,12,1,0
R01,SKU-1259,06-May-26,7,0,0
R01,SKU-1259,2026-05-07,10,0,0
R01,SKU-1259,05/08/2026,11,0,0
R01,SKU-1259,2026-05-09,9,1,0
R01,SKU-1259,10-May-26,15,0,0
R01,SKU-1259,11-May-26,11,1,0
R01,SKU-1259,05/12/2026,11,0,0
R01,SKU-1259,13-May-26,15,0,0
R01,SKU-1259,2026-05-14,13,1,0
R01,SKU-1259,05/15/2026,9,0,0
R01,SKU-1259,05/16/2026,13,2,0
R01,SKU-1259,2026-05-17,15,1,0
R01,SKU-1259,05/18/2026,12,0,0
R01,SKU-1259,19-May-26,11,2,0
R01,SKU-1259,05/20/2026,12,0,0
R01,SKU-1259,2026-05-21,12,0,0
R01,SKU-1259,2026-05-22,12,0,0
R01,SKU-1259,23-May-26,9,0,0
R01,SKU-1259,2026-05-24,15,1,0
R01,SKU-1259,25-May-26,11,1,0
R01,SKU-1259,05/26/2026,12,0,0
R01,SKU-1259,2026-05-27,12,1,0
R01,SKU-1259,05/28/2026,12,0,0
R01,SKU-1259,2026-05-29,10,0,0
R01,SKU-1259,2026-05-30,10,0,1
R01,SKU-1259,31-May-26,7,0,0
R01,SKU-1021,2026-05-01,11,0,0
R01,SKU-1021,05/02/2026,15,0,0
R01,SKU-1021,2026-05-03,12,0,0
R01,SKU-1021,04-May-26,10,0,0
R01,SKU-1021,2026-05-05,14,1,0
R01,SKU-1021,2026-05-06,11,0,0
R01,SKU-1021,07-May-26,19,0,0
R01,SKU-1021,08-May-26,23,0,0
R01,SKU-1021,09-May-26,20,1,0
R01,SKU-1021,2026-05-10,12,0,1
R01,SKU-1021,2026-05-11,20,0,0
R01,SKU-1021,2026-05-12,13,1,0
R01,SKU-1021,2026-05-13,15,0,0
R01,SKU-1021,05/14/2026,13,0,0
R01,SKU-1021,05/15/2026,19,0,0
R01,SKU-1021,16-May-26,11,0,0
R01,SKU-1021,2026-05-17,13,0,0
R01,SKU-1021,2026-05-18,12,0,0
R01,SKU-1021,2026-05-19,13,1,0
R01,SKU-1021,2026-05-20,11,0,0
R01,SKU-1021,2026-05-21,9,0,1
R01,SKU-1021,2026-05-22,16,1,0
R01,SKU-1021,05/23/2026,12,0,0
R01,SKU-1021,24-May-26,13,0,0
R01,SKU-1021,2026-05-25,9,0,0
R01,SKU-1021,2026-05-26,19,0,0
R01,SKU-1021,2026-05-27,11,1,0
R01,SKU-1021,2026-05-28,15,1,0
R01,SKU-1021,2026-05-29,15,1,0
R01,SKU-1021,2026-05-30,12,0,0
R01,SKU-1021,2026-05-31,15,2,0
R01,SKU-1147,01-May-26,9,0,0
R01,SKU-1147,02-May-26,27,0,0
R01,SKU-1147,03-May-26,18,0,0
R01,SKU-1147,2026-05-04,18,1,0
R01,SKU-1147,2026-05-05,13,0,0
R01,SKU-1147,2026-05-06,14,0,0
R01,SKU-1147,05/07/2026,21,0,0
R01,SKU-1147,08-May-26,18,0,0
R01,SKU-1147,09-May-26,33,0,0
R01,SKU-1147,2026-05-10,12,1,0
R01,SKU-1147,2026-05-11,24,0,1
R01,SKU-1147,05/12/2026,7,0,0
R01,SKU-1147,05/13/2026,21,0,0
R01,SKU-1147,2026-05-14,17,1,0
R01,SKU-1147,2026-05-15,24,1,0
R01,SKU-1147,2026-05-16,15,1,0
R01,SKU-1147,05/17/2026,17,1,0
R01,SKU-1147,2026-05-18,19,0,0
R01,SKU-1147,05/19/2026,18,0,1
R01,SKU-1147,20-May-26,18,0,0
R01,SKU-1147,2026-05-21,19,0,1
R01,SKU-1147,2026-05-22,19,1,0
R01,SKU-1147,2026-05-23,29,1,0
R01,SKU-1147,2026-05-24,22,0,0
R01,SKU-1147,05/25/2026,21,1,0
R01,SKU-1147,2026-05-26,14,2,0
R01,SKU-1147,2026-05-27,25,0,0
R01,SKU-1147,28-May-26,12,0,1
R01,SKU-1147,29-May-26,27,1,1
R01,SKU-1147,30-May-26,23,0,0
R01,SKU-1147,2026-05-31,24,0,0
R01,SKU-1126,2026-05-01,25,1,0
R01,SKU-1126,2026-05-02,24,0,0
R01,SKU-1126,2026-05-03,23,1,0
R01,SKU-1126,04-May-26,31,0,0
R01,SKU-1126,05/05/2026,31,0,0
R01,SKU-1126,06-May-26,26,1,0
R01,SKU-1126,2026-05-07,24,2,0
R01,SKU-1126,05/08/2026,28,0,0
R01,SKU-1126,05/09/2026,35,0,0
R01,SKU-1126,2026-05-10,30,2,0
R01,SKU-1126,2026-05-11,30,0,0
R01,SKU-1126,2026-05-12,20,0,0
R01,SKU-1126,05/13/2026,25,0,0
R01,SKU-1126,14-May-26,33,0,0
R01,SKU-1126,05/15/2026,24,1,1
R01,SKU-1126,2026-05-16,31,1,0
R01,SKU-1126,2026-05-17,26,0,0
R01,SKU-1126,18-May-26,39,0,0
R01,SKU-1126,05/19/2026,24,1,0
R01,SKU-1126,2026-05-20,26,2,0
R01,SKU-1126,2026-05-21,37,0,0
R01,SKU-1126,2026-05-22,26,0,0
R01,SKU-1126,23-May-26,32,1,1
R01,SKU-1126,2026-05-24,35,0,1
R01,SKU-1126,2026-05-25,30,0,0
R01,SKU-1126,2026-05-26,27,0,0
R01,SKU-1126,2026-05-27,36,1,0
R01,SKU-1126,2026-05-28,35,0,0
R01,SKU-1126,2026-05-29,31,0,1
R01,SKU-1126,30-May-26,35,2,0
R01,SKU-1126,05/31/2026,36,0,0
R01,SKU-1175,2026-05-01,4,0,0
R01,SKU-1175,2026-05-02,6,0,0
R01,SKU-1175,05/03/2026,4,1,0
R01,SKU-1175,2026-05-04,3,1,0
R01,SKU-1175,2026-05-05,6,0,1
R01,SKU-1175,05/06/2026,4,0,0
R01,SKU-1175,2026-05-07,5,0,0
R01,SKU-1175,05/08/2026,0,0,0
R01,SKU-1175,2026-05-09,4,0,0
R01,SKU-1175,05/10/2026,2,1,0
R01,SKU-1175,05/11/2026,2,0,0
R01,SKU-1175,2026-05-12,2,1,0
R01,SKU-1175,05/13/2026,5,1,0
R01,SKU-1175,2026-05-14,4,1,0
R01,SKU-1175,2026-05-15,9,1,0
R01,SKU-1175,05/16/2026,6,0,0
R01,SKU-1175,2026-05-17,4,0,0
R01,SKU-1175,18-May-26,1,0,0
R01,SKU-1175,2026-05-19,5,0,0
R01,SKU-1175,2026-05-20,3,0,0
R01,SKU-1175,05/21/2026,4,0,0
R01,SKU-1175,22-May-26,2,1,0
R01,SKU-1175,2026-05-23,2,2,0
R01,SKU-1175,2026-05-24,3,1,0
R01,SKU-1175,25-May-26,1,1,0
R01,SKU-1175,05/26/2026,3,0,0
R01,SKU-1175,2026-05-27,8,4,0
R01,SKU-1175,2026-05-28,6,0,0
R01,SKU-1175,05/29/2026,2,0,0
R01,SKU-1175,30-May-26,6,1,0
R01,SKU-1175,2026-05-31,2,1,0
R01,SKU-1196,01-May-26,25,1,0
R01,SKU-1196,02-May-26,30,1,1
R01,SKU-1196,2026-05-03,27,1,0
R01,SKU-1196,04-May-26,21,1,1
R01,SKU-1196,2026-05-05,18,2,0
R01,SKU-1196,06-May-26,21,0,0
R01,SKU-1196,05/07/2026,28,0,0
R01,SKU-1196,05/08/2026,28,0,1
R01,SKU-1196,09-May-26,29,0,0
R01,SKU-1196,2026-05-10,22,0,0
R01,SKU-1196,2026-05-11,19,0,0
R01,SKU-1196,12-May-26,25,0,0
R01,SKU-1196,05/13/2026,26,1,0
R01,SKU-1196,2026-05-14,28,0,0
R01,SKU-1196,2026-05-15,25,0,0
R01,SKU-1196,2026-05-16,28,1,0
R01,SKU-1196,2026-05-17,25,1,0
R01,SKU-1196,05/18/2026,19,0,0
R01,SKU-1196,05/19/2026,28,0,1
R01,SKU-1196,20-May-26,24,0,1
R01,SKU-1196,05/21/2026,18,0,0
R01,SKU-1196,2026-05-22,27,0,0
R01,SKU-1196,2026-05-23,27,1,1
R01,SKU-1196,05/24/2026,17,0,0
R01,SKU-1196,05/25/2026,24,0,0
R01,SKU-1196,2026-05-26,12,0,0
R01,SKU-1196,2026-05-27,35,0,0
R01,SKU-1196,2026-05-28,24,1,0
R01,SKU-1196,2026-05-29,27,2,0
R01,SKU-1196,2026-05-30,25,0,0
R01,SKU-1196,2026-05-31,21,0,0
R01,SKU-1091,05/01/2026,16,0,0
R01,SKU-1091,2026-05-02,12,0,1
R01,SKU-1091,2026-05-03,16,0,0
R01,SKU-1091,2026-05-04,14,1,0
R01,SKU-1091,2026-05-05,15,0,0
R01,SKU-1091,06-May-26,19,0,0
R01,SKU-1091,2026-05-07,18,0,0
R01,SKU-1091,05/08/2026,10,2,0
R01,SKU-1091,2026-05-09,17,1,1
R01,SKU-1091,2026-05-10,19,0,0
R01,SKU-1091,05/11/2026,14,0,0
R01,SKU-1091,2026-05-12,19,1,0
R01,SKU-1091,2026-05-13,17,1,0
R01,SKU-1091,14-May-26,18,1,0
R01,SKU-1091,15-May-26,14,2,1
R01,SKU-1091,05/16/2026,19,0,1
R01,SKU-1091,05/17/2026,10,0,0
R01,SKU-1091,2026-05-18,16,2,1
R01,SKU-1091,19-May-26,19,0,0
R01,SKU-1091,2026-05-20,9,0,0
R01,SKU-1091,2026-05-21,15,0,0
R01,SKU-1091,2026-05-22,15,0,0
R01,SKU-1091,23-May-26,13,0,0
R01,SKU-1091,2026-05-24,20,1,0
R01,SKU-1091,05/25/2026,8,1,0
R01,SKU-1091,26-May-26,11,2,0
R01,SKU-1091,05/27/2026,11,0,0
R01,SKU-1091,2026-05-28,14,1,0
R01,SKU-1091,29-May-26,16,1,0
R01,SKU-1091,05/30/2026,13,1,0
R01,SKU-1091,2026-05-31,16,0,0
R01,SKU-1119,05/01/2026,4,0,0
R01,SKU-1119,2026-05-02,6,1,0
R01,SKU-1119,03-May-26,3,1,0
R01,SKU-1119,05/04/2026,2,0,0
R01,SKU-1119,2026-05-05,3,1,1
R01,SKU-1119,05/06/2026,6,0,0
R01,SKU-1119,05/07/2026,6,0,0
R01,SKU-1119,2026-05-08,5,0,0
R01,SKU-1119,2026-05-09,4,1,0
R01,SKU-1119,2026-05-10,5,0,1
R01,SKU-1119,2026-05-11,6,0,1
R01,SKU-1119,05/12/2026,2,0,0
R01,SKU-1119,2026-05-13,5,0,1
R01,SKU-1119,05/14/2026,8,1,0
R01,SKU-1119,2026-05-15,4,1,0
R01,SKU-1119,2026-05-16,7,1,0
R01,SKU-1119,2026-05-17,3,1,0
R01,SKU-1119,05/18/2026,5,0,0
R01,SKU-1119,2026-05-19,6,1,0
R01,SKU-1119,05/20/2026,6,1,1
R01,SKU-1119,2026-05-21,8,1,0
R01,SKU-1119,2026-05-22,5,0,0
R01,SKU-1119,2026-05-23,6,0,1
R01,SKU-1119,2026-05-24,5,0,0
R01,SKU-1119,05/25/2026,9,0,0
R01,SKU-1119,2026-05-26,4,1,0
R01,SKU-1119,2026-05-27,5,0,0
R01,SKU-1119,05/28/2026,7,1,0
R01,SKU-1119,2026-05-29,10,0,0
R01,SKU-1119,2026-05-30,7,0,0
R01,SKU-1119,2026-05-31,10,1,0
R01,SKU-1224,01-May-26,29,0,1
R01,SKU-1224,2026-05-02,30,0,0
R01,SKU-1224,05/03/2026,23,0,0
R01,SKU-1224,2026-05-04,34,1,0
R01,SKU-1224,2026-05-05,26,0,0
R01,SKU-1224,06-May-26,34,0,0
R01,SKU-1224,05/07/2026,34,1,0
R01,SKU-1224,08-May-26,29,1,0
R01,SKU-1224,05/09/2026,46,0,0
R01,SKU-1224,10-May-26,33,0,0
R01,SKU-1224,05/11/2026,22,0,0
R01,SKU-1224,05/12/2026,36,0,0
R01,SKU-1224,2026-05-13,28,0,0
R01,SKU-1224,05/14/2026,31,0,0
R01,SKU-1224,05/15/2026,31,0,0
R01,SKU-1224,2026-05-16,38,0,0
R01,SKU-1224,2026-05-17,28,0,0
R01,SKU-1224,2026-05-18,32,1,0
R01,SKU-1224,05/19/2026,31,1,0
R01,SKU-1224,05/20/2026,24,1,0
R01,SKU-1224,2026-05-21,27,1,0
R01,SKU-1224,2026-05-22,26,2,1
R01,SKU-1224,2026-05-23,32,2,0
R01,SKU-1224,05/24/2026,32,0,0
R01,SKU-1224,2026-05-25,36,0,0
R01,SKU-1224,2026-05-26,28,0,0
R01,SKU-1224,2026-05-27,42,0,0
R01,SKU-1224,2026-05-28,32,0,0
R01,SKU-1224,29-May-26,35,1,0
R01,SKU-1224,2026-05-30,35,2,0
R01,SKU-1224,05/31/2026,25,0,0
R01,SKU-1266,2026-05-01,29,0,0
R01,SKU-1266,2026-05-02,31,1,1
R01,SKU-1266,2026-05-03,32,0,0
R01,SKU-1266,2026-05-04,30,0,0
R01,SKU-1266,2026-05-05,29,2,1
R01,SKU-1266,2026-05-06,33,0,0
R01,SKU-1266,2026-05-07,25,1,0
R01,SKU-1266,2026-05-08,23,0,0
R01,SKU-1266,2026-05-09,35,0,0
R01,SKU-1266,2026-05-10,27,1,0
R01,SKU-1266,2026-05-11,22,0,0
R01,SKU-1266,2026-05-12,33,0,0
R01,SKU-1266,05/13/2026,36,0,0
R01,SKU-1266,2026-05-14,26,1,1
R01,SKU-1266,2026-05-15,36,0,0
R01,SKU-1266,2026-05-16,31,0,0
R01,SKU-1266,17-May-26,31,0,0
R01,SKU-1266,2026-05-18,23,0,0
R01,SKU-1266,2026-05-19,23,1,0
R01,SKU-1266,2026-05-20,34,0,0
R01,SKU-1266,05/21/2026,25,0,1
R01,SKU-1266,05/22/2026,32,1,0
R01,SKU-1266,2026-05-23,29,0,0
R01,SKU-1266,24-May-26,17,1,0
R01,SKU-1266,2026-05-25,29,0,0
R01,SKU-1266,05/26/2026,27,0,0
R01,SKU-1266,27-May-26,32,0,0
R01,SKU-1266,05/28/2026,25,0,0
R01,SKU-1266,29-May-26,28,0,1
R01,SKU-1266,05/30/2026,28,0,0
R01,SKU-1266,2026-05-31,35,0,0
R01,SKU-1063,2026-05-01,34,0,0
R01,SKU-1063,05/02/2026,27,0,0
R01,SKU-1063,2026-05-03,17,0,0
R01,SKU-1063,05/04/2026,20,0,0
R01,SKU-1063,2026-05-05,31,0,0
R01,SKU-1063,2026-05-06,26,2,1
R01,SKU-1063,07-May-26,26,1,0
R01,SKU-1063,08-May-26,27,0,0
R01,SKU-1063,2026-05-09,20,0,0
R01,SKU-1063,2026-05-10,22,2,0
R01,SKU-1063,2026-05-11,32,0,0
R01,SKU-1063,2026-05-12,19,0,0
R01,SKU-1063,2026-05-13,20,1,0
R01,SKU-1063,2026-05-14,31,1,0
R01,SKU-1063,2026-05-15,27,0,0
R01,SKU-1063,2026-05-16,24,0,0
R01,SKU-1063,17-May-26,19,0,0
R01,SKU-1063,2026-05-18,16,0,0
R01,SKU-1063,2026-05-19,27,0,0
R01,SKU-1063,2026-05-20,16,0,0
R01,SKU-1063,05/21/2026,26,0,0
R01,SKU-1063,2026-05-22,13,0,0
R01,SKU-1063,2026-05-23,30,0,1
R01,SKU-1063,2026-05-24,19,0,1
R01,SKU-1063,2026-05-25,33,1,0
R01,SKU-1063,2026-05-26,23,0,0
R01,SKU-1063,2026-05-27,18,1,0
R01,SKU-1063,2026-05-28,9,1,0
R01,SKU-1063,2026-05-29,23,0,0
R01,SKU-1063,2026-05-30,23,1,0
R01,SKU-1063,05/31/2026,21,0,0
R01,SKU-1245,2026-05-01,33,1,0
R01,SKU-1245,2026-05-02,31,0,0
R01,SKU-1245,2026-05-03,31,0,0
R01,SKU-1245,05/04/2026,31,2,0
R01,SKU-1245,2026-05-05,31,1,0
R01,SKU-1245,2026-05-06,28,0,0
R01,SKU-1245,05/07/2026,41,0,0
R01,SKU-1245,2026-05-08,36,0,0
R01,SKU-1245,05/09/2026,27,0,0
R01,SKU-1245,05/10/2026,29,1,0
R01,SKU-1245,05/11/2026,15,1,0
R01,SKU-1245,05/12/2026,22,0,0
R01,SKU-1245,05/13/2026,18,0,0
R01,SKU-1245,2026-05-14,23,1,0
R01,SKU-1245,05/15/2026,22,0,0
R01,SKU-1245,2026-05-16,34,2,0
R01,SKU-1245,17-May-26,25,0,0
R01,SKU-1245,2026-05-18,31,0,0
R01,SKU-1245,2026-05-19,29,0,0
R01,SKU-1245,2026-05-20,29,0,0
R01,SKU-1245,2026-05-21,36,2,0
R01,SKU-1245,05/22/2026,24,0,1
R01,SKU-1245,2026-05-23,25,1,1
R01,SKU-1245,2026-05-24,25,1,0
R01,SKU-1245,2026-05-25,22,0,0
R01,SKU-1245,2026-05-26,33,0,0
R01,SKU-1245,27-May-26,31,0,0
R01,SKU-1245,2026-05-28,38,1,0
R01,SKU-1245,2026-05-29,28,0,0
R01,SKU-1245,30-May-26,43,2,0
R01,SKU-1245,2026-05-31,29,0,0
R01,SKU-1182,2026-05-01,5,1,1
R01,SKU-1182,2026-05-02,3,1,0
R01,SKU-1182,05/03/2026,3,1,0
R01,SKU-1182,05/04/2026,6,0,1
R01,SKU-1182,05/05/2026,9,0,0
R01,SKU-1182,2026-05-06,5,0,0
R01,SKU-1182,2026-05-07,3,0,0
R01,SKU-1182,2026-05-08,7,1,0
R01,SKU-1182,2026-05-09,5,0,0
R01,SKU-1182,05/10/2026,4,0,0
R01,SKU-1182,2026-05-11,3,1,0
R01,SKU-1182,2026-05-12,8,1,0
R01,SKU-1182,2026-05-13,4,0,0
R01,SKU-1182,05/14/2026,6,0,1
R01,SKU-1182,2026-05-15,6,0,0
R01,SKU-1182,2026-05-16,6,0,0
R01,SKU-1182,17-May-26,4,0,0
R01,SKU-1182,2026-05-18,10,1,0
R01,SKU-1182,2026-05-19,6,0,0
R01,SKU-1182,20-May-26,4,2,0
R01,SKU-1182,2026-05-21,5,1,0
R01,SKU-1182,2026-05-22,3,0,0
R01,SKU-1182,2026-05-23,4,1,0
R01,SKU-1182,05/24/2026,7,0,0
R01,SKU-1182,05/25/2026,6,1,0
R01,SKU-1182,05/26/2026,5,0,1
R01,SKU-1182,2026-05-27,8,1,1
R01,SKU-1182,05/28/2026,4,0,0
R01,SKU-1182,2026-05-29,8,0,0
R01,SKU-1182,05/30/2026,4,2,0
R01,SKU-1182,05/31/2026,0,0,0
R01,SKU-1007,2026-05-01,27,0,0
R01,SKU-1007,02-May-26,36,0,0
R01,SKU-1007,2026-05-03,37,1,1
R01,SKU-1007,05/04/2026,30,1,1
R01,SKU-1007,05-May-26,26,0,0
R01,SKU-1007,2026-05-06,37,1,0
R01,SKU-1007,05/07/2026,28,0,0
R01,SKU-1007,2026-05-08,27,0,0
R01,SKU-1007,05/09/2026,31,0,0
R01,SKU-1007,2026-05-10,24,0,0
R01,SKU-1007,05/11/2026,24,1,0
R01,SKU-1007,05/12/2026,30,0,0
R01,SKU-1007,2026-05-13,24,0,0
R01,SKU-1007,05/14/2026,33,1,0
R01,SKU-1007,2026-05-15,33,0,0
R01,SKU-1007,2026-05-16,28,1,0
R01,SKU-1007,17-May-26,36,3,0
R01,SKU-1007,18-May-26,21,0,0
R01,SKU-1007,2026-05-19,29,0,1
R01,SKU-1007,2026-05-20,30,0,0
R01,SKU-1007,05/21/2026,36,0,0
R01,SKU-1007,2026-05-22,35,0,0
R01,SKU-1007,05/23/2026,37,0,0
R01,SKU-1007,2026-05-24,40,1,0
R01,SKU-1007,2026-05-25,29,0,0
R01,SKU-1007,2026-05-26,43,1,0
R01,SKU-1007,2026-05-27,36,0,0
R01,SKU-1007,05/28/2026,21,0,0
R01,SKU-1007,2026-05-29,30,0,0
R01,SKU-1007,2026-05-30,38,1,0
R01,SKU-1007,2026-05-31,40,0,0
R01,SKU-1070,2026-05-01,11,0,0
R01,SKU-1070,02-May-26,15,0,0
R01,SKU-1070,05/03/2026,15,1,1
R01,SKU-1070,05/04/2026,10,0,0
R01,SKU-1070,2026-05-05,9,0,0
R01,SKU-1070,2026-05-06,10,2,0
R01,SKU-1070,2026-05-07,11,0,0
R01,SKU-1070,08-May-26,10,0,0
R01,SKU-1070,05/09/2026,9,0,0
R01,SKU-1070,2026-05-10,14,0,0
R01,SKU-1070,2026-05-11,13,1,0
R01,SKU-1070,05/12/2026,16,1,0
R01,SKU-1070,05/13/2026,7,0,0
R01,SKU-1070,2026-05-14,10,0,0
R01,SKU-1070,2026-05-15,11,0,0
R01,SKU-1070,16-May-26,11,0,0
R01,SKU-1070,2026-05-17,12,1,0
R01,SKU-1070,05/18/2026,11,0,0
R01,SKU-1070,19-May-26,8,0,0
R01,SKU-1070,2026-05-20,11,0,0
R01,SKU-1070,2026-05-21,16,1,0
R01,SKU-1070,22-May-26,17,0,0
R01,SKU-1070,2026-05-23,10,0,0
R01,SKU-1070,05/24/2026,10,0,1
R01,SKU-1070,2026-05-25,13,1,0
R01,SKU-1070,2026-05-26,12,0,1
R01,SKU-1070,2026-05-27,20,2,0
R01,SKU-1070,28-May-26,17,0,0
R01,SKU-1070,05/29/2026,15,1,0
R01,SKU-1070,05/30/2026,11,2,0
R01,SKU-1070,2026-05-31,14,1,0
R01,SKU-1238,2026-05-01,15,0,0
R01,SKU-1238,2026-05-02,21,1,1
R01,SKU-1238,03-May-26,18,0,0
R01,SKU-1238,2026-05-04,21,3,0
R01,SKU-1238,2026-05-05,20,1,0
R01,SKU-1238,2026-05-06,16,0,0
R01,SKU-1238,2026-05-07,19,1,0
R01,SKU-1238,2026-05-08,19,0,0
R01,SKU-1238,2026-05-09,27,0,0
R01,SKU-1238,2026-05-10,18,1,0
R01,SKU-1238,2026-05-11,15,1,0
R01,SKU-1238,2026-05-12,14,1,0
R01,SKU-1238,2026-05-13,22,0,0
R01,SKU-1238,05/14/2026,28,1,0
R01,SKU-1238,05/15/2026,15,0,0
R01,SKU-1238,05/16/2026,19,0,0
R01,SKU-1238,2026-05-17,20,0,0
R01,SKU-1238,18-May-26,17,0,0
R01,SKU-1238,2026-05-19,20,1,0
R01,SKU-1238,05/20/2026,18,0,0
R01,SKU-1238,05/21/2026,19,1,0
R01,SKU-1238,2026-05-22,15,0,0
R01,SKU-1238,2026-05-23,22,0,0
R01,SKU-1238,05/24/2026,12,0,0
R01,SKU-1238,2026-05-25,28,1,0
R01,SKU-1238,2026-05-26,15,0,1
R01,SKU-1238,2026-05-27,14,0,1
R01,SKU-1238,05/28/2026,15,0,0
R01,SKU-1238,2026-05-29,14,0,0
R01,SKU-1238,30-May-26,19,1,0
R01,SKU-1238,2026-05-31,18,0,0
R01,SKU-1154,05/01/2026,22,0,0
R01,SKU-1154,05/02/2026,20,1,0
R01,SKU-1154,2026-05-03,24,0,0
R01,SKU-1154,05/04/2026,24,2,0
R01,SKU-1154,05/05/2026,24,0,0
R01,SKU-1154,05/06/2026,13,1,0
R01,SKU-1154,05/07/2026,14,0,0
R01,SKU-1154,05/08/2026,17,0,0
R01,SKU-1154,2026-05-09,20,1,0
R01,SKU-1154,05/10/2026,23,0,0
R01,SKU-1154,05/11/2026,13,2,0
R01,SKU-1154,2026-05-12,22,0,0
R01,SKU-1154,2026-05-13,19,1,0
R01,SKU-1154,2026-05-14,20,0,0
R01,SKU-1154,2026-05-15,22,1,0
R01,SKU-1154,2026-05-16,23,1,0
R01,SKU-1154,2026-05-17,17,1,0
R01,SKU-1154,2026-05-18,20,0,0
R01,SKU-1154,19-May-26,13,0,0
R01,SKU-1154,2026-05-20,23,0,1
R01,SKU-1154,2026-05-21,12,0,0
R01,SKU-1154,22-May-26,18,1,0
R01,SKU-1154,05/23/2026,20,1,1
R01,SKU-1154,05/24/2026,21,1,0
R01,SKU-1154,05/25/2026,19,0,0
R01,SKU-1154,2026-05-26,24,0,0
R01,SKU-1154,2026-05-27,14,0,0
R01,SKU-1154,05/28/2026,25,2,1
R01,SKU-1154,05/29/2026,18,1,0
R01,SKU-1154,2026-05-30,22,0,1
R01,SKU-1154,2026-05-31,19,0,0
R01,SKU-1273,2026-05-01,24,0,0
R01,SKU-1273,2026-05-02,29,0,0
R01,SKU-1273,2026-05-03,25,0,0
R01,SKU-1273,2026-05-04,29,1,0
R01,SKU-1273,05/05/2026,20,1,0
R01,SKU-1273,05/06/2026,27,1,0
R01,SKU-1273,07-May-26,34,0,0
R01,SKU-1273,05/08/2026,23,0,1
R01,SKU-1273,09-May-26,24,0,0
R01,SKU-1273,05/10/2026,23,1,0
R01,SKU-1273,2026-05-11,26,0,0
R01,SKU-1273,2026-05-12,35,1,0
R01,SKU-1273,2026-05-13,27,1,0
R01,SKU-1273,2026-05-14,33,0,0
R01,SKU-1273,2026-05-15,26,1,0
R01,SKU-1273,2026-05-16,32,1,0
R01,SKU-1273,2026-05-17,32,0,0
R01,SKU-1273,2026-05-18,38,0,0
R01,SKU-1273,2026-05-19,32,1,1
R01,SKU-1273,2026-05-20,40,1,0
R01,SKU-1273,05/21/2026,18,0,0
R01,SKU-1273,2026-05-22,20,0,1
R01,SKU-1273,2026-05-23,37,0,0
R01,SKU-1273,05/24/2026,31,0,0
R01,SKU-1273,05/25/2026,26,0,0
R01,SKU-1273,2026-05-26,21,0,0
R01,SKU-1273,2026-05-27,29,0,0
R01,SKU-1273,2026-05-28,21,0,0
R01,SKU-1273,2026-05-29,30,2,0
R01,SKU-1273,2026-05-30,20,1,0
R01,SKU-1273,2026-05-31,26,1,0
R02,SKU-1119,2026-05-01,3,0,1
R02,SKU-1119,2026-05-02,5,0,0
R02,SKU-1119,2026-05-03,2,0,0
R02,SKU-1119,2026-05-04,2,1,0
R02,SKU-1119,2026-05-05,2,0,0
R02,SKU-1119,2026-05-06,3,0,0
R02,SKU-1119,2026-05-07,3,0,0
R02,SKU-1119,2026-05-08,3,0,0
R02,SKU-1119,2026-05-09,3,0,0
R02,SKU-1119,10-May-26,1,1,0
R02,SKU-1119,2026-05-11,3,0,0
R02,SKU-1119,05/12/2026,1,1,0
R02,SKU-1119,13-May-26,5,3,0
R02,SKU-1119,2026-05-14,2,2,0
R02,SKU-1119,2026-05-15,4,0,0
R02,SKU-1119,2026-05-16,6,0,0
R02,SKU-1119,2026-05-17,1,0,0
R02,SKU-1119,2026-05-18,5,0,0
R02,SKU-1119,19-May-26,2,0,0
R02,SKU-1119,2026-05-20,3,0,0
R02,SKU-1119,2026-05-21,2,1,0
R02,SKU-1119,2026-05-22,5,0,0
R02,SKU-1119,05/23/2026,6,1,0
R02,SKU-1119,05/24/2026,4,0,0
R02,SKU-1119,2026-05-25,4,2,0
R02,SKU-1119,2026-05-26,1,3,0
R02,SKU-1119,2026-05-27,8,1,1
R02,SKU-1119,2026-05-28,7,2,0
R02,SKU-1119,2026-05-29,4,2,0
R02,SKU-1119,2026-05-30,7,0,0
R02,SKU-1119,05/31/2026,2,1,0
R02,SKU-1252,2026-05-01,30,0,0
R02,SKU-1252,2026-05-02,38,1,0
R02,SKU-1252,2026-05-03,38,0,0
R02,SKU-1252,05/04/2026,34,0,0
R02,SKU-1252,2026-05-05,37,0,0
R02,SKU-1252,2026-05-06,28,0,1
R02,SKU-1252,05/07/2026,26,0,0
R02,SKU-1252,2026-05-08,33,3,1
R02,SKU-1252,05/09/2026,31,0,0
R02,SKU-1252,05/10/2026,35,0,0
R02,SKU-1252,2026-05-11,26,0,0
R02,SKU-1252,12-May-26,30,0,0
R02,SKU-1252,2026-05-13,24,0,0
R02,SKU-1252,05/14/2026,33,0,0
R02,SKU-1252,2026-05-15,29,0,0
R02,SKU-1252,16-May-26,31,2,0
R02,SKU-1252,2026-05-17,28,1,0
R02,SKU-1252,18-May-26,23,0,0
R02,SKU-1252,2026-05-19,37,0,0
R02,SKU-1252,05/20/2026,31,1,0
R02,SKU-1252,2026-05-21,32,0,0
R02,SKU-1252,2026-05-22,30,1,0
R02,SKU-1252,05/23/2026,37,0,0
R02,SKU-1252,24-May-26,31,1,0
R02,SKU-1252,2026-05-25,32,1,0
R02,SKU-1252,2026-05-26,33,0,0
R02,SKU-1252,2026-05-27,37,0,1
R02,SKU-1252,2026-05-28,37,0,1
R02,SKU-1252,2026-05-29,30,0,0
R02,SKU-1252,2026-05-30,28,0,0
R02,SKU-1252,2026-05-31,17,0,0
R02,SKU-1238,05/01/2026,16,0,0
R02,SKU-1238,02-May-26,18,0,1
R02,SKU-1238,2026-05-03,18,1,0
R02,SKU-1238,2026-05-04,23,1,0
R02,SKU-1238,2026-05-05,17,0,0
R02,SKU-1238,06-May-26,18,3,0
R02,SKU-1238,05/07/2026,20,2,0
R02,SKU-1238,2026-05-08,22,0,1
R02,SKU-1238,2026-05-09,15,0,0
R02,SKU-1238,05/10/2026,22,1,0
R02,SKU-1238,2026-05-11,16,0,0
R02,SKU-1238,12-May-26,13,0,0
R02,SKU-1238,2026-05-13,24,0,0
R02,SKU-1238,2026-05-14,23,0,0
R02,SKU-1238,2026-05-15,17,1,0
R02,SKU-1238,05/16/2026,25,1,0
R02,SKU-1238,2026-05-17,18,0,0
R02,SKU-1238,2026-05-18,21,0,0
R02,SKU-1238,2026-05-19,21,0,0
R02,SKU-1238,05/20/2026,12,0,0
R02,SKU-1238,05/21/2026,25,1,0
R02,SKU-1238,05/22/2026,17,0,0
R02,SKU-1238,2026-05-23,12,1,0
R02,SKU-1238,05/24/2026,17,1,0
R02,SKU-1238,2026-05-25,14,0,0
R02,SKU-1238,26-May-26,26,2,1
R02,SKU-1238,2026-05-27,19,0,0
R02,SKU-1238,2026-05-28,9,0,0
R02,SKU-1238,2026-05-29,16,0,0
R02,SKU-1238,05/30/2026,18,0,1
R02,SKU-1238,2026-05-31,15,0,0
R02,SKU-1161,2026-05-01,20,0,0
R02,SKU-1161,2026-05-02,16,2,0
R02,SKU-1161,05/03/2026,16,0,0
R02,SKU-1161,05/04/2026,18,0,0
R02,SKU-1161,05-May-26,13,0,0
R02,SKU-1161,2026-05-06,14,1,0
R02,SKU-1161,07-May-26,16,0,0
R02,SKU-1161,2026-05-08,9,0,1
R02,SKU-1161,2026-05-09,13,1,0
R02,SKU-1161,10-May-26,14,0,0
R02,SKU-1161,2026-05-11,17,0,0
R02,SKU-1161,2026-05-12,16,0,1
R02,SKU-1161,2026-05-13,9,1,0
R02,SKU-1161,05/14/2026,17,0,0
R02,SKU-1161,2026-05-15,11,1,0
R02,SKU-1161,05/16/2026,18,0,0
R02,SKU-1161,2026-05-17,16,0,0
R02,SKU-1161,2026-05-18,15,0,0
R02,SKU-1161,2026-05-19,15,1,0
R02,SKU-1161,20-May-26,19,0,0
R02,SKU-1161,05/21/2026,10,0,0
R02,SKU-1161,2026-05-22,20,0,0
R02,SKU-1161,2026-05-23,15,0,0
R02,SKU-1161,2026-05-24,22,0,0
R02,SKU-1161,05/25/2026,15,0,0
R02,SKU-1161,2026-05-26,24,0,0
R02,SKU-1161,2026-05-27,15,0,0
R02,SKU-1161,2026-05-28,17,1,0
R02,SKU-1161,05/29/2026,10,0,0
R02,SKU-1161,2026-05-30,15,0,0
R02,SKU-1161,2026-05-31,18,0,0
R02,SKU-1224,01-May-26,31,1,0
R02,SKU-1224,2026-05-02,35,0,0
R02,SKU-1224,05/03/2026,26,0,0
R02,SKU-1224,2026-05-04,32,1,0
R02,SKU-1224,2026-05-05,31,0,1
R02,SKU-1224,2026-05-06,31,0,0
R02,SKU-1224,2026-05-07,37,1,0
R02,SKU-1224,2026-05-08,32,0,0
R02,SKU-1224,2026-05-09,30,1,1
R02,SKU-1224,2026-05-10,32,1,0
R02,SKU-1224,11-May-26,42,2,0
R02,SKU-1224,12-May-26,30,0,0
R02,SKU-1224,13-May-26,38,0,0
R02,SKU-1224,2026-05-14,45,1,0
R02,SKU-1224,05/15/2026,26,0,0
R02,SKU-1224,2026-05-16,36,0,1
R02,SKU-1224,17-May-26,28,0,0
R02,SKU-1224,05/18/2026,32,0,0
R02,SKU-1224,2026-05-19,27,0,1
R02,SKU-1224,2026-05-20,34,0,0
R02,SKU-1224,05/21/2026,32,1,0
R02,SKU-1224,2026-05-22,23,1,0
R02,SKU-1224,2026-05-23,38,1,0
R02,SKU-1224,05/24/2026,34,0,1
R02,SKU-1224,2026-05-25,39,0,1
R02,SKU-1224,2026-05-26,33,0,0
R02,SKU-1224,2026-05-27,39,2,0
R02,SKU-1224,28-May-26,48,0,0
R02,SKU-1224,2026-05-29,25,0,1
R02,SKU-1224,2026-05-30,36,0,0
R02,SKU-1224,31-May-26,40,1,0
R02,SKU-1084,05/01/2026,13,0,0
R02,SKU-1084,05/02/2026,13,0,0
R02,SKU-1084,2026-05-03,16,0,0
R02,SKU-1084,2026-05-04,12,1,0
R02,SKU-1084,05-May-26,13,0,1
R02,SKU-1084,2026-05-06,15,0,0
R02,SKU-1084,2026-05-07,14,0,0
R02,SKU-1084,2026-05-08,9,0,0
R02,SKU-1084,2026-05-09,17,1,0
R02,SKU-1084,10-May-26,21,1,0
R02,SKU-1084,2026-05-11,15,0,0
R02,SKU-1084,2026-05-12,17,2,1
R02,SKU-1084,13-May-26,16,3,0
R02,SKU-1084,2026-05-14,21,0,0
R02,SKU-1084,2026-05-15,23,1,0
R02,SKU-1084,2026-05-16,15,1,0
R02,SKU-1084,2026-05-17,18,0,1
R02,SKU-1084,2026-05-18,20,0,1
R02,SKU-1084,2026-05-19,10,0,1
R02,SKU-1084,2026-05-20,24,1,0
R02,SKU-1084,2026-05-21,13,1,0
R02,SKU-1084,2026-05-22,23,1,1
R02,SKU-1084,2026-05-23,11,1,1
R02,SKU-1084,2026-05-24,21,0,0
R02,SKU-1084,05/25/2026,12,2,0
R02,SKU-1084,2026-05-26,22,0,0
R02,SKU-1084,2026-05-27,20,0,0
R02,SKU-1084,05/28/2026,12,1,0
R02,SKU-1084,2026-05-29,11,1,0
R02,SKU-1084,2026-05-30,10,0,0
R02,SKU-1084,2026-05-31,11,0,0
R02,SKU-1028,05/01/2026,45,0,0
R02,SKU-1028,2026-05-02,38,1,0
R02,SKU-1028,2026-05-03,32,0,0
R02,SKU-1028,2026-05-04,43,0,0
R02,SKU-1028,2026-05-05,29,0,0
R02,SKU-1028,2026-05-06,26,0,0
R02,SKU-1028,07-May-26,35,0,0
R02,SKU-1028,2026-05-08,25,1,0
R02,SKU-1028,2026-05-09,41,0,0
R02,SKU-1028,2026-05-10,21,1,0
R02,SKU-1028,2026-05-11,32,2,0
R02,SKU-1028,2026-05-12,33,1,1
R02,SKU-1028,2026-05-13,42,0,0
R02,SKU-1028,05/14/2026,32,0,1
R02,SKU-1028,2026-05-15,29,1,1
R02,SKU-1028,2026-05-16,29,0,0
R02,SKU-1028,2026-05-17,43,0,0
R02,SKU-1028,2026-05-18,40,0,0
R02,SKU-1028,19-May-26,31,1,0
R02,SKU-1028,20-May-26,36,0,0
R02,SKU-1028,2026-05-21,36,0,0
R02,SKU-1028,2026-05-22,32,0,0
R02,SKU-1028,05/23/2026,31,0,0
R02,SKU-1028,2026-05-24,40,1,0
R02,SKU-1028,2026-05-25,23,1,0
R02,SKU-1028,2026-05-26,30,1,1
R02,SKU-1028,2026-05-27,27,0,0
R02,SKU-1028,05/28/2026,28,0,0
R02,SKU-1028,2026-05-29,38,1,0
R02,SKU-1028,30-May-26,31,0,0
R02,SKU-1028,2026-05-31,32,0,0
R02,SKU-1140,2026-05-01,20,0,1
R02,SKU-1140,05/02/2026,21,0,0
R02,SKU-1140,05/03/2026,17,0,0
R02,SKU-1140,2026-05-04,17,1,1
R02,SKU-1140,2026-05-05,23,0,0
R02,SKU-1140,2026-05-06,21,1,0
R02,SKU-1140,2026-05-07,18,2,0
R02,SKU-1140,2026-05-08,18,0,0
R02,SKU-1140,2026-05-09,24,1,0
R02,SKU-1140,05/10/2026,19,0,0
R02,SKU-1140,05/11/2026,16,0,0
R02,SKU-1140,05/12/2026,18,0,0
R02,SKU-1140,2026-05-13,16,0,0
R02,SKU-1140,2026-05-14,26,0,0
R02,SKU-1140,2026-05-15,21,0,0
R02,SKU-1140,2026-05-16,23,0,0
R02,SKU-1140,2026-05-17,20,0,0
R02,SKU-1140,2026-05-18,30,1,0
R02,SKU-1140,19-May-26,19,1,1
R02,SKU-1140,05/20/2026,14,1,0
R02,SKU-1140,2026-05-21,30,1,0
R02,SKU-1140,22-May-26,25,0,0
R02,SKU-1140,2026-05-23,18,0,0
R02,SKU-1140,24-May-26,24,0,0
R02,SKU-1140,2026-05-25,21,0,0
R02,SKU-1140,26-May-26,19,2,0
R02,SKU-1140,05/27/2026,14,0,0
R02,SKU-1140,2026-05-28,18,1,0
R02,SKU-1140,05/29/2026,21,0,0
R02,SKU-1140,2026-05-30,22,0,0
R02,SKU-1140,2026-05-31,24,0,0
R02,SKU-1217,05/01/2026,16,0,1
R02,SKU-1217,2026-05-02,16,0,0
R02,SKU-1217,2026-05-03,15,1,0
R02,SKU-1217,2026-05-04,15,0,0
R02,SKU-1217,05/05/2026,26,0,0
R02,SKU-1217,2026-05-06,18,0,0
R02,SKU-1217,05/07/2026,13,1,0
R02,SKU-1217,2026-05-08,25,1,0
R02,SKU-1217,09-May-26,22,0,0
R02,SKU-1217,2026-05-10,16,0,0
R02,SKU-1217,05/11/2026,22,1,1
R02,SKU-1217,05/12/2026,16,2,0
R02,SKU-1217,2026-05-13,15,0,1
R02,SKU-1217,14-May-26,21,1,0
R02,SKU-1217,2026-05-15,25,0,0
R02,SKU-1217,2026-05-16,27,0,0
R02,SKU-1217,2026-05-17,21,1,0
R02,SKU-1217,05/18/2026,19,0,0
R02,SKU-1217,05/19/2026,22,0,0
R02,SKU-1217,05/20/2026,12,0,1
R02,SKU-1217,2026-05-21,18,0,0
R02,SKU-1217,22-May-26,23,0,0
R02,SKU-1217,2026-05-23,25,0,0
R02,SKU-1217,05/24/2026,22,0,0
R02,SKU-1217,05/25/2026,18,1,0
R02,SKU-1217,26-May-26,10,0,0
R02,SKU-1217,2026-05-27,24,0,0
R02,SKU-1217,05/28/2026,24,2,0
R02,SKU-1217,2026-05-29,18,0,0
R02,SKU-1217,30-May-26,18,0,0
R02,SKU-1217,2026-05-31,29,1,0
R02,SKU-1112,2026-05-01,19,1,0
R02,SKU-1112,02-May-26,14,0,1
R02,SKU-1112,05/03/2026,21,0,0
R02,SKU-1112,04-May-26,13,1,1
R02,SKU-1112,05/05/2026,12,0,0
R02,SKU-1112,2026-05-06,11,0,0
R02,SKU-1112,2026-05-07,14,0,0
R02,SKU-1112,2026-05-08,12,0,0
R02,SKU-1112,2026-05-09,14,1,1
R02,SKU-1112,10-May-26,12,0,1
R02,SKU-1112,2026-05-11,18,1,0
R02,SKU-1112,12-May-26,19,0,0
R02,SKU-1112,2026-05-13,16,1,0
R02,SKU-1112,05/14/2026,14,0,0
R02,SKU-1112,05/15/2026,18,0,0
R02,SKU-1112,2026-05-16,13,0,0
R02,SKU-1112,05/17/2026,22,0,0
R02,SKU-1112,2026-05-18,19,0,0
R02,SKU-1112,05/19/2026,18,0,0
R02,SKU-1112,20-May-26,16,0,0
R02,SKU-1112,2026-05-21,11,0,0
R02,SKU-1112,22-May-26,19,1,0
R02,SKU-1112,2026-05-23,19,0,0
R02,SKU-1112,2026-05-24,12,0,0
R02,SKU-1112,2026-05-25,20,0,0
R02,SKU-1112,2026-05-26,9,1,0
R02,SKU-1112,05/27/2026,16,0,0
R02,SKU-1112,2026-05-28,12,1,0
R02,SKU-1112,2026-05-29,25,0,0
R02,SKU-1112,2026-05-30,14,2,0
R02,SKU-1112,2026-05-31,14,1,0
R02,SKU-1245,2026-05-01,14,0,0
R02,SKU-1245,05/02/2026,5,1,0
R02,SKU-1245,03-May-26,4,1,0
R02,SKU-1245,2026-05-04,6,0,0
R02,SKU-1245,05-May-26,11,0,0
R02,SKU-1245,05/06/2026,9,0,0
R02,SKU-1245,2026-05-07,7,1,0
R02,SKU-1245,08-May-26,9,0,0
R02,SKU-1245,09-May-26,5,0,0
R02,SKU-1245,2026-05-10,7,1,0
R02,SKU-1245,2026-05-11,8,0,0
R02,SKU-1245,2026-05-12,10,0,0
R02,SKU-1245,2026-05-13,7,1,0
R02,SKU-1245,2026-05-14,9,0,0
R02,SKU-1245,05/15/2026,7,0,1
R02,SKU-1245,2026-05-16,5,0,1
R02,SKU-1245,05/17/2026,9,0,0
R02,SKU-1245,2026-05-18,12,1,0
R02,SKU-1245,19-May-26,8,1,0
R02,SKU-1245,05/20/2026,10,0,0
R02,SKU-1245,21-May-26,8,1,0
R02,SKU-1245,2026-05-22,9,0,0
R02,SKU-1245,2026-05-23,10,0,0
R02,SKU-1245,05/24/2026,6,0,0
R02,SKU-1245,05/25/2026,3,0,0
R02,SKU-1245,2026-05-26,12,0,0
R02,SKU-1245,2026-05-27,12,2,0
R02,SKU-1245,2026-05-28,10,0,0
R02,SKU-1245,2026-05-29,5,0,0
R02,SKU-1245,2026-05-30,5,0,0
R02,SKU-1245,05/31/2026,11,0,0
R02,SKU-1210,2026-05-01,13,0,0
R02,SKU-1210,2026-05-02,15,0,0
R02,SKU-1210,2026-05-03,13,0,1
R02,SKU-1210,05/04/2026,11,1,0
R02,SKU-1210,2026-05-05,12,1,0
R02,SKU-1210,2026-05-06,15,1,0
R02,SKU-1210,07-May-26,16,0,0
R02,SKU-1210,05/08/2026,8,1,0
R02,SKU-1210,09-May-26,9,0,0
R02,SKU-1210,2026-05-10,9,0,0
R02,SKU-1210,2026-05-11,19,0,0
R02,SKU-1210,2026-05-12,18,0,0
R02,SKU-1210,13-May-26,15,0,0
R02,SKU-1210,05/14/2026,14,0,0
R02,SKU-1210,05/15/2026,11,1,0
R02,SKU-1210,2026-05-16,7,2,0
R02,SKU-1210,2026-05-17,13,0,0
R02,SKU-1210,2026-05-18,16,0,0
R02,SKU-1210,2026-05-19,6,0,0
R02,SKU-1210,2026-05-20,13,0,0
R02,SKU-1210,21-May-26,16,1,1
R02,SKU-1210,2026-05-22,13,4,0
R02,SKU-1210,23-May-26,15,0,1
R02,SKU-1210,2026-05-24,14,0,1
R02,SKU-1210,2026-05-25,12,0,0
R02,SKU-1210,05/26/2026,19,0,0
R02,SKU-1210,27-May-26,19,0,0
R02,SKU-1210,2026-05-28,12,0,1
R02,SKU-1210,2026-05-29,11,1,0
R02,SKU-1210,05/30/2026,12,0,0
R02,SKU-1210,31-May-26,15,0,0
R02,SKU-1063,05/01/2026,41,2,1
R02,SKU-1063,05/02/2026,30,0,0
R02,SKU-1063,2026-05-03,34,1,0
R02,SKU-1063,04-May-26,28,1,1
R02,SKU-1063,2026-05-05,33,0,0
R02,SKU-1063,06-May-26,28,0,0
R02,SKU-1063,2026-05-07,33,0,0
R02,SKU-1063,05/08/2026,28,0,0
R02,SKU-1063,2026-05-09,33,0,0
R02,SKU-1063,2026-05-10,35,0,0
R02,SKU-1063,05/11/2026,43,0,0
R02,SKU-1063,05/12/2026,27,0,0
R02,SKU-1063,2026-05-13,29,0,0
R02,SKU-1063,2026-05-14,32,0,0
R02,SKU-1063,15-May-26,33,1,0
R02,SKU-1063,2026-05-16,23,0,0
R02,SKU-1063,2026-05-17,39,0,0
R02,SKU-1063,05/18/2026,35,0,1
R02,SKU-1063,05/19/2026,48,1,0
R02,SKU-1063,2026-05-20,34,1,0
R02,SKU-1063,2026-05-21,28,1,0
R02,SKU-1063,2026-05-22,29,1,0
R02,SKU-1063,2026-05-23,31,0,0
R02,SKU-1063,2026-05-24,34,0,0
R02,SKU-1063,2026-05-25,36,0,0
R02,SKU-1063,05/26/2026,32,0,0
R02,SKU-1063,2026-05-27,27,0,0
R02,SKU-1063,05/28/2026,28,0,0
R02,SKU-1063,05/29/2026,41,1,0
R02,SKU-1063,2026-05-30,27,0,0
R02,SKU-1063,2026-05-31,35,1,0
R02,SKU-1203,2026-05-01,25,0,0
R02,SKU-1203,2026-05-02,13,0,0
R02,SKU-1203,05/03/2026,31,0,1
R02,SKU-1203,2026-05-04,27,0,0
R02,SKU-1203,05/05/2026,29,1,0
R02,SKU-1203,2026-05-06,20,1,0
R02,SKU-1203,05/07/2026,29,0,0
R02,SKU-1203,05/08/2026,19,1,0
R02,SKU-1203,09-May-26,24,0,0
R02,SKU-1203,10-May-26,22,0,0
R02,SKU-1203,2026-05-11,25,0,0
R02,SKU-1203,2026-05-12,20,0,0
R02,SKU-1203,05/13/2026,21,1,1
R02,SKU-1203,05/14/2026,21,0,1
R02,SKU-1203,2026-05-15,21,0,0
R02,SKU-1203,05/16/2026,18,0,0
R02,SKU-1203,17-May-26,16,1,0
R02,SKU-1203,18-May-26,25,1,0
R02,SKU-1203,2026-05-19,24,0,0
R02,SKU-1203,2026-05-20,22,1,0
R02,SKU-1203,2026-05-21,22,0,0
R02,SKU-1203,2026-05-22,21,1,0
R02,SKU-1203,2026-05-23,21,2,0
R02,SKU-1203,2026-05-24,30,1,0
R02,SKU-1203,25-May-26,23,0,0
R02,SKU-1203,26-May-26,21,0,1
R02,SKU-1203,2026-05-27,19,0,0
R02,SKU-1203,28-May-26,23,1,1
R02,SKU-1203,2026-05-29,22,0,1
R02,SKU-1203,2026-05-30,22,0,0
R02,SKU-1203,2026-05-31,31,1,0
R02,SKU-1021,2026-05-01,25,0,1
R02,SKU-1021,02-May-26,23,1,1
R02,SKU-1021,2026-05-03,30,2,1
R02,SKU-1021,2026-05-04,26,0,0
R02,SKU-1021,2026-05-05,30,0,0
R02,SKU-1021,2026-05-06,28,0,0
R02,SKU-1021,2026-05-07,36,0,0
R02,SKU-1021,05/08/2026,26,0,0
R02,SKU-1021,2026-05-09,27,1,0
R02,SKU-1021,05/10/2026,35,0,0
R02,SKU-1021,2026-05-11,31,1,0
R02,SKU-1021,2026-05-12,23,0,1
R02,SKU-1021,2026-05-13,31,0,0
R02,SKU-1021,2026-05-14,23,1,0
R02,SKU-1021,15-May-26,20,1,0
R02,SKU-1021,2026-05-16,31,2,0
R02,SKU-1021,05/17/2026,25,1,0
R02,SKU-1021,2026-05-18,30,0,1
R02,SKU-1021,05/19/2026,26,2,0
R02,SKU-1021,05/20/2026,27,1,0
R02,SKU-1021,21-May-26,21,0,0
R02,SKU-1021,22-May-26,24,0,1
R02,SKU-1021,2026-05-23,18,1,0
R02,SKU-1021,05/24/2026,16,0,0
R02,SKU-1021,2026-05-25,32,0,0
R02,SKU-1021,05/26/2026,29,0,0
R02,SKU-1021,2026-05-27,29,1,0
R02,SKU-1021,28-May-26,20,0,0
R02,SKU-1021,29-May-26,24,2,0
R02,SKU-1021,2026-05-30,33,2,0
R02,SKU-1021,05/31/2026,26,0,0
R02,SKU-1189,05/01/2026,24,0,0
R02,SKU-1189,02-May-26,15,0,0
R02,SKU-1189,2026-05-03,18,2,0
R02,SKU-1189,2026-05-04,20,0,0
R02,SKU-1189,2026-05-05,16,1,0
R02,SKU-1189,05/06/2026,19,0,0
R02,SKU-1189,05/07/2026,23,0,0
R02,SKU-1189,2026-05-08,18,0,0
R02,SKU-1189,2026-05-09,30,0,0
R02,SKU-1189,2026-05-10,20,1,0
R02,SKU-1189,11-May-26,17,0,0
R02,SKU-1189,12-May-26,27,1,0
R02,SKU-1189,2026-05-13,17,0,0
R02,SKU-1189,2026-05-14,15,0,0
R02,SKU-1189,2026-05-15,17,1,0
R02,SKU-1189,16-May-26,20,1,0
R02,SKU-1189,17-May-26,15,0,0
R02,SKU-1189,2026-05-18,19,1,0
R02,SKU-1189,19-May-26,16,0,1
R02,SKU-1189,2026-05-20,15,0,0
R02,SKU-1189,2026-05-21,15,1,0
R02,SKU-1189,2026-05-22,24,2,0
R02,SKU-1189,2026-05-23,17,1,0
R02,SKU-1189,05/24/2026,15,0,0
R02,SKU-1189,2026-05-25,22,1,0
R02,SKU-1189,26-May-26,25,1,0
R02,SKU-1189,27-May-26,13,1,0
R02,SKU-1189,2026-05-28,14,0,1
R02,SKU-1189,29-May-26,25,0,0
R02,SKU-1189,2026-05-30,22,0,0
R02,SKU-1189,2026-05-31,21,0,0
R02,SKU-1175,2026-05-01,25,1,0
R02,SKU-1175,2026-05-02,19,0,0
R02,SKU-1175,2026-05-03,29,0,0
R02,SKU-1175,2026-05-04,15,1,0
R02,SKU-1175,05-May-26,25,1,0
R02,SKU-1175,05/06/2026,27,0,0
R02,SKU-1175,2026-05-07,20,0,0
R02,SKU-1175,2026-05-08,28,1,0
R02,SKU-1175,2026-05-09,24,1,0
R02,SKU-1175,05/10/2026,21,1,0
R02,SKU-1175,2026-05-11,26,0,0
R02,SKU-1175,05/12/2026,20,0,0
R02,SKU-1175,2026-05-13,25,1,0
R02,SKU-1175,05/14/2026,27,0,0
R02,SKU-1175,2026-05-15,25,0,1
R02,SKU-1175,2026-05-16,30,0,0
R02,SKU-1175,17-May-26,26,1,0
R02,SKU-1175,2026-05-18,24,1,0
R02,SKU-1175,2026-05-19,28,0,1
R02,SKU-1175,2026-05-20,26,1,0
R02,SKU-1175,2026-05-21,16,0,0
R02,SKU-1175,2026-05-22,23,0,0
R02,SKU-1175,23-May-26,27,0,1
R02,SKU-1175,24-May-26,22,1,0
R02,SKU-1175,2026-05-25,30,0,0
R02,SKU-1175,2026-05-26,29,2,0
R02,SKU-1175,05/27/2026,29,1,0
R02,SKU-1175,2026-05-28,20,0,0
R02,SKU-1175,05/29/2026,22,0,0
R02,SKU-1175,2026-05-30,26,0,0
R02,SKU-1175,31-May-26,30,1,0
R02,SKU-1042,05/01/2026,21,0,1
R02,SKU-1042,05/02/2026,27,1,0
R02,SKU-1042,2026-05-03,18,0,0
R02,SKU-1042,2026-05-04,28,1,0
R02,SKU-1042,05-May-26,20,0,0
R02,SKU-1042,2026-05-06,32,0,0
R02,SKU-1042,2026-05-07,18,0,0
R02,SKU-1042,2026-05-08,23,1,1
R02,SKU-1042,2026-05-09,22,2,1
R02,SKU-1042,10-May-26,34,1,0
R02,SKU-1042,05/11/2026,17,1,1
R02,SKU-1042,2026-05-12,23,0,0
R02,SKU-1042,2026-05-13,36,0,0
R02,SKU-1042,2026-05-14,35,0,0
R02,SKU-1042,2026-05-15,25,0,0
R02,SKU-1042,2026-05-16,27,1,1
R02,SKU-1042,2026-05-17,13,0,0
R02,SKU-1042,05/18/2026,23,1,0
R02,SKU-1042,19-May-26,17,2,0
R02,SKU-1042,20-May-26,31,0,0
R02,SKU-1042,05/21/2026,24,1,0
R02,SKU-1042,2026-05-22,16,1,0
R02,SKU-1042,2026-05-23,24,0,0
R02,SKU-1042,24-May-26,23,0,0
R02,SKU-1042,2026-05-25,19,0,0
R02,SKU-1042,2026-05-26,29,0,0
R02,SKU-1042,2026-05-27,21,1,0
R02,SKU-1042,2026-05-28,21,1,1
R02,SKU-1042,2026-05-29,21,0,0
R02,SKU-1042,05/30/2026,29,3,0
R02,SKU-1042,31-May-26,19,0,0
R02,SKU-1007,05/01/2026,16,0,1
R02,SKU-1007,2026-05-02,15,1,0
R02,SKU-1007,2026-05-03,19,1,0
R02,SKU-1007,2026-05-04,18,0,0
R02,SKU-1007,2026-05-05,18,0,0
R02,SKU-1007,05/06/2026,11,0,0
R02,SKU-1007,2026-05-07,13,3,0
R02,SKU-1007,2026-05-08,13,0,0
R02,SKU-1007,05/09/2026,16,2,1
R02,SKU-1007,05/10/2026,8,1,0
R02,SKU-1007,2026-05-11,17,0,1
R02,SKU-1007,2026-05-12,9,1,0
R02,SKU-1007,05/13/2026,10,0,1
R02,SKU-1007,05/14/2026,14,0,0
R02,SKU-1007,05/15/2026,10,1,1
R02,SKU-1007,05/16/2026,9,0,0
R02,SKU-1007,2026-05-17,20,0,1
R02,SKU-1007,18-May-26,19,0,1
R02,SKU-1007,19-May-26,14,0,1
R02,SKU-1007,20-May-26,17,0,0
R02,SKU-1007,05/21/2026,8,0,0
R02,SKU-1007,22-May-26,11,0,0
R02,SKU-1007,2026-05-23,16,0,0
R02,SKU-1007,2026-05-24,9,0,0
R02,SKU-1007,2026-05-25,11,0,0
R02,SKU-1007,26-May-26,20,0,0
R02,SKU-1007,05/27/2026,17,0,0
R02,SKU-1007,2026-05-28,18,0,0
R02,SKU-1007,2026-05-29,13,0,1
R02,SKU-1007,2026-05-30,14,0,0
R02,SKU-1007,2026-05-31,15,1,0
R02,SKU-1126,2026-05-01,28,0,0
R02,SKU-1126,2026-05-02,18,0,0
R02,SKU-1126,03-May-26,30,0,0
R02,SKU-1126,05/04/2026,29,0,0
R02,SKU-1126,2026-05-05,26,0,0
R02,SKU-1126,05/06/2026,25,0,0
R02,SKU-1126,2026-05-07,29,0,0
R02,SKU-1126,2026-05-08,24,0,0
R02,SKU-1126,2026-05-09,29,3,0
R02,SKU-1126,2026-05-10,26,0,0
R02,SKU-1126,05/11/2026,16,1,0
R02,SKU-1126,12-May-26,34,0,0
R02,SKU-1126,2026-05-13,29,0,0
R02,SKU-1126,14-May-26,26,0,1
R02,SKU-1126,15-May-26,19,1,0
R02,SKU-1126,2026-05-16,37,0,0
R02,SKU-1126,2026-05-17,32,1,0
R02,SKU-1126,2026-05-18,25,0,1
R02,SKU-1126,2026-05-19,33,0,0
R02,SKU-1126,20-May-26,30,1,0
R02,SKU-1126,2026-05-21,28,1,0
R02,SKU-1126,2026-05-22,31,0,0
R02,SKU-1126,2026-05-23,26,1,0
R02,SKU-1126,2026-05-24,28,0,1
R02,SKU-1126,2026-05-25,26,0,0
R02,SKU-1126,2026-05-26,20,0,0
R02,SKU-1126,05/27/2026,44,0,0
R02,SKU-1126,2026-05-28,23,0,0
R02,SKU-1126,2026-05-29,21,0,0
R02,SKU-1126,05/30/2026,26,0,0
R02,SKU-1126,2026-05-31,28,0,0
R02,SKU-1273,05/01/2026,24,1,0
R02,SKU-1273,05/02/2026,22,0,1
R02,SKU-1273,2026-05-03,29,1,0
R02,SKU-1273,2026-05-04,20,0,0
R02,SKU-1273,2026-05-05,15,0,0
R02,SKU-1273,2026-05-06,22,1,0
R02,SKU-1273,05/07/2026,15,4,0
R02,SKU-1273,2026-05-08,23,0,0
R02,SKU-1273,2026-05-09,25,1,0
R02,SKU-1273,2026-05-10,20,0,0
R02,SKU-1273,05/11/2026,25,0,0
R02,SKU-1273,2026-05-12,25,0,0
R02,SKU-1273,05/13/2026,24,0,0
R02,SKU-1273,05/14/2026,18,0,0
R02,SKU-1273,2026-05-15,17,1,1
R02,SKU-1273,05/16/2026,19,0,0
R02,SKU-1273,2026-05-17,23,0,0
R02,SKU-1273,18-May-26,27,1,0
R02,SKU-1273,2026-05-19,25,0,0
R02,SKU-1273,2026-05-20,22,0,0
R02,SKU-1273,2026-05-21,20,0,0
R02,SKU-1273,05/22/2026,23,0,0
R02,SKU-1273,05/23/2026,18,1,0
R02,SKU-1273,24-May-26,27,0,0
R02,SKU-1273,2026-05-25,20,0,0
R02,SKU-1273,05/26/2026,26,1,0
R02,SKU-1273,05/27/2026,23,2,0
R02,SKU-1273,2026-05-28,20,0,0
R02,SKU-1273,2026-05-29,21,0,0
R02,SKU-1273,2026-05-30,15,1,0
R02,SKU-1273,2026-05-31,18,0,0
R02,SKU-1056,05/01/2026,22,0,0
R02,SKU-1056,2026-05-02,18,0,0
R02,SKU-1056,2026-05-03,14,0,0
R02,SKU-1056,05/04/2026,15,0,0
R02,SKU-1056,2026-05-05,18,0,0
R02,SKU-1056,2026-05-06,11,0,0
R02,SKU-1056,07-May-26,17,1,0
R02,SKU-1056,05/08/2026,10,1,0
R02,SKU-1056,05/09/2026,14,1,0
R02,SKU-1056,2026-05-10,10,0,0
R02,SKU-1056,2026-05-11,24,0,0
R02,SKU-1056,2026-05-12,12,1,0
R02,SKU-1056,05/13/2026,15,0,0
R02,SKU-1056,14-May-26,21,1,0
R02,SKU-1056,2026-05-15,17,0,0
R02,SKU-1056,2026-05-16,20,0,0
R02,SKU-1056,17-May-26,18,0,0
R02,SKU-1056,2026-05-18,18,0,0
R02,SKU-1056,2026-05-19,23,2,0
R02,SKU-1056,2026-05-20,13,0,1
R02,SKU-1056,21-May-26,19,0,0
R02,SKU-1056,2026-05-22,19,0,0
R02,SKU-1056,2026-05-23,16,0,0
R02,SKU-1056,2026-05-24,15,0,0
R02,SKU-1056,05/25/2026,16,0,0
R02,SKU-1056,2026-05-26,17,0,0
R02,SKU-1056,2026-05-27,15,0,0
R02,SKU-1056,2026-05-28,13,0,0
R02,SKU-1056,2026-05-29,17,1,0
R02,SKU-1056,2026-05-30,18,0,0
R02,SKU-1056,2026-05-31,21,2,0
R02,SKU-1280,2026-05-01,22,0,0
R02,SKU-1280,2026-05-02,19,0,0
R02,SKU-1280,05/03/2026,11,1,0
R02,SKU-1280,2026-05-04,22,0,0
R02,SKU-1280,2026-05-05,28,0,1
R02,SKU-1280,2026-05-06,15,0,0
R02,SKU-1280,2026-05-07,27,0,0
R02,SKU-1280,2026-05-08,16,0,0
R02,SKU-1280,09-May-26,15,2,0
R02,SKU-1280,2026-05-10,23,1,0
R02,SKU-1280,05/11/2026,16,0,0
R02,SKU-1280,2026-05-12,22,0,0
R02,SKU-1280,05/13/2026,18,0,0
R02,SKU-1280,2026-05-14,17,0,0
R02,SKU-1280,05/15/2026,17,1,0
R02,SKU-1280,2026-05-16,15,0,0
R02,SKU-1280,2026-05-17,27,0,1
R02,SKU-1280,2026-05-18,19,1,0
R02,SKU-1280,2026-05-19,15,0,0
R02,SKU-1280,20-May-26,21,0,0
R02,SKU-1280,05/21/2026,18,0,1
R02,SKU-1280,2026-05-22,15,0,0
R02,SKU-1280,2026-05-23,20,0,0
R02,SKU-1280,24-May-26,19,0,1
R02,SKU-1280,2026-05-25,16,0,0
R02,SKU-1280,05/26/2026,11,2,0
R02,SKU-1280,2026-05-27,18,1,1
R02,SKU-1280,2026-05-28,24,1,0
R02,SKU-1280,2026-05-29,11,0,0
R02,SKU-1280,2026-05-30,19,0,0
R02,SKU-1280,05/31/2026,15,0,0
R02,SKU-1259,2026-05-01,35,0,1
R02,SKU-1259,2026-05-02,24,1,0
R02,SKU-1259,03-May-26,30,2,0
R02,SKU-1259,04-May-26,28,0,0
R02,SKU-1259,05-May-26,22,2,0
R02,SKU-1259,2026-05-06,22,0,0
R02,SKU-1259,05/07/2026,21,0,0
R02,SKU-1259,05/08/2026,19,0,0
R02,SKU-1259,09-May-26,17,0,1
R02,SKU-1259,2026-05-10,26,0,0
R02,SKU-1259,2026-05-11,26,1,0
R02,SKU-1259,2026-05-12,17,1,0
R02,SKU-1259,05/13/2026,24,0,0
R02,SKU-1259,2026-05-14,31,0,0
R02,SKU-1259,05/15/2026,25,0,1
R02,SKU-1259,05/16/2026,15,1,0
R02,SKU-1259,05/17/2026,31,0,0
R02,SKU-1259,05/18/2026,18,0,0
R02,SKU-1259,05/19/2026,18,1,0
R02,SKU-1259,05/20/2026,20,0,0
R02,SKU-1259,2026-05-21,30,0,0
R02,SKU-1259,2026-05-22,17,0,0
R02,SKU-1259,05/23/2026,24,0,0
R02,SKU-1259,2026-05-24,25,1,0
R02,SKU-1259,2026-05-25,20,1,0
R02,SKU-1259,2026-05-26,19,0,0
R02,SKU-1259,2026-05-27,16,0,0
R02,SKU-1259,2026-05-28,22,0,0
R02,SKU-1259,2026-05-29,22,1,0
R02,SKU-1259,2026-05-30,25,0,0
R02,SKU-1259,2026-05-31,27,0,0
R03,SKU-1091,01-May-26,18,0,0
R03,SKU-1091,02-May-26,14,0,1
R03,SKU-1091,2026-05-03,11,1,1
R03,SKU-1091,2026-05-04,16,0,0
R03,SKU-1091,2026-05-05,9,0,0
R03,SKU-1091,05/06/2026,15,1,0
R03,SKU-1091,07-May-26,13,2,0
R03,SKU-1091,2026-05-08,8,0,0
R03,SKU-1091,2026-05-09,14,0,0
R03,SKU-1091,05/10/2026,13,0,0
R03,SKU-1091,2026-05-11,21,0,0
R03,SKU-1091,05/12/2026,8,1,0
R03,SKU-1091,2026-05-13,15,1,1
R03,SKU-1091,05/14/2026,13,0,1
R03,SKU-1091,15-May-26,15,0,0
R03,SKU-1091,05/16/2026,11,0,0
R03,SKU-1091,05/17/2026,13,0,0
R03,SKU-1091,2026-05-18,5,1,0
R03,SKU-1091,2026-05-19,10,0,0
R03,SKU-1091,2026-05-20,13,0,1
R03,SKU-1091,05/21/2026,14,0,0
R03,SKU-1091,05/22/2026,17,0,0
R03,SKU-1091,2026-05-23,9,1,0
R03,SKU-1091,2026-05-24,12,1,1
R03,SKU-1091,05/25/2026,15,0,1
R03,SKU-1091,26-May-26,8,0,0
R03,SKU-1091,2026-05-27,12,1,0
R03,SKU-1091,28-May-26,7,0,0
R03,SKU-1091,2026-05-29,6,0,0
R03,SKU-1091,30-May-26,11,1,0
R03,SKU-1091,2026-05-31,13,0,0
R03,SKU-1140,2026-05-01,28,1,0
R03,SKU-1140,05/02/2026,31,0,0
R03,SKU-1140,2026-05-03,23,0,1
R03,SKU-1140,05/04/2026,31,0,0
R03,SKU-1140,2026-05-05,24,0,0
R03,SKU-1140,2026-05-06,28,0,0
R03,SKU-1140,2026-05-07,17,0,0
R03,SKU-1140,2026-05-08,31,0,1
R03,SKU-1140,2026-05-09,25,0,0
R03,SKU-1140,05/10/2026,18,0,1
R03,SKU-1140,2026-05-11,27,0,0
R03,SKU-1140,05/12/2026,17,1,0
R03,SKU-1140,2026-05-13,24,0,0
R03,SKU-1140,2026-05-14,30,0,0
R03,SKU-1140,2026-05-15,20,0,0
R03,SKU-1140,2026-05-16,32,0,1
R03,SKU-1140,2026-05-17,36,0,0
R03,SKU-1140,2026-05-18,23,0,0
R03,SKU-1140,2026-05-19,17,0,0
R03,SKU-1140,20-May-26,30,2,0
R03,SKU-1140,2026-05-21,25,0,0
R03,SKU-1140,2026-05-22,31,2,0
R03,SKU-1140,2026-05-23,17,1,0
R03,SKU-1140,2026-05-24,23,0,0
R03,SKU-1140,2026-05-25,18,0,0
R03,SKU-1140,26-May-26,23,1,0
R03,SKU-1140,2026-05-27,16,1,0
R03,SKU-1140,2026-05-28,22,0,0
R03,SKU-1140,29-May-26,30,0,0
R03,SKU-1140,05/30/2026,31,3,1
R03,SKU-1140,2026-05-31,31,0,0
R03,SKU-1035,2026-05-01,29,0,0
R03,SKU-1035,2026-05-02,38,0,0
R03,SKU-1035,2026-05-03,35,0,1
R03,SKU-1035,2026-05-04,32,0,0
R03,SKU-1035,2026-05-05,26,0,0
R03,SKU-1035,05/06/2026,25,1,1
R03,SKU-1035,2026-05-07,30,0,0
R03,SKU-1035,08-May-26,25,0,0
R03,SKU-1035,05/09/2026,17,0,0
R03,SKU-1035,10-May-26,25,0,0
R03,SKU-1035,2026-05-11,16,0,0
R03,SKU-1035,12-May-26,31,3,0
R03,SKU-1035,2026-05-13,25,3,0
R03,SKU-1035,2026-05-14,30,0,0
R03,SKU-1035,2026-05-15,32,0,0
R03,SKU-1035,05/16/2026,25,1,1
R03,SKU-1035,2026-05-17,32,1,0
R03,SKU-1035,18-May-26,28,1,1
R03,SKU-1035,2026-05-19,26,0,0
R03,SKU-1035,20-May-26,30,0,0
R03,SKU-1035,21-May-26,25,1,0
R03,SKU-1035,22-May-26,24,0,0
R03,SKU-1035,2026-05-23,21,0,0
R03,SKU-1035,2026-05-24,26,0,0
R03,SKU-1035,2026-05-25,25,0,0
R03,SKU-1035,05/26/2026,30,1,0
R03,SKU-1035,05/27/2026,29,0,0
R03,SKU-1035,2026-05-28,25,1,0
R03,SKU-1035,2026-05-29,30,0,0
R03,SKU-1035,2026-05-30,30,0,0
R03,SKU-1035,05/31/2026,29,0,0
R03,SKU-1098,2026-05-01,26,1,0
R03,SKU-1098,05/02/2026,30,0,0
R03,SKU-1098,03-May-26,29,0,0
R03,SKU-1098,05/04/2026,21,1,0
R03,SKU-1098,2026-05-05,25,0,0
R03,SKU-1098,2026-05-06,44,0,0
R03,SKU-1098,07-May-26,23,0,0
R03,SKU-1098,2026-05-08,19,0,0
R03,SKU-1098,05/09/2026,22,0,0
R03,SKU-1098,10-May-26,31,0,0
R03,SKU-1098,2026-05-11,26,1,0
R03,SKU-1098,2026-05-12,34,0,0
R03,SKU-1098,2026-05-13,29,0,0
R03,SKU-1098,05/14/2026,21,1,0
R03,SKU-1098,2026-05-15,22,0,0
R03,SKU-1098,16-May-26,32,0,1
R03,SKU-1098,05/17/2026,22,0,0
R03,SKU-1098,05/18/2026,27,0,1
R03,SKU-1098,2026-05-19,28,1,0
R03,SKU-1098,2026-05-20,24,0,0
R03,SKU-1098,2026-05-21,18,0,0
R03,SKU-1098,05/22/2026,28,0,0
R03,SKU-1098,05/23/2026,27,0,1
R03,SKU-1098,2026-05-24,32,0,0
R03,SKU-1098,2026-05-25,21,0,0
R03,SKU-1098,2026-05-26,24,1,0
R03,SKU-1098,2026-05-27,15,0,0
R03,SKU-1098,05/28/2026,27,1,0
R03,SKU-1098,2026-05-29,31,0,0
R03,SKU-1098,2026-05-30,26,0,0
R03,SKU-1098,05/31/2026,33,0,0
R03,SKU-1049,2026-05-01,11,0,0
R03,SKU-1049,02-May-26,16,0,0
R03,SKU-1049,2026-05-03,10,0,0
R03,SKU-1049,04-May-26,14,0,0
R03,SKU-1049,2026-05-05,8,0,0
R03,SKU-1049,2026-05-06,11,0,1
R03,SKU-1049,2026-05-07,9,1,0
R03,SKU-1049,05/08/2026,10,1,0
R03,SKU-1049,05/09/2026,6,0,0
R03,SKU-1049,10-May-26,14,1,0
R03,SKU-1049,05/11/2026,16,1,0
R03,SKU-1049,2026-05-12,10,0,1
R03,SKU-1049,2026-05-13,18,0,0
R03,SKU-1049,2026-05-14,15,0,0
R03,SKU-1049,2026-05-15,12,1,0
R03,SKU-1049,2026-05-16,16,1,0
R03,SKU-1049,05/17/2026,5,1,0
R03,SKU-1049,2026-05-18,9,0,0
R03,SKU-1049,2026-05-19,12,0,1
R03,SKU-1049,20-May-26,9,1,0
R03,SKU-1049,21-May-26,13,0,0
R03,SKU-1049,05/22/2026,14,0,0
R03,SKU-1049,23-May-26,14,0,0
R03,SKU-1049,2026-05-24,13,0,0
R03,SKU-1049,2026-05-25,15,0,0
R03,SKU-1049,2026-05-26,12,0,0
R03,SKU-1049,05/27/2026,10,1,0
R03,SKU-1049,2026-05-28,12,0,0
R03,SKU-1049,29-May-26,9,0,1
R03,SKU-1049,05/30/2026,15,0,0
R03,SKU-1049,05/31/2026,10,0,0
R03,SKU-1161,2026-05-01,37,0,0
R03,SKU-1161,2026-05-02,29,0,0
R03,SKU-1161,2026-05-03,36,0,0
R03,SKU-1161,2026-05-04,34,0,0
R03,SKU-1161,2026-05-05,37,2,0
R03,SKU-1161,2026-05-06,26,0,0
R03,SKU-1161,05/07/2026,30,0,0
R03,SKU-1161,08-May-26,39,0,0
R03,SKU-1161,2026-05-09,31,2,0
R03,SKU-1161,2026-05-10,31,0,0
R03,SKU-1161,2026-05-11,30,1,0
R03,SKU-1161,2026-05-12,21,1,0
R03,SKU-1161,2026-05-13,26,0,0
R03,SKU-1161,05/14/2026,25,0,0
R03,SKU-1161,2026-05-15,33,0,0
R03,SKU-1161,05/16/2026,40,0,0
R03,SKU-1161,2026-05-17,30,0,0
R03,SKU-1161,18-May-26,33,2,0
R03,SKU-1161,19-May-26,33,0,0
R03,SKU-1161,2026-05-20,33,0,1
R03,SKU-1161,2026-05-21,19,0,0
R03,SKU-1161,2026-05-22,32,0,0
R03,SKU-1161,2026-05-23,40,0,0
R03,SKU-1161,2026-05-24,32,0,0
R03,SKU-1161,2026-05-25,27,1,1
R03,SKU-1161,05/26/2026,35,1,0
R03,SKU-1161,05/27/2026,33,0,0
R03,SKU-1161,2026-05-28,33,1,0
R03,SKU-1161,2026-05-29,25,0,0
R03,SKU-1161,2026-05-30,25,1,0
R03,SKU-1161,2026-05-31,42,0,0
R03,SKU-1063,2026-05-01,10,0,0
R03,SKU-1063,2026-05-02,4,1,1
R03,SKU-1063,03-May-26,9,0,0
R03,SKU-1063,05/04/2026,3,0,0
R03,SKU-1063,05/05/2026,6,0,0
R03,SKU-1063,2026-05-06,5,0,0
R03,SKU-1063,05/07/2026,10,0,0
R03,SKU-1063,05/08/2026,6,1,0
R03,SKU-1063,2026-05-09,4,0,0
R03,SKU-1063,2026-05-10,4,0,0
R03,SKU-1063,2026-05-11,9,0,0
R03,SKU-1063,12-May-26,8,0,0
R03,SKU-1063,05/13/2026,7,1,0
R03,SKU-1063,2026-05-14,5,0,0
R03,SKU-1063,15-May-26,5,0,1
R03,SKU-1063,2026-05-16,5,1,0
R03,SKU-1063,05/17/2026,7,0,0
R03,SKU-1063,18-May-26,8,0,0
R03,SKU-1063,05/19/2026,4,1,0
R03,SKU-1063,20-May-26,6,1,0
R03,SKU-1063,05/21/2026,10,0,0
R03,SKU-1063,2026-05-22,11,0,0
R03,SKU-1063,05/23/2026,5,0,0
R03,SKU-1063,24-May-26,6,0,1
R03,SKU-1063,2026-05-25,6,2,0
R03,SKU-1063,2026-05-26,10,0,1
R03,SKU-1063,2026-05-27,10,0,0
R03,SKU-1063,05/28/2026,4,0,0
R03,SKU-1063,2026-05-29,5,1,0
R03,SKU-1063,05/30/2026,10,1,0
R03,SKU-1063,05/31/2026,6,0,0
R03,SKU-1224,2026-05-01,17,0,0
R03,SKU-1224,2026-05-02,11,1,0
R03,SKU-1224,05/03/2026,24,2,1
R03,SKU-1224,04-May-26,14,0,0
R03,SKU-1224,05/05/2026,20,1,0
R03,SKU-1224,2026-05-06,22,0,0
R03,SKU-1224,2026-05-07,17,1,0
R03,SKU-1224,05/08/2026,12,0,0
R03,SKU-1224,09-May-26,14,0,0
R03,SKU-1224,2026-05-10,14,0,0
R03,SKU-1224,2026-05-11,17,0,0
R03,SKU-1224,12-May-26,12,1,0
R03,SKU-1224,05/13/2026,13,0,0
R03,SKU-1224,2026-05-14,13,0,0
R03,SKU-1224,2026-05-15,14,0,0
R03,SKU-1224,2026-05-16,23,1,0
R03,SKU-1224,2026-05-17,11,0,0
R03,SKU-1224,2026-05-18,14,0,1
R03,SKU-1224,2026-05-19,17,0,1
R03,SKU-1224,2026-05-20,7,0,0
R03,SKU-1224,05/21/2026,11,0,0
R03,SKU-1224,05/22/2026,12,1,0
R03,SKU-1224,05/23/2026,28,0,0
R03,SKU-1224,2026-05-24,23,0,0
R03,SKU-1224,2026-05-25,16,1,1
R03,SKU-1224,2026-05-26,16,0,1
R03,SKU-1224,2026-05-27,24,0,0
R03,SKU-1224,28-May-26,17,2,0
R03,SKU-1224,05/29/2026,16,0,0
R03,SKU-1224,2026-05-30,11,0,0
R03,SKU-1224,2026-05-31,8,1,1
R03,SKU-1084,2026-05-01,4,0,0
R03,SKU-1084,02-May-26,12,0,0
R03,SKU-1084,2026-05-03,10,0,0
R03,SKU-1084,05/04/2026,16,0,0
R03,SKU-1084,2026-05-05,21,0,0
R03,SKU-1084,06-May-26,13,0,0
R03,SKU-1084,2026-05-07,12,2,0
R03,SKU-1084,2026-05-08,12,0,1
R03,SKU-1084,2026-05-09,8,2,0
R03,SKU-1084,2026-05-10,15,1,0
R03,SKU-1084,11-May-26,9,0,0
R03,SKU-1084,2026-05-12,19,0,0
R03,SKU-1084,2026-05-13,8,2,0
R03,SKU-1084,14-May-26,5,0,0
R03,SKU-1084,2026-05-15,8,1,0
R03,SKU-1084,2026-05-16,10,0,0
R03,SKU-1084,17-May-26,12,0,0
R03,SKU-1084,2026-05-18,11,0,0
R03,SKU-1084,19-May-26,15,0,1
R03,SKU-1084,2026-05-20,4,1,0
R03,SKU-1084,2026-05-21,11,1,0
R03,SKU-1084,2026-05-22,15,0,0
R03,SKU-1084,05/23/2026,12,2,0
R03,SKU-1084,05/24/2026,11,0,0
R03,SKU-1084,05/25/2026,11,0,0
R03,SKU-1084,2026-05-26,14,0,0
R03,SKU-1084,2026-05-27,11,0,0
R03,SKU-1084,2026-05-28,9,1,0
R03,SKU-1084,2026-05-29,8,0,0
R03,SKU-1084,2026-05-30,15,0,1
R03,SKU-1084,31-May-26,5,0,0
R03,SKU-1126,2026-05-01,26,0,0
R03,SKU-1126,2026-05-02,22,0,0
R03,SKU-1126,05/03/2026,30,0,0
R03,SKU-1126,2026-05-04,39,1,0
R03,SKU-1126,2026-05-05,31,1,0
R03,SKU-1126,2026-05-06,36,0,0
R03,SKU-1126,05/07/2026,31,0,0
R03,SKU-1126,2026-05-08,28,0,0
R03,SKU-1126,05/09/2026,29,1,0
R03,SKU-1126,2026-05-10,32,1,0
R03,SKU-1126,2026-05-11,19,1,0
R03,SKU-1126,12-May-26,40,0,0
R03,SKU-1126,2026-05-13,33,0,0
R03,SKU-1126,05/14/2026,30,0,1
R03,SKU-1126,2026-05-15,35,1,0
R03,SKU-1126,05/16/2026,25,0,0
R03,SKU-1126,17-May-26,26,0,0
R03,SKU-1126,2026-05-18,40,0,0
R03,SKU-1126,2026-05-19,28,0,0
R03,SKU-1126,20-May-26,24,0,1
R03,SKU-1126,05/21/2026,29,0,0
R03,SKU-1126,2026-05-22,28,0,0
R03,SKU-1126,05/23/2026,31,1,0
R03,SKU-1126,2026-05-24,18,0,1
R03,SKU-1126,2026-05-25,31,1,0
R03,SKU-1126,05/26/2026,33,1,1
R03,SKU-1126,27-May-26,20,0,0
R03,SKU-1126,2026-05-28,26,0,0
R03,SKU-1126,29-May-26,33,0,0
R03,SKU-1126,05/30/2026,34,0,0
R03,SKU-1126,2026-05-31,28,0,0
R03,SKU-1007,05/01/2026,5,0,0
R03,SKU-1007,05/02/2026,5,0,0
R03,SKU-1007,2026-05-03,6,0,0
R03,SKU-1007,05/04/2026,4,2,0
R03,SKU-1007,2026-05-05,4,1,0
R03,SKU-1007,2026-05-06,6,0,0
R03,SKU-1007,2026-05-07,3,1,0
R03,SKU-1007,08-May-26,10,0,0
R03,SKU-1007,09-May-26,2,0,0
R03,SKU-1007,2026-05-10,5,1,0
R03,SKU-1007,05/11/2026,6,0,1
R03,SKU-1007,2026-05-12,4,1,0
R03,SKU-1007,2026-05-13,6,1,0
R03,SKU-1007,2026-05-14,3,0,0
R03,SKU-1007,2026-05-15,3,1,0
R03,SKU-1007,2026-05-16,5,0,0
R03,SKU-1007,2026-05-17,7,2,0
R03,SKU-1007,2026-05-18,8,0,1
R03,SKU-1007,2026-05-19,1,0,1
R03,SKU-1007,05/20/2026,10,0,0
R03,SKU-1007,2026-05-21,6,0,0
R03,SKU-1007,05/22/2026,4,3,0
R03,SKU-1007,2026-05-23,5,1,0
R03,SKU-1007,2026-05-24,4,1,0
R03,SKU-1007,2026-05-25,6,1,0
R03,SKU-1007,26-May-26,3,0,0
R03,SKU-1007,2026-05-27,5,1,0
R03,SKU-1007,2026-05-28,7,0,0
R03,SKU-1007,29-May-26,8,0,0
R03,SKU-1007,30-May-26,5,0,1
R03,SKU-1007,2026-05-31,6,1,0
R03,SKU-1021,05/01/2026,38,0,0
R03,SKU-1021,2026-05-02,35,2,0
R03,SKU-1021,2026-05-03,27,0,0
R03,SKU-1021,05/04/2026,36,1,0
R03,SKU-1021,05-May-26,26,0,0
R03,SKU-1021,05/06/2026,35,0,0
R03,SKU-1021,05/07/2026,30,0,0
R03,SKU-1021,05/08/2026,30,1,0
R03,SKU-1021,2026-05-09,32,2,0
R03,SKU-1021,2026-05-10,29,1,0
R03,SKU-1021,2026-05-11,31,0,1
R03,SKU-1021,2026-05-12,38,0,0
R03,SKU-1021,13-May-26,25,0,0
R03,SKU-1021,2026-05-14,26,0,0
R03,SKU-1021,05/15/2026,29,1,0
R03,SKU-1021,05/16/2026,36,0,0
R03,SKU-1021,05/17/2026,30,1,0
R03,SKU-1021,2026-05-18,49,0,0
R03,SKU-1021,2026-05-19,32,1,0
R03,SKU-1021,2026-05-20,30,1,0
R03,SKU-1021,05/21/2026,41,2,0
R03,SKU-1021,05/22/2026,30,0,1
R03,SKU-1021,2026-05-23,25,2,0
R03,SKU-1021,2026-05-24,30,0,0
R03,SKU-1021,25-May-26,33,0,0
R03,SKU-1021,26-May-26,39,0,0
R03,SKU-1021,2026-05-27,38,0,0
R03,SKU-1021,2026-05-28,31,0,0
R03,SKU-1021,29-May-26,33,1,0
R03,SKU-1021,30-May-26,45,1,0
R03,SKU-1021,2026-05-31,28,0,0
R03,SKU-1119,2026-05-01,38,0,0
R03,SKU-1119,2026-05-02,34,0,0
R03,SKU-1119,03-May-26,37,1,0
R03,SKU-1119,2026-05-04,31,0,0
R03,SKU-1119,2026-05-05,32,0,0
R03,SKU-1119,2026-05-06,38,0,0
R03,SKU-1119,07-May-26,28,0,0
R03,SKU-1119,2026-05-08,20,0,0
R03,SKU-1119,2026-05-09,44,1,1
R03,SKU-1119,2026-05-10,32,0,0
R03,SKU-1119,2026-05-11,40,1,0
R03,SKU-1119,12-May-26,31,0,0
R03,SKU-1119,13-May-26,37,0,0
R03,SKU-1119,05/14/2026,30,1,0
R03,SKU-1119,05/15/2026,30,0,0
R03,SKU-1119,2026-05-16,41,0,0
R03,SKU-1119,2026-05-17,29,0,0
R03,SKU-1119,18-May-26,34,0,0
R03,SKU-1119,05/19/2026,25,0,1
R03,SKU-1119,2026-05-20,34,0,0
R03,SKU-1119,2026-05-21,21,0,0
R03,SKU-1119,2026-05-22,39,0,0
R03,SKU-1119,05/23/2026,37,0,0
R03,SKU-1119,2026-05-24,31,0,0
R03,SKU-1119,2026-05-25,28,1,0
R03,SKU-1119,2026-05-26,39,0,0
R03,SKU-1119,2026-05-27,34,2,0
R03,SKU-1119,2026-05-28,30,0,0
R03,SKU-1119,2026-05-29,32,0,0
R03,SKU-1119,2026-05-30,35,2,0
R03,SKU-1119,31-May-26,27,0,0
R03,SKU-1070,2026-05-01,15,0,0
R03,SKU-1070,05/02/2026,24,0,0
R03,SKU-1070,2026-05-03,21,0,0
R03,SKU-1070,2026-05-04,22,1,0
R03,SKU-1070,2026-05-05,15,0,0
R03,SKU-1070,2026-05-06,16,0,0
R03,SKU-1070,2026-05-07,12,1,0
R03,SKU-1070,2026-05-08,20,0,0
R03,SKU-1070,2026-05-09,16,0,0
R03,SKU-1070,2026-05-10,16,1,0
R03,SKU-1070,2026-05-11,13,3,0
R03,SKU-1070,2026-05-12,19,0,0
R03,SKU-1070,05/13/2026,16,0,1
R03,SKU-1070,2026-05-14,10,0,0
R03,SKU-1070,2026-05-15,27,0,0
R03,SKU-1070,05/16/2026,14,0,0
R03,SKU-1070,05/17/2026,16,0,0
R03,SKU-1070,05/18/2026,22,0,1
R03,SKU-1070,2026-05-19,13,1,0
R03,SKU-1070,2026-05-20,22,0,0
R03,SKU-1070,05/21/2026,24,0,1
R03,SKU-1070,2026-05-22,15,1,0
R03,SKU-1070,05/23/2026,14,0,0
R03,SKU-1070,24-May-26,18,0,0
R03,SKU-1070,2026-05-25,15,1,0
R03,SKU-1070,2026-05-26,20,0,0
R03,SKU-1070,2026-05-27,18,0,0
R03,SKU-1070,2026-05-28,15,0,1
R03,SKU-1070,2026-05-29,23,1,0
R03,SKU-1070,2026-05-30,15,0,0
R03,SKU-1070,2026-05-31,15,0,0
R03,SKU-1252,2026-05-01,24,0,0
R03,SKU-1252,05/02/2026,29,1,0
R03,SKU-1252,2026-05-03,25,0,0
R03,SKU-1252,05/04/2026,32,1,0
R03,SKU-1252,2026-05-05,24,0,0
R03,SKU-1252,06-May-26,25,0,0
R03,SKU-1252,05/07/2026,23,0,0
R03,SKU-1252,2026-05-08,24,2,0
R03,SKU-1252,2026-05-09,30,0,0
R03,SKU-1252,2026-05-10,33,0,0
R03,SKU-1252,2026-05-11,15,0,0
R03,SKU-1252,05/12/2026,20,0,0
R03,SKU-1252,05/13/2026,28,1,0
R03,SKU-1252,2026-05-14,26,0,0
R03,SKU-1252,2026-05-15,29,0,0
R03,SKU-1252,05/16/2026,26,0,1
R03,SKU-1252,2026-05-17,25,0,0
R03,SKU-1252,2026-05-18,26,1,0
R03,SKU-1252,2026-05-19,29,1,0
R03,SKU-1252,2026-05-20,23,0,0
R03,SKU-1252,05/21/2026,31,0,0
R03,SKU-1252,2026-05-22,27,0,0
R03,SKU-1252,05/23/2026,28,0,0
R03,SKU-1252,2026-05-24,28,0,0
R03,SKU-1252,05/25/2026,21,0,0
R03,SKU-1252,26-May-26,29,1,0
R03,SKU-1252,27-May-26,26,0,1
R03,SKU-1252,2026-05-28,19,1,0
R03,SKU-1252,2026-05-29,16,1,1
R03,SKU-1252,30-May-26,18,0,1
R03,SKU-1252,2026-05-31,30,0,0
R03,SKU-1112,2026-05-01,32,0,0
R03,SKU-1112,05/02/2026,33,0,0
R03,SKU-1112,2026-05-03,25,0,0
R03,SKU-1112,2026-05-04,22,0,0
R03,SKU-1112,2026-05-05,23,0,0
R03,SKU-1112,2026-05-06,29,0,0
R03,SKU-1112,05/07/2026,34,0,0
R03,SKU-1112,2026-05-08,29,1,0
R03,SKU-1112,05/09/2026,30,1,0
R03,SKU-1112,05/10/2026,39,1,0
R03,SKU-1112,05/11/2026,23,1,0
R03,SKU-1112,05/12/2026,22,0,0
R03,SKU-1112,2026-05-13,37,1,0
R03,SKU-1112,2026-05-14,24,0,0
R03,SKU-1112,15-May-26,29,0,1
R03,SKU-1112,05/16/2026,23,1,0
R03,SKU-1112,05/17/2026,31,0,0
R03,SKU-1112,2026-05-18,26,2,0
R03,SKU-1112,19-May-26,24,0,1
R03,SKU-1112,05/20/2026,22,0,1
R03,SKU-1112,21-May-26,28,0,0
R03,SKU-1112,2026-05-22,34,0,0
R03,SKU-1112,2026-05-23,39,1,1
R03,SKU-1112,2026-05-24,28,1,0
R03,SKU-1112,2026-05-25,22,0,0
R03,SKU-1112,2026-05-26,26,1,0
R03,SKU-1112,2026-05-27,33,0,0
R03,SKU-1112,28-May-26,32,1,0
R03,SKU-1112,2026-05-29,30,0,1
R03,SKU-1112,05/30/2026,31,1,0
R03,SKU-1112,2026-05-31,27,0,0
R03,SKU-1175,2026-05-01,17,0,1
R03,SKU-1175,05/02/2026,20,1,0
R03,SKU-1175,2026-05-03,28,1,0
R03,SKU-1175,04-May-26,12,1,0
R03,SKU-1175,2026-05-05,18,0,0
R03,SKU-1175,2026-05-06,18,1,0
R03,SKU-1175,05/07/2026,16,0,0
R03,SKU-1175,05/08/2026,19,2,0
R03,SKU-1175,2026-05-09,17,0,0
R03,SKU-1175,2026-05-10,15,0,0
R03,SKU-1175,2026-05-11,21,0,0
R03,SKU-1175,2026-05-12,16,1,0
R03,SKU-1175,05/13/2026,19,1,0
R03,SKU-1175,14-May-26,29,0,0
R03,SKU-1175,2026-05-15,20,0,1
R03,SKU-1175,2026-05-16,19,0,0
R03,SKU-1175,17-May-26,22,0,0
R03,SKU-1175,05/18/2026,18,0,0
R03,SKU-1175,2026-05-19,28,0,0
R03,SKU-1175,2026-05-20,17,0,0
R03,SKU-1175,2026-05-21,13,0,0
R03,SKU-1175,2026-05-22,15,2,0
R03,SKU-1175,2026-05-23,24,1,0
R03,SKU-1175,05/24/2026,19,0,0
R03,SKU-1175,2026-05-25,16,0,0
R03,SKU-1175,2026-05-26,21,0,1
R03,SKU-1175,2026-05-27,15,0,0
R03,SKU-1175,05/28/2026,21,2,0
R03,SKU-1175,2026-05-29,22,0,1
R03,SKU-1175,2026-05-30,23,1,0
R03,SKU-1175,2026-05-31,12,0,0
R03,SKU-1259,2026-05-01,23,1,0
R03,SKU-1259,02-May-26,30,0,1
R03,SKU-1259,03-May-26,34,1,0
R03,SKU-1259,04-May-26,24,0,0
R03,SKU-1259,2026-05-05,25,0,0
R03,SKU-1259,2026-05-06,28,0,0
R03,SKU-1259,2026-05-07,37,0,0
R03,SKU-1259,2026-05-08,28,0,0
R03,SKU-1259,2026-05-09,27,0,0
R03,SKU-1259,2026-05-10,33,1,0
R03,SKU-1259,05/11/2026,37,0,0
R03,SKU-1259,2026-05-12,23,0,0
R03,SKU-1259,13-May-26,41,0,0
R03,SKU-1259,2026-05-14,33,1,0
R03,SKU-1259,05/15/2026,31,1,1
R03,SKU-1259,2026-05-16,28,0,0
R03,SKU-1259,2026-05-17,33,2,0
R03,SKU-1259,05/18/2026,27,0,0
R03,SKU-1259,2026-05-19,25,0,0
R03,SKU-1259,05/20/2026,27,0,0
R03,SKU-1259,2026-05-21,32,0,0
R03,SKU-1259,2026-05-22,31,1,0
R03,SKU-1259,05/23/2026,32,0,0
R03,SKU-1259,2026-05-24,22,0,0
R03,SKU-1259,2026-05-25,34,0,0
R03,SKU-1259,05/26/2026,30,0,1
R03,SKU-1259,05/27/2026,26,1,0
R03,SKU-1259,2026-05-28,41,0,0
R03,SKU-1259,2026-05-29,30,1,0
R03,SKU-1259,30-May-26,33,1,0
R03,SKU-1259,2026-05-31,18,0,0
R03,SKU-1182,2026-05-01,7,0,0
R03,SKU-1182,2026-05-02,3,0,0
R03,SKU-1182,2026-05-03,1,2,0
R03,SKU-1182,2026-05-04,3,0,0
R03,SKU-1182,05/05/2026,2,0,0
R03,SKU-1182,2026-05-06,6,1,0
R03,SKU-1182,05/07/2026,5,0,0
R03,SKU-1182,2026-05-08,3,0,0
R03,SKU-1182,2026-05-09,4,1,0
R03,SKU-1182,2026-05-10,4,1,1
R03,SKU-1182,2026-05-11,3,1,0
R03,SKU-1182,2026-05-12,6,0,1
R03,SKU-1182,2026-05-13,3,0,1
R03,SKU-1182,2026-05-14,5,0,0
R03,SKU-1182,15-May-26,2,0,0
R03,SKU-1182,2026-05-16,2,0,1
R03,SKU-1182,05/17/2026,3,0,0
R03,SKU-1182,18-May-26,6,0,0
R03,SKU-1182,2026-05-19,4,1,1
R03,SKU-1182,20-May-26,6,0,0
R03,SKU-1182,05/21/2026,4,1,0
R03,SKU-1182,2026-05-22,5,0,0
R03,SKU-1182,2026-05-23,4,0,0
R03,SKU-1182,05/24/2026,3,0,0
R03,SKU-1182,2026-05-25,3,0,0
R03,SKU-1182,2026-05-26,4,0,0
R03,SKU-1182,2026-05-27,4,0,0
R03,SKU-1182,2026-05-28,3,0,0
R03,SKU-1182,29-May-26,8,0,0
R03,SKU-1182,2026-05-30,5,0,0
R03,SKU-1182,2026-05-31,4,0,0
R03,SKU-1266,01-May-26,35,0,1
R03,SKU-1266,2026-05-02,28,1,0
R03,SKU-1266,2026-05-03,34,1,0
R03,SKU-1266,04-May-26,29,0,1
R03,SKU-1266,05-May-26,31,1,0
R03,SKU-1266,05/06/2026,26,0,0
R03,SKU-1266,05/07/2026,33,0,0
R03,SKU-1266,2026-05-08,27,0,0
R03,SKU-1266,2026-05-09,21,0,0
R03,SKU-1266,05/10/2026,36,0,0
R03,SKU-1266,2026-05-11,29,0,0
R03,SKU-1266,2026-05-12,35,2,0
R03,SKU-1266,2026-05-13,28,0,0
R03,SKU-1266,2026-05-14,32,0,1
R03,SKU-1266,2026-05-15,31,1,0
R03,SKU-1266,2026-05-16,27,1,0
R03,SKU-1266,2026-05-17,32,1,0
R03,SKU-1266,2026-05-18,34,0,0
R03,SKU-1266,2026-05-19,25,0,0
R03,SKU-1266,2026-05-20,14,0,0
R03,SKU-1266,2026-05-21,22,0,0
R03,SKU-1266,2026-05-22,26,0,0
R03,SKU-1266,23-May-26,19,0,1
R03,SKU-1266,2026-05-24,31,1,0
R03,SKU-1266,2026-05-25,25,0,0
R03,SKU-1266,2026-05-26,34,1,1
R03,SKU-1266,2026-05-27,30,0,0
R03,SKU-1266,2026-05-28,24,1,0
R03,SKU-1266,05/29/2026,29,0,0
R03,SKU-1266,2026-05-30,28,0,0
R03,SKU-1266,2026-05-31,32,1,0
R03,SKU-1077,01-May-26,15,1,0
R03,SKU-1077,05/02/2026,15,0,0
R03,SKU-1077,2026-05-03,15,2,0
R03,SKU-1077,2026-05-04,17,2,0
R03,SKU-1077,2026-05-05,14,1,0
R03,SKU-1077,05/06/2026,13,0,0
R03,SKU-1077,2026-05-07,14,0,0
R03,SKU-1077,2026-05-08,13,0,0
R03,SKU-1077,2026-05-09,13,0,0
R03,SKU-1077,2026-05-10,19,0,0
R03,SKU-1077,2026-05-11,15,1,0
R03,SKU-1077,12-May-26,16,0,0
R03,SKU-1077,2026-05-13,11,1,0
R03,SKU-1077,2026-05-14,15,0,0
R03,SKU-1077,15-May-26,16,1,0
R03,SKU-1077,05/16/2026,15,0,0
R03,SKU-1077,2026-05-17,11,0,0
R03,SKU-1077,2026-05-18,15,1,1
R03,SKU-1077,2026-05-19,23,2,0
R03,SKU-1077,05/20/2026,22,0,0
R03,SKU-1077,2026-05-21,13,0,0
R03,SKU-1077,22-May-26,19,1,0
R03,SKU-1077,2026-05-23,18,0,0
R03,SKU-1077,24-May-26,16,0,0
R03,SKU-1077,2026-05-25,10,0,0
R03,SKU-1077,2026-05-26,14,1,0
R03,SKU-1077,2026-05-27,14,2,0
R03,SKU-1077,28-May-26,9,1,0
R03,SKU-1077,05/29/2026,9,0,0
R03,SKU-1077,30-May-26,12,0,0
R03,SKU-1077,2026-05-31,13,1,1
R03,SKU-1280,2026-05-01,29,3,0
R03,SKU-1280,05/02/2026,27,0,1
R03,SKU-1280,03-May-26,21,0,1
R03,SKU-1280,04-May-26,36,0,1
R03,SKU-1280,2026-05-05,32,0,0
R03,SKU-1280,2026-05-06,21,1,0
R03,SKU-1280,2026-05-07,32,0,0
R03,SKU-1280,2026-05-08,27,0,0
R03,SKU-1280,2026-05-09,30,1,0
R03,SKU-1280,10-May-26,25,0,0
R03,SKU-1280,05/11/2026,34,3,0
R03,SKU-1280,2026-05-12,29,1,0
R03,SKU-1280,2026-05-13,28,0,0
R03,SKU-1280,2026-05-14,29,0,0
R03,SKU-1280,2026-05-15,28,1,0
R03,SKU-1280,05/16/2026,20,0,0
R03,SKU-1280,2026-05-17,26,0,0
R03,SKU-1280,2026-05-18,20,0,1
R03,SKU-1280,2026-05-19,31,0,0
R03,SKU-1280,2026-05-20,20,0,0
R03,SKU-1280,2026-05-21,25,0,0
R03,SKU-1280,2026-05-22,37,3,0
R03,SKU-1280,2026-05-23,17,1,0
R03,SKU-1280,2026-05-24,23,0,0
R03,SKU-1280,25-May-26,23,0,1
R03,SKU-1280,05/26/2026,25,0,0
R03,SKU-1280,2026-05-27,30,0,0
R03,SKU-1280,2026-05-28,24,2,0
R03,SKU-1280,2026-05-29,25,2,0
R03,SKU-1280,05/30/2026,22,1,1
R03,SKU-1280,05/31/2026,23,2,0
R03,SKU-1238,05/01/2026,24,0,0
R03,SKU-1238,02-May-26,22,2,0
R03,SKU-1238,2026-05-03,31,1,0
R03,SKU-1238,04-May-26,34,0,0
R03,SKU-1238,2026-05-05,32,0,0
R03,SKU-1238,05/06/2026,19,1,1
R03,SKU-1238,05/07/2026,28,1,0
R03,SKU-1238,08-May-26,23,1,0
R03,SKU-1238,2026-05-09,30,1,0
R03,SKU-1238,10-May-26,30,1,1
R03,SKU-1238,2026-05-11,26,1,0
R03,SKU-1238,05/12/2026,32,1,0
R03,SKU-1238,2026-05-13,29,0,0
R03,SKU-1238,2026-05-14,26,0,0
R03,SKU-1238,15-May-26,21,0,0
R03,SKU-1238,2026-05-16,29,0,0
R03,SKU-1238,05/17/2026,20,0,0
R03,SKU-1238,18-May-26,18,0,0
R03,SKU-1238,05/19/2026,25,3,0
R03,SKU-1238,05/20/2026,30,1,0
R03,SKU-1238,2026-05-21,23,0,1
R03,SKU-1238,05/22/2026,20,0,1
R03,SKU-1238,2026-05-23,31,0,0
R03,SKU-1238,2026-05-24,27,1,0
R03,SKU-1238,2026-05-25,33,0,1
R03,SKU-1238,05/26/2026,29,0,1
R03,SKU-1238,2026-05-27,25,0,0
R03,SKU-1238,2026-05-28,32,0,1
R03,SKU-1238,2026-05-29,24,0,0
R03,SKU-1238,2026-05-30,24,1,0
R03,SKU-1238,2026-05-31,28,0,0
R03,SKU-1217,2026-05-01,4,0,0
R03,SKU-1217,05/02/2026,12,1,1
R03,SKU-1217,2026-05-03,14,0,0
R03,SKU-1217,2026-05-04,4,0,0
R03,SKU-1217,2026-05-05,4,1,0
R03,SKU-1217,2026-05-06,14,0,0
R03,SKU-1217,2026-05-07,14,1,0
R03,SKU-1217,2026-05-08,5,0,0
R03,SKU-1217,2026-05-09,10,0,0
R03,SKU-1217,2026-05-10,10,0,0
R03,SKU-1217,11-May-26,11,0,0
R03,SKU-1217,2026-05-12,12,0,0
R03,SKU-1217,05/13/2026,16,0,0
R03,SKU-1217,05/14/2026,2,1,0
R03,SKU-1217,2026-05-15,11,0,0
R03,SKU-1217,16-May-26,6,0,0
R03,SKU-1217,2026-05-17,8,1,0
R03,SKU-1217,05/18/2026,7,0,0
R03,SKU-1217,2026-05-19,13,0,0
R03,SKU-1217,2026-05-20,11,0,0
R03,SKU-1217,2026-05-21,11,1,0
R03,SKU-1217,2026-05-22,9,0,0
R03,SKU-1217,2026-05-23,7,1,0
R03,SKU-1217,2026-05-24,12,2,0
R03,SKU-1217,2026-05-25,10,2,0
R03,SKU-1217,2026-05-26,6,0,0
R03,SKU-1217,05/27/2026,14,0,0
R03,SKU-1217,2026-05-28,7,0,0
R03,SKU-1217,2026-05-29,13,1,0
R03,SKU-1217,30-May-26,14,0,0
R03,SKU-1217,2026-05-31,12,0,0
R04,SKU-1056,2026-05-01,8,0,0
R04,SKU-1056,2026-05-02,1,0,1
R04,SKU-1056,05/03/2026,5,0,0
R04,SKU-1056,2026-05-04,1,0,0
R04,SKU-1056,2026-05-05,1,1,0
R04,SKU-1056,2026-05-06,6,0,1
R04,SKU-1056,2026-05-07,4,0,1
R04,SKU-1056,2026-05-08,7,1,0
R04,SKU-1056,09-May-26,3,0,0
R04,SKU-1056,05/10/2026,8,0,0
R04,SKU-1056,2026-05-11,5,1,0
R04,SKU-1056,2026-05-12,3,0,0
R04,SKU-1056,2026-05-13,5,1,0
R04,SKU-1056,05/14/2026,5,1,0
R04,SKU-1056,2026-05-15,4,0,1
R04,SKU-1056,16-May-26,5,2,0
R04,SKU-1056,2026-05-17,4,0,0
R04,SKU-1056,18-May-26,5,1,0
R04,SKU-1056,2026-05-19,7,1,1
R04,SKU-1056,05/20/2026,5,1,0
R04,SKU-1056,21-May-26,5,2,0
R04,SKU-1056,22-May-26,7,0,0
R04,SKU-1056,2026-05-23,2,0,0
R04,SKU-1056,2026-05-24,4,0,1
R04,SKU-1056,2026-05-25,1,1,1
R04,SKU-1056,2026-05-26,7,0,0
R04,SKU-1056,2026-05-27,2,1,0
R04,SKU-1056,2026-05-28,5,0,0
R04,SKU-1056,2026-05-29,4,1,0
R04,SKU-1056,2026-05-30,5,0,0
R04,SKU-1056,2026-05-31,3,0,0
R04,SKU-1231,05/01/2026,30,0,0
R04,SKU-1231,02-May-26,27,0,0
R04,SKU-1231,2026-05-03,26,0,0
R04,SKU-1231,2026-05-04,25,0,0
R04,SKU-1231,05/05/2026,33,0,0
R04,SKU-1231,2026-05-06,23,0,0
R04,SKU-1231,2026-05-07,35,0,0
R04,SKU-1231,08-May-26,24,0,0
R04,SKU-1231,2026-05-09,21,0,0
R04,SKU-1231,2026-05-10,21,0,0
R04,SKU-1231,05/11/2026,25,0,0
R04,SKU-1231,2026-05-12,24,1,1
R04,SKU-1231,2026-05-13,25,0,0
R04,SKU-1231,14-May-26,26,0,0
R04,SKU-1231,2026-05-15,22,0,0
R04,SKU-1231,2026-05-16,34,0,0
R04,SKU-1231,2026-05-17,26,0,0
R04,SKU-1231,18-May-26,18,0,0
R04,SKU-1231,2026-05-19,28,0,1
R04,SKU-1231,2026-05-20,18,1,0
R04,SKU-1231,2026-05-21,26,1,0
R04,SKU-1231,2026-05-22,34,0,0
R04,SKU-1231,2026-05-23,26,0,0
R04,SKU-1231,2026-05-24,38,0,0
R04,SKU-1231,05/25/2026,32,0,1
R04,SKU-1231,2026-05-26,29,0,0
R04,SKU-1231,2026-05-27,28,1,0
R04,SKU-1231,05/28/2026,37,0,0
R04,SKU-1231,2026-05-29,20,0,0
R04,SKU-1231,2026-05-30,26,1,1
R04,SKU-1231,2026-05-31,28,0,0
R04,SKU-1077,2026-05-01,32,0,0
R04,SKU-1077,2026-05-02,30,1,0
R04,SKU-1077,2026-05-03,31,0,0
R04,SKU-1077,2026-05-04,26,0,0
R04,SKU-1077,05/05/2026,26,0,0
R04,SKU-1077,05/06/2026,26,1,0
R04,SKU-1077,2026-05-07,25,0,0
R04,SKU-1077,05/08/2026,27,0,1
R04,SKU-1077,2026-05-09,30,1,0
R04,SKU-1077,05/10/2026,24,0,0
R04,SKU-1077,2026-05-11,30,1,0
R04,SKU-1077,05/12/2026,31,0,0
R04,SKU-1077,2026-05-13,29,0,0
R04,SKU-1077,2026-05-14,26,0,0
R04,SKU-1077,2026-05-15,22,0,0
R04,SKU-1077,16-May-26,31,0,0
R04,SKU-1077,2026-05-17,28,2,0
R04,SKU-1077,18-May-26,25,0,0
R04,SKU-1077,2026-05-19,21,0,0
R04,SKU-1077,05/20/2026,33,0,0
R04,SKU-1077,21-May-26,34,0,0
R04,SKU-1077,05/22/2026,23,2,1
R04,SKU-1077,2026-05-23,20,0,0
R04,SKU-1077,2026-05-24,26,0,0
R04,SKU-1077,25-May-26,33,0,1
R04,SKU-1077,2026-05-26,22,0,0
R04,SKU-1077,2026-05-27,26,1,0
R04,SKU-1077,05/28/2026,21,0,1
R04,SKU-1077,2026-05-29,39,0,0
R04,SKU-1077,30-May-26,26,1,0
R04,SKU-1077,05/31/2026,24,1,0
R04,SKU-1021,01-May-26,38,0,0
R04,SKU-1021,05/02/2026,21,0,0
R04,SKU-1021,2026-05-03,33,0,0
R04,SKU-1021,04-May-26,34,0,0
R04,SKU-1021,05/05/2026,29,0,0
R04,SKU-1021,2026-05-06,20,0,0
R04,SKU-1021,2026-05-07,28,1,0
R04,SKU-1021,2026-05-08,28,1,0
R04,SKU-1021,2026-05-09,32,0,0
R04,SKU-1021,2026-05-10,26,0,0
R04,SKU-1021,2026-05-11,19,0,1
R04,SKU-1021,12-May-26,30,1,0
R04,SKU-1021,05/13/2026,33,0,0
R04,SKU-1021,14-May-26,20,0,0
R04,SKU-1021,15-May-26,31,2,0
R04,SKU-1021,2026-05-16,20,0,0
R04,SKU-1021,2026-05-17,32,0,0
R04,SKU-1021,2026-05-18,28,0,0
R04,SKU-1021,2026-05-19,20,3,1
R04,SKU-1021,2026-05-20,34,0,0
R04,SKU-1021,05/21/2026,34,0,0
R04,SKU-1021,05/22/2026,35,1,0
R04,SKU-1021,2026-05-23,24,1,0
R04,SKU-1021,2026-05-24,25,1,1
R04,SKU-1021,2026-05-25,26,1,0
R04,SKU-1021,2026-05-26,29,1,0
R04,SKU-1021,2026-05-27,24,1,0
R04,SKU-1021,2026-05-28,34,0,1
R04,SKU-1021,2026-05-29,28,0,0
R04,SKU-1021,2026-05-30,32,2,0
R04,SKU-1021,2026-05-31,29,0,0
R04,SKU-1028,01-May-26,6,0,0
R04,SKU-1028,2026-05-02,15,1,0
R04,SKU-1028,2026-05-03,4,0,0
R04,SKU-1028,04-May-26,10,0,0
R04,SKU-1028,05-May-26,12,1,0
R04,SKU-1028,2026-05-06,12,0,0
R04,SKU-1028,07-May-26,15,0,0
R04,SKU-1028,2026-05-08,15,0,1
R04,SKU-1028,2026-05-09,15,2,0
R04,SKU-1028,05/10/2026,9,3,1
R04,SKU-1028,2026-05-11,11,0,0
R04,SKU-1028,2026-05-12,7,1,1
R04,SKU-1028,2026-05-13,17,0,1
R04,SKU-1028,14-May-26,8,0,0
R04,SKU-1028,05/15/2026,19,0,0
R04,SKU-1028,2026-05-16,10,0,0
R04,SKU-1028,17-May-26,8,1,0
R04,SKU-1028,2026-05-18,11,0,0
R04,SKU-1028,19-May-26,4,0,0
R04,SKU-1028,05/20/2026,5,2,0
R04,SKU-1028,2026-05-21,14,0,0
R04,SKU-1028,05/22/2026,7,0,0
R04,SKU-1028,23-May-26,7,0,0
R04,SKU-1028,2026-05-24,10,0,0
R04,SKU-1028,05/25/2026,7,0,0
R04,SKU-1028,05/26/2026,11,0,0
R04,SKU-1028,05/27/2026,17,0,0
R04,SKU-1028,05/28/2026,10,1,0
R04,SKU-1028,05/29/2026,9,1,0
R04,SKU-1028,2026-05-30,11,0,0
R04,SKU-1028,2026-05-31,15,0,0
R04,SKU-1035,2026-05-01,14,0,0
R04,SKU-1035,2026-05-02,13,0,1
R04,SKU-1035,2026-05-03,14,1,0
R04,SKU-1035,2026-05-04,19,0,0
R04,SKU-1035,2026-05-05,7,0,0
R04,SKU-1035,2026-05-06,4,0,0
R04,SKU-1035,2026-05-07,15,0,0
R04,SKU-1035,2026-05-08,9,0,0
R04,SKU-1035,09-May-26,15,0,1
R04,SKU-1035,05/10/2026,14,1,0
R04,SKU-1035,2026-05-11,11,1,0
R04,SKU-1035,2026-05-12,18,0,0
R04,SKU-1035,2026-05-13,17,0,0
R04,SKU-1035,14-May-26,13,0,0
R04,SKU-1035,2026-05-15,17,0,0
R04,SKU-1035,05/16/2026,17,1,0
R04,SKU-1035,17-May-26,10,0,0
R04,SKU-1035,18-May-26,17,0,0
R04,SKU-1035,05/19/2026,15,1,0
R04,SKU-1035,2026-05-20,12,1,0
R04,SKU-1035,2026-05-21,9,0,0
R04,SKU-1035,2026-05-22,6,2,0
R04,SKU-1035,2026-05-23,18,1,0
R04,SKU-1035,2026-05-24,14,0,0
R04,SKU-1035,05/25/2026,16,0,0
R04,SKU-1035,2026-05-26,7,2,0
R04,SKU-1035,05/27/2026,10,0,0
R04,SKU-1035,05/28/2026,11,1,0
R04,SKU-1035,2026-05-29,8,0,0
R04,SKU-1035,30-May-26,8,0,0
R04,SKU-1035,2026-05-31,10,0,1
R04,SKU-1182,05/01/2026,24,1,0
R04,SKU-1182,02-May-26,26,0,0
R04,SKU-1182,05/03/2026,15,0,0
R04,SKU-1182,2026-05-04,25,0,0
R04,SKU-1182,2026-05-05,14,1,1
R04,SKU-1182,2026-05-06,19,0,0
R04,SKU-1182,2026-05-07,12,1,0
R04,SKU-1182,2026-05-08,15,1,0
R04,SKU-1182,2026-05-09,14,0,0
R04,SKU-1182,2026-05-10,20,0,0
R04,SKU-1182,2026-05-11,16,0,0
R04,SKU-1182,2026-05-12,18,0,0
R04,SKU-1182,13-May-26,20,2,1
R04,SKU-1182,05/14/2026,20,0,0
R04,SKU-1182,05/15/2026,17,1,0
R04,SKU-1182,16-May-26,25,0,0
R04,SKU-1182,05/17/2026,22,0,0
R04,SKU-1182,2026-05-18,18,0,0
R04,SKU-1182,2026-05-19,22,1,0
R04,SKU-1182,2026-05-20,19,0,0
R04,SKU-1182,2026-05-21,20,2,0
R04,SKU-1182,22-May-26,13,2,0
R04,SKU-1182,05/23/2026,21,0,0
R04,SKU-1182,05/24/2026,20,0,0
R04,SKU-1182,2026-05-25,27,2,0
R04,SKU-1182,05/26/2026,27,1,0
R04,SKU-1182,27-May-26,23,0,1
R04,SKU-1182,05/28/2026,15,0,0
R04,SKU-1182,2026-05-29,15,0,0
R04,SKU-1182,2026-05-30,21,0,0
R04,SKU-1182,2026-05-31,23,0,0
R04,SKU-1238,2026-05-01,2,0,0
R04,SKU-1238,02-May-26,4,0,0
R04,SKU-1238,2026-05-03,5,0,0
R04,SKU-1238,05/04/2026,7,0,1
R04,SKU-1238,05-May-26,6,0,0
R04,SKU-1238,2026-05-06,4,0,1
R04,SKU-1238,05/07/2026,5,0,0
R04,SKU-1238,2026-05-08,7,0,0
R04,SKU-1238,2026-05-09,7,0,0
R04,SKU-1238,2026-05-10,6,0,0
R04,SKU-1238,2026-05-11,10,0,1
R04,SKU-1238,12-May-26,5,0,0
R04,SKU-1238,2026-05-13,11,0,0
R04,SKU-1238,2026-05-14,7,0,0
R04,SKU-1238,2026-05-15,10,0,0
R04,SKU-1238,05/16/2026,6,0,0
R04,SKU-1238,2026-05-17,7,1,0
R04,SKU-1238,2026-05-18,3,0,0
R04,SKU-1238,19-May-26,4,2,0
R04,SKU-1238,2026-05-20,4,1,0
R04,SKU-1238,2026-05-21,7,0,0
R04,SKU-1238,2026-05-22,3,2,0
R04,SKU-1238,2026-05-23,7,0,0
R04,SKU-1238,05/24/2026,8,0,0
R04,SKU-1238,2026-05-25,4,0,0
R04,SKU-1238,26-May-26,4,0,0
R04,SKU-1238,05/27/2026,4,1,0
R04,SKU-1238,2026-05-28,8,1,1
R04,SKU-1238,2026-05-29,5,1,0
R04,SKU-1238,30-May-26,9,1,0
R04,SKU-1238,31-May-26,7,1,0
R04,SKU-1280,2026-05-01,27,1,0
R04,SKU-1280,2026-05-02,28,1,0
R04,SKU-1280,2026-05-03,30,0,0
R04,SKU-1280,2026-05-04,21,0,0
R04,SKU-1280,2026-05-05,22,0,0
R04,SKU-1280,2026-05-06,26,0,0
R04,SKU-1280,2026-05-07,24,2,0
R04,SKU-1280,05/08/2026,25,0,1
R04,SKU-1280,09-May-26,22,0,0
R04,SKU-1280,2026-05-10,31,0,0
R04,SKU-1280,05/11/2026,24,0,0
R04,SKU-1280,2026-05-12,22,0,0
R04,SKU-1280,13-May-26,31,0,0
R04,SKU-1280,2026-05-14,36,0,0
R04,SKU-1280,2026-05-15,28,0,0
R04,SKU-1280,05/16/2026,26,1,0
R04,SKU-1280,05/17/2026,21,0,0
R04,SKU-1280,05/18/2026,27,0,0
R04,SKU-1280,05/19/2026,29,0,0
R04,SKU-1280,2026-05-20,30,0,0
R04,SKU-1280,05/21/2026,29,1,0
R04,SKU-1280,05/22/2026,33,0,0
R04,SKU-1280,2026-05-23,25,0,0
R04,SKU-1280,05/24/2026,29,0,0
R04,SKU-1280,05/25/2026,24,1,0
R04,SKU-1280,2026-05-26,24,0,0
R04,SKU-1280,2026-05-27,31,0,1
R04,SKU-1280,2026-05-28,26,1,1
R04,SKU-1280,2026-05-29,24,0,0
R04,SKU-1280,2026-05-30,26,0,0
R04,SKU-1280,2026-05-31,28,1,0
R04,SKU-1273,05/01/2026,6,0,0
R04,SKU-1273,2026-05-02,6,1,0
R04,SKU-1273,2026-05-03,9,0,0
R04,SKU-1273,2026-05-04,5,0,1
R04,SKU-1273,05/05/2026,4,1,1
R04,SKU-1273,2026-05-06,3,0,0
R04,SKU-1273,2026-05-07,5,0,0
R04,SKU-1273,2026-05-08,10,0,0
R04,SKU-1273,2026-05-09,7,0,0
R04,SKU-1273,05/10/2026,6,1,0
R04,SKU-1273,2026-05-11,5,0,0
R04,SKU-1273,2026-05-12,6,0,0
R04,SKU-1273,05/13/2026,6,1,0
R04,SKU-1273,2026-05-14,9,0,0
R04,SKU-1273,2026-05-15,8,1,0
R04,SKU-1273,16-May-26,3,0,0
R04,SKU-1273,17-May-26,4,0,0
R04,SKU-1273,2026-05-18,8,2,0
R04,SKU-1273,05/19/2026,7,3,0
R04,SKU-1273,2026-05-20,7,0,0
R04,SKU-1273,21-May-26,5,1,0
R04,SKU-1273,22-May-26,10,1,0
R04,SKU-1273,2026-05-23,10,0,1
R04,SKU-1273,2026-05-24,7,1,0
R04,SKU-1273,2026-05-25,5,0,0
R04,SKU-1273,2026-05-26,3,1,0
R04,SKU-1273,05/27/2026,6,0,1
R04,SKU-1273,05/28/2026,3,2,0
R04,SKU-1273,29-May-26,4,0,0
R04,SKU-1273,2026-05-30,5,0,0
R04,SKU-1273,2026-05-31,7,1,0
R04,SKU-1091,05/01/2026,10,0,0
R04,SKU-1091,2026-05-02,5,0,0
R04,SKU-1091,2026-05-03,5,0,0
R04,SKU-1091,2026-05-04,5,0,0
R04,SKU-1091,05/05/2026,9,1,0
R04,SKU-1091,2026-05-06,9,0,1
R04,SKU-1091,2026-05-07,12,1,0
R04,SKU-1091,2026-05-08,3,0,0
R04,SKU-1091,2026-05-09,4,0,0
R04,SKU-1091,2026-05-10,7,0,0
R04,SKU-1091,11-May-26,10,0,0
R04,SKU-1091,12-May-26,8,1,1
R04,SKU-1091,2026-05-13,10,2,0
R04,SKU-1091,2026-05-14,11,1,0
R04,SKU-1091,05/15/2026,7,1,0
R04,SKU-1091,2026-05-16,4,0,0
R04,SKU-1091,05/17/2026,6,1,0
R04,SKU-1091,18-May-26,14,0,0
R04,SKU-1091,05/19/2026,11,0,1
R04,SKU-1091,2026-05-20,6,0,0
R04,SKU-1091,21-May-26,5,0,0
R04,SKU-1091,05/22/2026,6,1,0
R04,SKU-1091,2026-05-23,8,0,0
R04,SKU-1091,24-May-26,13,1,0
R04,SKU-1091,2026-05-25,6,0,0
R04,SKU-1091,26-May-26,9,0,0
R04,SKU-1091,2026-05-27,6,0,0
R04,SKU-1091,2026-05-28,7,1,0
R04,SKU-1091,2026-05-29,8,0,0
R04,SKU-1091,2026-05-30,5,0,0
R04,SKU-1091,31-May-26,9,0,0
R04,SKU-1210,2026-05-01,35,0,1
R04,SKU-1210,2026-05-02,35,0,0
R04,SKU-1210,03-May-26,35,1,0
R04,SKU-1210,2026-05-04,30,0,0
R04,SKU-1210,2026-05-05,32,0,0
R04,SKU-1210,2026-05-06,29,1,0
R04,SKU-1210,05/07/2026,28,2,0
R04,SKU-1210,2026-05-08,32,1,1
R04,SKU-1210,2026-05-09,27,0,0
R04,SKU-1210,2026-05-10,30,1,0
R04,SKU-1210,11-May-26,23,0,1
R04,SKU-1210,2026-05-12,28,0,0
R04,SKU-1210,2026-05-13,38,1,1
R04,SKU-1210,2026-05-14,32,0,0
R04,SKU-1210,2026-05-15,35,2,1
R04,SKU-1210,2026-05-16,37,1,0
R04,SKU-1210,05/17/2026,31,2,0
R04,SKU-1210,18-May-26,39,1,1
R04,SKU-1210,05/19/2026,23,0,0
R04,SKU-1210,05/20/2026,21,2,0
R04,SKU-1210,05/21/2026,26,0,0
R04,SKU-1210,2026-05-22,34,0,0
R04,SKU-1210,05/23/2026,37,1,0
R04,SKU-1210,2026-05-24,32,0,0
R04,SKU-1210,2026-05-25,34,1,0
R04,SKU-1210,2026-05-26,27,1,0
R04,SKU-1210,2026-05-27,40,0,0
R04,SKU-1210,05/28/2026,32,1,0
R04,SKU-1210,2026-05-29,33,0,1
R04,SKU-1210,05/30/2026,26,1,0
R04,SKU-1210,2026-05-31,30,0,1
R04,SKU-1266,05/01/2026,8,0,0
R04,SKU-1266,05/02/2026,7,0,0
R04,SKU-1266,2026-05-03,3,0,0
R04,SKU-1266,2026-05-04,4,0,0
R04,SKU-1266,2026-05-05,6,0,0
R04,SKU-1266,2026-05-06,7,0,0
R04,SKU-1266,05/07/2026,7,0,0
R04,SKU-1266,08-May-26,8,0,0
R04,SKU-1266,2026-05-09,8,0,1
R04,SKU-1266,05/10/2026,5,1,0
R04,SKU-1266,2026-05-11,4,1,0
R04,SKU-1266,05/12/2026,11,0,0
R04,SKU-1266,2026-05-13,10,0,0
R04,SKU-1266,14-May-26,9,1,0
R04,SKU-1266,05/15/2026,2,1,0
R04,SKU-1266,2026-05-16,11,0,0
R04,SKU-1266,2026-05-17,5,0,0
R04,SKU-1266,2026-05-18,5,0,0
R04,SKU-1266,19-May-26,3,0,1
R04,SKU-1266,20-May-26,8,1,1
R04,SKU-1266,05/21/2026,7,2,0
R04,SKU-1266,2026-05-22,5,0,0
R04,SKU-1266,2026-05-23,7,0,0
R04,SKU-1266,2026-05-24,6,0,0
R04,SKU-1266,2026-05-25,6,0,0
R04,SKU-1266,2026-05-26,5,1,0
R04,SKU-1266,2026-05-27,7,0,0
R04,SKU-1266,05/28/2026,7,3,0
R04,SKU-1266,29-May-26,5,1,1
R04,SKU-1266,30-May-26,7,0,0
R04,SKU-1266,31-May-26,5,0,0
R04,SKU-1259,2026-05-01,3,0,0
R04,SKU-1259,2026-05-02,8,0,0
R04,SKU-1259,2026-05-03,7,0,0
R04,SKU-1259,2026-05-04,9,0,0
R04,SKU-1259,2026-05-05,6,0,0
R04,SKU-1259,05/06/2026,7,0,0
R04,SKU-1259,05/07/2026,10,0,0
R04,SKU-1259,08-May-26,6,2,1
R04,SKU-1259,2026-05-09,6,2,0
R04,SKU-1259,05/10/2026,5,1,0
R04,SKU-1259,11-May-26,9,0,0
R04,SKU-1259,2026-05-12,7,0,0
R04,SKU-1259,2026-05-13,14,0,0
R04,SKU-1259,05/14/2026,12,0,0
R04,SKU-1259,05/15/2026,5,2,0
R04,SKU-1259,2026-05-16,9,1,0
R04,SKU-1259,2026-05-17,9,0,1
R04,SKU-1259,18-May-26,10,0,1
R04,SKU-1259,2026-05-19,8,0,0
R04,SKU-1259,2026-05-20,12,0,0
R04,SKU-1259,05/21/2026,10,2,0
R04,SKU-1259,2026-05-22,14,0,0
R04,SKU-1259,2026-05-23,7,1,1
R04,SKU-1259,2026-05-24,8,1,0
R04,SKU-1259,2026-05-25,8,0,0
R04,SKU-1259,05/26/2026,8,0,0
R04,SKU-1259,05/27/2026,5,0,0
R04,SKU-1259,28-May-26,8,0,0
R04,SKU-1259,2026-05-29,8,0,0
R04,SKU-1259,2026-05-30,9,0,0
R04,SKU-1259,31-May-26,3,0,0
R04,SKU-1133,2026-05-01,10,0,0
R04,SKU-1133,05/02/2026,6,1,0
R04,SKU-1133,2026-05-03,12,1,0
R04,SKU-1133,04-May-26,5,0,0
R04,SKU-1133,2026-05-05,4,0,0
R04,SKU-1133,2026-05-06,1,0,0
R04,SKU-1133,05/07/2026,7,1,0
R04,SKU-1133,2026-05-08,6,0,1
R04,SKU-1133,2026-05-09,6,1,0
R04,SKU-1133,05/10/2026,2,0,0
R04,SKU-1133,11-May-26,5,0,0
R04,SKU-1133,05/12/2026,5,0,0
R04,SKU-1133,2026-05-13,6,2,0
R04,SKU-1133,2026-05-14,4,0,0
R04,SKU-1133,2026-05-15,7,0,0
R04,SKU-1133,2026-05-16,7,0,0
R04,SKU-1133,05/17/2026,8,2,0
R04,SKU-1133,05/18/2026,9,1,0
R04,SKU-1133,2026-05-19,3,0,0
R04,SKU-1133,2026-05-20,4,0,0
R04,SKU-1133,21-May-26,4,1,0
R04,SKU-1133,2026-05-22,5,0,0
R04,SKU-1133,2026-05-23,5,0,0
R04,SKU-1133,05/24/2026,5,0,0
R04,SKU-1133,2026-05-25,6,0,0
R04,SKU-1133,2026-05-26,6,0,0
R04,SKU-1133,2026-05-27,4,0,0
R04,SKU-1133,2026-05-28,5,0,0
R04,SKU-1133,29-May-26,4,1,0
R04,SKU-1133,2026-05-30,5,1,0
R04,SKU-1133,05/31/2026,4,1,0
R04,SKU-1126,2026-05-01,9,0,0
R04,SKU-1126,05/02/2026,6,1,0
R04,SKU-1126,2026-05-03,9,3,0
R04,SKU-1126,2026-05-04,10,1,0
R04,SKU-1126,2026-05-05,12,0,0
R04,SKU-1126,05/06/2026,12,0,0
R04,SKU-1126,2026-05-07,8,0,1
R04,SKU-1126,08-May-26,10,0,0
R04,SKU-1126,05/09/2026,12,0,0
R04,SKU-1126,10-May-26,16,0,1
R04,SKU-1126,05/11/2026,10,0,0
R04,SKU-1126,2026-05-12,8,0,0
R04,SKU-1126,2026-05-13,12,1,0
R04,SKU-1126,2026-05-14,13,2,0
R04,SKU-1126,05/15/2026,12,0,0
R04,SKU-1126,2026-05-16,13,0,0
R04,SKU-1126,05/17/2026,6,1,0
R04,SKU-1126,2026-05-18,20,0,0
R04,SKU-1126,2026-05-19,11,0,0
R04,SKU-1126,05/20/2026,14,0,0
R04,SKU-1126,2026-05-21,7,1,0
R04,SKU-1126,22-May-26,19,0,1
R04,SKU-1126,2026-05-23,12,1,0
R04,SKU-1126,2026-05-24,6,0,1
R04,SKU-1126,2026-05-25,9,0,0
R04,SKU-1126,05/26/2026,10,0,1
R04,SKU-1126,05/27/2026,13,0,0
R04,SKU-1126,2026-05-28,7,0,0
R04,SKU-1126,2026-05-29,9,1,0
R04,SKU-1126,2026-05-30,16,0,0
R04,SKU-1126,05/31/2026,10,1,0
R04,SKU-1175,2026-05-01,20,0,0
R04,SKU-1175,2026-05-02,21,0,0
R04,SKU-1175,2026-05-03,19,1,0
R04,SKU-1175,2026-05-04,11,0,0
R04,SKU-1175,05/05/2026,13,0,0
R04,SKU-1175,06-May-26,10,0,1
R04,SKU-1175,05/07/2026,15,1,0
R04,SKU-1175,2026-05-08,8,0,1
R04,SKU-1175,05/09/2026,15,0,0
R04,SKU-1175,05/10/2026,11,0,0
R04,SKU-1175,2026-05-11,14,0,0
R04,SKU-1175,2026-05-12,22,1,0
R04,SKU-1175,2026-05-13,13,0,0
R04,SKU-1175,14-May-26,18,0,0
R04,SKU-1175,2026-05-15,15,0,0
R04,SKU-1175,05/16/2026,8,0,0
R04,SKU-1175,2026-05-17,15,0,0
R04,SKU-1175,2026-05-18,17,0,1
R04,SKU-1175,05/19/2026,10,0,0
R04,SKU-1175,05/20/2026,13,0,0
R04,SKU-1175,2026-05-21,17,0,1
R04,SKU-1175,05/22/2026,13,0,0
R04,SKU-1175,05/23/2026,18,0,0
R04,SKU-1175,05/24/2026,11,0,0
R04,SKU-1175,2026-05-25,11,0,0
R04,SKU-1175,2026-05-26,13,1,0
R04,SKU-1175,2026-05-27,6,0,0
R04,SKU-1175,05/28/2026,17,1,0
R04,SKU-1175,2026-05-29,17,0,1
R04,SKU-1175,2026-05-30,6,0,0
R04,SKU-1175,2026-05-31,12,0,0
R04,SKU-1098,2026-05-01,18,3,0
R04,SKU-1098,2026-05-02,18,0,0
R04,SKU-1098,2026-05-03,15,1,0
R04,SKU-1098,05/04/2026,21,1,0
R04,SKU-1098,05-May-26,24,0,0
R04,SKU-1098,06-May-26,22,1,0
R04,SKU-1098,2026-05-07,25,0,0
R04,SKU-1098,05/08/2026,18,0,1
R04,SKU-1098,09-May-26,22,1,0
R04,SKU-1098,2026-05-10,27,0,0
R04,SKU-1098,2026-05-11,27,0,0
R04,SKU-1098,2026-05-12,21,0,0
R04,SKU-1098,05/13/2026,16,0,0
R04,SKU-1098,2026-05-14,20,0,0
R04,SKU-1098,2026-05-15,24,0,0
R04,SKU-1098,05/16/2026,22,0,1
R04,SKU-1098,05/17/2026,17,0,0
R04,SKU-1098,2026-05-18,17,0,0
R04,SKU-1098,2026-05-19,26,0,0
R04,SKU-1098,20-May-26,23,2,0
R04,SKU-1098,05/21/2026,18,1,0
R04,SKU-1098,22-May-26,18,1,1
R04,SKU-1098,2026-05-23,19,0,0
R04,SKU-1098,24-May-26,20,1,0
R04,SKU-1098,2026-05-25,22,2,0
R04,SKU-1098,2026-05-26,17,0,0
R04,SKU-1098,05/27/2026,17,0,0
R04,SKU-1098,2026-05-28,12,0,0
R04,SKU-1098,2026-05-29,18,0,0
R04,SKU-1098,30-May-26,16,0,0
R04,SKU-1098,31-May-26,26,0,0
R04,SKU-1196,2026-05-01,12,0,0
R04,SKU-1196,2026-05-02,11,1,0
R04,SKU-1196,03-May-26,14,0,1
R04,SKU-1196,2026-05-04,13,2,0
R04,SKU-1196,05/05/2026,14,0,1
R04,SKU-1196,2026-05-06,13,0,0
R04,SKU-1196,2026-05-07,14,2,0
R04,SKU-1196,08-May-26,15,0,1
R04,SKU-1196,09-May-26,12,0,0
R04,SKU-1196,10-May-26,21,0,0
R04,SKU-1196,2026-05-11,24,0,0
R04,SKU-1196,2026-05-12,21,0,0
R04,SKU-1196,05/13/2026,15,0,0
R04,SKU-1196,2026-05-14,12,2,0
R04,SKU-1196,2026-05-15,20,0,0
R04,SKU-1196,05/16/2026,13,0,0
R04,SKU-1196,05/17/2026,18,0,0
R04,SKU-1196,2026-05-18,16,1,0
R04,SKU-1196,2026-05-19,18,0,0
R04,SKU-1196,2026-05-20,11,1,0
R04,SKU-1196,05/21/2026,16,1,0
R04,SKU-1196,2026-05-22,11,0,0
R04,SKU-1196,05/23/2026,16,0,0
R04,SKU-1196,2026-05-24,14,0,0
R04,SKU-1196,2026-05-25,14,0,0
R04,SKU-1196,26-May-26,15,0,0
R04,SKU-1196,2026-05-27,14,0,0
R04,SKU-1196,2026-05-28,9,0,0
R04,SKU-1196,05/29/2026,22,0,0
R04,SKU-1196,30-May-26,11,0,0
R04,SKU-1196,2026-05-31,15,0,0
R04,SKU-1189,2026-05-01,34,1,0
R04,SKU-1189,05/02/2026,25,0,0
R04,SKU-1189,03-May-26,30,0,0
R04,SKU-1189,2026-05-04,30,0,0
R04,SKU-1189,2026-05-05,27,1,0
R04,SKU-1189,2026-05-06,28,0,1
R04,SKU-1189,05/07/2026,30,1,0
R04,SKU-1189,2026-05-08,20,0,0
R04,SKU-1189,09-May-26,28,0,0
R04,SKU-1189,05/10/2026,25,1,0
R04,SKU-1189,2026-05-11,31,0,0
R04,SKU-1189,2026-05-12,32,0,1
R04,SKU-1189,2026-05-13,25,1,0
R04,SKU-1189,2026-05-14,31,1,0
R04,SKU-1189,2026-05-15,25,0,1
R04,SKU-1189,2026-05-16,25,0,0
R04,SKU-1189,2026-05-17,34,0,1
R04,SKU-1189,05/18/2026,31,0,1
R04,SKU-1189,19-May-26,27,0,0
R04,SKU-1189,05/20/2026,15,0,1
R04,SKU-1189,05/21/2026,23,0,0
R04,SKU-1189,2026-05-22,25,1,0
R04,SKU-1189,23-May-26,37,0,0
R04,SKU-1189,24-May-26,23,0,0
R04,SKU-1189,05/25/2026,25,0,0
R04,SKU-1189,26-May-26,33,1,0
R04,SKU-1189,2026-05-27,31,1,0
R04,SKU-1189,2026-05-28,38,0,0
R04,SKU-1189,2026-05-29,22,0,1
R04,SKU-1189,30-May-26,33,0,0
R04,SKU-1189,2026-05-31,30,1,0
R04,SKU-1168,01-May-26,25,0,0
R04,SKU-1168,05/02/2026,18,0,0
R04,SKU-1168,05/03/2026,25,1,0
R04,SKU-1168,05/04/2026,18,1,0
R04,SKU-1168,2026-05-05,30,0,0
R04,SKU-1168,06-May-26,19,2,0
R04,SKU-1168,2026-05-07,15,0,0
R04,SKU-1168,2026-05-08,25,0,0
R04,SKU-1168,2026-05-09,13,0,0
R04,SKU-1168,05/10/2026,15,0,0
R04,SKU-1168,2026-05-11,24,1,0
R04,SKU-1168,12-May-26,22,0,0
R04,SKU-1168,2026-05-13,18,0,0
R04,SKU-1168,05/14/2026,14,0,0
R04,SKU-1168,2026-05-15,23,0,0
R04,SKU-1168,2026-05-16,25,0,0
R04,SKU-1168,05/17/2026,26,0,0
R04,SKU-1168,2026-05-18,27,0,0
R04,SKU-1168,05/19/2026,26,0,1
R04,SKU-1168,2026-05-20,17,0,0
R04,SKU-1168,2026-05-21,26,0,0
R04,SKU-1168,2026-05-22,29,1,0
R04,SKU-1168,2026-05-23,17,1,0
R04,SKU-1168,2026-05-24,24,0,0
R04,SKU-1168,2026-05-25,17,1,0
R04,SKU-1168,2026-05-26,22,0,0
R04,SKU-1168,27-May-26,26,0,0
R04,SKU-1168,05/28/2026,29,0,0
R04,SKU-1168,2026-05-29,23,0,0
R04,SKU-1168,2026-05-30,28,0,0
R04,SKU-1168,2026-05-31,24,0,0
R04,SKU-1105,2026-05-01,7,0,0
R04,SKU-1105,2026-05-02,8,0,0
R04,SKU-1105,03-May-26,9,1,0
R04,SKU-1105,2026-05-04,3,0,0
R04,SKU-1105,05-May-26,9,1,1
R04,SKU-1105,2026-05-06,12,1,0
R04,SKU-1105,2026-05-07,12,1,0
R04,SKU-1105,2026-05-08,11,0,0
R04,SKU-1105,05/09/2026,5,0,0
R04,SKU-1105,05/10/2026,10,0,0
R04,SKU-1105,2026-05-11,7,0,0
R04,SKU-1105,2026-05-12,8,1,0
R04,SKU-1105,05/13/2026,11,1,0
R04,SKU-1105,2026-05-14,10,0,0
R04,SKU-1105,05/15/2026,6,1,0
R04,SKU-1105,2026-05-16,8,0,0
R04,SKU-1105,2026-05-17,11,0,0
R04,SKU-1105,05/18/2026,6,0,0
R04,SKU-1105,05/19/2026,13,1,0
R04,SKU-1105,05/20/2026,11,0,0
R04,SKU-1105,2026-05-21,6,0,0
R04,SKU-1105,2026-05-22,6,0,1
R04,SKU-1105,2026-05-23,11,0,0
R04,SKU-1105,2026-05-24,11,1,0
R04,SKU-1105,2026-05-25,7,0,0
R04,SKU-1105,05/26/2026,9,1,0
R04,SKU-1105,27-May-26,11,0,0
R04,SKU-1105,2026-05-28,7,2,0
R04,SKU-1105,29-May-26,11,0,0
R04,SKU-1105,2026-05-30,8,1,0
R04,SKU-1105,2026-05-31,9,0,0
R04,SKU-1161,05/01/2026,14,0,0
R04,SKU-1161,2026-05-02,13,0,1
R04,SKU-1161,05/03/2026,13,1,0
R04,SKU-1161,04-May-26,16,1,0
R04,SKU-1161,2026-05-05,16,0,1
R04,SKU-1161,2026-05-06,12,1,0
R04,SKU-1161,07-May-26,11,1,0
R04,SKU-1161,2026-05-08,15,0,0
R04,SKU-1161,05/09/2026,12,1,0
R04,SKU-1161,2026-05-10,16,2,0
R04,SKU-1161,05/11/2026,20,0,0
R04,SKU-1161,2026-05-12,13,0,0
R04,SKU-1161,2026-05-13,16,1,0
R04,SKU-1161,05/14/2026,15,0,1
R04,SKU-1161,2026-05-15,13,1,0
R04,SKU-1161,2026-05-16,15,0,0
R04,SKU-1161,2026-05-17,21,0,0
R04,SKU-1161,18-May-26,14,0,0
R04,SKU-1161,19-May-26,16,0,0
R04,SKU-1161,2026-05-20,19,0,1
R04,SKU-1161,2026-05-21,18,1,0
R04,SKU-1161,2026-05-22,18,0,0
R04,SKU-1161,2026-05-23,12,0,1
R04,SKU-1161,2026-05-24,18,0,0
R04,SKU-1161,2026-05-25,18,0,0
R04,SKU-1161,2026-05-26,18,0,0
R04,SKU-1161,2026-05-27,14,1,0
R04,SKU-1161,05/28/2026,15,0,0
R04,SKU-1161,05/29/2026,9,0,1
R04,SKU-1161,2026-05-30,18,0,0
R04,SKU-1161,2026-05-31,10,0,1
R04,SKU-1112,01-May-26,7,0,1
R04,SKU-1112,05/02/2026,10,0,0
R04,SKU-1112,05/03/2026,8,1,1
R04,SKU-1112,2026-05-04,4,0,0
R04,SKU-1112,05/05/2026,6,0,0
R04,SKU-1112,05/06/2026,6,0,0
R04,SKU-1112,05/07/2026,7,0,0
R04,SKU-1112,2026-05-08,6,0,1
R04,SKU-1112,2026-05-09,8,2,0
R04,SKU-1112,10-May-26,7,0,0
R04,SKU-1112,11-May-26,8,1,0
R04,SKU-1112,2026-05-12,10,0,0
R04,SKU-1112,05/13/2026,9,1,0
R04,SKU-1112,2026-05-14,5,0,1
R04,SKU-1112,2026-05-15,9,2,0
R04,SKU-1112,2026-05-16,8,1,0
R04,SKU-1112,2026-05-17,8,1,1
R04,SKU-1112,2026-05-18,7,0,0
R04,SKU-1112,2026-05-19,3,0,0
R04,SKU-1112,05/20/2026,8,1,0
R04,SKU-1112,21-May-26,9,1,0
R04,SKU-1112,2026-05-22,9,1,0
R04,SKU-1112,05/23/2026,12,0,0
R04,SKU-1112,2026-05-24,8,0,0
R04,SKU-1112,25-May-26,6,0,1
R04,SKU-1112,26-May-26,8,1,0
R04,SKU-1112,2026-05-27,13,0,0
R04,SKU-1112,05/28/2026,8,0,0
R04,SKU-1112,2026-05-29,8,0,0
R04,SKU-1112,05/30/2026,9,1,0
R04,SKU-1112,2026-05-31,8,0,0
R05,SKU-1112,2026-05-01,15,1,0
R05,SKU-1112,02-May-26,18,0,1
R05,SKU-1112,05/03/2026,24,1,0
R05,SKU-1112,2026-05-04,23,2,0
R05,SKU-1112,05/05/2026,19,0,0
R05,SKU-1112,06-May-26,21,1,0
R05,SKU-1112,05/07/2026,19,0,0
R05,SKU-1112,05/08/2026,18,0,0
R05,SKU-1112,09-May-26,17,1,1
R05,SKU-1112,2026-05-10,21,1,0
R05,SKU-1112,11-May-26,17,2,0
R05,SKU-1112,2026-05-12,31,1,0
R05,SKU-1112,05/13/2026,22,1,0
R05,SKU-1112,2026-05-14,25,1,0
R05,SKU-1112,2026-05-15,27,0,0
R05,SKU-1112,2026-05-16,22,0,0
R05,SKU-1112,05/17/2026,11,1,0
R05,SKU-1112,2026-05-18,21,0,0
R05,SKU-1112,05/19/2026,25,0,0
R05,SKU-1112,2026-05-20,23,0,0
R05,SKU-1112,05/21/2026,18,0,0
R05,SKU-1112,2026-05-22,28,1,0
R05,SKU-1112,05/23/2026,13,0,0
R05,SKU-1112,2026-05-24,26,1,0
R05,SKU-1112,05/25/2026,24,0,0
R05,SKU-1112,2026-05-26,26,0,0
R05,SKU-1112,2026-05-27,23,0,1
R05,SKU-1112,05/28/2026,22,0,0
R05,SKU-1112,2026-05-29,24,0,0
R05,SKU-1112,30-May-26,17,1,0
R05,SKU-1112,2026-05-31,18,0,0
R05,SKU-1133,05/01/2026,15,1,0
R05,SKU-1133,02-May-26,26,1,0
R05,SKU-1133,2026-05-03,23,2,1
R05,SKU-1133,05/04/2026,28,1,0
R05,SKU-1133,05/05/2026,24,0,0
R05,SKU-1133,2026-05-06,23,1,0
R05,SKU-1133,2026-05-07,27,3,0
R05,SKU-1133,05/08/2026,31,0,0
R05,SKU-1133,2026-05-09,21,0,0
R05,SKU-1133,2026-05-10,25,0,0
R05,SKU-1133,2026-05-11,23,0,0
R05,SKU-1133,2026-05-12,28,0,0
R05,SKU-1133,2026-05-13,17,0,1
R05,SKU-1133,14-May-26,13,0,0
R05,SKU-1133,15-May-26,20,0,0
R05,SKU-1133,2026-05-16,30,0,0
R05,SKU-1133,2026-05-17,24,1,0
R05,SKU-1133,05/18/2026,33,0,1
R05,SKU-1133,05/19/2026,16,0,0
R05,SKU-1133,2026-05-20,27,0,0
R05,SKU-1133,2026-05-21,19,0,0
R05,SKU-1133,05/22/2026,30,0,0
R05,SKU-1133,2026-05-23,24,0,1
R05,SKU-1133,2026-05-24,20,0,0
R05,SKU-1133,2026-05-25,14,1,1
R05,SKU-1133,26-May-26,26,0,0
R05,SKU-1133,2026-05-27,29,1,0
R05,SKU-1133,2026-05-28,19,1,0
R05,SKU-1133,2026-05-29,28,0,0
R05,SKU-1133,2026-05-30,23,1,0
R05,SKU-1133,05/31/2026,18,1,0
R05,SKU-1028,2026-05-01,11,0,0
R05,SKU-1028,2026-05-02,6,0,0
R05,SKU-1028,2026-05-03,5,0,0
R05,SKU-1028,04-May-26,8,0,0
R05,SKU-1028,2026-05-05,2,1,0
R05,SKU-1028,2026-05-06,11,3,0
R05,SKU-1028,07-May-26,2,0,0
R05,SKU-1028,2026-05-08,5,0,0
R05,SKU-1028,05/09/2026,5,0,0
R05,SKU-1028,05/10/2026,6,0,0
R05,SKU-1028,2026-05-11,11,0,0
R05,SKU-1028,2026-05-12,8,0,0
R05,SKU-1028,2026-05-13,5,0,0
R05,SKU-1028,2026-05-14,6,0,0
R05,SKU-1028,15-May-26,8,0,0
R05,SKU-1028,05/16/2026,6,0,0
R05,SKU-1028,2026-05-17,5,0,0
R05,SKU-1028,2026-05-18,6,0,0
R05,SKU-1028,2026-05-19,5,0,0
R05,SKU-1028,2026-05-20,9,0,0
R05,SKU-1028,21-May-26,4,0,0
R05,SKU-1028,2026-05-22,4,0,0
R05,SKU-1028,2026-05-23,4,0,0
R05,SKU-1028,2026-05-24,6,0,0
R05,SKU-1028,2026-05-25,10,0,0
R05,SKU-1028,26-May-26,5,1,1
R05,SKU-1028,05/27/2026,6,0,0
R05,SKU-1028,28-May-26,10,0,1
R05,SKU-1028,05/29/2026,6,0,1
R05,SKU-1028,2026-05-30,6,0,0
R05,SKU-1028,2026-05-31,5,0,0
R05,SKU-1126,2026-05-01,17,0,0
R05,SKU-1126,05/02/2026,19,1,0
R05,SKU-1126,05/03/2026,17,0,1
R05,SKU-1126,2026-05-04,14,0,1
R05,SKU-1126,05/05/2026,14,0,0
R05,SKU-1126,05/06/2026,13,0,0
R05,SKU-1126,2026-05-07,13,1,0
R05,SKU-1126,05/08/2026,18,0,0
R05,SKU-1126,2026-05-09,19,0,0
R05,SKU-1126,2026-05-10,15,0,0
R05,SKU-1126,2026-05-11,12,0,0
R05,SKU-1126,2026-05-12,12,1,0
R05,SKU-1126,05/13/2026,18,1,0
R05,SKU-1126,2026-05-14,13,0,0
R05,SKU-1126,2026-05-15,15,0,0
R05,SKU-1126,2026-05-16,15,0,0
R05,SKU-1126,2026-05-17,17,0,0
R05,SKU-1126,2026-05-18,12,1,0
R05,SKU-1126,2026-05-19,18,2,0
R05,SKU-1126,2026-05-20,20,0,0
R05,SKU-1126,2026-05-21,17,1,0
R05,SKU-1126,2026-05-22,19,1,0
R05,SKU-1126,2026-05-23,20,0,0
R05,SKU-1126,24-May-26,14,0,0
R05,SKU-1126,05/25/2026,24,0,0
R05,SKU-1126,26-May-26,19,0,0
R05,SKU-1126,05/27/2026,15,0,0
R05,SKU-1126,2026-05-28,18,0,0
R05,SKU-1126,2026-05-29,20,0,0
R05,SKU-1126,2026-05-30,18,1,0
R05,SKU-1126,05/31/2026,18,4,0
R05,SKU-1077,05/01/2026,19,0,0
R05,SKU-1077,05/02/2026,19,0,0
R05,SKU-1077,03-May-26,23,0,0
R05,SKU-1077,04-May-26,19,1,0
R05,SKU-1077,05/05/2026,17,0,0
R05,SKU-1077,2026-05-06,18,0,0
R05,SKU-1077,2026-05-07,22,0,0
R05,SKU-1077,05/08/2026,32,0,0
R05,SKU-1077,09-May-26,16,0,1
R05,SKU-1077,05/10/2026,29,0,0
R05,SKU-1077,2026-05-11,23,0,0
R05,SKU-1077,2026-05-12,14,0,0
R05,SKU-1077,05/13/2026,26,0,0
R05,SKU-1077,2026-05-14,31,0,0
R05,SKU-1077,05/15/2026,29,1,1
R05,SKU-1077,16-May-26,22,0,0
R05,SKU-1077,2026-05-17,30,1,0
R05,SKU-1077,2026-05-18,25,2,0
R05,SKU-1077,2026-05-19,22,0,0
R05,SKU-1077,05/20/2026,22,0,1
R05,SKU-1077,05/21/2026,21,0,0
R05,SKU-1077,2026-05-22,25,0,0
R05,SKU-1077,05/23/2026,23,0,0
R05,SKU-1077,2026-05-24,31,1,0
R05,SKU-1077,2026-05-25,22,0,0
R05,SKU-1077,2026-05-26,26,0,0
R05,SKU-1077,2026-05-27,19,0,0
R05,SKU-1077,28-May-26,26,0,0
R05,SKU-1077,2026-05-29,24,0,0
R05,SKU-1077,2026-05-30,32,1,0
R05,SKU-1077,2026-05-31,16,0,0
R05,SKU-1196,2026-05-01,38,0,0
R05,SKU-1196,2026-05-02,30,0,1
R05,SKU-1196,2026-05-03,37,0,0
R05,SKU-1196,2026-05-04,30,0,0
R05,SKU-1196,2026-05-05,26,1,0
R05,SKU-1196,05/06/2026,28,0,1
R05,SKU-1196,05/07/2026,31,0,0
R05,SKU-1196,2026-05-08,29,0,0
R05,SKU-1196,2026-05-09,25,1,0
R05,SKU-1196,05/10/2026,39,0,0
R05,SKU-1196,2026-05-11,24,0,0
R05,SKU-1196,2026-05-12,36,0,0
R05,SKU-1196,05/13/2026,38,0,0
R05,SKU-1196,05/14/2026,26,1,0
R05,SKU-1196,2026-05-15,36,2,0
R05,SKU-1196,2026-05-16,36,0,0
R05,SKU-1196,2026-05-17,28,1,0
R05,SKU-1196,05/18/2026,27,0,0
R05,SKU-1196,05/19/2026,29,0,0
R05,SKU-1196,05/20/2026,29,0,0
R05,SKU-1196,2026-05-21,28,0,0
R05,SKU-1196,2026-05-22,26,0,0
R05,SKU-1196,2026-05-23,32,0,0
R05,SKU-1196,2026-05-24,37,0,0
R05,SKU-1196,2026-05-25,29,1,0
R05,SKU-1196,05/26/2026,39,0,0
R05,SKU-1196,2026-05-27,32,0,0
R05,SKU-1196,2026-05-28,26,0,0
R05,SKU-1196,2026-05-29,30,0,0
R05,SKU-1196,30-May-26,29,0,0
R05,SKU-1196,2026-05-31,35,1,0
R05,SKU-1056,2026-05-01,25,0,0
R05,SKU-1056,2026-05-02,34,0,0
R05,SKU-1056,2026-05-03,26,0,0
R05,SKU-1056,2026-05-04,29,0,0
R05,SKU-1056,05-May-26,25,1,0
R05,SKU-1056,2026-05-06,30,0,0
R05,SKU-1056,05/07/2026,26,0,0
R05,SKU-1056,2026-05-08,24,0,0
R05,SKU-1056,05/09/2026,24,0,0
R05,SKU-1056,10-May-26,22,0,0
R05,SKU-1056,05/11/2026,18,0,0
R05,SKU-1056,2026-05-12,28,1,1
R05,SKU-1056,2026-05-13,16,2,0
R05,SKU-1056,2026-05-14,34,1,0
R05,SKU-1056,05/15/2026,32,0,0
R05,SKU-1056,05/16/2026,29,1,0
R05,SKU-1056,2026-05-17,36,0,0
R05,SKU-1056,2026-05-18,35,2,0
R05,SKU-1056,2026-05-19,29,0,0
R05,SKU-1056,2026-05-20,26,0,0
R05,SKU-1056,2026-05-21,26,1,0
R05,SKU-1056,2026-05-22,39,1,0
R05,SKU-1056,05/23/2026,19,1,0
R05,SKU-1056,2026-05-24,29,1,0
R05,SKU-1056,2026-05-25,27,0,0
R05,SKU-1056,05/26/2026,24,1,0
R05,SKU-1056,2026-05-27,33,0,0
R05,SKU-1056,2026-05-28,32,1,0
R05,SKU-1056,29-May-26,24,1,0
R05,SKU-1056,2026-05-30,29,0,0
R05,SKU-1056,05/31/2026,28,0,0
R05,SKU-1280,2026-05-01,17,0,0
R05,SKU-1280,2026-05-02,7,3,0
R05,SKU-1280,05/03/2026,12,0,0
R05,SKU-1280,2026-05-04,16,0,0
R05,SKU-1280,2026-05-05,12,0,0
R05,SKU-1280,2026-05-06,11,0,1
R05,SKU-1280,2026-05-07,12,0,1
R05,SKU-1280,08-May-26,11,0,0
R05,SKU-1280,05/09/2026,12,0,0
R05,SKU-1280,05/10/2026,17,1,0
R05,SKU-1280,2026-05-11,14,1,0
R05,SKU-1280,2026-05-12,6,0,0
R05,SKU-1280,2026-05-13,16,1,0
R05,SKU-1280,2026-05-14,12,0,0
R05,SKU-1280,2026-05-15,16,0,0
R05,SKU-1280,2026-05-16,6,0,0
R05,SKU-1280,2026-05-17,18,0,0
R05,SKU-1280,2026-05-18,10,1,0
R05,SKU-1280,05/19/2026,15,0,1
R05,SKU-1280,05/20/2026,7,1,1
R05,SKU-1280,2026-05-21,17,0,0
R05,SKU-1280,05/22/2026,14,1,0
R05,SKU-1280,05/23/2026,7,2,0
R05,SKU-1280,24-May-26,16,4,0
R05,SKU-1280,25-May-26,17,0,0
R05,SKU-1280,2026-05-26,16,2,0
R05,SKU-1280,27-May-26,9,1,0
R05,SKU-1280,28-May-26,15,0,0
R05,SKU-1280,2026-05-29,13,0,0
R05,SKU-1280,2026-05-30,16,0,0
R05,SKU-1280,2026-05-31,13,0,0
R05,SKU-1147,05/01/2026,6,0,1
R05,SKU-1147,2026-05-02,8,0,0
R05,SKU-1147,05/03/2026,3,0,0
R05,SKU-1147,2026-05-04,5,0,1
R05,SKU-1147,2026-05-05,3,0,1
R05,SKU-1147,2026-05-06,2,0,0
R05,SKU-1147,07-May-26,6,0,0
R05,SKU-1147,2026-05-08,6,0,0
R05,SKU-1147,2026-05-09,6,0,0
R05,SKU-1147,2026-05-10,5,0,1
R05,SKU-1147,05/11/2026,10,0,0
R05,SKU-1147,2026-05-12,4,0,0
R05,SKU-1147,13-May-26,6,0,0
R05,SKU-1147,2026-05-14,6,0,0
R05,SKU-1147,2026-05-15,12,2,0
R05,SKU-1147,16-May-26,10,0,0
R05,SKU-1147,2026-05-17,5,1,0
R05,SKU-1147,2026-05-18,9,0,0
R05,SKU-1147,05/19/2026,5,0,1
R05,SKU-1147,20-May-26,2,0,0
R05,SKU-1147,21-May-26,12,0,0
R05,SKU-1147,22-May-26,7,0,0
R05,SKU-1147,2026-05-23,6,0,0
R05,SKU-1147,2026-05-24,9,1,0
R05,SKU-1147,2026-05-25,1,0,0
R05,SKU-1147,26-May-26,8,0,0
R05,SKU-1147,2026-05-27,9,0,0
R05,SKU-1147,28-May-26,5,1,0
R05,SKU-1147,2026-05-29,8,0,0
R05,SKU-1147,2026-05-30,8,0,0
R05,SKU-1147,2026-05-31,4,0,0
R05,SKU-1273,2026-05-01,20,0,0
R05,SKU-1273,2026-05-02,19,0,0
R05,SKU-1273,2026-05-03,14,0,0
R05,SKU-1273,2026-05-04,27,0,0
R05,SKU-1273,2026-05-05,24,0,0
R05,SKU-1273,2026-05-06,20,0,0
R05,SKU-1273,05/07/2026,29,0,0
R05,SKU-1273,05/08/2026,23,0,0
R05,SKU-1273,2026-05-09,25,1,0
R05,SKU-1273,2026-05-10,26,0,0
R05,SKU-1273,05/11/2026,26,0,0
R05,SKU-1273,12-May-26,30,1,0
R05,SKU-1273,2026-05-13,18,0,0
R05,SKU-1273,14-May-26,25,0,0
R05,SKU-1273,15-May-26,17,1,0
R05,SKU-1273,2026-05-16,21,1,0
R05,SKU-1273,17-May-26,29,0,0
R05,SKU-1273,2026-05-18,18,1,0
R05,SKU-1273,2026-05-19,22,0,0
R05,SKU-1273,2026-05-20,28,1,0
R05,SKU-1273,05/21/2026,14,0,0
R05,SKU-1273,22-May-26,20,1,0
R05,SKU-1273,2026-05-23,20,0,0
R05,SKU-1273,2026-05-24,22,0,0
R05,SKU-1273,05/25/2026,19,0,0
R05,SKU-1273,26-May-26,18,0,0
R05,SKU-1273,2026-05-27,24,0,0
R05,SKU-1273,05/28/2026,21,1,0
R05,SKU-1273,05/29/2026,18,0,0
R05,SKU-1273,05/30/2026,23,2,0
R05,SKU-1273,2026-05-31,15,1,0
R05,SKU-1105,05/01/2026,13,1,0
R05,SKU-1105,2026-05-02,14,0,0
R05,SKU-1105,2026-05-03,26,0,0
R05,SKU-1105,2026-05-04,16,0,0
R05,SKU-1105,2026-05-05,6,1,0
R05,SKU-1105,2026-05-06,12,1,0
R05,SKU-1105,2026-05-07,16,0,0
R05,SKU-1105,2026-05-08,17,0,0
R05,SKU-1105,09-May-26,14,1,1
R05,SKU-1105,10-May-26,7,1,1
R05,SKU-1105,2026-05-11,20,0,0
R05,SKU-1105,12-May-26,13,0,0
R05,SKU-1105,2026-05-13,21,1,0
R05,SKU-1105,05/14/2026,9,1,1
R05,SKU-1105,2026-05-15,15,0,0
R05,SKU-1105,2026-05-16,12,1,0
R05,SKU-1105,2026-05-17,10,0,0
R05,SKU-1105,05/18/2026,9,0,0
R05,SKU-1105,2026-05-19,14,1,1
R05,SKU-1105,2026-05-20,12,0,0
R05,SKU-1105,2026-05-21,20,1,1
R05,SKU-1105,2026-05-22,12,0,0
R05,SKU-1105,2026-05-23,9,0,0
R05,SKU-1105,05/24/2026,12,0,0
R05,SKU-1105,2026-05-25,16,0,0
R05,SKU-1105,2026-05-26,15,0,0
R05,SKU-1105,2026-05-27,9,0,0
R05,SKU-1105,2026-05-28,14,0,0
R05,SKU-1105,05/29/2026,12,1,0
R05,SKU-1105,30-May-26,15,0,0
R05,SKU-1105,2026-05-31,15,0,0
R05,SKU-1007,2026-05-01,26,0,0
R05,SKU-1007,2026-05-02,27,1,0
R05,SKU-1007,03-May-26,22,0,0
R05,SKU-1007,05/04/2026,23,0,0
R05,SKU-1007,2026-05-05,23,0,0
R05,SKU-1007,2026-05-06,18,1,0
R05,SKU-1007,2026-05-07,32,0,0
R05,SKU-1007,08-May-26,24,1,0
R05,SKU-1007,09-May-26,19,1,0
R05,SKU-1007,05/10/2026,28,1,0
R05,SKU-1007,2026-05-11,21,0,0
R05,SKU-1007,2026-05-12,18,1,0
R05,SKU-1007,2026-05-13,16,0,1
R05,SKU-1007,05/14/2026,20,0,0
R05,SKU-1007,05/15/2026,24,0,1
R05,SKU-1007,05/16/2026,32,1,0
R05,SKU-1007,2026-05-17,28,1,0
R05,SKU-1007,2026-05-18,25,0,0
R05,SKU-1007,2026-05-19,28,0,0
R05,SKU-1007,05/20/2026,19,1,0
R05,SKU-1007,2026-05-21,25,1,0
R05,SKU-1007,05/22/2026,16,0,0
R05,SKU-1007,2026-05-23,13,0,0
R05,SKU-1007,05/24/2026,23,0,0
R05,SKU-1007,2026-05-25,25,0,0
R05,SKU-1007,26-May-26,30,0,0
R05,SKU-1007,05/27/2026,28,1,0
R05,SKU-1007,2026-05-28,26,0,0
R05,SKU-1007,2026-05-29,26,0,0
R05,SKU-1007,05/30/2026,17,0,0
R05,SKU-1007,05/31/2026,25,0,0
R05,SKU-1098,05/01/2026,37,1,1
R05,SKU-1098,2026-05-02,30,1,0
R05,SKU-1098,05/03/2026,30,0,0
R05,SKU-1098,04-May-26,33,0,0
R05,SKU-1098,2026-05-05,35,0,0
R05,SKU-1098,2026-05-06,34,0,0
R05,SKU-1098,2026-05-07,33,0,0
R05,SKU-1098,08-May-26,41,0,0
R05,SKU-1098,09-May-26,31,0,0
R05,SKU-1098,05/10/2026,26,0,0
R05,SKU-1098,2026-05-11,30,1,0
R05,SKU-1098,2026-05-12,22,0,0
R05,SKU-1098,2026-05-13,33,0,0
R05,SKU-1098,2026-05-14,35,0,0
R05,SKU-1098,15-May-26,24,0,0
R05,SKU-1098,05/16/2026,42,0,0
R05,SKU-1098,17-May-26,28,0,1
R05,SKU-1098,2026-05-18,29,3,0
R05,SKU-1098,2026-05-19,27,0,0
R05,SKU-1098,20-May-26,25,0,0
R05,SKU-1098,2026-05-21,29,0,0
R05,SKU-1098,2026-05-22,40,0,0
R05,SKU-1098,2026-05-23,30,0,0
R05,SKU-1098,2026-05-24,29,0,0
R05,SKU-1098,05/25/2026,27,0,0
R05,SKU-1098,05/26/2026,32,0,0
R05,SKU-1098,05/27/2026,43,1,0
R05,SKU-1098,2026-05-28,26,2,0
R05,SKU-1098,29-May-26,36,0,0
R05,SKU-1098,2026-05-30,46,0,0
R05,SKU-1098,2026-05-31,36,2,0
R05,SKU-1035,05/01/2026,10,0,0
R05,SKU-1035,2026-05-02,4,0,1
R05,SKU-1035,03-May-26,11,0,1
R05,SKU-1035,05/04/2026,8,0,0
R05,SKU-1035,05/05/2026,5,1,0
R05,SKU-1035,2026-05-06,7,0,0
R05,SKU-1035,2026-05-07,6,0,0
R05,SKU-1035,05/08/2026,12,0,0
R05,SKU-1035,09-May-26,8,0,0
R05,SKU-1035,05/10/2026,6,0,0
R05,SKU-1035,2026-05-11,7,1,1
R05,SKU-1035,05/12/2026,7,1,0
R05,SKU-1035,05/13/2026,6,1,1
R05,SKU-1035,2026-05-14,10,1,0
R05,SKU-1035,2026-05-15,7,0,0
R05,SKU-1035,05/16/2026,7,0,0
R05,SKU-1035,05/17/2026,10,0,0
R05,SKU-1035,2026-05-18,10,1,0
R05,SKU-1035,2026-05-19,4,1,0
R05,SKU-1035,05/20/2026,6,0,0
R05,SKU-1035,05/21/2026,6,0,0
R05,SKU-1035,2026-05-22,6,0,0
R05,SKU-1035,2026-05-23,6,0,0
R05,SKU-1035,05/24/2026,7,2,0
R05,SKU-1035,2026-05-25,7,1,0
R05,SKU-1035,26-May-26,8,0,1
R05,SKU-1035,2026-05-27,6,1,0
R05,SKU-1035,2026-05-28,7,1,0
R05,SKU-1035,2026-05-29,8,1,0
R05,SKU-1035,2026-05-30,4,1,0
R05,SKU-1035,05/31/2026,7,0,0
R05,SKU-1014,05/01/2026,15,0,0
R05,SKU-1014,2026-05-02,14,0,0
R05,SKU-1014,2026-05-03,10,0,1
R05,SKU-1014,2026-05-04,7,1,0
R05,SKU-1014,05/05/2026,14,0,1
R05,SKU-1014,2026-05-06,13,0,0
R05,SKU-1014,2026-05-07,10,0,0
R05,SKU-1014,2026-05-08,19,0,0
R05,SKU-1014,05/09/2026,14,1,0
R05,SKU-1014,10-May-26,16,1,0
R05,SKU-1014,05/11/2026,13,1,0
R05,SKU-1014,12-May-26,14,0,1
R05,SKU-1014,05/13/2026,19,0,0
R05,SKU-1014,2026-05-14,15,0,0
R05,SKU-1014,2026-05-15,9,1,1
R05,SKU-1014,05/16/2026,14,0,0
R05,SKU-1014,17-May-26,18,0,1
R05,SKU-1014,05/18/2026,11,2,0
R05,SKU-1014,05/19/2026,13,0,0
R05,SKU-1014,2026-05-20,20,0,0
R05,SKU-1014,05/21/2026,12,0,0
R05,SKU-1014,05/22/2026,17,1,0
R05,SKU-1014,2026-05-23,11,0,0
R05,SKU-1014,24-May-26,16,0,0
R05,SKU-1014,25-May-26,15,1,0
R05,SKU-1014,2026-05-26,16,0,0
R05,SKU-1014,2026-05-27,9,1,1
R05,SKU-1014,05/28/2026,21,0,1
R05,SKU-1014,2026-05-29,10,0,0
R05,SKU-1014,2026-05-30,15,0,0
R05,SKU-1014,2026-05-31,14,1,0
R05,SKU-1091,2026-05-01,9,2,0
R05,SKU-1091,02-May-26,10,0,0
R05,SKU-1091,03-May-26,8,1,1
R05,SKU-1091,2026-05-04,9,0,0
R05,SKU-1091,2026-05-05,11,1,0
R05,SKU-1091,2026-05-06,6,0,1
R05,SKU-1091,2026-05-07,6,0,0
R05,SKU-1091,2026-05-08,3,0,1
R05,SKU-1091,05/09/2026,7,0,0
R05,SKU-1091,2026-05-10,8,0,0
R05,SKU-1091,2026-05-11,4,0,0
R05,SKU-1091,2026-05-12,8,0,0
R05,SKU-1091,05/13/2026,5,1,0
R05,SKU-1091,05/14/2026,5,0,0
R05,SKU-1091,2026-05-15,2,0,0
R05,SKU-1091,16-May-26,6,0,0
R05,SKU-1091,05/17/2026,14,0,0
R05,SKU-1091,2026-05-18,9,0,0
R05,SKU-1091,2026-05-19,7,0,0
R05,SKU-1091,05/20/2026,7,1,0
R05,SKU-1091,2026-05-21,1,0,0
R05,SKU-1091,22-May-26,6,1,0
R05,SKU-1091,05/23/2026,8,1,0
R05,SKU-1091,24-May-26,7,0,0
R05,SKU-1091,2026-05-25,11,0,0
R05,SKU-1091,26-May-26,10,0,0
R05,SKU-1091,2026-05-27,5,1,0
R05,SKU-1091,28-May-26,8,0,0
R05,SKU-1091,05/29/2026,7,0,0
R05,SKU-1091,2026-05-30,8,0,1
R05,SKU-1091,05/31/2026,2,0,0
R05,SKU-1182,05/01/2026,8,0,0
R05,SKU-1182,2026-05-02,17,0,0
R05,SKU-1182,2026-05-03,10,2,0
R05,SKU-1182,04-May-26,21,0,0
R05,SKU-1182,2026-05-05,15,1,0
R05,SKU-1182,2026-05-06,16,1,0
R05,SKU-1182,2026-05-07,17,0,0
R05,SKU-1182,05/08/2026,8,1,0
R05,SKU-1182,05/09/2026,17,0,0
R05,SKU-1182,2026-05-10,13,1,0
R05,SKU-1182,2026-05-11,17,0,0
R05,SKU-1182,05/12/2026,11,0,0
R05,SKU-1182,2026-05-13,17,0,0
R05,SKU-1182,14-May-26,30,0,0
R05,SKU-1182,2026-05-15,13,0,0
R05,SKU-1182,2026-05-16,20,1,0
R05,SKU-1182,05/17/2026,21,2,0
R05,SKU-1182,05/18/2026,19,1,0
R05,SKU-1182,05/19/2026,13,0,0
R05,SKU-1182,2026-05-20,18,0,0
R05,SKU-1182,2026-05-21,16,1,0
R05,SKU-1182,22-May-26,15,0,0
R05,SKU-1182,2026-05-23,12,3,1
R05,SKU-1182,05/24/2026,13,0,0
R05,SKU-1182,2026-05-25,22,2,0
R05,SKU-1182,26-May-26,22,1,0
R05,SKU-1182,2026-05-27,12,0,0
R05,SKU-1182,2026-05-28,14,0,0
R05,SKU-1182,29-May-26,13,0,0
R05,SKU-1182,2026-05-30,15,0,0
R05,SKU-1182,2026-05-31,18,0,0
R05,SKU-1042,2026-05-01,18,1,0
R05,SKU-1042,2026-05-02,25,1,0
R05,SKU-1042,05/03/2026,13,0,0
R05,SKU-1042,05/04/2026,15,0,0
R05,SKU-1042,2026-05-05,23,0,0
R05,SKU-1042,05/06/2026,22,1,0
R05,SKU-1042,07-May-26,18,1,0
R05,SKU-1042,08-May-26,22,0,0
R05,SKU-1042,2026-05-09,24,0,1
R05,SKU-1042,10-May-26,13,0,0
R05,SKU-1042,2026-05-11,12,0,0
R05,SKU-1042,12-May-26,25,0,0
R05,SKU-1042,2026-05-13,14,0,0
R05,SKU-1042,05/14/2026,21,0,1
R05,SKU-1042,2026-05-15,16,0,0
R05,SKU-1042,2026-05-16,24,0,0
R05,SKU-1042,2026-05-17,14,0,0
R05,SKU-1042,2026-05-18,21,1,0
R05,SKU-1042,05/19/2026,15,2,0
R05,SKU-1042,2026-05-20,18,1,0
R05,SKU-1042,21-May-26,20,1,0
R05,SKU-1042,2026-05-22,18,0,0
R05,SKU-1042,2026-05-23,13,0,0
R05,SKU-1042,2026-05-24,21,0,0
R05,SKU-1042,2026-05-25,17,1,0
R05,SKU-1042,2026-05-26,15,0,0
R05,SKU-1042,27-May-26,30,0,0
R05,SKU-1042,2026-05-28,21,0,0
R05,SKU-1042,2026-05-29,21,0,0
R05,SKU-1042,2026-05-30,22,0,0
R05,SKU-1042,2026-05-31,12,0,1
R05,SKU-1140,01-May-26,14,0,0
R05,SKU-1140,2026-05-02,14,0,0
R05,SKU-1140,2026-05-03,20,0,0
R05,SKU-1140,2026-05-04,12,0,0
R05,SKU-1140,2026-05-05,16,0,0
R05,SKU-1140,05/06/2026,9,0,0
R05,SKU-1140,2026-05-07,11,0,1
R05,SKU-1140,2026-05-08,11,0,0
R05,SKU-1140,2026-05-09,19,0,0
R05,SKU-1140,2026-05-10,7,0,0
R05,SKU-1140,2026-05-11,24,0,0
R05,SKU-1140,2026-05-12,17,0,0
R05,SKU-1140,05/13/2026,16,0,0
R05,SKU-1140,2026-05-14,19,0,0
R05,SKU-1140,05/15/2026,23,0,0
R05,SKU-1140,2026-05-16,18,0,1
R05,SKU-1140,2026-05-17,16,0,0
R05,SKU-1140,18-May-26,12,0,0
R05,SKU-1140,05/19/2026,16,2,0
R05,SKU-1140,05/20/2026,10,1,1
R05,SKU-1140,2026-05-21,8,0,0
R05,SKU-1140,2026-05-22,11,1,0
R05,SKU-1140,05/23/2026,16,1,0
R05,SKU-1140,24-May-26,12,2,0
R05,SKU-1140,2026-05-25,16,0,0
R05,SKU-1140,2026-05-26,6,0,0
R05,SKU-1140,2026-05-27,14,0,0
R05,SKU-1140,2026-05-28,17,0,0
R05,SKU-1140,29-May-26,16,0,0
R05,SKU-1140,2026-05-30,15,0,0
R05,SKU-1140,31-May-26,21,1,0
R05,SKU-1189,01-May-26,15,1,0
R05,SKU-1189,05/02/2026,13,1,0
R05,SKU-1189,2026-05-03,18,0,0
R05,SKU-1189,2026-05-04,20,1,0
R05,SKU-1189,2026-05-05,13,0,0
R05,SKU-1189,2026-05-06,21,0,0
R05,SKU-1189,07-May-26,14,1,1
R05,SKU-1189,2026-05-08,18,0,1
R05,SKU-1189,2026-05-09,13,1,0
R05,SKU-1189,10-May-26,14,0,0
R05,SKU-1189,05/11/2026,22,0,0
R05,SKU-1189,2026-05-12,19,0,0
R05,SKU-1189,05/13/2026,7,0,0
R05,SKU-1189,05/14/2026,14,1,0
R05,SKU-1189,2026-05-15,16,1,1
R05,SKU-1189,2026-05-16,20,0,0
R05,SKU-1189,05/17/2026,15,0,0
R05,SKU-1189,2026-05-18,10,0,0
R05,SKU-1189,19-May-26,21,2,1
R05,SKU-1189,2026-05-20,15,1,0
R05,SKU-1189,2026-05-21,18,1,1
R05,SKU-1189,2026-05-22,19,1,0
R05,SKU-1189,2026-05-23,15,0,0
R05,SKU-1189,05/24/2026,9,2,0
R05,SKU-1189,2026-05-25,15,0,0
R05,SKU-1189,2026-05-26,12,0,0
R05,SKU-1189,2026-05-27,15,0,0
R05,SKU-1189,2026-05-28,13,0,0
R05,SKU-1189,2026-05-29,16,0,0
R05,SKU-1189,05/30/2026,12,0,0
R05,SKU-1189,2026-05-31,11,0,0
R05,SKU-1084,2026-05-01,14,0,0
R05,SKU-1084,2026-05-02,11,0,0
R05,SKU-1084,2026-05-03,10,0,0
R05,SKU-1084,2026-05-04,16,0,0
R05,SKU-1084,2026-05-05,14,0,0
R05,SKU-1084,2026-05-06,8,1,0
R05,SKU-1084,2026-05-07,10,0,0
R05,SKU-1084,08-May-26,11,2,0
R05,SKU-1084,05/09/2026,15,0,0
R05,SKU-1084,05/10/2026,17,0,0
R05,SKU-1084,2026-05-11,14,1,0
R05,SKU-1084,2026-05-12,16,0,0
R05,SKU-1084,2026-05-13,7,0,0
R05,SKU-1084,2026-05-14,15,1,0
R05,SKU-1084,15-May-26,12,0,0
R05,SKU-1084,2026-05-16,10,0,0
R05,SKU-1084,17-May-26,10,2,0
R05,SKU-1084,2026-05-18,14,0,0
R05,SKU-1084,2026-05-19,14,0,0
R05,SKU-1084,05/20/2026,18,0,0
R05,SKU-1084,21-May-26,12,1,0
R05,SKU-1084,22-May-26,7,0,1
R05,SKU-1084,2026-05-23,9,0,0
R05,SKU-1084,2026-05-24,10,1,0
R05,SKU-1084,2026-05-25,8,0,0
R05,SKU-1084,2026-05-26,14,0,0
R05,SKU-1084,2026-05-27,11,1,1
R05,SKU-1084,05/28/2026,11,0,0
R05,SKU-1084,05/29/2026,15,1,0
R05,SKU-1084,2026-05-30,15,0,0
R05,SKU-1084,05/31/2026,15,1,0
R05,SKU-1168,05/01/2026,22,1,0
R05,SKU-1168,05/02/2026,28,0,1
R05,SKU-1168,05/03/2026,30,0,0
R05,SKU-1168,04-May-26,36,0,0
R05,SKU-1168,2026-05-05,38,0,0
R05,SKU-1168,05/06/2026,35,1,0
R05,SKU-1168,07-May-26,40,1,0
R05,SKU-1168,05/08/2026,36,0,0
R05,SKU-1168,2026-05-09,28,0,1
R05,SKU-1168,2026-05-10,33,0,0
R05,SKU-1168,11-May-26,28,0,0
R05,SKU-1168,2026-05-12,37,0,1
R05,SKU-1168,05/13/2026,30,1,0
R05,SKU-1168,2026-05-14,25,0,0
R05,SKU-1168,2026-05-15,21,0,0
R05,SKU-1168,05/16/2026,26,0,0
R05,SKU-1168,2026-05-17,31,0,0
R05,SKU-1168,2026-05-18,31,0,0
R05,SKU-1168,05/19/2026,37,0,0
R05,SKU-1168,2026-05-20,36,0,1
R05,SKU-1168,2026-05-21,29,0,0
R05,SKU-1168,2026-05-22,25,0,0
R05,SKU-1168,2026-05-23,34,1,0
R05,SKU-1168,2026-05-24,36,0,0
R05,SKU-1168,2026-05-25,18,1,0
R05,SKU-1168,2026-05-26,34,0,0
R05,SKU-1168,27-May-26,30,0,0
R05,SKU-1168,2026-05-28,29,0,0
R05,SKU-1168,2026-05-29,41,0,0
R05,SKU-1168,2026-05-30,26,0,0
R05,SKU-1168,2026-05-31,30,0,0
R05,SKU-1175,2026-05-01,41,0,0
R05,SKU-1175,2026-05-02,36,1,0
R05,SKU-1175,05/03/2026,28,0,0
R05,SKU-1175,2026-05-04,25,0,0
R05,SKU-1175,2026-05-05,26,0,0
R05,SKU-1175,2026-05-06,25,2,0
R05,SKU-1175,05/07/2026,44,1,0
R05,SKU-1175,2026-05-08,39,0,0
R05,SKU-1175,2026-05-09,40,0,0
R05,SKU-1175,2026-05-10,32,0,0
R05,SKU-1175,11-May-26,27,1,0
R05,SKU-1175,2026-05-12,35,1,0
R05,SKU-1175,05/13/2026,32,0,0
R05,SKU-1175,2026-05-14,39,0,0
R05,SKU-1175,05/15/2026,30,0,0
R05,SKU-1175,2026-05-16,45,2,0
R05,SKU-1175,2026-05-17,31,0,0
R05,SKU-1175,2026-05-18,29,0,0
R05,SKU-1175,19-May-26,32,0,0
R05,SKU-1175,2026-05-20,40,0,0
R05,SKU-1175,2026-05-21,35,0,0
R05,SKU-1175,05/22/2026,30,0,0
R05,SKU-1175,05/23/2026,28,0,0
R05,SKU-1175,2026-05-24,37,1,0
R05,SKU-1175,05/25/2026,33,0,1
R05,SKU-1175,05/26/2026,35,0,0
R05,SKU-1175,27-May-26,26,0,0
R05,SKU-1175,2026-05-28,45,0,0
R05,SKU-1175,05/29/2026,27,0,0
R05,SKU-1175,30-May-26,32,1,0
R05,SKU-1175,2026-05-31,30,0,0
R05,SKU-1070,05/01/2026,38,1,0
R05,SKU-1070,2026-05-02,29,0,0
R05,SKU-1070,05/03/2026,33,0,0
R05,SKU-1070,2026-05-04,32,1,0
R05,SKU-1070,05-May-26,23,0,0
R05,SKU-1070,2026-05-06,38,0,1
R05,SKU-1070,05/07/2026,27,2,0
R05,SKU-1070,2026-05-08,28,0,0
R05,SKU-1070,09-May-26,34,0,0
R05,SKU-1070,05/10/2026,38,0,0
R05,SKU-1070,11-May-26,23,0,0
R05,SKU-1070,2026-05-12,37,1,0
R05,SKU-1070,2026-05-13,27,1,0
R05,SKU-1070,05/14/2026,33,0,1
R05,SKU-1070,15-May-26,29,0,0
R05,SKU-1070,2026-05-16,32,0,0
R05,SKU-1070,2026-05-17,32,0,0
R05,SKU-1070,2026-05-18,37,1,0
R05,SKU-1070,2026-05-19,37,1,0
R05,SKU-1070,2026-05-20,37,0,0
R05,SKU-1070,2026-05-21,23,0,0
R05,SKU-1070,2026-05-22,27,1,0
R05,SKU-1070,2026-05-23,26,1,1
R05,SKU-1070,24-May-26,23,0,0
R05,SKU-1070,25-May-26,18,1,0
R05,SKU-1070,2026-05-26,41,0,0
R05,SKU-1070,2026-05-27,37,1,0
R05,SKU-1070,28-May-26,35,0,0
R05,SKU-1070,2026-05-29,45,1,0
R05,SKU-1070,2026-05-30,26,3,0
R05,SKU-1070,2026-05-31,34,0,0
