retailer_id,product_id,sale_date,sold_qty,returns_qty,promo_flag
R01,SKU-1014,02/01/2026,2,1,0
R01,SKU-1014,2026-02-02,7,0,0
R01,SKU-1014,02/03/2026,7,0,0
R01,SKU-1014,2026-02-04,3,2,0
R01,SKU-1014,2026-02-05,6,0,0
R01,SKU-1014,2026-02-06,8,1,0
R01,SKU-1014,2026-02-07,3,2,0
R01,SKU-1014,2026-02-08,5,1,1
R01,SKU-1014,2026-02-09,3,0,0
R01,SKU-1014,2026-02-10,12,1,0
R01,SKU-1014,02/11/2026,1,1,0
R01,SKU-1014,12-Feb-26,6,2,0
R01,SKU-1014,2026-02-13,4,1,0
R01,SKU-1014,2026-02-14,5,1,0
R01,SKU-1014,02/15/2026,5,1,0
R01,SKU-1014,2026-02-16,5,0,0
R01,SKU-1014,02/17/2026,5,0,0
R01,SKU-1014,2026-02-18,4,1,0
R01,SKU-1014,19-Feb-26,6,0,0
R01,SKU-1014,2026-02-20,5,0,0
R01,SKU-1014,2026-02-21,5,0,0
R01,SKU-1014,2026-02-22,7,0,0
R01,SKU-1014,2026-02-23,8,0,0
R01,SKU-1014,24-Feb-26,6,0,1
R01,SKU-1014,2026-02-25,5,0,0
R01,SKU-1014,2026-02-26,6,0,0
R01,SKU-1014,2026-02-27,4,1,0
R01,SKU-1014,2026-02-28,8,0,0
R01,SKU-1231,02/01/2026,14,0,0
R01,SKU-1231,2026-02-02,6,0,0
R01,SKU-1231,03-Feb-26,13,1,0
R01,SKU-1231,02/04/2026,8,0,0
R01,SKU-1231,2026-02-05,7,1,0
R01,SKU-1231,2026-02-06,17,0,0
R01,SKU-1231,2026-02-07,14,2,0
R01,SKU-1231,02/08/2026,7,2,1
R01,SKU-1231,02/09/2026,9,0,0
R01,SKU-1231,2026-02-10,8,0,0
R01,SKU-1231,11-Feb-26,6,1,0
R01,SKU-1231,02/12/2026,14,0,0
R01,SKU-1231,2026-02-13,12,1,0
R01,SKU-1231,2026-02-14,10,0,0
R01,SKU-1231,2026-02-15,9,1,0
R01,SKU-1231,2026-02-16,12,1,0
R01,SKU-1231,2026-02-17,8,1,0
R01,SKU-1231,02/18/2026,8,1,0
R01,SKU-1231,2026-02-19,11,0,0
R01,SKU-1231,2026-02-20,9,1,0
R01,SKU-1231,2026-02-21,11,0,0
R01,SKU-1231,2026-02-22,8,1,0
R01,SKU-1231,02/23/2026,8,1,0
R01,SKU-1231,2026-02-24,12,1,0
R01,SKU-1231,2026-02-25,12,0,0
R01,SKU-1231,2026-02-26,12,1,0
R01,SKU-1231,27-Feb-26,12,1,0
R01,SKU-1231,2026-02-28,12,1,0
R01,SKU-1056,2026-02-01,16,1,0
R01,SKU-1056,02/02/2026,9,0,0
R01,SKU-1056,2026-02-03,19,0,0
R01,SKU-1056,2026-02-04,12,0,0
R01,SKU-1056,02/05/2026,17,0,0
R01,SKU-1056,02/06/2026,16,0,0
R01,SKU-1056,02/07/2026,15,1,0
R01,SKU-1056,2026-02-08,13,1,0
R01,SKU-1056,09-Feb-26,16,0,0
R01,SKU-1056,02/10/2026,14,0,0
R01,SKU-1056,2026-02-11,13,1,0
R01,SKU-1056,02/12/2026,11,1,0
R01,SKU-1056,2026-02-13,15,0,1
R01,SKU-1056,02/14/2026,12,0,1
R01,SKU-1056,02/15/2026,10,2,1
R01,SKU-1056,16-Feb-26,13,0,0
R01,SKU-1056,2026-02-17,10,0,0
R01,SKU-1056,18-Feb-26,13,0,0
R01,SKU-1056,2026-02-19,19,1,0
R01,SKU-1056,20-Feb-26,16,0,0
R01,SKU-1056,2026-02-21,16,0,0
R01,SKU-1056,02/22/2026,11,0,0
R01,SKU-1056,2026-02-23,14,1,0
R01,SKU-1056,2026-02-24,8,1,0
R01,SKU-1056,2026-02-25,14,3,0
R01,SKU-1056,02/26/2026,14,0,0
R01,SKU-1056,02/27/2026,17,0,0
R01,SKU-1056,02/28/2026,16,0,0
R01,SKU-1140,2026-02-01,8,0,0
R01,SKU-1140,2026-02-02,7,2,0
R01,SKU-1140,2026-02-03,10,3,0
R01,SKU-1140,2026-02-04,9,0,0
R01,SKU-1140,05-Feb-26,5,0,1
R01,SKU-1140,2026-02-06,14,1,0
R01,SKU-1140,2026-02-07,10,0,0
R01,SKU-1140,2026-02-08,11,1,0
R01,SKU-1140,2026-02-09,13,1,0
R01,SKU-1140,10-Feb-26,9,0,0
R01,SKU-1140,02/11/2026,5,0,1
R01,SKU-1140,02/12/2026,9,0,0
R01,SKU-1140,02/13/2026,11,0,0
R01,SKU-1140,02/14/2026,16,0,0
R01,SKU-1140,2026-02-15,9,1,0
R01,SKU-1140,2026-02-16,9,1,0
R01,SKU-1140,02/17/2026,17,0,1
R01,SKU-1140,2026-02-18,9,0,0
R01,SKU-1140,2026-02-19,12,0,0
R01,SKU-1140,2026-02-20,11,1,1
R01,SKU-1140,02/21/2026,10,0,0
R01,SKU-1140,2026-02-22,13,0,0
R01,SKU-1140,23-Feb-26,16,1,1
R01,SKU-1140,02/24/2026,11,0,0
R01,SKU-1140,02/25/2026,16,0,0
R01,SKU-1140,2026-02-26,9,0,0
R01,SKU-1140,2026-02-27,8,0,0
R01,SKU-1140,2026-02-28,11,1,0
R01,SKU-1189,2026-02-01,13,0,0
R01,SKU-1189,2026-02-02,9,0,1
R01,SKU-1189,02/03/2026,9,0,0
R01,SKU-1189,02/04/2026,9,0,1
R01,SKU-1189,2026-02-05,10,0,0
R01,SKU-1189,2026-02-06,9,0,1
R01,SKU-1189,02/07/2026,6,0,0
R01,SKU-1189,2026-02-08,12,0,0
R01,SKU-1189,02/09/2026,12,0,0
R01,SKU-1189,2026-02-10,9,0,0
R01,SKU-1189,2026-02-11,4,1,0
R01,SKU-1189,02/12/2026,6,0,0
R01,SKU-1189,13-Feb-26,14,0,0
R01,SKU-1189,2026-02-14,12,1,0
R01,SKU-1189,15-Feb-26,7,0,0
R01,SKU-1189,16-Feb-26,10,0,0
R01,SKU-1189,2026-02-17,11,0,0
R01,SKU-1189,18-Feb-26,17,1,0
R01,SKU-1189,02/19/2026,17,0,0
R01,SKU-1189,02/20/2026,7,0,0
R01,SKU-1189,2026-02-21,9,0,0
R01,SKU-1189,22-Feb-26,12,1,0
R01,SKU-1189,02/23/2026,4,0,0
R01,SKU-1189,24-Feb-26,10,0,0
R01,SKU-1189,2026-02-25,8,0,0
R01,SKU-1189,2026-02-26,13,0,0
R01,SKU-1189,2026-02-27,7,0,0
R01,SKU-1189,2026-02-28,17,0,0
R01,SKU-1252,02/01/2026,23,1,0
R01,SKU-1252,02/02/2026,18,0,1
R01,SKU-1252,02/03/2026,18,0,0
R01,SKU-1252,2026-02-04,34,0,0
R01,SKU-1252,02/05/2026,15,0,1
R01,SKU-1252,02/06/2026,27,0,1
R01,SKU-1252,2026-02-07,18,0,0
R01,SKU-1252,02/08/2026,24,2,0
R01,SKU-1252,2026-02-09,30,0,0
R01,SKU-1252,2026-02-10,28,0,0
R01,SKU-1252,11-Feb-26,14,0,0
R01,SKU-1252,02/12/2026,36,0,0
R01,SKU-1252,2026-02-13,37,1,0
R01,SKU-1252,2026-02-14,24,0,0
R01,SKU-1252,2026-02-15,26,1,0
R01,SKU-1252,2026-02-16,12,0,0
R01,SKU-1252,2026-02-17,32,1,0
R01,SKU-1252,2026-02-18,27,0,0
R01,SKU-1252,2026-02-19,31,0,0
R01,SKU-1252,2026-02-20,27,0,0
R01,SKU-1252,2026-02-21,22,1,0
R01,SKU-1252,22-Feb-26,29,1,0
R01,SKU-1252,02/23/2026,18,1,0
R01,SKU-1252,2026-02-24,25,0,0
R01,SKU-1252,25-Feb-26,26,0,0
R01,SKU-1252,26-Feb-26,27,0,0
R01,SKU-1252,02/27/2026,29,0,0
R01,SKU-1252,02/28/2026,24,0,0
R01,SKU-1259,2026-02-01,8,1,0
R01,SKU-1259,02-Feb-26,6,0,1
R01,SKU-1259,2026-02-03,17,0,0
R01,SKU-1259,2026-02-04,14,0,1
R01,SKU-1259,2026-02-05,15,1,0
R01,SKU-1259,2026-02-06,6,0,0
R01,SKU-1259,02/07/2026,12,0,0
R01,SKU-1259,02/08/2026,12,1,0
R01,SKU-1259,2026-02-09,11,1,0
R01,SKU-1259,10-Feb-26,8,0,0
R01,SKU-1259,2026-02-11,13,0,0
R01,SKU-1259,2026-02-12,5,1,0
R01,SKU-1259,2026-02-13,14,0,0
R01,SKU-1259,2026-02-14,10,0,0
R01,SKU-1259,15-Feb-26,21,0,0
R01,SKU-1259,2026-02-16,4,1,0
R01,SKU-1259,2026-02-17,10,0,0
R01,SKU-1259,2026-02-18,9,1,0
R01,SKU-1259,2026-02-19,10,1,0
R01,SKU-1259,2026-02-20,13,0,0
R01,SKU-1259,2026-02-21,9,0,1
R01,SKU-1259,22-Feb-26,16,0,0
R01,SKU-1259,2026-02-23,11,0,1
R01,SKU-1259,2026-02-24,13,1,0
R01,SKU-1259,02/25/2026,7,1,0
R01,SKU-1259,02/26/2026,18,1,0
R01,SKU-1259,2026-02-27,8,0,0
R01,SKU-1259,2026-02-28,13,0,0
R01,SKU-1021,2026-02-01,18,1,0
R01,SKU-1021,02-Feb-26,16,1,0
R01,SKU-1021,2026-02-03,9,0,0
R01,SKU-1021,2026-02-04,16,2,0
R01,SKU-1021,02/05/2026,12,0,0
R01,SKU-1021,2026-02-06,12,0,0
R01,SKU-1021,2026-02-07,7,0,0
R01,SKU-1021,08-Feb-26,19,0,0
R01,SKU-1021,2026-02-09,14,0,0
R01,SKU-1021,2026-02-10,16,1,0
R01,SKU-1021,2026-02-11,15,1,0
R01,SKU-1021,2026-02-12,15,1,0
R01,SKU-1021,02/13/2026,12,1,0
R01,SKU-1021,02/14/2026,12,0,0
R01,SKU-1021,02/15/2026,18,0,0
R01,SKU-1021,2026-02-16,24,0,0
R01,SKU-1021,2026-02-17,19,0,0
R01,SKU-1021,2026-02-18,16,0,0
R01,SKU-1021,2026-02-19,7,0,0
R01,SKU-1021,2026-02-20,8,0,0
R01,SKU-1021,2026-02-21,5,0,0
R01,SKU-1021,2026-02-22,14,0,0
R01,SKU-1021,23-Feb-26,11,0,0
R01,SKU-1021,2026-02-24,9,1,0
R01,SKU-1021,02/25/2026,7,0,0
R01,SKU-1021,02/26/2026,17,0,0
R01,SKU-1021,2026-02-27,14,0,0
R01,SKU-1021,2026-02-28,14,0,0
R01,SKU-1147,2026-02-01,20,2,1
R01,SKU-1147,2026-02-02,16,0,0
R01,SKU-1147,2026-02-03,14,1,0
R01,SKU-1147,02/04/2026,15,0,0
R01,SKU-1147,2026-02-05,14,0,0
R01,SKU-1147,02/06/2026,19,1,0
R01,SKU-1147,07-Feb-26,14,1,0
R01,SKU-1147,2026-02-08,15,0,0
R01,SKU-1147,02/09/2026,16,1,0
R01,SKU-1147,10-Feb-26,17,0,0
R01,SKU-1147,2026-02-11,16,0,0
R01,SKU-1147,2026-02-12,27,1,0
R01,SKU-1147,2026-02-13,22,0,0
R01,SKU-1147,2026-02-14,13,0,0
R01,SKU-1147,2026-02-15,21,1,1
R01,SKU-1147,2026-02-16,20,0,0
R01,SKU-1147,2026-02-17,15,0,0
R01,SKU-1147,2026-02-18,16,1,0
R01,SKU-1147,2026-02-19,13,0,0
R01,SKU-1147,02/20/2026,22,0,0
R01,SKU-1147,2026-02-21,10,1,0
R01,SKU-1147,2026-02-22,18,1,0
R01,SKU-1147,2026-02-23,11,0,0
R01,SKU-1147,02/24/2026,18,0,0
R01,SKU-1147,2026-02-25,15,0,0
R01,SKU-1147,26-Feb-26,23,0,0
R01,SKU-1147,2026-02-27,30,0,0
R01,SKU-1147,2026-02-28,25,0,0
R01,SKU-1126,01-Feb-26,29,0,0
R01,SKU-1126,2026-02-02,31,0,0
R01,SKU-1126,2026-02-03,27,0,0
R01,SKU-1126,2026-02-04,30,1,0
R01,SKU-1126,02/05/2026,34,0,0
R01,SKU-1126,2026-02-06,31,1,0
R01,SKU-1126,2026-02-07,26,0,0
R01,SKU-1126,02/08/2026,25,1,0
R01,SKU-1126,2026-02-09,22,0,1
R01,SKU-1126,10-Feb-26,27,0,0
R01,SKU-1126,02/11/2026,20,0,0
R01,SKU-1126,02/12/2026,35,2,0
R01,SKU-1126,2026-02-13,23,1,0
R01,SKU-1126,2026-02-14,23,0,0
R01,SKU-1126,15-Feb-26,23,0,0
R01,SKU-1126,2026-02-16,28,0,0
R01,SKU-1126,2026-02-17,35,0,0
R01,SKU-1126,2026-02-18,22,0,0
R01,SKU-1126,2026-02-19,26,2,0
R01,SKU-1126,02/20/2026,33,1,0
R01,SKU-1126,2026-02-21,27,0,0
R01,SKU-1126,2026-02-22,32,0,0
R01,SKU-1126,23-Feb-26,28,0,0
R01,SKU-1126,2026-02-24,29,2,0
R01,SKU-1126,02/25/2026,26,1,0
R01,SKU-1126,2026-02-26,37,0,0
R01,SKU-1126,27-Feb-26,35,0,0
R01,SKU-1126,2026-02-28,21,0,0
R01,SKU-1175,2026-02-01,1,1,0
R01,SKU-1175,2026-02-02,12,0,0
R01,SKU-1175,2026-02-03,2,1,0
R01,SKU-1175,02/04/2026,4,1,0
R01,SKU-1175,2026-02-05,0,0,0
R01,SKU-1175,2026-02-06,6,1,0
R01,SKU-1175,2026-02-07,6,0,0
R01,SKU-1175,2026-02-08,6,0,0
R01,SKU-1175,2026-02-09,4,1,0
R01,SKU-1175,02/10/2026,2,0,0
R01,SKU-1175,11-Feb-26,1,0,0
R01,SKU-1175,12-Feb-26,4,0,0
R01,SKU-1175,13-Feb-26,4,0,0
R01,SKU-1175,2026-02-14,6,0,0
R01,SKU-1175,02/15/2026,4,1,0
R01,SKU-1175,2026-02-16,3,1,0
R01,SKU-1175,2026-02-17,8,1,0
R01,SKU-1175,02/18/2026,2,1,1
R01,SKU-1175,2026-02-19,3,0,0
R01,SKU-1175,2026-02-20,2,1,0
R01,SKU-1175,2026-02-21,4,1,0
R01,SKU-1175,2026-02-22,3,1,0
R01,SKU-1175,2026-02-23,7,1,0
R01,SKU-1175,2026-02-24,1,0,0
R01,SKU-1175,2026-02-25,4,0,0
R01,SKU-1175,26-Feb-26,5,0,0
R01,SKU-1175,02/27/2026,6,0,1
R01,SKU-1175,2026-02-28,2,0,0
R01,SKU-1196,2026-02-01,27,1,0
R01,SKU-1196,02/02/2026,22,1,0
R01,SKU-1196,2026-02-03,23,0,0
R01,SKU-1196,2026-02-04,19,0,0
R01,SKU-1196,2026-02-05,27,0,0
R01,SKU-1196,2026-02-06,26,0,0
R01,SKU-1196,2026-02-07,29,1,0
R01,SKU-1196,2026-02-08,21,1,0
R01,SKU-1196,09-Feb-26,25,1,0
R01,SKU-1196,10-Feb-26,23,0,0
R01,SKU-1196,2026-02-11,22,0,0
R01,SKU-1196,2026-02-12,29,0,0
R01,SKU-1196,02/13/2026,25,0,0
R01,SKU-1196,2026-02-14,20,0,0
R01,SKU-1196,02/15/2026,26,0,0
R01,SKU-1196,02/16/2026,18,0,0
R01,SKU-1196,17-Feb-26,39,0,0
R01,SKU-1196,2026-02-18,23,0,0
R01,SKU-1196,2026-02-19,19,0,1
R01,SKU-1196,2026-02-20,27,0,0
R01,SKU-1196,2026-02-21,15,0,0
R01,SKU-1196,2026-02-22,25,1,0
R01,SKU-1196,2026-02-23,22,0,0
R01,SKU-1196,02/24/2026,15,0,0
R01,SKU-1196,2026-02-25,15,0,0
R01,SKU-1196,26-Feb-26,17,2,0
R01,SKU-1196,2026-02-27,26,1,0
R01,SKU-1196,2026-02-28,23,0,0
R01,SKU-1091,02/01/2026,14,0,0
R01,SKU-1091,02/02/2026,13,0,0
R01,SKU-1091,2026-02-03,17,0,0
R01,SKU-1091,04-Feb-26,17,0,0
R01,SKU-1091,02/05/2026,17,0,0
R01,SKU-1091,06-Feb-26,13,0,0
R01,SKU-1091,02/07/2026,8,1,0
R01,SKU-1091,2026-02-08,15,0,0
R01,SKU-1091,2026-02-09,21,0,0
R01,SKU-1091,2026-02-10,16,2,0
R01,SKU-1091,2026-02-11,14,1,0
R01,SKU-1091,2026-02-12,21,0,0
R01,SKU-1091,2026-02-13,16,0,1
R01,SKU-1091,2026-02-14,15,0,0
R01,SKU-1091,02/15/2026,9,1,0
R01,SKU-1091,2026-02-16,22,1,0
R01,SKU-1091,02/17/2026,18,0,0
R01,SKU-1091,02/18/2026,10,1,0
R01,SKU-1091,02/19/2026,14,1,0
R01,SKU-1091,02/20/2026,14,0,0
R01,SKU-1091,2026-02-21,18,2,0
R01,SKU-1091,02/22/2026,14,0,0
R01,SKU-1091,02/23/2026,11,2,0
R01,SKU-1091,02/24/2026,9,0,0
R01,SKU-1091,25-Feb-26,13,0,0
R01,SKU-1091,02/26/2026,18,0,0
R01,SKU-1091,27-Feb-26,14,0,0
R01,SKU-1091,28-Feb-26,15,0,0
R01,SKU-1119,02/01/2026,1,0,0
R01,SKU-1119,02/02/2026,4,0,0
R01,SKU-1119,2026-02-03,7,0,0
R01,SKU-1119,2026-02-04,5,0,0
R01,SKU-1119,02/05/2026,3,0,0
R01,SKU-1119,2026-02-06,5,0,0
R01,SKU-1119,2026-02-07,10,1,0
R01,SKU-1119,2026-02-08,3,0,0
R01,SKU-1119,2026-02-09,4,1,0
R01,SKU-1119,02/10/2026,7,0,1
R01,SKU-1119,2026-02-11,11,0,0
R01,SKU-1119,2026-02-12,7,1,0
R01,SKU-1119,02/13/2026,5,0,0
R01,SKU-1119,2026-02-14,4,0,0
R01,SKU-1119,2026-02-15,2,0,0
R01,SKU-1119,16-Feb-26,3,2,1
R01,SKU-1119,2026-02-17,3,0,0
R01,SKU-1119,2026-02-18,7,0,0
R01,SKU-1119,02/19/2026,4,0,0
R01,SKU-1119,2026-02-20,3,0,0
R01,SKU-1119,02/21/2026,3,0,0
R01,SKU-1119,2026-02-22,5,0,0
R01,SKU-1119,02/23/2026,3,1,0
R01,SKU-1119,2026-02-24,4,1,0
R01,SKU-1119,2026-02-25,5,0,0
R01,SKU-1119,2026-02-26,9,0,0
R01,SKU-1119,02/27/2026,5,1,0
R01,SKU-1119,2026-02-28,2,0,0
R01,SKU-1224,2026-02-01,25,0,0
R01,SKU-1224,2026-02-02,32,0,0
R01,SKU-1224,02/03/2026,31,1,1
R01,SKU-1224,2026-02-04,27,0,0
R01,SKU-1224,2026-02-05,36,0,0
R01,SKU-1224,2026-02-06,23,1,0
R01,SKU-1224,02/07/2026,34,0,0
R01,SKU-1224,2026-02-08,29,0,0
R01,SKU-1224,2026-02-09,26,1,0
R01,SKU-1224,02/10/2026,32,0,0
R01,SKU-1224,2026-02-11,30,0,0
R01,SKU-1224,2026-02-12,27,0,1
R01,SKU-1224,2026-02-13,22,0,0
R01,SKU-1224,02/14/2026,29,1,0
R01,SKU-1224,02/15/2026,37,0,0
R01,SKU-1224,2026-02-16,26,0,1
R01,SKU-1224,17-Feb-26,40,0,0
R01,SKU-1224,02/18/2026,35,0,0
R01,SKU-1224,2026-02-19,30,2,0
R01,SKU-1224,02/20/2026,33,1,0
R01,SKU-1224,02/21/2026,36,0,1
R01,SKU-1224,2026-02-22,38,0,0
R01,SKU-1224,2026-02-23,35,0,0
R01,SKU-1224,2026-02-24,18,1,0
R01,SKU-1224,2026-02-25,30,0,0
R01,SKU-1224,2026-02-26,28,0,0
R01,SKU-1224,02/27/2026,35,0,0
R01,SKU-1224,2026-02-28,28,0,1
R01,SKU-1266,2026-02-01,32,0,1
R01,SKU-1266,2026-02-02,20,0,0
R01,SKU-1266,02/03/2026,21,0,0
R01,SKU-1266,2026-02-04,25,0,0
R01,SKU-1266,02/05/2026,36,0,0
R01,SKU-1266,02/06/2026,28,0,0
R01,SKU-1266,02/07/2026,32,0,0
R01,SKU-1266,08-Feb-26,30,2,1
R01,SKU-1266,02/09/2026,32,0,0
R01,SKU-1266,02/10/2026,37,0,0
R01,SKU-1266,11-Feb-26,31,0,0
R01,SKU-1266,2026-02-12,23,1,0
R01,SKU-1266,02/13/2026,37,1,0
R01,SKU-1266,02/14/2026,31,0,0
R01,SKU-1266,2026-02-15,23,0,0
R01,SKU-1266,2026-02-16,27,0,0
R01,SKU-1266,2026-02-17,22,0,0
R01,SKU-1266,2026-02-18,35,1,0
R01,SKU-1266,2026-02-19,31,1,0
R01,SKU-1266,2026-02-20,23,0,0
R01,SKU-1266,2026-02-21,25,0,1
R01,SKU-1266,02/22/2026,35,0,0
R01,SKU-1266,2026-02-23,38,0,0
R01,SKU-1266,2026-02-24,33,0,0
R01,SKU-1266,2026-02-25,31,0,0
R01,SKU-1266,2026-02-26,23,0,0
R01,SKU-1266,2026-02-27,28,0,0
R01,SKU-1266,2026-02-28,32,0,0
R01,SKU-1063,2026-02-01,25,0,1
R01,SKU-1063,02/02/2026,19,0,0
R01,SKU-1063,2026-02-03,22,2,0
R01,SKU-1063,02/04/2026,26,0,0
R01,SKU-1063,05-Feb-26,22,0,0
R01,SKU-1063,06-Feb-26,18,0,0
R01,SKU-1063,2026-02-07,19,0,0
R01,SKU-1063,08-Feb-26,21,1,0
R01,SKU-1063,09-Feb-26,23,0,0
R01,SKU-1063,2026-02-10,25,0,0
R01,SKU-1063,2026-02-11,25,0,0
R01,SKU-1063,2026-02-12,22,0,0
R01,SKU-1063,2026-02-13,23,0,0
R01,SKU-1063,2026-02-14,21,1,0
R01,SKU-1063,2026-02-15,31,0,1
R01,SKU-1063,02/16/2026,19,0,0
R01,SKU-1063,2026-02-17,23,1,0
R01,SKU-1063,18-Feb-26,25,1,1
R01,SKU-1063,2026-02-19,34,0,0
R01,SKU-1063,2026-02-20,20,0,0
R01,SKU-1063,02/21/2026,23,1,0
R01,SKU-1063,2026-02-22,24,0,0
R01,SKU-1063,23-Feb-26,25,0,0
R01,SKU-1063,2026-02-24,27,0,0
R01,SKU-1063,2026-02-25,20,1,0
R01,SKU-1063,02/26/2026,26,0,0
R01,SKU-1063,2026-02-27,29,0,0
R01,SKU-1063,02/28/2026,15,0,0
R01,SKU-1245,2026-02-01,35,0,0
R01,SKU-1245,2026-02-02,30,0,0
R01,SKU-1245,2026-02-03,30,0,0
R01,SKU-1245,02/04/2026,30,0,0
R01,SKU-1245,02/05/2026,27,0,0
R01,SKU-1245,2026-02-06,26,0,0
R01,SKU-1245,2026-02-07,20,1,0
R01,SKU-1245,2026-02-08,21,0,0
R01,SKU-1245,2026-02-09,32,0,1
R01,SKU-1245,02/10/2026,32,0,0
R01,SKU-1245,02/11/2026,30,0,0
R01,SKU-1245,12-Feb-26,30,0,0
R01,SKU-1245,2026-02-13,26,0,0
R01,SKU-1245,2026-02-14,25,0,0
R01,SKU-1245,2026-02-15,33,0,0
R01,SKU-1245,2026-02-16,25,0,0
R01,SKU-1245,2026-02-17,33,0,0
R01,SKU-1245,2026-02-18,22,0,1
R01,SKU-1245,2026-02-19,18,0,0
R01,SKU-1245,20-Feb-26,23,0,0
R01,SKU-1245,21-Feb-26,33,1,0
R01,SKU-1245,22-Feb-26,31,0,0
R01,SKU-1245,2026-02-23,27,0,0
R01,SKU-1245,2026-02-24,25,0,0
R01,SKU-1245,02/25/2026,23,0,0
R01,SKU-1245,2026-02-26,25,0,0
R01,SKU-1245,2026-02-27,18,0,0
R01,SKU-1245,28-Feb-26,29,0,0
R01,SKU-1182,2026-02-01,4,0,0
R01,SKU-1182,2026-02-02,8,1,0
R01,SKU-1182,03-Feb-26,5,0,0
R01,SKU-1182,2026-02-04,7,0,0
R01,SKU-1182,2026-02-05,7,0,1
R01,SKU-1182,06-Feb-26,7,0,0
R01,SKU-1182,2026-02-07,9,0,0
R01,SKU-1182,08-Feb-26,4,1,0
R01,SKU-1182,2026-02-09,7,1,0
R01,SKU-1182,2026-02-10,6,1,0
R01,SKU-1182,2026-02-11,4,1,0
R01,SKU-1182,02/12/2026,7,0,0
R01,SKU-1182,02/13/2026,3,0,1
R01,SKU-1182,2026-02-14,9,0,0
R01,SKU-1182,2026-02-15,5,0,0
R01,SKU-1182,2026-02-16,4,1,0
R01,SKU-1182,2026-02-17,5,1,0
R01,SKU-1182,02/18/2026,6,1,0
R01,SKU-1182,2026-02-19,5,1,0
R01,SKU-1182,02/20/2026,10,0,0
R01,SKU-1182,02/21/2026,7,0,0
R01,SKU-1182,2026-02-22,5,0,0
R01,SKU-1182,2026-02-23,10,1,0
R01,SKU-1182,2026-02-24,7,1,0
R01,SKU-1182,2026-02-25,5,1,0
R01,SKU-1182,2026-02-26,2,0,0
R01,SKU-1182,02/27/2026,5,0,0
R01,SKU-1182,28-Feb-26,8,2,1
R01,SKU-1007,02/01/2026,28,0,0
R01,SKU-1007,02/02/2026,37,1,0
R01,SKU-1007,2026-02-03,38,0,0
R01,SKU-1007,2026-02-04,38,0,0
R01,SKU-1007,2026-02-05,39,1,0
R01,SKU-1007,02/06/2026,27,0,1
R01,SKU-1007,2026-02-07,31,1,1
R01,SKU-1007,2026-02-08,34,0,0
R01,SKU-1007,09-Feb-26,27,0,0
R01,SKU-1007,2026-02-10,25,0,0
R01,SKU-1007,2026-02-11,27,1,0
R01,SKU-1007,2026-02-12,34,0,0
R01,SKU-1007,02/13/2026,44,0,0
R01,SKU-1007,2026-02-14,32,0,0
R01,SKU-1007,2026-02-15,28,0,1
R01,SKU-1007,2026-02-16,25,0,0
R01,SKU-1007,02/17/2026,31,0,0
R01,SKU-1007,2026-02-18,36,0,0
R01,SKU-1007,2026-02-19,42,0,1
R01,SKU-1007,02/20/2026,28,0,0
R01,SKU-1007,02/21/2026,36,0,0
R01,SKU-1007,2026-02-22,36,0,0
R01,SKU-1007,02/23/2026,18,0,0
R01,SKU-1007,2026-02-24,31,0,1
R01,SKU-1007,2026-02-25,28,2,0
R01,SKU-1007,2026-02-26,32,0,0
R01,SKU-1007,02/27/2026,38,0,0
R01,SKU-1007,02/28/2026,30,0,0
R01,SKU-1070,2026-02-01,7,0,1
R01,SKU-1070,2026-02-02,7,1,0
R01,SKU-1070,2026-02-03,6,0,0
R01,SKU-1070,2026-02-04,12,0,0
R01,SKU-1070,2026-02-05,11,0,0
R01,SKU-1070,2026-02-06,18,1,0
R01,SKU-1070,07-Feb-26,8,0,1
R01,SKU-1070,2026-02-08,12,0,0
R01,SKU-1070,09-Feb-26,10,1,0
R01,SKU-1070,10-Feb-26,14,1,0
R01,SKU-1070,11-Feb-26,9,1,0
R01,SKU-1070,2026-02-12,14,0,0
R01,SKU-1070,2026-02-13,9,0,1
R01,SKU-1070,02/14/2026,10,1,0
R01,SKU-1070,2026-02-15,4,0,0
R01,SKU-1070,2026-02-16,13,1,0
R01,SKU-1070,02/17/2026,8,1,0
R01,SKU-1070,2026-02-18,6,0,0
R01,SKU-1070,19-Feb-26,10,1,0
R01,SKU-1070,2026-02-20,13,1,0
R01,SKU-1070,2026-02-21,9,0,1
R01,SKU-1070,2026-02-22,12,1,0
R01,SKU-1070,02/23/2026,10,0,0
R01,SKU-1070,2026-02-24,11,1,0
R01,SKU-1070,02/25/2026,5,0,0
R01,SKU-1070,02/26/2026,9,0,0
R01,SKU-1070,2026-02-27,12,1,0
R01,SKU-1070,2026-02-28,9,0,0
R01,SKU-1238,02/01/2026,22,0,0
R01,SKU-1238,2026-02-02,22,0,0
R01,SKU-1238,2026-02-03,19,0,0
R01,SKU-1238,2026-02-04,16,1,0
R01,SKU-1238,2026-02-05,11,1,0
R01,SKU-1238,06-Feb-26,26,1,0
R01,SKU-1238,07-Feb-26,19,0,1
R01,SKU-1238,02/08/2026,12,0,0
R01,SKU-1238,02/09/2026,17,0,0
R01,SKU-1238,2026-02-10,26,0,0
R01,SKU-1238,2026-02-11,32,1,0
R01,SKU-1238,2026-02-12,12,2,0
R01,SKU-1238,02/13/2026,16,0,0
R01,SKU-1238,2026-02-14,25,0,0
R01,SKU-1238,02/15/2026,20,1,0
R01,SKU-1238,2026-02-16,20,0,0
R01,SKU-1238,2026-02-17,19,0,0
R01,SKU-1238,02/18/2026,24,0,0
R01,SKU-1238,02/19/2026,18,0,0
R01,SKU-1238,2026-02-20,24,1,0
R01,SKU-1238,2026-02-21,12,0,0
R01,SKU-1238,2026-02-22,14,0,0
R01,SKU-1238,02/23/2026,14,0,0
R01,SKU-1238,02/24/2026,17,2,0
R01,SKU-1238,2026-02-25,20,0,1
R01,SKU-1238,02/26/2026,19,1,0
R01,SKU-1238,02/27/2026,20,0,0
R01,SKU-1238,2026-02-28,19,1,0
R01,SKU-1154,02/01/2026,21,0,0
R01,SKU-1154,2026-02-02,16,0,0
R01,SKU-1154,2026-02-03,17,0,1
R01,SKU-1154,02/04/2026,23,0,0
R01,SKU-1154,02/05/2026,24,1,1
R01,SKU-1154,2026-02-06,25,1,0
R01,SKU-1154,02/07/2026,18,0,0
R01,SKU-1154,2026-02-08,14,0,0
R01,SKU-1154,2026-02-09,23,1,0
R01,SKU-1154,10-Feb-26,15,1,0
R01,SKU-1154,2026-02-11,24,1,0
R01,SKU-1154,2026-02-12,30,0,1
R01,SKU-1154,2026-02-13,20,0,0
R01,SKU-1154,2026-02-14,28,1,0
R01,SKU-1154,15-Feb-26,19,0,0
R01,SKU-1154,2026-02-16,21,1,0
R01,SKU-1154,02/17/2026,18,0,0
R01,SKU-1154,2026-02-18,16,2,0
R01,SKU-1154,19-Feb-26,12,1,0
R01,SKU-1154,2026-02-20,18,0,0
R01,SKU-1154,02/21/2026,21,0,0
R01,SKU-1154,2026-02-22,16,1,0
R01,SKU-1154,2026-02-23,26,0,0
R01,SKU-1154,2026-02-24,14,0,0
R01,SKU-1154,2026-02-25,8,0,0
R01,SKU-1154,2026-02-26,16,0,0
R01,SKU-1154,02/27/2026,15,0,0
R01,SKU-1154,2026-02-28,19,1,0
R01,SKU-1273,02/01/2026,29,0,0
R01,SKU-1273,02/02/2026,31,1,0
R01,SKU-1273,2026-02-03,25,0,1
R01,SKU-1273,2026-02-04,20,0,0
R01,SKU-1273,02/05/2026,26,0,0
R01,SKU-1273,2026-02-06,19,0,0
R01,SKU-1273,02/07/2026,33,2,0
R01,SKU-1273,2026-02-08,22,1,0
R01,SKU-1273,2026-02-09,26,1,0
R01,SKU-1273,2026-02-10,28,0,0
R01,SKU-1273,2026-02-11,28,2,0
R01,SKU-1273,2026-02-12,32,1,0
R01,SKU-1273,2026-02-13,32,0,0
R01,SKU-1273,02/14/2026,18,0,0
R01,SKU-1273,2026-02-15,37,0,0
R01,SKU-1273,16-Feb-26,23,1,0
R01,SKU-1273,2026-02-17,32,0,0
R01,SKU-1273,02/18/2026,33,2,0
R01,SKU-1273,2026-02-19,35,1,0
R01,SKU-1273,2026-02-20,26,1,1
R01,SKU-1273,2026-02-21,31,0,0
R01,SKU-1273,02/22/2026,36,0,0
R01,SKU-1273,02/23/2026,32,0,1
R01,SKU-1273,2026-02-24,34,1,0
R01,SKU-1273,25-Feb-26,31,0,0
R01,SKU-1273,2026-02-26,25,0,0
R01,SKU-1273,2026-02-27,34,0,0
R01,SKU-1273,28-Feb-26,30,0,0
R02,SKU-1119,2026-02-01,2,0,0
R02,SKU-1119,2026-02-02,6,0,0
R02,SKU-1119,2026-02-03,6,0,0
R02,SKU-1119,02/04/2026,6,0,0
R02,SKU-1119,2026-02-05,4,0,0
R02,SKU-1119,2026-02-06,2,0,0
R02,SKU-1119,2026-02-07,7,0,0
R02,SKU-1119,02/08/2026,1,1,1
R02,SKU-1119,02/09/2026,6,0,1
R02,SKU-1119,2026-02-10,5,1,0
R02,SKU-1119,2026-02-11,3,0,0
R02,SKU-1119,2026-02-12,5,0,0
R02,SKU-1119,13-Feb-26,7,0,0
R02,SKU-1119,2026-02-14,4,1,0
R02,SKU-1119,15-Feb-26,2,0,0
R02,SKU-1119,2026-02-16,4,0,0
R02,SKU-1119,2026-02-17,3,0,0
R02,SKU-1119,2026-02-18,5,0,1
R02,SKU-1119,02/19/2026,3,0,0
R02,SKU-1119,2026-02-20,4,0,0
R02,SKU-1119,2026-02-21,5,0,1
R02,SKU-1119,2026-02-22,5,0,0
R02,SKU-1119,02/23/2026,4,0,1
R02,SKU-1119,02/24/2026,3,0,0
R02,SKU-1119,2026-02-25,6,1,0
R02,SKU-1119,2026-02-26,5,0,0
R02,SKU-1119,2026-02-27,6,0,0
R02,SKU-1119,2026-02-28,5,1,0
R02,SKU-1252,2026-02-01,34,0,0
R02,SKU-1252,02-Feb-26,32,0,0
R02,SKU-1252,2026-02-03,28,0,1
R02,SKU-1252,2026-02-04,23,0,0
R02,SKU-1252,2026-02-05,26,0,0
R02,SKU-1252,2026-02-06,32,2,0
R02,SKU-1252,2026-02-07,32,1,0
R02,SKU-1252,02/08/2026,25,0,0
R02,SKU-1252,09-Feb-26,28,0,0
R02,SKU-1252,2026-02-10,23,0,0
R02,SKU-1252,2026-02-11,30,0,0
R02,SKU-1252,2026-02-12,31,0,0
R02,SKU-1252,2026-02-13,36,0,0
R02,SKU-1252,2026-02-14,27,0,0
R02,SKU-1252,2026-02-15,31,1,0
R02,SKU-1252,16-Feb-26,19,1,0
R02,SKU-1252,17-Feb-26,32,0,0
R02,SKU-1252,2026-02-18,35,0,0
R02,SKU-1252,19-Feb-26,42,0,0
R02,SKU-1252,2026-02-20,32,0,0
R02,SKU-1252,2026-02-21,32,0,0
R02,SKU-1252,02/22/2026,34,0,1
R02,SKU-1252,02/23/2026,30,0,0
R02,SKU-1252,02/24/2026,34,0,0
R02,SKU-1252,2026-02-25,34,1,0
R02,SKU-1252,2026-02-26,28,0,0
R02,SKU-1252,27-Feb-26,25,1,0
R02,SKU-1252,28-Feb-26,35,0,0
R02,SKU-1238,2026-02-01,17,0,0
R02,SKU-1238,2026-02-02,15,0,0
R02,SKU-1238,2026-02-03,9,0,0
R02,SKU-1238,2026-02-04,19,0,0
R02,SKU-1238,2026-02-05,18,0,0
R02,SKU-1238,2026-02-06,23,0,0
R02,SKU-1238,2026-02-07,13,0,0
R02,SKU-1238,2026-02-08,15,3,0
R02,SKU-1238,02/09/2026,17,0,0
R02,SKU-1238,2026-02-10,18,0,0
R02,SKU-1238,11-Feb-26,17,0,0
R02,SKU-1238,2026-02-12,12,2,0
R02,SKU-1238,02/13/2026,21,0,0
R02,SKU-1238,02/14/2026,27,1,0
R02,SKU-1238,2026-02-15,22,0,0
R02,SKU-1238,2026-02-16,11,0,0
R02,SKU-1238,2026-02-17,16,0,0
R02,SKU-1238,2026-02-18,27,0,0
R02,SKU-1238,2026-02-19,19,0,0
R02,SKU-1238,02/20/2026,22,0,1
R02,SKU-1238,2026-02-21,18,0,0
R02,SKU-1238,22-Feb-26,23,0,0
R02,SKU-1238,2026-02-23,18,1,0
R02,SKU-1238,2026-02-24,9,0,0
R02,SKU-1238,02/25/2026,22,1,0
R02,SKU-1238,2026-02-26,20,0,0
R02,SKU-1238,2026-02-27,14,0,0
R02,SKU-1238,02/28/2026,23,0,0
R02,SKU-1161,01-Feb-26,11,0,0
R02,SKU-1161,2026-02-02,9,1,0
R02,SKU-1161,02/03/2026,16,0,1
R02,SKU-1161,2026-02-04,11,0,0
R02,SKU-1161,2026-02-05,19,0,0
R02,SKU-1161,06-Feb-26,13,0,0
R02,SKU-1161,2026-02-07,10,1,0
R02,SKU-1161,02/08/2026,13,0,0
R02,SKU-1161,2026-02-09,13,0,0
R02,SKU-1161,2026-02-10,19,2,0
R02,SKU-1161,2026-02-11,12,0,0
R02,SKU-1161,2026-02-12,16,1,0
R02,SKU-1161,2026-02-13,15,1,0
R02,SKU-1161,2026-02-14,17,1,0
R02,SKU-1161,02/15/2026,19,0,0
R02,SKU-1161,2026-02-16,20,0,0
R02,SKU-1161,2026-02-17,17,0,0
R02,SKU-1161,18-Feb-26,20,1,0
R02,SKU-1161,2026-02-19,11,1,0
R02,SKU-1161,02/20/2026,14,0,1
R02,SKU-1161,2026-02-21,15,0,0
R02,SKU-1161,2026-02-22,17,0,0
R02,SKU-1161,2026-02-23,14,0,0
R02,SKU-1161,02/24/2026,19,1,0
R02,SKU-1161,02/25/2026,14,1,0
R02,SKU-1161,2026-02-26,13,1,0
R02,SKU-1161,2026-02-27,12,0,0
R02,SKU-1161,2026-02-28,13,1,0
R02,SKU-1224,01-Feb-26,31,1,0
R02,SKU-1224,2026-02-02,43,0,0
R02,SKU-1224,03-Feb-26,39,0,0
R02,SKU-1224,02/04/2026,31,1,0
R02,SKU-1224,2026-02-05,35,1,0
R02,SKU-1224,2026-02-06,43,0,1
R02,SKU-1224,2026-02-07,29,0,1
R02,SKU-1224,02/08/2026,29,0,0
R02,SKU-1224,09-Feb-26,31,0,0
R02,SKU-1224,2026-02-10,23,1,0
R02,SKU-1224,2026-02-11,29,0,0
R02,SKU-1224,2026-02-12,37,0,0
R02,SKU-1224,2026-02-13,36,1,0
R02,SKU-1224,02/14/2026,28,0,0
R02,SKU-1224,2026-02-15,40,0,0
R02,SKU-1224,16-Feb-26,44,1,0
R02,SKU-1224,2026-02-17,30,0,0
R02,SKU-1224,2026-02-18,29,1,0
R02,SKU-1224,2026-02-19,28,2,0
R02,SKU-1224,2026-02-20,33,1,1
R02,SKU-1224,2026-02-21,22,3,0
R02,SKU-1224,2026-02-22,42,0,1
R02,SKU-1224,2026-02-23,41,0,0
R02,SKU-1224,2026-02-24,34,0,0
R02,SKU-1224,02/25/2026,20,0,0
R02,SKU-1224,2026-02-26,29,0,0
R02,SKU-1224,2026-02-27,26,0,1
R02,SKU-1224,02/28/2026,32,0,1
R02,SKU-1084,02/01/2026,13,0,0
R02,SKU-1084,02/02/2026,19,0,0
R02,SKU-1084,02/03/2026,15,0,0
R02,SKU-1084,2026-02-04,13,0,0
R02,SKU-1084,2026-02-05,14,1,0
R02,SKU-1084,02/06/2026,19,0,1
R02,SKU-1084,2026-02-07,20,0,0
R02,SKU-1084,2026-02-08,16,0,1
R02,SKU-1084,02/09/2026,8,0,0
R02,SKU-1084,2026-02-10,10,1,0
R02,SKU-1084,2026-02-11,15,1,0
R02,SKU-1084,2026-02-12,17,0,0
R02,SKU-1084,2026-02-13,20,0,0
R02,SKU-1084,02/14/2026,18,0,0
R02,SKU-1084,02/15/2026,13,2,0
R02,SKU-1084,16-Feb-26,14,0,1
R02,SKU-1084,17-Feb-26,13,0,0
R02,SKU-1084,18-Feb-26,8,0,0
R02,SKU-1084,2026-02-19,10,1,0
R02,SKU-1084,02/20/2026,16,0,0
R02,SKU-1084,2026-02-21,19,0,0
R02,SKU-1084,02/22/2026,18,0,0
R02,SKU-1084,2026-02-23,23,0,0
R02,SKU-1084,02/24/2026,20,1,0
R02,SKU-1084,2026-02-25,16,0,0
R02,SKU-1084,2026-02-26,18,0,0
R02,SKU-1084,2026-02-27,18,0,0
R02,SKU-1084,2026-02-28,19,0,1
R02,SKU-1028,2026-02-01,25,0,0
R02,SKU-1028,2026-02-02,38,0,0
R02,SKU-1028,2026-02-03,29,0,0
R02,SKU-1028,2026-02-04,32,0,0
R02,SKU-1028,2026-02-05,29,0,0
R02,SKU-1028,2026-02-06,40,0,0
R02,SKU-1028,2026-02-07,31,1,0
R02,SKU-1028,02/08/2026,42,1,0
R02,SKU-1028,02/09/2026,20,0,0
R02,SKU-1028,02/10/2026,31,0,0
R02,SKU-1028,02/11/2026,34,0,1
R02,SKU-1028,02/12/2026,34,0,0
R02,SKU-1028,02/13/2026,38,0,0
R02,SKU-1028,2026-02-14,39,0,0
R02,SKU-1028,15-Feb-26,23,0,0
R02,SKU-1028,2026-02-16,26,1,0
R02,SKU-1028,17-Feb-26,40,1,0
R02,SKU-1028,02/18/2026,22,1,0
R02,SKU-1028,02/19/2026,24,1,0
R02,SKU-1028,02/20/2026,29,1,0
R02,SKU-1028,2026-02-21,30,0,0
R02,SKU-1028,02/22/2026,30,0,0
R02,SKU-1028,2026-02-23,37,0,0
R02,SKU-1028,24-Feb-26,36,0,0
R02,SKU-1028,02/25/2026,35,0,0
R02,SKU-1028,2026-02-26,27,0,0
R02,SKU-1028,2026-02-27,41,1,0
R02,SKU-1028,2026-02-28,35,0,0
R02,SKU-1140,01-Feb-26,22,1,0
R02,SKU-1140,02-Feb-26,16,0,0
R02,SKU-1140,2026-02-03,19,0,0
R02,SKU-1140,2026-02-04,29,0,0
R02,SKU-1140,02/05/2026,23,2,0
R02,SKU-1140,2026-02-06,21,0,0
R02,SKU-1140,07-Feb-26,18,0,0
R02,SKU-1140,2026-02-08,16,1,0
R02,SKU-1140,2026-02-09,17,0,0
R02,SKU-1140,2026-02-10,21,0,0
R02,SKU-1140,02/11/2026,20,0,0
R02,SKU-1140,2026-02-12,18,1,1
R02,SKU-1140,2026-02-13,22,0,0
R02,SKU-1140,14-Feb-26,15,0,0
R02,SKU-1140,15-Feb-26,22,0,1
R02,SKU-1140,2026-02-16,25,0,0
R02,SKU-1140,2026-02-17,25,0,0
R02,SKU-1140,2026-02-18,19,0,0
R02,SKU-1140,02/19/2026,15,0,0
R02,SKU-1140,2026-02-20,24,0,0
R02,SKU-1140,02/21/2026,20,0,0
R02,SKU-1140,2026-02-22,21,0,0
R02,SKU-1140,2026-02-23,24,0,0
R02,SKU-1140,2026-02-24,15,1,0
R02,SKU-1140,02/25/2026,15,0,0
R02,SKU-1140,26-Feb-26,15,0,0
R02,SKU-1140,2026-02-27,20,0,0
R02,SKU-1140,2026-02-28,16,0,1
R02,SKU-1217,01-Feb-26,21,1,0
R02,SKU-1217,02/02/2026,20,1,0
R02,SKU-1217,02/03/2026,23,0,0
R02,SKU-1217,2026-02-04,17,0,0
R02,SKU-1217,2026-02-05,26,0,0
R02,SKU-1217,2026-02-06,26,0,0
R02,SKU-1217,2026-02-07,17,0,0
R02,SKU-1217,2026-02-08,21,0,0
R02,SKU-1217,2026-02-09,24,0,0
R02,SKU-1217,2026-02-10,11,2,0
R02,SKU-1217,2026-02-11,22,0,0
R02,SKU-1217,2026-02-12,26,0,0
R02,SKU-1217,2026-02-13,26,0,1
R02,SKU-1217,14-Feb-26,18,1,0
R02,SKU-1217,2026-02-15,19,0,0
R02,SKU-1217,2026-02-16,21,0,0
R02,SKU-1217,2026-02-17,22,1,1
R02,SKU-1217,2026-02-18,29,0,0
R02,SKU-1217,2026-02-19,19,0,0
R02,SKU-1217,2026-02-20,18,0,0
R02,SKU-1217,2026-02-21,24,3,0
R02,SKU-1217,2026-02-22,18,0,1
R02,SKU-1217,02/23/2026,23,1,0
R02,SKU-1217,24-Feb-26,23,0,0
R02,SKU-1217,2026-02-25,28,0,0
R02,SKU-1217,2026-02-26,27,0,0
R02,SKU-1217,2026-02-27,23,1,0
R02,SKU-1217,02/28/2026,24,0,0
R02,SKU-1112,02/01/2026,13,0,0
R02,SKU-1112,2026-02-02,13,0,0
R02,SKU-1112,2026-02-03,18,2,0
R02,SKU-1112,02/04/2026,21,1,0
R02,SKU-1112,02/05/2026,16,0,0
R02,SKU-1112,2026-02-06,16,0,0
R02,SKU-1112,2026-02-07,14,0,0
R02,SKU-1112,2026-02-08,15,3,0
R02,SKU-1112,02/09/2026,6,0,0
R02,SKU-1112,2026-02-10,10,0,1
R02,SKU-1112,02/11/2026,16,0,0
R02,SKU-1112,2026-02-12,14,1,1
R02,SKU-1112,2026-02-13,20,1,0
R02,SKU-1112,2026-02-14,15,1,0
R02,SKU-1112,15-Feb-26,14,0,0
R02,SKU-1112,2026-02-16,16,1,0
R02,SKU-1112,2026-02-17,18,1,0
R02,SKU-1112,2026-02-18,16,0,0
R02,SKU-1112,2026-02-19,16,1,0
R02,SKU-1112,2026-02-20,5,1,0
R02,SKU-1112,2026-02-21,14,1,0
R02,SKU-1112,02/22/2026,17,0,0
R02,SKU-1112,02/23/2026,13,0,0
R02,SKU-1112,02/24/2026,17,0,0
R02,SKU-1112,02/25/2026,17,0,1
R02,SKU-1112,26-Feb-26,13,2,0
R02,SKU-1112,2026-02-27,14,0,1
R02,SKU-1112,02/28/2026,20,0,0
R02,SKU-1245,2026-02-01,7,0,0
R02,SKU-1245,2026-02-02,8,1,0
R02,SKU-1245,2026-02-03,10,0,0
R02,SKU-1245,02/04/2026,11,0,1
R02,SKU-1245,2026-02-05,5,0,1
R02,SKU-1245,2026-02-06,11,2,0
R02,SKU-1245,2026-02-07,7,1,0
R02,SKU-1245,2026-02-08,9,0,0
R02,SKU-1245,2026-02-09,9,0,0
R02,SKU-1245,02/10/2026,9,1,1
R02,SKU-1245,02/11/2026,6,0,1
R02,SKU-1245,2026-02-12,3,0,0
R02,SKU-1245,2026-02-13,10,0,0
R02,SKU-1245,02/14/2026,6,0,1
R02,SKU-1245,2026-02-15,8,0,0
R02,SKU-1245,2026-02-16,2,0,0
R02,SKU-1245,17-Feb-26,9,0,0
R02,SKU-1245,2026-02-18,8,0,0
R02,SKU-1245,19-Feb-26,9,0,1
R02,SKU-1245,2026-02-20,7,0,0
R02,SKU-1245,02/21/2026,6,0,0
R02,SKU-1245,2026-02-22,3,1,0
R02,SKU-1245,2026-02-23,7,2,0
R02,SKU-1245,24-Feb-26,10,0,0
R02,SKU-1245,2026-02-25,5,0,0
R02,SKU-1245,02/26/2026,8,0,0
R02,SKU-1245,27-Feb-26,6,0,0
R02,SKU-1245,02/28/2026,2,0,1
R02,SKU-1210,2026-02-01,16,0,0
R02,SKU-1210,02/02/2026,15,0,0
R02,SKU-1210,2026-02-03,19,0,0
R02,SKU-1210,04-Feb-26,13,1,0
R02,SKU-1210,2026-02-05,22,1,0
R02,SKU-1210,2026-02-06,14,0,0
R02,SKU-1210,07-Feb-26,15,0,0
R02,SKU-1210,02/08/2026,12,0,0
R02,SKU-1210,02/09/2026,8,0,1
R02,SKU-1210,2026-02-10,13,0,0
R02,SKU-1210,2026-02-11,11,1,0
R02,SKU-1210,2026-02-12,13,0,1
R02,SKU-1210,2026-02-13,14,1,0
R02,SKU-1210,02/14/2026,12,0,0
R02,SKU-1210,02/15/2026,11,0,0
R02,SKU-1210,02/16/2026,14,0,0
R02,SKU-1210,02/17/2026,10,0,0
R02,SKU-1210,02/18/2026,14,1,0
R02,SKU-1210,2026-02-19,22,0,0
R02,SKU-1210,2026-02-20,13,0,0
R02,SKU-1210,2026-02-21,18,2,0
R02,SKU-1210,2026-02-22,13,0,0
R02,SKU-1210,23-Feb-26,17,0,0
R02,SKU-1210,2026-02-24,10,0,0
R02,SKU-1210,2026-02-25,17,1,0
R02,SKU-1210,02/26/2026,9,0,0
R02,SKU-1210,02/27/2026,5,0,0
R02,SKU-1210,28-Feb-26,11,0,0
R02,SKU-1063,01-Feb-26,29,0,0
R02,SKU-1063,2026-02-02,33,1,0
R02,SKU-1063,2026-02-03,35,0,0
R02,SKU-1063,04-Feb-26,27,3,0
R02,SKU-1063,2026-02-05,30,1,1
R02,SKU-1063,2026-02-06,28,0,1
R02,SKU-1063,2026-02-07,32,1,1
R02,SKU-1063,08-Feb-26,31,2,0
R02,SKU-1063,02/09/2026,31,1,0
R02,SKU-1063,02/10/2026,23,1,0
R02,SKU-1063,2026-02-11,30,0,0
R02,SKU-1063,2026-02-12,29,1,0
R02,SKU-1063,02/13/2026,33,0,0
R02,SKU-1063,2026-02-14,28,0,0
R02,SKU-1063,15-Feb-26,35,0,1
R02,SKU-1063,2026-02-16,30,0,0
R02,SKU-1063,2026-02-17,33,0,0
R02,SKU-1063,2026-02-18,33,0,0
R02,SKU-1063,02/19/2026,35,0,0
R02,SKU-1063,2026-02-20,25,1,0
R02,SKU-1063,2026-02-21,31,0,0
R02,SKU-1063,02/22/2026,31,2,0
R02,SKU-1063,02/23/2026,29,0,1
R02,SKU-1063,02/24/2026,24,0,0
R02,SKU-1063,02/25/2026,38,1,0
R02,SKU-1063,02/26/2026,35,0,0
R02,SKU-1063,27-Feb-26,30,0,0
R02,SKU-1063,2026-02-28,38,0,0
R02,SKU-1203,2026-02-01,15,0,0
R02,SKU-1203,2026-02-02,22,0,0
R02,SKU-1203,2026-02-03,20,0,1
R02,SKU-1203,2026-02-04,20,0,0
R02,SKU-1203,02/05/2026,17,0,0
R02,SKU-1203,2026-02-06,24,0,0
R02,SKU-1203,02/07/2026,18,0,0
R02,SKU-1203,08-Feb-26,18,0,0
R02,SKU-1203,02/09/2026,22,1,0
R02,SKU-1203,2026-02-10,21,0,0
R02,SKU-1203,2026-02-11,18,0,0
R02,SKU-1203,2026-02-12,34,0,0
R02,SKU-1203,2026-02-13,30,1,0
R02,SKU-1203,02/14/2026,31,0,0
R02,SKU-1203,2026-02-15,20,1,0
R02,SKU-1203,16-Feb-26,21,0,0
R02,SKU-1203,17-Feb-26,20,0,0
R02,SKU-1203,2026-02-18,23,0,0
R02,SKU-1203,2026-02-19,26,1,0
R02,SKU-1203,2026-02-20,26,1,0
R02,SKU-1203,2026-02-21,23,1,0
R02,SKU-1203,2026-02-22,22,0,0
R02,SKU-1203,23-Feb-26,23,0,0
R02,SKU-1203,02/24/2026,21,1,1
R02,SKU-1203,25-Feb-26,28,0,0
R02,SKU-1203,2026-02-26,18,0,0
R02,SKU-1203,02/27/2026,20,0,0
R02,SKU-1203,2026-02-28,26,0,0
R02,SKU-1021,2026-02-01,30,0,0
R02,SKU-1021,2026-02-02,26,1,0
R02,SKU-1021,02/03/2026,26,0,0
R02,SKU-1021,2026-02-04,28,0,0
R02,SKU-1021,05-Feb-26,20,0,0
R02,SKU-1021,2026-02-06,32,1,0
R02,SKU-1021,02/07/2026,21,0,0
R02,SKU-1021,2026-02-08,18,0,0
R02,SKU-1021,2026-02-09,23,0,0
R02,SKU-1021,2026-02-10,32,0,0
R02,SKU-1021,2026-02-11,29,0,0
R02,SKU-1021,2026-02-12,23,1,0
R02,SKU-1021,02/13/2026,29,1,0
R02,SKU-1021,02/14/2026,24,0,0
R02,SKU-1021,2026-02-15,29,0,0
R02,SKU-1021,2026-02-16,39,1,0
R02,SKU-1021,2026-02-17,25,0,0
R02,SKU-1021,2026-02-18,31,2,0
R02,SKU-1021,02/19/2026,28,0,0
R02,SKU-1021,02/20/2026,28,2,0
R02,SKU-1021,2026-02-21,25,0,0
R02,SKU-1021,02/22/2026,28,2,0
R02,SKU-1021,02/23/2026,24,1,0
R02,SKU-1021,2026-02-24,26,1,0
R02,SKU-1021,2026-02-25,23,1,0
R02,SKU-1021,02/26/2026,23,0,0
R02,SKU-1021,2026-02-27,32,1,0
R02,SKU-1021,02/28/2026,31,0,0
R02,SKU-1189,2026-02-01,23,1,0
R02,SKU-1189,2026-02-02,19,2,0
R02,SKU-1189,02/03/2026,21,0,0
R02,SKU-1189,02/04/2026,21,1,1
R02,SKU-1189,02/05/2026,23,0,0
R02,SKU-1189,02/06/2026,32,0,0
R02,SKU-1189,2026-02-07,19,1,0
R02,SKU-1189,08-Feb-26,19,0,0
R02,SKU-1189,2026-02-09,20,1,1
R02,SKU-1189,2026-02-10,24,1,0
R02,SKU-1189,2026-02-11,25,0,0
R02,SKU-1189,2026-02-12,26,0,0
R02,SKU-1189,02/13/2026,21,0,0
R02,SKU-1189,2026-02-14,20,0,0
R02,SKU-1189,15-Feb-26,22,2,1
R02,SKU-1189,16-Feb-26,21,0,0
R02,SKU-1189,2026-02-17,23,1,0
R02,SKU-1189,2026-02-18,25,1,1
R02,SKU-1189,2026-02-19,12,0,0
R02,SKU-1189,02/20/2026,18,1,0
R02,SKU-1189,2026-02-21,20,0,0
R02,SKU-1189,2026-02-22,25,0,1
R02,SKU-1189,2026-02-23,16,1,0
R02,SKU-1189,2026-02-24,25,0,0
R02,SKU-1189,2026-02-25,23,1,0
R02,SKU-1189,02/26/2026,16,0,0
R02,SKU-1189,2026-02-27,22,0,0
R02,SKU-1189,2026-02-28,20,1,0
R02,SKU-1175,2026-02-01,33,0,0
R02,SKU-1175,02/02/2026,22,0,0
R02,SKU-1175,2026-02-03,19,0,1
R02,SKU-1175,2026-02-04,20,1,1
R02,SKU-1175,2026-02-05,31,0,0
R02,SKU-1175,2026-02-06,19,1,0
R02,SKU-1175,07-Feb-26,27,0,0
R02,SKU-1175,02/08/2026,18,0,0
R02,SKU-1175,09-Feb-26,38,0,0
R02,SKU-1175,02/10/2026,30,0,0
R02,SKU-1175,2026-02-11,27,1,0
R02,SKU-1175,02/12/2026,21,0,0
R02,SKU-1175,02/13/2026,23,0,0
R02,SKU-1175,2026-02-14,23,0,0
R02,SKU-1175,2026-02-15,30,1,1
R02,SKU-1175,02/16/2026,25,0,1
R02,SKU-1175,02/17/2026,9,1,0
R02,SKU-1175,02/18/2026,22,0,0
R02,SKU-1175,02/19/2026,32,0,0
R02,SKU-1175,02/20/2026,27,0,0
R02,SKU-1175,2026-02-21,17,0,0
R02,SKU-1175,22-Feb-26,14,0,0
R02,SKU-1175,23-Feb-26,23,1,0
R02,SKU-1175,2026-02-24,23,1,0
R02,SKU-1175,02/25/2026,25,0,0
R02,SKU-1175,02/26/2026,21,0,0
R02,SKU-1175,27-Feb-26,18,3,0
R02,SKU-1175,2026-02-28,29,0,0
R02,SKU-1042,01-Feb-26,28,0,0
R02,SKU-1042,02-Feb-26,25,0,1
R02,SKU-1042,02/03/2026,19,1,0
R02,SKU-1042,02/04/2026,28,0,0
R02,SKU-1042,2026-02-05,24,1,0
R02,SKU-1042,2026-02-06,26,1,0
R02,SKU-1042,02/07/2026,28,1,0
R02,SKU-1042,2026-02-08,26,0,0
R02,SKU-1042,09-Feb-26,27,0,1
R02,SKU-1042,10-Feb-26,39,0,0
R02,SKU-1042,2026-02-11,30,0,0
R02,SKU-1042,12-Feb-26,23,0,0
R02,SKU-1042,2026-02-13,34,1,0
R02,SKU-1042,2026-02-14,32,1,0
R02,SKU-1042,2026-02-15,24,1,0
R02,SKU-1042,16-Feb-26,28,0,0
R02,SKU-1042,2026-02-17,23,0,0
R02,SKU-1042,2026-02-18,28,0,0
R02,SKU-1042,02/19/2026,14,0,0
R02,SKU-1042,2026-02-20,20,0,0
R02,SKU-1042,02/21/2026,25,0,0
R02,SKU-1042,22-Feb-26,23,0,0
R02,SKU-1042,23-Feb-26,25,0,1
R02,SKU-1042,2026-02-24,23,0,0
R02,SKU-1042,2026-02-25,27,1,0
R02,SKU-1042,2026-02-26,22,1,0
R02,SKU-1042,02/27/2026,25,0,0
R02,SKU-1042,2026-02-28,27,1,0
R02,SKU-1007,2026-02-01,7,0,0
R02,SKU-1007,02/02/2026,12,1,0
R02,SKU-1007,2026-02-03,21,0,0
R02,SKU-1007,2026-02-04,12,0,0
R02,SKU-1007,2026-02-05,6,2,0
R02,SKU-1007,02/06/2026,16,1,0
R02,SKU-1007,2026-02-07,17,0,0
R02,SKU-1007,08-Feb-26,11,0,1
R02,SKU-1007,2026-02-09,17,0,0
R02,SKU-1007,2026-02-10,8,0,0
R02,SKU-1007,02/11/2026,10,0,0
R02,SKU-1007,2026-02-12,13,1,1
R02,SKU-1007,13-Feb-26,10,0,0
R02,SKU-1007,14-Feb-26,8,0,0
R02,SKU-1007,2026-02-15,13,2,0
R02,SKU-1007,02/16/2026,14,0,0
R02,SKU-1007,2026-02-17,15,2,0
R02,SKU-1007,2026-02-18,15,0,0
R02,SKU-1007,2026-02-19,11,0,0
R02,SKU-1007,2026-02-20,9,1,0
R02,SKU-1007,2026-02-21,12,0,0
R02,SKU-1007,2026-02-22,17,0,0
R02,SKU-1007,23-Feb-26,25,1,0
R02,SKU-1007,2026-02-24,17,1,0
R02,SKU-1007,2026-02-25,19,0,0
R02,SKU-1007,2026-02-26,13,0,0
R02,SKU-1007,02/27/2026,19,0,1
R02,SKU-1007,28-Feb-26,20,2,0
R02,SKU-1126,2026-02-01,33,0,0
R02,SKU-1126,2026-02-02,35,1,0
R02,SKU-1126,2026-02-03,25,0,0
R02,SKU-1126,04-Feb-26,27,0,0
R02,SKU-1126,2026-02-05,31,0,0
R02,SKU-1126,02/06/2026,30,1,0
R02,SKU-1126,2026-02-07,24,0,0
R02,SKU-1126,2026-02-08,31,0,1
R02,SKU-1126,2026-02-09,29,0,0
R02,SKU-1126,02/10/2026,30,0,0
R02,SKU-1126,2026-02-11,25,0,0
R02,SKU-1126,12-Feb-26,30,0,0
R02,SKU-1126,2026-02-13,26,0,0
R02,SKU-1126,02/14/2026,39,0,1
R02,SKU-1126,2026-02-15,32,0,0
R02,SKU-1126,2026-02-16,23,0,1
R02,SKU-1126,02/17/2026,43,1,0
R02,SKU-1126,18-Feb-26,27,0,0
R02,SKU-1126,02/19/2026,31,0,0
R02,SKU-1126,02/20/2026,31,0,0
R02,SKU-1126,2026-02-21,32,1,0
R02,SKU-1126,02/22/2026,22,0,0
R02,SKU-1126,2026-02-23,33,1,0
R02,SKU-1126,2026-02-24,26,1,0
R02,SKU-1126,02/25/2026,18,0,0
R02,SKU-1126,2026-02-26,35,0,0
R02,SKU-1126,2026-02-27,25,0,0
R02,SKU-1126,02/28/2026,29,0,0
R02,SKU-1273,2026-02-01,29,0,0
R02,SKU-1273,02-Feb-26,28,0,0
R02,SKU-1273,2026-02-03,23,0,1
R02,SKU-1273,04-Feb-26,30,0,1
R02,SKU-1273,2026-02-05,24,0,0
R02,SKU-1273,02/06/2026,20,0,0
R02,SKU-1273,02/07/2026,26,0,0
R02,SKU-1273,2026-02-08,17,1,1
R02,SKU-1273,2026-02-09,13,1,1
R02,SKU-1273,2026-02-10,26,2,0
R02,SKU-1273,2026-02-11,24,1,0
R02,SKU-1273,02/12/2026,20,0,0
R02,SKU-1273,2026-02-13,23,1,0
R02,SKU-1273,02/14/2026,22,0,0
R02,SKU-1273,2026-02-15,24,0,0
R02,SKU-1273,2026-02-16,19,1,0
R02,SKU-1273,2026-02-17,21,1,0
R02,SKU-1273,2026-02-18,27,2,0
R02,SKU-1273,02/19/2026,15,0,0
R02,SKU-1273,20-Feb-26,20,2,0
R02,SKU-1273,02/21/2026,17,0,1
R02,SKU-1273,2026-02-22,24,0,0
R02,SKU-1273,02/23/2026,21,0,0
R02,SKU-1273,2026-02-24,20,0,0
R02,SKU-1273,2026-02-25,23,0,0
R02,SKU-1273,26-Feb-26,29,0,0
R02,SKU-1273,2026-02-27,24,0,0
R02,SKU-1273,02/28/2026,18,0,0
R02,SKU-1056,01-Feb-26,16,1,0
R02,SKU-1056,02/02/2026,10,0,0
R02,SKU-1056,02/03/2026,13,0,0
R02,SKU-1056,2026-02-04,21,1,0
R02,SKU-1056,05-Feb-26,19,0,0
R02,SKU-1056,2026-02-06,12,0,0
R02,SKU-1056,02/07/2026,12,0,0
R02,SKU-1056,2026-02-08,22,0,0
R02,SKU-1056,2026-02-09,18,1,0
R02,SKU-1056,2026-02-10,20,0,0
R02,SKU-1056,11-Feb-26,15,0,0
R02,SKU-1056,02/12/2026,24,1,0
R02,SKU-1056,13-Feb-26,16,1,0
R02,SKU-1056,2026-02-14,23,1,1
R02,SKU-1056,02/15/2026,15,1,0
R02,SKU-1056,16-Feb-26,24,0,0
R02,SKU-1056,02/17/2026,14,0,0
R02,SKU-1056,2026-02-18,15,0,0
R02,SKU-1056,02/19/2026,19,0,1
R02,SKU-1056,02/20/2026,19,0,0
R02,SKU-1056,2026-02-21,14,0,0
R02,SKU-1056,22-Feb-26,19,1,0
R02,SKU-1056,02/23/2026,18,2,0
R02,SKU-1056,02/24/2026,14,1,0
R02,SKU-1056,02/25/2026,21,0,0
R02,SKU-1056,02/26/2026,24,1,0
R02,SKU-1056,02/27/2026,17,0,0
R02,SKU-1056,2026-02-28,18,0,0
R02,SKU-1280,02/01/2026,23,1,0
R02,SKU-1280,2026-02-02,23,0,1
R02,SKU-1280,2026-02-03,20,0,0
R02,SKU-1280,02/04/2026,20,0,0
R02,SKU-1280,2026-02-05,27,0,0
R02,SKU-1280,2026-02-06,17,0,0
R02,SKU-1280,2026-02-07,18,0,0
R02,SKU-1280,2026-02-08,12,1,1
R02,SKU-1280,09-Feb-26,19,0,0
R02,SKU-1280,2026-02-10,22,0,0
R02,SKU-1280,2026-02-11,17,0,1
R02,SKU-1280,2026-02-12,16,1,0
R02,SKU-1280,2026-02-13,23,2,0
R02,SKU-1280,14-Feb-26,17,1,0
R02,SKU-1280,02/15/2026,19,0,0
R02,SKU-1280,2026-02-16,23,2,0
R02,SKU-1280,2026-02-17,11,1,0
R02,SKU-1280,2026-02-18,13,1,0
R02,SKU-1280,19-Feb-26,19,0,1
R02,SKU-1280,2026-02-20,16,0,0
R02,SKU-1280,21-Feb-26,16,2,0
R02,SKU-1280,2026-02-22,21,0,0
R02,SKU-1280,2026-02-23,26,0,0
R02,SKU-1280,02/24/2026,17,0,0
R02,SKU-1280,02/25/2026,16,1,0
R02,SKU-1280,2026-02-26,21,0,0
R02,SKU-1280,27-Feb-26,23,0,0
R02,SKU-1280,02/28/2026,12,1,0
R02,SKU-1259,02/01/2026,23,0,0
R02,SKU-1259,2026-02-02,27,1,0
R02,SKU-1259,03-Feb-26,22,1,0
R02,SKU-1259,02/04/2026,22,1,1
R02,SKU-1259,2026-02-05,31,1,0
R02,SKU-1259,02/06/2026,25,1,0
R02,SKU-1259,2026-02-07,29,0,0
R02,SKU-1259,08-Feb-26,21,0,1
R02,SKU-1259,2026-02-09,18,0,0
R02,SKU-1259,10-Feb-26,22,1,0
R02,SKU-1259,2026-02-11,21,0,0
R02,SKU-1259,2026-02-12,15,0,0
R02,SKU-1259,2026-02-13,18,1,0
R02,SKU-1259,2026-02-14,23,0,0
R02,SKU-1259,2026-02-15,13,1,0
R02,SKU-1259,2026-02-16,26,0,0
R02,SKU-1259,2026-02-17,22,0,1
R02,SKU-1259,18-Feb-26,32,1,0
R02,SKU-1259,02/19/2026,29,0,1
R02,SKU-1259,2026-02-20,23,0,0
R02,SKU-1259,02/21/2026,29,0,0
R02,SKU-1259,2026-02-22,23,0,0
R02,SKU-1259,23-Feb-26,23,0,0
R02,SKU-1259,2026-02-24,28,0,0
R02,SKU-1259,2026-02-25,24,1,1
R02,SKU-1259,2026-02-26,23,0,0
R02,SKU-1259,2026-02-27,27,0,0
R02,SKU-1259,2026-02-28,25,0,0
R03,SKU-1091,02/01/2026,19,1,0
R03,SKU-1091,02/02/2026,13,0,0
R03,SKU-1091,02/03/2026,17,2,0
R03,SKU-1091,02/04/2026,18,0,0
R03,SKU-1091,2026-02-05,10,0,0
R03,SKU-1091,02/06/2026,9,1,0
R03,SKU-1091,2026-02-07,15,2,1
R03,SKU-1091,2026-02-08,10,1,0
R03,SKU-1091,2026-02-09,8,2,0
R03,SKU-1091,02/10/2026,12,2,0
R03,SKU-1091,2026-02-11,9,0,0
R03,SKU-1091,02/12/2026,11,1,0
R03,SKU-1091,02/13/2026,9,0,0
R03,SKU-1091,2026-02-14,13,0,0
R03,SKU-1091,15-Feb-26,21,1,0
R03,SKU-1091,2026-02-16,9,0,0
R03,SKU-1091,02/17/2026,15,0,0
R03,SKU-1091,2026-02-18,8,2,0
R03,SKU-1091,19-Feb-26,9,0,1
R03,SKU-1091,2026-02-20,12,1,0
R03,SKU-1091,2026-02-21,16,0,0
R03,SKU-1091,2026-02-22,13,0,1
R03,SKU-1091,2026-02-23,18,0,1
R03,SKU-1091,2026-02-24,9,1,0
R03,SKU-1091,2026-02-25,12,0,0
R03,SKU-1091,2026-02-26,16,0,0
R03,SKU-1091,2026-02-27,19,2,0
R03,SKU-1091,2026-02-28,8,0,1
R03,SKU-1140,02/01/2026,24,1,1
R03,SKU-1140,02/02/2026,20,0,0
R03,SKU-1140,2026-02-03,26,3,0
R03,SKU-1140,2026-02-04,18,0,0
R03,SKU-1140,02/05/2026,27,0,0
R03,SKU-1140,2026-02-06,28,0,0
R03,SKU-1140,2026-02-07,24,1,0
R03,SKU-1140,2026-02-08,26,0,0
R03,SKU-1140,2026-02-09,23,0,0
R03,SKU-1140,2026-02-10,29,0,0
R03,SKU-1140,2026-02-11,20,1,0
R03,SKU-1140,02/12/2026,23,1,0
R03,SKU-1140,2026-02-13,26,1,0
R03,SKU-1140,2026-02-14,23,0,0
R03,SKU-1140,2026-02-15,26,0,1
R03,SKU-1140,2026-02-16,28,2,0
R03,SKU-1140,2026-02-17,21,0,0
R03,SKU-1140,02/18/2026,27,1,0
R03,SKU-1140,2026-02-19,31,0,0
R03,SKU-1140,20-Feb-26,30,2,0
R03,SKU-1140,21-Feb-26,13,0,0
R03,SKU-1140,2026-02-22,33,0,0
R03,SKU-1140,02/23/2026,31,0,0
R03,SKU-1140,02/24/2026,24,0,1
R03,SKU-1140,2026-02-25,31,2,0
R03,SKU-1140,02/26/2026,31,0,0
R03,SKU-1140,2026-02-27,41,0,0
R03,SKU-1140,2026-02-28,18,0,0
R03,SKU-1035,2026-02-01,31,0,0
R03,SKU-1035,2026-02-02,18,1,0
R03,SKU-1035,2026-02-03,31,0,0
R03,SKU-1035,2026-02-04,32,0,0
R03,SKU-1035,2026-02-05,32,1,0
R03,SKU-1035,2026-02-06,21,0,0
R03,SKU-1035,02/07/2026,21,0,0
R03,SKU-1035,2026-02-08,32,0,0
R03,SKU-1035,02/09/2026,35,0,0
R03,SKU-1035,2026-02-10,28,1,0
R03,SKU-1035,2026-02-11,24,0,0
R03,SKU-1035,12-Feb-26,34,1,0
R03,SKU-1035,13-Feb-26,23,0,0
R03,SKU-1035,2026-02-14,22,0,0
R03,SKU-1035,2026-02-15,20,1,0
R03,SKU-1035,2026-02-16,23,1,0
R03,SKU-1035,2026-02-17,31,2,1
R03,SKU-1035,2026-02-18,24,0,0
R03,SKU-1035,19-Feb-26,29,0,0
R03,SKU-1035,2026-02-20,25,0,0
R03,SKU-1035,2026-02-21,30,1,0
R03,SKU-1035,2026-02-22,24,0,0
R03,SKU-1035,2026-02-23,21,0,0
R03,SKU-1035,24-Feb-26,36,0,0
R03,SKU-1035,25-Feb-26,25,1,0
R03,SKU-1035,2026-02-26,32,0,0
R03,SKU-1035,02/27/2026,27,0,0
R03,SKU-1035,2026-02-28,22,1,1
R03,SKU-1098,2026-02-01,23,0,0
R03,SKU-1098,2026-02-02,29,0,1
R03,SKU-1098,03-Feb-26,29,0,0
R03,SKU-1098,2026-02-04,32,0,0
R03,SKU-1098,02/05/2026,32,0,0
R03,SKU-1098,06-Feb-26,29,0,0
R03,SKU-1098,02/07/2026,22,0,0
R03,SKU-1098,2026-02-08,31,0,0
R03,SKU-1098,2026-02-09,31,1,0
R03,SKU-1098,2026-02-10,24,1,0
R03,SKU-1098,02/11/2026,26,0,0
R03,SKU-1098,2026-02-12,29,0,0
R03,SKU-1098,2026-02-13,28,0,1
R03,SKU-1098,2026-02-14,25,2,0
R03,SKU-1098,02/15/2026,30,0,0
R03,SKU-1098,02/16/2026,36,0,0
R03,SKU-1098,02/17/2026,26,0,0
R03,SKU-1098,2026-02-18,33,0,1
R03,SKU-1098,2026-02-19,22,1,1
R03,SKU-1098,2026-02-20,35,1,0
R03,SKU-1098,2026-02-21,21,0,0
R03,SKU-1098,22-Feb-26,26,1,0
R03,SKU-1098,2026-02-23,29,0,1
R03,SKU-1098,2026-02-24,30,0,0
R03,SKU-1098,02/25/2026,30,0,0
R03,SKU-1098,2026-02-26,29,1,0
R03,SKU-1098,02/27/2026,32,0,0
R03,SKU-1098,2026-02-28,32,0,0
R03,SKU-1049,01-Feb-26,13,0,0
R03,SKU-1049,2026-02-02,20,1,0
R03,SKU-1049,03-Feb-26,10,0,0
R03,SKU-1049,2026-02-04,9,0,0
R03,SKU-1049,2026-02-05,12,1,0
R03,SKU-1049,02/06/2026,12,0,0
R03,SKU-1049,02/07/2026,14,0,0
R03,SKU-1049,2026-02-08,10,0,0
R03,SKU-1049,2026-02-09,14,0,0
R03,SKU-1049,2026-02-10,10,1,0
R03,SKU-1049,02/11/2026,15,0,0
R03,SKU-1049,2026-02-12,11,0,0
R03,SKU-1049,02/13/2026,9,2,0
R03,SKU-1049,2026-02-14,12,1,1
R03,SKU-1049,02/15/2026,5,0,0
R03,SKU-1049,2026-02-16,14,0,0
R03,SKU-1049,17-Feb-26,13,0,0
R03,SKU-1049,02/18/2026,8,0,1
R03,SKU-1049,02/19/2026,16,0,0
R03,SKU-1049,2026-02-20,14,0,0
R03,SKU-1049,02/21/2026,17,0,0
R03,SKU-1049,2026-02-22,12,1,0
R03,SKU-1049,02/23/2026,20,0,0
R03,SKU-1049,2026-02-24,12,1,1
R03,SKU-1049,2026-02-25,6,0,0
R03,SKU-1049,02/26/2026,15,2,0
R03,SKU-1049,2026-02-27,16,0,0
R03,SKU-1049,28-Feb-26,15,1,0
R03,SKU-1161,01-Feb-26,38,0,0
R03,SKU-1161,02/02/2026,25,0,0
R03,SKU-1161,2026-02-03,29,0,0
R03,SKU-1161,02/04/2026,29,2,0
R03,SKU-1161,02/05/2026,42,1,0
R03,SKU-1161,06-Feb-26,33,1,0
R03,SKU-1161,07-Feb-26,33,1,1
R03,SKU-1161,02/08/2026,24,0,0
R03,SKU-1161,02/09/2026,29,1,0
R03,SKU-1161,2026-02-10,40,4,0
R03,SKU-1161,2026-02-11,26,1,0
R03,SKU-1161,2026-02-12,33,0,0
R03,SKU-1161,02/13/2026,37,0,0
R03,SKU-1161,14-Feb-26,27,0,0
R03,SKU-1161,2026-02-15,31,0,0
R03,SKU-1161,2026-02-16,20,0,0
R03,SKU-1161,2026-02-17,29,1,0
R03,SKU-1161,2026-02-18,37,0,0
R03,SKU-1161,2026-02-19,42,0,0
R03,SKU-1161,02/20/2026,42,1,0
R03,SKU-1161,21-Feb-26,33,1,0
R03,SKU-1161,02/22/2026,34,0,0
R03,SKU-1161,2026-02-23,27,0,0
R03,SKU-1161,2026-02-24,29,1,0
R03,SKU-1161,2026-02-25,20,0,0
R03,SKU-1161,2026-02-26,31,1,0
R03,SKU-1161,02/27/2026,43,1,0
R03,SKU-1161,2026-02-28,26,0,1
R03,SKU-1063,2026-02-01,4,0,1
R03,SKU-1063,2026-02-02,9,0,0
R03,SKU-1063,2026-02-03,4,0,0
R03,SKU-1063,2026-02-04,9,0,1
R03,SKU-1063,2026-02-05,8,1,0
R03,SKU-1063,06-Feb-26,4,0,0
R03,SKU-1063,02/07/2026,3,0,0
R03,SKU-1063,02/08/2026,7,0,0
R03,SKU-1063,2026-02-09,8,0,0
R03,SKU-1063,2026-02-10,4,0,0
R03,SKU-1063,11-Feb-26,8,1,0
R03,SKU-1063,2026-02-12,6,0,0
R03,SKU-1063,13-Feb-26,7,0,0
R03,SKU-1063,2026-02-14,9,0,0
R03,SKU-1063,2026-02-15,5,1,0
R03,SKU-1063,02/16/2026,6,0,0
R03,SKU-1063,17-Feb-26,4,1,0
R03,SKU-1063,2026-02-18,6,0,0
R03,SKU-1063,2026-02-19,9,0,0
R03,SKU-1063,2026-02-20,5,0,0
R03,SKU-1063,21-Feb-26,7,0,0
R03,SKU-1063,2026-02-22,6,0,0
R03,SKU-1063,2026-02-23,9,0,0
R03,SKU-1063,02/24/2026,7,0,0
R03,SKU-1063,2026-02-25,5,2,0
R03,SKU-1063,02/26/2026,5,0,0
R03,SKU-1063,2026-02-27,7,0,0
R03,SKU-1063,2026-02-28,4,0,1
R03,SKU-1224,02/01/2026,25,0,0
R03,SKU-1224,02/02/2026,23,0,0
R03,SKU-1224,2026-02-03,15,0,0
R03,SKU-1224,2026-02-04,13,0,0
R03,SKU-1224,2026-02-05,16,0,0
R03,SKU-1224,2026-02-06,13,0,0
R03,SKU-1224,02/07/2026,10,1,0
R03,SKU-1224,02/08/2026,8,1,0
R03,SKU-1224,2026-02-09,15,0,0
R03,SKU-1224,10-Feb-26,10,0,0
R03,SKU-1224,11-Feb-26,19,2,0
R03,SKU-1224,2026-02-12,24,0,0
R03,SKU-1224,13-Feb-26,19,1,0
R03,SKU-1224,2026-02-14,22,1,0
R03,SKU-1224,2026-02-15,14,0,0
R03,SKU-1224,02/16/2026,21,1,0
R03,SKU-1224,2026-02-17,24,1,0
R03,SKU-1224,2026-02-18,22,0,0
R03,SKU-1224,19-Feb-26,10,0,0
R03,SKU-1224,02/20/2026,13,0,0
R03,SKU-1224,2026-02-21,19,0,0
R03,SKU-1224,2026-02-22,12,0,0
R03,SKU-1224,02/23/2026,18,1,1
R03,SKU-1224,2026-02-24,16,0,1
R03,SKU-1224,2026-02-25,14,0,0
R03,SKU-1224,26-Feb-26,18,1,0
R03,SKU-1224,2026-02-27,18,0,0
R03,SKU-1224,2026-02-28,16,1,0
R03,SKU-1084,2026-02-01,14,2,0
R03,SKU-1084,2026-02-02,16,0,1
R03,SKU-1084,2026-02-03,11,0,1
R03,SKU-1084,2026-02-04,11,0,0
R03,SKU-1084,2026-02-05,9,1,0
R03,SKU-1084,2026-02-06,17,0,0
R03,SKU-1084,02/07/2026,16,1,1
R03,SKU-1084,2026-02-08,11,2,0
R03,SKU-1084,2026-02-09,13,1,0
R03,SKU-1084,2026-02-10,13,1,0
R03,SKU-1084,2026-02-11,15,0,0
R03,SKU-1084,02/12/2026,9,2,1
R03,SKU-1084,2026-02-13,5,1,0
R03,SKU-1084,2026-02-14,16,1,0
R03,SKU-1084,2026-02-15,15,1,0
R03,SKU-1084,2026-02-16,14,2,0
R03,SKU-1084,02/17/2026,9,0,0
R03,SKU-1084,2026-02-18,11,1,1
R03,SKU-1084,2026-02-19,12,1,0
R03,SKU-1084,2026-02-20,9,0,0
R03,SKU-1084,2026-02-21,15,0,0
R03,SKU-1084,2026-02-22,14,1,0
R03,SKU-1084,2026-02-23,11,0,0
R03,SKU-1084,2026-02-24,10,0,1
R03,SKU-1084,2026-02-25,14,0,0
R03,SKU-1084,02/26/2026,9,1,0
R03,SKU-1084,2026-02-27,14,0,1
R03,SKU-1084,28-Feb-26,13,1,0
R03,SKU-1126,2026-02-01,31,0,0
R03,SKU-1126,02-Feb-26,28,0,0
R03,SKU-1126,02/03/2026,34,0,0
R03,SKU-1126,04-Feb-26,32,0,0
R03,SKU-1126,02/05/2026,32,0,0
R03,SKU-1126,2026-02-06,37,0,0
R03,SKU-1126,07-Feb-26,28,1,0
R03,SKU-1126,2026-02-08,23,0,0
R03,SKU-1126,2026-02-09,28,0,0
R03,SKU-1126,02/10/2026,33,1,0
R03,SKU-1126,2026-02-11,36,0,0
R03,SKU-1126,02/12/2026,26,0,0
R03,SKU-1126,2026-02-13,36,0,0
R03,SKU-1126,02/14/2026,22,0,0
R03,SKU-1126,02/15/2026,30,0,0
R03,SKU-1126,02/16/2026,29,0,0
R03,SKU-1126,2026-02-17,33,1,0
R03,SKU-1126,2026-02-18,26,0,0
R03,SKU-1126,2026-02-19,32,0,0
R03,SKU-1126,2026-02-20,26,0,0
R03,SKU-1126,02/21/2026,36,0,0
R03,SKU-1126,2026-02-22,27,0,0
R03,SKU-1126,23-Feb-26,36,1,0
R03,SKU-1126,2026-02-24,27,0,0
R03,SKU-1126,02/25/2026,18,2,0
R03,SKU-1126,2026-02-26,24,1,0
R03,SKU-1126,02/27/2026,21,0,0
R03,SKU-1126,02/28/2026,28,0,0
R03,SKU-1007,2026-02-01,4,0,0
R03,SKU-1007,2026-02-02,4,0,1
R03,SKU-1007,2026-02-03,5,0,1
R03,SKU-1007,2026-02-04,3,0,0
R03,SKU-1007,02/05/2026,5,0,0
R03,SKU-1007,02/06/2026,2,0,0
R03,SKU-1007,02/07/2026,2,0,0
R03,SKU-1007,02/08/2026,6,0,0
R03,SKU-1007,02/09/2026,4,1,0
R03,SKU-1007,2026-02-10,4,0,0
R03,SKU-1007,2026-02-11,3,0,0
R03,SKU-1007,02/12/2026,3,0,0
R03,SKU-1007,02/13/2026,1,0,0
R03,SKU-1007,02/14/2026,4,1,1
R03,SKU-1007,2026-02-15,4,0,1
R03,SKU-1007,02/16/2026,3,1,0
R03,SKU-1007,2026-02-17,8,0,0
R03,SKU-1007,02/18/2026,11,0,0
R03,SKU-1007,19-Feb-26,8,0,0
R03,SKU-1007,2026-02-20,5,0,0
R03,SKU-1007,2026-02-21,8,0,0
R03,SKU-1007,02/22/2026,6,0,0
R03,SKU-1007,02/23/2026,6,0,0
R03,SKU-1007,24-Feb-26,5,0,0
R03,SKU-1007,02/25/2026,6,0,0
R03,SKU-1007,26-Feb-26,6,0,0
R03,SKU-1007,02/27/2026,3,2,0
R03,SKU-1007,02/28/2026,5,0,0
R03,SKU-1021,2026-02-01,30,0,0
R03,SKU-1021,2026-02-02,33,0,0
R03,SKU-1021,03-Feb-26,33,1,0
R03,SKU-1021,02/04/2026,29,0,0
R03,SKU-1021,2026-02-05,36,0,0
R03,SKU-1021,2026-02-06,35,0,0
R03,SKU-1021,2026-02-07,39,1,0
R03,SKU-1021,02/08/2026,30,0,0
R03,SKU-1021,2026-02-09,33,0,0
R03,SKU-1021,02/10/2026,36,0,0
R03,SKU-1021,2026-02-11,30,2,1
R03,SKU-1021,2026-02-12,38,0,0
R03,SKU-1021,2026-02-13,32,0,0
R03,SKU-1021,2026-02-14,29,0,0
R03,SKU-1021,15-Feb-26,32,0,0
R03,SKU-1021,2026-02-16,39,0,0
R03,SKU-1021,2026-02-17,38,1,1
R03,SKU-1021,02/18/2026,15,0,0
R03,SKU-1021,2026-02-19,31,1,0
R03,SKU-1021,2026-02-20,40,0,0
R03,SKU-1021,2026-02-21,32,0,0
R03,SKU-1021,2026-02-22,36,0,0
R03,SKU-1021,23-Feb-26,34,1,0
R03,SKU-1021,02/24/2026,37,0,1
R03,SKU-1021,2026-02-25,29,0,0
R03,SKU-1021,2026-02-26,35,1,0
R03,SKU-1021,2026-02-27,28,0,0
R03,SKU-1021,2026-02-28,33,0,0
R03,SKU-1119,02/01/2026,28,0,0
R03,SKU-1119,2026-02-02,29,2,0
R03,SKU-1119,2026-02-03,33,2,0
R03,SKU-1119,2026-02-04,30,1,0
R03,SKU-1119,02/05/2026,28,0,0
R03,SKU-1119,2026-02-06,28,0,0
R03,SKU-1119,2026-02-07,35,1,0
R03,SKU-1119,08-Feb-26,39,0,0
R03,SKU-1119,09-Feb-26,24,1,0
R03,SKU-1119,2026-02-10,29,0,0
R03,SKU-1119,2026-02-11,34,0,0
R03,SKU-1119,02/12/2026,35,0,0
R03,SKU-1119,2026-02-13,33,0,0
R03,SKU-1119,2026-02-14,39,0,0
R03,SKU-1119,2026-02-15,46,0,0
R03,SKU-1119,2026-02-16,38,0,0
R03,SKU-1119,2026-02-17,34,0,0
R03,SKU-1119,2026-02-18,31,0,0
R03,SKU-1119,2026-02-19,41,0,0
R03,SKU-1119,2026-02-20,35,1,0
R03,SKU-1119,21-Feb-26,29,0,0
R03,SKU-1119,22-Feb-26,24,0,0
R03,SKU-1119,02/23/2026,45,0,1
R03,SKU-1119,2026-02-24,40,1,0
R03,SKU-1119,2026-02-25,29,2,0
R03,SKU-1119,2026-02-26,37,1,0
R03,SKU-1119,02/27/2026,37,1,0
R03,SKU-1119,28-Feb-26,44,0,0
R03,SKU-1070,2026-02-01,24,0,0
R03,SKU-1070,2026-02-02,22,0,0
R03,SKU-1070,2026-02-03,16,0,0
R03,SKU-1070,2026-02-04,21,0,0
R03,SKU-1070,2026-02-05,12,0,0
R03,SKU-1070,02/06/2026,15,0,1
R03,SKU-1070,2026-02-07,19,0,0
R03,SKU-1070,08-Feb-26,17,0,0
R03,SKU-1070,2026-02-09,14,0,0
R03,SKU-1070,2026-02-10,10,0,0
R03,SKU-1070,02/11/2026,12,0,0
R03,SKU-1070,12-Feb-26,15,0,1
R03,SKU-1070,13-Feb-26,15,1,0
R03,SKU-1070,02/14/2026,17,0,0
R03,SKU-1070,02/15/2026,15,2,0
R03,SKU-1070,16-Feb-26,26,0,0
R03,SKU-1070,02/17/2026,17,0,1
R03,SKU-1070,2026-02-18,13,0,0
R03,SKU-1070,2026-02-19,18,0,0
R03,SKU-1070,2026-02-20,19,0,0
R03,SKU-1070,2026-02-21,21,0,0
R03,SKU-1070,02/22/2026,24,0,1
R03,SKU-1070,2026-02-23,17,0,0
R03,SKU-1070,02/24/2026,22,0,1
R03,SKU-1070,2026-02-25,16,0,1
R03,SKU-1070,2026-02-26,19,0,0
R03,SKU-1070,2026-02-27,16,1,0
R03,SKU-1070,02/28/2026,13,0,0
R03,SKU-1252,2026-02-01,28,0,0
R03,SKU-1252,2026-02-02,21,0,0
R03,SKU-1252,2026-02-03,25,0,0
R03,SKU-1252,2026-02-04,24,0,1
R03,SKU-1252,2026-02-05,24,0,0
R03,SKU-1252,2026-02-06,21,1,0
R03,SKU-1252,2026-02-07,35,0,1
R03,SKU-1252,2026-02-08,31,1,0
R03,SKU-1252,2026-02-09,27,0,0
R03,SKU-1252,2026-02-10,18,0,0
R03,SKU-1252,2026-02-11,22,0,0
R03,SKU-1252,02/12/2026,30,1,0
R03,SKU-1252,2026-02-13,29,0,0
R03,SKU-1252,02/14/2026,23,1,0
R03,SKU-1252,02/15/2026,23,0,1
R03,SKU-1252,2026-02-16,30,0,0
R03,SKU-1252,2026-02-17,27,0,0
R03,SKU-1252,18-Feb-26,21,0,0
R03,SKU-1252,2026-02-19,27,0,1
R03,SKU-1252,2026-02-20,29,0,0
R03,SKU-1252,2026-02-21,27,0,0
R03,SKU-1252,2026-02-22,28,0,0
R03,SKU-1252,2026-02-23,22,0,0
R03,SKU-1252,02/24/2026,25,1,0
R03,SKU-1252,2026-02-25,30,0,0
R03,SKU-1252,2026-02-26,30,0,0
R03,SKU-1252,2026-02-27,29,0,0
R03,SKU-1252,2026-02-28,18,0,0
R03,SKU-1112,01-Feb-26,34,0,1
R03,SKU-1112,2026-02-02,33,1,0
R03,SKU-1112,2026-02-03,28,0,0
R03,SKU-1112,2026-02-04,28,1,1
R03,SKU-1112,2026-02-05,27,1,0
R03,SKU-1112,02/06/2026,27,0,0
R03,SKU-1112,02/07/2026,31,0,0
R03,SKU-1112,2026-02-08,26,0,1
R03,SKU-1112,2026-02-09,36,1,1
R03,SKU-1112,10-Feb-26,34,1,0
R03,SKU-1112,2026-02-11,25,0,0
R03,SKU-1112,12-Feb-26,33,0,0
R03,SKU-1112,02/13/2026,24,0,0
R03,SKU-1112,2026-02-14,40,1,0
R03,SKU-1112,15-Feb-26,27,0,0
R03,SKU-1112,2026-02-16,34,1,0
R03,SKU-1112,02/17/2026,24,0,0
R03,SKU-1112,2026-02-18,31,2,0
R03,SKU-1112,2026-02-19,31,1,0
R03,SKU-1112,2026-02-20,27,0,0
R03,SKU-1112,21-Feb-26,34,0,1
R03,SKU-1112,2026-02-22,31,0,0
R03,SKU-1112,02/23/2026,26,0,1
R03,SKU-1112,2026-02-24,30,1,0
R03,SKU-1112,2026-02-25,24,0,0
R03,SKU-1112,2026-02-26,21,0,0
R03,SKU-1112,2026-02-27,19,0,0
R03,SKU-1112,02/28/2026,35,2,0
R03,SKU-1175,01-Feb-26,22,0,1
R03,SKU-1175,2026-02-02,19,0,0
R03,SKU-1175,2026-02-03,18,0,0
R03,SKU-1175,04-Feb-26,25,0,1
R03,SKU-1175,2026-02-05,21,0,0
R03,SKU-1175,02/06/2026,17,0,0
R03,SKU-1175,2026-02-07,11,0,0
R03,SKU-1175,2026-02-08,22,0,0
R03,SKU-1175,2026-02-09,26,0,0
R03,SKU-1175,02/10/2026,23,1,0
R03,SKU-1175,2026-02-11,21,1,0
R03,SKU-1175,2026-02-12,18,0,1
R03,SKU-1175,02/13/2026,17,1,0
R03,SKU-1175,2026-02-14,18,0,0
R03,SKU-1175,2026-02-15,25,1,0
R03,SKU-1175,2026-02-16,12,1,0
R03,SKU-1175,2026-02-17,29,0,0
R03,SKU-1175,2026-02-18,14,0,0
R03,SKU-1175,2026-02-19,26,0,1
R03,SKU-1175,2026-02-20,22,0,1
R03,SKU-1175,2026-02-21,19,0,0
R03,SKU-1175,2026-02-22,30,0,0
R03,SKU-1175,2026-02-23,22,0,0
R03,SKU-1175,2026-02-24,20,0,0
R03,SKU-1175,2026-02-25,19,0,1
R03,SKU-1175,2026-02-26,23,0,1
R03,SKU-1175,27-Feb-26,17,0,0
R03,SKU-1175,2026-02-28,17,0,0
R03,SKU-1259,01-Feb-26,28,0,0
R03,SKU-1259,2026-02-02,38,0,0
R03,SKU-1259,2026-02-03,21,0,0
R03,SKU-1259,04-Feb-26,35,0,0
R03,SKU-1259,2026-02-05,28,0,0
R03,SKU-1259,2026-02-06,22,0,0
R03,SKU-1259,2026-02-07,27,1,1
R03,SKU-1259,2026-02-08,26,0,0
R03,SKU-1259,02/09/2026,32,1,0
R03,SKU-1259,02/10/2026,19,1,0
R03,SKU-1259,11-Feb-26,30,0,0
R03,SKU-1259,2026-02-12,35,0,1
R03,SKU-1259,13-Feb-26,25,1,0
R03,SKU-1259,2026-02-14,39,0,1
R03,SKU-1259,2026-02-15,31,0,0
R03,SKU-1259,16-Feb-26,27,1,0
R03,SKU-1259,2026-02-17,39,0,0
R03,SKU-1259,2026-02-18,29,0,0
R03,SKU-1259,2026-02-19,23,0,0
R03,SKU-1259,2026-02-20,31,1,0
R03,SKU-1259,02/21/2026,26,0,0
R03,SKU-1259,02/22/2026,23,0,0
R03,SKU-1259,2026-02-23,8,1,0
R03,SKU-1259,2026-02-24,34,1,0
R03,SKU-1259,02/25/2026,29,0,0
R03,SKU-1259,2026-02-26,31,0,0
R03,SKU-1259,2026-02-27,33,1,0
R03,SKU-1259,28-Feb-26,24,0,0
R03,SKU-1182,2026-02-01,2,0,0
R03,SKU-1182,02/02/2026,9,0,0
R03,SKU-1182,2026-02-03,4,0,1
R03,SKU-1182,02/04/2026,5,1,0
R03,SKU-1182,02/05/2026,3,1,0
R03,SKU-1182,2026-02-06,7,0,0
R03,SKU-1182,07-Feb-26,9,1,0
R03,SKU-1182,02/08/2026,4,1,1
R03,SKU-1182,02/09/2026,1,0,1
R03,SKU-1182,02/10/2026,6,1,0
R03,SKU-1182,02/11/2026,3,0,0
R03,SKU-1182,02/12/2026,1,0,0
R03,SKU-1182,2026-02-13,4,0,0
R03,SKU-1182,2026-02-14,7,1,1
R03,SKU-1182,15-Feb-26,3,1,0
R03,SKU-1182,2026-02-16,5,0,0
R03,SKU-1182,2026-02-17,7,0,0
R03,SKU-1182,2026-02-18,7,0,0
R03,SKU-1182,2026-02-19,8,0,0
R03,SKU-1182,2026-02-20,3,0,0
R03,SKU-1182,2026-02-21,2,1,0
R03,SKU-1182,2026-02-22,6,2,0
R03,SKU-1182,2026-02-23,5,1,0
R03,SKU-1182,24-Feb-26,2,0,1
R03,SKU-1182,02/25/2026,7,0,0
R03,SKU-1182,2026-02-26,6,0,0
R03,SKU-1182,27-Feb-26,6,0,0
R03,SKU-1182,2026-02-28,6,1,0
R03,SKU-1266,2026-02-01,32,1,0
R03,SKU-1266,02/02/2026,22,1,0
R03,SKU-1266,02/03/2026,36,0,0
R03,SKU-1266,2026-02-04,17,0,1
R03,SKU-1266,02/05/2026,27,1,0
R03,SKU-1266,02/06/2026,28,1,0
R03,SKU-1266,2026-02-07,32,0,0
R03,SKU-1266,2026-02-08,40,0,0
R03,SKU-1266,09-Feb-26,28,0,0
R03,SKU-1266,10-Feb-26,35,0,0
R03,SKU-1266,2026-02-11,28,1,0
R03,SKU-1266,2026-02-12,26,0,1
R03,SKU-1266,2026-02-13,29,0,0
R03,SKU-1266,2026-02-14,33,0,0
R03,SKU-1266,02/15/2026,30,0,0
R03,SKU-1266,02/16/2026,32,1,0
R03,SKU-1266,2026-02-17,32,2,0
R03,SKU-1266,02/18/2026,33,0,0
R03,SKU-1266,02/19/2026,31,0,0
R03,SKU-1266,02/20/2026,23,0,1
R03,SKU-1266,02/21/2026,24,0,0
R03,SKU-1266,22-Feb-26,30,3,0
R03,SKU-1266,2026-02-23,32,2,0
R03,SKU-1266,2026-02-24,23,0,0
R03,SKU-1266,02/25/2026,31,0,0
R03,SKU-1266,02/26/2026,34,0,1
R03,SKU-1266,02/27/2026,28,0,0
R03,SKU-1266,28-Feb-26,36,1,0
R03,SKU-1077,2026-02-01,15,0,0
R03,SKU-1077,02/02/2026,17,2,0
R03,SKU-1077,2026-02-03,13,1,0
R03,SKU-1077,2026-02-04,16,0,1
R03,SKU-1077,2026-02-05,18,0,0
R03,SKU-1077,06-Feb-26,16,1,0
R03,SKU-1077,2026-02-07,19,1,0
R03,SKU-1077,2026-02-08,16,1,0
R03,SKU-1077,2026-02-09,14,0,0
R03,SKU-1077,02/10/2026,12,0,1
R03,SKU-1077,2026-02-11,18,0,0
R03,SKU-1077,2026-02-12,12,2,0
R03,SKU-1077,2026-02-13,9,1,0
R03,SKU-1077,02/14/2026,18,0,0
R03,SKU-1077,02/15/2026,18,1,0
R03,SKU-1077,2026-02-16,16,0,0
R03,SKU-1077,02/17/2026,10,1,0
R03,SKU-1077,02/18/2026,19,1,0
R03,SKU-1077,2026-02-19,25,0,0
R03,SKU-1077,2026-02-20,12,0,0
R03,SKU-1077,02/21/2026,14,1,0
R03,SKU-1077,2026-02-22,18,2,0
R03,SKU-1077,23-Feb-26,16,0,1
R03,SKU-1077,24-Feb-26,18,0,0
R03,SKU-1077,02/25/2026,17,1,0
R03,SKU-1077,2026-02-26,18,1,0
R03,SKU-1077,2026-02-27,15,1,0
R03,SKU-1077,2026-02-28,11,0,0
R03,SKU-1280,02/01/2026,23,1,0
R03,SKU-1280,2026-02-02,32,0,0
R03,SKU-1280,02/03/2026,26,0,0
R03,SKU-1280,2026-02-04,27,1,0
R03,SKU-1280,02/05/2026,27,2,0
R03,SKU-1280,2026-02-06,25,0,0
R03,SKU-1280,07-Feb-26,33,0,0
R03,SKU-1280,2026-02-08,30,0,0
R03,SKU-1280,2026-02-09,31,1,0
R03,SKU-1280,2026-02-10,30,2,0
R03,SKU-1280,11-Feb-26,19,0,0
R03,SKU-1280,2026-02-12,16,0,1
R03,SKU-1280,02/13/2026,24,0,0
R03,SKU-1280,2026-02-14,27,0,0
R03,SKU-1280,2026-02-15,26,0,0
R03,SKU-1280,2026-02-16,27,0,0
R03,SKU-1280,2026-02-17,27,0,0
R03,SKU-1280,02/18/2026,29,1,0
R03,SKU-1280,2026-02-19,26,1,0
R03,SKU-1280,20-Feb-26,27,0,0
R03,SKU-1280,2026-02-21,31,0,0
R03,SKU-1280,22-Feb-26,30,0,0
R03,SKU-1280,02/23/2026,38,0,0
R03,SKU-1280,02/24/2026,29,0,0
R03,SKU-1280,25-Feb-26,19,1,0
R03,SKU-1280,2026-02-26,30,0,0
R03,SKU-1280,2026-02-27,30,0,0
R03,SKU-1280,2026-02-28,24,0,0
R03,SKU-1238,2026-02-01,21,0,0
R03,SKU-1238,02/02/2026,24,0,0
R03,SKU-1238,2026-02-03,38,1,0
R03,SKU-1238,2026-02-04,21,0,1
R03,SKU-1238,05-Feb-26,22,2,0
R03,SKU-1238,2026-02-06,19,0,1
R03,SKU-1238,2026-02-07,24,3,1
R03,SKU-1238,08-Feb-26,34,0,0
R03,SKU-1238,09-Feb-26,33,0,0
R03,SKU-1238,2026-02-10,34,0,0
R03,SKU-1238,2026-02-11,31,0,0
R03,SKU-1238,02/12/2026,38,1,0
R03,SKU-1238,2026-02-13,26,1,0
R03,SKU-1238,02/14/2026,27,0,0
R03,SKU-1238,02/15/2026,26,0,0
R03,SKU-1238,02/16/2026,27,0,1
R03,SKU-1238,2026-02-17,35,1,0
R03,SKU-1238,2026-02-18,30,1,0
R03,SKU-1238,02/19/2026,28,0,1
R03,SKU-1238,20-Feb-26,21,0,0
R03,SKU-1238,21-Feb-26,25,1,0
R03,SKU-1238,2026-02-22,23,0,0
R03,SKU-1238,2026-02-23,25,0,0
R03,SKU-1238,2026-02-24,34,0,0
R03,SKU-1238,2026-02-25,22,2,0
R03,SKU-1238,2026-02-26,35,0,0
R03,SKU-1238,2026-02-27,22,0,0
R03,SKU-1238,02/28/2026,28,0,0
R03,SKU-1217,2026-02-01,16,2,0
R03,SKU-1217,2026-02-02,7,0,0
R03,SKU-1217,2026-02-03,8,0,0
R03,SKU-1217,02/04/2026,12,0,0
R03,SKU-1217,2026-02-05,11,0,1
R03,SKU-1217,2026-02-06,8,1,0
R03,SKU-1217,2026-02-07,4,0,1
R03,SKU-1217,2026-02-08,10,0,0
R03,SKU-1217,09-Feb-26,13,0,0
R03,SKU-1217,2026-02-10,8,0,0
R03,SKU-1217,02/11/2026,10,0,0
R03,SKU-1217,02/12/2026,11,0,0
R03,SKU-1217,2026-02-13,13,3,0
R03,SKU-1217,2026-02-14,9,0,0
R03,SKU-1217,2026-02-15,9,0,0
R03,SKU-1217,2026-02-16,3,1,0
R03,SKU-1217,2026-02-17,11,0,0
R03,SKU-1217,2026-02-18,14,0,0
R03,SKU-1217,2026-02-19,4,2,0
R03,SKU-1217,02/20/2026,9,1,0
R03,SKU-1217,02/21/2026,9,2,0
R03,SKU-1217,02/22/2026,15,0,0
R03,SKU-1217,2026-02-23,16,0,0
R03,SKU-1217,2026-02-24,11,0,0
R03,SKU-1217,02/25/2026,12,2,0
R03,SKU-1217,02/26/2026,5,2,0
R03,SKU-1217,2026-02-27,7,2,0
R03,SKU-1217,28-Feb-26,10,0,0
R04,SKU-1056,01-Feb-26,3,2,0
R04,SKU-1056,2026-02-02,3,0,0
R04,SKU-1056,03-Feb-26,4,1,0
R04,SKU-1056,2026-02-04,7,1,0
R04,SKU-1056,05-Feb-26,3,0,0
R04,SKU-1056,2026-02-06,2,0,0
R04,SKU-1056,2026-02-07,2,0,0
R04,SKU-1056,2026-02-08,3,0,1
R04,SKU-1056,2026-02-09,4,0,0
R04,SKU-1056,2026-02-10,4,0,0
R04,SKU-1056,2026-02-11,8,0,0
R04,SKU-1056,2026-02-12,4,0,0
R04,SKU-1056,2026-02-13,7,0,1
R04,SKU-1056,02/14/2026,3,0,1
R04,SKU-1056,15-Feb-26,4,0,0
R04,SKU-1056,2026-02-16,4,1,0
R04,SKU-1056,17-Feb-26,7,1,0
R04,SKU-1056,2026-02-18,4,1,0
R04,SKU-1056,19-Feb-26,9,0,1
R04,SKU-1056,20-Feb-26,3,0,0
R04,SKU-1056,2026-02-21,3,1,0
R04,SKU-1056,2026-02-22,5,1,0
R04,SKU-1056,02/23/2026,3,0,0
R04,SKU-1056,2026-02-24,2,0,0
R04,SKU-1056,2026-02-25,7,0,0
R04,SKU-1056,02/26/2026,2,0,0
R04,SKU-1056,2026-02-27,3,1,0
R04,SKU-1056,2026-02-28,5,0,0
R04,SKU-1231,2026-02-01,24,2,1
R04,SKU-1231,02-Feb-26,20,1,0
R04,SKU-1231,2026-02-03,27,0,0
R04,SKU-1231,04-Feb-26,27,1,1
R04,SKU-1231,02/05/2026,25,0,0
R04,SKU-1231,2026-02-06,32,1,0
R04,SKU-1231,02/07/2026,22,1,0
R04,SKU-1231,2026-02-08,31,1,0
R04,SKU-1231,2026-02-09,27,0,0
R04,SKU-1231,02/10/2026,26,0,0
R04,SKU-1231,2026-02-11,29,0,0
R04,SKU-1231,2026-02-12,44,0,0
R04,SKU-1231,13-Feb-26,34,0,0
R04,SKU-1231,02/14/2026,31,0,0
R04,SKU-1231,02/15/2026,12,0,0
R04,SKU-1231,2026-02-16,19,0,0
R04,SKU-1231,2026-02-17,25,1,0
R04,SKU-1231,2026-02-18,28,1,0
R04,SKU-1231,02/19/2026,30,0,0
R04,SKU-1231,2026-02-20,41,1,0
R04,SKU-1231,02/21/2026,35,0,0
R04,SKU-1231,2026-02-22,28,0,0
R04,SKU-1231,02/23/2026,25,0,0
R04,SKU-1231,2026-02-24,38,1,0
R04,SKU-1231,2026-02-25,31,1,0
R04,SKU-1231,2026-02-26,25,1,0
R04,SKU-1231,02/27/2026,23,0,0
R04,SKU-1231,02/28/2026,31,1,0
R04,SKU-1077,2026-02-01,29,0,0
R04,SKU-1077,2026-02-02,26,1,0
R04,SKU-1077,2026-02-03,32,0,0
R04,SKU-1077,02/04/2026,30,1,0
R04,SKU-1077,2026-02-05,34,2,0
R04,SKU-1077,02/06/2026,25,0,0
R04,SKU-1077,2026-02-07,24,0,0
R04,SKU-1077,02/08/2026,22,1,0
R04,SKU-1077,02/09/2026,26,1,0
R04,SKU-1077,2026-02-10,21,0,0
R04,SKU-1077,02/11/2026,25,0,0
R04,SKU-1077,2026-02-12,28,0,0
R04,SKU-1077,2026-02-13,22,0,0
R04,SKU-1077,2026-02-14,23,0,1
R04,SKU-1077,2026-02-15,37,0,0
R04,SKU-1077,02/16/2026,30,0,0
R04,SKU-1077,2026-02-17,20,1,0
R04,SKU-1077,2026-02-18,24,0,0
R04,SKU-1077,02/19/2026,32,0,0
R04,SKU-1077,2026-02-20,28,1,0
R04,SKU-1077,2026-02-21,29,0,0
R04,SKU-1077,02/22/2026,23,1,0
R04,SKU-1077,2026-02-23,18,0,0
R04,SKU-1077,24-Feb-26,30,1,0
R04,SKU-1077,2026-02-25,23,0,0
R04,SKU-1077,26-Feb-26,32,0,0
R04,SKU-1077,2026-02-27,32,1,0
R04,SKU-1077,02/28/2026,21,1,0
R04,SKU-1021,2026-02-01,29,1,0
R04,SKU-1021,2026-02-02,32,0,0
R04,SKU-1021,2026-02-03,32,0,0
R04,SKU-1021,2026-02-04,15,1,0
R04,SKU-1021,02/05/2026,28,2,0
R04,SKU-1021,02/06/2026,29,1,1
R04,SKU-1021,07-Feb-26,23,1,0
R04,SKU-1021,08-Feb-26,28,0,0
R04,SKU-1021,09-Feb-26,30,0,0
R04,SKU-1021,2026-02-10,28,0,0
R04,SKU-1021,2026-02-11,29,1,0
R04,SKU-1021,02/12/2026,32,0,0
R04,SKU-1021,13-Feb-26,23,1,0
R04,SKU-1021,2026-02-14,31,0,0
R04,SKU-1021,2026-02-15,22,1,0
R04,SKU-1021,2026-02-16,34,0,0
R04,SKU-1021,2026-02-17,24,0,0
R04,SKU-1021,02/18/2026,37,0,0
R04,SKU-1021,2026-02-19,35,1,0
R04,SKU-1021,2026-02-20,22,0,0
R04,SKU-1021,2026-02-21,29,1,0
R04,SKU-1021,22-Feb-26,24,0,0
R04,SKU-1021,2026-02-23,23,3,0
R04,SKU-1021,2026-02-24,28,0,0
R04,SKU-1021,2026-02-25,36,1,1
R04,SKU-1021,2026-02-26,24,2,1
R04,SKU-1021,2026-02-27,36,1,0
R04,SKU-1021,2026-02-28,32,0,0
R04,SKU-1028,2026-02-01,11,0,0
R04,SKU-1028,2026-02-02,10,1,0
R04,SKU-1028,02/03/2026,10,1,0
R04,SKU-1028,02/04/2026,11,1,0
R04,SKU-1028,02/05/2026,11,0,0
R04,SKU-1028,2026-02-06,6,0,0
R04,SKU-1028,2026-02-07,12,1,0
R04,SKU-1028,2026-02-08,6,0,0
R04,SKU-1028,2026-02-09,11,0,0
R04,SKU-1028,02/10/2026,6,1,0
R04,SKU-1028,11-Feb-26,8,0,1
R04,SKU-1028,2026-02-12,10,0,0
R04,SKU-1028,2026-02-13,9,0,0
R04,SKU-1028,02/14/2026,9,0,0
R04,SKU-1028,2026-02-15,13,1,0
R04,SKU-1028,02/16/2026,12,0,0
R04,SKU-1028,2026-02-17,15,1,0
R04,SKU-1028,2026-02-18,7,0,0
R04,SKU-1028,2026-02-19,8,0,0
R04,SKU-1028,2026-02-20,9,0,0
R04,SKU-1028,21-Feb-26,12,0,0
R04,SKU-1028,22-Feb-26,13,0,0
R04,SKU-1028,02/23/2026,7,0,0
R04,SKU-1028,2026-02-24,9,0,0
R04,SKU-1028,02/25/2026,15,0,0
R04,SKU-1028,02/26/2026,9,0,0
R04,SKU-1028,02/27/2026,12,2,0
R04,SKU-1028,2026-02-28,6,1,0
R04,SKU-1035,2026-02-01,18,0,1
R04,SKU-1035,2026-02-02,12,0,0
R04,SKU-1035,02/03/2026,12,0,0
R04,SKU-1035,2026-02-04,13,0,0
R04,SKU-1035,05-Feb-26,14,0,0
R04,SKU-1035,06-Feb-26,16,1,0
R04,SKU-1035,02/07/2026,11,0,0
R04,SKU-1035,02/08/2026,10,1,0
R04,SKU-1035,2026-02-09,15,1,0
R04,SKU-1035,02/10/2026,11,0,0
R04,SKU-1035,02/11/2026,14,1,0
R04,SKU-1035,2026-02-12,16,0,0
R04,SKU-1035,2026-02-13,13,1,0
R04,SKU-1035,2026-02-14,23,0,0
R04,SKU-1035,2026-02-15,7,0,0
R04,SKU-1035,02/16/2026,20,0,0
R04,SKU-1035,2026-02-17,8,0,0
R04,SKU-1035,02/18/2026,18,0,0
R04,SKU-1035,19-Feb-26,7,2,0
R04,SKU-1035,02/20/2026,17,0,0
R04,SKU-1035,02/21/2026,12,1,0
R04,SKU-1035,22-Feb-26,15,0,0
R04,SKU-1035,2026-02-23,11,0,0
R04,SKU-1035,02/24/2026,13,0,0
R04,SKU-1035,25-Feb-26,9,2,0
R04,SKU-1035,2026-02-26,7,0,0
R04,SKU-1035,2026-02-27,12,1,0
R04,SKU-1035,2026-02-28,17,0,0
R04,SKU-1182,2026-02-01,25,0,0
R04,SKU-1182,2026-02-02,27,1,0
R04,SKU-1182,2026-02-03,26,1,0
R04,SKU-1182,04-Feb-26,18,0,0
R04,SKU-1182,2026-02-05,16,0,0
R04,SKU-1182,02/06/2026,18,0,0
R04,SKU-1182,02/07/2026,21,0,0
R04,SKU-1182,2026-02-08,16,1,0
R04,SKU-1182,02/09/2026,20,1,0
R04,SKU-1182,2026-02-10,21,1,1
R04,SKU-1182,2026-02-11,10,0,0
R04,SKU-1182,2026-02-12,21,0,1
R04,SKU-1182,13-Feb-26,30,0,0
R04,SKU-1182,2026-02-14,16,0,0
R04,SKU-1182,2026-02-15,26,0,1
R04,SKU-1182,2026-02-16,16,2,0
R04,SKU-1182,02/17/2026,25,0,1
R04,SKU-1182,02/18/2026,26,1,0
R04,SKU-1182,2026-02-19,13,2,0
R04,SKU-1182,2026-02-20,24,1,0
R04,SKU-1182,21-Feb-26,21,0,0
R04,SKU-1182,2026-02-22,26,0,1
R04,SKU-1182,02/23/2026,21,1,0
R04,SKU-1182,2026-02-24,14,1,0
R04,SKU-1182,2026-02-25,11,0,0
R04,SKU-1182,2026-02-26,19,0,0
R04,SKU-1182,27-Feb-26,24,0,0
R04,SKU-1182,28-Feb-26,18,1,1
R04,SKU-1238,02/01/2026,9,1,0
R04,SKU-1238,2026-02-02,6,0,0
R04,SKU-1238,2026-02-03,5,0,0
R04,SKU-1238,2026-02-04,12,1,0
R04,SKU-1238,2026-02-05,5,0,0
R04,SKU-1238,2026-02-06,4,0,0
R04,SKU-1238,2026-02-07,3,0,0
R04,SKU-1238,02/08/2026,5,0,0
R04,SKU-1238,09-Feb-26,10,1,1
R04,SKU-1238,02/10/2026,7,0,0
R04,SKU-1238,11-Feb-26,5,1,0
R04,SKU-1238,12-Feb-26,4,1,1
R04,SKU-1238,2026-02-13,7,0,0
R04,SKU-1238,2026-02-14,10,0,1
R04,SKU-1238,02/15/2026,7,0,1
R04,SKU-1238,16-Feb-26,4,1,1
R04,SKU-1238,02/17/2026,10,0,0
R04,SKU-1238,18-Feb-26,6,0,0
R04,SKU-1238,19-Feb-26,6,0,0
R04,SKU-1238,2026-02-20,4,0,0
R04,SKU-1238,2026-02-21,7,0,0
R04,SKU-1238,2026-02-22,5,0,0
R04,SKU-1238,2026-02-23,4,0,0
R04,SKU-1238,2026-02-24,1,2,1
R04,SKU-1238,2026-02-25,8,1,0
R04,SKU-1238,2026-02-26,8,0,0
R04,SKU-1238,2026-02-27,5,0,0
R04,SKU-1238,2026-02-28,9,0,0
R04,SKU-1280,02/01/2026,28,0,0
R04,SKU-1280,02/02/2026,26,0,0
R04,SKU-1280,2026-02-03,30,0,1
R04,SKU-1280,2026-02-04,18,0,0
R04,SKU-1280,2026-02-05,25,0,0
R04,SKU-1280,2026-02-06,32,0,0
R04,SKU-1280,07-Feb-26,22,0,1
R04,SKU-1280,02/08/2026,23,0,0
R04,SKU-1280,2026-02-09,28,1,0
R04,SKU-1280,2026-02-10,24,0,1
R04,SKU-1280,2026-02-11,30,0,0
R04,SKU-1280,02/12/2026,28,0,0
R04,SKU-1280,2026-02-13,28,3,1
R04,SKU-1280,02/14/2026,28,0,0
R04,SKU-1280,2026-02-15,28,1,0
R04,SKU-1280,02/16/2026,30,0,0
R04,SKU-1280,02/17/2026,22,0,1
R04,SKU-1280,2026-02-18,30,0,1
R04,SKU-1280,19-Feb-26,30,0,0
R04,SKU-1280,2026-02-20,23,0,0
R04,SKU-1280,2026-02-21,25,1,0
R04,SKU-1280,22-Feb-26,31,1,0
R04,SKU-1280,02/23/2026,26,0,1
R04,SKU-1280,2026-02-24,23,1,0
R04,SKU-1280,2026-02-25,27,0,0
R04,SKU-1280,2026-02-26,19,0,1
R04,SKU-1280,2026-02-27,18,0,1
R04,SKU-1280,2026-02-28,19,0,0
R04,SKU-1273,2026-02-01,6,1,0
R04,SKU-1273,02-Feb-26,9,0,0
R04,SKU-1273,02/03/2026,4,0,0
R04,SKU-1273,04-Feb-26,4,0,0
R04,SKU-1273,05-Feb-26,5,1,0
R04,SKU-1273,2026-02-06,15,0,0
R04,SKU-1273,02/07/2026,6,2,0
R04,SKU-1273,2026-02-08,10,3,0
R04,SKU-1273,2026-02-09,12,1,0
R04,SKU-1273,2026-02-10,7,0,0
R04,SKU-1273,2026-02-11,10,0,0
R04,SKU-1273,2026-02-12,6,0,0
R04,SKU-1273,2026-02-13,3,0,0
R04,SKU-1273,2026-02-14,8,0,0
R04,SKU-1273,15-Feb-26,4,1,0
R04,SKU-1273,2026-02-16,9,0,1
R04,SKU-1273,2026-02-17,5,0,0
R04,SKU-1273,02/18/2026,6,1,0
R04,SKU-1273,2026-02-19,3,0,0
R04,SKU-1273,2026-02-20,3,1,1
R04,SKU-1273,2026-02-21,7,0,0
R04,SKU-1273,2026-02-22,4,0,0
R04,SKU-1273,2026-02-23,4,0,0
R04,SKU-1273,2026-02-24,9,0,1
R04,SKU-1273,25-Feb-26,4,0,0
R04,SKU-1273,2026-02-26,7,0,0
R04,SKU-1273,2026-02-27,10,0,0
R04,SKU-1273,2026-02-28,5,0,0
R04,SKU-1091,01-Feb-26,14,2,0
R04,SKU-1091,2026-02-02,7,0,0
R04,SKU-1091,02/03/2026,8,0,0
R04,SKU-1091,2026-02-04,6,0,0
R04,SKU-1091,2026-02-05,9,1,0
R04,SKU-1091,02/06/2026,14,1,0
R04,SKU-1091,2026-02-07,7,0,0
R04,SKU-1091,02/08/2026,12,1,0
R04,SKU-1091,02/09/2026,8,0,0
R04,SKU-1091,2026-02-10,8,0,0
R04,SKU-1091,2026-02-11,5,0,0
R04,SKU-1091,12-Feb-26,6,1,0
R04,SKU-1091,2026-02-13,3,0,0
R04,SKU-1091,2026-02-14,7,1,0
R04,SKU-1091,2026-02-15,7,0,0
R04,SKU-1091,2026-02-16,5,0,0
R04,SKU-1091,2026-02-17,9,3,0
R04,SKU-1091,18-Feb-26,11,0,0
R04,SKU-1091,2026-02-19,7,1,0
R04,SKU-1091,2026-02-20,7,2,0
R04,SKU-1091,02/21/2026,14,1,0
R04,SKU-1091,02/22/2026,10,1,0
R04,SKU-1091,2026-02-23,4,0,0
R04,SKU-1091,2026-02-24,13,0,0
R04,SKU-1091,2026-02-25,14,0,0
R04,SKU-1091,2026-02-26,13,1,0
R04,SKU-1091,2026-02-27,12,1,1
R04,SKU-1091,02/28/2026,10,1,1
R04,SKU-1210,2026-02-01,33,1,1
R04,SKU-1210,2026-02-02,32,0,1
R04,SKU-1210,2026-02-03,39,0,0
R04,SKU-1210,04-Feb-26,21,0,0
R04,SKU-1210,02/05/2026,37,0,0
R04,SKU-1210,02/06/2026,45,0,0
R04,SKU-1210,2026-02-07,40,0,0
R04,SKU-1210,2026-02-08,25,0,0
R04,SKU-1210,2026-02-09,36,1,1
R04,SKU-1210,2026-02-10,41,0,0
R04,SKU-1210,02/11/2026,25,0,0
R04,SKU-1210,02/12/2026,32,1,0
R04,SKU-1210,2026-02-13,40,0,0
R04,SKU-1210,2026-02-14,29,0,0
R04,SKU-1210,2026-02-15,40,0,0
R04,SKU-1210,2026-02-16,34,1,0
R04,SKU-1210,02/17/2026,48,0,0
R04,SKU-1210,2026-02-18,40,0,0
R04,SKU-1210,2026-02-19,33,1,0
R04,SKU-1210,2026-02-20,33,0,1
R04,SKU-1210,2026-02-21,31,1,0
R04,SKU-1210,2026-02-22,30,0,0
R04,SKU-1210,02/23/2026,29,1,0
R04,SKU-1210,2026-02-24,33,0,0
R04,SKU-1210,2026-02-25,36,0,0
R04,SKU-1210,2026-02-26,24,0,0
R04,SKU-1210,2026-02-27,31,0,0
R04,SKU-1210,2026-02-28,35,1,0
R04,SKU-1266,2026-02-01,4,1,1
R04,SKU-1266,02/02/2026,8,0,0
R04,SKU-1266,2026-02-03,2,1,0
R04,SKU-1266,02/04/2026,10,1,0
R04,SKU-1266,05-Feb-26,10,0,0
R04,SKU-1266,2026-02-06,5,0,0
R04,SKU-1266,2026-02-07,7,0,0
R04,SKU-1266,02/08/2026,6,1,0
R04,SKU-1266,2026-02-09,13,1,1
R04,SKU-1266,10-Feb-26,6,0,0
R04,SKU-1266,11-Feb-26,7,2,0
R04,SKU-1266,02/12/2026,6,0,0
R04,SKU-1266,13-Feb-26,12,1,1
R04,SKU-1266,2026-02-14,6,3,0
R04,SKU-1266,2026-02-15,6,0,0
R04,SKU-1266,02/16/2026,5,0,0
R04,SKU-1266,17-Feb-26,12,0,0
R04,SKU-1266,2026-02-18,2,1,0
R04,SKU-1266,2026-02-19,5,1,0
R04,SKU-1266,2026-02-20,4,1,0
R04,SKU-1266,2026-02-21,5,0,0
R04,SKU-1266,22-Feb-26,9,1,0
R04,SKU-1266,02/23/2026,13,0,0
R04,SKU-1266,2026-02-24,8,0,0
R04,SKU-1266,2026-02-25,6,1,0
R04,SKU-1266,2026-02-26,9,0,0
R04,SKU-1266,2026-02-27,10,0,0
R04,SKU-1266,2026-02-28,5,0,0
R04,SKU-1259,01-Feb-26,7,1,1
R04,SKU-1259,2026-02-02,9,2,0
R04,SKU-1259,2026-02-03,9,0,0
R04,SKU-1259,04-Feb-26,8,0,0
R04,SKU-1259,05-Feb-26,4,0,0
R04,SKU-1259,02/06/2026,13,0,0
R04,SKU-1259,2026-02-07,12,1,0
R04,SKU-1259,2026-02-08,6,0,1
R04,SKU-1259,2026-02-09,10,0,0
R04,SKU-1259,10-Feb-26,9,0,0
R04,SKU-1259,11-Feb-26,10,0,0
R04,SKU-1259,02/12/2026,6,0,0
R04,SKU-1259,2026-02-13,3,1,0
R04,SKU-1259,2026-02-14,10,0,0
R04,SKU-1259,2026-02-15,11,0,1
R04,SKU-1259,02/16/2026,15,0,0
R04,SKU-1259,2026-02-17,5,0,0
R04,SKU-1259,2026-02-18,6,1,0
R04,SKU-1259,2026-02-19,10,0,0
R04,SKU-1259,20-Feb-26,12,1,0
R04,SKU-1259,02/21/2026,4,0,0
R04,SKU-1259,02/22/2026,8,0,0
R04,SKU-1259,2026-02-23,6,0,0
R04,SKU-1259,2026-02-24,7,2,0
R04,SKU-1259,25-Feb-26,5,1,0
R04,SKU-1259,02/26/2026,7,0,0
R04,SKU-1259,02/27/2026,9,0,1
R04,SKU-1259,2026-02-28,5,1,0
R04,SKU-1133,02/01/2026,9,0,0
R04,SKU-1133,02/02/2026,3,0,0
R04,SKU-1133,02/03/2026,6,2,1
R04,SKU-1133,2026-02-04,4,1,0
R04,SKU-1133,2026-02-05,4,0,0
R04,SKU-1133,2026-02-06,5,0,0
R04,SKU-1133,2026-02-07,8,0,0
R04,SKU-1133,02/08/2026,5,1,0
R04,SKU-1133,2026-02-09,4,0,0
R04,SKU-1133,2026-02-10,5,0,0
R04,SKU-1133,2026-02-11,3,4,0
R04,SKU-1133,02/12/2026,4,0,0
R04,SKU-1133,13-Feb-26,5,0,0
R04,SKU-1133,2026-02-14,4,0,0
R04,SKU-1133,02/15/2026,5,0,0
R04,SKU-1133,02/16/2026,6,2,0
R04,SKU-1133,17-Feb-26,7,0,0
R04,SKU-1133,2026-02-18,7,0,0
R04,SKU-1133,2026-02-19,10,0,0
R04,SKU-1133,2026-02-20,7,0,1
R04,SKU-1133,2026-02-21,1,0,1
R04,SKU-1133,2026-02-22,6,1,1
R04,SKU-1133,2026-02-23,6,0,1
R04,SKU-1133,2026-02-24,8,1,0
R04,SKU-1133,25-Feb-26,0,2,0
R04,SKU-1133,26-Feb-26,7,0,0
R04,SKU-1133,2026-02-27,7,1,1
R04,SKU-1133,02/28/2026,9,1,0
R04,SKU-1126,2026-02-01,9,0,0
R04,SKU-1126,2026-02-02,16,0,0
R04,SKU-1126,02/03/2026,12,0,0
R04,SKU-1126,2026-02-04,8,0,0
R04,SKU-1126,2026-02-05,14,1,0
R04,SKU-1126,06-Feb-26,17,1,1
R04,SKU-1126,2026-02-07,12,0,0
R04,SKU-1126,2026-02-08,13,0,0
R04,SKU-1126,09-Feb-26,13,0,0
R04,SKU-1126,2026-02-10,9,0,0
R04,SKU-1126,2026-02-11,7,0,0
R04,SKU-1126,2026-02-12,14,0,0
R04,SKU-1126,2026-02-13,9,1,1
R04,SKU-1126,2026-02-14,12,0,0
R04,SKU-1126,2026-02-15,11,0,0
R04,SKU-1126,2026-02-16,14,0,0
R04,SKU-1126,2026-02-17,14,0,0
R04,SKU-1126,2026-02-18,14,0,1
R04,SKU-1126,2026-02-19,15,0,1
R04,SKU-1126,2026-02-20,12,1,0
R04,SKU-1126,2026-02-21,10,0,0
R04,SKU-1126,22-Feb-26,13,0,0
R04,SKU-1126,2026-02-23,12,0,0
R04,SKU-1126,2026-02-24,17,0,0
R04,SKU-1126,02/25/2026,11,0,0
R04,SKU-1126,2026-02-26,16,1,0
R04,SKU-1126,2026-02-27,7,0,0
R04,SKU-1126,2026-02-28,11,1,0
R04,SKU-1175,2026-02-01,13,2,0
R04,SKU-1175,02-Feb-26,22,0,0
R04,SKU-1175,2026-02-03,11,0,0
R04,SKU-1175,04-Feb-26,13,0,0
R04,SKU-1175,02/05/2026,10,1,0
R04,SKU-1175,2026-02-06,17,0,0
R04,SKU-1175,2026-02-07,16,0,1
R04,SKU-1175,2026-02-08,16,1,0
R04,SKU-1175,2026-02-09,17,0,0
R04,SKU-1175,02/10/2026,10,1,0
R04,SKU-1175,2026-02-11,19,0,0
R04,SKU-1175,2026-02-12,21,0,0
R04,SKU-1175,2026-02-13,21,0,0
R04,SKU-1175,2026-02-14,17,1,1
R04,SKU-1175,15-Feb-26,10,1,0
R04,SKU-1175,2026-02-16,17,0,0
R04,SKU-1175,02/17/2026,21,0,0
R04,SKU-1175,18-Feb-26,12,0,0
R04,SKU-1175,2026-02-19,12,1,0
R04,SKU-1175,2026-02-20,12,0,0
R04,SKU-1175,02/21/2026,12,0,0
R04,SKU-1175,2026-02-22,12,0,0
R04,SKU-1175,02/23/2026,16,0,0
R04,SKU-1175,2026-02-24,19,1,0
R04,SKU-1175,2026-02-25,14,0,0
R04,SKU-1175,26-Feb-26,8,1,0
R04,SKU-1175,2026-02-27,13,0,0
R04,SKU-1175,2026-02-28,15,0,0
R04,SKU-1098,2026-02-01,17,1,0
R04,SKU-1098,2026-02-02,24,1,0
R04,SKU-1098,2026-02-03,16,1,0
R04,SKU-1098,02/04/2026,21,0,0
R04,SKU-1098,2026-02-05,18,0,1
R04,SKU-1098,2026-02-06,21,1,0
R04,SKU-1098,2026-02-07,17,1,0
R04,SKU-1098,2026-02-08,24,1,0
R04,SKU-1098,02/09/2026,19,0,0
R04,SKU-1098,2026-02-10,17,0,0
R04,SKU-1098,11-Feb-26,13,0,0
R04,SKU-1098,02/12/2026,26,2,0
R04,SKU-1098,2026-02-13,19,0,0
R04,SKU-1098,02/14/2026,22,1,0
R04,SKU-1098,02/15/2026,27,0,0
R04,SKU-1098,2026-02-16,30,0,0
R04,SKU-1098,2026-02-17,12,2,0
R04,SKU-1098,2026-02-18,21,0,0
R04,SKU-1098,2026-02-19,19,0,1
R04,SKU-1098,2026-02-20,21,0,0
R04,SKU-1098,2026-02-21,22,1,0
R04,SKU-1098,02/22/2026,22,0,0
R04,SKU-1098,02/23/2026,19,0,0
R04,SKU-1098,2026-02-24,15,0,0
R04,SKU-1098,2026-02-25,19,0,0
R04,SKU-1098,2026-02-26,27,0,0
R04,SKU-1098,2026-02-27,17,2,0
R04,SKU-1098,2026-02-28,20,0,0
R04,SKU-1196,02/01/2026,15,0,0
R04,SKU-1196,2026-02-02,15,0,1
R04,SKU-1196,2026-02-03,23,0,0
R04,SKU-1196,02/04/2026,17,1,0
R04,SKU-1196,2026-02-05,17,0,0
R04,SKU-1196,06-Feb-26,15,1,1
R04,SKU-1196,2026-02-07,13,1,0
R04,SKU-1196,08-Feb-26,14,0,0
R04,SKU-1196,2026-02-09,14,1,0
R04,SKU-1196,10-Feb-26,15,1,0
R04,SKU-1196,02/11/2026,13,0,0
R04,SKU-1196,12-Feb-26,11,1,0
R04,SKU-1196,02/13/2026,10,0,0
R04,SKU-1196,02/14/2026,16,0,0
R04,SKU-1196,02/15/2026,17,0,0
R04,SKU-1196,16-Feb-26,11,0,0
R04,SKU-1196,02/17/2026,12,0,0
R04,SKU-1196,2026-02-18,23,0,0
R04,SKU-1196,02/19/2026,14,1,0
R04,SKU-1196,02/20/2026,17,0,1
R04,SKU-1196,2026-02-21,17,0,0
R04,SKU-1196,2026-02-22,10,0,0
R04,SKU-1196,2026-02-23,13,1,0
R04,SKU-1196,2026-02-24,12,0,0
R04,SKU-1196,2026-02-25,14,1,0
R04,SKU-1196,2026-02-26,13,0,0
R04,SKU-1196,02/27/2026,15,1,0
R04,SKU-1196,28-Feb-26,13,0,0
R04,SKU-1189,2026-02-01,25,0,0
R04,SKU-1189,2026-02-02,24,0,0
R04,SKU-1189,2026-02-03,27,0,0
R04,SKU-1189,2026-02-04,27,1,0
R04,SKU-1189,2026-02-05,30,1,0
R04,SKU-1189,2026-02-06,24,0,0
R04,SKU-1189,02/07/2026,27,1,0
R04,SKU-1189,2026-02-08,27,0,0
R04,SKU-1189,09-Feb-26,30,0,0
R04,SKU-1189,2026-02-10,24,0,0
R04,SKU-1189,11-Feb-26,23,0,0
R04,SKU-1189,12-Feb-26,25,1,0
R04,SKU-1189,13-Feb-26,21,0,0
R04,SKU-1189,2026-02-14,38,0,0
R04,SKU-1189,02/15/2026,22,0,0
R04,SKU-1189,2026-02-16,34,0,0
R04,SKU-1189,2026-02-17,30,0,0
R04,SKU-1189,2026-02-18,34,0,0
R04,SKU-1189,02/19/2026,25,1,0
R04,SKU-1189,2026-02-20,33,0,0
R04,SKU-1189,2026-02-21,25,1,1
R04,SKU-1189,2026-02-22,33,1,0
R04,SKU-1189,23-Feb-26,35,1,0
R04,SKU-1189,02/24/2026,25,0,0
R04,SKU-1189,02/25/2026,31,0,0
R04,SKU-1189,2026-02-26,34,0,0
R04,SKU-1189,2026-02-27,25,0,1
R04,SKU-1189,02/28/2026,27,0,0
R04,SKU-1168,2026-02-01,23,1,0
R04,SKU-1168,02-Feb-26,21,2,0
R04,SKU-1168,2026-02-03,18,0,0
R04,SKU-1168,2026-02-04,24,0,0
R04,SKU-1168,02/05/2026,16,2,0
R04,SKU-1168,02/06/2026,26,0,1
R04,SKU-1168,2026-02-07,27,0,1
R04,SKU-1168,2026-02-08,16,0,0
R04,SKU-1168,2026-02-09,22,0,0
R04,SKU-1168,2026-02-10,19,2,0
R04,SKU-1168,02/11/2026,33,0,0
R04,SKU-1168,12-Feb-26,27,1,0
R04,SKU-1168,2026-02-13,16,1,0
R04,SKU-1168,2026-02-14,23,0,0
R04,SKU-1168,2026-02-15,14,0,0
R04,SKU-1168,2026-02-16,21,0,0
R04,SKU-1168,02/17/2026,21,2,0
R04,SKU-1168,2026-02-18,27,1,0
R04,SKU-1168,2026-02-19,21,0,1
R04,SKU-1168,20-Feb-26,23,0,0
R04,SKU-1168,2026-02-21,18,1,0
R04,SKU-1168,2026-02-22,27,0,1
R04,SKU-1168,2026-02-23,19,0,0
R04,SKU-1168,2026-02-24,10,1,0
R04,SKU-1168,02/25/2026,19,0,0
R04,SKU-1168,26-Feb-26,20,3,0
R04,SKU-1168,02/27/2026,13,0,0
R04,SKU-1168,02/28/2026,17,0,0
R04,SKU-1105,2026-02-01,7,0,0
R04,SKU-1105,2026-02-02,9,0,0
R04,SKU-1105,2026-02-03,7,0,0
R04,SKU-1105,2026-02-04,8,0,1
R04,SKU-1105,2026-02-05,4,0,0
R04,SKU-1105,02/06/2026,4,0,1
R04,SKU-1105,2026-02-07,9,0,0
R04,SKU-1105,02/08/2026,6,0,0
R04,SKU-1105,2026-02-09,8,0,0
R04,SKU-1105,2026-02-10,9,0,0
R04,SKU-1105,11-Feb-26,6,1,0
R04,SKU-1105,2026-02-12,8,1,0
R04,SKU-1105,02/13/2026,8,0,0
R04,SKU-1105,2026-02-14,7,0,0
R04,SKU-1105,2026-02-15,9,1,0
R04,SKU-1105,2026-02-16,8,0,0
R04,SKU-1105,17-Feb-26,8,0,0
R04,SKU-1105,2026-02-18,6,1,0
R04,SKU-1105,2026-02-19,5,0,0
R04,SKU-1105,2026-02-20,6,0,1
R04,SKU-1105,02/21/2026,9,0,0
R04,SKU-1105,2026-02-22,11,0,1
R04,SKU-1105,2026-02-23,3,0,0
R04,SKU-1105,02/24/2026,9,0,0
R04,SKU-1105,2026-02-25,9,1,0
R04,SKU-1105,02/26/2026,8,2,0
R04,SKU-1105,27-Feb-26,10,0,0
R04,SKU-1105,2026-02-28,14,0,1
R04,SKU-1161,2026-02-01,22,1,0
R04,SKU-1161,02/02/2026,10,1,0
R04,SKU-1161,2026-02-03,21,0,0
R04,SKU-1161,2026-02-04,9,0,0
R04,SKU-1161,2026-02-05,17,1,0
R04,SKU-1161,2026-02-06,16,0,0
R04,SKU-1161,2026-02-07,15,0,0
R04,SKU-1161,2026-02-08,12,0,0
R04,SKU-1161,09-Feb-26,20,0,0
R04,SKU-1161,2026-02-10,12,0,0
R04,SKU-1161,02/11/2026,16,0,0
R04,SKU-1161,2026-02-12,15,0,0
R04,SKU-1161,2026-02-13,19,0,0
R04,SKU-1161,2026-02-14,19,1,0
R04,SKU-1161,15-Feb-26,17,0,0
R04,SKU-1161,2026-02-16,12,0,1
R04,SKU-1161,2026-02-17,15,1,1
R04,SKU-1161,2026-02-18,22,0,0
R04,SKU-1161,02/19/2026,13,2,1
R04,SKU-1161,2026-02-20,16,0,0
R04,SKU-1161,02/21/2026,12,1,0
R04,SKU-1161,22-Feb-26,17,1,0
R04,SKU-1161,23-Feb-26,13,0,0
R04,SKU-1161,02/24/2026,14,0,1
R04,SKU-1161,2026-02-25,16,0,0
R04,SKU-1161,2026-02-26,13,0,0
R04,SKU-1161,27-Feb-26,12,2,0
R04,SKU-1161,2026-02-28,14,1,0
R04,SKU-1112,2026-02-01,10,0,0
R04,SKU-1112,02/02/2026,8,1,0
R04,SKU-1112,2026-02-03,4,0,0
R04,SKU-1112,2026-02-04,6,1,0
R04,SKU-1112,05-Feb-26,9,0,0
R04,SKU-1112,2026-02-06,7,1,0
R04,SKU-1112,2026-02-07,5,0,0
R04,SKU-1112,2026-02-08,9,0,0
R04,SKU-1112,2026-02-09,3,0,0
R04,SKU-1112,02/10/2026,3,2,0
R04,SKU-1112,11-Feb-26,6,0,0
R04,SKU-1112,2026-02-12,6,0,0
R04,SKU-1112,02/13/2026,8,0,0
R04,SKU-1112,02/14/2026,6,0,0
R04,SKU-1112,02/15/2026,11,2,0
R04,SKU-1112,02/16/2026,10,1,0
R04,SKU-1112,2026-02-17,5,0,0
R04,SKU-1112,2026-02-18,8,0,0
R04,SKU-1112,19-Feb-26,9,2,1
R04,SKU-1112,02/20/2026,3,1,0
R04,SKU-1112,21-Feb-26,9,1,1
R04,SKU-1112,02/22/2026,5,0,0
R04,SKU-1112,02/23/2026,5,0,0
R04,SKU-1112,02/24/2026,7,0,0
R04,SKU-1112,2026-02-25,6,1,0
R04,SKU-1112,2026-02-26,4,2,0
R04,SKU-1112,2026-02-27,4,0,0
R04,SKU-1112,2026-02-28,9,0,0
R05,SKU-1112,02/01/2026,26,2,0
R05,SKU-1112,02/02/2026,22,1,0
R05,SKU-1112,2026-02-03,18,1,0
R05,SKU-1112,04-Feb-26,16,0,0
R05,SKU-1112,02/05/2026,18,0,1
R05,SKU-1112,2026-02-06,25,2,0
R05,SKU-1112,2026-02-07,26,1,0
R05,SKU-1112,02/08/2026,39,2,0
R05,SKU-1112,2026-02-09,28,0,0
R05,SKU-1112,10-Feb-26,15,0,1
R05,SKU-1112,11-Feb-26,24,0,0
R05,SKU-1112,12-Feb-26,19,0,0
R05,SKU-1112,2026-02-13,17,0,0
R05,SKU-1112,2026-02-14,22,0,0
R05,SKU-1112,02/15/2026,25,0,0
R05,SKU-1112,2026-02-16,22,0,0
R05,SKU-1112,02/17/2026,21,0,1
R05,SKU-1112,2026-02-18,20,1,0
R05,SKU-1112,2026-02-19,22,0,1
R05,SKU-1112,2026-02-20,18,0,0
R05,SKU-1112,2026-02-21,17,0,0
R05,SKU-1112,2026-02-22,35,1,0
R05,SKU-1112,23-Feb-26,20,0,0
R05,SKU-1112,24-Feb-26,24,0,0
R05,SKU-1112,2026-02-25,20,1,0
R05,SKU-1112,2026-02-26,16,0,0
R05,SKU-1112,02/27/2026,24,1,0
R05,SKU-1112,2026-02-28,24,1,1
R05,SKU-1133,02/01/2026,29,0,0
R05,SKU-1133,2026-02-02,15,0,0
R05,SKU-1133,2026-02-03,22,0,0
R05,SKU-1133,04-Feb-26,20,0,0
R05,SKU-1133,2026-02-05,31,1,0
R05,SKU-1133,2026-02-06,23,1,0
R05,SKU-1133,02/07/2026,19,2,0
R05,SKU-1133,08-Feb-26,20,0,0
R05,SKU-1133,2026-02-09,23,0,0
R05,SKU-1133,2026-02-10,27,0,0
R05,SKU-1133,11-Feb-26,25,1,0
R05,SKU-1133,2026-02-12,23,0,0
R05,SKU-1133,02/13/2026,24,1,0
R05,SKU-1133,2026-02-14,26,2,0
R05,SKU-1133,2026-02-15,28,0,0
R05,SKU-1133,02/16/2026,19,0,0
R05,SKU-1133,17-Feb-26,27,0,0
R05,SKU-1133,2026-02-18,23,1,0
R05,SKU-1133,19-Feb-26,21,0,0
R05,SKU-1133,02/20/2026,25,0,0
R05,SKU-1133,2026-02-21,22,1,0
R05,SKU-1133,02/22/2026,24,0,0
R05,SKU-1133,2026-02-23,24,1,0
R05,SKU-1133,2026-02-24,21,0,0
R05,SKU-1133,2026-02-25,33,0,0
R05,SKU-1133,2026-02-26,20,0,0
R05,SKU-1133,02/27/2026,32,0,0
R05,SKU-1133,28-Feb-26,23,0,0
R05,SKU-1028,02/01/2026,3,0,0
R05,SKU-1028,02-Feb-26,6,0,0
R05,SKU-1028,2026-02-03,4,0,0
R05,SKU-1028,2026-02-04,3,1,0
R05,SKU-1028,02/05/2026,10,0,0
R05,SKU-1028,06-Feb-26,5,1,0
R05,SKU-1028,02/07/2026,6,1,0
R05,SKU-1028,2026-02-08,2,0,0
R05,SKU-1028,02/09/2026,9,2,0
R05,SKU-1028,2026-02-10,3,2,0
R05,SKU-1028,02/11/2026,3,0,0
R05,SKU-1028,2026-02-12,2,1,0
R05,SKU-1028,2026-02-13,10,0,0
R05,SKU-1028,2026-02-14,6,0,0
R05,SKU-1028,2026-02-15,6,0,0
R05,SKU-1028,2026-02-16,7,1,0
R05,SKU-1028,2026-02-17,7,0,0
R05,SKU-1028,18-Feb-26,5,0,0
R05,SKU-1028,2026-02-19,7,1,0
R05,SKU-1028,2026-02-20,2,0,0
R05,SKU-1028,2026-02-21,9,0,0
R05,SKU-1028,2026-02-22,4,0,0
R05,SKU-1028,02/23/2026,3,0,0
R05,SKU-1028,24-Feb-26,4,0,1
R05,SKU-1028,2026-02-25,4,0,0
R05,SKU-1028,26-Feb-26,8,2,0
R05,SKU-1028,02/27/2026,4,0,0
R05,SKU-1028,02/28/2026,2,1,0
R05,SKU-1126,02/01/2026,21,0,0
R05,SKU-1126,02/02/2026,16,0,0
R05,SKU-1126,2026-02-03,17,0,0
R05,SKU-1126,2026-02-04,13,0,1
R05,SKU-1126,02/05/2026,13,1,1
R05,SKU-1126,2026-02-06,15,0,0
R05,SKU-1126,07-Feb-26,19,0,0
R05,SKU-1126,2026-02-08,18,0,0
R05,SKU-1126,2026-02-09,14,0,0
R05,SKU-1126,02/10/2026,14,0,0
R05,SKU-1126,11-Feb-26,19,0,0
R05,SKU-1126,2026-02-12,20,1,0
R05,SKU-1126,2026-02-13,13,1,0
R05,SKU-1126,2026-02-14,11,0,0
R05,SKU-1126,02/15/2026,12,0,0
R05,SKU-1126,2026-02-16,12,0,0
R05,SKU-1126,2026-02-17,12,2,0
R05,SKU-1126,18-Feb-26,23,0,0
R05,SKU-1126,02/19/2026,25,0,0
R05,SKU-1126,20-Feb-26,13,2,0
R05,SKU-1126,2026-02-21,13,1,0
R05,SKU-1126,02/22/2026,15,1,0
R05,SKU-1126,2026-02-23,11,0,0
R05,SKU-1126,02/24/2026,8,1,0
R05,SKU-1126,25-Feb-26,11,0,0
R05,SKU-1126,2026-02-26,13,1,0
R05,SKU-1126,27-Feb-26,21,0,0
R05,SKU-1126,02/28/2026,9,0,0
R05,SKU-1077,2026-02-01,17,0,1
R05,SKU-1077,02-Feb-26,23,0,0
R05,SKU-1077,02/03/2026,23,0,0
R05,SKU-1077,02/04/2026,24,0,0
R05,SKU-1077,02/05/2026,21,0,0
R05,SKU-1077,02/06/2026,18,2,0
R05,SKU-1077,2026-02-07,21,0,0
R05,SKU-1077,2026-02-08,24,0,0
R05,SKU-1077,2026-02-09,33,1,0
R05,SKU-1077,2026-02-10,18,0,0
R05,SKU-1077,11-Feb-26,28,0,0
R05,SKU-1077,2026-02-12,17,1,0
R05,SKU-1077,2026-02-13,30,0,0
R05,SKU-1077,2026-02-14,14,0,0
R05,SKU-1077,02/15/2026,22,1,1
R05,SKU-1077,2026-02-16,13,1,0
R05,SKU-1077,2026-02-17,26,1,0
R05,SKU-1077,2026-02-18,18,1,0
R05,SKU-1077,02/19/2026,13,0,0
R05,SKU-1077,2026-02-20,15,0,0
R05,SKU-1077,21-Feb-26,18,1,0
R05,SKU-1077,2026-02-22,26,0,0
R05,SKU-1077,2026-02-23,30,0,0
R05,SKU-1077,2026-02-24,22,0,1
R05,SKU-1077,25-Feb-26,29,1,0
R05,SKU-1077,2026-02-26,24,0,0
R05,SKU-1077,02/27/2026,14,1,0
R05,SKU-1077,2026-02-28,25,0,0
R05,SKU-1196,2026-02-01,24,0,0
R05,SKU-1196,2026-02-02,22,1,0
R05,SKU-1196,2026-02-03,26,1,0
R05,SKU-1196,2026-02-04,29,0,0
R05,SKU-1196,02/05/2026,23,0,0
R05,SKU-1196,02/06/2026,27,3,0
R05,SKU-1196,02/07/2026,41,1,0
R05,SKU-1196,02/08/2026,29,0,0
R05,SKU-1196,02/09/2026,32,1,0
R05,SKU-1196,02/10/2026,26,0,0
R05,SKU-1196,2026-02-11,22,1,0
R05,SKU-1196,2026-02-12,30,0,0
R05,SKU-1196,2026-02-13,37,0,1
R05,SKU-1196,2026-02-14,32,1,0
R05,SKU-1196,2026-02-15,24,0,0
R05,SKU-1196,02/16/2026,29,1,0
R05,SKU-1196,2026-02-17,23,1,0
R05,SKU-1196,2026-02-18,26,0,0
R05,SKU-1196,02/19/2026,35,0,0
R05,SKU-1196,02/20/2026,27,0,0
R05,SKU-1196,2026-02-21,25,1,0
R05,SKU-1196,2026-02-22,32,0,0
R05,SKU-1196,23-Feb-26,36,1,0
R05,SKU-1196,02/24/2026,33,0,0
R05,SKU-1196,02/25/2026,22,0,0
R05,SKU-1196,02/26/2026,29,2,0
R05,SKU-1196,2026-02-27,30,0,0
R05,SKU-1196,28-Feb-26,24,1,0
R05,SKU-1056,01-Feb-26,34,1,0
R05,SKU-1056,02/02/2026,33,1,1
R05,SKU-1056,02/03/2026,24,0,0
R05,SKU-1056,2026-02-04,37,0,0
R05,SKU-1056,02/05/2026,20,0,0
R05,SKU-1056,02/06/2026,22,1,0
R05,SKU-1056,02/07/2026,32,1,0
R05,SKU-1056,2026-02-08,28,1,1
R05,SKU-1056,2026-02-09,26,0,1
R05,SKU-1056,02/10/2026,43,0,0
R05,SKU-1056,02/11/2026,31,1,1
R05,SKU-1056,2026-02-12,29,0,0
R05,SKU-1056,2026-02-13,29,0,0
R05,SKU-1056,02/14/2026,26,1,0
R05,SKU-1056,2026-02-15,36,0,0
R05,SKU-1056,2026-02-16,32,0,1
R05,SKU-1056,2026-02-17,35,0,0
R05,SKU-1056,2026-02-18,23,0,0
R05,SKU-1056,2026-02-19,26,3,0
R05,SKU-1056,2026-02-20,24,0,0
R05,SKU-1056,2026-02-21,22,0,0
R05,SKU-1056,2026-02-22,29,1,0
R05,SKU-1056,02/23/2026,38,0,0
R05,SKU-1056,24-Feb-26,34,0,0
R05,SKU-1056,02/25/2026,39,1,0
R05,SKU-1056,26-Feb-26,20,0,0
R05,SKU-1056,27-Feb-26,42,0,1
R05,SKU-1056,02/28/2026,33,1,0
R05,SKU-1280,02/01/2026,14,0,1
R05,SKU-1280,2026-02-02,8,2,0
R05,SKU-1280,02/03/2026,7,0,0
R05,SKU-1280,02/04/2026,18,0,0
R05,SKU-1280,02/05/2026,9,0,0
R05,SKU-1280,02/06/2026,13,0,0
R05,SKU-1280,2026-02-07,12,0,0
R05,SKU-1280,2026-02-08,16,0,0
R05,SKU-1280,09-Feb-26,6,0,0
R05,SKU-1280,10-Feb-26,6,0,1
R05,SKU-1280,2026-02-11,6,1,0
R05,SKU-1280,02/12/2026,8,0,0
R05,SKU-1280,13-Feb-26,7,0,0
R05,SKU-1280,2026-02-14,11,1,1
R05,SKU-1280,2026-02-15,11,0,0
R05,SKU-1280,16-Feb-26,12,0,0
R05,SKU-1280,2026-02-17,12,0,0
R05,SKU-1280,18-Feb-26,11,1,1
R05,SKU-1280,2026-02-19,14,1,0
R05,SKU-1280,2026-02-20,11,1,0
R05,SKU-1280,02/21/2026,15,0,0
R05,SKU-1280,2026-02-22,17,0,1
R05,SKU-1280,2026-02-23,12,0,0
R05,SKU-1280,2026-02-24,16,1,0
R05,SKU-1280,2026-02-25,11,0,1
R05,SKU-1280,2026-02-26,11,0,0
R05,SKU-1280,2026-02-27,10,0,0
R05,SKU-1280,2026-02-28,15,0,0
R05,SKU-1147,01-Feb-26,4,0,0
R05,SKU-1147,2026-02-02,7,1,0
R05,SKU-1147,03-Feb-26,3,0,0
R05,SKU-1147,2026-02-04,4,2,0
R05,SKU-1147,2026-02-05,3,0,0
R05,SKU-1147,2026-02-06,4,1,1
R05,SKU-1147,2026-02-07,6,1,0
R05,SKU-1147,2026-02-08,9,0,0
R05,SKU-1147,2026-02-09,5,0,0
R05,SKU-1147,2026-02-10,8,0,1
R05,SKU-1147,02/11/2026,8,0,0
R05,SKU-1147,12-Feb-26,4,0,0
R05,SKU-1147,13-Feb-26,6,0,0
R05,SKU-1147,2026-02-14,7,0,0
R05,SKU-1147,2026-02-15,12,1,0
R05,SKU-1147,02/16/2026,6,0,0
R05,SKU-1147,17-Feb-26,10,2,0
R05,SKU-1147,2026-02-18,4,0,0
R05,SKU-1147,02/19/2026,4,0,0
R05,SKU-1147,2026-02-20,7,2,0
R05,SKU-1147,21-Feb-26,10,0,0
R05,SKU-1147,02/22/2026,6,0,0
R05,SKU-1147,23-Feb-26,8,0,0
R05,SKU-1147,2026-02-24,6,0,0
R05,SKU-1147,25-Feb-26,7,0,0
R05,SKU-1147,26-Feb-26,3,0,0
R05,SKU-1147,2026-02-27,6,0,0
R05,SKU-1147,2026-02-28,6,0,1
R05,SKU-1273,02/01/2026,24,1,0
R05,SKU-1273,2026-02-02,20,1,0
R05,SKU-1273,2026-02-03,21,0,0
R05,SKU-1273,04-Feb-26,21,0,0
R05,SKU-1273,2026-02-05,23,0,0
R05,SKU-1273,2026-02-06,19,1,0
R05,SKU-1273,07-Feb-26,22,1,0
R05,SKU-1273,2026-02-08,17,0,0
R05,SKU-1273,09-Feb-26,16,0,0
R05,SKU-1273,2026-02-10,21,0,0
R05,SKU-1273,02/11/2026,18,1,0
R05,SKU-1273,2026-02-12,19,0,0
R05,SKU-1273,2026-02-13,22,0,0
R05,SKU-1273,2026-02-14,33,0,1
R05,SKU-1273,02/15/2026,20,0,1
R05,SKU-1273,16-Feb-26,20,1,0
R05,SKU-1273,17-Feb-26,19,0,0
R05,SKU-1273,2026-02-18,27,1,0
R05,SKU-1273,19-Feb-26,23,2,0
R05,SKU-1273,2026-02-20,23,0,1
R05,SKU-1273,02/21/2026,30,1,0
R05,SKU-1273,22-Feb-26,17,1,0
R05,SKU-1273,2026-02-23,29,0,0
R05,SKU-1273,2026-02-24,18,0,1
R05,SKU-1273,2026-02-25,21,0,0
R05,SKU-1273,2026-02-26,17,0,0
R05,SKU-1273,2026-02-27,29,0,0
R05,SKU-1273,2026-02-28,31,1,0
R05,SKU-1105,2026-02-01,10,1,0
R05,SKU-1105,02/02/2026,6,1,0
R05,SKU-1105,2026-02-03,22,1,0
R05,SKU-1105,2026-02-04,19,1,0
R05,SKU-1105,2026-02-05,14,0,0
R05,SKU-1105,06-Feb-26,18,1,0
R05,SKU-1105,2026-02-07,16,3,0
R05,SKU-1105,2026-02-08,16,0,0
R05,SKU-1105,09-Feb-26,12,0,1
R05,SKU-1105,02/10/2026,14,0,0
R05,SKU-1105,2026-02-11,11,1,1
R05,SKU-1105,12-Feb-26,15,1,1
R05,SKU-1105,2026-02-13,14,2,1
R05,SKU-1105,2026-02-14,16,0,0
R05,SKU-1105,2026-02-15,8,1,0
R05,SKU-1105,2026-02-16,16,0,0
R05,SKU-1105,02/17/2026,19,1,0
R05,SKU-1105,2026-02-18,18,1,0
R05,SKU-1105,2026-02-19,15,0,0
R05,SKU-1105,02/20/2026,18,0,0
R05,SKU-1105,2026-02-21,16,0,1
R05,SKU-1105,02/22/2026,15,0,0
R05,SKU-1105,23-Feb-26,9,0,0
R05,SKU-1105,02/24/2026,13,0,0
R05,SKU-1105,2026-02-25,10,1,0
R05,SKU-1105,2026-02-26,10,1,0
R05,SKU-1105,2026-02-27,16,0,0
R05,SKU-1105,2026-02-28,17,0,0
R05,SKU-1007,2026-02-01,18,1,0
R05,SKU-1007,2026-02-02,23,1,0
R05,SKU-1007,02/03/2026,17,0,0
R05,SKU-1007,02/04/2026,25,0,0
R05,SKU-1007,2026-02-05,35,1,0
R05,SKU-1007,02/06/2026,23,0,0
R05,SKU-1007,02/07/2026,20,1,0
R05,SKU-1007,08-Feb-26,17,0,0
R05,SKU-1007,2026-02-09,22,1,0
R05,SKU-1007,2026-02-10,23,1,0
R05,SKU-1007,2026-02-11,29,0,0
R05,SKU-1007,2026-02-12,15,1,0
R05,SKU-1007,2026-02-13,21,0,0
R05,SKU-1007,2026-02-14,22,1,0
R05,SKU-1007,15-Feb-26,19,0,0
R05,SKU-1007,16-Feb-26,19,0,0
R05,SKU-1007,2026-02-17,16,0,0
R05,SKU-1007,2026-02-18,22,1,0
R05,SKU-1007,2026-02-19,26,1,0
R05,SKU-1007,2026-02-20,26,0,0
R05,SKU-1007,21-Feb-26,18,1,0
R05,SKU-1007,02/22/2026,32,1,0
R05,SKU-1007,2026-02-23,15,1,0
R05,SKU-1007,2026-02-24,19,0,0
R05,SKU-1007,2026-02-25,15,0,0
R05,SKU-1007,2026-02-26,30,0,0
R05,SKU-1007,2026-02-27,21,0,0
R05,SKU-1007,2026-02-28,22,0,0
R05,SKU-1098,01-Feb-26,30,0,0
R05,SKU-1098,2026-02-02,33,0,0
R05,SKU-1098,2026-02-03,37,0,0
R05,SKU-1098,2026-02-04,24,0,0
R05,SKU-1098,2026-02-05,31,1,0
R05,SKU-1098,2026-02-06,25,0,0
R05,SKU-1098,2026-02-07,28,1,0
R05,SKU-1098,2026-02-08,35,1,1
R05,SKU-1098,2026-02-09,27,1,0
R05,SKU-1098,2026-02-10,30,0,0
R05,SKU-1098,02/11/2026,32,1,0
R05,SKU-1098,12-Feb-26,32,0,0
R05,SKU-1098,13-Feb-26,32,1,0
R05,SKU-1098,2026-02-14,36,1,0
R05,SKU-1098,15-Feb-26,35,0,0
R05,SKU-1098,2026-02-16,29,1,0
R05,SKU-1098,2026-02-17,28,2,0
R05,SKU-1098,02/18/2026,25,1,0
R05,SKU-1098,02/19/2026,28,0,0
R05,SKU-1098,2026-02-20,31,1,0
R05,SKU-1098,02/21/2026,29,1,0
R05,SKU-1098,2026-02-22,45,0,1
R05,SKU-1098,2026-02-23,30,0,0
R05,SKU-1098,2026-02-24,27,1,0
R05,SKU-1098,2026-02-25,32,1,0
R05,SKU-1098,02/26/2026,38,1,0
R05,SKU-1098,2026-02-27,31,0,0
R05,SKU-1098,28-Feb-26,29,1,0
R05,SKU-1035,02/01/2026,5,0,0
R05,SKU-1035,2026-02-02,6,0,0
R05,SKU-1035,2026-02-03,7,1,0
R05,SKU-1035,2026-02-04,6,0,0
R05,SKU-1035,2026-02-05,8,0,0
R05,SKU-1035,06-Feb-26,9,0,0
R05,SKU-1035,2026-02-07,10,0,0
R05,SKU-1035,2026-02-08,6,0,0
R05,SKU-1035,2026-02-09,9,2,0
R05,SKU-1035,02/10/2026,2,1,1
R05,SKU-1035,2026-02-11,6,0,0
R05,SKU-1035,2026-02-12,6,0,0
R05,SKU-1035,02/13/2026,7,0,0
R05,SKU-1035,02/14/2026,9,1,0
R05,SKU-1035,02/15/2026,3,1,0
R05,SKU-1035,2026-02-16,7,1,0
R05,SKU-1035,17-Feb-26,6,0,0
R05,SKU-1035,02/18/2026,8,0,0
R05,SKU-1035,2026-02-19,12,1,0
R05,SKU-1035,20-Feb-26,12,0,1
R05,SKU-1035,02/21/2026,12,0,1
R05,SKU-1035,2026-02-22,8,0,0
R05,SKU-1035,2026-02-23,2,1,0
R05,SKU-1035,24-Feb-26,5,1,0
R05,SKU-1035,25-Feb-26,9,0,0
R05,SKU-1035,2026-02-26,8,0,0
R05,SKU-1035,02/27/2026,9,0,1
R05,SKU-1035,2026-02-28,7,1,0
R05,SKU-1014,01-Feb-26,8,0,0
R05,SKU-1014,2026-02-02,8,0,0
R05,SKU-1014,02/03/2026,15,0,0
R05,SKU-1014,2026-02-04,11,1,0
R05,SKU-1014,2026-02-05,16,0,0
R05,SKU-1014,02/06/2026,23,1,0
R05,SKU-1014,2026-02-07,17,1,0
R05,SKU-1014,2026-02-08,9,1,1
R05,SKU-1014,02/09/2026,15,0,1
R05,SKU-1014,2026-02-10,9,0,0
R05,SKU-1014,2026-02-11,21,0,1
R05,SKU-1014,02/12/2026,10,0,0
R05,SKU-1014,02/13/2026,18,0,0
R05,SKU-1014,14-Feb-26,9,0,1
R05,SKU-1014,2026-02-15,16,0,0
R05,SKU-1014,02/16/2026,13,0,0
R05,SKU-1014,2026-02-17,11,0,0
R05,SKU-1014,2026-02-18,15,1,1
R05,SKU-1014,2026-02-19,17,0,0
R05,SKU-1014,20-Feb-26,13,0,0
R05,SKU-1014,2026-02-21,7,1,0
R05,SKU-1014,2026-02-22,18,0,0
R05,SKU-1014,2026-02-23,20,0,0
R05,SKU-1014,2026-02-24,11,0,0
R05,SKU-1014,2026-02-25,12,0,0
R05,SKU-1014,2026-02-26,7,0,0
R05,SKU-1014,02/27/2026,10,0,0
R05,SKU-1014,28-Feb-26,18,0,0
R05,SKU-1091,2026-02-01,8,1,0
R05,SKU-1091,02/02/2026,3,0,0
R05,SKU-1091,2026-02-03,5,0,0
R05,SKU-1091,2026-02-04,6,0,0
R05,SKU-1091,2026-02-05,8,0,0
R05,SKU-1091,02/06/2026,11,0,1
R05,SKU-1091,07-Feb-26,2,0,0
R05,SKU-1091,2026-02-08,10,0,0
R05,SKU-1091,2026-02-09,10,0,1
R05,SKU-1091,2026-02-10,5,0,0
R05,SKU-1091,2026-02-11,3,0,1
R05,SKU-1091,2026-02-12,7,0,0
R05,SKU-1091,02/13/2026,6,0,0
R05,SKU-1091,14-Feb-26,11,1,0
R05,SKU-1091,2026-02-15,4,0,1
R05,SKU-1091,02/16/2026,5,0,0
R05,SKU-1091,2026-02-17,10,1,1
R05,SKU-1091,2026-02-18,8,2,1
R05,SKU-1091,2026-02-19,6,0,0
R05,SKU-1091,20-Feb-26,8,0,0
R05,SKU-1091,2026-02-21,6,1,1
R05,SKU-1091,2026-02-22,4,0,1
R05,SKU-1091,2026-02-23,9,1,1
R05,SKU-1091,2026-02-24,14,0,0
R05,SKU-1091,02/25/2026,11,1,0
R05,SKU-1091,02/26/2026,2,0,0
R05,SKU-1091,2026-02-27,7,1,0
R05,SKU-1091,2026-02-28,2,0,0
R05,SKU-1182,2026-02-01,14,1,0
R05,SKU-1182,02/02/2026,20,1,1
R05,SKU-1182,2026-02-03,17,0,0
R05,SKU-1182,02/04/2026,13,0,0
R05,SKU-1182,2026-02-05,12,0,0
R05,SKU-1182,2026-02-06,15,0,0
R05,SKU-1182,2026-02-07,9,1,1
R05,SKU-1182,2026-02-08,16,1,0
R05,SKU-1182,09-Feb-26,11,0,0
R05,SKU-1182,2026-02-10,11,0,0
R05,SKU-1182,11-Feb-26,16,2,0
R05,SKU-1182,2026-02-12,14,2,0
R05,SKU-1182,02/13/2026,15,1,0
R05,SKU-1182,2026-02-14,15,0,0
R05,SKU-1182,2026-02-15,15,0,0
R05,SKU-1182,2026-02-16,19,1,0
R05,SKU-1182,02/17/2026,10,0,0
R05,SKU-1182,02/18/2026,18,0,0
R05,SKU-1182,2026-02-19,17,0,0
R05,SKU-1182,2026-02-20,18,0,0
R05,SKU-1182,21-Feb-26,15,0,0
R05,SKU-1182,02/22/2026,10,1,0
R05,SKU-1182,02/23/2026,13,1,0
R05,SKU-1182,2026-02-24,23,0,0
R05,SKU-1182,02/25/2026,14,0,0
R05,SKU-1182,2026-02-26,19,2,0
R05,SKU-1182,2026-02-27,19,1,0
R05,SKU-1182,2026-02-28,24,1,1
R05,SKU-1042,01-Feb-26,20,0,0
R05,SKU-1042,2026-02-02,20,0,0
R05,SKU-1042,02/03/2026,21,0,0
R05,SKU-1042,2026-02-04,19,1,0
R05,SKU-1042,02/05/2026,19,0,0
R05,SKU-1042,2026-02-06,26,0,0
R05,SKU-1042,2026-02-07,16,0,1
R05,SKU-1042,2026-02-08,24,1,0
R05,SKU-1042,2026-02-09,20,0,0
R05,SKU-1042,2026-02-10,24,0,1
R05,SKU-1042,2026-02-11,19,0,0
R05,SKU-1042,2026-02-12,25,0,1
R05,SKU-1042,2026-02-13,28,1,0
R05,SKU-1042,02/14/2026,22,0,0
R05,SKU-1042,2026-02-15,20,0,0
R05,SKU-1042,2026-02-16,17,0,1
R05,SKU-1042,2026-02-17,17,0,0
R05,SKU-1042,02/18/2026,19,0,0
R05,SKU-1042,02/19/2026,24,3,0
R05,SKU-1042,2026-02-20,14,1,0
R05,SKU-1042,02/21/2026,22,1,0
R05,SKU-1042,22-Feb-26,23,1,0
R05,SKU-1042,2026-02-23,22,0,0
R05,SKU-1042,2026-02-24,25,0,0
R05,SKU-1042,2026-02-25,10,1,0
R05,SKU-1042,02/26/2026,24,1,0
R05,SKU-1042,27-Feb-26,27,1,0
R05,SKU-1042,2026-02-28,13,1,1
R05,SKU-1140,02/01/2026,25,0,0
R05,SKU-1140,02/02/2026,13,0,0
R05,SKU-1140,02/03/2026,7,0,0
R05,SKU-1140,2026-02-04,14,0,0
R05,SKU-1140,02/05/2026,22,0,0
R05,SKU-1140,02/06/2026,15,0,0
R05,SKU-1140,07-Feb-26,14,1,0
R05,SKU-1140,02/08/2026,18,0,0
R05,SKU-1140,09-Feb-26,16,0,0
R05,SKU-1140,2026-02-10,17,0,0
R05,SKU-1140,2026-02-11,15,1,0
R05,SKU-1140,02/12/2026,20,1,0
R05,SKU-1140,2026-02-13,13,0,0
R05,SKU-1140,2026-02-14,19,0,0
R05,SKU-1140,02/15/2026,24,0,0
R05,SKU-1140,2026-02-16,13,0,0
R05,SKU-1140,17-Feb-26,17,2,0
R05,SKU-1140,02/18/2026,16,1,0
R05,SKU-1140,19-Feb-26,12,0,0
R05,SKU-1140,2026-02-20,16,0,0
R05,SKU-1140,2026-02-21,8,3,0
R05,SKU-1140,2026-02-22,13,0,0
R05,SKU-1140,02/23/2026,17,0,0
R05,SKU-1140,2026-02-24,12,0,0
R05,SKU-1140,2026-02-25,17,0,0
R05,SKU-1140,02/26/2026,20,0,0
R05,SKU-1140,2026-02-27,15,0,0
R05,SKU-1140,2026-02-28,12,0,1
R05,SKU-1189,02/01/2026,16,0,0
R05,SKU-1189,02/02/2026,17,0,0
R05,SKU-1189,2026-02-03,22,0,0
R05,SKU-1189,04-Feb-26,11,1,0
R05,SKU-1189,2026-02-05,17,1,0
R05,SKU-1189,02/06/2026,20,0,0
R05,SKU-1189,2026-02-07,17,1,0
R05,SKU-1189,08-Feb-26,18,0,1
R05,SKU-1189,2026-02-09,19,0,0
R05,SKU-1189,2026-02-10,17,0,0
R05,SKU-1189,2026-02-11,17,0,0
R05,SKU-1189,2026-02-12,21,0,0
R05,SKU-1189,2026-02-13,24,0,0
R05,SKU-1189,2026-02-14,16,1,0
R05,SKU-1189,15-Feb-26,4,1,0
R05,SKU-1189,2026-02-16,17,0,1
R05,SKU-1189,2026-02-17,10,0,0
R05,SKU-1189,02/18/2026,16,0,0
R05,SKU-1189,2026-02-19,17,1,0
R05,SKU-1189,2026-02-20,17,1,0
R05,SKU-1189,2026-02-21,14,0,0
R05,SKU-1189,2026-02-22,18,0,1
R05,SKU-1189,2026-02-23,16,0,0
R05,SKU-1189,2026-02-24,8,1,0
R05,SKU-1189,2026-02-25,15,0,0
R05,SKU-1189,2026-02-26,17,0,0
R05,SKU-1189,2026-02-27,13,1,0
R05,SKU-1189,2026-02-28,18,0,0
R05,SKU-1084,2026-02-01,19,0,0
R05,SKU-1084,2026-02-02,10,1,0
R05,SKU-1084,2026-02-03,13,1,0
R05,SKU-1084,04-Feb-26,15,0,0
R05,SKU-1084,2026-02-05,15,0,0
R05,SKU-1084,2026-02-06,16,2,0
R05,SKU-1084,02/07/2026,13,0,0
R05,SKU-1084,2026-02-08,14,0,1
R05,SKU-1084,2026-02-09,10,0,0
R05,SKU-1084,10-Feb-26,11,0,0
R05,SKU-1084,2026-02-11,12,0,0
R05,SKU-1084,2026-02-12,13,1,0
R05,SKU-1084,13-Feb-26,5,0,0
R05,SKU-1084,14-Feb-26,10,0,0
R05,SKU-1084,2026-02-15,9,0,0
R05,SKU-1084,2026-02-16,10,0,0
R05,SKU-1084,2026-02-17,16,0,0
R05,SKU-1084,02/18/2026,15,0,0
R05,SKU-1084,2026-02-19,15,0,0
R05,SKU-1084,2026-02-20,15,0,0
R05,SKU-1084,2026-02-21,13,0,0
R05,SKU-1084,02/22/2026,8,0,0
R05,SKU-1084,2026-02-23,16,0,0
R05,SKU-1084,2026-02-24,15,1,0
R05,SKU-1084,2026-02-25,5,0,0
R05,SKU-1084,26-Feb-26,7,1,0
R05,SKU-1084,02/27/2026,16,0,0
R05,SKU-1084,2026-02-28,12,0,0
R05,SKU-1168,02/01/2026,35,0,0
R05,SKU-1168,02/02/2026,29,0,0
R05,SKU-1168,2026-02-03,22,2,0
R05,SKU-1168,2026-02-04,25,1,0
R05,SKU-1168,2026-02-05,33,0,0
R05,SKU-1168,02/06/2026,26,1,0
R05,SKU-1168,2026-02-07,36,2,0
R05,SKU-1168,2026-02-08,27,0,0
R05,SKU-1168,2026-02-09,29,1,1
R05,SKU-1168,10-Feb-26,27,1,0
R05,SKU-1168,2026-02-11,31,0,0
R05,SKU-1168,2026-02-12,29,0,0
R05,SKU-1168,2026-02-13,21,1,0
R05,SKU-1168,14-Feb-26,34,0,1
R05,SKU-1168,02/15/2026,29,2,0
R05,SKU-1168,2026-02-16,32,0,0
R05,SKU-1168,2026-02-17,30,0,0
R05,SKU-1168,2026-02-18,21,3,0
R05,SKU-1168,02/19/2026,31,3,1
R05,SKU-1168,20-Feb-26,29,0,0
R05,SKU-1168,02/21/2026,33,1,0
R05,SKU-1168,2026-02-22,42,0,1
R05,SKU-1168,2026-02-23,30,0,0
R05,SKU-1168,2026-02-24,29,0,1
R05,SKU-1168,2026-02-25,41,0,1
R05,SKU-1168,2026-02-26,26,0,0
R05,SKU-1168,02/27/2026,30,0,0
R05,SKU-1168,2026-02-28,29,0,0
R05,SKU-1175,01-Feb-26,31,0,0
R05,SKU-1175,2026-02-02,31,0,0
R05,SKU-1175,2026-02-03,26,1,0
R05,SKU-1175,02/04/2026,37,2,0
R05,SKU-1175,2026-02-05,29,0,0
R05,SKU-1175,2026-02-06,37,0,0
R05,SKU-1175,07-Feb-26,38,0,0
R05,SKU-1175,08-Feb-26,34,0,1
R05,SKU-1175,2026-02-09,35,0,0
R05,SKU-1175,2026-02-10,36,0,0
R05,SKU-1175,2026-02-11,32,0,0
R05,SKU-1175,02/12/2026,38,0,0
R05,SKU-1175,2026-02-13,37,0,0
R05,SKU-1175,2026-02-14,35,0,1
R05,SKU-1175,02/15/2026,32,0,0
R05,SKU-1175,2026-02-16,31,0,1
R05,SKU-1175,2026-02-17,27,1,0
R05,SKU-1175,2026-02-18,27,0,0
R05,SKU-1175,2026-02-19,30,0,0
R05,SKU-1175,02/20/2026,31,1,0
R05,SKU-1175,21-Feb-26,18,0,0
R05,SKU-1175,02/22/2026,31,0,0
R05,SKU-1175,23-Feb-26,33,0,0
R05,SKU-1175,2026-02-24,23,0,0
R05,SKU-1175,2026-02-25,30,0,0
R05,SKU-1175,2026-02-26,29,1,0
R05,SKU-1175,2026-02-27,34,1,0
R05,SKU-1175,28-Feb-26,24,0,0
R05,SKU-1070,01-Feb-26,23,0,0
R05,SKU-1070,2026-02-02,29,2,0
R05,SKU-1070,2026-02-03,39,0,0
R05,SKU-1070,2026-02-04,34,1,0
R05,SKU-1070,2026-02-05,35,1,0
R05,SKU-1070,06-Feb-26,22,1,0
R05,SKU-1070,02/07/2026,27,0,0
R05,SKU-1070,02/08/2026,23,1,0
R05,SKU-1070,2026-02-09,25,3,0
R05,SKU-1070,2026-02-10,36,0,0
R05,SKU-1070,02/11/2026,30,2,0
R05,SKU-1070,02/12/2026,42,3,0
R05,SKU-1070,2026-02-13,39,0,1
R05,SKU-1070,14-Feb-26,25,2,0
R05,SKU-1070,2026-02-15,27,0,0
R05,SKU-1070,2026-02-16,34,0,0
R05,SKU-1070,2026-02-17,34,0,0
R05,SKU-1070,02/18/2026,43,2,0
R05,SKU-1070,19-Feb-26,33,0,0
R05,SKU-1070,2026-02-20,35,2,0
R05,SKU-1070,2026-02-21,35,0,0
R05,SKU-1070,2026-02-22,35,0,0
R05,SKU-1070,2026-02-23,39,0,0
R05,SKU-1070,2026-02-24,28,1,0
R05,SKU-1070,25-Feb-26,24,1,0
R05,SKU-1070,2026-02-26,41,0,0
R05,SKU-1070,2026-02-27,32,0,0
R05,SKU-1070,02/28/2026,33,0,0
