retailer_id,product_id,sale_date,sold_qty,returns_qty,promo_flag
R01,SKU-1014,2025-10-01,5,1,0
R01,SKU-1014,2025-10-02,9,1,0
R01,SKU-1014,2025-10-03,4,1,0
R01,SKU-1014,10/04/2025,8,1,0
R01,SKU-1014,10/05/2025,6,0,0
R01,SKU-1014,10/06/2025,5,0,0
R01,SKU-1014,10/07/2025,5,0,0
R01,SKU-1014,2025-10-08,2,1,0
R01,SKU-1014,09-Oct-25,8,1,0
R01,SKU-1014,10-Oct-25,4,1,0
R01,SKU-1014,2025-10-11,7,1,0
R01,SKU-1014,2025-10-12,3,0,0
R01,SKU-1014,10/13/2025,4,1,0
R01,SKU-1014,10/14/2025,6,1,0
R01,SKU-1014,2025-10-15,5,0,0
R01,SKU-1014,2025-10-16,4,0,0
R01,SKU-1014,2025-10-17,7,0,0
R01,SKU-1014,2025-10-18,4,0,0
R01,SKU-1014,2025-10-19,6,0,0
R01,SKU-1014,20-Oct-25,8,0,1
R01,SKU-1014,21-Oct-25,4,1,0
R01,SKU-1014,2025-10-22,6,0,0
R01,SKU-1014,2025-10-23,8,2,0
R01,SKU-1014,2025-10-24,7,0,0
R01,SKU-1014,10/25/2025,9,0,0
R01,SKU-1014,10/26/2025,6,0,0
R01,SKU-1014,27-Oct-25,4,1,0
R01,SKU-1014,28-Oct-25,5,0,0
R01,SKU-1014,29-Oct-25,4,0,0
R01,SKU-1014,10/30/2025,5,0,0
R01,SKU-1014,10/31/2025,6,0,0
R01,SKU-1231,01-Oct-25,12,0,0
R01,SKU-1231,10/02/2025,10,0,0
R01,SKU-1231,2025-10-03,5,0,0
R01,SKU-1231,2025-10-04,8,0,0
R01,SKU-1231,2025-10-05,14,2,0
R01,SKU-1231,2025-10-06,6,1,0
R01,SKU-1231,2025-10-07,10,0,0
R01,SKU-1231,10/08/2025,6,0,0
R01,SKU-1231,10/09/2025,6,0,0
R01,SKU-1231,2025-10-10,9,0,0
R01,SKU-1231,2025-10-11,9,1,1
R01,SKU-1231,2025-10-12,9,0,0
R01,SKU-1231,2025-10-13,7,0,0
R01,SKU-1231,2025-10-14,6,1,1
R01,SKU-1231,2025-10-15,12,1,0
R01,SKU-1231,2025-10-16,10,1,0
R01,SKU-1231,2025-10-17,8,0,1
R01,SKU-1231,18-Oct-25,13,3,0
R01,SKU-1231,10/19/2025,12,0,0
R01,SKU-1231,10/20/2025,7,1,1
R01,SKU-1231,2025-10-21,5,0,0
R01,SKU-1231,2025-10-22,15,0,0
R01,SKU-1231,2025-10-23,8,1,0
R01,SKU-1231,10/24/2025,13,1,0
R01,SKU-1231,2025-10-25,7,0,0
R01,SKU-1231,2025-10-26,9,0,1
R01,SKU-1231,2025-10-27,14,0,0
R01,SKU-1231,2025-10-28,18,0,0
R01,SKU-1231,2025-10-29,11,0,0
R01,SKU-1231,2025-10-30,5,1,1
R01,SKU-1231,31-Oct-25,13,2,0
R01,SKU-1056,2025-10-01,10,3,0
R01,SKU-1056,2025-10-02,12,0,0
R01,SKU-1056,2025-10-03,11,0,0
R01,SKU-1056,2025-10-04,15,0,0
R01,SKU-1056,2025-10-05,22,1,0
R01,SKU-1056,2025-10-06,12,1,1
R01,SKU-1056,2025-10-07,16,0,0
R01,SKU-1056,2025-10-08,12,0,0
R01,SKU-1056,2025-10-09,9,0,0
R01,SKU-1056,10/10/2025,13,2,0
R01,SKU-1056,2025-10-11,9,0,1
R01,SKU-1056,2025-10-12,10,1,0
R01,SKU-1056,10/13/2025,12,1,1
R01,SKU-1056,10/14/2025,16,1,0
R01,SKU-1056,2025-10-15,11,1,0
R01,SKU-1056,2025-10-16,17,0,0
R01,SKU-1056,2025-10-17,12,0,1
R01,SKU-1056,2025-10-18,15,1,0
R01,SKU-1056,19-Oct-25,9,0,0
R01,SKU-1056,10/20/2025,9,0,0
R01,SKU-1056,2025-10-21,7,1,0
R01,SKU-1056,10/22/2025,13,0,0
R01,SKU-1056,10/23/2025,10,1,0
R01,SKU-1056,2025-10-24,20,0,0
R01,SKU-1056,10/25/2025,8,0,0
R01,SKU-1056,2025-10-26,10,1,0
R01,SKU-1056,10/27/2025,17,0,0
R01,SKU-1056,2025-10-28,11,1,0
R01,SKU-1056,10/29/2025,13,1,0
R01,SKU-1056,2025-10-30,16,0,0
R01,SKU-1056,2025-10-31,17,1,1
R01,SKU-1140,01-Oct-25,13,0,0
R01,SKU-1140,2025-10-02,8,3,1
R01,SKU-1140,10/03/2025,10,0,0
R01,SKU-1140,2025-10-04,9,0,0
R01,SKU-1140,2025-10-05,12,0,0
R01,SKU-1140,2025-10-06,13,1,0
R01,SKU-1140,2025-10-07,13,0,0
R01,SKU-1140,2025-10-08,12,2,0
R01,SKU-1140,2025-10-09,11,2,0
R01,SKU-1140,2025-10-10,5,2,0
R01,SKU-1140,11-Oct-25,13,0,0
R01,SKU-1140,2025-10-12,4,2,0
R01,SKU-1140,13-Oct-25,13,0,0
R01,SKU-1140,2025-10-14,10,0,0
R01,SKU-1140,15-Oct-25,12,1,0
R01,SKU-1140,2025-10-16,7,1,1
R01,SKU-1140,2025-10-17,9,0,0
R01,SKU-1140,2025-10-18,10,0,0
R01,SKU-1140,19-Oct-25,6,1,0
R01,SKU-1140,2025-10-20,9,0,0
R01,SKU-1140,2025-10-21,10,0,1
R01,SKU-1140,2025-10-22,14,1,0
R01,SKU-1140,2025-10-23,6,0,0
R01,SKU-1140,24-Oct-25,9,0,0
R01,SKU-1140,2025-10-25,9,0,0
R01,SKU-1140,2025-10-26,10,1,0
R01,SKU-1140,2025-10-27,15,1,0
R01,SKU-1140,2025-10-28,14,1,0
R01,SKU-1140,2025-10-29,11,1,0
R01,SKU-1140,30-Oct-25,10,0,0
R01,SKU-1140,2025-10-31,8,0,0
R01,SKU-1189,2025-10-01,14,0,1
R01,SKU-1189,02-Oct-25,9,0,0
R01,SKU-1189,2025-10-03,7,0,0
R01,SKU-1189,10/04/2025,6,0,0
R01,SKU-1189,10/05/2025,9,1,0
R01,SKU-1189,2025-10-06,10,0,0
R01,SKU-1189,10/07/2025,10,0,0
R01,SKU-1189,2025-10-08,9,0,0
R01,SKU-1189,2025-10-09,19,0,0
R01,SKU-1189,2025-10-10,15,0,0
R01,SKU-1189,10/11/2025,9,1,0
R01,SKU-1189,2025-10-12,7,1,0
R01,SKU-1189,2025-10-13,14,0,0
R01,SKU-1189,10/14/2025,8,0,0
R01,SKU-1189,2025-10-15,10,2,0
R01,SKU-1189,10/16/2025,6,0,0
R01,SKU-1189,17-Oct-25,10,0,0
R01,SKU-1189,2025-10-18,8,0,0
R01,SKU-1189,2025-10-19,10,0,0
R01,SKU-1189,2025-10-20,7,2,0
R01,SKU-1189,2025-10-21,8,1,0
R01,SKU-1189,2025-10-22,12,0,0
R01,SKU-1189,2025-10-23,11,0,0
R01,SKU-1189,2025-10-24,13,0,1
R01,SKU-1189,2025-10-25,10,1,0
R01,SKU-1189,2025-10-26,8,1,0
R01,SKU-1189,2025-10-27,10,0,0
R01,SKU-1189,2025-10-28,9,0,0
R01,SKU-1189,2025-10-29,7,0,0
R01,SKU-1189,2025-10-30,13,2,0
R01,SKU-1189,2025-10-31,16,0,0
R01,SKU-1252,2025-10-01,23,0,0
R01,SKU-1252,2025-10-02,24,0,0
R01,SKU-1252,03-Oct-25,29,0,0
R01,SKU-1252,2025-10-04,19,1,0
R01,SKU-1252,2025-10-05,28,0,0
R01,SKU-1252,2025-10-06,17,0,0
R01,SKU-1252,2025-10-07,29,0,0
R01,SKU-1252,2025-10-08,25,0,0
R01,SKU-1252,10/09/2025,24,0,0
R01,SKU-1252,10-Oct-25,22,2,0
R01,SKU-1252,10/11/2025,19,0,0
R01,SKU-1252,2025-10-12,24,1,0
R01,SKU-1252,2025-10-13,27,1,0
R01,SKU-1252,2025-10-14,22,0,0
R01,SKU-1252,2025-10-15,27,1,0
R01,SKU-1252,10/16/2025,25,0,1
R01,SKU-1252,2025-10-17,23,0,0
R01,SKU-1252,2025-10-18,25,1,0
R01,SKU-1252,19-Oct-25,21,1,0
R01,SKU-1252,20-Oct-25,28,0,0
R01,SKU-1252,2025-10-21,29,1,1
R01,SKU-1252,2025-10-22,28,0,0
R01,SKU-1252,2025-10-23,18,0,0
R01,SKU-1252,2025-10-24,22,0,0
R01,SKU-1252,2025-10-25,25,1,0
R01,SKU-1252,2025-10-26,24,0,0
R01,SKU-1252,2025-10-27,29,0,1
R01,SKU-1252,2025-10-28,24,1,0
R01,SKU-1252,2025-10-29,29,1,0
R01,SKU-1252,30-Oct-25,19,0,0
R01,SKU-1252,2025-10-31,13,0,0
R01,SKU-1259,10/01/2025,10,2,0
R01,SKU-1259,2025-10-02,14,1,0
R01,SKU-1259,2025-10-03,11,1,0
R01,SKU-1259,2025-10-04,13,0,0
R01,SKU-1259,10/05/2025,16,0,0
R01,SKU-1259,10/06/2025,17,0,0
R01,SKU-1259,2025-10-07,6,1,0
R01,SKU-1259,2025-10-08,14,1,0
R01,SKU-1259,09-Oct-25,11,1,0
R01,SKU-1259,2025-10-10,8,0,0
R01,SKU-1259,11-Oct-25,14,1,0
R01,SKU-1259,12-Oct-25,10,0,0
R01,SKU-1259,10/13/2025,17,0,0
R01,SKU-1259,2025-10-14,12,0,0
R01,SKU-1259,2025-10-15,9,0,0
R01,SKU-1259,2025-10-16,12,0,0
R01,SKU-1259,2025-10-17,18,3,0
R01,SKU-1259,18-Oct-25,10,0,0
R01,SKU-1259,19-Oct-25,12,0,0
R01,SKU-1259,10/20/2025,7,1,1
R01,SKU-1259,2025-10-21,11,1,0
R01,SKU-1259,10/22/2025,12,1,0
R01,SKU-1259,23-Oct-25,14,0,0
R01,SKU-1259,2025-10-24,12,1,0
R01,SKU-1259,2025-10-25,22,2,0
R01,SKU-1259,2025-10-26,11,0,0
R01,SKU-1259,10/27/2025,11,0,0
R01,SKU-1259,2025-10-28,13,0,0
R01,SKU-1259,2025-10-29,10,1,1
R01,SKU-1259,2025-10-30,9,0,0
R01,SKU-1259,2025-10-31,16,1,0
R01,SKU-1021,10/01/2025,16,0,0
R01,SKU-1021,02-Oct-25,12,0,1
R01,SKU-1021,2025-10-03,15,2,0
R01,SKU-1021,04-Oct-25,13,1,0
R01,SKU-1021,05-Oct-25,16,0,0
R01,SKU-1021,2025-10-06,10,0,0
R01,SKU-1021,10/07/2025,14,1,0
R01,SKU-1021,2025-10-08,15,0,0
R01,SKU-1021,2025-10-09,6,0,0
R01,SKU-1021,2025-10-10,14,0,0
R01,SKU-1021,10/11/2025,9,0,0
R01,SKU-1021,2025-10-12,6,1,0
R01,SKU-1021,10/13/2025,10,0,0
R01,SKU-1021,10/14/2025,14,0,0
R01,SKU-1021,15-Oct-25,11,1,0
R01,SKU-1021,16-Oct-25,18,1,1
R01,SKU-1021,2025-10-17,18,0,0
R01,SKU-1021,18-Oct-25,9,0,1
R01,SKU-1021,19-Oct-25,11,0,0
R01,SKU-1021,2025-10-20,24,0,0
R01,SKU-1021,2025-10-21,13,0,0
R01,SKU-1021,10/22/2025,14,1,1
R01,SKU-1021,2025-10-23,6,0,1
R01,SKU-1021,2025-10-24,18,0,0
R01,SKU-1021,25-Oct-25,15,0,0
R01,SKU-1021,2025-10-26,9,0,0
R01,SKU-1021,2025-10-27,19,0,0
R01,SKU-1021,2025-10-28,16,0,0
R01,SKU-1021,2025-10-29,14,1,0
R01,SKU-1021,30-Oct-25,15,1,0
R01,SKU-1021,2025-10-31,15,0,0
R01,SKU-1147,10/01/2025,17,0,0
R01,SKU-1147,2025-10-02,15,2,1
R01,SKU-1147,2025-10-03,17,0,0
R01,SKU-1147,04-Oct-25,13,0,1
R01,SKU-1147,2025-10-05,19,0,0
R01,SKU-1147,2025-10-06,17,1,0
R01,SKU-1147,10/07/2025,19,0,0
R01,SKU-1147,2025-10-08,17,1,0
R01,SKU-1147,2025-10-09,19,1,0
R01,SKU-1147,2025-10-10,14,2,0
R01,SKU-1147,2025-10-11,18,0,0
R01,SKU-1147,10/12/2025,16,2,0
R01,SKU-1147,2025-10-13,20,1,0
R01,SKU-1147,2025-10-14,13,0,0
R01,SKU-1147,2025-10-15,17,1,0
R01,SKU-1147,2025-10-16,15,0,0
R01,SKU-1147,2025-10-17,18,0,0
R01,SKU-1147,2025-10-18,24,0,0
R01,SKU-1147,10/19/2025,22,0,0
R01,SKU-1147,10/20/2025,29,0,0
R01,SKU-1147,2025-10-21,23,0,1
R01,SKU-1147,2025-10-22,11,0,1
R01,SKU-1147,2025-10-23,21,1,0
R01,SKU-1147,10/24/2025,22,0,1
R01,SKU-1147,10/25/2025,18,0,0
R01,SKU-1147,2025-10-26,14,0,0
R01,SKU-1147,27-Oct-25,16,0,0
R01,SKU-1147,10/28/2025,21,3,0
R01,SKU-1147,2025-10-29,12,0,0
R01,SKU-1147,2025-10-30,24,0,0
R01,SKU-1147,2025-10-31,25,0,0
R01,SKU-1126,2025-10-01,28,2,0
R01,SKU-1126,10/02/2025,25,0,0
R01,SKU-1126,2025-10-03,37,0,0
R01,SKU-1126,2025-10-04,26,0,0
R01,SKU-1126,10/05/2025,22,0,1
R01,SKU-1126,10/06/2025,29,0,0
R01,SKU-1126,2025-10-07,28,0,0
R01,SKU-1126,08-Oct-25,28,0,0
R01,SKU-1126,09-Oct-25,26,0,0
R01,SKU-1126,2025-10-10,29,0,0
R01,SKU-1126,2025-10-11,20,0,0
R01,SKU-1126,10/12/2025,17,0,0
R01,SKU-1126,13-Oct-25,19,2,0
R01,SKU-1126,2025-10-14,25,1,1
R01,SKU-1126,2025-10-15,30,1,0
R01,SKU-1126,10/16/2025,32,0,0
R01,SKU-1126,10/17/2025,30,0,0
R01,SKU-1126,2025-10-18,32,0,0
R01,SKU-1126,2025-10-19,31,0,1
R01,SKU-1126,2025-10-20,32,0,0
R01,SKU-1126,2025-10-21,20,0,0
R01,SKU-1126,10/22/2025,24,0,0
R01,SKU-1126,23-Oct-25,27,0,0
R01,SKU-1126,10/24/2025,33,0,0
R01,SKU-1126,2025-10-25,22,0,0
R01,SKU-1126,2025-10-26,30,1,1
R01,SKU-1126,2025-10-27,39,0,0
R01,SKU-1126,2025-10-28,31,0,0
R01,SKU-1126,29-Oct-25,30,0,1
R01,SKU-1126,2025-10-30,25,0,0
R01,SKU-1126,2025-10-31,31,0,0
R01,SKU-1175,2025-10-01,3,0,0
R01,SKU-1175,2025-10-02,4,0,1
R01,SKU-1175,2025-10-03,1,0,0
R01,SKU-1175,04-Oct-25,2,1,0
R01,SKU-1175,2025-10-05,7,1,1
R01,SKU-1175,2025-10-06,3,1,1
R01,SKU-1175,2025-10-07,6,1,0
R01,SKU-1175,2025-10-08,4,0,1
R01,SKU-1175,10/09/2025,6,0,0
R01,SKU-1175,10/10/2025,5,2,0
R01,SKU-1175,2025-10-11,6,1,0
R01,SKU-1175,2025-10-12,1,0,0
R01,SKU-1175,2025-10-13,9,1,0
R01,SKU-1175,10/14/2025,2,0,0
R01,SKU-1175,15-Oct-25,3,1,0
R01,SKU-1175,2025-10-16,6,1,0
R01,SKU-1175,2025-10-17,3,0,0
R01,SKU-1175,18-Oct-25,3,1,0
R01,SKU-1175,2025-10-19,5,0,0
R01,SKU-1175,2025-10-20,1,0,0
R01,SKU-1175,2025-10-21,9,2,0
R01,SKU-1175,2025-10-22,3,0,0
R01,SKU-1175,2025-10-23,3,1,0
R01,SKU-1175,2025-10-24,2,0,0
R01,SKU-1175,25-Oct-25,3,0,0
R01,SKU-1175,10/26/2025,3,0,0
R01,SKU-1175,2025-10-27,2,1,0
R01,SKU-1175,10/28/2025,4,0,1
R01,SKU-1175,2025-10-29,6,1,0
R01,SKU-1175,2025-10-30,7,1,0
R01,SKU-1175,2025-10-31,5,1,0
R01,SKU-1196,10/01/2025,25,0,0
R01,SKU-1196,2025-10-02,21,0,0
R01,SKU-1196,2025-10-03,28,0,0
R01,SKU-1196,2025-10-04,28,0,0
R01,SKU-1196,2025-10-05,27,0,0
R01,SKU-1196,2025-10-06,22,0,0
R01,SKU-1196,10/07/2025,23,1,0
R01,SKU-1196,2025-10-08,21,1,0
R01,SKU-1196,10/09/2025,19,1,0
R01,SKU-1196,2025-10-10,25,1,0
R01,SKU-1196,10/11/2025,20,0,0
R01,SKU-1196,2025-10-12,23,1,0
R01,SKU-1196,2025-10-13,28,1,0
R01,SKU-1196,10/14/2025,25,0,0
R01,SKU-1196,2025-10-15,24,0,0
R01,SKU-1196,2025-10-16,25,1,0
R01,SKU-1196,2025-10-17,20,0,0
R01,SKU-1196,2025-10-18,28,0,0
R01,SKU-1196,2025-10-19,27,1,0
R01,SKU-1196,10/20/2025,32,0,0
R01,SKU-1196,2025-10-21,21,1,0
R01,SKU-1196,2025-10-22,24,1,0
R01,SKU-1196,2025-10-23,20,0,0
R01,SKU-1196,2025-10-24,25,0,1
R01,SKU-1196,2025-10-25,24,1,0
R01,SKU-1196,10/26/2025,39,0,1
R01,SKU-1196,10/27/2025,17,2,0
R01,SKU-1196,10/28/2025,26,0,0
R01,SKU-1196,29-Oct-25,16,0,0
R01,SKU-1196,30-Oct-25,21,0,0
R01,SKU-1196,2025-10-31,14,0,1
R01,SKU-1091,01-Oct-25,19,0,0
R01,SKU-1091,2025-10-02,7,1,0
R01,SKU-1091,10/03/2025,12,0,0
R01,SKU-1091,04-Oct-25,15,0,0
R01,SKU-1091,2025-10-05,22,0,0
R01,SKU-1091,2025-10-06,15,0,0
R01,SKU-1091,2025-10-07,13,2,0
R01,SKU-1091,2025-10-08,19,0,0
R01,SKU-1091,2025-10-09,12,0,0
R01,SKU-1091,2025-10-10,8,0,0
R01,SKU-1091,11-Oct-25,15,0,1
R01,SKU-1091,2025-10-12,18,0,0
R01,SKU-1091,2025-10-13,16,0,0
R01,SKU-1091,2025-10-14,17,0,0
R01,SKU-1091,2025-10-15,12,0,0
R01,SKU-1091,2025-10-16,16,1,1
R01,SKU-1091,2025-10-17,8,0,0
R01,SKU-1091,10/18/2025,15,2,0
R01,SKU-1091,10/19/2025,11,1,0
R01,SKU-1091,2025-10-20,14,1,0
R01,SKU-1091,2025-10-21,14,0,0
R01,SKU-1091,10/22/2025,21,1,0
R01,SKU-1091,2025-10-23,11,2,0
R01,SKU-1091,24-Oct-25,15,0,0
R01,SKU-1091,2025-10-25,16,0,0
R01,SKU-1091,2025-10-26,13,0,0
R01,SKU-1091,2025-10-27,13,0,0
R01,SKU-1091,2025-10-28,12,0,0
R01,SKU-1091,10/29/2025,14,1,0
R01,SKU-1091,2025-10-30,14,3,0
R01,SKU-1091,2025-10-31,11,0,0
R01,SKU-1119,2025-10-01,7,0,1
R01,SKU-1119,10/02/2025,6,2,1
R01,SKU-1119,2025-10-03,4,0,1
R01,SKU-1119,10/04/2025,3,0,0
R01,SKU-1119,05-Oct-25,9,0,0
R01,SKU-1119,2025-10-06,5,0,0
R01,SKU-1119,10/07/2025,7,2,0
R01,SKU-1119,2025-10-08,7,0,0
R01,SKU-1119,09-Oct-25,5,1,0
R01,SKU-1119,10-Oct-25,5,0,0
R01,SKU-1119,2025-10-11,5,1,0
R01,SKU-1119,2025-10-12,8,0,0
R01,SKU-1119,2025-10-13,3,0,0
R01,SKU-1119,10/14/2025,7,0,0
R01,SKU-1119,10/15/2025,5,1,0
R01,SKU-1119,2025-10-16,4,2,0
R01,SKU-1119,10/17/2025,6,3,0
R01,SKU-1119,18-Oct-25,4,0,0
R01,SKU-1119,2025-10-19,8,1,1
R01,SKU-1119,20-Oct-25,10,3,0
R01,SKU-1119,2025-10-21,7,0,0
R01,SKU-1119,2025-10-22,3,1,0
R01,SKU-1119,10/23/2025,10,1,1
R01,SKU-1119,2025-10-24,7,1,0
R01,SKU-1119,2025-10-25,5,0,1
R01,SKU-1119,2025-10-26,3,1,0
R01,SKU-1119,27-Oct-25,3,1,1
R01,SKU-1119,28-Oct-25,5,0,1
R01,SKU-1119,2025-10-29,6,1,0
R01,SKU-1119,30-Oct-25,5,0,0
R01,SKU-1119,2025-10-31,3,0,1
R01,SKU-1224,2025-10-01,33,1,0
R01,SKU-1224,02-Oct-25,31,0,0
R01,SKU-1224,2025-10-03,22,2,0
R01,SKU-1224,10/04/2025,27,1,0
R01,SKU-1224,10/05/2025,33,1,0
R01,SKU-1224,06-Oct-25,36,0,0
R01,SKU-1224,2025-10-07,36,1,1
R01,SKU-1224,2025-10-08,28,0,0
R01,SKU-1224,09-Oct-25,36,0,0
R01,SKU-1224,2025-10-10,33,0,0
R01,SKU-1224,2025-10-11,25,0,0
R01,SKU-1224,2025-10-12,27,1,0
R01,SKU-1224,2025-10-13,31,1,0
R01,SKU-1224,14-Oct-25,31,0,0
R01,SKU-1224,2025-10-15,26,0,0
R01,SKU-1224,10/16/2025,32,0,0
R01,SKU-1224,2025-10-17,31,1,0
R01,SKU-1224,18-Oct-25,24,0,0
R01,SKU-1224,10/19/2025,28,0,0
R01,SKU-1224,2025-10-20,26,0,0
R01,SKU-1224,21-Oct-25,19,0,1
R01,SKU-1224,2025-10-22,20,1,0
R01,SKU-1224,10/23/2025,34,0,0
R01,SKU-1224,2025-10-24,33,0,0
R01,SKU-1224,10/25/2025,14,2,0
R01,SKU-1224,10/26/2025,31,0,1
R01,SKU-1224,10/27/2025,24,1,0
R01,SKU-1224,2025-10-28,30,1,0
R01,SKU-1224,2025-10-29,34,0,0
R01,SKU-1224,30-Oct-25,23,0,0
R01,SKU-1224,2025-10-31,25,1,0
R01,SKU-1266,2025-10-01,15,0,0
R01,SKU-1266,2025-10-02,31,0,1
R01,SKU-1266,2025-10-03,37,0,0
R01,SKU-1266,04-Oct-25,32,0,1
R01,SKU-1266,10/05/2025,29,0,0
R01,SKU-1266,2025-10-06,28,0,0
R01,SKU-1266,2025-10-07,33,0,0
R01,SKU-1266,2025-10-08,25,0,0
R01,SKU-1266,10/09/2025,34,0,0
R01,SKU-1266,2025-10-10,33,0,0
R01,SKU-1266,2025-10-11,35,0,0
R01,SKU-1266,2025-10-12,19,3,0
R01,SKU-1266,2025-10-13,28,0,0
R01,SKU-1266,2025-10-14,23,1,1
R01,SKU-1266,2025-10-15,27,0,0
R01,SKU-1266,2025-10-16,29,0,0
R01,SKU-1266,10/17/2025,25,0,0
R01,SKU-1266,2025-10-18,21,0,0
R01,SKU-1266,2025-10-19,33,0,0
R01,SKU-1266,20-Oct-25,25,0,0
R01,SKU-1266,2025-10-21,27,2,0
R01,SKU-1266,2025-10-22,25,0,0
R01,SKU-1266,2025-10-23,25,0,0
R01,SKU-1266,10/24/2025,29,1,0
R01,SKU-1266,10/25/2025,25,0,0
R01,SKU-1266,2025-10-26,31,0,0
R01,SKU-1266,2025-10-27,36,0,0
R01,SKU-1266,2025-10-28,27,0,0
R01,SKU-1266,29-Oct-25,34,0,0
R01,SKU-1266,30-Oct-25,22,0,0
R01,SKU-1266,31-Oct-25,31,1,0
R01,SKU-1063,2025-10-01,25,0,0
R01,SKU-1063,2025-10-02,18,1,0
R01,SKU-1063,03-Oct-25,19,0,0
R01,SKU-1063,2025-10-04,26,0,0
R01,SKU-1063,05-Oct-25,21,0,0
R01,SKU-1063,2025-10-06,23,0,0
R01,SKU-1063,2025-10-07,21,0,0
R01,SKU-1063,10/08/2025,23,0,0
R01,SKU-1063,2025-10-09,22,1,0
R01,SKU-1063,10/10/2025,23,0,0
R01,SKU-1063,2025-10-11,29,0,0
R01,SKU-1063,2025-10-12,20,0,0
R01,SKU-1063,2025-10-13,30,2,0
R01,SKU-1063,2025-10-14,19,0,0
R01,SKU-1063,15-Oct-25,21,0,0
R01,SKU-1063,16-Oct-25,22,0,0
R01,SKU-1063,2025-10-17,23,0,0
R01,SKU-1063,2025-10-18,19,0,1
R01,SKU-1063,10/19/2025,25,0,1
R01,SKU-1063,2025-10-20,16,0,0
R01,SKU-1063,21-Oct-25,20,0,0
R01,SKU-1063,2025-10-22,21,0,0
R01,SKU-1063,23-Oct-25,32,1,0
R01,SKU-1063,10/24/2025,24,1,0
R01,SKU-1063,2025-10-25,31,0,0
R01,SKU-1063,10/26/2025,25,0,0
R01,SKU-1063,27-Oct-25,20,0,0
R01,SKU-1063,2025-10-28,12,0,0
R01,SKU-1063,29-Oct-25,18,1,0
R01,SKU-1063,2025-10-30,25,1,0
R01,SKU-1063,10/31/2025,28,0,0
R01,SKU-1245,2025-10-01,27,1,0
R01,SKU-1245,2025-10-02,38,0,0
R01,SKU-1245,10/03/2025,27,0,0
R01,SKU-1245,10/04/2025,31,1,0
R01,SKU-1245,2025-10-05,26,1,0
R01,SKU-1245,2025-10-06,31,0,0
R01,SKU-1245,2025-10-07,36,0,1
R01,SKU-1245,2025-10-08,26,0,0
R01,SKU-1245,09-Oct-25,34,0,1
R01,SKU-1245,2025-10-10,27,0,0
R01,SKU-1245,10/11/2025,30,1,0
R01,SKU-1245,10/12/2025,33,0,0
R01,SKU-1245,2025-10-13,37,0,1
R01,SKU-1245,10/14/2025,16,2,0
R01,SKU-1245,2025-10-15,33,0,1
R01,SKU-1245,2025-10-16,27,0,0
R01,SKU-1245,2025-10-17,27,1,0
R01,SKU-1245,2025-10-18,36,1,0
R01,SKU-1245,2025-10-19,23,0,0
R01,SKU-1245,2025-10-20,20,1,0
R01,SKU-1245,10/21/2025,21,0,0
R01,SKU-1245,10/22/2025,26,0,0
R01,SKU-1245,2025-10-23,24,0,0
R01,SKU-1245,2025-10-24,30,1,0
R01,SKU-1245,10/25/2025,30,0,0
R01,SKU-1245,26-Oct-25,22,0,0
R01,SKU-1245,27-Oct-25,28,1,0
R01,SKU-1245,2025-10-28,30,0,0
R01,SKU-1245,2025-10-29,26,0,0
R01,SKU-1245,10/30/2025,25,0,0
R01,SKU-1245,2025-10-31,24,0,0
R01,SKU-1182,01-Oct-25,6,0,0
R01,SKU-1182,02-Oct-25,4,1,1
R01,SKU-1182,2025-10-03,4,0,0
R01,SKU-1182,2025-10-04,6,0,0
R01,SKU-1182,2025-10-05,3,0,0
R01,SKU-1182,10/06/2025,6,1,0
R01,SKU-1182,2025-10-07,7,0,0
R01,SKU-1182,2025-10-08,8,0,0
R01,SKU-1182,10/09/2025,9,0,1
R01,SKU-1182,10-Oct-25,7,1,0
R01,SKU-1182,2025-10-11,5,1,0
R01,SKU-1182,2025-10-12,10,0,1
R01,SKU-1182,2025-10-13,11,0,1
R01,SKU-1182,14-Oct-25,8,0,0
R01,SKU-1182,15-Oct-25,7,2,1
R01,SKU-1182,10/16/2025,3,0,1
R01,SKU-1182,10/17/2025,5,0,0
R01,SKU-1182,18-Oct-25,11,1,1
R01,SKU-1182,2025-10-19,5,0,0
R01,SKU-1182,20-Oct-25,4,0,0
R01,SKU-1182,10/21/2025,5,1,0
R01,SKU-1182,2025-10-22,2,0,1
R01,SKU-1182,2025-10-23,8,0,0
R01,SKU-1182,2025-10-24,8,1,0
R01,SKU-1182,2025-10-25,11,2,0
R01,SKU-1182,10/26/2025,9,0,1
R01,SKU-1182,2025-10-27,15,1,0
R01,SKU-1182,2025-10-28,7,0,0
R01,SKU-1182,10/29/2025,5,0,0
R01,SKU-1182,2025-10-30,8,0,0
R01,SKU-1182,10/31/2025,3,1,1
R01,SKU-1007,10/01/2025,36,0,0
R01,SKU-1007,2025-10-02,33,0,0
R01,SKU-1007,2025-10-03,38,0,0
R01,SKU-1007,2025-10-04,43,1,0
R01,SKU-1007,2025-10-05,22,1,0
R01,SKU-1007,2025-10-06,36,0,0
R01,SKU-1007,2025-10-07,33,1,0
R01,SKU-1007,2025-10-08,22,0,0
R01,SKU-1007,2025-10-09,28,1,0
R01,SKU-1007,10/10/2025,34,0,0
R01,SKU-1007,2025-10-11,38,2,0
R01,SKU-1007,10/12/2025,27,0,0
R01,SKU-1007,2025-10-13,43,2,0
R01,SKU-1007,14-Oct-25,35,0,0
R01,SKU-1007,2025-10-15,30,1,0
R01,SKU-1007,10/16/2025,30,0,0
R01,SKU-1007,2025-10-17,43,0,0
R01,SKU-1007,2025-10-18,33,0,1
R01,SKU-1007,2025-10-19,31,0,0
R01,SKU-1007,2025-10-20,30,1,0
R01,SKU-1007,2025-10-21,32,0,1
R01,SKU-1007,2025-10-22,34,0,0
R01,SKU-1007,2025-10-23,30,0,0
R01,SKU-1007,2025-10-24,33,0,0
R01,SKU-1007,10/25/2025,32,0,0
R01,SKU-1007,2025-10-26,35,1,0
R01,SKU-1007,10/27/2025,31,2,0
R01,SKU-1007,28-Oct-25,32,1,0
R01,SKU-1007,2025-10-29,24,0,0
R01,SKU-1007,2025-10-30,31,0,0
R01,SKU-1007,31-Oct-25,27,0,0
R01,SKU-1070,10/01/2025,11,0,0
R01,SKU-1070,10/02/2025,11,0,0
R01,SKU-1070,10/03/2025,15,0,0
R01,SKU-1070,2025-10-04,17,0,0
R01,SKU-1070,2025-10-05,10,0,0
R01,SKU-1070,2025-10-06,11,1,0
R01,SKU-1070,2025-10-07,18,2,0
R01,SKU-1070,2025-10-08,16,0,0
R01,SKU-1070,09-Oct-25,6,0,0
R01,SKU-1070,2025-10-10,5,2,0
R01,SKU-1070,2025-10-11,13,1,0
R01,SKU-1070,2025-10-12,8,1,0
R01,SKU-1070,2025-10-13,15,0,0
R01,SKU-1070,2025-10-14,9,0,0
R01,SKU-1070,2025-10-15,15,0,0
R01,SKU-1070,2025-10-16,10,0,0
R01,SKU-1070,2025-10-17,12,0,0
R01,SKU-1070,2025-10-18,12,2,0
R01,SKU-1070,10/19/2025,13,0,0
R01,SKU-1070,2025-10-20,10,0,0
R01,SKU-1070,2025-10-21,13,0,0
R01,SKU-1070,2025-10-22,16,0,0
R01,SKU-1070,2025-10-23,9,1,0
R01,SKU-1070,2025-10-24,14,1,0
R01,SKU-1070,2025-10-25,25,0,0
R01,SKU-1070,2025-10-26,7,0,1
R01,SKU-1070,27-Oct-25,8,1,0
R01,SKU-1070,28-Oct-25,14,0,1
R01,SKU-1070,29-Oct-25,6,0,0
R01,SKU-1070,2025-10-30,8,0,1
R01,SKU-1070,2025-10-31,7,0,0
R01,SKU-1238,2025-10-01,22,1,0
R01,SKU-1238,10/02/2025,20,0,0
R01,SKU-1238,2025-10-03,14,1,0
R01,SKU-1238,2025-10-04,17,0,0
R01,SKU-1238,05-Oct-25,22,1,0
R01,SKU-1238,10/06/2025,27,0,0
R01,SKU-1238,2025-10-07,17,0,0
R01,SKU-1238,08-Oct-25,15,2,0
R01,SKU-1238,2025-10-09,16,1,1
R01,SKU-1238,2025-10-10,24,0,0
R01,SKU-1238,10/11/2025,20,0,0
R01,SKU-1238,10/12/2025,16,0,1
R01,SKU-1238,2025-10-13,24,0,0
R01,SKU-1238,10/14/2025,16,0,0
R01,SKU-1238,15-Oct-25,17,0,0
R01,SKU-1238,2025-10-16,20,0,0
R01,SKU-1238,17-Oct-25,17,0,0
R01,SKU-1238,2025-10-18,21,1,0
R01,SKU-1238,2025-10-19,23,1,0
R01,SKU-1238,20-Oct-25,22,0,0
R01,SKU-1238,2025-10-21,23,1,0
R01,SKU-1238,2025-10-22,12,0,0
R01,SKU-1238,2025-10-23,24,0,0
R01,SKU-1238,2025-10-24,18,1,0
R01,SKU-1238,2025-10-25,22,0,0
R01,SKU-1238,2025-10-26,16,0,0
R01,SKU-1238,2025-10-27,18,2,0
R01,SKU-1238,2025-10-28,20,0,0
R01,SKU-1238,2025-10-29,24,1,0
R01,SKU-1238,30-Oct-25,13,1,0
R01,SKU-1238,2025-10-31,17,0,1
R01,SKU-1154,2025-10-01,15,1,0
R01,SKU-1154,2025-10-02,30,0,1
R01,SKU-1154,2025-10-03,22,0,0
R01,SKU-1154,2025-10-04,16,0,0
R01,SKU-1154,10/05/2025,22,1,0
R01,SKU-1154,10/06/2025,23,1,0
R01,SKU-1154,10/07/2025,14,0,0
R01,SKU-1154,2025-10-08,23,0,0
R01,SKU-1154,2025-10-09,22,0,0
R01,SKU-1154,10/10/2025,22,0,0
R01,SKU-1154,2025-10-11,19,0,0
R01,SKU-1154,2025-10-12,17,0,0
R01,SKU-1154,2025-10-13,21,0,1
R01,SKU-1154,2025-10-14,16,0,0
R01,SKU-1154,10/15/2025,19,1,0
R01,SKU-1154,2025-10-16,24,0,0
R01,SKU-1154,2025-10-17,26,2,0
R01,SKU-1154,10/18/2025,14,0,0
R01,SKU-1154,2025-10-19,21,2,0
R01,SKU-1154,2025-10-20,20,0,0
R01,SKU-1154,2025-10-21,17,0,0
R01,SKU-1154,2025-10-22,11,0,0
R01,SKU-1154,2025-10-23,16,0,0
R01,SKU-1154,10/24/2025,26,0,0
R01,SKU-1154,10/25/2025,21,1,0
R01,SKU-1154,2025-10-26,9,0,0
R01,SKU-1154,27-Oct-25,19,0,1
R01,SKU-1154,10/28/2025,18,1,0
R01,SKU-1154,10/29/2025,16,0,0
R01,SKU-1154,30-Oct-25,23,0,0
R01,SKU-1154,31-Oct-25,15,0,0
R01,SKU-1273,2025-10-01,24,0,0
R01,SKU-1273,2025-10-02,22,0,0
R01,SKU-1273,2025-10-03,31,0,0
R01,SKU-1273,2025-10-04,23,0,0
R01,SKU-1273,2025-10-05,31,0,0
R01,SKU-1273,10/06/2025,28,1,0
R01,SKU-1273,07-Oct-25,34,1,0
R01,SKU-1273,2025-10-08,37,0,0
R01,SKU-1273,2025-10-09,24,0,0
R01,SKU-1273,2025-10-10,24,1,0
R01,SKU-1273,2025-10-11,32,0,0
R01,SKU-1273,10/12/2025,33,1,0
R01,SKU-1273,2025-10-13,29,1,0
R01,SKU-1273,2025-10-14,33,0,0
R01,SKU-1273,10/15/2025,23,0,0
R01,SKU-1273,10/16/2025,24,1,1
R01,SKU-1273,2025-10-17,21,0,0
R01,SKU-1273,2025-10-18,29,0,0
R01,SKU-1273,10/19/2025,33,0,0
R01,SKU-1273,20-Oct-25,30,0,0
R01,SKU-1273,2025-10-21,32,0,1
R01,SKU-1273,2025-10-22,38,0,0
R01,SKU-1273,2025-10-23,33,0,1
R01,SKU-1273,10/24/2025,42,0,0
R01,SKU-1273,25-Oct-25,25,0,0
R01,SKU-1273,10/26/2025,25,1,0
R01,SKU-1273,2025-10-27,27,1,0
R01,SKU-1273,2025-10-28,30,0,0
R01,SKU-1273,10/29/2025,28,0,0
R01,SKU-1273,2025-10-30,35,2,0
R01,SKU-1273,10/31/2025,24,0,0
R02,SKU-1119,2025-10-01,5,1,0
R02,SKU-1119,10/02/2025,4,1,0
R02,SKU-1119,10/03/2025,2,0,0
R02,SKU-1119,04-Oct-25,1,1,0
R02,SKU-1119,10/05/2025,4,0,0
R02,SKU-1119,2025-10-06,5,1,0
R02,SKU-1119,07-Oct-25,4,0,1
R02,SKU-1119,08-Oct-25,6,0,0
R02,SKU-1119,2025-10-09,5,0,0
R02,SKU-1119,10/10/2025,4,0,0
R02,SKU-1119,2025-10-11,4,0,0
R02,SKU-1119,10/12/2025,7,0,1
R02,SKU-1119,2025-10-13,5,0,0
R02,SKU-1119,2025-10-14,7,1,1
R02,SKU-1119,10/15/2025,3,2,1
R02,SKU-1119,10/16/2025,6,0,0
R02,SKU-1119,10/17/2025,2,1,0
R02,SKU-1119,2025-10-18,9,0,0
R02,SKU-1119,2025-10-19,3,1,0
R02,SKU-1119,10/20/2025,4,0,0
R02,SKU-1119,10/21/2025,4,0,0
R02,SKU-1119,10/22/2025,5,1,1
R02,SKU-1119,2025-10-23,2,0,1
R02,SKU-1119,2025-10-24,2,0,0
R02,SKU-1119,10/25/2025,5,0,0
R02,SKU-1119,10/26/2025,2,1,0
R02,SKU-1119,27-Oct-25,5,0,1
R02,SKU-1119,2025-10-28,6,0,0
R02,SKU-1119,29-Oct-25,1,0,0
R02,SKU-1119,2025-10-30,2,1,0
R02,SKU-1119,2025-10-31,2,1,0
R02,SKU-1252,2025-10-01,32,0,0
R02,SKU-1252,02-Oct-25,26,0,0
R02,SKU-1252,2025-10-03,28,1,0
R02,SKU-1252,10/04/2025,33,1,0
R02,SKU-1252,2025-10-05,22,0,0
R02,SKU-1252,2025-10-06,27,1,0
R02,SKU-1252,2025-10-07,26,0,0
R02,SKU-1252,2025-10-08,36,0,0
R02,SKU-1252,2025-10-09,14,0,0
R02,SKU-1252,2025-10-10,40,1,0
R02,SKU-1252,11-Oct-25,30,0,0
R02,SKU-1252,2025-10-12,32,1,0
R02,SKU-1252,2025-10-13,25,0,0
R02,SKU-1252,10/14/2025,30,0,0
R02,SKU-1252,2025-10-15,36,0,0
R02,SKU-1252,10/16/2025,27,0,0
R02,SKU-1252,17-Oct-25,31,0,0
R02,SKU-1252,10/18/2025,30,0,0
R02,SKU-1252,2025-10-19,39,0,0
R02,SKU-1252,2025-10-20,37,0,0
R02,SKU-1252,2025-10-21,31,0,1
R02,SKU-1252,2025-10-22,27,0,1
R02,SKU-1252,2025-10-23,27,1,0
R02,SKU-1252,24-Oct-25,24,0,0
R02,SKU-1252,2025-10-25,23,0,0
R02,SKU-1252,2025-10-26,29,0,0
R02,SKU-1252,2025-10-27,41,0,0
R02,SKU-1252,2025-10-28,34,0,0
R02,SKU-1252,2025-10-29,30,1,0
R02,SKU-1252,10/30/2025,32,0,0
R02,SKU-1252,31-Oct-25,34,1,0
R02,SKU-1238,2025-10-01,23,0,0
R02,SKU-1238,02-Oct-25,17,1,0
R02,SKU-1238,2025-10-03,17,1,0
R02,SKU-1238,2025-10-04,18,1,0
R02,SKU-1238,10/05/2025,25,2,0
R02,SKU-1238,2025-10-06,20,0,0
R02,SKU-1238,10/07/2025,17,0,0
R02,SKU-1238,2025-10-08,17,0,1
R02,SKU-1238,2025-10-09,14,0,0
R02,SKU-1238,10/10/2025,11,0,0
R02,SKU-1238,2025-10-11,21,1,0
R02,SKU-1238,12-Oct-25,16,0,0
R02,SKU-1238,13-Oct-25,13,1,0
R02,SKU-1238,10/14/2025,23,1,0
R02,SKU-1238,2025-10-15,15,0,0
R02,SKU-1238,2025-10-16,17,0,0
R02,SKU-1238,2025-10-17,13,0,0
R02,SKU-1238,18-Oct-25,11,0,0
R02,SKU-1238,19-Oct-25,19,1,1
R02,SKU-1238,10/20/2025,18,0,0
R02,SKU-1238,2025-10-21,20,3,0
R02,SKU-1238,2025-10-22,17,0,0
R02,SKU-1238,10/23/2025,11,0,0
R02,SKU-1238,2025-10-24,19,0,0
R02,SKU-1238,25-Oct-25,20,0,0
R02,SKU-1238,2025-10-26,22,0,0
R02,SKU-1238,2025-10-27,15,0,0
R02,SKU-1238,28-Oct-25,23,0,0
R02,SKU-1238,29-Oct-25,12,1,0
R02,SKU-1238,30-Oct-25,25,0,0
R02,SKU-1238,2025-10-31,10,1,0
R02,SKU-1161,2025-10-01,17,0,0
R02,SKU-1161,10/02/2025,11,0,0
R02,SKU-1161,2025-10-03,13,1,0
R02,SKU-1161,2025-10-04,12,1,0
R02,SKU-1161,2025-10-05,8,1,0
R02,SKU-1161,2025-10-06,14,0,0
R02,SKU-1161,2025-10-07,14,1,1
R02,SKU-1161,2025-10-08,12,1,0
R02,SKU-1161,2025-10-09,9,0,0
R02,SKU-1161,2025-10-10,15,0,1
R02,SKU-1161,2025-10-11,18,0,0
R02,SKU-1161,10/12/2025,13,0,0
R02,SKU-1161,2025-10-13,13,1,0
R02,SKU-1161,10/14/2025,13,0,0
R02,SKU-1161,2025-10-15,12,0,0
R02,SKU-1161,10/16/2025,13,3,0
R02,SKU-1161,2025-10-17,12,1,0
R02,SKU-1161,2025-10-18,18,0,0
R02,SKU-1161,2025-10-19,18,1,0
R02,SKU-1161,2025-10-20,10,0,0
R02,SKU-1161,10/21/2025,13,1,0
R02,SKU-1161,2025-10-22,12,0,0
R02,SKU-1161,10/23/2025,17,0,0
R02,SKU-1161,2025-10-24,6,1,1
R02,SKU-1161,10/25/2025,17,0,0
R02,SKU-1161,10/26/2025,11,0,0
R02,SKU-1161,2025-10-27,7,0,0
R02,SKU-1161,10/28/2025,15,0,0
R02,SKU-1161,2025-10-29,11,0,0
R02,SKU-1161,2025-10-30,16,0,0
R02,SKU-1161,31-Oct-25,8,0,0
R02,SKU-1224,2025-10-01,32,2,1
R02,SKU-1224,02-Oct-25,30,0,0
R02,SKU-1224,2025-10-03,30,3,0
R02,SKU-1224,2025-10-04,31,0,0
R02,SKU-1224,2025-10-05,32,0,1
R02,SKU-1224,2025-10-06,31,0,0
R02,SKU-1224,2025-10-07,25,0,0
R02,SKU-1224,2025-10-08,32,0,0
R02,SKU-1224,2025-10-09,37,0,0
R02,SKU-1224,10/10/2025,37,1,0
R02,SKU-1224,2025-10-11,33,0,0
R02,SKU-1224,12-Oct-25,29,1,0
R02,SKU-1224,13-Oct-25,27,0,1
R02,SKU-1224,14-Oct-25,31,0,0
R02,SKU-1224,2025-10-15,31,1,0
R02,SKU-1224,2025-10-16,28,0,0
R02,SKU-1224,2025-10-17,42,0,0
R02,SKU-1224,2025-10-18,36,1,0
R02,SKU-1224,2025-10-19,41,0,0
R02,SKU-1224,2025-10-20,37,0,0
R02,SKU-1224,2025-10-21,32,0,0
R02,SKU-1224,22-Oct-25,38,0,0
R02,SKU-1224,2025-10-23,32,0,0
R02,SKU-1224,2025-10-24,26,1,0
R02,SKU-1224,2025-10-25,29,1,0
R02,SKU-1224,26-Oct-25,31,1,0
R02,SKU-1224,2025-10-27,41,0,1
R02,SKU-1224,28-Oct-25,36,0,0
R02,SKU-1224,2025-10-29,28,1,0
R02,SKU-1224,2025-10-30,33,0,0
R02,SKU-1224,2025-10-31,42,0,0
R02,SKU-1084,10/01/2025,18,1,0
R02,SKU-1084,02-Oct-25,18,0,0
R02,SKU-1084,2025-10-03,16,2,0
R02,SKU-1084,2025-10-04,18,1,0
R02,SKU-1084,2025-10-05,21,0,0
R02,SKU-1084,10/06/2025,25,1,0
R02,SKU-1084,10/07/2025,20,0,1
R02,SKU-1084,2025-10-08,19,2,0
R02,SKU-1084,2025-10-09,27,0,0
R02,SKU-1084,2025-10-10,21,0,0
R02,SKU-1084,2025-10-11,18,0,0
R02,SKU-1084,2025-10-12,16,1,0
R02,SKU-1084,13-Oct-25,23,0,1
R02,SKU-1084,2025-10-14,18,1,0
R02,SKU-1084,2025-10-15,18,2,0
R02,SKU-1084,2025-10-16,16,1,0
R02,SKU-1084,10/17/2025,22,0,0
R02,SKU-1084,10/18/2025,9,1,0
R02,SKU-1084,19-Oct-25,19,2,0
R02,SKU-1084,10/20/2025,20,1,0
R02,SKU-1084,10/21/2025,12,1,0
R02,SKU-1084,2025-10-22,14,0,0
R02,SKU-1084,2025-10-23,13,1,0
R02,SKU-1084,2025-10-24,15,0,0
R02,SKU-1084,2025-10-25,18,0,0
R02,SKU-1084,2025-10-26,23,0,1
R02,SKU-1084,27-Oct-25,15,0,0
R02,SKU-1084,10/28/2025,18,0,0
R02,SKU-1084,10/29/2025,18,0,0
R02,SKU-1084,2025-10-30,22,0,0
R02,SKU-1084,2025-10-31,18,0,0
R02,SKU-1028,10/01/2025,29,0,0
R02,SKU-1028,2025-10-02,28,0,0
R02,SKU-1028,2025-10-03,25,0,0
R02,SKU-1028,2025-10-04,21,0,0
R02,SKU-1028,05-Oct-25,37,0,0
R02,SKU-1028,2025-10-06,28,0,0
R02,SKU-1028,2025-10-07,30,2,0
R02,SKU-1028,2025-10-08,41,1,0
R02,SKU-1028,2025-10-09,35,0,0
R02,SKU-1028,2025-10-10,26,0,0
R02,SKU-1028,2025-10-11,28,2,0
R02,SKU-1028,2025-10-12,21,0,0
R02,SKU-1028,13-Oct-25,29,0,0
R02,SKU-1028,10/14/2025,33,1,0
R02,SKU-1028,2025-10-15,30,0,0
R02,SKU-1028,2025-10-16,28,0,0
R02,SKU-1028,10/17/2025,32,1,0
R02,SKU-1028,2025-10-18,25,0,0
R02,SKU-1028,2025-10-19,25,0,0
R02,SKU-1028,20-Oct-25,27,0,0
R02,SKU-1028,2025-10-21,30,1,0
R02,SKU-1028,2025-10-22,29,0,1
R02,SKU-1028,23-Oct-25,33,0,0
R02,SKU-1028,10/24/2025,37,1,0
R02,SKU-1028,2025-10-25,34,0,0
R02,SKU-1028,2025-10-26,33,2,0
R02,SKU-1028,10/27/2025,27,1,0
R02,SKU-1028,2025-10-28,37,1,0
R02,SKU-1028,2025-10-29,31,0,1
R02,SKU-1028,2025-10-30,33,0,0
R02,SKU-1028,2025-10-31,44,0,0
R02,SKU-1140,2025-10-01,18,0,0
R02,SKU-1140,02-Oct-25,17,0,0
R02,SKU-1140,10/03/2025,20,1,0
R02,SKU-1140,04-Oct-25,11,0,0
R02,SKU-1140,2025-10-05,20,0,0
R02,SKU-1140,2025-10-06,20,1,0
R02,SKU-1140,10/07/2025,14,2,0
R02,SKU-1140,2025-10-08,23,1,0
R02,SKU-1140,2025-10-09,19,2,0
R02,SKU-1140,10/10/2025,18,1,0
R02,SKU-1140,2025-10-11,25,0,0
R02,SKU-1140,2025-10-12,17,1,0
R02,SKU-1140,2025-10-13,21,1,0
R02,SKU-1140,14-Oct-25,19,0,1
R02,SKU-1140,10/15/2025,14,0,0
R02,SKU-1140,2025-10-16,13,1,1
R02,SKU-1140,2025-10-17,18,0,0
R02,SKU-1140,10/18/2025,23,0,0
R02,SKU-1140,2025-10-19,14,0,0
R02,SKU-1140,2025-10-20,22,0,0
R02,SKU-1140,10/21/2025,21,1,0
R02,SKU-1140,2025-10-22,19,0,0
R02,SKU-1140,23-Oct-25,22,0,0
R02,SKU-1140,2025-10-24,18,1,0
R02,SKU-1140,10/25/2025,20,0,1
R02,SKU-1140,10/26/2025,19,1,0
R02,SKU-1140,2025-10-27,18,4,0
R02,SKU-1140,10/28/2025,19,0,1
R02,SKU-1140,2025-10-29,24,0,0
R02,SKU-1140,2025-10-30,14,0,0
R02,SKU-1140,10/31/2025,26,0,0
R02,SKU-1217,2025-10-01,21,1,1
R02,SKU-1217,2025-10-02,22,0,0
R02,SKU-1217,10/03/2025,16,0,0
R02,SKU-1217,2025-10-04,24,1,0
R02,SKU-1217,10/05/2025,18,2,0
R02,SKU-1217,10/06/2025,18,0,0
R02,SKU-1217,2025-10-07,12,1,0
R02,SKU-1217,10/08/2025,20,1,0
R02,SKU-1217,2025-10-09,30,0,0
R02,SKU-1217,2025-10-10,16,0,0
R02,SKU-1217,10/11/2025,19,0,1
R02,SKU-1217,12-Oct-25,19,0,0
R02,SKU-1217,10/13/2025,15,0,1
R02,SKU-1217,2025-10-14,25,2,0
R02,SKU-1217,2025-10-15,28,0,0
R02,SKU-1217,16-Oct-25,17,0,0
R02,SKU-1217,2025-10-17,28,2,0
R02,SKU-1217,2025-10-18,26,0,0
R02,SKU-1217,2025-10-19,25,0,0
R02,SKU-1217,2025-10-20,19,0,0
R02,SKU-1217,10/21/2025,15,1,0
R02,SKU-1217,2025-10-22,22,0,0
R02,SKU-1217,2025-10-23,24,0,0
R02,SKU-1217,2025-10-24,18,1,0
R02,SKU-1217,2025-10-25,16,0,0
R02,SKU-1217,10/26/2025,28,1,0
R02,SKU-1217,2025-10-27,13,0,1
R02,SKU-1217,2025-10-28,21,0,0
R02,SKU-1217,29-Oct-25,19,0,0
R02,SKU-1217,2025-10-30,25,0,0
R02,SKU-1217,2025-10-31,19,2,0
R02,SKU-1112,2025-10-01,16,0,0
R02,SKU-1112,2025-10-02,21,0,0
R02,SKU-1112,03-Oct-25,16,0,0
R02,SKU-1112,10/04/2025,20,0,0
R02,SKU-1112,2025-10-05,12,0,0
R02,SKU-1112,10/06/2025,27,0,0
R02,SKU-1112,2025-10-07,18,0,1
R02,SKU-1112,2025-10-08,19,0,0
R02,SKU-1112,2025-10-09,14,0,0
R02,SKU-1112,2025-10-10,14,1,0
R02,SKU-1112,10/11/2025,23,0,0
R02,SKU-1112,2025-10-12,13,0,0
R02,SKU-1112,2025-10-13,24,0,0
R02,SKU-1112,2025-10-14,24,1,1
R02,SKU-1112,15-Oct-25,15,0,1
R02,SKU-1112,16-Oct-25,16,0,0
R02,SKU-1112,2025-10-17,20,0,0
R02,SKU-1112,2025-10-18,21,2,0
R02,SKU-1112,10/19/2025,12,2,0
R02,SKU-1112,2025-10-20,19,0,0
R02,SKU-1112,2025-10-21,22,0,0
R02,SKU-1112,2025-10-22,8,0,0
R02,SKU-1112,23-Oct-25,19,0,1
R02,SKU-1112,2025-10-24,20,0,0
R02,SKU-1112,2025-10-25,17,0,0
R02,SKU-1112,2025-10-26,14,0,0
R02,SKU-1112,10/27/2025,13,0,0
R02,SKU-1112,2025-10-28,18,0,0
R02,SKU-1112,2025-10-29,12,2,0
R02,SKU-1112,10/30/2025,14,0,0
R02,SKU-1112,2025-10-31,19,0,0
R02,SKU-1245,2025-10-01,10,0,0
R02,SKU-1245,10/02/2025,5,1,0
R02,SKU-1245,2025-10-03,4,0,1
R02,SKU-1245,10/04/2025,9,0,0
R02,SKU-1245,10/05/2025,10,1,0
R02,SKU-1245,2025-10-06,8,0,0
R02,SKU-1245,2025-10-07,7,1,0
R02,SKU-1245,2025-10-08,5,0,0
R02,SKU-1245,2025-10-09,5,2,0
R02,SKU-1245,10/10/2025,5,1,0
R02,SKU-1245,10/11/2025,6,0,0
R02,SKU-1245,2025-10-12,5,0,0
R02,SKU-1245,2025-10-13,16,1,0
R02,SKU-1245,2025-10-14,9,0,0
R02,SKU-1245,2025-10-15,12,1,0
R02,SKU-1245,2025-10-16,6,0,0
R02,SKU-1245,17-Oct-25,8,0,0
R02,SKU-1245,2025-10-18,8,0,0
R02,SKU-1245,2025-10-19,9,0,0
R02,SKU-1245,20-Oct-25,11,0,0
R02,SKU-1245,2025-10-21,9,0,0
R02,SKU-1245,2025-10-22,7,0,0
R02,SKU-1245,23-Oct-25,8,0,0
R02,SKU-1245,2025-10-24,6,0,0
R02,SKU-1245,2025-10-25,6,0,0
R02,SKU-1245,2025-10-26,7,0,0
R02,SKU-1245,2025-10-27,9,0,0
R02,SKU-1245,2025-10-28,3,0,0
R02,SKU-1245,2025-10-29,7,1,0
R02,SKU-1245,2025-10-30,7,0,0
R02,SKU-1245,2025-10-31,13,1,0
R02,SKU-1210,10/01/2025,16,0,0
R02,SKU-1210,02-Oct-25,10,0,0
R02,SKU-1210,10/03/2025,15,1,0
R02,SKU-1210,10/04/2025,15,0,0
R02,SKU-1210,10/05/2025,10,2,0
R02,SKU-1210,2025-10-06,19,0,0
R02,SKU-1210,2025-10-07,17,0,0
R02,SKU-1210,10/08/2025,6,0,0
R02,SKU-1210,2025-10-09,16,0,0
R02,SKU-1210,10-Oct-25,11,1,0
R02,SKU-1210,2025-10-11,13,0,0
R02,SKU-1210,2025-10-12,7,1,0
R02,SKU-1210,2025-10-13,16,0,0
R02,SKU-1210,2025-10-14,13,0,0
R02,SKU-1210,2025-10-15,13,1,0
R02,SKU-1210,2025-10-16,7,1,0
R02,SKU-1210,2025-10-17,16,0,0
R02,SKU-1210,10/18/2025,11,1,0
R02,SKU-1210,19-Oct-25,14,1,0
R02,SKU-1210,2025-10-20,16,0,0
R02,SKU-1210,2025-10-21,17,0,0
R02,SKU-1210,10/22/2025,14,1,0
R02,SKU-1210,23-Oct-25,7,2,0
R02,SKU-1210,2025-10-24,13,0,0
R02,SKU-1210,2025-10-25,14,1,0
R02,SKU-1210,2025-10-26,17,0,0
R02,SKU-1210,10/27/2025,8,0,0
R02,SKU-1210,10/28/2025,17,1,1
R02,SKU-1210,2025-10-29,12,0,0
R02,SKU-1210,10/30/2025,14,1,0
R02,SKU-1210,2025-10-31,15,0,0
R02,SKU-1063,2025-10-01,33,0,0
R02,SKU-1063,10/02/2025,31,1,0
R02,SKU-1063,2025-10-03,38,2,0
R02,SKU-1063,10/04/2025,37,0,0
R02,SKU-1063,2025-10-05,32,0,0
R02,SKU-1063,10/06/2025,34,0,0
R02,SKU-1063,10/07/2025,25,0,0
R02,SKU-1063,2025-10-08,43,0,0
R02,SKU-1063,2025-10-09,30,0,0
R02,SKU-1063,2025-10-10,37,2,0
R02,SKU-1063,10/11/2025,37,1,0
R02,SKU-1063,12-Oct-25,34,0,0
R02,SKU-1063,10/13/2025,32,1,0
R02,SKU-1063,2025-10-14,42,0,0
R02,SKU-1063,15-Oct-25,30,0,0
R02,SKU-1063,2025-10-16,32,0,0
R02,SKU-1063,17-Oct-25,37,0,0
R02,SKU-1063,2025-10-18,32,0,0
R02,SKU-1063,19-Oct-25,33,0,0
R02,SKU-1063,10/20/2025,44,0,0
R02,SKU-1063,2025-10-21,28,0,0
R02,SKU-1063,2025-10-22,33,0,0
R02,SKU-1063,2025-10-23,32,0,0
R02,SKU-1063,24-Oct-25,43,1,0
R02,SKU-1063,10/25/2025,32,1,0
R02,SKU-1063,2025-10-26,40,0,0
R02,SKU-1063,2025-10-27,41,0,0
R02,SKU-1063,2025-10-28,33,0,0
R02,SKU-1063,2025-10-29,31,0,0
R02,SKU-1063,2025-10-30,28,2,0
R02,SKU-1063,2025-10-31,31,0,0
R02,SKU-1203,10/01/2025,26,0,0
R02,SKU-1203,02-Oct-25,16,0,0
R02,SKU-1203,10/03/2025,24,1,0
R02,SKU-1203,2025-10-04,21,0,0
R02,SKU-1203,05-Oct-25,18,0,0
R02,SKU-1203,2025-10-06,19,1,0
R02,SKU-1203,2025-10-07,22,0,0
R02,SKU-1203,2025-10-08,24,0,0
R02,SKU-1203,2025-10-09,27,2,0
R02,SKU-1203,10/10/2025,30,0,1
R02,SKU-1203,2025-10-11,23,0,0
R02,SKU-1203,2025-10-12,23,0,1
R02,SKU-1203,2025-10-13,23,0,1
R02,SKU-1203,2025-10-14,15,0,0
R02,SKU-1203,15-Oct-25,35,0,0
R02,SKU-1203,16-Oct-25,18,1,0
R02,SKU-1203,2025-10-17,28,0,0
R02,SKU-1203,18-Oct-25,26,1,0
R02,SKU-1203,2025-10-19,14,0,0
R02,SKU-1203,10/20/2025,24,0,0
R02,SKU-1203,2025-10-21,13,1,0
R02,SKU-1203,22-Oct-25,27,1,0
R02,SKU-1203,2025-10-23,22,1,0
R02,SKU-1203,10/24/2025,28,0,0
R02,SKU-1203,2025-10-25,17,0,0
R02,SKU-1203,2025-10-26,24,0,0
R02,SKU-1203,10/27/2025,19,0,1
R02,SKU-1203,2025-10-28,22,0,0
R02,SKU-1203,29-Oct-25,22,1,0
R02,SKU-1203,2025-10-30,27,0,0
R02,SKU-1203,2025-10-31,17,0,0
R02,SKU-1021,10/01/2025,19,0,1
R02,SKU-1021,10/02/2025,18,0,0
R02,SKU-1021,2025-10-03,31,1,0
R02,SKU-1021,10/04/2025,19,0,0
R02,SKU-1021,10/05/2025,21,1,1
R02,SKU-1021,2025-10-06,30,0,0
R02,SKU-1021,2025-10-07,32,1,0
R02,SKU-1021,2025-10-08,28,0,1
R02,SKU-1021,09-Oct-25,26,0,0
R02,SKU-1021,10/10/2025,24,0,0
R02,SKU-1021,10/11/2025,33,0,0
R02,SKU-1021,10/12/2025,23,0,0
R02,SKU-1021,2025-10-13,36,0,1
R02,SKU-1021,2025-10-14,32,1,0
R02,SKU-1021,2025-10-15,20,1,0
R02,SKU-1021,2025-10-16,21,1,0
R02,SKU-1021,10/17/2025,33,1,0
R02,SKU-1021,2025-10-18,29,1,0
R02,SKU-1021,2025-10-19,31,0,0
R02,SKU-1021,2025-10-20,22,2,0
R02,SKU-1021,21-Oct-25,24,2,0
R02,SKU-1021,2025-10-22,28,0,0
R02,SKU-1021,2025-10-23,21,0,0
R02,SKU-1021,2025-10-24,20,1,0
R02,SKU-1021,25-Oct-25,19,2,0
R02,SKU-1021,26-Oct-25,33,1,0
R02,SKU-1021,2025-10-27,33,0,0
R02,SKU-1021,28-Oct-25,29,0,0
R02,SKU-1021,2025-10-29,24,1,1
R02,SKU-1021,2025-10-30,23,1,0
R02,SKU-1021,10/31/2025,34,0,0
R02,SKU-1189,2025-10-01,27,0,0
R02,SKU-1189,2025-10-02,29,0,0
R02,SKU-1189,2025-10-03,22,1,0
R02,SKU-1189,2025-10-04,24,0,0
R02,SKU-1189,10/05/2025,30,0,0
R02,SKU-1189,10/06/2025,19,0,0
R02,SKU-1189,10/07/2025,20,0,0
R02,SKU-1189,2025-10-08,19,0,0
R02,SKU-1189,2025-10-09,24,0,0
R02,SKU-1189,10/10/2025,22,0,0
R02,SKU-1189,2025-10-11,17,1,0
R02,SKU-1189,2025-10-12,20,1,0
R02,SKU-1189,2025-10-13,13,0,0
R02,SKU-1189,2025-10-14,27,0,1
R02,SKU-1189,2025-10-15,17,0,0
R02,SKU-1189,2025-10-16,16,0,1
R02,SKU-1189,10/17/2025,17,1,0
R02,SKU-1189,2025-10-18,14,1,0
R02,SKU-1189,2025-10-19,17,0,0
R02,SKU-1189,2025-10-20,24,0,1
R02,SKU-1189,2025-10-21,15,0,0
R02,SKU-1189,10/22/2025,18,0,0
R02,SKU-1189,10/23/2025,22,1,0
R02,SKU-1189,2025-10-24,22,0,0
R02,SKU-1189,10/25/2025,25,0,0
R02,SKU-1189,10/26/2025,25,0,0
R02,SKU-1189,2025-10-27,21,2,0
R02,SKU-1189,28-Oct-25,19,0,0
R02,SKU-1189,2025-10-29,21,1,0
R02,SKU-1189,30-Oct-25,20,2,0
R02,SKU-1189,10/31/2025,23,0,0
R02,SKU-1175,01-Oct-25,32,0,0
R02,SKU-1175,2025-10-02,25,0,0
R02,SKU-1175,2025-10-03,24,0,0
R02,SKU-1175,10/04/2025,18,0,0
R02,SKU-1175,2025-10-05,19,0,1
R02,SKU-1175,10/06/2025,22,1,0
R02,SKU-1175,2025-10-07,22,0,0
R02,SKU-1175,2025-10-08,18,0,0
R02,SKU-1175,10/09/2025,22,0,0
R02,SKU-1175,2025-10-10,17,0,0
R02,SKU-1175,2025-10-11,29,0,0
R02,SKU-1175,2025-10-12,24,0,0
R02,SKU-1175,2025-10-13,19,0,0
R02,SKU-1175,2025-10-14,24,0,0
R02,SKU-1175,2025-10-15,28,0,0
R02,SKU-1175,2025-10-16,26,1,0
R02,SKU-1175,2025-10-17,26,0,0
R02,SKU-1175,2025-10-18,20,0,0
R02,SKU-1175,2025-10-19,28,2,0
R02,SKU-1175,2025-10-20,27,0,0
R02,SKU-1175,21-Oct-25,22,1,0
R02,SKU-1175,2025-10-22,21,1,0
R02,SKU-1175,23-Oct-25,26,0,0
R02,SKU-1175,2025-10-24,20,0,0
R02,SKU-1175,2025-10-25,25,0,0
R02,SKU-1175,10/26/2025,35,0,0
R02,SKU-1175,27-Oct-25,15,0,1
R02,SKU-1175,2025-10-28,20,1,0
R02,SKU-1175,2025-10-29,26,1,0
R02,SKU-1175,2025-10-30,22,0,0
R02,SKU-1175,2025-10-31,30,0,0
R02,SKU-1042,10/01/2025,26,0,0
R02,SKU-1042,2025-10-02,28,0,0
R02,SKU-1042,2025-10-03,27,0,0
R02,SKU-1042,2025-10-04,25,0,0
R02,SKU-1042,10/05/2025,30,0,0
R02,SKU-1042,06-Oct-25,26,1,1
R02,SKU-1042,10/07/2025,23,2,0
R02,SKU-1042,2025-10-08,24,0,0
R02,SKU-1042,10/09/2025,24,0,0
R02,SKU-1042,10/10/2025,20,0,0
R02,SKU-1042,11-Oct-25,25,0,0
R02,SKU-1042,12-Oct-25,30,2,1
R02,SKU-1042,2025-10-13,31,0,0
R02,SKU-1042,2025-10-14,28,0,0
R02,SKU-1042,2025-10-15,26,0,0
R02,SKU-1042,2025-10-16,29,1,0
R02,SKU-1042,2025-10-17,29,1,0
R02,SKU-1042,2025-10-18,13,0,0
R02,SKU-1042,2025-10-19,33,1,0
R02,SKU-1042,10/20/2025,27,1,0
R02,SKU-1042,21-Oct-25,28,0,0
R02,SKU-1042,22-Oct-25,22,0,0
R02,SKU-1042,2025-10-23,31,0,0
R02,SKU-1042,2025-10-24,22,1,0
R02,SKU-1042,10/25/2025,19,1,0
R02,SKU-1042,2025-10-26,28,1,0
R02,SKU-1042,2025-10-27,20,1,0
R02,SKU-1042,2025-10-28,33,0,0
R02,SKU-1042,2025-10-29,23,1,0
R02,SKU-1042,2025-10-30,26,0,0
R02,SKU-1042,2025-10-31,23,0,0
R02,SKU-1007,2025-10-01,12,0,0
R02,SKU-1007,10/02/2025,14,1,0
R02,SKU-1007,2025-10-03,9,0,1
R02,SKU-1007,2025-10-04,10,0,0
R02,SKU-1007,2025-10-05,15,1,0
R02,SKU-1007,10/06/2025,11,0,0
R02,SKU-1007,10/07/2025,16,0,0
R02,SKU-1007,2025-10-08,13,0,0
R02,SKU-1007,2025-10-09,15,0,0
R02,SKU-1007,2025-10-10,17,0,0
R02,SKU-1007,2025-10-11,10,0,0
R02,SKU-1007,2025-10-12,10,0,1
R02,SKU-1007,2025-10-13,13,1,0
R02,SKU-1007,2025-10-14,13,0,0
R02,SKU-1007,2025-10-15,13,1,0
R02,SKU-1007,2025-10-16,11,1,0
R02,SKU-1007,2025-10-17,11,0,0
R02,SKU-1007,2025-10-18,17,1,0
R02,SKU-1007,2025-10-19,18,0,0
R02,SKU-1007,2025-10-20,14,0,0
R02,SKU-1007,10/21/2025,13,1,1
R02,SKU-1007,2025-10-22,17,2,0
R02,SKU-1007,10/23/2025,12,0,0
R02,SKU-1007,2025-10-24,11,0,0
R02,SKU-1007,2025-10-25,14,0,0
R02,SKU-1007,10/26/2025,8,0,0
R02,SKU-1007,2025-10-27,10,1,0
R02,SKU-1007,28-Oct-25,13,1,0
R02,SKU-1007,2025-10-29,12,0,0
R02,SKU-1007,10/30/2025,14,1,0
R02,SKU-1007,2025-10-31,14,1,0
R02,SKU-1126,10/01/2025,29,0,1
R02,SKU-1126,10/02/2025,29,1,0
R02,SKU-1126,2025-10-03,27,0,0
R02,SKU-1126,2025-10-04,21,1,0
R02,SKU-1126,2025-10-05,31,1,0
R02,SKU-1126,10/06/2025,21,0,0
R02,SKU-1126,2025-10-07,31,0,1
R02,SKU-1126,2025-10-08,32,0,0
R02,SKU-1126,2025-10-09,28,0,0
R02,SKU-1126,2025-10-10,28,1,0
R02,SKU-1126,10/11/2025,33,0,0
R02,SKU-1126,2025-10-12,36,0,0
R02,SKU-1126,2025-10-13,29,0,0
R02,SKU-1126,10/14/2025,32,2,0
R02,SKU-1126,2025-10-15,42,0,0
R02,SKU-1126,2025-10-16,32,0,1
R02,SKU-1126,2025-10-17,36,1,1
R02,SKU-1126,2025-10-18,34,0,0
R02,SKU-1126,2025-10-19,28,2,0
R02,SKU-1126,2025-10-20,38,0,0
R02,SKU-1126,10/21/2025,31,0,0
R02,SKU-1126,2025-10-22,29,1,1
R02,SKU-1126,23-Oct-25,29,1,0
R02,SKU-1126,2025-10-24,25,0,0
R02,SKU-1126,2025-10-25,32,1,1
R02,SKU-1126,10/26/2025,24,1,1
R02,SKU-1126,2025-10-27,28,0,0
R02,SKU-1126,2025-10-28,26,0,0
R02,SKU-1126,2025-10-29,28,4,0
R02,SKU-1126,2025-10-30,37,1,0
R02,SKU-1126,10/31/2025,27,1,0
R02,SKU-1273,2025-10-01,20,1,0
R02,SKU-1273,10/02/2025,26,1,0
R02,SKU-1273,10/03/2025,20,0,0
R02,SKU-1273,2025-10-04,21,1,0
R02,SKU-1273,2025-10-05,19,0,0
R02,SKU-1273,10/06/2025,18,0,0
R02,SKU-1273,2025-10-07,19,0,0
R02,SKU-1273,2025-10-08,19,0,0
R02,SKU-1273,2025-10-09,17,0,0
R02,SKU-1273,10-Oct-25,14,0,0
R02,SKU-1273,10/11/2025,23,0,0
R02,SKU-1273,10/12/2025,16,1,0
R02,SKU-1273,2025-10-13,21,0,0
R02,SKU-1273,2025-10-14,29,0,0
R02,SKU-1273,10/15/2025,23,1,0
R02,SKU-1273,10/16/2025,19,1,0
R02,SKU-1273,2025-10-17,21,0,0
R02,SKU-1273,2025-10-18,24,0,0
R02,SKU-1273,2025-10-19,25,0,0
R02,SKU-1273,2025-10-20,23,1,0
R02,SKU-1273,2025-10-21,17,0,0
R02,SKU-1273,2025-10-22,22,1,1
R02,SKU-1273,23-Oct-25,20,1,0
R02,SKU-1273,2025-10-24,19,0,0
R02,SKU-1273,10/25/2025,23,0,0
R02,SKU-1273,2025-10-26,28,0,0
R02,SKU-1273,2025-10-27,26,0,0
R02,SKU-1273,2025-10-28,25,2,0
R02,SKU-1273,2025-10-29,19,0,0
R02,SKU-1273,2025-10-30,17,0,0
R02,SKU-1273,2025-10-31,13,0,0
R02,SKU-1056,2025-10-01,22,0,0
R02,SKU-1056,2025-10-02,12,0,0
R02,SKU-1056,03-Oct-25,19,0,0
R02,SKU-1056,2025-10-04,19,0,0
R02,SKU-1056,2025-10-05,22,1,0
R02,SKU-1056,10/06/2025,14,0,0
R02,SKU-1056,2025-10-07,20,0,0
R02,SKU-1056,2025-10-08,19,2,0
R02,SKU-1056,2025-10-09,7,1,1
R02,SKU-1056,2025-10-10,21,4,0
R02,SKU-1056,2025-10-11,18,1,0
R02,SKU-1056,10/12/2025,19,0,0
R02,SKU-1056,10/13/2025,17,0,0
R02,SKU-1056,10/14/2025,24,0,0
R02,SKU-1056,15-Oct-25,10,0,0
R02,SKU-1056,2025-10-16,15,0,0
R02,SKU-1056,2025-10-17,16,0,0
R02,SKU-1056,2025-10-18,22,0,1
R02,SKU-1056,2025-10-19,19,0,0
R02,SKU-1056,2025-10-20,19,0,0
R02,SKU-1056,2025-10-21,12,0,0
R02,SKU-1056,22-Oct-25,20,1,0
R02,SKU-1056,10/23/2025,11,1,1
R02,SKU-1056,2025-10-24,17,1,0
R02,SKU-1056,2025-10-25,24,1,0
R02,SKU-1056,2025-10-26,25,0,0
R02,SKU-1056,27-Oct-25,11,0,0
R02,SKU-1056,2025-10-28,15,1,1
R02,SKU-1056,2025-10-29,13,0,0
R02,SKU-1056,10/30/2025,14,1,1
R02,SKU-1056,10/31/2025,16,1,0
R02,SKU-1280,2025-10-01,18,0,0
R02,SKU-1280,10/02/2025,17,0,0
R02,SKU-1280,2025-10-03,20,0,0
R02,SKU-1280,10/04/2025,18,0,1
R02,SKU-1280,05-Oct-25,18,0,0
R02,SKU-1280,2025-10-06,22,1,0
R02,SKU-1280,10/07/2025,23,0,0
R02,SKU-1280,2025-10-08,21,0,0
R02,SKU-1280,2025-10-09,19,1,0
R02,SKU-1280,2025-10-10,24,0,0
R02,SKU-1280,10/11/2025,19,0,0
R02,SKU-1280,12-Oct-25,19,0,1
R02,SKU-1280,10/13/2025,20,0,0
R02,SKU-1280,10/14/2025,14,0,0
R02,SKU-1280,10/15/2025,26,0,0
R02,SKU-1280,2025-10-16,32,0,0
R02,SKU-1280,2025-10-17,19,0,0
R02,SKU-1280,2025-10-18,17,0,0
R02,SKU-1280,2025-10-19,22,0,0
R02,SKU-1280,10/20/2025,16,0,0
R02,SKU-1280,2025-10-21,18,0,0
R02,SKU-1280,22-Oct-25,14,0,0
R02,SKU-1280,23-Oct-25,17,0,0
R02,SKU-1280,2025-10-24,10,0,0
R02,SKU-1280,2025-10-25,11,0,0
R02,SKU-1280,2025-10-26,17,0,1
R02,SKU-1280,2025-10-27,18,0,0
R02,SKU-1280,2025-10-28,12,0,0
R02,SKU-1280,29-Oct-25,21,0,0
R02,SKU-1280,10/30/2025,19,0,0
R02,SKU-1280,2025-10-31,20,1,0
R02,SKU-1259,10/01/2025,24,1,0
R02,SKU-1259,10/02/2025,19,1,1
R02,SKU-1259,2025-10-03,25,0,0
R02,SKU-1259,2025-10-04,26,0,0
R02,SKU-1259,2025-10-05,16,0,0
R02,SKU-1259,2025-10-06,24,1,0
R02,SKU-1259,2025-10-07,21,1,1
R02,SKU-1259,10/08/2025,21,1,0
R02,SKU-1259,2025-10-09,23,0,0
R02,SKU-1259,10/10/2025,31,0,0
R02,SKU-1259,2025-10-11,21,1,0
R02,SKU-1259,10/12/2025,22,0,0
R02,SKU-1259,2025-10-13,21,1,0
R02,SKU-1259,14-Oct-25,30,0,1
R02,SKU-1259,15-Oct-25,25,0,0
R02,SKU-1259,2025-10-16,21,1,0
R02,SKU-1259,10/17/2025,27,1,0
R02,SKU-1259,10/18/2025,22,2,0
R02,SKU-1259,10/19/2025,25,0,0
R02,SKU-1259,2025-10-20,24,1,0
R02,SKU-1259,2025-10-21,26,1,0
R02,SKU-1259,2025-10-22,18,0,0
R02,SKU-1259,2025-10-23,25,0,0
R02,SKU-1259,24-Oct-25,26,0,0
R02,SKU-1259,25-Oct-25,25,0,0
R02,SKU-1259,10/26/2025,26,0,0
R02,SKU-1259,10/27/2025,24,3,0
R02,SKU-1259,28-Oct-25,26,1,0
R02,SKU-1259,10/29/2025,21,0,0
R02,SKU-1259,10/30/2025,21,0,0
R02,SKU-1259,10/31/2025,22,0,1
R03,SKU-1091,10/01/2025,9,0,0
R03,SKU-1091,10/02/2025,10,0,0
R03,SKU-1091,2025-10-03,16,1,0
R03,SKU-1091,04-Oct-25,11,0,0
R03,SKU-1091,2025-10-05,11,2,0
R03,SKU-1091,2025-10-06,11,0,0
R03,SKU-1091,10/07/2025,10,1,0
R03,SKU-1091,08-Oct-25,10,0,0
R03,SKU-1091,2025-10-09,13,1,0
R03,SKU-1091,2025-10-10,16,0,0
R03,SKU-1091,2025-10-11,10,0,0
R03,SKU-1091,2025-10-12,10,2,0
R03,SKU-1091,2025-10-13,11,1,0
R03,SKU-1091,10/14/2025,14,0,0
R03,SKU-1091,2025-10-15,9,2,0
R03,SKU-1091,10/16/2025,7,1,0
R03,SKU-1091,2025-10-17,15,1,0
R03,SKU-1091,10/18/2025,23,0,0
R03,SKU-1091,19-Oct-25,12,0,0
R03,SKU-1091,2025-10-20,10,1,0
R03,SKU-1091,2025-10-21,7,0,0
R03,SKU-1091,2025-10-22,10,0,0
R03,SKU-1091,2025-10-23,11,0,0
R03,SKU-1091,10/24/2025,17,0,0
R03,SKU-1091,2025-10-25,10,0,0
R03,SKU-1091,2025-10-26,9,0,0
R03,SKU-1091,27-Oct-25,12,0,0
R03,SKU-1091,2025-10-28,15,2,0
R03,SKU-1091,2025-10-29,14,0,0
R03,SKU-1091,2025-10-30,13,0,0
R03,SKU-1091,2025-10-31,16,2,0
R03,SKU-1140,2025-10-01,35,1,0
R03,SKU-1140,02-Oct-25,24,0,0
R03,SKU-1140,10/03/2025,32,0,0
R03,SKU-1140,2025-10-04,25,1,0
R03,SKU-1140,2025-10-05,24,0,0
R03,SKU-1140,2025-10-06,22,0,1
R03,SKU-1140,2025-10-07,19,0,0
R03,SKU-1140,10/08/2025,25,1,0
R03,SKU-1140,10/09/2025,30,0,0
R03,SKU-1140,10-Oct-25,33,1,0
R03,SKU-1140,11-Oct-25,26,0,0
R03,SKU-1140,2025-10-12,28,4,0
R03,SKU-1140,2025-10-13,30,0,0
R03,SKU-1140,2025-10-14,27,2,0
R03,SKU-1140,2025-10-15,34,0,0
R03,SKU-1140,10/16/2025,33,1,0
R03,SKU-1140,10/17/2025,22,1,0
R03,SKU-1140,10/18/2025,23,0,0
R03,SKU-1140,10/19/2025,19,1,0
R03,SKU-1140,2025-10-20,32,0,0
R03,SKU-1140,2025-10-21,16,0,0
R03,SKU-1140,22-Oct-25,20,0,0
R03,SKU-1140,2025-10-23,26,1,0
R03,SKU-1140,2025-10-24,27,0,0
R03,SKU-1140,10/25/2025,34,0,0
R03,SKU-1140,10/26/2025,31,0,0
R03,SKU-1140,2025-10-27,30,0,0
R03,SKU-1140,10/28/2025,26,0,1
R03,SKU-1140,10/29/2025,19,0,0
R03,SKU-1140,2025-10-30,23,1,0
R03,SKU-1140,31-Oct-25,21,0,0
R03,SKU-1035,2025-10-01,25,0,1
R03,SKU-1035,02-Oct-25,37,0,1
R03,SKU-1035,03-Oct-25,29,0,0
R03,SKU-1035,10/04/2025,35,0,0
R03,SKU-1035,2025-10-05,28,0,1
R03,SKU-1035,2025-10-06,28,0,0
R03,SKU-1035,2025-10-07,31,0,1
R03,SKU-1035,08-Oct-25,24,1,1
R03,SKU-1035,2025-10-09,25,1,0
R03,SKU-1035,10-Oct-25,26,1,1
R03,SKU-1035,2025-10-11,33,0,0
R03,SKU-1035,12-Oct-25,25,2,0
R03,SKU-1035,10/13/2025,31,1,0
R03,SKU-1035,10/14/2025,21,0,0
R03,SKU-1035,10/15/2025,34,1,0
R03,SKU-1035,2025-10-16,25,1,0
R03,SKU-1035,2025-10-17,24,0,0
R03,SKU-1035,2025-10-18,32,0,0
R03,SKU-1035,10/19/2025,23,1,0
R03,SKU-1035,20-Oct-25,23,2,0
R03,SKU-1035,2025-10-21,25,0,0
R03,SKU-1035,2025-10-22,21,0,1
R03,SKU-1035,2025-10-23,20,1,0
R03,SKU-1035,10/24/2025,21,1,0
R03,SKU-1035,10/25/2025,33,1,1
R03,SKU-1035,26-Oct-25,28,0,1
R03,SKU-1035,2025-10-27,25,0,0
R03,SKU-1035,10/28/2025,25,1,1
R03,SKU-1035,29-Oct-25,32,1,0
R03,SKU-1035,2025-10-30,24,1,0
R03,SKU-1035,2025-10-31,27,0,0
R03,SKU-1098,10/01/2025,33,1,0
R03,SKU-1098,10/02/2025,27,1,0
R03,SKU-1098,2025-10-03,25,0,0
R03,SKU-1098,2025-10-04,29,0,0
R03,SKU-1098,2025-10-05,32,0,0
R03,SKU-1098,2025-10-06,40,0,0
R03,SKU-1098,2025-10-07,28,0,1
R03,SKU-1098,10/08/2025,35,0,0
R03,SKU-1098,2025-10-09,37,1,0
R03,SKU-1098,2025-10-10,22,0,0
R03,SKU-1098,10/11/2025,25,1,0
R03,SKU-1098,10/12/2025,25,1,0
R03,SKU-1098,10/13/2025,28,0,0
R03,SKU-1098,2025-10-14,24,0,1
R03,SKU-1098,2025-10-15,35,0,0
R03,SKU-1098,2025-10-16,23,1,0
R03,SKU-1098,2025-10-17,33,0,0
R03,SKU-1098,2025-10-18,16,0,0
R03,SKU-1098,2025-10-19,40,1,0
R03,SKU-1098,20-Oct-25,32,0,0
R03,SKU-1098,2025-10-21,40,0,0
R03,SKU-1098,10/22/2025,30,0,0
R03,SKU-1098,10/23/2025,32,0,0
R03,SKU-1098,2025-10-24,34,0,0
R03,SKU-1098,2025-10-25,22,0,0
R03,SKU-1098,2025-10-26,19,0,1
R03,SKU-1098,2025-10-27,30,2,1
R03,SKU-1098,2025-10-28,19,0,0
R03,SKU-1098,29-Oct-25,27,0,0
R03,SKU-1098,10/30/2025,24,1,0
R03,SKU-1098,2025-10-31,24,0,0
R03,SKU-1049,01-Oct-25,7,0,1
R03,SKU-1049,2025-10-02,7,1,0
R03,SKU-1049,03-Oct-25,12,1,0
R03,SKU-1049,2025-10-04,9,0,0
R03,SKU-1049,2025-10-05,13,0,0
R03,SKU-1049,10/06/2025,15,0,0
R03,SKU-1049,2025-10-07,10,1,0
R03,SKU-1049,10/08/2025,11,1,0
R03,SKU-1049,2025-10-09,12,0,1
R03,SKU-1049,2025-10-10,10,0,0
R03,SKU-1049,2025-10-11,9,0,1
R03,SKU-1049,10/12/2025,12,2,0
R03,SKU-1049,2025-10-13,14,0,0
R03,SKU-1049,2025-10-14,9,1,0
R03,SKU-1049,10/15/2025,15,0,0
R03,SKU-1049,16-Oct-25,14,0,1
R03,SKU-1049,2025-10-17,13,1,0
R03,SKU-1049,2025-10-18,14,2,1
R03,SKU-1049,2025-10-19,9,0,0
R03,SKU-1049,10/20/2025,11,0,0
R03,SKU-1049,21-Oct-25,15,1,0
R03,SKU-1049,10/22/2025,18,0,0
R03,SKU-1049,10/23/2025,13,0,0
R03,SKU-1049,2025-10-24,11,0,0
R03,SKU-1049,2025-10-25,23,0,0
R03,SKU-1049,10/26/2025,10,1,0
R03,SKU-1049,27-Oct-25,12,0,0
R03,SKU-1049,10/28/2025,6,1,0
R03,SKU-1049,2025-10-29,13,0,0
R03,SKU-1049,30-Oct-25,10,0,0
R03,SKU-1049,10/31/2025,11,1,0
R03,SKU-1161,01-Oct-25,23,0,1
R03,SKU-1161,2025-10-02,27,0,0
R03,SKU-1161,10/03/2025,34,1,0
R03,SKU-1161,10/04/2025,33,1,0
R03,SKU-1161,2025-10-05,42,0,0
R03,SKU-1161,10/06/2025,29,0,0
R03,SKU-1161,07-Oct-25,29,0,0
R03,SKU-1161,10/08/2025,29,0,0
R03,SKU-1161,2025-10-09,34,0,1
R03,SKU-1161,10-Oct-25,39,0,0
R03,SKU-1161,2025-10-11,45,0,0
R03,SKU-1161,2025-10-12,34,1,0
R03,SKU-1161,10/13/2025,26,1,1
R03,SKU-1161,2025-10-14,33,1,0
R03,SKU-1161,10/15/2025,34,0,1
R03,SKU-1161,2025-10-16,28,0,0
R03,SKU-1161,2025-10-17,24,0,0
R03,SKU-1161,2025-10-18,24,1,0
R03,SKU-1161,10/19/2025,34,0,0
R03,SKU-1161,2025-10-20,24,1,0
R03,SKU-1161,2025-10-21,33,0,0
R03,SKU-1161,2025-10-22,29,0,0
R03,SKU-1161,2025-10-23,36,0,0
R03,SKU-1161,10/24/2025,29,0,0
R03,SKU-1161,10/25/2025,41,0,0
R03,SKU-1161,2025-10-26,45,0,0
R03,SKU-1161,27-Oct-25,30,0,0
R03,SKU-1161,2025-10-28,33,0,0
R03,SKU-1161,2025-10-29,44,2,0
R03,SKU-1161,2025-10-30,31,0,0
R03,SKU-1161,2025-10-31,30,0,0
R03,SKU-1063,2025-10-01,6,0,0
R03,SKU-1063,2025-10-02,8,0,0
R03,SKU-1063,2025-10-03,3,1,1
R03,SKU-1063,2025-10-04,8,0,0
R03,SKU-1063,10/05/2025,10,0,0
R03,SKU-1063,2025-10-06,9,2,0
R03,SKU-1063,10/07/2025,8,0,0
R03,SKU-1063,10/08/2025,3,0,0
R03,SKU-1063,2025-10-09,8,0,1
R03,SKU-1063,10-Oct-25,7,1,0
R03,SKU-1063,10/11/2025,8,0,0
R03,SKU-1063,12-Oct-25,9,0,0
R03,SKU-1063,10/13/2025,7,0,0
R03,SKU-1063,2025-10-14,9,0,1
R03,SKU-1063,2025-10-15,9,0,0
R03,SKU-1063,2025-10-16,9,1,0
R03,SKU-1063,2025-10-17,7,1,1
R03,SKU-1063,18-Oct-25,6,2,0
R03,SKU-1063,2025-10-19,6,1,0
R03,SKU-1063,2025-10-20,8,0,0
R03,SKU-1063,10/21/2025,3,0,0
R03,SKU-1063,10/22/2025,10,0,0
R03,SKU-1063,2025-10-23,4,0,0
R03,SKU-1063,10/24/2025,4,1,0
R03,SKU-1063,25-Oct-25,6,0,0
R03,SKU-1063,26-Oct-25,3,0,1
R03,SKU-1063,10/27/2025,7,0,0
R03,SKU-1063,2025-10-28,7,0,0
R03,SKU-1063,10/29/2025,10,0,0
R03,SKU-1063,2025-10-30,9,1,0
R03,SKU-1063,10/31/2025,7,0,0
R03,SKU-1224,10/01/2025,19,0,0
R03,SKU-1224,02-Oct-25,17,0,0
R03,SKU-1224,2025-10-03,16,1,0
R03,SKU-1224,10/04/2025,20,0,0
R03,SKU-1224,2025-10-05,21,0,0
R03,SKU-1224,06-Oct-25,8,0,0
R03,SKU-1224,2025-10-07,14,0,0
R03,SKU-1224,2025-10-08,10,0,0
R03,SKU-1224,2025-10-09,25,2,1
R03,SKU-1224,2025-10-10,10,0,0
R03,SKU-1224,2025-10-11,15,0,0
R03,SKU-1224,12-Oct-25,18,1,0
R03,SKU-1224,10/13/2025,17,0,0
R03,SKU-1224,2025-10-14,17,1,1
R03,SKU-1224,2025-10-15,9,2,0
R03,SKU-1224,10/16/2025,16,0,0
R03,SKU-1224,2025-10-17,18,0,0
R03,SKU-1224,18-Oct-25,20,0,0
R03,SKU-1224,10/19/2025,12,0,1
R03,SKU-1224,10/20/2025,14,0,0
R03,SKU-1224,2025-10-21,12,1,0
R03,SKU-1224,22-Oct-25,13,1,0
R03,SKU-1224,2025-10-23,15,0,0
R03,SKU-1224,2025-10-24,14,1,0
R03,SKU-1224,2025-10-25,15,0,1
R03,SKU-1224,26-Oct-25,24,0,0
R03,SKU-1224,10/27/2025,15,0,0
R03,SKU-1224,2025-10-28,28,0,0
R03,SKU-1224,29-Oct-25,20,0,0
R03,SKU-1224,10/30/2025,13,0,0
R03,SKU-1224,10/31/2025,14,1,1
R03,SKU-1084,10/01/2025,19,1,0
R03,SKU-1084,2025-10-02,13,0,0
R03,SKU-1084,2025-10-03,8,1,0
R03,SKU-1084,04-Oct-25,10,1,0
R03,SKU-1084,10/05/2025,9,0,0
R03,SKU-1084,2025-10-06,16,1,0
R03,SKU-1084,2025-10-07,15,0,0
R03,SKU-1084,2025-10-08,10,0,0
R03,SKU-1084,09-Oct-25,8,0,0
R03,SKU-1084,2025-10-10,11,0,0
R03,SKU-1084,10/11/2025,9,0,0
R03,SKU-1084,2025-10-12,16,1,0
R03,SKU-1084,10/13/2025,9,0,1
R03,SKU-1084,2025-10-14,15,0,0
R03,SKU-1084,15-Oct-25,12,0,1
R03,SKU-1084,16-Oct-25,11,2,0
R03,SKU-1084,17-Oct-25,15,0,0
R03,SKU-1084,2025-10-18,8,0,0
R03,SKU-1084,2025-10-19,15,0,0
R03,SKU-1084,2025-10-20,10,0,0
R03,SKU-1084,2025-10-21,7,0,1
R03,SKU-1084,2025-10-22,10,1,0
R03,SKU-1084,2025-10-23,9,1,0
R03,SKU-1084,24-Oct-25,14,0,0
R03,SKU-1084,25-Oct-25,10,1,0
R03,SKU-1084,10/26/2025,10,2,0
R03,SKU-1084,10/27/2025,10,0,0
R03,SKU-1084,2025-10-28,12,0,0
R03,SKU-1084,29-Oct-25,10,0,0
R03,SKU-1084,2025-10-30,13,1,0
R03,SKU-1084,10/31/2025,9,0,1
R03,SKU-1126,2025-10-01,36,0,1
R03,SKU-1126,2025-10-02,41,0,0
R03,SKU-1126,2025-10-03,27,0,0
R03,SKU-1126,2025-10-04,29,2,0
R03,SKU-1126,10/05/2025,23,0,0
R03,SKU-1126,2025-10-06,31,1,0
R03,SKU-1126,2025-10-07,34,1,0
R03,SKU-1126,2025-10-08,31,0,0
R03,SKU-1126,10/09/2025,27,0,0
R03,SKU-1126,10/10/2025,19,1,0
R03,SKU-1126,2025-10-11,29,1,0
R03,SKU-1126,2025-10-12,32,0,0
R03,SKU-1126,2025-10-13,29,0,0
R03,SKU-1126,2025-10-14,33,0,0
R03,SKU-1126,2025-10-15,31,1,0
R03,SKU-1126,10/16/2025,26,2,0
R03,SKU-1126,2025-10-17,32,0,0
R03,SKU-1126,10/18/2025,29,0,0
R03,SKU-1126,19-Oct-25,35,0,0
R03,SKU-1126,10/20/2025,27,1,0
R03,SKU-1126,21-Oct-25,30,0,0
R03,SKU-1126,2025-10-22,30,0,0
R03,SKU-1126,2025-10-23,22,0,0
R03,SKU-1126,2025-10-24,29,0,0
R03,SKU-1126,10/25/2025,36,2,0
R03,SKU-1126,2025-10-26,29,1,0
R03,SKU-1126,2025-10-27,26,0,0
R03,SKU-1126,10/28/2025,26,0,0
R03,SKU-1126,2025-10-29,27,0,1
R03,SKU-1126,30-Oct-25,28,1,0
R03,SKU-1126,2025-10-31,36,1,0
R03,SKU-1007,2025-10-01,3,0,0
R03,SKU-1007,10/02/2025,9,0,0
R03,SKU-1007,10/03/2025,7,1,1
R03,SKU-1007,2025-10-04,3,0,0
R03,SKU-1007,2025-10-05,5,0,1
R03,SKU-1007,06-Oct-25,3,0,0
R03,SKU-1007,2025-10-07,9,1,0
R03,SKU-1007,10/08/2025,3,0,0
R03,SKU-1007,2025-10-09,2,0,0
R03,SKU-1007,10/10/2025,8,0,0
R03,SKU-1007,2025-10-11,5,0,0
R03,SKU-1007,10/12/2025,3,0,0
R03,SKU-1007,10/13/2025,3,0,1
R03,SKU-1007,10/14/2025,6,0,0
R03,SKU-1007,2025-10-15,6,0,1
R03,SKU-1007,16-Oct-25,10,1,0
R03,SKU-1007,17-Oct-25,6,0,1
R03,SKU-1007,10/18/2025,5,0,1
R03,SKU-1007,2025-10-19,4,0,0
R03,SKU-1007,2025-10-20,5,0,0
R03,SKU-1007,2025-10-21,8,0,0
R03,SKU-1007,2025-10-22,4,1,0
R03,SKU-1007,2025-10-23,8,0,0
R03,SKU-1007,2025-10-24,6,0,0
R03,SKU-1007,10/25/2025,7,0,0
R03,SKU-1007,2025-10-26,1,0,1
R03,SKU-1007,27-Oct-25,5,1,0
R03,SKU-1007,10/28/2025,5,1,0
R03,SKU-1007,10/29/2025,8,0,0
R03,SKU-1007,2025-10-30,3,0,0
R03,SKU-1007,31-Oct-25,4,1,1
R03,SKU-1021,2025-10-01,33,0,0
R03,SKU-1021,2025-10-02,29,0,0
R03,SKU-1021,2025-10-03,30,1,0
R03,SKU-1021,2025-10-04,30,0,0
R03,SKU-1021,2025-10-05,41,0,0
R03,SKU-1021,2025-10-06,42,0,0
R03,SKU-1021,2025-10-07,38,0,0
R03,SKU-1021,2025-10-08,18,1,0
R03,SKU-1021,2025-10-09,19,0,0
R03,SKU-1021,10/10/2025,30,0,0
R03,SKU-1021,2025-10-11,31,0,0
R03,SKU-1021,10/12/2025,36,0,0
R03,SKU-1021,13-Oct-25,30,0,0
R03,SKU-1021,2025-10-14,35,2,0
R03,SKU-1021,2025-10-15,38,0,0
R03,SKU-1021,2025-10-16,41,1,0
R03,SKU-1021,17-Oct-25,35,0,0
R03,SKU-1021,18-Oct-25,28,1,0
R03,SKU-1021,10/19/2025,24,2,0
R03,SKU-1021,10/20/2025,34,0,0
R03,SKU-1021,2025-10-21,29,0,0
R03,SKU-1021,2025-10-22,28,0,1
R03,SKU-1021,2025-10-23,30,0,0
R03,SKU-1021,2025-10-24,37,0,0
R03,SKU-1021,25-Oct-25,34,0,0
R03,SKU-1021,2025-10-26,37,0,0
R03,SKU-1021,10/27/2025,25,0,0
R03,SKU-1021,2025-10-28,41,0,0
R03,SKU-1021,2025-10-29,24,1,0
R03,SKU-1021,10/30/2025,29,0,0
R03,SKU-1021,2025-10-31,39,1,0
R03,SKU-1119,01-Oct-25,36,0,0
R03,SKU-1119,2025-10-02,31,0,0
R03,SKU-1119,2025-10-03,31,1,0
R03,SKU-1119,04-Oct-25,34,0,1
R03,SKU-1119,2025-10-05,31,1,0
R03,SKU-1119,2025-10-06,32,1,0
R03,SKU-1119,2025-10-07,23,1,0
R03,SKU-1119,2025-10-08,29,1,0
R03,SKU-1119,10/09/2025,32,1,0
R03,SKU-1119,2025-10-10,44,1,0
R03,SKU-1119,2025-10-11,41,0,0
R03,SKU-1119,2025-10-12,38,0,0
R03,SKU-1119,2025-10-13,27,0,0
R03,SKU-1119,14-Oct-25,34,0,0
R03,SKU-1119,2025-10-15,25,0,0
R03,SKU-1119,10/16/2025,31,1,0
R03,SKU-1119,2025-10-17,42,0,0
R03,SKU-1119,2025-10-18,37,0,0
R03,SKU-1119,2025-10-19,42,0,0
R03,SKU-1119,2025-10-20,35,1,1
R03,SKU-1119,2025-10-21,44,1,1
R03,SKU-1119,2025-10-22,38,0,0
R03,SKU-1119,10/23/2025,37,0,0
R03,SKU-1119,2025-10-24,28,0,0
R03,SKU-1119,2025-10-25,25,0,0
R03,SKU-1119,26-Oct-25,33,1,0
R03,SKU-1119,2025-10-27,39,0,0
R03,SKU-1119,10/28/2025,27,2,0
R03,SKU-1119,29-Oct-25,34,0,0
R03,SKU-1119,10/30/2025,31,0,0
R03,SKU-1119,2025-10-31,35,0,0
R03,SKU-1070,10/01/2025,19,0,0
R03,SKU-1070,2025-10-02,23,0,0
R03,SKU-1070,2025-10-03,16,1,1
R03,SKU-1070,2025-10-04,24,0,0
R03,SKU-1070,2025-10-05,17,1,0
R03,SKU-1070,10/06/2025,15,0,0
R03,SKU-1070,2025-10-07,12,0,0
R03,SKU-1070,2025-10-08,18,0,0
R03,SKU-1070,2025-10-09,16,0,0
R03,SKU-1070,2025-10-10,15,1,1
R03,SKU-1070,2025-10-11,18,0,0
R03,SKU-1070,12-Oct-25,21,0,0
R03,SKU-1070,10/13/2025,19,1,0
R03,SKU-1070,2025-10-14,12,0,0
R03,SKU-1070,10/15/2025,14,0,0
R03,SKU-1070,10/16/2025,15,0,0
R03,SKU-1070,17-Oct-25,15,1,0
R03,SKU-1070,2025-10-18,20,1,0
R03,SKU-1070,19-Oct-25,13,1,0
R03,SKU-1070,2025-10-20,19,2,0
R03,SKU-1070,2025-10-21,14,0,0
R03,SKU-1070,22-Oct-25,9,0,0
R03,SKU-1070,2025-10-23,19,0,0
R03,SKU-1070,2025-10-24,15,1,0
R03,SKU-1070,10/25/2025,13,1,1
R03,SKU-1070,2025-10-26,14,0,0
R03,SKU-1070,27-Oct-25,20,0,0
R03,SKU-1070,28-Oct-25,13,0,0
R03,SKU-1070,2025-10-29,23,0,0
R03,SKU-1070,2025-10-30,11,1,0
R03,SKU-1070,2025-10-31,24,0,0
R03,SKU-1252,2025-10-01,29,1,0
R03,SKU-1252,2025-10-02,24,1,0
R03,SKU-1252,10/03/2025,24,0,0
R03,SKU-1252,2025-10-04,29,0,0
R03,SKU-1252,10/05/2025,35,0,0
R03,SKU-1252,2025-10-06,20,0,0
R03,SKU-1252,2025-10-07,21,0,1
R03,SKU-1252,2025-10-08,26,0,0
R03,SKU-1252,2025-10-09,20,1,0
R03,SKU-1252,10/10/2025,22,0,0
R03,SKU-1252,2025-10-11,26,0,0
R03,SKU-1252,10/12/2025,20,0,0
R03,SKU-1252,2025-10-13,21,0,0
R03,SKU-1252,2025-10-14,27,0,0
R03,SKU-1252,2025-10-15,27,0,0
R03,SKU-1252,2025-10-16,20,1,0
R03,SKU-1252,2025-10-17,23,0,0
R03,SKU-1252,10/18/2025,33,0,1
R03,SKU-1252,19-Oct-25,31,0,0
R03,SKU-1252,2025-10-20,30,0,0
R03,SKU-1252,2025-10-21,32,0,0
R03,SKU-1252,2025-10-22,28,0,0
R03,SKU-1252,23-Oct-25,38,0,0
R03,SKU-1252,2025-10-24,25,0,0
R03,SKU-1252,25-Oct-25,31,0,0
R03,SKU-1252,10/26/2025,23,2,0
R03,SKU-1252,10/27/2025,31,0,0
R03,SKU-1252,2025-10-28,31,1,0
R03,SKU-1252,2025-10-29,36,0,0
R03,SKU-1252,30-Oct-25,24,0,1
R03,SKU-1252,2025-10-31,24,2,0
R03,SKU-1112,01-Oct-25,38,2,0
R03,SKU-1112,10/02/2025,27,0,0
R03,SKU-1112,03-Oct-25,28,0,0
R03,SKU-1112,04-Oct-25,25,2,0
R03,SKU-1112,2025-10-05,26,0,0
R03,SKU-1112,2025-10-06,28,3,0
R03,SKU-1112,2025-10-07,29,0,0
R03,SKU-1112,2025-10-08,32,0,0
R03,SKU-1112,09-Oct-25,24,0,0
R03,SKU-1112,2025-10-10,35,2,0
R03,SKU-1112,2025-10-11,28,0,0
R03,SKU-1112,2025-10-12,30,1,0
R03,SKU-1112,2025-10-13,28,0,0
R03,SKU-1112,10/14/2025,30,0,0
R03,SKU-1112,2025-10-15,28,0,0
R03,SKU-1112,2025-10-16,31,1,1
R03,SKU-1112,2025-10-17,29,0,0
R03,SKU-1112,2025-10-18,32,3,0
R03,SKU-1112,2025-10-19,23,0,1
R03,SKU-1112,20-Oct-25,34,0,0
R03,SKU-1112,2025-10-21,27,0,0
R03,SKU-1112,2025-10-22,32,0,0
R03,SKU-1112,23-Oct-25,30,0,0
R03,SKU-1112,2025-10-24,35,0,0
R03,SKU-1112,25-Oct-25,26,0,1
R03,SKU-1112,2025-10-26,21,1,0
R03,SKU-1112,2025-10-27,25,0,0
R03,SKU-1112,28-Oct-25,34,0,0
R03,SKU-1112,2025-10-29,25,1,0
R03,SKU-1112,30-Oct-25,22,1,0
R03,SKU-1112,10/31/2025,33,0,0
R03,SKU-1175,2025-10-01,17,0,0
R03,SKU-1175,2025-10-02,19,0,0
R03,SKU-1175,2025-10-03,15,0,0
R03,SKU-1175,10/04/2025,19,0,0
R03,SKU-1175,10/05/2025,21,2,0
R03,SKU-1175,10/06/2025,18,0,0
R03,SKU-1175,10/07/2025,14,1,0
R03,SKU-1175,10/08/2025,24,0,0
R03,SKU-1175,2025-10-09,17,0,0
R03,SKU-1175,10-Oct-25,25,2,0
R03,SKU-1175,2025-10-11,18,0,0
R03,SKU-1175,2025-10-12,22,0,0
R03,SKU-1175,13-Oct-25,19,2,0
R03,SKU-1175,14-Oct-25,15,1,1
R03,SKU-1175,2025-10-15,24,0,0
R03,SKU-1175,2025-10-16,15,0,0
R03,SKU-1175,2025-10-17,23,0,0
R03,SKU-1175,10/18/2025,21,0,0
R03,SKU-1175,19-Oct-25,17,1,0
R03,SKU-1175,2025-10-20,20,0,0
R03,SKU-1175,2025-10-21,20,1,1
R03,SKU-1175,2025-10-22,12,0,0
R03,SKU-1175,10/23/2025,20,0,0
R03,SKU-1175,2025-10-24,16,0,0
R03,SKU-1175,2025-10-25,14,1,0
R03,SKU-1175,10/26/2025,13,0,0
R03,SKU-1175,2025-10-27,19,0,0
R03,SKU-1175,2025-10-28,21,0,0
R03,SKU-1175,10/29/2025,17,0,1
R03,SKU-1175,10/30/2025,15,0,0
R03,SKU-1175,2025-10-31,19,0,0
R03,SKU-1259,10/01/2025,29,2,0
R03,SKU-1259,02-Oct-25,29,1,1
R03,SKU-1259,2025-10-03,39,1,0
R03,SKU-1259,10/04/2025,21,0,0
R03,SKU-1259,2025-10-05,27,0,0
R03,SKU-1259,2025-10-06,32,1,0
R03,SKU-1259,10/07/2025,29,0,1
R03,SKU-1259,08-Oct-25,26,0,0
R03,SKU-1259,10/09/2025,32,0,0
R03,SKU-1259,10/10/2025,23,0,1
R03,SKU-1259,10/11/2025,33,2,0
R03,SKU-1259,2025-10-12,37,0,0
R03,SKU-1259,10/13/2025,20,0,0
R03,SKU-1259,2025-10-14,35,0,0
R03,SKU-1259,10/15/2025,33,1,0
R03,SKU-1259,10/16/2025,27,0,0
R03,SKU-1259,2025-10-17,22,0,0
R03,SKU-1259,2025-10-18,31,0,0
R03,SKU-1259,2025-10-19,37,0,0
R03,SKU-1259,2025-10-20,30,0,0
R03,SKU-1259,2025-10-21,26,0,0
R03,SKU-1259,2025-10-22,27,0,0
R03,SKU-1259,2025-10-23,36,0,0
R03,SKU-1259,2025-10-24,29,1,0
R03,SKU-1259,2025-10-25,27,0,0
R03,SKU-1259,10/26/2025,32,1,0
R03,SKU-1259,2025-10-27,23,1,0
R03,SKU-1259,2025-10-28,25,0,0
R03,SKU-1259,2025-10-29,28,0,0
R03,SKU-1259,2025-10-30,32,1,0
R03,SKU-1259,31-Oct-25,25,0,0
R03,SKU-1182,2025-10-01,4,0,0
R03,SKU-1182,2025-10-02,3,0,0
R03,SKU-1182,2025-10-03,6,0,0
R03,SKU-1182,2025-10-04,7,0,0
R03,SKU-1182,10/05/2025,4,0,0
R03,SKU-1182,06-Oct-25,4,0,0
R03,SKU-1182,2025-10-07,2,0,0
R03,SKU-1182,2025-10-08,4,0,1
R03,SKU-1182,2025-10-09,1,0,0
R03,SKU-1182,2025-10-10,4,0,0
R03,SKU-1182,2025-10-11,3,0,0
R03,SKU-1182,2025-10-12,6,0,0
R03,SKU-1182,10/13/2025,1,2,0
R03,SKU-1182,2025-10-14,6,0,0
R03,SKU-1182,10/15/2025,3,0,1
R03,SKU-1182,2025-10-16,4,1,0
R03,SKU-1182,2025-10-17,4,0,0
R03,SKU-1182,2025-10-18,4,0,1
R03,SKU-1182,10/19/2025,6,0,0
R03,SKU-1182,10/20/2025,3,1,0
R03,SKU-1182,2025-10-21,8,0,0
R03,SKU-1182,2025-10-22,5,1,1
R03,SKU-1182,2025-10-23,4,0,0
R03,SKU-1182,2025-10-24,5,0,0
R03,SKU-1182,2025-10-25,4,0,0
R03,SKU-1182,2025-10-26,4,2,0
R03,SKU-1182,2025-10-27,7,2,1
R03,SKU-1182,2025-10-28,3,0,0
R03,SKU-1182,2025-10-29,5,1,1
R03,SKU-1182,2025-10-30,8,0,1
R03,SKU-1182,2025-10-31,4,0,1
R03,SKU-1266,2025-10-01,18,0,0
R03,SKU-1266,2025-10-02,34,0,0
R03,SKU-1266,2025-10-03,27,2,0
R03,SKU-1266,04-Oct-25,35,0,0
R03,SKU-1266,2025-10-05,31,0,0
R03,SKU-1266,2025-10-06,34,1,0
R03,SKU-1266,2025-10-07,21,1,1
R03,SKU-1266,2025-10-08,28,1,0
R03,SKU-1266,2025-10-09,24,0,0
R03,SKU-1266,2025-10-10,30,0,0
R03,SKU-1266,2025-10-11,30,0,0
R03,SKU-1266,2025-10-12,28,0,0
R03,SKU-1266,10/13/2025,26,1,0
R03,SKU-1266,2025-10-14,33,0,0
R03,SKU-1266,2025-10-15,23,0,0
R03,SKU-1266,2025-10-16,31,0,0
R03,SKU-1266,17-Oct-25,30,0,0
R03,SKU-1266,2025-10-18,22,0,0
R03,SKU-1266,10/19/2025,28,0,0
R03,SKU-1266,2025-10-20,27,0,0
R03,SKU-1266,2025-10-21,26,0,0
R03,SKU-1266,10/22/2025,34,0,0
R03,SKU-1266,2025-10-23,24,0,0
R03,SKU-1266,2025-10-24,34,0,1
R03,SKU-1266,2025-10-25,22,0,0
R03,SKU-1266,2025-10-26,32,1,0
R03,SKU-1266,2025-10-27,27,0,0
R03,SKU-1266,10/28/2025,34,0,0
R03,SKU-1266,2025-10-29,33,0,1
R03,SKU-1266,2025-10-30,28,0,1
R03,SKU-1266,2025-10-31,22,1,1
R03,SKU-1077,2025-10-01,8,1,0
R03,SKU-1077,10/02/2025,20,0,0
R03,SKU-1077,10/03/2025,16,0,0
R03,SKU-1077,04-Oct-25,20,0,1
R03,SKU-1077,2025-10-05,20,0,0
R03,SKU-1077,10/06/2025,12,1,1
R03,SKU-1077,07-Oct-25,23,1,0
R03,SKU-1077,08-Oct-25,17,0,0
R03,SKU-1077,09-Oct-25,6,0,0
R03,SKU-1077,10/10/2025,22,0,0
R03,SKU-1077,11-Oct-25,26,0,0
R03,SKU-1077,2025-10-12,14,0,0
R03,SKU-1077,13-Oct-25,19,0,1
R03,SKU-1077,2025-10-14,14,0,0
R03,SKU-1077,15-Oct-25,16,3,0
R03,SKU-1077,10/16/2025,11,0,0
R03,SKU-1077,2025-10-17,14,0,1
R03,SKU-1077,2025-10-18,12,0,0
R03,SKU-1077,2025-10-19,19,0,0
R03,SKU-1077,2025-10-20,13,0,0
R03,SKU-1077,2025-10-21,12,0,0
R03,SKU-1077,22-Oct-25,21,0,0
R03,SKU-1077,2025-10-23,20,0,0
R03,SKU-1077,2025-10-24,14,0,0
R03,SKU-1077,2025-10-25,22,0,0
R03,SKU-1077,10/26/2025,18,0,0
R03,SKU-1077,27-Oct-25,18,2,0
R03,SKU-1077,10/28/2025,24,0,0
R03,SKU-1077,29-Oct-25,18,1,0
R03,SKU-1077,2025-10-30,8,1,0
R03,SKU-1077,10/31/2025,14,1,0
R03,SKU-1280,2025-10-01,25,0,0
R03,SKU-1280,02-Oct-25,30,1,0
R03,SKU-1280,10/03/2025,24,1,1
R03,SKU-1280,2025-10-04,27,0,0
R03,SKU-1280,10/05/2025,32,1,0
R03,SKU-1280,2025-10-06,24,0,0
R03,SKU-1280,2025-10-07,32,0,0
R03,SKU-1280,2025-10-08,24,0,1
R03,SKU-1280,10/09/2025,26,1,0
R03,SKU-1280,2025-10-10,26,0,0
R03,SKU-1280,10/11/2025,21,1,0
R03,SKU-1280,2025-10-12,22,1,0
R03,SKU-1280,2025-10-13,25,0,0
R03,SKU-1280,10/14/2025,22,2,0
R03,SKU-1280,2025-10-15,28,1,1
R03,SKU-1280,16-Oct-25,25,0,0
R03,SKU-1280,2025-10-17,25,0,0
R03,SKU-1280,2025-10-18,39,0,0
R03,SKU-1280,2025-10-19,22,0,0
R03,SKU-1280,10/20/2025,31,0,0
R03,SKU-1280,21-Oct-25,24,0,0
R03,SKU-1280,22-Oct-25,16,0,0
R03,SKU-1280,2025-10-23,30,0,0
R03,SKU-1280,2025-10-24,31,0,0
R03,SKU-1280,2025-10-25,24,1,0
R03,SKU-1280,2025-10-26,24,0,0
R03,SKU-1280,2025-10-27,35,1,0
R03,SKU-1280,28-Oct-25,18,1,0
R03,SKU-1280,2025-10-29,31,0,1
R03,SKU-1280,2025-10-30,23,0,0
R03,SKU-1280,2025-10-31,17,0,0
R03,SKU-1238,2025-10-01,30,1,1
R03,SKU-1238,10/02/2025,28,0,0
R03,SKU-1238,2025-10-03,22,0,0
R03,SKU-1238,2025-10-04,26,0,0
R03,SKU-1238,10/05/2025,24,0,0
R03,SKU-1238,10/06/2025,35,0,0
R03,SKU-1238,2025-10-07,22,1,0
R03,SKU-1238,2025-10-08,22,0,0
R03,SKU-1238,2025-10-09,22,0,0
R03,SKU-1238,2025-10-10,25,1,0
R03,SKU-1238,11-Oct-25,20,1,0
R03,SKU-1238,2025-10-12,23,0,0
R03,SKU-1238,2025-10-13,30,0,0
R03,SKU-1238,10/14/2025,23,0,1
R03,SKU-1238,2025-10-15,16,0,0
R03,SKU-1238,16-Oct-25,24,0,0
R03,SKU-1238,17-Oct-25,29,0,0
R03,SKU-1238,18-Oct-25,19,0,0
R03,SKU-1238,2025-10-19,30,0,1
R03,SKU-1238,10/20/2025,27,0,0
R03,SKU-1238,2025-10-21,28,0,0
R03,SKU-1238,10/22/2025,24,0,0
R03,SKU-1238,2025-10-23,29,0,0
R03,SKU-1238,2025-10-24,29,2,0
R03,SKU-1238,2025-10-25,29,3,0
R03,SKU-1238,2025-10-26,22,0,1
R03,SKU-1238,2025-10-27,27,0,0
R03,SKU-1238,2025-10-28,23,0,0
R03,SKU-1238,2025-10-29,20,0,0
R03,SKU-1238,2025-10-30,20,1,0
R03,SKU-1238,2025-10-31,24,0,0
R03,SKU-1217,2025-10-01,16,0,0
R03,SKU-1217,02-Oct-25,7,2,0
R03,SKU-1217,2025-10-03,8,1,0
R03,SKU-1217,10/04/2025,13,0,0
R03,SKU-1217,10/05/2025,6,1,0
R03,SKU-1217,2025-10-06,7,0,0
R03,SKU-1217,10/07/2025,5,0,1
R03,SKU-1217,2025-10-08,12,1,0
R03,SKU-1217,2025-10-09,16,1,0
R03,SKU-1217,2025-10-10,10,0,0
R03,SKU-1217,2025-10-11,12,0,0
R03,SKU-1217,2025-10-12,10,0,0
R03,SKU-1217,2025-10-13,7,2,0
R03,SKU-1217,2025-10-14,10,0,0
R03,SKU-1217,2025-10-15,6,0,0
R03,SKU-1217,2025-10-16,16,0,0
R03,SKU-1217,10/17/2025,4,1,0
R03,SKU-1217,2025-10-18,9,0,0
R03,SKU-1217,2025-10-19,13,0,0
R03,SKU-1217,10/20/2025,10,0,1
R03,SKU-1217,2025-10-21,5,0,0
R03,SKU-1217,2025-10-22,7,0,0
R03,SKU-1217,2025-10-23,9,1,0
R03,SKU-1217,2025-10-24,11,0,0
R03,SKU-1217,2025-10-25,14,1,0
R03,SKU-1217,2025-10-26,12,0,0
R03,SKU-1217,27-Oct-25,3,0,0
R03,SKU-1217,2025-10-28,8,0,0
R03,SKU-1217,2025-10-29,13,0,0
R03,SKU-1217,2025-10-30,11,0,0
R03,SKU-1217,10/31/2025,10,0,1
R04,SKU-1056,2025-10-01,6,0,0
R04,SKU-1056,02-Oct-25,9,0,0
R04,SKU-1056,2025-10-03,3,1,0
R04,SKU-1056,2025-10-04,9,0,0
R04,SKU-1056,10/05/2025,1,0,0
R04,SKU-1056,2025-10-06,5,1,0
R04,SKU-1056,10/07/2025,3,0,1
R04,SKU-1056,10/08/2025,2,0,0
R04,SKU-1056,10/09/2025,11,0,0
R04,SKU-1056,2025-10-10,8,0,0
R04,SKU-1056,10/11/2025,5,0,0
R04,SKU-1056,2025-10-12,4,0,0
R04,SKU-1056,2025-10-13,5,0,0
R04,SKU-1056,2025-10-14,3,0,0
R04,SKU-1056,10/15/2025,5,0,0
R04,SKU-1056,10/16/2025,0,1,0
R04,SKU-1056,2025-10-17,4,0,0
R04,SKU-1056,2025-10-18,1,0,1
R04,SKU-1056,2025-10-19,4,3,0
R04,SKU-1056,20-Oct-25,1,0,0
R04,SKU-1056,2025-10-21,3,0,0
R04,SKU-1056,2025-10-22,1,0,0
R04,SKU-1056,2025-10-23,4,0,0
R04,SKU-1056,2025-10-24,1,1,0
R04,SKU-1056,25-Oct-25,6,1,0
R04,SKU-1056,2025-10-26,7,0,0
R04,SKU-1056,10/27/2025,3,1,0
R04,SKU-1056,10/28/2025,10,0,0
R04,SKU-1056,2025-10-29,6,0,0
R04,SKU-1056,2025-10-30,5,1,0
R04,SKU-1056,2025-10-31,0,0,0
R04,SKU-1231,2025-10-01,27,0,0
R04,SKU-1231,2025-10-02,26,1,0
R04,SKU-1231,10/03/2025,23,2,1
R04,SKU-1231,10/04/2025,29,0,0
R04,SKU-1231,2025-10-05,21,0,0
R04,SKU-1231,2025-10-06,26,1,0
R04,SKU-1231,2025-10-07,27,0,0
R04,SKU-1231,2025-10-08,21,0,1
R04,SKU-1231,2025-10-09,29,0,1
R04,SKU-1231,2025-10-10,24,0,0
R04,SKU-1231,2025-10-11,42,0,0
R04,SKU-1231,2025-10-12,24,0,0
R04,SKU-1231,2025-10-13,29,0,0
R04,SKU-1231,2025-10-14,17,0,0
R04,SKU-1231,2025-10-15,22,1,0
R04,SKU-1231,10/16/2025,26,1,0
R04,SKU-1231,2025-10-17,34,0,0
R04,SKU-1231,18-Oct-25,27,0,0
R04,SKU-1231,10/19/2025,30,0,0
R04,SKU-1231,2025-10-20,31,0,0
R04,SKU-1231,2025-10-21,27,0,0
R04,SKU-1231,2025-10-22,25,1,0
R04,SKU-1231,10/23/2025,26,0,0
R04,SKU-1231,2025-10-24,28,1,0
R04,SKU-1231,2025-10-25,25,0,0
R04,SKU-1231,10/26/2025,33,0,0
R04,SKU-1231,2025-10-27,27,0,0
R04,SKU-1231,2025-10-28,17,1,0
R04,SKU-1231,2025-10-29,34,0,0
R04,SKU-1231,2025-10-30,33,1,0
R04,SKU-1231,31-Oct-25,22,0,0
R04,SKU-1077,01-Oct-25,19,1,0
R04,SKU-1077,2025-10-02,24,0,0
R04,SKU-1077,10/03/2025,23,0,0
R04,SKU-1077,04-Oct-25,23,0,0
R04,SKU-1077,2025-10-05,28,0,0
R04,SKU-1077,2025-10-06,37,0,0
R04,SKU-1077,10/07/2025,32,0,1
R04,SKU-1077,2025-10-08,39,0,0
R04,SKU-1077,2025-10-09,34,0,0
R04,SKU-1077,2025-10-10,27,0,0
R04,SKU-1077,2025-10-11,21,0,0
R04,SKU-1077,2025-10-12,24,0,0
R04,SKU-1077,2025-10-13,31,0,0
R04,SKU-1077,2025-10-14,30,0,0
R04,SKU-1077,10/15/2025,27,0,0
R04,SKU-1077,2025-10-16,40,0,0
R04,SKU-1077,10/17/2025,29,0,0
R04,SKU-1077,10/18/2025,22,1,0
R04,SKU-1077,2025-10-19,27,0,0
R04,SKU-1077,10/20/2025,20,0,0
R04,SKU-1077,2025-10-21,33,0,0
R04,SKU-1077,10/22/2025,24,0,0
R04,SKU-1077,23-Oct-25,29,0,0
R04,SKU-1077,2025-10-24,27,0,0
R04,SKU-1077,2025-10-25,26,0,0
R04,SKU-1077,2025-10-26,28,0,0
R04,SKU-1077,2025-10-27,18,2,0
R04,SKU-1077,2025-10-28,26,0,0
R04,SKU-1077,10/29/2025,26,0,0
R04,SKU-1077,10/30/2025,31,1,0
R04,SKU-1077,2025-10-31,37,0,0
R04,SKU-1021,01-Oct-25,24,0,0
R04,SKU-1021,2025-10-02,27,0,0
R04,SKU-1021,2025-10-03,25,1,0
R04,SKU-1021,10/04/2025,31,1,0
R04,SKU-1021,2025-10-05,20,0,0
R04,SKU-1021,06-Oct-25,27,1,0
R04,SKU-1021,2025-10-07,28,0,0
R04,SKU-1021,2025-10-08,23,2,0
R04,SKU-1021,10/09/2025,26,1,0
R04,SKU-1021,10/10/2025,21,0,0
R04,SKU-1021,10/11/2025,19,2,0
R04,SKU-1021,2025-10-12,21,0,0
R04,SKU-1021,2025-10-13,23,0,0
R04,SKU-1021,10/14/2025,35,1,1
R04,SKU-1021,2025-10-15,24,0,0
R04,SKU-1021,2025-10-16,37,0,0
R04,SKU-1021,10/17/2025,27,1,0
R04,SKU-1021,10/18/2025,34,1,0
R04,SKU-1021,19-Oct-25,32,0,0
R04,SKU-1021,20-Oct-25,22,0,0
R04,SKU-1021,21-Oct-25,29,1,0
R04,SKU-1021,2025-10-22,27,0,1
R04,SKU-1021,10/23/2025,28,1,0
R04,SKU-1021,2025-10-24,30,0,0
R04,SKU-1021,2025-10-25,38,0,1
R04,SKU-1021,10/26/2025,28,0,0
R04,SKU-1021,10/27/2025,26,0,0
R04,SKU-1021,28-Oct-25,33,0,0
R04,SKU-1021,29-Oct-25,29,0,0
R04,SKU-1021,2025-10-30,24,0,0
R04,SKU-1021,2025-10-31,30,0,0
R04,SKU-1028,2025-10-01,6,1,0
R04,SKU-1028,10/02/2025,8,0,0
R04,SKU-1028,03-Oct-25,14,0,0
R04,SKU-1028,2025-10-04,11,1,0
R04,SKU-1028,2025-10-05,8,0,0
R04,SKU-1028,2025-10-06,11,1,0
R04,SKU-1028,10/07/2025,9,0,0
R04,SKU-1028,2025-10-08,9,0,0
R04,SKU-1028,10/09/2025,11,1,0
R04,SKU-1028,2025-10-10,9,1,0
R04,SKU-1028,2025-10-11,8,0,0
R04,SKU-1028,10/12/2025,12,1,0
R04,SKU-1028,2025-10-13,12,0,0
R04,SKU-1028,2025-10-14,11,0,1
R04,SKU-1028,2025-10-15,11,0,0
R04,SKU-1028,10/16/2025,8,1,0
R04,SKU-1028,2025-10-17,10,0,0
R04,SKU-1028,18-Oct-25,4,0,0
R04,SKU-1028,2025-10-19,12,2,0
R04,SKU-1028,2025-10-20,5,0,1
R04,SKU-1028,10/21/2025,7,1,0
R04,SKU-1028,2025-10-22,9,0,0
R04,SKU-1028,2025-10-23,10,2,0
R04,SKU-1028,10/24/2025,6,1,0
R04,SKU-1028,10/25/2025,12,1,0
R04,SKU-1028,2025-10-26,17,0,0
R04,SKU-1028,2025-10-27,11,0,0
R04,SKU-1028,2025-10-28,9,0,0
R04,SKU-1028,2025-10-29,5,0,0
R04,SKU-1028,30-Oct-25,10,0,0
R04,SKU-1028,2025-10-31,14,0,1
R04,SKU-1035,2025-10-01,15,1,0
R04,SKU-1035,2025-10-02,10,0,0
R04,SKU-1035,2025-10-03,15,2,0
R04,SKU-1035,04-Oct-25,14,1,0
R04,SKU-1035,10/05/2025,13,0,0
R04,SKU-1035,06-Oct-25,14,3,0
R04,SKU-1035,10/07/2025,12,0,0
R04,SKU-1035,08-Oct-25,8,2,0
R04,SKU-1035,2025-10-09,8,1,1
R04,SKU-1035,2025-10-10,12,0,0
R04,SKU-1035,2025-10-11,12,0,0
R04,SKU-1035,2025-10-12,16,0,0
R04,SKU-1035,2025-10-13,8,0,0
R04,SKU-1035,2025-10-14,15,0,0
R04,SKU-1035,2025-10-15,7,0,0
R04,SKU-1035,2025-10-16,14,0,0
R04,SKU-1035,2025-10-17,11,1,0
R04,SKU-1035,2025-10-18,19,1,0
R04,SKU-1035,10/19/2025,16,0,0
R04,SKU-1035,2025-10-20,13,0,0
R04,SKU-1035,10/21/2025,7,0,0
R04,SKU-1035,2025-10-22,6,0,0
R04,SKU-1035,2025-10-23,12,0,0
R04,SKU-1035,2025-10-24,15,0,0
R04,SKU-1035,2025-10-25,11,0,0
R04,SKU-1035,2025-10-26,4,1,0
R04,SKU-1035,2025-10-27,10,0,0
R04,SKU-1035,10/28/2025,11,0,0
R04,SKU-1035,29-Oct-25,16,1,0
R04,SKU-1035,10/30/2025,16,2,0
R04,SKU-1035,2025-10-31,7,1,0
R04,SKU-1182,2025-10-01,25,0,0
R04,SKU-1182,02-Oct-25,28,1,0
R04,SKU-1182,2025-10-03,17,0,1
R04,SKU-1182,2025-10-04,30,0,0
R04,SKU-1182,10/05/2025,19,0,0
R04,SKU-1182,2025-10-06,21,1,0
R04,SKU-1182,2025-10-07,18,0,0
R04,SKU-1182,2025-10-08,20,0,0
R04,SKU-1182,2025-10-09,21,0,0
R04,SKU-1182,10/10/2025,18,1,0
R04,SKU-1182,2025-10-11,21,0,0
R04,SKU-1182,10/12/2025,21,0,0
R04,SKU-1182,10/13/2025,19,0,0
R04,SKU-1182,10/14/2025,26,0,0
R04,SKU-1182,2025-10-15,18,0,0
R04,SKU-1182,2025-10-16,24,0,0
R04,SKU-1182,10/17/2025,15,1,0
R04,SKU-1182,2025-10-18,21,0,1
R04,SKU-1182,10/19/2025,20,0,0
R04,SKU-1182,2025-10-20,21,1,0
R04,SKU-1182,10/21/2025,16,0,0
R04,SKU-1182,2025-10-22,29,0,0
R04,SKU-1182,10/23/2025,18,0,0
R04,SKU-1182,10/24/2025,25,1,0
R04,SKU-1182,2025-10-25,23,1,0
R04,SKU-1182,2025-10-26,20,1,0
R04,SKU-1182,10/27/2025,15,1,0
R04,SKU-1182,2025-10-28,27,1,0
R04,SKU-1182,29-Oct-25,21,0,0
R04,SKU-1182,30-Oct-25,25,1,0
R04,SKU-1182,31-Oct-25,23,0,1
R04,SKU-1238,01-Oct-25,4,0,0
R04,SKU-1238,10/02/2025,3,0,0
R04,SKU-1238,2025-10-03,5,0,0
R04,SKU-1238,10/04/2025,8,0,0
R04,SKU-1238,10/05/2025,10,1,0
R04,SKU-1238,10/06/2025,12,0,0
R04,SKU-1238,2025-10-07,8,0,0
R04,SKU-1238,10/08/2025,4,1,0
R04,SKU-1238,09-Oct-25,2,2,0
R04,SKU-1238,10/10/2025,5,0,0
R04,SKU-1238,2025-10-11,8,1,1
R04,SKU-1238,2025-10-12,3,0,0
R04,SKU-1238,10/13/2025,6,0,0
R04,SKU-1238,2025-10-14,5,2,0
R04,SKU-1238,2025-10-15,3,0,0
R04,SKU-1238,2025-10-16,1,1,1
R04,SKU-1238,2025-10-17,3,0,0
R04,SKU-1238,2025-10-18,4,0,0
R04,SKU-1238,2025-10-19,1,0,0
R04,SKU-1238,20-Oct-25,2,1,0
R04,SKU-1238,2025-10-21,5,2,0
R04,SKU-1238,2025-10-22,3,1,0
R04,SKU-1238,2025-10-23,5,0,1
R04,SKU-1238,10/24/2025,7,0,0
R04,SKU-1238,2025-10-25,11,0,0
R04,SKU-1238,2025-10-26,8,1,0
R04,SKU-1238,2025-10-27,5,0,0
R04,SKU-1238,2025-10-28,7,0,0
R04,SKU-1238,2025-10-29,1,0,1
R04,SKU-1238,2025-10-30,9,1,0
R04,SKU-1238,31-Oct-25,4,1,0
R04,SKU-1280,2025-10-01,25,1,1
R04,SKU-1280,10/02/2025,24,0,0
R04,SKU-1280,10/03/2025,19,0,0
R04,SKU-1280,2025-10-04,32,0,0
R04,SKU-1280,2025-10-05,29,2,0
R04,SKU-1280,2025-10-06,25,1,0
R04,SKU-1280,2025-10-07,29,0,0
R04,SKU-1280,2025-10-08,20,0,0
R04,SKU-1280,09-Oct-25,24,0,0
R04,SKU-1280,10/10/2025,15,0,0
R04,SKU-1280,2025-10-11,25,0,0
R04,SKU-1280,2025-10-12,17,1,0
R04,SKU-1280,10/13/2025,29,0,0
R04,SKU-1280,2025-10-14,31,1,0
R04,SKU-1280,15-Oct-25,32,0,0
R04,SKU-1280,2025-10-16,30,1,1
R04,SKU-1280,17-Oct-25,24,0,0
R04,SKU-1280,2025-10-18,34,0,0
R04,SKU-1280,2025-10-19,27,1,0
R04,SKU-1280,2025-10-20,37,0,0
R04,SKU-1280,2025-10-21,35,0,0
R04,SKU-1280,2025-10-22,29,0,0
R04,SKU-1280,10/23/2025,23,0,0
R04,SKU-1280,10/24/2025,33,1,0
R04,SKU-1280,25-Oct-25,25,0,0
R04,SKU-1280,2025-10-26,23,0,1
R04,SKU-1280,2025-10-27,41,1,0
R04,SKU-1280,10/28/2025,30,0,0
R04,SKU-1280,10/29/2025,26,0,0
R04,SKU-1280,10/30/2025,29,0,1
R04,SKU-1280,2025-10-31,28,0,0
R04,SKU-1273,2025-10-01,5,0,0
R04,SKU-1273,2025-10-02,9,1,0
R04,SKU-1273,10/03/2025,12,0,0
R04,SKU-1273,2025-10-04,16,0,1
R04,SKU-1273,05-Oct-25,3,0,1
R04,SKU-1273,2025-10-06,8,1,0
R04,SKU-1273,07-Oct-25,6,0,0
R04,SKU-1273,10/08/2025,6,0,0
R04,SKU-1273,2025-10-09,6,0,0
R04,SKU-1273,10-Oct-25,7,0,0
R04,SKU-1273,2025-10-11,9,1,0
R04,SKU-1273,2025-10-12,8,0,0
R04,SKU-1273,2025-10-13,7,2,0
R04,SKU-1273,10/14/2025,8,1,0
R04,SKU-1273,10/15/2025,8,1,0
R04,SKU-1273,2025-10-16,6,0,0
R04,SKU-1273,2025-10-17,6,0,0
R04,SKU-1273,2025-10-18,9,0,0
R04,SKU-1273,2025-10-19,6,1,0
R04,SKU-1273,2025-10-20,9,0,0
R04,SKU-1273,2025-10-21,5,0,0
R04,SKU-1273,10/22/2025,4,0,0
R04,SKU-1273,2025-10-23,8,0,0
R04,SKU-1273,2025-10-24,6,0,0
R04,SKU-1273,2025-10-25,8,0,0
R04,SKU-1273,10/26/2025,8,0,0
R04,SKU-1273,2025-10-27,5,0,1
R04,SKU-1273,2025-10-28,7,0,0
R04,SKU-1273,10/29/2025,7,0,0
R04,SKU-1273,2025-10-30,4,1,1
R04,SKU-1273,2025-10-31,5,2,0
R04,SKU-1091,10/01/2025,5,0,0
R04,SKU-1091,10/02/2025,4,0,0
R04,SKU-1091,2025-10-03,9,0,0
R04,SKU-1091,2025-10-04,4,0,0
R04,SKU-1091,05-Oct-25,8,1,0
R04,SKU-1091,2025-10-06,4,1,0
R04,SKU-1091,2025-10-07,11,0,0
R04,SKU-1091,10/08/2025,4,2,0
R04,SKU-1091,09-Oct-25,8,0,0
R04,SKU-1091,10-Oct-25,7,0,0
R04,SKU-1091,2025-10-11,8,0,0
R04,SKU-1091,10/12/2025,8,0,0
R04,SKU-1091,13-Oct-25,10,0,0
R04,SKU-1091,14-Oct-25,7,2,0
R04,SKU-1091,2025-10-15,9,0,0
R04,SKU-1091,2025-10-16,5,0,1
R04,SKU-1091,2025-10-17,5,1,0
R04,SKU-1091,18-Oct-25,7,1,0
R04,SKU-1091,2025-10-19,8,0,0
R04,SKU-1091,20-Oct-25,7,2,0
R04,SKU-1091,21-Oct-25,5,0,0
R04,SKU-1091,22-Oct-25,4,1,0
R04,SKU-1091,2025-10-23,5,1,1
R04,SKU-1091,2025-10-24,8,0,1
R04,SKU-1091,2025-10-25,9,0,0
R04,SKU-1091,10/26/2025,3,0,0
R04,SKU-1091,2025-10-27,16,1,0
R04,SKU-1091,10/28/2025,5,0,0
R04,SKU-1091,10/29/2025,10,0,0
R04,SKU-1091,2025-10-30,8,1,0
R04,SKU-1091,2025-10-31,4,0,0
R04,SKU-1210,01-Oct-25,36,1,1
R04,SKU-1210,10/02/2025,35,0,0
R04,SKU-1210,2025-10-03,29,0,0
R04,SKU-1210,2025-10-04,42,1,0
R04,SKU-1210,2025-10-05,32,0,0
R04,SKU-1210,2025-10-06,27,0,0
R04,SKU-1210,2025-10-07,36,1,0
R04,SKU-1210,10/08/2025,32,0,0
R04,SKU-1210,10/09/2025,27,1,0
R04,SKU-1210,2025-10-10,43,1,0
R04,SKU-1210,2025-10-11,37,0,0
R04,SKU-1210,2025-10-12,31,1,1
R04,SKU-1210,10/13/2025,30,0,0
R04,SKU-1210,2025-10-14,35,0,0
R04,SKU-1210,2025-10-15,19,1,0
R04,SKU-1210,2025-10-16,34,1,0
R04,SKU-1210,2025-10-17,32,0,0
R04,SKU-1210,2025-10-18,37,0,0
R04,SKU-1210,10/19/2025,30,0,0
R04,SKU-1210,2025-10-20,32,0,0
R04,SKU-1210,10/21/2025,35,1,0
R04,SKU-1210,2025-10-22,35,1,0
R04,SKU-1210,2025-10-23,35,0,0
R04,SKU-1210,2025-10-24,38,1,1
R04,SKU-1210,2025-10-25,28,1,0
R04,SKU-1210,2025-10-26,36,1,1
R04,SKU-1210,10/27/2025,29,3,0
R04,SKU-1210,2025-10-28,35,0,0
R04,SKU-1210,10/29/2025,32,1,0
R04,SKU-1210,10/30/2025,39,0,0
R04,SKU-1210,10/31/2025,34,1,0
R04,SKU-1266,2025-10-01,5,1,0
R04,SKU-1266,02-Oct-25,5,0,0
R04,SKU-1266,03-Oct-25,8,0,0
R04,SKU-1266,2025-10-04,6,0,0
R04,SKU-1266,2025-10-05,4,0,1
R04,SKU-1266,10/06/2025,5,0,1
R04,SKU-1266,10/07/2025,1,2,0
R04,SKU-1266,10/08/2025,5,0,0
R04,SKU-1266,2025-10-09,8,1,1
R04,SKU-1266,2025-10-10,4,0,0
R04,SKU-1266,11-Oct-25,14,1,0
R04,SKU-1266,2025-10-12,6,0,0
R04,SKU-1266,2025-10-13,4,0,0
R04,SKU-1266,10/14/2025,6,0,0
R04,SKU-1266,10/15/2025,6,1,0
R04,SKU-1266,2025-10-16,4,0,0
R04,SKU-1266,17-Oct-25,5,0,0
R04,SKU-1266,2025-10-18,5,0,0
R04,SKU-1266,2025-10-19,10,0,0
R04,SKU-1266,10/20/2025,6,1,0
R04,SKU-1266,2025-10-21,6,1,0
R04,SKU-1266,2025-10-22,7,0,0
R04,SKU-1266,23-Oct-25,6,0,0
R04,SKU-1266,10/24/2025,9,0,0
R04,SKU-1266,2025-10-25,11,0,0
R04,SKU-1266,26-Oct-25,7,1,1
R04,SKU-1266,2025-10-27,2,1,0
R04,SKU-1266,2025-10-28,7,0,0
R04,SKU-1266,10/29/2025,11,0,0
R04,SKU-1266,30-Oct-25,6,0,0
R04,SKU-1266,2025-10-31,5,0,0
R04,SKU-1259,10/01/2025,9,0,0
R04,SKU-1259,02-Oct-25,10,0,0
R04,SKU-1259,2025-10-03,4,0,0
R04,SKU-1259,10/04/2025,7,0,0
R04,SKU-1259,2025-10-05,8,0,0
R04,SKU-1259,10/06/2025,13,0,0
R04,SKU-1259,2025-10-07,8,0,0
R04,SKU-1259,2025-10-08,10,0,1
R04,SKU-1259,10/09/2025,7,0,0
R04,SKU-1259,10-Oct-25,10,0,0
R04,SKU-1259,2025-10-11,5,0,0
R04,SKU-1259,2025-10-12,9,1,0
R04,SKU-1259,13-Oct-25,10,0,0
R04,SKU-1259,2025-10-14,13,0,0
R04,SKU-1259,2025-10-15,12,1,0
R04,SKU-1259,10/16/2025,9,0,0
R04,SKU-1259,2025-10-17,11,0,0
R04,SKU-1259,10/18/2025,6,0,0
R04,SKU-1259,2025-10-19,13,0,0
R04,SKU-1259,2025-10-20,11,0,0
R04,SKU-1259,10/21/2025,8,1,0
R04,SKU-1259,2025-10-22,7,1,1
R04,SKU-1259,2025-10-23,10,0,0
R04,SKU-1259,2025-10-24,17,1,0
R04,SKU-1259,2025-10-25,9,0,1
R04,SKU-1259,10/26/2025,3,0,0
R04,SKU-1259,27-Oct-25,6,0,1
R04,SKU-1259,28-Oct-25,7,1,0
R04,SKU-1259,29-Oct-25,6,0,0
R04,SKU-1259,2025-10-30,8,1,0
R04,SKU-1259,2025-10-31,5,0,0
R04,SKU-1133,10/01/2025,8,1,0
R04,SKU-1133,2025-10-02,3,1,0
R04,SKU-1133,10/03/2025,9,2,0
R04,SKU-1133,2025-10-04,5,0,0
R04,SKU-1133,2025-10-05,2,0,0
R04,SKU-1133,06-Oct-25,5,1,0
R04,SKU-1133,2025-10-07,8,1,0
R04,SKU-1133,08-Oct-25,4,0,1
R04,SKU-1133,2025-10-09,5,0,0
R04,SKU-1133,2025-10-10,8,0,0
R04,SKU-1133,2025-10-11,7,0,0
R04,SKU-1133,12-Oct-25,4,4,0
R04,SKU-1133,10/13/2025,6,0,0
R04,SKU-1133,2025-10-14,6,1,0
R04,SKU-1133,15-Oct-25,6,0,0
R04,SKU-1133,10/16/2025,2,0,0
R04,SKU-1133,2025-10-17,4,0,0
R04,SKU-1133,2025-10-18,7,0,0
R04,SKU-1133,19-Oct-25,7,0,0
R04,SKU-1133,10/20/2025,5,0,0
R04,SKU-1133,2025-10-21,3,0,0
R04,SKU-1133,22-Oct-25,7,1,0
R04,SKU-1133,2025-10-23,10,1,0
R04,SKU-1133,2025-10-24,4,1,0
R04,SKU-1133,10/25/2025,1,1,0
R04,SKU-1133,2025-10-26,7,2,0
R04,SKU-1133,27-Oct-25,6,1,0
R04,SKU-1133,2025-10-28,2,1,0
R04,SKU-1133,2025-10-29,10,0,0
R04,SKU-1133,2025-10-30,2,1,0
R04,SKU-1133,2025-10-31,8,0,0
R04,SKU-1126,2025-10-01,7,1,0
R04,SKU-1126,10/02/2025,7,1,0
R04,SKU-1126,2025-10-03,12,1,1
R04,SKU-1126,10/04/2025,6,0,0
R04,SKU-1126,2025-10-05,9,2,0
R04,SKU-1126,2025-10-06,10,1,0
R04,SKU-1126,2025-10-07,13,0,0
R04,SKU-1126,2025-10-08,10,1,0
R04,SKU-1126,09-Oct-25,18,0,0
R04,SKU-1126,10-Oct-25,18,1,0
R04,SKU-1126,10/11/2025,13,0,0
R04,SKU-1126,12-Oct-25,16,0,0
R04,SKU-1126,13-Oct-25,9,0,0
R04,SKU-1126,2025-10-14,15,0,0
R04,SKU-1126,10/15/2025,13,0,0
R04,SKU-1126,10/16/2025,16,1,0
R04,SKU-1126,10/17/2025,12,0,0
R04,SKU-1126,10/18/2025,11,1,0
R04,SKU-1126,2025-10-19,10,0,0
R04,SKU-1126,2025-10-20,13,0,0
R04,SKU-1126,2025-10-21,9,0,0
R04,SKU-1126,2025-10-22,14,0,0
R04,SKU-1126,23-Oct-25,14,2,1
R04,SKU-1126,2025-10-24,19,0,0
R04,SKU-1126,2025-10-25,7,0,0
R04,SKU-1126,10/26/2025,13,0,0
R04,SKU-1126,2025-10-27,10,0,0
R04,SKU-1126,2025-10-28,15,0,0
R04,SKU-1126,2025-10-29,16,4,0
R04,SKU-1126,2025-10-30,11,1,0
R04,SKU-1126,2025-10-31,9,0,0
R04,SKU-1175,2025-10-01,13,0,0
R04,SKU-1175,02-Oct-25,15,1,0
R04,SKU-1175,10/03/2025,14,0,0
R04,SKU-1175,2025-10-04,11,0,0
R04,SKU-1175,2025-10-05,15,0,0
R04,SKU-1175,2025-10-06,16,1,0
R04,SKU-1175,2025-10-07,15,0,0
R04,SKU-1175,08-Oct-25,17,0,0
R04,SKU-1175,2025-10-09,7,1,0
R04,SKU-1175,2025-10-10,16,0,0
R04,SKU-1175,2025-10-11,9,1,0
R04,SKU-1175,2025-10-12,11,1,0
R04,SKU-1175,2025-10-13,4,1,0
R04,SKU-1175,14-Oct-25,13,0,0
R04,SKU-1175,2025-10-15,12,0,0
R04,SKU-1175,10/16/2025,8,0,0
R04,SKU-1175,2025-10-17,12,1,0
R04,SKU-1175,2025-10-18,15,1,0
R04,SKU-1175,2025-10-19,14,2,0
R04,SKU-1175,2025-10-20,11,1,0
R04,SKU-1175,2025-10-21,10,1,0
R04,SKU-1175,2025-10-22,26,1,0
R04,SKU-1175,10/23/2025,10,0,0
R04,SKU-1175,10/24/2025,9,0,0
R04,SKU-1175,2025-10-25,18,0,0
R04,SKU-1175,2025-10-26,22,0,0
R04,SKU-1175,2025-10-27,9,0,0
R04,SKU-1175,2025-10-28,15,0,1
R04,SKU-1175,2025-10-29,9,0,0
R04,SKU-1175,10/30/2025,13,0,1
R04,SKU-1175,2025-10-31,13,1,0
R04,SKU-1098,2025-10-01,13,1,0
R04,SKU-1098,10/02/2025,29,2,0
R04,SKU-1098,10/03/2025,17,0,0
R04,SKU-1098,2025-10-04,16,0,0
R04,SKU-1098,2025-10-05,27,0,0
R04,SKU-1098,2025-10-06,16,0,0
R04,SKU-1098,10/07/2025,15,0,0
R04,SKU-1098,2025-10-08,18,0,0
R04,SKU-1098,10/09/2025,19,0,1
R04,SKU-1098,2025-10-10,19,1,0
R04,SKU-1098,2025-10-11,18,0,0
R04,SKU-1098,2025-10-12,24,0,0
R04,SKU-1098,10/13/2025,23,2,0
R04,SKU-1098,2025-10-14,20,0,0
R04,SKU-1098,2025-10-15,22,0,0
R04,SKU-1098,2025-10-16,12,0,0
R04,SKU-1098,2025-10-17,13,1,0
R04,SKU-1098,2025-10-18,14,1,0
R04,SKU-1098,2025-10-19,24,0,0
R04,SKU-1098,2025-10-20,19,0,0
R04,SKU-1098,2025-10-21,29,0,0
R04,SKU-1098,2025-10-22,21,0,0
R04,SKU-1098,2025-10-23,21,1,1
R04,SKU-1098,10/24/2025,22,0,1
R04,SKU-1098,2025-10-25,20,1,0
R04,SKU-1098,26-Oct-25,22,1,0
R04,SKU-1098,2025-10-27,20,1,0
R04,SKU-1098,2025-10-28,14,0,0
R04,SKU-1098,10/29/2025,21,1,0
R04,SKU-1098,2025-10-30,21,1,0
R04,SKU-1098,10/31/2025,18,0,1
R04,SKU-1196,01-Oct-25,17,2,0
R04,SKU-1196,10/02/2025,15,0,0
R04,SKU-1196,2025-10-03,15,0,0
R04,SKU-1196,2025-10-04,14,0,0
R04,SKU-1196,10/05/2025,15,1,0
R04,SKU-1196,10/06/2025,19,1,0
R04,SKU-1196,2025-10-07,14,0,0
R04,SKU-1196,2025-10-08,7,0,1
R04,SKU-1196,09-Oct-25,16,0,0
R04,SKU-1196,2025-10-10,13,0,0
R04,SKU-1196,10/11/2025,10,1,0
R04,SKU-1196,2025-10-12,13,0,0
R04,SKU-1196,2025-10-13,14,0,0
R04,SKU-1196,2025-10-14,15,0,0
R04,SKU-1196,10/15/2025,12,1,0
R04,SKU-1196,2025-10-16,12,0,0
R04,SKU-1196,10/17/2025,18,0,0
R04,SKU-1196,10/18/2025,14,0,0
R04,SKU-1196,2025-10-19,22,0,0
R04,SKU-1196,2025-10-20,12,0,0
R04,SKU-1196,2025-10-21,13,1,1
R04,SKU-1196,22-Oct-25,14,0,0
R04,SKU-1196,23-Oct-25,12,0,0
R04,SKU-1196,2025-10-24,13,0,1
R04,SKU-1196,2025-10-25,11,0,0
R04,SKU-1196,2025-10-26,15,0,1
R04,SKU-1196,10/27/2025,13,1,0
R04,SKU-1196,10/28/2025,12,0,0
R04,SKU-1196,2025-10-29,18,0,0
R04,SKU-1196,2025-10-30,26,0,0
R04,SKU-1196,2025-10-31,14,1,0
R04,SKU-1189,01-Oct-25,34,1,0
R04,SKU-1189,02-Oct-25,36,0,0
R04,SKU-1189,2025-10-03,25,0,0
R04,SKU-1189,04-Oct-25,24,0,0
R04,SKU-1189,10/05/2025,21,0,0
R04,SKU-1189,2025-10-06,29,0,1
R04,SKU-1189,07-Oct-25,24,1,0
R04,SKU-1189,2025-10-08,25,0,0
R04,SKU-1189,2025-10-09,30,0,0
R04,SKU-1189,2025-10-10,26,1,0
R04,SKU-1189,2025-10-11,27,1,1
R04,SKU-1189,10/12/2025,26,0,1
R04,SKU-1189,2025-10-13,31,0,0
R04,SKU-1189,2025-10-14,36,0,0
R04,SKU-1189,10/15/2025,25,1,0
R04,SKU-1189,2025-10-16,26,0,0
R04,SKU-1189,17-Oct-25,31,0,1
R04,SKU-1189,2025-10-18,30,0,0
R04,SKU-1189,19-Oct-25,18,1,0
R04,SKU-1189,2025-10-20,34,0,0
R04,SKU-1189,10/21/2025,18,1,0
R04,SKU-1189,2025-10-22,20,0,0
R04,SKU-1189,2025-10-23,29,1,0
R04,SKU-1189,2025-10-24,30,0,0
R04,SKU-1189,10/25/2025,27,0,0
R04,SKU-1189,2025-10-26,30,0,0
R04,SKU-1189,2025-10-27,26,0,0
R04,SKU-1189,10/28/2025,27,1,0
R04,SKU-1189,29-Oct-25,32,0,1
R04,SKU-1189,10/30/2025,21,0,1
R04,SKU-1189,2025-10-31,25,0,0
R04,SKU-1168,01-Oct-25,12,0,0
R04,SKU-1168,2025-10-02,14,0,0
R04,SKU-1168,2025-10-03,24,0,0
R04,SKU-1168,04-Oct-25,22,2,0
R04,SKU-1168,2025-10-05,28,0,0
R04,SKU-1168,2025-10-06,24,2,0
R04,SKU-1168,10/07/2025,15,0,0
R04,SKU-1168,10/08/2025,12,0,0
R04,SKU-1168,2025-10-09,24,0,1
R04,SKU-1168,2025-10-10,24,0,0
R04,SKU-1168,2025-10-11,20,0,0
R04,SKU-1168,10/12/2025,18,1,1
R04,SKU-1168,2025-10-13,30,1,0
R04,SKU-1168,2025-10-14,21,0,0
R04,SKU-1168,2025-10-15,25,0,0
R04,SKU-1168,10/16/2025,26,0,0
R04,SKU-1168,2025-10-17,20,0,0
R04,SKU-1168,10/18/2025,26,1,0
R04,SKU-1168,2025-10-19,15,0,1
R04,SKU-1168,10/20/2025,28,1,0
R04,SKU-1168,2025-10-21,23,0,0
R04,SKU-1168,2025-10-22,21,0,0
R04,SKU-1168,10/23/2025,18,1,0
R04,SKU-1168,10/24/2025,21,0,0
R04,SKU-1168,2025-10-25,23,0,0
R04,SKU-1168,2025-10-26,21,0,0
R04,SKU-1168,10/27/2025,21,0,0
R04,SKU-1168,10/28/2025,29,0,1
R04,SKU-1168,2025-10-29,31,3,1
R04,SKU-1168,30-Oct-25,24,1,0
R04,SKU-1168,2025-10-31,22,1,0
R04,SKU-1105,10/01/2025,10,1,0
R04,SKU-1105,2025-10-02,8,0,0
R04,SKU-1105,2025-10-03,9,0,0
R04,SKU-1105,10/04/2025,5,0,0
R04,SKU-1105,2025-10-05,9,0,1
R04,SKU-1105,10/06/2025,6,0,0
R04,SKU-1105,2025-10-07,13,0,0
R04,SKU-1105,2025-10-08,7,0,0
R04,SKU-1105,10/09/2025,13,1,1
R04,SKU-1105,10/10/2025,10,0,0
R04,SKU-1105,11-Oct-25,10,0,0
R04,SKU-1105,2025-10-12,9,1,0
R04,SKU-1105,2025-10-13,7,0,0
R04,SKU-1105,2025-10-14,8,1,0
R04,SKU-1105,10/15/2025,9,1,0
R04,SKU-1105,2025-10-16,11,1,0
R04,SKU-1105,2025-10-17,8,1,1
R04,SKU-1105,2025-10-18,5,1,0
R04,SKU-1105,10/19/2025,13,1,0
R04,SKU-1105,10/20/2025,6,0,0
R04,SKU-1105,2025-10-21,17,1,0
R04,SKU-1105,22-Oct-25,5,0,0
R04,SKU-1105,10/23/2025,10,1,0
R04,SKU-1105,2025-10-24,12,1,0
R04,SKU-1105,2025-10-25,9,0,0
R04,SKU-1105,2025-10-26,7,0,0
R04,SKU-1105,27-Oct-25,5,0,0
R04,SKU-1105,10/28/2025,9,0,0
R04,SKU-1105,2025-10-29,7,0,0
R04,SKU-1105,30-Oct-25,7,0,0
R04,SKU-1105,31-Oct-25,9,1,0
R04,SKU-1161,2025-10-01,16,0,0
R04,SKU-1161,10/02/2025,14,0,0
R04,SKU-1161,2025-10-03,22,0,0
R04,SKU-1161,10/04/2025,12,0,0
R04,SKU-1161,10/05/2025,14,0,0
R04,SKU-1161,06-Oct-25,10,0,0
R04,SKU-1161,2025-10-07,16,0,0
R04,SKU-1161,2025-10-08,13,1,0
R04,SKU-1161,2025-10-09,17,1,1
R04,SKU-1161,2025-10-10,19,1,0
R04,SKU-1161,2025-10-11,15,1,0
R04,SKU-1161,10/12/2025,7,0,0
R04,SKU-1161,10/13/2025,19,2,1
R04,SKU-1161,2025-10-14,11,0,0
R04,SKU-1161,10/15/2025,17,0,0
R04,SKU-1161,2025-10-16,10,1,0
R04,SKU-1161,17-Oct-25,20,0,0
R04,SKU-1161,2025-10-18,21,0,0
R04,SKU-1161,10/19/2025,12,1,0
R04,SKU-1161,2025-10-20,23,1,0
R04,SKU-1161,10/21/2025,14,1,1
R04,SKU-1161,10/22/2025,13,0,0
R04,SKU-1161,23-Oct-25,17,1,0
R04,SKU-1161,10/24/2025,19,1,0
R04,SKU-1161,2025-10-25,20,0,1
R04,SKU-1161,2025-10-26,14,0,0
R04,SKU-1161,27-Oct-25,8,0,0
R04,SKU-1161,2025-10-28,16,0,0
R04,SKU-1161,2025-10-29,18,0,0
R04,SKU-1161,10/30/2025,18,0,1
R04,SKU-1161,2025-10-31,17,0,0
R04,SKU-1112,2025-10-01,6,0,0
R04,SKU-1112,2025-10-02,7,0,0
R04,SKU-1112,2025-10-03,7,0,0
R04,SKU-1112,2025-10-04,2,1,0
R04,SKU-1112,2025-10-05,7,2,0
R04,SKU-1112,2025-10-06,4,0,0
R04,SKU-1112,2025-10-07,5,0,0
R04,SKU-1112,10/08/2025,11,0,0
R04,SKU-1112,10/09/2025,10,1,0
R04,SKU-1112,10/10/2025,5,0,0
R04,SKU-1112,2025-10-11,5,1,0
R04,SKU-1112,2025-10-12,4,1,0
R04,SKU-1112,2025-10-13,8,0,0
R04,SKU-1112,10/14/2025,5,0,0
R04,SKU-1112,2025-10-15,5,0,1
R04,SKU-1112,16-Oct-25,8,2,1
R04,SKU-1112,10/17/2025,9,1,0
R04,SKU-1112,2025-10-18,7,1,0
R04,SKU-1112,2025-10-19,8,0,0
R04,SKU-1112,2025-10-20,9,0,0
R04,SKU-1112,21-Oct-25,5,3,0
R04,SKU-1112,2025-10-22,13,0,0
R04,SKU-1112,10/23/2025,7,1,0
R04,SKU-1112,2025-10-24,7,0,0
R04,SKU-1112,10/25/2025,4,0,0
R04,SKU-1112,2025-10-26,8,1,0
R04,SKU-1112,27-Oct-25,5,0,0
R04,SKU-1112,2025-10-28,9,0,0
R04,SKU-1112,10/29/2025,10,1,0
R04,SKU-1112,10/30/2025,8,1,0
R04,SKU-1112,2025-10-31,10,1,0
R05,SKU-1112,2025-10-01,32,0,0
R05,SKU-1112,10/02/2025,17,1,0
R05,SKU-1112,2025-10-03,20,1,0
R05,SKU-1112,04-Oct-25,22,1,0
R05,SKU-1112,05-Oct-25,23,0,0
R05,SKU-1112,2025-10-06,26,0,0
R05,SKU-1112,2025-10-07,22,1,1
R05,SKU-1112,10/08/2025,22,0,0
R05,SKU-1112,09-Oct-25,27,0,1
R05,SKU-1112,10/10/2025,21,2,1
R05,SKU-1112,10/11/2025,12,0,0
R05,SKU-1112,2025-10-12,25,0,0
R05,SKU-1112,13-Oct-25,25,1,0
R05,SKU-1112,2025-10-14,22,0,0
R05,SKU-1112,10/15/2025,20,0,1
R05,SKU-1112,2025-10-16,23,0,0
R05,SKU-1112,10/17/2025,20,1,0
R05,SKU-1112,10/18/2025,16,0,1
R05,SKU-1112,10/19/2025,31,0,0
R05,SKU-1112,2025-10-20,16,0,0
R05,SKU-1112,2025-10-21,21,2,0
R05,SKU-1112,2025-10-22,17,0,0
R05,SKU-1112,2025-10-23,32,0,0
R05,SKU-1112,2025-10-24,19,0,0
R05,SKU-1112,2025-10-25,14,0,1
R05,SKU-1112,26-Oct-25,30,0,0
R05,SKU-1112,2025-10-27,18,1,0
R05,SKU-1112,2025-10-28,14,0,0
R05,SKU-1112,2025-10-29,24,0,0
R05,SKU-1112,2025-10-30,21,1,0
R05,SKU-1112,31-Oct-25,12,0,0
R05,SKU-1133,10/01/2025,31,0,0
R05,SKU-1133,10/02/2025,22,0,0
R05,SKU-1133,2025-10-03,14,1,0
R05,SKU-1133,2025-10-04,26,0,1
R05,SKU-1133,2025-10-05,31,0,0
R05,SKU-1133,10/06/2025,26,0,0
R05,SKU-1133,2025-10-07,30,0,1
R05,SKU-1133,10/08/2025,16,0,0
R05,SKU-1133,2025-10-09,29,0,0
R05,SKU-1133,10-Oct-25,27,0,0
R05,SKU-1133,11-Oct-25,20,0,0
R05,SKU-1133,10/12/2025,20,1,1
R05,SKU-1133,2025-10-13,18,0,0
R05,SKU-1133,14-Oct-25,34,0,1
R05,SKU-1133,2025-10-15,37,1,0
R05,SKU-1133,2025-10-16,23,0,0
R05,SKU-1133,2025-10-17,21,0,0
R05,SKU-1133,10/18/2025,24,1,0
R05,SKU-1133,19-Oct-25,36,1,1
R05,SKU-1133,2025-10-20,21,1,0
R05,SKU-1133,2025-10-21,28,0,0
R05,SKU-1133,2025-10-22,19,1,0
R05,SKU-1133,10/23/2025,22,0,0
R05,SKU-1133,2025-10-24,25,1,0
R05,SKU-1133,2025-10-25,27,3,0
R05,SKU-1133,2025-10-26,26,0,0
R05,SKU-1133,2025-10-27,31,1,1
R05,SKU-1133,2025-10-28,34,0,0
R05,SKU-1133,2025-10-29,27,0,0
R05,SKU-1133,10/30/2025,19,1,0
R05,SKU-1133,2025-10-31,17,0,0
R05,SKU-1028,2025-10-01,5,0,0
R05,SKU-1028,2025-10-02,5,1,0
R05,SKU-1028,03-Oct-25,11,0,0
R05,SKU-1028,2025-10-04,5,1,0
R05,SKU-1028,2025-10-05,5,0,0
R05,SKU-1028,2025-10-06,6,0,0
R05,SKU-1028,10/07/2025,5,0,0
R05,SKU-1028,2025-10-08,5,0,0
R05,SKU-1028,10/09/2025,10,0,0
R05,SKU-1028,10/10/2025,5,0,0
R05,SKU-1028,2025-10-11,7,0,0
R05,SKU-1028,2025-10-12,9,0,0
R05,SKU-1028,10/13/2025,4,1,0
R05,SKU-1028,2025-10-14,5,0,0
R05,SKU-1028,2025-10-15,4,0,0
R05,SKU-1028,2025-10-16,4,0,0
R05,SKU-1028,2025-10-17,1,0,0
R05,SKU-1028,2025-10-18,4,1,0
R05,SKU-1028,2025-10-19,3,0,0
R05,SKU-1028,10/20/2025,3,1,0
R05,SKU-1028,10/21/2025,4,0,0
R05,SKU-1028,10/22/2025,9,2,0
R05,SKU-1028,23-Oct-25,6,0,0
R05,SKU-1028,2025-10-24,5,0,0
R05,SKU-1028,2025-10-25,4,0,0
R05,SKU-1028,10/26/2025,7,0,0
R05,SKU-1028,2025-10-27,7,0,0
R05,SKU-1028,2025-10-28,3,0,0
R05,SKU-1028,10/29/2025,4,0,0
R05,SKU-1028,2025-10-30,5,0,0
R05,SKU-1028,2025-10-31,3,0,0
R05,SKU-1126,01-Oct-25,16,0,0
R05,SKU-1126,2025-10-02,19,0,0
R05,SKU-1126,2025-10-03,12,0,0
R05,SKU-1126,04-Oct-25,12,0,1
R05,SKU-1126,2025-10-05,12,0,0
R05,SKU-1126,2025-10-06,16,0,0
R05,SKU-1126,07-Oct-25,12,1,0
R05,SKU-1126,2025-10-08,11,0,0
R05,SKU-1126,2025-10-09,15,1,1
R05,SKU-1126,2025-10-10,15,0,0
R05,SKU-1126,2025-10-11,21,0,0
R05,SKU-1126,2025-10-12,14,0,0
R05,SKU-1126,2025-10-13,13,1,0
R05,SKU-1126,2025-10-14,12,0,1
R05,SKU-1126,2025-10-15,16,0,0
R05,SKU-1126,10/16/2025,11,0,0
R05,SKU-1126,17-Oct-25,21,0,0
R05,SKU-1126,2025-10-18,14,0,0
R05,SKU-1126,10/19/2025,16,0,0
R05,SKU-1126,2025-10-20,13,1,0
R05,SKU-1126,21-Oct-25,17,1,0
R05,SKU-1126,2025-10-22,19,1,0
R05,SKU-1126,2025-10-23,18,1,0
R05,SKU-1126,2025-10-24,18,2,1
R05,SKU-1126,10/25/2025,17,0,0
R05,SKU-1126,10/26/2025,16,3,0
R05,SKU-1126,2025-10-27,15,0,0
R05,SKU-1126,2025-10-28,20,0,0
R05,SKU-1126,2025-10-29,14,0,0
R05,SKU-1126,30-Oct-25,19,0,0
R05,SKU-1126,2025-10-31,27,0,0
R05,SKU-1077,2025-10-01,34,0,0
R05,SKU-1077,2025-10-02,31,1,0
R05,SKU-1077,2025-10-03,25,0,0
R05,SKU-1077,2025-10-04,24,1,0
R05,SKU-1077,2025-10-05,25,2,0
R05,SKU-1077,06-Oct-25,22,0,0
R05,SKU-1077,2025-10-07,32,0,0
R05,SKU-1077,10/08/2025,16,1,0
R05,SKU-1077,2025-10-09,24,0,0
R05,SKU-1077,10/10/2025,27,1,0
R05,SKU-1077,2025-10-11,20,0,0
R05,SKU-1077,10/12/2025,25,0,0
R05,SKU-1077,2025-10-13,26,1,0
R05,SKU-1077,2025-10-14,31,0,1
R05,SKU-1077,2025-10-15,16,1,0
R05,SKU-1077,16-Oct-25,31,1,0
R05,SKU-1077,2025-10-17,26,0,1
R05,SKU-1077,10/18/2025,18,1,0
R05,SKU-1077,19-Oct-25,32,2,0
R05,SKU-1077,20-Oct-25,25,0,0
R05,SKU-1077,2025-10-21,20,1,1
R05,SKU-1077,2025-10-22,20,2,0
R05,SKU-1077,10/23/2025,21,1,0
R05,SKU-1077,2025-10-24,23,0,0
R05,SKU-1077,2025-10-25,16,0,0
R05,SKU-1077,2025-10-26,24,0,0
R05,SKU-1077,27-Oct-25,18,0,0
R05,SKU-1077,28-Oct-25,22,0,0
R05,SKU-1077,10/29/2025,10,0,0
R05,SKU-1077,2025-10-30,20,0,1
R05,SKU-1077,31-Oct-25,25,1,0
R05,SKU-1196,10/01/2025,39,1,0
R05,SKU-1196,2025-10-02,30,1,0
R05,SKU-1196,10/03/2025,32,1,0
R05,SKU-1196,2025-10-04,30,1,1
R05,SKU-1196,2025-10-05,31,0,0
R05,SKU-1196,2025-10-06,35,0,0
R05,SKU-1196,2025-10-07,38,0,0
R05,SKU-1196,2025-10-08,24,0,0
R05,SKU-1196,2025-10-09,36,0,0
R05,SKU-1196,2025-10-10,24,0,0
R05,SKU-1196,2025-10-11,32,0,1
R05,SKU-1196,2025-10-12,24,0,0
R05,SKU-1196,13-Oct-25,23,0,0
R05,SKU-1196,2025-10-14,33,1,0
R05,SKU-1196,10/15/2025,27,0,1
R05,SKU-1196,10/16/2025,33,0,0
R05,SKU-1196,10/17/2025,29,0,0
R05,SKU-1196,2025-10-18,27,0,0
R05,SKU-1196,10/19/2025,32,0,0
R05,SKU-1196,2025-10-20,32,0,1
R05,SKU-1196,2025-10-21,35,1,0
R05,SKU-1196,22-Oct-25,35,0,0
R05,SKU-1196,23-Oct-25,26,0,0
R05,SKU-1196,24-Oct-25,29,1,0
R05,SKU-1196,2025-10-25,26,0,0
R05,SKU-1196,10/26/2025,30,1,0
R05,SKU-1196,10/27/2025,25,1,0
R05,SKU-1196,10/28/2025,25,0,1
R05,SKU-1196,29-Oct-25,28,1,0
R05,SKU-1196,2025-10-30,25,1,0
R05,SKU-1196,2025-10-31,30,1,0
R05,SKU-1056,10/01/2025,29,1,0
R05,SKU-1056,2025-10-02,28,0,0
R05,SKU-1056,2025-10-03,28,1,0
R05,SKU-1056,2025-10-04,37,0,0
R05,SKU-1056,05-Oct-25,26,1,0
R05,SKU-1056,06-Oct-25,30,0,0
R05,SKU-1056,07-Oct-25,27,0,0
R05,SKU-1056,2025-10-08,18,1,0
R05,SKU-1056,10/09/2025,42,0,0
R05,SKU-1056,10/10/2025,23,0,0
R05,SKU-1056,10/11/2025,24,0,0
R05,SKU-1056,2025-10-12,32,0,0
R05,SKU-1056,13-Oct-25,37,0,0
R05,SKU-1056,2025-10-14,22,0,0
R05,SKU-1056,2025-10-15,29,1,0
R05,SKU-1056,10/16/2025,24,0,0
R05,SKU-1056,2025-10-17,28,3,0
R05,SKU-1056,10/18/2025,32,0,1
R05,SKU-1056,10/19/2025,25,1,0
R05,SKU-1056,2025-10-20,34,0,0
R05,SKU-1056,2025-10-21,28,0,0
R05,SKU-1056,22-Oct-25,40,1,0
R05,SKU-1056,23-Oct-25,19,0,1
R05,SKU-1056,2025-10-24,24,0,0
R05,SKU-1056,2025-10-25,29,0,0
R05,SKU-1056,26-Oct-25,25,0,0
R05,SKU-1056,10/27/2025,32,0,0
R05,SKU-1056,2025-10-28,25,0,1
R05,SKU-1056,2025-10-29,28,0,0
R05,SKU-1056,30-Oct-25,28,0,0
R05,SKU-1056,2025-10-31,34,2,0
R05,SKU-1280,01-Oct-25,5,2,0
R05,SKU-1280,2025-10-02,14,1,0
R05,SKU-1280,2025-10-03,13,0,0
R05,SKU-1280,2025-10-04,13,0,1
R05,SKU-1280,2025-10-05,16,1,0
R05,SKU-1280,10/06/2025,13,0,0
R05,SKU-1280,2025-10-07,14,1,0
R05,SKU-1280,2025-10-08,10,0,1
R05,SKU-1280,2025-10-09,10,0,0
R05,SKU-1280,10/10/2025,8,0,0
R05,SKU-1280,2025-10-11,7,0,1
R05,SKU-1280,2025-10-12,11,1,1
R05,SKU-1280,13-Oct-25,17,0,0
R05,SKU-1280,10/14/2025,8,0,0
R05,SKU-1280,15-Oct-25,9,0,0
R05,SKU-1280,10/16/2025,10,1,0
R05,SKU-1280,17-Oct-25,13,0,0
R05,SKU-1280,2025-10-18,18,2,0
R05,SKU-1280,2025-10-19,14,0,0
R05,SKU-1280,20-Oct-25,13,0,0
R05,SKU-1280,2025-10-21,11,0,0
R05,SKU-1280,2025-10-22,7,0,0
R05,SKU-1280,2025-10-23,14,1,0
R05,SKU-1280,10/24/2025,12,1,0
R05,SKU-1280,2025-10-25,10,1,0
R05,SKU-1280,2025-10-26,14,0,0
R05,SKU-1280,2025-10-27,6,1,1
R05,SKU-1280,2025-10-28,15,1,1
R05,SKU-1280,10/29/2025,14,0,0
R05,SKU-1280,10/30/2025,11,0,0
R05,SKU-1280,2025-10-31,9,0,0
R05,SKU-1147,2025-10-01,6,0,0
R05,SKU-1147,2025-10-02,6,2,0
R05,SKU-1147,2025-10-03,5,1,0
R05,SKU-1147,04-Oct-25,4,2,0
R05,SKU-1147,10/05/2025,4,0,1
R05,SKU-1147,10/06/2025,2,0,0
R05,SKU-1147,07-Oct-25,8,1,0
R05,SKU-1147,08-Oct-25,8,0,0
R05,SKU-1147,10/09/2025,7,0,0
R05,SKU-1147,2025-10-10,5,0,0
R05,SKU-1147,2025-10-11,11,0,0
R05,SKU-1147,2025-10-12,5,0,0
R05,SKU-1147,2025-10-13,6,0,0
R05,SKU-1147,2025-10-14,4,0,0
R05,SKU-1147,15-Oct-25,6,0,0
R05,SKU-1147,2025-10-16,1,0,0
R05,SKU-1147,2025-10-17,8,1,0
R05,SKU-1147,2025-10-18,8,1,0
R05,SKU-1147,19-Oct-25,9,0,1
R05,SKU-1147,2025-10-20,7,1,0
R05,SKU-1147,2025-10-21,4,0,0
R05,SKU-1147,10/22/2025,10,0,0
R05,SKU-1147,2025-10-23,3,0,0
R05,SKU-1147,2025-10-24,3,0,1
R05,SKU-1147,2025-10-25,2,0,0
R05,SKU-1147,2025-10-26,6,0,0
R05,SKU-1147,10/27/2025,7,1,0
R05,SKU-1147,10/28/2025,5,0,1
R05,SKU-1147,2025-10-29,7,1,0
R05,SKU-1147,2025-10-30,6,0,1
R05,SKU-1147,2025-10-31,5,0,0
R05,SKU-1273,01-Oct-25,24,0,0
R05,SKU-1273,2025-10-02,23,0,0
R05,SKU-1273,2025-10-03,27,1,0
R05,SKU-1273,10/04/2025,18,1,0
R05,SKU-1273,2025-10-05,11,3,0
R05,SKU-1273,10/06/2025,18,0,0
R05,SKU-1273,2025-10-07,22,1,0
R05,SKU-1273,2025-10-08,31,0,0
R05,SKU-1273,2025-10-09,26,1,1
R05,SKU-1273,10-Oct-25,22,0,0
R05,SKU-1273,2025-10-11,27,0,0
R05,SKU-1273,2025-10-12,24,0,0
R05,SKU-1273,13-Oct-25,20,2,0
R05,SKU-1273,2025-10-14,19,0,0
R05,SKU-1273,2025-10-15,22,1,0
R05,SKU-1273,2025-10-16,20,1,0
R05,SKU-1273,2025-10-17,13,0,0
R05,SKU-1273,2025-10-18,23,1,0
R05,SKU-1273,2025-10-19,19,1,1
R05,SKU-1273,2025-10-20,23,0,0
R05,SKU-1273,2025-10-21,24,1,0
R05,SKU-1273,2025-10-22,15,0,0
R05,SKU-1273,2025-10-23,22,0,0
R05,SKU-1273,10/24/2025,28,0,0
R05,SKU-1273,2025-10-25,24,0,1
R05,SKU-1273,2025-10-26,13,1,0
R05,SKU-1273,2025-10-27,14,1,0
R05,SKU-1273,2025-10-28,26,0,0
R05,SKU-1273,2025-10-29,20,0,1
R05,SKU-1273,10/30/2025,27,0,0
R05,SKU-1273,10/31/2025,28,0,1
R05,SKU-1105,01-Oct-25,10,0,0
R05,SKU-1105,2025-10-02,11,0,0
R05,SKU-1105,03-Oct-25,9,2,0
R05,SKU-1105,04-Oct-25,13,1,0
R05,SKU-1105,2025-10-05,14,0,0
R05,SKU-1105,2025-10-06,7,0,0
R05,SKU-1105,2025-10-07,16,0,1
R05,SKU-1105,2025-10-08,19,0,0
R05,SKU-1105,2025-10-09,18,0,0
R05,SKU-1105,2025-10-10,21,0,0
R05,SKU-1105,2025-10-11,9,0,0
R05,SKU-1105,2025-10-12,15,2,0
R05,SKU-1105,13-Oct-25,18,0,0
R05,SKU-1105,2025-10-14,13,0,0
R05,SKU-1105,2025-10-15,19,0,0
R05,SKU-1105,2025-10-16,16,0,0
R05,SKU-1105,2025-10-17,20,1,0
R05,SKU-1105,2025-10-18,14,0,0
R05,SKU-1105,2025-10-19,16,0,0
R05,SKU-1105,2025-10-20,12,3,1
R05,SKU-1105,10/21/2025,14,0,0
R05,SKU-1105,2025-10-22,10,0,0
R05,SKU-1105,2025-10-23,13,1,0
R05,SKU-1105,10/24/2025,16,3,1
R05,SKU-1105,25-Oct-25,14,0,1
R05,SKU-1105,2025-10-26,14,1,1
R05,SKU-1105,2025-10-27,14,0,0
R05,SKU-1105,2025-10-28,22,0,1
R05,SKU-1105,2025-10-29,11,0,0
R05,SKU-1105,10/30/2025,18,0,1
R05,SKU-1105,2025-10-31,9,1,0
R05,SKU-1007,2025-10-01,22,2,0
R05,SKU-1007,2025-10-02,25,0,0
R05,SKU-1007,03-Oct-25,18,2,0
R05,SKU-1007,04-Oct-25,23,0,1
R05,SKU-1007,2025-10-05,26,1,0
R05,SKU-1007,2025-10-06,21,0,0
R05,SKU-1007,10/07/2025,22,1,0
R05,SKU-1007,2025-10-08,24,0,1
R05,SKU-1007,2025-10-09,31,0,0
R05,SKU-1007,10/10/2025,29,1,0
R05,SKU-1007,10/11/2025,15,1,0
R05,SKU-1007,10/12/2025,21,0,0
R05,SKU-1007,13-Oct-25,25,1,0
R05,SKU-1007,2025-10-14,27,0,1
R05,SKU-1007,15-Oct-25,18,0,0
R05,SKU-1007,2025-10-16,23,0,1
R05,SKU-1007,2025-10-17,28,2,0
R05,SKU-1007,18-Oct-25,21,0,0
R05,SKU-1007,2025-10-19,20,0,0
R05,SKU-1007,2025-10-20,28,0,0
R05,SKU-1007,2025-10-21,27,0,0
R05,SKU-1007,2025-10-22,25,1,0
R05,SKU-1007,2025-10-23,26,0,0
R05,SKU-1007,2025-10-24,30,1,0
R05,SKU-1007,25-Oct-25,33,1,0
R05,SKU-1007,10/26/2025,16,0,0
R05,SKU-1007,10/27/2025,22,0,0
R05,SKU-1007,10/28/2025,28,0,0
R05,SKU-1007,2025-10-29,22,0,0
R05,SKU-1007,30-Oct-25,18,0,0
R05,SKU-1007,31-Oct-25,15,1,0
R05,SKU-1098,10/01/2025,46,1,0
R05,SKU-1098,2025-10-02,30,0,0
R05,SKU-1098,10/03/2025,22,1,0
R05,SKU-1098,2025-10-04,30,0,0
R05,SKU-1098,2025-10-05,40,0,0
R05,SKU-1098,2025-10-06,40,0,0
R05,SKU-1098,2025-10-07,31,0,1
R05,SKU-1098,2025-10-08,28,0,0
R05,SKU-1098,2025-10-09,36,1,0
R05,SKU-1098,2025-10-10,29,0,0
R05,SKU-1098,10/11/2025,31,1,0
R05,SKU-1098,2025-10-12,27,0,0
R05,SKU-1098,2025-10-13,28,1,0
R05,SKU-1098,2025-10-14,39,1,0
R05,SKU-1098,2025-10-15,31,2,0
R05,SKU-1098,10/16/2025,32,1,0
R05,SKU-1098,17-Oct-25,46,1,1
R05,SKU-1098,2025-10-18,22,1,0
R05,SKU-1098,2025-10-19,25,0,0
R05,SKU-1098,2025-10-20,33,1,0
R05,SKU-1098,10/21/2025,34,0,0
R05,SKU-1098,2025-10-22,24,1,0
R05,SKU-1098,2025-10-23,44,0,0
R05,SKU-1098,2025-10-24,25,0,0
R05,SKU-1098,2025-10-25,37,0,0
R05,SKU-1098,26-Oct-25,41,1,0
R05,SKU-1098,2025-10-27,31,0,0
R05,SKU-1098,28-Oct-25,41,0,0
R05,SKU-1098,29-Oct-25,32,1,0
R05,SKU-1098,2025-10-30,23,0,0
R05,SKU-1098,10/31/2025,19,0,0
R05,SKU-1035,2025-10-01,10,0,0
R05,SKU-1035,10/02/2025,7,2,0
R05,SKU-1035,10/03/2025,7,0,0
R05,SKU-1035,04-Oct-25,4,0,0
R05,SKU-1035,05-Oct-25,7,0,0
R05,SKU-1035,10/06/2025,3,0,0
R05,SKU-1035,2025-10-07,6,1,0
R05,SKU-1035,2025-10-08,6,0,1
R05,SKU-1035,09-Oct-25,5,2,0
R05,SKU-1035,10-Oct-25,10,0,1
R05,SKU-1035,2025-10-11,6,0,0
R05,SKU-1035,2025-10-12,5,0,0
R05,SKU-1035,2025-10-13,6,2,0
R05,SKU-1035,14-Oct-25,7,0,0
R05,SKU-1035,10/15/2025,4,0,0
R05,SKU-1035,10/16/2025,7,1,1
R05,SKU-1035,2025-10-17,2,0,0
R05,SKU-1035,2025-10-18,4,0,0
R05,SKU-1035,2025-10-19,5,0,1
R05,SKU-1035,2025-10-20,8,0,0
R05,SKU-1035,2025-10-21,4,0,0
R05,SKU-1035,2025-10-22,8,0,0
R05,SKU-1035,2025-10-23,4,0,0
R05,SKU-1035,10/24/2025,7,0,1
R05,SKU-1035,2025-10-25,4,0,1
R05,SKU-1035,2025-10-26,4,2,0
R05,SKU-1035,27-Oct-25,5,0,0
R05,SKU-1035,28-Oct-25,1,0,0
R05,SKU-1035,29-Oct-25,5,0,0
R05,SKU-1035,2025-10-30,3,0,0
R05,SKU-1035,10/31/2025,7,0,0
R05,SKU-1014,2025-10-01,14,0,0
R05,SKU-1014,02-Oct-25,14,0,0
R05,SKU-1014,2025-10-03,15,0,0
R05,SKU-1014,10/04/2025,21,1,1
R05,SKU-1014,10/05/2025,17,1,0
R05,SKU-1014,10/06/2025,10,1,0
R05,SKU-1014,07-Oct-25,11,0,0
R05,SKU-1014,10/08/2025,17,2,0
R05,SKU-1014,10/09/2025,19,1,0
R05,SKU-1014,10/10/2025,21,0,0
R05,SKU-1014,2025-10-11,14,1,0
R05,SKU-1014,2025-10-12,17,1,0
R05,SKU-1014,2025-10-13,21,0,1
R05,SKU-1014,10/14/2025,20,1,0
R05,SKU-1014,2025-10-15,18,0,0
R05,SKU-1014,10/16/2025,19,0,0
R05,SKU-1014,17-Oct-25,7,0,0
R05,SKU-1014,2025-10-18,16,0,1
R05,SKU-1014,19-Oct-25,10,0,0
R05,SKU-1014,2025-10-20,17,0,0
R05,SKU-1014,21-Oct-25,12,1,0
R05,SKU-1014,10/22/2025,11,0,0
R05,SKU-1014,10/23/2025,19,0,0
R05,SKU-1014,2025-10-24,13,0,0
R05,SKU-1014,2025-10-25,17,0,0
R05,SKU-1014,2025-10-26,14,0,0
R05,SKU-1014,2025-10-27,8,1,0
R05,SKU-1014,2025-10-28,17,0,0
R05,SKU-1014,10/29/2025,24,1,0
R05,SKU-1014,30-Oct-25,15,1,0
R05,SKU-1014,10/31/2025,12,0,0
R05,SKU-1091,2025-10-01,4,0,0
R05,SKU-1091,2025-10-02,4,2,0
R05,SKU-1091,2025-10-03,5,0,0
R05,SKU-1091,2025-10-04,7,0,0
R05,SKU-1091,2025-10-05,10,0,0
R05,SKU-1091,2025-10-06,3,0,1
R05,SKU-1091,2025-10-07,10,1,0
R05,SKU-1091,2025-10-08,11,0,0
R05,SKU-1091,2025-10-09,4,1,0
R05,SKU-1091,2025-10-10,8,0,0
R05,SKU-1091,11-Oct-25,7,0,0
R05,SKU-1091,12-Oct-25,7,0,0
R05,SKU-1091,13-Oct-25,4,1,1
R05,SKU-1091,14-Oct-25,9,1,0
R05,SKU-1091,2025-10-15,8,0,0
R05,SKU-1091,2025-10-16,10,0,0
R05,SKU-1091,10/17/2025,4,0,0
R05,SKU-1091,2025-10-18,11,0,0
R05,SKU-1091,19-Oct-25,12,0,1
R05,SKU-1091,2025-10-20,11,0,0
R05,SKU-1091,21-Oct-25,6,1,0
R05,SKU-1091,10/22/2025,7,0,1
R05,SKU-1091,2025-10-23,6,0,0
R05,SKU-1091,2025-10-24,11,0,0
R05,SKU-1091,2025-10-25,11,0,0
R05,SKU-1091,2025-10-26,4,0,0
R05,SKU-1091,2025-10-27,6,0,0
R05,SKU-1091,2025-10-28,7,0,0
R05,SKU-1091,2025-10-29,4,0,1
R05,SKU-1091,30-Oct-25,2,0,0
R05,SKU-1091,10/31/2025,4,0,0
R05,SKU-1182,2025-10-01,14,1,0
R05,SKU-1182,10/02/2025,20,2,0
R05,SKU-1182,10/03/2025,10,1,0
R05,SKU-1182,10/04/2025,17,0,0
R05,SKU-1182,2025-10-05,21,1,0
R05,SKU-1182,2025-10-06,15,0,0
R05,SKU-1182,2025-10-07,12,0,0
R05,SKU-1182,10/08/2025,9,1,0
R05,SKU-1182,2025-10-09,15,1,0
R05,SKU-1182,10-Oct-25,15,0,0
R05,SKU-1182,10/11/2025,12,2,0
R05,SKU-1182,2025-10-12,17,1,0
R05,SKU-1182,2025-10-13,17,0,0
R05,SKU-1182,2025-10-14,24,1,0
R05,SKU-1182,2025-10-15,18,0,1
R05,SKU-1182,2025-10-16,18,0,1
R05,SKU-1182,2025-10-17,21,1,0
R05,SKU-1182,2025-10-18,16,0,0
R05,SKU-1182,10/19/2025,15,0,0
R05,SKU-1182,2025-10-20,24,1,0
R05,SKU-1182,2025-10-21,15,0,1
R05,SKU-1182,22-Oct-25,11,1,1
R05,SKU-1182,2025-10-23,26,0,0
R05,SKU-1182,2025-10-24,20,0,0
R05,SKU-1182,2025-10-25,12,3,0
R05,SKU-1182,2025-10-26,17,2,1
R05,SKU-1182,10/27/2025,19,1,0
R05,SKU-1182,2025-10-28,24,0,0
R05,SKU-1182,2025-10-29,13,0,1
R05,SKU-1182,10/30/2025,14,0,0
R05,SKU-1182,2025-10-31,15,0,0
R05,SKU-1042,2025-10-01,18,1,0
R05,SKU-1042,2025-10-02,29,0,0
R05,SKU-1042,2025-10-03,23,0,0
R05,SKU-1042,10/04/2025,19,1,0
R05,SKU-1042,05-Oct-25,20,0,0
R05,SKU-1042,10/06/2025,17,0,0
R05,SKU-1042,2025-10-07,18,0,0
R05,SKU-1042,2025-10-08,24,0,0
R05,SKU-1042,10/09/2025,21,0,0
R05,SKU-1042,2025-10-10,18,1,0
R05,SKU-1042,2025-10-11,18,0,0
R05,SKU-1042,2025-10-12,19,1,0
R05,SKU-1042,2025-10-13,20,1,0
R05,SKU-1042,2025-10-14,18,0,0
R05,SKU-1042,2025-10-15,17,0,0
R05,SKU-1042,10/16/2025,20,0,0
R05,SKU-1042,17-Oct-25,22,1,0
R05,SKU-1042,18-Oct-25,15,1,0
R05,SKU-1042,10/19/2025,27,1,0
R05,SKU-1042,2025-10-20,22,0,0
R05,SKU-1042,2025-10-21,14,0,1
R05,SKU-1042,22-Oct-25,13,2,0
R05,SKU-1042,2025-10-23,14,1,0
R05,SKU-1042,2025-10-24,13,0,0
R05,SKU-1042,25-Oct-25,19,0,0
R05,SKU-1042,2025-10-26,25,0,0
R05,SKU-1042,2025-10-27,24,0,0
R05,SKU-1042,2025-10-28,13,1,1
R05,SKU-1042,2025-10-29,22,0,0
R05,SKU-1042,10/30/2025,22,1,1
R05,SKU-1042,2025-10-31,25,0,1
R05,SKU-1140,2025-10-01,16,0,0
R05,SKU-1140,10/02/2025,16,0,0
R05,SKU-1140,2025-10-03,20,0,0
R05,SKU-1140,2025-10-04,11,1,0
R05,SKU-1140,10/05/2025,17,0,0
R05,SKU-1140,2025-10-06,20,0,1
R05,SKU-1140,2025-10-07,16,0,1
R05,SKU-1140,2025-10-08,8,0,0
R05,SKU-1140,2025-10-09,15,0,0
R05,SKU-1140,2025-10-10,16,0,0
R05,SKU-1140,2025-10-11,13,0,0
R05,SKU-1140,12-Oct-25,20,2,0
R05,SKU-1140,10/13/2025,14,0,0
R05,SKU-1140,2025-10-14,19,0,1
R05,SKU-1140,10/15/2025,18,0,0
R05,SKU-1140,2025-10-16,22,0,0
R05,SKU-1140,2025-10-17,11,0,0
R05,SKU-1140,10/18/2025,19,2,0
R05,SKU-1140,10/19/2025,9,0,0
R05,SKU-1140,2025-10-20,16,0,0
R05,SKU-1140,2025-10-21,15,0,0
R05,SKU-1140,2025-10-22,10,0,0
R05,SKU-1140,2025-10-23,11,0,0
R05,SKU-1140,24-Oct-25,18,0,1
R05,SKU-1140,25-Oct-25,11,0,0
R05,SKU-1140,2025-10-26,11,2,0
R05,SKU-1140,10/27/2025,17,0,0
R05,SKU-1140,2025-10-28,17,0,0
R05,SKU-1140,10/29/2025,16,1,0
R05,SKU-1140,10/30/2025,11,0,0
R05,SKU-1140,2025-10-31,12,2,0
R05,SKU-1189,10/01/2025,18,0,0
R05,SKU-1189,2025-10-02,13,1,1
R05,SKU-1189,2025-10-03,16,0,0
R05,SKU-1189,2025-10-04,13,0,0
R05,SKU-1189,2025-10-05,11,0,0
R05,SKU-1189,2025-10-06,20,1,0
R05,SKU-1189,10/07/2025,11,1,0
R05,SKU-1189,10/08/2025,25,1,0
R05,SKU-1189,2025-10-09,12,0,0
R05,SKU-1189,2025-10-10,14,0,0
R05,SKU-1189,2025-10-11,14,1,0
R05,SKU-1189,10/12/2025,10,1,0
R05,SKU-1189,2025-10-13,24,1,0
R05,SKU-1189,2025-10-14,10,0,0
R05,SKU-1189,2025-10-15,16,0,0
R05,SKU-1189,16-Oct-25,14,0,1
R05,SKU-1189,2025-10-17,15,2,0
R05,SKU-1189,2025-10-18,24,0,0
R05,SKU-1189,10/19/2025,21,0,0
R05,SKU-1189,2025-10-20,11,1,0
R05,SKU-1189,21-Oct-25,20,0,0
R05,SKU-1189,2025-10-22,23,1,0
R05,SKU-1189,10/23/2025,17,0,0
R05,SKU-1189,2025-10-24,20,2,0
R05,SKU-1189,2025-10-25,25,1,0
R05,SKU-1189,2025-10-26,12,0,0
R05,SKU-1189,2025-10-27,10,0,0
R05,SKU-1189,2025-10-28,18,0,0
R05,SKU-1189,10/29/2025,17,0,0
R05,SKU-1189,2025-10-30,15,0,0
R05,SKU-1189,31-Oct-25,12,0,0
R05,SKU-1084,2025-10-01,13,0,0
R05,SKU-1084,02-Oct-25,16,0,0
R05,SKU-1084,03-Oct-25,18,0,1
R05,SKU-1084,2025-10-04,8,0,1
R05,SKU-1084,05-Oct-25,14,0,0
R05,SKU-1084,2025-10-06,11,0,1
R05,SKU-1084,2025-10-07,13,1,0
R05,SKU-1084,2025-10-08,10,0,1
R05,SKU-1084,2025-10-09,15,0,1
R05,SKU-1084,2025-10-10,7,0,1
R05,SKU-1084,2025-10-11,13,0,0
R05,SKU-1084,2025-10-12,15,0,0
R05,SKU-1084,2025-10-13,10,1,0
R05,SKU-1084,10/14/2025,16,0,1
R05,SKU-1084,2025-10-15,8,1,0
R05,SKU-1084,10/16/2025,13,0,0
R05,SKU-1084,10/17/2025,13,1,0
R05,SKU-1084,18-Oct-25,10,0,0
R05,SKU-1084,2025-10-19,9,0,0
R05,SKU-1084,2025-10-20,6,0,0
R05,SKU-1084,2025-10-21,15,0,0
R05,SKU-1084,2025-10-22,15,0,1
R05,SKU-1084,10/23/2025,17,0,0
R05,SKU-1084,10/24/2025,18,1,0
R05,SKU-1084,2025-10-25,14,0,0
R05,SKU-1084,26-Oct-25,13,0,0
R05,SKU-1084,2025-10-27,14,0,0
R05,SKU-1084,10/28/2025,10,0,0
R05,SKU-1084,10/29/2025,17,0,0
R05,SKU-1084,2025-10-30,12,0,0
R05,SKU-1084,2025-10-31,18,1,0
R05,SKU-1168,2025-10-01,29,0,1
R05,SKU-1168,2025-10-02,29,0,0
R05,SKU-1168,2025-10-03,26,1,0
R05,SKU-1168,10/04/2025,31,1,0
R05,SKU-1168,10/05/2025,33,0,0
R05,SKU-1168,2025-10-06,30,0,0
R05,SKU-1168,2025-10-07,38,0,0
R05,SKU-1168,08-Oct-25,44,0,0
R05,SKU-1168,10/09/2025,30,0,0
R05,SKU-1168,10-Oct-25,32,0,0
R05,SKU-1168,11-Oct-25,34,1,0
R05,SKU-1168,10/12/2025,23,1,0
R05,SKU-1168,2025-10-13,29,0,0
R05,SKU-1168,2025-10-14,26,0,1
R05,SKU-1168,2025-10-15,34,0,0
R05,SKU-1168,2025-10-16,27,0,0
R05,SKU-1168,2025-10-17,37,0,0
R05,SKU-1168,2025-10-18,34,0,0
R05,SKU-1168,19-Oct-25,27,1,0
R05,SKU-1168,20-Oct-25,27,0,0
R05,SKU-1168,2025-10-21,28,0,0
R05,SKU-1168,10/22/2025,25,0,0
R05,SKU-1168,10/23/2025,31,0,0
R05,SKU-1168,2025-10-24,25,0,0
R05,SKU-1168,10/25/2025,44,0,0
R05,SKU-1168,2025-10-26,36,0,0
R05,SKU-1168,27-Oct-25,30,0,0
R05,SKU-1168,10/28/2025,37,1,1
R05,SKU-1168,29-Oct-25,39,0,0
R05,SKU-1168,2025-10-30,28,0,0
R05,SKU-1168,2025-10-31,26,0,0
R05,SKU-1175,2025-10-01,32,0,0
R05,SKU-1175,2025-10-02,29,0,0
R05,SKU-1175,2025-10-03,37,1,0
R05,SKU-1175,2025-10-04,38,1,0
R05,SKU-1175,2025-10-05,24,0,0
R05,SKU-1175,06-Oct-25,22,0,0
R05,SKU-1175,10/07/2025,36,0,0
R05,SKU-1175,2025-10-08,35,0,0
R05,SKU-1175,09-Oct-25,33,0,0
R05,SKU-1175,2025-10-10,29,0,0
R05,SKU-1175,10/11/2025,33,0,0
R05,SKU-1175,2025-10-12,31,2,0
R05,SKU-1175,2025-10-13,34,0,0
R05,SKU-1175,10/14/2025,29,0,0
R05,SKU-1175,15-Oct-25,35,0,1
R05,SKU-1175,10/16/2025,24,0,0
R05,SKU-1175,2025-10-17,27,0,0
R05,SKU-1175,2025-10-18,36,0,1
R05,SKU-1175,10/19/2025,30,0,0
R05,SKU-1175,2025-10-20,34,0,0
R05,SKU-1175,2025-10-21,30,0,0
R05,SKU-1175,2025-10-22,33,0,0
R05,SKU-1175,2025-10-23,33,0,0
R05,SKU-1175,2025-10-24,27,0,0
R05,SKU-1175,2025-10-25,28,1,0
R05,SKU-1175,2025-10-26,34,1,1
R05,SKU-1175,2025-10-27,27,1,0
R05,SKU-1175,10/28/2025,37,0,0
R05,SKU-1175,2025-10-29,35,0,0
R05,SKU-1175,2025-10-30,33,0,0
R05,SKU-1175,2025-10-31,35,3,0
R05,SKU-1070,2025-10-01,28,0,0
R05,SKU-1070,2025-10-02,31,1,0
R05,SKU-1070,03-Oct-25,24,0,0
R05,SKU-1070,10/04/2025,28,1,0
R05,SKU-1070,10/05/2025,33,2,0
R05,SKU-1070,10/06/2025,28,2,0
R05,SKU-1070,2025-10-07,26,0,1
R05,SKU-1070,10/08/2025,26,2,0
R05,SKU-1070,10/09/2025,32,0,0
R05,SKU-1070,2025-10-10,25,0,0
R05,SKU-1070,2025-10-11,31,0,0
R05,SKU-1070,10/12/2025,21,0,0
R05,SKU-1070,2025-10-13,26,0,0
R05,SKU-1070,2025-10-14,34,3,1
R05,SKU-1070,15-Oct-25,31,1,1
R05,SKU-1070,2025-10-16,31,1,0
R05,SKU-1070,10/17/2025,31,1,0
R05,SKU-1070,2025-10-18,36,0,0
R05,SKU-1070,10/19/2025,37,0,1
R05,SKU-1070,2025-10-20,33,0,0
R05,SKU-1070,2025-10-21,26,2,0
R05,SKU-1070,2025-10-22,34,0,0
R05,SKU-1070,2025-10-23,34,0,0
R05,SKU-1070,10/24/2025,22,2,0
R05,SKU-1070,2025-10-25,36,0,0
R05,SKU-1070,10/26/2025,32,0,0
R05,SKU-1070,10/27/2025,31,0,0
R05,SKU-1070,10/28/2025,27,1,0
R05,SKU-1070,2025-10-29,39,1,0
R05,SKU-1070,10/30/2025,28,0,0
R05,SKU-1070,10/31/2025,35,0,0
