retailer_id,product_id,sale_date,sold_qty,returns_qty,promo_flag
R01,SKU-1014,2025-04-01,4,1,0
R01,SKU-1014,2025-04-02,2,0,1
R01,SKU-1014,2025-04-03,6,0,0
R01,SKU-1014,2025-04-04,7,1,1
R01,SKU-1014,04/05/2025,5,0,0
R01,SKU-1014,04/06/2025,8,0,0
R01,SKU-1014,07-Apr-25,9,2,0
R01,SKU-1014,04/08/2025,8,2,0
R01,SKU-1014,2025-04-09,4,0,0
R01,SKU-1014,2025-04-10,2,1,0
R01,SKU-1014,2025-04-11,6,2,0
R01,SKU-1014,04/12/2025,10,0,0
R01,SKU-1014,2025-04-13,3,0,0
R01,SKU-1014,2025-04-14,1,1,0
R01,SKU-1014,04/15/2025,4,0,0
R01,SKU-1014,2025-04-16,0,1,0
R01,SKU-1014,17-Apr-25,8,0,0
R01,SKU-1014,04/18/2025,3,0,0
R01,SKU-1014,2025-04-19,5,0,0
R01,SKU-1014,2025-04-20,3,2,0
R01,SKU-1014,04/21/2025,4,0,0
R01,SKU-1014,04/22/2025,5,1,0
R01,SKU-1014,2025-04-23,4,3,0
R01,SKU-1014,2025-04-24,1,0,0
R01,SKU-1014,25-Apr-25,6,0,0
R01,SKU-1014,04/26/2025,14,0,0
R01,SKU-1014,2025-04-27,9,0,0
R01,SKU-1014,2025-04-28,7,1,0
R01,SKU-1014,29-Apr-25,7,0,0
R01,SKU-1014,2025-04-30,4,1,0
R01,SKU-1231,2025-04-01,5,1,1
R01,SKU-1231,04/02/2025,8,0,0
R01,SKU-1231,04/03/2025,12,0,0
R01,SKU-1231,2025-04-04,17,0,1
R01,SKU-1231,2025-04-05,15,0,0
R01,SKU-1231,04/06/2025,7,1,0
R01,SKU-1231,2025-04-07,12,1,0
R01,SKU-1231,2025-04-08,8,1,0
R01,SKU-1231,04/09/2025,9,0,0
R01,SKU-1231,2025-04-10,16,0,0
R01,SKU-1231,04/11/2025,9,0,0
R01,SKU-1231,04/12/2025,9,1,0
R01,SKU-1231,2025-04-13,11,1,0
R01,SKU-1231,2025-04-14,7,0,0
R01,SKU-1231,2025-04-15,7,0,0
R01,SKU-1231,2025-04-16,6,0,0
R01,SKU-1231,2025-04-17,5,0,0
R01,SKU-1231,18-Apr-25,9,0,0
R01,SKU-1231,2025-04-19,13,0,0
R01,SKU-1231,2025-04-20,13,0,0
R01,SKU-1231,2025-04-21,16,0,0
R01,SKU-1231,22-Apr-25,10,0,0
R01,SKU-1231,23-Apr-25,17,0,0
R01,SKU-1231,2025-04-24,13,0,0
R01,SKU-1231,04/25/2025,10,0,0
R01,SKU-1231,04/26/2025,18,1,0
R01,SKU-1231,27-Apr-25,9,0,0
R01,SKU-1231,2025-04-28,12,0,0
R01,SKU-1231,2025-04-29,5,0,0
R01,SKU-1231,2025-04-30,11,2,0
R01,SKU-1056,04/01/2025,13,1,1
R01,SKU-1056,04/02/2025,23,0,0
R01,SKU-1056,04/03/2025,12,0,0
R01,SKU-1056,04/04/2025,12,1,0
R01,SKU-1056,04/05/2025,16,0,0
R01,SKU-1056,2025-04-06,13,3,0
R01,SKU-1056,2025-04-07,16,0,0
R01,SKU-1056,2025-04-08,10,0,0
R01,SKU-1056,2025-04-09,9,2,0
R01,SKU-1056,10-Apr-25,20,0,0
R01,SKU-1056,2025-04-11,8,0,0
R01,SKU-1056,2025-04-12,11,0,0
R01,SKU-1056,13-Apr-25,11,1,0
R01,SKU-1056,14-Apr-25,22,1,0
R01,SKU-1056,04/15/2025,8,0,0
R01,SKU-1056,04/16/2025,11,0,0
R01,SKU-1056,04/17/2025,8,0,1
R01,SKU-1056,2025-04-18,14,0,0
R01,SKU-1056,2025-04-19,12,0,0
R01,SKU-1056,2025-04-20,8,0,0
R01,SKU-1056,2025-04-21,15,0,0
R01,SKU-1056,2025-04-22,14,0,0
R01,SKU-1056,04/23/2025,13,1,0
R01,SKU-1056,24-Apr-25,14,0,0
R01,SKU-1056,2025-04-25,8,0,0
R01,SKU-1056,2025-04-26,13,1,0
R01,SKU-1056,27-Apr-25,14,1,0
R01,SKU-1056,04/28/2025,12,1,0
R01,SKU-1056,2025-04-29,12,0,0
R01,SKU-1056,2025-04-30,17,0,0
R01,SKU-1140,04/01/2025,4,0,0
R01,SKU-1140,2025-04-02,6,0,0
R01,SKU-1140,2025-04-03,12,1,0
R01,SKU-1140,04/04/2025,10,0,0
R01,SKU-1140,05-Apr-25,6,0,0
R01,SKU-1140,04/06/2025,15,2,0
R01,SKU-1140,07-Apr-25,9,0,0
R01,SKU-1140,08-Apr-25,10,0,0
R01,SKU-1140,2025-04-09,12,0,0
R01,SKU-1140,2025-04-10,6,0,0
R01,SKU-1140,04/11/2025,9,0,0
R01,SKU-1140,04/12/2025,3,0,0
R01,SKU-1140,2025-04-13,9,2,0
R01,SKU-1140,2025-04-14,15,1,0
R01,SKU-1140,04/15/2025,17,0,0
R01,SKU-1140,2025-04-16,14,0,0
R01,SKU-1140,2025-04-17,8,0,0
R01,SKU-1140,04/18/2025,9,0,0
R01,SKU-1140,2025-04-19,10,1,0
R01,SKU-1140,2025-04-20,12,1,0
R01,SKU-1140,2025-04-21,7,1,0
R01,SKU-1140,04/22/2025,4,1,0
R01,SKU-1140,04/23/2025,9,2,0
R01,SKU-1140,04/24/2025,10,0,0
R01,SKU-1140,2025-04-25,6,0,0
R01,SKU-1140,2025-04-26,14,0,0
R01,SKU-1140,2025-04-27,13,0,0
R01,SKU-1140,2025-04-28,14,0,1
R01,SKU-1140,2025-04-29,10,0,0
R01,SKU-1140,04/30/2025,8,0,0
R01,SKU-1189,2025-04-01,7,0,0
R01,SKU-1189,02-Apr-25,6,0,0
R01,SKU-1189,03-Apr-25,9,2,0
R01,SKU-1189,04/04/2025,14,0,0
R01,SKU-1189,2025-04-05,11,2,0
R01,SKU-1189,2025-04-06,8,0,0
R01,SKU-1189,2025-04-07,8,0,0
R01,SKU-1189,04/08/2025,5,0,0
R01,SKU-1189,2025-04-09,9,0,0
R01,SKU-1189,2025-04-10,6,2,0
R01,SKU-1189,04/11/2025,5,0,0
R01,SKU-1189,2025-04-12,19,0,0
R01,SKU-1189,2025-04-13,14,1,0
R01,SKU-1189,14-Apr-25,3,1,0
R01,SKU-1189,2025-04-15,7,0,0
R01,SKU-1189,2025-04-16,18,0,0
R01,SKU-1189,2025-04-17,10,1,0
R01,SKU-1189,18-Apr-25,6,0,0
R01,SKU-1189,2025-04-19,11,0,0
R01,SKU-1189,2025-04-20,13,3,0
R01,SKU-1189,2025-04-21,7,0,0
R01,SKU-1189,22-Apr-25,12,1,0
R01,SKU-1189,2025-04-23,11,2,1
R01,SKU-1189,2025-04-24,12,0,0
R01,SKU-1189,04/25/2025,9,0,0
R01,SKU-1189,26-Apr-25,7,2,0
R01,SKU-1189,04/27/2025,6,1,0
R01,SKU-1189,2025-04-28,14,0,0
R01,SKU-1189,2025-04-29,3,1,0
R01,SKU-1189,2025-04-30,12,0,0
R01,SKU-1252,04/01/2025,31,0,0
R01,SKU-1252,2025-04-02,21,0,0
R01,SKU-1252,03-Apr-25,24,1,0
R01,SKU-1252,2025-04-04,23,2,0
R01,SKU-1252,04/05/2025,24,0,0
R01,SKU-1252,2025-04-06,16,0,0
R01,SKU-1252,2025-04-07,29,0,0
R01,SKU-1252,04/08/2025,18,0,0
R01,SKU-1252,09-Apr-25,19,0,0
R01,SKU-1252,10-Apr-25,29,0,0
R01,SKU-1252,2025-04-11,32,1,0
R01,SKU-1252,2025-04-12,24,2,0
R01,SKU-1252,04/13/2025,30,0,0
R01,SKU-1252,14-Apr-25,36,2,0
R01,SKU-1252,04/15/2025,23,0,0
R01,SKU-1252,2025-04-16,27,0,0
R01,SKU-1252,2025-04-17,20,0,0
R01,SKU-1252,2025-04-18,23,0,0
R01,SKU-1252,04/19/2025,27,1,0
R01,SKU-1252,2025-04-20,19,1,1
R01,SKU-1252,04/21/2025,18,0,0
R01,SKU-1252,04/22/2025,41,0,0
R01,SKU-1252,2025-04-23,30,0,0
R01,SKU-1252,04/24/2025,23,0,0
R01,SKU-1252,04/25/2025,18,0,0
R01,SKU-1252,2025-04-26,31,2,0
R01,SKU-1252,27-Apr-25,30,0,0
R01,SKU-1252,2025-04-28,26,0,0
R01,SKU-1252,29-Apr-25,23,0,0
R01,SKU-1252,04/30/2025,21,0,0
R01,SKU-1259,04/01/2025,17,0,1
R01,SKU-1259,2025-04-02,11,0,0
R01,SKU-1259,2025-04-03,6,0,0
R01,SKU-1259,2025-04-04,15,0,0
R01,SKU-1259,04/05/2025,14,0,0
R01,SKU-1259,06-Apr-25,8,0,1
R01,SKU-1259,2025-04-07,15,0,0
R01,SKU-1259,2025-04-08,13,0,0
R01,SKU-1259,2025-04-09,16,0,0
R01,SKU-1259,04/10/2025,16,0,0
R01,SKU-1259,04/11/2025,12,1,0
R01,SKU-1259,04/12/2025,8,0,0
R01,SKU-1259,04/13/2025,9,0,0
R01,SKU-1259,04/14/2025,22,1,0
R01,SKU-1259,2025-04-15,10,0,0
R01,SKU-1259,2025-04-16,15,0,0
R01,SKU-1259,2025-04-17,9,0,0
R01,SKU-1259,04/18/2025,13,2,1
R01,SKU-1259,19-Apr-25,6,1,0
R01,SKU-1259,2025-04-20,13,1,0
R01,SKU-1259,2025-04-21,8,0,0
R01,SKU-1259,2025-04-22,12,0,0
R01,SKU-1259,2025-04-23,10,0,0
R01,SKU-1259,2025-04-24,15,0,0
R01,SKU-1259,25-Apr-25,7,0,0
R01,SKU-1259,2025-04-26,11,1,0
R01,SKU-1259,2025-04-27,9,1,0
R01,SKU-1259,2025-04-28,6,1,0
R01,SKU-1259,2025-04-29,15,0,0
R01,SKU-1259,2025-04-30,10,0,0
R01,SKU-1021,2025-04-01,10,0,1
R01,SKU-1021,04/02/2025,14,0,0
R01,SKU-1021,2025-04-03,15,0,0
R01,SKU-1021,2025-04-04,15,0,0
R01,SKU-1021,04/05/2025,8,0,1
R01,SKU-1021,2025-04-06,14,1,0
R01,SKU-1021,2025-04-07,5,3,1
R01,SKU-1021,08-Apr-25,21,0,0
R01,SKU-1021,04/09/2025,14,0,0
R01,SKU-1021,2025-04-10,7,0,0
R01,SKU-1021,04/11/2025,17,0,0
R01,SKU-1021,04/12/2025,18,0,0
R01,SKU-1021,2025-04-13,13,0,0
R01,SKU-1021,04/14/2025,13,0,0
R01,SKU-1021,2025-04-15,14,0,0
R01,SKU-1021,2025-04-16,18,0,0
R01,SKU-1021,17-Apr-25,12,0,1
R01,SKU-1021,2025-04-18,13,0,1
R01,SKU-1021,2025-04-19,10,0,1
R01,SKU-1021,2025-04-20,16,1,0
R01,SKU-1021,2025-04-21,19,1,0
R01,SKU-1021,04/22/2025,14,0,0
R01,SKU-1021,04/23/2025,8,0,0
R01,SKU-1021,2025-04-24,15,0,0
R01,SKU-1021,04/25/2025,9,0,0
R01,SKU-1021,04/26/2025,15,0,1
R01,SKU-1021,2025-04-27,13,0,0
R01,SKU-1021,04/28/2025,13,0,0
R01,SKU-1021,2025-04-29,15,0,0
R01,SKU-1021,04/30/2025,15,1,1
R01,SKU-1147,2025-04-01,14,0,0
R01,SKU-1147,04/02/2025,13,0,0
R01,SKU-1147,2025-04-03,21,0,0
R01,SKU-1147,2025-04-04,14,0,0
R01,SKU-1147,05-Apr-25,17,0,0
R01,SKU-1147,2025-04-06,15,0,1
R01,SKU-1147,04/07/2025,14,0,0
R01,SKU-1147,2025-04-08,19,0,0
R01,SKU-1147,2025-04-09,14,0,0
R01,SKU-1147,2025-04-10,21,1,0
R01,SKU-1147,04/11/2025,16,0,0
R01,SKU-1147,2025-04-12,12,1,0
R01,SKU-1147,2025-04-13,10,1,1
R01,SKU-1147,2025-04-14,22,0,0
R01,SKU-1147,2025-04-15,22,0,1
R01,SKU-1147,04/16/2025,12,0,0
R01,SKU-1147,17-Apr-25,25,0,0
R01,SKU-1147,2025-04-18,18,2,0
R01,SKU-1147,04/19/2025,20,0,0
R01,SKU-1147,04/20/2025,15,1,0
R01,SKU-1147,2025-04-21,20,0,0
R01,SKU-1147,2025-04-22,16,0,0
R01,SKU-1147,04/23/2025,13,0,0
R01,SKU-1147,2025-04-24,14,1,0
R01,SKU-1147,04/25/2025,18,1,0
R01,SKU-1147,04/26/2025,29,1,0
R01,SKU-1147,2025-04-27,10,0,0
R01,SKU-1147,28-Apr-25,18,0,0
R01,SKU-1147,2025-04-29,17,0,0
R01,SKU-1147,2025-04-30,23,0,0
R01,SKU-1126,2025-04-01,22,0,0
R01,SKU-1126,02-Apr-25,21,0,0
R01,SKU-1126,04/03/2025,25,1,0
R01,SKU-1126,2025-04-04,23,1,0
R01,SKU-1126,2025-04-05,31,0,0
R01,SKU-1126,2025-04-06,27,1,0
R01,SKU-1126,2025-04-07,33,1,1
R01,SKU-1126,04/08/2025,34,0,0
R01,SKU-1126,2025-04-09,32,0,0
R01,SKU-1126,04/10/2025,33,0,0
R01,SKU-1126,2025-04-11,24,0,0
R01,SKU-1126,2025-04-12,28,2,0
R01,SKU-1126,2025-04-13,18,0,1
R01,SKU-1126,14-Apr-25,24,1,0
R01,SKU-1126,04/15/2025,26,0,0
R01,SKU-1126,16-Apr-25,37,1,0
R01,SKU-1126,17-Apr-25,33,0,0
R01,SKU-1126,2025-04-18,29,0,0
R01,SKU-1126,04/19/2025,20,1,1
R01,SKU-1126,2025-04-20,33,0,0
R01,SKU-1126,04/21/2025,31,1,0
R01,SKU-1126,2025-04-22,32,0,0
R01,SKU-1126,2025-04-23,27,2,0
R01,SKU-1126,2025-04-24,27,0,0
R01,SKU-1126,04/25/2025,20,0,0
R01,SKU-1126,2025-04-26,29,3,0
R01,SKU-1126,27-Apr-25,28,0,0
R01,SKU-1126,28-Apr-25,30,0,1
R01,SKU-1126,04/29/2025,24,0,0
R01,SKU-1126,2025-04-30,24,1,0
R01,SKU-1175,2025-04-01,2,2,0
R01,SKU-1175,2025-04-02,3,1,0
R01,SKU-1175,2025-04-03,4,1,0
R01,SKU-1175,2025-04-04,5,2,0
R01,SKU-1175,2025-04-05,5,0,0
R01,SKU-1175,04/06/2025,4,0,0
R01,SKU-1175,04/07/2025,9,0,0
R01,SKU-1175,2025-04-08,3,0,0
R01,SKU-1175,2025-04-09,1,1,0
R01,SKU-1175,04/10/2025,5,1,0
R01,SKU-1175,04/11/2025,3,0,0
R01,SKU-1175,12-Apr-25,3,0,1
R01,SKU-1175,2025-04-13,3,0,0
R01,SKU-1175,2025-04-14,2,0,1
R01,SKU-1175,15-Apr-25,3,0,1
R01,SKU-1175,2025-04-16,2,0,0
R01,SKU-1175,2025-04-17,1,0,0
R01,SKU-1175,2025-04-18,6,0,0
R01,SKU-1175,04/19/2025,1,0,0
R01,SKU-1175,20-Apr-25,3,0,0
R01,SKU-1175,2025-04-21,5,0,0
R01,SKU-1175,2025-04-22,1,0,1
R01,SKU-1175,04/23/2025,3,0,0
R01,SKU-1175,2025-04-24,2,0,0
R01,SKU-1175,2025-04-25,2,1,0
R01,SKU-1175,2025-04-26,5,0,0
R01,SKU-1175,2025-04-27,2,0,0
R01,SKU-1175,2025-04-28,4,0,0
R01,SKU-1175,04/29/2025,3,3,1
R01,SKU-1175,2025-04-30,3,0,0
R01,SKU-1196,2025-04-01,24,0,0
R01,SKU-1196,2025-04-02,24,0,0
R01,SKU-1196,2025-04-03,32,0,0
R01,SKU-1196,04/04/2025,24,0,0
R01,SKU-1196,2025-04-05,21,0,0
R01,SKU-1196,06-Apr-25,22,1,0
R01,SKU-1196,2025-04-07,23,0,0
R01,SKU-1196,2025-04-08,23,1,0
R01,SKU-1196,2025-04-09,20,0,1
R01,SKU-1196,2025-04-10,18,1,0
R01,SKU-1196,2025-04-11,19,0,0
R01,SKU-1196,2025-04-12,17,0,0
R01,SKU-1196,2025-04-13,26,2,0
R01,SKU-1196,2025-04-14,26,2,0
R01,SKU-1196,04/15/2025,26,0,0
R01,SKU-1196,2025-04-16,26,0,0
R01,SKU-1196,2025-04-17,19,1,0
R01,SKU-1196,18-Apr-25,31,0,0
R01,SKU-1196,04/19/2025,21,2,1
R01,SKU-1196,04/20/2025,19,0,0
R01,SKU-1196,21-Apr-25,22,1,0
R01,SKU-1196,04/22/2025,24,0,0
R01,SKU-1196,23-Apr-25,16,0,0
R01,SKU-1196,2025-04-24,29,1,0
R01,SKU-1196,04/25/2025,22,0,0
R01,SKU-1196,2025-04-26,16,0,0
R01,SKU-1196,04/27/2025,21,0,0
R01,SKU-1196,04/28/2025,14,2,1
R01,SKU-1196,2025-04-29,22,0,0
R01,SKU-1196,2025-04-30,28,1,0
R01,SKU-1091,2025-04-01,12,0,0
R01,SKU-1091,04/02/2025,18,0,0
R01,SKU-1091,04/03/2025,15,0,0
R01,SKU-1091,2025-04-04,25,0,1
R01,SKU-1091,04/05/2025,14,0,0
R01,SKU-1091,2025-04-06,12,0,0
R01,SKU-1091,2025-04-07,13,0,1
R01,SKU-1091,2025-04-08,14,0,0
R01,SKU-1091,2025-04-09,3,0,0
R01,SKU-1091,04/10/2025,13,0,0
R01,SKU-1091,2025-04-11,18,0,0
R01,SKU-1091,04/12/2025,12,0,0
R01,SKU-1091,04/13/2025,15,0,1
R01,SKU-1091,04/14/2025,17,0,0
R01,SKU-1091,15-Apr-25,12,0,0
R01,SKU-1091,2025-04-16,18,1,1
R01,SKU-1091,2025-04-17,15,0,0
R01,SKU-1091,2025-04-18,18,1,0
R01,SKU-1091,2025-04-19,17,0,0
R01,SKU-1091,2025-04-20,17,0,0
R01,SKU-1091,2025-04-21,16,1,0
R01,SKU-1091,2025-04-22,18,0,0
R01,SKU-1091,23-Apr-25,11,0,0
R01,SKU-1091,04/24/2025,6,1,0
R01,SKU-1091,2025-04-25,12,0,0
R01,SKU-1091,26-Apr-25,12,0,0
R01,SKU-1091,2025-04-27,19,0,0
R01,SKU-1091,2025-04-28,16,1,1
R01,SKU-1091,2025-04-29,13,0,0
R01,SKU-1091,2025-04-30,17,1,0
R01,SKU-1119,04/01/2025,7,1,0
R01,SKU-1119,02-Apr-25,5,0,0
R01,SKU-1119,03-Apr-25,5,0,0
R01,SKU-1119,04/04/2025,3,1,1
R01,SKU-1119,04/05/2025,4,1,0
R01,SKU-1119,04/06/2025,6,0,0
R01,SKU-1119,2025-04-07,4,0,0
R01,SKU-1119,2025-04-08,4,0,0
R01,SKU-1119,2025-04-09,4,0,0
R01,SKU-1119,2025-04-10,1,0,1
R01,SKU-1119,2025-04-11,6,0,1
R01,SKU-1119,12-Apr-25,1,0,0
R01,SKU-1119,2025-04-13,11,1,1
R01,SKU-1119,2025-04-14,7,0,0
R01,SKU-1119,2025-04-15,6,0,0
R01,SKU-1119,16-Apr-25,5,0,1
R01,SKU-1119,2025-04-17,7,1,0
R01,SKU-1119,2025-04-18,3,1,0
R01,SKU-1119,04/19/2025,7,1,0
R01,SKU-1119,2025-04-20,6,0,0
R01,SKU-1119,04/21/2025,2,0,0
R01,SKU-1119,2025-04-22,7,0,0
R01,SKU-1119,2025-04-23,5,0,0
R01,SKU-1119,04/24/2025,9,0,0
R01,SKU-1119,2025-04-25,4,1,0
R01,SKU-1119,2025-04-26,8,0,0
R01,SKU-1119,2025-04-27,2,0,0
R01,SKU-1119,2025-04-28,6,0,0
R01,SKU-1119,29-Apr-25,8,0,0
R01,SKU-1119,2025-04-30,1,0,0
R01,SKU-1224,2025-04-01,36,0,0
R01,SKU-1224,2025-04-02,38,0,0
R01,SKU-1224,2025-04-03,42,0,0
R01,SKU-1224,04-Apr-25,35,1,0
R01,SKU-1224,04/05/2025,34,0,0
R01,SKU-1224,06-Apr-25,27,0,0
R01,SKU-1224,2025-04-07,34,1,0
R01,SKU-1224,2025-04-08,34,0,0
R01,SKU-1224,2025-04-09,32,0,0
R01,SKU-1224,2025-04-10,31,1,0
R01,SKU-1224,2025-04-11,30,0,0
R01,SKU-1224,04/12/2025,30,1,0
R01,SKU-1224,2025-04-13,46,0,0
R01,SKU-1224,2025-04-14,23,1,0
R01,SKU-1224,04/15/2025,37,2,0
R01,SKU-1224,2025-04-16,41,1,0
R01,SKU-1224,2025-04-17,29,0,0
R01,SKU-1224,18-Apr-25,36,2,0
R01,SKU-1224,2025-04-19,27,0,0
R01,SKU-1224,20-Apr-25,35,0,0
R01,SKU-1224,2025-04-21,31,0,0
R01,SKU-1224,04/22/2025,28,0,1
R01,SKU-1224,04/23/2025,23,0,0
R01,SKU-1224,2025-04-24,24,0,0
R01,SKU-1224,04/25/2025,39,0,0
R01,SKU-1224,2025-04-26,24,0,0
R01,SKU-1224,2025-04-27,26,0,0
R01,SKU-1224,2025-04-28,32,1,0
R01,SKU-1224,04/29/2025,31,1,0
R01,SKU-1224,04/30/2025,25,0,0
R01,SKU-1266,2025-04-01,28,0,1
R01,SKU-1266,2025-04-02,39,0,0
R01,SKU-1266,04/03/2025,34,0,1
R01,SKU-1266,2025-04-04,19,1,0
R01,SKU-1266,2025-04-05,26,0,0
R01,SKU-1266,04/06/2025,28,0,0
R01,SKU-1266,2025-04-07,29,0,0
R01,SKU-1266,2025-04-08,39,0,0
R01,SKU-1266,2025-04-09,33,0,0
R01,SKU-1266,04/10/2025,28,2,0
R01,SKU-1266,11-Apr-25,33,1,0
R01,SKU-1266,2025-04-12,27,0,0
R01,SKU-1266,04/13/2025,30,0,0
R01,SKU-1266,2025-04-14,33,0,0
R01,SKU-1266,04/15/2025,48,2,0
R01,SKU-1266,2025-04-16,41,0,1
R01,SKU-1266,2025-04-17,26,0,0
R01,SKU-1266,04/18/2025,28,0,0
R01,SKU-1266,2025-04-19,38,0,0
R01,SKU-1266,2025-04-20,32,0,0
R01,SKU-1266,2025-04-21,30,0,0
R01,SKU-1266,2025-04-22,32,0,0
R01,SKU-1266,2025-04-23,25,0,1
R01,SKU-1266,2025-04-24,20,0,0
R01,SKU-1266,2025-04-25,25,0,0
R01,SKU-1266,04/26/2025,20,2,0
R01,SKU-1266,2025-04-27,35,2,0
R01,SKU-1266,2025-04-28,36,0,0
R01,SKU-1266,2025-04-29,27,0,0
R01,SKU-1266,04/30/2025,34,0,1
R01,SKU-1063,01-Apr-25,25,0,0
R01,SKU-1063,02-Apr-25,15,0,0
R01,SKU-1063,04/03/2025,15,0,0
R01,SKU-1063,2025-04-04,23,0,0
R01,SKU-1063,2025-04-05,25,0,0
R01,SKU-1063,2025-04-06,15,0,0
R01,SKU-1063,2025-04-07,26,0,0
R01,SKU-1063,2025-04-08,23,0,0
R01,SKU-1063,2025-04-09,29,0,0
R01,SKU-1063,2025-04-10,25,1,0
R01,SKU-1063,2025-04-11,23,1,0
R01,SKU-1063,2025-04-12,25,1,0
R01,SKU-1063,2025-04-13,26,0,0
R01,SKU-1063,04/14/2025,27,0,0
R01,SKU-1063,2025-04-15,22,0,0
R01,SKU-1063,2025-04-16,15,1,0
R01,SKU-1063,2025-04-17,23,1,1
R01,SKU-1063,2025-04-18,28,0,0
R01,SKU-1063,2025-04-19,23,0,1
R01,SKU-1063,2025-04-20,19,0,0
R01,SKU-1063,2025-04-21,14,2,0
R01,SKU-1063,22-Apr-25,27,0,0
R01,SKU-1063,04/23/2025,16,0,0
R01,SKU-1063,2025-04-24,21,0,0
R01,SKU-1063,04/25/2025,24,1,0
R01,SKU-1063,2025-04-26,30,0,0
R01,SKU-1063,04/27/2025,22,0,1
R01,SKU-1063,04/28/2025,28,0,0
R01,SKU-1063,2025-04-29,23,2,0
R01,SKU-1063,2025-04-30,33,1,0
R01,SKU-1245,2025-04-01,34,1,0
R01,SKU-1245,2025-04-02,31,0,0
R01,SKU-1245,04/03/2025,24,1,1
R01,SKU-1245,04-Apr-25,19,0,0
R01,SKU-1245,2025-04-05,18,0,1
R01,SKU-1245,2025-04-06,30,0,0
R01,SKU-1245,04/07/2025,35,0,0
R01,SKU-1245,08-Apr-25,26,0,0
R01,SKU-1245,04/09/2025,27,2,0
R01,SKU-1245,2025-04-10,39,0,0
R01,SKU-1245,2025-04-11,28,0,0
R01,SKU-1245,12-Apr-25,33,0,0
R01,SKU-1245,2025-04-13,33,0,0
R01,SKU-1245,2025-04-14,24,1,0
R01,SKU-1245,04/15/2025,27,0,0
R01,SKU-1245,2025-04-16,28,0,0
R01,SKU-1245,2025-04-17,31,1,0
R01,SKU-1245,2025-04-18,21,1,0
R01,SKU-1245,04/19/2025,29,2,0
R01,SKU-1245,04/20/2025,25,0,0
R01,SKU-1245,04/21/2025,30,0,0
R01,SKU-1245,04/22/2025,19,0,0
R01,SKU-1245,2025-04-23,23,2,0
R01,SKU-1245,2025-04-24,23,1,0
R01,SKU-1245,2025-04-25,30,0,0
R01,SKU-1245,2025-04-26,21,0,0
R01,SKU-1245,2025-04-27,42,0,0
R01,SKU-1245,2025-04-28,25,3,0
R01,SKU-1245,2025-04-29,33,0,0
R01,SKU-1245,04/30/2025,31,0,0
R01,SKU-1182,2025-04-01,5,0,0
R01,SKU-1182,04/02/2025,8,0,0
R01,SKU-1182,04/03/2025,4,0,1
R01,SKU-1182,04/04/2025,6,0,0
R01,SKU-1182,2025-04-05,5,0,0
R01,SKU-1182,2025-04-06,6,0,0
R01,SKU-1182,07-Apr-25,5,0,0
R01,SKU-1182,2025-04-08,9,2,0
R01,SKU-1182,2025-04-09,7,1,0
R01,SKU-1182,2025-04-10,9,1,1
R01,SKU-1182,2025-04-11,8,0,0
R01,SKU-1182,2025-04-12,2,0,0
R01,SKU-1182,04/13/2025,5,0,0
R01,SKU-1182,14-Apr-25,5,0,0
R01,SKU-1182,04/15/2025,5,0,0
R01,SKU-1182,2025-04-16,9,1,0
R01,SKU-1182,17-Apr-25,0,0,0
R01,SKU-1182,2025-04-18,6,1,0
R01,SKU-1182,04/19/2025,6,0,0
R01,SKU-1182,20-Apr-25,4,1,0
R01,SKU-1182,21-Apr-25,5,1,0
R01,SKU-1182,2025-04-22,4,0,0
R01,SKU-1182,2025-04-23,1,2,0
R01,SKU-1182,2025-04-24,5,0,0
R01,SKU-1182,25-Apr-25,7,0,0
R01,SKU-1182,04/26/2025,3,0,0
R01,SKU-1182,04/27/2025,4,1,0
R01,SKU-1182,2025-04-28,8,0,0
R01,SKU-1182,2025-04-29,8,0,1
R01,SKU-1182,2025-04-30,6,0,0
R01,SKU-1007,2025-04-01,39,0,0
R01,SKU-1007,2025-04-02,41,1,1
R01,SKU-1007,03-Apr-25,30,0,0
R01,SKU-1007,2025-04-04,32,0,0
R01,SKU-1007,05-Apr-25,42,0,0
R01,SKU-1007,2025-04-06,31,0,0
R01,SKU-1007,2025-04-07,31,1,0
R01,SKU-1007,2025-04-08,39,1,0
R01,SKU-1007,04/09/2025,28,0,0
R01,SKU-1007,2025-04-10,29,0,0
R01,SKU-1007,11-Apr-25,24,0,0
R01,SKU-1007,2025-04-12,33,2,0
R01,SKU-1007,2025-04-13,26,0,1
R01,SKU-1007,2025-04-14,32,1,0
R01,SKU-1007,2025-04-15,28,0,0
R01,SKU-1007,04/16/2025,31,1,0
R01,SKU-1007,17-Apr-25,23,1,0
R01,SKU-1007,18-Apr-25,44,0,0
R01,SKU-1007,19-Apr-25,25,0,0
R01,SKU-1007,04/20/2025,21,0,0
R01,SKU-1007,04/21/2025,36,0,0
R01,SKU-1007,04/22/2025,33,1,1
R01,SKU-1007,04/23/2025,39,0,0
R01,SKU-1007,2025-04-24,37,2,0
R01,SKU-1007,2025-04-25,41,0,0
R01,SKU-1007,2025-04-26,22,0,0
R01,SKU-1007,2025-04-27,32,1,0
R01,SKU-1007,2025-04-28,29,1,0
R01,SKU-1007,2025-04-29,31,1,0
R01,SKU-1007,2025-04-30,38,0,0
R01,SKU-1070,2025-04-01,13,2,0
R01,SKU-1070,2025-04-02,14,0,0
R01,SKU-1070,2025-04-03,10,0,0
R01,SKU-1070,2025-04-04,18,0,0
R01,SKU-1070,2025-04-05,14,0,0
R01,SKU-1070,2025-04-06,9,1,0
R01,SKU-1070,2025-04-07,9,1,0
R01,SKU-1070,2025-04-08,8,0,1
R01,SKU-1070,2025-04-09,12,1,0
R01,SKU-1070,04/10/2025,16,0,0
R01,SKU-1070,04/11/2025,8,0,0
R01,SKU-1070,04/12/2025,8,0,1
R01,SKU-1070,2025-04-13,15,0,0
R01,SKU-1070,2025-04-14,15,0,0
R01,SKU-1070,2025-04-15,11,0,0
R01,SKU-1070,2025-04-16,11,1,0
R01,SKU-1070,2025-04-17,10,0,0
R01,SKU-1070,2025-04-18,6,0,0
R01,SKU-1070,2025-04-19,16,0,0
R01,SKU-1070,2025-04-20,15,1,0
R01,SKU-1070,04/21/2025,13,1,0
R01,SKU-1070,2025-04-22,8,1,0
R01,SKU-1070,2025-04-23,16,0,0
R01,SKU-1070,04/24/2025,10,0,0
R01,SKU-1070,2025-04-25,10,0,0
R01,SKU-1070,2025-04-26,16,1,0
R01,SKU-1070,27-Apr-25,16,0,0
R01,SKU-1070,2025-04-28,19,0,0
R01,SKU-1070,04/29/2025,13,2,0
R01,SKU-1070,04/30/2025,11,0,0
R01,SKU-1238,01-Apr-25,24,0,1
R01,SKU-1238,04/02/2025,19,0,0
R01,SKU-1238,2025-04-03,21,2,0
R01,SKU-1238,04-Apr-25,25,2,0
R01,SKU-1238,05-Apr-25,16,0,0
R01,SKU-1238,2025-04-06,14,1,0
R01,SKU-1238,2025-04-07,14,0,0
R01,SKU-1238,2025-04-08,22,1,0
R01,SKU-1238,2025-04-09,20,0,0
R01,SKU-1238,2025-04-10,22,1,0
R01,SKU-1238,2025-04-11,16,0,0
R01,SKU-1238,04/12/2025,27,0,0
R01,SKU-1238,2025-04-13,21,0,0
R01,SKU-1238,04/14/2025,23,0,0
R01,SKU-1238,15-Apr-25,22,2,0
R01,SKU-1238,16-Apr-25,14,0,1
R01,SKU-1238,04/17/2025,10,1,0
R01,SKU-1238,04/18/2025,14,1,0
R01,SKU-1238,19-Apr-25,25,1,0
R01,SKU-1238,2025-04-20,29,0,0
R01,SKU-1238,04/21/2025,19,0,0
R01,SKU-1238,04/22/2025,25,0,0
R01,SKU-1238,2025-04-23,25,1,0
R01,SKU-1238,2025-04-24,26,0,0
R01,SKU-1238,2025-04-25,21,0,0
R01,SKU-1238,04/26/2025,15,3,1
R01,SKU-1238,27-Apr-25,22,0,0
R01,SKU-1238,28-Apr-25,13,0,0
R01,SKU-1238,2025-04-29,18,0,0
R01,SKU-1238,30-Apr-25,23,1,0
R01,SKU-1154,04/01/2025,29,1,0
R01,SKU-1154,2025-04-02,19,0,0
R01,SKU-1154,2025-04-03,16,0,0
R01,SKU-1154,04/04/2025,27,0,0
R01,SKU-1154,2025-04-05,19,0,0
R01,SKU-1154,2025-04-06,18,0,0
R01,SKU-1154,2025-04-07,15,0,0
R01,SKU-1154,2025-04-08,12,1,0
R01,SKU-1154,2025-04-09,18,0,0
R01,SKU-1154,2025-04-10,15,0,0
R01,SKU-1154,2025-04-11,17,1,0
R01,SKU-1154,04/12/2025,20,0,0
R01,SKU-1154,2025-04-13,22,0,1
R01,SKU-1154,2025-04-14,17,0,0
R01,SKU-1154,15-Apr-25,23,1,0
R01,SKU-1154,04/16/2025,17,0,0
R01,SKU-1154,2025-04-17,16,0,0
R01,SKU-1154,18-Apr-25,20,0,0
R01,SKU-1154,04/19/2025,18,0,0
R01,SKU-1154,04/20/2025,19,1,0
R01,SKU-1154,2025-04-21,21,0,0
R01,SKU-1154,04/22/2025,24,0,0
R01,SKU-1154,04/23/2025,13,0,0
R01,SKU-1154,24-Apr-25,14,1,0
R01,SKU-1154,04/25/2025,20,0,0
R01,SKU-1154,2025-04-26,14,1,0
R01,SKU-1154,2025-04-27,26,0,0
R01,SKU-1154,04/28/2025,25,0,0
R01,SKU-1154,29-Apr-25,16,0,0
R01,SKU-1154,30-Apr-25,22,1,0
R01,SKU-1273,2025-04-01,25,0,0
R01,SKU-1273,2025-04-02,28,0,0
R01,SKU-1273,04/03/2025,29,1,0
R01,SKU-1273,04/04/2025,25,0,0
R01,SKU-1273,2025-04-05,35,1,0
R01,SKU-1273,2025-04-06,26,0,0
R01,SKU-1273,2025-04-07,28,0,0
R01,SKU-1273,04/08/2025,27,0,0
R01,SKU-1273,2025-04-09,31,1,0
R01,SKU-1273,2025-04-10,26,0,0
R01,SKU-1273,04/11/2025,33,0,1
R01,SKU-1273,2025-04-12,30,1,0
R01,SKU-1273,2025-04-13,25,1,0
R01,SKU-1273,2025-04-14,22,0,0
R01,SKU-1273,2025-04-15,29,0,0
R01,SKU-1273,16-Apr-25,20,2,0
R01,SKU-1273,2025-04-17,31,0,0
R01,SKU-1273,18-Apr-25,25,1,0
R01,SKU-1273,2025-04-19,31,1,1
R01,SKU-1273,04/20/2025,24,0,0
R01,SKU-1273,04/21/2025,28,0,0
R01,SKU-1273,04/22/2025,34,0,0
R01,SKU-1273,2025-04-23,26,1,0
R01,SKU-1273,24-Apr-25,33,1,0
R01,SKU-1273,2025-04-25,22,2,0
R01,SKU-1273,04/26/2025,30,0,0
R01,SKU-1273,04/27/2025,30,0,0
R01,SKU-1273,04/28/2025,33,0,1
R01,SKU-1273,04/29/2025,23,1,0
R01,SKU-1273,04/30/2025,26,0,0
R02,SKU-1119,2025-04-01,2,2,0
R02,SKU-1119,2025-04-02,4,1,0
R02,SKU-1119,04/03/2025,3,0,0
R02,SKU-1119,2025-04-04,8,1,0
R02,SKU-1119,2025-04-05,3,1,0
R02,SKU-1119,04/06/2025,4,1,0
R02,SKU-1119,07-Apr-25,2,0,0
R02,SKU-1119,2025-04-08,4,0,1
R02,SKU-1119,04/09/2025,5,0,0
R02,SKU-1119,04/10/2025,1,0,0
R02,SKU-1119,2025-04-11,4,0,0
R02,SKU-1119,04/12/2025,3,0,0
R02,SKU-1119,2025-04-13,2,1,0
R02,SKU-1119,2025-04-14,8,0,0
R02,SKU-1119,2025-04-15,3,0,0
R02,SKU-1119,2025-04-16,4,0,0
R02,SKU-1119,17-Apr-25,3,2,0
R02,SKU-1119,2025-04-18,6,1,0
R02,SKU-1119,04/19/2025,4,0,0
R02,SKU-1119,2025-04-20,5,1,0
R02,SKU-1119,2025-04-21,3,2,0
R02,SKU-1119,2025-04-22,2,1,0
R02,SKU-1119,23-Apr-25,7,3,0
R02,SKU-1119,2025-04-24,1,0,0
R02,SKU-1119,04/25/2025,2,0,0
R02,SKU-1119,2025-04-26,3,0,0
R02,SKU-1119,2025-04-27,6,0,0
R02,SKU-1119,04/28/2025,2,0,0
R02,SKU-1119,2025-04-29,0,0,0
R02,SKU-1119,30-Apr-25,2,1,0
R02,SKU-1252,2025-04-01,24,0,0
R02,SKU-1252,2025-04-02,31,1,0
R02,SKU-1252,04/03/2025,29,0,0
R02,SKU-1252,2025-04-04,33,1,0
R02,SKU-1252,2025-04-05,25,0,0
R02,SKU-1252,2025-04-06,30,0,0
R02,SKU-1252,2025-04-07,33,0,0
R02,SKU-1252,2025-04-08,44,0,0
R02,SKU-1252,2025-04-09,23,2,0
R02,SKU-1252,2025-04-10,27,0,0
R02,SKU-1252,2025-04-11,35,1,1
R02,SKU-1252,2025-04-12,37,0,1
R02,SKU-1252,2025-04-13,24,1,0
R02,SKU-1252,2025-04-14,42,0,0
R02,SKU-1252,2025-04-15,40,0,0
R02,SKU-1252,2025-04-16,34,0,0
R02,SKU-1252,2025-04-17,26,1,0
R02,SKU-1252,2025-04-18,27,1,1
R02,SKU-1252,04/19/2025,27,0,0
R02,SKU-1252,2025-04-20,33,1,0
R02,SKU-1252,2025-04-21,25,2,0
R02,SKU-1252,2025-04-22,35,1,0
R02,SKU-1252,2025-04-23,31,0,0
R02,SKU-1252,04/24/2025,40,1,0
R02,SKU-1252,2025-04-25,28,0,0
R02,SKU-1252,26-Apr-25,34,0,1
R02,SKU-1252,2025-04-27,29,0,0
R02,SKU-1252,2025-04-28,29,0,0
R02,SKU-1252,2025-04-29,29,0,0
R02,SKU-1252,2025-04-30,25,0,1
R02,SKU-1238,2025-04-01,21,0,0
R02,SKU-1238,04/02/2025,18,0,0
R02,SKU-1238,2025-04-03,17,1,0
R02,SKU-1238,2025-04-04,17,0,0
R02,SKU-1238,05-Apr-25,10,1,0
R02,SKU-1238,2025-04-06,21,0,0
R02,SKU-1238,07-Apr-25,20,0,0
R02,SKU-1238,04/08/2025,21,0,0
R02,SKU-1238,2025-04-09,11,0,0
R02,SKU-1238,2025-04-10,12,1,0
R02,SKU-1238,2025-04-11,22,0,0
R02,SKU-1238,04/12/2025,20,1,0
R02,SKU-1238,13-Apr-25,23,1,0
R02,SKU-1238,2025-04-14,29,0,1
R02,SKU-1238,04/15/2025,22,1,0
R02,SKU-1238,2025-04-16,20,1,0
R02,SKU-1238,2025-04-17,21,0,0
R02,SKU-1238,2025-04-18,15,1,1
R02,SKU-1238,04/19/2025,16,1,0
R02,SKU-1238,2025-04-20,10,1,0
R02,SKU-1238,04/21/2025,21,0,1
R02,SKU-1238,2025-04-22,17,0,0
R02,SKU-1238,23-Apr-25,17,0,0
R02,SKU-1238,2025-04-24,18,1,0
R02,SKU-1238,2025-04-25,13,0,0
R02,SKU-1238,2025-04-26,19,1,0
R02,SKU-1238,2025-04-27,19,0,0
R02,SKU-1238,28-Apr-25,11,1,0
R02,SKU-1238,2025-04-29,11,0,0
R02,SKU-1238,30-Apr-25,21,0,0
R02,SKU-1161,04/01/2025,14,1,0
R02,SKU-1161,2025-04-02,23,1,0
R02,SKU-1161,2025-04-03,14,0,0
R02,SKU-1161,2025-04-04,12,0,0
R02,SKU-1161,2025-04-05,11,1,0
R02,SKU-1161,2025-04-06,10,0,0
R02,SKU-1161,04/07/2025,20,0,0
R02,SKU-1161,08-Apr-25,20,0,1
R02,SKU-1161,09-Apr-25,15,1,1
R02,SKU-1161,10-Apr-25,9,0,0
R02,SKU-1161,2025-04-11,15,0,1
R02,SKU-1161,04/12/2025,12,1,0
R02,SKU-1161,04/13/2025,12,0,0
R02,SKU-1161,2025-04-14,17,0,1
R02,SKU-1161,2025-04-15,11,0,0
R02,SKU-1161,2025-04-16,11,0,0
R02,SKU-1161,2025-04-17,15,0,0
R02,SKU-1161,04/18/2025,6,0,0
R02,SKU-1161,04/19/2025,14,0,0
R02,SKU-1161,04/20/2025,13,0,0
R02,SKU-1161,2025-04-21,16,1,0
R02,SKU-1161,04/22/2025,18,0,0
R02,SKU-1161,2025-04-23,10,0,0
R02,SKU-1161,2025-04-24,17,1,0
R02,SKU-1161,2025-04-25,12,0,0
R02,SKU-1161,04/26/2025,15,1,0
R02,SKU-1161,2025-04-27,12,0,0
R02,SKU-1161,2025-04-28,13,0,0
R02,SKU-1161,04/29/2025,18,0,0
R02,SKU-1161,04/30/2025,19,1,0
R02,SKU-1224,01-Apr-25,33,0,0
R02,SKU-1224,02-Apr-25,51,1,1
R02,SKU-1224,2025-04-03,28,0,0
R02,SKU-1224,04/04/2025,34,0,1
R02,SKU-1224,04/05/2025,23,0,0
R02,SKU-1224,04/06/2025,24,0,0
R02,SKU-1224,2025-04-07,39,0,1
R02,SKU-1224,04/08/2025,41,0,0
R02,SKU-1224,04/09/2025,32,0,0
R02,SKU-1224,2025-04-10,36,0,0
R02,SKU-1224,11-Apr-25,41,0,0
R02,SKU-1224,2025-04-12,29,0,0
R02,SKU-1224,2025-04-13,38,0,0
R02,SKU-1224,2025-04-14,42,1,1
R02,SKU-1224,2025-04-15,31,0,0
R02,SKU-1224,2025-04-16,34,0,0
R02,SKU-1224,2025-04-17,39,0,0
R02,SKU-1224,2025-04-18,34,0,0
R02,SKU-1224,04/19/2025,33,2,0
R02,SKU-1224,04/20/2025,34,0,0
R02,SKU-1224,2025-04-21,40,0,1
R02,SKU-1224,2025-04-22,39,1,0
R02,SKU-1224,2025-04-23,29,1,0
R02,SKU-1224,04/24/2025,33,2,0
R02,SKU-1224,04/25/2025,45,1,0
R02,SKU-1224,26-Apr-25,36,0,0
R02,SKU-1224,04/27/2025,29,0,0
R02,SKU-1224,2025-04-28,49,1,0
R02,SKU-1224,2025-04-29,33,0,0
R02,SKU-1224,2025-04-30,24,0,0
R02,SKU-1084,04/01/2025,27,0,0
R02,SKU-1084,04/02/2025,22,0,0
R02,SKU-1084,2025-04-03,18,0,0
R02,SKU-1084,2025-04-04,16,0,0
R02,SKU-1084,2025-04-05,15,0,0
R02,SKU-1084,2025-04-06,17,0,0
R02,SKU-1084,04/07/2025,27,1,0
R02,SKU-1084,2025-04-08,22,0,0
R02,SKU-1084,2025-04-09,17,0,0
R02,SKU-1084,04/10/2025,26,1,0
R02,SKU-1084,11-Apr-25,18,0,0
R02,SKU-1084,2025-04-12,14,0,0
R02,SKU-1084,2025-04-13,14,0,0
R02,SKU-1084,2025-04-14,10,0,0
R02,SKU-1084,04/15/2025,25,1,0
R02,SKU-1084,2025-04-16,19,0,0
R02,SKU-1084,2025-04-17,15,0,0
R02,SKU-1084,2025-04-18,17,0,0
R02,SKU-1084,2025-04-19,16,1,1
R02,SKU-1084,20-Apr-25,11,1,0
R02,SKU-1084,2025-04-21,23,0,0
R02,SKU-1084,2025-04-22,19,0,0
R02,SKU-1084,2025-04-23,16,0,0
R02,SKU-1084,04/24/2025,12,0,0
R02,SKU-1084,2025-04-25,10,0,0
R02,SKU-1084,04/26/2025,17,0,0
R02,SKU-1084,2025-04-27,13,0,1
R02,SKU-1084,28-Apr-25,24,1,0
R02,SKU-1084,2025-04-29,14,1,0
R02,SKU-1084,30-Apr-25,12,1,0
R02,SKU-1028,2025-04-01,31,1,0
R02,SKU-1028,2025-04-02,35,0,0
R02,SKU-1028,2025-04-03,29,1,0
R02,SKU-1028,2025-04-04,34,1,0
R02,SKU-1028,04/05/2025,39,0,1
R02,SKU-1028,04/06/2025,31,0,0
R02,SKU-1028,07-Apr-25,38,1,0
R02,SKU-1028,2025-04-08,29,0,0
R02,SKU-1028,04/09/2025,28,0,0
R02,SKU-1028,2025-04-10,33,0,0
R02,SKU-1028,04/11/2025,31,0,0
R02,SKU-1028,04/12/2025,21,1,0
R02,SKU-1028,13-Apr-25,33,0,0
R02,SKU-1028,14-Apr-25,24,1,0
R02,SKU-1028,2025-04-15,34,0,0
R02,SKU-1028,04/16/2025,30,0,0
R02,SKU-1028,2025-04-17,35,2,0
R02,SKU-1028,2025-04-18,35,1,0
R02,SKU-1028,2025-04-19,36,0,1
R02,SKU-1028,04/20/2025,33,0,0
R02,SKU-1028,04/21/2025,38,0,1
R02,SKU-1028,04/22/2025,35,0,0
R02,SKU-1028,2025-04-23,32,0,0
R02,SKU-1028,2025-04-24,23,0,0
R02,SKU-1028,25-Apr-25,44,0,1
R02,SKU-1028,26-Apr-25,29,1,0
R02,SKU-1028,2025-04-27,33,0,0
R02,SKU-1028,2025-04-28,24,3,0
R02,SKU-1028,04/29/2025,33,1,0
R02,SKU-1028,04/30/2025,29,1,0
R02,SKU-1140,2025-04-01,21,0,0
R02,SKU-1140,02-Apr-25,29,2,0
R02,SKU-1140,2025-04-03,13,1,0
R02,SKU-1140,2025-04-04,27,1,1
R02,SKU-1140,04/05/2025,21,0,0
R02,SKU-1140,06-Apr-25,14,0,1
R02,SKU-1140,2025-04-07,20,0,0
R02,SKU-1140,2025-04-08,17,1,0
R02,SKU-1140,2025-04-09,15,0,0
R02,SKU-1140,04/10/2025,20,0,0
R02,SKU-1140,04/11/2025,17,0,0
R02,SKU-1140,04/12/2025,21,0,0
R02,SKU-1140,2025-04-13,18,2,0
R02,SKU-1140,04/14/2025,14,0,0
R02,SKU-1140,15-Apr-25,20,1,0
R02,SKU-1140,2025-04-16,17,1,0
R02,SKU-1140,04/17/2025,24,0,0
R02,SKU-1140,18-Apr-25,15,0,0
R02,SKU-1140,04/19/2025,22,1,0
R02,SKU-1140,2025-04-20,22,1,0
R02,SKU-1140,04/21/2025,18,1,0
R02,SKU-1140,2025-04-22,16,0,0
R02,SKU-1140,23-Apr-25,21,0,0
R02,SKU-1140,24-Apr-25,21,0,0
R02,SKU-1140,04/25/2025,23,2,0
R02,SKU-1140,2025-04-26,17,0,0
R02,SKU-1140,2025-04-27,21,0,0
R02,SKU-1140,28-Apr-25,20,0,0
R02,SKU-1140,04/29/2025,24,0,0
R02,SKU-1140,2025-04-30,22,0,0
R02,SKU-1217,2025-04-01,35,1,0
R02,SKU-1217,04/02/2025,26,1,0
R02,SKU-1217,2025-04-03,37,0,0
R02,SKU-1217,2025-04-04,19,1,0
R02,SKU-1217,2025-04-05,21,1,0
R02,SKU-1217,2025-04-06,22,0,1
R02,SKU-1217,2025-04-07,23,0,0
R02,SKU-1217,04/08/2025,17,0,0
R02,SKU-1217,04/09/2025,23,1,0
R02,SKU-1217,04/10/2025,25,0,0
R02,SKU-1217,2025-04-11,23,2,0
R02,SKU-1217,04/12/2025,28,0,0
R02,SKU-1217,04/13/2025,21,1,0
R02,SKU-1217,14-Apr-25,18,0,0
R02,SKU-1217,2025-04-15,20,2,0
R02,SKU-1217,2025-04-16,22,0,0
R02,SKU-1217,2025-04-17,19,1,0
R02,SKU-1217,04/18/2025,15,0,0
R02,SKU-1217,04/19/2025,18,0,0
R02,SKU-1217,2025-04-20,16,0,1
R02,SKU-1217,04/21/2025,20,0,0
R02,SKU-1217,2025-04-22,17,0,0
R02,SKU-1217,2025-04-23,15,0,0
R02,SKU-1217,24-Apr-25,22,0,0
R02,SKU-1217,2025-04-25,20,0,0
R02,SKU-1217,2025-04-26,23,0,0
R02,SKU-1217,27-Apr-25,21,0,0
R02,SKU-1217,04/28/2025,22,0,1
R02,SKU-1217,2025-04-29,23,0,0
R02,SKU-1217,30-Apr-25,26,0,0
R02,SKU-1112,2025-04-01,16,0,1
R02,SKU-1112,02-Apr-25,16,1,0
R02,SKU-1112,2025-04-03,11,0,0
R02,SKU-1112,04/04/2025,11,0,1
R02,SKU-1112,05-Apr-25,25,1,0
R02,SKU-1112,04/06/2025,15,0,0
R02,SKU-1112,2025-04-07,19,1,0
R02,SKU-1112,04/08/2025,10,0,0
R02,SKU-1112,2025-04-09,16,0,1
R02,SKU-1112,10-Apr-25,16,1,0
R02,SKU-1112,2025-04-11,16,0,0
R02,SKU-1112,2025-04-12,12,0,0
R02,SKU-1112,04/13/2025,20,0,0
R02,SKU-1112,14-Apr-25,16,1,0
R02,SKU-1112,04/15/2025,10,1,1
R02,SKU-1112,04/16/2025,13,0,0
R02,SKU-1112,2025-04-17,15,0,0
R02,SKU-1112,2025-04-18,10,0,0
R02,SKU-1112,2025-04-19,13,1,0
R02,SKU-1112,04/20/2025,16,0,0
R02,SKU-1112,2025-04-21,15,0,1
R02,SKU-1112,2025-04-22,17,1,0
R02,SKU-1112,2025-04-23,14,0,0
R02,SKU-1112,04/24/2025,12,0,0
R02,SKU-1112,2025-04-25,17,2,0
R02,SKU-1112,04/26/2025,16,0,0
R02,SKU-1112,2025-04-27,13,0,0
R02,SKU-1112,2025-04-28,10,0,0
R02,SKU-1112,2025-04-29,16,0,0
R02,SKU-1112,04/30/2025,13,1,0
R02,SKU-1245,2025-04-01,6,0,0
R02,SKU-1245,04/02/2025,6,0,0
R02,SKU-1245,2025-04-03,12,0,0
R02,SKU-1245,2025-04-04,11,1,1
R02,SKU-1245,05-Apr-25,8,0,0
R02,SKU-1245,06-Apr-25,4,1,1
R02,SKU-1245,04/07/2025,6,0,0
R02,SKU-1245,2025-04-08,10,0,0
R02,SKU-1245,2025-04-09,7,1,0
R02,SKU-1245,2025-04-10,4,0,0
R02,SKU-1245,11-Apr-25,9,0,0
R02,SKU-1245,04/12/2025,7,0,0
R02,SKU-1245,04/13/2025,11,0,0
R02,SKU-1245,04/14/2025,16,1,0
R02,SKU-1245,04/15/2025,8,0,0
R02,SKU-1245,2025-04-16,8,0,0
R02,SKU-1245,04/17/2025,10,1,0
R02,SKU-1245,2025-04-18,3,1,0
R02,SKU-1245,2025-04-19,9,0,0
R02,SKU-1245,2025-04-20,6,1,0
R02,SKU-1245,2025-04-21,16,0,0
R02,SKU-1245,22-Apr-25,5,0,1
R02,SKU-1245,2025-04-23,6,0,1
R02,SKU-1245,2025-04-24,11,0,0
R02,SKU-1245,2025-04-25,9,0,0
R02,SKU-1245,2025-04-26,9,0,0
R02,SKU-1245,2025-04-27,3,0,0
R02,SKU-1245,2025-04-28,7,0,0
R02,SKU-1245,2025-04-29,10,0,0
R02,SKU-1245,04/30/2025,7,0,0
R02,SKU-1210,2025-04-01,8,0,0
R02,SKU-1210,2025-04-02,13,0,1
R02,SKU-1210,04/03/2025,11,0,0
R02,SKU-1210,04-Apr-25,11,0,0
R02,SKU-1210,2025-04-05,11,2,0
R02,SKU-1210,2025-04-06,6,0,0
R02,SKU-1210,07-Apr-25,11,0,0
R02,SKU-1210,08-Apr-25,8,0,0
R02,SKU-1210,04/09/2025,11,0,0
R02,SKU-1210,04/10/2025,13,1,0
R02,SKU-1210,2025-04-11,13,1,1
R02,SKU-1210,2025-04-12,14,0,0
R02,SKU-1210,2025-04-13,16,0,1
R02,SKU-1210,14-Apr-25,14,1,0
R02,SKU-1210,15-Apr-25,11,1,0
R02,SKU-1210,2025-04-16,6,0,0
R02,SKU-1210,04/17/2025,9,2,1
R02,SKU-1210,2025-04-18,12,0,0
R02,SKU-1210,19-Apr-25,14,1,0
R02,SKU-1210,04/20/2025,17,0,1
R02,SKU-1210,04/21/2025,17,1,0
R02,SKU-1210,2025-04-22,14,0,0
R02,SKU-1210,2025-04-23,9,1,0
R02,SKU-1210,04/24/2025,13,0,0
R02,SKU-1210,04/25/2025,10,0,0
R02,SKU-1210,2025-04-26,16,1,0
R02,SKU-1210,2025-04-27,13,2,0
R02,SKU-1210,2025-04-28,11,1,0
R02,SKU-1210,29-Apr-25,16,2,0
R02,SKU-1210,04/30/2025,10,1,0
R02,SKU-1063,04/01/2025,26,0,0
R02,SKU-1063,04/02/2025,31,0,0
R02,SKU-1063,2025-04-03,29,0,0
R02,SKU-1063,2025-04-04,29,0,0
R02,SKU-1063,2025-04-05,29,0,1
R02,SKU-1063,2025-04-06,23,0,0
R02,SKU-1063,04/07/2025,30,1,0
R02,SKU-1063,2025-04-08,38,0,0
R02,SKU-1063,2025-04-09,45,0,0
R02,SKU-1063,10-Apr-25,42,0,1
R02,SKU-1063,04/11/2025,35,0,0
R02,SKU-1063,2025-04-12,40,0,0
R02,SKU-1063,2025-04-13,37,0,1
R02,SKU-1063,2025-04-14,26,0,0
R02,SKU-1063,2025-04-15,35,1,0
R02,SKU-1063,16-Apr-25,47,1,0
R02,SKU-1063,04/17/2025,30,0,0
R02,SKU-1063,04/18/2025,35,0,1
R02,SKU-1063,2025-04-19,35,0,0
R02,SKU-1063,20-Apr-25,36,1,1
R02,SKU-1063,2025-04-21,43,0,1
R02,SKU-1063,22-Apr-25,28,0,0
R02,SKU-1063,2025-04-23,33,0,0
R02,SKU-1063,24-Apr-25,43,2,0
R02,SKU-1063,04/25/2025,26,0,0
R02,SKU-1063,2025-04-26,32,3,0
R02,SKU-1063,2025-04-27,38,0,0
R02,SKU-1063,2025-04-28,30,2,0
R02,SKU-1063,2025-04-29,37,3,0
R02,SKU-1063,2025-04-30,30,0,1
R02,SKU-1203,2025-04-01,15,0,0
R02,SKU-1203,04/02/2025,27,0,0
R02,SKU-1203,2025-04-03,19,0,0
R02,SKU-1203,2025-04-04,27,0,0
R02,SKU-1203,2025-04-05,23,1,0
R02,SKU-1203,04/06/2025,30,1,0
R02,SKU-1203,04/07/2025,20,0,1
R02,SKU-1203,2025-04-08,27,1,0
R02,SKU-1203,2025-04-09,22,1,0
R02,SKU-1203,04/10/2025,20,0,0
R02,SKU-1203,11-Apr-25,21,0,0
R02,SKU-1203,04/12/2025,24,0,0
R02,SKU-1203,04/13/2025,26,0,0
R02,SKU-1203,2025-04-14,24,0,0
R02,SKU-1203,15-Apr-25,16,0,0
R02,SKU-1203,04/16/2025,27,0,0
R02,SKU-1203,2025-04-17,25,0,0
R02,SKU-1203,18-Apr-25,23,0,0
R02,SKU-1203,04/19/2025,22,0,1
R02,SKU-1203,2025-04-20,17,2,0
R02,SKU-1203,04/21/2025,26,0,0
R02,SKU-1203,22-Apr-25,27,0,0
R02,SKU-1203,04/23/2025,15,0,0
R02,SKU-1203,04/24/2025,21,0,0
R02,SKU-1203,2025-04-25,28,0,0
R02,SKU-1203,2025-04-26,24,0,0
R02,SKU-1203,2025-04-27,14,0,0
R02,SKU-1203,04/28/2025,20,0,0
R02,SKU-1203,04/29/2025,23,1,0
R02,SKU-1203,2025-04-30,25,1,0
R02,SKU-1021,2025-04-01,37,0,0
R02,SKU-1021,04/02/2025,29,0,1
R02,SKU-1021,2025-04-03,22,2,0
R02,SKU-1021,2025-04-04,35,0,0
R02,SKU-1021,2025-04-05,32,0,0
R02,SKU-1021,2025-04-06,30,1,1
R02,SKU-1021,07-Apr-25,33,0,0
R02,SKU-1021,2025-04-08,23,0,0
R02,SKU-1021,04/09/2025,26,2,0
R02,SKU-1021,2025-04-10,19,2,0
R02,SKU-1021,2025-04-11,30,0,0
R02,SKU-1021,04/12/2025,26,0,0
R02,SKU-1021,2025-04-13,28,0,0
R02,SKU-1021,2025-04-14,26,0,0
R02,SKU-1021,15-Apr-25,26,0,0
R02,SKU-1021,16-Apr-25,28,1,0
R02,SKU-1021,17-Apr-25,24,0,0
R02,SKU-1021,2025-04-18,32,1,1
R02,SKU-1021,04/19/2025,27,0,0
R02,SKU-1021,20-Apr-25,40,2,0
R02,SKU-1021,2025-04-21,30,0,0
R02,SKU-1021,22-Apr-25,26,0,0
R02,SKU-1021,23-Apr-25,29,1,0
R02,SKU-1021,04/24/2025,23,0,0
R02,SKU-1021,2025-04-25,26,0,0
R02,SKU-1021,2025-04-26,42,1,0
R02,SKU-1021,04/27/2025,29,0,0
R02,SKU-1021,2025-04-28,39,1,0
R02,SKU-1021,04/29/2025,18,0,0
R02,SKU-1021,2025-04-30,22,1,0
R02,SKU-1189,04/01/2025,21,0,0
R02,SKU-1189,2025-04-02,20,1,0
R02,SKU-1189,2025-04-03,16,0,0
R02,SKU-1189,2025-04-04,22,0,0
R02,SKU-1189,05-Apr-25,19,0,0
R02,SKU-1189,06-Apr-25,17,0,0
R02,SKU-1189,04/07/2025,14,0,1
R02,SKU-1189,2025-04-08,22,1,0
R02,SKU-1189,09-Apr-25,19,0,0
R02,SKU-1189,2025-04-10,19,0,0
R02,SKU-1189,2025-04-11,26,0,0
R02,SKU-1189,04/12/2025,19,1,0
R02,SKU-1189,04/13/2025,15,0,0
R02,SKU-1189,2025-04-14,21,0,0
R02,SKU-1189,15-Apr-25,24,0,0
R02,SKU-1189,2025-04-16,15,0,0
R02,SKU-1189,2025-04-17,24,0,0
R02,SKU-1189,18-Apr-25,17,0,0
R02,SKU-1189,19-Apr-25,21,2,0
R02,SKU-1189,2025-04-20,19,0,0
R02,SKU-1189,2025-04-21,22,0,0
R02,SKU-1189,2025-04-22,31,0,0
R02,SKU-1189,2025-04-23,25,1,0
R02,SKU-1189,04/24/2025,12,0,0
R02,SKU-1189,2025-04-25,24,1,0
R02,SKU-1189,2025-04-26,28,0,0
R02,SKU-1189,2025-04-27,22,0,0
R02,SKU-1189,2025-04-28,21,0,0
R02,SKU-1189,2025-04-29,21,0,1
R02,SKU-1189,2025-04-30,20,0,0
R02,SKU-1175,2025-04-01,17,0,0
R02,SKU-1175,2025-04-02,33,0,0
R02,SKU-1175,2025-04-03,31,0,0
R02,SKU-1175,2025-04-04,33,0,0
R02,SKU-1175,04/05/2025,21,1,0
R02,SKU-1175,06-Apr-25,22,0,0
R02,SKU-1175,2025-04-07,28,0,1
R02,SKU-1175,04/08/2025,34,1,1
R02,SKU-1175,2025-04-09,32,0,0
R02,SKU-1175,2025-04-10,28,1,0
R02,SKU-1175,2025-04-11,22,0,0
R02,SKU-1175,04/12/2025,25,1,0
R02,SKU-1175,2025-04-13,21,0,0
R02,SKU-1175,2025-04-14,23,1,0
R02,SKU-1175,2025-04-15,30,0,0
R02,SKU-1175,04/16/2025,29,0,0
R02,SKU-1175,04/17/2025,22,0,0
R02,SKU-1175,04/18/2025,16,0,0
R02,SKU-1175,2025-04-19,21,1,0
R02,SKU-1175,2025-04-20,22,0,0
R02,SKU-1175,2025-04-21,29,1,1
R02,SKU-1175,04/22/2025,24,0,0
R02,SKU-1175,04/23/2025,22,0,0
R02,SKU-1175,2025-04-24,28,0,0
R02,SKU-1175,04/25/2025,16,0,1
R02,SKU-1175,2025-04-26,23,1,0
R02,SKU-1175,2025-04-27,15,0,0
R02,SKU-1175,28-Apr-25,20,0,1
R02,SKU-1175,2025-04-29,18,0,0
R02,SKU-1175,2025-04-30,21,0,1
R02,SKU-1042,01-Apr-25,27,0,0
R02,SKU-1042,2025-04-02,20,2,0
R02,SKU-1042,04/03/2025,24,0,0
R02,SKU-1042,2025-04-04,28,2,1
R02,SKU-1042,2025-04-05,35,0,0
R02,SKU-1042,04/06/2025,27,0,0
R02,SKU-1042,2025-04-07,32,1,1
R02,SKU-1042,2025-04-08,26,1,0
R02,SKU-1042,04/09/2025,24,0,0
R02,SKU-1042,04/10/2025,24,0,1
R02,SKU-1042,2025-04-11,33,0,0
R02,SKU-1042,2025-04-12,21,1,0
R02,SKU-1042,13-Apr-25,21,0,0
R02,SKU-1042,04/14/2025,19,0,0
R02,SKU-1042,2025-04-15,32,1,1
R02,SKU-1042,04/16/2025,29,2,0
R02,SKU-1042,04/17/2025,20,0,0
R02,SKU-1042,04/18/2025,22,0,0
R02,SKU-1042,2025-04-19,24,0,0
R02,SKU-1042,2025-04-20,30,0,0
R02,SKU-1042,04/21/2025,23,1,1
R02,SKU-1042,2025-04-22,32,0,0
R02,SKU-1042,2025-04-23,26,2,0
R02,SKU-1042,04/24/2025,26,0,0
R02,SKU-1042,2025-04-25,17,0,0
R02,SKU-1042,04/26/2025,20,0,0
R02,SKU-1042,2025-04-27,34,0,0
R02,SKU-1042,2025-04-28,46,1,0
R02,SKU-1042,2025-04-29,34,0,0
R02,SKU-1042,2025-04-30,27,0,0
R02,SKU-1007,01-Apr-25,10,0,0
R02,SKU-1007,2025-04-02,14,0,0
R02,SKU-1007,2025-04-03,12,0,0
R02,SKU-1007,2025-04-04,10,0,0
R02,SKU-1007,2025-04-05,11,1,0
R02,SKU-1007,04/06/2025,19,0,0
R02,SKU-1007,2025-04-07,13,0,0
R02,SKU-1007,08-Apr-25,18,1,0
R02,SKU-1007,2025-04-09,9,1,0
R02,SKU-1007,2025-04-10,12,1,0
R02,SKU-1007,2025-04-11,13,0,1
R02,SKU-1007,12-Apr-25,15,0,1
R02,SKU-1007,2025-04-13,13,0,0
R02,SKU-1007,2025-04-14,19,0,0
R02,SKU-1007,2025-04-15,18,0,0
R02,SKU-1007,16-Apr-25,16,1,0
R02,SKU-1007,2025-04-17,11,2,1
R02,SKU-1007,2025-04-18,14,0,0
R02,SKU-1007,2025-04-19,16,2,0
R02,SKU-1007,2025-04-20,16,0,0
R02,SKU-1007,04/21/2025,13,0,0
R02,SKU-1007,22-Apr-25,21,1,0
R02,SKU-1007,2025-04-23,12,0,0
R02,SKU-1007,04/24/2025,17,0,0
R02,SKU-1007,04/25/2025,19,1,0
R02,SKU-1007,2025-04-26,16,0,0
R02,SKU-1007,2025-04-27,10,0,1
R02,SKU-1007,2025-04-28,12,0,0
R02,SKU-1007,04/29/2025,15,0,0
R02,SKU-1007,04/30/2025,17,1,0
R02,SKU-1126,2025-04-01,22,0,0
R02,SKU-1126,2025-04-02,31,0,0
R02,SKU-1126,2025-04-03,25,1,0
R02,SKU-1126,2025-04-04,33,0,0
R02,SKU-1126,2025-04-05,31,0,1
R02,SKU-1126,2025-04-06,28,1,1
R02,SKU-1126,2025-04-07,35,0,0
R02,SKU-1126,08-Apr-25,34,0,0
R02,SKU-1126,04/09/2025,35,0,0
R02,SKU-1126,2025-04-10,25,2,0
R02,SKU-1126,04/11/2025,35,1,0
R02,SKU-1126,2025-04-12,34,0,0
R02,SKU-1126,2025-04-13,33,1,0
R02,SKU-1126,2025-04-14,23,0,0
R02,SKU-1126,2025-04-15,35,1,0
R02,SKU-1126,16-Apr-25,35,1,0
R02,SKU-1126,04/17/2025,30,0,0
R02,SKU-1126,2025-04-18,30,0,0
R02,SKU-1126,2025-04-19,23,0,0
R02,SKU-1126,20-Apr-25,32,0,0
R02,SKU-1126,2025-04-21,34,0,0
R02,SKU-1126,04/22/2025,41,0,0
R02,SKU-1126,04/23/2025,28,0,0
R02,SKU-1126,04/24/2025,28,0,0
R02,SKU-1126,04/25/2025,24,0,0
R02,SKU-1126,26-Apr-25,36,0,0
R02,SKU-1126,2025-04-27,25,0,0
R02,SKU-1126,04/28/2025,25,0,0
R02,SKU-1126,2025-04-29,26,1,0
R02,SKU-1126,2025-04-30,19,0,0
R02,SKU-1273,2025-04-01,16,0,0
R02,SKU-1273,04/02/2025,26,0,0
R02,SKU-1273,2025-04-03,25,0,0
R02,SKU-1273,2025-04-04,21,1,0
R02,SKU-1273,2025-04-05,20,0,0
R02,SKU-1273,2025-04-06,18,0,1
R02,SKU-1273,07-Apr-25,17,0,1
R02,SKU-1273,2025-04-08,26,1,0
R02,SKU-1273,09-Apr-25,20,0,0
R02,SKU-1273,2025-04-10,26,0,0
R02,SKU-1273,04/11/2025,22,0,0
R02,SKU-1273,2025-04-12,24,0,0
R02,SKU-1273,2025-04-13,23,1,0
R02,SKU-1273,2025-04-14,31,0,0
R02,SKU-1273,2025-04-15,21,1,0
R02,SKU-1273,04/16/2025,17,0,0
R02,SKU-1273,2025-04-17,21,0,0
R02,SKU-1273,2025-04-18,26,1,0
R02,SKU-1273,2025-04-19,17,0,0
R02,SKU-1273,2025-04-20,25,2,0
R02,SKU-1273,2025-04-21,30,0,0
R02,SKU-1273,2025-04-22,19,1,0
R02,SKU-1273,2025-04-23,22,0,0
R02,SKU-1273,2025-04-24,19,0,0
R02,SKU-1273,04/25/2025,20,0,0
R02,SKU-1273,04/26/2025,25,0,0
R02,SKU-1273,2025-04-27,18,0,0
R02,SKU-1273,2025-04-28,16,0,0
R02,SKU-1273,29-Apr-25,22,1,0
R02,SKU-1273,2025-04-30,18,0,0
R02,SKU-1056,2025-04-01,11,1,0
R02,SKU-1056,2025-04-02,15,0,0
R02,SKU-1056,2025-04-03,22,1,0
R02,SKU-1056,2025-04-04,15,0,0
R02,SKU-1056,2025-04-05,21,1,0
R02,SKU-1056,04/06/2025,14,0,0
R02,SKU-1056,04/07/2025,19,0,0
R02,SKU-1056,2025-04-08,14,0,0
R02,SKU-1056,04/09/2025,21,1,0
R02,SKU-1056,04/10/2025,13,0,0
R02,SKU-1056,2025-04-11,21,1,1
R02,SKU-1056,04/12/2025,14,0,0
R02,SKU-1056,04/13/2025,18,0,0
R02,SKU-1056,04/14/2025,23,0,0
R02,SKU-1056,04/15/2025,21,0,0
R02,SKU-1056,2025-04-16,10,1,0
R02,SKU-1056,17-Apr-25,11,0,0
R02,SKU-1056,2025-04-18,23,0,0
R02,SKU-1056,2025-04-19,18,2,0
R02,SKU-1056,2025-04-20,21,0,0
R02,SKU-1056,2025-04-21,25,0,1
R02,SKU-1056,2025-04-22,21,1,1
R02,SKU-1056,2025-04-23,18,1,0
R02,SKU-1056,04/24/2025,19,0,0
R02,SKU-1056,2025-04-25,15,0,0
R02,SKU-1056,2025-04-26,16,1,0
R02,SKU-1056,2025-04-27,17,1,0
R02,SKU-1056,2025-04-28,19,1,0
R02,SKU-1056,04/29/2025,20,1,0
R02,SKU-1056,2025-04-30,15,2,1
R02,SKU-1280,04/01/2025,20,0,0
R02,SKU-1280,04/02/2025,17,0,0
R02,SKU-1280,2025-04-03,16,1,0
R02,SKU-1280,2025-04-04,18,0,0
R02,SKU-1280,2025-04-05,19,0,1
R02,SKU-1280,2025-04-06,13,0,1
R02,SKU-1280,2025-04-07,19,1,0
R02,SKU-1280,2025-04-08,15,0,0
R02,SKU-1280,2025-04-09,19,0,1
R02,SKU-1280,2025-04-10,9,0,0
R02,SKU-1280,2025-04-11,25,0,0
R02,SKU-1280,2025-04-12,13,0,0
R02,SKU-1280,13-Apr-25,27,0,0
R02,SKU-1280,2025-04-14,20,0,0
R02,SKU-1280,2025-04-15,13,0,0
R02,SKU-1280,2025-04-16,20,0,0
R02,SKU-1280,2025-04-17,18,0,1
R02,SKU-1280,2025-04-18,12,0,0
R02,SKU-1280,2025-04-19,20,1,0
R02,SKU-1280,2025-04-20,18,0,1
R02,SKU-1280,21-Apr-25,15,1,0
R02,SKU-1280,22-Apr-25,19,0,0
R02,SKU-1280,2025-04-23,20,0,0
R02,SKU-1280,04/24/2025,13,0,0
R02,SKU-1280,04/25/2025,17,2,0
R02,SKU-1280,2025-04-26,12,0,0
R02,SKU-1280,04/27/2025,15,1,0
R02,SKU-1280,04/28/2025,19,2,0
R02,SKU-1280,04/29/2025,21,0,0
R02,SKU-1280,2025-04-30,20,1,0
R02,SKU-1259,2025-04-01,28,0,0
R02,SKU-1259,04/02/2025,23,0,0
R02,SKU-1259,2025-04-03,27,1,0
R02,SKU-1259,2025-04-04,23,1,0
R02,SKU-1259,05-Apr-25,17,1,0
R02,SKU-1259,2025-04-06,18,1,0
R02,SKU-1259,2025-04-07,22,0,0
R02,SKU-1259,2025-04-08,13,1,0
R02,SKU-1259,09-Apr-25,24,0,1
R02,SKU-1259,2025-04-10,24,0,0
R02,SKU-1259,2025-04-11,25,0,0
R02,SKU-1259,04/12/2025,27,0,1
R02,SKU-1259,2025-04-13,29,0,0
R02,SKU-1259,14-Apr-25,23,0,0
R02,SKU-1259,2025-04-15,21,0,0
R02,SKU-1259,16-Apr-25,25,1,0
R02,SKU-1259,04/17/2025,28,0,1
R02,SKU-1259,04/18/2025,32,0,0
R02,SKU-1259,2025-04-19,24,0,0
R02,SKU-1259,2025-04-20,16,0,0
R02,SKU-1259,2025-04-21,28,1,0
R02,SKU-1259,2025-04-22,22,0,0
R02,SKU-1259,04/23/2025,16,1,0
R02,SKU-1259,2025-04-24,15,0,0
R02,SKU-1259,2025-04-25,13,0,0
R02,SKU-1259,2025-04-26,31,1,0
R02,SKU-1259,04/27/2025,25,1,0
R02,SKU-1259,2025-04-28,28,0,0
R02,SKU-1259,29-Apr-25,21,0,0
R02,SKU-1259,2025-04-30,27,1,1
R03,SKU-1091,2025-04-01,17,0,0
R03,SKU-1091,2025-04-02,14,0,1
R03,SKU-1091,03-Apr-25,16,0,1
R03,SKU-1091,2025-04-04,12,0,1
R03,SKU-1091,2025-04-05,12,0,0
R03,SKU-1091,06-Apr-25,19,0,0
R03,SKU-1091,2025-04-07,18,0,0
R03,SKU-1091,04/08/2025,13,1,0
R03,SKU-1091,04/09/2025,11,0,0
R03,SKU-1091,2025-04-10,14,0,1
R03,SKU-1091,2025-04-11,15,1,0
R03,SKU-1091,04/12/2025,13,0,0
R03,SKU-1091,2025-04-13,4,0,0
R03,SKU-1091,2025-04-14,11,1,0
R03,SKU-1091,2025-04-15,14,1,0
R03,SKU-1091,2025-04-16,5,0,1
R03,SKU-1091,2025-04-17,8,1,0
R03,SKU-1091,2025-04-18,12,0,0
R03,SKU-1091,2025-04-19,11,0,0
R03,SKU-1091,20-Apr-25,15,1,0
R03,SKU-1091,2025-04-21,12,0,1
R03,SKU-1091,2025-04-22,12,0,0
R03,SKU-1091,2025-04-23,9,0,0
R03,SKU-1091,24-Apr-25,11,1,0
R03,SKU-1091,25-Apr-25,10,0,0
R03,SKU-1091,26-Apr-25,11,0,0
R03,SKU-1091,04/27/2025,13,0,0
R03,SKU-1091,2025-04-28,10,0,0
R03,SKU-1091,29-Apr-25,9,1,0
R03,SKU-1091,2025-04-30,10,0,0
R03,SKU-1140,2025-04-01,22,0,0
R03,SKU-1140,2025-04-02,25,0,0
R03,SKU-1140,03-Apr-25,31,0,0
R03,SKU-1140,2025-04-04,30,0,0
R03,SKU-1140,04/05/2025,25,0,0
R03,SKU-1140,2025-04-06,22,0,1
R03,SKU-1140,07-Apr-25,19,2,0
R03,SKU-1140,04/08/2025,30,0,0
R03,SKU-1140,2025-04-09,23,1,0
R03,SKU-1140,2025-04-10,19,0,0
R03,SKU-1140,04/11/2025,30,0,1
R03,SKU-1140,2025-04-12,25,0,0
R03,SKU-1140,2025-04-13,32,0,1
R03,SKU-1140,04/14/2025,23,1,0
R03,SKU-1140,2025-04-15,33,1,0
R03,SKU-1140,2025-04-16,26,0,0
R03,SKU-1140,2025-04-17,31,0,0
R03,SKU-1140,2025-04-18,28,1,0
R03,SKU-1140,19-Apr-25,27,0,0
R03,SKU-1140,2025-04-20,31,0,0
R03,SKU-1140,2025-04-21,27,0,0
R03,SKU-1140,2025-04-22,28,0,0
R03,SKU-1140,23-Apr-25,27,0,0
R03,SKU-1140,2025-04-24,29,0,1
R03,SKU-1140,2025-04-25,33,1,0
R03,SKU-1140,2025-04-26,25,0,0
R03,SKU-1140,2025-04-27,23,1,0
R03,SKU-1140,2025-04-28,33,1,1
R03,SKU-1140,2025-04-29,21,0,0
R03,SKU-1140,2025-04-30,27,0,0
R03,SKU-1035,2025-04-01,30,0,1
R03,SKU-1035,2025-04-02,25,0,0
R03,SKU-1035,2025-04-03,29,0,0
R03,SKU-1035,2025-04-04,23,1,1
R03,SKU-1035,2025-04-05,30,0,0
R03,SKU-1035,04/06/2025,38,0,0
R03,SKU-1035,2025-04-07,31,1,0
R03,SKU-1035,2025-04-08,25,2,0
R03,SKU-1035,2025-04-09,18,0,1
R03,SKU-1035,04/10/2025,32,0,0
R03,SKU-1035,2025-04-11,30,2,0
R03,SKU-1035,2025-04-12,27,0,0
R03,SKU-1035,04/13/2025,23,0,0
R03,SKU-1035,2025-04-14,22,0,1
R03,SKU-1035,2025-04-15,33,1,0
R03,SKU-1035,2025-04-16,24,0,0
R03,SKU-1035,17-Apr-25,31,1,0
R03,SKU-1035,2025-04-18,35,0,0
R03,SKU-1035,04/19/2025,31,1,0
R03,SKU-1035,2025-04-20,23,1,0
R03,SKU-1035,2025-04-21,25,0,0
R03,SKU-1035,04/22/2025,23,1,0
R03,SKU-1035,2025-04-23,30,1,0
R03,SKU-1035,04/24/2025,28,0,0
R03,SKU-1035,04/25/2025,21,0,0
R03,SKU-1035,26-Apr-25,21,0,1
R03,SKU-1035,2025-04-27,25,0,0
R03,SKU-1035,04/28/2025,43,2,0
R03,SKU-1035,2025-04-29,30,0,0
R03,SKU-1035,2025-04-30,30,1,0
R03,SKU-1098,2025-04-01,28,0,0
R03,SKU-1098,2025-04-02,28,0,0
R03,SKU-1098,04/03/2025,31,1,0
R03,SKU-1098,2025-04-04,37,0,1
R03,SKU-1098,2025-04-05,36,0,0
R03,SKU-1098,2025-04-06,21,0,0
R03,SKU-1098,07-Apr-25,23,1,0
R03,SKU-1098,2025-04-08,28,0,1
R03,SKU-1098,2025-04-09,24,0,0
R03,SKU-1098,2025-04-10,24,0,0
R03,SKU-1098,04/11/2025,32,0,0
R03,SKU-1098,2025-04-12,28,1,1
R03,SKU-1098,2025-04-13,32,1,0
R03,SKU-1098,2025-04-14,29,1,0
R03,SKU-1098,2025-04-15,33,0,0
R03,SKU-1098,04/16/2025,26,0,0
R03,SKU-1098,04/17/2025,25,0,0
R03,SKU-1098,18-Apr-25,25,1,0
R03,SKU-1098,04/19/2025,11,0,0
R03,SKU-1098,2025-04-20,23,0,0
R03,SKU-1098,2025-04-21,19,0,0
R03,SKU-1098,2025-04-22,19,0,0
R03,SKU-1098,2025-04-23,24,0,0
R03,SKU-1098,2025-04-24,35,0,0
R03,SKU-1098,2025-04-25,23,0,1
R03,SKU-1098,2025-04-26,24,0,0
R03,SKU-1098,2025-04-27,26,0,0
R03,SKU-1098,2025-04-28,21,1,1
R03,SKU-1098,2025-04-29,27,1,0
R03,SKU-1098,04/30/2025,23,1,0
R03,SKU-1049,04/01/2025,10,0,1
R03,SKU-1049,2025-04-02,9,1,0
R03,SKU-1049,04/03/2025,10,1,0
R03,SKU-1049,04-Apr-25,11,0,1
R03,SKU-1049,2025-04-05,12,0,0
R03,SKU-1049,2025-04-06,6,0,1
R03,SKU-1049,2025-04-07,15,2,0
R03,SKU-1049,04/08/2025,14,0,0
R03,SKU-1049,2025-04-09,18,1,0
R03,SKU-1049,10-Apr-25,10,0,0
R03,SKU-1049,2025-04-11,11,0,0
R03,SKU-1049,2025-04-12,13,0,0
R03,SKU-1049,2025-04-13,19,0,0
R03,SKU-1049,2025-04-14,15,1,0
R03,SKU-1049,2025-04-15,17,1,0
R03,SKU-1049,16-Apr-25,8,0,0
R03,SKU-1049,2025-04-17,15,0,0
R03,SKU-1049,2025-04-18,6,2,0
R03,SKU-1049,04/19/2025,10,0,0
R03,SKU-1049,2025-04-20,11,1,0
R03,SKU-1049,2025-04-21,9,0,0
R03,SKU-1049,04/22/2025,21,2,0
R03,SKU-1049,2025-04-23,9,0,1
R03,SKU-1049,2025-04-24,13,1,0
R03,SKU-1049,2025-04-25,14,1,0
R03,SKU-1049,2025-04-26,7,0,0
R03,SKU-1049,04/27/2025,14,0,0
R03,SKU-1049,2025-04-28,12,1,0
R03,SKU-1049,2025-04-29,10,0,0
R03,SKU-1049,2025-04-30,14,0,0
R03,SKU-1161,01-Apr-25,32,0,0
R03,SKU-1161,04/02/2025,36,0,0
R03,SKU-1161,2025-04-03,36,0,0
R03,SKU-1161,2025-04-04,23,0,0
R03,SKU-1161,2025-04-05,25,0,0
R03,SKU-1161,04/06/2025,30,0,0
R03,SKU-1161,04/07/2025,35,0,0
R03,SKU-1161,2025-04-08,42,1,0
R03,SKU-1161,2025-04-09,21,0,1
R03,SKU-1161,2025-04-10,34,0,0
R03,SKU-1161,2025-04-11,37,0,0
R03,SKU-1161,2025-04-12,33,1,1
R03,SKU-1161,13-Apr-25,27,0,0
R03,SKU-1161,04/14/2025,23,0,1
R03,SKU-1161,04/15/2025,30,0,0
R03,SKU-1161,2025-04-16,26,1,0
R03,SKU-1161,2025-04-17,25,0,1
R03,SKU-1161,18-Apr-25,31,1,0
R03,SKU-1161,19-Apr-25,23,0,0
R03,SKU-1161,04/20/2025,26,0,0
R03,SKU-1161,2025-04-21,28,0,0
R03,SKU-1161,2025-04-22,19,0,0
R03,SKU-1161,04/23/2025,38,0,0
R03,SKU-1161,2025-04-24,29,1,0
R03,SKU-1161,04/25/2025,48,0,0
R03,SKU-1161,26-Apr-25,34,0,0
R03,SKU-1161,2025-04-27,27,1,0
R03,SKU-1161,2025-04-28,23,0,0
R03,SKU-1161,29-Apr-25,35,0,0
R03,SKU-1161,2025-04-30,27,0,0
R03,SKU-1063,2025-04-01,4,1,0
R03,SKU-1063,02-Apr-25,6,0,0
R03,SKU-1063,04/03/2025,3,0,0
R03,SKU-1063,04/04/2025,12,1,0
R03,SKU-1063,2025-04-05,9,0,0
R03,SKU-1063,04/06/2025,4,0,0
R03,SKU-1063,2025-04-07,2,0,1
R03,SKU-1063,2025-04-08,6,0,1
R03,SKU-1063,09-Apr-25,5,0,0
R03,SKU-1063,2025-04-10,6,1,1
R03,SKU-1063,2025-04-11,3,1,0
R03,SKU-1063,2025-04-12,11,0,0
R03,SKU-1063,2025-04-13,7,1,0
R03,SKU-1063,2025-04-14,11,3,1
R03,SKU-1063,2025-04-15,7,1,0
R03,SKU-1063,04/16/2025,4,0,0
R03,SKU-1063,2025-04-17,6,0,0
R03,SKU-1063,2025-04-18,5,0,1
R03,SKU-1063,2025-04-19,6,1,0
R03,SKU-1063,04/20/2025,6,1,0
R03,SKU-1063,21-Apr-25,4,1,0
R03,SKU-1063,04/22/2025,3,0,0
R03,SKU-1063,04/23/2025,8,0,0
R03,SKU-1063,2025-04-24,4,1,0
R03,SKU-1063,2025-04-25,3,0,0
R03,SKU-1063,2025-04-26,6,0,0
R03,SKU-1063,2025-04-27,9,1,0
R03,SKU-1063,28-Apr-25,7,0,0
R03,SKU-1063,2025-04-29,7,0,0
R03,SKU-1063,2025-04-30,6,0,0
R03,SKU-1224,04/01/2025,22,0,0
R03,SKU-1224,04/02/2025,21,1,0
R03,SKU-1224,2025-04-03,14,0,0
R03,SKU-1224,04-Apr-25,12,1,0
R03,SKU-1224,2025-04-05,17,1,0
R03,SKU-1224,2025-04-06,15,0,0
R03,SKU-1224,2025-04-07,17,0,0
R03,SKU-1224,08-Apr-25,17,0,0
R03,SKU-1224,04/09/2025,13,0,0
R03,SKU-1224,2025-04-10,17,1,1
R03,SKU-1224,04/11/2025,19,0,0
R03,SKU-1224,2025-04-12,13,1,0
R03,SKU-1224,2025-04-13,18,0,0
R03,SKU-1224,2025-04-14,20,0,0
R03,SKU-1224,2025-04-15,18,1,0
R03,SKU-1224,2025-04-16,13,0,0
R03,SKU-1224,04/17/2025,15,0,0
R03,SKU-1224,2025-04-18,15,1,0
R03,SKU-1224,04/19/2025,16,0,0
R03,SKU-1224,2025-04-20,26,0,0
R03,SKU-1224,2025-04-21,23,0,0
R03,SKU-1224,2025-04-22,21,1,0
R03,SKU-1224,2025-04-23,13,0,1
R03,SKU-1224,2025-04-24,22,0,0
R03,SKU-1224,2025-04-25,15,0,0
R03,SKU-1224,04/26/2025,7,1,0
R03,SKU-1224,2025-04-27,16,0,1
R03,SKU-1224,28-Apr-25,23,0,0
R03,SKU-1224,04/29/2025,10,1,0
R03,SKU-1224,2025-04-30,10,0,0
R03,SKU-1084,01-Apr-25,12,1,0
R03,SKU-1084,2025-04-02,13,0,0
R03,SKU-1084,2025-04-03,8,0,0
R03,SKU-1084,2025-04-04,8,0,0
R03,SKU-1084,2025-04-05,8,0,1
R03,SKU-1084,2025-04-06,9,1,0
R03,SKU-1084,04/07/2025,9,0,1
R03,SKU-1084,04/08/2025,17,2,0
R03,SKU-1084,04/09/2025,15,0,0
R03,SKU-1084,2025-04-10,12,1,0
R03,SKU-1084,11-Apr-25,12,1,0
R03,SKU-1084,2025-04-12,13,0,0
R03,SKU-1084,13-Apr-25,12,0,0
R03,SKU-1084,2025-04-14,14,1,0
R03,SKU-1084,2025-04-15,8,0,0
R03,SKU-1084,2025-04-16,6,0,0
R03,SKU-1084,2025-04-17,12,0,0
R03,SKU-1084,18-Apr-25,6,0,0
R03,SKU-1084,2025-04-19,11,0,1
R03,SKU-1084,2025-04-20,11,1,0
R03,SKU-1084,2025-04-21,13,0,0
R03,SKU-1084,04/22/2025,14,0,0
R03,SKU-1084,2025-04-23,16,0,0
R03,SKU-1084,04/24/2025,8,0,0
R03,SKU-1084,2025-04-25,10,0,0
R03,SKU-1084,2025-04-26,9,1,0
R03,SKU-1084,2025-04-27,14,0,0
R03,SKU-1084,04/28/2025,19,1,0
R03,SKU-1084,29-Apr-25,15,2,0
R03,SKU-1084,30-Apr-25,12,0,0
R03,SKU-1126,04/01/2025,36,0,1
R03,SKU-1126,2025-04-02,26,0,0
R03,SKU-1126,2025-04-03,26,1,0
R03,SKU-1126,2025-04-04,27,0,0
R03,SKU-1126,05-Apr-25,23,3,0
R03,SKU-1126,04/06/2025,44,0,0
R03,SKU-1126,07-Apr-25,27,0,0
R03,SKU-1126,08-Apr-25,25,1,1
R03,SKU-1126,2025-04-09,30,1,0
R03,SKU-1126,10-Apr-25,26,1,0
R03,SKU-1126,04/11/2025,22,2,0
R03,SKU-1126,2025-04-12,30,0,1
R03,SKU-1126,2025-04-13,23,1,0
R03,SKU-1126,2025-04-14,30,0,1
R03,SKU-1126,2025-04-15,27,0,0
R03,SKU-1126,2025-04-16,28,0,0
R03,SKU-1126,2025-04-17,34,0,0
R03,SKU-1126,04/18/2025,21,0,0
R03,SKU-1126,19-Apr-25,33,1,0
R03,SKU-1126,2025-04-20,32,0,0
R03,SKU-1126,21-Apr-25,32,1,0
R03,SKU-1126,04/22/2025,29,2,0
R03,SKU-1126,2025-04-23,34,0,0
R03,SKU-1126,2025-04-24,29,0,0
R03,SKU-1126,2025-04-25,39,0,0
R03,SKU-1126,04/26/2025,22,0,0
R03,SKU-1126,04/27/2025,32,0,0
R03,SKU-1126,2025-04-28,31,0,0
R03,SKU-1126,04/29/2025,40,0,0
R03,SKU-1126,30-Apr-25,37,0,0
R03,SKU-1007,2025-04-01,4,0,0
R03,SKU-1007,2025-04-02,6,1,0
R03,SKU-1007,2025-04-03,2,0,0
R03,SKU-1007,2025-04-04,6,0,0
R03,SKU-1007,2025-04-05,5,0,0
R03,SKU-1007,2025-04-06,8,0,0
R03,SKU-1007,2025-04-07,9,0,0
R03,SKU-1007,2025-04-08,5,0,0
R03,SKU-1007,2025-04-09,3,1,0
R03,SKU-1007,2025-04-10,7,0,0
R03,SKU-1007,2025-04-11,3,2,0
R03,SKU-1007,2025-04-12,4,0,0
R03,SKU-1007,2025-04-13,4,1,0
R03,SKU-1007,2025-04-14,7,2,0
R03,SKU-1007,04/15/2025,5,0,0
R03,SKU-1007,16-Apr-25,3,1,1
R03,SKU-1007,2025-04-17,2,0,0
R03,SKU-1007,2025-04-18,6,0,0
R03,SKU-1007,2025-04-19,5,1,0
R03,SKU-1007,2025-04-20,2,1,0
R03,SKU-1007,2025-04-21,7,1,0
R03,SKU-1007,2025-04-22,6,0,0
R03,SKU-1007,23-Apr-25,2,0,0
R03,SKU-1007,24-Apr-25,3,0,0
R03,SKU-1007,25-Apr-25,7,0,0
R03,SKU-1007,04/26/2025,7,0,0
R03,SKU-1007,04/27/2025,7,1,0
R03,SKU-1007,2025-04-28,6,1,0
R03,SKU-1007,04/29/2025,2,1,0
R03,SKU-1007,04/30/2025,2,0,0
R03,SKU-1021,2025-04-01,22,1,0
R03,SKU-1021,02-Apr-25,29,0,0
R03,SKU-1021,2025-04-03,33,1,0
R03,SKU-1021,04/04/2025,32,0,0
R03,SKU-1021,2025-04-05,26,0,0
R03,SKU-1021,04/06/2025,19,1,0
R03,SKU-1021,2025-04-07,34,0,0
R03,SKU-1021,04/08/2025,33,1,1
R03,SKU-1021,04/09/2025,31,1,0
R03,SKU-1021,10-Apr-25,22,0,0
R03,SKU-1021,2025-04-11,24,0,0
R03,SKU-1021,2025-04-12,32,1,1
R03,SKU-1021,13-Apr-25,25,1,0
R03,SKU-1021,2025-04-14,33,0,0
R03,SKU-1021,2025-04-15,32,0,1
R03,SKU-1021,2025-04-16,32,1,0
R03,SKU-1021,2025-04-17,42,0,0
R03,SKU-1021,2025-04-18,28,0,0
R03,SKU-1021,04/19/2025,35,0,0
R03,SKU-1021,2025-04-20,31,0,0
R03,SKU-1021,2025-04-21,27,0,1
R03,SKU-1021,2025-04-22,22,0,0
R03,SKU-1021,23-Apr-25,27,0,1
R03,SKU-1021,2025-04-24,38,1,0
R03,SKU-1021,04/25/2025,40,1,0
R03,SKU-1021,04/26/2025,24,0,0
R03,SKU-1021,2025-04-27,23,1,0
R03,SKU-1021,2025-04-28,37,0,0
R03,SKU-1021,2025-04-29,22,1,0
R03,SKU-1021,2025-04-30,33,0,0
R03,SKU-1119,04/01/2025,39,0,0
R03,SKU-1119,2025-04-02,26,0,0
R03,SKU-1119,03-Apr-25,29,0,0
R03,SKU-1119,04-Apr-25,40,1,0
R03,SKU-1119,2025-04-05,37,0,0
R03,SKU-1119,04/06/2025,24,1,0
R03,SKU-1119,2025-04-07,29,0,0
R03,SKU-1119,2025-04-08,38,0,0
R03,SKU-1119,2025-04-09,35,0,0
R03,SKU-1119,2025-04-10,34,1,0
R03,SKU-1119,11-Apr-25,39,1,0
R03,SKU-1119,12-Apr-25,35,1,1
R03,SKU-1119,2025-04-13,34,0,0
R03,SKU-1119,2025-04-14,29,1,0
R03,SKU-1119,2025-04-15,33,1,0
R03,SKU-1119,2025-04-16,34,0,1
R03,SKU-1119,04/17/2025,41,2,1
R03,SKU-1119,2025-04-18,27,0,0
R03,SKU-1119,19-Apr-25,34,0,0
R03,SKU-1119,2025-04-20,29,0,0
R03,SKU-1119,2025-04-21,36,2,0
R03,SKU-1119,2025-04-22,35,0,1
R03,SKU-1119,2025-04-23,38,0,1
R03,SKU-1119,2025-04-24,46,0,0
R03,SKU-1119,2025-04-25,35,0,0
R03,SKU-1119,26-Apr-25,29,0,1
R03,SKU-1119,2025-04-27,35,0,0
R03,SKU-1119,2025-04-28,38,0,0
R03,SKU-1119,2025-04-29,30,0,0
R03,SKU-1119,2025-04-30,30,0,0
R03,SKU-1070,2025-04-01,14,0,0
R03,SKU-1070,04/02/2025,14,2,1
R03,SKU-1070,2025-04-03,20,2,1
R03,SKU-1070,04/04/2025,20,0,1
R03,SKU-1070,04/05/2025,15,1,0
R03,SKU-1070,2025-04-06,18,1,0
R03,SKU-1070,04/07/2025,19,0,0
R03,SKU-1070,2025-04-08,21,0,0
R03,SKU-1070,2025-04-09,20,1,0
R03,SKU-1070,2025-04-10,21,0,0
R03,SKU-1070,2025-04-11,21,1,1
R03,SKU-1070,04/12/2025,19,0,0
R03,SKU-1070,13-Apr-25,14,1,0
R03,SKU-1070,2025-04-14,8,0,0
R03,SKU-1070,2025-04-15,17,2,0
R03,SKU-1070,04/16/2025,19,0,0
R03,SKU-1070,04/17/2025,19,0,0
R03,SKU-1070,04/18/2025,14,0,0
R03,SKU-1070,04/19/2025,21,0,0
R03,SKU-1070,04/20/2025,19,0,0
R03,SKU-1070,2025-04-21,15,0,0
R03,SKU-1070,2025-04-22,20,0,0
R03,SKU-1070,04/23/2025,16,1,1
R03,SKU-1070,2025-04-24,8,0,0
R03,SKU-1070,04/25/2025,12,0,1
R03,SKU-1070,2025-04-26,29,0,0
R03,SKU-1070,2025-04-27,12,0,0
R03,SKU-1070,04/28/2025,21,1,1
R03,SKU-1070,2025-04-29,18,2,0
R03,SKU-1070,2025-04-30,19,0,0
R03,SKU-1252,2025-04-01,26,0,0
R03,SKU-1252,2025-04-02,29,0,0
R03,SKU-1252,04/03/2025,30,0,0
R03,SKU-1252,04/04/2025,27,1,0
R03,SKU-1252,2025-04-05,30,1,0
R03,SKU-1252,06-Apr-25,26,0,1
R03,SKU-1252,04/07/2025,26,1,0
R03,SKU-1252,2025-04-08,26,0,0
R03,SKU-1252,09-Apr-25,22,0,1
R03,SKU-1252,04/10/2025,29,1,0
R03,SKU-1252,2025-04-11,29,0,0
R03,SKU-1252,2025-04-12,28,1,0
R03,SKU-1252,04/13/2025,22,1,1
R03,SKU-1252,04/14/2025,23,0,0
R03,SKU-1252,2025-04-15,33,0,0
R03,SKU-1252,2025-04-16,31,0,0
R03,SKU-1252,2025-04-17,24,0,0
R03,SKU-1252,2025-04-18,22,0,0
R03,SKU-1252,2025-04-19,27,1,0
R03,SKU-1252,2025-04-20,25,0,0
R03,SKU-1252,2025-04-21,34,0,0
R03,SKU-1252,2025-04-22,25,1,0
R03,SKU-1252,2025-04-23,22,0,0
R03,SKU-1252,04/24/2025,29,0,0
R03,SKU-1252,2025-04-25,30,0,0
R03,SKU-1252,26-Apr-25,25,1,0
R03,SKU-1252,04/27/2025,30,1,0
R03,SKU-1252,28-Apr-25,29,0,0
R03,SKU-1252,04/29/2025,26,0,0
R03,SKU-1252,2025-04-30,23,1,0
R03,SKU-1112,2025-04-01,29,0,0
R03,SKU-1112,2025-04-02,29,0,0
R03,SKU-1112,2025-04-03,28,0,0
R03,SKU-1112,2025-04-04,28,0,0
R03,SKU-1112,2025-04-05,39,0,0
R03,SKU-1112,06-Apr-25,31,0,0
R03,SKU-1112,2025-04-07,25,0,0
R03,SKU-1112,04/08/2025,29,0,1
R03,SKU-1112,04/09/2025,28,0,0
R03,SKU-1112,2025-04-10,37,0,0
R03,SKU-1112,2025-04-11,42,1,1
R03,SKU-1112,2025-04-12,29,1,0
R03,SKU-1112,13-Apr-25,23,0,0
R03,SKU-1112,04/14/2025,27,1,0
R03,SKU-1112,04/15/2025,21,0,0
R03,SKU-1112,2025-04-16,35,1,0
R03,SKU-1112,2025-04-17,30,1,0
R03,SKU-1112,2025-04-18,22,0,0
R03,SKU-1112,19-Apr-25,31,1,0
R03,SKU-1112,2025-04-20,26,0,0
R03,SKU-1112,04/21/2025,25,0,0
R03,SKU-1112,2025-04-22,33,0,0
R03,SKU-1112,2025-04-23,27,0,0
R03,SKU-1112,2025-04-24,39,0,1
R03,SKU-1112,2025-04-25,27,0,0
R03,SKU-1112,04/26/2025,35,0,0
R03,SKU-1112,04/27/2025,25,0,0
R03,SKU-1112,2025-04-28,40,2,0
R03,SKU-1112,04/29/2025,28,0,0
R03,SKU-1112,2025-04-30,33,0,0
R03,SKU-1175,2025-04-01,23,0,0
R03,SKU-1175,2025-04-02,11,0,0
R03,SKU-1175,2025-04-03,22,0,0
R03,SKU-1175,04-Apr-25,13,0,0
R03,SKU-1175,04/05/2025,15,0,0
R03,SKU-1175,06-Apr-25,19,1,0
R03,SKU-1175,2025-04-07,19,0,0
R03,SKU-1175,08-Apr-25,20,2,0
R03,SKU-1175,2025-04-09,22,0,1
R03,SKU-1175,04/10/2025,19,1,0
R03,SKU-1175,2025-04-11,20,0,0
R03,SKU-1175,04/12/2025,23,0,0
R03,SKU-1175,2025-04-13,26,0,1
R03,SKU-1175,04/14/2025,21,1,0
R03,SKU-1175,2025-04-15,11,0,0
R03,SKU-1175,04/16/2025,24,1,1
R03,SKU-1175,2025-04-17,22,0,0
R03,SKU-1175,2025-04-18,16,0,0
R03,SKU-1175,2025-04-19,21,0,0
R03,SKU-1175,04/20/2025,27,0,0
R03,SKU-1175,21-Apr-25,22,1,0
R03,SKU-1175,04/22/2025,26,0,1
R03,SKU-1175,23-Apr-25,20,1,1
R03,SKU-1175,2025-04-24,14,0,0
R03,SKU-1175,04/25/2025,13,0,0
R03,SKU-1175,2025-04-26,15,1,0
R03,SKU-1175,2025-04-27,21,0,0
R03,SKU-1175,28-Apr-25,21,0,0
R03,SKU-1175,2025-04-29,18,0,0
R03,SKU-1175,2025-04-30,14,0,0
R03,SKU-1259,2025-04-01,23,0,1
R03,SKU-1259,02-Apr-25,24,2,0
R03,SKU-1259,2025-04-03,25,1,1
R03,SKU-1259,2025-04-04,29,0,0
R03,SKU-1259,2025-04-05,37,0,0
R03,SKU-1259,2025-04-06,27,0,0
R03,SKU-1259,04/07/2025,30,0,0
R03,SKU-1259,2025-04-08,31,0,0
R03,SKU-1259,2025-04-09,25,0,1
R03,SKU-1259,2025-04-10,27,0,0
R03,SKU-1259,04/11/2025,42,1,0
R03,SKU-1259,12-Apr-25,36,0,0
R03,SKU-1259,2025-04-13,29,0,0
R03,SKU-1259,2025-04-14,37,0,0
R03,SKU-1259,2025-04-15,27,0,0
R03,SKU-1259,04/16/2025,32,0,0
R03,SKU-1259,2025-04-17,27,0,0
R03,SKU-1259,2025-04-18,26,0,0
R03,SKU-1259,2025-04-19,30,0,0
R03,SKU-1259,2025-04-20,30,0,0
R03,SKU-1259,04/21/2025,46,1,0
R03,SKU-1259,2025-04-22,30,2,0
R03,SKU-1259,2025-04-23,34,2,0
R03,SKU-1259,04/24/2025,41,1,0
R03,SKU-1259,2025-04-25,29,0,0
R03,SKU-1259,2025-04-26,28,0,0
R03,SKU-1259,2025-04-27,30,0,0
R03,SKU-1259,2025-04-28,24,1,0
R03,SKU-1259,2025-04-29,30,0,0
R03,SKU-1259,2025-04-30,25,0,0
R03,SKU-1182,04/01/2025,0,1,0
R03,SKU-1182,2025-04-02,4,0,0
R03,SKU-1182,04/03/2025,4,0,0
R03,SKU-1182,04/04/2025,4,0,0
R03,SKU-1182,2025-04-05,5,0,0
R03,SKU-1182,2025-04-06,2,1,0
R03,SKU-1182,04/07/2025,3,0,0
R03,SKU-1182,2025-04-08,6,1,0
R03,SKU-1182,2025-04-09,7,1,0
R03,SKU-1182,2025-04-10,4,0,0
R03,SKU-1182,04/11/2025,3,0,0
R03,SKU-1182,04/12/2025,1,1,0
R03,SKU-1182,04/13/2025,4,0,0
R03,SKU-1182,2025-04-14,10,0,0
R03,SKU-1182,2025-04-15,2,0,0
R03,SKU-1182,2025-04-16,3,0,0
R03,SKU-1182,2025-04-17,8,0,0
R03,SKU-1182,2025-04-18,4,0,0
R03,SKU-1182,04/19/2025,3,0,0
R03,SKU-1182,04/20/2025,7,0,0
R03,SKU-1182,04/21/2025,6,0,0
R03,SKU-1182,2025-04-22,2,1,0
R03,SKU-1182,23-Apr-25,3,0,0
R03,SKU-1182,24-Apr-25,5,0,0
R03,SKU-1182,25-Apr-25,1,0,0
R03,SKU-1182,04/26/2025,7,1,0
R03,SKU-1182,2025-04-27,5,0,0
R03,SKU-1182,28-Apr-25,2,1,1
R03,SKU-1182,2025-04-29,5,1,0
R03,SKU-1182,2025-04-30,3,0,0
R03,SKU-1266,2025-04-01,32,0,0
R03,SKU-1266,2025-04-02,34,0,0
R03,SKU-1266,04/03/2025,24,1,0
R03,SKU-1266,2025-04-04,34,0,0
R03,SKU-1266,2025-04-05,32,2,0
R03,SKU-1266,2025-04-06,31,0,0
R03,SKU-1266,2025-04-07,32,1,0
R03,SKU-1266,04/08/2025,32,0,0
R03,SKU-1266,2025-04-09,37,0,0
R03,SKU-1266,10-Apr-25,24,1,0
R03,SKU-1266,2025-04-11,31,0,0
R03,SKU-1266,2025-04-12,24,0,1
R03,SKU-1266,2025-04-13,32,1,0
R03,SKU-1266,2025-04-14,33,0,0
R03,SKU-1266,2025-04-15,27,0,0
R03,SKU-1266,2025-04-16,30,0,0
R03,SKU-1266,2025-04-17,32,0,0
R03,SKU-1266,2025-04-18,23,0,0
R03,SKU-1266,2025-04-19,40,1,0
R03,SKU-1266,04/20/2025,31,0,0
R03,SKU-1266,2025-04-21,39,1,0
R03,SKU-1266,22-Apr-25,36,0,0
R03,SKU-1266,04/23/2025,31,2,0
R03,SKU-1266,2025-04-24,23,0,1
R03,SKU-1266,2025-04-25,32,0,0
R03,SKU-1266,04/26/2025,29,0,0
R03,SKU-1266,27-Apr-25,37,0,0
R03,SKU-1266,2025-04-28,24,1,0
R03,SKU-1266,2025-04-29,32,0,0
R03,SKU-1266,2025-04-30,23,0,1
R03,SKU-1077,04/01/2025,11,0,0
R03,SKU-1077,04/02/2025,13,0,0
R03,SKU-1077,03-Apr-25,18,0,0
R03,SKU-1077,04/04/2025,25,1,0
R03,SKU-1077,04/05/2025,21,0,0
R03,SKU-1077,2025-04-06,16,1,0
R03,SKU-1077,2025-04-07,15,0,0
R03,SKU-1077,04/08/2025,17,0,0
R03,SKU-1077,2025-04-09,16,1,0
R03,SKU-1077,2025-04-10,19,0,0
R03,SKU-1077,2025-04-11,13,0,0
R03,SKU-1077,2025-04-12,25,0,1
R03,SKU-1077,2025-04-13,13,0,0
R03,SKU-1077,2025-04-14,17,0,0
R03,SKU-1077,15-Apr-25,14,0,0
R03,SKU-1077,2025-04-16,13,0,0
R03,SKU-1077,17-Apr-25,17,0,0
R03,SKU-1077,2025-04-18,17,0,0
R03,SKU-1077,04/19/2025,11,0,0
R03,SKU-1077,2025-04-20,19,0,0
R03,SKU-1077,21-Apr-25,13,1,0
R03,SKU-1077,2025-04-22,12,0,0
R03,SKU-1077,04/23/2025,16,0,0
R03,SKU-1077,2025-04-24,18,0,0
R03,SKU-1077,2025-04-25,17,1,0
R03,SKU-1077,2025-04-26,18,0,0
R03,SKU-1077,04/27/2025,13,0,0
R03,SKU-1077,2025-04-28,13,1,0
R03,SKU-1077,29-Apr-25,16,0,0
R03,SKU-1077,2025-04-30,14,0,0
R03,SKU-1280,2025-04-01,24,0,0
R03,SKU-1280,04/02/2025,19,0,0
R03,SKU-1280,04/03/2025,24,0,1
R03,SKU-1280,04-Apr-25,19,0,0
R03,SKU-1280,2025-04-05,41,1,1
R03,SKU-1280,04/06/2025,25,0,0
R03,SKU-1280,2025-04-07,33,2,0
R03,SKU-1280,2025-04-08,31,0,1
R03,SKU-1280,2025-04-09,29,0,0
R03,SKU-1280,10-Apr-25,32,1,0
R03,SKU-1280,2025-04-11,28,0,0
R03,SKU-1280,2025-04-12,29,0,0
R03,SKU-1280,2025-04-13,30,0,0
R03,SKU-1280,14-Apr-25,29,3,0
R03,SKU-1280,15-Apr-25,21,0,0
R03,SKU-1280,2025-04-16,21,0,0
R03,SKU-1280,17-Apr-25,31,1,1
R03,SKU-1280,2025-04-18,24,0,0
R03,SKU-1280,2025-04-19,24,1,0
R03,SKU-1280,04/20/2025,30,0,0
R03,SKU-1280,2025-04-21,36,0,0
R03,SKU-1280,2025-04-22,19,0,0
R03,SKU-1280,04/23/2025,37,0,0
R03,SKU-1280,2025-04-24,26,1,0
R03,SKU-1280,04/25/2025,26,0,0
R03,SKU-1280,2025-04-26,29,0,0
R03,SKU-1280,04/27/2025,24,1,0
R03,SKU-1280,2025-04-28,29,0,1
R03,SKU-1280,2025-04-29,21,1,0
R03,SKU-1280,2025-04-30,25,1,0
R03,SKU-1238,01-Apr-25,23,0,1
R03,SKU-1238,2025-04-02,28,0,0
R03,SKU-1238,2025-04-03,33,2,0
R03,SKU-1238,04/04/2025,17,1,0
R03,SKU-1238,05-Apr-25,29,0,1
R03,SKU-1238,06-Apr-25,33,1,0
R03,SKU-1238,07-Apr-25,20,0,0
R03,SKU-1238,08-Apr-25,32,0,0
R03,SKU-1238,04/09/2025,17,0,0
R03,SKU-1238,04/10/2025,30,0,0
R03,SKU-1238,2025-04-11,34,0,0
R03,SKU-1238,2025-04-12,34,1,0
R03,SKU-1238,2025-04-13,28,1,0
R03,SKU-1238,04/14/2025,32,0,0
R03,SKU-1238,2025-04-15,21,0,0
R03,SKU-1238,2025-04-16,32,0,0
R03,SKU-1238,2025-04-17,31,0,0
R03,SKU-1238,2025-04-18,24,1,0
R03,SKU-1238,2025-04-19,10,0,0
R03,SKU-1238,2025-04-20,22,1,0
R03,SKU-1238,2025-04-21,33,1,0
R03,SKU-1238,2025-04-22,30,0,1
R03,SKU-1238,2025-04-23,31,2,0
R03,SKU-1238,24-Apr-25,22,0,0
R03,SKU-1238,2025-04-25,30,0,0
R03,SKU-1238,2025-04-26,36,0,0
R03,SKU-1238,2025-04-27,24,1,0
R03,SKU-1238,04/28/2025,22,0,0
R03,SKU-1238,2025-04-29,30,1,0
R03,SKU-1238,2025-04-30,32,3,0
R03,SKU-1217,04/01/2025,8,0,0
R03,SKU-1217,02-Apr-25,7,0,0
R03,SKU-1217,03-Apr-25,9,0,0
R03,SKU-1217,04/04/2025,15,1,0
R03,SKU-1217,2025-04-05,12,0,0
R03,SKU-1217,2025-04-06,8,1,0
R03,SKU-1217,2025-04-07,8,0,1
R03,SKU-1217,2025-04-08,8,0,0
R03,SKU-1217,2025-04-09,8,0,1
R03,SKU-1217,2025-04-10,14,1,0
R03,SKU-1217,2025-04-11,12,1,0
R03,SKU-1217,2025-04-12,12,1,0
R03,SKU-1217,04/13/2025,10,2,0
R03,SKU-1217,2025-04-14,10,0,1
R03,SKU-1217,15-Apr-25,6,0,0
R03,SKU-1217,2025-04-16,15,0,0
R03,SKU-1217,2025-04-17,13,0,0
R03,SKU-1217,04/18/2025,6,0,0
R03,SKU-1217,2025-04-19,12,1,0
R03,SKU-1217,2025-04-20,9,0,0
R03,SKU-1217,21-Apr-25,12,0,0
R03,SKU-1217,2025-04-22,10,0,0
R03,SKU-1217,2025-04-23,7,2,0
R03,SKU-1217,2025-04-24,9,0,0
R03,SKU-1217,2025-04-25,6,1,0
R03,SKU-1217,2025-04-26,9,1,0
R03,SKU-1217,04/27/2025,6,0,0
R03,SKU-1217,2025-04-28,8,0,0
R03,SKU-1217,04/29/2025,9,1,1
R03,SKU-1217,04/30/2025,8,0,0
R04,SKU-1056,04/01/2025,3,0,0
R04,SKU-1056,2025-04-02,4,1,0
R04,SKU-1056,04/03/2025,3,0,0
R04,SKU-1056,2025-04-04,4,1,1
R04,SKU-1056,2025-04-05,1,0,0
R04,SKU-1056,04/06/2025,6,0,0
R04,SKU-1056,04/07/2025,4,0,0
R04,SKU-1056,2025-04-08,8,0,0
R04,SKU-1056,2025-04-09,4,0,0
R04,SKU-1056,04/10/2025,7,0,0
R04,SKU-1056,04/11/2025,2,0,0
R04,SKU-1056,2025-04-12,4,0,0
R04,SKU-1056,13-Apr-25,2,0,0
R04,SKU-1056,14-Apr-25,5,2,0
R04,SKU-1056,2025-04-15,3,0,0
R04,SKU-1056,04/16/2025,5,1,0
R04,SKU-1056,17-Apr-25,3,1,0
R04,SKU-1056,2025-04-18,9,0,0
R04,SKU-1056,2025-04-19,4,1,0
R04,SKU-1056,20-Apr-25,4,0,0
R04,SKU-1056,04/21/2025,6,1,0
R04,SKU-1056,2025-04-22,3,0,1
R04,SKU-1056,2025-04-23,4,0,1
R04,SKU-1056,2025-04-24,4,0,0
R04,SKU-1056,2025-04-25,3,0,0
R04,SKU-1056,2025-04-26,5,0,0
R04,SKU-1056,2025-04-27,3,0,0
R04,SKU-1056,2025-04-28,4,1,0
R04,SKU-1056,2025-04-29,4,0,0
R04,SKU-1056,2025-04-30,5,2,0
R04,SKU-1231,2025-04-01,20,0,0
R04,SKU-1231,02-Apr-25,20,0,1
R04,SKU-1231,2025-04-03,24,1,0
R04,SKU-1231,04/04/2025,28,0,0
R04,SKU-1231,2025-04-05,25,1,0
R04,SKU-1231,2025-04-06,30,0,0
R04,SKU-1231,04/07/2025,33,0,0
R04,SKU-1231,2025-04-08,20,1,0
R04,SKU-1231,04/09/2025,33,0,1
R04,SKU-1231,2025-04-10,19,0,1
R04,SKU-1231,11-Apr-25,27,0,0
R04,SKU-1231,04/12/2025,22,0,0
R04,SKU-1231,2025-04-13,27,1,0
R04,SKU-1231,14-Apr-25,32,1,0
R04,SKU-1231,2025-04-15,35,1,0
R04,SKU-1231,2025-04-16,21,0,0
R04,SKU-1231,2025-04-17,24,1,0
R04,SKU-1231,04/18/2025,31,1,0
R04,SKU-1231,04/19/2025,27,1,0
R04,SKU-1231,2025-04-20,27,0,0
R04,SKU-1231,2025-04-21,30,0,0
R04,SKU-1231,2025-04-22,32,1,0
R04,SKU-1231,2025-04-23,40,0,0
R04,SKU-1231,24-Apr-25,24,2,0
R04,SKU-1231,2025-04-25,25,0,0
R04,SKU-1231,26-Apr-25,26,0,0
R04,SKU-1231,2025-04-27,27,1,0
R04,SKU-1231,2025-04-28,14,2,0
R04,SKU-1231,29-Apr-25,32,1,0
R04,SKU-1231,2025-04-30,18,0,0
R04,SKU-1077,2025-04-01,27,0,0
R04,SKU-1077,2025-04-02,26,1,0
R04,SKU-1077,04/03/2025,34,0,0
R04,SKU-1077,2025-04-04,21,0,0
R04,SKU-1077,2025-04-05,30,0,0
R04,SKU-1077,2025-04-06,30,0,0
R04,SKU-1077,2025-04-07,23,0,0
R04,SKU-1077,2025-04-08,25,0,0
R04,SKU-1077,09-Apr-25,27,0,0
R04,SKU-1077,2025-04-10,27,0,0
R04,SKU-1077,11-Apr-25,27,0,1
R04,SKU-1077,04/12/2025,29,1,0
R04,SKU-1077,2025-04-13,33,1,0
R04,SKU-1077,04/14/2025,26,2,0
R04,SKU-1077,2025-04-15,21,0,0
R04,SKU-1077,2025-04-16,33,1,0
R04,SKU-1077,2025-04-17,24,0,0
R04,SKU-1077,2025-04-18,29,1,0
R04,SKU-1077,2025-04-19,29,0,0
R04,SKU-1077,04/20/2025,19,0,0
R04,SKU-1077,2025-04-21,29,0,0
R04,SKU-1077,2025-04-22,24,0,0
R04,SKU-1077,2025-04-23,28,0,0
R04,SKU-1077,24-Apr-25,20,0,0
R04,SKU-1077,2025-04-25,32,1,0
R04,SKU-1077,26-Apr-25,30,0,0
R04,SKU-1077,2025-04-27,21,1,0
R04,SKU-1077,2025-04-28,26,0,0
R04,SKU-1077,2025-04-29,23,0,0
R04,SKU-1077,04/30/2025,35,0,0
R04,SKU-1021,2025-04-01,34,1,0
R04,SKU-1021,02-Apr-25,33,0,0
R04,SKU-1021,2025-04-03,18,0,0
R04,SKU-1021,2025-04-04,22,0,0
R04,SKU-1021,04/05/2025,26,1,0
R04,SKU-1021,2025-04-06,18,0,0
R04,SKU-1021,04/07/2025,37,0,0
R04,SKU-1021,2025-04-08,30,1,0
R04,SKU-1021,09-Apr-25,33,1,0
R04,SKU-1021,04/10/2025,29,2,0
R04,SKU-1021,2025-04-11,28,0,0
R04,SKU-1021,04/12/2025,29,0,0
R04,SKU-1021,2025-04-13,25,0,0
R04,SKU-1021,2025-04-14,24,0,0
R04,SKU-1021,04/15/2025,13,0,0
R04,SKU-1021,2025-04-16,27,0,0
R04,SKU-1021,2025-04-17,25,2,0
R04,SKU-1021,2025-04-18,21,0,0
R04,SKU-1021,2025-04-19,22,0,0
R04,SKU-1021,2025-04-20,35,1,0
R04,SKU-1021,2025-04-21,21,0,0
R04,SKU-1021,22-Apr-25,32,0,1
R04,SKU-1021,2025-04-23,34,1,0
R04,SKU-1021,2025-04-24,24,0,0
R04,SKU-1021,2025-04-25,27,0,0
R04,SKU-1021,2025-04-26,23,0,0
R04,SKU-1021,2025-04-27,32,0,0
R04,SKU-1021,2025-04-28,21,0,0
R04,SKU-1021,04/29/2025,20,0,0
R04,SKU-1021,04/30/2025,38,1,0
R04,SKU-1028,2025-04-01,8,1,0
R04,SKU-1028,2025-04-02,4,0,0
R04,SKU-1028,04/03/2025,12,0,1
R04,SKU-1028,04/04/2025,10,1,0
R04,SKU-1028,04/05/2025,13,0,0
R04,SKU-1028,2025-04-06,7,2,0
R04,SKU-1028,04/07/2025,13,0,0
R04,SKU-1028,08-Apr-25,9,0,0
R04,SKU-1028,04/09/2025,6,0,0
R04,SKU-1028,2025-04-10,6,1,0
R04,SKU-1028,2025-04-11,9,1,0
R04,SKU-1028,2025-04-12,9,0,0
R04,SKU-1028,04/13/2025,14,0,0
R04,SKU-1028,2025-04-14,16,1,0
R04,SKU-1028,2025-04-15,9,0,0
R04,SKU-1028,04/16/2025,12,0,0
R04,SKU-1028,04/17/2025,11,0,0
R04,SKU-1028,2025-04-18,10,1,0
R04,SKU-1028,04/19/2025,11,0,0
R04,SKU-1028,2025-04-20,6,0,0
R04,SKU-1028,04/21/2025,7,1,0
R04,SKU-1028,04/22/2025,13,1,0
R04,SKU-1028,2025-04-23,5,1,0
R04,SKU-1028,2025-04-24,10,0,0
R04,SKU-1028,2025-04-25,11,0,1
R04,SKU-1028,2025-04-26,6,0,0
R04,SKU-1028,2025-04-27,8,1,0
R04,SKU-1028,04/28/2025,8,0,0
R04,SKU-1028,2025-04-29,13,0,0
R04,SKU-1028,04/30/2025,8,0,0
R04,SKU-1035,04/01/2025,16,0,0
R04,SKU-1035,02-Apr-25,15,1,0
R04,SKU-1035,04/03/2025,9,0,0
R04,SKU-1035,2025-04-04,13,0,0
R04,SKU-1035,2025-04-05,12,0,1
R04,SKU-1035,06-Apr-25,11,0,1
R04,SKU-1035,2025-04-07,12,0,0
R04,SKU-1035,04/08/2025,12,0,0
R04,SKU-1035,2025-04-09,7,0,0
R04,SKU-1035,2025-04-10,10,0,0
R04,SKU-1035,11-Apr-25,15,0,1
R04,SKU-1035,2025-04-12,11,0,0
R04,SKU-1035,13-Apr-25,11,1,1
R04,SKU-1035,14-Apr-25,11,0,0
R04,SKU-1035,2025-04-15,14,0,0
R04,SKU-1035,2025-04-16,7,0,1
R04,SKU-1035,04/17/2025,12,0,0
R04,SKU-1035,2025-04-18,10,1,1
R04,SKU-1035,2025-04-19,6,0,0
R04,SKU-1035,04/20/2025,16,1,0
R04,SKU-1035,2025-04-21,11,0,0
R04,SKU-1035,2025-04-22,12,0,0
R04,SKU-1035,04/23/2025,11,0,0
R04,SKU-1035,04/24/2025,9,0,0
R04,SKU-1035,25-Apr-25,19,0,0
R04,SKU-1035,2025-04-26,14,1,0
R04,SKU-1035,27-Apr-25,15,0,0
R04,SKU-1035,2025-04-28,14,1,0
R04,SKU-1035,04/29/2025,12,0,0
R04,SKU-1035,04/30/2025,11,0,0
R04,SKU-1182,04/01/2025,25,0,0
R04,SKU-1182,2025-04-02,24,0,0
R04,SKU-1182,2025-04-03,25,0,0
R04,SKU-1182,2025-04-04,23,0,0
R04,SKU-1182,2025-04-05,26,0,0
R04,SKU-1182,2025-04-06,14,1,1
R04,SKU-1182,04/07/2025,21,0,0
R04,SKU-1182,04/08/2025,30,0,0
R04,SKU-1182,2025-04-09,23,2,0
R04,SKU-1182,04/10/2025,24,0,0
R04,SKU-1182,2025-04-11,31,0,1
R04,SKU-1182,04/12/2025,22,0,0
R04,SKU-1182,2025-04-13,20,1,0
R04,SKU-1182,2025-04-14,22,0,0
R04,SKU-1182,2025-04-15,28,0,0
R04,SKU-1182,04/16/2025,24,0,0
R04,SKU-1182,17-Apr-25,25,0,0
R04,SKU-1182,2025-04-18,17,0,0
R04,SKU-1182,19-Apr-25,19,0,0
R04,SKU-1182,20-Apr-25,25,1,0
R04,SKU-1182,2025-04-21,23,0,0
R04,SKU-1182,2025-04-22,20,0,0
R04,SKU-1182,23-Apr-25,20,0,0
R04,SKU-1182,24-Apr-25,21,1,0
R04,SKU-1182,2025-04-25,22,0,0
R04,SKU-1182,26-Apr-25,21,1,0
R04,SKU-1182,04/27/2025,20,0,0
R04,SKU-1182,04/28/2025,17,2,0
R04,SKU-1182,2025-04-29,18,0,0
R04,SKU-1182,2025-04-30,20,0,0
R04,SKU-1238,2025-04-01,7,0,0
R04,SKU-1238,2025-04-02,3,0,0
R04,SKU-1238,2025-04-03,5,0,0
R04,SKU-1238,04/04/2025,9,1,0
R04,SKU-1238,2025-04-05,10,1,0
R04,SKU-1238,2025-04-06,5,0,0
R04,SKU-1238,07-Apr-25,9,0,0
R04,SKU-1238,08-Apr-25,8,0,0
R04,SKU-1238,2025-04-09,6,2,0
R04,SKU-1238,2025-04-10,8,0,0
R04,SKU-1238,2025-04-11,2,0,0
R04,SKU-1238,2025-04-12,6,0,0
R04,SKU-1238,04/13/2025,5,1,0
R04,SKU-1238,2025-04-14,10,2,0
R04,SKU-1238,04/15/2025,2,1,0
R04,SKU-1238,2025-04-16,6,0,0
R04,SKU-1238,17-Apr-25,5,0,0
R04,SKU-1238,2025-04-18,5,1,0
R04,SKU-1238,2025-04-19,10,0,0
R04,SKU-1238,04/20/2025,11,0,0
R04,SKU-1238,2025-04-21,8,0,0
R04,SKU-1238,04/22/2025,8,0,0
R04,SKU-1238,2025-04-23,5,1,0
R04,SKU-1238,2025-04-24,4,0,0
R04,SKU-1238,2025-04-25,9,0,0
R04,SKU-1238,2025-04-26,10,0,0
R04,SKU-1238,2025-04-27,7,0,0
R04,SKU-1238,2025-04-28,7,0,0
R04,SKU-1238,04/29/2025,5,0,1
R04,SKU-1238,2025-04-30,1,0,0
R04,SKU-1280,2025-04-01,25,0,0
R04,SKU-1280,02-Apr-25,25,1,0
R04,SKU-1280,04/03/2025,19,1,0
R04,SKU-1280,2025-04-04,23,1,0
R04,SKU-1280,2025-04-05,22,1,0
R04,SKU-1280,2025-04-06,29,1,0
R04,SKU-1280,04/07/2025,23,0,0
R04,SKU-1280,2025-04-08,18,2,1
R04,SKU-1280,04/09/2025,29,0,0
R04,SKU-1280,10-Apr-25,29,0,1
R04,SKU-1280,2025-04-11,29,1,0
R04,SKU-1280,12-Apr-25,24,1,0
R04,SKU-1280,2025-04-13,30,0,1
R04,SKU-1280,2025-04-14,22,0,0
R04,SKU-1280,04/15/2025,17,0,0
R04,SKU-1280,2025-04-16,28,1,1
R04,SKU-1280,2025-04-17,26,0,0
R04,SKU-1280,2025-04-18,24,0,0
R04,SKU-1280,04/19/2025,28,1,0
R04,SKU-1280,2025-04-20,30,0,0
R04,SKU-1280,2025-04-21,35,0,0
R04,SKU-1280,2025-04-22,21,0,0
R04,SKU-1280,2025-04-23,18,0,0
R04,SKU-1280,04/24/2025,35,0,0
R04,SKU-1280,2025-04-25,26,0,0
R04,SKU-1280,2025-04-26,20,0,0
R04,SKU-1280,27-Apr-25,24,0,1
R04,SKU-1280,04/28/2025,32,0,0
R04,SKU-1280,04/29/2025,29,0,0
R04,SKU-1280,2025-04-30,32,0,0
R04,SKU-1273,2025-04-01,6,1,0
R04,SKU-1273,02-Apr-25,5,0,0
R04,SKU-1273,2025-04-03,11,0,0
R04,SKU-1273,2025-04-04,7,0,0
R04,SKU-1273,04/05/2025,8,0,0
R04,SKU-1273,04/06/2025,5,2,0
R04,SKU-1273,07-Apr-25,9,0,0
R04,SKU-1273,08-Apr-25,10,1,0
R04,SKU-1273,2025-04-09,6,1,0
R04,SKU-1273,04/10/2025,10,3,0
R04,SKU-1273,11-Apr-25,5,0,0
R04,SKU-1273,2025-04-12,9,0,0
R04,SKU-1273,2025-04-13,10,0,0
R04,SKU-1273,2025-04-14,12,0,0
R04,SKU-1273,04/15/2025,4,0,0
R04,SKU-1273,16-Apr-25,10,0,0
R04,SKU-1273,17-Apr-25,6,1,0
R04,SKU-1273,04/18/2025,9,0,0
R04,SKU-1273,2025-04-19,4,0,0
R04,SKU-1273,2025-04-20,5,2,1
R04,SKU-1273,21-Apr-25,8,0,0
R04,SKU-1273,2025-04-22,6,1,0
R04,SKU-1273,2025-04-23,8,0,0
R04,SKU-1273,04/24/2025,6,0,0
R04,SKU-1273,2025-04-25,8,0,0
R04,SKU-1273,2025-04-26,8,0,0
R04,SKU-1273,27-Apr-25,8,0,0
R04,SKU-1273,04/28/2025,7,0,1
R04,SKU-1273,2025-04-29,10,1,0
R04,SKU-1273,30-Apr-25,9,0,0
R04,SKU-1091,04/01/2025,6,0,0
R04,SKU-1091,04/02/2025,4,1,0
R04,SKU-1091,2025-04-03,4,1,0
R04,SKU-1091,2025-04-04,5,0,0
R04,SKU-1091,2025-04-05,3,0,0
R04,SKU-1091,2025-04-06,11,0,0
R04,SKU-1091,2025-04-07,8,0,0
R04,SKU-1091,2025-04-08,3,0,0
R04,SKU-1091,04/09/2025,5,0,0
R04,SKU-1091,2025-04-10,2,0,0
R04,SKU-1091,2025-04-11,3,1,0
R04,SKU-1091,2025-04-12,8,0,0
R04,SKU-1091,13-Apr-25,11,0,0
R04,SKU-1091,2025-04-14,9,0,0
R04,SKU-1091,2025-04-15,11,1,0
R04,SKU-1091,2025-04-16,8,2,0
R04,SKU-1091,2025-04-17,12,0,0
R04,SKU-1091,04/18/2025,13,0,0
R04,SKU-1091,2025-04-19,5,0,0
R04,SKU-1091,2025-04-20,16,1,0
R04,SKU-1091,2025-04-21,8,1,0
R04,SKU-1091,2025-04-22,8,1,0
R04,SKU-1091,2025-04-23,8,0,0
R04,SKU-1091,2025-04-24,8,0,0
R04,SKU-1091,2025-04-25,8,0,0
R04,SKU-1091,2025-04-26,8,1,0
R04,SKU-1091,27-Apr-25,5,0,0
R04,SKU-1091,04/28/2025,10,0,0
R04,SKU-1091,2025-04-29,8,1,0
R04,SKU-1091,2025-04-30,8,0,0
R04,SKU-1210,01-Apr-25,38,1,0
R04,SKU-1210,2025-04-02,31,1,0
R04,SKU-1210,03-Apr-25,28,1,0
R04,SKU-1210,04/04/2025,37,0,0
R04,SKU-1210,05-Apr-25,37,1,0
R04,SKU-1210,04/06/2025,33,0,0
R04,SKU-1210,07-Apr-25,23,0,1
R04,SKU-1210,08-Apr-25,29,0,0
R04,SKU-1210,04/09/2025,36,0,0
R04,SKU-1210,2025-04-10,32,1,0
R04,SKU-1210,2025-04-11,28,1,1
R04,SKU-1210,2025-04-12,40,0,1
R04,SKU-1210,2025-04-13,31,0,0
R04,SKU-1210,2025-04-14,34,0,0
R04,SKU-1210,2025-04-15,28,0,0
R04,SKU-1210,2025-04-16,32,1,0
R04,SKU-1210,17-Apr-25,20,0,0
R04,SKU-1210,2025-04-18,34,1,0
R04,SKU-1210,2025-04-19,25,1,1
R04,SKU-1210,2025-04-20,33,0,0
R04,SKU-1210,2025-04-21,31,0,0
R04,SKU-1210,22-Apr-25,44,0,0
R04,SKU-1210,04/23/2025,31,0,0
R04,SKU-1210,2025-04-24,32,1,0
R04,SKU-1210,25-Apr-25,32,0,0
R04,SKU-1210,2025-04-26,33,0,1
R04,SKU-1210,04/27/2025,24,0,0
R04,SKU-1210,28-Apr-25,32,0,0
R04,SKU-1210,2025-04-29,37,1,0
R04,SKU-1210,30-Apr-25,36,0,0
R04,SKU-1266,01-Apr-25,12,0,0
R04,SKU-1266,2025-04-02,13,0,0
R04,SKU-1266,2025-04-03,6,2,0
R04,SKU-1266,2025-04-04,4,0,0
R04,SKU-1266,05-Apr-25,9,1,0
R04,SKU-1266,04/06/2025,7,1,0
R04,SKU-1266,2025-04-07,5,0,0
R04,SKU-1266,04/08/2025,11,0,0
R04,SKU-1266,2025-04-09,4,0,0
R04,SKU-1266,04/10/2025,10,0,0
R04,SKU-1266,2025-04-11,4,0,0
R04,SKU-1266,2025-04-12,5,0,0
R04,SKU-1266,2025-04-13,3,0,0
R04,SKU-1266,04/14/2025,2,0,0
R04,SKU-1266,15-Apr-25,11,0,0
R04,SKU-1266,2025-04-16,8,0,0
R04,SKU-1266,2025-04-17,8,0,0
R04,SKU-1266,04/18/2025,6,0,0
R04,SKU-1266,2025-04-19,6,0,1
R04,SKU-1266,2025-04-20,4,1,0
R04,SKU-1266,2025-04-21,6,0,1
R04,SKU-1266,2025-04-22,7,1,0
R04,SKU-1266,04/23/2025,9,0,0
R04,SKU-1266,04/24/2025,6,0,0
R04,SKU-1266,2025-04-25,4,1,0
R04,SKU-1266,04/26/2025,6,0,0
R04,SKU-1266,2025-04-27,6,1,0
R04,SKU-1266,2025-04-28,6,0,0
R04,SKU-1266,2025-04-29,6,1,0
R04,SKU-1266,2025-04-30,9,0,0
R04,SKU-1259,2025-04-01,12,0,0
R04,SKU-1259,2025-04-02,3,0,0
R04,SKU-1259,2025-04-03,5,2,0
R04,SKU-1259,04/04/2025,10,0,0
R04,SKU-1259,2025-04-05,8,0,0
R04,SKU-1259,2025-04-06,6,0,0
R04,SKU-1259,2025-04-07,11,1,0
R04,SKU-1259,04/08/2025,5,0,0
R04,SKU-1259,04/09/2025,7,0,0
R04,SKU-1259,2025-04-10,9,0,0
R04,SKU-1259,2025-04-11,5,0,0
R04,SKU-1259,2025-04-12,9,0,0
R04,SKU-1259,2025-04-13,6,0,0
R04,SKU-1259,2025-04-14,15,0,0
R04,SKU-1259,2025-04-15,8,1,0
R04,SKU-1259,2025-04-16,5,0,0
R04,SKU-1259,2025-04-17,8,0,0
R04,SKU-1259,2025-04-18,15,0,0
R04,SKU-1259,2025-04-19,10,1,0
R04,SKU-1259,2025-04-20,6,0,0
R04,SKU-1259,04/21/2025,6,1,0
R04,SKU-1259,2025-04-22,5,0,0
R04,SKU-1259,23-Apr-25,10,0,0
R04,SKU-1259,04/24/2025,3,1,0
R04,SKU-1259,04/25/2025,8,0,0
R04,SKU-1259,2025-04-26,10,0,0
R04,SKU-1259,04/27/2025,11,0,1
R04,SKU-1259,2025-04-28,8,0,1
R04,SKU-1259,2025-04-29,7,1,0
R04,SKU-1259,2025-04-30,7,0,0
R04,SKU-1133,04/01/2025,5,1,0
R04,SKU-1133,02-Apr-25,9,1,0
R04,SKU-1133,2025-04-03,3,1,0
R04,SKU-1133,2025-04-04,3,1,0
R04,SKU-1133,04/05/2025,2,0,0
R04,SKU-1133,04/06/2025,8,0,0
R04,SKU-1133,2025-04-07,9,1,1
R04,SKU-1133,2025-04-08,3,1,0
R04,SKU-1133,2025-04-09,9,0,0
R04,SKU-1133,10-Apr-25,4,0,0
R04,SKU-1133,04/11/2025,5,2,0
R04,SKU-1133,04/12/2025,2,0,0
R04,SKU-1133,2025-04-13,6,0,0
R04,SKU-1133,2025-04-14,6,2,0
R04,SKU-1133,04/15/2025,8,0,0
R04,SKU-1133,16-Apr-25,6,3,0
R04,SKU-1133,17-Apr-25,3,1,0
R04,SKU-1133,2025-04-18,3,0,0
R04,SKU-1133,04/19/2025,10,0,1
R04,SKU-1133,2025-04-20,3,2,0
R04,SKU-1133,04/21/2025,4,0,0
R04,SKU-1133,2025-04-22,3,0,0
R04,SKU-1133,23-Apr-25,7,1,0
R04,SKU-1133,04/24/2025,5,0,0
R04,SKU-1133,2025-04-25,6,0,0
R04,SKU-1133,2025-04-26,6,0,0
R04,SKU-1133,2025-04-27,13,0,0
R04,SKU-1133,2025-04-28,5,0,0
R04,SKU-1133,2025-04-29,3,0,0
R04,SKU-1133,30-Apr-25,7,1,0
R04,SKU-1126,2025-04-01,12,0,0
R04,SKU-1126,02-Apr-25,7,0,1
R04,SKU-1126,04/03/2025,11,2,0
R04,SKU-1126,2025-04-04,12,1,0
R04,SKU-1126,2025-04-05,6,0,0
R04,SKU-1126,2025-04-06,4,0,1
R04,SKU-1126,2025-04-07,10,0,0
R04,SKU-1126,04/08/2025,7,0,0
R04,SKU-1126,2025-04-09,11,1,0
R04,SKU-1126,2025-04-10,12,0,0
R04,SKU-1126,04/11/2025,8,1,0
R04,SKU-1126,2025-04-12,17,0,0
R04,SKU-1126,2025-04-13,10,1,0
R04,SKU-1126,04/14/2025,10,2,0
R04,SKU-1126,04/15/2025,10,0,1
R04,SKU-1126,2025-04-16,11,0,0
R04,SKU-1126,04/17/2025,12,0,0
R04,SKU-1126,04/18/2025,9,2,0
R04,SKU-1126,2025-04-19,13,1,0
R04,SKU-1126,2025-04-20,7,0,0
R04,SKU-1126,04/21/2025,7,0,0
R04,SKU-1126,04/22/2025,10,0,1
R04,SKU-1126,2025-04-23,11,0,0
R04,SKU-1126,2025-04-24,11,0,1
R04,SKU-1126,2025-04-25,11,0,0
R04,SKU-1126,26-Apr-25,10,0,0
R04,SKU-1126,04/27/2025,9,0,0
R04,SKU-1126,04/28/2025,13,0,0
R04,SKU-1126,2025-04-29,25,0,1
R04,SKU-1126,30-Apr-25,16,1,0
R04,SKU-1175,04/01/2025,15,0,0
R04,SKU-1175,04/02/2025,9,0,0
R04,SKU-1175,2025-04-03,10,0,0
R04,SKU-1175,2025-04-04,13,0,0
R04,SKU-1175,04/05/2025,11,0,1
R04,SKU-1175,04/06/2025,12,0,0
R04,SKU-1175,2025-04-07,12,2,0
R04,SKU-1175,08-Apr-25,14,0,1
R04,SKU-1175,04/09/2025,15,0,0
R04,SKU-1175,04/10/2025,12,0,0
R04,SKU-1175,04/11/2025,7,0,1
R04,SKU-1175,04/12/2025,5,0,0
R04,SKU-1175,13-Apr-25,16,0,1
R04,SKU-1175,2025-04-14,16,0,0
R04,SKU-1175,2025-04-15,14,0,0
R04,SKU-1175,2025-04-16,20,1,0
R04,SKU-1175,2025-04-17,14,1,0
R04,SKU-1175,04/18/2025,11,0,0
R04,SKU-1175,2025-04-19,14,1,0
R04,SKU-1175,2025-04-20,11,0,0
R04,SKU-1175,21-Apr-25,19,0,0
R04,SKU-1175,04/22/2025,18,0,0
R04,SKU-1175,2025-04-23,7,0,0
R04,SKU-1175,2025-04-24,21,0,1
R04,SKU-1175,04/25/2025,13,0,0
R04,SKU-1175,2025-04-26,15,0,0
R04,SKU-1175,2025-04-27,15,0,0
R04,SKU-1175,04/28/2025,17,0,0
R04,SKU-1175,2025-04-29,17,0,0
R04,SKU-1175,2025-04-30,15,0,0
R04,SKU-1098,04/01/2025,22,0,0
R04,SKU-1098,2025-04-02,29,0,0
R04,SKU-1098,2025-04-03,27,0,1
R04,SKU-1098,04/04/2025,18,0,1
R04,SKU-1098,04/05/2025,23,1,0
R04,SKU-1098,2025-04-06,20,1,0
R04,SKU-1098,07-Apr-25,15,0,0
R04,SKU-1098,2025-04-08,20,0,0
R04,SKU-1098,2025-04-09,17,0,0
R04,SKU-1098,2025-04-10,13,1,0
R04,SKU-1098,11-Apr-25,26,1,0
R04,SKU-1098,2025-04-12,17,0,0
R04,SKU-1098,2025-04-13,23,1,0
R04,SKU-1098,2025-04-14,26,0,0
R04,SKU-1098,2025-04-15,11,0,1
R04,SKU-1098,04/16/2025,13,0,1
R04,SKU-1098,2025-04-17,16,1,0
R04,SKU-1098,04/18/2025,14,2,0
R04,SKU-1098,2025-04-19,20,0,0
R04,SKU-1098,2025-04-20,24,0,0
R04,SKU-1098,2025-04-21,18,0,0
R04,SKU-1098,2025-04-22,18,0,0
R04,SKU-1098,2025-04-23,21,0,0
R04,SKU-1098,2025-04-24,23,0,0
R04,SKU-1098,04/25/2025,17,0,0
R04,SKU-1098,04/26/2025,18,1,0
R04,SKU-1098,2025-04-27,25,0,0
R04,SKU-1098,28-Apr-25,19,0,0
R04,SKU-1098,2025-04-29,18,1,0
R04,SKU-1098,04/30/2025,15,1,0
R04,SKU-1196,01-Apr-25,15,0,0
R04,SKU-1196,02-Apr-25,15,0,1
R04,SKU-1196,2025-04-03,15,0,0
R04,SKU-1196,2025-04-04,15,0,0
R04,SKU-1196,2025-04-05,11,0,0
R04,SKU-1196,04/06/2025,18,0,0
R04,SKU-1196,2025-04-07,13,0,0
R04,SKU-1196,04/08/2025,13,0,0
R04,SKU-1196,2025-04-09,5,0,0
R04,SKU-1196,2025-04-10,12,0,0
R04,SKU-1196,04/11/2025,12,0,0
R04,SKU-1196,04/12/2025,9,0,1
R04,SKU-1196,2025-04-13,11,1,0
R04,SKU-1196,2025-04-14,9,1,0
R04,SKU-1196,04/15/2025,17,0,0
R04,SKU-1196,16-Apr-25,16,0,0
R04,SKU-1196,04/17/2025,14,1,0
R04,SKU-1196,2025-04-18,19,0,0
R04,SKU-1196,2025-04-19,18,1,0
R04,SKU-1196,04/20/2025,9,2,0
R04,SKU-1196,2025-04-21,20,0,0
R04,SKU-1196,04/22/2025,13,0,0
R04,SKU-1196,2025-04-23,18,0,0
R04,SKU-1196,2025-04-24,22,0,0
R04,SKU-1196,2025-04-25,16,2,1
R04,SKU-1196,2025-04-26,17,1,0
R04,SKU-1196,2025-04-27,16,0,0
R04,SKU-1196,2025-04-28,13,0,0
R04,SKU-1196,04/29/2025,17,0,0
R04,SKU-1196,2025-04-30,12,0,0
R04,SKU-1189,2025-04-01,33,1,0
R04,SKU-1189,04/02/2025,19,0,0
R04,SKU-1189,2025-04-03,34,0,0
R04,SKU-1189,04/04/2025,27,1,0
R04,SKU-1189,2025-04-05,36,0,0
R04,SKU-1189,2025-04-06,26,2,0
R04,SKU-1189,2025-04-07,25,1,0
R04,SKU-1189,2025-04-08,34,0,0
R04,SKU-1189,2025-04-09,26,0,1
R04,SKU-1189,04/10/2025,25,0,0
R04,SKU-1189,04/11/2025,27,0,0
R04,SKU-1189,2025-04-12,26,0,1
R04,SKU-1189,2025-04-13,28,1,0
R04,SKU-1189,2025-04-14,29,0,0
R04,SKU-1189,04/15/2025,23,0,0
R04,SKU-1189,2025-04-16,36,1,0
R04,SKU-1189,2025-04-17,21,1,0
R04,SKU-1189,2025-04-18,36,1,0
R04,SKU-1189,04/19/2025,17,1,0
R04,SKU-1189,20-Apr-25,28,0,0
R04,SKU-1189,21-Apr-25,26,0,0
R04,SKU-1189,22-Apr-25,27,0,0
R04,SKU-1189,23-Apr-25,28,0,0
R04,SKU-1189,04/24/2025,22,0,0
R04,SKU-1189,2025-04-25,28,0,1
R04,SKU-1189,2025-04-26,34,0,0
R04,SKU-1189,04/27/2025,36,0,0
R04,SKU-1189,2025-04-28,26,1,1
R04,SKU-1189,2025-04-29,39,0,0
R04,SKU-1189,2025-04-30,25,0,0
R04,SKU-1168,2025-04-01,14,0,0
R04,SKU-1168,04/02/2025,23,0,1
R04,SKU-1168,2025-04-03,21,1,0
R04,SKU-1168,2025-04-04,25,0,1
R04,SKU-1168,04/05/2025,23,0,0
R04,SKU-1168,04/06/2025,16,1,0
R04,SKU-1168,04/07/2025,18,0,0
R04,SKU-1168,2025-04-08,16,0,0
R04,SKU-1168,2025-04-09,16,0,0
R04,SKU-1168,2025-04-10,22,1,0
R04,SKU-1168,2025-04-11,19,1,0
R04,SKU-1168,2025-04-12,20,0,0
R04,SKU-1168,2025-04-13,25,0,0
R04,SKU-1168,2025-04-14,22,0,0
R04,SKU-1168,04/15/2025,28,1,0
R04,SKU-1168,2025-04-16,20,1,0
R04,SKU-1168,17-Apr-25,19,0,0
R04,SKU-1168,2025-04-18,17,0,0
R04,SKU-1168,2025-04-19,24,0,0
R04,SKU-1168,20-Apr-25,24,0,0
R04,SKU-1168,2025-04-21,23,0,0
R04,SKU-1168,2025-04-22,23,0,0
R04,SKU-1168,04/23/2025,18,1,0
R04,SKU-1168,04/24/2025,26,2,0
R04,SKU-1168,04/25/2025,27,0,0
R04,SKU-1168,2025-04-26,25,0,0
R04,SKU-1168,04/27/2025,18,0,0
R04,SKU-1168,04/28/2025,17,0,0
R04,SKU-1168,2025-04-29,21,0,0
R04,SKU-1168,04/30/2025,21,0,0
R04,SKU-1105,2025-04-01,7,1,0
R04,SKU-1105,2025-04-02,6,1,0
R04,SKU-1105,2025-04-03,10,1,0
R04,SKU-1105,04/04/2025,12,0,1
R04,SKU-1105,2025-04-05,9,0,0
R04,SKU-1105,2025-04-06,10,0,0
R04,SKU-1105,2025-04-07,9,0,1
R04,SKU-1105,04/08/2025,11,1,0
R04,SKU-1105,2025-04-09,8,0,1
R04,SKU-1105,2025-04-10,12,0,0
R04,SKU-1105,11-Apr-25,8,0,0
R04,SKU-1105,04/12/2025,8,2,0
R04,SKU-1105,2025-04-13,6,0,0
R04,SKU-1105,2025-04-14,8,0,0
R04,SKU-1105,2025-04-15,6,0,0
R04,SKU-1105,2025-04-16,7,1,1
R04,SKU-1105,2025-04-17,7,0,0
R04,SKU-1105,18-Apr-25,8,1,0
R04,SKU-1105,19-Apr-25,5,1,0
R04,SKU-1105,20-Apr-25,9,0,0
R04,SKU-1105,2025-04-21,4,0,0
R04,SKU-1105,04/22/2025,13,0,0
R04,SKU-1105,23-Apr-25,4,0,0
R04,SKU-1105,04/24/2025,13,0,0
R04,SKU-1105,25-Apr-25,7,1,0
R04,SKU-1105,2025-04-26,8,0,0
R04,SKU-1105,04/27/2025,6,0,0
R04,SKU-1105,2025-04-28,10,1,0
R04,SKU-1105,2025-04-29,12,1,0
R04,SKU-1105,30-Apr-25,5,0,0
R04,SKU-1161,2025-04-01,15,1,0
R04,SKU-1161,02-Apr-25,15,2,0
R04,SKU-1161,2025-04-03,14,0,0
R04,SKU-1161,04-Apr-25,17,0,0
R04,SKU-1161,05-Apr-25,16,1,0
R04,SKU-1161,2025-04-06,11,0,0
R04,SKU-1161,07-Apr-25,17,0,0
R04,SKU-1161,04/08/2025,14,0,0
R04,SKU-1161,2025-04-09,22,0,0
R04,SKU-1161,2025-04-10,17,0,0
R04,SKU-1161,2025-04-11,14,0,0
R04,SKU-1161,2025-04-12,15,0,0
R04,SKU-1161,2025-04-13,12,0,0
R04,SKU-1161,14-Apr-25,14,0,0
R04,SKU-1161,04/15/2025,12,0,0
R04,SKU-1161,16-Apr-25,20,1,0
R04,SKU-1161,2025-04-17,9,1,0
R04,SKU-1161,2025-04-18,21,0,1
R04,SKU-1161,04/19/2025,18,0,1
R04,SKU-1161,04/20/2025,20,1,0
R04,SKU-1161,04/21/2025,13,0,0
R04,SKU-1161,2025-04-22,23,2,0
R04,SKU-1161,04/23/2025,7,0,0
R04,SKU-1161,2025-04-24,9,0,0
R04,SKU-1161,2025-04-25,13,0,0
R04,SKU-1161,2025-04-26,15,0,0
R04,SKU-1161,27-Apr-25,18,1,0
R04,SKU-1161,04/28/2025,11,0,0
R04,SKU-1161,04/29/2025,10,0,0
R04,SKU-1161,2025-04-30,18,2,0
R04,SKU-1112,04/01/2025,10,1,0
R04,SKU-1112,02-Apr-25,5,0,0
R04,SKU-1112,04/03/2025,11,0,1
R04,SKU-1112,04/04/2025,4,0,0
R04,SKU-1112,2025-04-05,6,1,0
R04,SKU-1112,2025-04-06,7,1,0
R04,SKU-1112,2025-04-07,11,1,0
R04,SKU-1112,04/08/2025,5,0,0
R04,SKU-1112,04/09/2025,8,0,0
R04,SKU-1112,04/10/2025,9,1,0
R04,SKU-1112,04/11/2025,6,0,0
R04,SKU-1112,2025-04-12,5,0,0
R04,SKU-1112,2025-04-13,7,1,0
R04,SKU-1112,2025-04-14,8,1,0
R04,SKU-1112,15-Apr-25,8,0,0
R04,SKU-1112,16-Apr-25,6,0,0
R04,SKU-1112,04/17/2025,8,1,0
R04,SKU-1112,2025-04-18,9,0,0
R04,SKU-1112,2025-04-19,8,0,1
R04,SKU-1112,2025-04-20,7,1,0
R04,SKU-1112,04/21/2025,6,0,0
R04,SKU-1112,22-Apr-25,6,0,0
R04,SKU-1112,2025-04-23,4,1,0
R04,SKU-1112,2025-04-24,6,0,0
R04,SKU-1112,2025-04-25,6,0,0
R04,SKU-1112,04/26/2025,8,0,0
R04,SKU-1112,2025-04-27,12,1,1
R04,SKU-1112,04/28/2025,10,0,0
R04,SKU-1112,2025-04-29,11,1,0
R04,SKU-1112,30-Apr-25,7,0,0
R05,SKU-1112,01-Apr-25,23,0,0
R05,SKU-1112,02-Apr-25,19,0,0
R05,SKU-1112,04/03/2025,25,0,0
R05,SKU-1112,04/04/2025,21,0,0
R05,SKU-1112,2025-04-05,24,0,1
R05,SKU-1112,04/06/2025,18,0,0
R05,SKU-1112,07-Apr-25,26,0,0
R05,SKU-1112,2025-04-08,23,1,0
R05,SKU-1112,2025-04-09,20,0,0
R05,SKU-1112,2025-04-10,27,0,0
R05,SKU-1112,2025-04-11,22,1,0
R05,SKU-1112,04/12/2025,17,2,0
R05,SKU-1112,2025-04-13,21,1,0
R05,SKU-1112,04/14/2025,23,0,0
R05,SKU-1112,15-Apr-25,14,0,0
R05,SKU-1112,04/16/2025,25,0,0
R05,SKU-1112,2025-04-17,25,0,0
R05,SKU-1112,04/18/2025,32,0,1
R05,SKU-1112,2025-04-19,21,1,0
R05,SKU-1112,04/20/2025,19,0,0
R05,SKU-1112,2025-04-21,21,1,1
R05,SKU-1112,04/22/2025,22,1,0
R05,SKU-1112,2025-04-23,20,1,0
R05,SKU-1112,24-Apr-25,20,0,0
R05,SKU-1112,2025-04-25,25,0,0
R05,SKU-1112,2025-04-26,23,1,0
R05,SKU-1112,04/27/2025,25,0,0
R05,SKU-1112,04/28/2025,23,1,0
R05,SKU-1112,29-Apr-25,15,0,0
R05,SKU-1112,2025-04-30,14,0,0
R05,SKU-1133,2025-04-01,28,0,0
R05,SKU-1133,2025-04-02,23,1,0
R05,SKU-1133,03-Apr-25,21,0,0
R05,SKU-1133,2025-04-04,25,0,0
R05,SKU-1133,05-Apr-25,28,0,0
R05,SKU-1133,2025-04-06,23,0,0
R05,SKU-1133,2025-04-07,33,0,0
R05,SKU-1133,08-Apr-25,37,0,0
R05,SKU-1133,04/09/2025,24,0,0
R05,SKU-1133,04/10/2025,31,0,0
R05,SKU-1133,2025-04-11,20,0,0
R05,SKU-1133,2025-04-12,26,1,1
R05,SKU-1133,04/13/2025,14,1,0
R05,SKU-1133,04/14/2025,35,0,0
R05,SKU-1133,04/15/2025,18,1,1
R05,SKU-1133,2025-04-16,19,0,0
R05,SKU-1133,2025-04-17,28,0,0
R05,SKU-1133,2025-04-18,29,1,0
R05,SKU-1133,04/19/2025,21,0,0
R05,SKU-1133,20-Apr-25,19,0,0
R05,SKU-1133,2025-04-21,20,1,0
R05,SKU-1133,2025-04-22,30,0,0
R05,SKU-1133,2025-04-23,28,1,1
R05,SKU-1133,2025-04-24,28,0,1
R05,SKU-1133,25-Apr-25,27,0,0
R05,SKU-1133,2025-04-26,21,2,0
R05,SKU-1133,04/27/2025,23,0,1
R05,SKU-1133,04/28/2025,28,0,0
R05,SKU-1133,2025-04-29,22,0,0
R05,SKU-1133,2025-04-30,38,1,0
R05,SKU-1028,04/01/2025,6,0,0
R05,SKU-1028,2025-04-02,7,2,0
R05,SKU-1028,03-Apr-25,3,0,0
R05,SKU-1028,2025-04-04,7,0,0
R05,SKU-1028,2025-04-05,6,0,0
R05,SKU-1028,2025-04-06,9,0,0
R05,SKU-1028,2025-04-07,3,0,0
R05,SKU-1028,2025-04-08,5,2,0
R05,SKU-1028,04/09/2025,7,1,0
R05,SKU-1028,2025-04-10,9,0,0
R05,SKU-1028,04/11/2025,7,1,0
R05,SKU-1028,04/12/2025,11,0,0
R05,SKU-1028,2025-04-13,2,0,0
R05,SKU-1028,2025-04-14,4,0,0
R05,SKU-1028,15-Apr-25,4,1,0
R05,SKU-1028,2025-04-16,3,1,0
R05,SKU-1028,17-Apr-25,5,0,0
R05,SKU-1028,2025-04-18,5,0,0
R05,SKU-1028,2025-04-19,7,0,0
R05,SKU-1028,04/20/2025,9,0,0
R05,SKU-1028,2025-04-21,5,0,1
R05,SKU-1028,04/22/2025,7,0,0
R05,SKU-1028,23-Apr-25,11,0,0
R05,SKU-1028,2025-04-24,11,0,0
R05,SKU-1028,2025-04-25,7,0,0
R05,SKU-1028,2025-04-26,8,1,0
R05,SKU-1028,2025-04-27,7,0,0
R05,SKU-1028,04/28/2025,3,1,0
R05,SKU-1028,2025-04-29,6,1,0
R05,SKU-1028,2025-04-30,6,0,0
R05,SKU-1126,2025-04-01,15,0,0
R05,SKU-1126,2025-04-02,18,0,0
R05,SKU-1126,2025-04-03,11,0,1
R05,SKU-1126,04-Apr-25,14,2,0
R05,SKU-1126,04/05/2025,21,1,0
R05,SKU-1126,2025-04-06,14,1,0
R05,SKU-1126,07-Apr-25,19,0,1
R05,SKU-1126,04/08/2025,17,2,0
R05,SKU-1126,2025-04-09,16,1,0
R05,SKU-1126,04/10/2025,24,1,0
R05,SKU-1126,11-Apr-25,18,1,0
R05,SKU-1126,2025-04-12,19,2,0
R05,SKU-1126,2025-04-13,17,0,0
R05,SKU-1126,2025-04-14,20,1,0
R05,SKU-1126,2025-04-15,18,1,0
R05,SKU-1126,04/16/2025,13,0,0
R05,SKU-1126,04/17/2025,21,1,0
R05,SKU-1126,2025-04-18,22,0,0
R05,SKU-1126,2025-04-19,14,0,1
R05,SKU-1126,2025-04-20,16,0,0
R05,SKU-1126,2025-04-21,15,1,0
R05,SKU-1126,2025-04-22,17,0,0
R05,SKU-1126,2025-04-23,20,1,0
R05,SKU-1126,04/24/2025,12,0,0
R05,SKU-1126,2025-04-25,20,0,0
R05,SKU-1126,26-Apr-25,16,0,0
R05,SKU-1126,2025-04-27,15,1,0
R05,SKU-1126,2025-04-28,14,1,0
R05,SKU-1126,2025-04-29,24,0,0
R05,SKU-1126,2025-04-30,12,0,0
R05,SKU-1077,2025-04-01,24,0,1
R05,SKU-1077,2025-04-02,31,0,0
R05,SKU-1077,2025-04-03,18,0,0
R05,SKU-1077,2025-04-04,29,0,0
R05,SKU-1077,2025-04-05,26,0,0
R05,SKU-1077,2025-04-06,25,0,0
R05,SKU-1077,2025-04-07,25,1,0
R05,SKU-1077,2025-04-08,22,0,0
R05,SKU-1077,04/09/2025,23,0,0
R05,SKU-1077,10-Apr-25,26,0,0
R05,SKU-1077,2025-04-11,26,0,1
R05,SKU-1077,2025-04-12,14,0,0
R05,SKU-1077,13-Apr-25,21,0,0
R05,SKU-1077,2025-04-14,18,1,0
R05,SKU-1077,2025-04-15,24,0,0
R05,SKU-1077,2025-04-16,18,1,1
R05,SKU-1077,2025-04-17,24,1,0
R05,SKU-1077,2025-04-18,25,1,1
R05,SKU-1077,04/19/2025,16,1,1
R05,SKU-1077,2025-04-20,21,0,0
R05,SKU-1077,2025-04-21,26,0,0
R05,SKU-1077,2025-04-22,21,0,1
R05,SKU-1077,04/23/2025,33,0,0
R05,SKU-1077,2025-04-24,23,0,0
R05,SKU-1077,04/25/2025,29,1,0
R05,SKU-1077,2025-04-26,18,0,0
R05,SKU-1077,2025-04-27,19,0,0
R05,SKU-1077,28-Apr-25,23,0,0
R05,SKU-1077,2025-04-29,22,1,1
R05,SKU-1077,2025-04-30,28,0,0
R05,SKU-1196,2025-04-01,27,0,0
R05,SKU-1196,02-Apr-25,23,1,0
R05,SKU-1196,2025-04-03,24,0,0
R05,SKU-1196,2025-04-04,27,0,0
R05,SKU-1196,2025-04-05,34,0,0
R05,SKU-1196,2025-04-06,32,0,0
R05,SKU-1196,2025-04-07,22,1,0
R05,SKU-1196,2025-04-08,36,1,0
R05,SKU-1196,04/09/2025,24,1,0
R05,SKU-1196,2025-04-10,30,0,0
R05,SKU-1196,11-Apr-25,35,0,1
R05,SKU-1196,2025-04-12,20,0,0
R05,SKU-1196,04/13/2025,25,0,0
R05,SKU-1196,2025-04-14,34,1,0
R05,SKU-1196,04/15/2025,45,0,1
R05,SKU-1196,04/16/2025,29,2,0
R05,SKU-1196,2025-04-17,21,2,0
R05,SKU-1196,04/18/2025,26,0,0
R05,SKU-1196,2025-04-19,28,0,0
R05,SKU-1196,20-Apr-25,32,1,0
R05,SKU-1196,2025-04-21,30,2,0
R05,SKU-1196,22-Apr-25,33,0,0
R05,SKU-1196,2025-04-23,27,0,0
R05,SKU-1196,2025-04-24,24,0,0
R05,SKU-1196,04/25/2025,30,0,0
R05,SKU-1196,2025-04-26,29,1,0
R05,SKU-1196,27-Apr-25,15,0,0
R05,SKU-1196,04/28/2025,39,0,0
R05,SKU-1196,2025-04-29,25,1,0
R05,SKU-1196,2025-04-30,39,0,0
R05,SKU-1056,04/01/2025,29,0,0
R05,SKU-1056,2025-04-02,31,0,0
R05,SKU-1056,2025-04-03,27,0,0
R05,SKU-1056,2025-04-04,27,0,0
R05,SKU-1056,2025-04-05,31,1,0
R05,SKU-1056,2025-04-06,37,0,0
R05,SKU-1056,04/07/2025,17,1,0
R05,SKU-1056,08-Apr-25,32,2,0
R05,SKU-1056,2025-04-09,26,0,0
R05,SKU-1056,2025-04-10,41,0,0
R05,SKU-1056,2025-04-11,36,0,0
R05,SKU-1056,2025-04-12,28,0,1
R05,SKU-1056,2025-04-13,33,0,0
R05,SKU-1056,14-Apr-25,30,0,0
R05,SKU-1056,2025-04-15,32,0,0
R05,SKU-1056,04/16/2025,29,1,0
R05,SKU-1056,2025-04-17,36,0,0
R05,SKU-1056,04/18/2025,29,0,0
R05,SKU-1056,2025-04-19,30,0,0
R05,SKU-1056,2025-04-20,27,0,0
R05,SKU-1056,04/21/2025,22,1,0
R05,SKU-1056,2025-04-22,21,0,0
R05,SKU-1056,04/23/2025,28,0,0
R05,SKU-1056,04/24/2025,43,0,0
R05,SKU-1056,2025-04-25,36,0,0
R05,SKU-1056,04/26/2025,37,0,0
R05,SKU-1056,2025-04-27,33,0,0
R05,SKU-1056,04/28/2025,31,1,0
R05,SKU-1056,29-Apr-25,32,0,1
R05,SKU-1056,04/30/2025,26,0,0
R05,SKU-1280,2025-04-01,11,0,0
R05,SKU-1280,02-Apr-25,12,0,0
R05,SKU-1280,2025-04-03,12,0,0
R05,SKU-1280,2025-04-04,15,0,0
R05,SKU-1280,2025-04-05,12,0,0
R05,SKU-1280,06-Apr-25,8,0,0
R05,SKU-1280,04/07/2025,11,0,0
R05,SKU-1280,2025-04-08,18,1,0
R05,SKU-1280,2025-04-09,15,0,0
R05,SKU-1280,2025-04-10,11,0,0
R05,SKU-1280,2025-04-11,16,2,0
R05,SKU-1280,04/12/2025,13,0,0
R05,SKU-1280,2025-04-13,12,0,0
R05,SKU-1280,04/14/2025,6,1,0
R05,SKU-1280,15-Apr-25,13,0,0
R05,SKU-1280,04/16/2025,9,0,0
R05,SKU-1280,04/17/2025,12,0,0
R05,SKU-1280,18-Apr-25,8,0,0
R05,SKU-1280,2025-04-19,13,0,0
R05,SKU-1280,2025-04-20,9,0,0
R05,SKU-1280,2025-04-21,21,0,0
R05,SKU-1280,2025-04-22,14,0,0
R05,SKU-1280,23-Apr-25,18,0,0
R05,SKU-1280,2025-04-24,11,0,0
R05,SKU-1280,2025-04-25,14,0,1
R05,SKU-1280,2025-04-26,5,0,0
R05,SKU-1280,04/27/2025,12,0,1
R05,SKU-1280,28-Apr-25,12,1,0
R05,SKU-1280,2025-04-29,10,0,0
R05,SKU-1280,30-Apr-25,11,0,0
R05,SKU-1147,01-Apr-25,9,0,0
R05,SKU-1147,2025-04-02,9,0,1
R05,SKU-1147,2025-04-03,4,1,1
R05,SKU-1147,2025-04-04,2,0,0
R05,SKU-1147,2025-04-05,5,0,0
R05,SKU-1147,2025-04-06,5,1,0
R05,SKU-1147,2025-04-07,6,0,0
R05,SKU-1147,08-Apr-25,4,1,0
R05,SKU-1147,09-Apr-25,8,1,0
R05,SKU-1147,2025-04-10,3,1,0
R05,SKU-1147,04/11/2025,5,0,0
R05,SKU-1147,2025-04-12,5,0,1
R05,SKU-1147,04/13/2025,4,2,1
R05,SKU-1147,2025-04-14,10,0,0
R05,SKU-1147,04/15/2025,8,0,0
R05,SKU-1147,04/16/2025,6,0,0
R05,SKU-1147,2025-04-17,4,0,1
R05,SKU-1147,18-Apr-25,4,0,0
R05,SKU-1147,2025-04-19,7,1,0
R05,SKU-1147,20-Apr-25,6,1,0
R05,SKU-1147,04/21/2025,8,0,1
R05,SKU-1147,2025-04-22,4,0,0
R05,SKU-1147,04/23/2025,8,0,0
R05,SKU-1147,2025-04-24,8,0,0
R05,SKU-1147,2025-04-25,4,1,0
R05,SKU-1147,2025-04-26,6,0,0
R05,SKU-1147,27-Apr-25,5,1,0
R05,SKU-1147,2025-04-28,6,0,0
R05,SKU-1147,2025-04-29,4,0,0
R05,SKU-1147,04/30/2025,3,1,0
R05,SKU-1273,04/01/2025,17,0,0
R05,SKU-1273,2025-04-02,30,1,0
R05,SKU-1273,2025-04-03,18,0,0
R05,SKU-1273,2025-04-04,25,1,0
R05,SKU-1273,05-Apr-25,29,0,0
R05,SKU-1273,2025-04-06,20,0,0
R05,SKU-1273,2025-04-07,21,0,0
R05,SKU-1273,2025-04-08,17,0,0
R05,SKU-1273,09-Apr-25,25,0,0
R05,SKU-1273,2025-04-10,19,1,0
R05,SKU-1273,2025-04-11,17,0,0
R05,SKU-1273,2025-04-12,24,1,1
R05,SKU-1273,2025-04-13,19,0,1
R05,SKU-1273,04/14/2025,29,0,0
R05,SKU-1273,2025-04-15,29,0,0
R05,SKU-1273,16-Apr-25,21,0,0
R05,SKU-1273,2025-04-17,24,0,0
R05,SKU-1273,2025-04-18,23,0,0
R05,SKU-1273,2025-04-19,23,0,0
R05,SKU-1273,2025-04-20,22,2,0
R05,SKU-1273,21-Apr-25,18,1,0
R05,SKU-1273,2025-04-22,19,0,0
R05,SKU-1273,2025-04-23,22,1,0
R05,SKU-1273,2025-04-24,25,0,0
R05,SKU-1273,2025-04-25,26,0,0
R05,SKU-1273,2025-04-26,24,1,0
R05,SKU-1273,04/27/2025,23,1,0
R05,SKU-1273,2025-04-28,20,0,0
R05,SKU-1273,29-Apr-25,13,2,0
R05,SKU-1273,2025-04-30,24,0,0
R05,SKU-1105,2025-04-01,12,1,0
R05,SKU-1105,2025-04-02,15,0,1
R05,SKU-1105,03-Apr-25,13,0,0
R05,SKU-1105,2025-04-04,10,0,0
R05,SKU-1105,05-Apr-25,14,0,0
R05,SKU-1105,04/06/2025,5,0,0
R05,SKU-1105,2025-04-07,19,1,0
R05,SKU-1105,08-Apr-25,11,0,0
R05,SKU-1105,09-Apr-25,13,0,0
R05,SKU-1105,2025-04-10,15,0,0
R05,SKU-1105,2025-04-11,11,0,0
R05,SKU-1105,2025-04-12,10,0,0
R05,SKU-1105,04/13/2025,14,1,1
R05,SKU-1105,2025-04-14,19,2,0
R05,SKU-1105,2025-04-15,17,0,0
R05,SKU-1105,04/16/2025,7,1,0
R05,SKU-1105,2025-04-17,9,0,0
R05,SKU-1105,2025-04-18,15,0,1
R05,SKU-1105,04/19/2025,14,0,0
R05,SKU-1105,04/20/2025,19,0,0
R05,SKU-1105,04/21/2025,17,0,1
R05,SKU-1105,22-Apr-25,11,1,0
R05,SKU-1105,04/23/2025,19,0,0
R05,SKU-1105,2025-04-24,12,1,0
R05,SKU-1105,25-Apr-25,13,1,0
R05,SKU-1105,2025-04-26,10,0,0
R05,SKU-1105,04/27/2025,7,2,0
R05,SKU-1105,2025-04-28,8,0,1
R05,SKU-1105,2025-04-29,6,1,0
R05,SKU-1105,2025-04-30,13,0,0
R05,SKU-1007,2025-04-01,25,0,0
R05,SKU-1007,02-Apr-25,18,0,0
R05,SKU-1007,2025-04-03,27,0,0
R05,SKU-1007,04/04/2025,20,1,0
R05,SKU-1007,2025-04-05,23,0,0
R05,SKU-1007,06-Apr-25,22,2,0
R05,SKU-1007,2025-04-07,22,1,0
R05,SKU-1007,2025-04-08,23,0,0
R05,SKU-1007,2025-04-09,15,0,0
R05,SKU-1007,2025-04-10,27,0,0
R05,SKU-1007,2025-04-11,18,0,0
R05,SKU-1007,2025-04-12,24,0,1
R05,SKU-1007,13-Apr-25,18,1,0
R05,SKU-1007,04/14/2025,19,1,1
R05,SKU-1007,04/15/2025,20,1,0
R05,SKU-1007,04/16/2025,22,0,0
R05,SKU-1007,2025-04-17,21,1,0
R05,SKU-1007,04/18/2025,28,0,0
R05,SKU-1007,04/19/2025,18,0,1
R05,SKU-1007,20-Apr-25,19,0,0
R05,SKU-1007,04/21/2025,17,0,0
R05,SKU-1007,2025-04-22,24,0,0
R05,SKU-1007,23-Apr-25,19,0,0
R05,SKU-1007,2025-04-24,11,0,0
R05,SKU-1007,2025-04-25,24,0,0
R05,SKU-1007,2025-04-26,25,3,0
R05,SKU-1007,27-Apr-25,27,1,0
R05,SKU-1007,04/28/2025,20,0,0
R05,SKU-1007,29-Apr-25,26,2,0
R05,SKU-1007,04/30/2025,26,0,0
R05,SKU-1098,2025-04-01,28,0,0
R05,SKU-1098,2025-04-02,29,0,0
R05,SKU-1098,04/03/2025,29,0,0
R05,SKU-1098,2025-04-04,45,0,0
R05,SKU-1098,2025-04-05,27,0,0
R05,SKU-1098,2025-04-06,37,0,0
R05,SKU-1098,2025-04-07,40,1,0
R05,SKU-1098,2025-04-08,29,0,0
R05,SKU-1098,2025-04-09,35,1,0
R05,SKU-1098,04/10/2025,29,0,0
R05,SKU-1098,2025-04-11,30,0,1
R05,SKU-1098,04/12/2025,31,1,0
R05,SKU-1098,04/13/2025,26,1,0
R05,SKU-1098,2025-04-14,32,0,0
R05,SKU-1098,2025-04-15,33,0,0
R05,SKU-1098,04/16/2025,28,0,0
R05,SKU-1098,17-Apr-25,33,0,1
R05,SKU-1098,2025-04-18,27,0,0
R05,SKU-1098,2025-04-19,28,0,0
R05,SKU-1098,2025-04-20,26,1,0
R05,SKU-1098,2025-04-21,37,0,0
R05,SKU-1098,2025-04-22,34,0,0
R05,SKU-1098,2025-04-23,37,0,0
R05,SKU-1098,04/24/2025,32,0,0
R05,SKU-1098,25-Apr-25,18,0,0
R05,SKU-1098,26-Apr-25,30,1,0
R05,SKU-1098,27-Apr-25,27,0,0
R05,SKU-1098,2025-04-28,30,1,0
R05,SKU-1098,2025-04-29,33,0,1
R05,SKU-1098,2025-04-30,26,0,0
R05,SKU-1035,2025-04-01,5,0,0
R05,SKU-1035,2025-04-02,6,0,0
R05,SKU-1035,2025-04-03,4,0,0
R05,SKU-1035,04-Apr-25,7,0,0
R05,SKU-1035,05-Apr-25,4,0,0
R05,SKU-1035,2025-04-06,5,0,0
R05,SKU-1035,04/07/2025,6,0,0
R05,SKU-1035,08-Apr-25,6,0,0
R05,SKU-1035,2025-04-09,6,0,0
R05,SKU-1035,2025-04-10,5,1,0
R05,SKU-1035,2025-04-11,6,0,0
R05,SKU-1035,12-Apr-25,8,0,0
R05,SKU-1035,2025-04-13,4,0,0
R05,SKU-1035,14-Apr-25,5,0,0
R05,SKU-1035,04/15/2025,6,0,1
R05,SKU-1035,04/16/2025,7,1,0
R05,SKU-1035,2025-04-17,7,0,0
R05,SKU-1035,04/18/2025,7,1,0
R05,SKU-1035,2025-04-19,6,1,0
R05,SKU-1035,04/20/2025,4,1,0
R05,SKU-1035,04/21/2025,3,0,0
R05,SKU-1035,22-Apr-25,9,0,0
R05,SKU-1035,04/23/2025,7,0,1
R05,SKU-1035,04/24/2025,3,0,0
R05,SKU-1035,2025-04-25,3,0,0
R05,SKU-1035,2025-04-26,4,1,0
R05,SKU-1035,2025-04-27,2,0,1
R05,SKU-1035,28-Apr-25,8,1,0
R05,SKU-1035,2025-04-29,5,0,0
R05,SKU-1035,04/30/2025,6,0,0
R05,SKU-1014,01-Apr-25,12,2,0
R05,SKU-1014,02-Apr-25,12,0,0
R05,SKU-1014,04/03/2025,15,0,0
R05,SKU-1014,2025-04-04,24,0,0
R05,SKU-1014,2025-04-05,17,1,0
R05,SKU-1014,04/06/2025,19,1,0
R05,SKU-1014,2025-04-07,19,0,0
R05,SKU-1014,2025-04-08,16,0,0
R05,SKU-1014,2025-04-09,25,0,0
R05,SKU-1014,2025-04-10,10,0,0
R05,SKU-1014,2025-04-11,20,0,0
R05,SKU-1014,12-Apr-25,15,0,0
R05,SKU-1014,04/13/2025,12,0,0
R05,SKU-1014,2025-04-14,10,0,1
R05,SKU-1014,15-Apr-25,17,0,0
R05,SKU-1014,2025-04-16,12,0,0
R05,SKU-1014,04/17/2025,18,2,0
R05,SKU-1014,2025-04-18,11,0,0
R05,SKU-1014,2025-04-19,12,0,0
R05,SKU-1014,2025-04-20,11,1,0
R05,SKU-1014,2025-04-21,20,0,0
R05,SKU-1014,2025-04-22,19,0,0
R05,SKU-1014,04/23/2025,11,0,0
R05,SKU-1014,2025-04-24,21,0,0
R05,SKU-1014,2025-04-25,15,0,0
R05,SKU-1014,2025-04-26,13,0,0
R05,SKU-1014,2025-04-27,15,0,0
R05,SKU-1014,28-Apr-25,13,0,0
R05,SKU-1014,2025-04-29,17,0,0
R05,SKU-1014,2025-04-30,14,1,0
R05,SKU-1091,2025-04-01,5,0,0
R05,SKU-1091,2025-04-02,5,0,0
R05,SKU-1091,2025-04-03,8,0,0
R05,SKU-1091,04/04/2025,12,0,0
R05,SKU-1091,2025-04-05,5,1,0
R05,SKU-1091,06-Apr-25,7,1,0
R05,SKU-1091,2025-04-07,6,1,0
R05,SKU-1091,08-Apr-25,8,2,0
R05,SKU-1091,09-Apr-25,8,0,0
R05,SKU-1091,2025-04-10,8,0,1
R05,SKU-1091,2025-04-11,8,0,0
R05,SKU-1091,2025-04-12,12,1,0
R05,SKU-1091,04/13/2025,13,0,0
R05,SKU-1091,2025-04-14,3,0,0
R05,SKU-1091,15-Apr-25,9,0,0
R05,SKU-1091,04/16/2025,8,0,0
R05,SKU-1091,04/17/2025,7,1,0
R05,SKU-1091,18-Apr-25,8,0,0
R05,SKU-1091,2025-04-19,8,0,0
R05,SKU-1091,20-Apr-25,6,0,0
R05,SKU-1091,04/21/2025,9,0,0
R05,SKU-1091,2025-04-22,12,0,1
R05,SKU-1091,2025-04-23,7,0,0
R05,SKU-1091,2025-04-24,5,1,0
R05,SKU-1091,2025-04-25,10,1,0
R05,SKU-1091,04/26/2025,7,0,0
R05,SKU-1091,27-Apr-25,3,0,0
R05,SKU-1091,28-Apr-25,8,0,0
R05,SKU-1091,2025-04-29,7,0,0
R05,SKU-1091,30-Apr-25,5,0,0
R05,SKU-1182,2025-04-01,23,0,0
R05,SKU-1182,2025-04-02,12,0,0
R05,SKU-1182,2025-04-03,16,0,1
R05,SKU-1182,2025-04-04,15,0,0
R05,SKU-1182,04/05/2025,20,1,0
R05,SKU-1182,06-Apr-25,19,1,0
R05,SKU-1182,2025-04-07,21,2,0
R05,SKU-1182,08-Apr-25,15,0,0
R05,SKU-1182,09-Apr-25,12,0,0
R05,SKU-1182,2025-04-10,19,0,0
R05,SKU-1182,2025-04-11,13,0,0
R05,SKU-1182,2025-04-12,12,0,0
R05,SKU-1182,13-Apr-25,11,0,0
R05,SKU-1182,2025-04-14,22,0,1
R05,SKU-1182,2025-04-15,21,0,0
R05,SKU-1182,04/16/2025,14,0,0
R05,SKU-1182,2025-04-17,15,1,0
R05,SKU-1182,04/18/2025,22,0,0
R05,SKU-1182,2025-04-19,16,1,1
R05,SKU-1182,2025-04-20,17,0,0
R05,SKU-1182,2025-04-21,17,0,0
R05,SKU-1182,22-Apr-25,18,0,0
R05,SKU-1182,04/23/2025,11,0,0
R05,SKU-1182,2025-04-24,19,0,0
R05,SKU-1182,2025-04-25,15,0,0
R05,SKU-1182,26-Apr-25,13,3,0
R05,SKU-1182,2025-04-27,15,0,1
R05,SKU-1182,2025-04-28,12,0,0
R05,SKU-1182,2025-04-29,18,1,0
R05,SKU-1182,30-Apr-25,17,0,0
R05,SKU-1042,2025-04-01,11,0,0
R05,SKU-1042,04/02/2025,19,1,0
R05,SKU-1042,03-Apr-25,23,1,0
R05,SKU-1042,2025-04-04,27,0,0
R05,SKU-1042,04/05/2025,29,0,0
R05,SKU-1042,04/06/2025,17,1,0
R05,SKU-1042,2025-04-07,28,1,0
R05,SKU-1042,08-Apr-25,21,1,0
R05,SKU-1042,04/09/2025,19,0,0
R05,SKU-1042,2025-04-10,36,1,0
R05,SKU-1042,2025-04-11,23,0,0
R05,SKU-1042,2025-04-12,17,0,0
R05,SKU-1042,2025-04-13,28,0,0
R05,SKU-1042,14-Apr-25,22,0,0
R05,SKU-1042,04/15/2025,16,1,0
R05,SKU-1042,2025-04-16,19,2,0
R05,SKU-1042,2025-04-17,15,0,0
R05,SKU-1042,2025-04-18,24,0,0
R05,SKU-1042,19-Apr-25,16,0,0
R05,SKU-1042,04/20/2025,21,0,0
R05,SKU-1042,21-Apr-25,21,0,0
R05,SKU-1042,2025-04-22,20,0,0
R05,SKU-1042,2025-04-23,25,1,0
R05,SKU-1042,2025-04-24,23,1,0
R05,SKU-1042,04/25/2025,23,1,0
R05,SKU-1042,26-Apr-25,21,0,1
R05,SKU-1042,27-Apr-25,19,0,0
R05,SKU-1042,2025-04-28,23,0,1
R05,SKU-1042,29-Apr-25,16,0,1
R05,SKU-1042,04/30/2025,11,0,0
R05,SKU-1140,2025-04-01,18,0,1
R05,SKU-1140,02-Apr-25,18,0,0
R05,SKU-1140,2025-04-03,29,1,0
R05,SKU-1140,04/04/2025,21,0,0
R05,SKU-1140,2025-04-05,19,0,0
R05,SKU-1140,06-Apr-25,13,0,1
R05,SKU-1140,04/07/2025,20,0,0
R05,SKU-1140,2025-04-08,20,0,0
R05,SKU-1140,2025-04-09,16,1,0
R05,SKU-1140,2025-04-10,22,0,0
R05,SKU-1140,2025-04-11,19,0,0
R05,SKU-1140,2025-04-12,14,0,1
R05,SKU-1140,2025-04-13,15,0,1
R05,SKU-1140,04/14/2025,17,0,0
R05,SKU-1140,04/15/2025,15,0,0
R05,SKU-1140,2025-04-16,16,0,1
R05,SKU-1140,17-Apr-25,16,0,0
R05,SKU-1140,04/18/2025,11,0,0
R05,SKU-1140,2025-04-19,18,0,1
R05,SKU-1140,2025-04-20,18,1,0
R05,SKU-1140,2025-04-21,16,2,0
R05,SKU-1140,04/22/2025,11,0,0
R05,SKU-1140,04/23/2025,20,1,0
R05,SKU-1140,24-Apr-25,11,1,0
R05,SKU-1140,25-Apr-25,17,0,0
R05,SKU-1140,26-Apr-25,16,0,0
R05,SKU-1140,04/27/2025,16,0,0
R05,SKU-1140,2025-04-28,17,0,1
R05,SKU-1140,2025-04-29,18,0,0
R05,SKU-1140,2025-04-30,15,1,0
R05,SKU-1189,2025-04-01,16,0,0
R05,SKU-1189,2025-04-02,21,0,0
R05,SKU-1189,2025-04-03,12,0,0
R05,SKU-1189,04-Apr-25,21,0,0
R05,SKU-1189,04/05/2025,21,1,0
R05,SKU-1189,2025-04-06,18,0,0
R05,SKU-1189,2025-04-07,15,0,0
R05,SKU-1189,2025-04-08,13,0,0
R05,SKU-1189,04/09/2025,16,0,0
R05,SKU-1189,04/10/2025,13,1,0
R05,SKU-1189,2025-04-11,13,1,0
R05,SKU-1189,04/12/2025,13,0,0
R05,SKU-1189,2025-04-13,15,1,1
R05,SKU-1189,14-Apr-25,10,1,0
R05,SKU-1189,2025-04-15,14,1,0
R05,SKU-1189,2025-04-16,16,0,0
R05,SKU-1189,2025-04-17,12,0,1
R05,SKU-1189,2025-04-18,14,0,0
R05,SKU-1189,2025-04-19,15,1,0
R05,SKU-1189,04/20/2025,8,0,0
R05,SKU-1189,21-Apr-25,14,1,1
R05,SKU-1189,2025-04-22,21,0,0
R05,SKU-1189,2025-04-23,19,0,0
R05,SKU-1189,2025-04-24,16,2,0
R05,SKU-1189,04/25/2025,10,0,0
R05,SKU-1189,04/26/2025,20,0,0
R05,SKU-1189,2025-04-27,11,1,1
R05,SKU-1189,28-Apr-25,13,0,0
R05,SKU-1189,2025-04-29,19,1,0
R05,SKU-1189,2025-04-30,15,0,0
R05,SKU-1084,04/01/2025,10,0,0
R05,SKU-1084,2025-04-02,8,1,0
R05,SKU-1084,2025-04-03,8,0,0
R05,SKU-1084,04/04/2025,9,1,0
R05,SKU-1084,04/05/2025,14,0,0
R05,SKU-1084,04/06/2025,16,0,1
R05,SKU-1084,07-Apr-25,9,0,0
R05,SKU-1084,2025-04-08,15,0,0
R05,SKU-1084,2025-04-09,13,2,0
R05,SKU-1084,2025-04-10,9,1,0
R05,SKU-1084,04/11/2025,10,0,1
R05,SKU-1084,2025-04-12,12,1,0
R05,SKU-1084,2025-04-13,12,0,0
R05,SKU-1084,14-Apr-25,10,0,0
R05,SKU-1084,2025-04-15,14,0,0
R05,SKU-1084,2025-04-16,24,0,1
R05,SKU-1084,2025-04-17,9,0,0
R05,SKU-1084,04/18/2025,19,0,0
R05,SKU-1084,2025-04-19,11,0,0
R05,SKU-1084,04/20/2025,18,0,0
R05,SKU-1084,2025-04-21,8,0,0
R05,SKU-1084,2025-04-22,16,0,0
R05,SKU-1084,2025-04-23,13,0,1
R05,SKU-1084,2025-04-24,18,1,0
R05,SKU-1084,04/25/2025,8,1,0
R05,SKU-1084,2025-04-26,19,0,0
R05,SKU-1084,27-Apr-25,14,0,0
R05,SKU-1084,2025-04-28,15,0,1
R05,SKU-1084,04/29/2025,16,1,0
R05,SKU-1084,04/30/2025,14,1,0
R05,SKU-1168,2025-04-01,34,0,0
R05,SKU-1168,04/02/2025,27,1,0
R05,SKU-1168,2025-04-03,24,1,0
R05,SKU-1168,2025-04-04,26,0,0
R05,SKU-1168,04/05/2025,19,1,0
R05,SKU-1168,04/06/2025,38,1,0
R05,SKU-1168,07-Apr-25,31,0,0
R05,SKU-1168,2025-04-08,39,0,0
R05,SKU-1168,04/09/2025,30,0,0
R05,SKU-1168,2025-04-10,31,2,0
R05,SKU-1168,04/11/2025,29,1,0
R05,SKU-1168,2025-04-12,23,0,1
R05,SKU-1168,13-Apr-25,32,0,0
R05,SKU-1168,2025-04-14,28,0,0
R05,SKU-1168,04/15/2025,43,0,0
R05,SKU-1168,2025-04-16,27,0,0
R05,SKU-1168,04/17/2025,34,0,0
R05,SKU-1168,18-Apr-25,31,1,0
R05,SKU-1168,2025-04-19,38,0,0
R05,SKU-1168,04/20/2025,40,0,0
R05,SKU-1168,2025-04-21,41,0,0
R05,SKU-1168,04/22/2025,35,0,0
R05,SKU-1168,04/23/2025,39,0,1
R05,SKU-1168,04/24/2025,33,1,0
R05,SKU-1168,2025-04-25,30,1,0
R05,SKU-1168,2025-04-26,35,0,0
R05,SKU-1168,04/27/2025,27,1,0
R05,SKU-1168,2025-04-28,31,0,0
R05,SKU-1168,2025-04-29,31,0,0
R05,SKU-1168,04/30/2025,28,0,0
R05,SKU-1175,2025-04-01,43,0,0
R05,SKU-1175,02-Apr-25,40,0,0
R05,SKU-1175,2025-04-03,35,0,1
R05,SKU-1175,04/04/2025,31,1,0
R05,SKU-1175,04/05/2025,34,0,0
R05,SKU-1175,06-Apr-25,34,2,0
R05,SKU-1175,07-Apr-25,33,2,0
R05,SKU-1175,08-Apr-25,39,1,0
R05,SKU-1175,2025-04-09,40,0,1
R05,SKU-1175,04/10/2025,33,1,0
R05,SKU-1175,2025-04-11,33,0,1
R05,SKU-1175,2025-04-12,30,1,0
R05,SKU-1175,2025-04-13,33,0,0
R05,SKU-1175,2025-04-14,30,0,0
R05,SKU-1175,2025-04-15,41,0,1
R05,SKU-1175,2025-04-16,43,0,0
R05,SKU-1175,04/17/2025,30,1,1
R05,SKU-1175,2025-04-18,32,0,0
R05,SKU-1175,2025-04-19,30,0,0
R05,SKU-1175,04/20/2025,37,1,0
R05,SKU-1175,2025-04-21,29,0,0
R05,SKU-1175,2025-04-22,32,1,0
R05,SKU-1175,04/23/2025,31,1,0
R05,SKU-1175,24-Apr-25,29,0,1
R05,SKU-1175,2025-04-25,36,1,0
R05,SKU-1175,04/26/2025,43,0,0
R05,SKU-1175,2025-04-27,28,0,0
R05,SKU-1175,2025-04-28,30,0,0
R05,SKU-1175,04/29/2025,32,0,0
R05,SKU-1175,04/30/2025,30,1,0
R05,SKU-1070,2025-04-01,30,0,1
R05,SKU-1070,2025-04-02,28,1,0
R05,SKU-1070,2025-04-03,31,2,0
R05,SKU-1070,04-Apr-25,38,0,0
R05,SKU-1070,2025-04-05,49,0,0
R05,SKU-1070,2025-04-06,37,1,0
R05,SKU-1070,04/07/2025,23,0,0
R05,SKU-1070,2025-04-08,27,1,1
R05,SKU-1070,2025-04-09,32,0,0
R05,SKU-1070,10-Apr-25,45,1,0
R05,SKU-1070,11-Apr-25,32,1,0
R05,SKU-1070,2025-04-12,33,1,1
R05,SKU-1070,2025-04-13,29,1,0
R05,SKU-1070,2025-04-14,29,1,0
R05,SKU-1070,2025-04-15,26,0,0
R05,SKU-1070,2025-04-16,29,3,1
R05,SKU-1070,2025-04-17,36,0,0
R05,SKU-1070,2025-04-18,38,1,1
R05,SKU-1070,2025-04-19,38,3,1
R05,SKU-1070,04/20/2025,30,0,0
R05,SKU-1070,04/21/2025,22,0,0
R05,SKU-1070,22-Apr-25,24,1,0
R05,SKU-1070,2025-04-23,35,0,0
R05,SKU-1070,2025-04-24,34,0,0
R05,SKU-1070,2025-04-25,23,0,0
R05,SKU-1070,04/26/2025,29,0,0
R05,SKU-1070,2025-04-27,28,0,0
R05,SKU-1070,28-Apr-25,22,0,0
R05,SKU-1070,04/29/2025,33,0,0
R05,SKU-1070,04/30/2025,31,0,0
