retailer_id,product_id,sale_date,sold_qty,returns_qty,promo_flag
R01,SKU-1014,2025-11-01,3,0,0
R01,SKU-1014,2025-11-02,5,1,0
R01,SKU-1014,2025-11-03,3,0,0
R01,SKU-1014,11/04/2025,6,0,0
R01,SKU-1014,2025-11-05,7,0,0
R01,SKU-1014,2025-11-06,7,1,0
R01,SKU-1014,2025-11-07,4,0,1
R01,SKU-1014,2025-11-08,6,0,0
R01,SKU-1014,11/09/2025,9,0,0
R01,SKU-1014,2025-11-10,5,0,1
R01,SKU-1014,2025-11-11,7,0,0
R01,SKU-1014,12-Nov-25,7,0,0
R01,SKU-1014,2025-11-13,8,0,0
R01,SKU-1014,2025-11-14,4,0,0
R01,SKU-1014,2025-11-15,8,0,0
R01,SKU-1014,2025-11-16,7,0,0
R01,SKU-1014,2025-11-17,3,1,0
R01,SKU-1014,2025-11-18,5,0,0
R01,SKU-1014,2025-11-19,3,1,1
R01,SKU-1014,2025-11-20,3,0,0
R01,SKU-1014,2025-11-21,7,0,0
R01,SKU-1014,22-Nov-25,7,1,0
R01,SKU-1014,2025-11-23,5,1,0
R01,SKU-1014,24-Nov-25,4,0,0
R01,SKU-1014,2025-11-25,3,1,1
R01,SKU-1014,11/26/2025,5,0,0
R01,SKU-1014,2025-11-27,6,1,1
R01,SKU-1014,2025-11-28,6,0,0
R01,SKU-1014,2025-11-29,11,0,0
R01,SKU-1014,2025-11-30,1,0,0
R01,SKU-1231,2025-11-01,7,0,0
R01,SKU-1231,11/02/2025,11,0,0
R01,SKU-1231,2025-11-03,15,1,0
R01,SKU-1231,2025-11-04,11,1,0
R01,SKU-1231,2025-11-05,9,0,0
R01,SKU-1231,2025-11-06,9,0,0
R01,SKU-1231,07-Nov-25,10,1,0
R01,SKU-1231,11/08/2025,8,0,0
R01,SKU-1231,11/09/2025,8,0,0
R01,SKU-1231,10-Nov-25,15,1,0
R01,SKU-1231,2025-11-11,11,0,0
R01,SKU-1231,2025-11-12,14,0,0
R01,SKU-1231,2025-11-13,11,0,0
R01,SKU-1231,14-Nov-25,8,0,0
R01,SKU-1231,2025-11-15,11,0,0
R01,SKU-1231,2025-11-16,13,0,0
R01,SKU-1231,2025-11-17,11,1,1
R01,SKU-1231,18-Nov-25,7,1,0
R01,SKU-1231,11/19/2025,15,0,0
R01,SKU-1231,11/20/2025,15,0,0
R01,SKU-1231,11/21/2025,9,0,0
R01,SKU-1231,2025-11-22,13,0,0
R01,SKU-1231,2025-11-23,7,0,0
R01,SKU-1231,11/24/2025,12,1,0
R01,SKU-1231,2025-11-25,19,0,0
R01,SKU-1231,2025-11-26,10,0,0
R01,SKU-1231,27-Nov-25,11,1,0
R01,SKU-1231,2025-11-28,14,0,0
R01,SKU-1231,2025-11-29,10,0,0
R01,SKU-1231,11/30/2025,11,0,1
R01,SKU-1056,2025-11-01,10,0,0
R01,SKU-1056,2025-11-02,10,1,0
R01,SKU-1056,2025-11-03,4,0,1
R01,SKU-1056,11/04/2025,17,0,1
R01,SKU-1056,11/05/2025,14,0,0
R01,SKU-1056,2025-11-06,3,0,1
R01,SKU-1056,2025-11-07,13,0,0
R01,SKU-1056,2025-11-08,13,0,0
R01,SKU-1056,2025-11-09,18,1,0
R01,SKU-1056,11/10/2025,19,0,0
R01,SKU-1056,2025-11-11,11,1,0
R01,SKU-1056,11/12/2025,18,1,0
R01,SKU-1056,11/13/2025,9,1,0
R01,SKU-1056,11/14/2025,11,0,1
R01,SKU-1056,11/15/2025,13,1,0
R01,SKU-1056,11/16/2025,13,1,0
R01,SKU-1056,2025-11-17,15,0,0
R01,SKU-1056,2025-11-18,8,1,0
R01,SKU-1056,19-Nov-25,13,0,0
R01,SKU-1056,2025-11-20,18,1,0
R01,SKU-1056,11/21/2025,18,1,0
R01,SKU-1056,2025-11-22,14,2,0
R01,SKU-1056,11/23/2025,11,0,0
R01,SKU-1056,2025-11-24,9,0,0
R01,SKU-1056,2025-11-25,7,0,0
R01,SKU-1056,11/26/2025,15,0,1
R01,SKU-1056,2025-11-27,13,0,0
R01,SKU-1056,2025-11-28,12,0,0
R01,SKU-1056,29-Nov-25,10,0,0
R01,SKU-1056,11/30/2025,11,1,0
R01,SKU-1140,01-Nov-25,5,3,0
R01,SKU-1140,2025-11-02,10,0,0
R01,SKU-1140,2025-11-03,8,0,0
R01,SKU-1140,11/04/2025,9,1,0
R01,SKU-1140,05-Nov-25,10,1,0
R01,SKU-1140,2025-11-06,7,1,0
R01,SKU-1140,11/07/2025,5,0,0
R01,SKU-1140,08-Nov-25,9,1,0
R01,SKU-1140,2025-11-09,11,0,0
R01,SKU-1140,11/10/2025,9,0,0
R01,SKU-1140,11-Nov-25,15,0,0
R01,SKU-1140,2025-11-12,12,0,1
R01,SKU-1140,2025-11-13,10,2,0
R01,SKU-1140,11/14/2025,22,0,0
R01,SKU-1140,2025-11-15,13,2,0
R01,SKU-1140,11/16/2025,8,1,0
R01,SKU-1140,2025-11-17,6,0,1
R01,SKU-1140,11/18/2025,9,1,1
R01,SKU-1140,2025-11-19,6,1,0
R01,SKU-1140,11/20/2025,12,1,0
R01,SKU-1140,2025-11-21,11,0,0
R01,SKU-1140,22-Nov-25,15,0,0
R01,SKU-1140,11/23/2025,6,0,0
R01,SKU-1140,11/24/2025,10,1,0
R01,SKU-1140,25-Nov-25,17,0,0
R01,SKU-1140,2025-11-26,17,0,0
R01,SKU-1140,2025-11-27,15,0,0
R01,SKU-1140,28-Nov-25,9,0,0
R01,SKU-1140,11/29/2025,9,1,0
R01,SKU-1140,11/30/2025,9,2,0
R01,SKU-1189,01-Nov-25,9,0,1
R01,SKU-1189,2025-11-02,16,0,1
R01,SKU-1189,11/03/2025,8,1,0
R01,SKU-1189,11/04/2025,10,0,0
R01,SKU-1189,2025-11-05,11,1,0
R01,SKU-1189,11/06/2025,12,0,0
R01,SKU-1189,11/07/2025,6,0,0
R01,SKU-1189,11/08/2025,9,0,0
R01,SKU-1189,2025-11-09,10,0,0
R01,SKU-1189,2025-11-10,13,0,0
R01,SKU-1189,11/11/2025,15,0,0
R01,SKU-1189,2025-11-12,13,0,1
R01,SKU-1189,2025-11-13,7,0,0
R01,SKU-1189,14-Nov-25,9,0,0
R01,SKU-1189,2025-11-15,9,0,0
R01,SKU-1189,2025-11-16,5,1,0
R01,SKU-1189,2025-11-17,6,0,0
R01,SKU-1189,2025-11-18,7,1,0
R01,SKU-1189,2025-11-19,10,1,0
R01,SKU-1189,11/20/2025,6,0,0
R01,SKU-1189,2025-11-21,7,0,1
R01,SKU-1189,22-Nov-25,11,0,0
R01,SKU-1189,23-Nov-25,8,0,1
R01,SKU-1189,2025-11-24,18,0,0
R01,SKU-1189,25-Nov-25,8,0,0
R01,SKU-1189,11/26/2025,16,2,0
R01,SKU-1189,2025-11-27,6,1,0
R01,SKU-1189,2025-11-28,9,0,0
R01,SKU-1189,11/29/2025,15,0,0
R01,SKU-1189,2025-11-30,8,1,0
R01,SKU-1252,11/01/2025,26,0,0
R01,SKU-1252,02-Nov-25,23,0,0
R01,SKU-1252,11/03/2025,30,0,0
R01,SKU-1252,11/04/2025,29,0,0
R01,SKU-1252,2025-11-05,21,0,0
R01,SKU-1252,2025-11-06,28,1,0
R01,SKU-1252,2025-11-07,19,1,0
R01,SKU-1252,11/08/2025,22,2,0
R01,SKU-1252,2025-11-09,27,0,0
R01,SKU-1252,2025-11-10,25,0,0
R01,SKU-1252,2025-11-11,25,1,1
R01,SKU-1252,2025-11-12,19,0,0
R01,SKU-1252,2025-11-13,27,0,1
R01,SKU-1252,11/14/2025,28,0,0
R01,SKU-1252,2025-11-15,22,0,0
R01,SKU-1252,2025-11-16,25,1,0
R01,SKU-1252,17-Nov-25,29,0,0
R01,SKU-1252,2025-11-18,21,1,0
R01,SKU-1252,2025-11-19,33,0,0
R01,SKU-1252,2025-11-20,33,1,0
R01,SKU-1252,11/21/2025,23,0,0
R01,SKU-1252,22-Nov-25,21,0,0
R01,SKU-1252,23-Nov-25,19,0,0
R01,SKU-1252,2025-11-24,22,1,0
R01,SKU-1252,2025-11-25,24,0,0
R01,SKU-1252,2025-11-26,25,1,0
R01,SKU-1252,11/27/2025,28,0,0
R01,SKU-1252,2025-11-28,27,1,0
R01,SKU-1252,11/29/2025,26,0,0
R01,SKU-1252,2025-11-30,22,0,0
R01,SKU-1259,2025-11-01,6,0,0
R01,SKU-1259,2025-11-02,13,1,0
R01,SKU-1259,2025-11-03,14,0,0
R01,SKU-1259,2025-11-04,16,0,0
R01,SKU-1259,2025-11-05,13,0,0
R01,SKU-1259,06-Nov-25,8,0,0
R01,SKU-1259,11/07/2025,19,0,0
R01,SKU-1259,11/08/2025,8,0,0
R01,SKU-1259,2025-11-09,10,1,0
R01,SKU-1259,10-Nov-25,14,0,0
R01,SKU-1259,2025-11-11,12,0,0
R01,SKU-1259,11/12/2025,9,0,0
R01,SKU-1259,2025-11-13,9,0,0
R01,SKU-1259,11/14/2025,11,0,1
R01,SKU-1259,2025-11-15,7,0,0
R01,SKU-1259,2025-11-16,8,1,0
R01,SKU-1259,17-Nov-25,2,0,0
R01,SKU-1259,2025-11-18,12,1,0
R01,SKU-1259,2025-11-19,9,0,1
R01,SKU-1259,2025-11-20,15,0,0
R01,SKU-1259,2025-11-21,19,1,0
R01,SKU-1259,2025-11-22,12,0,0
R01,SKU-1259,23-Nov-25,12,1,0
R01,SKU-1259,2025-11-24,8,1,0
R01,SKU-1259,2025-11-25,14,0,0
R01,SKU-1259,11/26/2025,12,0,0
R01,SKU-1259,2025-11-27,8,0,0
R01,SKU-1259,2025-11-28,14,1,0
R01,SKU-1259,2025-11-29,8,0,0
R01,SKU-1259,2025-11-30,10,4,0
R01,SKU-1021,2025-11-01,10,0,0
R01,SKU-1021,2025-11-02,9,1,0
R01,SKU-1021,2025-11-03,16,2,0
R01,SKU-1021,04-Nov-25,20,1,0
R01,SKU-1021,2025-11-05,17,0,0
R01,SKU-1021,2025-11-06,17,1,0
R01,SKU-1021,2025-11-07,10,1,0
R01,SKU-1021,11/08/2025,15,2,0
R01,SKU-1021,2025-11-09,16,0,0
R01,SKU-1021,2025-11-10,14,0,1
R01,SKU-1021,11/11/2025,10,0,1
R01,SKU-1021,2025-11-12,15,1,0
R01,SKU-1021,2025-11-13,13,0,0
R01,SKU-1021,11/14/2025,19,0,0
R01,SKU-1021,2025-11-15,11,0,0
R01,SKU-1021,2025-11-16,14,0,0
R01,SKU-1021,2025-11-17,17,0,0
R01,SKU-1021,2025-11-18,9,0,0
R01,SKU-1021,2025-11-19,12,0,0
R01,SKU-1021,2025-11-20,23,0,0
R01,SKU-1021,21-Nov-25,17,0,0
R01,SKU-1021,11/22/2025,12,0,0
R01,SKU-1021,2025-11-23,14,0,0
R01,SKU-1021,11/24/2025,15,1,0
R01,SKU-1021,11/25/2025,13,0,0
R01,SKU-1021,11/26/2025,13,2,0
R01,SKU-1021,2025-11-27,11,1,0
R01,SKU-1021,2025-11-28,14,1,0
R01,SKU-1021,29-Nov-25,13,0,1
R01,SKU-1021,11/30/2025,15,0,0
R01,SKU-1147,2025-11-01,17,0,1
R01,SKU-1147,2025-11-02,15,2,1
R01,SKU-1147,2025-11-03,9,3,1
R01,SKU-1147,2025-11-04,15,1,0
R01,SKU-1147,2025-11-05,17,2,0
R01,SKU-1147,2025-11-06,23,0,0
R01,SKU-1147,07-Nov-25,26,1,0
R01,SKU-1147,2025-11-08,15,1,0
R01,SKU-1147,09-Nov-25,16,1,0
R01,SKU-1147,2025-11-10,24,0,0
R01,SKU-1147,11/11/2025,13,1,1
R01,SKU-1147,11/12/2025,20,0,0
R01,SKU-1147,2025-11-13,14,2,0
R01,SKU-1147,2025-11-14,15,0,0
R01,SKU-1147,2025-11-15,18,0,0
R01,SKU-1147,2025-11-16,16,0,0
R01,SKU-1147,11/17/2025,21,2,0
R01,SKU-1147,2025-11-18,15,2,0
R01,SKU-1147,2025-11-19,20,2,0
R01,SKU-1147,2025-11-20,22,1,0
R01,SKU-1147,2025-11-21,17,1,0
R01,SKU-1147,11/22/2025,11,1,0
R01,SKU-1147,23-Nov-25,24,0,0
R01,SKU-1147,2025-11-24,25,1,0
R01,SKU-1147,11/25/2025,16,0,1
R01,SKU-1147,26-Nov-25,14,0,0
R01,SKU-1147,2025-11-27,11,0,0
R01,SKU-1147,2025-11-28,17,0,0
R01,SKU-1147,2025-11-29,15,0,1
R01,SKU-1147,2025-11-30,20,1,1
R01,SKU-1126,2025-11-01,33,0,0
R01,SKU-1126,2025-11-02,33,2,1
R01,SKU-1126,03-Nov-25,23,0,0
R01,SKU-1126,11/04/2025,28,0,0
R01,SKU-1126,2025-11-05,39,4,0
R01,SKU-1126,11/06/2025,22,1,0
R01,SKU-1126,11/07/2025,28,0,0
R01,SKU-1126,2025-11-08,35,1,0
R01,SKU-1126,11/09/2025,34,1,0
R01,SKU-1126,10-Nov-25,26,1,0
R01,SKU-1126,2025-11-11,27,1,1
R01,SKU-1126,2025-11-12,22,0,0
R01,SKU-1126,2025-11-13,28,1,0
R01,SKU-1126,2025-11-14,15,1,1
R01,SKU-1126,11/15/2025,26,0,0
R01,SKU-1126,2025-11-16,33,1,0
R01,SKU-1126,2025-11-17,28,2,0
R01,SKU-1126,2025-11-18,18,0,0
R01,SKU-1126,2025-11-19,16,0,0
R01,SKU-1126,11/20/2025,23,0,0
R01,SKU-1126,21-Nov-25,39,0,0
R01,SKU-1126,2025-11-22,17,1,0
R01,SKU-1126,2025-11-23,28,1,0
R01,SKU-1126,2025-11-24,27,1,0
R01,SKU-1126,11/25/2025,32,1,0
R01,SKU-1126,26-Nov-25,30,0,0
R01,SKU-1126,2025-11-27,25,0,0
R01,SKU-1126,11/28/2025,23,1,0
R01,SKU-1126,2025-11-29,28,0,0
R01,SKU-1126,11/30/2025,24,0,0
R01,SKU-1175,2025-11-01,4,1,0
R01,SKU-1175,02-Nov-25,5,0,0
R01,SKU-1175,03-Nov-25,4,0,0
R01,SKU-1175,11/04/2025,2,0,0
R01,SKU-1175,2025-11-05,5,1,1
R01,SKU-1175,06-Nov-25,4,0,0
R01,SKU-1175,07-Nov-25,2,3,0
R01,SKU-1175,11/08/2025,7,1,0
R01,SKU-1175,2025-11-09,2,1,0
R01,SKU-1175,10-Nov-25,3,2,0
R01,SKU-1175,2025-11-11,3,0,0
R01,SKU-1175,2025-11-12,3,0,0
R01,SKU-1175,2025-11-13,5,0,0
R01,SKU-1175,2025-11-14,4,1,0
R01,SKU-1175,11/15/2025,1,0,0
R01,SKU-1175,2025-11-16,7,0,0
R01,SKU-1175,17-Nov-25,5,0,0
R01,SKU-1175,18-Nov-25,1,0,0
R01,SKU-1175,2025-11-19,1,0,1
R01,SKU-1175,2025-11-20,2,0,0
R01,SKU-1175,11/21/2025,10,0,0
R01,SKU-1175,11/22/2025,3,1,0
R01,SKU-1175,11/23/2025,4,0,1
R01,SKU-1175,2025-11-24,5,1,0
R01,SKU-1175,11/25/2025,3,1,0
R01,SKU-1175,2025-11-26,8,0,0
R01,SKU-1175,11/27/2025,1,0,0
R01,SKU-1175,11/28/2025,4,0,0
R01,SKU-1175,2025-11-29,8,1,0
R01,SKU-1175,11/30/2025,4,0,0
R01,SKU-1196,2025-11-01,20,0,0
R01,SKU-1196,11/02/2025,20,0,0
R01,SKU-1196,2025-11-03,27,1,0
R01,SKU-1196,2025-11-04,25,0,0
R01,SKU-1196,2025-11-05,23,0,0
R01,SKU-1196,2025-11-06,15,1,1
R01,SKU-1196,11/07/2025,24,2,0
R01,SKU-1196,08-Nov-25,21,1,0
R01,SKU-1196,2025-11-09,20,0,0
R01,SKU-1196,2025-11-10,20,0,0
R01,SKU-1196,11-Nov-25,17,1,0
R01,SKU-1196,2025-11-12,19,0,0
R01,SKU-1196,11/13/2025,16,0,0
R01,SKU-1196,14-Nov-25,22,0,0
R01,SKU-1196,2025-11-15,30,0,0
R01,SKU-1196,2025-11-16,18,0,0
R01,SKU-1196,17-Nov-25,26,3,1
R01,SKU-1196,11/18/2025,15,0,0
R01,SKU-1196,2025-11-19,14,0,0
R01,SKU-1196,2025-11-20,23,0,0
R01,SKU-1196,11/21/2025,31,0,0
R01,SKU-1196,11/22/2025,24,0,0
R01,SKU-1196,2025-11-23,23,1,0
R01,SKU-1196,2025-11-24,21,0,0
R01,SKU-1196,25-Nov-25,23,0,0
R01,SKU-1196,11/26/2025,26,0,0
R01,SKU-1196,11/27/2025,21,0,0
R01,SKU-1196,11/28/2025,19,0,0
R01,SKU-1196,11/29/2025,29,0,0
R01,SKU-1196,30-Nov-25,19,0,0
R01,SKU-1091,2025-11-01,14,0,0
R01,SKU-1091,11/02/2025,16,0,0
R01,SKU-1091,03-Nov-25,17,0,0
R01,SKU-1091,04-Nov-25,21,0,0
R01,SKU-1091,2025-11-05,21,0,0
R01,SKU-1091,11/06/2025,20,0,0
R01,SKU-1091,2025-11-07,11,0,0
R01,SKU-1091,2025-11-08,13,0,0
R01,SKU-1091,11/09/2025,15,0,0
R01,SKU-1091,2025-11-10,12,1,1
R01,SKU-1091,11/11/2025,20,0,0
R01,SKU-1091,11/12/2025,12,0,0
R01,SKU-1091,2025-11-13,13,0,0
R01,SKU-1091,14-Nov-25,14,0,0
R01,SKU-1091,11/15/2025,20,1,0
R01,SKU-1091,2025-11-16,11,0,0
R01,SKU-1091,2025-11-17,11,1,0
R01,SKU-1091,2025-11-18,13,0,0
R01,SKU-1091,2025-11-19,13,2,0
R01,SKU-1091,2025-11-20,15,1,0
R01,SKU-1091,21-Nov-25,17,0,0
R01,SKU-1091,11/22/2025,21,1,0
R01,SKU-1091,2025-11-23,12,0,0
R01,SKU-1091,24-Nov-25,14,0,0
R01,SKU-1091,25-Nov-25,12,0,1
R01,SKU-1091,2025-11-26,12,1,1
R01,SKU-1091,27-Nov-25,9,0,0
R01,SKU-1091,11/28/2025,18,1,0
R01,SKU-1091,29-Nov-25,29,1,0
R01,SKU-1091,2025-11-30,12,1,0
R01,SKU-1119,11/01/2025,10,2,0
R01,SKU-1119,2025-11-02,8,0,0
R01,SKU-1119,2025-11-03,5,0,0
R01,SKU-1119,2025-11-04,4,0,0
R01,SKU-1119,2025-11-05,3,0,0
R01,SKU-1119,2025-11-06,2,0,0
R01,SKU-1119,07-Nov-25,8,1,0
R01,SKU-1119,2025-11-08,10,0,0
R01,SKU-1119,2025-11-09,7,1,0
R01,SKU-1119,2025-11-10,6,2,0
R01,SKU-1119,2025-11-11,10,1,0
R01,SKU-1119,11/12/2025,5,0,0
R01,SKU-1119,11/13/2025,3,1,0
R01,SKU-1119,2025-11-14,8,0,0
R01,SKU-1119,2025-11-15,4,1,0
R01,SKU-1119,2025-11-16,2,1,0
R01,SKU-1119,17-Nov-25,5,0,0
R01,SKU-1119,11/18/2025,5,1,0
R01,SKU-1119,2025-11-19,4,1,0
R01,SKU-1119,11/20/2025,2,0,0
R01,SKU-1119,11/21/2025,5,0,0
R01,SKU-1119,11/22/2025,7,0,0
R01,SKU-1119,2025-11-23,5,1,0
R01,SKU-1119,2025-11-24,6,0,0
R01,SKU-1119,2025-11-25,10,0,0
R01,SKU-1119,2025-11-26,3,0,0
R01,SKU-1119,2025-11-27,1,0,0
R01,SKU-1119,11/28/2025,2,0,0
R01,SKU-1119,2025-11-29,9,0,0
R01,SKU-1119,11/30/2025,6,0,0
R01,SKU-1224,2025-11-01,27,0,0
R01,SKU-1224,2025-11-02,24,0,0
R01,SKU-1224,2025-11-03,27,0,0
R01,SKU-1224,2025-11-04,28,0,0
R01,SKU-1224,11/05/2025,27,0,0
R01,SKU-1224,2025-11-06,19,0,0
R01,SKU-1224,11/07/2025,28,2,0
R01,SKU-1224,11/08/2025,38,0,0
R01,SKU-1224,11/09/2025,36,0,0
R01,SKU-1224,2025-11-10,26,0,0
R01,SKU-1224,2025-11-11,30,0,0
R01,SKU-1224,12-Nov-25,25,0,0
R01,SKU-1224,2025-11-13,27,2,0
R01,SKU-1224,2025-11-14,23,0,0
R01,SKU-1224,2025-11-15,23,0,0
R01,SKU-1224,2025-11-16,27,1,0
R01,SKU-1224,17-Nov-25,24,1,0
R01,SKU-1224,2025-11-18,23,0,1
R01,SKU-1224,2025-11-19,27,0,0
R01,SKU-1224,2025-11-20,35,1,0
R01,SKU-1224,2025-11-21,29,0,0
R01,SKU-1224,2025-11-22,21,0,0
R01,SKU-1224,23-Nov-25,28,2,0
R01,SKU-1224,11/24/2025,21,0,0
R01,SKU-1224,11/25/2025,41,0,0
R01,SKU-1224,2025-11-26,32,0,1
R01,SKU-1224,2025-11-27,36,1,1
R01,SKU-1224,2025-11-28,33,1,0
R01,SKU-1224,29-Nov-25,25,0,1
R01,SKU-1224,2025-11-30,36,0,0
R01,SKU-1266,2025-11-01,24,0,0
R01,SKU-1266,11/02/2025,30,1,1
R01,SKU-1266,2025-11-03,24,0,0
R01,SKU-1266,04-Nov-25,25,0,0
R01,SKU-1266,2025-11-05,28,1,1
R01,SKU-1266,2025-11-06,38,1,0
R01,SKU-1266,07-Nov-25,25,0,0
R01,SKU-1266,08-Nov-25,28,0,0
R01,SKU-1266,2025-11-09,29,1,1
R01,SKU-1266,2025-11-10,26,0,0
R01,SKU-1266,2025-11-11,29,0,1
R01,SKU-1266,2025-11-12,21,0,0
R01,SKU-1266,13-Nov-25,29,0,0
R01,SKU-1266,2025-11-14,21,0,0
R01,SKU-1266,2025-11-15,22,0,0
R01,SKU-1266,11/16/2025,31,0,1
R01,SKU-1266,2025-11-17,24,0,0
R01,SKU-1266,2025-11-18,27,0,0
R01,SKU-1266,11/19/2025,23,1,0
R01,SKU-1266,2025-11-20,23,0,0
R01,SKU-1266,11/21/2025,27,1,0
R01,SKU-1266,2025-11-22,23,1,0
R01,SKU-1266,2025-11-23,29,0,0
R01,SKU-1266,2025-11-24,40,1,0
R01,SKU-1266,25-Nov-25,30,0,0
R01,SKU-1266,2025-11-26,25,0,0
R01,SKU-1266,2025-11-27,27,0,0
R01,SKU-1266,2025-11-28,34,0,0
R01,SKU-1266,2025-11-29,27,0,0
R01,SKU-1266,2025-11-30,30,0,0
R01,SKU-1063,2025-11-01,31,1,0
R01,SKU-1063,2025-11-02,20,0,0
R01,SKU-1063,03-Nov-25,18,1,0
R01,SKU-1063,04-Nov-25,13,0,0
R01,SKU-1063,11/05/2025,27,0,0
R01,SKU-1063,2025-11-06,29,0,1
R01,SKU-1063,11/07/2025,31,0,0
R01,SKU-1063,08-Nov-25,20,0,0
R01,SKU-1063,2025-11-09,22,0,0
R01,SKU-1063,10-Nov-25,21,1,0
R01,SKU-1063,11/11/2025,21,0,0
R01,SKU-1063,11/12/2025,24,0,0
R01,SKU-1063,2025-11-13,23,0,0
R01,SKU-1063,2025-11-14,21,1,0
R01,SKU-1063,2025-11-15,24,0,0
R01,SKU-1063,11/16/2025,17,0,0
R01,SKU-1063,2025-11-17,22,1,1
R01,SKU-1063,2025-11-18,17,0,1
R01,SKU-1063,11/19/2025,21,0,0
R01,SKU-1063,2025-11-20,22,1,1
R01,SKU-1063,11/21/2025,22,0,1
R01,SKU-1063,2025-11-22,33,0,0
R01,SKU-1063,23-Nov-25,15,0,0
R01,SKU-1063,11/24/2025,19,0,0
R01,SKU-1063,2025-11-25,18,0,0
R01,SKU-1063,11/26/2025,29,1,0
R01,SKU-1063,2025-11-27,24,0,0
R01,SKU-1063,11/28/2025,24,0,0
R01,SKU-1063,29-Nov-25,23,0,0
R01,SKU-1063,2025-11-30,27,1,0
R01,SKU-1245,2025-11-01,32,1,0
R01,SKU-1245,2025-11-02,23,0,0
R01,SKU-1245,11/03/2025,19,1,0
R01,SKU-1245,2025-11-04,26,0,0
R01,SKU-1245,2025-11-05,28,1,0
R01,SKU-1245,2025-11-06,29,0,0
R01,SKU-1245,2025-11-07,34,1,1
R01,SKU-1245,2025-11-08,27,0,0
R01,SKU-1245,11/09/2025,29,0,0
R01,SKU-1245,2025-11-10,24,0,0
R01,SKU-1245,11-Nov-25,28,0,1
R01,SKU-1245,2025-11-12,32,1,0
R01,SKU-1245,2025-11-13,30,1,0
R01,SKU-1245,2025-11-14,28,0,1
R01,SKU-1245,2025-11-15,25,2,0
R01,SKU-1245,2025-11-16,28,1,1
R01,SKU-1245,17-Nov-25,35,1,0
R01,SKU-1245,2025-11-18,26,0,0
R01,SKU-1245,2025-11-19,26,0,0
R01,SKU-1245,2025-11-20,26,0,0
R01,SKU-1245,11/21/2025,22,0,0
R01,SKU-1245,22-Nov-25,30,0,0
R01,SKU-1245,2025-11-23,40,1,0
R01,SKU-1245,2025-11-24,26,0,0
R01,SKU-1245,11/25/2025,26,0,0
R01,SKU-1245,2025-11-26,32,1,0
R01,SKU-1245,2025-11-27,30,0,0
R01,SKU-1245,2025-11-28,24,0,0
R01,SKU-1245,2025-11-29,26,1,1
R01,SKU-1245,30-Nov-25,29,2,0
R01,SKU-1182,2025-11-01,5,0,0
R01,SKU-1182,02-Nov-25,5,2,1
R01,SKU-1182,2025-11-03,5,0,0
R01,SKU-1182,2025-11-04,2,0,0
R01,SKU-1182,11/05/2025,4,0,1
R01,SKU-1182,11/06/2025,2,0,0
R01,SKU-1182,11/07/2025,5,1,0
R01,SKU-1182,11/08/2025,10,1,0
R01,SKU-1182,2025-11-09,3,0,0
R01,SKU-1182,11/10/2025,3,1,0
R01,SKU-1182,2025-11-11,10,1,0
R01,SKU-1182,12-Nov-25,4,1,0
R01,SKU-1182,2025-11-13,6,1,0
R01,SKU-1182,2025-11-14,5,1,0
R01,SKU-1182,11/15/2025,6,1,0
R01,SKU-1182,11/16/2025,8,1,0
R01,SKU-1182,2025-11-17,9,1,0
R01,SKU-1182,2025-11-18,8,0,1
R01,SKU-1182,2025-11-19,2,0,0
R01,SKU-1182,2025-11-20,9,0,0
R01,SKU-1182,2025-11-21,6,2,0
R01,SKU-1182,2025-11-22,4,0,0
R01,SKU-1182,11/23/2025,7,0,0
R01,SKU-1182,24-Nov-25,7,1,0
R01,SKU-1182,2025-11-25,3,0,0
R01,SKU-1182,11/26/2025,8,0,0
R01,SKU-1182,11/27/2025,9,2,0
R01,SKU-1182,2025-11-28,6,0,0
R01,SKU-1182,2025-11-29,8,1,0
R01,SKU-1182,11/30/2025,2,0,0
R01,SKU-1007,01-Nov-25,31,1,0
R01,SKU-1007,2025-11-02,32,0,0
R01,SKU-1007,11/03/2025,29,0,0
R01,SKU-1007,2025-11-04,32,2,0
R01,SKU-1007,11/05/2025,31,0,0
R01,SKU-1007,11/06/2025,24,0,0
R01,SKU-1007,11/07/2025,32,1,0
R01,SKU-1007,2025-11-08,34,1,0
R01,SKU-1007,2025-11-09,40,1,0
R01,SKU-1007,2025-11-10,26,2,0
R01,SKU-1007,2025-11-11,30,0,0
R01,SKU-1007,11/12/2025,32,0,0
R01,SKU-1007,2025-11-13,35,0,0
R01,SKU-1007,2025-11-14,36,1,0
R01,SKU-1007,15-Nov-25,35,0,0
R01,SKU-1007,2025-11-16,30,0,0
R01,SKU-1007,2025-11-17,34,0,0
R01,SKU-1007,11/18/2025,43,0,0
R01,SKU-1007,11/19/2025,32,0,0
R01,SKU-1007,11/20/2025,33,0,0
R01,SKU-1007,2025-11-21,33,0,0
R01,SKU-1007,2025-11-22,31,0,0
R01,SKU-1007,11/23/2025,35,0,1
R01,SKU-1007,2025-11-24,34,0,0
R01,SKU-1007,2025-11-25,35,1,0
R01,SKU-1007,2025-11-26,29,0,0
R01,SKU-1007,11/27/2025,34,1,0
R01,SKU-1007,2025-11-28,40,1,0
R01,SKU-1007,11/29/2025,21,0,0
R01,SKU-1007,11/30/2025,31,0,0
R01,SKU-1070,11/01/2025,11,0,0
R01,SKU-1070,2025-11-02,17,0,0
R01,SKU-1070,03-Nov-25,10,0,0
R01,SKU-1070,2025-11-04,12,0,0
R01,SKU-1070,2025-11-05,13,1,0
R01,SKU-1070,11/06/2025,6,1,0
R01,SKU-1070,11/07/2025,8,1,0
R01,SKU-1070,2025-11-08,11,0,0
R01,SKU-1070,2025-11-09,15,0,0
R01,SKU-1070,11/10/2025,10,1,0
R01,SKU-1070,2025-11-11,17,0,0
R01,SKU-1070,12-Nov-25,11,0,0
R01,SKU-1070,13-Nov-25,16,1,1
R01,SKU-1070,11/14/2025,7,0,0
R01,SKU-1070,2025-11-15,15,0,0
R01,SKU-1070,11/16/2025,12,0,0
R01,SKU-1070,11/17/2025,15,1,0
R01,SKU-1070,2025-11-18,9,0,0
R01,SKU-1070,2025-11-19,10,1,0
R01,SKU-1070,2025-11-20,11,0,0
R01,SKU-1070,2025-11-21,12,1,0
R01,SKU-1070,11/22/2025,9,0,0
R01,SKU-1070,2025-11-23,12,0,0
R01,SKU-1070,2025-11-24,9,0,0
R01,SKU-1070,25-Nov-25,11,1,0
R01,SKU-1070,11/26/2025,17,0,0
R01,SKU-1070,2025-11-27,3,0,0
R01,SKU-1070,2025-11-28,8,1,0
R01,SKU-1070,29-Nov-25,18,2,0
R01,SKU-1070,2025-11-30,10,0,0
R01,SKU-1238,2025-11-01,21,0,0
R01,SKU-1238,02-Nov-25,15,0,0
R01,SKU-1238,2025-11-03,17,0,0
R01,SKU-1238,2025-11-04,24,0,0
R01,SKU-1238,2025-11-05,17,0,0
R01,SKU-1238,2025-11-06,24,1,0
R01,SKU-1238,11/07/2025,16,0,0
R01,SKU-1238,2025-11-08,22,1,0
R01,SKU-1238,2025-11-09,19,1,0
R01,SKU-1238,10-Nov-25,25,0,0
R01,SKU-1238,2025-11-11,19,1,0
R01,SKU-1238,11/12/2025,25,1,1
R01,SKU-1238,13-Nov-25,21,1,0
R01,SKU-1238,11/14/2025,19,0,0
R01,SKU-1238,2025-11-15,26,0,0
R01,SKU-1238,2025-11-16,21,1,0
R01,SKU-1238,2025-11-17,18,1,0
R01,SKU-1238,18-Nov-25,12,1,0
R01,SKU-1238,11/19/2025,25,1,0
R01,SKU-1238,11/20/2025,18,1,0
R01,SKU-1238,11/21/2025,25,0,0
R01,SKU-1238,22-Nov-25,19,0,0
R01,SKU-1238,23-Nov-25,25,1,0
R01,SKU-1238,2025-11-24,21,0,0
R01,SKU-1238,25-Nov-25,17,1,0
R01,SKU-1238,26-Nov-25,13,0,0
R01,SKU-1238,11/27/2025,25,0,0
R01,SKU-1238,2025-11-28,20,0,0
R01,SKU-1238,2025-11-29,25,0,0
R01,SKU-1238,2025-11-30,22,0,1
R01,SKU-1154,2025-11-01,25,2,1
R01,SKU-1154,2025-11-02,14,0,1
R01,SKU-1154,2025-11-03,24,0,0
R01,SKU-1154,11/04/2025,15,1,0
R01,SKU-1154,2025-11-05,16,1,0
R01,SKU-1154,2025-11-06,27,0,0
R01,SKU-1154,2025-11-07,24,0,0
R01,SKU-1154,11/08/2025,22,0,0
R01,SKU-1154,2025-11-09,20,0,0
R01,SKU-1154,11/10/2025,27,1,0
R01,SKU-1154,2025-11-11,18,0,0
R01,SKU-1154,12-Nov-25,14,0,0
R01,SKU-1154,13-Nov-25,22,1,0
R01,SKU-1154,2025-11-14,17,2,0
R01,SKU-1154,2025-11-15,13,1,0
R01,SKU-1154,2025-11-16,17,1,0
R01,SKU-1154,2025-11-17,19,0,0
R01,SKU-1154,2025-11-18,17,0,0
R01,SKU-1154,2025-11-19,20,0,0
R01,SKU-1154,2025-11-20,16,0,0
R01,SKU-1154,2025-11-21,21,0,0
R01,SKU-1154,2025-11-22,18,2,0
R01,SKU-1154,2025-11-23,16,2,0
R01,SKU-1154,11/24/2025,22,1,0
R01,SKU-1154,25-Nov-25,15,0,0
R01,SKU-1154,11/26/2025,24,0,0
R01,SKU-1154,11/27/2025,15,0,0
R01,SKU-1154,2025-11-28,18,0,1
R01,SKU-1154,2025-11-29,22,0,1
R01,SKU-1154,2025-11-30,20,0,0
R01,SKU-1273,2025-11-01,38,0,0
R01,SKU-1273,2025-11-02,38,0,0
R01,SKU-1273,2025-11-03,29,2,0
R01,SKU-1273,2025-11-04,36,0,0
R01,SKU-1273,2025-11-05,25,0,0
R01,SKU-1273,2025-11-06,24,1,0
R01,SKU-1273,2025-11-07,28,0,0
R01,SKU-1273,08-Nov-25,34,0,1
R01,SKU-1273,11/09/2025,31,0,0
R01,SKU-1273,11/10/2025,37,1,0
R01,SKU-1273,11/11/2025,19,2,0
R01,SKU-1273,2025-11-12,22,2,0
R01,SKU-1273,2025-11-13,21,0,0
R01,SKU-1273,14-Nov-25,26,0,0
R01,SKU-1273,11/15/2025,29,0,0
R01,SKU-1273,2025-11-16,32,2,0
R01,SKU-1273,2025-11-17,25,0,0
R01,SKU-1273,11/18/2025,14,0,0
R01,SKU-1273,2025-11-19,27,0,0
R01,SKU-1273,2025-11-20,18,0,0
R01,SKU-1273,2025-11-21,29,1,0
R01,SKU-1273,2025-11-22,35,1,0
R01,SKU-1273,23-Nov-25,30,0,0
R01,SKU-1273,2025-11-24,18,1,0
R01,SKU-1273,2025-11-25,41,0,0
R01,SKU-1273,26-Nov-25,23,0,0
R01,SKU-1273,27-Nov-25,38,0,0
R01,SKU-1273,28-Nov-25,29,0,1
R01,SKU-1273,2025-11-29,37,0,1
R01,SKU-1273,30-Nov-25,30,1,0
R02,SKU-1119,2025-11-01,2,0,0
R02,SKU-1119,02-Nov-25,4,0,0
R02,SKU-1119,03-Nov-25,6,0,0
R02,SKU-1119,2025-11-04,8,2,0
R02,SKU-1119,11/05/2025,3,2,0
R02,SKU-1119,2025-11-06,6,1,1
R02,SKU-1119,11/07/2025,7,0,0
R02,SKU-1119,2025-11-08,4,1,0
R02,SKU-1119,11/09/2025,4,0,0
R02,SKU-1119,2025-11-10,3,1,0
R02,SKU-1119,2025-11-11,4,0,0
R02,SKU-1119,2025-11-12,3,0,0
R02,SKU-1119,2025-11-13,2,0,0
R02,SKU-1119,2025-11-14,6,1,1
R02,SKU-1119,2025-11-15,5,0,0
R02,SKU-1119,2025-11-16,6,0,0
R02,SKU-1119,11/17/2025,3,1,1
R02,SKU-1119,2025-11-18,5,2,1
R02,SKU-1119,2025-11-19,4,1,0
R02,SKU-1119,2025-11-20,4,0,0
R02,SKU-1119,11/21/2025,2,1,0
R02,SKU-1119,11/22/2025,7,0,0
R02,SKU-1119,11/23/2025,5,0,0
R02,SKU-1119,11/24/2025,2,0,0
R02,SKU-1119,2025-11-25,3,1,0
R02,SKU-1119,2025-11-26,4,0,0
R02,SKU-1119,27-Nov-25,1,0,0
R02,SKU-1119,2025-11-28,4,0,0
R02,SKU-1119,2025-11-29,2,1,0
R02,SKU-1119,2025-11-30,3,1,0
R02,SKU-1252,11/01/2025,26,1,0
R02,SKU-1252,2025-11-02,30,0,0
R02,SKU-1252,2025-11-03,22,0,1
R02,SKU-1252,04-Nov-25,23,1,0
R02,SKU-1252,2025-11-05,34,0,0
R02,SKU-1252,11/06/2025,27,0,1
R02,SKU-1252,07-Nov-25,37,0,0
R02,SKU-1252,2025-11-08,31,0,0
R02,SKU-1252,11/09/2025,31,0,0
R02,SKU-1252,10-Nov-25,30,0,0
R02,SKU-1252,11/11/2025,23,0,0
R02,SKU-1252,11/12/2025,32,0,0
R02,SKU-1252,11/13/2025,29,1,0
R02,SKU-1252,2025-11-14,35,1,0
R02,SKU-1252,2025-11-15,24,0,0
R02,SKU-1252,2025-11-16,41,0,0
R02,SKU-1252,2025-11-17,36,0,0
R02,SKU-1252,2025-11-18,39,0,0
R02,SKU-1252,11/19/2025,35,0,0
R02,SKU-1252,2025-11-20,48,0,0
R02,SKU-1252,2025-11-21,30,0,1
R02,SKU-1252,2025-11-22,27,0,0
R02,SKU-1252,23-Nov-25,41,0,1
R02,SKU-1252,11/24/2025,36,1,0
R02,SKU-1252,2025-11-25,31,0,0
R02,SKU-1252,2025-11-26,33,0,0
R02,SKU-1252,11/27/2025,37,0,1
R02,SKU-1252,2025-11-28,27,0,0
R02,SKU-1252,2025-11-29,37,0,0
R02,SKU-1252,2025-11-30,29,0,0
R02,SKU-1238,2025-11-01,15,0,0
R02,SKU-1238,2025-11-02,14,0,0
R02,SKU-1238,11/03/2025,19,0,0
R02,SKU-1238,2025-11-04,12,0,0
R02,SKU-1238,2025-11-05,15,1,0
R02,SKU-1238,2025-11-06,20,0,0
R02,SKU-1238,07-Nov-25,14,0,0
R02,SKU-1238,08-Nov-25,10,0,0
R02,SKU-1238,2025-11-09,21,0,0
R02,SKU-1238,2025-11-10,20,0,0
R02,SKU-1238,2025-11-11,19,0,0
R02,SKU-1238,11/12/2025,20,0,0
R02,SKU-1238,13-Nov-25,20,1,0
R02,SKU-1238,2025-11-14,14,1,0
R02,SKU-1238,11/15/2025,19,1,0
R02,SKU-1238,2025-11-16,15,0,1
R02,SKU-1238,11/17/2025,17,1,0
R02,SKU-1238,11/18/2025,25,0,0
R02,SKU-1238,11/19/2025,18,1,0
R02,SKU-1238,11/20/2025,18,1,0
R02,SKU-1238,2025-11-21,15,0,0
R02,SKU-1238,2025-11-22,16,0,0
R02,SKU-1238,2025-11-23,16,0,0
R02,SKU-1238,24-Nov-25,21,0,1
R02,SKU-1238,25-Nov-25,20,0,0
R02,SKU-1238,2025-11-26,20,0,0
R02,SKU-1238,2025-11-27,19,3,0
R02,SKU-1238,2025-11-28,22,0,0
R02,SKU-1238,2025-11-29,24,1,0
R02,SKU-1238,2025-11-30,11,0,1
R02,SKU-1161,01-Nov-25,17,0,0
R02,SKU-1161,2025-11-02,11,1,0
R02,SKU-1161,2025-11-03,13,0,0
R02,SKU-1161,04-Nov-25,20,0,0
R02,SKU-1161,2025-11-05,20,0,0
R02,SKU-1161,11/06/2025,19,0,0
R02,SKU-1161,2025-11-07,14,0,0
R02,SKU-1161,2025-11-08,16,0,0
R02,SKU-1161,2025-11-09,13,0,0
R02,SKU-1161,2025-11-10,15,0,1
R02,SKU-1161,2025-11-11,12,0,0
R02,SKU-1161,2025-11-12,15,1,0
R02,SKU-1161,11/13/2025,18,0,0
R02,SKU-1161,11/14/2025,12,0,0
R02,SKU-1161,11/15/2025,15,0,0
R02,SKU-1161,16-Nov-25,9,1,0
R02,SKU-1161,11/17/2025,9,1,0
R02,SKU-1161,2025-11-18,16,1,0
R02,SKU-1161,11/19/2025,21,0,0
R02,SKU-1161,2025-11-20,11,0,0
R02,SKU-1161,2025-11-21,17,1,0
R02,SKU-1161,2025-11-22,11,0,1
R02,SKU-1161,2025-11-23,9,0,0
R02,SKU-1161,2025-11-24,21,0,0
R02,SKU-1161,11/25/2025,14,0,0
R02,SKU-1161,2025-11-26,16,0,1
R02,SKU-1161,11/27/2025,15,1,0
R02,SKU-1161,2025-11-28,12,0,0
R02,SKU-1161,2025-11-29,9,1,0
R02,SKU-1161,2025-11-30,14,1,0
R02,SKU-1224,01-Nov-25,27,0,0
R02,SKU-1224,02-Nov-25,32,0,0
R02,SKU-1224,11/03/2025,37,1,0
R02,SKU-1224,2025-11-04,39,1,0
R02,SKU-1224,2025-11-05,33,0,0
R02,SKU-1224,2025-11-06,29,0,0
R02,SKU-1224,2025-11-07,38,1,0
R02,SKU-1224,08-Nov-25,33,0,0
R02,SKU-1224,2025-11-09,25,0,0
R02,SKU-1224,2025-11-10,36,1,1
R02,SKU-1224,2025-11-11,29,0,0
R02,SKU-1224,2025-11-12,36,0,0
R02,SKU-1224,2025-11-13,30,1,0
R02,SKU-1224,2025-11-14,32,0,0
R02,SKU-1224,15-Nov-25,37,0,1
R02,SKU-1224,2025-11-16,31,0,0
R02,SKU-1224,2025-11-17,39,0,0
R02,SKU-1224,2025-11-18,36,0,0
R02,SKU-1224,2025-11-19,38,0,0
R02,SKU-1224,2025-11-20,41,0,0
R02,SKU-1224,2025-11-21,23,0,0
R02,SKU-1224,2025-11-22,29,1,1
R02,SKU-1224,23-Nov-25,27,0,0
R02,SKU-1224,11/24/2025,36,1,0
R02,SKU-1224,2025-11-25,31,1,0
R02,SKU-1224,2025-11-26,37,0,1
R02,SKU-1224,11/27/2025,31,0,0
R02,SKU-1224,2025-11-28,34,2,1
R02,SKU-1224,11/29/2025,43,1,0
R02,SKU-1224,30-Nov-25,35,0,0
R02,SKU-1084,01-Nov-25,12,2,0
R02,SKU-1084,2025-11-02,8,0,0
R02,SKU-1084,2025-11-03,20,0,0
R02,SKU-1084,2025-11-04,14,1,0
R02,SKU-1084,11/05/2025,16,0,0
R02,SKU-1084,2025-11-06,18,0,0
R02,SKU-1084,2025-11-07,17,0,0
R02,SKU-1084,11/08/2025,13,0,0
R02,SKU-1084,09-Nov-25,16,0,0
R02,SKU-1084,2025-11-10,22,1,0
R02,SKU-1084,2025-11-11,15,1,0
R02,SKU-1084,2025-11-12,10,0,0
R02,SKU-1084,11/13/2025,10,0,0
R02,SKU-1084,2025-11-14,15,0,0
R02,SKU-1084,2025-11-15,12,0,0
R02,SKU-1084,2025-11-16,17,1,0
R02,SKU-1084,17-Nov-25,11,0,0
R02,SKU-1084,18-Nov-25,16,1,0
R02,SKU-1084,2025-11-19,14,0,0
R02,SKU-1084,20-Nov-25,13,0,0
R02,SKU-1084,11/21/2025,18,0,0
R02,SKU-1084,2025-11-22,17,0,0
R02,SKU-1084,2025-11-23,14,0,0
R02,SKU-1084,24-Nov-25,17,0,0
R02,SKU-1084,2025-11-25,15,2,0
R02,SKU-1084,2025-11-26,21,0,0
R02,SKU-1084,2025-11-27,13,1,0
R02,SKU-1084,2025-11-28,15,1,0
R02,SKU-1084,11/29/2025,18,0,0
R02,SKU-1084,11/30/2025,10,0,0
R02,SKU-1028,2025-11-01,31,1,0
R02,SKU-1028,11/02/2025,26,2,0
R02,SKU-1028,03-Nov-25,41,1,0
R02,SKU-1028,2025-11-04,31,0,0
R02,SKU-1028,2025-11-05,30,0,0
R02,SKU-1028,2025-11-06,26,0,0
R02,SKU-1028,2025-11-07,31,2,0
R02,SKU-1028,2025-11-08,27,0,0
R02,SKU-1028,2025-11-09,30,1,1
R02,SKU-1028,11/10/2025,22,1,0
R02,SKU-1028,2025-11-11,31,0,0
R02,SKU-1028,2025-11-12,26,1,0
R02,SKU-1028,11/13/2025,45,0,0
R02,SKU-1028,14-Nov-25,32,1,1
R02,SKU-1028,2025-11-15,26,0,0
R02,SKU-1028,11/16/2025,27,0,1
R02,SKU-1028,17-Nov-25,27,1,0
R02,SKU-1028,2025-11-18,30,1,0
R02,SKU-1028,19-Nov-25,35,1,0
R02,SKU-1028,2025-11-20,38,1,0
R02,SKU-1028,2025-11-21,29,1,0
R02,SKU-1028,11/22/2025,33,0,1
R02,SKU-1028,2025-11-23,36,0,0
R02,SKU-1028,2025-11-24,34,0,0
R02,SKU-1028,11/25/2025,28,0,0
R02,SKU-1028,2025-11-26,43,0,0
R02,SKU-1028,11/27/2025,45,0,0
R02,SKU-1028,2025-11-28,27,0,0
R02,SKU-1028,11/29/2025,32,1,0
R02,SKU-1028,2025-11-30,32,0,0
R02,SKU-1140,2025-11-01,16,1,0
R02,SKU-1140,2025-11-02,18,0,0
R02,SKU-1140,11/03/2025,20,0,1
R02,SKU-1140,2025-11-04,23,0,0
R02,SKU-1140,2025-11-05,16,0,1
R02,SKU-1140,06-Nov-25,21,1,1
R02,SKU-1140,2025-11-07,21,0,0
R02,SKU-1140,2025-11-08,24,0,0
R02,SKU-1140,2025-11-09,24,1,0
R02,SKU-1140,11/10/2025,17,1,0
R02,SKU-1140,11/11/2025,19,0,1
R02,SKU-1140,2025-11-12,18,1,0
R02,SKU-1140,2025-11-13,26,1,0
R02,SKU-1140,11/14/2025,15,0,0
R02,SKU-1140,2025-11-15,17,1,0
R02,SKU-1140,2025-11-16,18,0,0
R02,SKU-1140,2025-11-17,27,0,0
R02,SKU-1140,2025-11-18,21,0,0
R02,SKU-1140,19-Nov-25,15,0,0
R02,SKU-1140,2025-11-20,21,1,0
R02,SKU-1140,11/21/2025,32,1,0
R02,SKU-1140,2025-11-22,18,1,0
R02,SKU-1140,2025-11-23,12,0,0
R02,SKU-1140,2025-11-24,15,0,0
R02,SKU-1140,2025-11-25,16,1,0
R02,SKU-1140,2025-11-26,22,0,0
R02,SKU-1140,11/27/2025,19,1,0
R02,SKU-1140,11/28/2025,13,1,0
R02,SKU-1140,2025-11-29,18,0,0
R02,SKU-1140,2025-11-30,10,0,1
R02,SKU-1217,2025-11-01,21,1,0
R02,SKU-1217,2025-11-02,24,1,0
R02,SKU-1217,2025-11-03,16,0,0
R02,SKU-1217,2025-11-04,25,1,0
R02,SKU-1217,2025-11-05,18,0,0
R02,SKU-1217,2025-11-06,16,1,0
R02,SKU-1217,07-Nov-25,25,0,0
R02,SKU-1217,2025-11-08,11,2,0
R02,SKU-1217,2025-11-09,15,0,0
R02,SKU-1217,10-Nov-25,22,0,0
R02,SKU-1217,11-Nov-25,23,0,1
R02,SKU-1217,11/12/2025,28,0,0
R02,SKU-1217,11/13/2025,21,1,0
R02,SKU-1217,2025-11-14,23,0,0
R02,SKU-1217,15-Nov-25,16,0,0
R02,SKU-1217,2025-11-16,21,0,0
R02,SKU-1217,2025-11-17,18,0,0
R02,SKU-1217,2025-11-18,16,0,0
R02,SKU-1217,2025-11-19,20,0,0
R02,SKU-1217,2025-11-20,21,1,0
R02,SKU-1217,11/21/2025,23,1,1
R02,SKU-1217,11/22/2025,28,0,0
R02,SKU-1217,2025-11-23,22,1,0
R02,SKU-1217,2025-11-24,21,1,0
R02,SKU-1217,2025-11-25,22,0,0
R02,SKU-1217,2025-11-26,26,0,0
R02,SKU-1217,2025-11-27,14,1,0
R02,SKU-1217,2025-11-28,23,1,0
R02,SKU-1217,11/29/2025,23,0,0
R02,SKU-1217,2025-11-30,14,0,0
R02,SKU-1112,2025-11-01,11,0,0
R02,SKU-1112,02-Nov-25,12,2,0
R02,SKU-1112,2025-11-03,15,0,0
R02,SKU-1112,04-Nov-25,8,2,1
R02,SKU-1112,11/05/2025,16,1,0
R02,SKU-1112,2025-11-06,15,0,0
R02,SKU-1112,2025-11-07,12,2,0
R02,SKU-1112,2025-11-08,19,0,1
R02,SKU-1112,11/09/2025,16,0,0
R02,SKU-1112,10-Nov-25,14,0,0
R02,SKU-1112,11/11/2025,12,0,0
R02,SKU-1112,2025-11-12,17,0,0
R02,SKU-1112,2025-11-13,16,0,0
R02,SKU-1112,11/14/2025,10,0,0
R02,SKU-1112,2025-11-15,14,1,0
R02,SKU-1112,11/16/2025,12,0,0
R02,SKU-1112,2025-11-17,17,0,0
R02,SKU-1112,2025-11-18,21,0,1
R02,SKU-1112,2025-11-19,12,0,0
R02,SKU-1112,2025-11-20,19,0,0
R02,SKU-1112,2025-11-21,18,1,0
R02,SKU-1112,11/22/2025,20,0,0
R02,SKU-1112,2025-11-23,14,0,0
R02,SKU-1112,2025-11-24,18,0,0
R02,SKU-1112,2025-11-25,10,0,0
R02,SKU-1112,11/26/2025,19,0,0
R02,SKU-1112,11/27/2025,11,0,1
R02,SKU-1112,2025-11-28,21,0,0
R02,SKU-1112,11/29/2025,19,0,0
R02,SKU-1112,30-Nov-25,11,1,0
R02,SKU-1245,2025-11-01,7,0,1
R02,SKU-1245,2025-11-02,10,0,0
R02,SKU-1245,11/03/2025,13,1,0
R02,SKU-1245,2025-11-04,7,0,0
R02,SKU-1245,11/05/2025,4,0,0
R02,SKU-1245,2025-11-06,6,0,0
R02,SKU-1245,2025-11-07,9,2,0
R02,SKU-1245,08-Nov-25,8,1,0
R02,SKU-1245,2025-11-09,3,0,0
R02,SKU-1245,11/10/2025,8,0,0
R02,SKU-1245,2025-11-11,5,0,0
R02,SKU-1245,2025-11-12,10,0,0
R02,SKU-1245,13-Nov-25,6,0,0
R02,SKU-1245,2025-11-14,9,0,0
R02,SKU-1245,2025-11-15,9,1,0
R02,SKU-1245,2025-11-16,6,0,0
R02,SKU-1245,11/17/2025,4,1,0
R02,SKU-1245,2025-11-18,7,2,0
R02,SKU-1245,2025-11-19,10,0,0
R02,SKU-1245,2025-11-20,8,1,0
R02,SKU-1245,2025-11-21,8,0,1
R02,SKU-1245,11/22/2025,5,0,0
R02,SKU-1245,2025-11-23,8,1,0
R02,SKU-1245,24-Nov-25,9,0,0
R02,SKU-1245,25-Nov-25,10,0,0
R02,SKU-1245,2025-11-26,7,0,0
R02,SKU-1245,2025-11-27,6,0,0
R02,SKU-1245,2025-11-28,6,0,1
R02,SKU-1245,2025-11-29,11,2,0
R02,SKU-1245,2025-11-30,5,0,0
R02,SKU-1210,2025-11-01,15,0,0
R02,SKU-1210,2025-11-02,14,0,0
R02,SKU-1210,11/03/2025,7,0,0
R02,SKU-1210,2025-11-04,11,1,0
R02,SKU-1210,11/05/2025,11,1,0
R02,SKU-1210,2025-11-06,16,0,0
R02,SKU-1210,2025-11-07,12,1,0
R02,SKU-1210,2025-11-08,16,0,0
R02,SKU-1210,2025-11-09,9,1,0
R02,SKU-1210,2025-11-10,14,0,0
R02,SKU-1210,11/11/2025,16,0,0
R02,SKU-1210,11/12/2025,14,0,1
R02,SKU-1210,2025-11-13,19,0,0
R02,SKU-1210,2025-11-14,11,0,0
R02,SKU-1210,2025-11-15,16,0,0
R02,SKU-1210,11/16/2025,14,0,0
R02,SKU-1210,17-Nov-25,7,0,0
R02,SKU-1210,2025-11-18,18,0,1
R02,SKU-1210,2025-11-19,15,0,0
R02,SKU-1210,11/20/2025,12,0,0
R02,SKU-1210,11/21/2025,13,0,0
R02,SKU-1210,11/22/2025,8,1,1
R02,SKU-1210,2025-11-23,20,3,0
R02,SKU-1210,2025-11-24,9,0,0
R02,SKU-1210,2025-11-25,19,0,0
R02,SKU-1210,2025-11-26,11,0,1
R02,SKU-1210,11/27/2025,8,0,0
R02,SKU-1210,28-Nov-25,13,0,0
R02,SKU-1210,29-Nov-25,8,0,0
R02,SKU-1210,11/30/2025,14,0,0
R02,SKU-1063,2025-11-01,34,0,0
R02,SKU-1063,02-Nov-25,26,0,0
R02,SKU-1063,11/03/2025,37,1,0
R02,SKU-1063,2025-11-04,32,1,0
R02,SKU-1063,11/05/2025,36,0,0
R02,SKU-1063,2025-11-06,25,0,0
R02,SKU-1063,07-Nov-25,32,0,0
R02,SKU-1063,2025-11-08,30,1,0
R02,SKU-1063,2025-11-09,35,2,0
R02,SKU-1063,2025-11-10,42,0,0
R02,SKU-1063,11/11/2025,31,1,0
R02,SKU-1063,12-Nov-25,27,0,0
R02,SKU-1063,2025-11-13,29,0,0
R02,SKU-1063,2025-11-14,31,1,0
R02,SKU-1063,2025-11-15,33,0,0
R02,SKU-1063,2025-11-16,42,0,0
R02,SKU-1063,2025-11-17,40,0,1
R02,SKU-1063,18-Nov-25,33,0,0
R02,SKU-1063,11/19/2025,31,1,1
R02,SKU-1063,2025-11-20,29,0,0
R02,SKU-1063,2025-11-21,35,0,0
R02,SKU-1063,2025-11-22,33,0,0
R02,SKU-1063,2025-11-23,33,0,0
R02,SKU-1063,24-Nov-25,34,0,0
R02,SKU-1063,2025-11-25,36,0,0
R02,SKU-1063,11/26/2025,32,0,0
R02,SKU-1063,2025-11-27,29,0,1
R02,SKU-1063,2025-11-28,32,3,0
R02,SKU-1063,2025-11-29,27,1,0
R02,SKU-1063,2025-11-30,37,0,0
R02,SKU-1203,2025-11-01,22,1,0
R02,SKU-1203,11/02/2025,29,1,0
R02,SKU-1203,2025-11-03,19,0,0
R02,SKU-1203,04-Nov-25,23,1,0
R02,SKU-1203,05-Nov-25,18,0,0
R02,SKU-1203,11/06/2025,35,0,1
R02,SKU-1203,2025-11-07,22,1,0
R02,SKU-1203,2025-11-08,18,0,0
R02,SKU-1203,2025-11-09,24,0,1
R02,SKU-1203,11/10/2025,23,0,0
R02,SKU-1203,2025-11-11,19,0,0
R02,SKU-1203,2025-11-12,25,0,0
R02,SKU-1203,2025-11-13,26,0,0
R02,SKU-1203,2025-11-14,23,1,0
R02,SKU-1203,11/15/2025,26,1,0
R02,SKU-1203,2025-11-16,24,0,0
R02,SKU-1203,2025-11-17,23,0,0
R02,SKU-1203,2025-11-18,26,0,0
R02,SKU-1203,2025-11-19,18,1,1
R02,SKU-1203,2025-11-20,35,0,0
R02,SKU-1203,2025-11-21,27,0,0
R02,SKU-1203,2025-11-22,18,1,0
R02,SKU-1203,2025-11-23,16,0,0
R02,SKU-1203,11/24/2025,16,1,0
R02,SKU-1203,11/25/2025,22,1,0
R02,SKU-1203,2025-11-26,25,0,0
R02,SKU-1203,2025-11-27,26,0,0
R02,SKU-1203,11/28/2025,18,0,0
R02,SKU-1203,2025-11-29,18,0,1
R02,SKU-1203,2025-11-30,22,0,0
R02,SKU-1021,2025-11-01,26,2,0
R02,SKU-1021,2025-11-02,23,1,0
R02,SKU-1021,11/03/2025,28,0,0
R02,SKU-1021,2025-11-04,27,0,0
R02,SKU-1021,2025-11-05,21,0,0
R02,SKU-1021,2025-11-06,35,0,0
R02,SKU-1021,2025-11-07,28,0,0
R02,SKU-1021,2025-11-08,20,1,0
R02,SKU-1021,11/09/2025,26,0,0
R02,SKU-1021,2025-11-10,29,1,0
R02,SKU-1021,2025-11-11,30,0,0
R02,SKU-1021,11/12/2025,25,0,0
R02,SKU-1021,11/13/2025,21,2,0
R02,SKU-1021,2025-11-14,31,0,0
R02,SKU-1021,2025-11-15,38,0,0
R02,SKU-1021,2025-11-16,27,1,0
R02,SKU-1021,11/17/2025,17,0,0
R02,SKU-1021,18-Nov-25,19,1,0
R02,SKU-1021,2025-11-19,30,1,1
R02,SKU-1021,2025-11-20,25,0,0
R02,SKU-1021,2025-11-21,31,0,0
R02,SKU-1021,2025-11-22,31,0,0
R02,SKU-1021,2025-11-23,15,0,0
R02,SKU-1021,24-Nov-25,28,1,1
R02,SKU-1021,2025-11-25,30,1,0
R02,SKU-1021,2025-11-26,31,0,0
R02,SKU-1021,2025-11-27,32,0,1
R02,SKU-1021,2025-11-28,18,1,0
R02,SKU-1021,29-Nov-25,25,1,0
R02,SKU-1021,11/30/2025,26,0,0
R02,SKU-1189,2025-11-01,18,0,1
R02,SKU-1189,2025-11-02,17,0,0
R02,SKU-1189,2025-11-03,27,0,1
R02,SKU-1189,11/04/2025,11,2,0
R02,SKU-1189,11/05/2025,24,0,0
R02,SKU-1189,2025-11-06,16,1,0
R02,SKU-1189,2025-11-07,17,0,0
R02,SKU-1189,2025-11-08,28,1,1
R02,SKU-1189,2025-11-09,19,0,0
R02,SKU-1189,2025-11-10,16,0,0
R02,SKU-1189,11-Nov-25,26,0,0
R02,SKU-1189,2025-11-12,15,0,0
R02,SKU-1189,2025-11-13,21,1,0
R02,SKU-1189,11/14/2025,24,0,0
R02,SKU-1189,15-Nov-25,26,0,0
R02,SKU-1189,11/16/2025,25,1,0
R02,SKU-1189,17-Nov-25,14,0,0
R02,SKU-1189,2025-11-18,23,0,0
R02,SKU-1189,11/19/2025,21,0,0
R02,SKU-1189,20-Nov-25,24,0,0
R02,SKU-1189,21-Nov-25,22,0,0
R02,SKU-1189,22-Nov-25,18,0,0
R02,SKU-1189,11/23/2025,14,0,0
R02,SKU-1189,2025-11-24,23,0,0
R02,SKU-1189,2025-11-25,16,2,0
R02,SKU-1189,2025-11-26,27,1,0
R02,SKU-1189,2025-11-27,18,0,1
R02,SKU-1189,2025-11-28,31,0,0
R02,SKU-1189,2025-11-29,16,0,0
R02,SKU-1189,30-Nov-25,18,0,0
R02,SKU-1175,01-Nov-25,22,0,0
R02,SKU-1175,2025-11-02,24,0,0
R02,SKU-1175,2025-11-03,23,0,0
R02,SKU-1175,04-Nov-25,20,1,0
R02,SKU-1175,2025-11-05,18,0,0
R02,SKU-1175,2025-11-06,25,0,0
R02,SKU-1175,2025-11-07,21,0,0
R02,SKU-1175,2025-11-08,31,0,0
R02,SKU-1175,2025-11-09,21,0,0
R02,SKU-1175,11/10/2025,25,0,1
R02,SKU-1175,2025-11-11,31,3,0
R02,SKU-1175,12-Nov-25,18,0,0
R02,SKU-1175,11/13/2025,27,0,0
R02,SKU-1175,11/14/2025,26,0,0
R02,SKU-1175,11/15/2025,20,0,0
R02,SKU-1175,2025-11-16,22,0,0
R02,SKU-1175,17-Nov-25,32,0,0
R02,SKU-1175,11/18/2025,29,0,0
R02,SKU-1175,2025-11-19,19,1,1
R02,SKU-1175,20-Nov-25,19,0,0
R02,SKU-1175,2025-11-21,23,0,0
R02,SKU-1175,2025-11-22,26,0,0
R02,SKU-1175,2025-11-23,35,1,0
R02,SKU-1175,11/24/2025,17,0,0
R02,SKU-1175,2025-11-25,14,0,0
R02,SKU-1175,11/26/2025,26,0,0
R02,SKU-1175,27-Nov-25,24,0,0
R02,SKU-1175,2025-11-28,24,1,0
R02,SKU-1175,2025-11-29,24,1,0
R02,SKU-1175,11/30/2025,23,0,0
R02,SKU-1042,11/01/2025,30,0,1
R02,SKU-1042,2025-11-02,27,1,0
R02,SKU-1042,03-Nov-25,27,1,0
R02,SKU-1042,2025-11-04,25,0,0
R02,SKU-1042,05-Nov-25,25,2,0
R02,SKU-1042,11/06/2025,32,0,0
R02,SKU-1042,11/07/2025,29,0,0
R02,SKU-1042,08-Nov-25,30,0,0
R02,SKU-1042,2025-11-09,33,1,0
R02,SKU-1042,2025-11-10,22,0,0
R02,SKU-1042,2025-11-11,19,0,0
R02,SKU-1042,2025-11-12,16,1,0
R02,SKU-1042,2025-11-13,31,0,0
R02,SKU-1042,2025-11-14,22,0,0
R02,SKU-1042,11/15/2025,27,0,0
R02,SKU-1042,2025-11-16,23,0,0
R02,SKU-1042,2025-11-17,23,0,0
R02,SKU-1042,11/18/2025,16,1,0
R02,SKU-1042,11/19/2025,23,0,0
R02,SKU-1042,2025-11-20,28,0,0
R02,SKU-1042,2025-11-21,16,0,0
R02,SKU-1042,2025-11-22,16,0,0
R02,SKU-1042,11/23/2025,29,0,0
R02,SKU-1042,11/24/2025,28,1,0
R02,SKU-1042,11/25/2025,29,0,0
R02,SKU-1042,26-Nov-25,26,0,0
R02,SKU-1042,11/27/2025,23,2,0
R02,SKU-1042,2025-11-28,25,0,0
R02,SKU-1042,29-Nov-25,24,1,0
R02,SKU-1042,30-Nov-25,23,0,0
R02,SKU-1007,11/01/2025,13,0,1
R02,SKU-1007,2025-11-02,14,0,1
R02,SKU-1007,03-Nov-25,17,0,0
R02,SKU-1007,04-Nov-25,19,1,0
R02,SKU-1007,11/05/2025,19,0,0
R02,SKU-1007,2025-11-06,11,1,0
R02,SKU-1007,11/07/2025,18,0,0
R02,SKU-1007,2025-11-08,16,1,0
R02,SKU-1007,2025-11-09,14,0,0
R02,SKU-1007,10-Nov-25,17,0,0
R02,SKU-1007,11-Nov-25,16,0,0
R02,SKU-1007,2025-11-12,14,0,0
R02,SKU-1007,2025-11-13,10,0,0
R02,SKU-1007,11/14/2025,9,1,0
R02,SKU-1007,15-Nov-25,10,1,1
R02,SKU-1007,2025-11-16,15,0,1
R02,SKU-1007,17-Nov-25,14,0,0
R02,SKU-1007,11/18/2025,10,2,0
R02,SKU-1007,2025-11-19,5,0,0
R02,SKU-1007,2025-11-20,12,0,0
R02,SKU-1007,11/21/2025,7,1,0
R02,SKU-1007,11/22/2025,10,0,0
R02,SKU-1007,2025-11-23,7,0,0
R02,SKU-1007,24-Nov-25,12,0,0
R02,SKU-1007,2025-11-25,15,1,0
R02,SKU-1007,2025-11-26,12,0,0
R02,SKU-1007,2025-11-27,13,0,0
R02,SKU-1007,2025-11-28,19,0,0
R02,SKU-1007,2025-11-29,8,1,0
R02,SKU-1007,30-Nov-25,12,1,0
R02,SKU-1126,01-Nov-25,29,0,0
R02,SKU-1126,2025-11-02,32,0,0
R02,SKU-1126,11/03/2025,31,0,0
R02,SKU-1126,2025-11-04,32,0,0
R02,SKU-1126,2025-11-05,31,1,0
R02,SKU-1126,2025-11-06,28,0,0
R02,SKU-1126,07-Nov-25,31,0,0
R02,SKU-1126,2025-11-08,30,0,1
R02,SKU-1126,2025-11-09,30,0,0
R02,SKU-1126,2025-11-10,31,1,0
R02,SKU-1126,2025-11-11,28,0,0
R02,SKU-1126,2025-11-12,27,0,0
R02,SKU-1126,13-Nov-25,25,0,0
R02,SKU-1126,14-Nov-25,33,0,0
R02,SKU-1126,2025-11-15,35,0,0
R02,SKU-1126,2025-11-16,27,1,0
R02,SKU-1126,2025-11-17,33,3,0
R02,SKU-1126,2025-11-18,31,2,0
R02,SKU-1126,2025-11-19,25,0,0
R02,SKU-1126,20-Nov-25,35,3,0
R02,SKU-1126,11/21/2025,35,0,0
R02,SKU-1126,2025-11-22,28,1,0
R02,SKU-1126,2025-11-23,31,0,0
R02,SKU-1126,2025-11-24,34,2,0
R02,SKU-1126,2025-11-25,27,0,0
R02,SKU-1126,2025-11-26,33,0,0
R02,SKU-1126,2025-11-27,34,0,0
R02,SKU-1126,2025-11-28,30,0,0
R02,SKU-1126,11/29/2025,22,0,0
R02,SKU-1126,11/30/2025,28,0,0
R02,SKU-1273,11/01/2025,24,2,0
R02,SKU-1273,11/02/2025,19,0,0
R02,SKU-1273,2025-11-03,19,1,0
R02,SKU-1273,11/04/2025,21,1,0
R02,SKU-1273,2025-11-05,21,0,1
R02,SKU-1273,2025-11-06,27,0,0
R02,SKU-1273,2025-11-07,17,2,0
R02,SKU-1273,2025-11-08,20,0,1
R02,SKU-1273,2025-11-09,23,1,0
R02,SKU-1273,10-Nov-25,26,0,1
R02,SKU-1273,2025-11-11,18,0,0
R02,SKU-1273,2025-11-12,25,0,0
R02,SKU-1273,2025-11-13,28,0,0
R02,SKU-1273,2025-11-14,21,1,0
R02,SKU-1273,11/15/2025,21,0,0
R02,SKU-1273,16-Nov-25,22,1,1
R02,SKU-1273,2025-11-17,14,1,0
R02,SKU-1273,2025-11-18,27,0,0
R02,SKU-1273,2025-11-19,20,0,0
R02,SKU-1273,11/20/2025,20,0,1
R02,SKU-1273,21-Nov-25,11,0,0
R02,SKU-1273,11/22/2025,26,0,0
R02,SKU-1273,2025-11-23,23,0,0
R02,SKU-1273,2025-11-24,20,1,0
R02,SKU-1273,2025-11-25,27,0,0
R02,SKU-1273,11/26/2025,13,2,1
R02,SKU-1273,2025-11-27,23,1,0
R02,SKU-1273,2025-11-28,25,0,0
R02,SKU-1273,2025-11-29,22,0,0
R02,SKU-1273,2025-11-30,20,0,1
R02,SKU-1056,11/01/2025,15,0,0
R02,SKU-1056,2025-11-02,16,0,0
R02,SKU-1056,03-Nov-25,18,1,0
R02,SKU-1056,04-Nov-25,14,0,0
R02,SKU-1056,05-Nov-25,20,0,1
R02,SKU-1056,11/06/2025,17,0,0
R02,SKU-1056,2025-11-07,15,0,0
R02,SKU-1056,11/08/2025,14,0,0
R02,SKU-1056,09-Nov-25,9,0,0
R02,SKU-1056,2025-11-10,25,1,1
R02,SKU-1056,2025-11-11,24,1,0
R02,SKU-1056,12-Nov-25,19,0,0
R02,SKU-1056,2025-11-13,18,0,0
R02,SKU-1056,11/14/2025,22,0,0
R02,SKU-1056,15-Nov-25,18,0,0
R02,SKU-1056,2025-11-16,19,0,0
R02,SKU-1056,2025-11-17,17,0,1
R02,SKU-1056,2025-11-18,15,0,0
R02,SKU-1056,2025-11-19,17,1,0
R02,SKU-1056,2025-11-20,16,1,0
R02,SKU-1056,2025-11-21,18,2,0
R02,SKU-1056,2025-11-22,15,0,0
R02,SKU-1056,11/23/2025,24,0,0
R02,SKU-1056,11/24/2025,12,1,0
R02,SKU-1056,2025-11-25,17,0,0
R02,SKU-1056,2025-11-26,14,0,0
R02,SKU-1056,2025-11-27,13,0,0
R02,SKU-1056,28-Nov-25,21,0,0
R02,SKU-1056,2025-11-29,15,0,0
R02,SKU-1056,11/30/2025,17,1,0
R02,SKU-1280,2025-11-01,15,1,0
R02,SKU-1280,2025-11-02,14,0,0
R02,SKU-1280,11/03/2025,22,0,0
R02,SKU-1280,2025-11-04,25,0,0
R02,SKU-1280,2025-11-05,20,0,0
R02,SKU-1280,2025-11-06,16,0,0
R02,SKU-1280,11/07/2025,17,0,0
R02,SKU-1280,11/08/2025,17,1,1
R02,SKU-1280,11/09/2025,20,0,1
R02,SKU-1280,2025-11-10,23,0,0
R02,SKU-1280,11/11/2025,18,1,0
R02,SKU-1280,2025-11-12,19,1,0
R02,SKU-1280,2025-11-13,26,0,0
R02,SKU-1280,14-Nov-25,21,0,0
R02,SKU-1280,2025-11-15,20,0,0
R02,SKU-1280,2025-11-16,24,2,0
R02,SKU-1280,11/17/2025,19,1,0
R02,SKU-1280,2025-11-18,17,0,0
R02,SKU-1280,19-Nov-25,18,1,0
R02,SKU-1280,20-Nov-25,18,0,0
R02,SKU-1280,2025-11-21,16,0,0
R02,SKU-1280,11/22/2025,19,0,0
R02,SKU-1280,2025-11-23,16,0,0
R02,SKU-1280,2025-11-24,15,0,0
R02,SKU-1280,2025-11-25,19,0,0
R02,SKU-1280,26-Nov-25,26,2,0
R02,SKU-1280,2025-11-27,15,1,0
R02,SKU-1280,11/28/2025,15,2,0
R02,SKU-1280,2025-11-29,19,1,1
R02,SKU-1280,2025-11-30,19,3,0
R02,SKU-1259,2025-11-01,27,0,0
R02,SKU-1259,2025-11-02,23,1,0
R02,SKU-1259,03-Nov-25,14,0,0
R02,SKU-1259,2025-11-04,24,1,0
R02,SKU-1259,2025-11-05,23,0,0
R02,SKU-1259,06-Nov-25,22,0,0
R02,SKU-1259,11/07/2025,31,1,0
R02,SKU-1259,2025-11-08,29,0,0
R02,SKU-1259,09-Nov-25,25,0,0
R02,SKU-1259,11/10/2025,27,0,1
R02,SKU-1259,2025-11-11,14,0,0
R02,SKU-1259,2025-11-12,26,0,0
R02,SKU-1259,2025-11-13,32,0,0
R02,SKU-1259,2025-11-14,25,0,0
R02,SKU-1259,2025-11-15,21,0,0
R02,SKU-1259,11/16/2025,25,0,0
R02,SKU-1259,2025-11-17,20,0,0
R02,SKU-1259,2025-11-18,26,0,0
R02,SKU-1259,11/19/2025,25,0,1
R02,SKU-1259,2025-11-20,19,1,1
R02,SKU-1259,11/21/2025,26,0,0
R02,SKU-1259,2025-11-22,28,2,0
R02,SKU-1259,2025-11-23,21,1,0
R02,SKU-1259,2025-11-24,27,0,0
R02,SKU-1259,2025-11-25,21,0,0
R02,SKU-1259,2025-11-26,26,1,0
R02,SKU-1259,2025-11-27,19,1,0
R02,SKU-1259,28-Nov-25,21,0,0
R02,SKU-1259,11/29/2025,18,2,0
R02,SKU-1259,2025-11-30,20,1,0
R03,SKU-1091,2025-11-01,13,0,0
R03,SKU-1091,11/02/2025,10,0,0
R03,SKU-1091,03-Nov-25,8,1,0
R03,SKU-1091,2025-11-04,12,0,1
R03,SKU-1091,2025-11-05,9,1,0
R03,SKU-1091,2025-11-06,12,0,1
R03,SKU-1091,2025-11-07,16,0,0
R03,SKU-1091,08-Nov-25,8,1,0
R03,SKU-1091,2025-11-09,8,0,0
R03,SKU-1091,2025-11-10,13,0,0
R03,SKU-1091,11/11/2025,15,1,0
R03,SKU-1091,2025-11-12,6,1,0
R03,SKU-1091,11/13/2025,6,1,0
R03,SKU-1091,2025-11-14,12,0,0
R03,SKU-1091,2025-11-15,9,0,0
R03,SKU-1091,11/16/2025,14,0,1
R03,SKU-1091,11/17/2025,14,0,0
R03,SKU-1091,18-Nov-25,21,0,0
R03,SKU-1091,2025-11-19,13,0,0
R03,SKU-1091,2025-11-20,11,0,0
R03,SKU-1091,11/21/2025,10,2,0
R03,SKU-1091,2025-11-22,13,0,0
R03,SKU-1091,23-Nov-25,9,0,0
R03,SKU-1091,24-Nov-25,13,0,0
R03,SKU-1091,11/25/2025,16,1,0
R03,SKU-1091,2025-11-26,14,1,0
R03,SKU-1091,2025-11-27,14,2,0
R03,SKU-1091,28-Nov-25,13,0,0
R03,SKU-1091,2025-11-29,10,1,0
R03,SKU-1091,11/30/2025,13,1,0
R03,SKU-1140,2025-11-01,24,0,0
R03,SKU-1140,02-Nov-25,26,0,0
R03,SKU-1140,11/03/2025,24,0,0
R03,SKU-1140,11/04/2025,23,1,0
R03,SKU-1140,05-Nov-25,33,0,0
R03,SKU-1140,2025-11-06,27,0,1
R03,SKU-1140,07-Nov-25,36,1,0
R03,SKU-1140,2025-11-08,26,0,0
R03,SKU-1140,11/09/2025,26,1,0
R03,SKU-1140,2025-11-10,24,1,0
R03,SKU-1140,2025-11-11,41,0,1
R03,SKU-1140,11/12/2025,25,0,0
R03,SKU-1140,2025-11-13,27,1,0
R03,SKU-1140,2025-11-14,31,1,0
R03,SKU-1140,2025-11-15,35,4,0
R03,SKU-1140,11/16/2025,28,1,0
R03,SKU-1140,2025-11-17,28,0,0
R03,SKU-1140,2025-11-18,39,0,0
R03,SKU-1140,19-Nov-25,27,0,0
R03,SKU-1140,2025-11-20,17,1,0
R03,SKU-1140,2025-11-21,39,0,0
R03,SKU-1140,22-Nov-25,31,1,0
R03,SKU-1140,23-Nov-25,18,0,0
R03,SKU-1140,11/24/2025,21,0,0
R03,SKU-1140,11/25/2025,32,2,0
R03,SKU-1140,2025-11-26,33,0,0
R03,SKU-1140,2025-11-27,28,0,0
R03,SKU-1140,11/28/2025,19,1,0
R03,SKU-1140,2025-11-29,29,0,0
R03,SKU-1140,30-Nov-25,20,0,1
R03,SKU-1035,2025-11-01,31,1,0
R03,SKU-1035,11/02/2025,28,1,0
R03,SKU-1035,2025-11-03,20,0,0
R03,SKU-1035,04-Nov-25,21,0,0
R03,SKU-1035,2025-11-05,34,0,0
R03,SKU-1035,2025-11-06,31,0,0
R03,SKU-1035,2025-11-07,28,0,0
R03,SKU-1035,11/08/2025,29,0,0
R03,SKU-1035,2025-11-09,24,0,0
R03,SKU-1035,10-Nov-25,21,1,0
R03,SKU-1035,11/11/2025,25,1,0
R03,SKU-1035,2025-11-12,25,0,1
R03,SKU-1035,2025-11-13,29,0,1
R03,SKU-1035,14-Nov-25,31,0,0
R03,SKU-1035,2025-11-15,28,1,0
R03,SKU-1035,16-Nov-25,26,2,0
R03,SKU-1035,11/17/2025,31,0,0
R03,SKU-1035,2025-11-18,29,0,0
R03,SKU-1035,11/19/2025,23,0,0
R03,SKU-1035,2025-11-20,17,1,1
R03,SKU-1035,21-Nov-25,31,0,0
R03,SKU-1035,11/22/2025,30,0,0
R03,SKU-1035,2025-11-23,35,0,0
R03,SKU-1035,2025-11-24,34,1,0
R03,SKU-1035,2025-11-25,29,1,0
R03,SKU-1035,2025-11-26,29,0,0
R03,SKU-1035,2025-11-27,23,0,0
R03,SKU-1035,28-Nov-25,23,0,0
R03,SKU-1035,2025-11-29,31,0,0
R03,SKU-1035,30-Nov-25,30,0,1
R03,SKU-1098,2025-11-01,25,0,0
R03,SKU-1098,2025-11-02,35,0,0
R03,SKU-1098,2025-11-03,21,0,0
R03,SKU-1098,2025-11-04,33,0,1
R03,SKU-1098,11/05/2025,26,0,1
R03,SKU-1098,2025-11-06,28,1,0
R03,SKU-1098,2025-11-07,25,1,0
R03,SKU-1098,2025-11-08,24,0,0
R03,SKU-1098,09-Nov-25,19,0,0
R03,SKU-1098,2025-11-10,27,1,0
R03,SKU-1098,2025-11-11,29,1,0
R03,SKU-1098,2025-11-12,31,3,0
R03,SKU-1098,11/13/2025,33,0,1
R03,SKU-1098,2025-11-14,33,0,0
R03,SKU-1098,2025-11-15,20,1,0
R03,SKU-1098,2025-11-16,35,1,0
R03,SKU-1098,11/17/2025,34,0,0
R03,SKU-1098,11/18/2025,36,0,0
R03,SKU-1098,2025-11-19,33,1,0
R03,SKU-1098,2025-11-20,19,0,0
R03,SKU-1098,2025-11-21,27,0,0
R03,SKU-1098,2025-11-22,27,0,0
R03,SKU-1098,23-Nov-25,32,2,0
R03,SKU-1098,2025-11-24,28,0,0
R03,SKU-1098,11/25/2025,24,0,0
R03,SKU-1098,2025-11-26,26,1,0
R03,SKU-1098,2025-11-27,24,0,1
R03,SKU-1098,2025-11-28,24,1,1
R03,SKU-1098,11/29/2025,22,0,1
R03,SKU-1098,2025-11-30,31,1,0
R03,SKU-1049,11/01/2025,11,1,0
R03,SKU-1049,2025-11-02,12,0,0
R03,SKU-1049,2025-11-03,7,1,1
R03,SKU-1049,11/04/2025,9,0,0
R03,SKU-1049,11/05/2025,13,0,0
R03,SKU-1049,2025-11-06,11,1,0
R03,SKU-1049,07-Nov-25,15,3,0
R03,SKU-1049,2025-11-08,14,0,0
R03,SKU-1049,11/09/2025,9,0,0
R03,SKU-1049,2025-11-10,7,0,0
R03,SKU-1049,11/11/2025,14,1,0
R03,SKU-1049,12-Nov-25,13,1,0
R03,SKU-1049,11/13/2025,17,0,0
R03,SKU-1049,11/14/2025,11,1,0
R03,SKU-1049,2025-11-15,15,1,0
R03,SKU-1049,2025-11-16,13,0,0
R03,SKU-1049,2025-11-17,10,0,0
R03,SKU-1049,2025-11-18,12,0,0
R03,SKU-1049,2025-11-19,11,1,0
R03,SKU-1049,2025-11-20,10,0,0
R03,SKU-1049,2025-11-21,15,1,0
R03,SKU-1049,11/22/2025,10,0,0
R03,SKU-1049,2025-11-23,14,0,0
R03,SKU-1049,2025-11-24,13,0,0
R03,SKU-1049,25-Nov-25,12,1,1
R03,SKU-1049,2025-11-26,17,0,0
R03,SKU-1049,27-Nov-25,13,0,0
R03,SKU-1049,2025-11-28,10,0,0
R03,SKU-1049,2025-11-29,16,0,0
R03,SKU-1049,2025-11-30,19,0,0
R03,SKU-1161,2025-11-01,36,0,0
R03,SKU-1161,2025-11-02,28,0,0
R03,SKU-1161,11/03/2025,29,0,0
R03,SKU-1161,2025-11-04,37,0,0
R03,SKU-1161,11/05/2025,33,0,1
R03,SKU-1161,2025-11-06,36,0,0
R03,SKU-1161,2025-11-07,32,0,0
R03,SKU-1161,2025-11-08,31,1,1
R03,SKU-1161,2025-11-09,27,1,0
R03,SKU-1161,2025-11-10,31,0,0
R03,SKU-1161,2025-11-11,23,0,0
R03,SKU-1161,2025-11-12,30,1,0
R03,SKU-1161,2025-11-13,32,2,0
R03,SKU-1161,2025-11-14,34,0,1
R03,SKU-1161,15-Nov-25,37,0,1
R03,SKU-1161,2025-11-16,31,0,0
R03,SKU-1161,17-Nov-25,29,1,1
R03,SKU-1161,2025-11-18,31,0,0
R03,SKU-1161,2025-11-19,41,0,0
R03,SKU-1161,2025-11-20,30,0,0
R03,SKU-1161,2025-11-21,27,1,0
R03,SKU-1161,2025-11-22,26,0,0
R03,SKU-1161,2025-11-23,21,0,0
R03,SKU-1161,2025-11-24,32,1,0
R03,SKU-1161,25-Nov-25,35,0,0
R03,SKU-1161,2025-11-26,30,0,1
R03,SKU-1161,11/27/2025,36,1,0
R03,SKU-1161,11/28/2025,38,0,0
R03,SKU-1161,11/29/2025,30,1,0
R03,SKU-1161,2025-11-30,26,0,0
R03,SKU-1063,2025-11-01,9,0,1
R03,SKU-1063,2025-11-02,8,0,0
R03,SKU-1063,11/03/2025,8,0,0
R03,SKU-1063,11/04/2025,8,1,0
R03,SKU-1063,11/05/2025,7,0,0
R03,SKU-1063,2025-11-06,6,0,0
R03,SKU-1063,2025-11-07,4,0,0
R03,SKU-1063,08-Nov-25,5,2,0
R03,SKU-1063,11/09/2025,9,0,0
R03,SKU-1063,10-Nov-25,12,0,0
R03,SKU-1063,2025-11-11,5,0,0
R03,SKU-1063,2025-11-12,8,3,0
R03,SKU-1063,13-Nov-25,9,0,0
R03,SKU-1063,2025-11-14,9,0,0
R03,SKU-1063,2025-11-15,9,0,1
R03,SKU-1063,16-Nov-25,10,1,0
R03,SKU-1063,2025-11-17,10,0,0
R03,SKU-1063,2025-11-18,9,0,0
R03,SKU-1063,2025-11-19,8,0,0
R03,SKU-1063,2025-11-20,7,1,1
R03,SKU-1063,2025-11-21,9,0,0
R03,SKU-1063,11/22/2025,6,0,0
R03,SKU-1063,2025-11-23,5,0,0
R03,SKU-1063,11/24/2025,5,1,0
R03,SKU-1063,11/25/2025,7,0,0
R03,SKU-1063,2025-11-26,6,0,1
R03,SKU-1063,2025-11-27,2,0,0
R03,SKU-1063,11/28/2025,7,0,1
R03,SKU-1063,2025-11-29,9,2,0
R03,SKU-1063,11/30/2025,4,0,0
R03,SKU-1224,2025-11-01,22,0,0
R03,SKU-1224,11/02/2025,24,0,0
R03,SKU-1224,2025-11-03,16,0,0
R03,SKU-1224,2025-11-04,20,0,0
R03,SKU-1224,2025-11-05,15,0,0
R03,SKU-1224,11/06/2025,15,0,0
R03,SKU-1224,11/07/2025,16,1,0
R03,SKU-1224,2025-11-08,11,0,0
R03,SKU-1224,09-Nov-25,19,0,0
R03,SKU-1224,2025-11-10,18,1,0
R03,SKU-1224,2025-11-11,20,0,0
R03,SKU-1224,2025-11-12,15,1,0
R03,SKU-1224,13-Nov-25,13,1,0
R03,SKU-1224,11/14/2025,11,0,0
R03,SKU-1224,11/15/2025,15,1,0
R03,SKU-1224,16-Nov-25,13,0,0
R03,SKU-1224,2025-11-17,21,0,0
R03,SKU-1224,2025-11-18,14,1,1
R03,SKU-1224,19-Nov-25,13,0,0
R03,SKU-1224,2025-11-20,13,1,0
R03,SKU-1224,2025-11-21,17,0,0
R03,SKU-1224,2025-11-22,18,2,0
R03,SKU-1224,2025-11-23,15,0,0
R03,SKU-1224,11/24/2025,18,0,0
R03,SKU-1224,2025-11-25,13,0,0
R03,SKU-1224,2025-11-26,15,0,0
R03,SKU-1224,2025-11-27,19,2,0
R03,SKU-1224,11/28/2025,7,1,0
R03,SKU-1224,2025-11-29,14,1,0
R03,SKU-1224,2025-11-30,16,0,0
R03,SKU-1084,01-Nov-25,7,0,1
R03,SKU-1084,2025-11-02,11,0,0
R03,SKU-1084,03-Nov-25,11,0,1
R03,SKU-1084,2025-11-04,8,1,0
R03,SKU-1084,2025-11-05,11,0,0
R03,SKU-1084,2025-11-06,9,0,1
R03,SKU-1084,2025-11-07,7,1,1
R03,SKU-1084,2025-11-08,6,0,1
R03,SKU-1084,2025-11-09,6,0,1
R03,SKU-1084,2025-11-10,11,0,0
R03,SKU-1084,2025-11-11,9,0,0
R03,SKU-1084,11/12/2025,7,1,0
R03,SKU-1084,2025-11-13,11,1,0
R03,SKU-1084,2025-11-14,9,0,0
R03,SKU-1084,11/15/2025,14,1,0
R03,SKU-1084,11/16/2025,12,0,0
R03,SKU-1084,2025-11-17,10,0,0
R03,SKU-1084,2025-11-18,7,0,0
R03,SKU-1084,11/19/2025,8,0,0
R03,SKU-1084,20-Nov-25,4,0,0
R03,SKU-1084,2025-11-21,11,0,0
R03,SKU-1084,11/22/2025,6,1,0
R03,SKU-1084,2025-11-23,19,0,0
R03,SKU-1084,2025-11-24,20,0,0
R03,SKU-1084,2025-11-25,11,0,0
R03,SKU-1084,2025-11-26,13,2,1
R03,SKU-1084,2025-11-27,11,1,1
R03,SKU-1084,2025-11-28,14,0,0
R03,SKU-1084,29-Nov-25,10,2,0
R03,SKU-1084,11/30/2025,11,1,0
R03,SKU-1126,2025-11-01,27,1,0
R03,SKU-1126,2025-11-02,34,0,1
R03,SKU-1126,03-Nov-25,24,0,0
R03,SKU-1126,2025-11-04,26,0,0
R03,SKU-1126,2025-11-05,31,0,0
R03,SKU-1126,2025-11-06,25,2,0
R03,SKU-1126,2025-11-07,24,1,0
R03,SKU-1126,08-Nov-25,25,0,0
R03,SKU-1126,11/09/2025,35,0,0
R03,SKU-1126,10-Nov-25,24,0,0
R03,SKU-1126,2025-11-11,26,1,0
R03,SKU-1126,2025-11-12,30,0,0
R03,SKU-1126,2025-11-13,33,1,0
R03,SKU-1126,2025-11-14,23,0,0
R03,SKU-1126,11/15/2025,25,0,0
R03,SKU-1126,16-Nov-25,34,0,0
R03,SKU-1126,2025-11-17,29,1,1
R03,SKU-1126,2025-11-18,30,0,1
R03,SKU-1126,2025-11-19,24,0,0
R03,SKU-1126,2025-11-20,32,1,0
R03,SKU-1126,11/21/2025,28,2,0
R03,SKU-1126,22-Nov-25,23,0,0
R03,SKU-1126,11/23/2025,18,0,0
R03,SKU-1126,11/24/2025,39,0,0
R03,SKU-1126,11/25/2025,26,0,0
R03,SKU-1126,11/26/2025,35,0,0
R03,SKU-1126,2025-11-27,30,0,0
R03,SKU-1126,11/28/2025,28,0,0
R03,SKU-1126,2025-11-29,22,1,0
R03,SKU-1126,30-Nov-25,36,1,0
R03,SKU-1007,11/01/2025,0,2,0
R03,SKU-1007,2025-11-02,2,0,0
R03,SKU-1007,11/03/2025,8,1,0
R03,SKU-1007,11/04/2025,5,1,0
R03,SKU-1007,2025-11-05,4,0,1
R03,SKU-1007,2025-11-06,3,2,0
R03,SKU-1007,2025-11-07,2,0,0
R03,SKU-1007,11/08/2025,7,0,0
R03,SKU-1007,09-Nov-25,5,0,0
R03,SKU-1007,2025-11-10,6,2,0
R03,SKU-1007,2025-11-11,4,1,0
R03,SKU-1007,2025-11-12,8,1,0
R03,SKU-1007,2025-11-13,4,1,0
R03,SKU-1007,2025-11-14,7,0,0
R03,SKU-1007,2025-11-15,5,0,0
R03,SKU-1007,2025-11-16,3,0,0
R03,SKU-1007,2025-11-17,6,0,0
R03,SKU-1007,2025-11-18,5,1,0
R03,SKU-1007,19-Nov-25,5,1,0
R03,SKU-1007,2025-11-20,9,1,0
R03,SKU-1007,21-Nov-25,0,0,1
R03,SKU-1007,22-Nov-25,2,0,0
R03,SKU-1007,11/23/2025,4,1,0
R03,SKU-1007,24-Nov-25,5,0,0
R03,SKU-1007,2025-11-25,5,2,0
R03,SKU-1007,11/26/2025,1,1,0
R03,SKU-1007,2025-11-27,5,5,0
R03,SKU-1007,2025-11-28,5,0,0
R03,SKU-1007,11/29/2025,3,0,0
R03,SKU-1007,11/30/2025,8,0,0
R03,SKU-1021,11/01/2025,33,0,0
R03,SKU-1021,2025-11-02,31,0,1
R03,SKU-1021,2025-11-03,32,0,0
R03,SKU-1021,2025-11-04,44,1,0
R03,SKU-1021,2025-11-05,30,0,0
R03,SKU-1021,2025-11-06,30,1,0
R03,SKU-1021,11/07/2025,27,1,0
R03,SKU-1021,2025-11-08,32,0,0
R03,SKU-1021,09-Nov-25,38,0,1
R03,SKU-1021,2025-11-10,37,0,1
R03,SKU-1021,2025-11-11,25,0,0
R03,SKU-1021,2025-11-12,22,0,0
R03,SKU-1021,13-Nov-25,18,0,0
R03,SKU-1021,11/14/2025,23,0,0
R03,SKU-1021,15-Nov-25,46,0,0
R03,SKU-1021,2025-11-16,27,3,0
R03,SKU-1021,2025-11-17,38,0,0
R03,SKU-1021,2025-11-18,26,0,0
R03,SKU-1021,2025-11-19,22,0,0
R03,SKU-1021,2025-11-20,27,0,0
R03,SKU-1021,2025-11-21,27,0,0
R03,SKU-1021,11/22/2025,32,1,0
R03,SKU-1021,2025-11-23,32,1,0
R03,SKU-1021,2025-11-24,36,1,1
R03,SKU-1021,11/25/2025,29,0,0
R03,SKU-1021,11/26/2025,26,1,0
R03,SKU-1021,2025-11-27,19,1,0
R03,SKU-1021,11/28/2025,36,0,0
R03,SKU-1021,2025-11-29,39,0,0
R03,SKU-1021,30-Nov-25,35,0,0
R03,SKU-1119,2025-11-01,38,1,0
R03,SKU-1119,2025-11-02,21,0,0
R03,SKU-1119,2025-11-03,37,0,0
R03,SKU-1119,2025-11-04,31,0,0
R03,SKU-1119,2025-11-05,27,1,0
R03,SKU-1119,2025-11-06,40,0,0
R03,SKU-1119,2025-11-07,33,1,0
R03,SKU-1119,2025-11-08,30,1,0
R03,SKU-1119,2025-11-09,33,1,0
R03,SKU-1119,2025-11-10,26,0,0
R03,SKU-1119,2025-11-11,34,1,0
R03,SKU-1119,2025-11-12,39,1,0
R03,SKU-1119,11/13/2025,34,0,1
R03,SKU-1119,2025-11-14,39,1,0
R03,SKU-1119,2025-11-15,32,0,1
R03,SKU-1119,2025-11-16,32,2,0
R03,SKU-1119,11/17/2025,37,0,0
R03,SKU-1119,18-Nov-25,35,0,0
R03,SKU-1119,2025-11-19,30,0,0
R03,SKU-1119,2025-11-20,44,0,0
R03,SKU-1119,11/21/2025,26,0,0
R03,SKU-1119,2025-11-22,27,0,1
R03,SKU-1119,2025-11-23,33,2,0
R03,SKU-1119,2025-11-24,38,0,0
R03,SKU-1119,2025-11-25,30,2,0
R03,SKU-1119,2025-11-26,27,0,0
R03,SKU-1119,2025-11-27,35,0,0
R03,SKU-1119,11/28/2025,33,0,0
R03,SKU-1119,2025-11-29,43,1,0
R03,SKU-1119,2025-11-30,33,0,0
R03,SKU-1070,11/01/2025,13,0,0
R03,SKU-1070,2025-11-02,15,0,0
R03,SKU-1070,11/03/2025,16,0,0
R03,SKU-1070,04-Nov-25,20,0,0
R03,SKU-1070,05-Nov-25,20,0,0
R03,SKU-1070,2025-11-06,18,0,0
R03,SKU-1070,2025-11-07,14,2,0
R03,SKU-1070,2025-11-08,17,0,0
R03,SKU-1070,2025-11-09,22,0,1
R03,SKU-1070,11/10/2025,23,0,0
R03,SKU-1070,2025-11-11,14,1,0
R03,SKU-1070,2025-11-12,12,0,0
R03,SKU-1070,11/13/2025,18,0,0
R03,SKU-1070,2025-11-14,20,2,0
R03,SKU-1070,11/15/2025,12,0,1
R03,SKU-1070,11/16/2025,15,2,0
R03,SKU-1070,2025-11-17,20,0,0
R03,SKU-1070,2025-11-18,16,0,0
R03,SKU-1070,2025-11-19,19,0,0
R03,SKU-1070,2025-11-20,10,1,0
R03,SKU-1070,11/21/2025,11,0,0
R03,SKU-1070,2025-11-22,21,0,0
R03,SKU-1070,2025-11-23,19,1,0
R03,SKU-1070,2025-11-24,24,0,0
R03,SKU-1070,2025-11-25,15,0,0
R03,SKU-1070,2025-11-26,10,0,0
R03,SKU-1070,2025-11-27,16,1,1
R03,SKU-1070,11/28/2025,16,0,0
R03,SKU-1070,2025-11-29,19,0,0
R03,SKU-1070,2025-11-30,21,0,0
R03,SKU-1252,2025-11-01,33,0,0
R03,SKU-1252,2025-11-02,28,0,0
R03,SKU-1252,03-Nov-25,24,0,0
R03,SKU-1252,2025-11-04,27,1,0
R03,SKU-1252,2025-11-05,24,0,0
R03,SKU-1252,11/06/2025,24,0,1
R03,SKU-1252,2025-11-07,34,0,0
R03,SKU-1252,08-Nov-25,21,0,0
R03,SKU-1252,2025-11-09,26,0,1
R03,SKU-1252,2025-11-10,26,1,0
R03,SKU-1252,11/11/2025,26,1,1
R03,SKU-1252,2025-11-12,29,0,0
R03,SKU-1252,11/13/2025,30,0,1
R03,SKU-1252,2025-11-14,31,0,0
R03,SKU-1252,2025-11-15,21,1,0
R03,SKU-1252,2025-11-16,22,0,0
R03,SKU-1252,17-Nov-25,26,0,0
R03,SKU-1252,2025-11-18,21,1,0
R03,SKU-1252,2025-11-19,28,0,0
R03,SKU-1252,11/20/2025,24,0,1
R03,SKU-1252,2025-11-21,32,0,0
R03,SKU-1252,2025-11-22,21,0,1
R03,SKU-1252,11/23/2025,33,1,1
R03,SKU-1252,2025-11-24,20,1,0
R03,SKU-1252,2025-11-25,28,0,0
R03,SKU-1252,11/26/2025,24,0,0
R03,SKU-1252,2025-11-27,29,0,0
R03,SKU-1252,2025-11-28,25,0,0
R03,SKU-1252,2025-11-29,25,0,0
R03,SKU-1252,2025-11-30,20,1,0
R03,SKU-1112,2025-11-01,16,0,0
R03,SKU-1112,2025-11-02,25,1,0
R03,SKU-1112,2025-11-03,34,0,0
R03,SKU-1112,2025-11-04,27,2,0
R03,SKU-1112,2025-11-05,25,1,0
R03,SKU-1112,2025-11-06,33,0,0
R03,SKU-1112,11/07/2025,28,0,0
R03,SKU-1112,2025-11-08,21,0,1
R03,SKU-1112,11/09/2025,29,1,0
R03,SKU-1112,11/10/2025,35,0,0
R03,SKU-1112,2025-11-11,31,0,0
R03,SKU-1112,2025-11-12,18,1,0
R03,SKU-1112,2025-11-13,27,1,1
R03,SKU-1112,2025-11-14,27,1,0
R03,SKU-1112,11/15/2025,20,0,0
R03,SKU-1112,16-Nov-25,26,0,0
R03,SKU-1112,2025-11-17,28,0,0
R03,SKU-1112,2025-11-18,36,0,0
R03,SKU-1112,11/19/2025,31,1,1
R03,SKU-1112,11/20/2025,32,0,1
R03,SKU-1112,21-Nov-25,22,0,1
R03,SKU-1112,2025-11-22,34,0,0
R03,SKU-1112,2025-11-23,25,0,0
R03,SKU-1112,2025-11-24,34,0,0
R03,SKU-1112,11/25/2025,21,0,0
R03,SKU-1112,26-Nov-25,21,0,0
R03,SKU-1112,2025-11-27,30,1,0
R03,SKU-1112,2025-11-28,22,0,1
R03,SKU-1112,2025-11-29,26,0,0
R03,SKU-1112,2025-11-30,32,0,0
R03,SKU-1175,2025-11-01,23,1,0
R03,SKU-1175,02-Nov-25,21,0,0
R03,SKU-1175,03-Nov-25,22,0,0
R03,SKU-1175,2025-11-04,19,0,0
R03,SKU-1175,2025-11-05,30,0,1
R03,SKU-1175,2025-11-06,21,0,0
R03,SKU-1175,2025-11-07,9,1,0
R03,SKU-1175,2025-11-08,17,1,0
R03,SKU-1175,11/09/2025,18,0,0
R03,SKU-1175,2025-11-10,18,0,0
R03,SKU-1175,2025-11-11,18,0,0
R03,SKU-1175,11/12/2025,13,0,0
R03,SKU-1175,11/13/2025,15,1,1
R03,SKU-1175,11/14/2025,15,0,1
R03,SKU-1175,15-Nov-25,24,1,0
R03,SKU-1175,2025-11-16,18,2,0
R03,SKU-1175,11/17/2025,31,1,0
R03,SKU-1175,2025-11-18,22,0,0
R03,SKU-1175,2025-11-19,20,0,0
R03,SKU-1175,11/20/2025,19,1,0
R03,SKU-1175,21-Nov-25,18,0,1
R03,SKU-1175,11/22/2025,19,3,0
R03,SKU-1175,11/23/2025,19,1,1
R03,SKU-1175,2025-11-24,18,1,0
R03,SKU-1175,11/25/2025,17,0,0
R03,SKU-1175,26-Nov-25,19,0,0
R03,SKU-1175,11/27/2025,28,0,0
R03,SKU-1175,28-Nov-25,14,1,0
R03,SKU-1175,2025-11-29,19,1,0
R03,SKU-1175,2025-11-30,20,0,0
R03,SKU-1259,2025-11-01,32,0,0
R03,SKU-1259,2025-11-02,30,0,0
R03,SKU-1259,2025-11-03,34,0,0
R03,SKU-1259,2025-11-04,22,0,0
R03,SKU-1259,05-Nov-25,30,0,0
R03,SKU-1259,2025-11-06,36,0,0
R03,SKU-1259,2025-11-07,29,1,1
R03,SKU-1259,2025-11-08,29,0,0
R03,SKU-1259,2025-11-09,26,0,0
R03,SKU-1259,10-Nov-25,29,0,0
R03,SKU-1259,2025-11-11,26,1,0
R03,SKU-1259,11/12/2025,33,0,0
R03,SKU-1259,2025-11-13,26,1,1
R03,SKU-1259,2025-11-14,33,1,0
R03,SKU-1259,2025-11-15,29,0,0
R03,SKU-1259,16-Nov-25,41,1,0
R03,SKU-1259,17-Nov-25,28,0,0
R03,SKU-1259,2025-11-18,28,2,0
R03,SKU-1259,11/19/2025,31,0,0
R03,SKU-1259,2025-11-20,15,0,0
R03,SKU-1259,21-Nov-25,31,0,0
R03,SKU-1259,2025-11-22,31,0,0
R03,SKU-1259,2025-11-23,27,2,0
R03,SKU-1259,11/24/2025,30,1,0
R03,SKU-1259,2025-11-25,33,0,0
R03,SKU-1259,11/26/2025,23,0,0
R03,SKU-1259,2025-11-27,30,1,0
R03,SKU-1259,2025-11-28,34,1,0
R03,SKU-1259,29-Nov-25,30,0,0
R03,SKU-1259,2025-11-30,35,0,0
R03,SKU-1182,2025-11-01,5,2,0
R03,SKU-1182,11/02/2025,3,0,0
R03,SKU-1182,11/03/2025,5,0,1
R03,SKU-1182,2025-11-04,3,0,0
R03,SKU-1182,2025-11-05,5,1,0
R03,SKU-1182,2025-11-06,3,1,0
R03,SKU-1182,07-Nov-25,0,1,0
R03,SKU-1182,11/08/2025,5,1,1
R03,SKU-1182,09-Nov-25,6,1,0
R03,SKU-1182,2025-11-10,2,0,1
R03,SKU-1182,2025-11-11,4,0,0
R03,SKU-1182,2025-11-12,4,0,0
R03,SKU-1182,13-Nov-25,2,0,0
R03,SKU-1182,11/14/2025,4,0,0
R03,SKU-1182,2025-11-15,4,0,0
R03,SKU-1182,11/16/2025,6,1,0
R03,SKU-1182,2025-11-17,8,0,1
R03,SKU-1182,2025-11-18,6,0,0
R03,SKU-1182,2025-11-19,3,0,0
R03,SKU-1182,2025-11-20,6,0,0
R03,SKU-1182,2025-11-21,3,0,0
R03,SKU-1182,22-Nov-25,3,0,0
R03,SKU-1182,23-Nov-25,3,1,0
R03,SKU-1182,2025-11-24,7,1,0
R03,SKU-1182,2025-11-25,7,0,0
R03,SKU-1182,2025-11-26,7,0,0
R03,SKU-1182,2025-11-27,6,1,0
R03,SKU-1182,2025-11-28,2,1,0
R03,SKU-1182,2025-11-29,6,2,0
R03,SKU-1182,2025-11-30,4,1,0
R03,SKU-1266,2025-11-01,29,0,0
R03,SKU-1266,02-Nov-25,28,0,0
R03,SKU-1266,2025-11-03,31,0,0
R03,SKU-1266,2025-11-04,29,1,0
R03,SKU-1266,05-Nov-25,31,0,0
R03,SKU-1266,2025-11-06,34,0,0
R03,SKU-1266,2025-11-07,32,0,1
R03,SKU-1266,11/08/2025,26,0,0
R03,SKU-1266,2025-11-09,29,2,1
R03,SKU-1266,2025-11-10,31,0,0
R03,SKU-1266,11-Nov-25,24,0,0
R03,SKU-1266,2025-11-12,27,2,0
R03,SKU-1266,2025-11-13,36,0,0
R03,SKU-1266,14-Nov-25,20,0,0
R03,SKU-1266,2025-11-15,32,0,0
R03,SKU-1266,2025-11-16,34,0,0
R03,SKU-1266,2025-11-17,29,0,0
R03,SKU-1266,11/18/2025,23,1,0
R03,SKU-1266,19-Nov-25,32,1,0
R03,SKU-1266,2025-11-20,29,0,0
R03,SKU-1266,21-Nov-25,30,1,0
R03,SKU-1266,11/22/2025,36,0,0
R03,SKU-1266,2025-11-23,26,0,0
R03,SKU-1266,11/24/2025,34,0,0
R03,SKU-1266,25-Nov-25,37,0,1
R03,SKU-1266,2025-11-26,32,0,0
R03,SKU-1266,11/27/2025,27,1,0
R03,SKU-1266,2025-11-28,23,1,0
R03,SKU-1266,2025-11-29,21,0,0
R03,SKU-1266,30-Nov-25,34,0,1
R03,SKU-1077,11/01/2025,14,1,1
R03,SKU-1077,11/02/2025,17,2,1
R03,SKU-1077,2025-11-03,19,0,0
R03,SKU-1077,11/04/2025,14,1,0
R03,SKU-1077,2025-11-05,11,1,1
R03,SKU-1077,2025-11-06,21,0,0
R03,SKU-1077,2025-11-07,22,0,0
R03,SKU-1077,2025-11-08,20,0,1
R03,SKU-1077,2025-11-09,17,0,1
R03,SKU-1077,11/10/2025,24,0,0
R03,SKU-1077,11/11/2025,11,0,0
R03,SKU-1077,11/12/2025,17,0,0
R03,SKU-1077,2025-11-13,21,2,0
R03,SKU-1077,2025-11-14,18,0,0
R03,SKU-1077,11/15/2025,19,0,0
R03,SKU-1077,2025-11-16,20,1,0
R03,SKU-1077,2025-11-17,28,0,0
R03,SKU-1077,2025-11-18,19,0,0
R03,SKU-1077,19-Nov-25,17,0,0
R03,SKU-1077,20-Nov-25,14,0,0
R03,SKU-1077,11/21/2025,13,0,0
R03,SKU-1077,2025-11-22,14,0,0
R03,SKU-1077,2025-11-23,19,1,0
R03,SKU-1077,24-Nov-25,14,0,0
R03,SKU-1077,2025-11-25,18,1,0
R03,SKU-1077,2025-11-26,16,0,0
R03,SKU-1077,2025-11-27,13,0,0
R03,SKU-1077,28-Nov-25,16,0,0
R03,SKU-1077,11/29/2025,16,0,0
R03,SKU-1077,2025-11-30,9,0,0
R03,SKU-1280,01-Nov-25,46,1,1
R03,SKU-1280,2025-11-02,42,0,0
R03,SKU-1280,11/03/2025,21,1,0
R03,SKU-1280,2025-11-04,30,1,1
R03,SKU-1280,2025-11-05,19,1,0
R03,SKU-1280,2025-11-06,21,0,1
R03,SKU-1280,07-Nov-25,27,1,0
R03,SKU-1280,2025-11-08,28,2,0
R03,SKU-1280,2025-11-09,20,1,0
R03,SKU-1280,10-Nov-25,29,0,0
R03,SKU-1280,11/11/2025,29,0,0
R03,SKU-1280,2025-11-12,27,0,0
R03,SKU-1280,2025-11-13,24,1,0
R03,SKU-1280,2025-11-14,26,0,0
R03,SKU-1280,11/15/2025,25,0,0
R03,SKU-1280,16-Nov-25,18,0,0
R03,SKU-1280,11/17/2025,21,2,0
R03,SKU-1280,11/18/2025,19,0,0
R03,SKU-1280,19-Nov-25,28,0,0
R03,SKU-1280,2025-11-20,20,0,0
R03,SKU-1280,21-Nov-25,28,1,0
R03,SKU-1280,2025-11-22,27,0,0
R03,SKU-1280,2025-11-23,26,0,0
R03,SKU-1280,2025-11-24,32,0,0
R03,SKU-1280,11/25/2025,26,0,0
R03,SKU-1280,26-Nov-25,31,0,1
R03,SKU-1280,2025-11-27,29,1,0
R03,SKU-1280,2025-11-28,33,1,1
R03,SKU-1280,2025-11-29,28,0,0
R03,SKU-1280,2025-11-30,31,0,0
R03,SKU-1238,11/01/2025,26,0,0
R03,SKU-1238,2025-11-02,19,0,0
R03,SKU-1238,03-Nov-25,16,0,1
R03,SKU-1238,04-Nov-25,25,0,0
R03,SKU-1238,2025-11-05,31,1,0
R03,SKU-1238,06-Nov-25,16,1,0
R03,SKU-1238,2025-11-07,25,0,0
R03,SKU-1238,2025-11-08,15,0,0
R03,SKU-1238,2025-11-09,21,1,0
R03,SKU-1238,10-Nov-25,22,2,0
R03,SKU-1238,2025-11-11,18,0,1
R03,SKU-1238,12-Nov-25,38,0,0
R03,SKU-1238,2025-11-13,26,0,0
R03,SKU-1238,2025-11-14,29,1,0
R03,SKU-1238,2025-11-15,37,1,0
R03,SKU-1238,2025-11-16,35,1,0
R03,SKU-1238,2025-11-17,26,0,0
R03,SKU-1238,2025-11-18,25,0,0
R03,SKU-1238,11/19/2025,29,0,0
R03,SKU-1238,11/20/2025,18,1,0
R03,SKU-1238,2025-11-21,43,1,1
R03,SKU-1238,11/22/2025,26,1,1
R03,SKU-1238,2025-11-23,31,1,0
R03,SKU-1238,2025-11-24,26,0,0
R03,SKU-1238,11/25/2025,27,1,0
R03,SKU-1238,11/26/2025,28,0,0
R03,SKU-1238,11/27/2025,28,0,0
R03,SKU-1238,2025-11-28,30,0,0
R03,SKU-1238,2025-11-29,43,0,1
R03,SKU-1238,11/30/2025,24,0,0
R03,SKU-1217,2025-11-01,8,2,0
R03,SKU-1217,2025-11-02,12,1,0
R03,SKU-1217,2025-11-03,8,0,0
R03,SKU-1217,04-Nov-25,4,0,0
R03,SKU-1217,2025-11-05,12,1,0
R03,SKU-1217,2025-11-06,9,0,0
R03,SKU-1217,11/07/2025,14,2,0
R03,SKU-1217,2025-11-08,13,0,0
R03,SKU-1217,11/09/2025,12,1,1
R03,SKU-1217,10-Nov-25,18,1,0
R03,SKU-1217,11/11/2025,9,1,0
R03,SKU-1217,2025-11-12,9,0,0
R03,SKU-1217,2025-11-13,11,0,0
R03,SKU-1217,14-Nov-25,12,1,0
R03,SKU-1217,15-Nov-25,9,1,0
R03,SKU-1217,16-Nov-25,14,0,0
R03,SKU-1217,11/17/2025,7,0,0
R03,SKU-1217,2025-11-18,10,0,0
R03,SKU-1217,11/19/2025,15,0,0
R03,SKU-1217,11/20/2025,10,0,0
R03,SKU-1217,2025-11-21,11,0,0
R03,SKU-1217,2025-11-22,13,0,0
R03,SKU-1217,2025-11-23,6,0,0
R03,SKU-1217,24-Nov-25,9,0,0
R03,SKU-1217,2025-11-25,12,0,0
R03,SKU-1217,2025-11-26,19,0,0
R03,SKU-1217,2025-11-27,15,1,0
R03,SKU-1217,2025-11-28,10,0,0
R03,SKU-1217,2025-11-29,7,0,0
R03,SKU-1217,30-Nov-25,10,1,0
R04,SKU-1056,11/01/2025,6,1,0
R04,SKU-1056,02-Nov-25,4,0,0
R04,SKU-1056,2025-11-03,4,0,0
R04,SKU-1056,2025-11-04,5,0,0
R04,SKU-1056,11/05/2025,4,0,0
R04,SKU-1056,2025-11-06,2,0,0
R04,SKU-1056,11/07/2025,7,0,0
R04,SKU-1056,2025-11-08,8,0,1
R04,SKU-1056,11/09/2025,7,0,0
R04,SKU-1056,11/10/2025,1,0,0
R04,SKU-1056,11/11/2025,3,0,1
R04,SKU-1056,2025-11-12,2,1,0
R04,SKU-1056,13-Nov-25,5,0,0
R04,SKU-1056,2025-11-14,3,1,0
R04,SKU-1056,11/15/2025,3,1,0
R04,SKU-1056,2025-11-16,3,0,1
R04,SKU-1056,2025-11-17,2,1,0
R04,SKU-1056,11/18/2025,9,0,0
R04,SKU-1056,2025-11-19,2,0,1
R04,SKU-1056,11/20/2025,7,0,0
R04,SKU-1056,2025-11-21,4,0,1
R04,SKU-1056,2025-11-22,3,1,0
R04,SKU-1056,2025-11-23,7,0,1
R04,SKU-1056,11/24/2025,5,0,0
R04,SKU-1056,11/25/2025,5,0,0
R04,SKU-1056,2025-11-26,6,0,1
R04,SKU-1056,11/27/2025,2,0,0
R04,SKU-1056,11/28/2025,6,0,0
R04,SKU-1056,2025-11-29,1,0,0
R04,SKU-1056,2025-11-30,5,1,0
R04,SKU-1231,2025-11-01,23,0,0
R04,SKU-1231,2025-11-02,39,0,0
R04,SKU-1231,2025-11-03,24,0,0
R04,SKU-1231,2025-11-04,30,0,0
R04,SKU-1231,2025-11-05,34,0,0
R04,SKU-1231,11/06/2025,26,1,0
R04,SKU-1231,11/07/2025,34,0,0
R04,SKU-1231,2025-11-08,25,0,0
R04,SKU-1231,2025-11-09,26,0,0
R04,SKU-1231,2025-11-10,33,0,1
R04,SKU-1231,2025-11-11,30,0,0
R04,SKU-1231,2025-11-12,31,1,0
R04,SKU-1231,2025-11-13,42,0,0
R04,SKU-1231,2025-11-14,30,1,1
R04,SKU-1231,15-Nov-25,22,0,0
R04,SKU-1231,16-Nov-25,23,0,0
R04,SKU-1231,11/17/2025,24,0,0
R04,SKU-1231,11/18/2025,32,0,0
R04,SKU-1231,2025-11-19,37,0,0
R04,SKU-1231,2025-11-20,30,0,0
R04,SKU-1231,2025-11-21,18,0,0
R04,SKU-1231,2025-11-22,28,0,0
R04,SKU-1231,2025-11-23,19,0,0
R04,SKU-1231,2025-11-24,26,0,0
R04,SKU-1231,2025-11-25,22,0,0
R04,SKU-1231,26-Nov-25,26,1,1
R04,SKU-1231,2025-11-27,30,0,0
R04,SKU-1231,2025-11-28,39,0,0
R04,SKU-1231,2025-11-29,22,1,0
R04,SKU-1231,11/30/2025,26,1,0
R04,SKU-1077,01-Nov-25,19,0,0
R04,SKU-1077,11/02/2025,30,0,0
R04,SKU-1077,2025-11-03,17,1,1
R04,SKU-1077,2025-11-04,33,1,1
R04,SKU-1077,2025-11-05,34,2,0
R04,SKU-1077,2025-11-06,28,2,0
R04,SKU-1077,11/07/2025,21,0,0
R04,SKU-1077,2025-11-08,32,0,0
R04,SKU-1077,11/09/2025,23,1,0
R04,SKU-1077,2025-11-10,28,0,0
R04,SKU-1077,2025-11-11,26,0,0
R04,SKU-1077,12-Nov-25,30,2,0
R04,SKU-1077,2025-11-13,20,0,0
R04,SKU-1077,11/14/2025,29,0,0
R04,SKU-1077,2025-11-15,23,0,0
R04,SKU-1077,2025-11-16,29,1,0
R04,SKU-1077,17-Nov-25,23,1,0
R04,SKU-1077,11/18/2025,31,1,0
R04,SKU-1077,2025-11-19,24,1,1
R04,SKU-1077,20-Nov-25,18,1,0
R04,SKU-1077,2025-11-21,22,1,0
R04,SKU-1077,2025-11-22,25,0,1
R04,SKU-1077,2025-11-23,37,0,0
R04,SKU-1077,2025-11-24,36,1,0
R04,SKU-1077,2025-11-25,24,1,0
R04,SKU-1077,2025-11-26,25,1,0
R04,SKU-1077,2025-11-27,30,0,0
R04,SKU-1077,2025-11-28,30,0,0
R04,SKU-1077,11/29/2025,29,0,0
R04,SKU-1077,2025-11-30,29,0,0
R04,SKU-1021,2025-11-01,23,0,0
R04,SKU-1021,2025-11-02,18,0,0
R04,SKU-1021,11/03/2025,15,0,0
R04,SKU-1021,2025-11-04,24,0,0
R04,SKU-1021,2025-11-05,30,1,0
R04,SKU-1021,2025-11-06,19,0,0
R04,SKU-1021,11/07/2025,31,1,1
R04,SKU-1021,08-Nov-25,19,0,0
R04,SKU-1021,09-Nov-25,30,1,0
R04,SKU-1021,2025-11-10,23,1,0
R04,SKU-1021,2025-11-11,26,1,0
R04,SKU-1021,2025-11-12,29,1,0
R04,SKU-1021,2025-11-13,35,0,0
R04,SKU-1021,2025-11-14,25,0,0
R04,SKU-1021,2025-11-15,32,0,0
R04,SKU-1021,2025-11-16,32,0,0
R04,SKU-1021,11/17/2025,37,0,0
R04,SKU-1021,2025-11-18,23,3,0
R04,SKU-1021,2025-11-19,21,1,0
R04,SKU-1021,2025-11-20,34,0,0
R04,SKU-1021,21-Nov-25,33,0,0
R04,SKU-1021,2025-11-22,21,0,0
R04,SKU-1021,23-Nov-25,20,0,0
R04,SKU-1021,24-Nov-25,27,1,0
R04,SKU-1021,11/25/2025,30,0,0
R04,SKU-1021,26-Nov-25,23,0,0
R04,SKU-1021,2025-11-27,22,2,0
R04,SKU-1021,11/28/2025,28,0,0
R04,SKU-1021,2025-11-29,36,1,0
R04,SKU-1021,11/30/2025,32,0,0
R04,SKU-1028,11/01/2025,15,0,1
R04,SKU-1028,2025-11-02,11,0,0
R04,SKU-1028,2025-11-03,9,0,0
R04,SKU-1028,2025-11-04,12,0,0
R04,SKU-1028,2025-11-05,10,0,0
R04,SKU-1028,2025-11-06,14,0,0
R04,SKU-1028,2025-11-07,10,0,0
R04,SKU-1028,11/08/2025,12,0,1
R04,SKU-1028,09-Nov-25,11,0,0
R04,SKU-1028,11/10/2025,8,0,0
R04,SKU-1028,2025-11-11,16,1,0
R04,SKU-1028,12-Nov-25,15,0,1
R04,SKU-1028,13-Nov-25,6,0,0
R04,SKU-1028,2025-11-14,11,0,1
R04,SKU-1028,11/15/2025,6,1,1
R04,SKU-1028,11/16/2025,9,0,0
R04,SKU-1028,11/17/2025,7,0,0
R04,SKU-1028,2025-11-18,4,0,0
R04,SKU-1028,2025-11-19,9,0,0
R04,SKU-1028,2025-11-20,6,0,0
R04,SKU-1028,2025-11-21,10,1,0
R04,SKU-1028,2025-11-22,8,0,0
R04,SKU-1028,11/23/2025,12,0,0
R04,SKU-1028,2025-11-24,12,1,1
R04,SKU-1028,2025-11-25,10,0,0
R04,SKU-1028,2025-11-26,12,1,0
R04,SKU-1028,27-Nov-25,11,1,0
R04,SKU-1028,2025-11-28,9,1,0
R04,SKU-1028,2025-11-29,11,0,0
R04,SKU-1028,2025-11-30,13,0,1
R04,SKU-1035,2025-11-01,10,0,0
R04,SKU-1035,11/02/2025,12,2,0
R04,SKU-1035,11/03/2025,12,1,0
R04,SKU-1035,2025-11-04,5,0,0
R04,SKU-1035,2025-11-05,18,0,0
R04,SKU-1035,2025-11-06,15,1,0
R04,SKU-1035,11/07/2025,12,1,0
R04,SKU-1035,11/08/2025,11,0,0
R04,SKU-1035,2025-11-09,16,0,0
R04,SKU-1035,2025-11-10,6,0,0
R04,SKU-1035,11/11/2025,11,0,0
R04,SKU-1035,2025-11-12,18,1,0
R04,SKU-1035,2025-11-13,6,0,0
R04,SKU-1035,11/14/2025,13,0,0
R04,SKU-1035,2025-11-15,10,0,0
R04,SKU-1035,11/16/2025,16,0,0
R04,SKU-1035,17-Nov-25,9,0,0
R04,SKU-1035,2025-11-18,11,0,0
R04,SKU-1035,2025-11-19,12,0,0
R04,SKU-1035,2025-11-20,11,0,1
R04,SKU-1035,2025-11-21,10,0,0
R04,SKU-1035,11/22/2025,13,1,1
R04,SKU-1035,2025-11-23,12,0,1
R04,SKU-1035,11/24/2025,16,0,0
R04,SKU-1035,11/25/2025,11,0,0
R04,SKU-1035,2025-11-26,8,1,0
R04,SKU-1035,2025-11-27,6,1,0
R04,SKU-1035,11/28/2025,21,1,0
R04,SKU-1035,11/29/2025,12,0,0
R04,SKU-1035,11/30/2025,15,0,0
R04,SKU-1182,2025-11-01,32,0,0
R04,SKU-1182,11/02/2025,17,1,0
R04,SKU-1182,03-Nov-25,23,0,0
R04,SKU-1182,2025-11-04,17,0,0
R04,SKU-1182,2025-11-05,27,2,1
R04,SKU-1182,06-Nov-25,23,0,0
R04,SKU-1182,2025-11-07,23,1,0
R04,SKU-1182,2025-11-08,27,1,0
R04,SKU-1182,11/09/2025,16,0,1
R04,SKU-1182,2025-11-10,19,0,0
R04,SKU-1182,2025-11-11,19,0,0
R04,SKU-1182,12-Nov-25,22,0,0
R04,SKU-1182,11/13/2025,14,1,0
R04,SKU-1182,2025-11-14,17,0,0
R04,SKU-1182,11/15/2025,31,1,0
R04,SKU-1182,11/16/2025,24,1,0
R04,SKU-1182,2025-11-17,27,1,0
R04,SKU-1182,2025-11-18,16,2,0
R04,SKU-1182,11/19/2025,16,0,0
R04,SKU-1182,11/20/2025,18,0,0
R04,SKU-1182,11/21/2025,25,0,0
R04,SKU-1182,2025-11-22,22,0,0
R04,SKU-1182,2025-11-23,18,1,0
R04,SKU-1182,2025-11-24,16,0,0
R04,SKU-1182,2025-11-25,23,0,0
R04,SKU-1182,2025-11-26,15,0,0
R04,SKU-1182,2025-11-27,21,1,0
R04,SKU-1182,2025-11-28,23,0,0
R04,SKU-1182,2025-11-29,21,0,0
R04,SKU-1182,2025-11-30,23,2,0
R04,SKU-1238,2025-11-01,7,0,0
R04,SKU-1238,2025-11-02,5,0,1
R04,SKU-1238,2025-11-03,5,0,0
R04,SKU-1238,2025-11-04,3,0,0
R04,SKU-1238,2025-11-05,0,1,0
R04,SKU-1238,11/06/2025,7,0,0
R04,SKU-1238,2025-11-07,2,0,0
R04,SKU-1238,2025-11-08,5,0,1
R04,SKU-1238,2025-11-09,9,0,0
R04,SKU-1238,10-Nov-25,4,0,1
R04,SKU-1238,2025-11-11,2,0,0
R04,SKU-1238,2025-11-12,9,1,0
R04,SKU-1238,2025-11-13,4,0,0
R04,SKU-1238,11/14/2025,3,1,1
R04,SKU-1238,11/15/2025,5,0,0
R04,SKU-1238,2025-11-16,4,1,0
R04,SKU-1238,2025-11-17,9,0,0
R04,SKU-1238,11/18/2025,5,1,0
R04,SKU-1238,2025-11-19,4,0,0
R04,SKU-1238,2025-11-20,3,1,0
R04,SKU-1238,21-Nov-25,11,0,0
R04,SKU-1238,2025-11-22,4,0,0
R04,SKU-1238,2025-11-23,5,0,0
R04,SKU-1238,2025-11-24,5,0,0
R04,SKU-1238,2025-11-25,5,0,0
R04,SKU-1238,11/26/2025,7,0,0
R04,SKU-1238,11/27/2025,5,2,0
R04,SKU-1238,2025-11-28,8,1,0
R04,SKU-1238,2025-11-29,10,0,0
R04,SKU-1238,2025-11-30,9,0,0
R04,SKU-1280,01-Nov-25,25,0,0
R04,SKU-1280,2025-11-02,22,0,0
R04,SKU-1280,2025-11-03,35,0,0
R04,SKU-1280,04-Nov-25,16,1,0
R04,SKU-1280,11/05/2025,30,0,0
R04,SKU-1280,2025-11-06,31,0,0
R04,SKU-1280,11/07/2025,32,0,0
R04,SKU-1280,2025-11-08,30,2,0
R04,SKU-1280,11/09/2025,19,0,0
R04,SKU-1280,11/10/2025,29,0,0
R04,SKU-1280,2025-11-11,27,0,0
R04,SKU-1280,12-Nov-25,32,0,0
R04,SKU-1280,11/13/2025,27,1,0
R04,SKU-1280,11/14/2025,30,1,0
R04,SKU-1280,11/15/2025,33,0,0
R04,SKU-1280,2025-11-16,17,0,0
R04,SKU-1280,2025-11-17,25,0,0
R04,SKU-1280,2025-11-18,31,0,0
R04,SKU-1280,2025-11-19,29,0,1
R04,SKU-1280,11/20/2025,23,0,0
R04,SKU-1280,21-Nov-25,28,0,0
R04,SKU-1280,2025-11-22,31,0,0
R04,SKU-1280,11/23/2025,14,0,0
R04,SKU-1280,11/24/2025,31,0,0
R04,SKU-1280,11/25/2025,19,0,1
R04,SKU-1280,2025-11-26,30,0,0
R04,SKU-1280,2025-11-27,32,0,0
R04,SKU-1280,2025-11-28,23,1,0
R04,SKU-1280,2025-11-29,31,0,0
R04,SKU-1280,11/30/2025,41,1,1
R04,SKU-1273,01-Nov-25,7,0,0
R04,SKU-1273,2025-11-02,4,0,1
R04,SKU-1273,2025-11-03,4,1,0
R04,SKU-1273,2025-11-04,6,0,0
R04,SKU-1273,11/05/2025,8,1,0
R04,SKU-1273,2025-11-06,5,0,0
R04,SKU-1273,11/07/2025,5,0,0
R04,SKU-1273,11/08/2025,9,0,0
R04,SKU-1273,2025-11-09,7,1,0
R04,SKU-1273,11/10/2025,7,0,0
R04,SKU-1273,11/11/2025,15,1,0
R04,SKU-1273,12-Nov-25,6,0,1
R04,SKU-1273,2025-11-13,6,0,0
R04,SKU-1273,14-Nov-25,2,2,0
R04,SKU-1273,11/15/2025,10,0,0
R04,SKU-1273,2025-11-16,6,0,0
R04,SKU-1273,2025-11-17,5,2,0
R04,SKU-1273,18-Nov-25,8,1,0
R04,SKU-1273,2025-11-19,9,0,0
R04,SKU-1273,11/20/2025,7,1,1
R04,SKU-1273,2025-11-21,3,0,0
R04,SKU-1273,2025-11-22,7,0,0
R04,SKU-1273,11/23/2025,3,1,0
R04,SKU-1273,24-Nov-25,8,0,0
R04,SKU-1273,2025-11-25,4,1,0
R04,SKU-1273,2025-11-26,5,1,0
R04,SKU-1273,2025-11-27,7,0,0
R04,SKU-1273,2025-11-28,6,1,0
R04,SKU-1273,11/29/2025,3,0,0
R04,SKU-1273,2025-11-30,9,0,0
R04,SKU-1091,2025-11-01,9,0,1
R04,SKU-1091,02-Nov-25,7,0,0
R04,SKU-1091,03-Nov-25,8,2,0
R04,SKU-1091,11/04/2025,7,0,0
R04,SKU-1091,11/05/2025,8,1,0
R04,SKU-1091,06-Nov-25,8,0,0
R04,SKU-1091,2025-11-07,12,1,1
R04,SKU-1091,2025-11-08,7,1,0
R04,SKU-1091,11/09/2025,14,0,0
R04,SKU-1091,10-Nov-25,10,2,0
R04,SKU-1091,11-Nov-25,11,1,0
R04,SKU-1091,2025-11-12,8,0,0
R04,SKU-1091,2025-11-13,10,0,0
R04,SKU-1091,11/14/2025,11,0,0
R04,SKU-1091,2025-11-15,9,1,0
R04,SKU-1091,11/16/2025,5,0,0
R04,SKU-1091,2025-11-17,4,1,0
R04,SKU-1091,11/18/2025,13,0,0
R04,SKU-1091,19-Nov-25,12,0,0
R04,SKU-1091,20-Nov-25,6,0,0
R04,SKU-1091,2025-11-21,9,0,1
R04,SKU-1091,11/22/2025,11,0,0
R04,SKU-1091,2025-11-23,5,0,0
R04,SKU-1091,11/24/2025,7,0,0
R04,SKU-1091,11/25/2025,13,0,1
R04,SKU-1091,2025-11-26,14,0,0
R04,SKU-1091,2025-11-27,13,0,0
R04,SKU-1091,2025-11-28,8,0,0
R04,SKU-1091,2025-11-29,7,0,0
R04,SKU-1091,2025-11-30,6,0,0
R04,SKU-1210,01-Nov-25,34,0,0
R04,SKU-1210,2025-11-02,25,0,0
R04,SKU-1210,11/03/2025,26,0,0
R04,SKU-1210,04-Nov-25,42,0,1
R04,SKU-1210,11/05/2025,32,0,0
R04,SKU-1210,11/06/2025,38,0,0
R04,SKU-1210,2025-11-07,26,0,0
R04,SKU-1210,2025-11-08,33,0,1
R04,SKU-1210,09-Nov-25,27,1,1
R04,SKU-1210,11/10/2025,23,1,0
R04,SKU-1210,2025-11-11,34,1,0
R04,SKU-1210,2025-11-12,37,1,0
R04,SKU-1210,2025-11-13,28,0,1
R04,SKU-1210,2025-11-14,38,0,0
R04,SKU-1210,2025-11-15,43,1,0
R04,SKU-1210,11/16/2025,34,1,0
R04,SKU-1210,17-Nov-25,30,0,0
R04,SKU-1210,2025-11-18,38,0,0
R04,SKU-1210,2025-11-19,24,0,0
R04,SKU-1210,2025-11-20,36,1,0
R04,SKU-1210,11/21/2025,35,0,0
R04,SKU-1210,2025-11-22,28,0,0
R04,SKU-1210,2025-11-23,21,1,0
R04,SKU-1210,2025-11-24,25,1,1
R04,SKU-1210,11/25/2025,28,1,0
R04,SKU-1210,11/26/2025,36,1,1
R04,SKU-1210,2025-11-27,37,1,0
R04,SKU-1210,28-Nov-25,32,1,0
R04,SKU-1210,2025-11-29,32,0,0
R04,SKU-1210,11/30/2025,32,0,1
R04,SKU-1266,01-Nov-25,4,1,0
R04,SKU-1266,2025-11-02,7,1,0
R04,SKU-1266,2025-11-03,2,0,0
R04,SKU-1266,2025-11-04,7,0,0
R04,SKU-1266,2025-11-05,5,0,0
R04,SKU-1266,2025-11-06,5,0,1
R04,SKU-1266,2025-11-07,4,1,0
R04,SKU-1266,2025-11-08,6,1,0
R04,SKU-1266,11/09/2025,7,0,1
R04,SKU-1266,10-Nov-25,8,0,0
R04,SKU-1266,2025-11-11,2,1,0
R04,SKU-1266,11/12/2025,4,0,0
R04,SKU-1266,2025-11-13,3,0,0
R04,SKU-1266,11/14/2025,7,0,0
R04,SKU-1266,2025-11-15,5,0,0
R04,SKU-1266,2025-11-16,8,0,0
R04,SKU-1266,11/17/2025,4,0,0
R04,SKU-1266,2025-11-18,4,0,0
R04,SKU-1266,11/19/2025,8,0,0
R04,SKU-1266,20-Nov-25,3,1,0
R04,SKU-1266,2025-11-21,7,0,0
R04,SKU-1266,2025-11-22,5,2,0
R04,SKU-1266,2025-11-23,4,0,0
R04,SKU-1266,11/24/2025,5,0,0
R04,SKU-1266,2025-11-25,8,0,0
R04,SKU-1266,2025-11-26,6,0,0
R04,SKU-1266,2025-11-27,5,0,0
R04,SKU-1266,11/28/2025,3,1,0
R04,SKU-1266,2025-11-29,2,0,0
R04,SKU-1266,2025-11-30,1,1,0
R04,SKU-1259,2025-11-01,5,1,0
R04,SKU-1259,2025-11-02,7,0,0
R04,SKU-1259,2025-11-03,6,3,0
R04,SKU-1259,11/04/2025,7,1,0
R04,SKU-1259,11/05/2025,4,0,0
R04,SKU-1259,11/06/2025,7,0,0
R04,SKU-1259,07-Nov-25,6,0,0
R04,SKU-1259,11/08/2025,8,1,0
R04,SKU-1259,2025-11-09,6,0,0
R04,SKU-1259,2025-11-10,13,0,0
R04,SKU-1259,2025-11-11,1,0,0
R04,SKU-1259,2025-11-12,9,2,0
R04,SKU-1259,2025-11-13,7,0,1
R04,SKU-1259,2025-11-14,9,0,0
R04,SKU-1259,2025-11-15,4,2,1
R04,SKU-1259,2025-11-16,5,0,0
R04,SKU-1259,2025-11-17,10,0,0
R04,SKU-1259,18-Nov-25,9,0,0
R04,SKU-1259,2025-11-19,7,1,0
R04,SKU-1259,11/20/2025,13,2,1
R04,SKU-1259,2025-11-21,6,0,0
R04,SKU-1259,2025-11-22,7,0,1
R04,SKU-1259,2025-11-23,9,1,0
R04,SKU-1259,11/24/2025,9,0,0
R04,SKU-1259,11/25/2025,4,1,0
R04,SKU-1259,2025-11-26,7,0,0
R04,SKU-1259,27-Nov-25,8,1,0
R04,SKU-1259,2025-11-28,3,0,1
R04,SKU-1259,11/29/2025,8,1,1
R04,SKU-1259,11/30/2025,12,1,0
R04,SKU-1133,2025-11-01,8,0,0
R04,SKU-1133,11/02/2025,5,2,0
R04,SKU-1133,2025-11-03,7,1,0
R04,SKU-1133,2025-11-04,3,1,0
R04,SKU-1133,2025-11-05,10,1,1
R04,SKU-1133,06-Nov-25,9,0,0
R04,SKU-1133,07-Nov-25,6,0,0
R04,SKU-1133,2025-11-08,5,0,1
R04,SKU-1133,09-Nov-25,7,0,0
R04,SKU-1133,11/10/2025,6,0,1
R04,SKU-1133,2025-11-11,6,0,0
R04,SKU-1133,12-Nov-25,11,0,0
R04,SKU-1133,2025-11-13,3,0,0
R04,SKU-1133,2025-11-14,1,0,0
R04,SKU-1133,11/15/2025,7,1,0
R04,SKU-1133,11/16/2025,5,0,0
R04,SKU-1133,2025-11-17,7,0,0
R04,SKU-1133,2025-11-18,2,0,0
R04,SKU-1133,2025-11-19,2,1,0
R04,SKU-1133,2025-11-20,7,0,0
R04,SKU-1133,2025-11-21,5,1,0
R04,SKU-1133,11/22/2025,4,0,0
R04,SKU-1133,2025-11-23,6,0,0
R04,SKU-1133,2025-11-24,7,0,0
R04,SKU-1133,11/25/2025,8,0,0
R04,SKU-1133,2025-11-26,6,3,0
R04,SKU-1133,2025-11-27,3,0,0
R04,SKU-1133,2025-11-28,5,1,0
R04,SKU-1133,2025-11-29,3,0,0
R04,SKU-1133,2025-11-30,6,1,0
R04,SKU-1126,11/01/2025,13,1,0
R04,SKU-1126,2025-11-02,13,0,0
R04,SKU-1126,2025-11-03,6,0,0
R04,SKU-1126,11/04/2025,5,1,0
R04,SKU-1126,11/05/2025,10,0,0
R04,SKU-1126,2025-11-06,11,0,0
R04,SKU-1126,2025-11-07,12,1,0
R04,SKU-1126,2025-11-08,10,0,0
R04,SKU-1126,2025-11-09,12,0,0
R04,SKU-1126,11/10/2025,10,0,0
R04,SKU-1126,2025-11-11,16,0,0
R04,SKU-1126,11/12/2025,14,0,0
R04,SKU-1126,2025-11-13,13,0,0
R04,SKU-1126,2025-11-14,14,1,1
R04,SKU-1126,2025-11-15,16,0,0
R04,SKU-1126,2025-11-16,10,1,1
R04,SKU-1126,2025-11-17,10,0,0
R04,SKU-1126,2025-11-18,13,1,0
R04,SKU-1126,2025-11-19,11,0,0
R04,SKU-1126,2025-11-20,6,2,0
R04,SKU-1126,11/21/2025,15,2,0
R04,SKU-1126,2025-11-22,15,0,1
R04,SKU-1126,2025-11-23,9,0,1
R04,SKU-1126,2025-11-24,13,0,0
R04,SKU-1126,25-Nov-25,10,1,0
R04,SKU-1126,2025-11-26,7,2,0
R04,SKU-1126,2025-11-27,17,1,0
R04,SKU-1126,11/28/2025,4,0,1
R04,SKU-1126,2025-11-29,16,0,0
R04,SKU-1126,30-Nov-25,17,0,0
R04,SKU-1175,2025-11-01,18,0,1
R04,SKU-1175,11/02/2025,20,1,1
R04,SKU-1175,2025-11-03,16,1,0
R04,SKU-1175,11/04/2025,13,0,0
R04,SKU-1175,2025-11-05,15,0,0
R04,SKU-1175,11/06/2025,17,2,0
R04,SKU-1175,11/07/2025,12,1,0
R04,SKU-1175,08-Nov-25,17,0,0
R04,SKU-1175,2025-11-09,12,1,0
R04,SKU-1175,2025-11-10,12,0,0
R04,SKU-1175,11/11/2025,12,0,0
R04,SKU-1175,2025-11-12,13,0,0
R04,SKU-1175,2025-11-13,12,0,0
R04,SKU-1175,2025-11-14,13,0,0
R04,SKU-1175,15-Nov-25,10,0,0
R04,SKU-1175,11/16/2025,16,0,0
R04,SKU-1175,2025-11-17,12,0,0
R04,SKU-1175,11/18/2025,11,0,0
R04,SKU-1175,2025-11-19,19,0,0
R04,SKU-1175,11/20/2025,12,1,1
R04,SKU-1175,2025-11-21,15,0,0
R04,SKU-1175,2025-11-22,9,0,0
R04,SKU-1175,23-Nov-25,13,0,0
R04,SKU-1175,11/24/2025,18,0,0
R04,SKU-1175,2025-11-25,12,0,0
R04,SKU-1175,2025-11-26,12,0,0
R04,SKU-1175,27-Nov-25,13,0,0
R04,SKU-1175,2025-11-28,11,0,0
R04,SKU-1175,2025-11-29,18,0,0
R04,SKU-1175,2025-11-30,22,1,0
R04,SKU-1098,2025-11-01,20,0,0
R04,SKU-1098,2025-11-02,17,0,0
R04,SKU-1098,11/03/2025,19,1,1
R04,SKU-1098,11/04/2025,25,1,0
R04,SKU-1098,05-Nov-25,27,0,0
R04,SKU-1098,11/06/2025,25,0,1
R04,SKU-1098,2025-11-07,20,1,0
R04,SKU-1098,2025-11-08,22,0,0
R04,SKU-1098,2025-11-09,19,1,0
R04,SKU-1098,2025-11-10,16,1,0
R04,SKU-1098,2025-11-11,22,2,0
R04,SKU-1098,11/12/2025,21,0,1
R04,SKU-1098,2025-11-13,18,1,0
R04,SKU-1098,2025-11-14,22,0,0
R04,SKU-1098,15-Nov-25,17,0,0
R04,SKU-1098,16-Nov-25,15,0,0
R04,SKU-1098,2025-11-17,19,0,1
R04,SKU-1098,2025-11-18,21,0,0
R04,SKU-1098,19-Nov-25,20,2,0
R04,SKU-1098,20-Nov-25,22,0,0
R04,SKU-1098,11/21/2025,13,2,0
R04,SKU-1098,11/22/2025,16,0,0
R04,SKU-1098,2025-11-23,13,1,0
R04,SKU-1098,11/24/2025,16,1,0
R04,SKU-1098,11/25/2025,16,1,0
R04,SKU-1098,11/26/2025,15,1,0
R04,SKU-1098,2025-11-27,18,1,0
R04,SKU-1098,11/28/2025,26,0,1
R04,SKU-1098,11/29/2025,23,0,1
R04,SKU-1098,2025-11-30,21,0,0
R04,SKU-1196,2025-11-01,13,0,0
R04,SKU-1196,11/02/2025,9,1,0
R04,SKU-1196,11/03/2025,16,0,0
R04,SKU-1196,11/04/2025,17,0,0
R04,SKU-1196,2025-11-05,13,0,1
R04,SKU-1196,2025-11-06,11,0,0
R04,SKU-1196,11/07/2025,17,0,1
R04,SKU-1196,2025-11-08,12,0,0
R04,SKU-1196,2025-11-09,12,0,0
R04,SKU-1196,2025-11-10,14,0,1
R04,SKU-1196,11/11/2025,11,0,0
R04,SKU-1196,2025-11-12,15,1,0
R04,SKU-1196,2025-11-13,18,0,0
R04,SKU-1196,11/14/2025,11,0,0
R04,SKU-1196,2025-11-15,24,0,0
R04,SKU-1196,11/16/2025,8,2,0
R04,SKU-1196,2025-11-17,12,0,0
R04,SKU-1196,11/18/2025,14,0,0
R04,SKU-1196,2025-11-19,16,0,0
R04,SKU-1196,2025-11-20,12,0,0
R04,SKU-1196,11/21/2025,13,0,0
R04,SKU-1196,22-Nov-25,19,1,0
R04,SKU-1196,11/23/2025,12,0,0
R04,SKU-1196,2025-11-24,11,0,0
R04,SKU-1196,11/25/2025,16,1,0
R04,SKU-1196,2025-11-26,10,0,0
R04,SKU-1196,27-Nov-25,15,0,0
R04,SKU-1196,2025-11-28,15,1,1
R04,SKU-1196,29-Nov-25,11,0,0
R04,SKU-1196,2025-11-30,19,1,0
R04,SKU-1189,01-Nov-25,19,0,0
R04,SKU-1189,2025-11-02,28,2,0
R04,SKU-1189,2025-11-03,41,0,0
R04,SKU-1189,2025-11-04,29,0,0
R04,SKU-1189,2025-11-05,24,1,1
R04,SKU-1189,2025-11-06,20,0,0
R04,SKU-1189,07-Nov-25,28,0,0
R04,SKU-1189,2025-11-08,27,1,0
R04,SKU-1189,2025-11-09,20,1,0
R04,SKU-1189,11/10/2025,25,0,0
R04,SKU-1189,2025-11-11,21,0,0
R04,SKU-1189,2025-11-12,22,0,0
R04,SKU-1189,2025-11-13,26,0,0
R04,SKU-1189,11/14/2025,23,2,0
R04,SKU-1189,11/15/2025,32,0,1
R04,SKU-1189,16-Nov-25,30,0,0
R04,SKU-1189,17-Nov-25,29,0,0
R04,SKU-1189,2025-11-18,28,2,0
R04,SKU-1189,11/19/2025,37,0,1
R04,SKU-1189,11/20/2025,30,0,0
R04,SKU-1189,2025-11-21,22,0,0
R04,SKU-1189,11/22/2025,27,0,0
R04,SKU-1189,11/23/2025,29,0,0
R04,SKU-1189,11/24/2025,34,1,0
R04,SKU-1189,2025-11-25,21,0,0
R04,SKU-1189,2025-11-26,32,0,0
R04,SKU-1189,11/27/2025,32,0,0
R04,SKU-1189,2025-11-28,23,2,0
R04,SKU-1189,2025-11-29,29,0,0
R04,SKU-1189,2025-11-30,29,0,0
R04,SKU-1168,11/01/2025,19,0,0
R04,SKU-1168,2025-11-02,24,1,0
R04,SKU-1168,03-Nov-25,24,0,0
R04,SKU-1168,2025-11-04,21,1,0
R04,SKU-1168,2025-11-05,24,0,0
R04,SKU-1168,11/06/2025,15,0,1
R04,SKU-1168,2025-11-07,17,1,0
R04,SKU-1168,08-Nov-25,30,0,1
R04,SKU-1168,2025-11-09,25,1,0
R04,SKU-1168,2025-11-10,27,0,0
R04,SKU-1168,2025-11-11,14,0,0
R04,SKU-1168,2025-11-12,24,0,0
R04,SKU-1168,11/13/2025,16,0,0
R04,SKU-1168,2025-11-14,25,0,0
R04,SKU-1168,2025-11-15,20,2,0
R04,SKU-1168,11/16/2025,17,0,0
R04,SKU-1168,11/17/2025,17,2,0
R04,SKU-1168,2025-11-18,23,2,0
R04,SKU-1168,11/19/2025,19,0,0
R04,SKU-1168,2025-11-20,21,0,0
R04,SKU-1168,2025-11-21,31,0,0
R04,SKU-1168,11/22/2025,22,1,0
R04,SKU-1168,2025-11-23,10,0,0
R04,SKU-1168,11/24/2025,19,0,0
R04,SKU-1168,2025-11-25,26,0,0
R04,SKU-1168,2025-11-26,17,0,0
R04,SKU-1168,27-Nov-25,16,0,0
R04,SKU-1168,2025-11-28,23,0,0
R04,SKU-1168,29-Nov-25,22,0,0
R04,SKU-1168,2025-11-30,28,1,0
R04,SKU-1105,11/01/2025,7,1,0
R04,SKU-1105,02-Nov-25,12,0,0
R04,SKU-1105,03-Nov-25,6,1,0
R04,SKU-1105,04-Nov-25,17,0,0
R04,SKU-1105,2025-11-05,7,0,0
R04,SKU-1105,2025-11-06,7,1,0
R04,SKU-1105,2025-11-07,9,1,0
R04,SKU-1105,11/08/2025,5,1,0
R04,SKU-1105,2025-11-09,12,0,0
R04,SKU-1105,2025-11-10,10,1,0
R04,SKU-1105,2025-11-11,2,0,0
R04,SKU-1105,2025-11-12,12,0,0
R04,SKU-1105,11/13/2025,9,0,0
R04,SKU-1105,2025-11-14,10,1,0
R04,SKU-1105,2025-11-15,4,0,0
R04,SKU-1105,2025-11-16,6,1,0
R04,SKU-1105,2025-11-17,8,0,0
R04,SKU-1105,2025-11-18,10,0,0
R04,SKU-1105,11/19/2025,8,0,0
R04,SKU-1105,2025-11-20,6,0,0
R04,SKU-1105,21-Nov-25,8,1,0
R04,SKU-1105,11/22/2025,12,1,0
R04,SKU-1105,2025-11-23,9,0,1
R04,SKU-1105,24-Nov-25,11,0,0
R04,SKU-1105,2025-11-25,3,0,0
R04,SKU-1105,11/26/2025,11,0,0
R04,SKU-1105,2025-11-27,10,0,0
R04,SKU-1105,2025-11-28,10,1,0
R04,SKU-1105,29-Nov-25,6,0,0
R04,SKU-1105,11/30/2025,6,0,0
R04,SKU-1161,2025-11-01,7,1,0
R04,SKU-1161,2025-11-02,16,0,1
R04,SKU-1161,2025-11-03,12,1,0
R04,SKU-1161,2025-11-04,13,0,0
R04,SKU-1161,2025-11-05,8,0,0
R04,SKU-1161,2025-11-06,16,2,0
R04,SKU-1161,2025-11-07,15,0,0
R04,SKU-1161,2025-11-08,10,1,0
R04,SKU-1161,2025-11-09,18,0,0
R04,SKU-1161,2025-11-10,12,0,0
R04,SKU-1161,2025-11-11,13,0,0
R04,SKU-1161,2025-11-12,20,1,0
R04,SKU-1161,2025-11-13,10,0,0
R04,SKU-1161,2025-11-14,14,0,1
R04,SKU-1161,11/15/2025,12,1,0
R04,SKU-1161,2025-11-16,14,0,0
R04,SKU-1161,2025-11-17,15,0,0
R04,SKU-1161,2025-11-18,23,0,0
R04,SKU-1161,2025-11-19,16,0,0
R04,SKU-1161,20-Nov-25,17,1,0
R04,SKU-1161,11/21/2025,10,1,0
R04,SKU-1161,2025-11-22,15,0,0
R04,SKU-1161,11/23/2025,16,0,0
R04,SKU-1161,11/24/2025,18,1,0
R04,SKU-1161,11/25/2025,16,0,0
R04,SKU-1161,2025-11-26,14,2,1
R04,SKU-1161,2025-11-27,17,0,0
R04,SKU-1161,11/28/2025,15,0,0
R04,SKU-1161,2025-11-29,16,0,0
R04,SKU-1161,11/30/2025,20,1,0
R04,SKU-1112,11/01/2025,5,0,0
R04,SKU-1112,02-Nov-25,15,0,0
R04,SKU-1112,2025-11-03,5,0,0
R04,SKU-1112,11/04/2025,11,0,0
R04,SKU-1112,2025-11-05,6,0,0
R04,SKU-1112,11/06/2025,8,0,0
R04,SKU-1112,2025-11-07,13,0,0
R04,SKU-1112,11/08/2025,6,1,0
R04,SKU-1112,09-Nov-25,11,1,0
R04,SKU-1112,2025-11-10,4,0,0
R04,SKU-1112,2025-11-11,8,2,0
R04,SKU-1112,12-Nov-25,7,0,0
R04,SKU-1112,2025-11-13,9,0,1
R04,SKU-1112,11/14/2025,8,1,0
R04,SKU-1112,11/15/2025,10,0,0
R04,SKU-1112,2025-11-16,9,0,0
R04,SKU-1112,2025-11-17,6,0,0
R04,SKU-1112,2025-11-18,12,0,0
R04,SKU-1112,2025-11-19,10,0,0
R04,SKU-1112,20-Nov-25,8,0,0
R04,SKU-1112,2025-11-21,11,0,0
R04,SKU-1112,22-Nov-25,6,0,0
R04,SKU-1112,2025-11-23,7,0,0
R04,SKU-1112,2025-11-24,11,0,0
R04,SKU-1112,2025-11-25,5,0,0
R04,SKU-1112,2025-11-26,10,0,1
R04,SKU-1112,2025-11-27,4,0,0
R04,SKU-1112,2025-11-28,6,1,0
R04,SKU-1112,2025-11-29,9,0,0
R04,SKU-1112,11/30/2025,9,1,0
R05,SKU-1112,01-Nov-25,20,0,0
R05,SKU-1112,2025-11-02,25,0,1
R05,SKU-1112,2025-11-03,30,0,0
R05,SKU-1112,2025-11-04,27,0,0
R05,SKU-1112,11/05/2025,26,1,0
R05,SKU-1112,2025-11-06,28,0,0
R05,SKU-1112,11/07/2025,27,1,0
R05,SKU-1112,2025-11-08,20,1,1
R05,SKU-1112,2025-11-09,20,0,1
R05,SKU-1112,11/10/2025,23,0,1
R05,SKU-1112,2025-11-11,22,1,0
R05,SKU-1112,11/12/2025,17,0,0
R05,SKU-1112,13-Nov-25,23,0,1
R05,SKU-1112,2025-11-14,29,0,0
R05,SKU-1112,2025-11-15,18,2,0
R05,SKU-1112,2025-11-16,20,2,0
R05,SKU-1112,2025-11-17,25,1,0
R05,SKU-1112,2025-11-18,21,0,0
R05,SKU-1112,11/19/2025,22,1,0
R05,SKU-1112,2025-11-20,25,1,0
R05,SKU-1112,2025-11-21,24,0,0
R05,SKU-1112,2025-11-22,25,0,0
R05,SKU-1112,23-Nov-25,22,1,0
R05,SKU-1112,2025-11-24,19,0,1
R05,SKU-1112,11/25/2025,20,1,0
R05,SKU-1112,2025-11-26,27,0,0
R05,SKU-1112,2025-11-27,16,0,0
R05,SKU-1112,2025-11-28,25,0,0
R05,SKU-1112,2025-11-29,19,0,0
R05,SKU-1112,2025-11-30,27,0,0
R05,SKU-1133,01-Nov-25,32,0,0
R05,SKU-1133,02-Nov-25,41,0,0
R05,SKU-1133,03-Nov-25,24,1,1
R05,SKU-1133,2025-11-04,29,0,0
R05,SKU-1133,2025-11-05,29,1,0
R05,SKU-1133,2025-11-06,27,0,0
R05,SKU-1133,11/07/2025,26,0,0
R05,SKU-1133,2025-11-08,26,0,1
R05,SKU-1133,2025-11-09,22,0,0
R05,SKU-1133,10-Nov-25,20,0,0
R05,SKU-1133,2025-11-11,30,0,0
R05,SKU-1133,2025-11-12,27,0,0
R05,SKU-1133,2025-11-13,21,0,0
R05,SKU-1133,2025-11-14,24,0,0
R05,SKU-1133,11/15/2025,25,0,0
R05,SKU-1133,16-Nov-25,32,0,0
R05,SKU-1133,17-Nov-25,28,0,0
R05,SKU-1133,18-Nov-25,27,0,1
R05,SKU-1133,2025-11-19,28,2,0
R05,SKU-1133,20-Nov-25,25,1,1
R05,SKU-1133,2025-11-21,30,0,0
R05,SKU-1133,2025-11-22,24,0,0
R05,SKU-1133,11/23/2025,23,1,0
R05,SKU-1133,2025-11-24,29,0,0
R05,SKU-1133,2025-11-25,30,0,0
R05,SKU-1133,2025-11-26,28,1,0
R05,SKU-1133,2025-11-27,13,0,1
R05,SKU-1133,2025-11-28,26,1,0
R05,SKU-1133,2025-11-29,24,0,0
R05,SKU-1133,2025-11-30,28,1,0
R05,SKU-1028,2025-11-01,8,1,0
R05,SKU-1028,2025-11-02,4,1,0
R05,SKU-1028,2025-11-03,4,0,0
R05,SKU-1028,11/04/2025,5,0,0
R05,SKU-1028,11/05/2025,6,0,0
R05,SKU-1028,2025-11-06,6,0,1
R05,SKU-1028,2025-11-07,5,1,0
R05,SKU-1028,2025-11-08,8,1,0
R05,SKU-1028,09-Nov-25,6,0,0
R05,SKU-1028,2025-11-10,5,0,0
R05,SKU-1028,11/11/2025,5,0,0
R05,SKU-1028,2025-11-12,5,1,0
R05,SKU-1028,2025-11-13,5,0,0
R05,SKU-1028,2025-11-14,3,0,0
R05,SKU-1028,2025-11-15,11,0,0
R05,SKU-1028,2025-11-16,9,0,0
R05,SKU-1028,2025-11-17,5,0,0
R05,SKU-1028,2025-11-18,2,0,0
R05,SKU-1028,2025-11-19,4,2,0
R05,SKU-1028,2025-11-20,5,0,0
R05,SKU-1028,2025-11-21,6,1,0
R05,SKU-1028,11/22/2025,3,0,0
R05,SKU-1028,2025-11-23,4,0,1
R05,SKU-1028,24-Nov-25,6,1,0
R05,SKU-1028,11/25/2025,3,0,0
R05,SKU-1028,11/26/2025,9,0,0
R05,SKU-1028,11/27/2025,6,0,0
R05,SKU-1028,11/28/2025,3,1,0
R05,SKU-1028,2025-11-29,4,1,0
R05,SKU-1028,2025-11-30,5,0,0
R05,SKU-1126,2025-11-01,14,0,0
R05,SKU-1126,2025-11-02,13,0,1
R05,SKU-1126,2025-11-03,18,2,0
R05,SKU-1126,2025-11-04,19,0,0
R05,SKU-1126,2025-11-05,19,3,0
R05,SKU-1126,2025-11-06,16,0,0
R05,SKU-1126,2025-11-07,19,0,0
R05,SKU-1126,2025-11-08,20,1,0
R05,SKU-1126,09-Nov-25,19,1,0
R05,SKU-1126,11/10/2025,18,1,0
R05,SKU-1126,2025-11-11,10,0,0
R05,SKU-1126,2025-11-12,18,0,0
R05,SKU-1126,2025-11-13,19,0,0
R05,SKU-1126,14-Nov-25,13,0,0
R05,SKU-1126,2025-11-15,14,0,0
R05,SKU-1126,2025-11-16,11,0,0
R05,SKU-1126,2025-11-17,21,1,1
R05,SKU-1126,18-Nov-25,21,1,0
R05,SKU-1126,11/19/2025,15,1,0
R05,SKU-1126,20-Nov-25,19,0,0
R05,SKU-1126,2025-11-21,19,0,0
R05,SKU-1126,2025-11-22,20,0,0
R05,SKU-1126,23-Nov-25,12,0,0
R05,SKU-1126,2025-11-24,24,0,1
R05,SKU-1126,2025-11-25,21,0,0
R05,SKU-1126,2025-11-26,19,1,0
R05,SKU-1126,2025-11-27,17,0,0
R05,SKU-1126,11/28/2025,13,0,1
R05,SKU-1126,2025-11-29,13,1,0
R05,SKU-1126,30-Nov-25,26,0,1
R05,SKU-1077,11/01/2025,22,0,0
R05,SKU-1077,2025-11-02,14,0,0
R05,SKU-1077,03-Nov-25,28,1,0
R05,SKU-1077,2025-11-04,33,1,0
R05,SKU-1077,2025-11-05,24,0,0
R05,SKU-1077,2025-11-06,25,1,0
R05,SKU-1077,07-Nov-25,27,0,0
R05,SKU-1077,08-Nov-25,28,1,0
R05,SKU-1077,2025-11-09,27,0,0
R05,SKU-1077,10-Nov-25,23,1,1
R05,SKU-1077,2025-11-11,21,0,0
R05,SKU-1077,12-Nov-25,28,0,1
R05,SKU-1077,2025-11-13,26,1,0
R05,SKU-1077,2025-11-14,20,2,0
R05,SKU-1077,11/15/2025,19,0,0
R05,SKU-1077,2025-11-16,27,0,0
R05,SKU-1077,11/17/2025,37,1,0
R05,SKU-1077,2025-11-18,31,0,1
R05,SKU-1077,19-Nov-25,25,0,0
R05,SKU-1077,2025-11-20,29,0,0
R05,SKU-1077,21-Nov-25,24,1,0
R05,SKU-1077,11/22/2025,24,1,0
R05,SKU-1077,11/23/2025,27,0,0
R05,SKU-1077,2025-11-24,32,0,0
R05,SKU-1077,2025-11-25,22,1,0
R05,SKU-1077,2025-11-26,21,0,0
R05,SKU-1077,11/27/2025,23,0,0
R05,SKU-1077,2025-11-28,23,0,1
R05,SKU-1077,2025-11-29,18,0,0
R05,SKU-1077,2025-11-30,21,0,0
R05,SKU-1196,11/01/2025,29,0,0
R05,SKU-1196,11/02/2025,31,0,0
R05,SKU-1196,2025-11-03,30,0,0
R05,SKU-1196,11/04/2025,37,0,0
R05,SKU-1196,2025-11-05,32,1,0
R05,SKU-1196,11/06/2025,30,0,0
R05,SKU-1196,2025-11-07,27,1,0
R05,SKU-1196,2025-11-08,24,0,0
R05,SKU-1196,09-Nov-25,23,1,0
R05,SKU-1196,2025-11-10,27,0,1
R05,SKU-1196,2025-11-11,25,0,0
R05,SKU-1196,11/12/2025,34,0,0
R05,SKU-1196,11/13/2025,30,0,0
R05,SKU-1196,11/14/2025,32,0,0
R05,SKU-1196,2025-11-15,31,0,0
R05,SKU-1196,2025-11-16,30,0,1
R05,SKU-1196,17-Nov-25,31,0,0
R05,SKU-1196,11/18/2025,25,0,0
R05,SKU-1196,11/19/2025,33,1,0
R05,SKU-1196,11/20/2025,23,1,0
R05,SKU-1196,2025-11-21,29,1,0
R05,SKU-1196,2025-11-22,24,0,0
R05,SKU-1196,23-Nov-25,32,0,0
R05,SKU-1196,11/24/2025,36,0,0
R05,SKU-1196,11/25/2025,33,0,0
R05,SKU-1196,2025-11-26,26,0,0
R05,SKU-1196,2025-11-27,26,0,0
R05,SKU-1196,2025-11-28,25,3,0
R05,SKU-1196,2025-11-29,27,2,0
R05,SKU-1196,11/30/2025,35,0,0
R05,SKU-1056,11/01/2025,37,0,0
R05,SKU-1056,2025-11-02,33,0,0
R05,SKU-1056,2025-11-03,30,0,0
R05,SKU-1056,11/04/2025,33,1,1
R05,SKU-1056,2025-11-05,27,0,0
R05,SKU-1056,2025-11-06,28,0,0
R05,SKU-1056,11/07/2025,25,0,0
R05,SKU-1056,08-Nov-25,20,0,0
R05,SKU-1056,11/09/2025,33,0,0
R05,SKU-1056,11/10/2025,22,0,0
R05,SKU-1056,2025-11-11,23,0,0
R05,SKU-1056,2025-11-12,36,0,1
R05,SKU-1056,11/13/2025,33,0,0
R05,SKU-1056,11/14/2025,28,1,0
R05,SKU-1056,11/15/2025,37,3,0
R05,SKU-1056,2025-11-16,27,0,1
R05,SKU-1056,2025-11-17,29,1,0
R05,SKU-1056,11/18/2025,33,0,0
R05,SKU-1056,2025-11-19,32,0,0
R05,SKU-1056,2025-11-20,24,0,0
R05,SKU-1056,2025-11-21,23,0,0
R05,SKU-1056,2025-11-22,27,0,0
R05,SKU-1056,2025-11-23,29,1,0
R05,SKU-1056,2025-11-24,30,0,0
R05,SKU-1056,2025-11-25,30,0,0
R05,SKU-1056,11/26/2025,25,2,0
R05,SKU-1056,2025-11-27,33,0,0
R05,SKU-1056,2025-11-28,32,1,0
R05,SKU-1056,2025-11-29,32,1,0
R05,SKU-1056,11/30/2025,32,0,0
R05,SKU-1280,2025-11-01,12,1,0
R05,SKU-1280,2025-11-02,17,1,1
R05,SKU-1280,2025-11-03,15,0,0
R05,SKU-1280,11/04/2025,13,0,0
R05,SKU-1280,2025-11-05,15,0,0
R05,SKU-1280,2025-11-06,7,0,0
R05,SKU-1280,07-Nov-25,13,1,0
R05,SKU-1280,2025-11-08,13,0,1
R05,SKU-1280,09-Nov-25,17,0,0
R05,SKU-1280,2025-11-10,9,0,0
R05,SKU-1280,2025-11-11,7,1,1
R05,SKU-1280,2025-11-12,14,0,0
R05,SKU-1280,2025-11-13,14,2,0
R05,SKU-1280,14-Nov-25,6,0,0
R05,SKU-1280,2025-11-15,12,0,0
R05,SKU-1280,11/16/2025,10,1,0
R05,SKU-1280,17-Nov-25,11,1,0
R05,SKU-1280,11/18/2025,8,1,0
R05,SKU-1280,11/19/2025,18,2,0
R05,SKU-1280,2025-11-20,18,2,0
R05,SKU-1280,2025-11-21,13,2,1
R05,SKU-1280,22-Nov-25,8,0,0
R05,SKU-1280,2025-11-23,8,1,0
R05,SKU-1280,2025-11-24,9,1,0
R05,SKU-1280,11/25/2025,18,0,0
R05,SKU-1280,2025-11-26,11,1,0
R05,SKU-1280,11/27/2025,11,1,1
R05,SKU-1280,11/28/2025,16,0,1
R05,SKU-1280,11/29/2025,14,0,0
R05,SKU-1280,11/30/2025,8,0,0
R05,SKU-1147,11/01/2025,6,0,0
R05,SKU-1147,2025-11-02,7,1,0
R05,SKU-1147,11/03/2025,4,0,0
R05,SKU-1147,11/04/2025,6,0,0
R05,SKU-1147,2025-11-05,3,1,1
R05,SKU-1147,11/06/2025,8,0,0
R05,SKU-1147,2025-11-07,6,0,0
R05,SKU-1147,2025-11-08,7,0,0
R05,SKU-1147,2025-11-09,4,0,0
R05,SKU-1147,2025-11-10,3,0,0
R05,SKU-1147,2025-11-11,8,0,0
R05,SKU-1147,2025-11-12,7,0,0
R05,SKU-1147,2025-11-13,5,0,0
R05,SKU-1147,11/14/2025,5,1,0
R05,SKU-1147,2025-11-15,12,2,0
R05,SKU-1147,2025-11-16,4,0,0
R05,SKU-1147,2025-11-17,6,1,0
R05,SKU-1147,18-Nov-25,6,0,0
R05,SKU-1147,2025-11-19,7,1,0
R05,SKU-1147,11/20/2025,3,0,0
R05,SKU-1147,2025-11-21,3,0,0
R05,SKU-1147,2025-11-22,9,1,0
R05,SKU-1147,2025-11-23,8,2,0
R05,SKU-1147,11/24/2025,4,0,0
R05,SKU-1147,25-Nov-25,2,1,0
R05,SKU-1147,2025-11-26,7,1,0
R05,SKU-1147,2025-11-27,8,0,0
R05,SKU-1147,28-Nov-25,6,0,0
R05,SKU-1147,2025-11-29,4,0,0
R05,SKU-1147,11/30/2025,4,2,0
R05,SKU-1273,11/01/2025,22,2,0
R05,SKU-1273,02-Nov-25,21,0,0
R05,SKU-1273,03-Nov-25,27,1,0
R05,SKU-1273,04-Nov-25,24,0,0
R05,SKU-1273,2025-11-05,27,0,1
R05,SKU-1273,2025-11-06,17,1,0
R05,SKU-1273,11/07/2025,23,0,0
R05,SKU-1273,08-Nov-25,33,0,1
R05,SKU-1273,2025-11-09,19,0,0
R05,SKU-1273,10-Nov-25,29,0,0
R05,SKU-1273,2025-11-11,21,0,0
R05,SKU-1273,2025-11-12,24,1,0
R05,SKU-1273,2025-11-13,22,0,0
R05,SKU-1273,2025-11-14,14,4,1
R05,SKU-1273,2025-11-15,28,0,0
R05,SKU-1273,2025-11-16,22,0,0
R05,SKU-1273,17-Nov-25,26,1,0
R05,SKU-1273,18-Nov-25,25,1,0
R05,SKU-1273,2025-11-19,17,0,0
R05,SKU-1273,2025-11-20,18,0,0
R05,SKU-1273,11/21/2025,21,0,0
R05,SKU-1273,2025-11-22,23,0,0
R05,SKU-1273,2025-11-23,16,0,0
R05,SKU-1273,2025-11-24,26,0,0
R05,SKU-1273,2025-11-25,22,1,0
R05,SKU-1273,2025-11-26,25,0,0
R05,SKU-1273,2025-11-27,23,2,0
R05,SKU-1273,2025-11-28,20,0,0
R05,SKU-1273,2025-11-29,17,0,0
R05,SKU-1273,11/30/2025,23,0,0
R05,SKU-1105,2025-11-01,16,0,1
R05,SKU-1105,2025-11-02,22,2,0
R05,SKU-1105,2025-11-03,17,0,0
R05,SKU-1105,11/04/2025,13,1,0
R05,SKU-1105,05-Nov-25,16,0,0
R05,SKU-1105,11/06/2025,14,1,0
R05,SKU-1105,2025-11-07,11,0,0
R05,SKU-1105,2025-11-08,14,0,0
R05,SKU-1105,2025-11-09,18,1,1
R05,SKU-1105,10-Nov-25,10,0,0
R05,SKU-1105,2025-11-11,16,0,0
R05,SKU-1105,12-Nov-25,8,0,0
R05,SKU-1105,2025-11-13,10,0,0
R05,SKU-1105,2025-11-14,19,2,0
R05,SKU-1105,2025-11-15,11,0,0
R05,SKU-1105,11/16/2025,11,0,0
R05,SKU-1105,2025-11-17,15,0,0
R05,SKU-1105,18-Nov-25,19,0,0
R05,SKU-1105,2025-11-19,13,0,1
R05,SKU-1105,11/20/2025,16,1,0
R05,SKU-1105,2025-11-21,18,0,0
R05,SKU-1105,11/22/2025,6,1,0
R05,SKU-1105,2025-11-23,11,2,0
R05,SKU-1105,2025-11-24,16,0,1
R05,SKU-1105,11/25/2025,16,0,0
R05,SKU-1105,26-Nov-25,10,0,0
R05,SKU-1105,2025-11-27,8,0,0
R05,SKU-1105,11/28/2025,14,0,0
R05,SKU-1105,29-Nov-25,18,0,0
R05,SKU-1105,11/30/2025,10,1,0
R05,SKU-1007,2025-11-01,16,0,0
R05,SKU-1007,02-Nov-25,21,0,0
R05,SKU-1007,11/03/2025,31,0,0
R05,SKU-1007,2025-11-04,37,2,0
R05,SKU-1007,2025-11-05,22,0,0
R05,SKU-1007,2025-11-06,19,0,0
R05,SKU-1007,2025-11-07,28,1,0
R05,SKU-1007,08-Nov-25,25,0,0
R05,SKU-1007,11/09/2025,29,0,1
R05,SKU-1007,2025-11-10,24,0,0
R05,SKU-1007,11/11/2025,23,0,0
R05,SKU-1007,11/12/2025,18,1,1
R05,SKU-1007,11/13/2025,24,1,0
R05,SKU-1007,2025-11-14,23,1,0
R05,SKU-1007,15-Nov-25,21,0,0
R05,SKU-1007,2025-11-16,31,1,0
R05,SKU-1007,2025-11-17,20,0,0
R05,SKU-1007,18-Nov-25,24,0,0
R05,SKU-1007,19-Nov-25,20,0,0
R05,SKU-1007,2025-11-20,24,0,0
R05,SKU-1007,2025-11-21,21,1,0
R05,SKU-1007,11/22/2025,16,2,0
R05,SKU-1007,23-Nov-25,22,0,0
R05,SKU-1007,2025-11-24,22,0,0
R05,SKU-1007,25-Nov-25,36,0,1
R05,SKU-1007,11/26/2025,25,1,0
R05,SKU-1007,27-Nov-25,42,0,1
R05,SKU-1007,2025-11-28,20,0,0
R05,SKU-1007,2025-11-29,13,0,1
R05,SKU-1007,11/30/2025,22,1,0
R05,SKU-1098,2025-11-01,27,0,0
R05,SKU-1098,11/02/2025,35,1,1
R05,SKU-1098,03-Nov-25,32,1,0
R05,SKU-1098,11/04/2025,33,0,0
R05,SKU-1098,2025-11-05,38,1,0
R05,SKU-1098,2025-11-06,33,0,1
R05,SKU-1098,07-Nov-25,31,0,0
R05,SKU-1098,11/08/2025,36,0,0
R05,SKU-1098,2025-11-09,33,0,1
R05,SKU-1098,2025-11-10,28,1,0
R05,SKU-1098,2025-11-11,32,1,0
R05,SKU-1098,2025-11-12,42,0,0
R05,SKU-1098,13-Nov-25,36,0,0
R05,SKU-1098,2025-11-14,30,0,0
R05,SKU-1098,2025-11-15,46,0,0
R05,SKU-1098,2025-11-16,24,0,0
R05,SKU-1098,11/17/2025,31,0,0
R05,SKU-1098,2025-11-18,30,1,1
R05,SKU-1098,11/19/2025,18,0,1
R05,SKU-1098,11/20/2025,26,0,0
R05,SKU-1098,2025-11-21,30,0,0
R05,SKU-1098,2025-11-22,31,1,0
R05,SKU-1098,2025-11-23,30,0,0
R05,SKU-1098,2025-11-24,20,0,0
R05,SKU-1098,2025-11-25,33,0,0
R05,SKU-1098,2025-11-26,41,0,0
R05,SKU-1098,27-Nov-25,33,1,0
R05,SKU-1098,11/28/2025,32,0,0
R05,SKU-1098,2025-11-29,33,1,0
R05,SKU-1098,2025-11-30,36,0,0
R05,SKU-1035,11/01/2025,8,0,0
R05,SKU-1035,2025-11-02,3,1,1
R05,SKU-1035,2025-11-03,8,1,0
R05,SKU-1035,2025-11-04,5,1,0
R05,SKU-1035,2025-11-05,8,1,0
R05,SKU-1035,2025-11-06,4,1,1
R05,SKU-1035,2025-11-07,7,0,0
R05,SKU-1035,2025-11-08,6,0,1
R05,SKU-1035,11/09/2025,9,1,0
R05,SKU-1035,2025-11-10,9,0,0
R05,SKU-1035,11-Nov-25,11,1,0
R05,SKU-1035,2025-11-12,1,1,1
R05,SKU-1035,2025-11-13,7,0,0
R05,SKU-1035,14-Nov-25,13,1,0
R05,SKU-1035,15-Nov-25,8,1,0
R05,SKU-1035,2025-11-16,13,0,1
R05,SKU-1035,2025-11-17,9,0,0
R05,SKU-1035,2025-11-18,9,2,0
R05,SKU-1035,2025-11-19,9,0,1
R05,SKU-1035,2025-11-20,13,0,1
R05,SKU-1035,11/21/2025,6,0,0
R05,SKU-1035,2025-11-22,9,1,0
R05,SKU-1035,23-Nov-25,11,0,0
R05,SKU-1035,2025-11-24,6,0,0
R05,SKU-1035,2025-11-25,11,0,0
R05,SKU-1035,26-Nov-25,5,0,0
R05,SKU-1035,2025-11-27,9,2,0
R05,SKU-1035,2025-11-28,5,0,1
R05,SKU-1035,2025-11-29,3,1,0
R05,SKU-1035,2025-11-30,4,0,0
R05,SKU-1014,2025-11-01,14,0,0
R05,SKU-1014,2025-11-02,15,0,0
R05,SKU-1014,2025-11-03,16,0,0
R05,SKU-1014,2025-11-04,12,0,0
R05,SKU-1014,2025-11-05,18,0,0
R05,SKU-1014,2025-11-06,21,0,0
R05,SKU-1014,11/07/2025,10,0,0
R05,SKU-1014,2025-11-08,12,0,0
R05,SKU-1014,2025-11-09,18,1,0
R05,SKU-1014,11/10/2025,17,0,0
R05,SKU-1014,2025-11-11,16,0,0
R05,SKU-1014,2025-11-12,20,0,0
R05,SKU-1014,11/13/2025,12,0,0
R05,SKU-1014,2025-11-14,18,0,1
R05,SKU-1014,2025-11-15,7,0,0
R05,SKU-1014,11/16/2025,12,0,0
R05,SKU-1014,2025-11-17,10,2,0
R05,SKU-1014,11/18/2025,17,0,0
R05,SKU-1014,2025-11-19,11,0,0
R05,SKU-1014,2025-11-20,16,0,0
R05,SKU-1014,2025-11-21,14,0,0
R05,SKU-1014,2025-11-22,6,0,1
R05,SKU-1014,2025-11-23,15,1,0
R05,SKU-1014,24-Nov-25,16,0,1
R05,SKU-1014,2025-11-25,15,1,0
R05,SKU-1014,26-Nov-25,9,0,0
R05,SKU-1014,11/27/2025,16,1,0
R05,SKU-1014,2025-11-28,22,0,0
R05,SKU-1014,11/29/2025,12,1,0
R05,SKU-1014,11/30/2025,17,0,0
R05,SKU-1091,11/01/2025,10,0,0
R05,SKU-1091,11/02/2025,9,1,0
R05,SKU-1091,2025-11-03,9,0,0
R05,SKU-1091,2025-11-04,11,0,0
R05,SKU-1091,05-Nov-25,10,2,0
R05,SKU-1091,11/06/2025,8,0,0
R05,SKU-1091,07-Nov-25,6,0,0
R05,SKU-1091,11/08/2025,6,2,0
R05,SKU-1091,09-Nov-25,10,2,0
R05,SKU-1091,2025-11-10,9,0,0
R05,SKU-1091,2025-11-11,8,0,0
R05,SKU-1091,11/12/2025,6,0,1
R05,SKU-1091,2025-11-13,12,0,0
R05,SKU-1091,2025-11-14,7,1,0
R05,SKU-1091,11/15/2025,9,0,1
R05,SKU-1091,11/16/2025,7,0,0
R05,SKU-1091,11/17/2025,5,0,0
R05,SKU-1091,2025-11-18,12,1,0
R05,SKU-1091,2025-11-19,10,0,0
R05,SKU-1091,11/20/2025,5,0,0
R05,SKU-1091,11/21/2025,7,2,0
R05,SKU-1091,2025-11-22,5,2,0
R05,SKU-1091,2025-11-23,4,0,0
R05,SKU-1091,2025-11-24,5,0,0
R05,SKU-1091,2025-11-25,5,1,0
R05,SKU-1091,11/26/2025,6,1,0
R05,SKU-1091,27-Nov-25,4,2,0
R05,SKU-1091,11/28/2025,8,0,0
R05,SKU-1091,2025-11-29,3,0,0
R05,SKU-1091,2025-11-30,6,0,0
R05,SKU-1182,11/01/2025,21,0,0
R05,SKU-1182,11/02/2025,23,0,0
R05,SKU-1182,2025-11-03,14,0,0
R05,SKU-1182,04-Nov-25,14,1,0
R05,SKU-1182,05-Nov-25,7,0,0
R05,SKU-1182,2025-11-06,18,1,0
R05,SKU-1182,07-Nov-25,17,1,0
R05,SKU-1182,08-Nov-25,18,1,1
R05,SKU-1182,11/09/2025,18,0,0
R05,SKU-1182,11/10/2025,15,1,0
R05,SKU-1182,2025-11-11,20,0,0
R05,SKU-1182,12-Nov-25,20,0,0
R05,SKU-1182,2025-11-13,15,0,0
R05,SKU-1182,11/14/2025,19,0,0
R05,SKU-1182,11/15/2025,11,0,1
R05,SKU-1182,2025-11-16,11,1,0
R05,SKU-1182,11/17/2025,16,1,0
R05,SKU-1182,2025-11-18,8,0,0
R05,SKU-1182,2025-11-19,22,0,0
R05,SKU-1182,2025-11-20,14,0,0
R05,SKU-1182,2025-11-21,10,0,0
R05,SKU-1182,2025-11-22,12,2,1
R05,SKU-1182,11/23/2025,9,1,0
R05,SKU-1182,24-Nov-25,17,0,0
R05,SKU-1182,11/25/2025,12,0,0
R05,SKU-1182,11/26/2025,16,0,0
R05,SKU-1182,2025-11-27,15,0,0
R05,SKU-1182,11/28/2025,16,1,0
R05,SKU-1182,2025-11-29,14,0,0
R05,SKU-1182,11/30/2025,11,0,0
R05,SKU-1042,2025-11-01,15,0,0
R05,SKU-1042,11/02/2025,20,0,0
R05,SKU-1042,03-Nov-25,16,0,0
R05,SKU-1042,11/04/2025,24,0,0
R05,SKU-1042,11/05/2025,23,1,0
R05,SKU-1042,2025-11-06,21,1,0
R05,SKU-1042,11/07/2025,15,1,0
R05,SKU-1042,11/08/2025,20,0,0
R05,SKU-1042,2025-11-09,19,1,0
R05,SKU-1042,2025-11-10,26,1,0
R05,SKU-1042,2025-11-11,16,1,0
R05,SKU-1042,11/12/2025,12,0,0
R05,SKU-1042,2025-11-13,18,0,0
R05,SKU-1042,2025-11-14,19,1,1
R05,SKU-1042,15-Nov-25,22,0,0
R05,SKU-1042,11/16/2025,27,0,0
R05,SKU-1042,2025-11-17,24,1,0
R05,SKU-1042,18-Nov-25,21,1,0
R05,SKU-1042,19-Nov-25,21,1,0
R05,SKU-1042,20-Nov-25,24,2,1
R05,SKU-1042,2025-11-21,16,1,0
R05,SKU-1042,2025-11-22,29,0,0
R05,SKU-1042,2025-11-23,21,0,0
R05,SKU-1042,11/24/2025,15,0,0
R05,SKU-1042,2025-11-25,22,0,0
R05,SKU-1042,26-Nov-25,17,2,0
R05,SKU-1042,2025-11-27,21,0,0
R05,SKU-1042,2025-11-28,20,2,0
R05,SKU-1042,2025-11-29,25,0,1
R05,SKU-1042,11/30/2025,16,2,1
R05,SKU-1140,2025-11-01,16,0,0
R05,SKU-1140,2025-11-02,20,0,0
R05,SKU-1140,2025-11-03,20,1,0
R05,SKU-1140,2025-11-04,16,0,0
R05,SKU-1140,2025-11-05,13,0,0
R05,SKU-1140,2025-11-06,16,0,0
R05,SKU-1140,2025-11-07,14,0,0
R05,SKU-1140,2025-11-08,10,0,0
R05,SKU-1140,2025-11-09,18,1,0
R05,SKU-1140,10-Nov-25,12,0,0
R05,SKU-1140,11/11/2025,12,0,0
R05,SKU-1140,2025-11-12,19,1,0
R05,SKU-1140,2025-11-13,12,0,0
R05,SKU-1140,2025-11-14,19,0,0
R05,SKU-1140,2025-11-15,15,0,0
R05,SKU-1140,11/16/2025,18,0,0
R05,SKU-1140,17-Nov-25,11,1,0
R05,SKU-1140,2025-11-18,19,0,1
R05,SKU-1140,2025-11-19,10,1,0
R05,SKU-1140,20-Nov-25,12,0,0
R05,SKU-1140,2025-11-21,9,1,0
R05,SKU-1140,11/22/2025,20,0,0
R05,SKU-1140,23-Nov-25,14,0,1
R05,SKU-1140,2025-11-24,12,0,0
R05,SKU-1140,2025-11-25,16,1,0
R05,SKU-1140,2025-11-26,9,0,0
R05,SKU-1140,2025-11-27,17,0,0
R05,SKU-1140,2025-11-28,8,2,0
R05,SKU-1140,11/29/2025,9,0,1
R05,SKU-1140,2025-11-30,20,0,0
R05,SKU-1189,2025-11-01,13,0,0
R05,SKU-1189,2025-11-02,13,0,0
R05,SKU-1189,11/03/2025,8,0,0
R05,SKU-1189,2025-11-04,15,0,0
R05,SKU-1189,11/05/2025,16,0,0
R05,SKU-1189,2025-11-06,9,1,0
R05,SKU-1189,07-Nov-25,16,0,0
R05,SKU-1189,11/08/2025,12,0,0
R05,SKU-1189,2025-11-09,12,0,0
R05,SKU-1189,2025-11-10,8,0,0
R05,SKU-1189,2025-11-11,13,0,0
R05,SKU-1189,12-Nov-25,15,1,0
R05,SKU-1189,11/13/2025,18,0,0
R05,SKU-1189,2025-11-14,19,1,0
R05,SKU-1189,2025-11-15,18,0,0
R05,SKU-1189,2025-11-16,22,0,0
R05,SKU-1189,2025-11-17,17,2,0
R05,SKU-1189,2025-11-18,12,0,0
R05,SKU-1189,11/19/2025,10,0,0
R05,SKU-1189,2025-11-20,17,0,0
R05,SKU-1189,21-Nov-25,22,0,0
R05,SKU-1189,11/22/2025,14,0,0
R05,SKU-1189,11/23/2025,19,1,0
R05,SKU-1189,11/24/2025,10,0,0
R05,SKU-1189,25-Nov-25,15,0,0
R05,SKU-1189,11/26/2025,13,0,0
R05,SKU-1189,2025-11-27,24,0,0
R05,SKU-1189,11/28/2025,22,0,0
R05,SKU-1189,29-Nov-25,21,0,0
R05,SKU-1189,30-Nov-25,15,0,0
R05,SKU-1084,2025-11-01,21,1,0
R05,SKU-1084,02-Nov-25,22,1,0
R05,SKU-1084,2025-11-03,15,1,1
R05,SKU-1084,04-Nov-25,11,0,0
R05,SKU-1084,05-Nov-25,14,0,0
R05,SKU-1084,06-Nov-25,18,0,0
R05,SKU-1084,11/07/2025,13,0,1
R05,SKU-1084,2025-11-08,9,0,0
R05,SKU-1084,2025-11-09,17,0,0
R05,SKU-1084,2025-11-10,10,0,1
R05,SKU-1084,2025-11-11,9,0,0
R05,SKU-1084,2025-11-12,12,1,0
R05,SKU-1084,2025-11-13,11,0,0
R05,SKU-1084,11/14/2025,9,0,0
R05,SKU-1084,2025-11-15,13,0,0
R05,SKU-1084,2025-11-16,6,1,0
R05,SKU-1084,2025-11-17,11,0,0
R05,SKU-1084,18-Nov-25,14,1,0
R05,SKU-1084,2025-11-19,15,0,0
R05,SKU-1084,2025-11-20,21,0,0
R05,SKU-1084,11/21/2025,17,0,0
R05,SKU-1084,2025-11-22,8,0,0
R05,SKU-1084,2025-11-23,9,1,0
R05,SKU-1084,2025-11-24,10,0,0
R05,SKU-1084,11/25/2025,16,1,0
R05,SKU-1084,2025-11-26,14,0,0
R05,SKU-1084,2025-11-27,9,0,0
R05,SKU-1084,11/28/2025,7,0,0
R05,SKU-1084,2025-11-29,11,2,0
R05,SKU-1084,2025-11-30,9,0,0
R05,SKU-1168,2025-11-01,28,0,0
R05,SKU-1168,02-Nov-25,36,0,0
R05,SKU-1168,03-Nov-25,31,0,0
R05,SKU-1168,2025-11-04,26,0,0
R05,SKU-1168,05-Nov-25,24,0,0
R05,SKU-1168,11/06/2025,32,0,0
R05,SKU-1168,07-Nov-25,27,0,0
R05,SKU-1168,2025-11-08,21,0,0
R05,SKU-1168,09-Nov-25,41,0,0
R05,SKU-1168,2025-11-10,27,0,1
R05,SKU-1168,2025-11-11,29,0,0
R05,SKU-1168,12-Nov-25,30,0,0
R05,SKU-1168,2025-11-13,37,0,0
R05,SKU-1168,11/14/2025,36,1,1
R05,SKU-1168,2025-11-15,29,1,0
R05,SKU-1168,2025-11-16,32,1,0
R05,SKU-1168,2025-11-17,37,0,1
R05,SKU-1168,2025-11-18,27,0,0
R05,SKU-1168,2025-11-19,29,0,1
R05,SKU-1168,20-Nov-25,24,1,0
R05,SKU-1168,2025-11-21,32,2,0
R05,SKU-1168,11/22/2025,25,1,0
R05,SKU-1168,2025-11-23,36,0,0
R05,SKU-1168,2025-11-24,27,0,0
R05,SKU-1168,11/25/2025,24,0,0
R05,SKU-1168,2025-11-26,46,0,0
R05,SKU-1168,2025-11-27,35,0,0
R05,SKU-1168,11/28/2025,34,0,0
R05,SKU-1168,2025-11-29,39,0,0
R05,SKU-1168,11/30/2025,35,0,0
R05,SKU-1175,2025-11-01,45,1,0
R05,SKU-1175,2025-11-02,29,0,0
R05,SKU-1175,11/03/2025,28,0,0
R05,SKU-1175,11/04/2025,29,1,0
R05,SKU-1175,2025-11-05,35,1,0
R05,SKU-1175,11/06/2025,25,1,0
R05,SKU-1175,11/07/2025,34,0,0
R05,SKU-1175,2025-11-08,38,0,0
R05,SKU-1175,11/09/2025,38,1,0
R05,SKU-1175,11/10/2025,40,0,0
R05,SKU-1175,11-Nov-25,34,0,0
R05,SKU-1175,2025-11-12,29,0,0
R05,SKU-1175,2025-11-13,37,1,0
R05,SKU-1175,2025-11-14,38,0,0
R05,SKU-1175,2025-11-15,49,0,0
R05,SKU-1175,2025-11-16,27,0,1
R05,SKU-1175,2025-11-17,33,2,1
R05,SKU-1175,2025-11-18,32,1,1
R05,SKU-1175,11/19/2025,26,1,0
R05,SKU-1175,20-Nov-25,20,0,0
R05,SKU-1175,21-Nov-25,40,0,0
R05,SKU-1175,2025-11-22,32,0,0
R05,SKU-1175,2025-11-23,37,1,0
R05,SKU-1175,11/24/2025,29,1,1
R05,SKU-1175,2025-11-25,26,0,0
R05,SKU-1175,2025-11-26,40,1,1
R05,SKU-1175,2025-11-27,32,0,0
R05,SKU-1175,28-Nov-25,44,0,0
R05,SKU-1175,29-Nov-25,26,0,0
R05,SKU-1175,2025-11-30,28,0,0
R05,SKU-1070,2025-11-01,32,0,0
R05,SKU-1070,2025-11-02,40,1,1
R05,SKU-1070,03-Nov-25,34,0,0
R05,SKU-1070,2025-11-04,38,0,0
R05,SKU-1070,2025-11-05,32,0,0
R05,SKU-1070,11/06/2025,34,1,0
R05,SKU-1070,2025-11-07,37,1,0
R05,SKU-1070,2025-11-08,34,0,0
R05,SKU-1070,11/09/2025,29,0,1
R05,SKU-1070,2025-11-10,35,0,0
R05,SKU-1070,11-Nov-25,30,1,0
R05,SKU-1070,2025-11-12,22,0,0
R05,SKU-1070,13-Nov-25,40,0,0
R05,SKU-1070,2025-11-14,34,0,0
R05,SKU-1070,2025-11-15,28,0,0
R05,SKU-1070,2025-11-16,31,0,0
R05,SKU-1070,2025-11-17,31,1,0
R05,SKU-1070,2025-11-18,30,0,0
R05,SKU-1070,2025-11-19,30,0,0
R05,SKU-1070,2025-11-20,24,0,0
R05,SKU-1070,2025-11-21,26,3,0
R05,SKU-1070,11/22/2025,34,0,0
R05,SKU-1070,2025-11-23,37,1,0
R05,SKU-1070,2025-11-24,26,0,0
R05,SKU-1070,2025-11-25,32,1,0
R05,SKU-1070,2025-11-26,28,1,0
R05,SKU-1070,27-Nov-25,32,1,0
R05,SKU-1070,2025-11-28,23,0,0
R05,SKU-1070,11/29/2025,36,0,0
R05,SKU-1070,11/30/2025,38,0,0
