inventory_date,plant_id,resin_type,on_hand_kg,consumed_kg,received_kg,safety_stock_kg,LastModifiedDate
2025-01-01,P01,HDPE,89438.75,1471.98,33630.66,5000,2025-03-02 06:00:00
2025-01-02,P01,HDPE,88509.3,929.45,0.0,5000,2025-03-02 05:00:00
2025-01-03,P01,HDPE,88130.93,378.37,0.0,5000,2025-03-02 02:00:00
2025-01-04,P01,HDPE,85696.35,2434.58,0.0,5000,2025-03-02 15:00:00
2025-01-05,P01,HDPE,81324.43,4371.92,0.0,5000,2025-03-03 08:00:00
2025-01-06,P01,HDPE,79886.38,1438.05,0.0,5000,2025-03-04 06:00:00
2025-01-07,P01,HDPE,79886.38,0.0,0.0,5000,2025-03-04 02:00:00
2025-01-08,P01,HDPE,76837.7,3048.68,0.0,5000,2025-03-04 02:00:00
2025-01-09,P01,HDPE,75482.93,1354.77,0.0,5000,2025-03-02 21:00:00
2025-01-10,P01,HDPE,72061.38,3421.55,0.0,5000,2025-03-04 21:00:00
2025-01-11,P01,HDPE,69979.86,2081.52,0.0,5000,2025-03-03 13:00:00
2025-01-12,P01,HDPE,62625.38,7354.48,0.0,5000,2025-03-04 11:00:00
2025-01-13,P01,HDPE,60053.19,2572.19,0.0,5000,2025-03-04 04:00:00
2025-01-14,P01,HDPE,58510.18,1543.01,0.0,5000,2025-03-02 04:00:00
2025-01-15,P01,HDPE,85060.93,2263.15,28813.9,5000,2025-03-03 12:00:00
2025-01-16,P01,HDPE,80051.69,5009.24,0.0,5000,2025-03-03 13:00:00
2025-01-17,P01,HDPE,78419.82,1631.87,0.0,5000,2025-03-03 15:00:00
2025-01-18,P01,HDPE,64260.75,14159.07,0.0,5000,2025-03-04 04:00:00
2025-01-19,P01,HDPE,61323.94,2936.81,0.0,5000,2025-03-02 14:00:00
2025-01-20,P01,HDPE,53693.62,7630.32,0.0,5000,2025-03-03 07:00:00
2025-01-21,P01,HDPE,52649.78,1043.84,0.0,5000,2025-03-03 09:00:00
2025-01-22,P01,HDPE,50013.04,2636.74,0.0,5000,2025-03-04 15:00:00
2025-01-23,P01,HDPE,48026.07,1986.97,0.0,5000,2025-03-04 10:00:00
2025-01-24,P01,HDPE,44169.24,3856.83,0.0,5000,2025-03-02 09:00:00
2025-01-25,P01,HDPE,41938.15,2231.09,0.0,5000,2025-03-02 18:00:00
2025-01-26,P01,HDPE,41317.02,621.13,0.0,5000,2025-03-04 17:00:00
2025-01-27,P01,HDPE,39538.89,1778.13,0.0,5000,2025-03-03 14:00:00
2025-01-28,P01,HDPE,39195.41,343.48,0.0,5000,2025-03-02 04:00:00
2025-01-29,P01,HDPE,32640.26,6555.15,0.0,5000,2025-03-02 14:00:00
2025-01-30,P01,HDPE,32640.26,0.0,0.0,5000,2025-03-02 03:00:00
2025-01-31,P01,HDPE,28682.88,3957.38,0.0,5000,2025-03-04 06:00:00
2025-02-01,P01,HDPE,48392.59,5265.94,24975.65,5000,2025-03-04 21:00:00
2025-02-02,P01,HDPE,43555.45,4837.14,0.0,5000,2025-03-04 05:00:00
2025-02-03,P01,HDPE,42587.91,967.54,0.0,5000,2025-03-03 04:00:00
2025-02-04,P01,HDPE,35106.34,7481.57,0.0,5000,2025-03-02 07:00:00
2025-02-05,P01,HDPE,34142.09,964.25,0.0,5000,2025-03-04 14:00:00
2025-02-06,P01,HDPE,33318.29,823.8,0.0,5000,2025-03-04 19:00:00
2025-02-07,P01,HDPE,32291.33,1026.96,0.0,5000,2025-03-02 04:00:00
2025-02-08,P01,HDPE,31627.29,664.04,0.0,5000,2025-03-03 21:00:00
2025-02-09,P01,HDPE,29992.85,1634.44,0.0,5000,2025-03-03 22:00:00
2025-02-10,P01,HDPE,29382.77,610.08,0.0,5000,2025-03-02 00:00:00
2025-02-11,P01,HDPE,28155.48,1227.29,0.0,5000,2025-03-03 13:00:00
2025-02-12,P01,HDPE,27623.3,532.18,0.0,5000,2025-03-03 11:00:00
2025-02-13,P01,HDPE,27623.3,0.0,0.0,5000,2025-03-02 22:00:00
2025-02-14,P01,HDPE,26632.71,990.59,0.0,5000,2025-03-02 12:00:00
2025-02-15,P01,HDPE,53158.25,0.0,26525.54,5000,2025-03-03 08:00:00
2025-02-16,P01,HDPE,53158.25,0.0,0.0,5000,2025-03-03 14:00:00
2025-02-17,P01,HDPE,53158.25,0.0,0.0,5000,2025-03-03 09:00:00
2025-02-18,P01,HDPE,52233.35,924.9,0.0,5000,2025-03-03 08:00:00
2025-02-19,P01,HDPE,50081.3,2152.05,0.0,5000,2025-03-03 09:00:00
2025-02-20,P01,HDPE,49141.16,940.14,0.0,5000,2025-03-04 05:00:00
2025-02-21,P01,HDPE,45538.46,3602.7,0.0,5000,2025-03-02 03:00:00
2025-02-22,P01,HDPE,40353.08,5185.38,0.0,5000,2025-03-03 11:00:00
2025-02-23,P01,HDPE,32314.18,8038.9,0.0,5000,2025-03-03 20:00:00
2025-02-24,P01,HDPE,29714.94,2599.24,0.0,5000,2025-03-03 14:00:00
2025-02-25,P01,HDPE,29714.94,0.0,0.0,5000,2025-03-02 12:00:00
2025-02-26,P01,HDPE,26303.76,3411.18,0.0,5000,2025-03-04 12:00:00
2025-02-27,P01,HDPE,26303.76,0.0,0.0,5000,2025-03-02 18:00:00
2025-02-28,P01,HDPE,25623.03,680.73,0.0,5000,2025-03-04 08:00:00
2025-03-01,P01,HDPE,58011.01,1442.47,33830.45,5000,2025-03-04 06:00:00
2025-03-02,P01,HDPE,54846.87,3164.14,0.0,5000,2025-03-04 11:00:00
2025-03-03,P01,HDPE,50607.8,4239.07,0.0,5000,2025-03-03 21:00:00
2025-03-04,P01,HDPE,48358.38,2249.42,0.0,5000,2025-03-04 05:00:00
2025-03-05,P01,HDPE,47722.22,636.16,0.0,5000,2025-03-02 07:00:00
2025-03-06,P01,HDPE,40464.7,7257.52,0.0,5000,2025-03-04 14:00:00
2025-03-07,P01,HDPE,39720.02,744.68,0.0,5000,2025-03-02 10:00:00
2025-03-08,P01,HDPE,29891.84,9828.18,0.0,5000,2025-03-02 21:00:00
2025-03-09,P01,HDPE,28938.45,953.39,0.0,5000,2025-03-04 16:00:00
2025-03-10,P01,HDPE,23490.59,5447.86,0.0,5000,2025-03-02 20:00:00
2025-03-11,P01,HDPE,22385.47,1105.12,0.0,5000,2025-03-02 22:00:00
2025-03-12,P01,HDPE,12792.89,9592.58,0.0,5000,2025-03-04 08:00:00
2025-03-13,P01,HDPE,9471.68,3321.21,0.0,5000,2025-03-03 06:00:00
2025-03-14,P01,HDPE,800.0,9186.05,0.0,5000,2025-03-02 05:00:00
2025-03-15,P01,HDPE,29155.06,5528.65,33883.71,5000,2025-03-02 00:00:00
2025-03-16,P01,HDPE,27164.83,1990.23,0.0,5000,2025-03-03 20:00:00
2025-03-17,P01,HDPE,25096.9,2067.93,0.0,5000,2025-03-04 03:00:00
2025-03-18,P01,HDPE,25096.9,0.0,0.0,5000,2025-03-04 21:00:00
2025-03-19,P01,HDPE,21367.85,3729.05,0.0,5000,2025-03-04 04:00:00
2025-03-20,P01,HDPE,11667.01,9700.84,0.0,5000,2025-03-02 19:00:00
2025-03-21,P01,HDPE,10771.75,895.26,0.0,5000,2025-03-02 13:00:00
2025-03-22,P01,HDPE,10076.23,695.52,0.0,5000,2025-03-02 11:00:00
2025-03-23,P01,HDPE,10076.23,0.0,0.0,5000,2025-03-04 14:00:00
2025-03-24,P01,HDPE,6424.29,3651.94,0.0,5000,2025-03-04 13:00:00
2025-03-25,P01,HDPE,3330.8,3093.49,0.0,5000,2025-03-02 14:00:00
2025-03-26,P01,HDPE,2668.91,661.89,0.0,5000,2025-03-03 15:00:00
2025-03-27,P01,HDPE,800.0,4764.33,0.0,5000,2025-03-04 22:00:00
2025-03-28,P01,HDPE,800.0,948.06,0.0,5000,2025-03-04 02:00:00
2025-03-29,P01,HDPE,800.0,0.0,0.0,5000,2025-03-02 07:00:00
2025-03-30,P01,HDPE,800.0,1119.55,0.0,5000,2025-03-03 08:00:00
2025-03-31,P01,HDPE,800.0,3013.09,0.0,5000,2025-03-02 11:00:00
2025-04-01,P01,HDPE,18413.02,7074.07,24687.09,5000,2025-03-04 03:00:00
2025-04-02,P01,HDPE,16821.64,1591.38,0.0,5000,2025-03-03 06:00:00
2025-04-03,P01,HDPE,15165.5,1656.14,0.0,5000,2025-03-02 10:00:00
2025-04-04,P01,HDPE,14120.8,1044.7,0.0,5000,2025-03-04 15:00:00
2025-04-05,P01,HDPE,11291.47,2829.33,0.0,5000,2025-03-03 05:00:00
2025-04-06,P01,HDPE,6667.53,4623.94,0.0,5000,2025-03-02 10:00:00
2025-04-07,P01,HDPE,4312.69,2354.84,0.0,5000,2025-03-03 09:00:00
2025-04-08,P01,HDPE,2774.53,1538.16,0.0,5000,2025-03-02 13:00:00
2025-04-09,P01,HDPE,800.0,4902.05,0.0,5000,2025-03-04 22:00:00
2025-04-10,P01,HDPE,800.0,4266.52,0.0,5000,2025-03-04 03:00:00
2025-04-11,P01,HDPE,800.0,4598.5,0.0,5000,2025-03-02 05:00:00
2025-04-12,P01,HDPE,800.0,1190.22,0.0,5000,2025-03-03 15:00:00
2025-04-13,P01,HDPE,800.0,5221.36,0.0,5000,2025-03-03 05:00:00
2025-04-14,P01,HDPE,800.0,317.55,0.0,5000,2025-03-03 19:00:00
2025-04-15,P01,HDPE,23343.55,8776.91,31320.46,5000,2025-03-04 19:00:00
2025-04-16,P01,HDPE,23343.55,0.0,0.0,5000,2025-03-03 22:00:00
2025-04-17,P01,HDPE,22085.49,1258.06,0.0,5000,2025-03-02 08:00:00
2025-04-18,P01,HDPE,19413.33,2672.16,0.0,5000,2025-03-02 18:00:00
2025-04-19,P01,HDPE,17450.16,1963.17,0.0,5000,2025-03-03 16:00:00
2025-04-20,P01,HDPE,16521.45,928.71,0.0,5000,2025-03-04 03:00:00
2025-04-21,P01,HDPE,14002.92,2518.53,0.0,5000,2025-03-03 05:00:00
2025-04-22,P01,HDPE,6158.77,7844.15,0.0,5000,2025-03-02 07:00:00
2025-04-23,P01,HDPE,6158.77,0.0,0.0,5000,2025-03-04 01:00:00
2025-04-24,P01,HDPE,3060.67,3098.1,0.0,5000,2025-03-03 16:00:00
2025-04-25,P01,HDPE,800.0,4313.04,0.0,5000,2025-03-04 16:00:00
2025-04-26,P01,HDPE,800.0,5489.71,0.0,5000,2025-03-04 14:00:00
2025-04-27,P01,HDPE,800.0,1166.22,0.0,5000,2025-03-02 18:00:00
2025-04-28,P01,HDPE,800.0,2249.37,0.0,5000,2025-03-02 14:00:00
2025-04-29,P01,HDPE,800.0,920.27,0.0,5000,2025-03-02 03:00:00
2025-04-30,P01,HDPE,800.0,0.0,0.0,5000,2025-03-04 19:00:00
2025-05-01,P01,HDPE,32904.41,0.0,32104.41,5000,2025-03-02 12:00:00
2025-05-02,P01,HDPE,32904.41,0.0,0.0,5000,2025-03-03 12:00:00
2025-05-03,P01,HDPE,30084.8,2819.61,0.0,5000,2025-03-04 07:00:00
2025-05-04,P01,HDPE,29786.8,298.0,0.0,5000,2025-03-04 22:00:00
2025-05-05,P01,HDPE,26510.41,3276.39,0.0,5000,2025-03-03 00:00:00
2025-05-06,P01,HDPE,24527.62,1982.79,0.0,5000,2025-03-03 02:00:00
2025-05-07,P01,HDPE,24527.62,0.0,0.0,5000,2025-03-02 17:00:00
2025-05-08,P01,HDPE,23017.89,1509.73,0.0,5000,2025-03-02 16:00:00
2025-05-09,P01,HDPE,17351.04,5666.85,0.0,5000,2025-03-04 19:00:00
2025-05-10,P01,HDPE,11973.24,5377.8,0.0,5000,2025-03-02 02:00:00
2025-05-11,P01,HDPE,11487.86,485.38,0.0,5000,2025-03-04 15:00:00
2025-05-12,P01,HDPE,11487.86,0.0,0.0,5000,2025-03-03 03:00:00
2025-05-13,P01,HDPE,9507.57,1980.29,0.0,5000,2025-03-02 02:00:00
2025-05-14,P01,HDPE,7742.96,1764.61,0.0,5000,2025-03-02 01:00:00
2025-05-15,P01,HDPE,30240.95,3146.13,25644.12,5000,2025-03-02 22:00:00
2025-05-16,P01,HDPE,26831.91,3409.04,0.0,5000,2025-03-02 00:00:00
2025-05-17,P01,HDPE,22957.76,3874.15,0.0,5000,2025-03-04 13:00:00
2025-05-18,P01,HDPE,18370.73,4587.03,0.0,5000,2025-03-04 18:00:00
2025-05-19,P01,HDPE,16712.5,1658.23,0.0,5000,2025-03-02 21:00:00
2025-05-20,P01,HDPE,15061.99,1650.51,0.0,5000,2025-03-02 05:00:00
2025-05-21,P01,HDPE,14243.62,818.37,0.0,5000,2025-03-02 22:00:00
2025-05-22,P01,HDPE,12796.64,1446.98,0.0,5000,2025-03-02 02:00:00
2025-05-23,P01,HDPE,7883.44,4913.2,0.0,5000,2025-03-03 22:00:00
2025-05-24,P01,HDPE,5911.91,1971.53,0.0,5000,2025-03-03 03:00:00
2025-05-25,P01,HDPE,3245.76,2666.15,0.0,5000,2025-03-02 13:00:00
2025-05-26,P01,HDPE,2757.65,488.11,0.0,5000,2025-03-03 02:00:00
2025-05-27,P01,HDPE,2757.65,0.0,0.0,5000,2025-03-02 05:00:00
2025-05-28,P01,HDPE,800.0,4601.93,0.0,5000,2025-03-02 22:00:00
2025-05-29,P01,HDPE,800.0,0.0,0.0,5000,2025-03-03 10:00:00
2025-05-30,P01,HDPE,800.0,1697.28,0.0,5000,2025-03-04 09:00:00
2025-05-31,P01,HDPE,800.0,4529.28,0.0,5000,2025-03-02 12:00:00
2025-06-01,P01,HDPE,30749.24,1287.39,31236.63,5000,2025-03-04 01:00:00
2025-06-02,P01,HDPE,28406.57,2342.67,0.0,5000,2025-03-02 13:00:00
2025-06-03,P01,HDPE,23939.29,4467.28,0.0,5000,2025-03-03 03:00:00
2025-06-04,P01,HDPE,21975.1,1964.19,0.0,5000,2025-03-02 18:00:00
2025-06-05,P01,HDPE,14973.56,7001.54,0.0,5000,2025-03-04 15:00:00
2025-06-06,P01,HDPE,10830.55,4143.01,0.0,5000,2025-03-03 17:00:00
2025-06-07,P01,HDPE,10830.55,0.0,0.0,5000,2025-03-02 09:00:00
2025-06-08,P01,HDPE,5252.73,5577.82,0.0,5000,2025-03-02 00:00:00
2025-06-09,P01,HDPE,3123.46,2129.27,0.0,5000,2025-03-03 10:00:00
2025-06-10,P01,HDPE,966.13,2157.33,0.0,5000,2025-03-04 02:00:00
2025-06-11,P01,HDPE,800.0,3437.07,0.0,5000,2025-03-04 06:00:00
2025-06-12,P01,HDPE,800.0,5488.34,0.0,5000,2025-03-04 22:00:00
2025-06-13,P01,HDPE,800.0,1298.27,0.0,5000,2025-03-03 01:00:00
2025-06-14,P01,HDPE,800.0,0.0,0.0,5000,2025-03-02 03:00:00
2025-06-15,P01,HDPE,32581.3,812.13,32593.43,5000,2025-03-03 17:00:00
2025-06-16,P01,HDPE,32581.3,0.0,0.0,5000,2025-03-04 15:00:00
2025-06-17,P01,HDPE,30427.37,2153.93,0.0,5000,2025-03-02 09:00:00
2025-06-18,P01,HDPE,28248.65,2178.72,0.0,5000,2025-03-02 20:00:00
2025-06-19,P01,HDPE,27445.84,802.81,0.0,5000,2025-03-02 16:00:00
2025-06-20,P01,HDPE,26504.95,940.89,0.0,5000,2025-03-03 20:00:00
2025-06-21,P01,HDPE,18704.26,7800.69,0.0,5000,2025-03-02 16:00:00
2025-06-22,P01,HDPE,18704.26,0.0,0.0,5000,2025-03-04 18:00:00
2025-06-23,P01,HDPE,15822.23,2882.03,0.0,5000,2025-03-04 07:00:00
2025-06-24,P01,HDPE,14763.41,1058.82,0.0,5000,2025-03-04 01:00:00
2025-06-25,P01,HDPE,13005.94,1757.47,0.0,5000,2025-03-04 05:00:00
2025-06-26,P01,HDPE,11372.47,1633.47,0.0,5000,2025-03-03 07:00:00
2025-06-27,P01,HDPE,11372.47,0.0,0.0,5000,2025-03-02 01:00:00
2025-06-28,P01,HDPE,7479.79,3892.68,0.0,5000,2025-03-02 17:00:00
2025-06-29,P01,HDPE,3739.39,3740.4,0.0,5000,2025-03-04 22:00:00
2025-06-30,P01,HDPE,2086.54,1652.85,0.0,5000,2025-03-04 21:00:00
2025-07-01,P01,HDPE,33182.26,0.0,31095.72,5000,2025-03-02 13:00:00
2025-07-02,P01,HDPE,33182.26,0.0,0.0,5000,2025-03-02 21:00:00
2025-07-03,P01,HDPE,33182.26,0.0,0.0,5000,2025-03-03 21:00:00
2025-07-04,P01,HDPE,32099.47,1082.79,0.0,5000,2025-03-02 17:00:00
2025-07-05,P01,HDPE,26670.48,5428.99,0.0,5000,2025-03-02 22:00:00
2025-07-06,P01,HDPE,23231.99,3438.49,0.0,5000,2025-03-03 00:00:00
2025-07-07,P01,HDPE,21184.24,2047.75,0.0,5000,2025-03-02 04:00:00
2025-07-08,P01,HDPE,17637.74,3546.5,0.0,5000,2025-03-04 12:00:00
2025-07-09,P01,HDPE,13698.86,3938.88,0.0,5000,2025-03-02 11:00:00
2025-07-10,P01,HDPE,5893.84,7805.02,0.0,5000,2025-03-04 13:00:00
2025-07-11,P01,HDPE,2585.09,3308.75,0.0,5000,2025-03-04 04:00:00
2025-07-12,P01,HDPE,800.0,2056.8,0.0,5000,2025-03-03 07:00:00
2025-07-13,P01,HDPE,800.0,0.0,0.0,5000,2025-03-02 08:00:00
2025-07-14,P01,HDPE,800.0,3365.57,0.0,5000,2025-03-02 13:00:00
2025-07-15,P01,HDPE,18197.55,3152.0,20549.55,5000,2025-03-02 04:00:00
2025-07-16,P01,HDPE,16789.84,1407.71,0.0,5000,2025-03-04 05:00:00
2025-07-17,P01,HDPE,16789.84,0.0,0.0,5000,2025-03-04 16:00:00
2025-07-18,P01,HDPE,16208.43,581.41,0.0,5000,2025-03-02 11:00:00
2025-07-19,P01,HDPE,15139.62,1068.81,0.0,5000,2025-03-03 17:00:00
2025-07-20,P01,HDPE,13433.47,1706.15,0.0,5000,2025-03-03 20:00:00
2025-07-21,P01,HDPE,8324.65,5108.82,0.0,5000,2025-03-03 19:00:00
2025-07-22,P01,HDPE,3121.07,5203.58,0.0,5000,2025-03-03 13:00:00
2025-07-23,P01,HDPE,2577.03,544.04,0.0,5000,2025-03-03 14:00:00
2025-07-24,P01,HDPE,2577.03,0.0,0.0,5000,2025-03-04 15:00:00
2025-07-25,P01,HDPE,1023.96,1553.07,0.0,5000,2025-03-02 11:00:00
2025-07-26,P01,HDPE,800.0,5744.05,0.0,5000,2025-03-02 10:00:00
2025-07-27,P01,HDPE,800.0,0.0,0.0,5000,2025-03-02 08:00:00
2025-07-28,P01,HDPE,800.0,0.0,0.0,5000,2025-03-04 14:00:00
2025-07-29,P01,HDPE,800.0,2726.73,0.0,5000,2025-03-03 00:00:00
2025-07-30,P01,HDPE,800.0,8546.17,0.0,5000,2025-03-02 09:00:00
2025-07-31,P01,HDPE,800.0,1487.04,0.0,5000,2025-03-03 02:00:00
2025-08-01,P01,HDPE,30222.64,1171.23,30593.87,5000,2025-03-02 08:00:00
2025-08-02,P01,HDPE,26561.83,3660.81,0.0,5000,2025-03-02 22:00:00
2025-08-03,P01,HDPE,23527.69,3034.14,0.0,5000,2025-03-04 13:00:00
2025-08-04,P01,HDPE,23527.69,0.0,0.0,5000,2025-03-03 00:00:00
2025-08-05,P01,HDPE,23527.69,0.0,0.0,5000,2025-03-02 02:00:00
2025-08-06,P01,HDPE,21200.34,2327.35,0.0,5000,2025-03-02 09:00:00
2025-08-07,P01,HDPE,21200.34,0.0,0.0,5000,2025-03-03 21:00:00
2025-08-08,P01,HDPE,20370.01,830.33,0.0,5000,2025-03-03 11:00:00
2025-08-09,P01,HDPE,18986.5,1383.51,0.0,5000,2025-03-03 08:00:00
2025-08-10,P01,HDPE,16268.86,2717.64,0.0,5000,2025-03-03 16:00:00
2025-08-11,P01,HDPE,13780.51,2488.35,0.0,5000,2025-03-03 04:00:00
2025-08-12,P01,HDPE,9422.53,4357.98,0.0,5000,2025-03-03 04:00:00
2025-08-13,P01,HDPE,8686.88,735.65,0.0,5000,2025-03-02 06:00:00
2025-08-14,P01,HDPE,2969.82,5717.06,0.0,5000,2025-03-02 03:00:00
2025-08-15,P01,HDPE,22058.13,2484.7,21573.02,5000,2025-03-04 09:00:00
2025-08-16,P01,HDPE,19466.08,2592.05,0.0,5000,2025-03-04 03:00:00
2025-08-17,P01,HDPE,17182.83,2283.25,0.0,5000,2025-03-02 16:00:00
2025-08-18,P01,HDPE,15674.97,1507.86,0.0,5000,2025-03-02 02:00:00
2025-08-19,P01,HDPE,14840.91,834.06,0.0,5000,2025-03-03 14:00:00
2025-08-20,P01,HDPE,14174.63,666.28,0.0,5000,2025-03-04 18:00:00
2025-08-21,P01,HDPE,10919.46,3255.17,0.0,5000,2025-03-03 15:00:00
2025-08-22,P01,HDPE,10318.35,601.11,0.0,5000,2025-03-03 13:00:00
2025-08-23,P01,HDPE,9811.23,507.12,0.0,5000,2025-03-04 21:00:00
2025-08-24,P01,HDPE,8296.86,1514.37,0.0,5000,2025-03-03 13:00:00
2025-08-25,P01,HDPE,3412.11,4884.75,0.0,5000,2025-03-03 08:00:00
2025-08-26,P01,HDPE,3077.17,334.94,0.0,5000,2025-03-04 00:00:00
2025-08-27,P01,HDPE,2650.69,426.48,0.0,5000,2025-03-03 10:00:00
2025-08-28,P01,HDPE,874.73,1775.96,0.0,5000,2025-03-03 17:00:00
2025-08-29,P01,HDPE,800.0,4955.47,0.0,5000,2025-03-02 20:00:00
2025-08-30,P01,HDPE,800.0,1795.88,0.0,5000,2025-03-02 04:00:00
2025-08-31,P01,HDPE,800.0,1151.34,0.0,5000,2025-03-03 12:00:00
2025-09-01,P01,HDPE,32151.06,2034.5,33385.56,5000,2025-03-03 04:00:00
2025-09-02,P01,HDPE,29322.33,2828.73,0.0,5000,2025-03-03 09:00:00
2025-09-03,P01,HDPE,25388.44,3933.89,0.0,5000,2025-03-04 17:00:00
2025-09-04,P01,HDPE,21134.69,4253.75,0.0,5000,2025-03-03 11:00:00
2025-09-05,P01,HDPE,18189.06,2945.63,0.0,5000,2025-03-04 11:00:00
2025-09-06,P01,HDPE,16804.42,1384.64,0.0,5000,2025-03-03 17:00:00
2025-09-07,P01,HDPE,14634.59,2169.83,0.0,5000,2025-03-03 17:00:00
2025-09-08,P01,HDPE,14351.9,282.69,0.0,5000,2025-03-04 22:00:00
2025-09-09,P01,HDPE,12202.21,2149.69,0.0,5000,2025-03-04 22:00:00
2025-09-10,P01,HDPE,7209.8,4992.41,0.0,5000,2025-03-02 08:00:00
2025-09-11,P01,HDPE,5949.84,1259.96,0.0,5000,2025-03-03 07:00:00
2025-09-12,P01,HDPE,1031.65,4918.19,0.0,5000,2025-03-04 04:00:00
2025-09-13,P01,HDPE,800.0,1779.0,0.0,5000,2025-03-04 00:00:00
2025-09-14,P01,HDPE,800.0,6509.77,0.0,5000,2025-03-03 13:00:00
2025-09-15,P01,HDPE,29696.27,1562.07,30458.34,5000,2025-03-02 12:00:00
2025-09-16,P01,HDPE,27858.16,1838.11,0.0,5000,2025-03-03 13:00:00
2025-09-17,P01,HDPE,27147.58,710.58,0.0,5000,2025-03-04 05:00:00
2025-09-18,P01,HDPE,23553.52,3594.06,0.0,5000,2025-03-02 17:00:00
2025-09-19,P01,HDPE,18158.15,5395.37,0.0,5000,2025-03-02 04:00:00
2025-09-20,P01,HDPE,16994.71,1163.44,0.0,5000,2025-03-04 22:00:00
2025-09-21,P01,HDPE,10075.68,6919.03,0.0,5000,2025-03-04 16:00:00
2025-09-22,P01,HDPE,7951.28,2124.4,0.0,5000,2025-03-02 21:00:00
2025-09-23,P01,HDPE,2417.55,5533.73,0.0,5000,2025-03-04 01:00:00
2025-09-24,P01,HDPE,800.0,5894.02,0.0,5000,2025-03-04 07:00:00
2025-09-25,P01,HDPE,800.0,2430.44,0.0,5000,2025-03-04 10:00:00
2025-09-26,P01,HDPE,800.0,1054.75,0.0,5000,2025-03-03 02:00:00
2025-09-27,P01,HDPE,800.0,4282.11,0.0,5000,2025-03-02 06:00:00
2025-09-28,P01,HDPE,800.0,1810.21,0.0,5000,2025-03-04 09:00:00
2025-09-29,P01,HDPE,800.0,2050.59,0.0,5000,2025-03-03 12:00:00
2025-09-30,P01,HDPE,800.0,4982.76,0.0,5000,2025-03-03 10:00:00
2025-10-01,P01,HDPE,19582.58,5334.77,24117.35,5000,2025-03-03 12:00:00
2025-10-02,P01,HDPE,17270.19,2312.39,0.0,5000,2025-03-03 00:00:00
2025-10-03,P01,HDPE,10783.39,6486.8,0.0,5000,2025-03-04 20:00:00
2025-10-04,P01,HDPE,8742.16,2041.23,0.0,5000,2025-03-02 21:00:00
2025-10-05,P01,HDPE,3740.24,5001.92,0.0,5000,2025-03-02 01:00:00
2025-10-06,P01,HDPE,1713.52,2026.72,0.0,5000,2025-03-03 09:00:00
2025-10-07,P01,HDPE,800.0,1821.93,0.0,5000,2025-03-04 12:00:00
2025-10-08,P01,HDPE,800.0,6939.08,0.0,5000,2025-03-04 06:00:00
2025-10-09,P01,HDPE,800.0,2404.7,0.0,5000,2025-03-02 17:00:00
2025-10-10,P01,HDPE,800.0,4640.29,0.0,5000,2025-03-04 15:00:00
2025-10-11,P01,HDPE,800.0,0.0,0.0,5000,2025-03-02 04:00:00
2025-10-12,P01,HDPE,800.0,3737.36,0.0,5000,2025-03-03 18:00:00
2025-10-13,P01,HDPE,800.0,1212.63,0.0,5000,2025-03-04 00:00:00
2025-10-14,P01,HDPE,800.0,309.16,0.0,5000,2025-03-02 22:00:00
2025-10-15,P01,HDPE,22502.64,0.0,21702.64,5000,2025-03-02 13:00:00
2025-10-16,P01,HDPE,22502.64,0.0,0.0,5000,2025-03-04 13:00:00
2025-10-17,P01,HDPE,22502.64,0.0,0.0,5000,2025-03-03 08:00:00
2025-10-18,P01,HDPE,21343.74,1158.9,0.0,5000,2025-03-04 16:00:00
2025-10-19,P01,HDPE,20280.7,1063.04,0.0,5000,2025-03-04 05:00:00
2025-10-20,P01,HDPE,19118.08,1162.62,0.0,5000,2025-03-03 21:00:00
2025-10-21,P01,HDPE,19118.08,0.0,0.0,5000,2025-03-02 14:00:00
2025-10-22,P01,HDPE,15588.62,3529.46,0.0,5000,2025-03-04 13:00:00
2025-10-23,P01,HDPE,13230.1,2358.52,0.0,5000,2025-03-03 03:00:00
2025-10-24,P01,HDPE,9006.75,4223.35,0.0,5000,2025-03-02 02:00:00
2025-10-25,P01,HDPE,5446.23,3560.52,0.0,5000,2025-03-02 05:00:00
2025-10-26,P01,HDPE,2173.3,3272.93,0.0,5000,2025-03-02 12:00:00
2025-10-27,P01,HDPE,800.0,6108.05,0.0,5000,2025-03-03 17:00:00
2025-10-28,P01,HDPE,800.0,1673.68,0.0,5000,2025-03-03 11:00:00
2025-10-29,P01,HDPE,800.0,5681.54,0.0,5000,2025-03-02 09:00:00
2025-10-30,P01,HDPE,800.0,4934.03,0.0,5000,2025-03-04 05:00:00
2025-10-31,P01,HDPE,800.0,1504.71,0.0,5000,2025-03-03 00:00:00
2025-11-01,P01,HDPE,23503.44,2558.57,25262.01,5000,2025-03-03 10:00:00
2025-11-02,P01,HDPE,23503.44,0.0,0.0,5000,2025-03-02 02:00:00
2025-11-03,P01,HDPE,20064.32,3439.12,0.0,5000,2025-03-03 14:00:00
2025-11-04,P01,HDPE,20064.32,0.0,0.0,5000,2025-03-02 08:00:00
2025-11-05,P01,HDPE,15864.77,4199.55,0.0,5000,2025-03-02 01:00:00
2025-11-06,P01,HDPE,15466.37,398.4,0.0,5000,2025-03-02 04:00:00
2025-11-07,P01,HDPE,11691.56,3774.81,0.0,5000,2025-03-02 17:00:00
2025-11-08,P01,HDPE,7224.08,4467.48,0.0,5000,2025-03-02 03:00:00
2025-11-09,P01,HDPE,2713.92,4510.16,0.0,5000,2025-03-02 08:00:00
2025-11-10,P01,HDPE,800.0,5689.4,0.0,5000,2025-03-02 15:00:00
2025-11-11,P01,HDPE,800.0,6128.79,0.0,5000,2025-03-03 05:00:00
2025-11-12,P01,HDPE,800.0,1581.78,0.0,5000,2025-03-02 02:00:00
2025-11-13,P01,HDPE,800.0,1619.97,0.0,5000,2025-03-04 22:00:00
2025-11-14,P01,HDPE,800.0,2767.08,0.0,5000,2025-03-02 00:00:00
2025-11-15,P01,HDPE,20537.18,1684.96,21422.14,5000,2025-03-02 05:00:00
2025-11-16,P01,HDPE,17558.79,2978.39,0.0,5000,2025-03-04 16:00:00
2025-11-17,P01,HDPE,9789.14,7769.65,0.0,5000,2025-03-03 08:00:00
2025-11-18,P01,HDPE,9145.08,644.06,0.0,5000,2025-03-03 10:00:00
2025-11-19,P01,HDPE,7210.76,1934.32,0.0,5000,2025-03-03 11:00:00
2025-11-20,P01,HDPE,800.0,8545.02,0.0,5000,2025-03-03 13:00:00
2025-11-21,P01,HDPE,800.0,578.11,0.0,5000,2025-03-03 00:00:00
2025-11-22,P01,HDPE,800.0,875.17,0.0,5000,2025-03-02 11:00:00
2025-11-23,P01,HDPE,800.0,4596.2,0.0,5000,2025-03-02 08:00:00
2025-11-24,P01,HDPE,800.0,3833.06,0.0,5000,2025-03-03 12:00:00
2025-11-25,P01,HDPE,800.0,0.0,0.0,5000,2025-03-03 19:00:00
2025-11-26,P01,HDPE,800.0,8718.26,0.0,5000,2025-03-02 06:00:00
2025-11-27,P01,HDPE,800.0,5867.16,0.0,5000,2025-03-03 17:00:00
2025-11-28,P01,HDPE,800.0,3275.75,0.0,5000,2025-03-04 08:00:00
2025-11-29,P01,HDPE,800.0,5422.86,0.0,5000,2025-03-02 08:00:00
2025-11-30,P01,HDPE,800.0,0.0,0.0,5000,2025-03-03 22:00:00
2025-12-01,P01,HDPE,34562.8,0.0,33762.8,5000,2025-03-04 20:00:00
2025-12-02,P01,HDPE,31622.24,2940.56,0.0,5000,2025-03-03 04:00:00
2025-12-03,P01,HDPE,27659.85,3962.39,0.0,5000,2025-03-02 20:00:00
2025-12-04,P01,HDPE,26560.68,1099.17,0.0,5000,2025-03-02 03:00:00
2025-12-05,P01,HDPE,24237.04,2323.64,0.0,5000,2025-03-02 19:00:00
2025-12-06,P01,HDPE,23057.1,1179.94,0.0,5000,2025-03-04 10:00:00
2025-12-07,P01,HDPE,21476.12,1580.98,0.0,5000,2025-03-04 12:00:00
2025-12-08,P01,HDPE,20015.69,1460.43,0.0,5000,2025-03-03 11:00:00
2025-12-09,P01,HDPE,17914.36,2101.33,0.0,5000,2025-03-04 19:00:00
2025-12-10,P01,HDPE,17122.5,791.86,0.0,5000,2025-03-04 11:00:00
2025-12-11,P01,HDPE,13135.9,3986.6,0.0,5000,2025-03-02 06:00:00
2025-12-12,P01,HDPE,9281.97,3853.93,0.0,5000,2025-03-03 22:00:00
2025-12-13,P01,HDPE,7726.07,1555.9,0.0,5000,2025-03-02 08:00:00
2025-12-14,P01,HDPE,2503.14,5222.93,0.0,5000,2025-03-02 01:00:00
2025-12-15,P01,HDPE,31102.61,2607.88,31207.35,5000,2025-03-03 04:00:00
2025-12-16,P01,HDPE,28472.38,2630.23,0.0,5000,2025-03-03 03:00:00
2025-12-17,P01,HDPE,28046.55,425.83,0.0,5000,2025-03-03 15:00:00
2025-12-18,P01,HDPE,28046.55,0.0,0.0,5000,2025-03-03 01:00:00
2025-12-19,P01,HDPE,25946.34,2100.21,0.0,5000,2025-03-03 18:00:00
2025-12-20,P01,HDPE,23711.92,2234.42,0.0,5000,2025-03-04 06:00:00
2025-12-21,P01,HDPE,14505.62,9206.3,0.0,5000,2025-03-02 01:00:00
2025-12-22,P01,HDPE,13413.37,1092.25,0.0,5000,2025-03-03 21:00:00
2025-12-23,P01,HDPE,8960.5,4452.87,0.0,5000,2025-03-04 07:00:00
2025-12-24,P01,HDPE,6016.82,2943.68,0.0,5000,2025-03-02 15:00:00
2025-12-25,P01,HDPE,3638.85,2377.97,0.0,5000,2025-03-03 16:00:00
2025-12-26,P01,HDPE,800.0,3700.05,0.0,5000,2025-03-04 18:00:00
2025-12-27,P01,HDPE,800.0,3675.74,0.0,5000,2025-03-03 06:00:00
2025-12-28,P01,HDPE,800.0,936.91,0.0,5000,2025-03-04 15:00:00
2025-12-29,P01,HDPE,800.0,2529.0,0.0,5000,2025-03-03 03:00:00
2025-12-30,P01,HDPE,800.0,4094.95,0.0,5000,2025-03-03 21:00:00
2025-12-31,P01,HDPE,800.0,4352.17,0.0,5000,2025-03-04 16:00:00
2026-01-01,P01,HDPE,17999.52,8271.78,25471.3,5000,2025-03-03 17:00:00
2026-01-02,P01,HDPE,16004.69,1994.83,0.0,5000,2025-03-04 08:00:00
2026-01-03,P01,HDPE,14319.1,1685.59,0.0,5000,2025-03-04 01:00:00
2026-01-04,P01,HDPE,12639.23,1679.87,0.0,5000,2025-03-04 11:00:00
2026-01-05,P01,HDPE,7257.86,5381.37,0.0,5000,2025-03-02 21:00:00
2026-01-06,P01,HDPE,7257.86,0.0,0.0,5000,2025-03-03 03:00:00
2026-01-07,P01,HDPE,7057.53,200.33,0.0,5000,2025-03-04 04:00:00
2026-01-08,P01,HDPE,3772.25,3285.28,0.0,5000,2025-03-02 12:00:00
2026-01-09,P01,HDPE,1743.18,2029.07,0.0,5000,2025-03-02 06:00:00
2026-01-10,P01,HDPE,800.0,2700.28,0.0,5000,2025-03-03 09:00:00
2026-01-11,P01,HDPE,800.0,5017.56,0.0,5000,2025-03-02 18:00:00
2026-01-12,P01,HDPE,800.0,3353.51,0.0,5000,2025-03-03 19:00:00
2026-01-13,P01,HDPE,800.0,4249.77,0.0,5000,2025-03-04 14:00:00
2026-01-14,P01,HDPE,800.0,10407.54,0.0,5000,2025-03-04 19:00:00
2026-01-15,P01,HDPE,28554.49,945.37,28699.86,5000,2025-03-02 10:00:00
2026-01-16,P01,HDPE,26219.75,2334.74,0.0,5000,2025-03-03 00:00:00
2026-01-17,P01,HDPE,22783.04,3436.71,0.0,5000,2025-03-04 03:00:00
2026-01-18,P01,HDPE,20307.59,2475.45,0.0,5000,2025-03-02 06:00:00
2026-01-19,P01,HDPE,20307.59,0.0,0.0,5000,2025-03-03 19:00:00
2026-01-20,P01,HDPE,18670.68,1636.91,0.0,5000,2025-03-04 06:00:00
2026-01-21,P01,HDPE,15870.73,2799.95,0.0,5000,2025-03-04 06:00:00
2026-01-22,P01,HDPE,11803.48,4067.25,0.0,5000,2025-03-03 06:00:00
2026-01-23,P01,HDPE,11803.48,0.0,0.0,5000,2025-03-02 19:00:00
2026-01-24,P01,HDPE,4681.0,7122.48,0.0,5000,2025-03-03 20:00:00
2026-01-25,P01,HDPE,4681.0,0.0,0.0,5000,2025-03-03 18:00:00
2026-01-26,P01,HDPE,3389.17,1291.83,0.0,5000,2025-03-02 20:00:00
2026-01-27,P01,HDPE,800.0,3933.43,0.0,5000,2025-03-04 20:00:00
2026-01-28,P01,HDPE,800.0,4035.59,0.0,5000,2025-03-04 06:00:00
2026-01-29,P01,HDPE,800.0,355.24,0.0,5000,2025-03-02 08:00:00
2026-01-30,P01,HDPE,800.0,3790.55,0.0,5000,2025-03-04 11:00:00
2026-01-31,P01,HDPE,800.0,627.05,0.0,5000,2025-03-03 04:00:00
2026-02-01,P01,HDPE,27880.39,1326.24,28406.63,5000,2025-03-02 19:00:00
2026-02-02,P01,HDPE,27880.39,0.0,0.0,5000,2025-03-04 07:00:00
2026-02-03,P01,HDPE,21871.95,6008.44,0.0,5000,2025-03-03 02:00:00
2026-02-04,P01,HDPE,21158.19,713.76,0.0,5000,2025-03-02 19:00:00
2026-02-05,P01,HDPE,19870.79,1287.4,0.0,5000,2025-03-04 08:00:00
2026-02-06,P01,HDPE,17841.68,2029.11,0.0,5000,2025-03-02 22:00:00
2026-02-07,P01,HDPE,13284.12,4557.56,0.0,5000,2025-03-04 18:00:00
2026-02-08,P01,HDPE,10573.43,2710.69,0.0,5000,2025-03-03 02:00:00
2026-02-09,P01,HDPE,6692.89,3880.54,0.0,5000,2025-03-02 03:00:00
2026-02-10,P01,HDPE,3405.82,3287.07,0.0,5000,2025-03-04 10:00:00
2026-02-11,P01,HDPE,800.0,3200.92,0.0,5000,2025-03-02 07:00:00
2026-02-12,P01,HDPE,800.0,2467.88,0.0,5000,2025-03-04 22:00:00
2026-02-13,P01,HDPE,800.0,4339.42,0.0,5000,2025-03-02 03:00:00
2026-02-14,P01,HDPE,800.0,5162.34,0.0,5000,2025-03-03 04:00:00
2026-02-15,P01,HDPE,25754.63,5773.85,30728.48,5000,2025-03-04 09:00:00
2026-02-16,P01,HDPE,15223.89,10530.74,0.0,5000,2025-03-03 08:00:00
2026-02-17,P01,HDPE,15223.89,0.0,0.0,5000,2025-03-02 00:00:00
2026-02-18,P01,HDPE,14651.44,572.45,0.0,5000,2025-03-04 16:00:00
2026-02-19,P01,HDPE,12160.39,2491.05,0.0,5000,2025-03-04 12:00:00
2026-02-20,P01,HDPE,5319.92,6840.47,0.0,5000,2025-03-04 07:00:00
2026-02-21,P01,HDPE,4523.79,796.13,0.0,5000,2025-03-02 20:00:00
2026-02-22,P01,HDPE,2537.5,1986.29,0.0,5000,2025-03-04 10:00:00
2026-02-23,P01,HDPE,800.0,2541.16,0.0,5000,2025-03-04 07:00:00
2026-02-24,P01,HDPE,800.0,1892.13,0.0,5000,2025-03-02 11:00:00
2026-02-25,P01,HDPE,800.0,2322.06,0.0,5000,2025-03-03 06:00:00
2026-02-26,P01,HDPE,800.0,4589.36,0.0,5000,2025-03-02 20:00:00
2026-02-27,P01,HDPE,800.0,1935.63,0.0,5000,2025-03-04 10:00:00
2026-02-28,P01,HDPE,800.0,3086.83,0.0,5000,2025-03-02 19:00:00
2026-03-01,P01,HDPE,24284.51,6657.94,30142.45,5000,2025-03-04 13:00:00
2026-03-02,P01,HDPE,20963.2,3321.31,0.0,5000,2025-03-04 05:00:00
2026-03-03,P01,HDPE,19492.04,1471.16,0.0,5000,2025-03-02 19:00:00
2026-03-04,P01,HDPE,18099.29,1392.75,0.0,5000,2025-03-04 03:00:00
2026-03-05,P01,HDPE,15248.07,2851.22,0.0,5000,2025-03-04 17:00:00
2026-03-06,P01,HDPE,10643.57,4604.5,0.0,5000,2025-03-03 12:00:00
2026-03-07,P01,HDPE,9548.28,1095.29,0.0,5000,2025-03-02 14:00:00
2026-03-08,P01,HDPE,800.0,10963.94,0.0,5000,2025-03-04 02:00:00
2026-03-09,P01,HDPE,800.0,1568.06,0.0,5000,2025-03-03 11:00:00
2026-03-10,P01,HDPE,800.0,4350.29,0.0,5000,2025-03-02 10:00:00
2026-03-11,P01,HDPE,800.0,4714.36,0.0,5000,2025-03-03 17:00:00
2026-03-12,P01,HDPE,800.0,2020.8,0.0,5000,2025-03-02 03:00:00
2026-03-13,P01,HDPE,800.0,5062.78,0.0,5000,2025-03-03 08:00:00
2026-03-14,P01,HDPE,800.0,2367.81,0.0,5000,2025-03-03 06:00:00
2026-03-15,P01,HDPE,26510.2,5454.28,31164.48,5000,2025-03-04 20:00:00
2026-03-16,P01,HDPE,20717.79,5792.41,0.0,5000,2025-03-04 17:00:00
2026-03-17,P01,HDPE,19756.68,961.11,0.0,5000,2025-03-04 06:00:00
2026-03-18,P01,HDPE,17239.69,2516.99,0.0,5000,2025-03-03 16:00:00
2026-03-19,P01,HDPE,14379.96,2859.73,0.0,5000,2025-03-03 07:00:00
2026-03-20,P01,HDPE,11621.06,2758.9,0.0,5000,2025-03-04 00:00:00
2026-03-21,P01,HDPE,7390.84,4230.22,0.0,5000,2025-03-02 06:00:00
2026-03-22,P01,HDPE,7390.84,0.0,0.0,5000,2025-03-04 13:00:00
2026-03-23,P01,HDPE,5835.65,1555.19,0.0,5000,2025-03-04 18:00:00
2026-03-24,P01,HDPE,3738.51,2097.14,0.0,5000,2025-03-04 13:00:00
2026-03-25,P01,HDPE,3738.51,0.0,0.0,5000,2025-03-02 22:00:00
2026-03-26,P01,HDPE,800.0,2964.55,0.0,5000,2025-03-04 21:00:00
2026-03-27,P01,HDPE,800.0,2075.64,0.0,5000,2025-03-02 05:00:00
2026-03-28,P01,HDPE,800.0,6809.31,0.0,5000,2025-03-04 14:00:00
2026-03-29,P01,HDPE,800.0,4975.97,0.0,5000,2025-03-04 06:00:00
2026-03-30,P01,HDPE,800.0,4122.59,0.0,5000,2025-03-04 04:00:00
2026-03-31,P01,HDPE,800.0,3745.33,0.0,5000,2025-03-02 00:00:00
2026-04-01,P01,HDPE,19128.3,1808.22,20136.52,5000,2025-03-02 21:00:00
2026-04-02,P01,HDPE,17524.88,1603.42,0.0,5000,2025-03-03 17:00:00
2026-04-03,P01,HDPE,15850.98,1673.9,0.0,5000,2025-03-04 03:00:00
2026-04-04,P01,HDPE,12486.53,3364.45,0.0,5000,2025-03-03 16:00:00
2026-04-05,P01,HDPE,10003.98,2482.55,0.0,5000,2025-03-04 13:00:00
2026-04-06,P01,HDPE,6578.08,3425.9,0.0,5000,2025-03-04 07:00:00
2026-04-07,P01,HDPE,2672.75,3905.33,0.0,5000,2025-03-04 08:00:00
2026-04-08,P01,HDPE,800.0,4877.45,0.0,5000,2025-03-04 14:00:00
2026-04-09,P01,HDPE,800.0,0.0,0.0,5000,2025-03-03 11:00:00
2026-04-10,P01,HDPE,800.0,5754.6,0.0,5000,2025-03-04 22:00:00
2026-04-11,P01,HDPE,800.0,1451.64,0.0,5000,2025-03-04 09:00:00
2026-04-12,P01,HDPE,800.0,797.29,0.0,5000,2025-03-03 07:00:00
2026-04-13,P01,HDPE,800.0,4176.46,0.0,5000,2025-03-02 03:00:00
2026-04-14,P01,HDPE,800.0,5051.58,0.0,5000,2025-03-03 11:00:00
2026-04-15,P01,HDPE,27362.76,467.84,27030.6,5000,2025-03-04 07:00:00
2026-04-16,P01,HDPE,24300.25,3062.51,0.0,5000,2025-03-04 01:00:00
2026-04-17,P01,HDPE,19665.72,4634.53,0.0,5000,2025-03-04 20:00:00
2026-04-18,P01,HDPE,19665.72,0.0,0.0,5000,2025-03-02 13:00:00
2026-04-19,P01,HDPE,18030.72,1635.0,0.0,5000,2025-03-02 07:00:00
2026-04-20,P01,HDPE,12063.17,5967.55,0.0,5000,2025-03-03 12:00:00
2026-04-21,P01,HDPE,10312.82,1750.35,0.0,5000,2025-03-02 01:00:00
2026-04-22,P01,HDPE,10312.82,0.0,0.0,5000,2025-03-02 11:00:00
2026-04-23,P01,HDPE,6593.59,3719.23,0.0,5000,2025-03-02 10:00:00
2026-04-24,P01,HDPE,3738.18,2855.41,0.0,5000,2025-03-04 14:00:00
2026-04-25,P01,HDPE,1168.41,2569.77,0.0,5000,2025-03-03 18:00:00
2026-04-26,P01,HDPE,800.0,1112.28,0.0,5000,2025-03-02 20:00:00
2026-04-27,P01,HDPE,800.0,2096.88,0.0,5000,2025-03-04 07:00:00
2026-04-28,P01,HDPE,800.0,4888.36,0.0,5000,2025-03-02 00:00:00
2026-04-29,P01,HDPE,800.0,893.51,0.0,5000,2025-03-04 14:00:00
2026-04-30,P01,HDPE,800.0,2111.05,0.0,5000,2025-03-03 08:00:00
2026-05-01,P01,HDPE,28704.87,3720.06,31624.93,5000,2025-03-02 01:00:00
2026-05-02,P01,HDPE,28704.87,0.0,0.0,5000,2025-03-04 01:00:00
2026-05-03,P01,HDPE,24289.39,4415.48,0.0,5000,2025-03-02 03:00:00
2026-05-04,P01,HDPE,22374.45,1914.94,0.0,5000,2025-03-02 08:00:00
2026-05-05,P01,HDPE,13398.84,8975.61,0.0,5000,2025-03-02 06:00:00
2026-05-06,P01,HDPE,11446.47,1952.37,0.0,5000,2025-03-04 21:00:00
2026-05-07,P01,HDPE,9143.9,2302.57,0.0,5000,2025-03-02 02:00:00
2026-05-08,P01,HDPE,3719.83,5424.07,0.0,5000,2025-03-04 08:00:00
2026-05-09,P01,HDPE,2467.09,1252.74,0.0,5000,2025-03-03 01:00:00
2026-05-10,P01,HDPE,2095.26,371.83,0.0,5000,2025-03-03 13:00:00
2026-05-11,P01,HDPE,800.0,2581.28,0.0,5000,2025-03-03 07:00:00
2026-05-12,P01,HDPE,800.0,524.62,0.0,5000,2025-03-04 09:00:00
2026-05-13,P01,HDPE,800.0,2342.09,0.0,5000,2025-03-04 22:00:00
2026-05-14,P01,HDPE,800.0,1936.4,0.0,5000,2025-03-02 04:00:00
2026-05-15,P01,HDPE,22443.69,2085.87,23729.56,5000,2025-03-02 11:00:00
2026-05-16,P01,HDPE,20325.4,2118.29,0.0,5000,2025-03-03 21:00:00
2026-05-17,P01,HDPE,13123.78,7201.62,0.0,5000,2025-03-03 01:00:00
2026-05-18,P01,HDPE,11899.79,1223.99,0.0,5000,2025-03-02 11:00:00
2026-05-19,P01,HDPE,9390.44,2509.35,0.0,5000,2025-03-02 03:00:00
2026-05-20,P01,HDPE,9129.83,260.61,0.0,5000,2025-03-02 04:00:00
2026-05-21,P01,HDPE,8057.62,1072.21,0.0,5000,2025-03-03 10:00:00
2026-05-22,P01,HDPE,6617.47,1440.15,0.0,5000,2025-03-03 12:00:00
2026-05-23,P01,HDPE,5858.12,759.35,0.0,5000,2025-03-04 11:00:00
2026-05-24,P01,HDPE,5327.44,530.68,0.0,5000,2025-03-04 03:00:00
2026-05-25,P01,HDPE,3924.25,1403.19,0.0,5000,2025-03-04 10:00:00
2026-05-26,P01,HDPE,800.0,6729.48,0.0,5000,2025-03-02 21:00:00
2026-05-27,P01,HDPE,800.0,4186.91,0.0,5000,2025-03-02 11:00:00
2026-05-28,P01,HDPE,800.0,0.0,0.0,5000,2025-03-04 12:00:00
2026-05-29,P01,HDPE,800.0,1897.57,0.0,5000,2025-03-03 03:00:00
2026-05-30,P01,HDPE,800.0,5340.71,0.0,5000,2025-03-04 00:00:00
2026-05-31,P01,HDPE,800.0,2257.28,0.0,5000,2025-03-04 10:00:00
2026-06-01,P01,HDPE,32402.64,657.08,32259.72,5000,2025-03-03 04:00:00
2026-06-02,P01,HDPE,28617.63,3785.01,0.0,5000,2025-03-03 16:00:00
2026-06-03,P01,HDPE,23081.73,5535.9,0.0,5000,2025-03-02 04:00:00
2026-06-04,P01,HDPE,21353.96,1727.77,0.0,5000,2025-03-04 00:00:00
2026-06-05,P01,HDPE,21353.96,0.0,0.0,5000,2025-03-02 22:00:00
2026-06-06,P01,HDPE,18905.71,2448.25,0.0,5000,2025-03-02 06:00:00
2026-06-07,P01,HDPE,15098.32,3807.39,0.0,5000,2025-03-03 06:00:00
2026-06-08,P01,HDPE,12999.04,2099.28,0.0,5000,2025-03-03 20:00:00
2026-06-09,P01,HDPE,10158.43,2840.61,0.0,5000,2025-03-02 02:00:00
2026-06-10,P01,HDPE,6820.74,3337.69,0.0,5000,2025-03-03 04:00:00
2026-06-11,P01,HDPE,6820.74,0.0,0.0,5000,2025-03-02 07:00:00
2026-06-12,P01,HDPE,6027.54,793.2,0.0,5000,2025-03-02 14:00:00
2026-06-13,P01,HDPE,3096.22,2931.32,0.0,5000,2025-03-04 11:00:00
2026-06-14,P01,HDPE,800.0,4505.72,0.0,5000,2025-03-04 22:00:00
2026-06-15,P01,HDPE,20766.88,1880.43,21847.31,5000,2025-03-02 11:00:00
2026-06-16,P01,HDPE,18790.18,1976.7,0.0,5000,2025-03-03 00:00:00
2026-06-17,P01,HDPE,18790.18,0.0,0.0,5000,2025-03-04 05:00:00
2026-06-18,P01,HDPE,18432.87,357.31,0.0,5000,2025-03-04 05:00:00
2026-06-19,P01,HDPE,15697.27,2735.6,0.0,5000,2025-03-04 18:00:00
2026-06-20,P01,HDPE,15074.57,622.7,0.0,5000,2025-03-04 11:00:00
2026-06-21,P01,HDPE,9588.1,5486.47,0.0,5000,2025-03-03 21:00:00
2026-06-22,P01,HDPE,8229.23,1358.87,0.0,5000,2025-03-03 03:00:00
2026-06-23,P01,HDPE,7879.52,349.71,0.0,5000,2025-03-04 12:00:00
2026-06-24,P01,HDPE,7879.52,0.0,0.0,5000,2025-03-04 04:00:00
2026-06-25,P01,HDPE,2370.4,5509.12,0.0,5000,2025-03-02 08:00:00
2026-06-26,P01,HDPE,800.0,4484.47,0.0,5000,2025-03-02 08:00:00
2026-06-27,P01,HDPE,800.0,4812.64,0.0,5000,2025-03-03 18:00:00
2026-06-28,P01,HDPE,800.0,730.84,0.0,5000,2025-03-02 01:00:00
2026-06-29,P01,HDPE,800.0,4528.97,0.0,5000,2025-03-02 03:00:00
2026-06-30,P01,HDPE,800.0,5785.14,0.0,5000,2025-03-02 21:00:00
2025-01-01,P01,PP,77565.48,4009.09,27610.65,5000,2025-03-04 16:00:00
2025-01-02,P01,PP,74952.78,2612.7,0.0,5000,2025-03-02 22:00:00
2025-01-03,P01,PP,74125.49,827.29,0.0,5000,2025-03-03 10:00:00
2025-01-04,P01,PP,72135.92,1989.57,0.0,5000,2025-03-04 21:00:00
2025-01-05,P01,PP,71234.93,900.99,0.0,5000,2025-03-04 11:00:00
2025-01-06,P01,PP,66386.25,4848.68,0.0,5000,2025-03-02 07:00:00
2025-01-07,P01,PP,64629.86,1756.39,0.0,5000,2025-03-04 07:00:00
2025-01-08,P01,PP,63855.8,774.06,0.0,5000,2025-03-02 03:00:00
2025-01-09,P01,PP,60921.26,2934.54,0.0,5000,2025-03-04 16:00:00
2025-01-10,P01,PP,60794.03,127.23,0.0,5000,2025-03-04 03:00:00
2025-01-11,P01,PP,60026.26,767.77,0.0,5000,2025-03-03 00:00:00
2025-01-12,P01,PP,58556.01,1470.25,0.0,5000,2025-03-03 19:00:00
2025-01-13,P01,PP,55783.32,2772.69,0.0,5000,2025-03-04 17:00:00
2025-01-14,P01,PP,52990.06,2793.26,0.0,5000,2025-03-04 02:00:00
2025-01-15,P01,PP,79399.97,345.13,26755.04,5000,2025-03-02 01:00:00
2025-01-16,P01,PP,77601.65,1798.32,0.0,5000,2025-03-03 05:00:00
2025-01-17,P01,PP,76318.05,1283.6,0.0,5000,2025-03-04 16:00:00
2025-01-18,P01,PP,76318.05,0.0,0.0,5000,2025-03-03 03:00:00
2025-01-19,P01,PP,74358.21,1959.84,0.0,5000,2025-03-03 00:00:00
2025-01-20,P01,PP,72949.28,1408.93,0.0,5000,2025-03-03 21:00:00
2025-01-21,P01,PP,70731.53,2217.75,0.0,5000,2025-03-03 15:00:00
2025-01-22,P01,PP,70731.53,0.0,0.0,5000,2025-03-02 06:00:00
2025-01-23,P01,PP,68679.8,2051.73,0.0,5000,2025-03-02 11:00:00
2025-01-24,P01,PP,66604.09,2075.71,0.0,5000,2025-03-02 13:00:00
2025-01-25,P01,PP,64491.3,2112.79,0.0,5000,2025-03-04 12:00:00
2025-01-26,P01,PP,63146.95,1344.35,0.0,5000,2025-03-03 14:00:00
2025-01-27,P01,PP,60331.75,2815.2,0.0,5000,2025-03-03 06:00:00
2025-01-28,P01,PP,59006.97,1324.78,0.0,5000,2025-03-03 21:00:00
2025-01-29,P01,PP,58616.72,390.25,0.0,5000,2025-03-04 19:00:00
2025-01-30,P01,PP,57274.04,1342.68,0.0,5000,2025-03-02 09:00:00
2025-01-31,P01,PP,57274.04,0.0,0.0,5000,2025-03-03 01:00:00
2025-02-01,P01,PP,83429.96,1386.89,27542.81,5000,2025-03-03 22:00:00
2025-02-02,P01,PP,83250.67,179.29,0.0,5000,2025-03-03 20:00:00
2025-02-03,P01,PP,81266.21,1984.46,0.0,5000,2025-03-02 00:00:00
2025-02-04,P01,PP,80970.55,295.66,0.0,5000,2025-03-03 07:00:00
2025-02-05,P01,PP,79219.06,1751.49,0.0,5000,2025-03-02 11:00:00
2025-02-06,P01,PP,76362.69,2856.37,0.0,5000,2025-03-02 17:00:00
2025-02-07,P01,PP,72030.15,4332.54,0.0,5000,2025-03-03 12:00:00
2025-02-08,P01,PP,69271.36,2758.79,0.0,5000,2025-03-03 08:00:00
2025-02-09,P01,PP,65648.7,3622.66,0.0,5000,2025-03-02 18:00:00
2025-02-10,P01,PP,65242.74,405.96,0.0,5000,2025-03-03 20:00:00
2025-02-11,P01,PP,64010.68,1232.06,0.0,5000,2025-03-03 18:00:00
2025-02-12,P01,PP,62047.97,1962.71,0.0,5000,2025-03-04 01:00:00
2025-02-13,P01,PP,60617.88,1430.09,0.0,5000,2025-03-02 22:00:00
2025-02-14,P01,PP,59688.27,929.61,0.0,5000,2025-03-02 09:00:00
2025-02-15,P01,PP,84247.3,1614.24,26173.27,5000,2025-03-02 06:00:00
2025-02-16,P01,PP,83056.53,1190.77,0.0,5000,2025-03-02 04:00:00
2025-02-17,P01,PP,80945.89,2110.64,0.0,5000,2025-03-02 09:00:00
2025-02-18,P01,PP,78733.16,2212.73,0.0,5000,2025-03-03 19:00:00
2025-02-19,P01,PP,76762.94,1970.22,0.0,5000,2025-03-03 20:00:00
2025-02-20,P01,PP,73790.98,2971.96,0.0,5000,2025-03-03 05:00:00
2025-02-21,P01,PP,72156.45,1634.53,0.0,5000,2025-03-02 00:00:00
2025-02-22,P01,PP,71398.04,758.41,0.0,5000,2025-03-03 04:00:00
2025-02-23,P01,PP,68380.98,3017.06,0.0,5000,2025-03-02 00:00:00
2025-02-24,P01,PP,65349.4,3031.58,0.0,5000,2025-03-04 04:00:00
2025-02-25,P01,PP,62550.87,2798.53,0.0,5000,2025-03-02 08:00:00
2025-02-26,P01,PP,62113.79,437.08,0.0,5000,2025-03-02 09:00:00
2025-02-27,P01,PP,60569.9,1543.89,0.0,5000,2025-03-02 18:00:00
2025-02-28,P01,PP,57594.82,2975.08,0.0,5000,2025-03-02 17:00:00
2025-03-01,P01,PP,84658.19,1506.85,28570.22,5000,2025-03-04 15:00:00
2025-03-02,P01,PP,82051.7,2606.49,0.0,5000,2025-03-04 02:00:00
2025-03-03,P01,PP,81509.7,542.0,0.0,5000,2025-03-03 02:00:00
2025-03-04,P01,PP,79865.07,1644.63,0.0,5000,2025-03-02 01:00:00
2025-03-05,P01,PP,78549.53,1315.54,0.0,5000,2025-03-03 00:00:00
2025-03-06,P01,PP,77928.79,620.74,0.0,5000,2025-03-02 08:00:00
2025-03-07,P01,PP,76914.92,1013.87,0.0,5000,2025-03-03 20:00:00
2025-03-08,P01,PP,75861.89,1053.03,0.0,5000,2025-03-03 19:00:00
2025-03-09,P01,PP,74303.5,1558.39,0.0,5000,2025-03-04 19:00:00
2025-03-10,P01,PP,73391.14,912.36,0.0,5000,2025-03-03 16:00:00
2025-03-11,P01,PP,71107.22,2283.92,0.0,5000,2025-03-02 04:00:00
2025-03-12,P01,PP,70688.65,418.57,0.0,5000,2025-03-03 20:00:00
2025-03-13,P01,PP,68779.09,1909.56,0.0,5000,2025-03-02 11:00:00
2025-03-14,P01,PP,68499.87,279.22,0.0,5000,2025-03-02 13:00:00
2025-03-15,P01,PP,86444.19,2364.99,20309.31,5000,2025-03-03 11:00:00
2025-03-16,P01,PP,84053.65,2390.54,0.0,5000,2025-03-04 03:00:00
2025-03-17,P01,PP,81797.04,2256.61,0.0,5000,2025-03-03 17:00:00
2025-03-18,P01,PP,78574.7,3222.34,0.0,5000,2025-03-03 09:00:00
2025-03-19,P01,PP,78574.7,0.0,0.0,5000,2025-03-03 07:00:00
2025-03-20,P01,PP,77352.07,1222.63,0.0,5000,2025-03-03 17:00:00
2025-03-21,P01,PP,72962.61,4389.46,0.0,5000,2025-03-02 14:00:00
2025-03-22,P01,PP,71332.85,1629.76,0.0,5000,2025-03-03 00:00:00
2025-03-23,P01,PP,70657.18,675.67,0.0,5000,2025-03-02 15:00:00
2025-03-24,P01,PP,69814.33,842.85,0.0,5000,2025-03-02 21:00:00
2025-03-25,P01,PP,64457.51,5356.82,0.0,5000,2025-03-02 03:00:00
2025-03-26,P01,PP,61563.64,2893.87,0.0,5000,2025-03-02 02:00:00
2025-03-27,P01,PP,59535.35,2028.29,0.0,5000,2025-03-04 17:00:00
2025-03-28,P01,PP,57057.69,2477.66,0.0,5000,2025-03-04 13:00:00
2025-03-29,P01,PP,55027.24,2030.45,0.0,5000,2025-03-04 00:00:00
2025-03-30,P01,PP,54795.91,231.33,0.0,5000,2025-03-03 06:00:00
2025-03-31,P01,PP,54389.71,406.2,0.0,5000,2025-03-02 20:00:00
2025-04-01,P01,PP,81794.38,2482.01,29886.68,5000,2025-03-03 17:00:00
2025-04-02,P01,PP,74967.14,6827.24,0.0,5000,2025-03-04 01:00:00
2025-04-03,P01,PP,72736.72,2230.42,0.0,5000,2025-03-04 03:00:00
2025-04-04,P01,PP,71875.14,861.58,0.0,5000,2025-03-02 00:00:00
2025-04-05,P01,PP,70694.79,1180.35,0.0,5000,2025-03-04 03:00:00
2025-04-06,P01,PP,69426.94,1267.85,0.0,5000,2025-03-03 18:00:00
2025-04-07,P01,PP,67347.5,2079.44,0.0,5000,2025-03-02 14:00:00
2025-04-08,P01,PP,66218.26,1129.24,0.0,5000,2025-03-02 05:00:00
2025-04-09,P01,PP,65700.35,517.91,0.0,5000,2025-03-04 05:00:00
2025-04-10,P01,PP,64593.97,1106.38,0.0,5000,2025-03-03 03:00:00
2025-04-11,P01,PP,61687.24,2906.73,0.0,5000,2025-03-03 11:00:00
2025-04-12,P01,PP,60115.49,1571.75,0.0,5000,2025-03-02 01:00:00
2025-04-13,P01,PP,60115.49,0.0,0.0,5000,2025-03-02 02:00:00
2025-04-14,P01,PP,58608.74,1506.75,0.0,5000,2025-03-04 18:00:00
2025-04-15,P01,PP,87602.03,615.9,29609.19,5000,2025-03-02 14:00:00
2025-04-16,P01,PP,83671.23,3930.8,0.0,5000,2025-03-03 04:00:00
2025-04-17,P01,PP,83163.01,508.22,0.0,5000,2025-03-03 14:00:00
2025-04-18,P01,PP,82291.05,871.96,0.0,5000,2025-03-02 20:00:00
2025-04-19,P01,PP,80946.97,1344.08,0.0,5000,2025-03-03 06:00:00
2025-04-20,P01,PP,77611.45,3335.52,0.0,5000,2025-03-02 05:00:00
2025-04-21,P01,PP,76166.9,1444.55,0.0,5000,2025-03-02 13:00:00
2025-04-22,P01,PP,74100.51,2066.39,0.0,5000,2025-03-04 07:00:00
2025-04-23,P01,PP,73130.24,970.27,0.0,5000,2025-03-04 11:00:00
2025-04-24,P01,PP,72904.36,225.88,0.0,5000,2025-03-03 18:00:00
2025-04-25,P01,PP,72696.87,207.49,0.0,5000,2025-03-04 22:00:00
2025-04-26,P01,PP,68255.4,4441.47,0.0,5000,2025-03-03 12:00:00
2025-04-27,P01,PP,67378.33,877.07,0.0,5000,2025-03-02 00:00:00
2025-04-28,P01,PP,64745.86,2632.47,0.0,5000,2025-03-04 18:00:00
2025-04-29,P01,PP,62891.04,1854.82,0.0,5000,2025-03-02 03:00:00
2025-04-30,P01,PP,58678.93,4212.11,0.0,5000,2025-03-04 00:00:00
2025-05-01,P01,PP,79407.17,2850.72,23578.96,5000,2025-03-04 08:00:00
2025-05-02,P01,PP,78364.79,1042.38,0.0,5000,2025-03-02 02:00:00
2025-05-03,P01,PP,76171.77,2193.02,0.0,5000,2025-03-04 03:00:00
2025-05-04,P01,PP,71990.98,4180.79,0.0,5000,2025-03-02 13:00:00
2025-05-05,P01,PP,71501.92,489.06,0.0,5000,2025-03-03 01:00:00
2025-05-06,P01,PP,70012.76,1489.16,0.0,5000,2025-03-04 17:00:00
2025-05-07,P01,PP,65711.16,4301.6,0.0,5000,2025-03-04 06:00:00
2025-05-08,P01,PP,64993.48,717.68,0.0,5000,2025-03-03 07:00:00
2025-05-09,P01,PP,62938.38,2055.1,0.0,5000,2025-03-02 18:00:00
2025-05-10,P01,PP,61403.51,1534.87,0.0,5000,2025-03-02 11:00:00
2025-05-11,P01,PP,60127.16,1276.35,0.0,5000,2025-03-02 04:00:00
2025-05-12,P01,PP,57822.29,2304.87,0.0,5000,2025-03-03 11:00:00
2025-05-13,P01,PP,55412.75,2409.54,0.0,5000,2025-03-03 05:00:00
2025-05-14,P01,PP,52122.74,3290.01,0.0,5000,2025-03-02 07:00:00
2025-05-15,P01,PP,75354.64,2629.57,25861.47,5000,2025-03-03 06:00:00
2025-05-16,P01,PP,74653.19,701.45,0.0,5000,2025-03-03 20:00:00
2025-05-17,P01,PP,73138.9,1514.29,0.0,5000,2025-03-02 03:00:00
2025-05-18,P01,PP,72657.34,481.56,0.0,5000,2025-03-02 01:00:00
2025-05-19,P01,PP,69442.47,3214.87,0.0,5000,2025-03-02 17:00:00
2025-05-20,P01,PP,67568.73,1873.74,0.0,5000,2025-03-04 07:00:00
2025-05-21,P01,PP,66263.16,1305.57,0.0,5000,2025-03-04 12:00:00
2025-05-22,P01,PP,63877.58,2385.58,0.0,5000,2025-03-03 07:00:00
2025-05-23,P01,PP,63671.94,205.64,0.0,5000,2025-03-02 19:00:00
2025-05-24,P01,PP,61276.84,2395.1,0.0,5000,2025-03-02 10:00:00
2025-05-25,P01,PP,59770.95,1505.89,0.0,5000,2025-03-02 12:00:00
2025-05-26,P01,PP,59127.56,643.39,0.0,5000,2025-03-04 08:00:00
2025-05-27,P01,PP,55587.72,3539.84,0.0,5000,2025-03-02 13:00:00
2025-05-28,P01,PP,55412.56,175.16,0.0,5000,2025-03-04 21:00:00
2025-05-29,P01,PP,54555.64,856.92,0.0,5000,2025-03-02 06:00:00
2025-05-30,P01,PP,54182.42,373.22,0.0,5000,2025-03-04 12:00:00
2025-05-31,P01,PP,50706.44,3475.98,0.0,5000,2025-03-04 17:00:00
2025-06-01,P01,PP,81557.44,952.4,31803.4,5000,2025-03-04 03:00:00
2025-06-02,P01,PP,80133.11,1424.33,0.0,5000,2025-03-02 04:00:00
2025-06-03,P01,PP,79862.84,270.27,0.0,5000,2025-03-02 11:00:00
2025-06-04,P01,PP,78282.31,1580.53,0.0,5000,2025-03-03 19:00:00
2025-06-05,P01,PP,76807.14,1475.17,0.0,5000,2025-03-04 09:00:00
2025-06-06,P01,PP,75240.43,1566.71,0.0,5000,2025-03-04 18:00:00
2025-06-07,P01,PP,71692.23,3548.2,0.0,5000,2025-03-02 22:00:00
2025-06-08,P01,PP,71010.62,681.61,0.0,5000,2025-03-04 04:00:00
2025-06-09,P01,PP,70481.58,529.04,0.0,5000,2025-03-04 10:00:00
2025-06-10,P01,PP,69588.36,893.22,0.0,5000,2025-03-03 15:00:00
2025-06-11,P01,PP,68519.98,1068.38,0.0,5000,2025-03-04 10:00:00
2025-06-12,P01,PP,65142.62,3377.36,0.0,5000,2025-03-02 10:00:00
2025-06-13,P01,PP,63887.07,1255.55,0.0,5000,2025-03-03 04:00:00
2025-06-14,P01,PP,60806.61,3080.46,0.0,5000,2025-03-03 20:00:00
2025-06-15,P01,PP,90693.1,2267.77,32154.27,5000,2025-03-02 12:00:00
2025-06-16,P01,PP,88826.65,1866.45,0.0,5000,2025-03-04 05:00:00
2025-06-17,P01,PP,88221.08,605.57,0.0,5000,2025-03-04 04:00:00
2025-06-18,P01,PP,86549.71,1671.37,0.0,5000,2025-03-02 22:00:00
2025-06-19,P01,PP,84529.63,2020.08,0.0,5000,2025-03-02 10:00:00
2025-06-20,P01,PP,82439.41,2090.22,0.0,5000,2025-03-02 22:00:00
2025-06-21,P01,PP,80109.6,2329.81,0.0,5000,2025-03-02 14:00:00
2025-06-22,P01,PP,76426.85,3682.75,0.0,5000,2025-03-04 20:00:00
2025-06-23,P01,PP,75477.63,949.22,0.0,5000,2025-03-02 15:00:00
2025-06-24,P01,PP,74952.38,525.25,0.0,5000,2025-03-02 07:00:00
2025-06-25,P01,PP,69797.39,5154.99,0.0,5000,2025-03-03 16:00:00
2025-06-26,P01,PP,66768.22,3029.17,0.0,5000,2025-03-04 22:00:00
2025-06-27,P01,PP,62730.18,4038.04,0.0,5000,2025-03-02 19:00:00
2025-06-28,P01,PP,61839.21,890.97,0.0,5000,2025-03-03 13:00:00
2025-06-29,P01,PP,61732.71,106.5,0.0,5000,2025-03-03 14:00:00
2025-06-30,P01,PP,59607.94,2124.77,0.0,5000,2025-03-02 16:00:00
2025-07-01,P01,PP,79498.6,4986.53,24877.19,5000,2025-03-03 11:00:00
2025-07-02,P01,PP,77952.57,1546.03,0.0,5000,2025-03-02 08:00:00
2025-07-03,P01,PP,77375.44,577.13,0.0,5000,2025-03-03 06:00:00
2025-07-04,P01,PP,73541.61,3833.83,0.0,5000,2025-03-04 18:00:00
2025-07-05,P01,PP,72947.49,594.12,0.0,5000,2025-03-04 11:00:00
2025-07-06,P01,PP,71518.64,1428.85,0.0,5000,2025-03-04 04:00:00
2025-07-07,P01,PP,69330.94,2187.7,0.0,5000,2025-03-02 14:00:00
2025-07-08,P01,PP,68185.53,1145.41,0.0,5000,2025-03-04 06:00:00
2025-07-09,P01,PP,67885.84,299.69,0.0,5000,2025-03-03 05:00:00
2025-07-10,P01,PP,67084.65,801.19,0.0,5000,2025-03-03 00:00:00
2025-07-11,P01,PP,64225.56,2859.09,0.0,5000,2025-03-04 08:00:00
2025-07-12,P01,PP,62012.22,2213.34,0.0,5000,2025-03-02 21:00:00
2025-07-13,P01,PP,55075.42,6936.8,0.0,5000,2025-03-04 16:00:00
2025-07-14,P01,PP,53633.76,1441.66,0.0,5000,2025-03-04 08:00:00
2025-07-15,P01,PP,81790.52,301.09,28457.85,5000,2025-03-02 04:00:00
2025-07-16,P01,PP,80052.92,1737.6,0.0,5000,2025-03-04 00:00:00
2025-07-17,P01,PP,77401.38,2651.54,0.0,5000,2025-03-04 20:00:00
2025-07-18,P01,PP,76164.53,1236.85,0.0,5000,2025-03-02 07:00:00
2025-07-19,P01,PP,74236.29,1928.24,0.0,5000,2025-03-04 07:00:00
2025-07-20,P01,PP,71663.92,2572.37,0.0,5000,2025-03-03 10:00:00
2025-07-21,P01,PP,69804.83,1859.09,0.0,5000,2025-03-03 04:00:00
2025-07-22,P01,PP,68432.24,1372.59,0.0,5000,2025-03-03 19:00:00
2025-07-23,P01,PP,67086.46,1345.78,0.0,5000,2025-03-03 00:00:00
2025-07-24,P01,PP,64057.04,3029.42,0.0,5000,2025-03-02 08:00:00
2025-07-25,P01,PP,62442.33,1614.71,0.0,5000,2025-03-04 10:00:00
2025-07-26,P01,PP,61561.8,880.53,0.0,5000,2025-03-04 03:00:00
2025-07-27,P01,PP,56847.26,4714.54,0.0,5000,2025-03-03 06:00:00
2025-07-28,P01,PP,53634.89,3212.37,0.0,5000,2025-03-03 11:00:00
2025-07-29,P01,PP,53500.9,133.99,0.0,5000,2025-03-04 08:00:00
2025-07-30,P01,PP,52496.21,1004.69,0.0,5000,2025-03-03 12:00:00
2025-07-31,P01,PP,50205.92,2290.29,0.0,5000,2025-03-04 15:00:00
2025-08-01,P01,PP,74455.42,1790.56,26040.06,5000,2025-03-03 19:00:00
2025-08-02,P01,PP,73995.82,459.6,0.0,5000,2025-03-02 09:00:00
2025-08-03,P01,PP,72982.19,1013.63,0.0,5000,2025-03-03 08:00:00
2025-08-04,P01,PP,68431.56,4550.63,0.0,5000,2025-03-03 17:00:00
2025-08-05,P01,PP,66818.05,1613.51,0.0,5000,2025-03-04 12:00:00
2025-08-06,P01,PP,66358.1,459.95,0.0,5000,2025-03-04 01:00:00
2025-08-07,P01,PP,64497.48,1860.62,0.0,5000,2025-03-02 00:00:00
2025-08-08,P01,PP,63753.58,743.9,0.0,5000,2025-03-02 01:00:00
2025-08-09,P01,PP,60162.28,3591.3,0.0,5000,2025-03-04 19:00:00
2025-08-10,P01,PP,58883.44,1278.84,0.0,5000,2025-03-03 19:00:00
2025-08-11,P01,PP,57399.58,1483.86,0.0,5000,2025-03-02 17:00:00
2025-08-12,P01,PP,55132.24,2267.34,0.0,5000,2025-03-03 21:00:00
2025-08-13,P01,PP,54587.5,544.74,0.0,5000,2025-03-02 12:00:00
2025-08-14,P01,PP,51326.78,3260.72,0.0,5000,2025-03-03 08:00:00
2025-08-15,P01,PP,80931.88,1435.13,31040.24,5000,2025-03-03 21:00:00
2025-08-16,P01,PP,75950.91,4980.97,0.0,5000,2025-03-04 21:00:00
2025-08-17,P01,PP,73580.07,2370.84,0.0,5000,2025-03-03 02:00:00
2025-08-18,P01,PP,72040.24,1539.83,0.0,5000,2025-03-03 16:00:00
2025-08-19,P01,PP,71650.34,389.9,0.0,5000,2025-03-02 05:00:00
2025-08-20,P01,PP,69625.62,2024.72,0.0,5000,2025-03-03 13:00:00
2025-08-21,P01,PP,68581.66,1043.96,0.0,5000,2025-03-04 15:00:00
2025-08-22,P01,PP,66839.98,1741.68,0.0,5000,2025-03-02 01:00:00
2025-08-23,P01,PP,66839.98,0.0,0.0,5000,2025-03-02 04:00:00
2025-08-24,P01,PP,64213.69,2626.29,0.0,5000,2025-03-02 06:00:00
2025-08-25,P01,PP,63676.2,537.49,0.0,5000,2025-03-03 15:00:00
2025-08-26,P01,PP,60710.26,2965.94,0.0,5000,2025-03-04 05:00:00
2025-08-27,P01,PP,58668.31,2041.95,0.0,5000,2025-03-02 05:00:00
2025-08-28,P01,PP,56079.34,2588.97,0.0,5000,2025-03-04 00:00:00
2025-08-29,P01,PP,55217.64,861.7,0.0,5000,2025-03-03 05:00:00
2025-08-30,P01,PP,54921.49,296.15,0.0,5000,2025-03-04 11:00:00
2025-08-31,P01,PP,53752.35,1169.14,0.0,5000,2025-03-02 16:00:00
2025-09-01,P01,PP,77686.88,2093.66,26028.19,5000,2025-03-04 04:00:00
2025-09-02,P01,PP,76729.7,957.18,0.0,5000,2025-03-02 07:00:00
2025-09-03,P01,PP,74881.34,1848.36,0.0,5000,2025-03-03 02:00:00
2025-09-04,P01,PP,71722.55,3158.79,0.0,5000,2025-03-03 11:00:00
2025-09-05,P01,PP,70167.85,1554.7,0.0,5000,2025-03-02 00:00:00
2025-09-06,P01,PP,69895.0,272.85,0.0,5000,2025-03-03 22:00:00
2025-09-07,P01,PP,69095.19,799.81,0.0,5000,2025-03-04 13:00:00
2025-09-08,P01,PP,67302.65,1792.54,0.0,5000,2025-03-03 00:00:00
2025-09-09,P01,PP,62759.74,4542.91,0.0,5000,2025-03-02 02:00:00
2025-09-10,P01,PP,61349.72,1410.02,0.0,5000,2025-03-04 09:00:00
2025-09-11,P01,PP,59030.47,2319.25,0.0,5000,2025-03-02 05:00:00
2025-09-12,P01,PP,58092.92,937.55,0.0,5000,2025-03-03 04:00:00
2025-09-13,P01,PP,53841.61,4251.31,0.0,5000,2025-03-04 20:00:00
2025-09-14,P01,PP,53841.61,0.0,0.0,5000,2025-03-03 19:00:00
2025-09-15,P01,PP,71718.81,3231.06,21108.26,5000,2025-03-04 06:00:00
2025-09-16,P01,PP,69455.16,2263.65,0.0,5000,2025-03-02 16:00:00
2025-09-17,P01,PP,67723.34,1731.82,0.0,5000,2025-03-04 01:00:00
2025-09-18,P01,PP,65499.21,2224.13,0.0,5000,2025-03-04 16:00:00
2025-09-19,P01,PP,64381.83,1117.38,0.0,5000,2025-03-02 01:00:00
2025-09-20,P01,PP,62311.71,2070.12,0.0,5000,2025-03-04 16:00:00
2025-09-21,P01,PP,61969.92,341.79,0.0,5000,2025-03-03 18:00:00
2025-09-22,P01,PP,59845.51,2124.41,0.0,5000,2025-03-03 22:00:00
2025-09-23,P01,PP,59010.48,835.03,0.0,5000,2025-03-02 19:00:00
2025-09-24,P01,PP,58076.98,933.5,0.0,5000,2025-03-02 14:00:00
2025-09-25,P01,PP,57559.12,517.86,0.0,5000,2025-03-02 01:00:00
2025-09-26,P01,PP,53265.09,4294.03,0.0,5000,2025-03-04 07:00:00
2025-09-27,P01,PP,50723.24,2541.85,0.0,5000,2025-03-02 09:00:00
2025-09-28,P01,PP,50265.58,457.66,0.0,5000,2025-03-04 12:00:00
2025-09-29,P01,PP,49373.77,891.81,0.0,5000,2025-03-04 07:00:00
2025-09-30,P01,PP,48823.47,550.3,0.0,5000,2025-03-04 15:00:00
2025-10-01,P01,PP,66990.36,1936.45,20103.34,5000,2025-03-02 14:00:00
2025-10-02,P01,PP,65931.97,1058.39,0.0,5000,2025-03-04 11:00:00
2025-10-03,P01,PP,65597.75,334.22,0.0,5000,2025-03-04 00:00:00
2025-10-04,P01,PP,64006.7,1591.05,0.0,5000,2025-03-02 11:00:00
2025-10-05,P01,PP,63435.74,570.96,0.0,5000,2025-03-03 05:00:00
2025-10-06,P01,PP,61976.09,1459.65,0.0,5000,2025-03-03 16:00:00
2025-10-07,P01,PP,58015.05,3961.04,0.0,5000,2025-03-02 01:00:00
2025-10-08,P01,PP,57367.95,647.1,0.0,5000,2025-03-02 04:00:00
2025-10-09,P01,PP,57367.95,0.0,0.0,5000,2025-03-02 02:00:00
2025-10-10,P01,PP,56691.53,676.42,0.0,5000,2025-03-02 19:00:00
2025-10-11,P01,PP,55288.19,1403.34,0.0,5000,2025-03-02 00:00:00
2025-10-12,P01,PP,55288.19,0.0,0.0,5000,2025-03-03 22:00:00
2025-10-13,P01,PP,53588.42,1699.77,0.0,5000,2025-03-03 10:00:00
2025-10-14,P01,PP,50497.46,3090.96,0.0,5000,2025-03-04 02:00:00
2025-10-15,P01,PP,69440.52,2737.68,21680.74,5000,2025-03-03 21:00:00
2025-10-16,P01,PP,67274.82,2165.7,0.0,5000,2025-03-04 14:00:00
2025-10-17,P01,PP,63798.27,3476.55,0.0,5000,2025-03-03 21:00:00
2025-10-18,P01,PP,61033.55,2764.72,0.0,5000,2025-03-04 12:00:00
2025-10-19,P01,PP,61033.55,0.0,0.0,5000,2025-03-02 15:00:00
2025-10-20,P01,PP,58766.69,2266.86,0.0,5000,2025-03-03 04:00:00
2025-10-21,P01,PP,55262.17,3504.52,0.0,5000,2025-03-02 17:00:00
2025-10-22,P01,PP,51908.39,3353.78,0.0,5000,2025-03-03 20:00:00
2025-10-23,P01,PP,50882.56,1025.83,0.0,5000,2025-03-04 18:00:00
2025-10-24,P01,PP,49273.11,1609.45,0.0,5000,2025-03-02 08:00:00
2025-10-25,P01,PP,48084.87,1188.24,0.0,5000,2025-03-02 03:00:00
2025-10-26,P01,PP,47560.01,524.86,0.0,5000,2025-03-03 20:00:00
2025-10-27,P01,PP,45491.67,2068.34,0.0,5000,2025-03-02 07:00:00
2025-10-28,P01,PP,42732.95,2758.72,0.0,5000,2025-03-03 22:00:00
2025-10-29,P01,PP,41918.7,814.25,0.0,5000,2025-03-03 05:00:00
2025-10-30,P01,PP,41918.7,0.0,0.0,5000,2025-03-03 07:00:00
2025-10-31,P01,PP,38214.66,3704.04,0.0,5000,2025-03-04 14:00:00
2025-11-01,P01,PP,66801.16,399.08,28985.58,5000,2025-03-04 12:00:00
2025-11-02,P01,PP,65839.82,961.34,0.0,5000,2025-03-02 11:00:00
2025-11-03,P01,PP,64101.51,1738.31,0.0,5000,2025-03-03 03:00:00
2025-11-04,P01,PP,63499.08,602.43,0.0,5000,2025-03-03 16:00:00
2025-11-05,P01,PP,60932.02,2567.06,0.0,5000,2025-03-04 05:00:00
2025-11-06,P01,PP,58588.01,2344.01,0.0,5000,2025-03-02 09:00:00
2025-11-07,P01,PP,57109.59,1478.42,0.0,5000,2025-03-03 02:00:00
2025-11-08,P01,PP,55233.88,1875.71,0.0,5000,2025-03-03 10:00:00
2025-11-09,P01,PP,53072.62,2161.26,0.0,5000,2025-03-02 00:00:00
2025-11-10,P01,PP,52130.44,942.18,0.0,5000,2025-03-04 02:00:00
2025-11-11,P01,PP,51597.66,532.78,0.0,5000,2025-03-02 07:00:00
2025-11-12,P01,PP,50120.73,1476.93,0.0,5000,2025-03-04 16:00:00
2025-11-13,P01,PP,47528.47,2592.26,0.0,5000,2025-03-03 08:00:00
2025-11-14,P01,PP,47375.85,152.62,0.0,5000,2025-03-02 08:00:00
2025-11-15,P01,PP,76809.87,819.9,30253.92,5000,2025-03-04 02:00:00
2025-11-16,P01,PP,74691.28,2118.59,0.0,5000,2025-03-03 06:00:00
2025-11-17,P01,PP,73249.12,1442.16,0.0,5000,2025-03-02 17:00:00
2025-11-18,P01,PP,71097.19,2151.93,0.0,5000,2025-03-03 20:00:00
2025-11-19,P01,PP,68034.55,3062.64,0.0,5000,2025-03-04 16:00:00
2025-11-20,P01,PP,64254.83,3779.72,0.0,5000,2025-03-04 04:00:00
2025-11-21,P01,PP,62733.72,1521.11,0.0,5000,2025-03-02 06:00:00
2025-11-22,P01,PP,61849.09,884.63,0.0,5000,2025-03-02 07:00:00
2025-11-23,P01,PP,60599.14,1249.95,0.0,5000,2025-03-03 07:00:00
2025-11-24,P01,PP,58506.87,2092.27,0.0,5000,2025-03-04 22:00:00
2025-11-25,P01,PP,55284.21,3222.66,0.0,5000,2025-03-02 03:00:00
2025-11-26,P01,PP,54806.12,478.09,0.0,5000,2025-03-04 16:00:00
2025-11-27,P01,PP,51540.25,3265.87,0.0,5000,2025-03-03 07:00:00
2025-11-28,P01,PP,50789.79,750.46,0.0,5000,2025-03-03 03:00:00
2025-11-29,P01,PP,49681.9,1107.89,0.0,5000,2025-03-03 05:00:00
2025-11-30,P01,PP,49010.57,671.33,0.0,5000,2025-03-03 17:00:00
2025-12-01,P01,PP,71443.12,2852.83,25285.38,5000,2025-03-03 14:00:00
2025-12-02,P01,PP,69940.69,1502.43,0.0,5000,2025-03-04 09:00:00
2025-12-03,P01,PP,67605.48,2335.21,0.0,5000,2025-03-04 04:00:00
2025-12-04,P01,PP,66605.29,1000.19,0.0,5000,2025-03-04 04:00:00
2025-12-05,P01,PP,65092.45,1512.84,0.0,5000,2025-03-04 14:00:00
2025-12-06,P01,PP,62680.21,2412.24,0.0,5000,2025-03-03 11:00:00
2025-12-07,P01,PP,61587.51,1092.7,0.0,5000,2025-03-03 19:00:00
2025-12-08,P01,PP,60754.5,833.01,0.0,5000,2025-03-03 17:00:00
2025-12-09,P01,PP,58771.07,1983.43,0.0,5000,2025-03-03 14:00:00
2025-12-10,P01,PP,56178.17,2592.9,0.0,5000,2025-03-02 15:00:00
2025-12-11,P01,PP,51177.0,5001.17,0.0,5000,2025-03-04 14:00:00
2025-12-12,P01,PP,49135.54,2041.46,0.0,5000,2025-03-04 01:00:00
2025-12-13,P01,PP,46395.74,2739.8,0.0,5000,2025-03-02 08:00:00
2025-12-14,P01,PP,44157.15,2238.59,0.0,5000,2025-03-02 21:00:00
2025-12-15,P01,PP,76852.52,149.13,32844.49,5000,2025-03-02 04:00:00
2025-12-16,P01,PP,73779.71,3072.81,0.0,5000,2025-03-04 18:00:00
2025-12-17,P01,PP,71248.97,2530.74,0.0,5000,2025-03-02 07:00:00
2025-12-18,P01,PP,69358.59,1890.38,0.0,5000,2025-03-02 08:00:00
2025-12-19,P01,PP,68839.71,518.88,0.0,5000,2025-03-03 16:00:00
2025-12-20,P01,PP,67019.96,1819.75,0.0,5000,2025-03-03 06:00:00
2025-12-21,P01,PP,66505.85,514.11,0.0,5000,2025-03-02 21:00:00
2025-12-22,P01,PP,63805.04,2700.81,0.0,5000,2025-03-04 04:00:00
2025-12-23,P01,PP,63270.12,534.92,0.0,5000,2025-03-04 00:00:00
2025-12-24,P01,PP,62485.21,784.91,0.0,5000,2025-03-03 01:00:00
2025-12-25,P01,PP,61264.25,1220.96,0.0,5000,2025-03-03 10:00:00
2025-12-26,P01,PP,60001.77,1262.48,0.0,5000,2025-03-03 20:00:00
2025-12-27,P01,PP,56541.14,3460.63,0.0,5000,2025-03-03 08:00:00
2025-12-28,P01,PP,54430.56,2110.58,0.0,5000,2025-03-03 18:00:00
2025-12-29,P01,PP,52920.56,1510.0,0.0,5000,2025-03-02 07:00:00
2025-12-30,P01,PP,52363.32,557.24,0.0,5000,2025-03-04 00:00:00
2025-12-31,P01,PP,52060.03,303.29,0.0,5000,2025-03-03 02:00:00
2026-01-01,P01,PP,82798.0,1284.46,32022.43,5000,2025-03-03 18:00:00
2026-01-02,P01,PP,80999.39,1798.61,0.0,5000,2025-03-03 02:00:00
2026-01-03,P01,PP,78094.97,2904.42,0.0,5000,2025-03-04 03:00:00
2026-01-04,P01,PP,76685.24,1409.73,0.0,5000,2025-03-02 12:00:00
2026-01-05,P01,PP,74320.3,2364.94,0.0,5000,2025-03-02 01:00:00
2026-01-06,P01,PP,71862.19,2458.11,0.0,5000,2025-03-04 15:00:00
2026-01-07,P01,PP,70181.35,1680.84,0.0,5000,2025-03-02 06:00:00
2026-01-08,P01,PP,68598.32,1583.03,0.0,5000,2025-03-02 08:00:00
2026-01-09,P01,PP,67879.45,718.87,0.0,5000,2025-03-02 00:00:00
2026-01-10,P01,PP,65621.83,2257.62,0.0,5000,2025-03-03 18:00:00
2026-01-11,P01,PP,62990.69,2631.14,0.0,5000,2025-03-02 16:00:00
2026-01-12,P01,PP,62299.6,691.09,0.0,5000,2025-03-04 06:00:00
2026-01-13,P01,PP,60856.51,1443.09,0.0,5000,2025-03-02 13:00:00
2026-01-14,P01,PP,60064.97,791.54,0.0,5000,2025-03-04 04:00:00
2026-01-15,P01,PP,90183.82,1653.44,31772.29,5000,2025-03-03 17:00:00
2026-01-16,P01,PP,89456.84,726.98,0.0,5000,2025-03-02 17:00:00
2026-01-17,P01,PP,88913.01,543.83,0.0,5000,2025-03-02 07:00:00
2026-01-18,P01,PP,88467.93,445.08,0.0,5000,2025-03-04 21:00:00
2026-01-19,P01,PP,85814.92,2653.01,0.0,5000,2025-03-03 10:00:00
2026-01-20,P01,PP,84239.73,1575.19,0.0,5000,2025-03-03 15:00:00
2026-01-21,P01,PP,83958.57,281.16,0.0,5000,2025-03-02 20:00:00
2026-01-22,P01,PP,82654.92,1303.65,0.0,5000,2025-03-02 16:00:00
2026-01-23,P01,PP,79865.05,2789.87,0.0,5000,2025-03-03 05:00:00
2026-01-24,P01,PP,78368.21,1496.84,0.0,5000,2025-03-04 07:00:00
2026-01-25,P01,PP,74901.53,3466.68,0.0,5000,2025-03-03 00:00:00
2026-01-26,P01,PP,72392.82,2508.71,0.0,5000,2025-03-02 14:00:00
2026-01-27,P01,PP,72392.82,0.0,0.0,5000,2025-03-04 08:00:00
2026-01-28,P01,PP,70022.02,2370.8,0.0,5000,2025-03-03 09:00:00
2026-01-29,P01,PP,67009.44,3012.58,0.0,5000,2025-03-03 03:00:00
2026-01-30,P01,PP,66771.14,238.3,0.0,5000,2025-03-03 18:00:00
2026-01-31,P01,PP,64807.64,1963.5,0.0,5000,2025-03-02 00:00:00
2026-02-01,P01,PP,89122.21,946.65,25261.22,5000,2025-03-03 02:00:00
2026-02-02,P01,PP,86858.15,2264.06,0.0,5000,2025-03-02 10:00:00
2026-02-03,P01,PP,84258.05,2600.1,0.0,5000,2025-03-02 02:00:00
2026-02-04,P01,PP,82821.94,1436.11,0.0,5000,2025-03-04 19:00:00
2026-02-05,P01,PP,81318.06,1503.88,0.0,5000,2025-03-03 06:00:00
2026-02-06,P01,PP,80049.6,1268.46,0.0,5000,2025-03-02 15:00:00
2026-02-07,P01,PP,80049.6,0.0,0.0,5000,2025-03-03 16:00:00
2026-02-08,P01,PP,79545.67,503.93,0.0,5000,2025-03-04 20:00:00
2026-02-09,P01,PP,78395.29,1150.38,0.0,5000,2025-03-03 21:00:00
2026-02-10,P01,PP,75766.63,2628.66,0.0,5000,2025-03-04 08:00:00
2026-02-11,P01,PP,74138.43,1628.2,0.0,5000,2025-03-02 11:00:00
2026-02-12,P01,PP,73708.96,429.47,0.0,5000,2025-03-03 01:00:00
2026-02-13,P01,PP,72645.75,1063.21,0.0,5000,2025-03-04 16:00:00
2026-02-14,P01,PP,71676.16,969.59,0.0,5000,2025-03-02 19:00:00
2026-02-15,P01,PP,89670.45,2271.41,20265.7,5000,2025-03-04 01:00:00
2026-02-16,P01,PP,87389.96,2280.49,0.0,5000,2025-03-04 20:00:00
2026-02-17,P01,PP,85176.0,2213.96,0.0,5000,2025-03-03 21:00:00
2026-02-18,P01,PP,84742.92,433.08,0.0,5000,2025-03-02 22:00:00
2026-02-19,P01,PP,84340.38,402.54,0.0,5000,2025-03-03 17:00:00
2026-02-20,P01,PP,83982.19,358.19,0.0,5000,2025-03-02 14:00:00
2026-02-21,P01,PP,83836.27,145.92,0.0,5000,2025-03-02 22:00:00
2026-02-22,P01,PP,82806.83,1029.44,0.0,5000,2025-03-04 22:00:00
2026-02-23,P01,PP,79108.22,3698.61,0.0,5000,2025-03-02 19:00:00
2026-02-24,P01,PP,77221.01,1887.21,0.0,5000,2025-03-03 08:00:00
2026-02-25,P01,PP,75121.72,2099.29,0.0,5000,2025-03-04 05:00:00
2026-02-26,P01,PP,73556.5,1565.22,0.0,5000,2025-03-03 01:00:00
2026-02-27,P01,PP,70716.12,2840.38,0.0,5000,2025-03-03 01:00:00
2026-02-28,P01,PP,68899.42,1816.7,0.0,5000,2025-03-02 12:00:00
2026-03-01,P01,PP,94116.95,2470.97,27688.5,5000,2025-03-02 03:00:00
2026-03-02,P01,PP,92675.2,1441.75,0.0,5000,2025-03-02 13:00:00
2026-03-03,P01,PP,90530.35,2144.85,0.0,5000,2025-03-04 15:00:00
2026-03-04,P01,PP,88581.45,1948.9,0.0,5000,2025-03-02 11:00:00
2026-03-05,P01,PP,85710.31,2871.14,0.0,5000,2025-03-03 04:00:00
2026-03-06,P01,PP,84569.5,1140.81,0.0,5000,2025-03-03 20:00:00
2026-03-07,P01,PP,82593.78,1975.72,0.0,5000,2025-03-02 16:00:00
2026-03-08,P01,PP,81724.05,869.73,0.0,5000,2025-03-02 20:00:00
2026-03-09,P01,PP,79877.98,1846.07,0.0,5000,2025-03-04 22:00:00
2026-03-10,P01,PP,76811.96,3066.02,0.0,5000,2025-03-02 00:00:00
2026-03-11,P01,PP,74615.17,2196.79,0.0,5000,2025-03-03 18:00:00
2026-03-12,P01,PP,71059.56,3555.61,0.0,5000,2025-03-04 13:00:00
2026-03-13,P01,PP,68862.6,2196.96,0.0,5000,2025-03-04 16:00:00
2026-03-14,P01,PP,66726.09,2136.51,0.0,5000,2025-03-04 08:00:00
2026-03-15,P01,PP,80703.58,8363.02,22340.52,5000,2025-03-04 00:00:00
2026-03-16,P01,PP,78917.31,1786.27,0.0,5000,2025-03-02 19:00:00
2026-03-17,P01,PP,77482.09,1435.22,0.0,5000,2025-03-02 17:00:00
2026-03-18,P01,PP,76456.43,1025.66,0.0,5000,2025-03-02 20:00:00
2026-03-19,P01,PP,74272.11,2184.32,0.0,5000,2025-03-02 13:00:00
2026-03-20,P01,PP,71209.41,3062.7,0.0,5000,2025-03-02 19:00:00
2026-03-21,P01,PP,69226.96,1982.45,0.0,5000,2025-03-03 18:00:00
2026-03-22,P01,PP,67525.54,1701.42,0.0,5000,2025-03-02 12:00:00
2026-03-23,P01,PP,63942.81,3582.73,0.0,5000,2025-03-03 17:00:00
2026-03-24,P01,PP,62024.95,1917.86,0.0,5000,2025-03-04 13:00:00
2026-03-25,P01,PP,61202.32,822.63,0.0,5000,2025-03-02 21:00:00
2026-03-26,P01,PP,60701.22,501.1,0.0,5000,2025-03-03 07:00:00
2026-03-27,P01,PP,58985.8,1715.42,0.0,5000,2025-03-03 20:00:00
2026-03-28,P01,PP,58464.6,521.2,0.0,5000,2025-03-02 05:00:00
2026-03-29,P01,PP,58308.61,155.99,0.0,5000,2025-03-04 14:00:00
2026-03-30,P01,PP,58308.61,0.0,0.0,5000,2025-03-02 06:00:00
2026-03-31,P01,PP,58206.19,102.42,0.0,5000,2025-03-02 21:00:00
2026-04-01,P01,PP,83587.39,493.6,25874.79,5000,2025-03-04 20:00:00
2026-04-02,P01,PP,82113.46,1473.93,0.0,5000,2025-03-03 12:00:00
2026-04-03,P01,PP,79268.78,2844.68,0.0,5000,2025-03-04 06:00:00
2026-04-04,P01,PP,78925.14,343.64,0.0,5000,2025-03-03 12:00:00
2026-04-05,P01,PP,77319.0,1606.14,0.0,5000,2025-03-04 10:00:00
2026-04-06,P01,PP,75198.23,2120.77,0.0,5000,2025-03-02 15:00:00
2026-04-07,P01,PP,74363.88,834.35,0.0,5000,2025-03-04 03:00:00
2026-04-08,P01,PP,74274.94,88.94,0.0,5000,2025-03-04 04:00:00
2026-04-09,P01,PP,72062.69,2212.25,0.0,5000,2025-03-04 14:00:00
2026-04-10,P01,PP,71037.63,1025.06,0.0,5000,2025-03-04 00:00:00
2026-04-11,P01,PP,69875.58,1162.05,0.0,5000,2025-03-02 07:00:00
2026-04-12,P01,PP,66008.91,3866.67,0.0,5000,2025-03-04 14:00:00
2026-04-13,P01,PP,62039.33,3969.58,0.0,5000,2025-03-02 16:00:00
2026-04-14,P01,PP,61408.89,630.44,0.0,5000,2025-03-04 22:00:00
2026-04-15,P01,PP,85539.58,5015.26,29145.95,5000,2025-03-04 17:00:00
2026-04-16,P01,PP,84178.69,1360.89,0.0,5000,2025-03-04 17:00:00
2026-04-17,P01,PP,82820.65,1358.04,0.0,5000,2025-03-04 15:00:00
2026-04-18,P01,PP,80793.27,2027.38,0.0,5000,2025-03-03 01:00:00
2026-04-19,P01,PP,79288.51,1504.76,0.0,5000,2025-03-02 02:00:00
2026-04-20,P01,PP,76809.55,2478.96,0.0,5000,2025-03-03 19:00:00
2026-04-21,P01,PP,75751.63,1057.92,0.0,5000,2025-03-04 18:00:00
2026-04-22,P01,PP,73759.08,1992.55,0.0,5000,2025-03-02 06:00:00
2026-04-23,P01,PP,72690.49,1068.59,0.0,5000,2025-03-04 11:00:00
2026-04-24,P01,PP,71893.67,796.82,0.0,5000,2025-03-04 04:00:00
2026-04-25,P01,PP,70542.22,1351.45,0.0,5000,2025-03-03 19:00:00
2026-04-26,P01,PP,68192.19,2350.03,0.0,5000,2025-03-03 21:00:00
2026-04-27,P01,PP,64391.57,3800.62,0.0,5000,2025-03-02 21:00:00
2026-04-28,P01,PP,61309.37,3082.2,0.0,5000,2025-03-04 05:00:00
2026-04-29,P01,PP,60991.69,317.68,0.0,5000,2025-03-03 06:00:00
2026-04-30,P01,PP,58389.98,2601.71,0.0,5000,2025-03-04 05:00:00
2026-05-01,P01,PP,87196.09,1108.89,29915.01,5000,2025-03-02 09:00:00
2026-05-02,P01,PP,83808.49,3387.6,0.0,5000,2025-03-04 08:00:00
2026-05-03,P01,PP,82526.39,1282.1,0.0,5000,2025-03-02 06:00:00
2026-05-04,P01,PP,79436.88,3089.51,0.0,5000,2025-03-04 06:00:00
2026-05-05,P01,PP,77493.16,1943.72,0.0,5000,2025-03-02 16:00:00
2026-05-06,P01,PP,75395.89,2097.27,0.0,5000,2025-03-04 02:00:00
2026-05-07,P01,PP,72662.47,2733.42,0.0,5000,2025-03-04 12:00:00
2026-05-08,P01,PP,70814.97,1847.5,0.0,5000,2025-03-04 15:00:00
2026-05-09,P01,PP,67315.74,3499.23,0.0,5000,2025-03-02 04:00:00
2026-05-10,P01,PP,64823.97,2491.77,0.0,5000,2025-03-03 16:00:00
2026-05-11,P01,PP,62939.16,1884.81,0.0,5000,2025-03-04 21:00:00
2026-05-12,P01,PP,61194.8,1744.36,0.0,5000,2025-03-04 09:00:00
2026-05-13,P01,PP,61043.2,151.6,0.0,5000,2025-03-02 06:00:00
2026-05-14,P01,PP,60642.5,400.7,0.0,5000,2025-03-03 20:00:00
2026-05-15,P01,PP,76144.92,4684.12,20186.53,5000,2025-03-02 19:00:00
2026-05-16,P01,PP,73383.31,2761.61,0.0,5000,2025-03-03 03:00:00
2026-05-17,P01,PP,73383.31,0.0,0.0,5000,2025-03-04 03:00:00
2026-05-18,P01,PP,70266.2,3117.11,0.0,5000,2025-03-04 12:00:00
2026-05-19,P01,PP,68142.06,2124.14,0.0,5000,2025-03-04 17:00:00
2026-05-20,P01,PP,67539.86,602.2,0.0,5000,2025-03-03 20:00:00
2026-05-21,P01,PP,65373.23,2166.63,0.0,5000,2025-03-02 17:00:00
2026-05-22,P01,PP,63425.5,1947.73,0.0,5000,2025-03-02 03:00:00
2026-05-23,P01,PP,62445.9,979.6,0.0,5000,2025-03-03 19:00:00
2026-05-24,P01,PP,60516.43,1929.47,0.0,5000,2025-03-02 00:00:00
2026-05-25,P01,PP,57138.5,3377.93,0.0,5000,2025-03-04 14:00:00
2026-05-26,P01,PP,55577.36,1561.14,0.0,5000,2025-03-02 03:00:00
2026-05-27,P01,PP,54529.28,1048.08,0.0,5000,2025-03-02 16:00:00
2026-05-28,P01,PP,53519.73,1009.55,0.0,5000,2025-03-03 09:00:00
2026-05-29,P01,PP,51996.44,1523.29,0.0,5000,2025-03-04 01:00:00
2026-05-30,P01,PP,51996.44,0.0,0.0,5000,2025-03-03 10:00:00
2026-05-31,P01,PP,49488.16,2508.28,0.0,5000,2025-03-03 03:00:00
2026-06-01,P01,PP,78654.4,860.39,30026.64,5000,2025-03-03 17:00:00
2026-06-02,P01,PP,78654.4,0.0,0.0,5000,2025-03-02 18:00:00
2026-06-03,P01,PP,78496.33,158.07,0.0,5000,2025-03-02 19:00:00
2026-06-04,P01,PP,77986.76,509.57,0.0,5000,2025-03-04 02:00:00
2026-06-05,P01,PP,76100.69,1886.07,0.0,5000,2025-03-03 19:00:00
2026-06-06,P01,PP,72474.55,3626.14,0.0,5000,2025-03-03 13:00:00
2026-06-07,P01,PP,69951.38,2523.17,0.0,5000,2025-03-04 13:00:00
2026-06-08,P01,PP,68356.07,1595.31,0.0,5000,2025-03-03 18:00:00
2026-06-09,P01,PP,67759.57,596.5,0.0,5000,2025-03-04 06:00:00
2026-06-10,P01,PP,67237.79,521.78,0.0,5000,2025-03-03 12:00:00
2026-06-11,P01,PP,64948.58,2289.21,0.0,5000,2025-03-03 18:00:00
2026-06-12,P01,PP,64629.29,319.29,0.0,5000,2025-03-02 18:00:00
2026-06-13,P01,PP,60557.54,4071.75,0.0,5000,2025-03-02 14:00:00
2026-06-14,P01,PP,59047.62,1509.92,0.0,5000,2025-03-04 11:00:00
2026-06-15,P01,PP,81028.34,776.69,22757.41,5000,2025-03-02 06:00:00
2026-06-16,P01,PP,79304.09,1724.25,0.0,5000,2025-03-02 06:00:00
2026-06-17,P01,PP,74523.33,4780.76,0.0,5000,2025-03-03 00:00:00
2026-06-18,P01,PP,71137.39,3385.94,0.0,5000,2025-03-03 15:00:00
2026-06-19,P01,PP,68995.41,2141.98,0.0,5000,2025-03-04 08:00:00
2026-06-20,P01,PP,66651.44,2343.97,0.0,5000,2025-03-03 20:00:00
2026-06-21,P01,PP,66031.08,620.36,0.0,5000,2025-03-04 01:00:00
2026-06-22,P01,PP,64654.79,1376.29,0.0,5000,2025-03-04 05:00:00
2026-06-23,P01,PP,62274.8,2379.99,0.0,5000,2025-03-04 05:00:00
2026-06-24,P01,PP,59162.98,3111.82,0.0,5000,2025-03-04 12:00:00
2026-06-25,P01,PP,54721.24,4441.74,0.0,5000,2025-03-03 06:00:00
2026-06-26,P01,PP,52724.05,1997.19,0.0,5000,2025-03-02 08:00:00
2026-06-27,P01,PP,48522.47,4201.58,0.0,5000,2025-03-02 06:00:00
2026-06-28,P01,PP,45744.73,2777.74,0.0,5000,2025-03-04 09:00:00
2026-06-29,P01,PP,44690.41,1054.32,0.0,5000,2025-03-02 10:00:00
2026-06-30,P01,PP,44690.41,0.0,0.0,5000,2025-03-03 18:00:00
2025-01-01,P02,HDPE,71651.51,670.07,25536.67,5000,2025-03-02 14:00:00
2025-01-02,P02,HDPE,71651.51,0.0,0.0,5000,2025-03-02 19:00:00
2025-01-03,P02,HDPE,69704.88,1946.63,0.0,5000,2025-03-03 06:00:00
2025-01-04,P02,HDPE,68020.63,1684.25,0.0,5000,2025-03-04 01:00:00
2025-01-05,P02,HDPE,66232.74,1787.89,0.0,5000,2025-03-02 16:00:00
2025-01-06,P02,HDPE,65090.68,1142.06,0.0,5000,2025-03-04 12:00:00
2025-01-07,P02,HDPE,62024.33,3066.35,0.0,5000,2025-03-04 03:00:00
2025-01-08,P02,HDPE,59933.16,2091.17,0.0,5000,2025-03-02 16:00:00
2025-01-09,P02,HDPE,59933.16,0.0,0.0,5000,2025-03-02 11:00:00
2025-01-10,P02,HDPE,54989.97,4943.19,0.0,5000,2025-03-04 11:00:00
2025-01-11,P02,HDPE,48246.23,6743.74,0.0,5000,2025-03-02 17:00:00
2025-01-12,P02,HDPE,47967.67,278.56,0.0,5000,2025-03-03 18:00:00
2025-01-13,P02,HDPE,47335.51,632.16,0.0,5000,2025-03-02 15:00:00
2025-01-14,P02,HDPE,43112.13,4223.38,0.0,5000,2025-03-02 05:00:00
2025-01-15,P02,HDPE,67923.55,815.93,25627.35,5000,2025-03-02 03:00:00
2025-01-16,P02,HDPE,67377.13,546.42,0.0,5000,2025-03-03 19:00:00
2025-01-17,P02,HDPE,65453.42,1923.71,0.0,5000,2025-03-04 00:00:00
2025-01-18,P02,HDPE,61833.17,3620.25,0.0,5000,2025-03-02 11:00:00
2025-01-19,P02,HDPE,54273.55,7559.62,0.0,5000,2025-03-03 18:00:00
2025-01-20,P02,HDPE,54273.55,0.0,0.0,5000,2025-03-04 05:00:00
2025-01-21,P02,HDPE,48654.87,5618.68,0.0,5000,2025-03-03 09:00:00
2025-01-22,P02,HDPE,46424.04,2230.83,0.0,5000,2025-03-02 10:00:00
2025-01-23,P02,HDPE,42149.96,4274.08,0.0,5000,2025-03-02 19:00:00
2025-01-24,P02,HDPE,40245.32,1904.64,0.0,5000,2025-03-04 18:00:00
2025-01-25,P02,HDPE,38595.36,1649.96,0.0,5000,2025-03-04 03:00:00
2025-01-26,P02,HDPE,38595.36,0.0,0.0,5000,2025-03-02 22:00:00
2025-01-27,P02,HDPE,33789.05,4806.31,0.0,5000,2025-03-04 11:00:00
2025-01-28,P02,HDPE,30390.47,3398.58,0.0,5000,2025-03-04 19:00:00
2025-01-29,P02,HDPE,29694.04,696.43,0.0,5000,2025-03-04 11:00:00
2025-01-30,P02,HDPE,27908.89,1785.15,0.0,5000,2025-03-02 00:00:00
2025-01-31,P02,HDPE,25304.25,2604.64,0.0,5000,2025-03-04 12:00:00
2025-02-01,P02,HDPE,54780.57,2398.27,31874.59,5000,2025-03-04 13:00:00
2025-02-02,P02,HDPE,51929.09,2851.48,0.0,5000,2025-03-04 03:00:00
2025-02-03,P02,HDPE,50119.52,1809.57,0.0,5000,2025-03-03 14:00:00
2025-02-04,P02,HDPE,50119.52,0.0,0.0,5000,2025-03-03 14:00:00
2025-02-05,P02,HDPE,46749.35,3370.17,0.0,5000,2025-03-03 06:00:00
2025-02-06,P02,HDPE,44803.61,1945.74,0.0,5000,2025-03-02 16:00:00
2025-02-07,P02,HDPE,43031.38,1772.23,0.0,5000,2025-03-02 09:00:00
2025-02-08,P02,HDPE,43031.38,0.0,0.0,5000,2025-03-03 05:00:00
2025-02-09,P02,HDPE,40618.06,2413.32,0.0,5000,2025-03-02 15:00:00
2025-02-10,P02,HDPE,39738.97,879.09,0.0,5000,2025-03-02 10:00:00
2025-02-11,P02,HDPE,39738.97,0.0,0.0,5000,2025-03-02 02:00:00
2025-02-12,P02,HDPE,37341.09,2397.88,0.0,5000,2025-03-03 14:00:00
2025-02-13,P02,HDPE,34943.68,2397.41,0.0,5000,2025-03-02 09:00:00
2025-02-14,P02,HDPE,30987.27,3956.41,0.0,5000,2025-03-03 19:00:00
2025-02-15,P02,HDPE,61466.45,0.0,30479.18,5000,2025-03-03 15:00:00
2025-02-16,P02,HDPE,60585.53,880.92,0.0,5000,2025-03-04 08:00:00
2025-02-17,P02,HDPE,58285.41,2300.12,0.0,5000,2025-03-02 11:00:00
2025-02-18,P02,HDPE,57318.6,966.81,0.0,5000,2025-03-02 18:00:00
2025-02-19,P02,HDPE,56515.67,802.93,0.0,5000,2025-03-04 05:00:00
2025-02-20,P02,HDPE,54750.42,1765.25,0.0,5000,2025-03-02 17:00:00
2025-02-21,P02,HDPE,53968.62,781.8,0.0,5000,2025-03-04 19:00:00
2025-02-22,P02,HDPE,48325.26,5643.36,0.0,5000,2025-03-02 00:00:00
2025-02-23,P02,HDPE,44101.2,4224.06,0.0,5000,2025-03-02 13:00:00
2025-02-24,P02,HDPE,43193.4,907.8,0.0,5000,2025-03-04 15:00:00
2025-02-25,P02,HDPE,30670.69,12522.71,0.0,5000,2025-03-03 09:00:00
2025-02-26,P02,HDPE,22293.02,8377.67,0.0,5000,2025-03-03 21:00:00
2025-02-27,P02,HDPE,19944.97,2348.05,0.0,5000,2025-03-03 06:00:00
2025-02-28,P02,HDPE,19226.19,718.78,0.0,5000,2025-03-03 12:00:00
2025-03-01,P02,HDPE,44867.89,2518.56,28160.26,5000,2025-03-03 00:00:00
2025-03-02,P02,HDPE,43553.71,1314.18,0.0,5000,2025-03-04 08:00:00
2025-03-03,P02,HDPE,39680.23,3873.48,0.0,5000,2025-03-03 15:00:00
2025-03-04,P02,HDPE,39680.23,0.0,0.0,5000,2025-03-03 02:00:00
2025-03-05,P02,HDPE,37345.68,2334.55,0.0,5000,2025-03-02 01:00:00
2025-03-06,P02,HDPE,35350.36,1995.32,0.0,5000,2025-03-04 06:00:00
2025-03-07,P02,HDPE,28970.09,6380.27,0.0,5000,2025-03-03 12:00:00
2025-03-08,P02,HDPE,28970.09,0.0,0.0,5000,2025-03-03 15:00:00
2025-03-09,P02,HDPE,25660.63,3309.46,0.0,5000,2025-03-03 14:00:00
2025-03-10,P02,HDPE,25105.02,555.61,0.0,5000,2025-03-04 01:00:00
2025-03-11,P02,HDPE,20538.49,4566.53,0.0,5000,2025-03-04 05:00:00
2025-03-12,P02,HDPE,16583.04,3955.45,0.0,5000,2025-03-03 18:00:00
2025-03-13,P02,HDPE,10932.29,5650.75,0.0,5000,2025-03-04 06:00:00
2025-03-14,P02,HDPE,10229.82,702.47,0.0,5000,2025-03-02 06:00:00
2025-03-15,P02,HDPE,37971.71,2541.97,30283.86,5000,2025-03-04 20:00:00
2025-03-16,P02,HDPE,37560.37,411.34,0.0,5000,2025-03-02 22:00:00
2025-03-17,P02,HDPE,36660.77,899.6,0.0,5000,2025-03-03 16:00:00
2025-03-18,P02,HDPE,31977.97,4682.8,0.0,5000,2025-03-03 08:00:00
2025-03-19,P02,HDPE,29988.79,1989.18,0.0,5000,2025-03-02 20:00:00
2025-03-20,P02,HDPE,27579.64,2409.15,0.0,5000,2025-03-03 03:00:00
2025-03-21,P02,HDPE,27579.64,0.0,0.0,5000,2025-03-04 01:00:00
2025-03-22,P02,HDPE,27579.64,0.0,0.0,5000,2025-03-03 02:00:00
2025-03-23,P02,HDPE,25670.04,1909.6,0.0,5000,2025-03-03 05:00:00
2025-03-24,P02,HDPE,24203.77,1466.27,0.0,5000,2025-03-04 13:00:00
2025-03-25,P02,HDPE,22849.12,1354.65,0.0,5000,2025-03-02 11:00:00
2025-03-26,P02,HDPE,22098.33,750.79,0.0,5000,2025-03-02 14:00:00
2025-03-27,P02,HDPE,20164.77,1933.56,0.0,5000,2025-03-03 18:00:00
2025-03-28,P02,HDPE,19237.81,926.96,0.0,5000,2025-03-02 05:00:00
2025-03-29,P02,HDPE,13418.48,5819.33,0.0,5000,2025-03-02 06:00:00
2025-03-30,P02,HDPE,11882.55,1535.93,0.0,5000,2025-03-03 19:00:00
2025-03-31,P02,HDPE,11187.86,694.69,0.0,5000,2025-03-02 09:00:00
2025-04-01,P02,HDPE,32683.41,4819.8,26315.35,5000,2025-03-02 17:00:00
2025-04-02,P02,HDPE,32683.41,0.0,0.0,5000,2025-03-02 00:00:00
2025-04-03,P02,HDPE,32683.41,0.0,0.0,5000,2025-03-02 18:00:00
2025-04-04,P02,HDPE,29447.26,3236.15,0.0,5000,2025-03-02 22:00:00
2025-04-05,P02,HDPE,28894.42,552.84,0.0,5000,2025-03-03 22:00:00
2025-04-06,P02,HDPE,23181.26,5713.16,0.0,5000,2025-03-02 16:00:00
2025-04-07,P02,HDPE,18187.11,4994.15,0.0,5000,2025-03-04 07:00:00
2025-04-08,P02,HDPE,13914.6,4272.51,0.0,5000,2025-03-02 06:00:00
2025-04-09,P02,HDPE,11857.85,2056.75,0.0,5000,2025-03-02 07:00:00
2025-04-10,P02,HDPE,3085.39,8772.46,0.0,5000,2025-03-04 12:00:00
2025-04-11,P02,HDPE,3085.39,0.0,0.0,5000,2025-03-02 06:00:00
2025-04-12,P02,HDPE,800.0,8635.2,0.0,5000,2025-03-04 10:00:00
2025-04-13,P02,HDPE,800.0,563.44,0.0,5000,2025-03-03 17:00:00
2025-04-14,P02,HDPE,800.0,2363.57,0.0,5000,2025-03-04 20:00:00
2025-04-15,P02,HDPE,16096.63,5411.35,20707.98,5000,2025-03-04 22:00:00
2025-04-16,P02,HDPE,8518.79,7577.84,0.0,5000,2025-03-03 13:00:00
2025-04-17,P02,HDPE,4214.81,4303.98,0.0,5000,2025-03-04 21:00:00
2025-04-18,P02,HDPE,800.0,3866.16,0.0,5000,2025-03-02 10:00:00
2025-04-19,P02,HDPE,800.0,3215.55,0.0,5000,2025-03-02 22:00:00
2025-04-20,P02,HDPE,800.0,4896.51,0.0,5000,2025-03-04 07:00:00
2025-04-21,P02,HDPE,800.0,1080.76,0.0,5000,2025-03-02 14:00:00
2025-04-22,P02,HDPE,800.0,4547.63,0.0,5000,2025-03-03 14:00:00
2025-04-23,P02,HDPE,800.0,7119.21,0.0,5000,2025-03-04 15:00:00
2025-04-24,P02,HDPE,800.0,0.0,0.0,5000,2025-03-03 12:00:00
2025-04-25,P02,HDPE,800.0,6188.4,0.0,5000,2025-03-03 13:00:00
2025-04-26,P02,HDPE,800.0,9155.36,0.0,5000,2025-03-02 18:00:00
2025-04-27,P02,HDPE,800.0,1872.87,0.0,5000,2025-03-03 03:00:00
2025-04-28,P02,HDPE,800.0,0.0,0.0,5000,2025-03-03 07:00:00
2025-04-29,P02,HDPE,800.0,0.0,0.0,5000,2025-03-03 18:00:00
2025-04-30,P02,HDPE,800.0,986.22,0.0,5000,2025-03-04 11:00:00
2025-05-01,P02,HDPE,31418.63,818.67,31437.3,5000,2025-03-03 17:00:00
2025-05-02,P02,HDPE,28638.04,2780.59,0.0,5000,2025-03-03 18:00:00
2025-05-03,P02,HDPE,28008.4,629.64,0.0,5000,2025-03-02 05:00:00
2025-05-04,P02,HDPE,19674.21,8334.19,0.0,5000,2025-03-03 02:00:00
2025-05-05,P02,HDPE,16724.71,2949.5,0.0,5000,2025-03-04 14:00:00
2025-05-06,P02,HDPE,14910.94,1813.77,0.0,5000,2025-03-04 14:00:00
2025-05-07,P02,HDPE,9841.5,5069.44,0.0,5000,2025-03-03 08:00:00
2025-05-08,P02,HDPE,9403.5,438.0,0.0,5000,2025-03-02 01:00:00
2025-05-09,P02,HDPE,8142.05,1261.45,0.0,5000,2025-03-02 19:00:00
2025-05-10,P02,HDPE,1039.61,7102.44,0.0,5000,2025-03-04 11:00:00
2025-05-11,P02,HDPE,800.0,8146.35,0.0,5000,2025-03-03 21:00:00
2025-05-12,P02,HDPE,800.0,2461.5,0.0,5000,2025-03-04 05:00:00
2025-05-13,P02,HDPE,800.0,4010.33,0.0,5000,2025-03-04 04:00:00
2025-05-14,P02,HDPE,800.0,4481.41,0.0,5000,2025-03-03 19:00:00
2025-05-15,P02,HDPE,22221.77,3217.48,24639.25,5000,2025-03-03 19:00:00
2025-05-16,P02,HDPE,17226.04,4995.73,0.0,5000,2025-03-03 11:00:00
2025-05-17,P02,HDPE,16053.83,1172.21,0.0,5000,2025-03-02 14:00:00
2025-05-18,P02,HDPE,11219.08,4834.75,0.0,5000,2025-03-04 09:00:00
2025-05-19,P02,HDPE,10362.37,856.71,0.0,5000,2025-03-02 01:00:00
2025-05-20,P02,HDPE,7986.36,2376.01,0.0,5000,2025-03-03 04:00:00
2025-05-21,P02,HDPE,6092.96,1893.4,0.0,5000,2025-03-04 21:00:00
2025-05-22,P02,HDPE,977.4,5115.56,0.0,5000,2025-03-04 19:00:00
2025-05-23,P02,HDPE,800.0,4817.14,0.0,5000,2025-03-02 10:00:00
2025-05-24,P02,HDPE,800.0,1801.05,0.0,5000,2025-03-04 02:00:00
2025-05-25,P02,HDPE,800.0,6867.86,0.0,5000,2025-03-02 01:00:00
2025-05-26,P02,HDPE,800.0,0.0,0.0,5000,2025-03-03 12:00:00
2025-05-27,P02,HDPE,800.0,5455.71,0.0,5000,2025-03-02 06:00:00
2025-05-28,P02,HDPE,800.0,489.41,0.0,5000,2025-03-03 13:00:00
2025-05-29,P02,HDPE,800.0,0.0,0.0,5000,2025-03-02 00:00:00
2025-05-30,P02,HDPE,800.0,1415.46,0.0,5000,2025-03-02 19:00:00
2025-05-31,P02,HDPE,800.0,0.0,0.0,5000,2025-03-03 17:00:00
2025-06-01,P02,HDPE,30940.35,0.0,30140.35,5000,2025-03-04 04:00:00
2025-06-02,P02,HDPE,28679.75,2260.6,0.0,5000,2025-03-02 04:00:00
2025-06-03,P02,HDPE,27706.66,973.09,0.0,5000,2025-03-04 00:00:00
2025-06-04,P02,HDPE,25646.78,2059.88,0.0,5000,2025-03-04 18:00:00
2025-06-05,P02,HDPE,23309.03,2337.75,0.0,5000,2025-03-02 10:00:00
2025-06-06,P02,HDPE,22262.82,1046.21,0.0,5000,2025-03-03 01:00:00
2025-06-07,P02,HDPE,20728.08,1534.74,0.0,5000,2025-03-04 15:00:00
2025-06-08,P02,HDPE,12696.62,8031.46,0.0,5000,2025-03-04 02:00:00
2025-06-09,P02,HDPE,11262.89,1433.73,0.0,5000,2025-03-03 15:00:00
2025-06-10,P02,HDPE,5783.26,5479.63,0.0,5000,2025-03-02 14:00:00
2025-06-11,P02,HDPE,2791.18,2992.08,0.0,5000,2025-03-03 00:00:00
2025-06-12,P02,HDPE,800.0,3361.23,0.0,5000,2025-03-02 08:00:00
2025-06-13,P02,HDPE,800.0,1883.35,0.0,5000,2025-03-04 08:00:00
2025-06-14,P02,HDPE,800.0,7312.87,0.0,5000,2025-03-03 00:00:00
2025-06-15,P02,HDPE,22153.97,5319.61,26673.58,5000,2025-03-03 05:00:00
2025-06-16,P02,HDPE,10861.22,11292.75,0.0,5000,2025-03-03 14:00:00
2025-06-17,P02,HDPE,8387.55,2473.67,0.0,5000,2025-03-02 03:00:00
2025-06-18,P02,HDPE,7490.15,897.4,0.0,5000,2025-03-02 10:00:00
2025-06-19,P02,HDPE,4687.92,2802.23,0.0,5000,2025-03-02 11:00:00
2025-06-20,P02,HDPE,2245.27,2442.65,0.0,5000,2025-03-04 22:00:00
2025-06-21,P02,HDPE,800.0,4067.13,0.0,5000,2025-03-02 00:00:00
2025-06-22,P02,HDPE,800.0,3219.53,0.0,5000,2025-03-02 10:00:00
2025-06-23,P02,HDPE,800.0,3994.56,0.0,5000,2025-03-04 14:00:00
2025-06-24,P02,HDPE,800.0,1626.09,0.0,5000,2025-03-03 19:00:00
2025-06-25,P02,HDPE,800.0,2190.71,0.0,5000,2025-03-02 07:00:00
2025-06-26,P02,HDPE,800.0,0.0,0.0,5000,2025-03-03 12:00:00
2025-06-27,P02,HDPE,800.0,4279.96,0.0,5000,2025-03-04 16:00:00
2025-06-28,P02,HDPE,800.0,521.61,0.0,5000,2025-03-03 13:00:00
2025-06-29,P02,HDPE,800.0,1796.82,0.0,5000,2025-03-03 03:00:00
2025-06-30,P02,HDPE,800.0,0.0,0.0,5000,2025-03-04 19:00:00
2025-07-01,P02,HDPE,23756.59,1898.75,24855.34,5000,2025-03-02 14:00:00
2025-07-02,P02,HDPE,23756.59,0.0,0.0,5000,2025-03-03 12:00:00
2025-07-03,P02,HDPE,12420.43,11336.16,0.0,5000,2025-03-04 02:00:00
2025-07-04,P02,HDPE,6313.37,6107.06,0.0,5000,2025-03-04 09:00:00
2025-07-05,P02,HDPE,2579.51,3733.86,0.0,5000,2025-03-04 13:00:00
2025-07-06,P02,HDPE,800.0,7661.13,0.0,5000,2025-03-03 19:00:00
2025-07-07,P02,HDPE,800.0,2364.14,0.0,5000,2025-03-02 02:00:00
2025-07-08,P02,HDPE,800.0,1165.13,0.0,5000,2025-03-02 20:00:00
2025-07-09,P02,HDPE,800.0,0.0,0.0,5000,2025-03-02 01:00:00
2025-07-10,P02,HDPE,800.0,1838.38,0.0,5000,2025-03-04 03:00:00
2025-07-11,P02,HDPE,800.0,1776.16,0.0,5000,2025-03-02 02:00:00
2025-07-12,P02,HDPE,800.0,4838.81,0.0,5000,2025-03-02 01:00:00
2025-07-13,P02,HDPE,800.0,5504.76,0.0,5000,2025-03-04 05:00:00
2025-07-14,P02,HDPE,800.0,0.0,0.0,5000,2025-03-04 08:00:00
2025-07-15,P02,HDPE,22377.29,8094.14,29671.43,5000,2025-03-04 16:00:00
2025-07-16,P02,HDPE,20551.48,1825.81,0.0,5000,2025-03-02 09:00:00
2025-07-17,P02,HDPE,17791.19,2760.29,0.0,5000,2025-03-04 20:00:00
2025-07-18,P02,HDPE,15814.3,1976.89,0.0,5000,2025-03-04 04:00:00
2025-07-19,P02,HDPE,11820.12,3994.18,0.0,5000,2025-03-04 19:00:00
2025-07-20,P02,HDPE,6966.97,4853.15,0.0,5000,2025-03-03 07:00:00
2025-07-21,P02,HDPE,6216.3,750.67,0.0,5000,2025-03-03 09:00:00
2025-07-22,P02,HDPE,2656.06,3560.24,0.0,5000,2025-03-03 02:00:00
2025-07-23,P02,HDPE,800.0,2362.44,0.0,5000,2025-03-04 03:00:00
2025-07-24,P02,HDPE,800.0,1572.83,0.0,5000,2025-03-04 09:00:00
2025-07-25,P02,HDPE,800.0,4834.58,0.0,5000,2025-03-03 00:00:00
2025-07-26,P02,HDPE,800.0,3680.41,0.0,5000,2025-03-04 19:00:00
2025-07-27,P02,HDPE,800.0,3723.7,0.0,5000,2025-03-03 19:00:00
2025-07-28,P02,HDPE,800.0,5376.17,0.0,5000,2025-03-02 20:00:00
2025-07-29,P02,HDPE,800.0,4105.83,0.0,5000,2025-03-02 21:00:00
2025-07-30,P02,HDPE,800.0,6350.35,0.0,5000,2025-03-03 08:00:00
2025-07-31,P02,HDPE,800.0,3820.66,0.0,5000,2025-03-04 14:00:00
2025-08-01,P02,HDPE,22678.42,2742.64,24621.06,5000,2025-03-02 20:00:00
2025-08-02,P02,HDPE,20227.65,2450.77,0.0,5000,2025-03-03 05:00:00
2025-08-03,P02,HDPE,14474.22,5753.43,0.0,5000,2025-03-03 04:00:00
2025-08-04,P02,HDPE,10058.43,4415.79,0.0,5000,2025-03-04 21:00:00
2025-08-05,P02,HDPE,4879.56,5178.87,0.0,5000,2025-03-04 03:00:00
2025-08-06,P02,HDPE,1458.52,3421.04,0.0,5000,2025-03-04 02:00:00
2025-08-07,P02,HDPE,800.0,5392.4,0.0,5000,2025-03-03 15:00:00
2025-08-08,P02,HDPE,800.0,1598.22,0.0,5000,2025-03-03 09:00:00
2025-08-09,P02,HDPE,800.0,2308.01,0.0,5000,2025-03-03 11:00:00
2025-08-10,P02,HDPE,800.0,1191.4,0.0,5000,2025-03-03 10:00:00
2025-08-11,P02,HDPE,800.0,2518.96,0.0,5000,2025-03-03 22:00:00
2025-08-12,P02,HDPE,800.0,866.59,0.0,5000,2025-03-04 08:00:00
2025-08-13,P02,HDPE,800.0,5101.21,0.0,5000,2025-03-04 02:00:00
2025-08-14,P02,HDPE,800.0,3107.57,0.0,5000,2025-03-03 16:00:00
2025-08-15,P02,HDPE,24177.91,3777.44,27155.35,5000,2025-03-04 04:00:00
2025-08-16,P02,HDPE,18906.97,5270.94,0.0,5000,2025-03-04 09:00:00
2025-08-17,P02,HDPE,16100.35,2806.62,0.0,5000,2025-03-02 22:00:00
2025-08-18,P02,HDPE,16100.35,0.0,0.0,5000,2025-03-03 21:00:00
2025-08-19,P02,HDPE,12940.57,3159.78,0.0,5000,2025-03-03 05:00:00
2025-08-20,P02,HDPE,10089.65,2850.92,0.0,5000,2025-03-02 12:00:00
2025-08-21,P02,HDPE,8381.72,1707.93,0.0,5000,2025-03-03 10:00:00
2025-08-22,P02,HDPE,7982.97,398.75,0.0,5000,2025-03-04 19:00:00
2025-08-23,P02,HDPE,5890.89,2092.08,0.0,5000,2025-03-04 00:00:00
2025-08-24,P02,HDPE,2195.71,3695.18,0.0,5000,2025-03-04 20:00:00
2025-08-25,P02,HDPE,800.0,2584.34,0.0,5000,2025-03-04 16:00:00
2025-08-26,P02,HDPE,800.0,0.0,0.0,5000,2025-03-04 21:00:00
2025-08-27,P02,HDPE,800.0,5291.01,0.0,5000,2025-03-02 11:00:00
2025-08-28,P02,HDPE,800.0,4847.71,0.0,5000,2025-03-04 09:00:00
2025-08-29,P02,HDPE,800.0,5160.62,0.0,5000,2025-03-03 14:00:00
2025-08-30,P02,HDPE,800.0,3359.01,0.0,5000,2025-03-03 17:00:00
2025-08-31,P02,HDPE,800.0,1620.6,0.0,5000,2025-03-04 19:00:00
2025-09-01,P02,HDPE,18051.63,12459.44,29711.07,5000,2025-03-03 03:00:00
2025-09-02,P02,HDPE,12234.1,5817.53,0.0,5000,2025-03-02 09:00:00
2025-09-03,P02,HDPE,10645.67,1588.43,0.0,5000,2025-03-03 21:00:00
2025-09-04,P02,HDPE,9436.66,1209.01,0.0,5000,2025-03-02 11:00:00
2025-09-05,P02,HDPE,5462.26,3974.4,0.0,5000,2025-03-04 02:00:00
2025-09-06,P02,HDPE,1695.33,3766.93,0.0,5000,2025-03-02 03:00:00
2025-09-07,P02,HDPE,800.0,2261.66,0.0,5000,2025-03-02 05:00:00
2025-09-08,P02,HDPE,800.0,227.98,0.0,5000,2025-03-04 05:00:00
2025-09-09,P02,HDPE,800.0,1943.68,0.0,5000,2025-03-03 04:00:00
2025-09-10,P02,HDPE,800.0,1190.38,0.0,5000,2025-03-02 10:00:00
2025-09-11,P02,HDPE,800.0,3536.07,0.0,5000,2025-03-03 17:00:00
2025-09-12,P02,HDPE,800.0,0.0,0.0,5000,2025-03-03 01:00:00
2025-09-13,P02,HDPE,800.0,443.38,0.0,5000,2025-03-02 07:00:00
2025-09-14,P02,HDPE,800.0,0.0,0.0,5000,2025-03-03 04:00:00
2025-09-15,P02,HDPE,23789.34,4615.73,27605.07,5000,2025-03-04 18:00:00
2025-09-16,P02,HDPE,17105.61,6683.73,0.0,5000,2025-03-03 03:00:00
2025-09-17,P02,HDPE,11909.48,5196.13,0.0,5000,2025-03-04 10:00:00
2025-09-18,P02,HDPE,10412.33,1497.15,0.0,5000,2025-03-04 02:00:00
2025-09-19,P02,HDPE,9622.44,789.89,0.0,5000,2025-03-03 13:00:00
2025-09-20,P02,HDPE,5967.97,3654.47,0.0,5000,2025-03-02 22:00:00
2025-09-21,P02,HDPE,1208.53,4759.44,0.0,5000,2025-03-03 22:00:00
2025-09-22,P02,HDPE,800.0,3241.8,0.0,5000,2025-03-04 22:00:00
2025-09-23,P02,HDPE,800.0,3093.28,0.0,5000,2025-03-02 06:00:00
2025-09-24,P02,HDPE,800.0,531.19,0.0,5000,2025-03-03 15:00:00
2025-09-25,P02,HDPE,800.0,1495.29,0.0,5000,2025-03-03 01:00:00
2025-09-26,P02,HDPE,800.0,0.0,0.0,5000,2025-03-03 05:00:00
2025-09-27,P02,HDPE,800.0,3495.32,0.0,5000,2025-03-04 05:00:00
2025-09-28,P02,HDPE,800.0,1135.67,0.0,5000,2025-03-03 15:00:00
2025-09-29,P02,HDPE,800.0,793.98,0.0,5000,2025-03-02 19:00:00
2025-09-30,P02,HDPE,800.0,4921.69,0.0,5000,2025-03-02 09:00:00
2025-10-01,P02,HDPE,23148.96,647.92,22996.88,5000,2025-03-02 22:00:00
2025-10-02,P02,HDPE,22052.5,1096.46,0.0,5000,2025-03-02 01:00:00
2025-10-03,P02,HDPE,18982.84,3069.66,0.0,5000,2025-03-04 06:00:00
2025-10-04,P02,HDPE,17791.42,1191.42,0.0,5000,2025-03-04 08:00:00
2025-10-05,P02,HDPE,12545.19,5246.23,0.0,5000,2025-03-02 00:00:00
2025-10-06,P02,HDPE,7939.47,4605.72,0.0,5000,2025-03-03 19:00:00
2025-10-07,P02,HDPE,1644.66,6294.81,0.0,5000,2025-03-04 00:00:00
2025-10-08,P02,HDPE,1146.57,498.09,0.0,5000,2025-03-02 15:00:00
2025-10-09,P02,HDPE,800.0,3860.61,0.0,5000,2025-03-03 14:00:00
2025-10-10,P02,HDPE,800.0,5315.46,0.0,5000,2025-03-03 02:00:00
2025-10-11,P02,HDPE,800.0,2773.23,0.0,5000,2025-03-03 04:00:00
2025-10-12,P02,HDPE,800.0,2030.97,0.0,5000,2025-03-03 08:00:00
2025-10-13,P02,HDPE,800.0,4824.88,0.0,5000,2025-03-03 09:00:00
2025-10-14,P02,HDPE,800.0,2183.11,0.0,5000,2025-03-03 14:00:00
2025-10-15,P02,HDPE,32794.68,150.04,32144.72,5000,2025-03-02 21:00:00
2025-10-16,P02,HDPE,30280.16,2514.52,0.0,5000,2025-03-02 16:00:00
2025-10-17,P02,HDPE,27713.64,2566.52,0.0,5000,2025-03-04 03:00:00
2025-10-18,P02,HDPE,27713.64,0.0,0.0,5000,2025-03-03 06:00:00
2025-10-19,P02,HDPE,27713.64,0.0,0.0,5000,2025-03-03 19:00:00
2025-10-20,P02,HDPE,16202.45,11511.19,0.0,5000,2025-03-04 11:00:00
2025-10-21,P02,HDPE,16202.45,0.0,0.0,5000,2025-03-04 02:00:00
2025-10-22,P02,HDPE,9776.51,6425.94,0.0,5000,2025-03-04 20:00:00
2025-10-23,P02,HDPE,3452.89,6323.62,0.0,5000,2025-03-03 15:00:00
2025-10-24,P02,HDPE,1154.07,2298.82,0.0,5000,2025-03-04 21:00:00
2025-10-25,P02,HDPE,800.0,2476.68,0.0,5000,2025-03-02 20:00:00
2025-10-26,P02,HDPE,800.0,1309.76,0.0,5000,2025-03-04 14:00:00
2025-10-27,P02,HDPE,800.0,1359.32,0.0,5000,2025-03-03 12:00:00
2025-10-28,P02,HDPE,800.0,542.67,0.0,5000,2025-03-02 19:00:00
2025-10-29,P02,HDPE,800.0,4112.07,0.0,5000,2025-03-03 04:00:00
2025-10-30,P02,HDPE,800.0,2245.85,0.0,5000,2025-03-02 21:00:00
2025-10-31,P02,HDPE,800.0,3335.32,0.0,5000,2025-03-04 05:00:00
2025-11-01,P02,HDPE,30915.76,2063.35,32179.11,5000,2025-03-04 06:00:00
2025-11-02,P02,HDPE,27625.94,3289.82,0.0,5000,2025-03-03 22:00:00
2025-11-03,P02,HDPE,20846.94,6779.0,0.0,5000,2025-03-04 04:00:00
2025-11-04,P02,HDPE,19684.72,1162.22,0.0,5000,2025-03-02 19:00:00
2025-11-05,P02,HDPE,16424.78,3259.94,0.0,5000,2025-03-02 03:00:00
2025-11-06,P02,HDPE,12751.8,3672.98,0.0,5000,2025-03-04 20:00:00
2025-11-07,P02,HDPE,8380.02,4371.78,0.0,5000,2025-03-02 22:00:00
2025-11-08,P02,HDPE,3726.23,4653.79,0.0,5000,2025-03-02 13:00:00
2025-11-09,P02,HDPE,929.6,2796.63,0.0,5000,2025-03-04 18:00:00
2025-11-10,P02,HDPE,800.0,2078.07,0.0,5000,2025-03-03 15:00:00
2025-11-11,P02,HDPE,800.0,3959.61,0.0,5000,2025-03-04 10:00:00
2025-11-12,P02,HDPE,800.0,1224.37,0.0,5000,2025-03-03 04:00:00
2025-11-13,P02,HDPE,800.0,1050.75,0.0,5000,2025-03-02 04:00:00
2025-11-14,P02,HDPE,800.0,4757.91,0.0,5000,2025-03-03 16:00:00
2025-11-15,P02,HDPE,24752.35,6085.95,30038.3,5000,2025-03-02 03:00:00
2025-11-16,P02,HDPE,22380.34,2372.01,0.0,5000,2025-03-03 19:00:00
2025-11-17,P02,HDPE,22380.34,0.0,0.0,5000,2025-03-03 15:00:00
2025-11-18,P02,HDPE,20372.15,2008.19,0.0,5000,2025-03-04 20:00:00
2025-11-19,P02,HDPE,10057.29,10314.86,0.0,5000,2025-03-03 17:00:00
2025-11-20,P02,HDPE,9710.3,346.99,0.0,5000,2025-03-02 11:00:00
2025-11-21,P02,HDPE,7178.59,2531.71,0.0,5000,2025-03-03 06:00:00
2025-11-22,P02,HDPE,7178.59,0.0,0.0,5000,2025-03-04 15:00:00
2025-11-23,P02,HDPE,3087.67,4090.92,0.0,5000,2025-03-02 07:00:00
2025-11-24,P02,HDPE,800.0,2419.37,0.0,5000,2025-03-03 03:00:00
2025-11-25,P02,HDPE,800.0,5285.5,0.0,5000,2025-03-02 22:00:00
2025-11-26,P02,HDPE,800.0,1321.05,0.0,5000,2025-03-04 19:00:00
2025-11-27,P02,HDPE,800.0,2043.17,0.0,5000,2025-03-02 09:00:00
2025-11-28,P02,HDPE,800.0,1239.06,0.0,5000,2025-03-03 03:00:00
2025-11-29,P02,HDPE,800.0,680.31,0.0,5000,2025-03-02 17:00:00
2025-11-30,P02,HDPE,800.0,1450.45,0.0,5000,2025-03-02 06:00:00
2025-12-01,P02,HDPE,29090.83,3176.88,31467.71,5000,2025-03-02 20:00:00
2025-12-02,P02,HDPE,26057.23,3033.6,0.0,5000,2025-03-03 19:00:00
2025-12-03,P02,HDPE,22179.07,3878.16,0.0,5000,2025-03-03 18:00:00
2025-12-04,P02,HDPE,19430.17,2748.9,0.0,5000,2025-03-02 20:00:00
2025-12-05,P02,HDPE,18494.9,935.27,0.0,5000,2025-03-02 15:00:00
2025-12-06,P02,HDPE,16450.07,2044.83,0.0,5000,2025-03-02 21:00:00
2025-12-07,P02,HDPE,16450.07,0.0,0.0,5000,2025-03-04 10:00:00
2025-12-08,P02,HDPE,9582.66,6867.41,0.0,5000,2025-03-04 09:00:00
2025-12-09,P02,HDPE,6237.45,3345.21,0.0,5000,2025-03-02 02:00:00
2025-12-10,P02,HDPE,6237.45,0.0,0.0,5000,2025-03-03 01:00:00
2025-12-11,P02,HDPE,2816.37,3421.08,0.0,5000,2025-03-03 05:00:00
2025-12-12,P02,HDPE,800.0,2653.56,0.0,5000,2025-03-03 07:00:00
2025-12-13,P02,HDPE,800.0,2561.55,0.0,5000,2025-03-02 07:00:00
2025-12-14,P02,HDPE,800.0,1633.06,0.0,5000,2025-03-02 14:00:00
2025-12-15,P02,HDPE,19662.59,8353.54,27216.13,5000,2025-03-03 21:00:00
2025-12-16,P02,HDPE,19322.68,339.91,0.0,5000,2025-03-04 17:00:00
2025-12-17,P02,HDPE,17930.79,1391.89,0.0,5000,2025-03-02 03:00:00
2025-12-18,P02,HDPE,12982.39,4948.4,0.0,5000,2025-03-02 03:00:00
2025-12-19,P02,HDPE,12585.45,396.94,0.0,5000,2025-03-04 22:00:00
2025-12-20,P02,HDPE,3760.03,8825.42,0.0,5000,2025-03-02 03:00:00
2025-12-21,P02,HDPE,3115.98,644.05,0.0,5000,2025-03-03 13:00:00
2025-12-22,P02,HDPE,1384.97,1731.01,0.0,5000,2025-03-02 16:00:00
2025-12-23,P02,HDPE,800.0,6455.02,0.0,5000,2025-03-02 15:00:00
2025-12-24,P02,HDPE,800.0,703.73,0.0,5000,2025-03-02 04:00:00
2025-12-25,P02,HDPE,800.0,2417.04,0.0,5000,2025-03-04 06:00:00
2025-12-26,P02,HDPE,800.0,1187.0,0.0,5000,2025-03-04 00:00:00
2025-12-27,P02,HDPE,800.0,5149.31,0.0,5000,2025-03-04 01:00:00
2025-12-28,P02,HDPE,800.0,5114.36,0.0,5000,2025-03-04 13:00:00
2025-12-29,P02,HDPE,800.0,1516.87,0.0,5000,2025-03-04 00:00:00
2025-12-30,P02,HDPE,800.0,638.46,0.0,5000,2025-03-03 02:00:00
2025-12-31,P02,HDPE,800.0,3234.2,0.0,5000,2025-03-04 08:00:00
2026-01-01,P02,HDPE,22685.38,3576.88,25462.26,5000,2025-03-04 21:00:00
2026-01-02,P02,HDPE,21310.4,1374.98,0.0,5000,2025-03-04 16:00:00
2026-01-03,P02,HDPE,20106.07,1204.33,0.0,5000,2025-03-03 00:00:00
2026-01-04,P02,HDPE,15356.65,4749.42,0.0,5000,2025-03-02 03:00:00
2026-01-05,P02,HDPE,11530.26,3826.39,0.0,5000,2025-03-04 02:00:00
2026-01-06,P02,HDPE,9652.62,1877.64,0.0,5000,2025-03-04 22:00:00
2026-01-07,P02,HDPE,8684.19,968.43,0.0,5000,2025-03-04 06:00:00
2026-01-08,P02,HDPE,7165.62,1518.57,0.0,5000,2025-03-02 07:00:00
2026-01-09,P02,HDPE,5483.58,1682.04,0.0,5000,2025-03-03 00:00:00
2026-01-10,P02,HDPE,1344.24,4139.34,0.0,5000,2025-03-03 16:00:00
2026-01-11,P02,HDPE,800.0,1757.23,0.0,5000,2025-03-03 13:00:00
2026-01-12,P02,HDPE,800.0,1350.38,0.0,5000,2025-03-03 21:00:00
2026-01-13,P02,HDPE,800.0,0.0,0.0,5000,2025-03-02 12:00:00
2026-01-14,P02,HDPE,800.0,811.71,0.0,5000,2025-03-04 17:00:00
2026-01-15,P02,HDPE,25662.66,1882.36,26745.02,5000,2025-03-02 21:00:00
2026-01-16,P02,HDPE,22732.79,2929.87,0.0,5000,2025-03-04 18:00:00
2026-01-17,P02,HDPE,21152.29,1580.5,0.0,5000,2025-03-04 06:00:00
2026-01-18,P02,HDPE,20030.52,1121.77,0.0,5000,2025-03-04 02:00:00
2026-01-19,P02,HDPE,17695.83,2334.69,0.0,5000,2025-03-03 15:00:00
2026-01-20,P02,HDPE,15027.57,2668.26,0.0,5000,2025-03-03 10:00:00
2026-01-21,P02,HDPE,8920.54,6107.03,0.0,5000,2025-03-02 16:00:00
2026-01-22,P02,HDPE,8920.54,0.0,0.0,5000,2025-03-04 09:00:00
2026-01-23,P02,HDPE,6947.59,1972.95,0.0,5000,2025-03-03 06:00:00
2026-01-24,P02,HDPE,2050.87,4896.72,0.0,5000,2025-03-02 03:00:00
2026-01-25,P02,HDPE,800.0,4887.57,0.0,5000,2025-03-04 20:00:00
2026-01-26,P02,HDPE,800.0,971.52,0.0,5000,2025-03-03 16:00:00
2026-01-27,P02,HDPE,800.0,1880.51,0.0,5000,2025-03-04 15:00:00
2026-01-28,P02,HDPE,800.0,4440.45,0.0,5000,2025-03-02 11:00:00
2026-01-29,P02,HDPE,800.0,4191.2,0.0,5000,2025-03-03 07:00:00
2026-01-30,P02,HDPE,800.0,678.99,0.0,5000,2025-03-04 15:00:00
2026-01-31,P02,HDPE,800.0,3105.9,0.0,5000,2025-03-02 07:00:00
2026-02-01,P02,HDPE,27894.56,1141.87,28236.43,5000,2025-03-02 04:00:00
2026-02-02,P02,HDPE,27069.5,825.06,0.0,5000,2025-03-02 12:00:00
2026-02-03,P02,HDPE,26178.56,890.94,0.0,5000,2025-03-04 20:00:00
2026-02-04,P02,HDPE,25253.28,925.28,0.0,5000,2025-03-02 13:00:00
2026-02-05,P02,HDPE,20846.55,4406.73,0.0,5000,2025-03-03 01:00:00
2026-02-06,P02,HDPE,16310.2,4536.35,0.0,5000,2025-03-04 12:00:00
2026-02-07,P02,HDPE,16310.2,0.0,0.0,5000,2025-03-03 04:00:00
2026-02-08,P02,HDPE,15227.99,1082.21,0.0,5000,2025-03-04 00:00:00
2026-02-09,P02,HDPE,10911.64,4316.35,0.0,5000,2025-03-03 14:00:00
2026-02-10,P02,HDPE,7935.74,2975.9,0.0,5000,2025-03-03 17:00:00
2026-02-11,P02,HDPE,4478.79,3456.95,0.0,5000,2025-03-03 08:00:00
2026-02-12,P02,HDPE,3570.16,908.63,0.0,5000,2025-03-03 16:00:00
2026-02-13,P02,HDPE,3570.16,0.0,0.0,5000,2025-03-02 21:00:00
2026-02-14,P02,HDPE,800.0,4096.97,0.0,5000,2025-03-03 20:00:00
2026-02-15,P02,HDPE,23184.73,3445.57,25830.3,5000,2025-03-02 10:00:00
2026-02-16,P02,HDPE,23184.73,0.0,0.0,5000,2025-03-04 14:00:00
2026-02-17,P02,HDPE,22705.51,479.22,0.0,5000,2025-03-03 20:00:00
2026-02-18,P02,HDPE,22705.51,0.0,0.0,5000,2025-03-02 05:00:00
2026-02-19,P02,HDPE,22705.51,0.0,0.0,5000,2025-03-03 16:00:00
2026-02-20,P02,HDPE,18095.12,4610.39,0.0,5000,2025-03-02 11:00:00
2026-02-21,P02,HDPE,12237.74,5857.38,0.0,5000,2025-03-03 05:00:00
2026-02-22,P02,HDPE,3549.67,8688.07,0.0,5000,2025-03-02 11:00:00
2026-02-23,P02,HDPE,800.0,5780.41,0.0,5000,2025-03-02 02:00:00
2026-02-24,P02,HDPE,800.0,5626.91,0.0,5000,2025-03-03 16:00:00
2026-02-25,P02,HDPE,800.0,1311.63,0.0,5000,2025-03-02 21:00:00
2026-02-26,P02,HDPE,800.0,142.09,0.0,5000,2025-03-02 07:00:00
2026-02-27,P02,HDPE,800.0,0.0,0.0,5000,2025-03-02 01:00:00
2026-02-28,P02,HDPE,800.0,492.31,0.0,5000,2025-03-04 00:00:00
2026-03-01,P02,HDPE,23167.96,1091.5,23459.46,5000,2025-03-04 15:00:00
2026-03-02,P02,HDPE,20241.89,2926.07,0.0,5000,2025-03-03 07:00:00
2026-03-03,P02,HDPE,14365.62,5876.27,0.0,5000,2025-03-04 07:00:00
2026-03-04,P02,HDPE,14223.22,142.4,0.0,5000,2025-03-03 18:00:00
2026-03-05,P02,HDPE,11818.94,2404.28,0.0,5000,2025-03-02 12:00:00
2026-03-06,P02,HDPE,9179.28,2639.66,0.0,5000,2025-03-02 02:00:00
2026-03-07,P02,HDPE,4762.44,4416.84,0.0,5000,2025-03-02 02:00:00
2026-03-08,P02,HDPE,4762.44,0.0,0.0,5000,2025-03-03 08:00:00
2026-03-09,P02,HDPE,2418.44,2344.0,0.0,5000,2025-03-04 18:00:00
2026-03-10,P02,HDPE,800.0,3740.42,0.0,5000,2025-03-03 13:00:00
2026-03-11,P02,HDPE,800.0,6051.35,0.0,5000,2025-03-04 19:00:00
2026-03-12,P02,HDPE,800.0,362.5,0.0,5000,2025-03-04 12:00:00
2026-03-13,P02,HDPE,800.0,0.0,0.0,5000,2025-03-04 02:00:00
2026-03-14,P02,HDPE,800.0,3663.65,0.0,5000,2025-03-03 10:00:00
2026-03-15,P02,HDPE,19822.41,1203.82,20226.23,5000,2025-03-03 04:00:00
2026-03-16,P02,HDPE,19253.98,568.43,0.0,5000,2025-03-04 00:00:00
2026-03-17,P02,HDPE,18188.27,1065.71,0.0,5000,2025-03-03 03:00:00
2026-03-18,P02,HDPE,18188.27,0.0,0.0,5000,2025-03-04 07:00:00
2026-03-19,P02,HDPE,16740.56,1447.71,0.0,5000,2025-03-03 04:00:00
2026-03-20,P02,HDPE,14860.75,1879.81,0.0,5000,2025-03-02 13:00:00
2026-03-21,P02,HDPE,11080.68,3780.07,0.0,5000,2025-03-04 14:00:00
2026-03-22,P02,HDPE,11080.68,0.0,0.0,5000,2025-03-04 12:00:00
2026-03-23,P02,HDPE,11080.68,0.0,0.0,5000,2025-03-04 02:00:00
2026-03-24,P02,HDPE,4906.2,6174.48,0.0,5000,2025-03-02 06:00:00
2026-03-25,P02,HDPE,4906.2,0.0,0.0,5000,2025-03-03 18:00:00
2026-03-26,P02,HDPE,4906.2,0.0,0.0,5000,2025-03-04 04:00:00
2026-03-27,P02,HDPE,3293.37,1612.83,0.0,5000,2025-03-04 19:00:00
2026-03-28,P02,HDPE,800.0,4363.39,0.0,5000,2025-03-03 10:00:00
2026-03-29,P02,HDPE,800.0,507.01,0.0,5000,2025-03-03 06:00:00
2026-03-30,P02,HDPE,800.0,4237.89,0.0,5000,2025-03-04 11:00:00
2026-03-31,P02,HDPE,800.0,1851.17,0.0,5000,2025-03-03 22:00:00
2026-04-01,P02,HDPE,18358.62,5199.99,22758.61,5000,2025-03-03 01:00:00
2026-04-02,P02,HDPE,16234.08,2124.54,0.0,5000,2025-03-02 09:00:00
2026-04-03,P02,HDPE,11894.93,4339.15,0.0,5000,2025-03-02 13:00:00
2026-04-04,P02,HDPE,9629.81,2265.12,0.0,5000,2025-03-04 02:00:00
2026-04-05,P02,HDPE,6667.24,2962.57,0.0,5000,2025-03-02 11:00:00
2026-04-06,P02,HDPE,6505.54,161.7,0.0,5000,2025-03-04 16:00:00
2026-04-07,P02,HDPE,2775.56,3729.98,0.0,5000,2025-03-04 22:00:00
2026-04-08,P02,HDPE,800.0,3251.67,0.0,5000,2025-03-04 17:00:00
2026-04-09,P02,HDPE,800.0,4669.2,0.0,5000,2025-03-02 17:00:00
2026-04-10,P02,HDPE,800.0,3956.84,0.0,5000,2025-03-04 10:00:00
2026-04-11,P02,HDPE,800.0,1343.44,0.0,5000,2025-03-03 14:00:00
2026-04-12,P02,HDPE,800.0,999.68,0.0,5000,2025-03-03 13:00:00
2026-04-13,P02,HDPE,800.0,2143.13,0.0,5000,2025-03-03 11:00:00
2026-04-14,P02,HDPE,800.0,864.52,0.0,5000,2025-03-04 04:00:00
2026-04-15,P02,HDPE,20639.54,2104.94,21944.48,5000,2025-03-03 07:00:00
2026-04-16,P02,HDPE,20639.54,0.0,0.0,5000,2025-03-02 02:00:00
2026-04-17,P02,HDPE,20639.54,0.0,0.0,5000,2025-03-04 06:00:00
2026-04-18,P02,HDPE,16151.05,4488.49,0.0,5000,2025-03-03 22:00:00
2026-04-19,P02,HDPE,14774.02,1377.03,0.0,5000,2025-03-02 02:00:00
2026-04-20,P02,HDPE,11644.42,3129.6,0.0,5000,2025-03-03 05:00:00
2026-04-21,P02,HDPE,10617.02,1027.4,0.0,5000,2025-03-04 21:00:00
2026-04-22,P02,HDPE,10617.02,0.0,0.0,5000,2025-03-04 19:00:00
2026-04-23,P02,HDPE,10183.25,433.77,0.0,5000,2025-03-03 16:00:00
2026-04-24,P02,HDPE,8794.22,1389.03,0.0,5000,2025-03-03 08:00:00
2026-04-25,P02,HDPE,6963.16,1831.06,0.0,5000,2025-03-03 22:00:00
2026-04-26,P02,HDPE,5106.55,1856.61,0.0,5000,2025-03-02 15:00:00
2026-04-27,P02,HDPE,800.0,6226.05,0.0,5000,2025-03-03 07:00:00
2026-04-28,P02,HDPE,800.0,3177.42,0.0,5000,2025-03-02 19:00:00
2026-04-29,P02,HDPE,800.0,3823.06,0.0,5000,2025-03-04 08:00:00
2026-04-30,P02,HDPE,800.0,1132.73,0.0,5000,2025-03-03 19:00:00
2026-05-01,P02,HDPE,25058.46,6512.81,30771.27,5000,2025-03-04 13:00:00
2026-05-02,P02,HDPE,23955.46,1103.0,0.0,5000,2025-03-02 08:00:00
2026-05-03,P02,HDPE,20289.13,3666.33,0.0,5000,2025-03-03 02:00:00
2026-05-04,P02,HDPE,20289.13,0.0,0.0,5000,2025-03-03 01:00:00
2026-05-05,P02,HDPE,17718.56,2570.57,0.0,5000,2025-03-02 14:00:00
2026-05-06,P02,HDPE,13990.63,3727.93,0.0,5000,2025-03-03 12:00:00
2026-05-07,P02,HDPE,7441.76,6548.87,0.0,5000,2025-03-04 03:00:00
2026-05-08,P02,HDPE,1951.87,5489.89,0.0,5000,2025-03-02 08:00:00
2026-05-09,P02,HDPE,800.0,1345.1,0.0,5000,2025-03-04 02:00:00
2026-05-10,P02,HDPE,800.0,5079.32,0.0,5000,2025-03-03 03:00:00
2026-05-11,P02,HDPE,800.0,4436.34,0.0,5000,2025-03-02 20:00:00
2026-05-12,P02,HDPE,800.0,1329.71,0.0,5000,2025-03-03 15:00:00
2026-05-13,P02,HDPE,800.0,1509.61,0.0,5000,2025-03-04 07:00:00
2026-05-14,P02,HDPE,800.0,1133.37,0.0,5000,2025-03-02 07:00:00
2026-05-15,P02,HDPE,23842.02,5793.85,28835.87,5000,2025-03-02 00:00:00
2026-05-16,P02,HDPE,23842.02,0.0,0.0,5000,2025-03-02 09:00:00
2026-05-17,P02,HDPE,21480.39,2361.63,0.0,5000,2025-03-02 02:00:00
2026-05-18,P02,HDPE,17157.58,4322.81,0.0,5000,2025-03-04 02:00:00
2026-05-19,P02,HDPE,15995.36,1162.22,0.0,5000,2025-03-02 08:00:00
2026-05-20,P02,HDPE,10347.3,5648.06,0.0,5000,2025-03-04 02:00:00
2026-05-21,P02,HDPE,6204.87,4142.43,0.0,5000,2025-03-02 11:00:00
2026-05-22,P02,HDPE,6204.87,0.0,0.0,5000,2025-03-03 02:00:00
2026-05-23,P02,HDPE,4963.04,1241.83,0.0,5000,2025-03-04 02:00:00
2026-05-24,P02,HDPE,800.0,5199.23,0.0,5000,2025-03-04 17:00:00
2026-05-25,P02,HDPE,800.0,8547.2,0.0,5000,2025-03-03 07:00:00
2026-05-26,P02,HDPE,800.0,5021.84,0.0,5000,2025-03-03 16:00:00
2026-05-27,P02,HDPE,800.0,1732.41,0.0,5000,2025-03-03 07:00:00
2026-05-28,P02,HDPE,800.0,9696.84,0.0,5000,2025-03-03 07:00:00
2026-05-29,P02,HDPE,800.0,0.0,0.0,5000,2025-03-03 01:00:00
2026-05-30,P02,HDPE,800.0,2597.94,0.0,5000,2025-03-03 11:00:00
2026-05-31,P02,HDPE,800.0,2002.3,0.0,5000,2025-03-03 10:00:00
2026-06-01,P02,HDPE,32161.19,0.0,31361.19,5000,2025-03-02 05:00:00
2026-06-02,P02,HDPE,29207.52,2953.67,0.0,5000,2025-03-02 00:00:00
2026-06-03,P02,HDPE,25666.17,3541.35,0.0,5000,2025-03-02 11:00:00
2026-06-04,P02,HDPE,24443.18,1222.99,0.0,5000,2025-03-02 15:00:00
2026-06-05,P02,HDPE,22923.82,1519.36,0.0,5000,2025-03-03 04:00:00
2026-06-06,P02,HDPE,20153.39,2770.43,0.0,5000,2025-03-02 08:00:00
2026-06-07,P02,HDPE,18605.34,1548.05,0.0,5000,2025-03-04 01:00:00
2026-06-08,P02,HDPE,16819.38,1785.96,0.0,5000,2025-03-02 05:00:00
2026-06-09,P02,HDPE,15613.79,1205.59,0.0,5000,2025-03-03 14:00:00
2026-06-10,P02,HDPE,13985.42,1628.37,0.0,5000,2025-03-03 06:00:00
2026-06-11,P02,HDPE,13772.66,212.76,0.0,5000,2025-03-02 07:00:00
2026-06-12,P02,HDPE,10188.9,3583.76,0.0,5000,2025-03-03 14:00:00
2026-06-13,P02,HDPE,7323.96,2864.94,0.0,5000,2025-03-02 15:00:00
2026-06-14,P02,HDPE,3228.24,4095.72,0.0,5000,2025-03-03 15:00:00
2026-06-15,P02,HDPE,24698.48,2318.28,23788.51,5000,2025-03-02 18:00:00
2026-06-16,P02,HDPE,22206.2,2492.28,0.0,5000,2025-03-02 01:00:00
2026-06-17,P02,HDPE,19142.77,3063.43,0.0,5000,2025-03-02 04:00:00
2026-06-18,P02,HDPE,17343.7,1799.07,0.0,5000,2025-03-02 13:00:00
2026-06-19,P02,HDPE,15858.39,1485.31,0.0,5000,2025-03-02 17:00:00
2026-06-20,P02,HDPE,12265.83,3592.56,0.0,5000,2025-03-04 19:00:00
2026-06-21,P02,HDPE,4664.29,7601.54,0.0,5000,2025-03-04 20:00:00
2026-06-22,P02,HDPE,1826.87,2837.42,0.0,5000,2025-03-03 14:00:00
2026-06-23,P02,HDPE,800.0,2188.66,0.0,5000,2025-03-03 05:00:00
2026-06-24,P02,HDPE,800.0,0.0,0.0,5000,2025-03-04 11:00:00
2026-06-25,P02,HDPE,800.0,2792.14,0.0,5000,2025-03-03 10:00:00
2026-06-26,P02,HDPE,800.0,743.44,0.0,5000,2025-03-02 16:00:00
2026-06-27,P02,HDPE,800.0,2038.45,0.0,5000,2025-03-03 16:00:00
2026-06-28,P02,HDPE,800.0,0.0,0.0,5000,2025-03-02 01:00:00
2026-06-29,P02,HDPE,800.0,2118.77,0.0,5000,2025-03-02 08:00:00
2026-06-30,P02,HDPE,800.0,6055.12,0.0,5000,2025-03-03 21:00:00
2025-01-01,P02,PP,71071.66,4770.82,28832.18,5000,2025-03-03 12:00:00
2025-01-02,P02,PP,66483.28,4588.38,0.0,5000,2025-03-04 01:00:00
2025-01-03,P02,PP,62659.48,3823.8,0.0,5000,2025-03-02 16:00:00
2025-01-04,P02,PP,57797.62,4861.86,0.0,5000,2025-03-03 15:00:00
2025-01-05,P02,PP,53976.84,3820.78,0.0,5000,2025-03-04 21:00:00
2025-01-06,P02,PP,51194.82,2782.02,0.0,5000,2025-03-04 09:00:00
2025-01-07,P02,PP,50602.14,592.68,0.0,5000,2025-03-03 14:00:00
2025-01-08,P02,PP,49699.13,903.01,0.0,5000,2025-03-03 03:00:00
2025-01-09,P02,PP,47586.41,2112.72,0.0,5000,2025-03-03 07:00:00
2025-01-10,P02,PP,47118.15,468.26,0.0,5000,2025-03-03 00:00:00
2025-01-11,P02,PP,46709.0,409.15,0.0,5000,2025-03-03 10:00:00
2025-01-12,P02,PP,44122.46,2586.54,0.0,5000,2025-03-04 16:00:00
2025-01-13,P02,PP,41661.23,2461.23,0.0,5000,2025-03-02 22:00:00
2025-01-14,P02,PP,40295.92,1365.31,0.0,5000,2025-03-03 04:00:00
2025-01-15,P02,PP,65744.99,777.25,26226.32,5000,2025-03-03 09:00:00
2025-01-16,P02,PP,64573.37,1171.62,0.0,5000,2025-03-04 11:00:00
2025-01-17,P02,PP,63570.82,1002.55,0.0,5000,2025-03-02 12:00:00
2025-01-18,P02,PP,61993.44,1577.38,0.0,5000,2025-03-02 15:00:00
2025-01-19,P02,PP,60507.62,1485.82,0.0,5000,2025-03-03 03:00:00
2025-01-20,P02,PP,58464.14,2043.48,0.0,5000,2025-03-02 03:00:00
2025-01-21,P02,PP,57021.52,1442.62,0.0,5000,2025-03-03 10:00:00
2025-01-22,P02,PP,56002.21,1019.31,0.0,5000,2025-03-02 01:00:00
2025-01-23,P02,PP,52626.36,3375.85,0.0,5000,2025-03-02 15:00:00
2025-01-24,P02,PP,50944.29,1682.07,0.0,5000,2025-03-03 03:00:00
2025-01-25,P02,PP,49059.78,1884.51,0.0,5000,2025-03-04 06:00:00
2025-01-26,P02,PP,45527.41,3532.37,0.0,5000,2025-03-04 20:00:00
2025-01-27,P02,PP,44126.52,1400.89,0.0,5000,2025-03-02 22:00:00
2025-01-28,P02,PP,39181.05,4945.47,0.0,5000,2025-03-02 19:00:00
2025-01-29,P02,PP,37436.44,1744.61,0.0,5000,2025-03-03 21:00:00
2025-01-30,P02,PP,33888.81,3547.63,0.0,5000,2025-03-02 14:00:00
2025-01-31,P02,PP,33443.56,445.25,0.0,5000,2025-03-02 18:00:00
2025-02-01,P02,PP,53445.82,111.73,20113.99,5000,2025-03-04 17:00:00
2025-02-02,P02,PP,50966.82,2479.0,0.0,5000,2025-03-02 06:00:00
2025-02-03,P02,PP,45948.48,5018.34,0.0,5000,2025-03-03 02:00:00
2025-02-04,P02,PP,44523.64,1424.84,0.0,5000,2025-03-04 02:00:00
2025-02-05,P02,PP,42630.27,1893.37,0.0,5000,2025-03-02 13:00:00
2025-02-06,P02,PP,41360.56,1269.71,0.0,5000,2025-03-03 08:00:00
2025-02-07,P02,PP,38657.0,2703.56,0.0,5000,2025-03-02 16:00:00
2025-02-08,P02,PP,34980.48,3676.52,0.0,5000,2025-03-03 12:00:00
2025-02-09,P02,PP,32949.28,2031.2,0.0,5000,2025-03-03 12:00:00
2025-02-10,P02,PP,30034.6,2914.68,0.0,5000,2025-03-04 07:00:00
2025-02-11,P02,PP,24144.89,5889.71,0.0,5000,2025-03-02 10:00:00
2025-02-12,P02,PP,21830.32,2314.57,0.0,5000,2025-03-02 16:00:00
2025-02-13,P02,PP,18300.19,3530.13,0.0,5000,2025-03-04 06:00:00
2025-02-14,P02,PP,17973.0,327.19,0.0,5000,2025-03-03 10:00:00
2025-02-15,P02,PP,46499.17,1576.32,30102.49,5000,2025-03-04 18:00:00
2025-02-16,P02,PP,45577.72,921.45,0.0,5000,2025-03-04 19:00:00
2025-02-17,P02,PP,44250.77,1326.95,0.0,5000,2025-03-02 16:00:00
2025-02-18,P02,PP,41745.95,2504.82,0.0,5000,2025-03-04 18:00:00
2025-02-19,P02,PP,40997.59,748.36,0.0,5000,2025-03-02 19:00:00
2025-02-20,P02,PP,40201.79,795.8,0.0,5000,2025-03-04 12:00:00
2025-02-21,P02,PP,37145.77,3056.02,0.0,5000,2025-03-02 15:00:00
2025-02-22,P02,PP,37024.5,121.27,0.0,5000,2025-03-02 02:00:00
2025-02-23,P02,PP,34520.35,2504.15,0.0,5000,2025-03-02 17:00:00
2025-02-24,P02,PP,33319.18,1201.17,0.0,5000,2025-03-03 20:00:00
2025-02-25,P02,PP,32724.9,594.28,0.0,5000,2025-03-03 05:00:00
2025-02-26,P02,PP,29032.84,3692.06,0.0,5000,2025-03-03 19:00:00
2025-02-27,P02,PP,27302.95,1729.89,0.0,5000,2025-03-02 07:00:00
2025-02-28,P02,PP,27017.54,285.41,0.0,5000,2025-03-03 12:00:00
2025-03-01,P02,PP,55241.45,2365.33,30589.24,5000,2025-03-04 17:00:00
2025-03-02,P02,PP,54573.42,668.03,0.0,5000,2025-03-03 10:00:00
2025-03-03,P02,PP,53081.21,1492.21,0.0,5000,2025-03-04 12:00:00
2025-03-04,P02,PP,50909.13,2172.08,0.0,5000,2025-03-02 13:00:00
2025-03-05,P02,PP,49272.57,1636.56,0.0,5000,2025-03-03 06:00:00
2025-03-06,P02,PP,45639.64,3632.93,0.0,5000,2025-03-04 07:00:00
2025-03-07,P02,PP,44553.38,1086.26,0.0,5000,2025-03-02 09:00:00
2025-03-08,P02,PP,43622.8,930.58,0.0,5000,2025-03-04 02:00:00
2025-03-09,P02,PP,41731.48,1891.32,0.0,5000,2025-03-04 01:00:00
2025-03-10,P02,PP,40653.14,1078.34,0.0,5000,2025-03-03 07:00:00
2025-03-11,P02,PP,40584.18,68.96,0.0,5000,2025-03-02 08:00:00
2025-03-12,P02,PP,36013.98,4570.2,0.0,5000,2025-03-02 22:00:00
2025-03-13,P02,PP,35628.6,385.38,0.0,5000,2025-03-04 05:00:00
2025-03-14,P02,PP,33374.44,2254.16,0.0,5000,2025-03-04 16:00:00
2025-03-15,P02,PP,55335.09,3515.6,25476.25,5000,2025-03-04 18:00:00
2025-03-16,P02,PP,48838.96,6496.13,0.0,5000,2025-03-03 06:00:00
2025-03-17,P02,PP,47798.67,1040.29,0.0,5000,2025-03-02 11:00:00
2025-03-18,P02,PP,47362.06,436.61,0.0,5000,2025-03-04 08:00:00
2025-03-19,P02,PP,43847.2,3514.86,0.0,5000,2025-03-03 03:00:00
2025-03-20,P02,PP,42736.33,1110.87,0.0,5000,2025-03-04 16:00:00
2025-03-21,P02,PP,39617.47,3118.86,0.0,5000,2025-03-03 13:00:00
2025-03-22,P02,PP,36655.09,2962.38,0.0,5000,2025-03-03 22:00:00
2025-03-23,P02,PP,32952.46,3702.63,0.0,5000,2025-03-03 02:00:00
2025-03-24,P02,PP,31195.13,1757.33,0.0,5000,2025-03-02 15:00:00
2025-03-25,P02,PP,30440.18,754.95,0.0,5000,2025-03-03 01:00:00
2025-03-26,P02,PP,29958.66,481.52,0.0,5000,2025-03-03 03:00:00
2025-03-27,P02,PP,27966.08,1992.58,0.0,5000,2025-03-04 09:00:00
2025-03-28,P02,PP,26472.91,1493.17,0.0,5000,2025-03-03 12:00:00
2025-03-29,P02,PP,24689.34,1783.57,0.0,5000,2025-03-04 04:00:00
2025-03-30,P02,PP,24506.61,182.73,0.0,5000,2025-03-04 04:00:00
2025-03-31,P02,PP,23224.83,1281.78,0.0,5000,2025-03-02 13:00:00
2025-04-01,P02,PP,46554.1,3410.37,26739.64,5000,2025-03-03 07:00:00
2025-04-02,P02,PP,42155.79,4398.31,0.0,5000,2025-03-03 19:00:00
2025-04-03,P02,PP,39398.02,2757.77,0.0,5000,2025-03-03 17:00:00
2025-04-04,P02,PP,38282.34,1115.68,0.0,5000,2025-03-03 09:00:00
2025-04-05,P02,PP,35743.46,2538.88,0.0,5000,2025-03-03 15:00:00
2025-04-06,P02,PP,33061.53,2681.93,0.0,5000,2025-03-04 05:00:00
2025-04-07,P02,PP,32803.88,257.65,0.0,5000,2025-03-02 21:00:00
2025-04-08,P02,PP,29492.24,3311.64,0.0,5000,2025-03-03 21:00:00
2025-04-09,P02,PP,27831.36,1660.88,0.0,5000,2025-03-02 00:00:00
2025-04-10,P02,PP,24801.68,3029.68,0.0,5000,2025-03-04 14:00:00
2025-04-11,P02,PP,22749.9,2051.78,0.0,5000,2025-03-02 14:00:00
2025-04-12,P02,PP,21790.1,959.8,0.0,5000,2025-03-03 03:00:00
2025-04-13,P02,PP,20590.03,1200.07,0.0,5000,2025-03-02 18:00:00
2025-04-14,P02,PP,18192.52,2397.51,0.0,5000,2025-03-04 16:00:00
2025-04-15,P02,PP,47230.28,586.74,29624.5,5000,2025-03-03 04:00:00
2025-04-16,P02,PP,46753.66,476.62,0.0,5000,2025-03-04 13:00:00
2025-04-17,P02,PP,44518.59,2235.07,0.0,5000,2025-03-04 13:00:00
2025-04-18,P02,PP,41487.51,3031.08,0.0,5000,2025-03-02 11:00:00
2025-04-19,P02,PP,39916.54,1570.97,0.0,5000,2025-03-02 08:00:00
2025-04-20,P02,PP,38624.6,1291.94,0.0,5000,2025-03-04 19:00:00
2025-04-21,P02,PP,38624.6,0.0,0.0,5000,2025-03-03 21:00:00
2025-04-22,P02,PP,37260.15,1364.45,0.0,5000,2025-03-02 05:00:00
2025-04-23,P02,PP,35527.69,1732.46,0.0,5000,2025-03-03 18:00:00
2025-04-24,P02,PP,33576.09,1951.6,0.0,5000,2025-03-04 10:00:00
2025-04-25,P02,PP,32667.09,909.0,0.0,5000,2025-03-04 13:00:00
2025-04-26,P02,PP,32379.35,287.74,0.0,5000,2025-03-04 00:00:00
2025-04-27,P02,PP,31368.85,1010.5,0.0,5000,2025-03-04 04:00:00
2025-04-28,P02,PP,28985.37,2383.48,0.0,5000,2025-03-04 06:00:00
2025-04-29,P02,PP,27348.29,1637.08,0.0,5000,2025-03-03 06:00:00
2025-04-30,P02,PP,26832.41,515.88,0.0,5000,2025-03-04 16:00:00
2025-05-01,P02,PP,46136.57,2122.17,21426.33,5000,2025-03-04 01:00:00
2025-05-02,P02,PP,44844.12,1292.45,0.0,5000,2025-03-03 05:00:00
2025-05-03,P02,PP,41462.35,3381.77,0.0,5000,2025-03-03 15:00:00
2025-05-04,P02,PP,40087.71,1374.64,0.0,5000,2025-03-04 17:00:00
2025-05-05,P02,PP,38936.7,1151.01,0.0,5000,2025-03-03 22:00:00
2025-05-06,P02,PP,36022.03,2914.67,0.0,5000,2025-03-03 01:00:00
2025-05-07,P02,PP,34328.97,1693.06,0.0,5000,2025-03-03 07:00:00
2025-05-08,P02,PP,31799.08,2529.89,0.0,5000,2025-03-04 06:00:00
2025-05-09,P02,PP,30380.66,1418.42,0.0,5000,2025-03-04 08:00:00
2025-05-10,P02,PP,27484.08,2896.58,0.0,5000,2025-03-03 05:00:00
2025-05-11,P02,PP,25695.85,1788.23,0.0,5000,2025-03-04 07:00:00
2025-05-12,P02,PP,21502.08,4193.77,0.0,5000,2025-03-02 07:00:00
2025-05-13,P02,PP,20432.44,1069.64,0.0,5000,2025-03-02 05:00:00
2025-05-14,P02,PP,15867.79,4564.65,0.0,5000,2025-03-03 01:00:00
2025-05-15,P02,PP,38388.18,1580.19,24100.58,5000,2025-03-02 08:00:00
2025-05-16,P02,PP,37967.02,421.16,0.0,5000,2025-03-04 19:00:00
2025-05-17,P02,PP,36029.05,1937.97,0.0,5000,2025-03-03 07:00:00
2025-05-18,P02,PP,35568.69,460.36,0.0,5000,2025-03-02 06:00:00
2025-05-19,P02,PP,34367.67,1201.02,0.0,5000,2025-03-02 16:00:00
2025-05-20,P02,PP,31766.2,2601.47,0.0,5000,2025-03-02 06:00:00
2025-05-21,P02,PP,29652.42,2113.78,0.0,5000,2025-03-03 00:00:00
2025-05-22,P02,PP,27072.79,2579.63,0.0,5000,2025-03-03 21:00:00
2025-05-23,P02,PP,24410.63,2662.16,0.0,5000,2025-03-02 11:00:00
2025-05-24,P02,PP,22285.72,2124.91,0.0,5000,2025-03-04 08:00:00
2025-05-25,P02,PP,21418.12,867.6,0.0,5000,2025-03-03 02:00:00
2025-05-26,P02,PP,18695.25,2722.87,0.0,5000,2025-03-03 12:00:00
2025-05-27,P02,PP,17998.54,696.71,0.0,5000,2025-03-04 11:00:00
2025-05-28,P02,PP,16748.93,1249.61,0.0,5000,2025-03-04 07:00:00
2025-05-29,P02,PP,12035.22,4713.71,0.0,5000,2025-03-02 12:00:00
2025-05-30,P02,PP,11431.9,603.32,0.0,5000,2025-03-04 06:00:00
2025-05-31,P02,PP,9163.83,2268.07,0.0,5000,2025-03-04 18:00:00
2025-06-01,P02,PP,29408.71,1776.69,22021.58,5000,2025-03-02 22:00:00
2025-06-02,P02,PP,28630.95,777.76,0.0,5000,2025-03-02 21:00:00
2025-06-03,P02,PP,28015.09,615.86,0.0,5000,2025-03-02 08:00:00
2025-06-04,P02,PP,24389.51,3625.58,0.0,5000,2025-03-04 15:00:00
2025-06-05,P02,PP,23147.76,1241.75,0.0,5000,2025-03-03 12:00:00
2025-06-06,P02,PP,21700.78,1446.98,0.0,5000,2025-03-02 11:00:00
2025-06-07,P02,PP,20502.58,1198.2,0.0,5000,2025-03-03 19:00:00
2025-06-08,P02,PP,16734.2,3768.38,0.0,5000,2025-03-03 21:00:00
2025-06-09,P02,PP,16306.31,427.89,0.0,5000,2025-03-02 21:00:00
2025-06-10,P02,PP,13617.0,2689.31,0.0,5000,2025-03-03 14:00:00
2025-06-11,P02,PP,11920.69,1696.31,0.0,5000,2025-03-04 19:00:00
2025-06-12,P02,PP,8969.37,2951.32,0.0,5000,2025-03-03 14:00:00
2025-06-13,P02,PP,8341.69,627.68,0.0,5000,2025-03-04 00:00:00
2025-06-14,P02,PP,7077.91,1263.78,0.0,5000,2025-03-03 14:00:00
2025-06-15,P02,PP,32928.17,1835.16,27685.41,5000,2025-03-04 21:00:00
2025-06-16,P02,PP,30814.09,2114.08,0.0,5000,2025-03-03 11:00:00
2025-06-17,P02,PP,29605.01,1209.08,0.0,5000,2025-03-04 00:00:00
2025-06-18,P02,PP,26414.53,3190.48,0.0,5000,2025-03-03 22:00:00
2025-06-19,P02,PP,25177.47,1237.06,0.0,5000,2025-03-03 22:00:00
2025-06-20,P02,PP,23142.34,2035.13,0.0,5000,2025-03-02 00:00:00
2025-06-21,P02,PP,23142.34,0.0,0.0,5000,2025-03-02 12:00:00
2025-06-22,P02,PP,22828.35,313.99,0.0,5000,2025-03-04 17:00:00
2025-06-23,P02,PP,21872.79,955.56,0.0,5000,2025-03-04 11:00:00
2025-06-24,P02,PP,19592.5,2280.29,0.0,5000,2025-03-02 02:00:00
2025-06-25,P02,PP,17329.65,2262.85,0.0,5000,2025-03-03 02:00:00
2025-06-26,P02,PP,14892.97,2436.68,0.0,5000,2025-03-04 18:00:00
2025-06-27,P02,PP,10316.41,4576.56,0.0,5000,2025-03-02 07:00:00
2025-06-28,P02,PP,7606.09,2710.32,0.0,5000,2025-03-02 00:00:00
2025-06-29,P02,PP,5186.59,2419.5,0.0,5000,2025-03-03 21:00:00
2025-06-30,P02,PP,2788.14,2398.45,0.0,5000,2025-03-03 03:00:00
2025-07-01,P02,PP,31582.48,591.68,29386.02,5000,2025-03-04 14:00:00
2025-07-02,P02,PP,29023.96,2558.52,0.0,5000,2025-03-04 03:00:00
2025-07-03,P02,PP,29023.96,0.0,0.0,5000,2025-03-03 18:00:00
2025-07-04,P02,PP,26605.16,2418.8,0.0,5000,2025-03-04 16:00:00
2025-07-05,P02,PP,25462.0,1143.16,0.0,5000,2025-03-03 13:00:00
2025-07-06,P02,PP,24779.75,682.25,0.0,5000,2025-03-02 07:00:00
2025-07-07,P02,PP,23998.82,780.93,0.0,5000,2025-03-03 12:00:00
2025-07-08,P02,PP,23998.82,0.0,0.0,5000,2025-03-02 05:00:00
2025-07-09,P02,PP,19937.15,4061.67,0.0,5000,2025-03-02 08:00:00
2025-07-10,P02,PP,17395.88,2541.27,0.0,5000,2025-03-04 13:00:00
2025-07-11,P02,PP,15249.24,2146.64,0.0,5000,2025-03-02 00:00:00
2025-07-12,P02,PP,13257.91,1991.33,0.0,5000,2025-03-03 00:00:00
2025-07-13,P02,PP,13257.91,0.0,0.0,5000,2025-03-02 03:00:00
2025-07-14,P02,PP,11350.07,1907.84,0.0,5000,2025-03-02 19:00:00
2025-07-15,P02,PP,30626.73,3070.63,22347.29,5000,2025-03-03 10:00:00
2025-07-16,P02,PP,28763.94,1862.79,0.0,5000,2025-03-02 09:00:00
2025-07-17,P02,PP,24719.43,4044.51,0.0,5000,2025-03-04 12:00:00
2025-07-18,P02,PP,22858.28,1861.15,0.0,5000,2025-03-03 22:00:00
2025-07-19,P02,PP,19527.65,3330.63,0.0,5000,2025-03-03 08:00:00
2025-07-20,P02,PP,17969.99,1557.66,0.0,5000,2025-03-03 15:00:00
2025-07-21,P02,PP,16828.91,1141.08,0.0,5000,2025-03-03 13:00:00
2025-07-22,P02,PP,14042.56,2786.35,0.0,5000,2025-03-04 16:00:00
2025-07-23,P02,PP,13361.4,681.16,0.0,5000,2025-03-02 21:00:00
2025-07-24,P02,PP,13114.82,246.58,0.0,5000,2025-03-03 16:00:00
2025-07-25,P02,PP,10862.83,2251.99,0.0,5000,2025-03-02 05:00:00
2025-07-26,P02,PP,8694.15,2168.68,0.0,5000,2025-03-04 09:00:00
2025-07-27,P02,PP,6507.28,2186.87,0.0,5000,2025-03-03 15:00:00
2025-07-28,P02,PP,2596.02,3911.26,0.0,5000,2025-03-04 16:00:00
2025-07-29,P02,PP,800.0,2011.57,0.0,5000,2025-03-03 17:00:00
2025-07-30,P02,PP,800.0,536.82,0.0,5000,2025-03-02 07:00:00
2025-07-31,P02,PP,800.0,607.28,0.0,5000,2025-03-03 13:00:00
2025-08-01,P02,PP,19842.78,1344.17,20386.95,5000,2025-03-04 09:00:00
2025-08-02,P02,PP,19540.14,302.64,0.0,5000,2025-03-04 07:00:00
2025-08-03,P02,PP,18334.7,1205.44,0.0,5000,2025-03-03 12:00:00
2025-08-04,P02,PP,14765.33,3569.37,0.0,5000,2025-03-03 14:00:00
2025-08-05,P02,PP,14335.31,430.02,0.0,5000,2025-03-02 00:00:00
2025-08-06,P02,PP,11696.69,2638.62,0.0,5000,2025-03-03 01:00:00
2025-08-07,P02,PP,9615.93,2080.76,0.0,5000,2025-03-03 20:00:00
2025-08-08,P02,PP,8513.01,1102.92,0.0,5000,2025-03-04 16:00:00
2025-08-09,P02,PP,7638.19,874.82,0.0,5000,2025-03-04 02:00:00
2025-08-10,P02,PP,7027.06,611.13,0.0,5000,2025-03-04 06:00:00
2025-08-11,P02,PP,4559.72,2467.34,0.0,5000,2025-03-03 16:00:00
2025-08-12,P02,PP,3673.21,886.51,0.0,5000,2025-03-04 16:00:00
2025-08-13,P02,PP,2296.85,1376.36,0.0,5000,2025-03-02 05:00:00
2025-08-14,P02,PP,800.0,1990.71,0.0,5000,2025-03-03 22:00:00
2025-08-15,P02,PP,26705.08,1319.63,27224.71,5000,2025-03-02 10:00:00
2025-08-16,P02,PP,24963.43,1741.65,0.0,5000,2025-03-04 10:00:00
2025-08-17,P02,PP,22490.77,2472.66,0.0,5000,2025-03-04 15:00:00
2025-08-18,P02,PP,19580.75,2910.02,0.0,5000,2025-03-02 15:00:00
2025-08-19,P02,PP,16745.32,2835.43,0.0,5000,2025-03-04 22:00:00
2025-08-20,P02,PP,14118.71,2626.61,0.0,5000,2025-03-03 13:00:00
2025-08-21,P02,PP,11859.34,2259.37,0.0,5000,2025-03-04 22:00:00
2025-08-22,P02,PP,9655.6,2203.74,0.0,5000,2025-03-04 09:00:00
2025-08-23,P02,PP,7909.24,1746.36,0.0,5000,2025-03-04 09:00:00
2025-08-24,P02,PP,7909.24,0.0,0.0,5000,2025-03-03 16:00:00
2025-08-25,P02,PP,6220.31,1688.93,0.0,5000,2025-03-03 00:00:00
2025-08-26,P02,PP,5585.12,635.19,0.0,5000,2025-03-02 20:00:00
2025-08-27,P02,PP,4796.21,788.91,0.0,5000,2025-03-03 11:00:00
2025-08-28,P02,PP,2824.59,1971.62,0.0,5000,2025-03-04 07:00:00
2025-08-29,P02,PP,947.91,1876.68,0.0,5000,2025-03-03 16:00:00
2025-08-30,P02,PP,800.0,962.33,0.0,5000,2025-03-03 22:00:00
2025-08-31,P02,PP,800.0,886.32,0.0,5000,2025-03-03 22:00:00
2025-09-01,P02,PP,32623.41,293.1,32116.51,5000,2025-03-03 12:00:00
2025-09-02,P02,PP,30391.49,2231.92,0.0,5000,2025-03-02 02:00:00
2025-09-03,P02,PP,29287.3,1104.19,0.0,5000,2025-03-04 15:00:00
2025-09-04,P02,PP,25748.03,3539.27,0.0,5000,2025-03-03 13:00:00
2025-09-05,P02,PP,25099.88,648.15,0.0,5000,2025-03-02 20:00:00
2025-09-06,P02,PP,24963.02,136.86,0.0,5000,2025-03-03 16:00:00
2025-09-07,P02,PP,24804.04,158.98,0.0,5000,2025-03-03 08:00:00
2025-09-08,P02,PP,22065.81,2738.23,0.0,5000,2025-03-02 11:00:00
2025-09-09,P02,PP,21077.69,988.12,0.0,5000,2025-03-02 10:00:00
2025-09-10,P02,PP,20688.4,389.29,0.0,5000,2025-03-04 12:00:00
2025-09-11,P02,PP,20276.47,411.93,0.0,5000,2025-03-04 04:00:00
2025-09-12,P02,PP,19546.35,730.12,0.0,5000,2025-03-02 11:00:00
2025-09-13,P02,PP,19286.45,259.9,0.0,5000,2025-03-03 22:00:00
2025-09-14,P02,PP,15848.96,3437.49,0.0,5000,2025-03-04 22:00:00
2025-09-15,P02,PP,36902.69,781.39,21835.12,5000,2025-03-02 11:00:00
2025-09-16,P02,PP,34416.06,2486.63,0.0,5000,2025-03-04 07:00:00
2025-09-17,P02,PP,32328.93,2087.13,0.0,5000,2025-03-02 04:00:00
2025-09-18,P02,PP,29982.22,2346.71,0.0,5000,2025-03-03 04:00:00
2025-09-19,P02,PP,28708.32,1273.9,0.0,5000,2025-03-03 17:00:00
2025-09-20,P02,PP,27937.2,771.12,0.0,5000,2025-03-02 13:00:00
2025-09-21,P02,PP,26839.47,1097.73,0.0,5000,2025-03-03 08:00:00
2025-09-22,P02,PP,25758.34,1081.13,0.0,5000,2025-03-03 07:00:00
2025-09-23,P02,PP,24950.39,807.95,0.0,5000,2025-03-02 02:00:00
2025-09-24,P02,PP,23540.24,1410.15,0.0,5000,2025-03-04 13:00:00
2025-09-25,P02,PP,21993.86,1546.38,0.0,5000,2025-03-04 16:00:00
2025-09-26,P02,PP,18743.02,3250.84,0.0,5000,2025-03-02 18:00:00
2025-09-27,P02,PP,15408.47,3334.55,0.0,5000,2025-03-04 20:00:00
2025-09-28,P02,PP,13238.73,2169.74,0.0,5000,2025-03-04 00:00:00
2025-09-29,P02,PP,11822.25,1416.48,0.0,5000,2025-03-04 07:00:00
2025-09-30,P02,PP,9427.51,2394.74,0.0,5000,2025-03-03 00:00:00
2025-10-01,P02,PP,37775.12,2221.38,30568.99,5000,2025-03-04 14:00:00
2025-10-02,P02,PP,35688.14,2086.98,0.0,5000,2025-03-02 07:00:00
2025-10-03,P02,PP,31536.08,4152.06,0.0,5000,2025-03-04 05:00:00
2025-10-04,P02,PP,29865.62,1670.46,0.0,5000,2025-03-04 09:00:00
2025-10-05,P02,PP,28884.38,981.24,0.0,5000,2025-03-03 16:00:00
2025-10-06,P02,PP,28455.91,428.47,0.0,5000,2025-03-04 10:00:00
2025-10-07,P02,PP,27233.75,1222.16,0.0,5000,2025-03-03 22:00:00
2025-10-08,P02,PP,26343.32,890.43,0.0,5000,2025-03-04 04:00:00
2025-10-09,P02,PP,26057.75,285.57,0.0,5000,2025-03-04 08:00:00
2025-10-10,P02,PP,25439.69,618.06,0.0,5000,2025-03-02 16:00:00
2025-10-11,P02,PP,23887.65,1552.04,0.0,5000,2025-03-03 22:00:00
2025-10-12,P02,PP,23431.47,456.18,0.0,5000,2025-03-04 03:00:00
2025-10-13,P02,PP,19925.52,3505.95,0.0,5000,2025-03-02 06:00:00
2025-10-14,P02,PP,17265.34,2660.18,0.0,5000,2025-03-02 16:00:00
2025-10-15,P02,PP,47032.23,2173.49,31940.38,5000,2025-03-03 15:00:00
2025-10-16,P02,PP,45313.52,1718.71,0.0,5000,2025-03-04 04:00:00
2025-10-17,P02,PP,42982.8,2330.72,0.0,5000,2025-03-03 16:00:00
2025-10-18,P02,PP,39739.52,3243.28,0.0,5000,2025-03-04 18:00:00
2025-10-19,P02,PP,38216.93,1522.59,0.0,5000,2025-03-04 15:00:00
2025-10-20,P02,PP,37798.67,418.26,0.0,5000,2025-03-03 13:00:00
2025-10-21,P02,PP,33988.57,3810.1,0.0,5000,2025-03-02 16:00:00
2025-10-22,P02,PP,32067.3,1921.27,0.0,5000,2025-03-03 12:00:00
2025-10-23,P02,PP,32067.3,0.0,0.0,5000,2025-03-03 14:00:00
2025-10-24,P02,PP,31007.4,1059.9,0.0,5000,2025-03-02 05:00:00
2025-10-25,P02,PP,27249.62,3757.78,0.0,5000,2025-03-04 13:00:00
2025-10-26,P02,PP,26254.02,995.6,0.0,5000,2025-03-02 08:00:00
2025-10-27,P02,PP,24206.01,2048.01,0.0,5000,2025-03-04 19:00:00
2025-10-28,P02,PP,22668.06,1537.95,0.0,5000,2025-03-02 19:00:00
2025-10-29,P02,PP,18266.32,4401.74,0.0,5000,2025-03-02 12:00:00
2025-10-30,P02,PP,17302.25,964.07,0.0,5000,2025-03-04 16:00:00
2025-10-31,P02,PP,16230.16,1072.09,0.0,5000,2025-03-03 08:00:00
2025-11-01,P02,PP,45920.68,748.42,30438.94,5000,2025-03-02 05:00:00
2025-11-02,P02,PP,44103.49,1817.19,0.0,5000,2025-03-03 12:00:00
2025-11-03,P02,PP,42414.64,1688.85,0.0,5000,2025-03-03 14:00:00
2025-11-04,P02,PP,40415.02,1999.62,0.0,5000,2025-03-03 04:00:00
2025-11-05,P02,PP,38194.23,2220.79,0.0,5000,2025-03-04 11:00:00
2025-11-06,P02,PP,35928.37,2265.86,0.0,5000,2025-03-03 15:00:00
2025-11-07,P02,PP,35207.93,720.44,0.0,5000,2025-03-02 08:00:00
2025-11-08,P02,PP,33583.21,1624.72,0.0,5000,2025-03-03 22:00:00
2025-11-09,P02,PP,32634.9,948.31,0.0,5000,2025-03-04 11:00:00
2025-11-10,P02,PP,32465.95,168.95,0.0,5000,2025-03-04 06:00:00
2025-11-11,P02,PP,32421.18,44.77,0.0,5000,2025-03-04 08:00:00
2025-11-12,P02,PP,31919.12,502.06,0.0,5000,2025-03-04 05:00:00
2025-11-13,P02,PP,28880.2,3038.92,0.0,5000,2025-03-02 22:00:00
2025-11-14,P02,PP,28277.75,602.45,0.0,5000,2025-03-02 00:00:00
2025-11-15,P02,PP,53805.31,1086.53,26614.1,5000,2025-03-03 07:00:00
2025-11-16,P02,PP,52279.4,1525.91,0.0,5000,2025-03-02 02:00:00
2025-11-17,P02,PP,50894.81,1384.59,0.0,5000,2025-03-02 19:00:00
2025-11-18,P02,PP,50560.08,334.73,0.0,5000,2025-03-03 10:00:00
2025-11-19,P02,PP,50375.76,184.32,0.0,5000,2025-03-03 21:00:00
2025-11-20,P02,PP,49389.11,986.65,0.0,5000,2025-03-04 09:00:00
2025-11-21,P02,PP,48639.19,749.92,0.0,5000,2025-03-03 01:00:00
2025-11-22,P02,PP,46668.38,1970.81,0.0,5000,2025-03-02 16:00:00
2025-11-23,P02,PP,43143.76,3524.62,0.0,5000,2025-03-02 11:00:00
2025-11-24,P02,PP,39741.42,3402.34,0.0,5000,2025-03-03 20:00:00
2025-11-25,P02,PP,38612.44,1128.98,0.0,5000,2025-03-02 07:00:00
2025-11-26,P02,PP,36580.33,2032.11,0.0,5000,2025-03-02 04:00:00
2025-11-27,P02,PP,35537.62,1042.71,0.0,5000,2025-03-02 18:00:00
2025-11-28,P02,PP,34137.71,1399.91,0.0,5000,2025-03-02 12:00:00
2025-11-29,P02,PP,30410.77,3726.94,0.0,5000,2025-03-04 13:00:00
2025-11-30,P02,PP,29274.5,1136.27,0.0,5000,2025-03-04 15:00:00
2025-12-01,P02,PP,50546.06,190.76,21462.32,5000,2025-03-03 17:00:00
2025-12-02,P02,PP,47691.19,2854.87,0.0,5000,2025-03-04 03:00:00
2025-12-03,P02,PP,47179.29,511.9,0.0,5000,2025-03-02 02:00:00
2025-12-04,P02,PP,44529.26,2650.03,0.0,5000,2025-03-04 01:00:00
2025-12-05,P02,PP,42600.63,1928.63,0.0,5000,2025-03-03 16:00:00
2025-12-06,P02,PP,41031.88,1568.75,0.0,5000,2025-03-04 03:00:00
2025-12-07,P02,PP,38207.17,2824.71,0.0,5000,2025-03-03 07:00:00
2025-12-08,P02,PP,38207.17,0.0,0.0,5000,2025-03-03 05:00:00
2025-12-09,P02,PP,36622.97,1584.2,0.0,5000,2025-03-02 06:00:00
2025-12-10,P02,PP,34630.6,1992.37,0.0,5000,2025-03-02 03:00:00
2025-12-11,P02,PP,31775.5,2855.1,0.0,5000,2025-03-04 22:00:00
2025-12-12,P02,PP,29123.11,2652.39,0.0,5000,2025-03-02 02:00:00
2025-12-13,P02,PP,26201.52,2921.59,0.0,5000,2025-03-03 05:00:00
2025-12-14,P02,PP,23252.96,2948.56,0.0,5000,2025-03-03 11:00:00
2025-12-15,P02,PP,51693.96,1691.82,30132.82,5000,2025-03-04 02:00:00
2025-12-16,P02,PP,50172.79,1521.17,0.0,5000,2025-03-03 10:00:00
2025-12-17,P02,PP,50030.57,142.22,0.0,5000,2025-03-03 14:00:00
2025-12-18,P02,PP,49090.65,939.92,0.0,5000,2025-03-02 15:00:00
2025-12-19,P02,PP,47600.3,1490.35,0.0,5000,2025-03-03 20:00:00
2025-12-20,P02,PP,46515.23,1085.07,0.0,5000,2025-03-02 11:00:00
2025-12-21,P02,PP,44543.66,1971.57,0.0,5000,2025-03-04 21:00:00
2025-12-22,P02,PP,43503.81,1039.85,0.0,5000,2025-03-04 13:00:00
2025-12-23,P02,PP,43503.81,0.0,0.0,5000,2025-03-02 09:00:00
2025-12-24,P02,PP,40378.04,3125.77,0.0,5000,2025-03-02 03:00:00
2025-12-25,P02,PP,37894.78,2483.26,0.0,5000,2025-03-04 11:00:00
2025-12-26,P02,PP,35342.61,2552.17,0.0,5000,2025-03-02 17:00:00
2025-12-27,P02,PP,34845.22,497.39,0.0,5000,2025-03-03 11:00:00
2025-12-28,P02,PP,34317.02,528.2,0.0,5000,2025-03-04 12:00:00
2025-12-29,P02,PP,32712.54,1604.48,0.0,5000,2025-03-04 03:00:00
2025-12-30,P02,PP,30454.04,2258.5,0.0,5000,2025-03-02 11:00:00
2025-12-31,P02,PP,30039.45,414.59,0.0,5000,2025-03-03 01:00:00
2026-01-01,P02,PP,49679.82,2057.25,21697.62,5000,2025-03-03 06:00:00
2026-01-02,P02,PP,48668.23,1011.59,0.0,5000,2025-03-03 14:00:00
2026-01-03,P02,PP,47506.74,1161.49,0.0,5000,2025-03-02 09:00:00
2026-01-04,P02,PP,46086.99,1419.75,0.0,5000,2025-03-03 08:00:00
2026-01-05,P02,PP,43807.49,2279.5,0.0,5000,2025-03-04 16:00:00
2026-01-06,P02,PP,41564.0,2243.49,0.0,5000,2025-03-03 14:00:00
2026-01-07,P02,PP,40487.64,1076.36,0.0,5000,2025-03-04 07:00:00
2026-01-08,P02,PP,37892.08,2595.56,0.0,5000,2025-03-03 06:00:00
2026-01-09,P02,PP,33533.29,4358.79,0.0,5000,2025-03-02 10:00:00
2026-01-10,P02,PP,31767.82,1765.47,0.0,5000,2025-03-03 10:00:00
2026-01-11,P02,PP,30836.28,931.54,0.0,5000,2025-03-02 18:00:00
2026-01-12,P02,PP,26950.23,3886.05,0.0,5000,2025-03-04 18:00:00
2026-01-13,P02,PP,24687.62,2262.61,0.0,5000,2025-03-04 17:00:00
2026-01-14,P02,PP,22496.37,2191.25,0.0,5000,2025-03-04 16:00:00
2026-01-15,P02,PP,39635.23,4002.38,21141.24,5000,2025-03-02 01:00:00
2026-01-16,P02,PP,39152.22,483.01,0.0,5000,2025-03-03 01:00:00
2026-01-17,P02,PP,38919.86,232.36,0.0,5000,2025-03-02 01:00:00
2026-01-18,P02,PP,38301.35,618.51,0.0,5000,2025-03-02 21:00:00
2026-01-19,P02,PP,36579.84,1721.51,0.0,5000,2025-03-03 12:00:00
2026-01-20,P02,PP,34457.72,2122.12,0.0,5000,2025-03-04 16:00:00
2026-01-21,P02,PP,33510.65,947.07,0.0,5000,2025-03-04 09:00:00
2026-01-22,P02,PP,32741.23,769.42,0.0,5000,2025-03-04 11:00:00
2026-01-23,P02,PP,28775.84,3965.39,0.0,5000,2025-03-04 08:00:00
2026-01-24,P02,PP,25970.09,2805.75,0.0,5000,2025-03-04 20:00:00
2026-01-25,P02,PP,25325.41,644.68,0.0,5000,2025-03-03 13:00:00
2026-01-26,P02,PP,19824.71,5500.7,0.0,5000,2025-03-04 13:00:00
2026-01-27,P02,PP,17706.91,2117.8,0.0,5000,2025-03-03 21:00:00
2026-01-28,P02,PP,16478.75,1228.16,0.0,5000,2025-03-03 21:00:00
2026-01-29,P02,PP,15944.71,534.04,0.0,5000,2025-03-04 06:00:00
2026-01-30,P02,PP,14769.34,1175.37,0.0,5000,2025-03-02 20:00:00
2026-01-31,P02,PP,13718.02,1051.32,0.0,5000,2025-03-03 10:00:00
2026-02-01,P02,PP,35064.87,2999.27,24346.12,5000,2025-03-02 15:00:00
2026-02-02,P02,PP,31073.21,3991.66,0.0,5000,2025-03-03 06:00:00
2026-02-03,P02,PP,30751.24,321.97,0.0,5000,2025-03-04 18:00:00
2026-02-04,P02,PP,30089.22,662.02,0.0,5000,2025-03-04 01:00:00
2026-02-05,P02,PP,29119.15,970.07,0.0,5000,2025-03-03 11:00:00
2026-02-06,P02,PP,26421.36,2697.79,0.0,5000,2025-03-04 22:00:00
2026-02-07,P02,PP,23791.41,2629.95,0.0,5000,2025-03-03 13:00:00
2026-02-08,P02,PP,22972.44,818.97,0.0,5000,2025-03-02 14:00:00
2026-02-09,P02,PP,21573.14,1399.3,0.0,5000,2025-03-03 09:00:00
2026-02-10,P02,PP,19585.59,1987.55,0.0,5000,2025-03-04 12:00:00
2026-02-11,P02,PP,17750.76,1834.83,0.0,5000,2025-03-03 06:00:00
2026-02-12,P02,PP,15805.4,1945.36,0.0,5000,2025-03-02 02:00:00
2026-02-13,P02,PP,11867.21,3938.19,0.0,5000,2025-03-03 17:00:00
2026-02-14,P02,PP,9603.15,2264.06,0.0,5000,2025-03-02 07:00:00
2026-02-15,P02,PP,28953.9,2164.65,21515.4,5000,2025-03-04 14:00:00
2026-02-16,P02,PP,27519.63,1434.27,0.0,5000,2025-03-02 04:00:00
2026-02-17,P02,PP,25317.1,2202.53,0.0,5000,2025-03-04 10:00:00
2026-02-18,P02,PP,23379.48,1937.62,0.0,5000,2025-03-02 03:00:00
2026-02-19,P02,PP,21220.3,2159.18,0.0,5000,2025-03-02 04:00:00
2026-02-20,P02,PP,19639.39,1580.91,0.0,5000,2025-03-04 20:00:00
2026-02-21,P02,PP,19072.99,566.4,0.0,5000,2025-03-04 03:00:00
2026-02-22,P02,PP,17510.45,1562.54,0.0,5000,2025-03-04 05:00:00
2026-02-23,P02,PP,16067.53,1442.92,0.0,5000,2025-03-04 17:00:00
2026-02-24,P02,PP,14133.53,1934.0,0.0,5000,2025-03-02 08:00:00
2026-02-25,P02,PP,14133.53,0.0,0.0,5000,2025-03-03 17:00:00
2026-02-26,P02,PP,12559.95,1573.58,0.0,5000,2025-03-03 09:00:00
2026-02-27,P02,PP,10776.37,1783.58,0.0,5000,2025-03-03 19:00:00
2026-02-28,P02,PP,9192.5,1583.87,0.0,5000,2025-03-04 13:00:00
2026-03-01,P02,PP,32147.81,2119.73,25075.03,5000,2025-03-04 14:00:00
2026-03-02,P02,PP,31478.44,669.37,0.0,5000,2025-03-02 17:00:00
2026-03-03,P02,PP,30910.29,568.15,0.0,5000,2025-03-03 00:00:00
2026-03-04,P02,PP,28250.11,2660.18,0.0,5000,2025-03-04 16:00:00
2026-03-05,P02,PP,27405.22,844.89,0.0,5000,2025-03-03 06:00:00
2026-03-06,P02,PP,26020.55,1384.67,0.0,5000,2025-03-03 20:00:00
2026-03-07,P02,PP,25609.31,411.24,0.0,5000,2025-03-04 06:00:00
2026-03-08,P02,PP,24216.53,1392.78,0.0,5000,2025-03-04 16:00:00
2026-03-09,P02,PP,23400.52,816.01,0.0,5000,2025-03-03 09:00:00
2026-03-10,P02,PP,21602.67,1797.85,0.0,5000,2025-03-03 15:00:00
2026-03-11,P02,PP,20236.25,1366.42,0.0,5000,2025-03-03 08:00:00
2026-03-12,P02,PP,19218.12,1018.13,0.0,5000,2025-03-04 16:00:00
2026-03-13,P02,PP,18968.94,249.18,0.0,5000,2025-03-04 07:00:00
2026-03-14,P02,PP,17137.28,1831.66,0.0,5000,2025-03-02 08:00:00
2026-03-15,P02,PP,41942.14,916.02,25720.88,5000,2025-03-02 19:00:00
2026-03-16,P02,PP,39663.32,2278.82,0.0,5000,2025-03-02 13:00:00
2026-03-17,P02,PP,38524.62,1138.7,0.0,5000,2025-03-04 10:00:00
2026-03-18,P02,PP,35009.17,3515.45,0.0,5000,2025-03-02 21:00:00
2026-03-19,P02,PP,34393.61,615.56,0.0,5000,2025-03-03 15:00:00
2026-03-20,P02,PP,32897.1,1496.51,0.0,5000,2025-03-03 03:00:00
2026-03-21,P02,PP,30496.67,2400.43,0.0,5000,2025-03-04 10:00:00
2026-03-22,P02,PP,27906.62,2590.05,0.0,5000,2025-03-03 02:00:00
2026-03-23,P02,PP,21780.13,6126.49,0.0,5000,2025-03-04 01:00:00
2026-03-24,P02,PP,21195.78,584.35,0.0,5000,2025-03-02 14:00:00
2026-03-25,P02,PP,17606.98,3588.8,0.0,5000,2025-03-04 21:00:00
2026-03-26,P02,PP,16605.05,1001.93,0.0,5000,2025-03-02 20:00:00
2026-03-27,P02,PP,15901.68,703.37,0.0,5000,2025-03-03 20:00:00
2026-03-28,P02,PP,12876.47,3025.21,0.0,5000,2025-03-04 15:00:00
2026-03-29,P02,PP,10181.33,2695.14,0.0,5000,2025-03-03 03:00:00
2026-03-30,P02,PP,8063.87,2117.46,0.0,5000,2025-03-03 07:00:00
2026-03-31,P02,PP,3536.63,4527.24,0.0,5000,2025-03-03 10:00:00
2026-04-01,P02,PP,23577.55,3373.76,23414.68,5000,2025-03-02 07:00:00
2026-04-02,P02,PP,22150.33,1427.22,0.0,5000,2025-03-04 02:00:00
2026-04-03,P02,PP,20000.5,2149.83,0.0,5000,2025-03-03 22:00:00
2026-04-04,P02,PP,17218.5,2782.0,0.0,5000,2025-03-02 11:00:00
2026-04-05,P02,PP,16442.0,776.5,0.0,5000,2025-03-04 14:00:00
2026-04-06,P02,PP,15124.01,1317.99,0.0,5000,2025-03-04 14:00:00
2026-04-07,P02,PP,14508.66,615.35,0.0,5000,2025-03-02 08:00:00
2026-04-08,P02,PP,12284.59,2224.07,0.0,5000,2025-03-04 02:00:00
2026-04-09,P02,PP,11844.03,440.56,0.0,5000,2025-03-02 02:00:00
2026-04-10,P02,PP,11608.48,235.55,0.0,5000,2025-03-02 17:00:00
2026-04-11,P02,PP,10569.65,1038.83,0.0,5000,2025-03-04 16:00:00
2026-04-12,P02,PP,9680.71,888.94,0.0,5000,2025-03-03 20:00:00
2026-04-13,P02,PP,7805.08,1875.63,0.0,5000,2025-03-04 04:00:00
2026-04-14,P02,PP,5544.44,2260.64,0.0,5000,2025-03-02 03:00:00
2026-04-15,P02,PP,27422.83,1819.33,23697.73,5000,2025-03-02 06:00:00
2026-04-16,P02,PP,26308.96,1113.87,0.0,5000,2025-03-04 22:00:00
2026-04-17,P02,PP,23148.9,3160.06,0.0,5000,2025-03-04 18:00:00
2026-04-18,P02,PP,21736.63,1412.27,0.0,5000,2025-03-02 14:00:00
2026-04-19,P02,PP,20172.91,1563.72,0.0,5000,2025-03-03 12:00:00
2026-04-20,P02,PP,19449.53,723.38,0.0,5000,2025-03-03 22:00:00
2026-04-21,P02,PP,18626.12,823.41,0.0,5000,2025-03-02 12:00:00
2026-04-22,P02,PP,15593.81,3032.31,0.0,5000,2025-03-03 07:00:00
2026-04-23,P02,PP,12688.1,2905.71,0.0,5000,2025-03-04 16:00:00
2026-04-24,P02,PP,8680.28,4007.82,0.0,5000,2025-03-03 19:00:00
2026-04-25,P02,PP,5778.34,2901.94,0.0,5000,2025-03-02 21:00:00
2026-04-26,P02,PP,4298.69,1479.65,0.0,5000,2025-03-04 12:00:00
2026-04-27,P02,PP,4010.12,288.57,0.0,5000,2025-03-02 05:00:00
2026-04-28,P02,PP,1383.2,2626.92,0.0,5000,2025-03-04 19:00:00
2026-04-29,P02,PP,800.0,699.19,0.0,5000,2025-03-02 02:00:00
2026-04-30,P02,PP,800.0,3498.3,0.0,5000,2025-03-04 08:00:00
2026-05-01,P02,PP,22971.89,1203.97,23375.86,5000,2025-03-02 21:00:00
2026-05-02,P02,PP,21176.93,1794.96,0.0,5000,2025-03-03 22:00:00
2026-05-03,P02,PP,20094.08,1082.85,0.0,5000,2025-03-02 20:00:00
2026-05-04,P02,PP,16604.76,3489.32,0.0,5000,2025-03-02 09:00:00
2026-05-05,P02,PP,16290.99,313.77,0.0,5000,2025-03-02 13:00:00
2026-05-06,P02,PP,14502.51,1788.48,0.0,5000,2025-03-02 15:00:00
2026-05-07,P02,PP,13259.06,1243.45,0.0,5000,2025-03-03 20:00:00
2026-05-08,P02,PP,10484.81,2774.25,0.0,5000,2025-03-02 12:00:00
2026-05-09,P02,PP,7369.31,3115.5,0.0,5000,2025-03-02 07:00:00
2026-05-10,P02,PP,4063.47,3305.84,0.0,5000,2025-03-03 01:00:00
2026-05-11,P02,PP,800.0,3660.79,0.0,5000,2025-03-04 00:00:00
2026-05-12,P02,PP,800.0,2400.87,0.0,5000,2025-03-04 09:00:00
2026-05-13,P02,PP,800.0,2450.29,0.0,5000,2025-03-04 08:00:00
2026-05-14,P02,PP,800.0,657.82,0.0,5000,2025-03-04 07:00:00
2026-05-15,P02,PP,29688.43,865.44,29753.87,5000,2025-03-02 18:00:00
2026-05-16,P02,PP,26309.34,3379.09,0.0,5000,2025-03-04 13:00:00
2026-05-17,P02,PP,26037.41,271.93,0.0,5000,2025-03-04 01:00:00
2026-05-18,P02,PP,25096.77,940.64,0.0,5000,2025-03-04 08:00:00
2026-05-19,P02,PP,24053.03,1043.74,0.0,5000,2025-03-04 04:00:00
2026-05-20,P02,PP,24053.03,0.0,0.0,5000,2025-03-02 01:00:00
2026-05-21,P02,PP,23370.73,682.3,0.0,5000,2025-03-02 06:00:00
2026-05-22,P02,PP,17967.05,5403.68,0.0,5000,2025-03-04 09:00:00
2026-05-23,P02,PP,17871.77,95.28,0.0,5000,2025-03-02 12:00:00
2026-05-24,P02,PP,15405.7,2466.07,0.0,5000,2025-03-03 02:00:00
2026-05-25,P02,PP,14258.59,1147.11,0.0,5000,2025-03-02 14:00:00
2026-05-26,P02,PP,12932.29,1326.3,0.0,5000,2025-03-04 18:00:00
2026-05-27,P02,PP,12549.17,383.12,0.0,5000,2025-03-03 13:00:00
2026-05-28,P02,PP,12549.17,0.0,0.0,5000,2025-03-02 13:00:00
2026-05-29,P02,PP,9937.71,2611.46,0.0,5000,2025-03-02 09:00:00
2026-05-30,P02,PP,7314.0,2623.71,0.0,5000,2025-03-04 07:00:00
2026-05-31,P02,PP,800.0,6931.51,0.0,5000,2025-03-04 19:00:00
2026-06-01,P02,PP,19431.24,3635.47,22266.71,5000,2025-03-02 01:00:00
2026-06-02,P02,PP,18393.12,1038.12,0.0,5000,2025-03-03 00:00:00
2026-06-03,P02,PP,18266.43,126.69,0.0,5000,2025-03-03 19:00:00
2026-06-04,P02,PP,15372.97,2893.46,0.0,5000,2025-03-03 11:00:00
2026-06-05,P02,PP,11328.91,4044.06,0.0,5000,2025-03-02 10:00:00
2026-06-06,P02,PP,9174.78,2154.13,0.0,5000,2025-03-03 16:00:00
2026-06-07,P02,PP,8299.47,875.31,0.0,5000,2025-03-02 13:00:00
2026-06-08,P02,PP,6514.96,1784.51,0.0,5000,2025-03-03 08:00:00
2026-06-09,P02,PP,2585.79,3929.17,0.0,5000,2025-03-02 03:00:00
2026-06-10,P02,PP,1350.39,1235.4,0.0,5000,2025-03-04 15:00:00
2026-06-11,P02,PP,800.0,1823.22,0.0,5000,2025-03-04 11:00:00
2026-06-12,P02,PP,800.0,1346.2,0.0,5000,2025-03-04 11:00:00
2026-06-13,P02,PP,800.0,2057.73,0.0,5000,2025-03-04 02:00:00
2026-06-14,P02,PP,800.0,1323.0,0.0,5000,2025-03-03 00:00:00
2026-06-15,P02,PP,32635.74,1795.3,33631.04,5000,2025-03-03 19:00:00
2026-06-16,P02,PP,30116.69,2519.05,0.0,5000,2025-03-04 19:00:00
2026-06-17,P02,PP,28076.83,2039.86,0.0,5000,2025-03-02 21:00:00
2026-06-18,P02,PP,24937.4,3139.43,0.0,5000,2025-03-04 07:00:00
2026-06-19,P02,PP,24396.14,541.26,0.0,5000,2025-03-02 15:00:00
2026-06-20,P02,PP,22044.22,2351.92,0.0,5000,2025-03-02 02:00:00
2026-06-21,P02,PP,19927.23,2116.99,0.0,5000,2025-03-04 18:00:00
2026-06-22,P02,PP,19248.39,678.84,0.0,5000,2025-03-04 00:00:00
2026-06-23,P02,PP,17939.57,1308.82,0.0,5000,2025-03-03 00:00:00
2026-06-24,P02,PP,14052.81,3886.76,0.0,5000,2025-03-03 10:00:00
2026-06-25,P02,PP,12834.75,1218.06,0.0,5000,2025-03-03 14:00:00
2026-06-26,P02,PP,11475.07,1359.68,0.0,5000,2025-03-04 00:00:00
2026-06-27,P02,PP,9178.03,2297.04,0.0,5000,2025-03-02 17:00:00
2026-06-28,P02,PP,4359.31,4818.72,0.0,5000,2025-03-03 11:00:00
2026-06-29,P02,PP,2385.36,1973.95,0.0,5000,2025-03-02 00:00:00
2026-06-30,P02,PP,969.83,1415.53,0.0,5000,2025-03-02 01:00:00
2025-01-01,P03,HDPE,74272.31,176.09,31052.01,5000,2025-03-04 19:00:00
2025-01-02,P03,HDPE,68810.09,5462.22,0.0,5000,2025-03-02 11:00:00
2025-01-03,P03,HDPE,64059.64,4750.45,0.0,5000,2025-03-03 15:00:00
2025-01-04,P03,HDPE,60178.45,3881.19,0.0,5000,2025-03-04 10:00:00
2025-01-05,P03,HDPE,59059.81,1118.64,0.0,5000,2025-03-04 18:00:00
2025-01-06,P03,HDPE,58654.03,405.78,0.0,5000,2025-03-04 11:00:00
2025-01-07,P03,HDPE,56736.21,1917.82,0.0,5000,2025-03-03 07:00:00
2025-01-08,P03,HDPE,56397.31,338.9,0.0,5000,2025-03-03 08:00:00
2025-01-09,P03,HDPE,47928.49,8468.82,0.0,5000,2025-03-03 16:00:00
2025-01-10,P03,HDPE,43605.27,4323.22,0.0,5000,2025-03-03 12:00:00
2025-01-11,P03,HDPE,40568.79,3036.48,0.0,5000,2025-03-03 02:00:00
2025-01-12,P03,HDPE,36250.55,4318.24,0.0,5000,2025-03-04 09:00:00
2025-01-13,P03,HDPE,29394.71,6855.84,0.0,5000,2025-03-02 15:00:00
2025-01-14,P03,HDPE,26900.41,2494.3,0.0,5000,2025-03-03 06:00:00
2025-01-15,P03,HDPE,53104.8,3491.94,29696.33,5000,2025-03-04 19:00:00
2025-01-16,P03,HDPE,50764.09,2340.71,0.0,5000,2025-03-02 09:00:00
2025-01-17,P03,HDPE,48095.79,2668.3,0.0,5000,2025-03-02 06:00:00
2025-01-18,P03,HDPE,47531.9,563.89,0.0,5000,2025-03-02 19:00:00
2025-01-19,P03,HDPE,44910.03,2621.87,0.0,5000,2025-03-03 02:00:00
2025-01-20,P03,HDPE,38490.07,6419.96,0.0,5000,2025-03-04 09:00:00
2025-01-21,P03,HDPE,36362.07,2128.0,0.0,5000,2025-03-02 18:00:00
2025-01-22,P03,HDPE,36362.07,0.0,0.0,5000,2025-03-02 07:00:00
2025-01-23,P03,HDPE,36144.6,217.47,0.0,5000,2025-03-02 01:00:00
2025-01-24,P03,HDPE,35241.9,902.7,0.0,5000,2025-03-02 05:00:00
2025-01-25,P03,HDPE,33199.67,2042.23,0.0,5000,2025-03-04 21:00:00
2025-01-26,P03,HDPE,30641.03,2558.64,0.0,5000,2025-03-03 17:00:00
2025-01-27,P03,HDPE,30237.37,403.66,0.0,5000,2025-03-03 16:00:00
2025-01-28,P03,HDPE,29549.39,687.98,0.0,5000,2025-03-04 22:00:00
2025-01-29,P03,HDPE,29549.39,0.0,0.0,5000,2025-03-03 05:00:00
2025-01-30,P03,HDPE,22921.36,6628.03,0.0,5000,2025-03-02 02:00:00
2025-01-31,P03,HDPE,21743.11,1178.25,0.0,5000,2025-03-02 12:00:00
2025-02-01,P03,HDPE,45866.98,4104.75,28228.62,5000,2025-03-03 14:00:00
2025-02-02,P03,HDPE,45866.98,0.0,0.0,5000,2025-03-02 13:00:00
2025-02-03,P03,HDPE,44143.09,1723.89,0.0,5000,2025-03-02 16:00:00
2025-02-04,P03,HDPE,39312.75,4830.34,0.0,5000,2025-03-02 22:00:00
2025-02-05,P03,HDPE,34920.29,4392.46,0.0,5000,2025-03-03 18:00:00
2025-02-06,P03,HDPE,34669.22,251.07,0.0,5000,2025-03-04 08:00:00
2025-02-07,P03,HDPE,33953.89,715.33,0.0,5000,2025-03-02 16:00:00
2025-02-08,P03,HDPE,29752.33,4201.56,0.0,5000,2025-03-03 00:00:00
2025-02-09,P03,HDPE,27693.01,2059.32,0.0,5000,2025-03-04 11:00:00
2025-02-10,P03,HDPE,25014.05,2678.96,0.0,5000,2025-03-03 04:00:00
2025-02-11,P03,HDPE,21802.95,3211.1,0.0,5000,2025-03-02 22:00:00
2025-02-12,P03,HDPE,16208.89,5594.06,0.0,5000,2025-03-03 05:00:00
2025-02-13,P03,HDPE,9775.4,6433.49,0.0,5000,2025-03-04 13:00:00
2025-02-14,P03,HDPE,7561.52,2213.88,0.0,5000,2025-03-03 09:00:00
2025-02-15,P03,HDPE,20470.27,8529.95,21438.7,5000,2025-03-03 04:00:00
2025-02-16,P03,HDPE,20470.27,0.0,0.0,5000,2025-03-04 10:00:00
2025-02-17,P03,HDPE,20470.27,0.0,0.0,5000,2025-03-04 00:00:00
2025-02-18,P03,HDPE,13494.61,6975.66,0.0,5000,2025-03-04 15:00:00
2025-02-19,P03,HDPE,11452.78,2041.83,0.0,5000,2025-03-03 09:00:00
2025-02-20,P03,HDPE,11452.78,0.0,0.0,5000,2025-03-04 04:00:00
2025-02-21,P03,HDPE,11452.78,0.0,0.0,5000,2025-03-03 14:00:00
2025-02-22,P03,HDPE,11452.78,0.0,0.0,5000,2025-03-02 09:00:00
2025-02-23,P03,HDPE,7006.94,4445.84,0.0,5000,2025-03-04 01:00:00
2025-02-24,P03,HDPE,2510.65,4496.29,0.0,5000,2025-03-04 04:00:00
2025-02-25,P03,HDPE,800.0,6063.71,0.0,5000,2025-03-02 08:00:00
2025-02-26,P03,HDPE,800.0,3236.86,0.0,5000,2025-03-03 08:00:00
2025-02-27,P03,HDPE,800.0,0.0,0.0,5000,2025-03-04 04:00:00
2025-02-28,P03,HDPE,800.0,878.6,0.0,5000,2025-03-03 09:00:00
2025-03-01,P03,HDPE,24812.96,0.0,24012.96,5000,2025-03-02 06:00:00
2025-03-02,P03,HDPE,22972.71,1840.25,0.0,5000,2025-03-04 14:00:00
2025-03-03,P03,HDPE,19164.39,3808.32,0.0,5000,2025-03-04 16:00:00
2025-03-04,P03,HDPE,17949.64,1214.75,0.0,5000,2025-03-02 18:00:00
2025-03-05,P03,HDPE,15815.45,2134.19,0.0,5000,2025-03-02 08:00:00
2025-03-06,P03,HDPE,14900.47,914.98,0.0,5000,2025-03-02 00:00:00
2025-03-07,P03,HDPE,11035.85,3864.62,0.0,5000,2025-03-02 12:00:00
2025-03-08,P03,HDPE,8371.14,2664.71,0.0,5000,2025-03-02 21:00:00
2025-03-09,P03,HDPE,5540.78,2830.36,0.0,5000,2025-03-03 12:00:00
2025-03-10,P03,HDPE,5006.52,534.26,0.0,5000,2025-03-03 22:00:00
2025-03-11,P03,HDPE,1717.86,3288.66,0.0,5000,2025-03-03 18:00:00
2025-03-12,P03,HDPE,800.0,3576.75,0.0,5000,2025-03-04 19:00:00
2025-03-13,P03,HDPE,800.0,5023.44,0.0,5000,2025-03-02 17:00:00
2025-03-14,P03,HDPE,800.0,901.37,0.0,5000,2025-03-03 16:00:00
2025-03-15,P03,HDPE,26117.63,2297.16,27614.79,5000,2025-03-02 17:00:00
2025-03-16,P03,HDPE,20264.81,5852.82,0.0,5000,2025-03-03 16:00:00
2025-03-17,P03,HDPE,18138.64,2126.17,0.0,5000,2025-03-02 01:00:00
2025-03-18,P03,HDPE,14579.6,3559.04,0.0,5000,2025-03-03 11:00:00
2025-03-19,P03,HDPE,11483.59,3096.01,0.0,5000,2025-03-03 12:00:00
2025-03-20,P03,HDPE,6609.08,4874.51,0.0,5000,2025-03-03 18:00:00
2025-03-21,P03,HDPE,4774.88,1834.2,0.0,5000,2025-03-02 17:00:00
2025-03-22,P03,HDPE,800.0,4375.52,0.0,5000,2025-03-02 07:00:00
2025-03-23,P03,HDPE,800.0,1710.07,0.0,5000,2025-03-02 02:00:00
2025-03-24,P03,HDPE,800.0,4357.84,0.0,5000,2025-03-02 02:00:00
2025-03-25,P03,HDPE,800.0,5978.6,0.0,5000,2025-03-02 06:00:00
2025-03-26,P03,HDPE,800.0,2642.31,0.0,5000,2025-03-02 12:00:00
2025-03-27,P03,HDPE,800.0,2815.96,0.0,5000,2025-03-04 04:00:00
2025-03-28,P03,HDPE,800.0,1234.16,0.0,5000,2025-03-03 18:00:00
2025-03-29,P03,HDPE,800.0,2670.32,0.0,5000,2025-03-02 10:00:00
2025-03-30,P03,HDPE,800.0,3386.87,0.0,5000,2025-03-04 06:00:00
2025-03-31,P03,HDPE,800.0,2553.11,0.0,5000,2025-03-03 07:00:00
2025-04-01,P03,HDPE,20357.63,10346.91,29904.54,5000,2025-03-02 17:00:00
2025-04-02,P03,HDPE,16389.11,3968.52,0.0,5000,2025-03-04 13:00:00
2025-04-03,P03,HDPE,13428.87,2960.24,0.0,5000,2025-03-04 19:00:00
2025-04-04,P03,HDPE,10813.92,2614.95,0.0,5000,2025-03-03 18:00:00
2025-04-05,P03,HDPE,8696.94,2116.98,0.0,5000,2025-03-04 15:00:00
2025-04-06,P03,HDPE,2098.06,6598.88,0.0,5000,2025-03-04 18:00:00
2025-04-07,P03,HDPE,800.0,3982.04,0.0,5000,2025-03-02 04:00:00
2025-04-08,P03,HDPE,800.0,0.0,0.0,5000,2025-03-03 21:00:00
2025-04-09,P03,HDPE,800.0,1170.87,0.0,5000,2025-03-04 18:00:00
2025-04-10,P03,HDPE,800.0,1041.93,0.0,5000,2025-03-04 18:00:00
2025-04-11,P03,HDPE,800.0,3247.43,0.0,5000,2025-03-04 10:00:00
2025-04-12,P03,HDPE,800.0,2456.95,0.0,5000,2025-03-04 16:00:00
2025-04-13,P03,HDPE,800.0,1021.38,0.0,5000,2025-03-02 12:00:00
2025-04-14,P03,HDPE,800.0,1498.21,0.0,5000,2025-03-02 08:00:00
2025-04-15,P03,HDPE,25118.48,5214.34,29532.82,5000,2025-03-04 13:00:00
2025-04-16,P03,HDPE,22614.02,2504.46,0.0,5000,2025-03-03 11:00:00
2025-04-17,P03,HDPE,16469.5,6144.52,0.0,5000,2025-03-03 15:00:00
2025-04-18,P03,HDPE,16469.5,0.0,0.0,5000,2025-03-04 11:00:00
2025-04-19,P03,HDPE,15033.7,1435.8,0.0,5000,2025-03-02 11:00:00
2025-04-20,P03,HDPE,14083.56,950.14,0.0,5000,2025-03-03 11:00:00
2025-04-21,P03,HDPE,13303.39,780.17,0.0,5000,2025-03-04 13:00:00
2025-04-22,P03,HDPE,9660.7,3642.69,0.0,5000,2025-03-02 09:00:00
2025-04-23,P03,HDPE,9104.34,556.36,0.0,5000,2025-03-02 01:00:00
2025-04-24,P03,HDPE,7514.16,1590.18,0.0,5000,2025-03-02 07:00:00
2025-04-25,P03,HDPE,6113.24,1400.92,0.0,5000,2025-03-04 01:00:00
2025-04-26,P03,HDPE,2790.09,3323.15,0.0,5000,2025-03-03 20:00:00
2025-04-27,P03,HDPE,800.0,2590.25,0.0,5000,2025-03-04 22:00:00
2025-04-28,P03,HDPE,800.0,0.0,0.0,5000,2025-03-04 00:00:00
2025-04-29,P03,HDPE,800.0,1863.77,0.0,5000,2025-03-04 13:00:00
2025-04-30,P03,HDPE,800.0,5485.91,0.0,5000,2025-03-04 08:00:00
2025-05-01,P03,HDPE,17370.22,3632.57,20202.79,5000,2025-03-02 11:00:00
2025-05-02,P03,HDPE,17370.22,0.0,0.0,5000,2025-03-04 09:00:00
2025-05-03,P03,HDPE,13150.23,4219.99,0.0,5000,2025-03-04 17:00:00
2025-05-04,P03,HDPE,13150.23,0.0,0.0,5000,2025-03-04 09:00:00
2025-05-05,P03,HDPE,11478.86,1671.37,0.0,5000,2025-03-02 04:00:00
2025-05-06,P03,HDPE,10200.41,1278.45,0.0,5000,2025-03-02 17:00:00
2025-05-07,P03,HDPE,8446.11,1754.3,0.0,5000,2025-03-03 10:00:00
2025-05-08,P03,HDPE,7717.02,729.09,0.0,5000,2025-03-04 16:00:00
2025-05-09,P03,HDPE,5045.98,2671.04,0.0,5000,2025-03-04 16:00:00
2025-05-10,P03,HDPE,3921.79,1124.19,0.0,5000,2025-03-02 12:00:00
2025-05-11,P03,HDPE,800.0,5686.84,0.0,5000,2025-03-02 08:00:00
2025-05-12,P03,HDPE,800.0,1852.13,0.0,5000,2025-03-04 02:00:00
2025-05-13,P03,HDPE,800.0,0.0,0.0,5000,2025-03-04 04:00:00
2025-05-14,P03,HDPE,800.0,325.04,0.0,5000,2025-03-04 22:00:00
2025-05-15,P03,HDPE,26540.51,1260.08,27000.59,5000,2025-03-03 22:00:00
2025-05-16,P03,HDPE,21754.71,4785.8,0.0,5000,2025-03-04 00:00:00
2025-05-17,P03,HDPE,18237.27,3517.44,0.0,5000,2025-03-02 19:00:00
2025-05-18,P03,HDPE,18237.27,0.0,0.0,5000,2025-03-02 06:00:00
2025-05-19,P03,HDPE,15577.2,2660.07,0.0,5000,2025-03-02 19:00:00
2025-05-20,P03,HDPE,15577.2,0.0,0.0,5000,2025-03-03 15:00:00
2025-05-21,P03,HDPE,12754.88,2822.32,0.0,5000,2025-03-04 11:00:00
2025-05-22,P03,HDPE,10529.26,2225.62,0.0,5000,2025-03-02 10:00:00
2025-05-23,P03,HDPE,9985.68,543.58,0.0,5000,2025-03-02 22:00:00
2025-05-24,P03,HDPE,8880.48,1105.2,0.0,5000,2025-03-02 02:00:00
2025-05-25,P03,HDPE,6464.96,2415.52,0.0,5000,2025-03-02 20:00:00
2025-05-26,P03,HDPE,6464.96,0.0,0.0,5000,2025-03-04 16:00:00
2025-05-27,P03,HDPE,800.0,10304.71,0.0,5000,2025-03-02 14:00:00
2025-05-28,P03,HDPE,800.0,640.29,0.0,5000,2025-03-03 04:00:00
2025-05-29,P03,HDPE,800.0,0.0,0.0,5000,2025-03-03 07:00:00
2025-05-30,P03,HDPE,800.0,2404.36,0.0,5000,2025-03-03 22:00:00
2025-05-31,P03,HDPE,800.0,1855.43,0.0,5000,2025-03-02 09:00:00
2025-06-01,P03,HDPE,24102.61,1238.27,24540.88,5000,2025-03-02 04:00:00
2025-06-02,P03,HDPE,20975.22,3127.39,0.0,5000,2025-03-03 04:00:00
2025-06-03,P03,HDPE,19069.82,1905.4,0.0,5000,2025-03-03 10:00:00
2025-06-04,P03,HDPE,19069.82,0.0,0.0,5000,2025-03-04 18:00:00
2025-06-05,P03,HDPE,18285.88,783.94,0.0,5000,2025-03-03 13:00:00
2025-06-06,P03,HDPE,15141.78,3144.1,0.0,5000,2025-03-03 14:00:00
2025-06-07,P03,HDPE,5757.28,9384.5,0.0,5000,2025-03-02 03:00:00
2025-06-08,P03,HDPE,2538.1,3219.18,0.0,5000,2025-03-02 01:00:00
2025-06-09,P03,HDPE,800.0,2126.65,0.0,5000,2025-03-03 05:00:00
2025-06-10,P03,HDPE,800.0,1043.19,0.0,5000,2025-03-02 04:00:00
2025-06-11,P03,HDPE,800.0,721.33,0.0,5000,2025-03-02 09:00:00
2025-06-12,P03,HDPE,800.0,1377.08,0.0,5000,2025-03-04 01:00:00
2025-06-13,P03,HDPE,800.0,1557.65,0.0,5000,2025-03-04 11:00:00
2025-06-14,P03,HDPE,800.0,1419.31,0.0,5000,2025-03-02 08:00:00
2025-06-15,P03,HDPE,26432.9,1729.42,27362.32,5000,2025-03-04 08:00:00
2025-06-16,P03,HDPE,23967.67,2465.23,0.0,5000,2025-03-02 20:00:00
2025-06-17,P03,HDPE,21633.89,2333.78,0.0,5000,2025-03-02 14:00:00
2025-06-18,P03,HDPE,20461.34,1172.55,0.0,5000,2025-03-04 13:00:00
2025-06-19,P03,HDPE,18164.34,2297.0,0.0,5000,2025-03-03 04:00:00
2025-06-20,P03,HDPE,16227.85,1936.49,0.0,5000,2025-03-04 16:00:00
2025-06-21,P03,HDPE,13118.0,3109.85,0.0,5000,2025-03-03 21:00:00
2025-06-22,P03,HDPE,13118.0,0.0,0.0,5000,2025-03-03 15:00:00
2025-06-23,P03,HDPE,13118.0,0.0,0.0,5000,2025-03-03 18:00:00
2025-06-24,P03,HDPE,7940.41,5177.59,0.0,5000,2025-03-04 08:00:00
2025-06-25,P03,HDPE,5789.89,2150.52,0.0,5000,2025-03-02 20:00:00
2025-06-26,P03,HDPE,2411.88,3378.01,0.0,5000,2025-03-03 07:00:00
2025-06-27,P03,HDPE,800.0,3998.25,0.0,5000,2025-03-04 18:00:00
2025-06-28,P03,HDPE,800.0,835.06,0.0,5000,2025-03-03 12:00:00
2025-06-29,P03,HDPE,800.0,1213.5,0.0,5000,2025-03-02 18:00:00
2025-06-30,P03,HDPE,800.0,1051.97,0.0,5000,2025-03-04 11:00:00
2025-07-01,P03,HDPE,25757.5,477.7,25435.2,5000,2025-03-03 11:00:00
2025-07-02,P03,HDPE,24595.84,1161.66,0.0,5000,2025-03-04 09:00:00
2025-07-03,P03,HDPE,21727.09,2868.75,0.0,5000,2025-03-02 15:00:00
2025-07-04,P03,HDPE,19457.22,2269.87,0.0,5000,2025-03-03 08:00:00
2025-07-05,P03,HDPE,17756.4,1700.82,0.0,5000,2025-03-04 07:00:00
2025-07-06,P03,HDPE,10517.03,7239.37,0.0,5000,2025-03-02 08:00:00
2025-07-07,P03,HDPE,9098.83,1418.2,0.0,5000,2025-03-04 19:00:00
2025-07-08,P03,HDPE,5937.99,3160.84,0.0,5000,2025-03-03 16:00:00
2025-07-09,P03,HDPE,3018.29,2919.7,0.0,5000,2025-03-03 02:00:00
2025-07-10,P03,HDPE,1465.72,1552.57,0.0,5000,2025-03-04 06:00:00
2025-07-11,P03,HDPE,800.0,980.18,0.0,5000,2025-03-04 13:00:00
2025-07-12,P03,HDPE,800.0,4122.34,0.0,5000,2025-03-04 18:00:00
2025-07-13,P03,HDPE,800.0,6869.91,0.0,5000,2025-03-02 14:00:00
2025-07-14,P03,HDPE,800.0,3786.31,0.0,5000,2025-03-02 20:00:00
2025-07-15,P03,HDPE,25348.45,1969.16,26517.61,5000,2025-03-04 19:00:00
2025-07-16,P03,HDPE,16968.1,8380.35,0.0,5000,2025-03-03 02:00:00
2025-07-17,P03,HDPE,13470.09,3498.01,0.0,5000,2025-03-04 17:00:00
2025-07-18,P03,HDPE,10912.08,2558.01,0.0,5000,2025-03-02 14:00:00
2025-07-19,P03,HDPE,8872.05,2040.03,0.0,5000,2025-03-04 07:00:00
2025-07-20,P03,HDPE,3500.0,5372.05,0.0,5000,2025-03-02 04:00:00
2025-07-21,P03,HDPE,800.0,4538.31,0.0,5000,2025-03-03 21:00:00
2025-07-22,P03,HDPE,800.0,3079.37,0.0,5000,2025-03-03 01:00:00
2025-07-23,P03,HDPE,800.0,0.0,0.0,5000,2025-03-02 06:00:00
2025-07-24,P03,HDPE,800.0,1132.27,0.0,5000,2025-03-02 19:00:00
2025-07-25,P03,HDPE,800.0,3610.89,0.0,5000,2025-03-02 15:00:00
2025-07-26,P03,HDPE,800.0,4360.96,0.0,5000,2025-03-04 20:00:00
2025-07-27,P03,HDPE,800.0,5860.87,0.0,5000,2025-03-03 10:00:00
2025-07-28,P03,HDPE,800.0,6808.85,0.0,5000,2025-03-02 00:00:00
2025-07-29,P03,HDPE,800.0,6894.93,0.0,5000,2025-03-03 02:00:00
2025-07-30,P03,HDPE,800.0,4693.57,0.0,5000,2025-03-03 14:00:00
2025-07-31,P03,HDPE,800.0,912.19,0.0,5000,2025-03-04 09:00:00
2025-08-01,P03,HDPE,28071.07,2574.37,29845.44,5000,2025-03-04 01:00:00
2025-08-02,P03,HDPE,28071.07,0.0,0.0,5000,2025-03-03 06:00:00
2025-08-03,P03,HDPE,28071.07,0.0,0.0,5000,2025-03-04 12:00:00
2025-08-04,P03,HDPE,28071.07,0.0,0.0,5000,2025-03-02 13:00:00
2025-08-05,P03,HDPE,26058.83,2012.24,0.0,5000,2025-03-03 04:00:00
2025-08-06,P03,HDPE,26058.83,0.0,0.0,5000,2025-03-04 18:00:00
2025-08-07,P03,HDPE,17563.01,8495.82,0.0,5000,2025-03-02 05:00:00
2025-08-08,P03,HDPE,13856.59,3706.42,0.0,5000,2025-03-04 09:00:00
2025-08-09,P03,HDPE,11378.87,2477.72,0.0,5000,2025-03-03 05:00:00
2025-08-10,P03,HDPE,9650.16,1728.71,0.0,5000,2025-03-02 10:00:00
2025-08-11,P03,HDPE,6145.58,3504.58,0.0,5000,2025-03-04 22:00:00
2025-08-12,P03,HDPE,4913.03,1232.55,0.0,5000,2025-03-04 09:00:00
2025-08-13,P03,HDPE,2490.1,2422.93,0.0,5000,2025-03-02 16:00:00
2025-08-14,P03,HDPE,2490.1,0.0,0.0,5000,2025-03-02 07:00:00
2025-08-15,P03,HDPE,29650.84,3933.22,31093.97,5000,2025-03-04 04:00:00
2025-08-16,P03,HDPE,29650.84,0.0,0.0,5000,2025-03-04 12:00:00
2025-08-17,P03,HDPE,27300.12,2350.72,0.0,5000,2025-03-04 03:00:00
2025-08-18,P03,HDPE,25354.35,1945.77,0.0,5000,2025-03-02 10:00:00
2025-08-19,P03,HDPE,20664.9,4689.45,0.0,5000,2025-03-03 20:00:00
2025-08-20,P03,HDPE,18818.39,1846.51,0.0,5000,2025-03-04 08:00:00
2025-08-21,P03,HDPE,18273.5,544.89,0.0,5000,2025-03-02 14:00:00
2025-08-22,P03,HDPE,16829.17,1444.33,0.0,5000,2025-03-02 20:00:00
2025-08-23,P03,HDPE,16008.95,820.22,0.0,5000,2025-03-04 08:00:00
2025-08-24,P03,HDPE,13787.5,2221.45,0.0,5000,2025-03-03 19:00:00
2025-08-25,P03,HDPE,10198.66,3588.84,0.0,5000,2025-03-03 02:00:00
2025-08-26,P03,HDPE,9400.31,798.35,0.0,5000,2025-03-04 10:00:00
2025-08-27,P03,HDPE,7791.82,1608.49,0.0,5000,2025-03-04 20:00:00
2025-08-28,P03,HDPE,7791.82,0.0,0.0,5000,2025-03-02 08:00:00
2025-08-29,P03,HDPE,1274.94,6516.88,0.0,5000,2025-03-04 13:00:00
2025-08-30,P03,HDPE,800.0,2475.54,0.0,5000,2025-03-04 21:00:00
2025-08-31,P03,HDPE,800.0,1353.79,0.0,5000,2025-03-02 10:00:00
2025-09-01,P03,HDPE,25784.06,6327.6,31311.66,5000,2025-03-04 17:00:00
2025-09-02,P03,HDPE,21147.17,4636.89,0.0,5000,2025-03-02 16:00:00
2025-09-03,P03,HDPE,21147.17,0.0,0.0,5000,2025-03-02 06:00:00
2025-09-04,P03,HDPE,19970.1,1177.07,0.0,5000,2025-03-04 08:00:00
2025-09-05,P03,HDPE,16119.41,3850.69,0.0,5000,2025-03-03 06:00:00
2025-09-06,P03,HDPE,12977.06,3142.35,0.0,5000,2025-03-02 19:00:00
2025-09-07,P03,HDPE,12977.06,0.0,0.0,5000,2025-03-02 18:00:00
2025-09-08,P03,HDPE,9851.76,3125.3,0.0,5000,2025-03-03 20:00:00
2025-09-09,P03,HDPE,9851.76,0.0,0.0,5000,2025-03-03 09:00:00
2025-09-10,P03,HDPE,7332.59,2519.17,0.0,5000,2025-03-04 03:00:00
2025-09-11,P03,HDPE,6902.76,429.83,0.0,5000,2025-03-02 22:00:00
2025-09-12,P03,HDPE,4446.29,2456.47,0.0,5000,2025-03-03 19:00:00
2025-09-13,P03,HDPE,3214.93,1231.36,0.0,5000,2025-03-03 13:00:00
2025-09-14,P03,HDPE,3214.93,0.0,0.0,5000,2025-03-02 06:00:00
2025-09-15,P03,HDPE,23648.59,2009.44,22443.1,5000,2025-03-03 08:00:00
2025-09-16,P03,HDPE,15886.4,7762.19,0.0,5000,2025-03-03 06:00:00
2025-09-17,P03,HDPE,15256.54,629.86,0.0,5000,2025-03-02 01:00:00
2025-09-18,P03,HDPE,15256.54,0.0,0.0,5000,2025-03-03 01:00:00
2025-09-19,P03,HDPE,10121.43,5135.11,0.0,5000,2025-03-02 13:00:00
2025-09-20,P03,HDPE,5916.44,4204.99,0.0,5000,2025-03-03 04:00:00
2025-09-21,P03,HDPE,5328.74,587.7,0.0,5000,2025-03-04 05:00:00
2025-09-22,P03,HDPE,2363.97,2964.77,0.0,5000,2025-03-03 21:00:00
2025-09-23,P03,HDPE,800.0,6249.29,0.0,5000,2025-03-02 06:00:00
2025-09-24,P03,HDPE,800.0,535.87,0.0,5000,2025-03-03 12:00:00
2025-09-25,P03,HDPE,800.0,2515.37,0.0,5000,2025-03-03 11:00:00
2025-09-26,P03,HDPE,800.0,0.0,0.0,5000,2025-03-03 16:00:00
2025-09-27,P03,HDPE,800.0,1300.6,0.0,5000,2025-03-02 17:00:00
2025-09-28,P03,HDPE,800.0,1751.81,0.0,5000,2025-03-02 07:00:00
2025-09-29,P03,HDPE,800.0,370.84,0.0,5000,2025-03-02 16:00:00
2025-09-30,P03,HDPE,800.0,6066.53,0.0,5000,2025-03-02 12:00:00
2025-10-01,P03,HDPE,26078.59,479.38,25757.97,5000,2025-03-04 14:00:00
2025-10-02,P03,HDPE,20523.06,5555.53,0.0,5000,2025-03-02 11:00:00
2025-10-03,P03,HDPE,14983.68,5539.38,0.0,5000,2025-03-02 01:00:00
2025-10-04,P03,HDPE,10410.41,4573.27,0.0,5000,2025-03-04 07:00:00
2025-10-05,P03,HDPE,3392.49,7017.92,0.0,5000,2025-03-02 13:00:00
2025-10-06,P03,HDPE,1174.12,2218.37,0.0,5000,2025-03-04 11:00:00
2025-10-07,P03,HDPE,800.0,1327.91,0.0,5000,2025-03-03 21:00:00
2025-10-08,P03,HDPE,800.0,3211.64,0.0,5000,2025-03-03 02:00:00
2025-10-09,P03,HDPE,800.0,3132.19,0.0,5000,2025-03-04 10:00:00
2025-10-10,P03,HDPE,800.0,3674.28,0.0,5000,2025-03-02 04:00:00
2025-10-11,P03,HDPE,800.0,2864.21,0.0,5000,2025-03-02 16:00:00
2025-10-12,P03,HDPE,800.0,411.25,0.0,5000,2025-03-03 22:00:00
2025-10-13,P03,HDPE,800.0,3392.1,0.0,5000,2025-03-02 18:00:00
2025-10-14,P03,HDPE,800.0,0.0,0.0,5000,2025-03-04 21:00:00
2025-10-15,P03,HDPE,21339.3,724.67,21263.97,5000,2025-03-04 18:00:00
2025-10-16,P03,HDPE,16360.05,4979.25,0.0,5000,2025-03-04 11:00:00
2025-10-17,P03,HDPE,12733.76,3626.29,0.0,5000,2025-03-03 21:00:00
2025-10-18,P03,HDPE,10018.54,2715.22,0.0,5000,2025-03-04 20:00:00
2025-10-19,P03,HDPE,4188.17,5830.37,0.0,5000,2025-03-02 06:00:00
2025-10-20,P03,HDPE,1474.46,2713.71,0.0,5000,2025-03-02 16:00:00
2025-10-21,P03,HDPE,800.0,2594.09,0.0,5000,2025-03-04 12:00:00
2025-10-22,P03,HDPE,800.0,900.27,0.0,5000,2025-03-04 17:00:00
2025-10-23,P03,HDPE,800.0,6248.1,0.0,5000,2025-03-04 22:00:00
2025-10-24,P03,HDPE,800.0,2310.36,0.0,5000,2025-03-02 21:00:00
2025-10-25,P03,HDPE,800.0,2665.04,0.0,5000,2025-03-03 10:00:00
2025-10-26,P03,HDPE,800.0,2509.86,0.0,5000,2025-03-03 15:00:00
2025-10-27,P03,HDPE,800.0,1295.54,0.0,5000,2025-03-03 22:00:00
2025-10-28,P03,HDPE,800.0,596.98,0.0,5000,2025-03-03 06:00:00
2025-10-29,P03,HDPE,800.0,6301.4,0.0,5000,2025-03-03 14:00:00
2025-10-30,P03,HDPE,800.0,2205.09,0.0,5000,2025-03-02 11:00:00
2025-10-31,P03,HDPE,800.0,1483.71,0.0,5000,2025-03-04 22:00:00
2025-11-01,P03,HDPE,21871.4,3480.46,24551.86,5000,2025-03-03 04:00:00
2025-11-02,P03,HDPE,15809.26,6062.14,0.0,5000,2025-03-02 06:00:00
2025-11-03,P03,HDPE,13679.1,2130.16,0.0,5000,2025-03-02 01:00:00
2025-11-04,P03,HDPE,9338.66,4340.44,0.0,5000,2025-03-03 17:00:00
2025-11-05,P03,HDPE,6136.31,3202.35,0.0,5000,2025-03-02 05:00:00
2025-11-06,P03,HDPE,800.0,7829.28,0.0,5000,2025-03-04 22:00:00
2025-11-07,P03,HDPE,800.0,603.69,0.0,5000,2025-03-03 15:00:00
2025-11-08,P03,HDPE,800.0,3671.27,0.0,5000,2025-03-03 01:00:00
2025-11-09,P03,HDPE,800.0,2565.85,0.0,5000,2025-03-02 14:00:00
2025-11-10,P03,HDPE,800.0,0.0,0.0,5000,2025-03-04 03:00:00
2025-11-11,P03,HDPE,800.0,2297.43,0.0,5000,2025-03-02 11:00:00
2025-11-12,P03,HDPE,800.0,5025.42,0.0,5000,2025-03-03 10:00:00
2025-11-13,P03,HDPE,800.0,4359.48,0.0,5000,2025-03-03 06:00:00
2025-11-14,P03,HDPE,800.0,5499.97,0.0,5000,2025-03-02 03:00:00
2025-11-15,P03,HDPE,23985.55,3747.48,26933.03,5000,2025-03-04 13:00:00
2025-11-16,P03,HDPE,18501.6,5483.95,0.0,5000,2025-03-02 17:00:00
2025-11-17,P03,HDPE,14335.36,4166.24,0.0,5000,2025-03-02 13:00:00
2025-11-18,P03,HDPE,14335.36,0.0,0.0,5000,2025-03-04 08:00:00
2025-11-19,P03,HDPE,12179.96,2155.4,0.0,5000,2025-03-03 07:00:00
2025-11-20,P03,HDPE,9409.42,2770.54,0.0,5000,2025-03-03 21:00:00
2025-11-21,P03,HDPE,6351.65,3057.77,0.0,5000,2025-03-02 13:00:00
2025-11-22,P03,HDPE,5470.56,881.09,0.0,5000,2025-03-04 06:00:00
2025-11-23,P03,HDPE,4113.64,1356.92,0.0,5000,2025-03-04 06:00:00
2025-11-24,P03,HDPE,1671.96,2441.68,0.0,5000,2025-03-02 07:00:00
2025-11-25,P03,HDPE,800.0,4761.05,0.0,5000,2025-03-04 17:00:00
2025-11-26,P03,HDPE,800.0,2946.14,0.0,5000,2025-03-02 09:00:00
2025-11-27,P03,HDPE,800.0,0.0,0.0,5000,2025-03-02 07:00:00
2025-11-28,P03,HDPE,800.0,1341.19,0.0,5000,2025-03-03 15:00:00
2025-11-29,P03,HDPE,800.0,3992.49,0.0,5000,2025-03-02 17:00:00
2025-11-30,P03,HDPE,800.0,3274.12,0.0,5000,2025-03-02 10:00:00
2025-12-01,P03,HDPE,24406.93,2416.64,26023.57,5000,2025-03-04 09:00:00
2025-12-02,P03,HDPE,23426.57,980.36,0.0,5000,2025-03-02 20:00:00
2025-12-03,P03,HDPE,20640.22,2786.35,0.0,5000,2025-03-04 08:00:00
2025-12-04,P03,HDPE,13569.2,7071.02,0.0,5000,2025-03-04 07:00:00
2025-12-05,P03,HDPE,12713.27,855.93,0.0,5000,2025-03-02 10:00:00
2025-12-06,P03,HDPE,6631.71,6081.56,0.0,5000,2025-03-03 12:00:00
2025-12-07,P03,HDPE,6631.71,0.0,0.0,5000,2025-03-02 22:00:00
2025-12-08,P03,HDPE,5209.42,1422.29,0.0,5000,2025-03-02 00:00:00
2025-12-09,P03,HDPE,4034.03,1175.39,0.0,5000,2025-03-04 14:00:00
2025-12-10,P03,HDPE,2879.0,1155.03,0.0,5000,2025-03-03 10:00:00
2025-12-11,P03,HDPE,800.0,2109.28,0.0,5000,2025-03-02 11:00:00
2025-12-12,P03,HDPE,800.0,564.12,0.0,5000,2025-03-02 06:00:00
2025-12-13,P03,HDPE,800.0,1476.54,0.0,5000,2025-03-02 15:00:00
2025-12-14,P03,HDPE,800.0,3581.66,0.0,5000,2025-03-03 03:00:00
2025-12-15,P03,HDPE,30237.05,781.23,30218.28,5000,2025-03-02 21:00:00
2025-12-16,P03,HDPE,27681.49,2555.56,0.0,5000,2025-03-02 19:00:00
2025-12-17,P03,HDPE,22489.34,5192.15,0.0,5000,2025-03-02 06:00:00
2025-12-18,P03,HDPE,21499.96,989.38,0.0,5000,2025-03-04 19:00:00
2025-12-19,P03,HDPE,19189.07,2310.89,0.0,5000,2025-03-02 07:00:00
2025-12-20,P03,HDPE,18357.09,831.98,0.0,5000,2025-03-02 11:00:00
2025-12-21,P03,HDPE,12470.22,5886.87,0.0,5000,2025-03-03 07:00:00
2025-12-22,P03,HDPE,7389.9,5080.32,0.0,5000,2025-03-03 01:00:00
2025-12-23,P03,HDPE,7389.9,0.0,0.0,5000,2025-03-03 16:00:00
2025-12-24,P03,HDPE,6608.3,781.6,0.0,5000,2025-03-02 06:00:00
2025-12-25,P03,HDPE,5017.26,1591.04,0.0,5000,2025-03-02 15:00:00
2025-12-26,P03,HDPE,5017.26,0.0,0.0,5000,2025-03-04 04:00:00
2025-12-27,P03,HDPE,800.0,4669.9,0.0,5000,2025-03-04 15:00:00
2025-12-28,P03,HDPE,800.0,0.0,0.0,5000,2025-03-03 02:00:00
2025-12-29,P03,HDPE,800.0,1128.2,0.0,5000,2025-03-02 00:00:00
2025-12-30,P03,HDPE,800.0,3753.75,0.0,5000,2025-03-03 20:00:00
2025-12-31,P03,HDPE,800.0,571.24,0.0,5000,2025-03-03 00:00:00
2026-01-01,P03,HDPE,28253.2,920.57,28373.77,5000,2025-03-02 01:00:00
2026-01-02,P03,HDPE,25424.89,2828.31,0.0,5000,2025-03-02 12:00:00
2026-01-03,P03,HDPE,21883.48,3541.41,0.0,5000,2025-03-04 20:00:00
2026-01-04,P03,HDPE,18508.99,3374.49,0.0,5000,2025-03-03 22:00:00
2026-01-05,P03,HDPE,17887.56,621.43,0.0,5000,2025-03-03 03:00:00
2026-01-06,P03,HDPE,13936.75,3950.81,0.0,5000,2025-03-04 15:00:00
2026-01-07,P03,HDPE,13936.75,0.0,0.0,5000,2025-03-03 02:00:00
2026-01-08,P03,HDPE,9498.6,4438.15,0.0,5000,2025-03-03 01:00:00
2026-01-09,P03,HDPE,6825.56,2673.04,0.0,5000,2025-03-04 02:00:00
2026-01-10,P03,HDPE,800.0,9059.79,0.0,5000,2025-03-04 03:00:00
2026-01-11,P03,HDPE,800.0,1157.0,0.0,5000,2025-03-04 21:00:00
2026-01-12,P03,HDPE,800.0,2495.9,0.0,5000,2025-03-03 07:00:00
2026-01-13,P03,HDPE,800.0,2332.17,0.0,5000,2025-03-03 12:00:00
2026-01-14,P03,HDPE,800.0,963.12,0.0,5000,2025-03-03 08:00:00
2026-01-15,P03,HDPE,33016.41,0.0,32216.41,5000,2025-03-03 05:00:00
2026-01-16,P03,HDPE,31550.6,1465.81,0.0,5000,2025-03-03 21:00:00
2026-01-17,P03,HDPE,29545.47,2005.13,0.0,5000,2025-03-02 17:00:00
2026-01-18,P03,HDPE,22478.17,7067.3,0.0,5000,2025-03-02 01:00:00
2026-01-19,P03,HDPE,22478.17,0.0,0.0,5000,2025-03-03 06:00:00
2026-01-20,P03,HDPE,18846.13,3632.04,0.0,5000,2025-03-02 08:00:00
2026-01-21,P03,HDPE,17258.08,1588.05,0.0,5000,2025-03-03 02:00:00
2026-01-22,P03,HDPE,12604.1,4653.98,0.0,5000,2025-03-03 05:00:00
2026-01-23,P03,HDPE,9880.33,2723.77,0.0,5000,2025-03-02 09:00:00
2026-01-24,P03,HDPE,7225.68,2654.65,0.0,5000,2025-03-04 00:00:00
2026-01-25,P03,HDPE,7225.68,0.0,0.0,5000,2025-03-04 15:00:00
2026-01-26,P03,HDPE,3195.8,4029.88,0.0,5000,2025-03-03 20:00:00
2026-01-27,P03,HDPE,1241.4,1954.4,0.0,5000,2025-03-02 01:00:00
2026-01-28,P03,HDPE,1241.4,0.0,0.0,5000,2025-03-03 05:00:00
2026-01-29,P03,HDPE,800.0,3165.84,0.0,5000,2025-03-02 06:00:00
2026-01-30,P03,HDPE,800.0,5240.5,0.0,5000,2025-03-03 04:00:00
2026-01-31,P03,HDPE,800.0,2645.47,0.0,5000,2025-03-03 07:00:00
2026-02-01,P03,HDPE,24226.84,0.0,23426.84,5000,2025-03-03 19:00:00
2026-02-02,P03,HDPE,23391.0,835.84,0.0,5000,2025-03-03 01:00:00
2026-02-03,P03,HDPE,21883.53,1507.47,0.0,5000,2025-03-02 15:00:00
2026-02-04,P03,HDPE,20142.78,1740.75,0.0,5000,2025-03-03 10:00:00
2026-02-05,P03,HDPE,19215.57,927.21,0.0,5000,2025-03-04 01:00:00
2026-02-06,P03,HDPE,18787.31,428.26,0.0,5000,2025-03-04 07:00:00
2026-02-07,P03,HDPE,16333.35,2453.96,0.0,5000,2025-03-04 00:00:00
2026-02-08,P03,HDPE,8392.05,7941.3,0.0,5000,2025-03-04 13:00:00
2026-02-09,P03,HDPE,7923.22,468.83,0.0,5000,2025-03-02 07:00:00
2026-02-10,P03,HDPE,1458.09,6465.13,0.0,5000,2025-03-03 11:00:00
2026-02-11,P03,HDPE,800.0,5177.42,0.0,5000,2025-03-03 20:00:00
2026-02-12,P03,HDPE,800.0,1580.98,0.0,5000,2025-03-02 00:00:00
2026-02-13,P03,HDPE,800.0,1334.27,0.0,5000,2025-03-03 01:00:00
2026-02-14,P03,HDPE,800.0,3706.42,0.0,5000,2025-03-02 00:00:00
2026-02-15,P03,HDPE,31143.48,916.02,31259.5,5000,2025-03-03 14:00:00
2026-02-16,P03,HDPE,26613.5,4529.98,0.0,5000,2025-03-02 06:00:00
2026-02-17,P03,HDPE,25787.47,826.03,0.0,5000,2025-03-04 13:00:00
2026-02-18,P03,HDPE,16318.46,9469.01,0.0,5000,2025-03-02 12:00:00
2026-02-19,P03,HDPE,15270.53,1047.93,0.0,5000,2025-03-04 14:00:00
2026-02-20,P03,HDPE,7948.75,7321.78,0.0,5000,2025-03-03 04:00:00
2026-02-21,P03,HDPE,3890.28,4058.47,0.0,5000,2025-03-04 19:00:00
2026-02-22,P03,HDPE,800.0,5726.29,0.0,5000,2025-03-03 20:00:00
2026-02-23,P03,HDPE,800.0,6266.22,0.0,5000,2025-03-04 12:00:00
2026-02-24,P03,HDPE,800.0,8674.92,0.0,5000,2025-03-02 13:00:00
2026-02-25,P03,HDPE,800.0,6433.49,0.0,5000,2025-03-02 15:00:00
2026-02-26,P03,HDPE,800.0,7792.24,0.0,5000,2025-03-02 00:00:00
2026-02-27,P03,HDPE,800.0,3925.85,0.0,5000,2025-03-03 08:00:00
2026-02-28,P03,HDPE,800.0,7177.08,0.0,5000,2025-03-02 07:00:00
2026-03-01,P03,HDPE,18601.16,3848.51,21649.67,5000,2025-03-04 07:00:00
2026-03-02,P03,HDPE,13373.62,5227.54,0.0,5000,2025-03-03 05:00:00
2026-03-03,P03,HDPE,11116.35,2257.27,0.0,5000,2025-03-03 08:00:00
2026-03-04,P03,HDPE,8855.9,2260.45,0.0,5000,2025-03-02 12:00:00
2026-03-05,P03,HDPE,5302.49,3553.41,0.0,5000,2025-03-02 01:00:00
2026-03-06,P03,HDPE,2787.56,2514.93,0.0,5000,2025-03-04 13:00:00
2026-03-07,P03,HDPE,2787.56,0.0,0.0,5000,2025-03-02 10:00:00
2026-03-08,P03,HDPE,800.0,4126.08,0.0,5000,2025-03-02 19:00:00
2026-03-09,P03,HDPE,800.0,2751.75,0.0,5000,2025-03-02 20:00:00
2026-03-10,P03,HDPE,800.0,1156.54,0.0,5000,2025-03-03 01:00:00
2026-03-11,P03,HDPE,800.0,1997.37,0.0,5000,2025-03-02 03:00:00
2026-03-12,P03,HDPE,800.0,1666.9,0.0,5000,2025-03-04 22:00:00
2026-03-13,P03,HDPE,800.0,2298.39,0.0,5000,2025-03-03 14:00:00
2026-03-14,P03,HDPE,800.0,3641.81,0.0,5000,2025-03-02 08:00:00
2026-03-15,P03,HDPE,23936.31,808.15,23944.46,5000,2025-03-03 20:00:00
2026-03-16,P03,HDPE,23109.36,826.95,0.0,5000,2025-03-04 22:00:00
2026-03-17,P03,HDPE,22702.47,406.89,0.0,5000,2025-03-03 05:00:00
2026-03-18,P03,HDPE,18767.59,3934.88,0.0,5000,2025-03-02 04:00:00
2026-03-19,P03,HDPE,16061.79,2705.8,0.0,5000,2025-03-02 10:00:00
2026-03-20,P03,HDPE,11810.0,4251.79,0.0,5000,2025-03-03 03:00:00
2026-03-21,P03,HDPE,10011.62,1798.38,0.0,5000,2025-03-03 22:00:00
2026-03-22,P03,HDPE,6238.4,3773.22,0.0,5000,2025-03-02 20:00:00
2026-03-23,P03,HDPE,4510.57,1727.83,0.0,5000,2025-03-02 02:00:00
2026-03-24,P03,HDPE,3205.83,1304.74,0.0,5000,2025-03-03 19:00:00
2026-03-25,P03,HDPE,3205.83,0.0,0.0,5000,2025-03-03 21:00:00
2026-03-26,P03,HDPE,1389.66,1816.17,0.0,5000,2025-03-03 03:00:00
2026-03-27,P03,HDPE,800.0,11622.98,0.0,5000,2025-03-02 17:00:00
2026-03-28,P03,HDPE,800.0,5011.58,0.0,5000,2025-03-04 05:00:00
2026-03-29,P03,HDPE,800.0,3751.18,0.0,5000,2025-03-04 01:00:00
2026-03-30,P03,HDPE,800.0,6466.25,0.0,5000,2025-03-02 18:00:00
2026-03-31,P03,HDPE,800.0,3452.5,0.0,5000,2025-03-04 17:00:00
2026-04-01,P03,HDPE,22270.14,2539.81,24009.95,5000,2025-03-02 10:00:00
2026-04-02,P03,HDPE,19935.24,2334.9,0.0,5000,2025-03-02 20:00:00
2026-04-03,P03,HDPE,16421.23,3514.01,0.0,5000,2025-03-03 04:00:00
2026-04-04,P03,HDPE,16186.57,234.66,0.0,5000,2025-03-02 20:00:00
2026-04-05,P03,HDPE,14624.81,1561.76,0.0,5000,2025-03-03 22:00:00
2026-04-06,P03,HDPE,14090.97,533.84,0.0,5000,2025-03-02 14:00:00
2026-04-07,P03,HDPE,11980.34,2110.63,0.0,5000,2025-03-04 09:00:00
2026-04-08,P03,HDPE,10633.15,1347.19,0.0,5000,2025-03-03 07:00:00
2026-04-09,P03,HDPE,6461.45,4171.7,0.0,5000,2025-03-04 14:00:00
2026-04-10,P03,HDPE,4897.14,1564.31,0.0,5000,2025-03-04 06:00:00
2026-04-11,P03,HDPE,1143.47,3753.67,0.0,5000,2025-03-03 01:00:00
2026-04-12,P03,HDPE,800.0,1964.62,0.0,5000,2025-03-04 14:00:00
2026-04-13,P03,HDPE,800.0,3316.71,0.0,5000,2025-03-03 17:00:00
2026-04-14,P03,HDPE,800.0,329.8,0.0,5000,2025-03-04 14:00:00
2026-04-15,P03,HDPE,31512.46,1431.74,32144.2,5000,2025-03-04 10:00:00
2026-04-16,P03,HDPE,28119.14,3393.32,0.0,5000,2025-03-02 16:00:00
2026-04-17,P03,HDPE,25356.7,2762.44,0.0,5000,2025-03-03 15:00:00
2026-04-18,P03,HDPE,25356.7,0.0,0.0,5000,2025-03-03 20:00:00
2026-04-19,P03,HDPE,22444.65,2912.05,0.0,5000,2025-03-04 14:00:00
2026-04-20,P03,HDPE,22444.65,0.0,0.0,5000,2025-03-03 18:00:00
2026-04-21,P03,HDPE,20652.01,1792.64,0.0,5000,2025-03-02 01:00:00
2026-04-22,P03,HDPE,20157.89,494.12,0.0,5000,2025-03-02 21:00:00
2026-04-23,P03,HDPE,19598.96,558.93,0.0,5000,2025-03-03 04:00:00
2026-04-24,P03,HDPE,19598.96,0.0,0.0,5000,2025-03-02 08:00:00
2026-04-25,P03,HDPE,17936.71,1662.25,0.0,5000,2025-03-02 13:00:00
2026-04-26,P03,HDPE,13589.73,4346.98,0.0,5000,2025-03-04 07:00:00
2026-04-27,P03,HDPE,13589.73,0.0,0.0,5000,2025-03-04 21:00:00
2026-04-28,P03,HDPE,12692.07,897.66,0.0,5000,2025-03-02 10:00:00
2026-04-29,P03,HDPE,11754.7,937.37,0.0,5000,2025-03-04 09:00:00
2026-04-30,P03,HDPE,11131.01,623.69,0.0,5000,2025-03-02 21:00:00
2026-05-01,P03,HDPE,38280.44,2469.55,29618.98,5000,2025-03-04 12:00:00
2026-05-02,P03,HDPE,34107.66,4172.78,0.0,5000,2025-03-03 17:00:00
2026-05-03,P03,HDPE,32973.39,1134.27,0.0,5000,2025-03-04 06:00:00
2026-05-04,P03,HDPE,32212.86,760.53,0.0,5000,2025-03-04 08:00:00
2026-05-05,P03,HDPE,31181.52,1031.34,0.0,5000,2025-03-02 05:00:00
2026-05-06,P03,HDPE,29650.83,1530.69,0.0,5000,2025-03-03 19:00:00
2026-05-07,P03,HDPE,26572.69,3078.14,0.0,5000,2025-03-04 17:00:00
2026-05-08,P03,HDPE,22895.69,3677.0,0.0,5000,2025-03-04 10:00:00
2026-05-09,P03,HDPE,20251.25,2644.44,0.0,5000,2025-03-04 18:00:00
2026-05-10,P03,HDPE,20030.33,220.92,0.0,5000,2025-03-03 21:00:00
2026-05-11,P03,HDPE,16639.84,3390.49,0.0,5000,2025-03-03 22:00:00
2026-05-12,P03,HDPE,10670.96,5968.88,0.0,5000,2025-03-04 05:00:00
2026-05-13,P03,HDPE,4916.98,5753.98,0.0,5000,2025-03-02 20:00:00
2026-05-14,P03,HDPE,3162.72,1754.26,0.0,5000,2025-03-03 19:00:00
2026-05-15,P03,HDPE,30267.73,2288.97,29393.98,5000,2025-03-03 19:00:00
2026-05-16,P03,HDPE,29332.78,934.95,0.0,5000,2025-03-04 05:00:00
2026-05-17,P03,HDPE,29332.78,0.0,0.0,5000,2025-03-04 02:00:00
2026-05-18,P03,HDPE,29332.78,0.0,0.0,5000,2025-03-04 04:00:00
2026-05-19,P03,HDPE,29199.87,132.91,0.0,5000,2025-03-04 08:00:00
2026-05-20,P03,HDPE,27631.07,1568.8,0.0,5000,2025-03-02 02:00:00
2026-05-21,P03,HDPE,27154.03,477.04,0.0,5000,2025-03-03 04:00:00
2026-05-22,P03,HDPE,26182.39,971.64,0.0,5000,2025-03-03 08:00:00
2026-05-23,P03,HDPE,25043.56,1138.83,0.0,5000,2025-03-04 00:00:00
2026-05-24,P03,HDPE,23971.22,1072.34,0.0,5000,2025-03-04 14:00:00
2026-05-25,P03,HDPE,23027.05,944.17,0.0,5000,2025-03-03 14:00:00
2026-05-26,P03,HDPE,21297.69,1729.36,0.0,5000,2025-03-03 15:00:00
2026-05-27,P03,HDPE,20664.42,633.27,0.0,5000,2025-03-02 18:00:00
2026-05-28,P03,HDPE,19706.02,958.4,0.0,5000,2025-03-03 14:00:00
2026-05-29,P03,HDPE,18299.87,1406.15,0.0,5000,2025-03-04 11:00:00
2026-05-30,P03,HDPE,14982.2,3317.67,0.0,5000,2025-03-02 08:00:00
2026-05-31,P03,HDPE,12943.74,2038.46,0.0,5000,2025-03-03 16:00:00
2026-06-01,P03,HDPE,32418.12,2587.08,22061.45,5000,2025-03-04 18:00:00
2026-06-02,P03,HDPE,30107.51,2310.61,0.0,5000,2025-03-04 09:00:00
2026-06-03,P03,HDPE,25732.62,4374.89,0.0,5000,2025-03-02 20:00:00
2026-06-04,P03,HDPE,23656.07,2076.55,0.0,5000,2025-03-03 07:00:00
2026-06-05,P03,HDPE,19851.83,3804.24,0.0,5000,2025-03-04 04:00:00
2026-06-06,P03,HDPE,16172.9,3678.93,0.0,5000,2025-03-02 15:00:00
2026-06-07,P03,HDPE,13557.86,2615.04,0.0,5000,2025-03-02 14:00:00
2026-06-08,P03,HDPE,8498.39,5059.47,0.0,5000,2025-03-04 02:00:00
2026-06-09,P03,HDPE,7552.3,946.09,0.0,5000,2025-03-04 02:00:00
2026-06-10,P03,HDPE,7552.3,0.0,0.0,5000,2025-03-03 04:00:00
2026-06-11,P03,HDPE,3028.14,4524.16,0.0,5000,2025-03-03 01:00:00
2026-06-12,P03,HDPE,1675.68,1352.46,0.0,5000,2025-03-03 05:00:00
2026-06-13,P03,HDPE,800.0,4670.6,0.0,5000,2025-03-03 22:00:00
2026-06-14,P03,HDPE,800.0,212.97,0.0,5000,2025-03-03 01:00:00
2026-06-15,P03,HDPE,22752.41,5715.05,27667.46,5000,2025-03-02 09:00:00
2026-06-16,P03,HDPE,20175.7,2576.71,0.0,5000,2025-03-02 15:00:00
2026-06-17,P03,HDPE,15805.2,4370.5,0.0,5000,2025-03-02 01:00:00
2026-06-18,P03,HDPE,14540.84,1264.36,0.0,5000,2025-03-04 11:00:00
2026-06-19,P03,HDPE,13364.96,1175.88,0.0,5000,2025-03-04 20:00:00
2026-06-20,P03,HDPE,13364.96,0.0,0.0,5000,2025-03-03 02:00:00
2026-06-21,P03,HDPE,12655.88,709.08,0.0,5000,2025-03-04 21:00:00
2026-06-22,P03,HDPE,10880.77,1775.11,0.0,5000,2025-03-04 07:00:00
2026-06-23,P03,HDPE,10379.35,501.42,0.0,5000,2025-03-03 05:00:00
2026-06-24,P03,HDPE,6429.61,3949.74,0.0,5000,2025-03-02 04:00:00
2026-06-25,P03,HDPE,1790.79,4638.82,0.0,5000,2025-03-04 14:00:00
2026-06-26,P03,HDPE,800.0,3403.39,0.0,5000,2025-03-03 18:00:00
2026-06-27,P03,HDPE,800.0,0.0,0.0,5000,2025-03-03 00:00:00
2026-06-28,P03,HDPE,800.0,0.0,0.0,5000,2025-03-02 22:00:00
2026-06-29,P03,HDPE,800.0,288.44,0.0,5000,2025-03-04 09:00:00
2026-06-30,P03,HDPE,800.0,1560.78,0.0,5000,2025-03-04 02:00:00
2025-01-01,P03,PP,72107.89,294.68,28937.75,5000,2025-03-04 10:00:00
2025-01-02,P03,PP,69604.22,2503.67,0.0,5000,2025-03-03 00:00:00
2025-01-03,P03,PP,67886.85,1717.37,0.0,5000,2025-03-04 03:00:00
2025-01-04,P03,PP,67070.04,816.81,0.0,5000,2025-03-02 16:00:00
2025-01-05,P03,PP,66530.96,539.08,0.0,5000,2025-03-03 21:00:00
2025-01-06,P03,PP,64648.19,1882.77,0.0,5000,2025-03-03 01:00:00
2025-01-07,P03,PP,62910.9,1737.29,0.0,5000,2025-03-03 20:00:00
2025-01-08,P03,PP,60861.08,2049.82,0.0,5000,2025-03-02 14:00:00
2025-01-09,P03,PP,59004.97,1856.11,0.0,5000,2025-03-03 12:00:00
2025-01-10,P03,PP,57119.17,1885.8,0.0,5000,2025-03-02 20:00:00
2025-01-11,P03,PP,55264.1,1855.07,0.0,5000,2025-03-04 05:00:00
2025-01-12,P03,PP,54330.47,933.63,0.0,5000,2025-03-04 17:00:00
2025-01-13,P03,PP,53460.66,869.81,0.0,5000,2025-03-04 14:00:00
2025-01-14,P03,PP,51487.63,1973.03,0.0,5000,2025-03-03 14:00:00
2025-01-15,P03,PP,78330.6,707.29,27550.27,5000,2025-03-02 21:00:00
2025-01-16,P03,PP,77780.97,549.63,0.0,5000,2025-03-04 20:00:00
2025-01-17,P03,PP,75926.37,1854.6,0.0,5000,2025-03-03 02:00:00
2025-01-18,P03,PP,74631.45,1294.92,0.0,5000,2025-03-02 20:00:00
2025-01-19,P03,PP,73984.55,646.9,0.0,5000,2025-03-03 16:00:00
2025-01-20,P03,PP,72493.66,1490.89,0.0,5000,2025-03-03 22:00:00
2025-01-21,P03,PP,72493.66,0.0,0.0,5000,2025-03-02 21:00:00
2025-01-22,P03,PP,69939.33,2554.33,0.0,5000,2025-03-04 11:00:00
2025-01-23,P03,PP,67883.67,2055.66,0.0,5000,2025-03-02 00:00:00
2025-01-24,P03,PP,65333.47,2550.2,0.0,5000,2025-03-04 22:00:00
2025-01-25,P03,PP,63454.25,1879.22,0.0,5000,2025-03-03 12:00:00
2025-01-26,P03,PP,56590.94,6863.31,0.0,5000,2025-03-02 11:00:00
2025-01-27,P03,PP,54635.98,1954.96,0.0,5000,2025-03-02 17:00:00
2025-01-28,P03,PP,52348.31,2287.67,0.0,5000,2025-03-04 08:00:00
2025-01-29,P03,PP,50612.82,1735.49,0.0,5000,2025-03-02 05:00:00
2025-01-30,P03,PP,48786.27,1826.55,0.0,5000,2025-03-02 07:00:00
2025-01-31,P03,PP,46696.37,2089.9,0.0,5000,2025-03-03 16:00:00
2025-02-01,P03,PP,72646.73,2241.73,28192.09,5000,2025-03-03 04:00:00
2025-02-02,P03,PP,69918.74,2727.99,0.0,5000,2025-03-03 20:00:00
2025-02-03,P03,PP,68146.31,1772.43,0.0,5000,2025-03-02 03:00:00
2025-02-04,P03,PP,65674.16,2472.15,0.0,5000,2025-03-02 03:00:00
2025-02-05,P03,PP,65065.46,608.7,0.0,5000,2025-03-04 14:00:00
2025-02-06,P03,PP,61016.11,4049.35,0.0,5000,2025-03-03 10:00:00
2025-02-07,P03,PP,58382.17,2633.94,0.0,5000,2025-03-02 01:00:00
2025-02-08,P03,PP,56604.7,1777.47,0.0,5000,2025-03-03 03:00:00
2025-02-09,P03,PP,54986.08,1618.62,0.0,5000,2025-03-03 01:00:00
2025-02-10,P03,PP,54986.08,0.0,0.0,5000,2025-03-02 01:00:00
2025-02-11,P03,PP,51982.95,3003.13,0.0,5000,2025-03-04 03:00:00
2025-02-12,P03,PP,48423.21,3559.74,0.0,5000,2025-03-04 05:00:00
2025-02-13,P03,PP,46618.59,1804.62,0.0,5000,2025-03-03 05:00:00
2025-02-14,P03,PP,44396.52,2222.07,0.0,5000,2025-03-02 09:00:00
2025-02-15,P03,PP,68703.27,467.45,24774.2,5000,2025-03-04 02:00:00
2025-02-16,P03,PP,65517.17,3186.1,0.0,5000,2025-03-04 20:00:00
2025-02-17,P03,PP,62626.0,2891.17,0.0,5000,2025-03-02 16:00:00
2025-02-18,P03,PP,59611.11,3014.89,0.0,5000,2025-03-02 18:00:00
2025-02-19,P03,PP,59221.61,389.5,0.0,5000,2025-03-02 15:00:00
2025-02-20,P03,PP,57353.66,1867.95,0.0,5000,2025-03-03 06:00:00
2025-02-21,P03,PP,55748.04,1605.62,0.0,5000,2025-03-03 21:00:00
2025-02-22,P03,PP,54213.06,1534.98,0.0,5000,2025-03-04 03:00:00
2025-02-23,P03,PP,53361.82,851.24,0.0,5000,2025-03-04 09:00:00
2025-02-24,P03,PP,49818.54,3543.28,0.0,5000,2025-03-03 06:00:00
2025-02-25,P03,PP,47559.13,2259.41,0.0,5000,2025-03-02 16:00:00
2025-02-26,P03,PP,46445.71,1113.42,0.0,5000,2025-03-02 17:00:00
2025-02-27,P03,PP,42185.91,4259.8,0.0,5000,2025-03-04 08:00:00
2025-02-28,P03,PP,39791.65,2394.26,0.0,5000,2025-03-04 13:00:00
2025-03-01,P03,PP,65061.59,910.28,26180.22,5000,2025-03-02 01:00:00
2025-03-02,P03,PP,65061.59,0.0,0.0,5000,2025-03-02 03:00:00
2025-03-03,P03,PP,60335.22,4726.37,0.0,5000,2025-03-04 21:00:00
2025-03-04,P03,PP,58141.13,2194.09,0.0,5000,2025-03-03 18:00:00
2025-03-05,P03,PP,57498.54,642.59,0.0,5000,2025-03-03 00:00:00
2025-03-06,P03,PP,54487.86,3010.68,0.0,5000,2025-03-02 08:00:00
2025-03-07,P03,PP,52574.48,1913.38,0.0,5000,2025-03-04 07:00:00
2025-03-08,P03,PP,52006.96,567.52,0.0,5000,2025-03-03 05:00:00
2025-03-09,P03,PP,51069.7,937.26,0.0,5000,2025-03-04 03:00:00
2025-03-10,P03,PP,47658.0,3411.7,0.0,5000,2025-03-04 13:00:00
2025-03-11,P03,PP,45829.31,1828.69,0.0,5000,2025-03-02 15:00:00
2025-03-12,P03,PP,43609.28,2220.03,0.0,5000,2025-03-03 00:00:00
2025-03-13,P03,PP,42825.95,783.33,0.0,5000,2025-03-03 07:00:00
2025-03-14,P03,PP,41158.85,1667.1,0.0,5000,2025-03-04 14:00:00
2025-03-15,P03,PP,59425.56,2118.77,20385.48,5000,2025-03-02 05:00:00
2025-03-16,P03,PP,58875.59,549.97,0.0,5000,2025-03-02 09:00:00
2025-03-17,P03,PP,58436.0,439.59,0.0,5000,2025-03-03 05:00:00
2025-03-18,P03,PP,55280.81,3155.19,0.0,5000,2025-03-04 08:00:00
2025-03-19,P03,PP,55116.63,164.18,0.0,5000,2025-03-03 12:00:00
2025-03-20,P03,PP,54127.65,988.98,0.0,5000,2025-03-03 03:00:00
2025-03-21,P03,PP,51853.14,2274.51,0.0,5000,2025-03-04 01:00:00
2025-03-22,P03,PP,51105.81,747.33,0.0,5000,2025-03-03 08:00:00
2025-03-23,P03,PP,50440.25,665.56,0.0,5000,2025-03-03 15:00:00
2025-03-24,P03,PP,50165.38,274.87,0.0,5000,2025-03-02 13:00:00
2025-03-25,P03,PP,49511.83,653.55,0.0,5000,2025-03-04 08:00:00
2025-03-26,P03,PP,44781.82,4730.01,0.0,5000,2025-03-04 14:00:00
2025-03-27,P03,PP,41199.72,3582.1,0.0,5000,2025-03-03 21:00:00
2025-03-28,P03,PP,37010.94,4188.78,0.0,5000,2025-03-03 02:00:00
2025-03-29,P03,PP,36719.29,291.65,0.0,5000,2025-03-02 14:00:00
2025-03-30,P03,PP,35814.92,904.37,0.0,5000,2025-03-04 01:00:00
2025-03-31,P03,PP,33876.32,1938.6,0.0,5000,2025-03-02 22:00:00
2025-04-01,P03,PP,64377.06,151.91,30652.65,5000,2025-03-04 03:00:00
2025-04-02,P03,PP,59918.3,4458.76,0.0,5000,2025-03-04 18:00:00
2025-04-03,P03,PP,55462.6,4455.7,0.0,5000,2025-03-02 12:00:00
2025-04-04,P03,PP,53477.54,1985.06,0.0,5000,2025-03-03 21:00:00
2025-04-05,P03,PP,51782.81,1694.73,0.0,5000,2025-03-03 10:00:00
2025-04-06,P03,PP,51058.17,724.64,0.0,5000,2025-03-03 03:00:00
2025-04-07,P03,PP,50922.41,135.76,0.0,5000,2025-03-04 17:00:00
2025-04-08,P03,PP,48192.23,2730.18,0.0,5000,2025-03-02 09:00:00
2025-04-09,P03,PP,46311.53,1880.7,0.0,5000,2025-03-02 18:00:00
2025-04-10,P03,PP,43289.29,3022.24,0.0,5000,2025-03-04 22:00:00
2025-04-11,P03,PP,42359.96,929.33,0.0,5000,2025-03-02 00:00:00
2025-04-12,P03,PP,40833.48,1526.48,0.0,5000,2025-03-02 11:00:00
2025-04-13,P03,PP,38758.26,2075.22,0.0,5000,2025-03-02 15:00:00
2025-04-14,P03,PP,36627.84,2130.42,0.0,5000,2025-03-04 07:00:00
2025-04-15,P03,PP,60891.27,79.58,24343.0,5000,2025-03-04 01:00:00
2025-04-16,P03,PP,59606.01,1285.26,0.0,5000,2025-03-04 07:00:00
2025-04-17,P03,PP,55321.78,4284.23,0.0,5000,2025-03-02 22:00:00
2025-04-18,P03,PP,54751.59,570.19,0.0,5000,2025-03-04 19:00:00
2025-04-19,P03,PP,53959.45,792.14,0.0,5000,2025-03-04 21:00:00
2025-04-20,P03,PP,51159.22,2800.23,0.0,5000,2025-03-04 04:00:00
2025-04-21,P03,PP,50342.48,816.74,0.0,5000,2025-03-03 19:00:00
2025-04-22,P03,PP,48890.24,1452.24,0.0,5000,2025-03-04 09:00:00
2025-04-23,P03,PP,44924.13,3966.11,0.0,5000,2025-03-02 15:00:00
2025-04-24,P03,PP,42664.03,2260.1,0.0,5000,2025-03-03 06:00:00
2025-04-25,P03,PP,41605.69,1058.34,0.0,5000,2025-03-03 22:00:00
2025-04-26,P03,PP,39822.84,1782.85,0.0,5000,2025-03-02 17:00:00
2025-04-27,P03,PP,39359.59,463.25,0.0,5000,2025-03-02 02:00:00
2025-04-28,P03,PP,32249.3,7110.29,0.0,5000,2025-03-03 03:00:00
2025-04-29,P03,PP,30056.71,2192.59,0.0,5000,2025-03-04 04:00:00
2025-04-30,P03,PP,29310.58,746.13,0.0,5000,2025-03-02 01:00:00
2025-05-01,P03,PP,55743.43,1121.86,27554.71,5000,2025-03-03 12:00:00
2025-05-02,P03,PP,51777.61,3965.82,0.0,5000,2025-03-03 21:00:00
2025-05-03,P03,PP,50041.42,1736.19,0.0,5000,2025-03-04 16:00:00
2025-05-04,P03,PP,42883.27,7158.15,0.0,5000,2025-03-04 21:00:00
2025-05-05,P03,PP,41135.95,1747.32,0.0,5000,2025-03-04 12:00:00
2025-05-06,P03,PP,40496.13,639.82,0.0,5000,2025-03-03 06:00:00
2025-05-07,P03,PP,39324.53,1171.6,0.0,5000,2025-03-02 11:00:00
2025-05-08,P03,PP,38345.46,979.07,0.0,5000,2025-03-04 17:00:00
2025-05-09,P03,PP,38242.4,103.06,0.0,5000,2025-03-02 22:00:00
2025-05-10,P03,PP,37801.51,440.89,0.0,5000,2025-03-02 11:00:00
2025-05-11,P03,PP,37440.04,361.47,0.0,5000,2025-03-04 16:00:00
2025-05-12,P03,PP,33836.79,3603.25,0.0,5000,2025-03-02 04:00:00
2025-05-13,P03,PP,29801.93,4034.86,0.0,5000,2025-03-03 18:00:00
2025-05-14,P03,PP,27350.35,2451.58,0.0,5000,2025-03-03 14:00:00
2025-05-15,P03,PP,55346.98,4429.43,32426.06,5000,2025-03-03 02:00:00
2025-05-16,P03,PP,54898.83,448.15,0.0,5000,2025-03-02 22:00:00
2025-05-17,P03,PP,54659.5,239.33,0.0,5000,2025-03-04 18:00:00
2025-05-18,P03,PP,50750.04,3909.46,0.0,5000,2025-03-03 11:00:00
2025-05-19,P03,PP,49793.01,957.03,0.0,5000,2025-03-02 06:00:00
2025-05-20,P03,PP,48849.3,943.71,0.0,5000,2025-03-03 12:00:00
2025-05-21,P03,PP,46641.6,2207.7,0.0,5000,2025-03-02 17:00:00
2025-05-22,P03,PP,46473.68,167.92,0.0,5000,2025-03-04 09:00:00
2025-05-23,P03,PP,43143.04,3330.64,0.0,5000,2025-03-03 06:00:00
2025-05-24,P03,PP,42564.62,578.42,0.0,5000,2025-03-04 21:00:00
2025-05-25,P03,PP,40213.13,2351.49,0.0,5000,2025-03-03 06:00:00
2025-05-26,P03,PP,35688.25,4524.88,0.0,5000,2025-03-03 05:00:00
2025-05-27,P03,PP,35216.24,472.01,0.0,5000,2025-03-04 10:00:00
2025-05-28,P03,PP,34103.16,1113.08,0.0,5000,2025-03-03 20:00:00
2025-05-29,P03,PP,31059.1,3044.06,0.0,5000,2025-03-03 12:00:00
2025-05-30,P03,PP,27127.17,3931.93,0.0,5000,2025-03-02 18:00:00
2025-05-31,P03,PP,22553.1,4574.07,0.0,5000,2025-03-04 16:00:00
2025-06-01,P03,PP,51977.24,1351.92,30776.06,5000,2025-03-04 20:00:00
2025-06-02,P03,PP,51463.43,513.81,0.0,5000,2025-03-04 02:00:00
2025-06-03,P03,PP,46794.25,4669.18,0.0,5000,2025-03-02 07:00:00
2025-06-04,P03,PP,42740.69,4053.56,0.0,5000,2025-03-04 05:00:00
2025-06-05,P03,PP,40644.24,2096.45,0.0,5000,2025-03-03 13:00:00
2025-06-06,P03,PP,39137.27,1506.97,0.0,5000,2025-03-03 10:00:00
2025-06-07,P03,PP,37980.58,1156.69,0.0,5000,2025-03-04 12:00:00
2025-06-08,P03,PP,36567.11,1413.47,0.0,5000,2025-03-04 12:00:00
2025-06-09,P03,PP,36318.11,249.0,0.0,5000,2025-03-04 04:00:00
2025-06-10,P03,PP,35186.61,1131.5,0.0,5000,2025-03-03 06:00:00
2025-06-11,P03,PP,32805.6,2381.01,0.0,5000,2025-03-02 16:00:00
2025-06-12,P03,PP,30632.71,2172.89,0.0,5000,2025-03-03 18:00:00
2025-06-13,P03,PP,29391.97,1240.74,0.0,5000,2025-03-04 10:00:00
2025-06-14,P03,PP,26213.38,3178.59,0.0,5000,2025-03-04 18:00:00
2025-06-15,P03,PP,55105.41,102.44,28994.47,5000,2025-03-02 14:00:00
2025-06-16,P03,PP,53771.7,1333.71,0.0,5000,2025-03-03 17:00:00
2025-06-17,P03,PP,50424.95,3346.75,0.0,5000,2025-03-02 11:00:00
2025-06-18,P03,PP,43965.04,6459.91,0.0,5000,2025-03-02 01:00:00
2025-06-19,P03,PP,42289.03,1676.01,0.0,5000,2025-03-02 12:00:00
2025-06-20,P03,PP,39593.7,2695.33,0.0,5000,2025-03-02 14:00:00
2025-06-21,P03,PP,38088.31,1505.39,0.0,5000,2025-03-03 15:00:00
2025-06-22,P03,PP,36875.93,1212.38,0.0,5000,2025-03-03 11:00:00
2025-06-23,P03,PP,33927.23,2948.7,0.0,5000,2025-03-03 19:00:00
2025-06-24,P03,PP,32288.95,1638.28,0.0,5000,2025-03-03 14:00:00
2025-06-25,P03,PP,30213.38,2075.57,0.0,5000,2025-03-02 16:00:00
2025-06-26,P03,PP,29088.23,1125.15,0.0,5000,2025-03-04 14:00:00
2025-06-27,P03,PP,28353.62,734.61,0.0,5000,2025-03-03 04:00:00
2025-06-28,P03,PP,27394.88,958.74,0.0,5000,2025-03-04 01:00:00
2025-06-29,P03,PP,25114.05,2280.83,0.0,5000,2025-03-02 01:00:00
2025-06-30,P03,PP,23186.91,1927.14,0.0,5000,2025-03-03 21:00:00
2025-07-01,P03,PP,52515.29,2423.45,31751.83,5000,2025-03-02 05:00:00
2025-07-02,P03,PP,51864.29,651.0,0.0,5000,2025-03-03 21:00:00
2025-07-03,P03,PP,50875.99,988.3,0.0,5000,2025-03-03 06:00:00
2025-07-04,P03,PP,46127.22,4748.77,0.0,5000,2025-03-03 11:00:00
2025-07-05,P03,PP,43273.54,2853.68,0.0,5000,2025-03-04 13:00:00
2025-07-06,P03,PP,39573.25,3700.29,0.0,5000,2025-03-02 14:00:00
2025-07-07,P03,PP,36776.81,2796.44,0.0,5000,2025-03-03 01:00:00
2025-07-08,P03,PP,35637.13,1139.68,0.0,5000,2025-03-03 01:00:00
2025-07-09,P03,PP,35328.56,308.57,0.0,5000,2025-03-02 12:00:00
2025-07-10,P03,PP,30186.23,5142.33,0.0,5000,2025-03-03 00:00:00
2025-07-11,P03,PP,30186.23,0.0,0.0,5000,2025-03-02 04:00:00
2025-07-12,P03,PP,28989.29,1196.94,0.0,5000,2025-03-02 14:00:00
2025-07-13,P03,PP,26777.77,2211.52,0.0,5000,2025-03-03 08:00:00
2025-07-14,P03,PP,22309.4,4468.37,0.0,5000,2025-03-03 14:00:00
2025-07-15,P03,PP,47635.64,1352.78,26679.02,5000,2025-03-02 15:00:00
2025-07-16,P03,PP,46587.75,1047.89,0.0,5000,2025-03-02 21:00:00
2025-07-17,P03,PP,45518.81,1068.94,0.0,5000,2025-03-02 05:00:00
2025-07-18,P03,PP,43556.79,1962.02,0.0,5000,2025-03-04 17:00:00
2025-07-19,P03,PP,42300.08,1256.71,0.0,5000,2025-03-03 03:00:00
2025-07-20,P03,PP,42043.22,256.86,0.0,5000,2025-03-02 04:00:00
2025-07-21,P03,PP,40322.12,1721.1,0.0,5000,2025-03-04 15:00:00
2025-07-22,P03,PP,39809.03,513.09,0.0,5000,2025-03-03 04:00:00
2025-07-23,P03,PP,37119.3,2689.73,0.0,5000,2025-03-02 10:00:00
2025-07-24,P03,PP,34649.11,2470.19,0.0,5000,2025-03-03 16:00:00
2025-07-25,P03,PP,32856.71,1792.4,0.0,5000,2025-03-02 22:00:00
2025-07-26,P03,PP,32241.35,615.36,0.0,5000,2025-03-03 01:00:00
2025-07-27,P03,PP,32241.35,0.0,0.0,5000,2025-03-02 12:00:00
2025-07-28,P03,PP,29842.64,2398.71,0.0,5000,2025-03-04 08:00:00
2025-07-29,P03,PP,29215.96,626.68,0.0,5000,2025-03-02 10:00:00
2025-07-30,P03,PP,27160.53,2055.43,0.0,5000,2025-03-02 01:00:00
2025-07-31,P03,PP,25965.99,1194.54,0.0,5000,2025-03-04 03:00:00
2025-08-01,P03,PP,56960.36,1412.34,32406.71,5000,2025-03-04 06:00:00
2025-08-02,P03,PP,52843.62,4116.74,0.0,5000,2025-03-04 07:00:00
2025-08-03,P03,PP,45917.15,6926.47,0.0,5000,2025-03-02 13:00:00
2025-08-04,P03,PP,45439.88,477.27,0.0,5000,2025-03-04 02:00:00
2025-08-05,P03,PP,44143.75,1296.13,0.0,5000,2025-03-03 03:00:00
2025-08-06,P03,PP,40449.88,3693.87,0.0,5000,2025-03-02 07:00:00
2025-08-07,P03,PP,37406.96,3042.92,0.0,5000,2025-03-04 10:00:00
2025-08-08,P03,PP,35746.03,1660.93,0.0,5000,2025-03-04 10:00:00
2025-08-09,P03,PP,35405.33,340.7,0.0,5000,2025-03-04 00:00:00
2025-08-10,P03,PP,33159.67,2245.66,0.0,5000,2025-03-02 07:00:00
2025-08-11,P03,PP,31468.4,1691.27,0.0,5000,2025-03-04 22:00:00
2025-08-12,P03,PP,30527.18,941.22,0.0,5000,2025-03-03 08:00:00
2025-08-13,P03,PP,30527.18,0.0,0.0,5000,2025-03-02 12:00:00
2025-08-14,P03,PP,28343.86,2183.32,0.0,5000,2025-03-02 07:00:00
2025-08-15,P03,PP,59332.56,1706.54,32695.24,5000,2025-03-03 15:00:00
2025-08-16,P03,PP,56747.36,2585.2,0.0,5000,2025-03-04 00:00:00
2025-08-17,P03,PP,54502.32,2245.04,0.0,5000,2025-03-02 13:00:00
2025-08-18,P03,PP,51509.14,2993.18,0.0,5000,2025-03-02 17:00:00
2025-08-19,P03,PP,49688.61,1820.53,0.0,5000,2025-03-04 11:00:00
2025-08-20,P03,PP,47718.45,1970.16,0.0,5000,2025-03-04 13:00:00
2025-08-21,P03,PP,41670.49,6047.96,0.0,5000,2025-03-04 16:00:00
2025-08-22,P03,PP,40131.08,1539.41,0.0,5000,2025-03-02 04:00:00
2025-08-23,P03,PP,36779.69,3351.39,0.0,5000,2025-03-02 20:00:00
2025-08-24,P03,PP,35510.65,1269.04,0.0,5000,2025-03-04 03:00:00
2025-08-25,P03,PP,33803.79,1706.86,0.0,5000,2025-03-03 13:00:00
2025-08-26,P03,PP,32728.06,1075.73,0.0,5000,2025-03-04 10:00:00
2025-08-27,P03,PP,30183.57,2544.49,0.0,5000,2025-03-02 05:00:00
2025-08-28,P03,PP,26864.99,3318.58,0.0,5000,2025-03-04 19:00:00
2025-08-29,P03,PP,26204.78,660.21,0.0,5000,2025-03-02 21:00:00
2025-08-30,P03,PP,24191.89,2012.89,0.0,5000,2025-03-03 13:00:00
2025-08-31,P03,PP,23779.96,411.93,0.0,5000,2025-03-03 18:00:00
2025-09-01,P03,PP,44809.68,2471.7,23501.42,5000,2025-03-02 06:00:00
2025-09-02,P03,PP,40112.91,4696.77,0.0,5000,2025-03-04 10:00:00
2025-09-03,P03,PP,37214.65,2898.26,0.0,5000,2025-03-04 08:00:00
2025-09-04,P03,PP,34175.36,3039.29,0.0,5000,2025-03-02 10:00:00
2025-09-05,P03,PP,31625.73,2549.63,0.0,5000,2025-03-04 05:00:00
2025-09-06,P03,PP,28548.69,3077.04,0.0,5000,2025-03-02 14:00:00
2025-09-07,P03,PP,25439.84,3108.85,0.0,5000,2025-03-02 04:00:00
2025-09-08,P03,PP,22776.71,2663.13,0.0,5000,2025-03-04 08:00:00
2025-09-09,P03,PP,19209.52,3567.19,0.0,5000,2025-03-03 12:00:00
2025-09-10,P03,PP,16495.63,2713.89,0.0,5000,2025-03-03 09:00:00
2025-09-11,P03,PP,13395.16,3100.47,0.0,5000,2025-03-02 21:00:00
2025-09-12,P03,PP,11211.57,2183.59,0.0,5000,2025-03-04 14:00:00
2025-09-13,P03,PP,9970.81,1240.76,0.0,5000,2025-03-04 10:00:00
2025-09-14,P03,PP,8015.57,1955.24,0.0,5000,2025-03-04 01:00:00
2025-09-15,P03,PP,37500.37,2403.06,31887.86,5000,2025-03-02 02:00:00
2025-09-16,P03,PP,35984.89,1515.48,0.0,5000,2025-03-03 10:00:00
2025-09-17,P03,PP,35147.05,837.84,0.0,5000,2025-03-04 03:00:00
2025-09-18,P03,PP,32151.64,2995.41,0.0,5000,2025-03-02 12:00:00
2025-09-19,P03,PP,31696.78,454.86,0.0,5000,2025-03-03 19:00:00
2025-09-20,P03,PP,26733.11,4963.67,0.0,5000,2025-03-03 07:00:00
2025-09-21,P03,PP,24531.86,2201.25,0.0,5000,2025-03-03 21:00:00
2025-09-22,P03,PP,22628.4,1903.46,0.0,5000,2025-03-03 13:00:00
2025-09-23,P03,PP,19608.23,3020.17,0.0,5000,2025-03-04 01:00:00
2025-09-24,P03,PP,17276.81,2331.42,0.0,5000,2025-03-04 11:00:00
2025-09-25,P03,PP,13483.56,3793.25,0.0,5000,2025-03-03 06:00:00
2025-09-26,P03,PP,10161.93,3321.63,0.0,5000,2025-03-03 08:00:00
2025-09-27,P03,PP,8691.09,1470.84,0.0,5000,2025-03-02 02:00:00
2025-09-28,P03,PP,6374.8,2316.29,0.0,5000,2025-03-03 11:00:00
2025-09-29,P03,PP,3191.94,3182.86,0.0,5000,2025-03-03 18:00:00
2025-09-30,P03,PP,2805.2,386.74,0.0,5000,2025-03-03 02:00:00
2025-10-01,P03,PP,28684.71,1776.23,27655.74,5000,2025-03-03 19:00:00
2025-10-02,P03,PP,26740.58,1944.13,0.0,5000,2025-03-02 17:00:00
2025-10-03,P03,PP,24490.24,2250.34,0.0,5000,2025-03-03 13:00:00
2025-10-04,P03,PP,23298.69,1191.55,0.0,5000,2025-03-03 05:00:00
2025-10-05,P03,PP,22881.12,417.57,0.0,5000,2025-03-04 07:00:00
2025-10-06,P03,PP,20656.83,2224.29,0.0,5000,2025-03-04 11:00:00
2025-10-07,P03,PP,20201.95,454.88,0.0,5000,2025-03-02 02:00:00
2025-10-08,P03,PP,20006.52,195.43,0.0,5000,2025-03-03 22:00:00
2025-10-09,P03,PP,19449.4,557.12,0.0,5000,2025-03-03 03:00:00
2025-10-10,P03,PP,17875.39,1574.01,0.0,5000,2025-03-02 03:00:00
2025-10-11,P03,PP,17635.68,239.71,0.0,5000,2025-03-03 05:00:00
2025-10-12,P03,PP,14839.36,2796.32,0.0,5000,2025-03-03 02:00:00
2025-10-13,P03,PP,11008.58,3830.78,0.0,5000,2025-03-02 16:00:00
2025-10-14,P03,PP,9736.99,1271.59,0.0,5000,2025-03-02 20:00:00
2025-10-15,P03,PP,42265.95,1399.17,33928.13,5000,2025-03-04 21:00:00
2025-10-16,P03,PP,40962.64,1303.31,0.0,5000,2025-03-02 09:00:00
2025-10-17,P03,PP,40490.34,472.3,0.0,5000,2025-03-03 05:00:00
2025-10-18,P03,PP,39018.95,1471.39,0.0,5000,2025-03-04 13:00:00
2025-10-19,P03,PP,37626.03,1392.92,0.0,5000,2025-03-03 13:00:00
2025-10-20,P03,PP,35504.26,2121.77,0.0,5000,2025-03-02 13:00:00
2025-10-21,P03,PP,34555.36,948.9,0.0,5000,2025-03-04 00:00:00
2025-10-22,P03,PP,34555.36,0.0,0.0,5000,2025-03-04 20:00:00
2025-10-23,P03,PP,33987.67,567.69,0.0,5000,2025-03-04 19:00:00
2025-10-24,P03,PP,31076.9,2910.77,0.0,5000,2025-03-02 15:00:00
2025-10-25,P03,PP,29854.66,1222.24,0.0,5000,2025-03-04 19:00:00
2025-10-26,P03,PP,28180.0,1674.66,0.0,5000,2025-03-02 11:00:00
2025-10-27,P03,PP,26671.67,1508.33,0.0,5000,2025-03-03 09:00:00
2025-10-28,P03,PP,23233.4,3438.27,0.0,5000,2025-03-04 21:00:00
2025-10-29,P03,PP,21847.45,1385.95,0.0,5000,2025-03-03 07:00:00
2025-10-30,P03,PP,18024.75,3822.7,0.0,5000,2025-03-02 22:00:00
2025-10-31,P03,PP,14445.84,3578.91,0.0,5000,2025-03-03 11:00:00
2025-11-01,P03,PP,46748.8,348.54,32651.5,5000,2025-03-02 04:00:00
2025-11-02,P03,PP,44124.69,2624.11,0.0,5000,2025-03-03 00:00:00
2025-11-03,P03,PP,41400.47,2724.22,0.0,5000,2025-03-04 00:00:00
2025-11-04,P03,PP,41221.11,179.36,0.0,5000,2025-03-04 22:00:00
2025-11-05,P03,PP,39560.4,1660.71,0.0,5000,2025-03-04 10:00:00
2025-11-06,P03,PP,37537.78,2022.62,0.0,5000,2025-03-04 02:00:00
2025-11-07,P03,PP,34911.1,2626.68,0.0,5000,2025-03-04 11:00:00
2025-11-08,P03,PP,28850.28,6060.82,0.0,5000,2025-03-04 12:00:00
2025-11-09,P03,PP,28726.62,123.66,0.0,5000,2025-03-02 08:00:00
2025-11-10,P03,PP,27349.42,1377.2,0.0,5000,2025-03-04 03:00:00
2025-11-11,P03,PP,25154.93,2194.49,0.0,5000,2025-03-03 20:00:00
2025-11-12,P03,PP,24025.31,1129.62,0.0,5000,2025-03-02 19:00:00
2025-11-13,P03,PP,24025.31,0.0,0.0,5000,2025-03-03 20:00:00
2025-11-14,P03,PP,23688.71,336.6,0.0,5000,2025-03-04 02:00:00
2025-11-15,P03,PP,54686.74,2407.43,33405.46,5000,2025-03-03 14:00:00
2025-11-16,P03,PP,52642.66,2044.08,0.0,5000,2025-03-02 02:00:00
2025-11-17,P03,PP,47552.35,5090.31,0.0,5000,2025-03-02 17:00:00
2025-11-18,P03,PP,43251.25,4301.1,0.0,5000,2025-03-03 09:00:00
2025-11-19,P03,PP,38649.58,4601.67,0.0,5000,2025-03-04 07:00:00
2025-11-20,P03,PP,36245.16,2404.42,0.0,5000,2025-03-02 04:00:00
2025-11-21,P03,PP,34327.85,1917.31,0.0,5000,2025-03-03 19:00:00
2025-11-22,P03,PP,33410.3,917.55,0.0,5000,2025-03-02 19:00:00
2025-11-23,P03,PP,30508.83,2901.47,0.0,5000,2025-03-02 02:00:00
2025-11-24,P03,PP,29406.43,1102.4,0.0,5000,2025-03-03 22:00:00
2025-11-25,P03,PP,27758.56,1647.87,0.0,5000,2025-03-04 22:00:00
2025-11-26,P03,PP,25704.23,2054.33,0.0,5000,2025-03-04 19:00:00
2025-11-27,P03,PP,23670.07,2034.16,0.0,5000,2025-03-02 10:00:00
2025-11-28,P03,PP,20779.89,2890.18,0.0,5000,2025-03-02 03:00:00
2025-11-29,P03,PP,18273.78,2506.11,0.0,5000,2025-03-02 16:00:00
2025-11-30,P03,PP,15631.9,2641.88,0.0,5000,2025-03-04 22:00:00
2025-12-01,P03,PP,34644.94,1871.89,20884.93,5000,2025-03-04 12:00:00
2025-12-02,P03,PP,30054.62,4590.32,0.0,5000,2025-03-02 04:00:00
2025-12-03,P03,PP,29148.25,906.37,0.0,5000,2025-03-04 17:00:00
2025-12-04,P03,PP,28824.09,324.16,0.0,5000,2025-03-03 18:00:00
2025-12-05,P03,PP,26016.22,2807.87,0.0,5000,2025-03-04 20:00:00
2025-12-06,P03,PP,22273.34,3742.88,0.0,5000,2025-03-02 09:00:00
2025-12-07,P03,PP,18879.44,3393.9,0.0,5000,2025-03-04 19:00:00
2025-12-08,P03,PP,16111.33,2768.11,0.0,5000,2025-03-04 15:00:00
2025-12-09,P03,PP,13252.48,2858.85,0.0,5000,2025-03-02 22:00:00
2025-12-10,P03,PP,13068.92,183.56,0.0,5000,2025-03-02 12:00:00
2025-12-11,P03,PP,12520.0,548.92,0.0,5000,2025-03-03 13:00:00
2025-12-12,P03,PP,11666.78,853.22,0.0,5000,2025-03-02 06:00:00
2025-12-13,P03,PP,10768.37,898.41,0.0,5000,2025-03-02 09:00:00
2025-12-14,P03,PP,9434.93,1333.44,0.0,5000,2025-03-04 00:00:00
2025-12-15,P03,PP,33152.09,2905.61,26622.77,5000,2025-03-02 21:00:00
2025-12-16,P03,PP,32852.37,299.72,0.0,5000,2025-03-03 13:00:00
2025-12-17,P03,PP,32407.58,444.79,0.0,5000,2025-03-04 01:00:00
2025-12-18,P03,PP,28567.19,3840.39,0.0,5000,2025-03-03 16:00:00
2025-12-19,P03,PP,26535.53,2031.66,0.0,5000,2025-03-04 15:00:00
2025-12-20,P03,PP,24596.22,1939.31,0.0,5000,2025-03-02 13:00:00
2025-12-21,P03,PP,23113.03,1483.19,0.0,5000,2025-03-04 08:00:00
2025-12-22,P03,PP,21199.31,1913.72,0.0,5000,2025-03-04 05:00:00
2025-12-23,P03,PP,19388.56,1810.75,0.0,5000,2025-03-04 03:00:00
2025-12-24,P03,PP,17843.55,1545.01,0.0,5000,2025-03-02 21:00:00
2025-12-25,P03,PP,13754.3,4089.25,0.0,5000,2025-03-02 07:00:00
2025-12-26,P03,PP,13068.68,685.62,0.0,5000,2025-03-04 19:00:00
2025-12-27,P03,PP,10372.86,2695.82,0.0,5000,2025-03-02 07:00:00
2025-12-28,P03,PP,8913.53,1459.33,0.0,5000,2025-03-03 04:00:00
2025-12-29,P03,PP,4857.57,4055.96,0.0,5000,2025-03-03 20:00:00
2025-12-30,P03,PP,3601.47,1256.1,0.0,5000,2025-03-04 21:00:00
2025-12-31,P03,PP,2694.74,906.73,0.0,5000,2025-03-02 07:00:00
2026-01-01,P03,PP,32803.78,1405.28,31514.31,5000,2025-03-02 05:00:00
2026-01-02,P03,PP,31408.35,1395.43,0.0,5000,2025-03-03 09:00:00
2026-01-03,P03,PP,30496.59,911.76,0.0,5000,2025-03-04 17:00:00
2026-01-04,P03,PP,30209.97,286.62,0.0,5000,2025-03-03 15:00:00
2026-01-05,P03,PP,29936.43,273.54,0.0,5000,2025-03-03 20:00:00
2026-01-06,P03,PP,27915.19,2021.24,0.0,5000,2025-03-03 03:00:00
2026-01-07,P03,PP,27153.23,761.96,0.0,5000,2025-03-03 09:00:00
2026-01-08,P03,PP,26307.12,846.11,0.0,5000,2025-03-03 19:00:00
2026-01-09,P03,PP,24325.24,1981.88,0.0,5000,2025-03-02 11:00:00
2026-01-10,P03,PP,21806.9,2518.34,0.0,5000,2025-03-04 21:00:00
2026-01-11,P03,PP,19501.19,2305.71,0.0,5000,2025-03-03 22:00:00
2026-01-12,P03,PP,19501.19,0.0,0.0,5000,2025-03-03 07:00:00
2026-01-13,P03,PP,16984.41,2516.78,0.0,5000,2025-03-04 14:00:00
2026-01-14,P03,PP,13966.35,3018.06,0.0,5000,2025-03-04 20:00:00
2026-01-15,P03,PP,33549.82,832.06,20415.53,5000,2025-03-03 16:00:00
2026-01-16,P03,PP,30274.19,3275.63,0.0,5000,2025-03-03 08:00:00
2026-01-17,P03,PP,27623.82,2650.37,0.0,5000,2025-03-04 13:00:00
2026-01-18,P03,PP,26618.98,1004.84,0.0,5000,2025-03-03 05:00:00
2026-01-19,P03,PP,23874.99,2743.99,0.0,5000,2025-03-02 12:00:00
2026-01-20,P03,PP,23013.2,861.79,0.0,5000,2025-03-03 08:00:00
2026-01-21,P03,PP,22833.02,180.18,0.0,5000,2025-03-04 12:00:00
2026-01-22,P03,PP,22648.15,184.87,0.0,5000,2025-03-02 10:00:00
2026-01-23,P03,PP,21839.72,808.43,0.0,5000,2025-03-02 10:00:00
2026-01-24,P03,PP,20399.07,1440.65,0.0,5000,2025-03-02 06:00:00
2026-01-25,P03,PP,19646.25,752.82,0.0,5000,2025-03-03 02:00:00
2026-01-26,P03,PP,19335.71,310.54,0.0,5000,2025-03-02 05:00:00
2026-01-27,P03,PP,15999.02,3336.69,0.0,5000,2025-03-03 12:00:00
2026-01-28,P03,PP,12916.25,3082.77,0.0,5000,2025-03-04 11:00:00
2026-01-29,P03,PP,10601.24,2315.01,0.0,5000,2025-03-04 05:00:00
2026-01-30,P03,PP,9804.98,796.26,0.0,5000,2025-03-02 16:00:00
2026-01-31,P03,PP,7817.97,1987.01,0.0,5000,2025-03-04 05:00:00
2026-02-01,P03,PP,37342.93,651.97,30176.93,5000,2025-03-04 06:00:00
2026-02-02,P03,PP,35398.49,1944.44,0.0,5000,2025-03-04 05:00:00
2026-02-03,P03,PP,34123.6,1274.89,0.0,5000,2025-03-04 10:00:00
2026-02-04,P03,PP,31681.05,2442.55,0.0,5000,2025-03-03 11:00:00
2026-02-05,P03,PP,30044.87,1636.18,0.0,5000,2025-03-04 19:00:00
2026-02-06,P03,PP,27784.7,2260.17,0.0,5000,2025-03-02 02:00:00
2026-02-07,P03,PP,25113.95,2670.75,0.0,5000,2025-03-03 02:00:00
2026-02-08,P03,PP,23956.29,1157.66,0.0,5000,2025-03-02 16:00:00
2026-02-09,P03,PP,23050.62,905.67,0.0,5000,2025-03-04 21:00:00
2026-02-10,P03,PP,23050.62,0.0,0.0,5000,2025-03-04 11:00:00
2026-02-11,P03,PP,22365.34,685.28,0.0,5000,2025-03-02 14:00:00
2026-02-12,P03,PP,21865.84,499.5,0.0,5000,2025-03-04 10:00:00
2026-02-13,P03,PP,19560.9,2304.94,0.0,5000,2025-03-04 00:00:00
2026-02-14,P03,PP,18973.18,587.72,0.0,5000,2025-03-03 14:00:00
2026-02-15,P03,PP,49317.52,2363.99,32708.33,5000,2025-03-02 12:00:00
2026-02-16,P03,PP,46513.32,2804.2,0.0,5000,2025-03-02 13:00:00
2026-02-17,P03,PP,42878.77,3634.55,0.0,5000,2025-03-03 15:00:00
2026-02-18,P03,PP,41345.17,1533.6,0.0,5000,2025-03-03 17:00:00
2026-02-19,P03,PP,38428.42,2916.75,0.0,5000,2025-03-03 10:00:00
2026-02-20,P03,PP,37737.3,691.12,0.0,5000,2025-03-04 15:00:00
2026-02-21,P03,PP,37100.62,636.68,0.0,5000,2025-03-03 06:00:00
2026-02-22,P03,PP,35064.7,2035.92,0.0,5000,2025-03-04 03:00:00
2026-02-23,P03,PP,33172.0,1892.7,0.0,5000,2025-03-03 18:00:00
2026-02-24,P03,PP,32637.82,534.18,0.0,5000,2025-03-03 16:00:00
2026-02-25,P03,PP,30055.3,2582.52,0.0,5000,2025-03-04 20:00:00
2026-02-26,P03,PP,28550.79,1504.51,0.0,5000,2025-03-02 09:00:00
2026-02-27,P03,PP,27234.24,1316.55,0.0,5000,2025-03-02 22:00:00
2026-02-28,P03,PP,25558.23,1676.01,0.0,5000,2025-03-02 00:00:00
2026-03-01,P03,PP,52984.47,1797.63,29223.87,5000,2025-03-02 03:00:00
2026-03-02,P03,PP,48452.18,4532.29,0.0,5000,2025-03-03 05:00:00
2026-03-03,P03,PP,45176.31,3275.87,0.0,5000,2025-03-02 20:00:00
2026-03-04,P03,PP,43971.39,1204.92,0.0,5000,2025-03-02 20:00:00
2026-03-05,P03,PP,43558.31,413.08,0.0,5000,2025-03-02 11:00:00
2026-03-06,P03,PP,40104.63,3453.68,0.0,5000,2025-03-04 16:00:00
2026-03-07,P03,PP,38839.71,1264.92,0.0,5000,2025-03-03 01:00:00
2026-03-08,P03,PP,38009.44,830.27,0.0,5000,2025-03-03 19:00:00
2026-03-09,P03,PP,36685.55,1323.89,0.0,5000,2025-03-04 06:00:00
2026-03-10,P03,PP,35928.69,756.86,0.0,5000,2025-03-04 00:00:00
2026-03-11,P03,PP,35282.35,646.34,0.0,5000,2025-03-04 11:00:00
2026-03-12,P03,PP,34378.68,903.67,0.0,5000,2025-03-03 20:00:00
2026-03-13,P03,PP,32945.48,1433.2,0.0,5000,2025-03-02 08:00:00
2026-03-14,P03,PP,32463.73,481.75,0.0,5000,2025-03-03 18:00:00
2026-03-15,P03,PP,56786.89,402.27,24725.43,5000,2025-03-04 02:00:00
2026-03-16,P03,PP,56456.05,330.84,0.0,5000,2025-03-03 22:00:00
2026-03-17,P03,PP,54240.17,2215.88,0.0,5000,2025-03-03 19:00:00
2026-03-18,P03,PP,52428.71,1811.46,0.0,5000,2025-03-02 05:00:00
2026-03-19,P03,PP,52308.59,120.12,0.0,5000,2025-03-02 09:00:00
2026-03-20,P03,PP,51856.3,452.29,0.0,5000,2025-03-02 03:00:00
2026-03-21,P03,PP,48746.26,3110.04,0.0,5000,2025-03-03 16:00:00
2026-03-22,P03,PP,46766.68,1979.58,0.0,5000,2025-03-02 03:00:00
2026-03-23,P03,PP,45746.07,1020.61,0.0,5000,2025-03-04 21:00:00
2026-03-24,P03,PP,43314.73,2431.34,0.0,5000,2025-03-04 11:00:00
2026-03-25,P03,PP,39802.4,3512.33,0.0,5000,2025-03-03 00:00:00
2026-03-26,P03,PP,38346.82,1455.58,0.0,5000,2025-03-03 11:00:00
2026-03-27,P03,PP,38346.82,0.0,0.0,5000,2025-03-03 15:00:00
2026-03-28,P03,PP,37731.74,615.08,0.0,5000,2025-03-02 16:00:00
2026-03-29,P03,PP,36764.98,966.76,0.0,5000,2025-03-02 22:00:00
2026-03-30,P03,PP,35030.66,1734.32,0.0,5000,2025-03-03 03:00:00
2026-03-31,P03,PP,33994.31,1036.35,0.0,5000,2025-03-02 18:00:00
2026-04-01,P03,PP,61158.56,2035.52,29199.77,5000,2025-03-02 16:00:00
2026-04-02,P03,PP,57122.56,4036.0,0.0,5000,2025-03-04 03:00:00
2026-04-03,P03,PP,54652.72,2469.84,0.0,5000,2025-03-03 12:00:00
2026-04-04,P03,PP,52642.29,2010.43,0.0,5000,2025-03-02 00:00:00
2026-04-05,P03,PP,52131.94,510.35,0.0,5000,2025-03-04 06:00:00
2026-04-06,P03,PP,47400.35,4731.59,0.0,5000,2025-03-02 11:00:00
2026-04-07,P03,PP,43480.32,3920.03,0.0,5000,2025-03-02 09:00:00
2026-04-08,P03,PP,43480.32,0.0,0.0,5000,2025-03-04 22:00:00
2026-04-09,P03,PP,41822.02,1658.3,0.0,5000,2025-03-02 01:00:00
2026-04-10,P03,PP,37980.88,3841.14,0.0,5000,2025-03-02 13:00:00
2026-04-11,P03,PP,37346.78,634.1,0.0,5000,2025-03-02 08:00:00
2026-04-12,P03,PP,35363.37,1983.41,0.0,5000,2025-03-02 05:00:00
2026-04-13,P03,PP,34329.84,1033.53,0.0,5000,2025-03-03 12:00:00
2026-04-14,P03,PP,32872.99,1456.85,0.0,5000,2025-03-04 00:00:00
2026-04-15,P03,PP,54846.87,3310.88,25284.76,5000,2025-03-03 09:00:00
2026-04-16,P03,PP,53301.42,1545.45,0.0,5000,2025-03-04 18:00:00
2026-04-17,P03,PP,51308.67,1992.75,0.0,5000,2025-03-04 04:00:00
2026-04-18,P03,PP,48761.48,2547.19,0.0,5000,2025-03-02 09:00:00
2026-04-19,P03,PP,47480.62,1280.86,0.0,5000,2025-03-04 22:00:00
2026-04-20,P03,PP,45098.44,2382.18,0.0,5000,2025-03-02 17:00:00
2026-04-21,P03,PP,43613.65,1484.79,0.0,5000,2025-03-04 20:00:00
2026-04-22,P03,PP,42317.97,1295.68,0.0,5000,2025-03-02 11:00:00
2026-04-23,P03,PP,41719.93,598.04,0.0,5000,2025-03-03 03:00:00
2026-04-24,P03,PP,36792.39,4927.54,0.0,5000,2025-03-03 17:00:00
2026-04-25,P03,PP,34415.52,2376.87,0.0,5000,2025-03-04 15:00:00
2026-04-26,P03,PP,32630.05,1785.47,0.0,5000,2025-03-03 06:00:00
2026-04-27,P03,PP,31173.42,1456.63,0.0,5000,2025-03-04 11:00:00
2026-04-28,P03,PP,29064.07,2109.35,0.0,5000,2025-03-04 18:00:00
2026-04-29,P03,PP,26129.6,2934.47,0.0,5000,2025-03-03 21:00:00
2026-04-30,P03,PP,25373.07,756.53,0.0,5000,2025-03-03 09:00:00
2026-05-01,P03,PP,55016.95,0.0,29643.88,5000,2025-03-03 13:00:00
2026-05-02,P03,PP,52057.88,2959.07,0.0,5000,2025-03-03 11:00:00
2026-05-03,P03,PP,50373.17,1684.71,0.0,5000,2025-03-04 00:00:00
2026-05-04,P03,PP,47252.12,3121.05,0.0,5000,2025-03-04 04:00:00
2026-05-05,P03,PP,46313.19,938.93,0.0,5000,2025-03-04 14:00:00
2026-05-06,P03,PP,43993.89,2319.3,0.0,5000,2025-03-04 07:00:00
2026-05-07,P03,PP,40833.8,3160.09,0.0,5000,2025-03-02 08:00:00
2026-05-08,P03,PP,40690.45,143.35,0.0,5000,2025-03-04 21:00:00
2026-05-09,P03,PP,39986.47,703.98,0.0,5000,2025-03-04 01:00:00
2026-05-10,P03,PP,39850.26,136.21,0.0,5000,2025-03-02 02:00:00
2026-05-11,P03,PP,35904.08,3946.18,0.0,5000,2025-03-03 04:00:00
2026-05-12,P03,PP,33029.55,2874.53,0.0,5000,2025-03-03 16:00:00
2026-05-13,P03,PP,31658.44,1371.11,0.0,5000,2025-03-02 03:00:00
2026-05-14,P03,PP,30412.6,1245.84,0.0,5000,2025-03-04 02:00:00
2026-05-15,P03,PP,59530.25,764.11,29881.76,5000,2025-03-03 04:00:00
2026-05-16,P03,PP,57731.93,1798.32,0.0,5000,2025-03-02 18:00:00
2026-05-17,P03,PP,56688.88,1043.05,0.0,5000,2025-03-02 14:00:00
2026-05-18,P03,PP,52948.61,3740.27,0.0,5000,2025-03-03 22:00:00
2026-05-19,P03,PP,52000.41,948.2,0.0,5000,2025-03-03 21:00:00
2026-05-20,P03,PP,50417.14,1583.27,0.0,5000,2025-03-02 11:00:00
2026-05-21,P03,PP,46262.21,4154.93,0.0,5000,2025-03-04 21:00:00
2026-05-22,P03,PP,44794.78,1467.43,0.0,5000,2025-03-03 19:00:00
2026-05-23,P03,PP,43691.9,1102.88,0.0,5000,2025-03-03 10:00:00
2026-05-24,P03,PP,42913.41,778.49,0.0,5000,2025-03-04 05:00:00
2026-05-25,P03,PP,42393.29,520.12,0.0,5000,2025-03-02 22:00:00
2026-05-26,P03,PP,38731.68,3661.61,0.0,5000,2025-03-02 15:00:00
2026-05-27,P03,PP,36388.58,2343.1,0.0,5000,2025-03-02 15:00:00
2026-05-28,P03,PP,34705.38,1683.2,0.0,5000,2025-03-02 03:00:00
2026-05-29,P03,PP,31740.74,2964.64,0.0,5000,2025-03-02 11:00:00
2026-05-30,P03,PP,30977.35,763.39,0.0,5000,2025-03-02 05:00:00
2026-05-31,P03,PP,28583.97,2393.38,0.0,5000,2025-03-03 15:00:00
2026-06-01,P03,PP,53278.42,4109.35,28803.8,5000,2025-03-03 00:00:00
2026-06-02,P03,PP,51767.89,1510.53,0.0,5000,2025-03-03 02:00:00
2026-06-03,P03,PP,48215.22,3552.67,0.0,5000,2025-03-03 10:00:00
2026-06-04,P03,PP,47366.97,848.25,0.0,5000,2025-03-03 01:00:00
2026-06-05,P03,PP,45968.63,1398.34,0.0,5000,2025-03-04 14:00:00
2026-06-06,P03,PP,42792.87,3175.76,0.0,5000,2025-03-04 18:00:00
2026-06-07,P03,PP,42041.3,751.57,0.0,5000,2025-03-04 21:00:00
2026-06-08,P03,PP,40638.7,1402.6,0.0,5000,2025-03-04 09:00:00
2026-06-09,P03,PP,40503.4,135.3,0.0,5000,2025-03-03 16:00:00
2026-06-10,P03,PP,35684.48,4818.92,0.0,5000,2025-03-02 22:00:00
2026-06-11,P03,PP,33887.33,1797.15,0.0,5000,2025-03-04 22:00:00
2026-06-12,P03,PP,33513.34,373.99,0.0,5000,2025-03-04 00:00:00
2026-06-13,P03,PP,32685.17,828.17,0.0,5000,2025-03-03 00:00:00
2026-06-14,P03,PP,29168.02,3517.15,0.0,5000,2025-03-04 11:00:00
2026-06-15,P03,PP,61286.27,351.02,32469.26,5000,2025-03-04 08:00:00
2026-06-16,P03,PP,60508.06,778.21,0.0,5000,2025-03-03 11:00:00
2026-06-17,P03,PP,58646.24,1861.82,0.0,5000,2025-03-03 00:00:00
2026-06-18,P03,PP,56264.98,2381.26,0.0,5000,2025-03-02 02:00:00
2026-06-19,P03,PP,53215.69,3049.29,0.0,5000,2025-03-04 11:00:00
2026-06-20,P03,PP,52449.03,766.66,0.0,5000,2025-03-02 17:00:00
2026-06-21,P03,PP,49207.25,3241.78,0.0,5000,2025-03-02 21:00:00
2026-06-22,P03,PP,47096.74,2110.51,0.0,5000,2025-03-04 17:00:00
2026-06-23,P03,PP,46672.4,424.34,0.0,5000,2025-03-04 16:00:00
2026-06-24,P03,PP,45906.34,766.06,0.0,5000,2025-03-04 19:00:00
2026-06-25,P03,PP,45721.26,185.08,0.0,5000,2025-03-04 00:00:00
2026-06-26,P03,PP,42743.04,2978.22,0.0,5000,2025-03-03 03:00:00
2026-06-27,P03,PP,39355.39,3387.65,0.0,5000,2025-03-03 17:00:00
2026-06-28,P03,PP,39276.02,79.37,0.0,5000,2025-03-04 10:00:00
2026-06-29,P03,PP,37247.84,2028.18,0.0,5000,2025-03-03 00:00:00
2026-06-30,P03,PP,34604.52,2643.32,0.0,5000,2025-03-03 08:00:00
2025-01-01,P04,HDPE,78130.71,0.0,32557.54,5000,2025-03-04 17:00:00
2025-01-02,P04,HDPE,77786.82,343.89,0.0,5000,2025-03-03 04:00:00
2025-01-03,P04,HDPE,74814.01,2972.81,0.0,5000,2025-03-04 17:00:00
2025-01-04,P04,HDPE,71739.72,3074.29,0.0,5000,2025-03-03 03:00:00
2025-01-05,P04,HDPE,71739.72,0.0,0.0,5000,2025-03-04 03:00:00
2025-01-06,P04,HDPE,66601.46,5138.26,0.0,5000,2025-03-03 05:00:00
2025-01-07,P04,HDPE,66309.83,291.63,0.0,5000,2025-03-04 02:00:00
2025-01-08,P04,HDPE,61384.91,4924.92,0.0,5000,2025-03-03 20:00:00
2025-01-09,P04,HDPE,58157.39,3227.52,0.0,5000,2025-03-04 01:00:00
2025-01-10,P04,HDPE,56687.38,1470.01,0.0,5000,2025-03-02 14:00:00
2025-01-11,P04,HDPE,53076.68,3610.7,0.0,5000,2025-03-04 15:00:00
2025-01-12,P04,HDPE,53076.68,0.0,0.0,5000,2025-03-02 10:00:00
2025-01-13,P04,HDPE,50705.03,2371.65,0.0,5000,2025-03-02 09:00:00
2025-01-14,P04,HDPE,43153.5,7551.53,0.0,5000,2025-03-02 17:00:00
2025-01-15,P04,HDPE,63540.36,7505.8,27892.66,5000,2025-03-04 15:00:00
2025-01-16,P04,HDPE,57463.43,6076.93,0.0,5000,2025-03-02 10:00:00
2025-01-17,P04,HDPE,55442.96,2020.47,0.0,5000,2025-03-04 13:00:00
2025-01-18,P04,HDPE,51996.52,3446.44,0.0,5000,2025-03-04 01:00:00
2025-01-19,P04,HDPE,51996.52,0.0,0.0,5000,2025-03-02 08:00:00
2025-01-20,P04,HDPE,51056.77,939.75,0.0,5000,2025-03-04 20:00:00
2025-01-21,P04,HDPE,48877.24,2179.53,0.0,5000,2025-03-02 10:00:00
2025-01-22,P04,HDPE,46096.05,2781.19,0.0,5000,2025-03-02 19:00:00
2025-01-23,P04,HDPE,43056.65,3039.4,0.0,5000,2025-03-04 09:00:00
2025-01-24,P04,HDPE,41752.1,1304.55,0.0,5000,2025-03-04 22:00:00
2025-01-25,P04,HDPE,40796.1,956.0,0.0,5000,2025-03-03 18:00:00
2025-01-26,P04,HDPE,37473.61,3322.49,0.0,5000,2025-03-04 05:00:00
2025-01-27,P04,HDPE,35015.21,2458.4,0.0,5000,2025-03-04 20:00:00
2025-01-28,P04,HDPE,35015.21,0.0,0.0,5000,2025-03-04 12:00:00
2025-01-29,P04,HDPE,34727.81,287.4,0.0,5000,2025-03-02 14:00:00
2025-01-30,P04,HDPE,32516.37,2211.44,0.0,5000,2025-03-04 09:00:00
2025-01-31,P04,HDPE,26303.59,6212.78,0.0,5000,2025-03-02 11:00:00
2025-02-01,P04,HDPE,53597.74,1020.54,28314.69,5000,2025-03-02 10:00:00
2025-02-02,P04,HDPE,51188.9,2408.84,0.0,5000,2025-03-03 03:00:00
2025-02-03,P04,HDPE,49909.49,1279.41,0.0,5000,2025-03-04 08:00:00
2025-02-04,P04,HDPE,49909.49,0.0,0.0,5000,2025-03-04 11:00:00
2025-02-05,P04,HDPE,45645.17,4264.32,0.0,5000,2025-03-04 12:00:00
2025-02-06,P04,HDPE,45185.6,459.57,0.0,5000,2025-03-02 20:00:00
2025-02-07,P04,HDPE,43855.55,1330.05,0.0,5000,2025-03-03 12:00:00
2025-02-08,P04,HDPE,41009.68,2845.87,0.0,5000,2025-03-04 18:00:00
2025-02-09,P04,HDPE,39673.22,1336.46,0.0,5000,2025-03-04 09:00:00
2025-02-10,P04,HDPE,35952.94,3720.28,0.0,5000,2025-03-02 17:00:00
2025-02-11,P04,HDPE,31989.45,3963.49,0.0,5000,2025-03-03 02:00:00
2025-02-12,P04,HDPE,28462.28,3527.17,0.0,5000,2025-03-03 03:00:00
2025-02-13,P04,HDPE,27813.35,648.93,0.0,5000,2025-03-04 15:00:00
2025-02-14,P04,HDPE,25718.43,2094.92,0.0,5000,2025-03-04 11:00:00
2025-02-15,P04,HDPE,45952.06,0.0,20233.64,5000,2025-03-02 04:00:00
2025-02-16,P04,HDPE,43865.51,2086.55,0.0,5000,2025-03-04 08:00:00
2025-02-17,P04,HDPE,43266.18,599.33,0.0,5000,2025-03-03 00:00:00
2025-02-18,P04,HDPE,42335.49,930.69,0.0,5000,2025-03-04 01:00:00
2025-02-19,P04,HDPE,38182.54,4152.95,0.0,5000,2025-03-04 12:00:00
2025-02-20,P04,HDPE,35305.32,2877.22,0.0,5000,2025-03-03 18:00:00
2025-02-21,P04,HDPE,35305.32,0.0,0.0,5000,2025-03-02 07:00:00
2025-02-22,P04,HDPE,35305.32,0.0,0.0,5000,2025-03-02 00:00:00
2025-02-23,P04,HDPE,33951.15,1354.17,0.0,5000,2025-03-03 13:00:00
2025-02-24,P04,HDPE,30343.34,3607.81,0.0,5000,2025-03-02 02:00:00
2025-02-25,P04,HDPE,26939.16,3404.18,0.0,5000,2025-03-04 22:00:00
2025-02-26,P04,HDPE,26939.16,0.0,0.0,5000,2025-03-02 05:00:00
2025-02-27,P04,HDPE,26939.16,0.0,0.0,5000,2025-03-03 12:00:00
2025-02-28,P04,HDPE,23358.55,3580.61,0.0,5000,2025-03-03 07:00:00
2025-03-01,P04,HDPE,39065.59,5159.43,20866.46,5000,2025-03-02 04:00:00
2025-03-02,P04,HDPE,34441.49,4624.1,0.0,5000,2025-03-03 20:00:00
2025-03-03,P04,HDPE,31731.11,2710.38,0.0,5000,2025-03-02 15:00:00
2025-03-04,P04,HDPE,29728.1,2003.01,0.0,5000,2025-03-02 05:00:00
2025-03-05,P04,HDPE,28446.96,1281.14,0.0,5000,2025-03-04 08:00:00
2025-03-06,P04,HDPE,24351.2,4095.76,0.0,5000,2025-03-04 13:00:00
2025-03-07,P04,HDPE,22845.92,1505.28,0.0,5000,2025-03-04 05:00:00
2025-03-08,P04,HDPE,12346.79,10499.13,0.0,5000,2025-03-03 06:00:00
2025-03-09,P04,HDPE,12346.79,0.0,0.0,5000,2025-03-03 09:00:00
2025-03-10,P04,HDPE,6755.29,5591.5,0.0,5000,2025-03-04 04:00:00
2025-03-11,P04,HDPE,4197.82,2557.47,0.0,5000,2025-03-03 12:00:00
2025-03-12,P04,HDPE,1328.79,2869.03,0.0,5000,2025-03-03 16:00:00
2025-03-13,P04,HDPE,800.0,1972.55,0.0,5000,2025-03-02 14:00:00
2025-03-14,P04,HDPE,800.0,2531.41,0.0,5000,2025-03-04 05:00:00
2025-03-15,P04,HDPE,34431.62,290.81,33922.43,5000,2025-03-03 08:00:00
2025-03-16,P04,HDPE,27666.26,6765.36,0.0,5000,2025-03-04 05:00:00
2025-03-17,P04,HDPE,23247.85,4418.41,0.0,5000,2025-03-03 20:00:00
2025-03-18,P04,HDPE,15072.02,8175.83,0.0,5000,2025-03-04 14:00:00
2025-03-19,P04,HDPE,14074.8,997.22,0.0,5000,2025-03-02 04:00:00
2025-03-20,P04,HDPE,13314.43,760.37,0.0,5000,2025-03-02 15:00:00
2025-03-21,P04,HDPE,7858.62,5455.81,0.0,5000,2025-03-04 11:00:00
2025-03-22,P04,HDPE,5382.43,2476.19,0.0,5000,2025-03-03 04:00:00
2025-03-23,P04,HDPE,4559.62,822.81,0.0,5000,2025-03-04 16:00:00
2025-03-24,P04,HDPE,1434.79,3124.83,0.0,5000,2025-03-04 15:00:00
2025-03-25,P04,HDPE,800.0,4740.47,0.0,5000,2025-03-02 11:00:00
2025-03-26,P04,HDPE,800.0,3130.71,0.0,5000,2025-03-03 07:00:00
2025-03-27,P04,HDPE,800.0,4177.6,0.0,5000,2025-03-04 07:00:00
2025-03-28,P04,HDPE,800.0,1174.68,0.0,5000,2025-03-04 10:00:00
2025-03-29,P04,HDPE,800.0,1694.73,0.0,5000,2025-03-02 17:00:00
2025-03-30,P04,HDPE,800.0,5246.57,0.0,5000,2025-03-04 04:00:00
2025-03-31,P04,HDPE,800.0,5557.85,0.0,5000,2025-03-04 09:00:00
2025-04-01,P04,HDPE,33603.82,0.0,32803.82,5000,2025-03-03 07:00:00
2025-04-02,P04,HDPE,31755.13,1848.69,0.0,5000,2025-03-02 11:00:00
2025-04-03,P04,HDPE,26399.89,5355.24,0.0,5000,2025-03-03 21:00:00
2025-04-04,P04,HDPE,26399.89,0.0,0.0,5000,2025-03-03 11:00:00
2025-04-05,P04,HDPE,26399.89,0.0,0.0,5000,2025-03-02 18:00:00
2025-04-06,P04,HDPE,24773.47,1626.42,0.0,5000,2025-03-03 12:00:00
2025-04-07,P04,HDPE,23347.9,1425.57,0.0,5000,2025-03-03 12:00:00
2025-04-08,P04,HDPE,23347.9,0.0,0.0,5000,2025-03-03 10:00:00
2025-04-09,P04,HDPE,18371.86,4976.04,0.0,5000,2025-03-03 03:00:00
2025-04-10,P04,HDPE,18371.86,0.0,0.0,5000,2025-03-03 17:00:00
2025-04-11,P04,HDPE,15484.2,2887.66,0.0,5000,2025-03-04 16:00:00
2025-04-12,P04,HDPE,12298.51,3185.69,0.0,5000,2025-03-04 07:00:00
2025-04-13,P04,HDPE,4965.11,7333.4,0.0,5000,2025-03-02 08:00:00
2025-04-14,P04,HDPE,800.0,6231.79,0.0,5000,2025-03-02 11:00:00
2025-04-15,P04,HDPE,23648.08,1287.61,24135.69,5000,2025-03-02 13:00:00
2025-04-16,P04,HDPE,22608.06,1040.02,0.0,5000,2025-03-04 11:00:00
2025-04-17,P04,HDPE,20872.76,1735.3,0.0,5000,2025-03-04 11:00:00
2025-04-18,P04,HDPE,17638.66,3234.1,0.0,5000,2025-03-02 07:00:00
2025-04-19,P04,HDPE,15847.58,1791.08,0.0,5000,2025-03-04 22:00:00
2025-04-20,P04,HDPE,8078.53,7769.05,0.0,5000,2025-03-02 03:00:00
2025-04-21,P04,HDPE,6208.69,1869.84,0.0,5000,2025-03-03 19:00:00
2025-04-22,P04,HDPE,6208.69,0.0,0.0,5000,2025-03-04 05:00:00
2025-04-23,P04,HDPE,2530.32,3678.37,0.0,5000,2025-03-02 09:00:00
2025-04-24,P04,HDPE,800.0,6230.78,0.0,5000,2025-03-03 01:00:00
2025-04-25,P04,HDPE,800.0,970.42,0.0,5000,2025-03-02 13:00:00
2025-04-26,P04,HDPE,800.0,1160.22,0.0,5000,2025-03-03 03:00:00
2025-04-27,P04,HDPE,800.0,3423.38,0.0,5000,2025-03-04 04:00:00
2025-04-28,P04,HDPE,800.0,957.3,0.0,5000,2025-03-03 19:00:00
2025-04-29,P04,HDPE,800.0,7513.61,0.0,5000,2025-03-04 14:00:00
2025-04-30,P04,HDPE,800.0,1991.09,0.0,5000,2025-03-04 00:00:00
2025-05-01,P04,HDPE,31773.07,2828.58,33801.65,5000,2025-03-03 22:00:00
2025-05-02,P04,HDPE,30827.58,945.49,0.0,5000,2025-03-02 18:00:00
2025-05-03,P04,HDPE,30438.25,389.33,0.0,5000,2025-03-03 16:00:00
2025-05-04,P04,HDPE,29944.07,494.18,0.0,5000,2025-03-02 16:00:00
2025-05-05,P04,HDPE,26048.98,3895.09,0.0,5000,2025-03-03 16:00:00
2025-05-06,P04,HDPE,26048.98,0.0,0.0,5000,2025-03-03 13:00:00
2025-05-07,P04,HDPE,23000.87,3048.11,0.0,5000,2025-03-04 10:00:00
2025-05-08,P04,HDPE,21985.56,1015.31,0.0,5000,2025-03-04 13:00:00
2025-05-09,P04,HDPE,14348.71,7636.85,0.0,5000,2025-03-03 12:00:00
2025-05-10,P04,HDPE,11431.58,2917.13,0.0,5000,2025-03-04 08:00:00
2025-05-11,P04,HDPE,11431.58,0.0,0.0,5000,2025-03-04 04:00:00
2025-05-12,P04,HDPE,5907.9,5523.68,0.0,5000,2025-03-02 14:00:00
2025-05-13,P04,HDPE,800.0,7178.44,0.0,5000,2025-03-04 11:00:00
2025-05-14,P04,HDPE,800.0,4245.66,0.0,5000,2025-03-04 18:00:00
2025-05-15,P04,HDPE,27465.49,4703.65,31369.14,5000,2025-03-03 20:00:00
2025-05-16,P04,HDPE,25641.67,1823.82,0.0,5000,2025-03-02 21:00:00
2025-05-17,P04,HDPE,23191.19,2450.48,0.0,5000,2025-03-02 02:00:00
2025-05-18,P04,HDPE,21405.27,1785.92,0.0,5000,2025-03-04 07:00:00
2025-05-19,P04,HDPE,17337.53,4067.74,0.0,5000,2025-03-02 07:00:00
2025-05-20,P04,HDPE,15472.08,1865.45,0.0,5000,2025-03-03 01:00:00
2025-05-21,P04,HDPE,6514.36,8957.72,0.0,5000,2025-03-03 01:00:00
2025-05-22,P04,HDPE,6514.36,0.0,0.0,5000,2025-03-03 11:00:00
2025-05-23,P04,HDPE,6514.36,0.0,0.0,5000,2025-03-04 00:00:00
2025-05-24,P04,HDPE,1979.68,4534.68,0.0,5000,2025-03-03 08:00:00
2025-05-25,P04,HDPE,800.0,6923.23,0.0,5000,2025-03-04 20:00:00
2025-05-26,P04,HDPE,800.0,674.86,0.0,5000,2025-03-02 11:00:00
2025-05-27,P04,HDPE,800.0,6193.85,0.0,5000,2025-03-04 19:00:00
2025-05-28,P04,HDPE,800.0,2646.23,0.0,5000,2025-03-02 03:00:00
2025-05-29,P04,HDPE,800.0,5088.63,0.0,5000,2025-03-03 10:00:00
2025-05-30,P04,HDPE,800.0,0.0,0.0,5000,2025-03-04 07:00:00
2025-05-31,P04,HDPE,800.0,2178.85,0.0,5000,2025-03-02 16:00:00
2025-06-01,P04,HDPE,21723.59,6333.71,27257.3,5000,2025-03-04 13:00:00
2025-06-02,P04,HDPE,17031.84,4691.75,0.0,5000,2025-03-04 14:00:00
2025-06-03,P04,HDPE,11546.48,5485.36,0.0,5000,2025-03-04 08:00:00
2025-06-04,P04,HDPE,9006.14,2540.34,0.0,5000,2025-03-04 12:00:00
2025-06-05,P04,HDPE,8374.18,631.96,0.0,5000,2025-03-03 00:00:00
2025-06-06,P04,HDPE,6843.53,1530.65,0.0,5000,2025-03-04 10:00:00
2025-06-07,P04,HDPE,800.0,7162.56,0.0,5000,2025-03-04 07:00:00
2025-06-08,P04,HDPE,800.0,3116.16,0.0,5000,2025-03-04 02:00:00
2025-06-09,P04,HDPE,800.0,5253.46,0.0,5000,2025-03-03 11:00:00
2025-06-10,P04,HDPE,800.0,1893.47,0.0,5000,2025-03-02 08:00:00
2025-06-11,P04,HDPE,800.0,2107.94,0.0,5000,2025-03-03 10:00:00
2025-06-12,P04,HDPE,800.0,2301.2,0.0,5000,2025-03-02 07:00:00
2025-06-13,P04,HDPE,800.0,346.48,0.0,5000,2025-03-04 13:00:00
2025-06-14,P04,HDPE,800.0,3856.71,0.0,5000,2025-03-04 04:00:00
2025-06-15,P04,HDPE,25613.18,1139.42,25952.6,5000,2025-03-03 05:00:00
2025-06-16,P04,HDPE,22676.96,2936.22,0.0,5000,2025-03-04 18:00:00
2025-06-17,P04,HDPE,19920.92,2756.04,0.0,5000,2025-03-04 16:00:00
2025-06-18,P04,HDPE,18742.23,1178.69,0.0,5000,2025-03-02 19:00:00
2025-06-19,P04,HDPE,16361.14,2381.09,0.0,5000,2025-03-02 07:00:00
2025-06-20,P04,HDPE,13415.31,2945.83,0.0,5000,2025-03-04 21:00:00
2025-06-21,P04,HDPE,12944.87,470.44,0.0,5000,2025-03-04 22:00:00
2025-06-22,P04,HDPE,9402.86,3542.01,0.0,5000,2025-03-04 10:00:00
2025-06-23,P04,HDPE,800.0,13038.94,0.0,5000,2025-03-03 12:00:00
2025-06-24,P04,HDPE,800.0,4485.02,0.0,5000,2025-03-02 16:00:00
2025-06-25,P04,HDPE,800.0,6742.99,0.0,5000,2025-03-02 09:00:00
2025-06-26,P04,HDPE,800.0,1746.53,0.0,5000,2025-03-02 15:00:00
2025-06-27,P04,HDPE,800.0,3308.38,0.0,5000,2025-03-03 09:00:00
2025-06-28,P04,HDPE,800.0,1268.51,0.0,5000,2025-03-04 09:00:00
2025-06-29,P04,HDPE,800.0,4994.98,0.0,5000,2025-03-03 13:00:00
2025-06-30,P04,HDPE,800.0,2356.31,0.0,5000,2025-03-02 18:00:00
2025-07-01,P04,HDPE,25018.99,2562.29,26781.28,5000,2025-03-02 13:00:00
2025-07-02,P04,HDPE,20298.62,4720.37,0.0,5000,2025-03-03 05:00:00
2025-07-03,P04,HDPE,20298.62,0.0,0.0,5000,2025-03-04 00:00:00
2025-07-04,P04,HDPE,16016.76,4281.86,0.0,5000,2025-03-04 05:00:00
2025-07-05,P04,HDPE,12986.91,3029.85,0.0,5000,2025-03-04 01:00:00
2025-07-06,P04,HDPE,4535.61,8451.3,0.0,5000,2025-03-03 09:00:00
2025-07-07,P04,HDPE,800.0,4351.93,0.0,5000,2025-03-02 01:00:00
2025-07-08,P04,HDPE,800.0,3367.78,0.0,5000,2025-03-02 16:00:00
2025-07-09,P04,HDPE,800.0,3088.16,0.0,5000,2025-03-02 06:00:00
2025-07-10,P04,HDPE,800.0,5919.88,0.0,5000,2025-03-02 10:00:00
2025-07-11,P04,HDPE,800.0,321.39,0.0,5000,2025-03-02 09:00:00
2025-07-12,P04,HDPE,800.0,565.29,0.0,5000,2025-03-03 20:00:00
2025-07-13,P04,HDPE,800.0,368.75,0.0,5000,2025-03-02 01:00:00
2025-07-14,P04,HDPE,800.0,4447.3,0.0,5000,2025-03-02 09:00:00
2025-07-15,P04,HDPE,22990.87,0.0,22190.87,5000,2025-03-04 11:00:00
2025-07-16,P04,HDPE,20550.94,2439.93,0.0,5000,2025-03-03 19:00:00
2025-07-17,P04,HDPE,19856.38,694.56,0.0,5000,2025-03-02 19:00:00
2025-07-18,P04,HDPE,19217.78,638.6,0.0,5000,2025-03-03 13:00:00
2025-07-19,P04,HDPE,16667.62,2550.16,0.0,5000,2025-03-04 16:00:00
2025-07-20,P04,HDPE,7232.28,9435.34,0.0,5000,2025-03-04 21:00:00
2025-07-21,P04,HDPE,3125.94,4106.34,0.0,5000,2025-03-02 11:00:00
2025-07-22,P04,HDPE,800.0,2462.85,0.0,5000,2025-03-03 07:00:00
2025-07-23,P04,HDPE,800.0,5349.78,0.0,5000,2025-03-02 05:00:00
2025-07-24,P04,HDPE,800.0,1695.05,0.0,5000,2025-03-03 03:00:00
2025-07-25,P04,HDPE,800.0,3032.63,0.0,5000,2025-03-04 01:00:00
2025-07-26,P04,HDPE,800.0,3464.86,0.0,5000,2025-03-03 22:00:00
2025-07-27,P04,HDPE,800.0,1777.66,0.0,5000,2025-03-02 14:00:00
2025-07-28,P04,HDPE,800.0,2503.57,0.0,5000,2025-03-04 20:00:00
2025-07-29,P04,HDPE,800.0,2906.73,0.0,5000,2025-03-03 06:00:00
2025-07-30,P04,HDPE,800.0,2366.33,0.0,5000,2025-03-03 17:00:00
2025-07-31,P04,HDPE,800.0,0.0,0.0,5000,2025-03-03 10:00:00
2025-08-01,P04,HDPE,20173.97,4903.16,24277.13,5000,2025-03-04 10:00:00
2025-08-02,P04,HDPE,14088.46,6085.51,0.0,5000,2025-03-04 21:00:00
2025-08-03,P04,HDPE,13334.01,754.45,0.0,5000,2025-03-04 05:00:00
2025-08-04,P04,HDPE,11768.91,1565.1,0.0,5000,2025-03-02 20:00:00
2025-08-05,P04,HDPE,5299.14,6469.77,0.0,5000,2025-03-04 04:00:00
2025-08-06,P04,HDPE,5299.14,0.0,0.0,5000,2025-03-04 12:00:00
2025-08-07,P04,HDPE,2938.27,2360.87,0.0,5000,2025-03-04 02:00:00
2025-08-08,P04,HDPE,2938.27,0.0,0.0,5000,2025-03-04 01:00:00
2025-08-09,P04,HDPE,1897.71,1040.56,0.0,5000,2025-03-02 11:00:00
2025-08-10,P04,HDPE,800.0,2834.54,0.0,5000,2025-03-03 07:00:00
2025-08-11,P04,HDPE,800.0,576.47,0.0,5000,2025-03-03 18:00:00
2025-08-12,P04,HDPE,800.0,6315.46,0.0,5000,2025-03-04 14:00:00
2025-08-13,P04,HDPE,800.0,1634.24,0.0,5000,2025-03-03 02:00:00
2025-08-14,P04,HDPE,800.0,5086.4,0.0,5000,2025-03-02 06:00:00
2025-08-15,P04,HDPE,20867.81,0.0,20067.81,5000,2025-03-02 03:00:00
2025-08-16,P04,HDPE,19524.33,1343.48,0.0,5000,2025-03-04 13:00:00
2025-08-17,P04,HDPE,15955.41,3568.92,0.0,5000,2025-03-04 16:00:00
2025-08-18,P04,HDPE,13049.19,2906.22,0.0,5000,2025-03-04 08:00:00
2025-08-19,P04,HDPE,10667.83,2381.36,0.0,5000,2025-03-03 18:00:00
2025-08-20,P04,HDPE,10245.69,422.14,0.0,5000,2025-03-03 18:00:00
2025-08-21,P04,HDPE,3991.31,6254.38,0.0,5000,2025-03-03 08:00:00
2025-08-22,P04,HDPE,1859.08,2132.23,0.0,5000,2025-03-02 03:00:00
2025-08-23,P04,HDPE,1165.95,693.13,0.0,5000,2025-03-04 08:00:00
2025-08-24,P04,HDPE,800.0,1387.87,0.0,5000,2025-03-03 14:00:00
2025-08-25,P04,HDPE,800.0,4885.27,0.0,5000,2025-03-02 02:00:00
2025-08-26,P04,HDPE,800.0,4812.67,0.0,5000,2025-03-04 04:00:00
2025-08-27,P04,HDPE,800.0,587.4,0.0,5000,2025-03-02 11:00:00
2025-08-28,P04,HDPE,800.0,2315.62,0.0,5000,2025-03-02 03:00:00
2025-08-29,P04,HDPE,800.0,2206.82,0.0,5000,2025-03-03 14:00:00
2025-08-30,P04,HDPE,800.0,1925.14,0.0,5000,2025-03-04 07:00:00
2025-08-31,P04,HDPE,800.0,2686.07,0.0,5000,2025-03-03 18:00:00
2025-09-01,P04,HDPE,32727.37,978.84,32906.21,5000,2025-03-03 08:00:00
2025-09-02,P04,HDPE,29254.49,3472.88,0.0,5000,2025-03-03 19:00:00
2025-09-03,P04,HDPE,21284.17,7970.32,0.0,5000,2025-03-02 06:00:00
2025-09-04,P04,HDPE,13272.0,8012.17,0.0,5000,2025-03-04 07:00:00
2025-09-05,P04,HDPE,12166.4,1105.6,0.0,5000,2025-03-04 09:00:00
2025-09-06,P04,HDPE,7562.48,4603.92,0.0,5000,2025-03-02 08:00:00
2025-09-07,P04,HDPE,5683.92,1878.56,0.0,5000,2025-03-04 11:00:00
2025-09-08,P04,HDPE,5683.92,0.0,0.0,5000,2025-03-04 10:00:00
2025-09-09,P04,HDPE,3289.15,2394.77,0.0,5000,2025-03-03 08:00:00
2025-09-10,P04,HDPE,2167.42,1121.73,0.0,5000,2025-03-02 07:00:00
2025-09-11,P04,HDPE,800.0,6283.59,0.0,5000,2025-03-04 20:00:00
2025-09-12,P04,HDPE,800.0,0.0,0.0,5000,2025-03-04 06:00:00
2025-09-13,P04,HDPE,800.0,2604.86,0.0,5000,2025-03-02 18:00:00
2025-09-14,P04,HDPE,800.0,5975.45,0.0,5000,2025-03-04 06:00:00
2025-09-15,P04,HDPE,24164.18,0.0,23364.18,5000,2025-03-03 13:00:00
2025-09-16,P04,HDPE,18172.6,5991.58,0.0,5000,2025-03-04 17:00:00
2025-09-17,P04,HDPE,17008.39,1164.21,0.0,5000,2025-03-04 00:00:00
2025-09-18,P04,HDPE,17008.39,0.0,0.0,5000,2025-03-03 18:00:00
2025-09-19,P04,HDPE,14811.46,2196.93,0.0,5000,2025-03-04 16:00:00
2025-09-20,P04,HDPE,13878.82,932.64,0.0,5000,2025-03-02 21:00:00
2025-09-21,P04,HDPE,13878.82,0.0,0.0,5000,2025-03-02 08:00:00
2025-09-22,P04,HDPE,8541.89,5336.93,0.0,5000,2025-03-03 16:00:00
2025-09-23,P04,HDPE,3220.24,5321.65,0.0,5000,2025-03-02 01:00:00
2025-09-24,P04,HDPE,1800.59,1419.65,0.0,5000,2025-03-04 03:00:00
2025-09-25,P04,HDPE,800.0,3823.78,0.0,5000,2025-03-04 09:00:00
2025-09-26,P04,HDPE,800.0,0.0,0.0,5000,2025-03-04 03:00:00
2025-09-27,P04,HDPE,800.0,2436.46,0.0,5000,2025-03-02 05:00:00
2025-09-28,P04,HDPE,800.0,5609.37,0.0,5000,2025-03-04 10:00:00
2025-09-29,P04,HDPE,800.0,4189.65,0.0,5000,2025-03-02 19:00:00
2025-09-30,P04,HDPE,800.0,2380.25,0.0,5000,2025-03-04 02:00:00
2025-10-01,P04,HDPE,31906.12,2422.36,33528.48,5000,2025-03-04 11:00:00
2025-10-02,P04,HDPE,31906.12,0.0,0.0,5000,2025-03-02 16:00:00
2025-10-03,P04,HDPE,29385.31,2520.81,0.0,5000,2025-03-02 11:00:00
2025-10-04,P04,HDPE,27865.51,1519.8,0.0,5000,2025-03-04 06:00:00
2025-10-05,P04,HDPE,27405.4,460.11,0.0,5000,2025-03-03 00:00:00
2025-10-06,P04,HDPE,27405.4,0.0,0.0,5000,2025-03-03 15:00:00
2025-10-07,P04,HDPE,27405.4,0.0,0.0,5000,2025-03-02 07:00:00
2025-10-08,P04,HDPE,18411.01,8994.39,0.0,5000,2025-03-04 22:00:00
2025-10-09,P04,HDPE,14087.69,4323.32,0.0,5000,2025-03-04 06:00:00
2025-10-10,P04,HDPE,10377.45,3710.24,0.0,5000,2025-03-03 01:00:00
2025-10-11,P04,HDPE,8064.0,2313.45,0.0,5000,2025-03-04 11:00:00
2025-10-12,P04,HDPE,4763.37,3300.63,0.0,5000,2025-03-04 19:00:00
2025-10-13,P04,HDPE,800.0,4505.31,0.0,5000,2025-03-02 21:00:00
2025-10-14,P04,HDPE,800.0,1335.64,0.0,5000,2025-03-02 07:00:00
2025-10-15,P04,HDPE,24333.07,0.0,23533.07,5000,2025-03-02 03:00:00
2025-10-16,P04,HDPE,21672.77,2660.3,0.0,5000,2025-03-03 15:00:00
2025-10-17,P04,HDPE,20619.19,1053.58,0.0,5000,2025-03-04 12:00:00
2025-10-18,P04,HDPE,16305.93,4313.26,0.0,5000,2025-03-02 17:00:00
2025-10-19,P04,HDPE,13028.64,3277.29,0.0,5000,2025-03-03 06:00:00
2025-10-20,P04,HDPE,11100.19,1928.45,0.0,5000,2025-03-04 18:00:00
2025-10-21,P04,HDPE,9704.18,1396.01,0.0,5000,2025-03-03 19:00:00
2025-10-22,P04,HDPE,8709.76,994.42,0.0,5000,2025-03-03 19:00:00
2025-10-23,P04,HDPE,4841.7,3868.06,0.0,5000,2025-03-04 05:00:00
2025-10-24,P04,HDPE,4841.7,0.0,0.0,5000,2025-03-04 11:00:00
2025-10-25,P04,HDPE,1795.74,3045.96,0.0,5000,2025-03-03 09:00:00
2025-10-26,P04,HDPE,800.0,1796.35,0.0,5000,2025-03-02 13:00:00
2025-10-27,P04,HDPE,800.0,4424.2,0.0,5000,2025-03-03 16:00:00
2025-10-28,P04,HDPE,800.0,0.0,0.0,5000,2025-03-03 19:00:00
2025-10-29,P04,HDPE,800.0,0.0,0.0,5000,2025-03-02 12:00:00
2025-10-30,P04,HDPE,800.0,0.0,0.0,5000,2025-03-04 16:00:00
2025-10-31,P04,HDPE,800.0,2142.66,0.0,5000,2025-03-04 14:00:00
2025-11-01,P04,HDPE,23225.75,874.1,23299.85,5000,2025-03-02 17:00:00
2025-11-02,P04,HDPE,22527.01,698.74,0.0,5000,2025-03-04 16:00:00
2025-11-03,P04,HDPE,19411.77,3115.24,0.0,5000,2025-03-03 19:00:00
2025-11-04,P04,HDPE,17978.29,1433.48,0.0,5000,2025-03-02 01:00:00
2025-11-05,P04,HDPE,17328.05,650.24,0.0,5000,2025-03-04 18:00:00
2025-11-06,P04,HDPE,13515.33,3812.72,0.0,5000,2025-03-02 19:00:00
2025-11-07,P04,HDPE,11640.83,1874.5,0.0,5000,2025-03-02 17:00:00
2025-11-08,P04,HDPE,11640.83,0.0,0.0,5000,2025-03-02 12:00:00
2025-11-09,P04,HDPE,8569.69,3071.14,0.0,5000,2025-03-04 08:00:00
2025-11-10,P04,HDPE,5925.81,2643.88,0.0,5000,2025-03-03 21:00:00
2025-11-11,P04,HDPE,800.0,5828.27,0.0,5000,2025-03-02 18:00:00
2025-11-12,P04,HDPE,800.0,695.61,0.0,5000,2025-03-04 12:00:00
2025-11-13,P04,HDPE,800.0,1984.57,0.0,5000,2025-03-03 16:00:00
2025-11-14,P04,HDPE,800.0,5423.33,0.0,5000,2025-03-02 08:00:00
2025-11-15,P04,HDPE,31370.24,913.13,31483.37,5000,2025-03-02 18:00:00
2025-11-16,P04,HDPE,31370.24,0.0,0.0,5000,2025-03-04 04:00:00
2025-11-17,P04,HDPE,31370.24,0.0,0.0,5000,2025-03-03 15:00:00
2025-11-18,P04,HDPE,31370.24,0.0,0.0,5000,2025-03-03 12:00:00
2025-11-19,P04,HDPE,30338.96,1031.28,0.0,5000,2025-03-03 08:00:00
2025-11-20,P04,HDPE,29582.89,756.07,0.0,5000,2025-03-04 20:00:00
2025-11-21,P04,HDPE,29582.89,0.0,0.0,5000,2025-03-04 18:00:00
2025-11-22,P04,HDPE,19288.55,10294.34,0.0,5000,2025-03-02 09:00:00
2025-11-23,P04,HDPE,17032.47,2256.08,0.0,5000,2025-03-04 13:00:00
2025-11-24,P04,HDPE,11397.75,5634.72,0.0,5000,2025-03-02 02:00:00
2025-11-25,P04,HDPE,10345.6,1052.15,0.0,5000,2025-03-02 13:00:00
2025-11-26,P04,HDPE,8884.03,1461.57,0.0,5000,2025-03-03 00:00:00
2025-11-27,P04,HDPE,4287.95,4596.08,0.0,5000,2025-03-02 14:00:00
2025-11-28,P04,HDPE,800.0,3660.34,0.0,5000,2025-03-04 10:00:00
2025-11-29,P04,HDPE,800.0,0.0,0.0,5000,2025-03-02 12:00:00
2025-11-30,P04,HDPE,800.0,2209.23,0.0,5000,2025-03-03 20:00:00
2025-12-01,P04,HDPE,22558.22,2032.09,23790.31,5000,2025-03-04 05:00:00
2025-12-02,P04,HDPE,19116.04,3442.18,0.0,5000,2025-03-02 02:00:00
2025-12-03,P04,HDPE,14560.64,4555.4,0.0,5000,2025-03-03 15:00:00
2025-12-04,P04,HDPE,12060.22,2500.42,0.0,5000,2025-03-04 15:00:00
2025-12-05,P04,HDPE,9905.22,2155.0,0.0,5000,2025-03-04 17:00:00
2025-12-06,P04,HDPE,7888.87,2016.35,0.0,5000,2025-03-04 16:00:00
2025-12-07,P04,HDPE,7421.79,467.08,0.0,5000,2025-03-02 20:00:00
2025-12-08,P04,HDPE,4965.19,2456.6,0.0,5000,2025-03-04 11:00:00
2025-12-09,P04,HDPE,4965.19,0.0,0.0,5000,2025-03-04 01:00:00
2025-12-10,P04,HDPE,1667.72,3297.47,0.0,5000,2025-03-03 19:00:00
2025-12-11,P04,HDPE,800.0,6160.2,0.0,5000,2025-03-04 15:00:00
2025-12-12,P04,HDPE,800.0,3901.25,0.0,5000,2025-03-04 21:00:00
2025-12-13,P04,HDPE,800.0,0.0,0.0,5000,2025-03-03 19:00:00
2025-12-14,P04,HDPE,800.0,1743.99,0.0,5000,2025-03-02 01:00:00
2025-12-15,P04,HDPE,23905.43,980.6,24086.03,5000,2025-03-02 03:00:00
2025-12-16,P04,HDPE,21390.2,2515.23,0.0,5000,2025-03-04 16:00:00
2025-12-17,P04,HDPE,15516.26,5873.94,0.0,5000,2025-03-02 03:00:00
2025-12-18,P04,HDPE,8288.25,7228.01,0.0,5000,2025-03-04 03:00:00
2025-12-19,P04,HDPE,7535.75,752.5,0.0,5000,2025-03-03 02:00:00
2025-12-20,P04,HDPE,3334.93,4200.82,0.0,5000,2025-03-02 07:00:00
2025-12-21,P04,HDPE,800.0,4272.88,0.0,5000,2025-03-04 21:00:00
2025-12-22,P04,HDPE,800.0,6830.1,0.0,5000,2025-03-04 02:00:00
2025-12-23,P04,HDPE,800.0,1906.42,0.0,5000,2025-03-03 17:00:00
2025-12-24,P04,HDPE,800.0,2392.66,0.0,5000,2025-03-03 22:00:00
2025-12-25,P04,HDPE,800.0,5948.73,0.0,5000,2025-03-02 04:00:00
2025-12-26,P04,HDPE,800.0,0.0,0.0,5000,2025-03-04 11:00:00
2025-12-27,P04,HDPE,800.0,6029.04,0.0,5000,2025-03-04 12:00:00
2025-12-28,P04,HDPE,800.0,4584.27,0.0,5000,2025-03-02 01:00:00
2025-12-29,P04,HDPE,800.0,9721.53,0.0,5000,2025-03-04 11:00:00
2025-12-30,P04,HDPE,800.0,4848.57,0.0,5000,2025-03-02 16:00:00
2025-12-31,P04,HDPE,800.0,0.0,0.0,5000,2025-03-02 18:00:00
2026-01-01,P04,HDPE,26178.42,311.51,25689.93,5000,2025-03-02 10:00:00
2026-01-02,P04,HDPE,22771.76,3406.66,0.0,5000,2025-03-04 13:00:00
2026-01-03,P04,HDPE,22380.65,391.11,0.0,5000,2025-03-04 04:00:00
2026-01-04,P04,HDPE,21969.26,411.39,0.0,5000,2025-03-03 09:00:00
2026-01-05,P04,HDPE,21109.28,859.98,0.0,5000,2025-03-04 14:00:00
2026-01-06,P04,HDPE,20124.57,984.71,0.0,5000,2025-03-04 11:00:00
2026-01-07,P04,HDPE,17374.45,2750.12,0.0,5000,2025-03-04 12:00:00
2026-01-08,P04,HDPE,16057.44,1317.01,0.0,5000,2025-03-02 16:00:00
2026-01-09,P04,HDPE,15162.06,895.38,0.0,5000,2025-03-04 00:00:00
2026-01-10,P04,HDPE,13940.14,1221.92,0.0,5000,2025-03-02 18:00:00
2026-01-11,P04,HDPE,12243.68,1696.46,0.0,5000,2025-03-03 16:00:00
2026-01-12,P04,HDPE,11316.43,927.25,0.0,5000,2025-03-04 19:00:00
2026-01-13,P04,HDPE,11316.43,0.0,0.0,5000,2025-03-04 08:00:00
2026-01-14,P04,HDPE,6960.55,4355.88,0.0,5000,2025-03-04 03:00:00
2026-01-15,P04,HDPE,34186.12,1479.47,28705.04,5000,2025-03-04 03:00:00
2026-01-16,P04,HDPE,33021.86,1164.26,0.0,5000,2025-03-02 04:00:00
2026-01-17,P04,HDPE,28811.39,4210.47,0.0,5000,2025-03-03 04:00:00
2026-01-18,P04,HDPE,24478.77,4332.62,0.0,5000,2025-03-03 10:00:00
2026-01-19,P04,HDPE,19784.03,4694.74,0.0,5000,2025-03-03 21:00:00
2026-01-20,P04,HDPE,15041.59,4742.44,0.0,5000,2025-03-04 11:00:00
2026-01-21,P04,HDPE,12227.99,2813.6,0.0,5000,2025-03-02 13:00:00
2026-01-22,P04,HDPE,10021.23,2206.76,0.0,5000,2025-03-04 07:00:00
2026-01-23,P04,HDPE,7858.86,2162.37,0.0,5000,2025-03-04 17:00:00
2026-01-24,P04,HDPE,6762.69,1096.17,0.0,5000,2025-03-03 01:00:00
2026-01-25,P04,HDPE,5710.97,1051.72,0.0,5000,2025-03-03 13:00:00
2026-01-26,P04,HDPE,1859.66,3851.31,0.0,5000,2025-03-03 02:00:00
2026-01-27,P04,HDPE,800.0,3699.58,0.0,5000,2025-03-04 18:00:00
2026-01-28,P04,HDPE,800.0,2099.31,0.0,5000,2025-03-03 07:00:00
2026-01-29,P04,HDPE,800.0,0.0,0.0,5000,2025-03-02 04:00:00
2026-01-30,P04,HDPE,800.0,1907.83,0.0,5000,2025-03-02 01:00:00
2026-01-31,P04,HDPE,800.0,0.0,0.0,5000,2025-03-03 05:00:00
2026-02-01,P04,HDPE,21849.74,3828.17,24877.91,5000,2025-03-04 03:00:00
2026-02-02,P04,HDPE,19436.89,2412.85,0.0,5000,2025-03-03 03:00:00
2026-02-03,P04,HDPE,14089.92,5346.97,0.0,5000,2025-03-02 00:00:00
2026-02-04,P04,HDPE,10989.77,3100.15,0.0,5000,2025-03-03 22:00:00
2026-02-05,P04,HDPE,10989.77,0.0,0.0,5000,2025-03-03 22:00:00
2026-02-06,P04,HDPE,9900.4,1089.37,0.0,5000,2025-03-03 07:00:00
2026-02-07,P04,HDPE,8203.46,1696.94,0.0,5000,2025-03-04 21:00:00
2026-02-08,P04,HDPE,2068.58,6134.88,0.0,5000,2025-03-04 14:00:00
2026-02-09,P04,HDPE,800.0,5493.37,0.0,5000,2025-03-04 20:00:00
2026-02-10,P04,HDPE,800.0,817.85,0.0,5000,2025-03-02 19:00:00
2026-02-11,P04,HDPE,800.0,3222.83,0.0,5000,2025-03-02 07:00:00
2026-02-12,P04,HDPE,800.0,1586.02,0.0,5000,2025-03-03 20:00:00
2026-02-13,P04,HDPE,800.0,1723.8,0.0,5000,2025-03-04 03:00:00
2026-02-14,P04,HDPE,800.0,0.0,0.0,5000,2025-03-02 06:00:00
2026-02-15,P04,HDPE,23767.06,1931.68,24898.74,5000,2025-03-02 05:00:00
2026-02-16,P04,HDPE,19459.07,4307.99,0.0,5000,2025-03-04 08:00:00
2026-02-17,P04,HDPE,19459.07,0.0,0.0,5000,2025-03-04 07:00:00
2026-02-18,P04,HDPE,14124.97,5334.1,0.0,5000,2025-03-04 10:00:00
2026-02-19,P04,HDPE,14124.97,0.0,0.0,5000,2025-03-02 07:00:00
2026-02-20,P04,HDPE,10554.9,3570.07,0.0,5000,2025-03-03 12:00:00
2026-02-21,P04,HDPE,5481.76,5073.14,0.0,5000,2025-03-04 18:00:00
2026-02-22,P04,HDPE,2641.28,2840.48,0.0,5000,2025-03-04 14:00:00
2026-02-23,P04,HDPE,1783.51,857.77,0.0,5000,2025-03-02 20:00:00
2026-02-24,P04,HDPE,800.0,2539.94,0.0,5000,2025-03-03 12:00:00
2026-02-25,P04,HDPE,800.0,3034.66,0.0,5000,2025-03-04 08:00:00
2026-02-26,P04,HDPE,800.0,1112.27,0.0,5000,2025-03-02 09:00:00
2026-02-27,P04,HDPE,800.0,3146.23,0.0,5000,2025-03-02 12:00:00
2026-02-28,P04,HDPE,800.0,0.0,0.0,5000,2025-03-03 12:00:00
2026-03-01,P04,HDPE,30552.73,3795.28,33548.01,5000,2025-03-04 07:00:00
2026-03-02,P04,HDPE,27813.34,2739.39,0.0,5000,2025-03-04 10:00:00
2026-03-03,P04,HDPE,22226.19,5587.15,0.0,5000,2025-03-04 00:00:00
2026-03-04,P04,HDPE,22226.19,0.0,0.0,5000,2025-03-03 19:00:00
2026-03-05,P04,HDPE,20915.97,1310.22,0.0,5000,2025-03-02 12:00:00
2026-03-06,P04,HDPE,16222.88,4693.09,0.0,5000,2025-03-04 04:00:00
2026-03-07,P04,HDPE,15430.99,791.89,0.0,5000,2025-03-02 16:00:00
2026-03-08,P04,HDPE,14167.31,1263.68,0.0,5000,2025-03-03 06:00:00
2026-03-09,P04,HDPE,12865.85,1301.46,0.0,5000,2025-03-04 19:00:00
2026-03-10,P04,HDPE,12151.52,714.33,0.0,5000,2025-03-03 02:00:00
2026-03-11,P04,HDPE,11128.26,1023.26,0.0,5000,2025-03-04 09:00:00
2026-03-12,P04,HDPE,6627.91,4500.35,0.0,5000,2025-03-02 20:00:00
2026-03-13,P04,HDPE,800.0,6430.28,0.0,5000,2025-03-02 02:00:00
2026-03-14,P04,HDPE,800.0,3484.64,0.0,5000,2025-03-02 09:00:00
2026-03-15,P04,HDPE,25507.38,2603.63,27311.01,5000,2025-03-03 20:00:00
2026-03-16,P04,HDPE,21893.3,3614.08,0.0,5000,2025-03-02 22:00:00
2026-03-17,P04,HDPE,20605.39,1287.91,0.0,5000,2025-03-03 17:00:00
2026-03-18,P04,HDPE,19780.86,824.53,0.0,5000,2025-03-02 16:00:00
2026-03-19,P04,HDPE,19780.86,0.0,0.0,5000,2025-03-04 03:00:00
2026-03-20,P04,HDPE,15517.24,4263.62,0.0,5000,2025-03-03 18:00:00
2026-03-21,P04,HDPE,11856.17,3661.07,0.0,5000,2025-03-02 05:00:00
2026-03-22,P04,HDPE,11856.17,0.0,0.0,5000,2025-03-04 12:00:00
2026-03-23,P04,HDPE,9659.33,2196.84,0.0,5000,2025-03-03 22:00:00
2026-03-24,P04,HDPE,7916.8,1742.53,0.0,5000,2025-03-02 11:00:00
2026-03-25,P04,HDPE,4633.86,3282.94,0.0,5000,2025-03-02 14:00:00
2026-03-26,P04,HDPE,3748.74,885.12,0.0,5000,2025-03-02 02:00:00
2026-03-27,P04,HDPE,800.0,3623.21,0.0,5000,2025-03-02 19:00:00
2026-03-28,P04,HDPE,800.0,1266.52,0.0,5000,2025-03-03 06:00:00
2026-03-29,P04,HDPE,800.0,710.72,0.0,5000,2025-03-04 09:00:00
2026-03-30,P04,HDPE,800.0,1910.55,0.0,5000,2025-03-04 21:00:00
2026-03-31,P04,HDPE,800.0,1679.29,0.0,5000,2025-03-04 01:00:00
2026-04-01,P04,HDPE,18010.76,6616.0,23826.76,5000,2025-03-04 07:00:00
2026-04-02,P04,HDPE,18010.76,0.0,0.0,5000,2025-03-03 08:00:00
2026-04-03,P04,HDPE,16737.94,1272.82,0.0,5000,2025-03-04 12:00:00
2026-04-04,P04,HDPE,15259.66,1478.28,0.0,5000,2025-03-02 10:00:00
2026-04-05,P04,HDPE,12284.52,2975.14,0.0,5000,2025-03-03 22:00:00
2026-04-06,P04,HDPE,10123.87,2160.65,0.0,5000,2025-03-02 08:00:00
2026-04-07,P04,HDPE,4368.03,5755.84,0.0,5000,2025-03-02 21:00:00
2026-04-08,P04,HDPE,4048.16,319.87,0.0,5000,2025-03-03 22:00:00
2026-04-09,P04,HDPE,1744.49,2303.67,0.0,5000,2025-03-04 22:00:00
2026-04-10,P04,HDPE,800.0,4112.0,0.0,5000,2025-03-03 17:00:00
2026-04-11,P04,HDPE,800.0,0.0,0.0,5000,2025-03-02 07:00:00
2026-04-12,P04,HDPE,800.0,4355.0,0.0,5000,2025-03-04 20:00:00
2026-04-13,P04,HDPE,800.0,3327.95,0.0,5000,2025-03-03 07:00:00
2026-04-14,P04,HDPE,800.0,7581.57,0.0,5000,2025-03-02 18:00:00
2026-04-15,P04,HDPE,31568.73,1359.26,32127.99,5000,2025-03-03 19:00:00
2026-04-16,P04,HDPE,28783.22,2785.51,0.0,5000,2025-03-02 05:00:00
2026-04-17,P04,HDPE,24341.46,4441.76,0.0,5000,2025-03-03 05:00:00
2026-04-18,P04,HDPE,22281.09,2060.37,0.0,5000,2025-03-02 19:00:00
2026-04-19,P04,HDPE,20269.72,2011.37,0.0,5000,2025-03-04 21:00:00
2026-04-20,P04,HDPE,18584.66,1685.06,0.0,5000,2025-03-03 06:00:00
2026-04-21,P04,HDPE,18584.66,0.0,0.0,5000,2025-03-04 19:00:00
2026-04-22,P04,HDPE,16076.29,2508.37,0.0,5000,2025-03-03 09:00:00
2026-04-23,P04,HDPE,14925.65,1150.64,0.0,5000,2025-03-03 16:00:00
2026-04-24,P04,HDPE,6045.83,8879.82,0.0,5000,2025-03-04 11:00:00
2026-04-25,P04,HDPE,6045.83,0.0,0.0,5000,2025-03-02 17:00:00
2026-04-26,P04,HDPE,5503.62,542.21,0.0,5000,2025-03-02 20:00:00
2026-04-27,P04,HDPE,1019.9,4483.72,0.0,5000,2025-03-02 02:00:00
2026-04-28,P04,HDPE,800.0,4143.72,0.0,5000,2025-03-02 20:00:00
2026-04-29,P04,HDPE,800.0,1764.34,0.0,5000,2025-03-02 14:00:00
2026-04-30,P04,HDPE,800.0,1245.24,0.0,5000,2025-03-04 10:00:00
2026-05-01,P04,HDPE,27748.27,750.32,27698.59,5000,2025-03-04 12:00:00
2026-05-02,P04,HDPE,25350.8,2397.47,0.0,5000,2025-03-04 01:00:00
2026-05-03,P04,HDPE,21411.98,3938.82,0.0,5000,2025-03-04 09:00:00
2026-05-04,P04,HDPE,20054.62,1357.36,0.0,5000,2025-03-02 14:00:00
2026-05-05,P04,HDPE,14419.6,5635.02,0.0,5000,2025-03-03 12:00:00
2026-05-06,P04,HDPE,12123.75,2295.85,0.0,5000,2025-03-03 02:00:00
2026-05-07,P04,HDPE,11689.81,433.94,0.0,5000,2025-03-02 03:00:00
2026-05-08,P04,HDPE,7190.92,4498.89,0.0,5000,2025-03-04 07:00:00
2026-05-09,P04,HDPE,3144.17,4046.75,0.0,5000,2025-03-02 22:00:00
2026-05-10,P04,HDPE,800.0,3313.57,0.0,5000,2025-03-02 08:00:00
2026-05-11,P04,HDPE,800.0,1167.42,0.0,5000,2025-03-03 12:00:00
2026-05-12,P04,HDPE,800.0,6538.11,0.0,5000,2025-03-03 22:00:00
2026-05-13,P04,HDPE,800.0,3194.49,0.0,5000,2025-03-04 18:00:00
2026-05-14,P04,HDPE,800.0,816.62,0.0,5000,2025-03-04 21:00:00
2026-05-15,P04,HDPE,22804.56,0.0,22004.56,5000,2025-03-03 03:00:00
2026-05-16,P04,HDPE,21296.86,1507.7,0.0,5000,2025-03-04 01:00:00
2026-05-17,P04,HDPE,18228.1,3068.76,0.0,5000,2025-03-04 05:00:00
2026-05-18,P04,HDPE,16897.5,1330.6,0.0,5000,2025-03-02 19:00:00
2026-05-19,P04,HDPE,15272.78,1624.72,0.0,5000,2025-03-02 14:00:00
2026-05-20,P04,HDPE,13447.61,1825.17,0.0,5000,2025-03-04 20:00:00
2026-05-21,P04,HDPE,13447.61,0.0,0.0,5000,2025-03-03 16:00:00
2026-05-22,P04,HDPE,13447.61,0.0,0.0,5000,2025-03-04 11:00:00
2026-05-23,P04,HDPE,11640.44,1807.17,0.0,5000,2025-03-04 04:00:00
2026-05-24,P04,HDPE,11640.44,0.0,0.0,5000,2025-03-04 06:00:00
2026-05-25,P04,HDPE,6984.66,4655.78,0.0,5000,2025-03-02 20:00:00
2026-05-26,P04,HDPE,5459.48,1525.18,0.0,5000,2025-03-02 04:00:00
2026-05-27,P04,HDPE,4235.17,1224.31,0.0,5000,2025-03-03 06:00:00
2026-05-28,P04,HDPE,1634.58,2600.59,0.0,5000,2025-03-02 10:00:00
2026-05-29,P04,HDPE,1060.19,574.39,0.0,5000,2025-03-04 03:00:00
2026-05-30,P04,HDPE,800.0,8015.12,0.0,5000,2025-03-04 17:00:00
2026-05-31,P04,HDPE,800.0,541.29,0.0,5000,2025-03-03 18:00:00
2026-06-01,P04,HDPE,18456.22,4399.9,22056.12,5000,2025-03-03 11:00:00
2026-06-02,P04,HDPE,13443.24,5012.98,0.0,5000,2025-03-03 05:00:00
2026-06-03,P04,HDPE,9047.26,4395.98,0.0,5000,2025-03-03 17:00:00
2026-06-04,P04,HDPE,7912.85,1134.41,0.0,5000,2025-03-04 08:00:00
2026-06-05,P04,HDPE,7912.85,0.0,0.0,5000,2025-03-02 07:00:00
2026-06-06,P04,HDPE,7912.85,0.0,0.0,5000,2025-03-04 06:00:00
2026-06-07,P04,HDPE,6535.43,1377.42,0.0,5000,2025-03-02 09:00:00
2026-06-08,P04,HDPE,3807.27,2728.16,0.0,5000,2025-03-02 20:00:00
2026-06-09,P04,HDPE,1353.01,2454.26,0.0,5000,2025-03-02 03:00:00
2026-06-10,P04,HDPE,800.0,2400.87,0.0,5000,2025-03-03 08:00:00
2026-06-11,P04,HDPE,800.0,456.24,0.0,5000,2025-03-02 04:00:00
2026-06-12,P04,HDPE,800.0,566.34,0.0,5000,2025-03-02 20:00:00
2026-06-13,P04,HDPE,800.0,2664.29,0.0,5000,2025-03-04 01:00:00
2026-06-14,P04,HDPE,800.0,8833.46,0.0,5000,2025-03-03 09:00:00
2026-06-15,P04,HDPE,22927.12,5686.14,27813.26,5000,2025-03-04 09:00:00
2026-06-16,P04,HDPE,20250.07,2677.05,0.0,5000,2025-03-02 12:00:00
2026-06-17,P04,HDPE,20250.07,0.0,0.0,5000,2025-03-02 06:00:00
2026-06-18,P04,HDPE,15459.81,4790.26,0.0,5000,2025-03-04 06:00:00
2026-06-19,P04,HDPE,13555.82,1903.99,0.0,5000,2025-03-02 20:00:00
2026-06-20,P04,HDPE,7340.82,6215.0,0.0,5000,2025-03-02 09:00:00
2026-06-21,P04,HDPE,7340.82,0.0,0.0,5000,2025-03-02 18:00:00
2026-06-22,P04,HDPE,4946.36,2394.46,0.0,5000,2025-03-02 16:00:00
2026-06-23,P04,HDPE,1789.74,3156.62,0.0,5000,2025-03-03 18:00:00
2026-06-24,P04,HDPE,800.0,1219.8,0.0,5000,2025-03-02 02:00:00
2026-06-25,P04,HDPE,800.0,9752.92,0.0,5000,2025-03-02 17:00:00
2026-06-26,P04,HDPE,800.0,0.0,0.0,5000,2025-03-03 18:00:00
2026-06-27,P04,HDPE,800.0,866.94,0.0,5000,2025-03-02 00:00:00
2026-06-28,P04,HDPE,800.0,2351.08,0.0,5000,2025-03-04 03:00:00
2026-06-29,P04,HDPE,800.0,588.19,0.0,5000,2025-03-03 08:00:00
2026-06-30,P04,HDPE,800.0,2366.07,0.0,5000,2025-03-04 03:00:00
2025-01-01,P04,PP,71187.65,1505.97,25879.65,5000,2025-03-03 13:00:00
2025-01-02,P04,PP,69842.56,1345.09,0.0,5000,2025-03-04 17:00:00
2025-01-03,P04,PP,67679.14,2163.42,0.0,5000,2025-03-03 01:00:00
2025-01-04,P04,PP,65061.17,2617.97,0.0,5000,2025-03-04 17:00:00
2025-01-05,P04,PP,63205.46,1855.71,0.0,5000,2025-03-04 13:00:00
2025-01-06,P04,PP,62679.11,526.35,0.0,5000,2025-03-03 22:00:00
2025-01-07,P04,PP,59763.02,2916.09,0.0,5000,2025-03-04 21:00:00
2025-01-08,P04,PP,57498.09,2264.93,0.0,5000,2025-03-03 18:00:00
2025-01-09,P04,PP,55023.55,2474.54,0.0,5000,2025-03-03 17:00:00
2025-01-10,P04,PP,54010.27,1013.28,0.0,5000,2025-03-02 11:00:00
2025-01-11,P04,PP,51675.92,2334.35,0.0,5000,2025-03-04 05:00:00
2025-01-12,P04,PP,48251.26,3424.66,0.0,5000,2025-03-02 10:00:00
2025-01-13,P04,PP,47017.69,1233.57,0.0,5000,2025-03-02 10:00:00
2025-01-14,P04,PP,46557.17,460.52,0.0,5000,2025-03-02 07:00:00
2025-01-15,P04,PP,79677.88,68.4,33189.11,5000,2025-03-03 21:00:00
2025-01-16,P04,PP,76764.82,2913.06,0.0,5000,2025-03-04 02:00:00
2025-01-17,P04,PP,76103.41,661.41,0.0,5000,2025-03-03 16:00:00
2025-01-18,P04,PP,75714.71,388.7,0.0,5000,2025-03-04 17:00:00
2025-01-19,P04,PP,72252.68,3462.03,0.0,5000,2025-03-03 22:00:00
2025-01-20,P04,PP,70088.18,2164.5,0.0,5000,2025-03-03 00:00:00
2025-01-21,P04,PP,68000.1,2088.08,0.0,5000,2025-03-03 22:00:00
2025-01-22,P04,PP,67407.77,592.33,0.0,5000,2025-03-03 05:00:00
2025-01-23,P04,PP,66262.02,1145.75,0.0,5000,2025-03-02 16:00:00
2025-01-24,P04,PP,64943.63,1318.39,0.0,5000,2025-03-02 02:00:00
2025-01-25,P04,PP,62946.17,1997.46,0.0,5000,2025-03-04 01:00:00
2025-01-26,P04,PP,61737.31,1208.86,0.0,5000,2025-03-03 19:00:00
2025-01-27,P04,PP,60718.74,1018.57,0.0,5000,2025-03-02 04:00:00
2025-01-28,P04,PP,59008.09,1710.65,0.0,5000,2025-03-02 10:00:00
2025-01-29,P04,PP,57491.46,1516.63,0.0,5000,2025-03-03 02:00:00
2025-01-30,P04,PP,56589.56,901.9,0.0,5000,2025-03-03 06:00:00
2025-01-31,P04,PP,53631.91,2957.65,0.0,5000,2025-03-04 22:00:00
2025-02-01,P04,PP,75182.27,2338.58,23888.94,5000,2025-03-02 18:00:00
2025-02-02,P04,PP,74334.08,848.19,0.0,5000,2025-03-02 20:00:00
2025-02-03,P04,PP,72579.37,1754.71,0.0,5000,2025-03-02 22:00:00
2025-02-04,P04,PP,71914.2,665.17,0.0,5000,2025-03-04 17:00:00
2025-02-05,P04,PP,71558.71,355.49,0.0,5000,2025-03-04 12:00:00
2025-02-06,P04,PP,71060.35,498.36,0.0,5000,2025-03-02 13:00:00
2025-02-07,P04,PP,65477.89,5582.46,0.0,5000,2025-03-03 09:00:00
2025-02-08,P04,PP,62334.15,3143.74,0.0,5000,2025-03-02 07:00:00
2025-02-09,P04,PP,60454.97,1879.18,0.0,5000,2025-03-02 17:00:00
2025-02-10,P04,PP,60295.11,159.86,0.0,5000,2025-03-04 14:00:00
2025-02-11,P04,PP,60044.55,250.56,0.0,5000,2025-03-02 01:00:00
2025-02-12,P04,PP,58261.0,1783.55,0.0,5000,2025-03-03 22:00:00
2025-02-13,P04,PP,57698.52,562.48,0.0,5000,2025-03-03 03:00:00
2025-02-14,P04,PP,56667.58,1030.94,0.0,5000,2025-03-03 02:00:00
2025-02-15,P04,PP,82399.7,1708.76,27440.89,5000,2025-03-02 17:00:00
2025-02-16,P04,PP,80126.61,2273.09,0.0,5000,2025-03-03 06:00:00
2025-02-17,P04,PP,79128.28,998.33,0.0,5000,2025-03-03 09:00:00
2025-02-18,P04,PP,77612.34,1515.94,0.0,5000,2025-03-04 09:00:00
2025-02-19,P04,PP,77612.34,0.0,0.0,5000,2025-03-02 00:00:00
2025-02-20,P04,PP,74564.5,3047.84,0.0,5000,2025-03-02 12:00:00
2025-02-21,P04,PP,70533.98,4030.52,0.0,5000,2025-03-02 07:00:00
2025-02-22,P04,PP,65841.46,4692.52,0.0,5000,2025-03-02 19:00:00
2025-02-23,P04,PP,62401.69,3439.77,0.0,5000,2025-03-02 10:00:00
2025-02-24,P04,PP,59374.46,3027.23,0.0,5000,2025-03-03 12:00:00
2025-02-25,P04,PP,57958.77,1415.69,0.0,5000,2025-03-02 09:00:00
2025-02-26,P04,PP,57166.14,792.63,0.0,5000,2025-03-02 11:00:00
2025-02-27,P04,PP,55655.09,1511.05,0.0,5000,2025-03-04 01:00:00
2025-02-28,P04,PP,54538.18,1116.91,0.0,5000,2025-03-04 00:00:00
2025-03-01,P04,PP,81047.67,0.0,26509.48,5000,2025-03-03 07:00:00
2025-03-02,P04,PP,79842.09,1205.58,0.0,5000,2025-03-02 06:00:00
2025-03-03,P04,PP,74995.71,4846.38,0.0,5000,2025-03-02 00:00:00
2025-03-04,P04,PP,73900.9,1094.81,0.0,5000,2025-03-02 00:00:00
2025-03-05,P04,PP,69169.99,4730.91,0.0,5000,2025-03-03 07:00:00
2025-03-06,P04,PP,68219.62,950.37,0.0,5000,2025-03-04 02:00:00
2025-03-07,P04,PP,66972.07,1247.55,0.0,5000,2025-03-03 09:00:00
2025-03-08,P04,PP,65477.09,1494.98,0.0,5000,2025-03-02 05:00:00
2025-03-09,P04,PP,63216.33,2260.76,0.0,5000,2025-03-03 02:00:00
2025-03-10,P04,PP,60342.08,2874.25,0.0,5000,2025-03-04 06:00:00
2025-03-11,P04,PP,59526.39,815.69,0.0,5000,2025-03-03 03:00:00
2025-03-12,P04,PP,58187.1,1339.29,0.0,5000,2025-03-02 04:00:00
2025-03-13,P04,PP,58187.1,0.0,0.0,5000,2025-03-04 11:00:00
2025-03-14,P04,PP,56956.09,1231.01,0.0,5000,2025-03-02 10:00:00
2025-03-15,P04,PP,81101.46,161.25,24306.63,5000,2025-03-03 15:00:00
2025-03-16,P04,PP,79651.89,1449.57,0.0,5000,2025-03-04 00:00:00
2025-03-17,P04,PP,76730.33,2921.56,0.0,5000,2025-03-03 21:00:00
2025-03-18,P04,PP,76730.33,0.0,0.0,5000,2025-03-02 10:00:00
2025-03-19,P04,PP,76102.08,628.25,0.0,5000,2025-03-04 06:00:00
2025-03-20,P04,PP,73185.29,2916.79,0.0,5000,2025-03-02 07:00:00
2025-03-21,P04,PP,72321.69,863.6,0.0,5000,2025-03-02 15:00:00
2025-03-22,P04,PP,69090.25,3231.44,0.0,5000,2025-03-02 21:00:00
2025-03-23,P04,PP,66279.77,2810.48,0.0,5000,2025-03-03 21:00:00
2025-03-24,P04,PP,61760.1,4519.67,0.0,5000,2025-03-04 18:00:00
2025-03-25,P04,PP,57136.45,4623.65,0.0,5000,2025-03-03 15:00:00
2025-03-26,P04,PP,55090.26,2046.19,0.0,5000,2025-03-02 15:00:00
2025-03-27,P04,PP,53470.02,1620.24,0.0,5000,2025-03-02 13:00:00
2025-03-28,P04,PP,52670.9,799.12,0.0,5000,2025-03-02 11:00:00
2025-03-29,P04,PP,50870.84,1800.06,0.0,5000,2025-03-04 12:00:00
2025-03-30,P04,PP,48878.89,1991.95,0.0,5000,2025-03-02 04:00:00
2025-03-31,P04,PP,48626.84,252.05,0.0,5000,2025-03-04 06:00:00
2025-04-01,P04,PP,67067.95,2788.08,21229.19,5000,2025-03-04 12:00:00
2025-04-02,P04,PP,65740.88,1327.07,0.0,5000,2025-03-03 22:00:00
2025-04-03,P04,PP,64648.65,1092.23,0.0,5000,2025-03-02 00:00:00
2025-04-04,P04,PP,62725.19,1923.46,0.0,5000,2025-03-03 19:00:00
2025-04-05,P04,PP,60205.14,2520.05,0.0,5000,2025-03-03 12:00:00
2025-04-06,P04,PP,58300.24,1904.9,0.0,5000,2025-03-03 16:00:00
2025-04-07,P04,PP,56549.35,1750.89,0.0,5000,2025-03-04 20:00:00
2025-04-08,P04,PP,53096.06,3453.29,0.0,5000,2025-03-03 07:00:00
2025-04-09,P04,PP,52208.13,887.93,0.0,5000,2025-03-04 07:00:00
2025-04-10,P04,PP,49724.6,2483.53,0.0,5000,2025-03-03 06:00:00
2025-04-11,P04,PP,48272.87,1451.73,0.0,5000,2025-03-02 07:00:00
2025-04-12,P04,PP,47571.92,700.95,0.0,5000,2025-03-04 04:00:00
2025-04-13,P04,PP,46696.47,875.45,0.0,5000,2025-03-03 01:00:00
2025-04-14,P04,PP,44843.95,1852.52,0.0,5000,2025-03-02 15:00:00
2025-04-15,P04,PP,67292.51,1095.7,23544.26,5000,2025-03-02 06:00:00
2025-04-16,P04,PP,63549.2,3743.31,0.0,5000,2025-03-03 21:00:00
2025-04-17,P04,PP,61543.26,2005.94,0.0,5000,2025-03-04 05:00:00
2025-04-18,P04,PP,59689.55,1853.71,0.0,5000,2025-03-03 18:00:00
2025-04-19,P04,PP,58196.62,1492.93,0.0,5000,2025-03-02 18:00:00
2025-04-20,P04,PP,57710.5,486.12,0.0,5000,2025-03-04 20:00:00
2025-04-21,P04,PP,55383.18,2327.32,0.0,5000,2025-03-04 04:00:00
2025-04-22,P04,PP,54360.96,1022.22,0.0,5000,2025-03-02 19:00:00
2025-04-23,P04,PP,53645.42,715.54,0.0,5000,2025-03-03 04:00:00
2025-04-24,P04,PP,53645.42,0.0,0.0,5000,2025-03-03 14:00:00
2025-04-25,P04,PP,52249.81,1395.61,0.0,5000,2025-03-03 03:00:00
2025-04-26,P04,PP,50495.96,1753.85,0.0,5000,2025-03-03 14:00:00
2025-04-27,P04,PP,47479.93,3016.03,0.0,5000,2025-03-03 13:00:00
2025-04-28,P04,PP,45696.43,1783.5,0.0,5000,2025-03-04 04:00:00
2025-04-29,P04,PP,44849.15,847.28,0.0,5000,2025-03-03 10:00:00
2025-04-30,P04,PP,43141.25,1707.9,0.0,5000,2025-03-02 15:00:00
2025-05-01,P04,PP,63418.88,989.38,21267.01,5000,2025-03-03 12:00:00
2025-05-02,P04,PP,60672.16,2746.72,0.0,5000,2025-03-02 12:00:00
2025-05-03,P04,PP,56821.01,3851.15,0.0,5000,2025-03-04 04:00:00
2025-05-04,P04,PP,54141.01,2680.0,0.0,5000,2025-03-04 12:00:00
2025-05-05,P04,PP,53008.28,1132.73,0.0,5000,2025-03-03 11:00:00
2025-05-06,P04,PP,50461.0,2547.28,0.0,5000,2025-03-03 20:00:00
2025-05-07,P04,PP,49384.54,1076.46,0.0,5000,2025-03-03 15:00:00
2025-05-08,P04,PP,47192.29,2192.25,0.0,5000,2025-03-02 12:00:00
2025-05-09,P04,PP,45755.46,1436.83,0.0,5000,2025-03-03 18:00:00
2025-05-10,P04,PP,44641.2,1114.26,0.0,5000,2025-03-03 02:00:00
2025-05-11,P04,PP,42387.27,2253.93,0.0,5000,2025-03-02 01:00:00
2025-05-12,P04,PP,40764.68,1622.59,0.0,5000,2025-03-02 17:00:00
2025-05-13,P04,PP,40532.73,231.95,0.0,5000,2025-03-02 17:00:00
2025-05-14,P04,PP,39188.17,1344.56,0.0,5000,2025-03-04 16:00:00
2025-05-15,P04,PP,65347.59,351.6,26511.02,5000,2025-03-02 09:00:00
2025-05-16,P04,PP,63729.32,1618.27,0.0,5000,2025-03-02 22:00:00
2025-05-17,P04,PP,61977.62,1751.7,0.0,5000,2025-03-03 16:00:00
2025-05-18,P04,PP,61678.07,299.55,0.0,5000,2025-03-02 09:00:00
2025-05-19,P04,PP,58009.58,3668.49,0.0,5000,2025-03-02 12:00:00
2025-05-20,P04,PP,56395.22,1614.36,0.0,5000,2025-03-02 10:00:00
2025-05-21,P04,PP,55922.75,472.47,0.0,5000,2025-03-03 13:00:00
2025-05-22,P04,PP,53051.14,2871.61,0.0,5000,2025-03-03 01:00:00
2025-05-23,P04,PP,51083.11,1968.03,0.0,5000,2025-03-02 16:00:00
2025-05-24,P04,PP,49327.08,1756.03,0.0,5000,2025-03-04 13:00:00
2025-05-25,P04,PP,49327.08,0.0,0.0,5000,2025-03-02 07:00:00
2025-05-26,P04,PP,49066.49,260.59,0.0,5000,2025-03-04 11:00:00
2025-05-27,P04,PP,48667.69,398.8,0.0,5000,2025-03-03 19:00:00
2025-05-28,P04,PP,48099.86,567.83,0.0,5000,2025-03-04 19:00:00
2025-05-29,P04,PP,47830.13,269.73,0.0,5000,2025-03-04 09:00:00
2025-05-30,P04,PP,45411.7,2418.43,0.0,5000,2025-03-03 03:00:00
2025-05-31,P04,PP,43893.43,1518.27,0.0,5000,2025-03-04 00:00:00
2025-06-01,P04,PP,66471.36,178.81,22756.75,5000,2025-03-04 05:00:00
2025-06-02,P04,PP,64960.65,1510.71,0.0,5000,2025-03-02 17:00:00
2025-06-03,P04,PP,60931.39,4029.26,0.0,5000,2025-03-02 00:00:00
2025-06-04,P04,PP,58964.23,1967.16,0.0,5000,2025-03-03 20:00:00
2025-06-05,P04,PP,55761.3,3202.93,0.0,5000,2025-03-03 22:00:00
2025-06-06,P04,PP,54038.87,1722.43,0.0,5000,2025-03-04 17:00:00
2025-06-07,P04,PP,52333.44,1705.43,0.0,5000,2025-03-03 04:00:00
2025-06-08,P04,PP,51023.46,1309.98,0.0,5000,2025-03-03 13:00:00
2025-06-09,P04,PP,49668.68,1354.78,0.0,5000,2025-03-03 13:00:00
2025-06-10,P04,PP,46677.28,2991.4,0.0,5000,2025-03-02 22:00:00
2025-06-11,P04,PP,46159.9,517.38,0.0,5000,2025-03-03 19:00:00
2025-06-12,P04,PP,45016.67,1143.23,0.0,5000,2025-03-02 18:00:00
2025-06-13,P04,PP,44200.82,815.85,0.0,5000,2025-03-04 07:00:00
2025-06-14,P04,PP,41885.19,2315.63,0.0,5000,2025-03-04 12:00:00
2025-06-15,P04,PP,67604.24,1348.02,27067.07,5000,2025-03-03 21:00:00
2025-06-16,P04,PP,66863.03,741.21,0.0,5000,2025-03-03 11:00:00
2025-06-17,P04,PP,64160.59,2702.44,0.0,5000,2025-03-03 06:00:00
2025-06-18,P04,PP,62309.68,1850.91,0.0,5000,2025-03-02 10:00:00
2025-06-19,P04,PP,61696.67,613.01,0.0,5000,2025-03-03 02:00:00
2025-06-20,P04,PP,57392.89,4303.78,0.0,5000,2025-03-04 14:00:00
2025-06-21,P04,PP,57017.4,375.49,0.0,5000,2025-03-04 12:00:00
2025-06-22,P04,PP,56592.61,424.79,0.0,5000,2025-03-02 14:00:00
2025-06-23,P04,PP,55565.68,1026.93,0.0,5000,2025-03-03 02:00:00
2025-06-24,P04,PP,55383.12,182.56,0.0,5000,2025-03-03 20:00:00
2025-06-25,P04,PP,54315.29,1067.83,0.0,5000,2025-03-02 20:00:00
2025-06-26,P04,PP,54115.77,199.52,0.0,5000,2025-03-03 01:00:00
2025-06-27,P04,PP,53755.8,359.97,0.0,5000,2025-03-03 22:00:00
2025-06-28,P04,PP,53129.92,625.88,0.0,5000,2025-03-02 22:00:00
2025-06-29,P04,PP,50705.2,2424.72,0.0,5000,2025-03-02 21:00:00
2025-06-30,P04,PP,49174.29,1530.91,0.0,5000,2025-03-02 08:00:00
2025-07-01,P04,PP,78446.64,2369.91,31642.26,5000,2025-03-02 11:00:00
2025-07-02,P04,PP,75288.42,3158.22,0.0,5000,2025-03-03 22:00:00
2025-07-03,P04,PP,73605.3,1683.12,0.0,5000,2025-03-03 20:00:00
2025-07-04,P04,PP,72265.02,1340.28,0.0,5000,2025-03-04 02:00:00
2025-07-05,P04,PP,70154.97,2110.05,0.0,5000,2025-03-02 03:00:00
2025-07-06,P04,PP,69551.6,603.37,0.0,5000,2025-03-02 04:00:00
2025-07-07,P04,PP,67640.24,1911.36,0.0,5000,2025-03-02 04:00:00
2025-07-08,P04,PP,65461.96,2178.28,0.0,5000,2025-03-02 07:00:00
2025-07-09,P04,PP,64209.33,1252.63,0.0,5000,2025-03-03 05:00:00
2025-07-10,P04,PP,62288.64,1920.69,0.0,5000,2025-03-04 21:00:00
2025-07-11,P04,PP,61560.47,728.17,0.0,5000,2025-03-03 14:00:00
2025-07-12,P04,PP,59383.17,2177.3,0.0,5000,2025-03-03 06:00:00
2025-07-13,P04,PP,57953.02,1430.15,0.0,5000,2025-03-03 11:00:00
2025-07-14,P04,PP,56637.42,1315.6,0.0,5000,2025-03-04 18:00:00
2025-07-15,P04,PP,80168.7,2690.15,26221.43,5000,2025-03-02 14:00:00
2025-07-16,P04,PP,78285.94,1882.76,0.0,5000,2025-03-04 06:00:00
2025-07-17,P04,PP,77840.73,445.21,0.0,5000,2025-03-02 10:00:00
2025-07-18,P04,PP,77510.84,329.89,0.0,5000,2025-03-04 18:00:00
2025-07-19,P04,PP,74012.36,3498.48,0.0,5000,2025-03-02 20:00:00
2025-07-20,P04,PP,73457.1,555.26,0.0,5000,2025-03-02 19:00:00
2025-07-21,P04,PP,73457.1,0.0,0.0,5000,2025-03-02 00:00:00
2025-07-22,P04,PP,71532.67,1924.43,0.0,5000,2025-03-03 00:00:00
2025-07-23,P04,PP,68149.42,3383.25,0.0,5000,2025-03-03 20:00:00
2025-07-24,P04,PP,67157.33,992.09,0.0,5000,2025-03-02 20:00:00
2025-07-25,P04,PP,67157.33,0.0,0.0,5000,2025-03-02 15:00:00
2025-07-26,P04,PP,63973.12,3184.21,0.0,5000,2025-03-03 08:00:00
2025-07-27,P04,PP,63106.65,866.47,0.0,5000,2025-03-03 02:00:00
2025-07-28,P04,PP,62048.13,1058.52,0.0,5000,2025-03-02 12:00:00
2025-07-29,P04,PP,60522.12,1526.01,0.0,5000,2025-03-04 06:00:00
2025-07-30,P04,PP,58981.84,1540.28,0.0,5000,2025-03-04 01:00:00
2025-07-31,P04,PP,56508.96,2472.88,0.0,5000,2025-03-04 20:00:00
2025-08-01,P04,PP,80429.57,2236.77,26157.38,5000,2025-03-03 09:00:00
2025-08-02,P04,PP,78403.79,2025.78,0.0,5000,2025-03-04 12:00:00
2025-08-03,P04,PP,73817.72,4586.07,0.0,5000,2025-03-02 03:00:00
2025-08-04,P04,PP,72439.72,1378.0,0.0,5000,2025-03-04 22:00:00
2025-08-05,P04,PP,69461.81,2977.91,0.0,5000,2025-03-02 16:00:00
2025-08-06,P04,PP,66157.33,3304.48,0.0,5000,2025-03-03 07:00:00
2025-08-07,P04,PP,65078.06,1079.27,0.0,5000,2025-03-04 16:00:00
2025-08-08,P04,PP,62666.79,2411.27,0.0,5000,2025-03-04 22:00:00
2025-08-09,P04,PP,60269.78,2397.01,0.0,5000,2025-03-03 03:00:00
2025-08-10,P04,PP,59074.7,1195.08,0.0,5000,2025-03-03 14:00:00
2025-08-11,P04,PP,57996.56,1078.14,0.0,5000,2025-03-04 14:00:00
2025-08-12,P04,PP,55444.11,2552.45,0.0,5000,2025-03-03 02:00:00
2025-08-13,P04,PP,53314.04,2130.07,0.0,5000,2025-03-02 02:00:00
2025-08-14,P04,PP,51407.03,1907.01,0.0,5000,2025-03-04 08:00:00
2025-08-15,P04,PP,71630.26,2256.46,22479.68,5000,2025-03-02 20:00:00
2025-08-16,P04,PP,69315.39,2314.87,0.0,5000,2025-03-02 17:00:00
2025-08-17,P04,PP,69179.28,136.11,0.0,5000,2025-03-02 00:00:00
2025-08-18,P04,PP,67836.28,1343.0,0.0,5000,2025-03-03 12:00:00
2025-08-19,P04,PP,65207.73,2628.55,0.0,5000,2025-03-04 00:00:00
2025-08-20,P04,PP,60428.29,4779.44,0.0,5000,2025-03-04 04:00:00
2025-08-21,P04,PP,58714.05,1714.24,0.0,5000,2025-03-02 08:00:00
2025-08-22,P04,PP,58623.57,90.48,0.0,5000,2025-03-04 16:00:00
2025-08-23,P04,PP,56421.66,2201.91,0.0,5000,2025-03-04 20:00:00
2025-08-24,P04,PP,54003.19,2418.47,0.0,5000,2025-03-02 02:00:00
2025-08-25,P04,PP,53035.13,968.06,0.0,5000,2025-03-04 02:00:00
2025-08-26,P04,PP,51211.76,1823.37,0.0,5000,2025-03-04 07:00:00
2025-08-27,P04,PP,48595.86,2615.9,0.0,5000,2025-03-03 19:00:00
2025-08-28,P04,PP,45298.85,3297.01,0.0,5000,2025-03-03 07:00:00
2025-08-29,P04,PP,43827.16,1471.69,0.0,5000,2025-03-02 01:00:00
2025-08-30,P04,PP,42919.3,907.86,0.0,5000,2025-03-04 19:00:00
2025-08-31,P04,PP,40982.63,1936.67,0.0,5000,2025-03-02 16:00:00
2025-09-01,P04,PP,62301.1,2680.75,23999.22,5000,2025-03-03 20:00:00
2025-09-02,P04,PP,61823.82,477.28,0.0,5000,2025-03-03 22:00:00
2025-09-03,P04,PP,60396.44,1427.38,0.0,5000,2025-03-02 03:00:00
2025-09-04,P04,PP,59139.04,1257.4,0.0,5000,2025-03-02 09:00:00
2025-09-05,P04,PP,57609.84,1529.2,0.0,5000,2025-03-03 10:00:00
2025-09-06,P04,PP,57609.84,0.0,0.0,5000,2025-03-03 03:00:00
2025-09-07,P04,PP,55040.4,2569.44,0.0,5000,2025-03-02 16:00:00
2025-09-08,P04,PP,53567.62,1472.78,0.0,5000,2025-03-04 05:00:00
2025-09-09,P04,PP,51172.26,2395.36,0.0,5000,2025-03-04 05:00:00
2025-09-10,P04,PP,49916.25,1256.01,0.0,5000,2025-03-04 14:00:00
2025-09-11,P04,PP,48029.03,1887.22,0.0,5000,2025-03-04 21:00:00
2025-09-12,P04,PP,43952.72,4076.31,0.0,5000,2025-03-02 22:00:00
2025-09-13,P04,PP,43187.58,765.14,0.0,5000,2025-03-04 06:00:00
2025-09-14,P04,PP,42428.24,759.34,0.0,5000,2025-03-03 05:00:00
2025-09-15,P04,PP,67300.04,6027.22,30899.02,5000,2025-03-02 07:00:00
2025-09-16,P04,PP,65928.13,1371.91,0.0,5000,2025-03-03 04:00:00
2025-09-17,P04,PP,65313.34,614.79,0.0,5000,2025-03-02 22:00:00
2025-09-18,P04,PP,63076.77,2236.57,0.0,5000,2025-03-04 09:00:00
2025-09-19,P04,PP,60899.88,2176.89,0.0,5000,2025-03-02 20:00:00
2025-09-20,P04,PP,55014.24,5885.64,0.0,5000,2025-03-02 17:00:00
2025-09-21,P04,PP,52718.32,2295.92,0.0,5000,2025-03-02 18:00:00
2025-09-22,P04,PP,52453.46,264.86,0.0,5000,2025-03-04 02:00:00
2025-09-23,P04,PP,51090.89,1362.57,0.0,5000,2025-03-03 04:00:00
2025-09-24,P04,PP,50164.79,926.1,0.0,5000,2025-03-03 00:00:00
2025-09-25,P04,PP,47943.3,2221.49,0.0,5000,2025-03-02 15:00:00
2025-09-26,P04,PP,44734.99,3208.31,0.0,5000,2025-03-02 02:00:00
2025-09-27,P04,PP,43565.27,1169.72,0.0,5000,2025-03-03 11:00:00
2025-09-28,P04,PP,43565.27,0.0,0.0,5000,2025-03-03 08:00:00
2025-09-29,P04,PP,41739.48,1825.79,0.0,5000,2025-03-02 20:00:00
2025-09-30,P04,PP,41005.4,734.08,0.0,5000,2025-03-02 18:00:00
2025-10-01,P04,PP,62317.78,2360.31,23672.7,5000,2025-03-04 20:00:00
2025-10-02,P04,PP,59853.08,2464.7,0.0,5000,2025-03-03 14:00:00
2025-10-03,P04,PP,56389.02,3464.06,0.0,5000,2025-03-03 09:00:00
2025-10-04,P04,PP,55380.02,1009.0,0.0,5000,2025-03-02 07:00:00
2025-10-05,P04,PP,53704.55,1675.47,0.0,5000,2025-03-03 12:00:00
2025-10-06,P04,PP,49447.12,4257.43,0.0,5000,2025-03-02 07:00:00
2025-10-07,P04,PP,46205.4,3241.72,0.0,5000,2025-03-04 21:00:00
2025-10-08,P04,PP,45169.45,1035.95,0.0,5000,2025-03-03 22:00:00
2025-10-09,P04,PP,43977.73,1191.72,0.0,5000,2025-03-03 14:00:00
2025-10-10,P04,PP,43461.29,516.44,0.0,5000,2025-03-02 15:00:00
2025-10-11,P04,PP,42934.19,527.1,0.0,5000,2025-03-02 11:00:00
2025-10-12,P04,PP,41612.73,1321.46,0.0,5000,2025-03-03 12:00:00
2025-10-13,P04,PP,41354.98,257.75,0.0,5000,2025-03-04 05:00:00
2025-10-14,P04,PP,41070.79,284.19,0.0,5000,2025-03-03 02:00:00
2025-10-15,P04,PP,59973.64,1665.13,20567.98,5000,2025-03-03 02:00:00
2025-10-16,P04,PP,59091.12,882.52,0.0,5000,2025-03-03 06:00:00
2025-10-17,P04,PP,57596.77,1494.35,0.0,5000,2025-03-03 21:00:00
2025-10-18,P04,PP,56894.16,702.61,0.0,5000,2025-03-04 21:00:00
2025-10-19,P04,PP,55817.65,1076.51,0.0,5000,2025-03-03 02:00:00
2025-10-20,P04,PP,52771.11,3046.54,0.0,5000,2025-03-02 16:00:00
2025-10-21,P04,PP,51641.02,1130.09,0.0,5000,2025-03-04 04:00:00
2025-10-22,P04,PP,49395.8,2245.22,0.0,5000,2025-03-04 00:00:00
2025-10-23,P04,PP,45688.96,3706.84,0.0,5000,2025-03-04 00:00:00
2025-10-24,P04,PP,39421.15,6267.81,0.0,5000,2025-03-04 19:00:00
2025-10-25,P04,PP,36326.09,3095.06,0.0,5000,2025-03-02 19:00:00
2025-10-26,P04,PP,35653.09,673.0,0.0,5000,2025-03-02 14:00:00
2025-10-27,P04,PP,31747.62,3905.47,0.0,5000,2025-03-04 22:00:00
2025-10-28,P04,PP,29455.89,2291.73,0.0,5000,2025-03-02 09:00:00
2025-10-29,P04,PP,26195.86,3260.03,0.0,5000,2025-03-03 22:00:00
2025-10-30,P04,PP,24008.95,2186.91,0.0,5000,2025-03-03 06:00:00
2025-10-31,P04,PP,23346.78,662.17,0.0,5000,2025-03-02 04:00:00
2025-11-01,P04,PP,54120.01,2850.52,33623.75,5000,2025-03-03 19:00:00
2025-11-02,P04,PP,53869.24,250.77,0.0,5000,2025-03-03 08:00:00
2025-11-03,P04,PP,51141.15,2728.09,0.0,5000,2025-03-02 22:00:00
2025-11-04,P04,PP,49941.64,1199.51,0.0,5000,2025-03-03 00:00:00
2025-11-05,P04,PP,49163.42,778.22,0.0,5000,2025-03-03 19:00:00
2025-11-06,P04,PP,46675.67,2487.75,0.0,5000,2025-03-02 18:00:00
2025-11-07,P04,PP,42095.31,4580.36,0.0,5000,2025-03-02 16:00:00
2025-11-08,P04,PP,41169.43,925.88,0.0,5000,2025-03-02 01:00:00
2025-11-09,P04,PP,39960.01,1209.42,0.0,5000,2025-03-03 16:00:00
2025-11-10,P04,PP,39231.19,728.82,0.0,5000,2025-03-04 03:00:00
2025-11-11,P04,PP,35763.16,3468.03,0.0,5000,2025-03-03 10:00:00
2025-11-12,P04,PP,31762.97,4000.19,0.0,5000,2025-03-03 13:00:00
2025-11-13,P04,PP,31128.79,634.18,0.0,5000,2025-03-02 16:00:00
2025-11-14,P04,PP,29354.77,1774.02,0.0,5000,2025-03-02 14:00:00
2025-11-15,P04,PP,60644.44,613.41,31903.08,5000,2025-03-02 04:00:00
2025-11-16,P04,PP,58771.08,1873.36,0.0,5000,2025-03-04 07:00:00
2025-11-17,P04,PP,57804.06,967.02,0.0,5000,2025-03-03 11:00:00
2025-11-18,P04,PP,51073.94,6730.12,0.0,5000,2025-03-02 00:00:00
2025-11-19,P04,PP,47067.08,4006.86,0.0,5000,2025-03-02 08:00:00
2025-11-20,P04,PP,43828.45,3238.63,0.0,5000,2025-03-02 18:00:00
2025-11-21,P04,PP,40747.84,3080.61,0.0,5000,2025-03-03 13:00:00
2025-11-22,P04,PP,38783.92,1963.92,0.0,5000,2025-03-03 14:00:00
2025-11-23,P04,PP,36081.57,2702.35,0.0,5000,2025-03-03 02:00:00
2025-11-24,P04,PP,32456.87,3624.7,0.0,5000,2025-03-03 20:00:00
2025-11-25,P04,PP,31335.93,1120.94,0.0,5000,2025-03-04 01:00:00
2025-11-26,P04,PP,30752.64,583.29,0.0,5000,2025-03-02 16:00:00
2025-11-27,P04,PP,29450.32,1302.32,0.0,5000,2025-03-03 03:00:00
2025-11-28,P04,PP,24716.21,4734.11,0.0,5000,2025-03-02 04:00:00
2025-11-29,P04,PP,20440.01,4276.2,0.0,5000,2025-03-03 08:00:00
2025-11-30,P04,PP,16067.38,4372.63,0.0,5000,2025-03-04 08:00:00
2025-12-01,P04,PP,43552.46,1525.34,29010.42,5000,2025-03-03 22:00:00
2025-12-02,P04,PP,39191.39,4361.07,0.0,5000,2025-03-04 22:00:00
2025-12-03,P04,PP,36891.21,2300.18,0.0,5000,2025-03-04 11:00:00
2025-12-04,P04,PP,35128.32,1762.89,0.0,5000,2025-03-03 04:00:00
2025-12-05,P04,PP,28789.35,6338.97,0.0,5000,2025-03-02 13:00:00
2025-12-06,P04,PP,26259.17,2530.18,0.0,5000,2025-03-04 00:00:00
2025-12-07,P04,PP,24115.28,2143.89,0.0,5000,2025-03-02 05:00:00
2025-12-08,P04,PP,22632.04,1483.24,0.0,5000,2025-03-02 21:00:00
2025-12-09,P04,PP,18733.03,3899.01,0.0,5000,2025-03-03 14:00:00
2025-12-10,P04,PP,18733.03,0.0,0.0,5000,2025-03-04 13:00:00
2025-12-11,P04,PP,17225.59,1507.44,0.0,5000,2025-03-03 13:00:00
2025-12-12,P04,PP,14104.85,3120.74,0.0,5000,2025-03-03 13:00:00
2025-12-13,P04,PP,11445.58,2659.27,0.0,5000,2025-03-04 13:00:00
2025-12-14,P04,PP,8927.71,2517.87,0.0,5000,2025-03-02 15:00:00
2025-12-15,P04,PP,31150.47,3491.73,25714.49,5000,2025-03-04 20:00:00
2025-12-16,P04,PP,30949.29,201.18,0.0,5000,2025-03-04 03:00:00
2025-12-17,P04,PP,30949.29,0.0,0.0,5000,2025-03-04 11:00:00
2025-12-18,P04,PP,29330.03,1619.26,0.0,5000,2025-03-04 14:00:00
2025-12-19,P04,PP,27650.3,1679.73,0.0,5000,2025-03-04 01:00:00
2025-12-20,P04,PP,26475.94,1174.36,0.0,5000,2025-03-02 01:00:00
2025-12-21,P04,PP,24024.73,2451.21,0.0,5000,2025-03-03 15:00:00
2025-12-22,P04,PP,21715.74,2308.99,0.0,5000,2025-03-02 15:00:00
2025-12-23,P04,PP,21609.72,106.02,0.0,5000,2025-03-04 20:00:00
2025-12-24,P04,PP,20040.78,1568.94,0.0,5000,2025-03-04 02:00:00
2025-12-25,P04,PP,18698.97,1341.81,0.0,5000,2025-03-03 08:00:00
2025-12-26,P04,PP,16773.82,1925.15,0.0,5000,2025-03-03 10:00:00
2025-12-27,P04,PP,13797.79,2976.03,0.0,5000,2025-03-02 00:00:00
2025-12-28,P04,PP,13797.79,0.0,0.0,5000,2025-03-03 03:00:00
2025-12-29,P04,PP,12060.07,1737.72,0.0,5000,2025-03-03 04:00:00
2025-12-30,P04,PP,6456.16,5603.91,0.0,5000,2025-03-02 18:00:00
2025-12-31,P04,PP,2627.71,3828.45,0.0,5000,2025-03-04 18:00:00
2026-01-01,P04,PP,35114.55,533.86,33020.7,5000,2025-03-03 19:00:00
2026-01-02,P04,PP,28771.27,6343.28,0.0,5000,2025-03-02 01:00:00
2026-01-03,P04,PP,25237.88,3533.39,0.0,5000,2025-03-02 19:00:00
2026-01-04,P04,PP,23487.69,1750.19,0.0,5000,2025-03-04 21:00:00
2026-01-05,P04,PP,22220.14,1267.55,0.0,5000,2025-03-03 15:00:00
2026-01-06,P04,PP,19504.8,2715.34,0.0,5000,2025-03-02 19:00:00
2026-01-07,P04,PP,18122.28,1382.52,0.0,5000,2025-03-04 22:00:00
2026-01-08,P04,PP,15344.35,2777.93,0.0,5000,2025-03-03 16:00:00
2026-01-09,P04,PP,12904.21,2440.14,0.0,5000,2025-03-03 13:00:00
2026-01-10,P04,PP,10694.17,2210.04,0.0,5000,2025-03-03 05:00:00
2026-01-11,P04,PP,6360.87,4333.3,0.0,5000,2025-03-02 22:00:00
2026-01-12,P04,PP,5783.13,577.74,0.0,5000,2025-03-03 13:00:00
2026-01-13,P04,PP,3509.64,2273.49,0.0,5000,2025-03-04 19:00:00
2026-01-14,P04,PP,1766.83,1742.81,0.0,5000,2025-03-03 01:00:00
2026-01-15,P04,PP,30325.65,1634.3,30193.12,5000,2025-03-03 15:00:00
2026-01-16,P04,PP,28471.54,1854.11,0.0,5000,2025-03-02 12:00:00
2026-01-17,P04,PP,28322.04,149.5,0.0,5000,2025-03-03 13:00:00
2026-01-18,P04,PP,24619.47,3702.57,0.0,5000,2025-03-03 07:00:00
2026-01-19,P04,PP,23911.0,708.47,0.0,5000,2025-03-04 14:00:00
2026-01-20,P04,PP,21731.35,2179.65,0.0,5000,2025-03-03 21:00:00
2026-01-21,P04,PP,16205.06,5526.29,0.0,5000,2025-03-03 01:00:00
2026-01-22,P04,PP,14449.73,1755.33,0.0,5000,2025-03-03 08:00:00
2026-01-23,P04,PP,13970.03,479.7,0.0,5000,2025-03-03 10:00:00
2026-01-24,P04,PP,11371.83,2598.2,0.0,5000,2025-03-04 01:00:00
2026-01-25,P04,PP,9157.32,2214.51,0.0,5000,2025-03-02 22:00:00
2026-01-26,P04,PP,7484.2,1673.12,0.0,5000,2025-03-04 05:00:00
2026-01-27,P04,PP,4404.61,3079.59,0.0,5000,2025-03-04 17:00:00
2026-01-28,P04,PP,2529.13,1875.48,0.0,5000,2025-03-02 15:00:00
2026-01-29,P04,PP,1055.43,1473.7,0.0,5000,2025-03-02 10:00:00
2026-01-30,P04,PP,800.0,4510.79,0.0,5000,2025-03-02 21:00:00
2026-01-31,P04,PP,800.0,1561.02,0.0,5000,2025-03-02 01:00:00
2026-02-01,P04,PP,19810.83,1722.97,20733.8,5000,2025-03-02 12:00:00
2026-02-02,P04,PP,14720.61,5090.22,0.0,5000,2025-03-02 15:00:00
2026-02-03,P04,PP,14083.96,636.65,0.0,5000,2025-03-02 05:00:00
2026-02-04,P04,PP,13663.0,420.96,0.0,5000,2025-03-04 14:00:00
2026-02-05,P04,PP,10448.08,3214.92,0.0,5000,2025-03-02 18:00:00
2026-02-06,P04,PP,7987.23,2460.85,0.0,5000,2025-03-04 04:00:00
2026-02-07,P04,PP,7041.37,945.86,0.0,5000,2025-03-03 19:00:00
2026-02-08,P04,PP,5314.03,1727.34,0.0,5000,2025-03-04 09:00:00
2026-02-09,P04,PP,3513.55,1800.48,0.0,5000,2025-03-02 11:00:00
2026-02-10,P04,PP,2898.65,614.9,0.0,5000,2025-03-02 00:00:00
2026-02-11,P04,PP,1734.69,1163.96,0.0,5000,2025-03-03 09:00:00
2026-02-12,P04,PP,800.0,2412.2,0.0,5000,2025-03-04 13:00:00
2026-02-13,P04,PP,800.0,1399.62,0.0,5000,2025-03-04 17:00:00
2026-02-14,P04,PP,800.0,262.02,0.0,5000,2025-03-03 00:00:00
2026-02-15,P04,PP,22186.1,2617.72,24003.82,5000,2025-03-04 02:00:00
2026-02-16,P04,PP,20389.65,1796.45,0.0,5000,2025-03-04 01:00:00
2026-02-17,P04,PP,19030.08,1359.57,0.0,5000,2025-03-04 14:00:00
2026-02-18,P04,PP,17099.62,1930.46,0.0,5000,2025-03-03 01:00:00
2026-02-19,P04,PP,14720.13,2379.49,0.0,5000,2025-03-04 00:00:00
2026-02-20,P04,PP,12119.41,2600.72,0.0,5000,2025-03-02 17:00:00
2026-02-21,P04,PP,11795.76,323.65,0.0,5000,2025-03-04 01:00:00
2026-02-22,P04,PP,10094.09,1701.67,0.0,5000,2025-03-04 00:00:00
2026-02-23,P04,PP,7561.56,2532.53,0.0,5000,2025-03-04 10:00:00
2026-02-24,P04,PP,4236.7,3324.86,0.0,5000,2025-03-03 15:00:00
2026-02-25,P04,PP,2843.96,1392.74,0.0,5000,2025-03-04 12:00:00
2026-02-26,P04,PP,2013.34,830.62,0.0,5000,2025-03-02 01:00:00
2026-02-27,P04,PP,1510.61,502.73,0.0,5000,2025-03-03 11:00:00
2026-02-28,P04,PP,800.0,1487.34,0.0,5000,2025-03-04 22:00:00
2026-03-01,P04,PP,32895.14,1623.19,33718.33,5000,2025-03-04 03:00:00
2026-03-02,P04,PP,32346.25,548.89,0.0,5000,2025-03-04 19:00:00
2026-03-03,P04,PP,30779.73,1566.52,0.0,5000,2025-03-04 07:00:00
2026-03-04,P04,PP,27213.15,3566.58,0.0,5000,2025-03-04 05:00:00
2026-03-05,P04,PP,26601.82,611.33,0.0,5000,2025-03-03 01:00:00
2026-03-06,P04,PP,24693.09,1908.73,0.0,5000,2025-03-04 05:00:00
2026-03-07,P04,PP,18905.25,5787.84,0.0,5000,2025-03-04 16:00:00
2026-03-08,P04,PP,18424.57,480.68,0.0,5000,2025-03-02 22:00:00
2026-03-09,P04,PP,16624.1,1800.47,0.0,5000,2025-03-04 02:00:00
2026-03-10,P04,PP,14083.05,2541.05,0.0,5000,2025-03-04 02:00:00
2026-03-11,P04,PP,12903.32,1179.73,0.0,5000,2025-03-03 08:00:00
2026-03-12,P04,PP,11831.3,1072.02,0.0,5000,2025-03-02 04:00:00
2026-03-13,P04,PP,11005.69,825.61,0.0,5000,2025-03-03 21:00:00
2026-03-14,P04,PP,8157.55,2848.14,0.0,5000,2025-03-04 17:00:00
2026-03-15,P04,PP,32268.08,1071.46,25181.99,5000,2025-03-04 10:00:00
2026-03-16,P04,PP,31936.1,331.98,0.0,5000,2025-03-03 02:00:00
2026-03-17,P04,PP,30974.99,961.11,0.0,5000,2025-03-04 01:00:00
2026-03-18,P04,PP,27057.78,3917.21,0.0,5000,2025-03-03 22:00:00
2026-03-19,P04,PP,23940.5,3117.28,0.0,5000,2025-03-04 21:00:00
2026-03-20,P04,PP,23592.67,347.83,0.0,5000,2025-03-03 18:00:00
2026-03-21,P04,PP,22447.92,1144.75,0.0,5000,2025-03-02 17:00:00
2026-03-22,P04,PP,20196.31,2251.61,0.0,5000,2025-03-03 14:00:00
2026-03-23,P04,PP,19404.55,791.76,0.0,5000,2025-03-02 20:00:00
2026-03-24,P04,PP,17067.99,2336.56,0.0,5000,2025-03-04 00:00:00
2026-03-25,P04,PP,15848.93,1219.06,0.0,5000,2025-03-03 03:00:00
2026-03-26,P04,PP,13258.59,2590.34,0.0,5000,2025-03-02 10:00:00
2026-03-27,P04,PP,13093.61,164.98,0.0,5000,2025-03-04 18:00:00
2026-03-28,P04,PP,8720.29,4373.32,0.0,5000,2025-03-04 18:00:00
2026-03-29,P04,PP,7208.97,1511.32,0.0,5000,2025-03-02 18:00:00
2026-03-30,P04,PP,3548.88,3660.09,0.0,5000,2025-03-04 05:00:00
2026-03-31,P04,PP,800.0,3364.35,0.0,5000,2025-03-02 22:00:00
2026-04-01,P04,PP,31315.55,761.0,31276.55,5000,2025-03-02 11:00:00
2026-04-02,P04,PP,26780.12,4535.43,0.0,5000,2025-03-03 14:00:00
2026-04-03,P04,PP,26429.03,351.09,0.0,5000,2025-03-04 15:00:00
2026-04-04,P04,PP,24252.07,2176.96,0.0,5000,2025-03-04 04:00:00
2026-04-05,P04,PP,23462.2,789.87,0.0,5000,2025-03-02 10:00:00
2026-04-06,P04,PP,22119.91,1342.29,0.0,5000,2025-03-04 16:00:00
2026-04-07,P04,PP,21375.11,744.8,0.0,5000,2025-03-04 08:00:00
2026-04-08,P04,PP,19525.2,1849.91,0.0,5000,2025-03-03 02:00:00
2026-04-09,P04,PP,17067.03,2458.17,0.0,5000,2025-03-02 21:00:00
2026-04-10,P04,PP,15827.55,1239.48,0.0,5000,2025-03-04 01:00:00
2026-04-11,P04,PP,12604.09,3223.46,0.0,5000,2025-03-03 07:00:00
2026-04-12,P04,PP,10680.27,1923.82,0.0,5000,2025-03-04 05:00:00
2026-04-13,P04,PP,9032.24,1648.03,0.0,5000,2025-03-02 06:00:00
2026-04-14,P04,PP,8799.23,233.01,0.0,5000,2025-03-02 06:00:00
2026-04-15,P04,PP,40829.42,620.31,32650.5,5000,2025-03-03 04:00:00
2026-04-16,P04,PP,38884.01,1945.41,0.0,5000,2025-03-04 08:00:00
2026-04-17,P04,PP,37788.85,1095.16,0.0,5000,2025-03-02 19:00:00
2026-04-18,P04,PP,36874.66,914.19,0.0,5000,2025-03-02 14:00:00
2026-04-19,P04,PP,35718.3,1156.36,0.0,5000,2025-03-03 14:00:00
2026-04-20,P04,PP,35718.3,0.0,0.0,5000,2025-03-02 14:00:00
2026-04-21,P04,PP,31930.83,3787.47,0.0,5000,2025-03-04 16:00:00
2026-04-22,P04,PP,31660.16,270.67,0.0,5000,2025-03-03 14:00:00
2026-04-23,P04,PP,31049.7,610.46,0.0,5000,2025-03-04 12:00:00
2026-04-24,P04,PP,30686.65,363.05,0.0,5000,2025-03-04 00:00:00
2026-04-25,P04,PP,28321.68,2364.97,0.0,5000,2025-03-03 02:00:00
2026-04-26,P04,PP,27283.44,1038.24,0.0,5000,2025-03-02 19:00:00
2026-04-27,P04,PP,25226.66,2056.78,0.0,5000,2025-03-04 02:00:00
2026-04-28,P04,PP,21804.47,3422.19,0.0,5000,2025-03-02 08:00:00
2026-04-29,P04,PP,20382.01,1422.46,0.0,5000,2025-03-04 07:00:00
2026-04-30,P04,PP,18147.41,2234.6,0.0,5000,2025-03-04 13:00:00
2026-05-01,P04,PP,45357.68,3480.66,30690.93,5000,2025-03-03 01:00:00
2026-05-02,P04,PP,43649.84,1707.84,0.0,5000,2025-03-04 21:00:00
2026-05-03,P04,PP,42822.14,827.7,0.0,5000,2025-03-04 10:00:00
2026-05-04,P04,PP,42548.08,274.06,0.0,5000,2025-03-02 10:00:00
2026-05-05,P04,PP,41695.44,852.64,0.0,5000,2025-03-04 08:00:00
2026-05-06,P04,PP,37808.01,3887.43,0.0,5000,2025-03-03 12:00:00
2026-05-07,P04,PP,37413.77,394.24,0.0,5000,2025-03-02 20:00:00
2026-05-08,P04,PP,37188.22,225.55,0.0,5000,2025-03-02 00:00:00
2026-05-09,P04,PP,35860.36,1327.86,0.0,5000,2025-03-04 07:00:00
2026-05-10,P04,PP,34295.46,1564.9,0.0,5000,2025-03-02 14:00:00
2026-05-11,P04,PP,30334.79,3960.67,0.0,5000,2025-03-04 03:00:00
2026-05-12,P04,PP,27462.53,2872.26,0.0,5000,2025-03-04 17:00:00
2026-05-13,P04,PP,25153.21,2309.32,0.0,5000,2025-03-03 21:00:00
2026-05-14,P04,PP,24693.72,459.49,0.0,5000,2025-03-04 06:00:00
2026-05-15,P04,PP,43837.51,1137.26,20281.05,5000,2025-03-02 15:00:00
2026-05-16,P04,PP,40056.07,3781.44,0.0,5000,2025-03-03 00:00:00
2026-05-17,P04,PP,37869.14,2186.93,0.0,5000,2025-03-04 03:00:00
2026-05-18,P04,PP,36554.48,1314.66,0.0,5000,2025-03-02 19:00:00
2026-05-19,P04,PP,34327.94,2226.54,0.0,5000,2025-03-03 19:00:00
2026-05-20,P04,PP,31778.59,2549.35,0.0,5000,2025-03-02 21:00:00
2026-05-21,P04,PP,25269.82,6508.77,0.0,5000,2025-03-04 09:00:00
2026-05-22,P04,PP,24289.65,980.17,0.0,5000,2025-03-02 02:00:00
2026-05-23,P04,PP,23512.2,777.45,0.0,5000,2025-03-03 12:00:00
2026-05-24,P04,PP,20716.78,2795.42,0.0,5000,2025-03-02 17:00:00
2026-05-25,P04,PP,20716.78,0.0,0.0,5000,2025-03-03 07:00:00
2026-05-26,P04,PP,18310.59,2406.19,0.0,5000,2025-03-02 17:00:00
2026-05-27,P04,PP,14745.4,3565.19,0.0,5000,2025-03-04 11:00:00
2026-05-28,P04,PP,12649.69,2095.71,0.0,5000,2025-03-02 14:00:00
2026-05-29,P04,PP,11794.72,854.97,0.0,5000,2025-03-04 01:00:00
2026-05-30,P04,PP,10471.01,1323.71,0.0,5000,2025-03-02 03:00:00
2026-05-31,P04,PP,8568.06,1902.95,0.0,5000,2025-03-03 13:00:00
2026-06-01,P04,PP,28559.89,679.75,20671.58,5000,2025-03-03 06:00:00
2026-06-02,P04,PP,28350.87,209.02,0.0,5000,2025-03-02 17:00:00
2026-06-03,P04,PP,26677.98,1672.89,0.0,5000,2025-03-02 21:00:00
2026-06-04,P04,PP,23119.61,3558.37,0.0,5000,2025-03-03 08:00:00
2026-06-05,P04,PP,21420.19,1699.42,0.0,5000,2025-03-03 09:00:00
2026-06-06,P04,PP,20340.19,1080.0,0.0,5000,2025-03-02 04:00:00
2026-06-07,P04,PP,19016.05,1324.14,0.0,5000,2025-03-04 16:00:00
2026-06-08,P04,PP,17051.5,1964.55,0.0,5000,2025-03-03 19:00:00
2026-06-09,P04,PP,14569.84,2481.66,0.0,5000,2025-03-02 12:00:00
2026-06-10,P04,PP,10967.72,3602.12,0.0,5000,2025-03-02 03:00:00
2026-06-11,P04,PP,8591.34,2376.38,0.0,5000,2025-03-03 08:00:00
2026-06-12,P04,PP,6959.39,1631.95,0.0,5000,2025-03-04 01:00:00
2026-06-13,P04,PP,6214.51,744.88,0.0,5000,2025-03-04 10:00:00
2026-06-14,P04,PP,6214.51,0.0,0.0,5000,2025-03-03 18:00:00
2026-06-15,P04,PP,35702.45,2257.36,31745.3,5000,2025-03-03 13:00:00
2026-06-16,P04,PP,35554.8,147.65,0.0,5000,2025-03-04 06:00:00
2026-06-17,P04,PP,33903.64,1651.16,0.0,5000,2025-03-03 17:00:00
2026-06-18,P04,PP,33710.37,193.27,0.0,5000,2025-03-02 15:00:00
2026-06-19,P04,PP,32158.49,1551.88,0.0,5000,2025-03-02 16:00:00
2026-06-20,P04,PP,29578.82,2579.67,0.0,5000,2025-03-04 02:00:00
2026-06-21,P04,PP,24513.93,5064.89,0.0,5000,2025-03-04 10:00:00
2026-06-22,P04,PP,23981.41,532.52,0.0,5000,2025-03-04 09:00:00
2026-06-23,P04,PP,23063.2,918.21,0.0,5000,2025-03-02 15:00:00
2026-06-24,P04,PP,21785.41,1277.79,0.0,5000,2025-03-02 17:00:00
2026-06-25,P04,PP,21131.9,653.51,0.0,5000,2025-03-03 02:00:00
2026-06-26,P04,PP,18776.94,2354.96,0.0,5000,2025-03-03 00:00:00
2026-06-27,P04,PP,17474.9,1302.04,0.0,5000,2025-03-03 18:00:00
2026-06-28,P04,PP,16430.15,1044.75,0.0,5000,2025-03-02 09:00:00
2026-06-29,P04,PP,13259.75,3170.4,0.0,5000,2025-03-04 01:00:00
2026-06-30,P04,PP,11200.12,2059.63,0.0,5000,2025-03-04 08:00:00
2025-01-01,P05,HDPE,76334.33,1622.64,30224.62,5000,2025-03-03 08:00:00
2025-01-02,P05,HDPE,76334.33,0.0,0.0,5000,2025-03-04 07:00:00
2025-01-03,P05,HDPE,69281.84,7052.49,0.0,5000,2025-03-02 12:00:00
2025-01-04,P05,HDPE,67044.5,2237.34,0.0,5000,2025-03-03 06:00:00
2025-01-05,P05,HDPE,67044.5,0.0,0.0,5000,2025-03-04 18:00:00
2025-01-06,P05,HDPE,67044.5,0.0,0.0,5000,2025-03-03 03:00:00
2025-01-07,P05,HDPE,67044.5,0.0,0.0,5000,2025-03-02 01:00:00
2025-01-08,P05,HDPE,63915.17,3129.33,0.0,5000,2025-03-03 01:00:00
2025-01-09,P05,HDPE,59969.42,3945.75,0.0,5000,2025-03-04 13:00:00
2025-01-10,P05,HDPE,57964.79,2004.63,0.0,5000,2025-03-02 16:00:00
2025-01-11,P05,HDPE,57603.3,361.49,0.0,5000,2025-03-02 12:00:00
2025-01-12,P05,HDPE,52876.32,4726.98,0.0,5000,2025-03-03 10:00:00
2025-01-13,P05,HDPE,51523.14,1353.18,0.0,5000,2025-03-04 07:00:00
2025-01-14,P05,HDPE,41350.67,10172.47,0.0,5000,2025-03-04 14:00:00
2025-01-15,P05,HDPE,69047.79,3326.36,31023.49,5000,2025-03-04 21:00:00
2025-01-16,P05,HDPE,67746.64,1301.15,0.0,5000,2025-03-02 17:00:00
2025-01-17,P05,HDPE,64588.63,3158.01,0.0,5000,2025-03-02 12:00:00
2025-01-18,P05,HDPE,60784.06,3804.57,0.0,5000,2025-03-02 02:00:00
2025-01-19,P05,HDPE,55729.35,5054.71,0.0,5000,2025-03-02 01:00:00
2025-01-20,P05,HDPE,52330.92,3398.43,0.0,5000,2025-03-04 14:00:00
2025-01-21,P05,HDPE,52330.92,0.0,0.0,5000,2025-03-02 21:00:00
2025-01-22,P05,HDPE,51828.07,502.85,0.0,5000,2025-03-04 21:00:00
2025-01-23,P05,HDPE,51828.07,0.0,0.0,5000,2025-03-04 13:00:00
2025-01-24,P05,HDPE,51828.07,0.0,0.0,5000,2025-03-03 04:00:00
2025-01-25,P05,HDPE,50329.91,1498.16,0.0,5000,2025-03-02 10:00:00
2025-01-26,P05,HDPE,38272.27,12057.64,0.0,5000,2025-03-02 17:00:00
2025-01-27,P05,HDPE,34015.18,4257.09,0.0,5000,2025-03-03 14:00:00
2025-01-28,P05,HDPE,34015.18,0.0,0.0,5000,2025-03-04 21:00:00
2025-01-29,P05,HDPE,33333.98,681.2,0.0,5000,2025-03-02 11:00:00
2025-01-30,P05,HDPE,33333.98,0.0,0.0,5000,2025-03-02 11:00:00
2025-01-31,P05,HDPE,31043.71,2290.27,0.0,5000,2025-03-04 01:00:00
2025-02-01,P05,HDPE,59149.27,3139.18,31244.73,5000,2025-03-02 03:00:00
2025-02-02,P05,HDPE,57737.49,1411.78,0.0,5000,2025-03-04 10:00:00
2025-02-03,P05,HDPE,55165.93,2571.56,0.0,5000,2025-03-02 21:00:00
2025-02-04,P05,HDPE,53647.31,1518.62,0.0,5000,2025-03-03 08:00:00
2025-02-05,P05,HDPE,49973.24,3674.07,0.0,5000,2025-03-02 01:00:00
2025-02-06,P05,HDPE,44913.49,5059.75,0.0,5000,2025-03-03 09:00:00
2025-02-07,P05,HDPE,44913.49,0.0,0.0,5000,2025-03-03 10:00:00
2025-02-08,P05,HDPE,40478.16,4435.33,0.0,5000,2025-03-04 04:00:00
2025-02-09,P05,HDPE,40007.28,470.88,0.0,5000,2025-03-02 13:00:00
2025-02-10,P05,HDPE,35720.54,4286.74,0.0,5000,2025-03-04 09:00:00
2025-02-11,P05,HDPE,28342.72,7377.82,0.0,5000,2025-03-03 22:00:00
2025-02-12,P05,HDPE,26347.1,1995.62,0.0,5000,2025-03-04 00:00:00
2025-02-13,P05,HDPE,18282.38,8064.72,0.0,5000,2025-03-03 05:00:00
2025-02-14,P05,HDPE,15932.36,2350.02,0.0,5000,2025-03-03 19:00:00
2025-02-15,P05,HDPE,36943.86,1161.22,22172.72,5000,2025-03-04 22:00:00
2025-02-16,P05,HDPE,34844.72,2099.14,0.0,5000,2025-03-02 22:00:00
2025-02-17,P05,HDPE,29603.36,5241.36,0.0,5000,2025-03-02 04:00:00
2025-02-18,P05,HDPE,27011.29,2592.07,0.0,5000,2025-03-04 01:00:00
2025-02-19,P05,HDPE,23804.76,3206.53,0.0,5000,2025-03-04 17:00:00
2025-02-20,P05,HDPE,22271.92,1532.84,0.0,5000,2025-03-04 20:00:00
2025-02-21,P05,HDPE,16938.56,5333.36,0.0,5000,2025-03-02 22:00:00
2025-02-22,P05,HDPE,15318.75,1619.81,0.0,5000,2025-03-02 02:00:00
2025-02-23,P05,HDPE,13201.23,2117.52,0.0,5000,2025-03-03 04:00:00
2025-02-24,P05,HDPE,9270.81,3930.42,0.0,5000,2025-03-02 10:00:00
2025-02-25,P05,HDPE,3629.59,5641.22,0.0,5000,2025-03-03 05:00:00
2025-02-26,P05,HDPE,800.0,3771.11,0.0,5000,2025-03-04 06:00:00
2025-02-27,P05,HDPE,800.0,6472.71,0.0,5000,2025-03-03 04:00:00
2025-02-28,P05,HDPE,800.0,2104.26,0.0,5000,2025-03-04 19:00:00
2025-03-01,P05,HDPE,31873.06,2299.26,33372.32,5000,2025-03-03 04:00:00
2025-03-02,P05,HDPE,31873.06,0.0,0.0,5000,2025-03-04 14:00:00
2025-03-03,P05,HDPE,27294.56,4578.5,0.0,5000,2025-03-02 22:00:00
2025-03-04,P05,HDPE,26425.1,869.46,0.0,5000,2025-03-03 04:00:00
2025-03-05,P05,HDPE,26425.1,0.0,0.0,5000,2025-03-04 11:00:00
2025-03-06,P05,HDPE,19905.32,6519.78,0.0,5000,2025-03-03 17:00:00
2025-03-07,P05,HDPE,19905.32,0.0,0.0,5000,2025-03-02 15:00:00
2025-03-08,P05,HDPE,19905.32,0.0,0.0,5000,2025-03-02 00:00:00
2025-03-09,P05,HDPE,19905.32,0.0,0.0,5000,2025-03-02 16:00:00
2025-03-10,P05,HDPE,19905.32,0.0,0.0,5000,2025-03-04 15:00:00
2025-03-11,P05,HDPE,19905.32,0.0,0.0,5000,2025-03-03 05:00:00
2025-03-12,P05,HDPE,14799.72,5105.6,0.0,5000,2025-03-02 09:00:00
2025-03-13,P05,HDPE,10140.18,4659.54,0.0,5000,2025-03-03 08:00:00
2025-03-14,P05,HDPE,8102.47,2037.71,0.0,5000,2025-03-04 05:00:00
2025-03-15,P05,HDPE,29429.82,587.68,21915.04,5000,2025-03-03 16:00:00
2025-03-16,P05,HDPE,26836.22,2593.6,0.0,5000,2025-03-02 02:00:00
2025-03-17,P05,HDPE,23890.31,2945.91,0.0,5000,2025-03-02 00:00:00
2025-03-18,P05,HDPE,22890.74,999.57,0.0,5000,2025-03-04 08:00:00
2025-03-19,P05,HDPE,22890.74,0.0,0.0,5000,2025-03-02 11:00:00
2025-03-20,P05,HDPE,22211.54,679.2,0.0,5000,2025-03-03 18:00:00
2025-03-21,P05,HDPE,19737.83,2473.71,0.0,5000,2025-03-02 18:00:00
2025-03-22,P05,HDPE,18016.97,1720.86,0.0,5000,2025-03-04 09:00:00
2025-03-23,P05,HDPE,15750.63,2266.34,0.0,5000,2025-03-04 21:00:00
2025-03-24,P05,HDPE,12838.63,2912.0,0.0,5000,2025-03-02 09:00:00
2025-03-25,P05,HDPE,4984.66,7853.97,0.0,5000,2025-03-03 11:00:00
2025-03-26,P05,HDPE,800.0,4532.28,0.0,5000,2025-03-04 06:00:00
2025-03-27,P05,HDPE,800.0,3636.91,0.0,5000,2025-03-02 20:00:00
2025-03-28,P05,HDPE,800.0,1966.4,0.0,5000,2025-03-04 12:00:00
2025-03-29,P05,HDPE,800.0,787.02,0.0,5000,2025-03-02 01:00:00
2025-03-30,P05,HDPE,800.0,5996.0,0.0,5000,2025-03-02 16:00:00
2025-03-31,P05,HDPE,800.0,0.0,0.0,5000,2025-03-04 09:00:00
2025-04-01,P05,HDPE,26587.56,0.0,25787.56,5000,2025-03-03 05:00:00
2025-04-02,P05,HDPE,21451.24,5136.32,0.0,5000,2025-03-02 04:00:00
2025-04-03,P05,HDPE,21451.24,0.0,0.0,5000,2025-03-04 09:00:00
2025-04-04,P05,HDPE,18460.28,2990.96,0.0,5000,2025-03-02 14:00:00
2025-04-05,P05,HDPE,11796.03,6664.25,0.0,5000,2025-03-02 04:00:00
2025-04-06,P05,HDPE,9466.81,2329.22,0.0,5000,2025-03-03 15:00:00
2025-04-07,P05,HDPE,8036.29,1430.52,0.0,5000,2025-03-02 16:00:00
2025-04-08,P05,HDPE,8036.29,0.0,0.0,5000,2025-03-02 04:00:00
2025-04-09,P05,HDPE,5452.16,2584.13,0.0,5000,2025-03-03 12:00:00
2025-04-10,P05,HDPE,800.0,5084.14,0.0,5000,2025-03-03 19:00:00
2025-04-11,P05,HDPE,800.0,1304.76,0.0,5000,2025-03-02 18:00:00
2025-04-12,P05,HDPE,800.0,0.0,0.0,5000,2025-03-03 17:00:00
2025-04-13,P05,HDPE,800.0,5344.34,0.0,5000,2025-03-04 08:00:00
2025-04-14,P05,HDPE,800.0,1533.09,0.0,5000,2025-03-03 11:00:00
2025-04-15,P05,HDPE,27263.2,0.0,26463.2,5000,2025-03-02 03:00:00
2025-04-16,P05,HDPE,20647.03,6616.17,0.0,5000,2025-03-02 02:00:00
2025-04-17,P05,HDPE,19670.63,976.4,0.0,5000,2025-03-04 07:00:00
2025-04-18,P05,HDPE,18232.12,1438.51,0.0,5000,2025-03-04 13:00:00
2025-04-19,P05,HDPE,15097.05,3135.07,0.0,5000,2025-03-04 17:00:00
2025-04-20,P05,HDPE,10998.91,4098.14,0.0,5000,2025-03-03 21:00:00
2025-04-21,P05,HDPE,10998.91,0.0,0.0,5000,2025-03-04 14:00:00
2025-04-22,P05,HDPE,8866.16,2132.75,0.0,5000,2025-03-02 03:00:00
2025-04-23,P05,HDPE,6276.74,2589.42,0.0,5000,2025-03-02 03:00:00
2025-04-24,P05,HDPE,800.0,10283.16,0.0,5000,2025-03-03 17:00:00
2025-04-25,P05,HDPE,800.0,2362.17,0.0,5000,2025-03-02 22:00:00
2025-04-26,P05,HDPE,800.0,7004.69,0.0,5000,2025-03-04 14:00:00
2025-04-27,P05,HDPE,800.0,4447.49,0.0,5000,2025-03-02 08:00:00
2025-04-28,P05,HDPE,800.0,7323.32,0.0,5000,2025-03-03 09:00:00
2025-04-29,P05,HDPE,800.0,3423.89,0.0,5000,2025-03-03 15:00:00
2025-04-30,P05,HDPE,800.0,921.29,0.0,5000,2025-03-02 02:00:00
2025-05-01,P05,HDPE,24786.35,9881.8,33868.15,5000,2025-03-02 09:00:00
2025-05-02,P05,HDPE,23010.13,1776.22,0.0,5000,2025-03-04 01:00:00
2025-05-03,P05,HDPE,23010.13,0.0,0.0,5000,2025-03-02 07:00:00
2025-05-04,P05,HDPE,19930.35,3079.78,0.0,5000,2025-03-02 12:00:00
2025-05-05,P05,HDPE,14586.89,5343.46,0.0,5000,2025-03-03 19:00:00
2025-05-06,P05,HDPE,8479.7,6107.19,0.0,5000,2025-03-04 02:00:00
2025-05-07,P05,HDPE,4548.63,3931.07,0.0,5000,2025-03-02 03:00:00
2025-05-08,P05,HDPE,1099.43,3449.2,0.0,5000,2025-03-02 14:00:00
2025-05-09,P05,HDPE,1099.43,0.0,0.0,5000,2025-03-04 21:00:00
2025-05-10,P05,HDPE,800.0,3403.36,0.0,5000,2025-03-03 05:00:00
2025-05-11,P05,HDPE,800.0,0.0,0.0,5000,2025-03-04 17:00:00
2025-05-12,P05,HDPE,800.0,4244.84,0.0,5000,2025-03-03 05:00:00
2025-05-13,P05,HDPE,800.0,0.0,0.0,5000,2025-03-02 00:00:00
2025-05-14,P05,HDPE,800.0,0.0,0.0,5000,2025-03-02 07:00:00
2025-05-15,P05,HDPE,20523.12,2403.03,22126.15,5000,2025-03-02 10:00:00
2025-05-16,P05,HDPE,16064.55,4458.57,0.0,5000,2025-03-02 05:00:00
2025-05-17,P05,HDPE,15329.65,734.9,0.0,5000,2025-03-03 14:00:00
2025-05-18,P05,HDPE,15329.65,0.0,0.0,5000,2025-03-04 04:00:00
2025-05-19,P05,HDPE,15329.65,0.0,0.0,5000,2025-03-03 20:00:00
2025-05-20,P05,HDPE,15329.65,0.0,0.0,5000,2025-03-02 15:00:00
2025-05-21,P05,HDPE,10558.88,4770.77,0.0,5000,2025-03-02 07:00:00
2025-05-22,P05,HDPE,8749.18,1809.7,0.0,5000,2025-03-04 05:00:00
2025-05-23,P05,HDPE,7386.29,1362.89,0.0,5000,2025-03-04 08:00:00
2025-05-24,P05,HDPE,5016.74,2369.55,0.0,5000,2025-03-02 03:00:00
2025-05-25,P05,HDPE,3858.23,1158.51,0.0,5000,2025-03-03 21:00:00
2025-05-26,P05,HDPE,800.0,3134.07,0.0,5000,2025-03-02 12:00:00
2025-05-27,P05,HDPE,800.0,3125.6,0.0,5000,2025-03-04 11:00:00
2025-05-28,P05,HDPE,800.0,1634.5,0.0,5000,2025-03-04 20:00:00
2025-05-29,P05,HDPE,800.0,0.0,0.0,5000,2025-03-03 11:00:00
2025-05-30,P05,HDPE,800.0,3955.41,0.0,5000,2025-03-03 10:00:00
2025-05-31,P05,HDPE,800.0,0.0,0.0,5000,2025-03-04 03:00:00
2025-06-01,P05,HDPE,21257.21,2133.97,22591.18,5000,2025-03-02 01:00:00
2025-06-02,P05,HDPE,20402.2,855.01,0.0,5000,2025-03-02 16:00:00
2025-06-03,P05,HDPE,20402.2,0.0,0.0,5000,2025-03-04 08:00:00
2025-06-04,P05,HDPE,19771.9,630.3,0.0,5000,2025-03-04 20:00:00
2025-06-05,P05,HDPE,13313.68,6458.22,0.0,5000,2025-03-03 17:00:00
2025-06-06,P05,HDPE,8391.77,4921.91,0.0,5000,2025-03-03 12:00:00
2025-06-07,P05,HDPE,8391.77,0.0,0.0,5000,2025-03-04 10:00:00
2025-06-08,P05,HDPE,7337.19,1054.58,0.0,5000,2025-03-03 02:00:00
2025-06-09,P05,HDPE,5538.51,1798.68,0.0,5000,2025-03-03 17:00:00
2025-06-10,P05,HDPE,4933.71,604.8,0.0,5000,2025-03-02 07:00:00
2025-06-11,P05,HDPE,800.0,8992.78,0.0,5000,2025-03-02 01:00:00
2025-06-12,P05,HDPE,800.0,3953.15,0.0,5000,2025-03-04 20:00:00
2025-06-13,P05,HDPE,800.0,2445.58,0.0,5000,2025-03-02 00:00:00
2025-06-14,P05,HDPE,800.0,1279.92,0.0,5000,2025-03-03 03:00:00
2025-06-15,P05,HDPE,18240.23,3190.49,20630.72,5000,2025-03-03 11:00:00
2025-06-16,P05,HDPE,14153.94,4086.29,0.0,5000,2025-03-02 10:00:00
2025-06-17,P05,HDPE,12855.77,1298.17,0.0,5000,2025-03-04 12:00:00
2025-06-18,P05,HDPE,10604.32,2251.45,0.0,5000,2025-03-03 05:00:00
2025-06-19,P05,HDPE,7289.47,3314.85,0.0,5000,2025-03-03 17:00:00
2025-06-20,P05,HDPE,1096.6,6192.87,0.0,5000,2025-03-04 21:00:00
2025-06-21,P05,HDPE,800.0,9033.59,0.0,5000,2025-03-03 16:00:00
2025-06-22,P05,HDPE,800.0,3734.19,0.0,5000,2025-03-03 09:00:00
2025-06-23,P05,HDPE,800.0,3107.34,0.0,5000,2025-03-03 01:00:00
2025-06-24,P05,HDPE,800.0,0.0,0.0,5000,2025-03-02 15:00:00
2025-06-25,P05,HDPE,800.0,2169.48,0.0,5000,2025-03-02 03:00:00
2025-06-26,P05,HDPE,800.0,3425.57,0.0,5000,2025-03-04 15:00:00
2025-06-27,P05,HDPE,800.0,1414.47,0.0,5000,2025-03-04 07:00:00
2025-06-28,P05,HDPE,800.0,4401.75,0.0,5000,2025-03-04 04:00:00
2025-06-29,P05,HDPE,800.0,4680.55,0.0,5000,2025-03-02 15:00:00
2025-06-30,P05,HDPE,800.0,305.16,0.0,5000,2025-03-04 17:00:00
2025-07-01,P05,HDPE,23053.41,0.0,22253.41,5000,2025-03-03 06:00:00
2025-07-02,P05,HDPE,19359.29,3694.12,0.0,5000,2025-03-02 08:00:00
2025-07-03,P05,HDPE,17283.74,2075.55,0.0,5000,2025-03-02 22:00:00
2025-07-04,P05,HDPE,9490.53,7793.21,0.0,5000,2025-03-04 21:00:00
2025-07-05,P05,HDPE,5723.5,3767.03,0.0,5000,2025-03-04 22:00:00
2025-07-06,P05,HDPE,1989.99,3733.51,0.0,5000,2025-03-03 16:00:00
2025-07-07,P05,HDPE,800.0,2102.66,0.0,5000,2025-03-04 02:00:00
2025-07-08,P05,HDPE,800.0,5039.44,0.0,5000,2025-03-04 20:00:00
2025-07-09,P05,HDPE,800.0,4333.26,0.0,5000,2025-03-03 14:00:00
2025-07-10,P05,HDPE,800.0,8933.53,0.0,5000,2025-03-02 15:00:00
2025-07-11,P05,HDPE,800.0,0.0,0.0,5000,2025-03-04 15:00:00
2025-07-12,P05,HDPE,800.0,5019.76,0.0,5000,2025-03-03 18:00:00
2025-07-13,P05,HDPE,800.0,1645.94,0.0,5000,2025-03-03 15:00:00
2025-07-14,P05,HDPE,800.0,4577.74,0.0,5000,2025-03-03 11:00:00
2025-07-15,P05,HDPE,32387.27,0.0,31587.27,5000,2025-03-03 01:00:00
2025-07-16,P05,HDPE,28939.51,3447.76,0.0,5000,2025-03-02 19:00:00
2025-07-17,P05,HDPE,27116.69,1822.82,0.0,5000,2025-03-04 18:00:00
2025-07-18,P05,HDPE,25984.65,1132.04,0.0,5000,2025-03-03 20:00:00
2025-07-19,P05,HDPE,25218.79,765.86,0.0,5000,2025-03-02 12:00:00
2025-07-20,P05,HDPE,24220.84,997.95,0.0,5000,2025-03-03 18:00:00
2025-07-21,P05,HDPE,22352.84,1868.0,0.0,5000,2025-03-03 06:00:00
2025-07-22,P05,HDPE,22352.84,0.0,0.0,5000,2025-03-04 14:00:00
2025-07-23,P05,HDPE,19588.92,2763.92,0.0,5000,2025-03-03 02:00:00
2025-07-24,P05,HDPE,11629.46,7959.46,0.0,5000,2025-03-03 01:00:00
2025-07-25,P05,HDPE,9825.65,1803.81,0.0,5000,2025-03-03 04:00:00
2025-07-26,P05,HDPE,9825.65,0.0,0.0,5000,2025-03-03 06:00:00
2025-07-27,P05,HDPE,8584.38,1241.27,0.0,5000,2025-03-04 18:00:00
2025-07-28,P05,HDPE,3241.0,5343.38,0.0,5000,2025-03-04 06:00:00
2025-07-29,P05,HDPE,800.0,2916.63,0.0,5000,2025-03-03 21:00:00
2025-07-30,P05,HDPE,800.0,3104.39,0.0,5000,2025-03-04 03:00:00
2025-07-31,P05,HDPE,800.0,534.81,0.0,5000,2025-03-04 17:00:00
2025-08-01,P05,HDPE,24094.43,344.72,23639.15,5000,2025-03-03 20:00:00
2025-08-02,P05,HDPE,24094.43,0.0,0.0,5000,2025-03-04 13:00:00
2025-08-03,P05,HDPE,19914.43,4180.0,0.0,5000,2025-03-02 04:00:00
2025-08-04,P05,HDPE,19914.43,0.0,0.0,5000,2025-03-04 06:00:00
2025-08-05,P05,HDPE,18146.21,1768.22,0.0,5000,2025-03-04 00:00:00
2025-08-06,P05,HDPE,18146.21,0.0,0.0,5000,2025-03-04 17:00:00
2025-08-07,P05,HDPE,16527.54,1618.67,0.0,5000,2025-03-02 01:00:00
2025-08-08,P05,HDPE,13624.61,2902.93,0.0,5000,2025-03-02 02:00:00
2025-08-09,P05,HDPE,13624.61,0.0,0.0,5000,2025-03-03 16:00:00
2025-08-10,P05,HDPE,10306.58,3318.03,0.0,5000,2025-03-04 15:00:00
2025-08-11,P05,HDPE,5563.65,4742.93,0.0,5000,2025-03-03 19:00:00
2025-08-12,P05,HDPE,2644.21,2919.44,0.0,5000,2025-03-04 04:00:00
2025-08-13,P05,HDPE,987.14,1657.07,0.0,5000,2025-03-03 02:00:00
2025-08-14,P05,HDPE,800.0,2618.63,0.0,5000,2025-03-02 07:00:00
2025-08-15,P05,HDPE,19998.49,6105.02,25303.51,5000,2025-03-02 14:00:00
2025-08-16,P05,HDPE,19075.52,922.97,0.0,5000,2025-03-03 22:00:00
2025-08-17,P05,HDPE,17493.12,1582.4,0.0,5000,2025-03-02 16:00:00
2025-08-18,P05,HDPE,14822.06,2671.06,0.0,5000,2025-03-04 16:00:00
2025-08-19,P05,HDPE,10819.46,4002.6,0.0,5000,2025-03-03 05:00:00
2025-08-20,P05,HDPE,8600.55,2218.91,0.0,5000,2025-03-04 21:00:00
2025-08-21,P05,HDPE,6828.57,1771.98,0.0,5000,2025-03-02 09:00:00
2025-08-22,P05,HDPE,3505.21,3323.36,0.0,5000,2025-03-03 22:00:00
2025-08-23,P05,HDPE,800.0,4303.82,0.0,5000,2025-03-04 18:00:00
2025-08-24,P05,HDPE,800.0,3753.55,0.0,5000,2025-03-03 01:00:00
2025-08-25,P05,HDPE,800.0,3659.62,0.0,5000,2025-03-02 01:00:00
2025-08-26,P05,HDPE,800.0,1117.11,0.0,5000,2025-03-02 02:00:00
2025-08-27,P05,HDPE,800.0,5422.51,0.0,5000,2025-03-02 04:00:00
2025-08-28,P05,HDPE,800.0,11443.02,0.0,5000,2025-03-02 15:00:00
2025-08-29,P05,HDPE,800.0,3362.76,0.0,5000,2025-03-03 06:00:00
2025-08-30,P05,HDPE,800.0,2218.49,0.0,5000,2025-03-03 05:00:00
2025-08-31,P05,HDPE,800.0,2279.37,0.0,5000,2025-03-02 05:00:00
2025-09-01,P05,HDPE,24332.77,2473.77,26006.54,5000,2025-03-03 18:00:00
2025-09-02,P05,HDPE,22502.07,1830.7,0.0,5000,2025-03-04 04:00:00
2025-09-03,P05,HDPE,19542.6,2959.47,0.0,5000,2025-03-04 17:00:00
2025-09-04,P05,HDPE,18850.15,692.45,0.0,5000,2025-03-03 22:00:00
2025-09-05,P05,HDPE,14162.85,4687.3,0.0,5000,2025-03-02 20:00:00
2025-09-06,P05,HDPE,12117.46,2045.39,0.0,5000,2025-03-02 00:00:00
2025-09-07,P05,HDPE,6786.45,5331.01,0.0,5000,2025-03-03 20:00:00
2025-09-08,P05,HDPE,1605.93,5180.52,0.0,5000,2025-03-04 05:00:00
2025-09-09,P05,HDPE,1127.84,478.09,0.0,5000,2025-03-02 08:00:00
2025-09-10,P05,HDPE,800.0,2998.8,0.0,5000,2025-03-04 03:00:00
2025-09-11,P05,HDPE,800.0,4484.75,0.0,5000,2025-03-02 02:00:00
2025-09-12,P05,HDPE,800.0,3555.75,0.0,5000,2025-03-02 06:00:00
2025-09-13,P05,HDPE,800.0,4578.02,0.0,5000,2025-03-04 14:00:00
2025-09-14,P05,HDPE,800.0,5692.69,0.0,5000,2025-03-02 01:00:00
2025-09-15,P05,HDPE,23450.16,4577.88,27228.04,5000,2025-03-02 17:00:00
2025-09-16,P05,HDPE,21424.13,2026.03,0.0,5000,2025-03-02 05:00:00
2025-09-17,P05,HDPE,21424.13,0.0,0.0,5000,2025-03-04 11:00:00
2025-09-18,P05,HDPE,21424.13,0.0,0.0,5000,2025-03-04 20:00:00
2025-09-19,P05,HDPE,17099.0,4325.13,0.0,5000,2025-03-02 16:00:00
2025-09-20,P05,HDPE,10683.99,6415.01,0.0,5000,2025-03-02 15:00:00
2025-09-21,P05,HDPE,7955.85,2728.14,0.0,5000,2025-03-02 07:00:00
2025-09-22,P05,HDPE,7955.85,0.0,0.0,5000,2025-03-02 07:00:00
2025-09-23,P05,HDPE,4998.61,2957.24,0.0,5000,2025-03-03 18:00:00
2025-09-24,P05,HDPE,1016.75,3981.86,0.0,5000,2025-03-03 17:00:00
2025-09-25,P05,HDPE,800.0,1934.56,0.0,5000,2025-03-04 19:00:00
2025-09-26,P05,HDPE,800.0,3449.32,0.0,5000,2025-03-02 03:00:00
2025-09-27,P05,HDPE,800.0,5789.66,0.0,5000,2025-03-04 05:00:00
2025-09-28,P05,HDPE,800.0,1335.02,0.0,5000,2025-03-04 16:00:00
2025-09-29,P05,HDPE,800.0,0.0,0.0,5000,2025-03-02 16:00:00
2025-09-30,P05,HDPE,800.0,5529.96,0.0,5000,2025-03-04 12:00:00
2025-10-01,P05,HDPE,27839.72,476.9,27516.62,5000,2025-03-02 12:00:00
2025-10-02,P05,HDPE,22049.58,5790.14,0.0,5000,2025-03-03 07:00:00
2025-10-03,P05,HDPE,20662.24,1387.34,0.0,5000,2025-03-04 06:00:00
2025-10-04,P05,HDPE,16534.16,4128.08,0.0,5000,2025-03-04 07:00:00
2025-10-05,P05,HDPE,10102.86,6431.3,0.0,5000,2025-03-04 05:00:00
2025-10-06,P05,HDPE,7806.13,2296.73,0.0,5000,2025-03-03 20:00:00
2025-10-07,P05,HDPE,2579.92,5226.21,0.0,5000,2025-03-02 10:00:00
2025-10-08,P05,HDPE,2579.92,0.0,0.0,5000,2025-03-02 04:00:00
2025-10-09,P05,HDPE,800.0,6099.94,0.0,5000,2025-03-02 18:00:00
2025-10-10,P05,HDPE,800.0,4849.43,0.0,5000,2025-03-03 05:00:00
2025-10-11,P05,HDPE,800.0,2121.36,0.0,5000,2025-03-02 05:00:00
2025-10-12,P05,HDPE,800.0,4568.81,0.0,5000,2025-03-03 10:00:00
2025-10-13,P05,HDPE,800.0,553.57,0.0,5000,2025-03-03 14:00:00
2025-10-14,P05,HDPE,800.0,2855.85,0.0,5000,2025-03-03 04:00:00
2025-10-15,P05,HDPE,26313.96,3063.01,28576.97,5000,2025-03-03 17:00:00
2025-10-16,P05,HDPE,25317.01,996.95,0.0,5000,2025-03-04 18:00:00
2025-10-17,P05,HDPE,24532.37,784.64,0.0,5000,2025-03-04 18:00:00
2025-10-18,P05,HDPE,23237.08,1295.29,0.0,5000,2025-03-04 16:00:00
2025-10-19,P05,HDPE,20301.09,2935.99,0.0,5000,2025-03-04 10:00:00
2025-10-20,P05,HDPE,17436.05,2865.04,0.0,5000,2025-03-02 12:00:00
2025-10-21,P05,HDPE,15533.07,1902.98,0.0,5000,2025-03-04 06:00:00
2025-10-22,P05,HDPE,15533.07,0.0,0.0,5000,2025-03-02 08:00:00
2025-10-23,P05,HDPE,15533.07,0.0,0.0,5000,2025-03-02 20:00:00
2025-10-24,P05,HDPE,12826.74,2706.33,0.0,5000,2025-03-04 21:00:00
2025-10-25,P05,HDPE,12826.74,0.0,0.0,5000,2025-03-04 05:00:00
2025-10-26,P05,HDPE,9657.2,3169.54,0.0,5000,2025-03-03 09:00:00
2025-10-27,P05,HDPE,9657.2,0.0,0.0,5000,2025-03-03 13:00:00
2025-10-28,P05,HDPE,7768.19,1889.01,0.0,5000,2025-03-04 16:00:00
2025-10-29,P05,HDPE,4329.18,3439.01,0.0,5000,2025-03-02 12:00:00
2025-10-30,P05,HDPE,4329.18,0.0,0.0,5000,2025-03-02 04:00:00
2025-10-31,P05,HDPE,2867.39,1461.79,0.0,5000,2025-03-04 05:00:00
2025-11-01,P05,HDPE,24516.67,2949.26,24598.53,5000,2025-03-03 17:00:00
2025-11-02,P05,HDPE,24516.67,0.0,0.0,5000,2025-03-03 10:00:00
2025-11-03,P05,HDPE,22413.84,2102.83,0.0,5000,2025-03-04 07:00:00
2025-11-04,P05,HDPE,22413.84,0.0,0.0,5000,2025-03-03 11:00:00
2025-11-05,P05,HDPE,15088.78,7325.06,0.0,5000,2025-03-04 11:00:00
2025-11-06,P05,HDPE,10909.28,4179.5,0.0,5000,2025-03-02 12:00:00
2025-11-07,P05,HDPE,9624.77,1284.51,0.0,5000,2025-03-04 18:00:00
2025-11-08,P05,HDPE,4055.71,5569.06,0.0,5000,2025-03-02 11:00:00
2025-11-09,P05,HDPE,800.0,3674.71,0.0,5000,2025-03-03 03:00:00
2025-11-10,P05,HDPE,800.0,5767.63,0.0,5000,2025-03-02 12:00:00
2025-11-11,P05,HDPE,800.0,2015.4,0.0,5000,2025-03-04 12:00:00
2025-11-12,P05,HDPE,800.0,3643.59,0.0,5000,2025-03-03 04:00:00
2025-11-13,P05,HDPE,800.0,1210.47,0.0,5000,2025-03-02 07:00:00
2025-11-14,P05,HDPE,800.0,943.16,0.0,5000,2025-03-04 00:00:00
2025-11-15,P05,HDPE,21646.98,1401.5,22248.48,5000,2025-03-02 12:00:00
2025-11-16,P05,HDPE,20645.03,1001.95,0.0,5000,2025-03-02 00:00:00
2025-11-17,P05,HDPE,14387.16,6257.87,0.0,5000,2025-03-03 01:00:00
2025-11-18,P05,HDPE,6593.66,7793.5,0.0,5000,2025-03-02 19:00:00
2025-11-19,P05,HDPE,4138.12,2455.54,0.0,5000,2025-03-04 20:00:00
2025-11-20,P05,HDPE,2382.1,1756.02,0.0,5000,2025-03-03 09:00:00
2025-11-21,P05,HDPE,800.0,4026.05,0.0,5000,2025-03-02 22:00:00
2025-11-22,P05,HDPE,800.0,6997.3,0.0,5000,2025-03-02 12:00:00
2025-11-23,P05,HDPE,800.0,0.0,0.0,5000,2025-03-02 16:00:00
2025-11-24,P05,HDPE,800.0,4535.64,0.0,5000,2025-03-02 14:00:00
2025-11-25,P05,HDPE,800.0,2146.54,0.0,5000,2025-03-04 04:00:00
2025-11-26,P05,HDPE,800.0,1966.0,0.0,5000,2025-03-03 17:00:00
2025-11-27,P05,HDPE,800.0,969.7,0.0,5000,2025-03-02 04:00:00
2025-11-28,P05,HDPE,800.0,3485.58,0.0,5000,2025-03-04 04:00:00
2025-11-29,P05,HDPE,800.0,3265.45,0.0,5000,2025-03-03 11:00:00
2025-11-30,P05,HDPE,800.0,1653.45,0.0,5000,2025-03-02 11:00:00
2025-12-01,P05,HDPE,29789.52,3176.63,32166.15,5000,2025-03-02 17:00:00
2025-12-02,P05,HDPE,29789.52,0.0,0.0,5000,2025-03-03 19:00:00
2025-12-03,P05,HDPE,28841.66,947.86,0.0,5000,2025-03-04 13:00:00
2025-12-04,P05,HDPE,24960.12,3881.54,0.0,5000,2025-03-03 07:00:00
2025-12-05,P05,HDPE,24204.42,755.7,0.0,5000,2025-03-03 21:00:00
2025-12-06,P05,HDPE,22620.74,1583.68,0.0,5000,2025-03-04 01:00:00
2025-12-07,P05,HDPE,20766.14,1854.6,0.0,5000,2025-03-03 01:00:00
2025-12-08,P05,HDPE,19237.15,1528.99,0.0,5000,2025-03-03 08:00:00
2025-12-09,P05,HDPE,11815.4,7421.75,0.0,5000,2025-03-02 04:00:00
2025-12-10,P05,HDPE,9454.19,2361.21,0.0,5000,2025-03-03 14:00:00
2025-12-11,P05,HDPE,2114.22,7339.97,0.0,5000,2025-03-03 14:00:00
2025-12-12,P05,HDPE,800.0,1681.78,0.0,5000,2025-03-03 15:00:00
2025-12-13,P05,HDPE,800.0,3028.69,0.0,5000,2025-03-02 09:00:00
2025-12-14,P05,HDPE,800.0,3256.03,0.0,5000,2025-03-04 00:00:00
2025-12-15,P05,HDPE,29934.65,541.68,29676.33,5000,2025-03-02 17:00:00
2025-12-16,P05,HDPE,29635.34,299.31,0.0,5000,2025-03-02 00:00:00
2025-12-17,P05,HDPE,22818.69,6816.65,0.0,5000,2025-03-03 07:00:00
2025-12-18,P05,HDPE,21780.8,1037.89,0.0,5000,2025-03-02 19:00:00
2025-12-19,P05,HDPE,18178.8,3602.0,0.0,5000,2025-03-03 18:00:00
2025-12-20,P05,HDPE,14670.88,3507.92,0.0,5000,2025-03-03 19:00:00
2025-12-21,P05,HDPE,13028.03,1642.85,0.0,5000,2025-03-02 04:00:00
2025-12-22,P05,HDPE,10235.37,2792.66,0.0,5000,2025-03-02 10:00:00
2025-12-23,P05,HDPE,6960.3,3275.07,0.0,5000,2025-03-03 20:00:00
2025-12-24,P05,HDPE,6960.3,0.0,0.0,5000,2025-03-04 19:00:00
2025-12-25,P05,HDPE,5936.58,1023.72,0.0,5000,2025-03-04 00:00:00
2025-12-26,P05,HDPE,5936.58,0.0,0.0,5000,2025-03-02 16:00:00
2025-12-27,P05,HDPE,4121.26,1815.32,0.0,5000,2025-03-02 03:00:00
2025-12-28,P05,HDPE,3135.41,985.85,0.0,5000,2025-03-04 22:00:00
2025-12-29,P05,HDPE,1503.01,1632.4,0.0,5000,2025-03-03 11:00:00
2025-12-30,P05,HDPE,800.0,2129.5,0.0,5000,2025-03-04 03:00:00
2025-12-31,P05,HDPE,800.0,3955.29,0.0,5000,2025-03-04 19:00:00
2026-01-01,P05,HDPE,20906.4,0.0,20106.4,5000,2025-03-02 21:00:00
2026-01-02,P05,HDPE,14132.62,6773.78,0.0,5000,2025-03-03 03:00:00
2026-01-03,P05,HDPE,13788.27,344.35,0.0,5000,2025-03-02 04:00:00
2026-01-04,P05,HDPE,11159.97,2628.3,0.0,5000,2025-03-02 01:00:00
2026-01-05,P05,HDPE,4920.94,6239.03,0.0,5000,2025-03-02 14:00:00
2026-01-06,P05,HDPE,2014.55,2906.39,0.0,5000,2025-03-02 16:00:00
2026-01-07,P05,HDPE,800.0,1894.59,0.0,5000,2025-03-02 15:00:00
2026-01-08,P05,HDPE,800.0,4948.71,0.0,5000,2025-03-02 12:00:00
2026-01-09,P05,HDPE,800.0,1663.51,0.0,5000,2025-03-02 20:00:00
2026-01-10,P05,HDPE,800.0,4841.71,0.0,5000,2025-03-03 18:00:00
2026-01-11,P05,HDPE,800.0,0.0,0.0,5000,2025-03-03 01:00:00
2026-01-12,P05,HDPE,800.0,1449.3,0.0,5000,2025-03-03 22:00:00
2026-01-13,P05,HDPE,800.0,2733.15,0.0,5000,2025-03-02 15:00:00
2026-01-14,P05,HDPE,800.0,1723.32,0.0,5000,2025-03-04 05:00:00
2026-01-15,P05,HDPE,24072.39,454.45,23726.84,5000,2025-03-02 18:00:00
2026-01-16,P05,HDPE,24072.39,0.0,0.0,5000,2025-03-02 10:00:00
2026-01-17,P05,HDPE,23470.08,602.31,0.0,5000,2025-03-02 16:00:00
2026-01-18,P05,HDPE,21585.19,1884.89,0.0,5000,2025-03-02 04:00:00
2026-01-19,P05,HDPE,21585.19,0.0,0.0,5000,2025-03-04 02:00:00
2026-01-20,P05,HDPE,15146.4,6438.79,0.0,5000,2025-03-03 04:00:00
2026-01-21,P05,HDPE,12103.45,3042.95,0.0,5000,2025-03-04 09:00:00
2026-01-22,P05,HDPE,8788.28,3315.17,0.0,5000,2025-03-04 07:00:00
2026-01-23,P05,HDPE,4918.25,3870.03,0.0,5000,2025-03-03 02:00:00
2026-01-24,P05,HDPE,4918.25,0.0,0.0,5000,2025-03-03 00:00:00
2026-01-25,P05,HDPE,800.0,4983.44,0.0,5000,2025-03-02 10:00:00
2026-01-26,P05,HDPE,800.0,3149.25,0.0,5000,2025-03-03 05:00:00
2026-01-27,P05,HDPE,800.0,0.0,0.0,5000,2025-03-04 17:00:00
2026-01-28,P05,HDPE,800.0,0.0,0.0,5000,2025-03-04 17:00:00
2026-01-29,P05,HDPE,800.0,4164.61,0.0,5000,2025-03-03 06:00:00
2026-01-30,P05,HDPE,800.0,0.0,0.0,5000,2025-03-04 11:00:00
2026-01-31,P05,HDPE,800.0,2090.6,0.0,5000,2025-03-03 22:00:00
2026-02-01,P05,HDPE,29329.51,0.0,28529.51,5000,2025-03-04 15:00:00
2026-02-02,P05,HDPE,26070.99,3258.52,0.0,5000,2025-03-04 21:00:00
2026-02-03,P05,HDPE,23936.93,2134.06,0.0,5000,2025-03-03 01:00:00
2026-02-04,P05,HDPE,23936.93,0.0,0.0,5000,2025-03-02 17:00:00
2026-02-05,P05,HDPE,23936.93,0.0,0.0,5000,2025-03-02 13:00:00
2026-02-06,P05,HDPE,18782.67,5154.26,0.0,5000,2025-03-04 00:00:00
2026-02-07,P05,HDPE,18396.66,386.01,0.0,5000,2025-03-04 19:00:00
2026-02-08,P05,HDPE,13257.09,5139.57,0.0,5000,2025-03-04 19:00:00
2026-02-09,P05,HDPE,11105.72,2151.37,0.0,5000,2025-03-03 14:00:00
2026-02-10,P05,HDPE,8088.59,3017.13,0.0,5000,2025-03-03 04:00:00
2026-02-11,P05,HDPE,8088.59,0.0,0.0,5000,2025-03-03 09:00:00
2026-02-12,P05,HDPE,800.0,11165.47,0.0,5000,2025-03-03 20:00:00
2026-02-13,P05,HDPE,800.0,0.0,0.0,5000,2025-03-03 05:00:00
2026-02-14,P05,HDPE,800.0,8196.79,0.0,5000,2025-03-02 01:00:00
2026-02-15,P05,HDPE,28694.16,3251.88,31146.04,5000,2025-03-02 04:00:00
2026-02-16,P05,HDPE,25332.57,3361.59,0.0,5000,2025-03-02 18:00:00
2026-02-17,P05,HDPE,25332.57,0.0,0.0,5000,2025-03-02 22:00:00
2026-02-18,P05,HDPE,21063.22,4269.35,0.0,5000,2025-03-02 09:00:00
2026-02-19,P05,HDPE,20162.35,900.87,0.0,5000,2025-03-02 07:00:00
2026-02-20,P05,HDPE,19750.54,411.81,0.0,5000,2025-03-02 05:00:00
2026-02-21,P05,HDPE,16934.72,2815.82,0.0,5000,2025-03-03 00:00:00
2026-02-22,P05,HDPE,12433.22,4501.5,0.0,5000,2025-03-03 15:00:00
2026-02-23,P05,HDPE,11499.43,933.79,0.0,5000,2025-03-02 20:00:00
2026-02-24,P05,HDPE,9220.05,2279.38,0.0,5000,2025-03-04 01:00:00
2026-02-25,P05,HDPE,8012.1,1207.95,0.0,5000,2025-03-04 01:00:00
2026-02-26,P05,HDPE,8012.1,0.0,0.0,5000,2025-03-02 21:00:00
2026-02-27,P05,HDPE,2729.78,5282.32,0.0,5000,2025-03-03 09:00:00
2026-02-28,P05,HDPE,800.0,4779.79,0.0,5000,2025-03-02 13:00:00
2026-03-01,P05,HDPE,25587.6,3778.5,28566.1,5000,2025-03-03 01:00:00
2026-03-02,P05,HDPE,24122.67,1464.93,0.0,5000,2025-03-03 22:00:00
2026-03-03,P05,HDPE,24122.67,0.0,0.0,5000,2025-03-03 02:00:00
2026-03-04,P05,HDPE,19226.97,4895.7,0.0,5000,2025-03-04 17:00:00
2026-03-05,P05,HDPE,19226.97,0.0,0.0,5000,2025-03-04 12:00:00
2026-03-06,P05,HDPE,15431.75,3795.22,0.0,5000,2025-03-04 08:00:00
2026-03-07,P05,HDPE,15431.75,0.0,0.0,5000,2025-03-03 01:00:00
2026-03-08,P05,HDPE,11438.28,3993.47,0.0,5000,2025-03-03 14:00:00
2026-03-09,P05,HDPE,9646.46,1791.82,0.0,5000,2025-03-02 12:00:00
2026-03-10,P05,HDPE,3559.95,6086.51,0.0,5000,2025-03-03 00:00:00
2026-03-11,P05,HDPE,800.0,5647.0,0.0,5000,2025-03-02 12:00:00
2026-03-12,P05,HDPE,800.0,8228.37,0.0,5000,2025-03-02 17:00:00
2026-03-13,P05,HDPE,800.0,0.0,0.0,5000,2025-03-02 12:00:00
2026-03-14,P05,HDPE,800.0,2192.85,0.0,5000,2025-03-04 06:00:00
2026-03-15,P05,HDPE,32365.88,1714.35,33280.23,5000,2025-03-04 15:00:00
2026-03-16,P05,HDPE,30412.64,1953.24,0.0,5000,2025-03-03 09:00:00
2026-03-17,P05,HDPE,30412.64,0.0,0.0,5000,2025-03-02 03:00:00
2026-03-18,P05,HDPE,25401.26,5011.38,0.0,5000,2025-03-03 05:00:00
2026-03-19,P05,HDPE,21795.53,3605.73,0.0,5000,2025-03-03 09:00:00
2026-03-20,P05,HDPE,16247.88,5547.65,0.0,5000,2025-03-03 09:00:00
2026-03-21,P05,HDPE,15037.22,1210.66,0.0,5000,2025-03-04 09:00:00
2026-03-22,P05,HDPE,13826.22,1211.0,0.0,5000,2025-03-03 09:00:00
2026-03-23,P05,HDPE,13826.22,0.0,0.0,5000,2025-03-04 10:00:00
2026-03-24,P05,HDPE,9005.33,4820.89,0.0,5000,2025-03-04 12:00:00
2026-03-25,P05,HDPE,800.0,10222.89,0.0,5000,2025-03-03 08:00:00
2026-03-26,P05,HDPE,800.0,861.17,0.0,5000,2025-03-02 07:00:00
2026-03-27,P05,HDPE,800.0,498.36,0.0,5000,2025-03-03 06:00:00
2026-03-28,P05,HDPE,800.0,362.32,0.0,5000,2025-03-04 22:00:00
2026-03-29,P05,HDPE,800.0,7297.5,0.0,5000,2025-03-03 14:00:00
2026-03-30,P05,HDPE,800.0,1169.57,0.0,5000,2025-03-03 18:00:00
2026-03-31,P05,HDPE,800.0,7780.7,0.0,5000,2025-03-02 04:00:00
2026-04-01,P05,HDPE,19439.71,6118.9,24758.61,5000,2025-03-03 20:00:00
2026-04-02,P05,HDPE,16781.6,2658.11,0.0,5000,2025-03-04 19:00:00
2026-04-03,P05,HDPE,14193.37,2588.23,0.0,5000,2025-03-02 21:00:00
2026-04-04,P05,HDPE,11882.5,2310.87,0.0,5000,2025-03-03 13:00:00
2026-04-05,P05,HDPE,10076.98,1805.52,0.0,5000,2025-03-03 05:00:00
2026-04-06,P05,HDPE,10076.98,0.0,0.0,5000,2025-03-04 20:00:00
2026-04-07,P05,HDPE,7109.49,2967.49,0.0,5000,2025-03-04 12:00:00
2026-04-08,P05,HDPE,5651.22,1458.27,0.0,5000,2025-03-03 14:00:00
2026-04-09,P05,HDPE,2312.0,3339.22,0.0,5000,2025-03-02 16:00:00
2026-04-10,P05,HDPE,800.0,2094.68,0.0,5000,2025-03-02 17:00:00
2026-04-11,P05,HDPE,800.0,5078.3,0.0,5000,2025-03-04 00:00:00
2026-04-12,P05,HDPE,800.0,822.22,0.0,5000,2025-03-04 21:00:00
2026-04-13,P05,HDPE,800.0,1768.19,0.0,5000,2025-03-02 07:00:00
2026-04-14,P05,HDPE,800.0,0.0,0.0,5000,2025-03-03 17:00:00
2026-04-15,P05,HDPE,27683.52,5119.8,32003.32,5000,2025-03-04 07:00:00
2026-04-16,P05,HDPE,21715.22,5968.3,0.0,5000,2025-03-03 00:00:00
2026-04-17,P05,HDPE,20284.5,1430.72,0.0,5000,2025-03-02 09:00:00
2026-04-18,P05,HDPE,20284.5,0.0,0.0,5000,2025-03-03 18:00:00
2026-04-19,P05,HDPE,18407.22,1877.28,0.0,5000,2025-03-02 10:00:00
2026-04-20,P05,HDPE,16395.13,2012.09,0.0,5000,2025-03-03 00:00:00
2026-04-21,P05,HDPE,6287.13,10108.0,0.0,5000,2025-03-04 12:00:00
2026-04-22,P05,HDPE,6287.13,0.0,0.0,5000,2025-03-03 00:00:00
2026-04-23,P05,HDPE,800.0,8167.54,0.0,5000,2025-03-02 02:00:00
2026-04-24,P05,HDPE,800.0,2640.04,0.0,5000,2025-03-03 11:00:00
2026-04-25,P05,HDPE,800.0,6572.21,0.0,5000,2025-03-04 07:00:00
2026-04-26,P05,HDPE,800.0,597.05,0.0,5000,2025-03-04 15:00:00
2026-04-27,P05,HDPE,800.0,659.93,0.0,5000,2025-03-03 06:00:00
2026-04-28,P05,HDPE,800.0,504.3,0.0,5000,2025-03-02 06:00:00
2026-04-29,P05,HDPE,800.0,0.0,0.0,5000,2025-03-04 21:00:00
2026-04-30,P05,HDPE,800.0,1494.52,0.0,5000,2025-03-02 17:00:00
2026-05-01,P05,HDPE,20535.73,692.25,20427.98,5000,2025-03-03 06:00:00
2026-05-02,P05,HDPE,13629.06,6906.67,0.0,5000,2025-03-04 01:00:00
2026-05-03,P05,HDPE,10680.27,2948.79,0.0,5000,2025-03-02 06:00:00
2026-05-04,P05,HDPE,6779.64,3900.63,0.0,5000,2025-03-03 22:00:00
2026-05-05,P05,HDPE,4614.13,2165.51,0.0,5000,2025-03-03 02:00:00
2026-05-06,P05,HDPE,2141.14,2472.99,0.0,5000,2025-03-03 14:00:00
2026-05-07,P05,HDPE,800.0,6373.29,0.0,5000,2025-03-03 21:00:00
2026-05-08,P05,HDPE,800.0,809.08,0.0,5000,2025-03-02 14:00:00
2026-05-09,P05,HDPE,800.0,7740.51,0.0,5000,2025-03-04 02:00:00
2026-05-10,P05,HDPE,800.0,2264.32,0.0,5000,2025-03-02 20:00:00
2026-05-11,P05,HDPE,800.0,1264.27,0.0,5000,2025-03-02 12:00:00
2026-05-12,P05,HDPE,800.0,2018.22,0.0,5000,2025-03-04 19:00:00
2026-05-13,P05,HDPE,800.0,2987.96,0.0,5000,2025-03-03 04:00:00
2026-05-14,P05,HDPE,800.0,0.0,0.0,5000,2025-03-04 06:00:00
2026-05-15,P05,HDPE,28423.0,1916.94,29539.94,5000,2025-03-04 22:00:00
2026-05-16,P05,HDPE,28423.0,0.0,0.0,5000,2025-03-04 07:00:00
2026-05-17,P05,HDPE,24463.46,3959.54,0.0,5000,2025-03-04 08:00:00
2026-05-18,P05,HDPE,24463.46,0.0,0.0,5000,2025-03-02 15:00:00
2026-05-19,P05,HDPE,24463.46,0.0,0.0,5000,2025-03-04 16:00:00
2026-05-20,P05,HDPE,21947.91,2515.55,0.0,5000,2025-03-02 06:00:00
2026-05-21,P05,HDPE,19050.71,2897.2,0.0,5000,2025-03-02 19:00:00
2026-05-22,P05,HDPE,19050.71,0.0,0.0,5000,2025-03-04 19:00:00
2026-05-23,P05,HDPE,16244.94,2805.77,0.0,5000,2025-03-02 11:00:00
2026-05-24,P05,HDPE,16244.94,0.0,0.0,5000,2025-03-02 15:00:00
2026-05-25,P05,HDPE,11887.42,4357.52,0.0,5000,2025-03-02 18:00:00
2026-05-26,P05,HDPE,9542.53,2344.89,0.0,5000,2025-03-03 05:00:00
2026-05-27,P05,HDPE,8004.55,1537.98,0.0,5000,2025-03-04 06:00:00
2026-05-28,P05,HDPE,5471.87,2532.68,0.0,5000,2025-03-03 22:00:00
2026-05-29,P05,HDPE,4325.83,1146.04,0.0,5000,2025-03-03 01:00:00
2026-05-30,P05,HDPE,2742.93,1582.9,0.0,5000,2025-03-04 13:00:00
2026-05-31,P05,HDPE,2742.93,0.0,0.0,5000,2025-03-03 21:00:00
2026-06-01,P05,HDPE,25860.44,2040.45,25157.96,5000,2025-03-04 17:00:00
2026-06-02,P05,HDPE,17013.11,8847.33,0.0,5000,2025-03-03 07:00:00
2026-06-03,P05,HDPE,10542.55,6470.56,0.0,5000,2025-03-02 15:00:00
2026-06-04,P05,HDPE,5593.91,4948.64,0.0,5000,2025-03-02 09:00:00
2026-06-05,P05,HDPE,5593.91,0.0,0.0,5000,2025-03-04 01:00:00
2026-06-06,P05,HDPE,3711.17,1882.74,0.0,5000,2025-03-04 08:00:00
2026-06-07,P05,HDPE,800.0,4204.27,0.0,5000,2025-03-04 03:00:00
2026-06-08,P05,HDPE,800.0,2700.6,0.0,5000,2025-03-03 19:00:00
2026-06-09,P05,HDPE,800.0,2830.46,0.0,5000,2025-03-04 05:00:00
2026-06-10,P05,HDPE,800.0,4231.7,0.0,5000,2025-03-02 10:00:00
2026-06-11,P05,HDPE,800.0,2568.02,0.0,5000,2025-03-03 19:00:00
2026-06-12,P05,HDPE,800.0,1753.9,0.0,5000,2025-03-04 07:00:00
2026-06-13,P05,HDPE,800.0,3460.01,0.0,5000,2025-03-02 03:00:00
2026-06-14,P05,HDPE,800.0,2523.31,0.0,5000,2025-03-02 22:00:00
2026-06-15,P05,HDPE,21779.3,0.0,20979.3,5000,2025-03-04 01:00:00
2026-06-16,P05,HDPE,13796.08,7983.22,0.0,5000,2025-03-03 19:00:00
2026-06-17,P05,HDPE,13796.08,0.0,0.0,5000,2025-03-04 18:00:00
2026-06-18,P05,HDPE,6342.65,7453.43,0.0,5000,2025-03-03 06:00:00
2026-06-19,P05,HDPE,4387.05,1955.6,0.0,5000,2025-03-04 00:00:00
2026-06-20,P05,HDPE,1582.42,2804.63,0.0,5000,2025-03-04 06:00:00
2026-06-21,P05,HDPE,1101.39,481.03,0.0,5000,2025-03-02 04:00:00
2026-06-22,P05,HDPE,800.0,937.28,0.0,5000,2025-03-02 01:00:00
2026-06-23,P05,HDPE,800.0,1027.1,0.0,5000,2025-03-03 19:00:00
2026-06-24,P05,HDPE,800.0,2607.96,0.0,5000,2025-03-02 09:00:00
2026-06-25,P05,HDPE,800.0,0.0,0.0,5000,2025-03-04 22:00:00
2026-06-26,P05,HDPE,800.0,910.46,0.0,5000,2025-03-04 06:00:00
2026-06-27,P05,HDPE,800.0,0.0,0.0,5000,2025-03-04 15:00:00
2026-06-28,P05,HDPE,800.0,0.0,0.0,5000,2025-03-04 20:00:00
2026-06-29,P05,HDPE,800.0,1436.92,0.0,5000,2025-03-03 02:00:00
2026-06-30,P05,HDPE,800.0,6414.36,0.0,5000,2025-03-04 11:00:00
2025-01-01,P05,PP,72678.37,1231.68,28768.54,5000,2025-03-02 02:00:00
2025-01-02,P05,PP,69346.32,3332.05,0.0,5000,2025-03-04 18:00:00
2025-01-03,P05,PP,69024.09,322.23,0.0,5000,2025-03-04 07:00:00
2025-01-04,P05,PP,67550.01,1474.08,0.0,5000,2025-03-03 13:00:00
2025-01-05,P05,PP,66673.55,876.46,0.0,5000,2025-03-04 18:00:00
2025-01-06,P05,PP,63222.46,3451.09,0.0,5000,2025-03-02 21:00:00
2025-01-07,P05,PP,61674.44,1548.02,0.0,5000,2025-03-03 13:00:00
2025-01-08,P05,PP,61415.64,258.8,0.0,5000,2025-03-04 08:00:00
2025-01-09,P05,PP,59741.19,1674.45,0.0,5000,2025-03-03 13:00:00
2025-01-10,P05,PP,59398.23,342.96,0.0,5000,2025-03-03 05:00:00
2025-01-11,P05,PP,57373.69,2024.54,0.0,5000,2025-03-04 17:00:00
2025-01-12,P05,PP,56274.7,1098.99,0.0,5000,2025-03-03 02:00:00
2025-01-13,P05,PP,54072.23,2202.47,0.0,5000,2025-03-03 12:00:00
2025-01-14,P05,PP,53192.76,879.47,0.0,5000,2025-03-03 13:00:00
2025-01-15,P05,PP,84091.5,1946.93,32845.67,5000,2025-03-04 17:00:00
2025-01-16,P05,PP,83785.42,306.08,0.0,5000,2025-03-04 03:00:00
2025-01-17,P05,PP,81950.48,1834.94,0.0,5000,2025-03-04 08:00:00
2025-01-18,P05,PP,81544.06,406.42,0.0,5000,2025-03-02 04:00:00
2025-01-19,P05,PP,81178.0,366.06,0.0,5000,2025-03-04 11:00:00
2025-01-20,P05,PP,79362.7,1815.3,0.0,5000,2025-03-04 18:00:00
2025-01-21,P05,PP,77697.82,1664.88,0.0,5000,2025-03-02 00:00:00
2025-01-22,P05,PP,72616.14,5081.68,0.0,5000,2025-03-04 09:00:00
2025-01-23,P05,PP,70903.17,1712.97,0.0,5000,2025-03-02 05:00:00
2025-01-24,P05,PP,70328.23,574.94,0.0,5000,2025-03-02 19:00:00
2025-01-25,P05,PP,69542.57,785.66,0.0,5000,2025-03-02 19:00:00
2025-01-26,P05,PP,68595.14,947.43,0.0,5000,2025-03-03 02:00:00
2025-01-27,P05,PP,67931.58,663.56,0.0,5000,2025-03-02 16:00:00
2025-01-28,P05,PP,64508.31,3423.27,0.0,5000,2025-03-02 15:00:00
2025-01-29,P05,PP,62261.88,2246.43,0.0,5000,2025-03-02 22:00:00
2025-01-30,P05,PP,61184.08,1077.8,0.0,5000,2025-03-03 09:00:00
2025-01-31,P05,PP,59931.16,1252.92,0.0,5000,2025-03-02 05:00:00
2025-02-01,P05,PP,89252.03,3046.6,32367.47,5000,2025-03-04 20:00:00
2025-02-02,P05,PP,88181.53,1070.5,0.0,5000,2025-03-04 06:00:00
2025-02-03,P05,PP,86608.39,1573.14,0.0,5000,2025-03-02 18:00:00
2025-02-04,P05,PP,85404.13,1204.26,0.0,5000,2025-03-04 02:00:00
2025-02-05,P05,PP,84829.28,574.85,0.0,5000,2025-03-03 15:00:00
2025-02-06,P05,PP,84111.01,718.27,0.0,5000,2025-03-03 16:00:00
2025-02-07,P05,PP,79567.45,4543.56,0.0,5000,2025-03-02 12:00:00
2025-02-08,P05,PP,79445.28,122.17,0.0,5000,2025-03-02 04:00:00
2025-02-09,P05,PP,77522.62,1922.66,0.0,5000,2025-03-03 07:00:00
2025-02-10,P05,PP,76775.83,746.79,0.0,5000,2025-03-02 05:00:00
2025-02-11,P05,PP,75215.4,1560.43,0.0,5000,2025-03-02 11:00:00
2025-02-12,P05,PP,75215.4,0.0,0.0,5000,2025-03-02 13:00:00
2025-02-13,P05,PP,74123.19,1092.21,0.0,5000,2025-03-03 22:00:00
2025-02-14,P05,PP,73420.69,702.5,0.0,5000,2025-03-04 21:00:00
2025-02-15,P05,PP,99602.88,3756.58,29938.77,5000,2025-03-03 15:00:00
2025-02-16,P05,PP,98298.74,1304.14,0.0,5000,2025-03-02 03:00:00
2025-02-17,P05,PP,96735.83,1562.91,0.0,5000,2025-03-02 08:00:00
2025-02-18,P05,PP,96290.1,445.73,0.0,5000,2025-03-03 20:00:00
2025-02-19,P05,PP,93188.82,3101.28,0.0,5000,2025-03-03 15:00:00
2025-02-20,P05,PP,91764.73,1424.09,0.0,5000,2025-03-04 00:00:00
2025-02-21,P05,PP,90486.38,1278.35,0.0,5000,2025-03-03 18:00:00
2025-02-22,P05,PP,90403.89,82.49,0.0,5000,2025-03-02 07:00:00
2025-02-23,P05,PP,89539.16,864.73,0.0,5000,2025-03-03 16:00:00
2025-02-24,P05,PP,88912.49,626.67,0.0,5000,2025-03-03 06:00:00
2025-02-25,P05,PP,87530.48,1382.01,0.0,5000,2025-03-04 14:00:00
2025-02-26,P05,PP,84121.94,3408.54,0.0,5000,2025-03-02 14:00:00
2025-02-27,P05,PP,81882.65,2239.29,0.0,5000,2025-03-02 16:00:00
2025-02-28,P05,PP,76164.41,5718.24,0.0,5000,2025-03-04 21:00:00
2025-03-01,P05,PP,99429.21,606.8,23871.6,5000,2025-03-02 13:00:00
2025-03-02,P05,PP,95260.73,4168.48,0.0,5000,2025-03-04 00:00:00
2025-03-03,P05,PP,90929.46,4331.27,0.0,5000,2025-03-04 09:00:00
2025-03-04,P05,PP,88991.46,1938.0,0.0,5000,2025-03-02 08:00:00
2025-03-05,P05,PP,86851.49,2139.97,0.0,5000,2025-03-02 13:00:00
2025-03-06,P05,PP,84977.38,1874.11,0.0,5000,2025-03-04 14:00:00
2025-03-07,P05,PP,83529.3,1448.08,0.0,5000,2025-03-04 05:00:00
2025-03-08,P05,PP,81345.76,2183.54,0.0,5000,2025-03-02 15:00:00
2025-03-09,P05,PP,75620.09,5725.67,0.0,5000,2025-03-02 09:00:00
2025-03-10,P05,PP,71400.4,4219.69,0.0,5000,2025-03-02 13:00:00
2025-03-11,P05,PP,70565.67,834.73,0.0,5000,2025-03-03 03:00:00
2025-03-12,P05,PP,68791.61,1774.06,0.0,5000,2025-03-04 11:00:00
2025-03-13,P05,PP,67131.59,1660.02,0.0,5000,2025-03-04 20:00:00
2025-03-14,P05,PP,64584.47,2547.12,0.0,5000,2025-03-04 11:00:00
2025-03-15,P05,PP,92684.2,1845.25,29944.99,5000,2025-03-02 22:00:00
2025-03-16,P05,PP,89823.42,2860.78,0.0,5000,2025-03-03 17:00:00
2025-03-17,P05,PP,89272.47,550.95,0.0,5000,2025-03-04 22:00:00
2025-03-18,P05,PP,84796.1,4476.37,0.0,5000,2025-03-04 11:00:00
2025-03-19,P05,PP,82701.98,2094.12,0.0,5000,2025-03-04 14:00:00
2025-03-20,P05,PP,81040.5,1661.48,0.0,5000,2025-03-04 09:00:00
2025-03-21,P05,PP,80131.05,909.45,0.0,5000,2025-03-04 17:00:00
2025-03-22,P05,PP,79185.07,945.98,0.0,5000,2025-03-04 20:00:00
2025-03-23,P05,PP,78906.78,278.29,0.0,5000,2025-03-03 20:00:00
2025-03-24,P05,PP,78351.47,555.31,0.0,5000,2025-03-04 03:00:00
2025-03-25,P05,PP,76752.28,1599.19,0.0,5000,2025-03-04 11:00:00
2025-03-26,P05,PP,75823.58,928.7,0.0,5000,2025-03-04 03:00:00
2025-03-27,P05,PP,74272.76,1550.82,0.0,5000,2025-03-02 03:00:00
2025-03-28,P05,PP,70230.89,4041.87,0.0,5000,2025-03-02 10:00:00
2025-03-29,P05,PP,65775.83,4455.06,0.0,5000,2025-03-03 15:00:00
2025-03-30,P05,PP,65112.66,663.17,0.0,5000,2025-03-02 08:00:00
2025-03-31,P05,PP,63035.48,2077.18,0.0,5000,2025-03-04 13:00:00
2025-04-01,P05,PP,91025.81,2981.74,30972.07,5000,2025-03-02 20:00:00
2025-04-02,P05,PP,85679.9,5345.91,0.0,5000,2025-03-03 11:00:00
2025-04-03,P05,PP,84242.5,1437.4,0.0,5000,2025-03-02 08:00:00
2025-04-04,P05,PP,81232.81,3009.69,0.0,5000,2025-03-03 17:00:00
2025-04-05,P05,PP,80418.62,814.19,0.0,5000,2025-03-04 16:00:00
2025-04-06,P05,PP,79987.2,431.42,0.0,5000,2025-03-04 10:00:00
2025-04-07,P05,PP,78646.82,1340.38,0.0,5000,2025-03-03 17:00:00
2025-04-08,P05,PP,75824.29,2822.53,0.0,5000,2025-03-04 13:00:00
2025-04-09,P05,PP,74257.53,1566.76,0.0,5000,2025-03-02 16:00:00
2025-04-10,P05,PP,73003.19,1254.34,0.0,5000,2025-03-04 10:00:00
2025-04-11,P05,PP,72275.12,728.07,0.0,5000,2025-03-03 08:00:00
2025-04-12,P05,PP,71229.32,1045.8,0.0,5000,2025-03-03 04:00:00
2025-04-13,P05,PP,69923.47,1305.85,0.0,5000,2025-03-03 12:00:00
2025-04-14,P05,PP,69755.25,168.22,0.0,5000,2025-03-03 05:00:00
2025-04-15,P05,PP,95698.63,4395.79,30339.17,5000,2025-03-02 13:00:00
2025-04-16,P05,PP,94423.72,1274.91,0.0,5000,2025-03-04 18:00:00
2025-04-17,P05,PP,92023.67,2400.05,0.0,5000,2025-03-02 21:00:00
2025-04-18,P05,PP,92023.67,0.0,0.0,5000,2025-03-02 14:00:00
2025-04-19,P05,PP,91567.06,456.61,0.0,5000,2025-03-03 08:00:00
2025-04-20,P05,PP,89516.66,2050.4,0.0,5000,2025-03-04 18:00:00
2025-04-21,P05,PP,89151.22,365.44,0.0,5000,2025-03-02 09:00:00
2025-04-22,P05,PP,88063.05,1088.17,0.0,5000,2025-03-02 04:00:00
2025-04-23,P05,PP,86619.9,1443.15,0.0,5000,2025-03-02 14:00:00
2025-04-24,P05,PP,85715.67,904.23,0.0,5000,2025-03-04 07:00:00
2025-04-25,P05,PP,85214.79,500.88,0.0,5000,2025-03-02 04:00:00
2025-04-26,P05,PP,83547.57,1667.22,0.0,5000,2025-03-03 16:00:00
2025-04-27,P05,PP,80533.17,3014.4,0.0,5000,2025-03-04 05:00:00
2025-04-28,P05,PP,80099.33,433.84,0.0,5000,2025-03-04 08:00:00
2025-04-29,P05,PP,77953.37,2145.96,0.0,5000,2025-03-03 15:00:00
2025-04-30,P05,PP,76783.65,1169.72,0.0,5000,2025-03-04 03:00:00
2025-05-01,P05,PP,106831.86,1010.33,31058.54,5000,2025-03-04 03:00:00
2025-05-02,P05,PP,106674.11,157.75,0.0,5000,2025-03-04 07:00:00
2025-05-03,P05,PP,103804.91,2869.2,0.0,5000,2025-03-04 18:00:00
2025-05-04,P05,PP,103608.72,196.19,0.0,5000,2025-03-03 14:00:00
2025-05-05,P05,PP,102280.64,1328.08,0.0,5000,2025-03-02 04:00:00
2025-05-06,P05,PP,102162.11,118.53,0.0,5000,2025-03-03 01:00:00
2025-05-07,P05,PP,101758.33,403.78,0.0,5000,2025-03-02 07:00:00
2025-05-08,P05,PP,100355.31,1403.02,0.0,5000,2025-03-04 10:00:00
2025-05-09,P05,PP,96524.41,3830.9,0.0,5000,2025-03-04 13:00:00
2025-05-10,P05,PP,96337.9,186.51,0.0,5000,2025-03-02 21:00:00
2025-05-11,P05,PP,93627.54,2710.36,0.0,5000,2025-03-04 08:00:00
2025-05-12,P05,PP,92844.44,783.1,0.0,5000,2025-03-03 17:00:00
2025-05-13,P05,PP,89411.0,3433.44,0.0,5000,2025-03-03 21:00:00
2025-05-14,P05,PP,83638.73,5772.27,0.0,5000,2025-03-03 10:00:00
2025-05-15,P05,PP,109829.07,0.0,26190.34,5000,2025-03-03 18:00:00
2025-05-16,P05,PP,108572.15,1256.92,0.0,5000,2025-03-03 10:00:00
2025-05-17,P05,PP,107485.07,1087.08,0.0,5000,2025-03-02 02:00:00
2025-05-18,P05,PP,106777.04,708.03,0.0,5000,2025-03-04 17:00:00
2025-05-19,P05,PP,105236.45,1540.59,0.0,5000,2025-03-04 14:00:00
2025-05-20,P05,PP,103004.39,2232.06,0.0,5000,2025-03-02 16:00:00
2025-05-21,P05,PP,101763.77,1240.62,0.0,5000,2025-03-04 10:00:00
2025-05-22,P05,PP,99993.21,1770.56,0.0,5000,2025-03-02 03:00:00
2025-05-23,P05,PP,98881.0,1112.21,0.0,5000,2025-03-04 14:00:00
2025-05-24,P05,PP,94504.69,4376.31,0.0,5000,2025-03-04 10:00:00
2025-05-25,P05,PP,93425.57,1079.12,0.0,5000,2025-03-02 02:00:00
2025-05-26,P05,PP,93239.57,186.0,0.0,5000,2025-03-02 03:00:00
2025-05-27,P05,PP,91206.38,2033.19,0.0,5000,2025-03-04 01:00:00
2025-05-28,P05,PP,88043.25,3163.13,0.0,5000,2025-03-04 01:00:00
2025-05-29,P05,PP,85601.0,2442.25,0.0,5000,2025-03-02 17:00:00
2025-05-30,P05,PP,83161.59,2439.41,0.0,5000,2025-03-03 14:00:00
2025-05-31,P05,PP,81791.27,1370.32,0.0,5000,2025-03-03 20:00:00
2025-06-01,P05,PP,103402.11,0.0,21610.84,5000,2025-03-03 20:00:00
2025-06-02,P05,PP,99725.28,3676.83,0.0,5000,2025-03-04 07:00:00
2025-06-03,P05,PP,98204.84,1520.44,0.0,5000,2025-03-04 00:00:00
2025-06-04,P05,PP,96224.51,1980.33,0.0,5000,2025-03-03 15:00:00
2025-06-05,P05,PP,94963.46,1261.05,0.0,5000,2025-03-02 00:00:00
2025-06-06,P05,PP,92199.33,2764.13,0.0,5000,2025-03-02 17:00:00
2025-06-07,P05,PP,87766.77,4432.56,0.0,5000,2025-03-02 04:00:00
2025-06-08,P05,PP,84250.95,3515.82,0.0,5000,2025-03-04 16:00:00
2025-06-09,P05,PP,82895.47,1355.48,0.0,5000,2025-03-04 16:00:00
2025-06-10,P05,PP,80912.98,1982.49,0.0,5000,2025-03-02 00:00:00
2025-06-11,P05,PP,80601.68,311.3,0.0,5000,2025-03-02 16:00:00
2025-06-12,P05,PP,79086.86,1514.82,0.0,5000,2025-03-03 10:00:00
2025-06-13,P05,PP,78443.97,642.89,0.0,5000,2025-03-02 09:00:00
2025-06-14,P05,PP,77964.51,479.46,0.0,5000,2025-03-02 04:00:00
2025-06-15,P05,PP,97086.79,2925.78,22048.06,5000,2025-03-03 01:00:00
2025-06-16,P05,PP,96668.0,418.79,0.0,5000,2025-03-04 05:00:00
2025-06-17,P05,PP,95866.43,801.57,0.0,5000,2025-03-02 02:00:00
2025-06-18,P05,PP,94398.31,1468.12,0.0,5000,2025-03-02 13:00:00
2025-06-19,P05,PP,90491.42,3906.89,0.0,5000,2025-03-03 13:00:00
2025-06-20,P05,PP,88886.03,1605.39,0.0,5000,2025-03-04 16:00:00
2025-06-21,P05,PP,87343.14,1542.89,0.0,5000,2025-03-03 09:00:00
2025-06-22,P05,PP,86304.18,1038.96,0.0,5000,2025-03-04 13:00:00
2025-06-23,P05,PP,84811.91,1492.27,0.0,5000,2025-03-03 22:00:00
2025-06-24,P05,PP,81545.86,3266.05,0.0,5000,2025-03-04 01:00:00
2025-06-25,P05,PP,78037.64,3508.22,0.0,5000,2025-03-03 03:00:00
2025-06-26,P05,PP,77417.17,620.47,0.0,5000,2025-03-04 02:00:00
2025-06-27,P05,PP,74549.96,2867.21,0.0,5000,2025-03-02 13:00:00
2025-06-28,P05,PP,73895.17,654.79,0.0,5000,2025-03-02 15:00:00
2025-06-29,P05,PP,73895.17,0.0,0.0,5000,2025-03-02 15:00:00
2025-06-30,P05,PP,72292.0,1603.17,0.0,5000,2025-03-04 10:00:00
2025-07-01,P05,PP,101772.49,2460.89,31941.38,5000,2025-03-03 02:00:00
2025-07-02,P05,PP,100921.43,851.06,0.0,5000,2025-03-04 14:00:00
2025-07-03,P05,PP,99989.77,931.66,0.0,5000,2025-03-03 17:00:00
2025-07-04,P05,PP,99283.29,706.48,0.0,5000,2025-03-04 01:00:00
2025-07-05,P05,PP,95966.45,3316.84,0.0,5000,2025-03-03 20:00:00
2025-07-06,P05,PP,94556.99,1409.46,0.0,5000,2025-03-02 10:00:00
2025-07-07,P05,PP,92873.73,1683.26,0.0,5000,2025-03-04 14:00:00
2025-07-08,P05,PP,91622.18,1251.55,0.0,5000,2025-03-04 12:00:00
2025-07-09,P05,PP,89708.4,1913.78,0.0,5000,2025-03-04 14:00:00
2025-07-10,P05,PP,89025.54,682.86,0.0,5000,2025-03-04 18:00:00
2025-07-11,P05,PP,87564.16,1461.38,0.0,5000,2025-03-04 13:00:00
2025-07-12,P05,PP,85460.69,2103.47,0.0,5000,2025-03-03 22:00:00
2025-07-13,P05,PP,84225.99,1234.7,0.0,5000,2025-03-03 10:00:00
2025-07-14,P05,PP,82994.81,1231.18,0.0,5000,2025-03-03 15:00:00
2025-07-15,P05,PP,107174.04,4321.13,28500.35,5000,2025-03-03 10:00:00
2025-07-16,P05,PP,106019.61,1154.43,0.0,5000,2025-03-04 12:00:00
2025-07-17,P05,PP,104615.08,1404.53,0.0,5000,2025-03-04 20:00:00
2025-07-18,P05,PP,103184.63,1430.45,0.0,5000,2025-03-02 08:00:00
2025-07-19,P05,PP,99505.5,3679.13,0.0,5000,2025-03-04 02:00:00
2025-07-20,P05,PP,97736.08,1769.42,0.0,5000,2025-03-02 17:00:00
2025-07-21,P05,PP,94540.08,3196.0,0.0,5000,2025-03-04 09:00:00
2025-07-22,P05,PP,88898.87,5641.21,0.0,5000,2025-03-04 12:00:00
2025-07-23,P05,PP,87403.77,1495.1,0.0,5000,2025-03-04 09:00:00
2025-07-24,P05,PP,86317.27,1086.5,0.0,5000,2025-03-04 11:00:00
2025-07-25,P05,PP,83588.62,2728.65,0.0,5000,2025-03-04 22:00:00
2025-07-26,P05,PP,82320.35,1268.27,0.0,5000,2025-03-04 04:00:00
2025-07-27,P05,PP,80058.42,2261.93,0.0,5000,2025-03-03 00:00:00
2025-07-28,P05,PP,78209.91,1848.51,0.0,5000,2025-03-03 17:00:00
2025-07-29,P05,PP,77373.2,836.71,0.0,5000,2025-03-02 21:00:00
2025-07-30,P05,PP,75183.77,2189.43,0.0,5000,2025-03-04 07:00:00
2025-07-31,P05,PP,73333.93,1849.84,0.0,5000,2025-03-04 14:00:00
2025-08-01,P05,PP,98357.31,441.47,25464.85,5000,2025-03-04 13:00:00
2025-08-02,P05,PP,95408.94,2948.37,0.0,5000,2025-03-04 04:00:00
2025-08-03,P05,PP,95119.06,289.88,0.0,5000,2025-03-02 19:00:00
2025-08-04,P05,PP,90562.8,4556.26,0.0,5000,2025-03-02 07:00:00
2025-08-05,P05,PP,89868.75,694.05,0.0,5000,2025-03-03 19:00:00
2025-08-06,P05,PP,87737.16,2131.59,0.0,5000,2025-03-04 14:00:00
2025-08-07,P05,PP,86866.53,870.63,0.0,5000,2025-03-02 00:00:00
2025-08-08,P05,PP,86715.74,150.79,0.0,5000,2025-03-02 21:00:00
2025-08-09,P05,PP,85220.98,1494.76,0.0,5000,2025-03-03 20:00:00
2025-08-10,P05,PP,82419.04,2801.94,0.0,5000,2025-03-03 20:00:00
2025-08-11,P05,PP,82419.04,0.0,0.0,5000,2025-03-02 01:00:00
2025-08-12,P05,PP,82146.73,272.31,0.0,5000,2025-03-04 15:00:00
2025-08-13,P05,PP,78883.85,3262.88,0.0,5000,2025-03-02 08:00:00
2025-08-14,P05,PP,78883.85,0.0,0.0,5000,2025-03-03 06:00:00
2025-08-15,P05,PP,106826.71,1381.37,29324.23,5000,2025-03-03 00:00:00
2025-08-16,P05,PP,103818.5,3008.21,0.0,5000,2025-03-02 17:00:00
2025-08-17,P05,PP,100574.71,3243.79,0.0,5000,2025-03-04 13:00:00
2025-08-18,P05,PP,99402.26,1172.45,0.0,5000,2025-03-04 04:00:00
2025-08-19,P05,PP,98636.29,765.97,0.0,5000,2025-03-03 11:00:00
2025-08-20,P05,PP,97152.8,1483.49,0.0,5000,2025-03-04 02:00:00
2025-08-21,P05,PP,91830.44,5322.36,0.0,5000,2025-03-03 10:00:00
2025-08-22,P05,PP,87845.51,3984.93,0.0,5000,2025-03-02 19:00:00
2025-08-23,P05,PP,86324.89,1520.62,0.0,5000,2025-03-04 10:00:00
2025-08-24,P05,PP,84087.46,2237.43,0.0,5000,2025-03-04 21:00:00
2025-08-25,P05,PP,83206.05,881.41,0.0,5000,2025-03-02 12:00:00
2025-08-26,P05,PP,80565.77,2640.28,0.0,5000,2025-03-04 05:00:00
2025-08-27,P05,PP,79764.69,801.08,0.0,5000,2025-03-03 22:00:00
2025-08-28,P05,PP,79081.94,682.75,0.0,5000,2025-03-02 12:00:00
2025-08-29,P05,PP,77702.38,1379.56,0.0,5000,2025-03-02 20:00:00
2025-08-30,P05,PP,75400.05,2302.33,0.0,5000,2025-03-03 11:00:00
2025-08-31,P05,PP,74761.49,638.56,0.0,5000,2025-03-04 06:00:00
2025-09-01,P05,PP,93284.31,4176.49,22699.32,5000,2025-03-02 07:00:00
2025-09-02,P05,PP,91657.25,1627.06,0.0,5000,2025-03-04 09:00:00
2025-09-03,P05,PP,88813.44,2843.81,0.0,5000,2025-03-03 17:00:00
2025-09-04,P05,PP,87245.03,1568.41,0.0,5000,2025-03-03 03:00:00
2025-09-05,P05,PP,83644.38,3600.65,0.0,5000,2025-03-02 01:00:00
2025-09-06,P05,PP,82324.17,1320.21,0.0,5000,2025-03-03 13:00:00
2025-09-07,P05,PP,82084.88,239.29,0.0,5000,2025-03-04 09:00:00
2025-09-08,P05,PP,81155.54,929.34,0.0,5000,2025-03-02 02:00:00
2025-09-09,P05,PP,77148.96,4006.58,0.0,5000,2025-03-04 19:00:00
2025-09-10,P05,PP,75242.79,1906.17,0.0,5000,2025-03-04 05:00:00
2025-09-11,P05,PP,74536.44,706.35,0.0,5000,2025-03-03 11:00:00
2025-09-12,P05,PP,73675.75,860.69,0.0,5000,2025-03-02 02:00:00
2025-09-13,P05,PP,73401.34,274.41,0.0,5000,2025-03-03 11:00:00
2025-09-14,P05,PP,71393.97,2007.37,0.0,5000,2025-03-03 19:00:00
2025-09-15,P05,PP,92850.59,704.06,22160.67,5000,2025-03-03 22:00:00
2025-09-16,P05,PP,90413.61,2436.98,0.0,5000,2025-03-02 15:00:00
2025-09-17,P05,PP,86686.58,3727.03,0.0,5000,2025-03-02 18:00:00
2025-09-18,P05,PP,84061.26,2625.32,0.0,5000,2025-03-02 00:00:00
2025-09-19,P05,PP,82141.06,1920.2,0.0,5000,2025-03-04 15:00:00
2025-09-20,P05,PP,80436.36,1704.7,0.0,5000,2025-03-03 16:00:00
2025-09-21,P05,PP,77523.49,2912.87,0.0,5000,2025-03-03 15:00:00
2025-09-22,P05,PP,74475.14,3048.35,0.0,5000,2025-03-04 03:00:00
2025-09-23,P05,PP,73510.92,964.22,0.0,5000,2025-03-02 05:00:00
2025-09-24,P05,PP,70356.6,3154.32,0.0,5000,2025-03-02 02:00:00
2025-09-25,P05,PP,69204.52,1152.08,0.0,5000,2025-03-03 16:00:00
2025-09-26,P05,PP,67427.1,1777.42,0.0,5000,2025-03-03 07:00:00
2025-09-27,P05,PP,66735.81,691.29,0.0,5000,2025-03-03 11:00:00
2025-09-28,P05,PP,65950.9,784.91,0.0,5000,2025-03-04 21:00:00
2025-09-29,P05,PP,61628.32,4322.58,0.0,5000,2025-03-04 16:00:00
2025-09-30,P05,PP,60588.48,1039.84,0.0,5000,2025-03-02 03:00:00
2025-10-01,P05,PP,86843.82,1901.93,28157.28,5000,2025-03-04 06:00:00
2025-10-02,P05,PP,86843.82,0.0,0.0,5000,2025-03-03 14:00:00
2025-10-03,P05,PP,86008.93,834.89,0.0,5000,2025-03-03 00:00:00
2025-10-04,P05,PP,84879.08,1129.85,0.0,5000,2025-03-04 14:00:00
2025-10-05,P05,PP,84492.07,387.01,0.0,5000,2025-03-04 17:00:00
2025-10-06,P05,PP,83460.08,1031.99,0.0,5000,2025-03-03 00:00:00
2025-10-07,P05,PP,80120.67,3339.41,0.0,5000,2025-03-02 07:00:00
2025-10-08,P05,PP,76684.28,3436.39,0.0,5000,2025-03-02 10:00:00
2025-10-09,P05,PP,75403.6,1280.68,0.0,5000,2025-03-04 02:00:00
2025-10-10,P05,PP,72618.91,2784.69,0.0,5000,2025-03-04 00:00:00
2025-10-11,P05,PP,71304.32,1314.59,0.0,5000,2025-03-04 18:00:00
2025-10-12,P05,PP,69660.65,1643.67,0.0,5000,2025-03-02 21:00:00
2025-10-13,P05,PP,65704.69,3955.96,0.0,5000,2025-03-02 15:00:00
2025-10-14,P05,PP,64423.6,1281.09,0.0,5000,2025-03-02 13:00:00
2025-10-15,P05,PP,97397.06,563.77,33537.23,5000,2025-03-03 03:00:00
2025-10-16,P05,PP,95709.05,1688.01,0.0,5000,2025-03-03 18:00:00
2025-10-17,P05,PP,94846.47,862.58,0.0,5000,2025-03-03 13:00:00
2025-10-18,P05,PP,92950.97,1895.5,0.0,5000,2025-03-02 20:00:00
2025-10-19,P05,PP,91815.76,1135.21,0.0,5000,2025-03-02 08:00:00
2025-10-20,P05,PP,90433.43,1382.33,0.0,5000,2025-03-04 21:00:00
2025-10-21,P05,PP,87107.72,3325.71,0.0,5000,2025-03-03 06:00:00
2025-10-22,P05,PP,84973.72,2134.0,0.0,5000,2025-03-04 07:00:00
2025-10-23,P05,PP,83760.41,1213.31,0.0,5000,2025-03-04 00:00:00
2025-10-24,P05,PP,82039.56,1720.85,0.0,5000,2025-03-04 03:00:00
2025-10-25,P05,PP,77836.41,4203.15,0.0,5000,2025-03-04 05:00:00
2025-10-26,P05,PP,76635.72,1200.69,0.0,5000,2025-03-04 01:00:00
2025-10-27,P05,PP,72810.03,3825.69,0.0,5000,2025-03-04 01:00:00
2025-10-28,P05,PP,72277.76,532.27,0.0,5000,2025-03-02 06:00:00
2025-10-29,P05,PP,71883.73,394.03,0.0,5000,2025-03-03 04:00:00
2025-10-30,P05,PP,67279.38,4604.35,0.0,5000,2025-03-04 13:00:00
2025-10-31,P05,PP,64664.91,2614.47,0.0,5000,2025-03-02 17:00:00
2025-11-01,P05,PP,94983.74,990.65,31309.49,5000,2025-03-03 00:00:00
2025-11-02,P05,PP,92089.87,2893.87,0.0,5000,2025-03-04 09:00:00
2025-11-03,P05,PP,90493.95,1595.92,0.0,5000,2025-03-03 18:00:00
2025-11-04,P05,PP,86510.09,3983.86,0.0,5000,2025-03-03 10:00:00
2025-11-05,P05,PP,85122.5,1387.59,0.0,5000,2025-03-03 13:00:00
2025-11-06,P05,PP,84697.51,424.99,0.0,5000,2025-03-04 19:00:00
2025-11-07,P05,PP,80341.39,4356.12,0.0,5000,2025-03-04 22:00:00
2025-11-08,P05,PP,78639.34,1702.05,0.0,5000,2025-03-04 18:00:00
2025-11-09,P05,PP,77580.12,1059.22,0.0,5000,2025-03-02 12:00:00
2025-11-10,P05,PP,74197.6,3382.52,0.0,5000,2025-03-02 09:00:00
2025-11-11,P05,PP,71399.59,2798.01,0.0,5000,2025-03-03 11:00:00
2025-11-12,P05,PP,71055.47,344.12,0.0,5000,2025-03-03 14:00:00
2025-11-13,P05,PP,69551.04,1504.43,0.0,5000,2025-03-04 22:00:00
2025-11-14,P05,PP,68330.5,1220.54,0.0,5000,2025-03-03 00:00:00
2025-11-15,P05,PP,90594.38,2945.28,25209.16,5000,2025-03-04 22:00:00
2025-11-16,P05,PP,87900.61,2693.77,0.0,5000,2025-03-02 04:00:00
2025-11-17,P05,PP,87138.01,762.6,0.0,5000,2025-03-02 14:00:00
2025-11-18,P05,PP,86147.35,990.66,0.0,5000,2025-03-03 22:00:00
2025-11-19,P05,PP,84644.95,1502.4,0.0,5000,2025-03-04 13:00:00
2025-11-20,P05,PP,81400.69,3244.26,0.0,5000,2025-03-02 12:00:00
2025-11-21,P05,PP,80648.84,751.85,0.0,5000,2025-03-03 02:00:00
2025-11-22,P05,PP,79362.9,1285.94,0.0,5000,2025-03-04 13:00:00
2025-11-23,P05,PP,75228.44,4134.46,0.0,5000,2025-03-02 16:00:00
2025-11-24,P05,PP,74648.29,580.15,0.0,5000,2025-03-04 18:00:00
2025-11-25,P05,PP,74061.68,586.61,0.0,5000,2025-03-03 00:00:00
2025-11-26,P05,PP,72556.52,1505.16,0.0,5000,2025-03-03 07:00:00
2025-11-27,P05,PP,71467.12,1089.4,0.0,5000,2025-03-03 18:00:00
2025-11-28,P05,PP,70366.88,1100.24,0.0,5000,2025-03-04 16:00:00
2025-11-29,P05,PP,69533.7,833.18,0.0,5000,2025-03-03 03:00:00
2025-11-30,P05,PP,67478.86,2054.84,0.0,5000,2025-03-03 04:00:00
2025-12-01,P05,PP,87773.66,755.06,21049.86,5000,2025-03-02 14:00:00
2025-12-02,P05,PP,83269.57,4504.09,0.0,5000,2025-03-03 20:00:00
2025-12-03,P05,PP,80331.75,2937.82,0.0,5000,2025-03-04 08:00:00
2025-12-04,P05,PP,77670.92,2660.83,0.0,5000,2025-03-04 16:00:00
2025-12-05,P05,PP,71203.55,6467.37,0.0,5000,2025-03-03 07:00:00
2025-12-06,P05,PP,66509.79,4693.76,0.0,5000,2025-03-03 06:00:00
2025-12-07,P05,PP,62846.35,3663.44,0.0,5000,2025-03-03 17:00:00
2025-12-08,P05,PP,59823.43,3022.92,0.0,5000,2025-03-02 03:00:00
2025-12-09,P05,PP,58341.83,1481.6,0.0,5000,2025-03-04 09:00:00
2025-12-10,P05,PP,58341.83,0.0,0.0,5000,2025-03-02 20:00:00
2025-12-11,P05,PP,56905.86,1435.97,0.0,5000,2025-03-02 04:00:00
2025-12-12,P05,PP,53266.75,3639.11,0.0,5000,2025-03-04 08:00:00
2025-12-13,P05,PP,51516.01,1750.74,0.0,5000,2025-03-03 11:00:00
2025-12-14,P05,PP,48319.68,3196.33,0.0,5000,2025-03-04 20:00:00
2025-12-15,P05,PP,68772.21,3076.89,23529.42,5000,2025-03-02 20:00:00
2025-12-16,P05,PP,66703.15,2069.06,0.0,5000,2025-03-03 04:00:00
2025-12-17,P05,PP,64870.77,1832.38,0.0,5000,2025-03-03 12:00:00
2025-12-18,P05,PP,62237.2,2633.57,0.0,5000,2025-03-04 10:00:00
2025-12-19,P05,PP,61513.45,723.75,0.0,5000,2025-03-04 14:00:00
2025-12-20,P05,PP,59058.58,2454.87,0.0,5000,2025-03-02 10:00:00
2025-12-21,P05,PP,57604.63,1453.95,0.0,5000,2025-03-02 13:00:00
2025-12-22,P05,PP,56159.01,1445.62,0.0,5000,2025-03-03 10:00:00
2025-12-23,P05,PP,54571.5,1587.51,0.0,5000,2025-03-03 03:00:00
2025-12-24,P05,PP,52887.72,1683.78,0.0,5000,2025-03-02 18:00:00
2025-12-25,P05,PP,51692.03,1195.69,0.0,5000,2025-03-04 21:00:00
2025-12-26,P05,PP,50203.2,1488.83,0.0,5000,2025-03-03 12:00:00
2025-12-27,P05,PP,49534.58,668.62,0.0,5000,2025-03-02 22:00:00
2025-12-28,P05,PP,48398.89,1135.69,0.0,5000,2025-03-02 12:00:00
2025-12-29,P05,PP,47868.03,530.86,0.0,5000,2025-03-04 17:00:00
2025-12-30,P05,PP,46349.98,1518.05,0.0,5000,2025-03-04 12:00:00
2025-12-31,P05,PP,46349.98,0.0,0.0,5000,2025-03-04 17:00:00
2026-01-01,P05,PP,77582.22,360.11,31592.35,5000,2025-03-03 06:00:00
2026-01-02,P05,PP,77582.22,0.0,0.0,5000,2025-03-02 15:00:00
2026-01-03,P05,PP,76995.53,586.69,0.0,5000,2025-03-03 01:00:00
2026-01-04,P05,PP,74558.48,2437.05,0.0,5000,2025-03-02 16:00:00
2026-01-05,P05,PP,73423.58,1134.9,0.0,5000,2025-03-02 21:00:00
2026-01-06,P05,PP,72747.93,675.65,0.0,5000,2025-03-04 04:00:00
2026-01-07,P05,PP,69936.92,2811.01,0.0,5000,2025-03-02 04:00:00
2026-01-08,P05,PP,67863.44,2073.48,0.0,5000,2025-03-02 01:00:00
2026-01-09,P05,PP,65783.22,2080.22,0.0,5000,2025-03-02 19:00:00
2026-01-10,P05,PP,65783.22,0.0,0.0,5000,2025-03-02 04:00:00
2026-01-11,P05,PP,62230.41,3552.81,0.0,5000,2025-03-04 05:00:00
2026-01-12,P05,PP,62230.41,0.0,0.0,5000,2025-03-04 15:00:00
2026-01-13,P05,PP,56602.11,5628.3,0.0,5000,2025-03-04 06:00:00
2026-01-14,P05,PP,56027.61,574.5,0.0,5000,2025-03-02 01:00:00
2026-01-15,P05,PP,78685.62,1996.62,24654.63,5000,2025-03-04 11:00:00
2026-01-16,P05,PP,76535.33,2150.29,0.0,5000,2025-03-04 14:00:00
2026-01-17,P05,PP,76099.24,436.09,0.0,5000,2025-03-02 01:00:00
2026-01-18,P05,PP,75686.11,413.13,0.0,5000,2025-03-03 11:00:00
2026-01-19,P05,PP,72721.82,2964.29,0.0,5000,2025-03-04 04:00:00
2026-01-20,P05,PP,72468.64,253.18,0.0,5000,2025-03-03 00:00:00
2026-01-21,P05,PP,68740.92,3727.72,0.0,5000,2025-03-04 17:00:00
2026-01-22,P05,PP,67799.58,941.34,0.0,5000,2025-03-02 08:00:00
2026-01-23,P05,PP,64950.77,2848.81,0.0,5000,2025-03-04 16:00:00
2026-01-24,P05,PP,62598.58,2352.19,0.0,5000,2025-03-02 05:00:00
2026-01-25,P05,PP,60203.89,2394.69,0.0,5000,2025-03-03 19:00:00
2026-01-26,P05,PP,59289.42,914.47,0.0,5000,2025-03-03 03:00:00
2026-01-27,P05,PP,57243.46,2045.96,0.0,5000,2025-03-02 15:00:00
2026-01-28,P05,PP,52067.6,5175.86,0.0,5000,2025-03-03 16:00:00
2026-01-29,P05,PP,47821.43,4246.17,0.0,5000,2025-03-02 04:00:00
2026-01-30,P05,PP,42737.84,5083.59,0.0,5000,2025-03-03 20:00:00
2026-01-31,P05,PP,42263.03,474.81,0.0,5000,2025-03-04 21:00:00
2026-02-01,P05,PP,60849.88,3272.26,21859.11,5000,2025-03-02 04:00:00
2026-02-02,P05,PP,59687.5,1162.38,0.0,5000,2025-03-03 07:00:00
2026-02-03,P05,PP,55245.65,4441.85,0.0,5000,2025-03-03 17:00:00
2026-02-04,P05,PP,52324.07,2921.58,0.0,5000,2025-03-03 09:00:00
2026-02-05,P05,PP,51481.06,843.01,0.0,5000,2025-03-04 09:00:00
2026-02-06,P05,PP,50197.7,1283.36,0.0,5000,2025-03-04 04:00:00
2026-02-07,P05,PP,44232.54,5965.16,0.0,5000,2025-03-04 20:00:00
2026-02-08,P05,PP,44036.8,195.74,0.0,5000,2025-03-03 13:00:00
2026-02-09,P05,PP,43354.85,681.95,0.0,5000,2025-03-03 11:00:00
2026-02-10,P05,PP,41627.38,1727.47,0.0,5000,2025-03-04 13:00:00
2026-02-11,P05,PP,40082.75,1544.63,0.0,5000,2025-03-03 14:00:00
2026-02-12,P05,PP,40082.75,0.0,0.0,5000,2025-03-04 05:00:00
2026-02-13,P05,PP,37585.87,2496.88,0.0,5000,2025-03-04 09:00:00
2026-02-14,P05,PP,36952.63,633.24,0.0,5000,2025-03-02 08:00:00
2026-02-15,P05,PP,59513.69,1481.18,24042.24,5000,2025-03-04 13:00:00
2026-02-16,P05,PP,58110.58,1403.11,0.0,5000,2025-03-03 07:00:00
2026-02-17,P05,PP,57348.18,762.4,0.0,5000,2025-03-02 02:00:00
2026-02-18,P05,PP,56024.63,1323.55,0.0,5000,2025-03-02 20:00:00
2026-02-19,P05,PP,55514.46,510.17,0.0,5000,2025-03-02 10:00:00
2026-02-20,P05,PP,54796.86,717.6,0.0,5000,2025-03-02 12:00:00
2026-02-21,P05,PP,51243.23,3553.63,0.0,5000,2025-03-04 19:00:00
2026-02-22,P05,PP,50652.14,591.09,0.0,5000,2025-03-04 09:00:00
2026-02-23,P05,PP,50252.18,399.96,0.0,5000,2025-03-04 19:00:00
2026-02-24,P05,PP,48127.19,2124.99,0.0,5000,2025-03-04 05:00:00
2026-02-25,P05,PP,46527.44,1599.75,0.0,5000,2025-03-04 17:00:00
2026-02-26,P05,PP,44696.86,1830.58,0.0,5000,2025-03-03 00:00:00
2026-02-27,P05,PP,43245.98,1450.88,0.0,5000,2025-03-04 04:00:00
2026-02-28,P05,PP,42556.79,689.19,0.0,5000,2025-03-03 04:00:00
2026-03-01,P05,PP,66576.38,1089.26,25108.85,5000,2025-03-04 02:00:00
2026-03-02,P05,PP,65664.38,912.0,0.0,5000,2025-03-04 06:00:00
2026-03-03,P05,PP,62788.24,2876.14,0.0,5000,2025-03-04 21:00:00
2026-03-04,P05,PP,61658.63,1129.61,0.0,5000,2025-03-03 03:00:00
2026-03-05,P05,PP,56828.09,4830.54,0.0,5000,2025-03-04 19:00:00
2026-03-06,P05,PP,56095.06,733.03,0.0,5000,2025-03-03 16:00:00
2026-03-07,P05,PP,55256.22,838.84,0.0,5000,2025-03-03 11:00:00
2026-03-08,P05,PP,51318.03,3938.19,0.0,5000,2025-03-02 11:00:00
2026-03-09,P05,PP,50399.21,918.82,0.0,5000,2025-03-03 15:00:00
2026-03-10,P05,PP,49548.33,850.88,0.0,5000,2025-03-04 06:00:00
2026-03-11,P05,PP,46698.66,2849.67,0.0,5000,2025-03-02 17:00:00
2026-03-12,P05,PP,45638.35,1060.31,0.0,5000,2025-03-04 22:00:00
2026-03-13,P05,PP,44113.52,1524.83,0.0,5000,2025-03-03 18:00:00
2026-03-14,P05,PP,41205.54,2907.98,0.0,5000,2025-03-04 16:00:00
2026-03-15,P05,PP,61712.96,1406.14,21913.56,5000,2025-03-04 07:00:00
2026-03-16,P05,PP,60101.0,1611.96,0.0,5000,2025-03-03 13:00:00
2026-03-17,P05,PP,56321.87,3779.13,0.0,5000,2025-03-04 18:00:00
2026-03-18,P05,PP,55729.42,592.45,0.0,5000,2025-03-03 04:00:00
2026-03-19,P05,PP,54643.4,1086.02,0.0,5000,2025-03-03 21:00:00
2026-03-20,P05,PP,53396.26,1247.14,0.0,5000,2025-03-04 11:00:00
2026-03-21,P05,PP,49482.24,3914.02,0.0,5000,2025-03-04 19:00:00
2026-03-22,P05,PP,49115.1,367.14,0.0,5000,2025-03-02 08:00:00
2026-03-23,P05,PP,41652.24,7462.86,0.0,5000,2025-03-04 06:00:00
2026-03-24,P05,PP,40920.32,731.92,0.0,5000,2025-03-02 05:00:00
2026-03-25,P05,PP,40510.85,409.47,0.0,5000,2025-03-03 17:00:00
2026-03-26,P05,PP,38675.47,1835.38,0.0,5000,2025-03-03 22:00:00
2026-03-27,P05,PP,36800.29,1875.18,0.0,5000,2025-03-03 10:00:00
2026-03-28,P05,PP,34084.52,2715.77,0.0,5000,2025-03-03 15:00:00
2026-03-29,P05,PP,30894.46,3190.06,0.0,5000,2025-03-04 13:00:00
2026-03-30,P05,PP,27726.49,3167.97,0.0,5000,2025-03-02 14:00:00
2026-03-31,P05,PP,23905.57,3820.92,0.0,5000,2025-03-03 13:00:00
2026-04-01,P05,PP,46182.27,1381.78,23658.48,5000,2025-03-02 02:00:00
2026-04-02,P05,PP,44746.87,1435.4,0.0,5000,2025-03-02 19:00:00
2026-04-03,P05,PP,40051.96,4694.91,0.0,5000,2025-03-04 02:00:00
2026-04-04,P05,PP,38925.18,1126.78,0.0,5000,2025-03-02 20:00:00
2026-04-05,P05,PP,33555.57,5369.61,0.0,5000,2025-03-03 10:00:00
2026-04-06,P05,PP,28354.98,5200.59,0.0,5000,2025-03-03 06:00:00
2026-04-07,P05,PP,25086.66,3268.32,0.0,5000,2025-03-03 19:00:00
2026-04-08,P05,PP,25086.66,0.0,0.0,5000,2025-03-03 12:00:00
2026-04-09,P05,PP,21705.54,3381.12,0.0,5000,2025-03-03 05:00:00
2026-04-10,P05,PP,17793.79,3911.75,0.0,5000,2025-03-04 12:00:00
2026-04-11,P05,PP,16744.92,1048.87,0.0,5000,2025-03-02 07:00:00
2026-04-12,P05,PP,13815.36,2929.56,0.0,5000,2025-03-04 22:00:00
2026-04-13,P05,PP,12528.4,1286.96,0.0,5000,2025-03-04 05:00:00
2026-04-14,P05,PP,10379.3,2149.1,0.0,5000,2025-03-04 05:00:00
2026-04-15,P05,PP,35047.49,2480.77,27148.95,5000,2025-03-02 03:00:00
2026-04-16,P05,PP,33534.76,1512.73,0.0,5000,2025-03-03 07:00:00
2026-04-17,P05,PP,30788.39,2746.37,0.0,5000,2025-03-02 06:00:00
2026-04-18,P05,PP,27666.23,3122.16,0.0,5000,2025-03-02 07:00:00
2026-04-19,P05,PP,24484.65,3181.58,0.0,5000,2025-03-03 20:00:00
2026-04-20,P05,PP,24068.65,416.0,0.0,5000,2025-03-02 08:00:00
2026-04-21,P05,PP,20138.17,3930.48,0.0,5000,2025-03-02 17:00:00
2026-04-22,P05,PP,16863.89,3274.28,0.0,5000,2025-03-03 19:00:00
2026-04-23,P05,PP,16194.07,669.82,0.0,5000,2025-03-04 16:00:00
2026-04-24,P05,PP,15835.33,358.74,0.0,5000,2025-03-02 21:00:00
2026-04-25,P05,PP,14756.69,1078.64,0.0,5000,2025-03-04 01:00:00
2026-04-26,P05,PP,13548.36,1208.33,0.0,5000,2025-03-02 04:00:00
2026-04-27,P05,PP,12948.48,599.88,0.0,5000,2025-03-03 01:00:00
2026-04-28,P05,PP,11830.35,1118.13,0.0,5000,2025-03-04 11:00:00
2026-04-29,P05,PP,9202.39,2627.96,0.0,5000,2025-03-02 07:00:00
2026-04-30,P05,PP,6480.23,2722.16,0.0,5000,2025-03-03 14:00:00
2026-05-01,P05,PP,30687.17,2908.93,27115.87,5000,2025-03-02 02:00:00
2026-05-02,P05,PP,30320.4,366.77,0.0,5000,2025-03-02 05:00:00
2026-05-03,P05,PP,29021.67,1298.73,0.0,5000,2025-03-03 10:00:00
2026-05-04,P05,PP,28126.55,895.12,0.0,5000,2025-03-02 10:00:00
2026-05-05,P05,PP,25261.49,2865.06,0.0,5000,2025-03-02 00:00:00
2026-05-06,P05,PP,24913.91,347.58,0.0,5000,2025-03-04 01:00:00
2026-05-07,P05,PP,23209.02,1704.89,0.0,5000,2025-03-03 19:00:00
2026-05-08,P05,PP,23209.02,0.0,0.0,5000,2025-03-04 22:00:00
2026-05-09,P05,PP,23085.11,123.91,0.0,5000,2025-03-03 06:00:00
2026-05-10,P05,PP,21848.34,1236.77,0.0,5000,2025-03-02 22:00:00
2026-05-11,P05,PP,18381.79,3466.55,0.0,5000,2025-03-03 20:00:00
2026-05-12,P05,PP,12598.51,5783.28,0.0,5000,2025-03-04 10:00:00
2026-05-13,P05,PP,11128.02,1470.49,0.0,5000,2025-03-02 03:00:00
2026-05-14,P05,PP,9504.86,1623.16,0.0,5000,2025-03-03 08:00:00
2026-05-15,P05,PP,36972.14,1509.39,28976.67,5000,2025-03-03 06:00:00
2026-05-16,P05,PP,36118.2,853.94,0.0,5000,2025-03-03 20:00:00
2026-05-17,P05,PP,35813.28,304.92,0.0,5000,2025-03-04 12:00:00
2026-05-18,P05,PP,32945.74,2867.54,0.0,5000,2025-03-03 08:00:00
2026-05-19,P05,PP,31899.79,1045.95,0.0,5000,2025-03-02 06:00:00
2026-05-20,P05,PP,30570.44,1329.35,0.0,5000,2025-03-02 10:00:00
2026-05-21,P05,PP,28996.69,1573.75,0.0,5000,2025-03-02 13:00:00
2026-05-22,P05,PP,27903.11,1093.58,0.0,5000,2025-03-02 05:00:00
2026-05-23,P05,PP,27600.45,302.66,0.0,5000,2025-03-03 13:00:00
2026-05-24,P05,PP,25970.89,1629.56,0.0,5000,2025-03-03 05:00:00
2026-05-25,P05,PP,24584.59,1386.3,0.0,5000,2025-03-02 06:00:00
2026-05-26,P05,PP,24036.27,548.32,0.0,5000,2025-03-03 13:00:00
2026-05-27,P05,PP,21405.47,2630.8,0.0,5000,2025-03-03 00:00:00
2026-05-28,P05,PP,19515.69,1889.78,0.0,5000,2025-03-02 11:00:00
2026-05-29,P05,PP,17986.31,1529.38,0.0,5000,2025-03-02 02:00:00
2026-05-30,P05,PP,16547.54,1438.77,0.0,5000,2025-03-02 02:00:00
2026-05-31,P05,PP,14004.23,2543.31,0.0,5000,2025-03-04 12:00:00
2026-06-01,P05,PP,41814.31,2372.15,30182.23,5000,2025-03-04 00:00:00
2026-06-02,P05,PP,40867.93,946.38,0.0,5000,2025-03-02 21:00:00
2026-06-03,P05,PP,40253.26,614.67,0.0,5000,2025-03-03 07:00:00
2026-06-04,P05,PP,36231.26,4022.0,0.0,5000,2025-03-04 15:00:00
2026-06-05,P05,PP,33305.37,2925.89,0.0,5000,2025-03-03 16:00:00
2026-06-06,P05,PP,31200.12,2105.25,0.0,5000,2025-03-04 16:00:00
2026-06-07,P05,PP,29558.86,1641.26,0.0,5000,2025-03-04 12:00:00
2026-06-08,P05,PP,27758.2,1800.66,0.0,5000,2025-03-03 15:00:00
2026-06-09,P05,PP,25724.24,2033.96,0.0,5000,2025-03-04 14:00:00
2026-06-10,P05,PP,25337.45,386.79,0.0,5000,2025-03-04 09:00:00
2026-06-11,P05,PP,22901.46,2435.99,0.0,5000,2025-03-02 03:00:00
2026-06-12,P05,PP,21604.09,1297.37,0.0,5000,2025-03-03 13:00:00
2026-06-13,P05,PP,20592.69,1011.4,0.0,5000,2025-03-04 18:00:00
2026-06-14,P05,PP,20236.02,356.67,0.0,5000,2025-03-04 12:00:00
2026-06-15,P05,PP,48720.43,1415.9,29900.31,5000,2025-03-03 14:00:00
2026-06-16,P05,PP,47220.2,1500.23,0.0,5000,2025-03-03 12:00:00
2026-06-17,P05,PP,44588.96,2631.24,0.0,5000,2025-03-03 04:00:00
2026-06-18,P05,PP,44298.43,290.53,0.0,5000,2025-03-02 08:00:00
2026-06-19,P05,PP,42432.06,1866.37,0.0,5000,2025-03-02 12:00:00
2026-06-20,P05,PP,41603.82,828.24,0.0,5000,2025-03-04 13:00:00
2026-06-21,P05,PP,38022.74,3581.08,0.0,5000,2025-03-02 09:00:00
2026-06-22,P05,PP,37192.69,830.05,0.0,5000,2025-03-03 09:00:00
2026-06-23,P05,PP,35397.96,1794.73,0.0,5000,2025-03-04 18:00:00
2026-06-24,P05,PP,33302.23,2095.73,0.0,5000,2025-03-04 21:00:00
2026-06-25,P05,PP,29203.72,4098.51,0.0,5000,2025-03-03 22:00:00
2026-06-26,P05,PP,27960.87,1242.85,0.0,5000,2025-03-02 18:00:00
2026-06-27,P05,PP,26895.99,1064.88,0.0,5000,2025-03-02 12:00:00
2026-06-28,P05,PP,24724.41,2171.58,0.0,5000,2025-03-04 18:00:00
2026-06-29,P05,PP,22632.5,2091.91,0.0,5000,2025-03-03 06:00:00
2026-06-30,P05,PP,19190.17,3442.33,0.0,5000,2025-03-03 05:00:00
