inspection_id,run_id,product_id,plant_id,inspection_date,inspected_qty,defect_qty,defect_type,inspector_id,result,LastModifiedDate
QI-000001,PR-0000003,SKU-1189,P01,2025-01-01,193,5,Cracking,E009,Fail,2025-02-01 03:00:00
QI-000002,PR-0000007,SKU-1056,P01,2025-01-01,286,12,Short Shot,E021,Fail,2025-02-01 18:00:00
QI-000003,PR-0000008,SKU-1056,P01,2025-01-01,286,5,Sink Marks,E013,Fail,2025-01-31 22:00:00
QI-000004,PR-0000013,SKU-1042,P02,2025-01-01,299,9,Sink Marks,E051,Fail,2025-01-31 18:00:00
QI-000005,PR-0000014,SKU-1042,P02,2025-01-01,300,15,Short Shot,E056,Fail,2025-02-01 22:00:00
QI-000006,PR-0000015,SKU-1280,P02,2025-01-01,199,6,Short Shot,E048,Fail,2025-01-31 05:00:00
QI-000007,PR-0000019,SKU-1266,P04,2025-01-01,134,7,Sink Marks,E133,Fail,2025-02-02 09:00:00
QI-000008,PR-0000020,SKU-1035,P04,2025-01-01,135,5,Cracking,E136,Fail,2025-02-01 18:00:00
QI-000009,PR-0000022,SKU-1112,P04,2025-01-01,172,8,Flash,E125,Fail,2025-02-01 17:00:00
QI-000010,PR-0000023,SKU-1112,P04,2025-01-01,172,4,Burn Marks,E140,Fail,2025-02-02 01:00:00
QI-000011,PR-0000028,SKU-1077,P05,2025-01-01,265,10,Short Shot,E152,Fail,2025-01-31 00:00:00
QI-000012,PR-0000030,SKU-1182,P01,2025-01-02,176,3,Burn Marks,E015,Fail,2025-02-02 15:00:00
QI-000013,PR-0000031,SKU-1098,P01,2025-01-02,181,4,Flash,E017,Fail,2025-01-31 02:00:00
QI-000014,PR-0000035,SKU-1049,P01,2025-01-02,281,10,Sink Marks,E014,Fail,2025-02-02 18:00:00
QI-000015,PR-0000042,SKU-1266,P02,2025-01-02,234,6,Burn Marks,E044,Fail,2025-01-31 15:00:00
QI-000016,PR-0000044,SKU-1112,P03,2025-01-02,200,4,Burn Marks,E108,Fail,2025-02-01 15:00:00
QI-000017,PR-0000047,SKU-1203,P03,2025-01-02,220,6,Cracking,E074,Fail,2025-01-31 17:00:00
QI-000018,PR-0000048,SKU-1203,P03,2025-01-02,220,12,Sink Marks,E092,Fail,2025-01-31 08:00:00
QI-000019,PR-0000049,SKU-1273,P03,2025-01-02,302,8,Warping,E103,Fail,2025-02-02 13:00:00
QI-000020,PR-0000050,SKU-1273,P03,2025-01-02,302,15,Cracking,E076,Fail,2025-02-02 00:00:00
QI-000021,PR-0000051,SKU-1161,P04,2025-01-02,111,5,Sink Marks,E137,Fail,2025-01-31 21:00:00
QI-000022,PR-0000052,SKU-1245,P04,2025-01-02,125,5,Sink Marks,E133,Fail,2025-02-02 16:00:00
QI-000023,PR-0000057,SKU-1133,P05,2025-01-02,244,6,Sink Marks,E153,Fail,2025-02-02 09:00:00
QI-000024,PR-0000059,SKU-1084,P05,2025-01-02,269,8,Warping,E152,Fail,2025-02-01 05:00:00
QI-000025,PR-0000060,SKU-1084,P05,2025-01-02,269,7,Short Shot,E174,Fail,2025-01-31 02:00:00
QI-000026,PR-0000062,SKU-1105,P01,2025-01-03,105,2,Short Shot,E033,Fail,2025-02-02 12:00:00
QI-000027,PR-0000064,SKU-1042,P01,2025-01-03,190,2,Cracking,E026,Fail,2025-02-02 11:00:00
QI-000028,PR-0000065,SKU-1119,P02,2025-01-03,250,9,Cracking,E062,Fail,2025-01-31 15:00:00
QI-000029,PR-0000069,SKU-1210,P02,2025-01-03,255,10,Flash,E044,Fail,2025-01-31 18:00:00
QI-000030,PR-0000070,SKU-1210,P02,2025-01-03,255,9,Flash,E067,Fail,2025-02-02 04:00:00
QI-000031,PR-0000079,SKU-1133,P04,2025-01-03,150,5,Warping,E130,Fail,2025-02-02 13:00:00
QI-000032,PR-0000081,SKU-1210,P04,2025-01-03,103,3,Flash,E115,Fail,2025-01-31 13:00:00
QI-000033,PR-0000084,SKU-1028,P04,2025-01-03,274,12,Burn Marks,E141,Fail,2025-02-01 08:00:00
QI-000034,PR-0000086,SKU-1161,P05,2025-01-03,308,9,Warping,E147,Fail,2025-02-02 21:00:00
QI-000035,PR-0000091,SKU-1070,P01,2025-01-04,303,7,Cracking,E029,Fail,2025-01-31 04:00:00
QI-000036,PR-0000095,SKU-1098,P01,2025-01-04,123,3,Flash,E015,Fail,2025-02-02 01:00:00
QI-000037,PR-0000100,SKU-1196,P02,2025-01-04,155,6,Flash,E053,Fail,2025-01-31 03:00:00
QI-000038,PR-0000107,SKU-1238,P03,2025-01-04,142,3,Short Shot,E074,Fail,2025-02-02 21:00:00
QI-000039,PR-0000109,SKU-1217,P03,2025-01-04,282,11,Cracking,E074,Fail,2025-01-31 15:00:00
QI-000040,PR-0000111,SKU-1007,P03,2025-01-04,156,2,Cracking,E108,Fail,2025-02-02 18:00:00
QI-000041,PR-0000113,SKU-1252,P04,2025-01-04,213,5,Flash,E133,Fail,2025-02-02 04:00:00
QI-000042,PR-0000114,SKU-1252,P04,2025-01-04,214,8,Short Shot,E115,Fail,2025-02-02 02:00:00
QI-000043,PR-0000115,SKU-1035,P04,2025-01-04,291,9,Flash,E119,Fail,2025-02-01 22:00:00
QI-000044,PR-0000116,SKU-1035,P04,2025-01-04,292,9,Sink Marks,E130,Fail,2025-02-01 08:00:00
QI-000045,PR-0000117,SKU-1126,P04,2025-01-04,237,9,Flash,E143,Fail,2025-02-02 15:00:00
QI-000046,PR-0000119,SKU-1063,P04,2025-01-04,309,20,Flash,E143,Fail,2025-02-01 16:00:00
QI-000047,PR-0000121,SKU-1189,P05,2025-01-04,200,6,Short Shot,E152,Fail,2025-02-01 12:00:00
QI-000048,PR-0000123,SKU-1077,P05,2025-01-04,111,5,Flash,E172,Fail,2025-02-01 04:00:00
QI-000049,PR-0000124,SKU-1112,P05,2025-01-04,262,12,Burn Marks,E159,Fail,2025-02-01 21:00:00
QI-000050,PR-0000125,SKU-1056,P01,2025-01-05,127,2,Cracking,E001,Fail,2025-01-31 19:00:00
QI-000051,PR-0000126,SKU-1098,P01,2025-01-05,179,7,Short Shot,E014,Fail,2025-02-01 14:00:00
QI-000052,PR-0000127,SKU-1189,P01,2025-01-05,279,9,Flash,E029,Fail,2025-02-02 22:00:00
QI-000053,PR-0000133,SKU-1084,P02,2025-01-05,165,5,Warping,E067,Fail,2025-02-02 11:00:00
QI-000054,PR-0000136,SKU-1140,P02,2025-01-05,242,11,Flash,E044,Fail,2025-02-02 16:00:00
QI-000055,PR-0000141,SKU-1077,P03,2025-01-05,204,3,Burn Marks,E078,Fail,2025-02-01 13:00:00
QI-000056,PR-0000145,SKU-1056,P04,2025-01-05,219,11,Flash,E132,Fail,2025-02-01 17:00:00
QI-000057,PR-0000147,SKU-1021,P05,2025-01-05,256,10,Short Shot,E175,Fail,2025-02-01 16:00:00
QI-000058,PR-0000149,SKU-1161,P05,2025-01-05,208,5,Flash,E159,Fail,2025-02-02 00:00:00
QI-000059,PR-0000150,SKU-1273,P01,2025-01-06,233,3,Short Shot,E033,Fail,2025-01-31 14:00:00
QI-000060,PR-0000154,SKU-1021,P01,2025-01-06,268,8,Burn Marks,E034,Fail,2025-02-01 16:00:00
QI-000061,PR-0000155,SKU-1007,P01,2025-01-06,151,6,Burn Marks,E028,Fail,2025-02-01 21:00:00
QI-000062,PR-0000157,SKU-1182,P01,2025-01-06,174,6,Sink Marks,E010,Fail,2025-02-02 14:00:00
QI-000063,PR-0000158,SKU-1182,P01,2025-01-06,174,2,Flash,E030,Fail,2025-02-01 04:00:00
QI-000064,PR-0000159,SKU-1175,P02,2025-01-06,125,3,Warping,E044,Fail,2025-01-31 20:00:00
QI-000065,PR-0000160,SKU-1049,P02,2025-01-06,239,7,Short Shot,E062,Fail,2025-02-01 00:00:00
QI-000066,PR-0000161,SKU-1049,P02,2025-01-06,239,7,Burn Marks,E053,Fail,2025-01-31 20:00:00
QI-000067,PR-0000162,SKU-1105,P02,2025-01-06,191,8,Flash,E062,Fail,2025-01-31 05:00:00
QI-000068,PR-0000168,SKU-1238,P03,2025-01-06,304,13,Warping,E074,Fail,2025-02-02 11:00:00
QI-000069,PR-0000170,SKU-1189,P04,2025-01-06,280,11,Cracking,E131,Fail,2025-02-02 02:00:00
QI-000070,PR-0000174,SKU-1133,P04,2025-01-06,168,7,Burn Marks,E122,Fail,2025-01-31 14:00:00
QI-000071,PR-0000176,SKU-1203,P05,2025-01-06,167,5,Short Shot,E171,Fail,2025-01-31 13:00:00
QI-000072,PR-0000182,SKU-1112,P05,2025-01-06,218,7,Short Shot,E179,Fail,2025-01-31 11:00:00
QI-000073,PR-0000183,SKU-1112,P05,2025-01-06,219,6,Sink Marks,E163,Fail,2025-02-01 21:00:00
QI-000074,PR-0000186,SKU-1021,P01,2025-01-07,287,10,Sink Marks,E009,Fail,2025-02-02 10:00:00
QI-000075,PR-0000188,SKU-1168,P01,2025-01-07,114,4,Flash,E030,Fail,2025-02-02 14:00:00
QI-000076,PR-0000191,SKU-1098,P01,2025-01-07,259,13,Short Shot,E034,Fail,2025-02-02 21:00:00
QI-000077,PR-0000195,SKU-1133,P02,2025-01-07,182,5,Flash,E048,Fail,2025-02-02 01:00:00
QI-000078,PR-0000196,SKU-1133,P02,2025-01-07,182,6,Cracking,E062,Fail,2025-02-02 02:00:00
QI-000079,PR-0000199,SKU-1077,P03,2025-01-07,309,9,Sink Marks,E076,Fail,2025-02-01 06:00:00
QI-000080,PR-0000202,SKU-1154,P03,2025-01-07,306,6,Short Shot,E078,Fail,2025-02-01 06:00:00
QI-000081,PR-0000208,SKU-1042,P04,2025-01-07,155,6,Warping,E132,Fail,2025-02-01 22:00:00
QI-000082,PR-0000209,SKU-1042,P04,2025-01-07,155,5,Sink Marks,E122,Fail,2025-02-01 19:00:00
QI-000083,PR-0000210,SKU-1266,P05,2025-01-07,146,2,Flash,E155,Fail,2025-02-02 21:00:00
QI-000084,PR-0000211,SKU-1049,P05,2025-01-07,112,3,Warping,E159,Fail,2025-02-01 15:00:00
QI-000085,PR-0000212,SKU-1049,P05,2025-01-07,112,3,Short Shot,E175,Fail,2025-02-01 02:00:00
QI-000086,PR-0000213,SKU-1098,P05,2025-01-07,114,3,Warping,E174,Fail,2025-02-02 17:00:00
QI-000087,PR-0000214,SKU-1098,P05,2025-01-07,114,6,Flash,E153,Fail,2025-01-31 01:00:00
QI-000088,PR-0000215,SKU-1238,P01,2025-01-08,107,2,Flash,E029,Fail,2025-02-02 20:00:00
QI-000089,PR-0000216,SKU-1224,P01,2025-01-08,306,10,Flash,E034,Fail,2025-01-31 05:00:00
QI-000090,PR-0000219,SKU-1049,P01,2025-01-08,229,4,Cracking,E020,Fail,2025-02-01 10:00:00
QI-000091,PR-0000223,SKU-1070,P02,2025-01-08,125,4,Sink Marks,E058,Fail,2025-02-01 07:00:00
QI-000092,PR-0000225,SKU-1161,P03,2025-01-08,193,5,Flash,E078,Fail,2025-01-31 01:00:00
QI-000093,PR-0000226,SKU-1161,P03,2025-01-08,193,6,Sink Marks,E074,Fail,2025-01-31 18:00:00
QI-000094,PR-0000227,SKU-1182,P03,2025-01-08,227,5,Flash,E074,Fail,2025-01-31 15:00:00
QI-000095,PR-0000229,SKU-1154,P03,2025-01-08,210,5,Cracking,E076,Fail,2025-02-02 19:00:00
QI-000096,PR-0000230,SKU-1203,P03,2025-01-08,307,6,Warping,E103,Fail,2025-01-31 19:00:00
QI-000097,PR-0000235,SKU-1238,P04,2025-01-08,279,14,Sink Marks,E115,Fail,2025-01-31 00:00:00
QI-000098,PR-0000237,SKU-1252,P04,2025-01-08,237,13,Sink Marks,E120,Fail,2025-02-02 02:00:00
QI-000099,PR-0000238,SKU-1252,P04,2025-01-08,238,13,Cracking,E143,Fail,2025-01-31 18:00:00
QI-000100,PR-0000242,SKU-1245,P05,2025-01-08,179,6,Sink Marks,E172,Fail,2025-01-31 21:00:00
QI-000101,PR-0000243,SKU-1245,P05,2025-01-08,179,5,Burn Marks,E148,Fail,2025-02-02 19:00:00
QI-000102,PR-0000245,SKU-1161,P05,2025-01-08,117,4,Cracking,E153,Fail,2025-02-02 10:00:00
QI-000103,PR-0000252,SKU-1168,P01,2025-01-09,185,5,Flash,E014,Fail,2025-02-01 19:00:00
QI-000104,PR-0000254,SKU-1168,P01,2025-01-09,130,5,Short Shot,E006,Fail,2025-02-02 18:00:00
QI-000105,PR-0000256,SKU-1084,P02,2025-01-09,319,14,Short Shot,E056,Fail,2025-02-01 17:00:00
QI-000106,PR-0000262,SKU-1196,P03,2025-01-09,155,4,Cracking,E079,Fail,2025-02-01 21:00:00
QI-000107,PR-0000264,SKU-1182,P03,2025-01-09,162,8,Short Shot,E092,Fail,2025-02-01 09:00:00
QI-000108,PR-0000267,SKU-1070,P03,2025-01-09,298,5,Warping,E104,Fail,2025-02-02 15:00:00
QI-000109,PR-0000269,SKU-1105,P03,2025-01-09,185,5,Short Shot,E103,Fail,2025-02-01 06:00:00
QI-000110,PR-0000276,SKU-1091,P04,2025-01-09,183,5,Warping,E115,Fail,2025-02-02 04:00:00
QI-000111,PR-0000279,SKU-1105,P05,2025-01-09,218,7,Sink Marks,E153,Fail,2025-01-31 18:00:00
QI-000112,PR-0000280,SKU-1105,P05,2025-01-09,218,8,Flash,E161,Fail,2025-02-01 03:00:00
QI-000113,PR-0000285,SKU-1105,P05,2025-01-09,253,9,Flash,E179,Fail,2025-01-31 05:00:00
QI-000114,PR-0000286,SKU-1105,P05,2025-01-09,254,10,Flash,E148,Fail,2025-01-31 14:00:00
QI-000115,PR-0000287,SKU-1007,P05,2025-01-09,177,5,Flash,E162,Fail,2025-02-02 07:00:00
QI-000116,PR-0000295,SKU-1098,P01,2025-01-10,121,5,Flash,E001,Fail,2025-02-02 01:00:00
QI-000117,PR-0000297,SKU-1021,P02,2025-01-10,189,4,Flash,E058,Fail,2025-02-01 17:00:00
QI-000118,PR-0000298,SKU-1273,P02,2025-01-10,322,13,Sink Marks,E040,Fail,2025-02-02 08:00:00
QI-000119,PR-0000301,SKU-1266,P03,2025-01-10,291,5,Cracking,E080,Fail,2025-02-02 08:00:00
QI-000120,PR-0000312,SKU-1091,P05,2025-01-10,170,6,Cracking,E172,Fail,2025-02-01 16:00:00
QI-000121,PR-0000316,SKU-1028,P05,2025-01-10,193,8,Flash,E164,Fail,2025-02-01 09:00:00
QI-000122,PR-0000319,SKU-1175,P01,2025-01-11,298,15,Sink Marks,E029,Fail,2025-01-31 01:00:00
QI-000123,PR-0000321,SKU-1196,P02,2025-01-11,113,3,Flash,E043,Fail,2025-02-02 04:00:00
QI-000124,PR-0000324,SKU-1063,P02,2025-01-11,268,11,Flash,E067,Fail,2025-02-02 19:00:00
QI-000125,PR-0000327,SKU-1168,P03,2025-01-11,316,11,Burn Marks,E092,Fail,2025-02-02 08:00:00
QI-000126,PR-0000330,SKU-1021,P03,2025-01-11,139,3,Short Shot,E103,Fail,2025-02-01 19:00:00
QI-000127,PR-0000331,SKU-1021,P03,2025-01-11,139,6,Cracking,E092,Fail,2025-01-31 21:00:00
QI-000128,PR-0000333,SKU-1224,P03,2025-01-11,233,8,Flash,E092,Fail,2025-02-02 14:00:00
QI-000129,PR-0000335,SKU-1126,P04,2025-01-11,287,9,Warping,E137,Fail,2025-01-31 18:00:00
QI-000130,PR-0000336,SKU-1070,P04,2025-01-11,309,9,Sink Marks,E133,Fail,2025-02-01 17:00:00
QI-000131,PR-0000337,SKU-1070,P04,2025-01-11,309,12,Short Shot,E119,Fail,2025-02-01 03:00:00
QI-000132,PR-0000340,SKU-1126,P04,2025-01-11,234,11,Flash,E133,Fail,2025-02-01 03:00:00
QI-000133,PR-0000341,SKU-1126,P04,2025-01-11,234,8,Sink Marks,E115,Fail,2025-02-01 17:00:00
QI-000134,PR-0000343,SKU-1070,P05,2025-01-11,157,4,Burn Marks,E175,Fail,2025-01-31 11:00:00
QI-000135,PR-0000346,SKU-1245,P05,2025-01-11,134,5,Sink Marks,E161,Fail,2025-01-31 02:00:00
QI-000136,PR-0000350,SKU-1217,P01,2025-01-12,203,4,Short Shot,E016,Fail,2025-01-31 04:00:00
QI-000137,PR-0000354,SKU-1042,P01,2025-01-12,179,5,Flash,E029,Fail,2025-02-01 04:00:00
QI-000138,PR-0000355,SKU-1210,P02,2025-01-12,182,4,Sink Marks,E063,Fail,2025-01-31 16:00:00
QI-000139,PR-0000358,SKU-1056,P02,2025-01-12,298,9,Short Shot,E048,Fail,2025-01-31 14:00:00
QI-000140,PR-0000361,SKU-1084,P03,2025-01-12,245,6,Short Shot,E084,Fail,2025-02-02 21:00:00
QI-000141,PR-0000362,SKU-1084,P03,2025-01-12,246,6,Flash,E083,Fail,2025-02-01 21:00:00
QI-000142,PR-0000366,SKU-1168,P04,2025-01-12,254,10,Cracking,E137,Fail,2025-02-01 18:00:00
QI-000143,PR-0000369,SKU-1252,P04,2025-01-12,274,8,Warping,E133,Fail,2025-01-31 03:00:00
QI-000144,PR-0000372,SKU-1021,P04,2025-01-12,136,2,Flash,E141,Fail,2025-02-02 08:00:00
QI-000145,PR-0000373,SKU-1133,P04,2025-01-12,275,9,Short Shot,E115,Fail,2025-01-31 13:00:00
QI-000146,PR-0000377,SKU-1161,P05,2025-01-12,104,4,Short Shot,E172,Fail,2025-02-01 11:00:00
QI-000147,PR-0000382,SKU-1238,P05,2025-01-12,140,8,Flash,E153,Fail,2025-02-02 05:00:00
QI-000148,PR-0000385,SKU-1042,P01,2025-01-13,224,7,Sink Marks,E034,Fail,2025-01-31 14:00:00
QI-000149,PR-0000386,SKU-1042,P01,2025-01-13,224,10,Short Shot,E030,Fail,2025-01-31 03:00:00
QI-000150,PR-0000388,SKU-1105,P01,2025-01-13,308,8,Burn Marks,E017,Fail,2025-02-02 02:00:00
QI-000151,PR-0000389,SKU-1182,P01,2025-01-13,164,3,Short Shot,E029,Fail,2025-01-31 21:00:00
QI-000152,PR-0000392,SKU-1119,P02,2025-01-13,291,4,Cracking,E063,Fail,2025-01-31 05:00:00
QI-000153,PR-0000394,SKU-1161,P02,2025-01-13,280,7,Short Shot,E055,Fail,2025-02-01 06:00:00
QI-000154,PR-0000396,SKU-1175,P02,2025-01-13,192,4,Short Shot,E068,Fail,2025-02-01 17:00:00
QI-000155,PR-0000397,SKU-1161,P03,2025-01-13,142,3,Short Shot,E108,Fail,2025-02-02 10:00:00
QI-000156,PR-0000402,SKU-1126,P03,2025-01-13,173,6,Short Shot,E103,Fail,2025-02-01 14:00:00
QI-000157,PR-0000404,SKU-1119,P03,2025-01-13,155,3,Flash,E108,Fail,2025-01-31 05:00:00
QI-000158,PR-0000407,SKU-1084,P04,2025-01-13,234,7,Warping,E131,Fail,2025-01-31 16:00:00
QI-000159,PR-0000408,SKU-1133,P04,2025-01-13,181,6,Sink Marks,E136,Fail,2025-02-02 10:00:00
QI-000160,PR-0000416,SKU-1063,P05,2025-01-13,118,2,Flash,E162,Fail,2025-01-31 16:00:00
QI-000161,PR-0000417,SKU-1007,P05,2025-01-13,213,7,Burn Marks,E159,Fail,2025-02-01 09:00:00
QI-000162,PR-0000419,SKU-1035,P05,2025-01-13,268,11,Flash,E148,Fail,2025-02-02 17:00:00
QI-000163,PR-0000420,SKU-1252,P05,2025-01-13,201,7,Flash,E153,Fail,2025-02-01 20:00:00
QI-000164,PR-0000422,SKU-1007,P01,2025-01-14,173,5,Flash,E001,Fail,2025-01-31 12:00:00
QI-000165,PR-0000426,SKU-1133,P01,2025-01-14,315,13,Cracking,E029,Fail,2025-02-01 18:00:00
QI-000166,PR-0000427,SKU-1133,P01,2025-01-14,315,12,Short Shot,E029,Fail,2025-02-01 06:00:00
QI-000167,PR-0000429,SKU-1154,P01,2025-01-14,294,6,Short Shot,E010,Fail,2025-01-31 16:00:00
QI-000168,PR-0000430,SKU-1126,P01,2025-01-14,318,9,Burn Marks,E009,Fail,2025-02-02 12:00:00
QI-000169,PR-0000431,SKU-1098,P02,2025-01-14,132,3,Short Shot,E044,Fail,2025-01-31 11:00:00
QI-000170,PR-0000432,SKU-1224,P02,2025-01-14,262,8,Warping,E040,Fail,2025-02-02 05:00:00
QI-000171,PR-0000435,SKU-1112,P02,2025-01-14,276,16,Flash,E058,Fail,2025-02-01 19:00:00
QI-000172,PR-0000436,SKU-1112,P02,2025-01-14,276,6,Short Shot,E063,Fail,2025-02-02 11:00:00
QI-000173,PR-0000437,SKU-1126,P03,2025-01-14,187,6,Flash,E080,Fail,2025-02-01 13:00:00
QI-000174,PR-0000443,SKU-1273,P04,2025-01-14,114,2,Warping,E142,Fail,2025-02-01 06:00:00
QI-000175,PR-0000446,SKU-1189,P04,2025-01-14,324,7,Warping,E132,Fail,2025-01-31 12:00:00
QI-000176,PR-0000447,SKU-1091,P04,2025-01-14,299,15,Flash,E143,Fail,2025-01-31 06:00:00
QI-000177,PR-0000451,SKU-1140,P05,2025-01-14,289,12,Sink Marks,E148,Fail,2025-01-31 17:00:00
QI-000178,PR-0000453,SKU-1084,P05,2025-01-14,318,14,Short Shot,E171,Fail,2025-01-31 14:00:00
QI-000179,PR-0000454,SKU-1077,P05,2025-01-14,139,3,Burn Marks,E171,Fail,2025-02-01 19:00:00
QI-000180,PR-0000460,SKU-1182,P01,2025-01-15,242,3,Short Shot,E001,Fail,2025-02-02 12:00:00
QI-000181,PR-0000468,SKU-1098,P02,2025-01-15,285,11,Warping,E068,Fail,2025-02-01 17:00:00
QI-000182,PR-0000469,SKU-1161,P02,2025-01-15,244,13,Warping,E051,Fail,2025-01-31 01:00:00
QI-000183,PR-0000479,SKU-1196,P04,2025-01-15,271,6,Short Shot,E132,Fail,2025-02-02 09:00:00
QI-000184,PR-0000480,SKU-1196,P04,2025-01-15,202,12,Sink Marks,E134,Fail,2025-02-01 00:00:00
QI-000185,PR-0000483,SKU-1273,P05,2025-01-15,156,8,Warping,E172,Fail,2025-01-31 10:00:00
QI-000186,PR-0000484,SKU-1189,P05,2025-01-15,183,6,Sink Marks,E162,Fail,2025-02-02 07:00:00
QI-000187,PR-0000485,SKU-1007,P05,2025-01-15,260,7,Burn Marks,E171,Fail,2025-01-31 15:00:00
QI-000188,PR-0000490,SKU-1133,P01,2025-01-16,212,7,Flash,E034,Fail,2025-01-31 05:00:00
QI-000189,PR-0000492,SKU-1133,P01,2025-01-16,159,5,Sink Marks,E030,Fail,2025-01-31 21:00:00
QI-000190,PR-0000495,SKU-1140,P01,2025-01-16,178,4,Short Shot,E020,Fail,2025-02-01 09:00:00
QI-000191,PR-0000498,SKU-1147,P02,2025-01-16,113,4,Flash,E067,Fail,2025-02-02 00:00:00
QI-000192,PR-0000500,SKU-1021,P02,2025-01-16,200,6,Cracking,E068,Fail,2025-02-01 11:00:00
QI-000193,PR-0000501,SKU-1210,P02,2025-01-16,149,5,Short Shot,E044,Fail,2025-02-01 06:00:00
QI-000194,PR-0000502,SKU-1154,P03,2025-01-16,159,4,Short Shot,E104,Fail,2025-02-01 12:00:00
QI-000195,PR-0000507,SKU-1021,P03,2025-01-16,221,13,Short Shot,E076,Fail,2025-02-01 06:00:00
QI-000196,PR-0000508,SKU-1217,P04,2025-01-16,250,7,Flash,E119,Fail,2025-02-02 21:00:00
QI-000197,PR-0000509,SKU-1217,P04,2025-01-16,250,9,Cracking,E136,Fail,2025-02-02 03:00:00
QI-000198,PR-0000510,SKU-1056,P04,2025-01-16,136,8,Warping,E137,Fail,2025-02-02 09:00:00
QI-000199,PR-0000517,SKU-1091,P04,2025-01-16,225,10,Short Shot,E137,Fail,2025-01-31 14:00:00
QI-000200,PR-0000518,SKU-1168,P05,2025-01-16,162,4,Flash,E161,Fail,2025-02-01 08:00:00
QI-000201,PR-0000520,SKU-1126,P05,2025-01-16,179,10,Flash,E163,Fail,2025-02-02 12:00:00
QI-000202,PR-0000521,SKU-1028,P05,2025-01-16,153,4,Flash,E152,Fail,2025-01-31 21:00:00
QI-000203,PR-0000524,SKU-1112,P01,2025-01-17,273,7,Warping,E028,Fail,2025-02-02 13:00:00
QI-000204,PR-0000525,SKU-1266,P01,2025-01-17,125,3,Flash,E033,Fail,2025-02-02 15:00:00
QI-000205,PR-0000527,SKU-1105,P02,2025-01-17,258,11,Sink Marks,E044,Fail,2025-02-01 04:00:00
QI-000206,PR-0000528,SKU-1119,P02,2025-01-17,201,4,Burn Marks,E067,Fail,2025-02-02 04:00:00
QI-000207,PR-0000529,SKU-1119,P02,2025-01-17,163,5,Short Shot,E054,Fail,2025-02-02 07:00:00
QI-000208,PR-0000531,SKU-1098,P03,2025-01-17,240,9,Short Shot,E103,Fail,2025-02-02 22:00:00
QI-000209,PR-0000539,SKU-1182,P04,2025-01-17,187,4,Short Shot,E131,Fail,2025-02-01 05:00:00
QI-000210,PR-0000540,SKU-1077,P04,2025-01-17,321,14,Burn Marks,E136,Fail,2025-01-31 22:00:00
QI-000211,PR-0000543,SKU-1007,P05,2025-01-17,248,9,Short Shot,E153,Fail,2025-02-01 19:00:00
QI-000212,PR-0000545,SKU-1217,P05,2025-01-17,271,7,Cracking,E148,Fail,2025-01-31 01:00:00
QI-000213,PR-0000546,SKU-1105,P05,2025-01-17,110,4,Warping,E171,Fail,2025-02-02 20:00:00
QI-000214,PR-0000548,SKU-1210,P05,2025-01-17,115,3,Short Shot,E159,Fail,2025-01-31 12:00:00
QI-000215,PR-0000549,SKU-1210,P05,2025-01-17,116,6,Short Shot,E172,Fail,2025-02-02 05:00:00
QI-000216,PR-0000553,SKU-1273,P01,2025-01-18,177,7,Flash,E029,Fail,2025-01-31 10:00:00
QI-000217,PR-0000555,SKU-1091,P01,2025-01-18,192,5,Sink Marks,E017,Fail,2025-01-31 16:00:00
QI-000218,PR-0000560,SKU-1273,P02,2025-01-18,285,11,Short Shot,E048,Fail,2025-02-02 18:00:00
QI-000219,PR-0000562,SKU-1014,P02,2025-01-18,285,12,Warping,E053,Fail,2025-02-02 02:00:00
QI-000220,PR-0000565,SKU-1049,P03,2025-01-18,181,5,Sink Marks,E083,Fail,2025-02-02 21:00:00
QI-000221,PR-0000566,SKU-1049,P03,2025-01-18,181,8,Warping,E077,Fail,2025-02-01 18:00:00
QI-000222,PR-0000568,SKU-1028,P03,2025-01-18,198,6,Sink Marks,E076,Fail,2025-01-31 12:00:00
QI-000223,PR-0000574,SKU-1245,P04,2025-01-18,277,8,Cracking,E119,Fail,2025-02-02 14:00:00
QI-000224,PR-0000578,SKU-1028,P05,2025-01-18,229,8,Flash,E148,Fail,2025-02-01 17:00:00
QI-000225,PR-0000584,SKU-1224,P01,2025-01-19,219,6,Short Shot,E026,Fail,2025-02-02 13:00:00
QI-000226,PR-0000586,SKU-1168,P02,2025-01-19,204,5,Warping,E048,Fail,2025-02-01 01:00:00
QI-000227,PR-0000589,SKU-1070,P02,2025-01-19,304,8,Sink Marks,E063,Fail,2025-02-01 13:00:00
QI-000228,PR-0000591,SKU-1217,P02,2025-01-19,258,8,Flash,E062,Fail,2025-02-01 17:00:00
QI-000229,PR-0000596,SKU-1063,P03,2025-01-19,217,5,Sink Marks,E083,Fail,2025-02-02 17:00:00
QI-000230,PR-0000597,SKU-1063,P03,2025-01-19,217,10,Cracking,E103,Fail,2025-02-01 19:00:00
QI-000231,PR-0000599,SKU-1098,P03,2025-01-19,173,5,Short Shot,E076,Fail,2025-01-31 17:00:00
QI-000232,PR-0000600,SKU-1231,P03,2025-01-19,217,10,Flash,E074,Fail,2025-02-02 16:00:00
QI-000233,PR-0000602,SKU-1266,P04,2025-01-19,242,10,Flash,E130,Fail,2025-02-02 11:00:00
QI-000234,PR-0000605,SKU-1098,P04,2025-01-19,275,14,Sink Marks,E143,Fail,2025-01-31 07:00:00
QI-000235,PR-0000608,SKU-1224,P05,2025-01-19,292,14,Short Shot,E155,Fail,2025-01-31 17:00:00
QI-000236,PR-0000611,SKU-1273,P05,2025-01-19,184,6,Short Shot,E159,Fail,2025-02-01 22:00:00
QI-000237,PR-0000615,SKU-1147,P01,2025-01-20,248,6,Sink Marks,E020,Fail,2025-02-02 20:00:00
QI-000238,PR-0000620,SKU-1021,P02,2025-01-20,302,9,Flash,E056,Fail,2025-02-01 10:00:00
QI-000239,PR-0000624,SKU-1035,P02,2025-01-20,190,6,Short Shot,E068,Fail,2025-01-31 14:00:00
QI-000240,PR-0000625,SKU-1035,P02,2025-01-20,191,8,Short Shot,E067,Fail,2025-02-01 15:00:00
QI-000241,PR-0000627,SKU-1161,P03,2025-01-20,188,4,Flash,E096,Fail,2025-02-02 18:00:00
QI-000242,PR-0000634,SKU-1091,P03,2025-01-20,303,17,Short Shot,E076,Fail,2025-02-02 21:00:00
QI-000243,PR-0000635,SKU-1091,P03,2025-01-20,304,9,Flash,E086,Fail,2025-01-31 19:00:00
QI-000244,PR-0000644,SKU-1280,P05,2025-01-20,263,16,Warping,E172,Fail,2025-01-31 01:00:00
QI-000245,PR-0000645,SKU-1014,P05,2025-01-20,295,9,Warping,E162,Fail,2025-01-31 12:00:00
QI-000246,PR-0000646,SKU-1014,P05,2025-01-20,296,12,Sink Marks,E148,Fail,2025-01-31 17:00:00
QI-000247,PR-0000647,SKU-1063,P05,2025-01-20,160,3,Flash,E152,Fail,2025-02-02 18:00:00
QI-000248,PR-0000648,SKU-1063,P05,2025-01-20,160,8,Burn Marks,E155,Fail,2025-02-02 08:00:00
QI-000249,PR-0000653,SKU-1014,P01,2025-01-21,324,11,Warping,E001,Fail,2025-02-01 12:00:00
QI-000250,PR-0000657,SKU-1021,P02,2025-01-21,228,7,Short Shot,E053,Fail,2025-01-31 15:00:00
QI-000251,PR-0000658,SKU-1196,P02,2025-01-21,284,10,Short Shot,E044,Fail,2025-02-02 11:00:00
QI-000252,PR-0000659,SKU-1280,P02,2025-01-21,256,11,Short Shot,E048,Fail,2025-02-01 08:00:00
QI-000253,PR-0000661,SKU-1196,P02,2025-01-21,287,8,Short Shot,E067,Fail,2025-02-01 13:00:00
QI-000254,PR-0000663,SKU-1238,P03,2025-01-21,154,3,Sink Marks,E088,Fail,2025-01-31 10:00:00
QI-000255,PR-0000667,SKU-1007,P04,2025-01-21,164,5,Short Shot,E122,Fail,2025-02-02 22:00:00
QI-000256,PR-0000669,SKU-1077,P04,2025-01-21,158,5,Flash,E110,Fail,2025-02-02 18:00:00
QI-000257,PR-0000675,SKU-1175,P04,2025-01-21,230,11,Warping,E119,Fail,2025-01-31 05:00:00
QI-000258,PR-0000676,SKU-1028,P04,2025-01-21,175,5,Flash,E137,Fail,2025-02-01 01:00:00
QI-000259,PR-0000677,SKU-1035,P05,2025-01-21,214,6,Flash,E152,Fail,2025-02-01 07:00:00
QI-000260,PR-0000681,SKU-1105,P01,2025-01-22,203,5,Sink Marks,E020,Fail,2025-02-02 02:00:00
QI-000261,PR-0000683,SKU-1231,P02,2025-01-22,309,10,Flash,E044,Fail,2025-01-31 10:00:00
QI-000262,PR-0000685,SKU-1196,P02,2025-01-22,116,4,Sink Marks,E058,Fail,2025-01-31 03:00:00
QI-000263,PR-0000686,SKU-1084,P02,2025-01-22,299,12,Warping,E062,Fail,2025-01-31 10:00:00
QI-000264,PR-0000687,SKU-1203,P03,2025-01-22,132,8,Burn Marks,E076,Fail,2025-02-02 00:00:00
QI-000265,PR-0000689,SKU-1231,P03,2025-01-22,312,10,Flash,E080,Fail,2025-02-02 08:00:00
QI-000266,PR-0000691,SKU-1161,P03,2025-01-22,192,3,Warping,E092,Fail,2025-01-31 09:00:00
QI-000267,PR-0000693,SKU-1084,P03,2025-01-22,174,3,Burn Marks,E103,Fail,2025-02-01 14:00:00
QI-000268,PR-0000695,SKU-1238,P04,2025-01-22,211,10,Burn Marks,E130,Fail,2025-02-01 12:00:00
QI-000269,PR-0000696,SKU-1238,P04,2025-01-22,211,8,Flash,E120,Fail,2025-01-31 04:00:00
QI-000270,PR-0000699,SKU-1028,P04,2025-01-22,229,9,Short Shot,E119,Fail,2025-01-31 10:00:00
QI-000271,PR-0000704,SKU-1021,P05,2025-01-22,194,4,Sink Marks,E171,Fail,2025-02-01 09:00:00
QI-000272,PR-0000706,SKU-1028,P05,2025-01-22,171,6,Sink Marks,E152,Fail,2025-01-31 13:00:00
QI-000273,PR-0000709,SKU-1070,P05,2025-01-22,229,8,Burn Marks,E148,Fail,2025-02-02 14:00:00
QI-000274,PR-0000711,SKU-1280,P01,2025-01-23,251,9,Sink Marks,E034,Fail,2025-02-01 19:00:00
QI-000275,PR-0000712,SKU-1280,P01,2025-01-23,251,5,Warping,E006,Fail,2025-02-02 07:00:00
QI-000276,PR-0000714,SKU-1049,P01,2025-01-23,134,2,Flash,E028,Fail,2025-01-31 00:00:00
QI-000277,PR-0000715,SKU-1014,P01,2025-01-23,111,4,Sink Marks,E017,Fail,2025-02-01 02:00:00
QI-000278,PR-0000719,SKU-1147,P02,2025-01-23,265,8,Short Shot,E051,Fail,2025-02-02 08:00:00
QI-000279,PR-0000723,SKU-1245,P02,2025-01-23,257,10,Burn Marks,E054,Fail,2025-02-02 06:00:00
QI-000280,PR-0000727,SKU-1035,P03,2025-01-23,185,5,Sink Marks,E088,Fail,2025-01-31 00:00:00
QI-000281,PR-0000730,SKU-1021,P03,2025-01-23,257,10,Burn Marks,E103,Fail,2025-02-01 04:00:00
QI-000282,PR-0000738,SKU-1112,P04,2025-01-23,278,14,Sink Marks,E131,Fail,2025-01-31 00:00:00
QI-000283,PR-0000739,SKU-1084,P05,2025-01-23,279,10,Sink Marks,E152,Fail,2025-02-02 18:00:00
QI-000284,PR-0000744,SKU-1182,P01,2025-01-24,282,7,Warping,E015,Fail,2025-02-02 07:00:00
QI-000285,PR-0000749,SKU-1140,P01,2025-01-24,131,5,Sink Marks,E030,Fail,2025-02-01 08:00:00
QI-000286,PR-0000751,SKU-1182,P01,2025-01-24,114,4,Sink Marks,E015,Fail,2025-02-01 06:00:00
QI-000287,PR-0000752,SKU-1238,P02,2025-01-24,140,7,Short Shot,E062,Fail,2025-01-31 15:00:00
QI-000288,PR-0000753,SKU-1238,P02,2025-01-24,140,4,Sink Marks,E044,Fail,2025-02-01 22:00:00
QI-000289,PR-0000755,SKU-1042,P02,2025-01-24,164,5,Short Shot,E044,Fail,2025-01-31 21:00:00
QI-000290,PR-0000759,SKU-1224,P02,2025-01-24,137,4,Flash,E044,Fail,2025-02-01 10:00:00
QI-000291,PR-0000760,SKU-1119,P03,2025-01-24,162,6,Warping,E095,Fail,2025-01-31 04:00:00
QI-000292,PR-0000762,SKU-1007,P03,2025-01-24,203,5,Flash,E080,Fail,2025-02-02 00:00:00
QI-000293,PR-0000763,SKU-1168,P03,2025-01-24,185,8,Flash,E084,Fail,2025-02-01 01:00:00
QI-000294,PR-0000766,SKU-1077,P03,2025-01-24,283,10,Sink Marks,E104,Fail,2025-02-02 18:00:00
QI-000295,PR-0000767,SKU-1021,P04,2025-01-24,140,5,Flash,E121,Fail,2025-01-31 15:00:00
QI-000296,PR-0000769,SKU-1175,P04,2025-01-24,196,10,Sink Marks,E133,Fail,2025-02-02 02:00:00
QI-000297,PR-0000770,SKU-1014,P04,2025-01-24,277,12,Warping,E121,Fail,2025-01-31 21:00:00
QI-000298,PR-0000774,SKU-1168,P05,2025-01-24,143,3,Short Shot,E155,Fail,2025-02-02 12:00:00
QI-000299,PR-0000775,SKU-1007,P05,2025-01-24,115,5,Flash,E171,Fail,2025-02-01 13:00:00
QI-000300,PR-0000776,SKU-1091,P01,2025-01-25,235,10,Warping,E014,Fail,2025-01-31 12:00:00
QI-000301,PR-0000777,SKU-1084,P01,2025-01-25,276,9,Flash,E029,Fail,2025-01-31 22:00:00
QI-000302,PR-0000782,SKU-1273,P02,2025-01-25,131,4,Sink Marks,E056,Fail,2025-01-31 02:00:00
QI-000303,PR-0000787,SKU-1231,P03,2025-01-25,310,8,Warping,E103,Fail,2025-02-01 16:00:00
QI-000304,PR-0000788,SKU-1231,P03,2025-01-25,310,15,Burn Marks,E074,Fail,2025-02-02 02:00:00
QI-000305,PR-0000792,SKU-1028,P03,2025-01-25,165,5,Burn Marks,E095,Fail,2025-02-02 19:00:00
QI-000306,PR-0000794,SKU-1259,P04,2025-01-25,174,9,Warping,E119,Fail,2025-01-31 01:00:00
QI-000307,PR-0000795,SKU-1259,P04,2025-01-25,174,6,Flash,E132,Fail,2025-02-02 18:00:00
QI-000308,PR-0000801,SKU-1084,P05,2025-01-25,107,4,Flash,E159,Fail,2025-01-31 08:00:00
QI-000309,PR-0000808,SKU-1014,P01,2025-01-26,106,1,Flash,E030,Fail,2025-02-01 08:00:00
QI-000310,PR-0000809,SKU-1014,P01,2025-01-26,107,5,Flash,E034,Fail,2025-02-02 21:00:00
QI-000311,PR-0000815,SKU-1007,P02,2025-01-26,110,3,Flash,E058,Fail,2025-02-01 13:00:00
QI-000312,PR-0000816,SKU-1007,P02,2025-01-26,110,2,Short Shot,E044,Fail,2025-02-02 00:00:00
QI-000313,PR-0000818,SKU-1210,P03,2025-01-26,310,10,Flash,E077,Fail,2025-02-02 12:00:00
QI-000314,PR-0000821,SKU-1042,P03,2025-01-26,216,6,Sink Marks,E074,Fail,2025-01-31 16:00:00
QI-000315,PR-0000822,SKU-1091,P03,2025-01-26,287,11,Sink Marks,E096,Fail,2025-02-01 16:00:00
QI-000316,PR-0000823,SKU-1091,P03,2025-01-26,288,9,Warping,E095,Fail,2025-02-02 19:00:00
QI-000317,PR-0000830,SKU-1231,P04,2025-01-26,190,9,Short Shot,E143,Fail,2025-02-01 21:00:00
QI-000318,PR-0000832,SKU-1217,P05,2025-01-26,303,12,Sink Marks,E162,Fail,2025-02-01 04:00:00
QI-000319,PR-0000833,SKU-1021,P05,2025-01-26,130,6,Flash,E171,Fail,2025-02-01 17:00:00
QI-000320,PR-0000836,SKU-1203,P05,2025-01-26,319,12,Flash,E153,Fail,2025-02-01 07:00:00
QI-000321,PR-0000843,SKU-1049,P01,2025-01-27,217,6,Flash,E001,Fail,2025-02-01 05:00:00
QI-000322,PR-0000844,SKU-1049,P01,2025-01-27,217,5,Flash,E016,Fail,2025-02-02 03:00:00
QI-000323,PR-0000848,SKU-1217,P02,2025-01-27,144,4,Sink Marks,E062,Fail,2025-02-01 16:00:00
QI-000324,PR-0000850,SKU-1203,P03,2025-01-27,263,11,Short Shot,E086,Fail,2025-01-31 16:00:00
QI-000325,PR-0000859,SKU-1259,P04,2025-01-27,281,8,Sink Marks,E137,Fail,2025-01-31 16:00:00
QI-000326,PR-0000861,SKU-1168,P05,2025-01-27,153,5,Burn Marks,E162,Fail,2025-02-01 17:00:00
QI-000327,PR-0000865,SKU-1196,P05,2025-01-27,303,8,Short Shot,E152,Fail,2025-02-02 09:00:00
QI-000328,PR-0000866,SKU-1014,P05,2025-01-27,139,4,Sink Marks,E162,Fail,2025-01-31 19:00:00
QI-000329,PR-0000869,SKU-1007,P01,2025-01-28,291,10,Flash,E017,Fail,2025-01-31 07:00:00
QI-000330,PR-0000871,SKU-1105,P01,2025-01-28,178,5,Flash,E009,Fail,2025-01-31 01:00:00
QI-000331,PR-0000876,SKU-1007,P02,2025-01-28,223,8,Sink Marks,E053,Fail,2025-02-02 11:00:00
QI-000332,PR-0000877,SKU-1007,P02,2025-01-28,223,9,Sink Marks,E043,Fail,2025-01-31 01:00:00
QI-000333,PR-0000878,SKU-1063,P02,2025-01-28,278,9,Warping,E053,Fail,2025-02-02 02:00:00
QI-000334,PR-0000884,SKU-1168,P03,2025-01-28,225,2,Short Shot,E083,Fail,2025-02-02 19:00:00
QI-000335,PR-0000886,SKU-1007,P04,2025-01-28,109,3,Short Shot,E112,Fail,2025-02-01 00:00:00
QI-000336,PR-0000887,SKU-1280,P04,2025-01-28,100,4,Cracking,E137,Fail,2025-02-01 02:00:00
QI-000337,PR-0000889,SKU-1203,P04,2025-01-28,218,6,Short Shot,E139,Fail,2025-02-01 20:00:00
QI-000338,PR-0000891,SKU-1112,P05,2025-01-28,184,6,Cracking,E155,Fail,2025-02-01 18:00:00
QI-000339,PR-0000896,SKU-1007,P01,2025-01-29,116,3,Burn Marks,E021,Fail,2025-02-02 01:00:00
QI-000340,PR-0000899,SKU-1196,P01,2025-01-29,299,12,Flash,E016,Fail,2025-02-01 02:00:00
QI-000341,PR-0000902,SKU-1168,P02,2025-01-29,248,7,Flash,E044,Fail,2025-02-01 21:00:00
QI-000342,PR-0000904,SKU-1133,P02,2025-01-29,111,3,Short Shot,E054,Fail,2025-01-31 15:00:00
QI-000343,PR-0000907,SKU-1077,P02,2025-01-29,113,4,Flash,E058,Fail,2025-02-01 00:00:00
QI-000344,PR-0000908,SKU-1231,P02,2025-01-29,215,7,Flash,E043,Fail,2025-01-31 06:00:00
QI-000345,PR-0000909,SKU-1231,P02,2025-01-29,216,10,Short Shot,E054,Fail,2025-02-02 15:00:00
QI-000346,PR-0000911,SKU-1112,P03,2025-01-29,105,2,Sink Marks,E074,Fail,2025-01-31 13:00:00
QI-000347,PR-0000914,SKU-1231,P03,2025-01-29,114,2,Short Shot,E080,Fail,2025-02-02 12:00:00
QI-000348,PR-0000916,SKU-1119,P04,2025-01-29,217,4,Cracking,E141,Fail,2025-02-01 05:00:00
QI-000349,PR-0000917,SKU-1119,P04,2025-01-29,217,8,Short Shot,E142,Fail,2025-02-02 01:00:00
QI-000350,PR-0000919,SKU-1238,P04,2025-01-29,107,4,Warping,E136,Fail,2025-02-02 12:00:00
QI-000351,PR-0000923,SKU-1035,P05,2025-01-29,243,9,Sink Marks,E147,Fail,2025-02-01 14:00:00
QI-000352,PR-0000924,SKU-1063,P05,2025-01-29,121,5,Short Shot,E163,Fail,2025-01-31 02:00:00
QI-000353,PR-0000925,SKU-1266,P05,2025-01-29,104,3,Short Shot,E171,Fail,2025-01-31 05:00:00
QI-000354,PR-0000926,SKU-1266,P05,2025-01-29,104,3,Burn Marks,E152,Fail,2025-02-01 15:00:00
QI-000355,PR-0000927,SKU-1021,P05,2025-01-29,168,6,Short Shot,E172,Fail,2025-02-02 10:00:00
QI-000356,PR-0000928,SKU-1252,P05,2025-01-29,123,5,Flash,E161,Fail,2025-01-31 05:00:00
QI-000357,PR-0000933,SKU-1070,P02,2025-01-30,257,8,Burn Marks,E048,Fail,2025-01-31 09:00:00
QI-000358,PR-0000937,SKU-1273,P02,2025-01-30,284,10,Burn Marks,E055,Fail,2025-01-31 11:00:00
QI-000359,PR-0000945,SKU-1231,P03,2025-01-30,144,4,Burn Marks,E080,Fail,2025-02-02 20:00:00
QI-000360,PR-0000946,SKU-1175,P03,2025-01-30,316,12,Burn Marks,E074,Fail,2025-01-31 16:00:00
QI-000361,PR-0000947,SKU-1175,P03,2025-01-30,316,10,Warping,E077,Fail,2025-01-31 22:00:00
QI-000362,PR-0000949,SKU-1126,P04,2025-01-30,237,6,Warping,E125,Fail,2025-02-01 03:00:00
QI-000363,PR-0000961,SKU-1224,P01,2025-01-31,239,10,Warping,E028,Fail,2025-01-31 05:00:00
QI-000364,PR-0000962,SKU-1147,P02,2025-01-31,183,4,Sink Marks,E068,Fail,2025-02-01 16:00:00
QI-000365,PR-0000963,SKU-1147,P02,2025-01-31,183,7,Flash,E058,Fail,2025-02-02 14:00:00
QI-000366,PR-0000965,SKU-1021,P02,2025-01-31,259,8,Short Shot,E067,Fail,2025-02-02 21:00:00
QI-000367,PR-0000969,SKU-1070,P03,2025-01-31,242,10,Flash,E096,Fail,2025-02-02 11:00:00
QI-000368,PR-0000975,SKU-1126,P03,2025-01-31,130,4,Warping,E096,Fail,2025-01-31 07:00:00
QI-000369,PR-0000981,SKU-1126,P04,2025-01-31,219,9,Flash,E131,Fail,2025-02-02 16:00:00
QI-000370,PR-0000982,SKU-1126,P04,2025-01-31,220,11,Sink Marks,E134,Fail,2025-02-01 05:00:00
QI-000371,PR-0000988,SKU-1119,P05,2025-01-31,291,10,Flash,E148,Fail,2025-01-31 03:00:00
QI-000372,PR-0000990,SKU-1063,P05,2025-01-31,270,13,Sink Marks,E172,Fail,2025-02-02 05:00:00
QI-000373,PR-0000992,SKU-1203,P01,2025-02-01,144,2,Burn Marks,E017,Fail,2025-02-02 16:00:00
QI-000374,PR-0000995,SKU-1189,P01,2025-02-01,172,5,Flash,E029,Fail,2025-02-02 20:00:00
QI-000375,PR-0000996,SKU-1189,P01,2025-02-01,172,5,Short Shot,E029,Fail,2025-02-02 03:00:00
QI-000376,PR-0000997,SKU-1203,P01,2025-02-01,262,6,Flash,E009,Fail,2025-01-31 16:00:00
QI-000377,PR-0001006,SKU-1280,P03,2025-02-01,285,10,Sink Marks,E103,Fail,2025-02-02 06:00:00
QI-000378,PR-0001009,SKU-1140,P03,2025-02-01,276,8,Short Shot,E074,Fail,2025-01-31 10:00:00
QI-000379,PR-0001010,SKU-1049,P03,2025-02-01,315,10,Sink Marks,E098,Fail,2025-02-01 03:00:00
QI-000380,PR-0001013,SKU-1252,P04,2025-02-01,209,7,Short Shot,E131,Fail,2025-01-31 11:00:00
QI-000381,PR-0001017,SKU-1014,P05,2025-02-01,173,7,Flash,E161,Fail,2025-02-02 03:00:00
QI-000382,PR-0001018,SKU-1042,P05,2025-02-01,265,15,Cracking,E153,Fail,2025-02-01 20:00:00
QI-000383,PR-0001019,SKU-1042,P05,2025-02-01,265,12,Flash,E171,Fail,2025-01-31 00:00:00
QI-000384,PR-0001020,SKU-1021,P05,2025-02-01,130,4,Flash,E163,Fail,2025-01-31 06:00:00
QI-000385,PR-0001021,SKU-1217,P05,2025-02-01,175,6,Warping,E179,Fail,2025-02-02 04:00:00
QI-000386,PR-0001022,SKU-1161,P05,2025-02-01,167,7,Sink Marks,E161,Fail,2025-02-02 09:00:00
QI-000387,PR-0001024,SKU-1154,P01,2025-02-02,246,2,Warping,E015,Fail,2025-02-01 06:00:00
QI-000388,PR-0001025,SKU-1238,P01,2025-02-02,250,6,Flash,E021,Fail,2025-02-02 09:00:00
QI-000389,PR-0001026,SKU-1126,P01,2025-02-02,255,3,Burn Marks,E034,Fail,2025-02-01 11:00:00
QI-000390,PR-0001028,SKU-1189,P01,2025-02-02,143,2,Warping,E009,Fail,2025-02-02 00:00:00
QI-000391,PR-0001031,SKU-1203,P02,2025-02-02,216,5,Cracking,E067,Fail,2025-01-31 03:00:00
QI-000392,PR-0001035,SKU-1070,P02,2025-02-02,175,7,Sink Marks,E058,Fail,2025-02-01 10:00:00
QI-000393,PR-0001039,SKU-1056,P03,2025-02-02,303,3,Short Shot,E086,Fail,2025-01-31 01:00:00
QI-000394,PR-0001040,SKU-1070,P03,2025-02-02,241,8,Flash,E098,Fail,2025-02-02 12:00:00
QI-000395,PR-0001042,SKU-1238,P04,2025-02-02,274,9,Sink Marks,E110,Fail,2025-02-01 10:00:00
QI-000396,PR-0001044,SKU-1280,P04,2025-02-02,274,10,Sink Marks,E136,Fail,2025-01-31 17:00:00
QI-000397,PR-0001049,SKU-1035,P04,2025-02-02,207,7,Sink Marks,E136,Fail,2025-01-31 16:00:00
QI-000398,PR-0001051,SKU-1154,P05,2025-02-02,316,9,Short Shot,E147,Fail,2025-01-31 05:00:00
QI-000399,PR-0001052,SKU-1133,P05,2025-02-02,261,10,Warping,E153,Fail,2025-02-02 09:00:00
QI-000400,PR-0001054,SKU-1112,P01,2025-02-03,143,5,Warping,E007,Fail,2025-02-02 13:00:00
QI-000401,PR-0001057,SKU-1175,P01,2025-02-03,150,4,Cracking,E026,Fail,2025-02-01 19:00:00
QI-000402,PR-0001061,SKU-1210,P02,2025-02-03,277,9,Short Shot,E067,Fail,2025-02-01 06:00:00
QI-000403,PR-0001065,SKU-1217,P02,2025-02-03,104,2,Flash,E053,Fail,2025-02-01 18:00:00
QI-000404,PR-0001067,SKU-1231,P03,2025-02-03,294,9,Sink Marks,E074,Fail,2025-02-01 14:00:00
QI-000405,PR-0001073,SKU-1168,P04,2025-02-03,131,4,Flash,E122,Fail,2025-02-02 17:00:00
QI-000406,PR-0001074,SKU-1168,P04,2025-02-03,131,6,Burn Marks,E132,Fail,2025-01-31 01:00:00
QI-000407,PR-0001075,SKU-1161,P04,2025-02-03,270,11,Warping,E143,Fail,2025-01-31 21:00:00
QI-000408,PR-0001077,SKU-1084,P04,2025-02-03,145,4,Flash,E132,Fail,2025-01-31 09:00:00
QI-000409,PR-0001078,SKU-1182,P04,2025-02-03,311,12,Warping,E122,Fail,2025-01-31 01:00:00
QI-000410,PR-0001079,SKU-1182,P04,2025-02-03,311,14,Warping,E111,Fail,2025-02-02 14:00:00
QI-000411,PR-0001081,SKU-1280,P05,2025-02-03,162,6,Flash,E152,Fail,2025-01-31 21:00:00
QI-000412,PR-0001090,SKU-1175,P01,2025-02-04,321,9,Short Shot,E009,Fail,2025-01-31 12:00:00
QI-000413,PR-0001091,SKU-1098,P01,2025-02-04,261,8,Flash,E020,Fail,2025-02-02 17:00:00
QI-000414,PR-0001097,SKU-1161,P02,2025-02-04,223,9,Flash,E056,Fail,2025-02-01 14:00:00
QI-000415,PR-0001102,SKU-1042,P03,2025-02-04,260,11,Warping,E079,Fail,2025-02-01 19:00:00
QI-000416,PR-0001103,SKU-1189,P03,2025-02-04,121,4,Warping,E079,Fail,2025-02-02 15:00:00
QI-000417,PR-0001105,SKU-1175,P03,2025-02-04,205,5,Flash,E108,Fail,2025-02-01 17:00:00
QI-000418,PR-0001107,SKU-1154,P04,2025-02-04,236,11,Sink Marks,E142,Fail,2025-02-01 08:00:00
QI-000419,PR-0001108,SKU-1119,P04,2025-02-04,145,5,Sink Marks,E137,Fail,2025-01-31 20:00:00
QI-000420,PR-0001110,SKU-1238,P05,2025-02-04,103,3,Warping,E162,Fail,2025-02-01 00:00:00
QI-000421,PR-0001112,SKU-1245,P05,2025-02-04,312,14,Sink Marks,E153,Fail,2025-01-31 20:00:00
QI-000422,PR-0001113,SKU-1133,P05,2025-02-04,187,10,Cracking,E172,Fail,2025-01-31 06:00:00
QI-000423,PR-0001114,SKU-1133,P05,2025-02-04,187,7,Flash,E172,Fail,2025-01-31 04:00:00
QI-000424,PR-0001120,SKU-1182,P01,2025-02-05,320,12,Warping,E033,Fail,2025-02-02 22:00:00
QI-000425,PR-0001124,SKU-1119,P02,2025-02-05,259,5,Warping,E055,Fail,2025-01-31 17:00:00
QI-000426,PR-0001127,SKU-1168,P02,2025-02-05,210,3,Warping,E048,Fail,2025-02-02 21:00:00
QI-000427,PR-0001129,SKU-1266,P02,2025-02-05,101,2,Short Shot,E068,Fail,2025-01-31 20:00:00
QI-000428,PR-0001131,SKU-1189,P03,2025-02-05,252,8,Short Shot,E104,Fail,2025-02-02 14:00:00
QI-000429,PR-0001133,SKU-1161,P03,2025-02-05,213,7,Cracking,E080,Fail,2025-01-31 02:00:00
QI-000430,PR-0001135,SKU-1105,P03,2025-02-05,124,3,Warping,E103,Fail,2025-02-01 18:00:00
QI-000431,PR-0001143,SKU-1189,P05,2025-02-05,271,14,Short Shot,E164,Fail,2025-02-02 19:00:00
QI-000432,PR-0001144,SKU-1161,P05,2025-02-05,126,4,Short Shot,E152,Fail,2025-01-31 17:00:00
QI-000433,PR-0001145,SKU-1161,P05,2025-02-05,127,2,Flash,E148,Fail,2025-02-01 16:00:00
QI-000434,PR-0001149,SKU-1098,P01,2025-02-06,247,7,Flash,E010,Fail,2025-02-02 07:00:00
QI-000435,PR-0001150,SKU-1098,P01,2025-02-06,248,6,Burn Marks,E009,Fail,2025-02-02 22:00:00
QI-000436,PR-0001151,SKU-1224,P01,2025-02-06,132,5,Short Shot,E006,Fail,2025-02-01 16:00:00
QI-000437,PR-0001152,SKU-1049,P01,2025-02-06,176,4,Short Shot,E017,Fail,2025-02-01 13:00:00
QI-000438,PR-0001153,SKU-1049,P01,2025-02-06,176,6,Flash,E026,Fail,2025-02-01 13:00:00
QI-000439,PR-0001159,SKU-1259,P02,2025-02-06,219,7,Flash,E055,Fail,2025-01-31 22:00:00
QI-000440,PR-0001162,SKU-1266,P03,2025-02-06,216,8,Sink Marks,E077,Fail,2025-01-31 10:00:00
QI-000441,PR-0001163,SKU-1252,P03,2025-02-06,297,11,Flash,E098,Fail,2025-01-31 22:00:00
QI-000442,PR-0001168,SKU-1007,P04,2025-02-06,146,7,Flash,E125,Fail,2025-01-31 03:00:00
QI-000443,PR-0001169,SKU-1161,P04,2025-02-06,113,4,Short Shot,E133,Fail,2025-02-02 10:00:00
QI-000444,PR-0001170,SKU-1217,P05,2025-02-06,158,7,Short Shot,E163,Fail,2025-02-01 01:00:00
QI-000445,PR-0001171,SKU-1154,P05,2025-02-06,153,7,Warping,E153,Fail,2025-02-01 03:00:00
QI-000446,PR-0001178,SKU-1168,P01,2025-02-07,288,7,Short Shot,E009,Fail,2025-01-31 03:00:00
QI-000447,PR-0001182,SKU-1077,P01,2025-02-07,168,6,Sink Marks,E033,Fail,2025-02-02 17:00:00
QI-000448,PR-0001185,SKU-1007,P02,2025-02-07,192,3,Warping,E055,Fail,2025-01-31 03:00:00
QI-000449,PR-0001190,SKU-1112,P02,2025-02-07,146,6,Flash,E056,Fail,2025-01-31 03:00:00
QI-000450,PR-0001193,SKU-1259,P03,2025-02-07,113,3,Short Shot,E083,Fail,2025-02-02 10:00:00
QI-000451,PR-0001194,SKU-1280,P03,2025-02-07,315,12,Warping,E084,Fail,2025-02-01 17:00:00
QI-000452,PR-0001195,SKU-1084,P03,2025-02-07,106,4,Flash,E103,Fail,2025-02-01 08:00:00
QI-000453,PR-0001199,SKU-1210,P04,2025-02-07,251,11,Cracking,E111,Fail,2025-02-02 18:00:00
QI-000454,PR-0001202,SKU-1133,P04,2025-02-07,293,12,Burn Marks,E137,Fail,2025-01-31 15:00:00
QI-000455,PR-0001209,SKU-1042,P05,2025-02-07,232,8,Short Shot,E171,Fail,2025-01-31 11:00:00
QI-000456,PR-0001210,SKU-1042,P05,2025-02-07,233,7,Burn Marks,E153,Fail,2025-01-31 15:00:00
QI-000457,PR-0001211,SKU-1259,P05,2025-02-07,262,14,Flash,E172,Fail,2025-02-01 04:00:00
QI-000458,PR-0001212,SKU-1259,P05,2025-02-07,263,11,Sink Marks,E171,Fail,2025-01-31 22:00:00
QI-000459,PR-0001216,SKU-1028,P01,2025-02-08,115,2,Flash,E006,Fail,2025-02-02 08:00:00
QI-000460,PR-0001220,SKU-1098,P02,2025-02-08,303,12,Flash,E063,Fail,2025-01-31 06:00:00
QI-000461,PR-0001222,SKU-1042,P02,2025-02-08,212,9,Warping,E058,Fail,2025-02-01 18:00:00
QI-000462,PR-0001225,SKU-1168,P02,2025-02-08,223,7,Flash,E063,Fail,2025-02-01 09:00:00
QI-000463,PR-0001226,SKU-1259,P02,2025-02-08,286,11,Short Shot,E067,Fail,2025-02-01 05:00:00
QI-000464,PR-0001228,SKU-1119,P03,2025-02-08,319,19,Sink Marks,E080,Fail,2025-01-31 06:00:00
QI-000465,PR-0001231,SKU-1091,P03,2025-02-08,317,7,Short Shot,E086,Fail,2025-01-31 14:00:00
QI-000466,PR-0001232,SKU-1091,P03,2025-02-08,318,14,Warping,E074,Fail,2025-02-02 07:00:00
QI-000467,PR-0001234,SKU-1266,P04,2025-02-08,317,17,Short Shot,E143,Fail,2025-01-31 00:00:00
QI-000468,PR-0001237,SKU-1259,P04,2025-02-08,283,11,Warping,E132,Fail,2025-01-31 10:00:00
QI-000469,PR-0001238,SKU-1028,P04,2025-02-08,300,10,Burn Marks,E132,Fail,2025-02-01 08:00:00
QI-000470,PR-0001242,SKU-1168,P05,2025-02-08,136,3,Warping,E153,Fail,2025-01-31 16:00:00
QI-000471,PR-0001243,SKU-1273,P05,2025-02-08,137,5,Short Shot,E152,Fail,2025-01-31 10:00:00
QI-000472,PR-0001253,SKU-1175,P02,2025-02-09,170,5,Sink Marks,E051,Fail,2025-01-31 18:00:00
QI-000473,PR-0001257,SKU-1203,P02,2025-02-09,258,9,Short Shot,E051,Fail,2025-02-02 04:00:00
QI-000474,PR-0001262,SKU-1126,P03,2025-02-09,283,12,Short Shot,E103,Fail,2025-01-31 10:00:00
QI-000475,PR-0001263,SKU-1238,P03,2025-02-09,143,6,Burn Marks,E088,Fail,2025-01-31 09:00:00
QI-000476,PR-0001271,SKU-1238,P05,2025-02-09,173,7,Warping,E172,Fail,2025-01-31 16:00:00
QI-000477,PR-0001273,SKU-1049,P05,2025-02-09,160,6,Flash,E147,Fail,2025-01-31 02:00:00
QI-000478,PR-0001278,SKU-1112,P01,2025-02-10,178,3,Burn Marks,E026,Fail,2025-02-01 07:00:00
QI-000479,PR-0001280,SKU-1007,P02,2025-02-10,323,10,Short Shot,E055,Fail,2025-01-31 12:00:00
QI-000480,PR-0001295,SKU-1224,P05,2025-02-10,241,9,Sink Marks,E155,Fail,2025-02-02 17:00:00
QI-000481,PR-0001299,SKU-1098,P05,2025-02-10,112,5,Warping,E153,Fail,2025-02-01 18:00:00
QI-000482,PR-0001305,SKU-1042,P02,2025-02-11,175,5,Warping,E054,Fail,2025-01-31 22:00:00
QI-000483,PR-0001307,SKU-1266,P02,2025-02-11,255,7,Sink Marks,E068,Fail,2025-02-02 20:00:00
QI-000484,PR-0001310,SKU-1035,P02,2025-02-11,263,9,Flash,E058,Fail,2025-02-02 08:00:00
QI-000485,PR-0001315,SKU-1217,P03,2025-02-11,143,4,Short Shot,E086,Fail,2025-02-02 21:00:00
QI-000486,PR-0001317,SKU-1028,P03,2025-02-11,210,6,Warping,E103,Fail,2025-01-31 15:00:00
QI-000487,PR-0001320,SKU-1070,P03,2025-02-11,239,8,Sink Marks,E077,Fail,2025-02-02 01:00:00
QI-000488,PR-0001321,SKU-1070,P03,2025-02-11,240,8,Short Shot,E080,Fail,2025-02-02 04:00:00
QI-000489,PR-0001324,SKU-1140,P04,2025-02-11,298,8,Short Shot,E141,Fail,2025-02-01 04:00:00
QI-000490,PR-0001326,SKU-1217,P05,2025-02-11,253,10,Cracking,E147,Fail,2025-02-02 07:00:00
QI-000491,PR-0001327,SKU-1217,P05,2025-02-11,254,9,Short Shot,E179,Fail,2025-02-01 07:00:00
QI-000492,PR-0001328,SKU-1259,P05,2025-02-11,172,7,Sink Marks,E172,Fail,2025-02-02 03:00:00
QI-000493,PR-0001333,SKU-1098,P01,2025-02-12,264,8,Flash,E030,Fail,2025-01-31 14:00:00
QI-000494,PR-0001337,SKU-1007,P01,2025-02-12,175,6,Warping,E017,Fail,2025-02-02 04:00:00
QI-000495,PR-0001345,SKU-1070,P02,2025-02-12,140,3,Short Shot,E048,Fail,2025-02-01 11:00:00
QI-000496,PR-0001347,SKU-1056,P02,2025-02-12,241,8,Sink Marks,E068,Fail,2025-01-31 11:00:00
QI-000497,PR-0001350,SKU-1077,P02,2025-02-12,162,6,Short Shot,E056,Fail,2025-02-02 16:00:00
QI-000498,PR-0001353,SKU-1056,P03,2025-02-12,277,9,Burn Marks,E079,Fail,2025-02-02 11:00:00
QI-000499,PR-0001355,SKU-1189,P03,2025-02-12,246,5,Warping,E104,Fail,2025-01-31 06:00:00
QI-000500,PR-0001357,SKU-1245,P03,2025-02-12,147,5,Burn Marks,E103,Fail,2025-01-31 10:00:00
QI-000501,PR-0001359,SKU-1280,P04,2025-02-12,218,6,Flash,E131,Fail,2025-02-01 01:00:00
QI-000502,PR-0001368,SKU-1224,P05,2025-02-12,105,4,Flash,E175,Fail,2025-02-01 03:00:00
QI-000503,PR-0001382,SKU-1189,P03,2025-02-13,213,9,Sink Marks,E079,Fail,2025-02-01 07:00:00
QI-000504,PR-0001383,SKU-1189,P03,2025-02-13,213,11,Short Shot,E080,Fail,2025-01-31 17:00:00
QI-000505,PR-0001389,SKU-1168,P04,2025-02-13,227,7,Short Shot,E117,Fail,2025-01-31 06:00:00
QI-000506,PR-0001391,SKU-1035,P04,2025-02-13,210,9,Flash,E111,Fail,2025-02-01 17:00:00
QI-000507,PR-0001395,SKU-1126,P05,2025-02-13,133,5,Warping,E148,Fail,2025-02-01 00:00:00
QI-000508,PR-0001396,SKU-1126,P05,2025-02-13,134,4,Flash,E159,Fail,2025-01-31 15:00:00
QI-000509,PR-0001400,SKU-1182,P05,2025-02-13,236,6,Flash,E152,Fail,2025-02-02 20:00:00
QI-000510,PR-0001402,SKU-1035,P01,2025-02-14,141,5,Warping,E034,Fail,2025-02-02 06:00:00
QI-000511,PR-0001404,SKU-1154,P01,2025-02-14,263,10,Warping,E034,Fail,2025-02-01 10:00:00
QI-000512,PR-0001406,SKU-1112,P01,2025-02-14,191,4,Cracking,E013,Fail,2025-02-01 10:00:00
QI-000513,PR-0001407,SKU-1280,P02,2025-02-14,161,5,Sink Marks,E048,Fail,2025-02-02 03:00:00
QI-000514,PR-0001414,SKU-1084,P03,2025-02-14,178,8,Sink Marks,E092,Fail,2025-02-02 20:00:00
QI-000515,PR-0001415,SKU-1203,P03,2025-02-14,138,2,Burn Marks,E083,Fail,2025-02-01 20:00:00
QI-000516,PR-0001416,SKU-1098,P03,2025-02-14,321,13,Warping,E080,Fail,2025-02-01 16:00:00
QI-000517,PR-0001417,SKU-1280,P03,2025-02-14,309,10,Warping,E095,Fail,2025-02-01 12:00:00
QI-000518,PR-0001418,SKU-1280,P03,2025-02-14,309,17,Burn Marks,E079,Fail,2025-02-01 06:00:00
QI-000519,PR-0001420,SKU-1189,P03,2025-02-14,147,3,Short Shot,E096,Fail,2025-02-01 16:00:00
QI-000520,PR-0001421,SKU-1189,P04,2025-02-14,188,8,Burn Marks,E121,Fail,2025-02-02 22:00:00
QI-000521,PR-0001426,SKU-1126,P05,2025-02-14,164,8,Cracking,E172,Fail,2025-02-02 18:00:00
QI-000522,PR-0001428,SKU-1154,P05,2025-02-14,278,12,Flash,E174,Fail,2025-02-02 15:00:00
QI-000523,PR-0001430,SKU-1105,P05,2025-02-14,100,4,Short Shot,E172,Fail,2025-02-02 17:00:00
QI-000524,PR-0001432,SKU-1035,P01,2025-02-15,262,6,Warping,E001,Fail,2025-02-02 13:00:00
QI-000525,PR-0001434,SKU-1259,P01,2025-02-15,237,12,Flash,E034,Fail,2025-02-02 20:00:00
QI-000526,PR-0001438,SKU-1098,P02,2025-02-15,225,9,Warping,E067,Fail,2025-02-01 12:00:00
QI-000527,PR-0001439,SKU-1259,P02,2025-02-15,174,6,Warping,E053,Fail,2025-01-31 14:00:00
QI-000528,PR-0001440,SKU-1259,P02,2025-02-15,175,6,Cracking,E067,Fail,2025-01-31 19:00:00
QI-000529,PR-0001441,SKU-1252,P02,2025-02-15,136,7,Cracking,E062,Fail,2025-01-31 22:00:00
QI-000530,PR-0001447,SKU-1273,P03,2025-02-15,225,9,Short Shot,E074,Fail,2025-01-31 20:00:00
QI-000531,PR-0001452,SKU-1259,P04,2025-02-15,188,7,Sink Marks,E130,Fail,2025-02-01 11:00:00
QI-000532,PR-0001456,SKU-1042,P05,2025-02-15,101,3,Warping,E153,Fail,2025-02-01 03:00:00
QI-000533,PR-0001460,SKU-1280,P05,2025-02-15,196,9,Sink Marks,E172,Fail,2025-01-31 16:00:00
QI-000534,PR-0001465,SKU-1028,P02,2025-02-16,298,9,Flash,E044,Fail,2025-02-01 19:00:00
QI-000535,PR-0001466,SKU-1021,P02,2025-02-16,140,5,Sink Marks,E058,Fail,2025-02-01 02:00:00
QI-000536,PR-0001472,SKU-1168,P03,2025-02-16,306,12,Warping,E098,Fail,2025-01-31 00:00:00
QI-000537,PR-0001474,SKU-1259,P03,2025-02-16,266,8,Sink Marks,E076,Fail,2025-01-31 11:00:00
QI-000538,PR-0001478,SKU-1105,P04,2025-02-16,209,4,Flash,E120,Fail,2025-02-01 19:00:00
QI-000539,PR-0001479,SKU-1105,P04,2025-02-16,210,4,Sink Marks,E110,Fail,2025-02-01 01:00:00
QI-000540,PR-0001482,SKU-1049,P04,2025-02-16,312,14,Flash,E115,Fail,2025-01-31 05:00:00
QI-000541,PR-0001483,SKU-1056,P05,2025-02-16,238,8,Short Shot,E172,Fail,2025-01-31 19:00:00
QI-000542,PR-0001484,SKU-1056,P05,2025-02-16,239,16,Warping,E153,Fail,2025-02-02 05:00:00
QI-000543,PR-0001486,SKU-1028,P05,2025-02-16,299,10,Warping,E172,Fail,2025-02-01 01:00:00
QI-000544,PR-0001488,SKU-1028,P05,2025-02-16,128,6,Warping,E172,Fail,2025-01-31 09:00:00
QI-000545,PR-0001489,SKU-1049,P01,2025-02-17,161,6,Flash,E034,Fail,2025-01-31 15:00:00
QI-000546,PR-0001492,SKU-1203,P01,2025-02-17,275,9,Flash,E010,Fail,2025-02-01 07:00:00
QI-000547,PR-0001497,SKU-1182,P02,2025-02-17,300,15,Warping,E051,Fail,2025-02-01 16:00:00
QI-000548,PR-0001498,SKU-1021,P02,2025-02-17,282,7,Sink Marks,E048,Fail,2025-01-31 19:00:00
QI-000549,PR-0001499,SKU-1021,P02,2025-02-17,283,12,Short Shot,E044,Fail,2025-02-02 07:00:00
QI-000550,PR-0001501,SKU-1119,P03,2025-02-17,230,9,Flash,E080,Fail,2025-01-31 06:00:00
QI-000551,PR-0001506,SKU-1266,P03,2025-02-17,170,5,Sink Marks,E103,Fail,2025-02-02 11:00:00
QI-000552,PR-0001507,SKU-1266,P03,2025-02-17,170,7,Short Shot,E103,Fail,2025-02-01 16:00:00
QI-000553,PR-0001515,SKU-1238,P05,2025-02-17,261,8,Warping,E153,Fail,2025-01-31 09:00:00
QI-000554,PR-0001517,SKU-1084,P05,2025-02-17,297,13,Cracking,E161,Fail,2025-02-02 10:00:00
QI-000555,PR-0001518,SKU-1147,P05,2025-02-17,321,13,Warping,E148,Fail,2025-02-01 21:00:00
QI-000556,PR-0001524,SKU-1021,P01,2025-02-18,111,3,Warping,E029,Fail,2025-02-02 13:00:00
QI-000557,PR-0001530,SKU-1231,P02,2025-02-18,299,14,Flash,E044,Fail,2025-02-01 02:00:00
QI-000558,PR-0001532,SKU-1231,P02,2025-02-18,147,3,Flash,E067,Fail,2025-02-01 03:00:00
QI-000559,PR-0001539,SKU-1245,P03,2025-02-18,279,8,Short Shot,E096,Fail,2025-01-31 20:00:00
QI-000560,PR-0001542,SKU-1154,P04,2025-02-18,216,8,Short Shot,E119,Fail,2025-02-02 09:00:00
QI-000561,PR-0001555,SKU-1098,P05,2025-02-18,224,8,Short Shot,E153,Fail,2025-02-02 07:00:00
QI-000562,PR-0001559,SKU-1161,P01,2025-02-19,197,5,Short Shot,E009,Fail,2025-02-02 06:00:00
QI-000563,PR-0001560,SKU-1252,P01,2025-02-19,158,4,Warping,E029,Fail,2025-02-01 10:00:00
QI-000564,PR-0001564,SKU-1203,P01,2025-02-19,113,4,Sink Marks,E029,Fail,2025-02-02 06:00:00
QI-000565,PR-0001568,SKU-1028,P02,2025-02-19,264,9,Flash,E068,Fail,2025-02-01 03:00:00
QI-000566,PR-0001575,SKU-1273,P05,2025-02-19,232,8,Short Shot,E172,Fail,2025-02-02 10:00:00
QI-000567,PR-0001579,SKU-1175,P05,2025-02-19,195,11,Warping,E172,Fail,2025-02-01 22:00:00
QI-000568,PR-0001580,SKU-1175,P05,2025-02-19,195,11,Burn Marks,E153,Fail,2025-02-02 12:00:00
QI-000569,PR-0001582,SKU-1210,P05,2025-02-19,213,7,Sink Marks,E162,Fail,2025-02-02 15:00:00
QI-000570,PR-0001583,SKU-1280,P01,2025-02-20,137,3,Cracking,E001,Fail,2025-02-01 15:00:00
QI-000571,PR-0001589,SKU-1168,P01,2025-02-20,224,7,Flash,E015,Fail,2025-02-01 10:00:00
QI-000572,PR-0001593,SKU-1147,P02,2025-02-20,191,7,Burn Marks,E048,Fail,2025-02-02 19:00:00
QI-000573,PR-0001596,SKU-1056,P03,2025-02-20,256,10,Warping,E103,Fail,2025-02-01 11:00:00
QI-000574,PR-0001599,SKU-1133,P03,2025-02-20,312,5,Cracking,E080,Fail,2025-01-31 16:00:00
QI-000575,PR-0001603,SKU-1210,P04,2025-02-20,161,10,Flash,E121,Fail,2025-02-02 09:00:00
QI-000576,PR-0001604,SKU-1210,P04,2025-02-20,161,7,Flash,E125,Fail,2025-02-02 17:00:00
QI-000577,PR-0001606,SKU-1224,P04,2025-02-20,218,10,Flash,E143,Fail,2025-02-01 10:00:00
QI-000578,PR-0001609,SKU-1049,P05,2025-02-20,208,7,Warping,E171,Fail,2025-02-01 07:00:00
QI-000579,PR-0001613,SKU-1140,P01,2025-02-21,141,5,Flash,E021,Fail,2025-02-01 07:00:00
QI-000580,PR-0001614,SKU-1070,P01,2025-02-21,297,6,Flash,E007,Fail,2025-02-02 19:00:00
QI-000581,PR-0001618,SKU-1049,P02,2025-02-21,241,3,Warping,E053,Fail,2025-02-01 00:00:00
QI-000582,PR-0001619,SKU-1210,P02,2025-02-21,199,8,Short Shot,E051,Fail,2025-02-02 04:00:00
QI-000583,PR-0001622,SKU-1070,P03,2025-02-21,182,9,Warping,E092,Fail,2025-02-02 15:00:00
QI-000584,PR-0001623,SKU-1070,P03,2025-02-21,182,4,Flash,E088,Fail,2025-02-01 07:00:00
QI-000585,PR-0001626,SKU-1007,P04,2025-02-21,219,6,Cracking,E140,Fail,2025-02-01 16:00:00
QI-000586,PR-0001628,SKU-1042,P04,2025-02-21,292,10,Burn Marks,E132,Fail,2025-02-01 04:00:00
QI-000587,PR-0001634,SKU-1217,P05,2025-02-21,262,6,Flash,E172,Fail,2025-02-02 00:00:00
QI-000588,PR-0001635,SKU-1042,P05,2025-02-21,275,11,Short Shot,E164,Fail,2025-01-31 15:00:00
QI-000589,PR-0001636,SKU-1217,P01,2025-02-22,242,7,Warping,E034,Fail,2025-01-31 15:00:00
QI-000590,PR-0001642,SKU-1280,P01,2025-02-22,178,4,Short Shot,E017,Fail,2025-02-01 17:00:00
QI-000591,PR-0001646,SKU-1245,P02,2025-02-22,280,9,Short Shot,E067,Fail,2025-02-01 10:00:00
QI-000592,PR-0001648,SKU-1014,P03,2025-02-22,308,14,Flash,E080,Fail,2025-01-31 19:00:00
QI-000593,PR-0001649,SKU-1182,P03,2025-02-22,196,9,Burn Marks,E074,Fail,2025-02-02 11:00:00
QI-000594,PR-0001650,SKU-1182,P03,2025-02-22,196,5,Flash,E079,Fail,2025-02-02 17:00:00
QI-000595,PR-0001655,SKU-1182,P04,2025-02-22,235,9,Flash,E137,Fail,2025-02-01 11:00:00
QI-000596,PR-0001656,SKU-1112,P04,2025-02-22,209,11,Cracking,E112,Fail,2025-01-31 04:00:00
QI-000597,PR-0001657,SKU-1112,P04,2025-02-22,209,7,Flash,E110,Fail,2025-02-01 13:00:00
QI-000598,PR-0001660,SKU-1098,P05,2025-02-22,150,5,Flash,E161,Fail,2025-01-31 07:00:00
QI-000599,PR-0001661,SKU-1175,P05,2025-02-22,187,6,Flash,E174,Fail,2025-01-31 15:00:00
QI-000600,PR-0001663,SKU-1028,P05,2025-02-22,138,3,Warping,E152,Fail,2025-01-31 05:00:00
QI-000601,PR-0001665,SKU-1217,P01,2025-02-23,159,4,Burn Marks,E030,Fail,2025-02-01 20:00:00
QI-000602,PR-0001666,SKU-1007,P01,2025-02-23,245,9,Cracking,E020,Fail,2025-02-02 16:00:00
QI-000603,PR-0001672,SKU-1266,P02,2025-02-23,121,3,Short Shot,E048,Fail,2025-01-31 07:00:00
QI-000604,PR-0001677,SKU-1217,P02,2025-02-23,267,11,Flash,E054,Fail,2025-02-02 16:00:00
QI-000605,PR-0001678,SKU-1189,P03,2025-02-23,234,7,Short Shot,E103,Fail,2025-02-01 01:00:00
QI-000606,PR-0001679,SKU-1189,P03,2025-02-23,234,5,Cracking,E080,Fail,2025-01-31 16:00:00
QI-000607,PR-0001686,SKU-1266,P04,2025-02-23,214,8,Flash,E131,Fail,2025-01-31 22:00:00
QI-000608,PR-0001687,SKU-1231,P04,2025-02-23,287,11,Flash,E140,Fail,2025-02-01 18:00:00
QI-000609,PR-0001689,SKU-1168,P05,2025-02-23,302,10,Warping,E153,Fail,2025-02-02 15:00:00
QI-000610,PR-0001690,SKU-1182,P05,2025-02-23,201,8,Warping,E152,Fail,2025-01-31 02:00:00
QI-000611,PR-0001691,SKU-1182,P05,2025-02-23,201,10,Short Shot,E164,Fail,2025-02-02 05:00:00
QI-000612,PR-0001693,SKU-1175,P05,2025-02-23,180,5,Flash,E148,Fail,2025-02-01 09:00:00
QI-000613,PR-0001694,SKU-1245,P05,2025-02-23,122,6,Short Shot,E153,Fail,2025-01-31 07:00:00
QI-000614,PR-0001695,SKU-1105,P01,2025-02-24,208,4,Warping,E021,Fail,2025-02-01 08:00:00
QI-000615,PR-0001696,SKU-1105,P01,2025-02-24,208,6,Flash,E026,Fail,2025-02-02 04:00:00
QI-000616,PR-0001698,SKU-1252,P01,2025-02-24,281,11,Short Shot,E009,Fail,2025-02-02 12:00:00
QI-000617,PR-0001700,SKU-1049,P01,2025-02-24,172,4,Flash,E029,Fail,2025-02-01 09:00:00
QI-000618,PR-0001702,SKU-1280,P02,2025-02-24,187,4,Short Shot,E058,Fail,2025-01-31 05:00:00
QI-000619,PR-0001708,SKU-1014,P03,2025-02-24,230,6,Flash,E103,Fail,2025-01-31 00:00:00
QI-000620,PR-0001709,SKU-1014,P03,2025-02-24,231,6,Cracking,E074,Fail,2025-02-02 01:00:00
QI-000621,PR-0001713,SKU-1210,P03,2025-02-24,199,5,Flash,E104,Fail,2025-02-01 21:00:00
QI-000622,PR-0001717,SKU-1224,P04,2025-02-24,269,12,Short Shot,E121,Fail,2025-02-01 05:00:00
QI-000623,PR-0001718,SKU-1084,P04,2025-02-24,165,6,Warping,E137,Fail,2025-02-02 07:00:00
QI-000624,PR-0001721,SKU-1203,P04,2025-02-24,279,9,Sink Marks,E120,Fail,2025-01-31 21:00:00
QI-000625,PR-0001724,SKU-1049,P04,2025-02-24,113,2,Flash,E115,Fail,2025-01-31 18:00:00
QI-000626,PR-0001729,SKU-1007,P05,2025-02-24,170,8,Short Shot,E172,Fail,2025-01-31 20:00:00
QI-000627,PR-0001731,SKU-1056,P01,2025-02-25,180,6,Sink Marks,E001,Fail,2025-02-02 22:00:00
QI-000628,PR-0001733,SKU-1084,P01,2025-02-25,221,8,Sink Marks,E029,Fail,2025-02-02 09:00:00
QI-000629,PR-0001740,SKU-1224,P02,2025-02-25,200,7,Burn Marks,E044,Fail,2025-01-31 18:00:00
QI-000630,PR-0001744,SKU-1063,P02,2025-02-25,153,9,Burn Marks,E051,Fail,2025-01-31 15:00:00
QI-000631,PR-0001751,SKU-1266,P03,2025-02-25,193,5,Sink Marks,E095,Fail,2025-01-31 22:00:00
QI-000632,PR-0001753,SKU-1203,P03,2025-02-25,242,7,Sink Marks,E098,Fail,2025-01-31 09:00:00
QI-000633,PR-0001756,SKU-1175,P03,2025-02-25,136,6,Short Shot,E080,Fail,2025-02-02 22:00:00
QI-000634,PR-0001757,SKU-1231,P04,2025-02-25,289,12,Warping,E120,Fail,2025-02-01 13:00:00
QI-000635,PR-0001763,SKU-1245,P04,2025-02-25,252,7,Flash,E131,Fail,2025-01-31 05:00:00
QI-000636,PR-0001764,SKU-1028,P04,2025-02-25,146,3,Warping,E110,Fail,2025-02-02 16:00:00
QI-000637,PR-0001774,SKU-1273,P01,2025-02-26,211,7,Sink Marks,E029,Fail,2025-02-01 05:00:00
QI-000638,PR-0001775,SKU-1273,P01,2025-02-26,211,7,Burn Marks,E030,Fail,2025-02-02 15:00:00
QI-000639,PR-0001776,SKU-1238,P01,2025-02-26,112,3,Sink Marks,E009,Fail,2025-01-31 07:00:00
QI-000640,PR-0001777,SKU-1238,P01,2025-02-26,113,3,Sink Marks,E020,Fail,2025-01-31 08:00:00
QI-000641,PR-0001781,SKU-1147,P02,2025-02-26,312,12,Warping,E056,Fail,2025-02-01 04:00:00
QI-000642,PR-0001782,SKU-1042,P02,2025-02-26,321,7,Warping,E044,Fail,2025-02-01 10:00:00
QI-000643,PR-0001789,SKU-1203,P03,2025-02-26,320,9,Warping,E096,Fail,2025-01-31 08:00:00
QI-000644,PR-0001791,SKU-1035,P03,2025-02-26,111,3,Warping,E103,Fail,2025-02-02 16:00:00
QI-000645,PR-0001794,SKU-1147,P03,2025-02-26,215,3,Short Shot,E086,Fail,2025-02-01 16:00:00
QI-000646,PR-0001795,SKU-1154,P03,2025-02-26,245,7,Flash,E077,Fail,2025-02-02 16:00:00
QI-000647,PR-0001801,SKU-1119,P05,2025-02-26,279,12,Flash,E159,Fail,2025-01-31 09:00:00
QI-000648,PR-0001802,SKU-1280,P05,2025-02-26,178,8,Flash,E172,Fail,2025-02-02 16:00:00
QI-000649,PR-0001809,SKU-1112,P02,2025-02-27,121,6,Warping,E048,Fail,2025-02-01 07:00:00
QI-000650,PR-0001811,SKU-1063,P02,2025-02-27,197,6,Burn Marks,E068,Fail,2025-01-31 10:00:00
QI-000651,PR-0001818,SKU-1161,P03,2025-02-27,298,6,Flash,E096,Fail,2025-01-31 20:00:00
QI-000652,PR-0001822,SKU-1210,P03,2025-02-27,260,9,Warping,E080,Fail,2025-02-01 10:00:00
QI-000653,PR-0001824,SKU-1084,P04,2025-02-27,113,5,Sink Marks,E112,Fail,2025-02-02 08:00:00
QI-000654,PR-0001825,SKU-1021,P04,2025-02-27,109,3,Flash,E119,Fail,2025-02-02 10:00:00
QI-000655,PR-0001827,SKU-1154,P04,2025-02-27,165,7,Flash,E122,Fail,2025-02-01 05:00:00
QI-000656,PR-0001829,SKU-1231,P04,2025-02-27,214,8,Warping,E112,Fail,2025-02-01 02:00:00
QI-000657,PR-0001832,SKU-1007,P05,2025-02-27,192,6,Short Shot,E174,Fail,2025-02-02 19:00:00
QI-000658,PR-0001833,SKU-1252,P05,2025-02-27,302,12,Flash,E152,Fail,2025-02-02 11:00:00
QI-000659,PR-0001839,SKU-1140,P01,2025-02-28,186,6,Cracking,E014,Fail,2025-01-31 13:00:00
QI-000660,PR-0001840,SKU-1182,P01,2025-02-28,316,10,Sink Marks,E016,Fail,2025-01-31 02:00:00
QI-000661,PR-0001844,SKU-1140,P02,2025-02-28,136,2,Short Shot,E068,Fail,2025-01-31 15:00:00
QI-000662,PR-0001846,SKU-1238,P02,2025-02-28,157,5,Short Shot,E044,Fail,2025-02-01 10:00:00
QI-000663,PR-0001847,SKU-1210,P03,2025-02-28,119,2,Burn Marks,E108,Fail,2025-02-02 17:00:00
QI-000664,PR-0001848,SKU-1210,P03,2025-02-28,120,6,Warping,E074,Fail,2025-02-02 00:00:00
QI-000665,PR-0001852,SKU-1245,P03,2025-02-28,294,13,Cracking,E077,Fail,2025-01-31 18:00:00
QI-000666,PR-0001856,SKU-1154,P04,2025-02-28,313,16,Flash,E142,Fail,2025-02-02 10:00:00
QI-000667,PR-0001859,SKU-1126,P04,2025-02-28,225,8,Flash,E136,Fail,2025-02-02 03:00:00
QI-000668,PR-0001865,SKU-1203,P05,2025-02-28,228,5,Cracking,E171,Fail,2025-02-01 16:00:00
QI-000669,PR-0001872,SKU-1203,P01,2025-03-01,132,6,Sink Marks,E029,Fail,2025-02-01 22:00:00
QI-000670,PR-0001873,SKU-1140,P01,2025-03-01,259,4,Warping,E015,Fail,2025-02-01 02:00:00
QI-000671,PR-0001878,SKU-1280,P02,2025-03-01,292,8,Short Shot,E062,Fail,2025-02-01 07:00:00
QI-000672,PR-0001885,SKU-1091,P04,2025-03-01,177,4,Burn Marks,E133,Fail,2025-02-02 20:00:00
QI-000673,PR-0001887,SKU-1273,P04,2025-03-01,277,12,Short Shot,E121,Fail,2025-02-01 15:00:00
QI-000674,PR-0001890,SKU-1231,P05,2025-03-01,120,2,Warping,E152,Fail,2025-02-02 20:00:00
QI-000675,PR-0001891,SKU-1126,P05,2025-03-01,144,6,Flash,E172,Fail,2025-01-31 08:00:00
QI-000676,PR-0001892,SKU-1126,P05,2025-03-01,145,3,Flash,E153,Fail,2025-01-31 14:00:00
QI-000677,PR-0001894,SKU-1021,P05,2025-03-01,221,12,Cracking,E153,Fail,2025-02-01 01:00:00
QI-000678,PR-0001895,SKU-1042,P01,2025-03-02,246,7,Short Shot,E006,Fail,2025-02-02 04:00:00
QI-000679,PR-0001896,SKU-1042,P01,2025-03-02,247,7,Burn Marks,E020,Fail,2025-02-01 03:00:00
QI-000680,PR-0001899,SKU-1168,P01,2025-03-02,163,3,Flash,E007,Fail,2025-01-31 04:00:00
QI-000681,PR-0001900,SKU-1168,P01,2025-03-02,164,3,Flash,E017,Fail,2025-01-31 19:00:00
QI-000682,PR-0001901,SKU-1084,P02,2025-03-02,114,5,Warping,E044,Fail,2025-02-02 03:00:00
QI-000683,PR-0001902,SKU-1238,P02,2025-03-02,203,6,Sink Marks,E048,Fail,2025-02-01 20:00:00
QI-000684,PR-0001905,SKU-1175,P02,2025-03-02,117,4,Burn Marks,E044,Fail,2025-01-31 02:00:00
QI-000685,PR-0001908,SKU-1126,P03,2025-03-02,105,4,Short Shot,E077,Fail,2025-01-31 17:00:00
QI-000686,PR-0001912,SKU-1259,P04,2025-03-02,137,6,Sink Marks,E131,Fail,2025-02-02 03:00:00
QI-000687,PR-0001917,SKU-1056,P04,2025-03-02,134,6,Short Shot,E130,Fail,2025-02-01 12:00:00
QI-000688,PR-0001918,SKU-1126,P04,2025-03-02,182,7,Sink Marks,E111,Fail,2025-02-02 06:00:00
QI-000689,PR-0001925,SKU-1056,P05,2025-03-02,243,12,Sink Marks,E152,Fail,2025-02-02 14:00:00
QI-000690,PR-0001930,SKU-1196,P01,2025-03-03,171,6,Short Shot,E034,Fail,2025-01-31 10:00:00
QI-000691,PR-0001933,SKU-1273,P02,2025-03-03,275,8,Burn Marks,E053,Fail,2025-01-31 19:00:00
QI-000692,PR-0001935,SKU-1266,P02,2025-03-03,289,12,Warping,E048,Fail,2025-02-01 07:00:00
QI-000693,PR-0001939,SKU-1112,P03,2025-03-03,209,8,Sink Marks,E079,Fail,2025-02-01 06:00:00
QI-000694,PR-0001940,SKU-1070,P03,2025-03-03,219,6,Flash,E083,Fail,2025-02-01 09:00:00
QI-000695,PR-0001942,SKU-1210,P03,2025-03-03,280,10,Short Shot,E080,Fail,2025-02-02 05:00:00
QI-000696,PR-0001943,SKU-1196,P03,2025-03-03,151,7,Cracking,E098,Fail,2025-02-02 08:00:00
QI-000697,PR-0001944,SKU-1196,P03,2025-03-03,152,8,Burn Marks,E074,Fail,2025-01-31 19:00:00
QI-000698,PR-0001948,SKU-1203,P04,2025-03-03,258,8,Burn Marks,E136,Fail,2025-02-02 01:00:00
QI-000699,PR-0001949,SKU-1203,P04,2025-03-03,258,6,Short Shot,E133,Fail,2025-02-02 00:00:00
QI-000700,PR-0001950,SKU-1224,P04,2025-03-03,303,14,Flash,E110,Fail,2025-02-02 07:00:00
QI-000701,PR-0001951,SKU-1070,P04,2025-03-03,190,8,Short Shot,E143,Fail,2025-02-01 11:00:00
QI-000702,PR-0001953,SKU-1070,P04,2025-03-03,315,14,Burn Marks,E132,Fail,2025-02-02 12:00:00
QI-000703,PR-0001960,SKU-1259,P05,2025-03-03,161,8,Short Shot,E171,Fail,2025-02-01 01:00:00
QI-000704,PR-0001962,SKU-1140,P05,2025-03-03,236,10,Burn Marks,E164,Fail,2025-02-01 09:00:00
QI-000705,PR-0001967,SKU-1091,P01,2025-03-04,258,7,Sink Marks,E020,Fail,2025-01-31 16:00:00
QI-000706,PR-0001974,SKU-1133,P03,2025-03-04,297,9,Sink Marks,E095,Fail,2025-02-01 17:00:00
QI-000707,PR-0001975,SKU-1133,P03,2025-03-04,297,11,Short Shot,E108,Fail,2025-02-01 18:00:00
QI-000708,PR-0001976,SKU-1266,P03,2025-03-04,240,12,Flash,E077,Fail,2025-01-31 00:00:00
QI-000709,PR-0001977,SKU-1238,P04,2025-03-04,312,12,Cracking,E117,Fail,2025-02-01 20:00:00
QI-000710,PR-0001978,SKU-1238,P04,2025-03-04,313,10,Short Shot,E115,Fail,2025-01-31 06:00:00
QI-000711,PR-0001980,SKU-1203,P04,2025-03-04,299,15,Flash,E121,Fail,2025-01-31 22:00:00
QI-000712,PR-0001981,SKU-1154,P04,2025-03-04,198,7,Flash,E142,Fail,2025-01-31 11:00:00
QI-000713,PR-0001984,SKU-1028,P05,2025-03-04,148,4,Cracking,E155,Fail,2025-02-02 20:00:00
QI-000714,PR-0001987,SKU-1021,P05,2025-03-04,291,14,Flash,E171,Fail,2025-02-02 04:00:00
QI-000715,PR-0001990,SKU-1098,P01,2025-03-05,175,6,Sink Marks,E029,Fail,2025-02-01 12:00:00
QI-000716,PR-0001998,SKU-1175,P02,2025-03-05,144,5,Cracking,E056,Fail,2025-02-02 07:00:00
QI-000717,PR-0002002,SKU-1273,P03,2025-03-05,170,6,Cracking,E104,Fail,2025-01-31 00:00:00
QI-000718,PR-0002009,SKU-1266,P04,2025-03-05,274,11,Flash,E137,Fail,2025-02-02 17:00:00
QI-000719,PR-0002010,SKU-1259,P05,2025-03-05,254,9,Flash,E171,Fail,2025-01-31 20:00:00
QI-000720,PR-0002015,SKU-1280,P01,2025-03-06,107,1,Warping,E013,Fail,2025-02-02 14:00:00
QI-000721,PR-0002017,SKU-1168,P01,2025-03-06,219,8,Sink Marks,E013,Fail,2025-01-31 10:00:00
QI-000722,PR-0002026,SKU-1266,P02,2025-03-06,217,9,Burn Marks,E062,Fail,2025-02-02 16:00:00
QI-000723,PR-0002027,SKU-1231,P02,2025-03-06,207,7,Sink Marks,E056,Fail,2025-02-01 03:00:00
QI-000724,PR-0002029,SKU-1168,P03,2025-03-06,184,2,Short Shot,E074,Fail,2025-02-02 01:00:00
QI-000725,PR-0002034,SKU-1161,P03,2025-03-06,283,7,Burn Marks,E074,Fail,2025-02-02 14:00:00
QI-000726,PR-0002035,SKU-1273,P04,2025-03-06,320,10,Cracking,E112,Fail,2025-02-01 05:00:00
QI-000727,PR-0002041,SKU-1189,P05,2025-03-06,203,7,Warping,E153,Fail,2025-01-31 12:00:00
QI-000728,PR-0002044,SKU-1210,P05,2025-03-06,178,5,Flash,E148,Fail,2025-01-31 17:00:00
QI-000729,PR-0002047,SKU-1147,P05,2025-03-06,228,4,Flash,E148,Fail,2025-02-02 01:00:00
QI-000730,PR-0002049,SKU-1105,P01,2025-03-07,174,5,Warping,E034,Fail,2025-02-02 00:00:00
QI-000731,PR-0002050,SKU-1007,P01,2025-03-07,266,8,Short Shot,E017,Fail,2025-02-02 04:00:00
QI-000732,PR-0002051,SKU-1007,P01,2025-03-07,266,8,Warping,E029,Fail,2025-02-01 00:00:00
QI-000733,PR-0002054,SKU-1224,P02,2025-03-07,104,3,Warping,E058,Fail,2025-02-01 04:00:00
QI-000734,PR-0002056,SKU-1014,P02,2025-03-07,245,4,Sink Marks,E067,Fail,2025-02-02 11:00:00
QI-000735,PR-0002057,SKU-1154,P02,2025-03-07,234,11,Flash,E044,Fail,2025-02-01 11:00:00
QI-000736,PR-0002058,SKU-1126,P02,2025-03-07,280,7,Short Shot,E063,Fail,2025-01-31 12:00:00
QI-000737,PR-0002059,SKU-1147,P02,2025-03-07,318,6,Sink Marks,E053,Fail,2025-01-31 17:00:00
QI-000738,PR-0002062,SKU-1189,P03,2025-03-07,213,4,Burn Marks,E078,Fail,2025-02-02 09:00:00
QI-000739,PR-0002066,SKU-1112,P03,2025-03-07,202,6,Short Shot,E079,Fail,2025-02-02 11:00:00
QI-000740,PR-0002068,SKU-1056,P04,2025-03-07,202,9,Short Shot,E134,Fail,2025-01-31 04:00:00
QI-000741,PR-0002070,SKU-1154,P04,2025-03-07,164,8,Sink Marks,E121,Fail,2025-02-01 08:00:00
QI-000742,PR-0002078,SKU-1084,P05,2025-03-07,168,7,Cracking,E153,Fail,2025-02-02 05:00:00
QI-000743,PR-0002080,SKU-1280,P01,2025-03-08,249,3,Warping,E020,Fail,2025-02-02 07:00:00
QI-000744,PR-0002083,SKU-1147,P01,2025-03-08,112,1,Flash,E016,Fail,2025-02-02 22:00:00
QI-000745,PR-0002085,SKU-1126,P01,2025-03-08,105,2,Flash,E016,Fail,2025-02-01 01:00:00
QI-000746,PR-0002088,SKU-1217,P01,2025-03-08,266,11,Flash,E015,Fail,2025-02-02 12:00:00
QI-000747,PR-0002093,SKU-1161,P02,2025-03-08,116,5,Flash,E053,Fail,2025-02-01 17:00:00
QI-000748,PR-0002094,SKU-1175,P03,2025-03-08,181,3,Short Shot,E095,Fail,2025-02-01 09:00:00
QI-000749,PR-0002100,SKU-1217,P04,2025-03-08,296,12,Sink Marks,E132,Fail,2025-02-02 09:00:00
QI-000750,PR-0002102,SKU-1217,P04,2025-03-08,102,5,Short Shot,E130,Fail,2025-02-02 14:00:00
QI-000751,PR-0002104,SKU-1021,P04,2025-03-08,219,11,Flash,E143,Fail,2025-01-31 07:00:00
QI-000752,PR-0002106,SKU-1252,P04,2025-03-08,157,8,Sink Marks,E115,Fail,2025-01-31 04:00:00
QI-000753,PR-0002107,SKU-1196,P04,2025-03-08,216,9,Short Shot,E119,Fail,2025-02-01 16:00:00
QI-000754,PR-0002113,SKU-1070,P05,2025-03-08,322,13,Warping,E162,Fail,2025-01-31 08:00:00
QI-000755,PR-0002118,SKU-1189,P01,2025-03-09,130,6,Cracking,E034,Fail,2025-02-02 11:00:00
QI-000756,PR-0002126,SKU-1238,P03,2025-03-09,161,5,Sink Marks,E084,Fail,2025-02-01 02:00:00
QI-000757,PR-0002128,SKU-1063,P03,2025-03-09,281,8,Short Shot,E074,Fail,2025-01-31 17:00:00
QI-000758,PR-0002129,SKU-1168,P03,2025-03-09,278,11,Warping,E080,Fail,2025-01-31 02:00:00
QI-000759,PR-0002130,SKU-1168,P03,2025-03-09,278,8,Burn Marks,E080,Fail,2025-02-02 03:00:00
QI-000760,PR-0002133,SKU-1161,P03,2025-03-09,200,5,Flash,E108,Fail,2025-02-02 11:00:00
QI-000761,PR-0002140,SKU-1210,P05,2025-03-09,216,7,Flash,E171,Fail,2025-02-01 21:00:00
QI-000762,PR-0002141,SKU-1210,P05,2025-03-09,217,5,Burn Marks,E148,Fail,2025-02-02 11:00:00
QI-000763,PR-0002142,SKU-1210,P05,2025-03-09,243,9,Short Shot,E153,Fail,2025-02-01 22:00:00
QI-000764,PR-0002149,SKU-1105,P01,2025-03-10,141,7,Short Shot,E029,Fail,2025-02-01 19:00:00
QI-000765,PR-0002153,SKU-1266,P02,2025-03-10,121,5,Short Shot,E062,Fail,2025-01-31 05:00:00
QI-000766,PR-0002154,SKU-1154,P02,2025-03-10,308,6,Flash,E048,Fail,2025-02-02 15:00:00
QI-000767,PR-0002156,SKU-1210,P03,2025-03-10,233,7,Sink Marks,E096,Fail,2025-01-31 00:00:00
QI-000768,PR-0002157,SKU-1210,P03,2025-03-10,234,11,Sink Marks,E080,Fail,2025-02-02 11:00:00
QI-000769,PR-0002161,SKU-1175,P04,2025-03-10,254,8,Sink Marks,E115,Fail,2025-01-31 02:00:00
QI-000770,PR-0002162,SKU-1175,P04,2025-03-10,255,16,Sink Marks,E130,Fail,2025-01-31 22:00:00
QI-000771,PR-0002163,SKU-1056,P04,2025-03-10,317,11,Flash,E131,Fail,2025-02-02 08:00:00
QI-000772,PR-0002165,SKU-1203,P04,2025-03-10,280,10,Short Shot,E122,Fail,2025-02-01 12:00:00
QI-000773,PR-0002166,SKU-1203,P04,2025-03-10,280,9,Sink Marks,E142,Fail,2025-01-31 09:00:00
QI-000774,PR-0002175,SKU-1203,P05,2025-03-10,177,4,Short Shot,E153,Fail,2025-01-31 17:00:00
QI-000775,PR-0002176,SKU-1203,P05,2025-03-10,177,7,Short Shot,E172,Fail,2025-01-31 06:00:00
QI-000776,PR-0002180,SKU-1084,P01,2025-03-11,269,10,Sink Marks,E001,Fail,2025-01-31 15:00:00
QI-000777,PR-0002184,SKU-1168,P01,2025-03-11,128,3,Warping,E021,Fail,2025-02-02 13:00:00
QI-000778,PR-0002187,SKU-1273,P01,2025-03-11,177,5,Sink Marks,E020,Fail,2025-02-01 14:00:00
QI-000779,PR-0002189,SKU-1035,P02,2025-03-11,224,6,Short Shot,E048,Fail,2025-01-31 09:00:00
QI-000780,PR-0002190,SKU-1196,P02,2025-03-11,176,4,Flash,E055,Fail,2025-02-01 22:00:00
QI-000781,PR-0002192,SKU-1063,P02,2025-03-11,231,7,Short Shot,E063,Fail,2025-02-01 14:00:00
QI-000782,PR-0002195,SKU-1238,P03,2025-03-11,252,13,Flash,E077,Fail,2025-01-31 20:00:00
QI-000783,PR-0002198,SKU-1021,P03,2025-03-11,220,6,Cracking,E084,Fail,2025-01-31 06:00:00
QI-000784,PR-0002200,SKU-1119,P03,2025-03-11,202,7,Short Shot,E080,Fail,2025-02-02 04:00:00
QI-000785,PR-0002202,SKU-1014,P04,2025-03-11,188,6,Sink Marks,E132,Fail,2025-02-02 22:00:00
QI-000786,PR-0002208,SKU-1084,P04,2025-03-11,147,7,Flash,E112,Fail,2025-01-31 12:00:00
QI-000787,PR-0002210,SKU-1035,P05,2025-03-11,125,2,Warping,E171,Fail,2025-02-01 04:00:00
QI-000788,PR-0002211,SKU-1035,P05,2025-03-11,125,4,Burn Marks,E161,Fail,2025-02-01 19:00:00
QI-000789,PR-0002215,SKU-1196,P01,2025-03-12,277,11,Flash,E034,Fail,2025-01-31 01:00:00
QI-000790,PR-0002216,SKU-1196,P01,2025-03-12,277,13,Short Shot,E026,Fail,2025-02-01 00:00:00
QI-000791,PR-0002218,SKU-1224,P01,2025-03-12,110,4,Flash,E010,Fail,2025-02-01 18:00:00
QI-000792,PR-0002219,SKU-1224,P01,2025-03-12,111,2,Warping,E015,Fail,2025-02-02 04:00:00
QI-000793,PR-0002225,SKU-1028,P02,2025-03-12,160,3,Sink Marks,E058,Fail,2025-02-02 04:00:00
QI-000794,PR-0002228,SKU-1133,P02,2025-03-12,285,14,Flash,E056,Fail,2025-01-31 17:00:00
QI-000795,PR-0002232,SKU-1098,P03,2025-03-12,272,10,Sink Marks,E074,Fail,2025-01-31 02:00:00
QI-000796,PR-0002233,SKU-1273,P03,2025-03-12,149,6,Short Shot,E078,Fail,2025-02-02 00:00:00
QI-000797,PR-0002235,SKU-1252,P03,2025-03-12,133,6,Short Shot,E103,Fail,2025-02-01 14:00:00
QI-000798,PR-0002236,SKU-1252,P03,2025-03-12,133,4,Flash,E076,Fail,2025-02-01 16:00:00
QI-000799,PR-0002237,SKU-1175,P03,2025-03-12,286,7,Flash,E083,Fail,2025-02-01 05:00:00
QI-000800,PR-0002241,SKU-1147,P04,2025-03-12,279,15,Warping,E122,Fail,2025-02-01 17:00:00
QI-000801,PR-0002242,SKU-1168,P04,2025-03-12,202,6,Short Shot,E141,Fail,2025-02-02 21:00:00
QI-000802,PR-0002245,SKU-1168,P05,2025-03-12,197,7,Burn Marks,E152,Fail,2025-01-31 19:00:00
QI-000803,PR-0002248,SKU-1077,P05,2025-03-12,126,5,Flash,E159,Fail,2025-02-01 11:00:00
QI-000804,PR-0002249,SKU-1133,P05,2025-03-12,288,16,Cracking,E153,Fail,2025-02-02 22:00:00
QI-000805,PR-0002250,SKU-1217,P05,2025-03-12,270,14,Flash,E162,Fail,2025-02-01 01:00:00
QI-000806,PR-0002254,SKU-1238,P01,2025-03-13,139,4,Cracking,E021,Fail,2025-02-01 09:00:00
QI-000807,PR-0002259,SKU-1147,P02,2025-03-13,180,4,Flash,E055,Fail,2025-02-01 01:00:00
QI-000808,PR-0002261,SKU-1273,P02,2025-03-13,298,17,Short Shot,E056,Fail,2025-02-01 17:00:00
QI-000809,PR-0002263,SKU-1126,P03,2025-03-13,181,7,Flash,E080,Fail,2025-02-02 04:00:00
QI-000810,PR-0002267,SKU-1063,P03,2025-03-13,282,7,Flash,E080,Fail,2025-01-31 22:00:00
QI-000811,PR-0002268,SKU-1175,P03,2025-03-13,217,8,Short Shot,E077,Fail,2025-01-31 18:00:00
QI-000812,PR-0002269,SKU-1217,P04,2025-03-13,157,7,Flash,E120,Fail,2025-01-31 15:00:00
QI-000813,PR-0002270,SKU-1238,P04,2025-03-13,185,6,Flash,E115,Fail,2025-02-01 22:00:00
QI-000814,PR-0002271,SKU-1238,P04,2025-03-13,185,10,Flash,E143,Fail,2025-01-31 12:00:00
QI-000815,PR-0002282,SKU-1084,P01,2025-03-14,246,7,Flash,E026,Fail,2025-02-01 13:00:00
QI-000816,PR-0002285,SKU-1245,P01,2025-03-14,196,4,Short Shot,E020,Fail,2025-02-01 04:00:00
QI-000817,PR-0002286,SKU-1147,P01,2025-03-14,260,8,Short Shot,E010,Fail,2025-01-31 17:00:00
QI-000818,PR-0002287,SKU-1147,P01,2025-03-14,260,8,Sink Marks,E006,Fail,2025-01-31 17:00:00
QI-000819,PR-0002288,SKU-1140,P01,2025-03-14,284,7,Burn Marks,E001,Fail,2025-01-31 05:00:00
QI-000820,PR-0002295,SKU-1098,P02,2025-03-14,182,4,Flash,E058,Fail,2025-02-02 02:00:00
QI-000821,PR-0002297,SKU-1252,P03,2025-03-14,129,2,Cracking,E086,Fail,2025-02-01 14:00:00
QI-000822,PR-0002298,SKU-1133,P03,2025-03-14,224,8,Short Shot,E092,Fail,2025-02-01 12:00:00
QI-000823,PR-0002300,SKU-1028,P03,2025-03-14,315,12,Flash,E080,Fail,2025-01-31 07:00:00
QI-000824,PR-0002301,SKU-1119,P04,2025-03-14,313,14,Flash,E141,Fail,2025-01-31 17:00:00
QI-000825,PR-0002303,SKU-1196,P04,2025-03-14,139,6,Flash,E112,Fail,2025-01-31 16:00:00
QI-000826,PR-0002306,SKU-1210,P05,2025-03-14,102,2,Short Shot,E162,Fail,2025-02-01 02:00:00
QI-000827,PR-0002309,SKU-1175,P05,2025-03-14,305,13,Burn Marks,E153,Fail,2025-01-31 03:00:00
QI-000828,PR-0002312,SKU-1133,P01,2025-03-15,222,8,Flash,E007,Fail,2025-02-01 11:00:00
QI-000829,PR-0002315,SKU-1126,P01,2025-03-15,235,4,Warping,E020,Fail,2025-01-31 11:00:00
QI-000830,PR-0002316,SKU-1182,P01,2025-03-15,215,3,Burn Marks,E001,Fail,2025-01-31 14:00:00
QI-000831,PR-0002317,SKU-1224,P01,2025-03-15,248,7,Warping,E033,Fail,2025-01-31 10:00:00
QI-000832,PR-0002319,SKU-1049,P01,2025-03-15,200,5,Sink Marks,E016,Fail,2025-02-02 21:00:00
QI-000833,PR-0002326,SKU-1266,P02,2025-03-15,265,7,Flash,E048,Fail,2025-02-01 22:00:00
QI-000834,PR-0002330,SKU-1203,P03,2025-03-15,281,9,Warping,E103,Fail,2025-02-02 20:00:00
QI-000835,PR-0002332,SKU-1021,P03,2025-03-15,273,8,Burn Marks,E074,Fail,2025-01-31 17:00:00
QI-000836,PR-0002335,SKU-1014,P04,2025-03-15,135,5,Warping,E119,Fail,2025-02-02 22:00:00
QI-000837,PR-0002336,SKU-1105,P05,2025-03-15,151,6,Sink Marks,E148,Fail,2025-02-02 21:00:00
QI-000838,PR-0002339,SKU-1203,P05,2025-03-15,194,4,Flash,E152,Fail,2025-02-02 07:00:00
QI-000839,PR-0002340,SKU-1210,P05,2025-03-15,155,9,Flash,E148,Fail,2025-02-01 07:00:00
QI-000840,PR-0002342,SKU-1238,P01,2025-03-16,309,8,Flash,E020,Fail,2025-02-02 22:00:00
QI-000841,PR-0002343,SKU-1133,P01,2025-03-16,252,8,Cracking,E033,Fail,2025-02-02 09:00:00
QI-000842,PR-0002344,SKU-1133,P01,2025-03-16,253,8,Warping,E029,Fail,2025-02-01 15:00:00
QI-000843,PR-0002345,SKU-1028,P01,2025-03-16,300,6,Warping,E001,Fail,2025-02-01 14:00:00
QI-000844,PR-0002348,SKU-1105,P01,2025-03-16,117,5,Burn Marks,E009,Fail,2025-01-31 16:00:00
QI-000845,PR-0002354,SKU-1231,P02,2025-03-16,218,10,Warping,E067,Fail,2025-02-01 15:00:00
QI-000846,PR-0002359,SKU-1063,P03,2025-03-16,300,9,Flash,E103,Fail,2025-01-31 12:00:00
QI-000847,PR-0002362,SKU-1063,P04,2025-03-16,137,4,Sink Marks,E134,Fail,2025-01-31 00:00:00
QI-000848,PR-0002363,SKU-1063,P04,2025-03-16,138,4,Warping,E111,Fail,2025-01-31 16:00:00
QI-000849,PR-0002364,SKU-1182,P04,2025-03-16,277,13,Warping,E130,Fail,2025-02-02 12:00:00
QI-000850,PR-0002368,SKU-1133,P04,2025-03-16,303,13,Burn Marks,E112,Fail,2025-02-02 17:00:00
QI-000851,PR-0002373,SKU-1140,P05,2025-03-16,232,8,Warping,E148,Fail,2025-02-01 19:00:00
QI-000852,PR-0002381,SKU-1070,P01,2025-03-17,187,6,Short Shot,E010,Fail,2025-02-01 22:00:00
QI-000853,PR-0002387,SKU-1105,P02,2025-03-17,228,8,Cracking,E054,Fail,2025-02-02 08:00:00
QI-000854,PR-0002393,SKU-1028,P03,2025-03-17,125,4,Flash,E077,Fail,2025-02-01 03:00:00
QI-000855,PR-0002399,SKU-1049,P04,2025-03-17,173,5,Short Shot,E120,Fail,2025-01-31 12:00:00
QI-000856,PR-0002400,SKU-1049,P04,2025-03-17,173,7,Flash,E137,Fail,2025-01-31 06:00:00
QI-000857,PR-0002401,SKU-1126,P04,2025-03-17,232,9,Short Shot,E120,Fail,2025-02-01 12:00:00
QI-000858,PR-0002408,SKU-1084,P05,2025-03-17,246,10,Burn Marks,E172,Fail,2025-02-02 00:00:00
QI-000859,PR-0002410,SKU-1217,P05,2025-03-17,146,4,Burn Marks,E171,Fail,2025-02-01 01:00:00
QI-000860,PR-0002411,SKU-1070,P01,2025-03-18,263,7,Flash,E026,Fail,2025-02-01 09:00:00
QI-000861,PR-0002412,SKU-1112,P01,2025-03-18,226,4,Sink Marks,E001,Fail,2025-02-01 15:00:00
QI-000862,PR-0002414,SKU-1070,P01,2025-03-18,142,6,Burn Marks,E030,Fail,2025-01-31 10:00:00
QI-000863,PR-0002418,SKU-1084,P01,2025-03-18,192,9,Flash,E029,Fail,2025-01-31 09:00:00
QI-000864,PR-0002423,SKU-1224,P02,2025-03-18,225,8,Flash,E067,Fail,2025-02-01 06:00:00
QI-000865,PR-0002424,SKU-1042,P03,2025-03-18,313,11,Cracking,E080,Fail,2025-02-02 09:00:00
QI-000866,PR-0002425,SKU-1042,P03,2025-03-18,314,8,Cracking,E080,Fail,2025-02-01 16:00:00
QI-000867,PR-0002427,SKU-1161,P03,2025-03-18,121,4,Flash,E084,Fail,2025-02-01 19:00:00
QI-000868,PR-0002432,SKU-1147,P04,2025-03-18,187,11,Flash,E143,Fail,2025-01-31 07:00:00
QI-000869,PR-0002433,SKU-1147,P04,2025-03-18,187,5,Sink Marks,E125,Fail,2025-02-02 07:00:00
QI-000870,PR-0002434,SKU-1196,P04,2025-03-18,198,11,Sink Marks,E112,Fail,2025-02-02 01:00:00
QI-000871,PR-0002438,SKU-1014,P05,2025-03-18,191,4,Flash,E152,Fail,2025-02-02 11:00:00
QI-000872,PR-0002441,SKU-1280,P05,2025-03-18,225,7,Warping,E171,Fail,2025-02-01 21:00:00
QI-000873,PR-0002448,SKU-1231,P05,2025-03-18,130,4,Sink Marks,E148,Fail,2025-02-01 01:00:00
QI-000874,PR-0002449,SKU-1077,P01,2025-03-19,122,4,Flash,E010,Fail,2025-01-31 04:00:00
QI-000875,PR-0002451,SKU-1063,P01,2025-03-19,241,6,Short Shot,E021,Fail,2025-02-01 17:00:00
QI-000876,PR-0002452,SKU-1063,P01,2025-03-19,242,8,Short Shot,E029,Fail,2025-02-01 12:00:00
QI-000877,PR-0002453,SKU-1042,P02,2025-03-19,260,10,Flash,E054,Fail,2025-02-02 09:00:00
QI-000878,PR-0002460,SKU-1147,P03,2025-03-19,272,8,Burn Marks,E086,Fail,2025-02-01 04:00:00
QI-000879,PR-0002461,SKU-1154,P03,2025-03-19,221,12,Flash,E079,Fail,2025-02-02 18:00:00
QI-000880,PR-0002462,SKU-1217,P03,2025-03-19,196,6,Flash,E080,Fail,2025-02-01 00:00:00
QI-000881,PR-0002463,SKU-1154,P04,2025-03-19,106,5,Short Shot,E143,Fail,2025-02-01 16:00:00
QI-000882,PR-0002464,SKU-1154,P04,2025-03-19,107,6,Burn Marks,E112,Fail,2025-02-02 18:00:00
QI-000883,PR-0002465,SKU-1098,P04,2025-03-19,274,15,Flash,E122,Fail,2025-01-31 00:00:00
QI-000884,PR-0002469,SKU-1049,P05,2025-03-19,114,3,Flash,E155,Fail,2025-01-31 18:00:00
QI-000885,PR-0002473,SKU-1049,P05,2025-03-19,149,3,Flash,E148,Fail,2025-01-31 14:00:00
QI-000886,PR-0002474,SKU-1049,P05,2025-03-19,150,5,Short Shot,E171,Fail,2025-02-01 16:00:00
QI-000887,PR-0002477,SKU-1217,P01,2025-03-20,208,8,Flash,E034,Fail,2025-02-01 03:00:00
QI-000888,PR-0002478,SKU-1280,P01,2025-03-20,196,6,Short Shot,E017,Fail,2025-01-31 05:00:00
QI-000889,PR-0002479,SKU-1126,P01,2025-03-20,207,3,Short Shot,E026,Fail,2025-02-01 01:00:00
QI-000890,PR-0002483,SKU-1133,P01,2025-03-20,260,5,Short Shot,E009,Fail,2025-01-31 12:00:00
QI-000891,PR-0002485,SKU-1028,P02,2025-03-20,305,6,Sink Marks,E068,Fail,2025-01-31 02:00:00
QI-000892,PR-0002486,SKU-1203,P02,2025-03-20,125,2,Flash,E040,Fail,2025-02-01 14:00:00
QI-000893,PR-0002487,SKU-1203,P02,2025-03-20,125,5,Warping,E062,Fail,2025-01-31 12:00:00
QI-000894,PR-0002489,SKU-1147,P02,2025-03-20,297,7,Burn Marks,E051,Fail,2025-01-31 16:00:00
QI-000895,PR-0002499,SKU-1035,P03,2025-03-20,208,8,Sink Marks,E092,Fail,2025-02-01 07:00:00
QI-000896,PR-0002500,SKU-1231,P04,2025-03-20,182,6,Short Shot,E122,Fail,2025-02-01 01:00:00
QI-000897,PR-0002504,SKU-1056,P04,2025-03-20,183,4,Flash,E122,Fail,2025-02-02 01:00:00
QI-000898,PR-0002512,SKU-1182,P05,2025-03-20,292,9,Cracking,E159,Fail,2025-02-01 13:00:00
QI-000899,PR-0002513,SKU-1182,P05,2025-03-20,293,6,Short Shot,E162,Fail,2025-02-01 14:00:00
QI-000900,PR-0002515,SKU-1210,P01,2025-03-21,280,8,Warping,E021,Fail,2025-02-01 18:00:00
QI-000901,PR-0002516,SKU-1133,P01,2025-03-21,254,5,Warping,E009,Fail,2025-02-02 20:00:00
QI-000902,PR-0002522,SKU-1056,P02,2025-03-21,297,7,Sink Marks,E048,Fail,2025-01-31 17:00:00
QI-000903,PR-0002523,SKU-1056,P02,2025-03-21,298,12,Cracking,E051,Fail,2025-02-01 03:00:00
QI-000904,PR-0002533,SKU-1028,P03,2025-03-21,221,7,Flash,E103,Fail,2025-02-02 21:00:00
QI-000905,PR-0002536,SKU-1266,P04,2025-03-21,109,5,Short Shot,E130,Fail,2025-01-31 07:00:00
QI-000906,PR-0002537,SKU-1105,P04,2025-03-21,310,9,Flash,E141,Fail,2025-02-01 22:00:00
QI-000907,PR-0002541,SKU-1189,P04,2025-03-21,177,7,Warping,E140,Fail,2025-02-01 03:00:00
QI-000908,PR-0002543,SKU-1168,P05,2025-03-21,117,5,Warping,E153,Fail,2025-02-02 08:00:00
QI-000909,PR-0002546,SKU-1189,P05,2025-03-21,157,7,Burn Marks,E175,Fail,2025-01-31 16:00:00
QI-000910,PR-0002547,SKU-1168,P01,2025-03-22,241,7,Flash,E020,Fail,2025-02-01 22:00:00
QI-000911,PR-0002549,SKU-1133,P01,2025-03-22,119,4,Warping,E026,Fail,2025-02-01 08:00:00
QI-000912,PR-0002553,SKU-1007,P01,2025-03-22,132,4,Burn Marks,E029,Fail,2025-01-31 10:00:00
QI-000913,PR-0002556,SKU-1021,P02,2025-03-22,165,2,Sink Marks,E043,Fail,2025-01-31 02:00:00
QI-000914,PR-0002562,SKU-1091,P03,2025-03-22,111,5,Warping,E084,Fail,2025-02-02 18:00:00
QI-000915,PR-0002563,SKU-1084,P03,2025-03-22,317,12,Burn Marks,E103,Fail,2025-02-02 17:00:00
QI-000916,PR-0002566,SKU-1042,P04,2025-03-22,203,6,Burn Marks,E139,Fail,2025-01-31 01:00:00
QI-000917,PR-0002567,SKU-1042,P04,2025-03-22,203,7,Warping,E142,Fail,2025-02-01 13:00:00
QI-000918,PR-0002568,SKU-1056,P04,2025-03-22,292,15,Warping,E136,Fail,2025-02-02 03:00:00
QI-000919,PR-0002571,SKU-1035,P04,2025-03-22,178,6,Burn Marks,E111,Fail,2025-02-02 21:00:00
QI-000920,PR-0002573,SKU-1007,P05,2025-03-22,258,10,Flash,E155,Fail,2025-02-02 11:00:00
QI-000921,PR-0002577,SKU-1154,P05,2025-03-22,103,3,Flash,E163,Fail,2025-02-02 17:00:00
QI-000922,PR-0002579,SKU-1098,P01,2025-03-23,134,4,Sink Marks,E007,Fail,2025-02-01 16:00:00
QI-000923,PR-0002581,SKU-1259,P01,2025-03-23,214,4,Short Shot,E013,Fail,2025-02-02 02:00:00
QI-000924,PR-0002582,SKU-1056,P02,2025-03-23,199,5,Short Shot,E043,Fail,2025-02-01 10:00:00
QI-000925,PR-0002590,SKU-1077,P03,2025-03-23,133,4,Short Shot,E103,Fail,2025-02-02 12:00:00
QI-000926,PR-0002593,SKU-1070,P04,2025-03-23,287,9,Burn Marks,E130,Fail,2025-02-01 22:00:00
QI-000927,PR-0002596,SKU-1091,P04,2025-03-23,186,3,Warping,E131,Fail,2025-02-01 02:00:00
QI-000928,PR-0002597,SKU-1203,P04,2025-03-23,207,10,Sink Marks,E130,Fail,2025-02-01 16:00:00
QI-000929,PR-0002598,SKU-1203,P04,2025-03-23,208,7,Warping,E137,Fail,2025-02-01 03:00:00
QI-000930,PR-0002599,SKU-1189,P05,2025-03-23,212,6,Warping,E172,Fail,2025-02-01 07:00:00
QI-000931,PR-0002602,SKU-1196,P01,2025-03-24,134,4,Sink Marks,E034,Fail,2025-01-31 03:00:00
QI-000932,PR-0002606,SKU-1147,P01,2025-03-24,212,5,Sink Marks,E029,Fail,2025-01-31 15:00:00
QI-000933,PR-0002607,SKU-1161,P01,2025-03-24,114,4,Sink Marks,E015,Fail,2025-02-01 05:00:00
QI-000934,PR-0002608,SKU-1161,P01,2025-03-24,115,3,Short Shot,E020,Fail,2025-02-02 20:00:00
QI-000935,PR-0002609,SKU-1091,P02,2025-03-24,167,7,Flash,E067,Fail,2025-02-02 20:00:00
QI-000936,PR-0002612,SKU-1049,P02,2025-03-24,263,13,Sink Marks,E054,Fail,2025-02-01 04:00:00
QI-000937,PR-0002613,SKU-1154,P02,2025-03-24,261,5,Burn Marks,E055,Fail,2025-02-02 02:00:00
QI-000938,PR-0002614,SKU-1028,P03,2025-03-24,239,7,Sink Marks,E098,Fail,2025-01-31 15:00:00
QI-000939,PR-0002620,SKU-1245,P03,2025-03-24,180,4,Flash,E074,Fail,2025-02-02 12:00:00
QI-000940,PR-0002621,SKU-1238,P03,2025-03-24,227,8,Sink Marks,E092,Fail,2025-02-01 03:00:00
QI-000941,PR-0002624,SKU-1140,P04,2025-03-24,258,10,Short Shot,E120,Fail,2025-01-31 02:00:00
QI-000942,PR-0002625,SKU-1140,P04,2025-03-24,259,14,Warping,E111,Fail,2025-02-01 16:00:00
QI-000943,PR-0002626,SKU-1028,P04,2025-03-24,198,9,Cracking,E133,Fail,2025-02-01 15:00:00
QI-000944,PR-0002629,SKU-1042,P04,2025-03-24,218,7,Cracking,E132,Fail,2025-01-31 05:00:00
QI-000945,PR-0002638,SKU-1147,P01,2025-03-25,110,4,Sink Marks,E026,Fail,2025-02-02 10:00:00
QI-000946,PR-0002641,SKU-1252,P01,2025-03-25,277,7,Short Shot,E021,Fail,2025-01-31 17:00:00
QI-000947,PR-0002644,SKU-1203,P01,2025-03-25,166,6,Flash,E007,Fail,2025-01-31 02:00:00
QI-000948,PR-0002645,SKU-1091,P02,2025-03-25,154,8,Short Shot,E055,Fail,2025-02-01 12:00:00
QI-000949,PR-0002646,SKU-1091,P02,2025-03-25,155,3,Flash,E043,Fail,2025-02-02 10:00:00
QI-000950,PR-0002647,SKU-1259,P02,2025-03-25,133,3,Flash,E063,Fail,2025-02-01 06:00:00
QI-000951,PR-0002648,SKU-1259,P02,2025-03-25,133,3,Flash,E058,Fail,2025-01-31 15:00:00
QI-000952,PR-0002654,SKU-1196,P03,2025-03-25,188,6,Flash,E074,Fail,2025-02-02 21:00:00
QI-000953,PR-0002655,SKU-1224,P03,2025-03-25,209,5,Sink Marks,E103,Fail,2025-02-02 06:00:00
QI-000954,PR-0002657,SKU-1098,P03,2025-03-25,142,5,Sink Marks,E076,Fail,2025-02-01 21:00:00
QI-000955,PR-0002659,SKU-1042,P04,2025-03-25,320,16,Cracking,E117,Fail,2025-02-02 15:00:00
QI-000956,PR-0002661,SKU-1161,P04,2025-03-25,258,8,Cracking,E133,Fail,2025-01-31 18:00:00
QI-000957,PR-0002663,SKU-1119,P04,2025-03-25,260,12,Flash,E119,Fail,2025-01-31 04:00:00
QI-000958,PR-0002665,SKU-1189,P04,2025-03-25,305,12,Warping,E119,Fail,2025-02-01 17:00:00
QI-000959,PR-0002667,SKU-1224,P05,2025-03-25,171,6,Short Shot,E174,Fail,2025-02-02 00:00:00
QI-000960,PR-0002668,SKU-1049,P05,2025-03-25,141,4,Short Shot,E153,Fail,2025-02-01 12:00:00
QI-000961,PR-0002669,SKU-1049,P05,2025-03-25,141,7,Sink Marks,E163,Fail,2025-02-02 09:00:00
QI-000962,PR-0002671,SKU-1063,P05,2025-03-25,312,10,Flash,E171,Fail,2025-01-31 15:00:00
QI-000963,PR-0002672,SKU-1245,P05,2025-03-25,194,8,Short Shot,E172,Fail,2025-01-31 04:00:00
QI-000964,PR-0002675,SKU-1217,P05,2025-03-25,144,5,Flash,E172,Fail,2025-02-01 19:00:00
QI-000965,PR-0002676,SKU-1133,P01,2025-03-26,186,5,Cracking,E034,Fail,2025-01-31 22:00:00
QI-000966,PR-0002677,SKU-1133,P01,2025-03-26,187,8,Flash,E029,Fail,2025-01-31 09:00:00
QI-000967,PR-0002679,SKU-1252,P01,2025-03-26,253,10,Sink Marks,E034,Fail,2025-01-31 12:00:00
QI-000968,PR-0002684,SKU-1014,P02,2025-03-26,176,7,Sink Marks,E056,Fail,2025-02-02 11:00:00
QI-000969,PR-0002688,SKU-1147,P03,2025-03-26,132,5,Sink Marks,E074,Fail,2025-01-31 12:00:00
QI-000970,PR-0002692,SKU-1210,P03,2025-03-26,324,12,Flash,E079,Fail,2025-02-02 17:00:00
QI-000971,PR-0002694,SKU-1021,P03,2025-03-26,206,6,Cracking,E103,Fail,2025-02-01 19:00:00
QI-000972,PR-0002697,SKU-1049,P04,2025-03-26,294,12,Warping,E115,Fail,2025-01-31 19:00:00
QI-000973,PR-0002698,SKU-1224,P04,2025-03-26,119,6,Warping,E120,Fail,2025-02-02 17:00:00
QI-000974,PR-0002700,SKU-1091,P04,2025-03-26,266,11,Flash,E110,Fail,2025-01-31 20:00:00
QI-000975,PR-0002704,SKU-1280,P05,2025-03-26,173,5,Cracking,E153,Fail,2025-02-01 15:00:00
QI-000976,PR-0002705,SKU-1280,P05,2025-03-26,173,7,Warping,E175,Fail,2025-02-01 09:00:00
QI-000977,PR-0002710,SKU-1182,P01,2025-03-27,252,6,Sink Marks,E017,Fail,2025-01-31 06:00:00
QI-000978,PR-0002711,SKU-1182,P01,2025-03-27,253,3,Short Shot,E017,Fail,2025-02-02 02:00:00
QI-000979,PR-0002714,SKU-1084,P02,2025-03-27,237,9,Flash,E048,Fail,2025-02-02 22:00:00
QI-000980,PR-0002715,SKU-1231,P02,2025-03-27,189,5,Flash,E044,Fail,2025-02-02 10:00:00
QI-000981,PR-0002718,SKU-1231,P02,2025-03-27,304,7,Flash,E040,Fail,2025-02-01 20:00:00
QI-000982,PR-0002719,SKU-1231,P02,2025-03-27,304,15,Sink Marks,E056,Fail,2025-02-01 02:00:00
QI-000983,PR-0002721,SKU-1210,P03,2025-03-27,147,6,Warping,E108,Fail,2025-02-01 07:00:00
QI-000984,PR-0002722,SKU-1210,P03,2025-03-27,147,3,Warping,E080,Fail,2025-01-31 04:00:00
QI-000985,PR-0002726,SKU-1126,P03,2025-03-27,176,3,Flash,E074,Fail,2025-02-01 19:00:00
QI-000986,PR-0002727,SKU-1189,P04,2025-03-27,158,8,Short Shot,E122,Fail,2025-02-01 13:00:00
QI-000987,PR-0002729,SKU-1007,P04,2025-03-27,109,5,Cracking,E112,Fail,2025-01-31 15:00:00
QI-000988,PR-0002733,SKU-1126,P04,2025-03-27,186,7,Warping,E112,Fail,2025-02-02 09:00:00
QI-000989,PR-0002739,SKU-1273,P05,2025-03-27,289,11,Short Shot,E148,Fail,2025-02-01 05:00:00
QI-000990,PR-0002740,SKU-1133,P05,2025-03-27,249,11,Flash,E172,Fail,2025-02-01 01:00:00
QI-000991,PR-0002741,SKU-1133,P05,2025-03-27,250,6,Short Shot,E152,Fail,2025-01-31 12:00:00
QI-000992,PR-0002744,SKU-1252,P01,2025-03-28,141,4,Short Shot,E001,Fail,2025-01-31 13:00:00
QI-000993,PR-0002745,SKU-1252,P01,2025-03-28,142,3,Burn Marks,E029,Fail,2025-02-02 03:00:00
QI-000994,PR-0002747,SKU-1231,P01,2025-03-28,321,9,Short Shot,E007,Fail,2025-02-01 01:00:00
QI-000995,PR-0002748,SKU-1070,P02,2025-03-28,216,5,Sink Marks,E067,Fail,2025-02-01 12:00:00
QI-000996,PR-0002750,SKU-1245,P02,2025-03-28,156,7,Warping,E062,Fail,2025-01-31 09:00:00
QI-000997,PR-0002754,SKU-1042,P03,2025-03-28,166,6,Burn Marks,E074,Fail,2025-01-31 00:00:00
QI-000998,PR-0002755,SKU-1042,P03,2025-03-28,166,5,Short Shot,E076,Fail,2025-01-31 16:00:00
QI-000999,PR-0002758,SKU-1049,P03,2025-03-28,300,9,Flash,E079,Fail,2025-02-01 16:00:00
QI-001000,PR-0002773,SKU-1252,P05,2025-03-28,267,5,Flash,E162,Fail,2025-02-02 00:00:00
QI-001001,PR-0002774,SKU-1252,P05,2025-03-28,268,7,Warping,E171,Fail,2025-01-31 16:00:00
QI-001002,PR-0002778,SKU-1070,P02,2025-03-29,288,11,Flash,E067,Fail,2025-02-02 15:00:00
QI-001003,PR-0002781,SKU-1147,P02,2025-03-29,103,4,Cracking,E063,Fail,2025-02-02 04:00:00
QI-001004,PR-0002783,SKU-1063,P02,2025-03-29,203,6,Burn Marks,E067,Fail,2025-02-01 03:00:00
QI-001005,PR-0002784,SKU-1147,P02,2025-03-29,161,6,Burn Marks,E067,Fail,2025-01-31 00:00:00
QI-001006,PR-0002794,SKU-1140,P04,2025-03-29,225,7,Burn Marks,E119,Fail,2025-02-02 03:00:00
QI-001007,PR-0002804,SKU-1210,P05,2025-03-29,223,6,Flash,E152,Fail,2025-02-01 22:00:00
QI-001008,PR-0002806,SKU-1245,P01,2025-03-30,232,10,Sink Marks,E010,Fail,2025-01-31 03:00:00
QI-001009,PR-0002807,SKU-1105,P01,2025-03-30,206,4,Flash,E016,Fail,2025-01-31 18:00:00
QI-001010,PR-0002808,SKU-1175,P02,2025-03-30,228,9,Burn Marks,E067,Fail,2025-01-31 17:00:00
QI-001011,PR-0002811,SKU-1238,P03,2025-03-30,132,3,Warping,E076,Fail,2025-01-31 04:00:00
QI-001012,PR-0002822,SKU-1119,P04,2025-03-30,282,13,Burn Marks,E133,Fail,2025-02-02 09:00:00
QI-001013,PR-0002825,SKU-1014,P04,2025-03-30,229,7,Sink Marks,E115,Fail,2025-02-01 15:00:00
QI-001014,PR-0002838,SKU-1126,P01,2025-03-31,303,7,Flash,E026,Fail,2025-02-01 13:00:00
QI-001015,PR-0002840,SKU-1035,P02,2025-03-31,167,6,Flash,E051,Fail,2025-02-01 20:00:00
QI-001016,PR-0002843,SKU-1119,P02,2025-03-31,101,3,Sink Marks,E048,Fail,2025-02-02 11:00:00
QI-001017,PR-0002846,SKU-1175,P02,2025-03-31,102,2,Warping,E048,Fail,2025-02-01 06:00:00
QI-001018,PR-0002847,SKU-1140,P03,2025-03-31,251,11,Flash,E074,Fail,2025-02-01 09:00:00
QI-001019,PR-0002849,SKU-1056,P03,2025-03-31,317,8,Short Shot,E083,Fail,2025-02-01 20:00:00
QI-001020,PR-0002853,SKU-1175,P03,2025-03-31,249,7,Short Shot,E084,Fail,2025-01-31 04:00:00
QI-001021,PR-0002856,SKU-1189,P04,2025-03-31,273,11,Flash,E125,Fail,2025-02-02 01:00:00
QI-001022,PR-0002857,SKU-1007,P04,2025-03-31,140,6,Warping,E143,Fail,2025-01-31 22:00:00
QI-001023,PR-0002864,SKU-1196,P01,2025-04-01,316,10,Warping,E034,Fail,2025-02-02 05:00:00
QI-001024,PR-0002867,SKU-1021,P01,2025-04-01,198,3,Short Shot,E010,Fail,2025-02-02 20:00:00
QI-001025,PR-0002874,SKU-1084,P02,2025-04-01,197,7,Warping,E068,Fail,2025-02-02 07:00:00
QI-001026,PR-0002875,SKU-1266,P02,2025-04-01,250,11,Cracking,E068,Fail,2025-02-01 00:00:00
QI-001027,PR-0002876,SKU-1266,P02,2025-04-01,251,8,Flash,E055,Fail,2025-01-31 03:00:00
QI-001028,PR-0002877,SKU-1091,P02,2025-04-01,267,13,Short Shot,E056,Fail,2025-02-02 16:00:00
QI-001029,PR-0002878,SKU-1091,P02,2025-04-01,268,10,Flash,E044,Fail,2025-01-31 17:00:00
QI-001030,PR-0002879,SKU-1007,P02,2025-04-01,126,6,Warping,E044,Fail,2025-01-31 12:00:00
QI-001031,PR-0002880,SKU-1007,P02,2025-04-01,127,2,Short Shot,E067,Fail,2025-01-31 19:00:00
QI-001032,PR-0002882,SKU-1091,P03,2025-04-01,192,4,Warping,E095,Fail,2025-02-02 18:00:00
QI-001033,PR-0002883,SKU-1126,P03,2025-04-01,319,12,Short Shot,E076,Fail,2025-02-01 12:00:00
QI-001034,PR-0002884,SKU-1126,P03,2025-04-01,320,10,Sink Marks,E077,Fail,2025-02-01 16:00:00
QI-001035,PR-0002886,SKU-1063,P03,2025-04-01,267,7,Burn Marks,E103,Fail,2025-02-02 00:00:00
QI-001036,PR-0002888,SKU-1245,P03,2025-04-01,252,5,Flash,E083,Fail,2025-01-31 18:00:00
QI-001037,PR-0002889,SKU-1245,P03,2025-04-01,252,7,Burn Marks,E074,Fail,2025-02-02 17:00:00
QI-001038,PR-0002890,SKU-1203,P04,2025-04-01,150,3,Short Shot,E140,Fail,2025-01-31 12:00:00
QI-001039,PR-0002897,SKU-1154,P04,2025-04-01,182,8,Short Shot,E143,Fail,2025-02-02 10:00:00
QI-001040,PR-0002899,SKU-1280,P05,2025-04-01,172,7,Warping,E152,Fail,2025-02-02 07:00:00
QI-001041,PR-0002906,SKU-1238,P01,2025-04-02,211,6,Short Shot,E034,Fail,2025-01-31 16:00:00
QI-001042,PR-0002907,SKU-1210,P01,2025-04-02,230,6,Short Shot,E013,Fail,2025-02-01 17:00:00
QI-001043,PR-0002910,SKU-1056,P01,2025-04-02,220,5,Cracking,E009,Fail,2025-01-31 17:00:00
QI-001044,PR-0002913,SKU-1007,P01,2025-04-02,308,11,Warping,E001,Fail,2025-02-01 00:00:00
QI-001045,PR-0002914,SKU-1210,P02,2025-04-02,305,15,Burn Marks,E067,Fail,2025-02-01 04:00:00
QI-001046,PR-0002916,SKU-1014,P02,2025-04-02,138,3,Sink Marks,E058,Fail,2025-02-01 10:00:00
QI-001047,PR-0002920,SKU-1217,P03,2025-04-02,217,9,Warping,E076,Fail,2025-01-31 16:00:00
QI-001048,PR-0002925,SKU-1007,P04,2025-04-02,317,10,Burn Marks,E115,Fail,2025-02-02 11:00:00
QI-001049,PR-0002931,SKU-1021,P05,2025-04-02,207,11,Short Shot,E174,Fail,2025-02-02 11:00:00
QI-001050,PR-0002932,SKU-1042,P05,2025-04-02,242,13,Flash,E147,Fail,2025-01-31 14:00:00
QI-001051,PR-0002934,SKU-1007,P05,2025-04-02,297,9,Short Shot,E148,Fail,2025-02-02 10:00:00
QI-001052,PR-0002936,SKU-1196,P05,2025-04-02,258,8,Sink Marks,E155,Fail,2025-02-02 16:00:00
QI-001053,PR-0002937,SKU-1196,P05,2025-04-02,259,8,Warping,E172,Fail,2025-02-01 16:00:00
QI-001054,PR-0002938,SKU-1049,P05,2025-04-02,126,4,Flash,E162,Fail,2025-01-31 15:00:00
QI-001055,PR-0002940,SKU-1007,P01,2025-04-03,189,7,Sink Marks,E034,Fail,2025-01-31 14:00:00
QI-001056,PR-0002942,SKU-1126,P01,2025-04-03,174,3,Short Shot,E016,Fail,2025-01-31 00:00:00
QI-001057,PR-0002943,SKU-1126,P01,2025-04-03,175,6,Warping,E034,Fail,2025-02-02 10:00:00
QI-001058,PR-0002944,SKU-1154,P01,2025-04-03,193,4,Short Shot,E020,Fail,2025-02-02 01:00:00
QI-001059,PR-0002945,SKU-1154,P01,2025-04-03,194,6,Short Shot,E029,Fail,2025-02-02 22:00:00
QI-001060,PR-0002947,SKU-1119,P01,2025-04-03,321,11,Sink Marks,E017,Fail,2025-02-02 13:00:00
QI-001061,PR-0002954,SKU-1266,P02,2025-04-03,146,2,Burn Marks,E058,Fail,2025-02-01 09:00:00
QI-001062,PR-0002958,SKU-1210,P03,2025-04-03,286,7,Flash,E103,Fail,2025-02-01 22:00:00
QI-001063,PR-0002962,SKU-1196,P03,2025-04-03,154,4,Flash,E108,Fail,2025-02-02 11:00:00
QI-001064,PR-0002964,SKU-1070,P04,2025-04-03,174,9,Flash,E133,Fail,2025-02-02 04:00:00
QI-001065,PR-0002967,SKU-1021,P04,2025-04-03,112,6,Sink Marks,E139,Fail,2025-02-02 03:00:00
QI-001066,PR-0002968,SKU-1021,P04,2025-04-03,112,3,Flash,E139,Fail,2025-02-02 21:00:00
QI-001067,PR-0002969,SKU-1112,P04,2025-04-03,123,5,Burn Marks,E130,Fail,2025-02-01 03:00:00
QI-001068,PR-0002971,SKU-1133,P05,2025-04-03,191,5,Short Shot,E159,Fail,2025-02-01 10:00:00
QI-001069,PR-0002972,SKU-1133,P05,2025-04-03,192,4,Short Shot,E171,Fail,2025-01-31 08:00:00
QI-001070,PR-0002976,SKU-1203,P01,2025-04-04,283,10,Warping,E034,Fail,2025-02-02 21:00:00
QI-001071,PR-0002977,SKU-1091,P01,2025-04-04,139,3,Burn Marks,E020,Fail,2025-01-31 07:00:00
QI-001072,PR-0002982,SKU-1070,P02,2025-04-04,217,4,Flash,E068,Fail,2025-02-02 04:00:00
QI-001073,PR-0002983,SKU-1077,P02,2025-04-04,252,8,Burn Marks,E056,Fail,2025-02-01 04:00:00
QI-001074,PR-0002986,SKU-1175,P03,2025-04-04,307,6,Flash,E088,Fail,2025-01-31 14:00:00
QI-001075,PR-0002987,SKU-1084,P03,2025-04-04,123,5,Short Shot,E108,Fail,2025-01-31 17:00:00
QI-001076,PR-0002988,SKU-1084,P03,2025-04-04,124,4,Short Shot,E104,Fail,2025-02-01 02:00:00
QI-001077,PR-0002992,SKU-1231,P04,2025-04-04,201,9,Warping,E112,Fail,2025-01-31 12:00:00
QI-001078,PR-0002995,SKU-1280,P04,2025-04-04,183,8,Flash,E142,Fail,2025-02-01 12:00:00
QI-001079,PR-0002997,SKU-1119,P05,2025-04-04,218,7,Short Shot,E155,Fail,2025-02-01 16:00:00
QI-001080,PR-0002998,SKU-1154,P05,2025-04-04,103,5,Sink Marks,E172,Fail,2025-02-02 14:00:00
QI-001081,PR-0003004,SKU-1175,P01,2025-04-05,101,2,Short Shot,E017,Fail,2025-01-31 05:00:00
QI-001082,PR-0003008,SKU-1140,P01,2025-04-05,268,5,Warping,E015,Fail,2025-02-01 01:00:00
QI-001083,PR-0003009,SKU-1140,P01,2025-04-05,268,5,Short Shot,E001,Fail,2025-02-02 14:00:00
QI-001084,PR-0003013,SKU-1238,P01,2025-04-05,119,2,Sink Marks,E028,Fail,2025-01-31 21:00:00
QI-001085,PR-0003014,SKU-1203,P02,2025-04-05,244,6,Sink Marks,E044,Fail,2025-02-01 08:00:00
QI-001086,PR-0003017,SKU-1077,P02,2025-04-05,172,3,Sink Marks,E043,Fail,2025-01-31 19:00:00
QI-001087,PR-0003018,SKU-1084,P02,2025-04-05,250,6,Flash,E068,Fail,2025-02-02 19:00:00
QI-001088,PR-0003023,SKU-1252,P03,2025-04-05,219,9,Flash,E074,Fail,2025-02-01 17:00:00
QI-001089,PR-0003026,SKU-1161,P04,2025-04-05,137,6,Warping,E117,Fail,2025-02-01 14:00:00
QI-001090,PR-0003027,SKU-1161,P04,2025-04-05,138,3,Flash,E130,Fail,2025-02-01 04:00:00
QI-001091,PR-0003030,SKU-1112,P04,2025-04-05,245,8,Warping,E141,Fail,2025-02-01 05:00:00
QI-001092,PR-0003036,SKU-1091,P05,2025-04-05,248,8,Flash,E171,Fail,2025-02-02 09:00:00
QI-001093,PR-0003038,SKU-1189,P05,2025-04-05,126,5,Sink Marks,E172,Fail,2025-02-02 05:00:00
QI-001094,PR-0003041,SKU-1028,P01,2025-04-06,206,4,Short Shot,E009,Fail,2025-01-31 18:00:00
QI-001095,PR-0003042,SKU-1119,P01,2025-04-06,322,13,Warping,E007,Fail,2025-02-01 00:00:00
QI-001096,PR-0003043,SKU-1119,P01,2025-04-06,323,9,Warping,E021,Fail,2025-02-02 05:00:00
QI-001097,PR-0003044,SKU-1028,P01,2025-04-06,267,7,Sink Marks,E021,Fail,2025-01-31 08:00:00
QI-001098,PR-0003046,SKU-1063,P01,2025-04-06,129,1,Flash,E020,Fail,2025-02-02 17:00:00
QI-001099,PR-0003047,SKU-1119,P02,2025-04-06,205,7,Short Shot,E056,Fail,2025-02-02 19:00:00
QI-001100,PR-0003048,SKU-1119,P02,2025-04-06,206,5,Flash,E055,Fail,2025-02-01 11:00:00
QI-001101,PR-0003049,SKU-1266,P02,2025-04-06,292,12,Short Shot,E051,Fail,2025-02-01 08:00:00
QI-001102,PR-0003052,SKU-1063,P02,2025-04-06,289,12,Burn Marks,E051,Fail,2025-02-02 15:00:00
QI-001103,PR-0003053,SKU-1182,P02,2025-04-06,288,15,Warping,E051,Fail,2025-02-01 17:00:00
QI-001104,PR-0003055,SKU-1042,P03,2025-04-06,119,3,Flash,E096,Fail,2025-01-31 22:00:00
QI-001105,PR-0003057,SKU-1245,P03,2025-04-06,315,9,Short Shot,E103,Fail,2025-02-02 22:00:00
QI-001106,PR-0003058,SKU-1189,P03,2025-04-06,137,6,Flash,E080,Fail,2025-02-02 20:00:00
QI-001107,PR-0003059,SKU-1063,P03,2025-04-06,296,15,Flash,E074,Fail,2025-02-02 15:00:00
QI-001108,PR-0003061,SKU-1161,P03,2025-04-06,188,3,Cracking,E086,Fail,2025-01-31 09:00:00
QI-001109,PR-0003062,SKU-1231,P04,2025-04-06,187,8,Burn Marks,E137,Fail,2025-02-01 03:00:00
QI-001110,PR-0003066,SKU-1189,P04,2025-04-06,105,1,Flash,E115,Fail,2025-02-02 03:00:00
QI-001111,PR-0003068,SKU-1035,P04,2025-04-06,107,5,Warping,E140,Fail,2025-02-01 03:00:00
QI-001112,PR-0003072,SKU-1238,P05,2025-04-06,179,4,Flash,E179,Fail,2025-02-01 18:00:00
QI-001113,PR-0003074,SKU-1147,P05,2025-04-06,158,6,Short Shot,E172,Fail,2025-02-02 04:00:00
QI-001114,PR-0003077,SKU-1161,P01,2025-04-07,162,3,Sink Marks,E009,Fail,2025-01-31 16:00:00
QI-001115,PR-0003078,SKU-1161,P01,2025-04-07,163,8,Flash,E029,Fail,2025-02-02 21:00:00
QI-001116,PR-0003079,SKU-1140,P01,2025-04-07,156,7,Flash,E034,Fail,2025-02-01 21:00:00
QI-001117,PR-0003080,SKU-1070,P01,2025-04-07,179,3,Short Shot,E016,Fail,2025-02-02 18:00:00
QI-001118,PR-0003084,SKU-1273,P02,2025-04-07,209,7,Warping,E054,Fail,2025-02-01 09:00:00
QI-001119,PR-0003086,SKU-1077,P02,2025-04-07,269,6,Flash,E043,Fail,2025-02-02 18:00:00
QI-001120,PR-0003087,SKU-1077,P02,2025-04-07,270,11,Warping,E055,Fail,2025-02-01 09:00:00
QI-001121,PR-0003089,SKU-1098,P02,2025-04-07,207,7,Warping,E044,Fail,2025-01-31 01:00:00
QI-001122,PR-0003091,SKU-1217,P03,2025-04-07,128,4,Burn Marks,E083,Fail,2025-02-02 16:00:00
QI-001123,PR-0003094,SKU-1168,P04,2025-04-07,313,12,Flash,E130,Fail,2025-02-01 22:00:00
QI-001124,PR-0003097,SKU-1182,P04,2025-04-07,313,12,Sink Marks,E115,Fail,2025-02-02 07:00:00
QI-001125,PR-0003099,SKU-1049,P04,2025-04-07,111,2,Flash,E110,Fail,2025-01-31 11:00:00
QI-001126,PR-0003105,SKU-1245,P05,2025-04-07,310,14,Warping,E171,Fail,2025-02-02 08:00:00
QI-001127,PR-0003108,SKU-1238,P01,2025-04-08,149,4,Short Shot,E006,Fail,2025-01-31 09:00:00
QI-001128,PR-0003109,SKU-1238,P01,2025-04-08,149,4,Cracking,E007,Fail,2025-02-01 00:00:00
QI-001129,PR-0003118,SKU-1133,P02,2025-04-08,286,7,Warping,E048,Fail,2025-02-01 09:00:00
QI-001130,PR-0003123,SKU-1217,P02,2025-04-08,194,6,Flash,E067,Fail,2025-02-01 15:00:00
QI-001131,PR-0003124,SKU-1217,P02,2025-04-08,194,7,Short Shot,E043,Fail,2025-02-02 12:00:00
QI-001132,PR-0003132,SKU-1042,P04,2025-04-08,202,7,Warping,E121,Fail,2025-02-02 20:00:00
QI-001133,PR-0003133,SKU-1042,P04,2025-04-08,202,7,Sink Marks,E111,Fail,2025-01-31 20:00:00
QI-001134,PR-0003149,SKU-1042,P02,2025-04-09,106,2,Flash,E044,Fail,2025-02-02 22:00:00
QI-001135,PR-0003158,SKU-1189,P04,2025-04-09,193,6,Short Shot,E132,Fail,2025-02-01 12:00:00
QI-001136,PR-0003160,SKU-1133,P04,2025-04-09,275,12,Sink Marks,E139,Fail,2025-01-31 06:00:00
QI-001137,PR-0003161,SKU-1063,P04,2025-04-09,101,3,Flash,E140,Fail,2025-02-01 03:00:00
QI-001138,PR-0003162,SKU-1077,P04,2025-04-09,201,9,Short Shot,E132,Fail,2025-02-01 10:00:00
QI-001139,PR-0003169,SKU-1112,P05,2025-04-09,173,6,Burn Marks,E153,Fail,2025-01-31 10:00:00
QI-001140,PR-0003170,SKU-1119,P01,2025-04-10,161,7,Flash,E033,Fail,2025-02-01 01:00:00
QI-001141,PR-0003181,SKU-1210,P02,2025-04-10,221,9,Flash,E056,Fail,2025-01-31 15:00:00
QI-001142,PR-0003183,SKU-1217,P02,2025-04-10,220,5,Flash,E044,Fail,2025-02-02 03:00:00
QI-001143,PR-0003187,SKU-1224,P02,2025-04-10,213,8,Cracking,E044,Fail,2025-02-02 08:00:00
QI-001144,PR-0003189,SKU-1035,P03,2025-04-10,144,6,Flash,E098,Fail,2025-02-01 22:00:00
QI-001145,PR-0003193,SKU-1182,P03,2025-04-10,172,4,Warping,E086,Fail,2025-02-02 19:00:00
QI-001146,PR-0003200,SKU-1035,P04,2025-04-10,319,10,Warping,E132,Fail,2025-02-01 10:00:00
QI-001147,PR-0003201,SKU-1035,P04,2025-04-10,319,16,Flash,E112,Fail,2025-01-31 12:00:00
QI-001148,PR-0003205,SKU-1154,P05,2025-04-10,115,4,Sink Marks,E174,Fail,2025-02-02 12:00:00
QI-001149,PR-0003221,SKU-1154,P02,2025-04-11,125,3,Flash,E043,Fail,2025-01-31 03:00:00
QI-001150,PR-0003228,SKU-1098,P03,2025-04-11,131,3,Flash,E103,Fail,2025-02-01 07:00:00
QI-001151,PR-0003230,SKU-1140,P03,2025-04-11,223,9,Flash,E074,Fail,2025-02-01 06:00:00
QI-001152,PR-0003231,SKU-1105,P03,2025-04-11,204,9,Warping,E078,Fail,2025-01-31 01:00:00
QI-001153,PR-0003232,SKU-1105,P04,2025-04-11,133,6,Sink Marks,E137,Fail,2025-02-02 19:00:00
QI-001154,PR-0003234,SKU-1140,P04,2025-04-11,124,7,Flash,E130,Fail,2025-01-31 15:00:00
QI-001155,PR-0003235,SKU-1140,P04,2025-04-11,124,6,Sink Marks,E140,Fail,2025-02-01 17:00:00
QI-001156,PR-0003236,SKU-1049,P04,2025-04-11,303,17,Sink Marks,E134,Fail,2025-02-02 07:00:00
QI-001157,PR-0003245,SKU-1168,P05,2025-04-11,228,7,Flash,E162,Fail,2025-01-31 19:00:00
QI-001158,PR-0003248,SKU-1028,P01,2025-04-12,214,7,Flash,E016,Fail,2025-02-01 04:00:00
QI-001159,PR-0003253,SKU-1217,P02,2025-04-12,287,10,Warping,E053,Fail,2025-02-02 10:00:00
QI-001160,PR-0003257,SKU-1063,P02,2025-04-12,253,9,Short Shot,E067,Fail,2025-02-01 19:00:00
QI-001161,PR-0003258,SKU-1063,P02,2025-04-12,253,7,Flash,E048,Fail,2025-02-02 02:00:00
QI-001162,PR-0003264,SKU-1280,P03,2025-04-12,289,10,Sink Marks,E080,Fail,2025-02-02 16:00:00
QI-001163,PR-0003266,SKU-1189,P03,2025-04-12,138,5,Flash,E104,Fail,2025-01-31 14:00:00
QI-001164,PR-0003269,SKU-1182,P04,2025-04-12,139,5,Short Shot,E122,Fail,2025-02-01 03:00:00
QI-001165,PR-0003274,SKU-1189,P04,2025-04-12,190,5,Sink Marks,E120,Fail,2025-01-31 13:00:00
QI-001166,PR-0003276,SKU-1035,P05,2025-04-12,156,7,Flash,E148,Fail,2025-02-01 12:00:00
QI-001167,PR-0003277,SKU-1007,P05,2025-04-12,193,8,Warping,E172,Fail,2025-01-31 16:00:00
QI-001168,PR-0003278,SKU-1259,P05,2025-04-12,137,8,Flash,E172,Fail,2025-01-31 01:00:00
QI-001169,PR-0003280,SKU-1105,P01,2025-04-13,203,4,Sink Marks,E017,Fail,2025-02-02 09:00:00
QI-001170,PR-0003281,SKU-1105,P01,2025-04-13,204,7,Cracking,E029,Fail,2025-01-31 14:00:00
QI-001171,PR-0003282,SKU-1140,P01,2025-04-13,216,7,Burn Marks,E016,Fail,2025-01-31 12:00:00
QI-001172,PR-0003288,SKU-1021,P02,2025-04-13,292,10,Sink Marks,E053,Fail,2025-01-31 03:00:00
QI-001173,PR-0003289,SKU-1105,P02,2025-04-13,290,8,Short Shot,E044,Fail,2025-01-31 02:00:00
QI-001174,PR-0003292,SKU-1245,P03,2025-04-13,174,3,Sink Marks,E096,Fail,2025-01-31 01:00:00
QI-001175,PR-0003293,SKU-1182,P03,2025-04-13,171,5,Flash,E074,Fail,2025-02-02 01:00:00
QI-001176,PR-0003297,SKU-1112,P03,2025-04-13,194,8,Cracking,E074,Fail,2025-01-31 05:00:00
QI-001177,PR-0003299,SKU-1273,P04,2025-04-13,311,17,Warping,E117,Fail,2025-02-02 16:00:00
QI-001178,PR-0003300,SKU-1273,P04,2025-04-13,311,10,Sink Marks,E120,Fail,2025-02-01 19:00:00
QI-001179,PR-0003301,SKU-1210,P04,2025-04-13,104,5,Short Shot,E133,Fail,2025-02-01 11:00:00
QI-001180,PR-0003303,SKU-1224,P04,2025-04-13,206,6,Flash,E137,Fail,2025-02-02 21:00:00
QI-001181,PR-0003305,SKU-1189,P05,2025-04-13,168,5,Short Shot,E152,Fail,2025-02-02 03:00:00
QI-001182,PR-0003312,SKU-1182,P05,2025-04-13,107,4,Warping,E161,Fail,2025-02-02 01:00:00
QI-001183,PR-0003316,SKU-1098,P01,2025-04-14,140,3,Flash,E021,Fail,2025-02-01 13:00:00
QI-001184,PR-0003319,SKU-1238,P01,2025-04-14,238,8,Warping,E028,Fail,2025-02-02 13:00:00
QI-001185,PR-0003323,SKU-1021,P02,2025-04-14,102,2,Sink Marks,E063,Fail,2025-02-02 07:00:00
QI-001186,PR-0003327,SKU-1175,P02,2025-04-14,304,6,Cracking,E040,Fail,2025-02-01 12:00:00
QI-001187,PR-0003329,SKU-1021,P03,2025-04-14,285,9,Short Shot,E096,Fail,2025-02-02 16:00:00
QI-001188,PR-0003330,SKU-1014,P03,2025-04-14,183,5,Sink Marks,E078,Fail,2025-02-02 14:00:00
QI-001189,PR-0003336,SKU-1049,P03,2025-04-14,188,8,Warping,E095,Fail,2025-01-31 10:00:00
QI-001190,PR-0003339,SKU-1224,P04,2025-04-14,314,8,Short Shot,E137,Fail,2025-02-02 20:00:00
QI-001191,PR-0003343,SKU-1210,P04,2025-04-14,173,4,Sink Marks,E115,Fail,2025-01-31 08:00:00
QI-001192,PR-0003346,SKU-1035,P05,2025-04-14,266,7,Warping,E175,Fail,2025-02-01 06:00:00
QI-001193,PR-0003347,SKU-1035,P05,2025-04-14,266,12,Short Shot,E164,Fail,2025-01-31 21:00:00
QI-001194,PR-0003348,SKU-1168,P01,2025-04-15,194,3,Flash,E028,Fail,2025-02-01 04:00:00
QI-001195,PR-0003349,SKU-1168,P01,2025-04-15,195,4,Cracking,E007,Fail,2025-01-31 12:00:00
QI-001196,PR-0003350,SKU-1217,P01,2025-04-15,237,8,Flash,E020,Fail,2025-02-01 09:00:00
QI-001197,PR-0003352,SKU-1189,P01,2025-04-15,285,12,Warping,E029,Fail,2025-02-02 15:00:00
QI-001198,PR-0003353,SKU-1189,P01,2025-04-15,286,8,Sink Marks,E001,Fail,2025-02-01 05:00:00
QI-001199,PR-0003355,SKU-1154,P02,2025-04-15,191,8,Short Shot,E062,Fail,2025-01-31 16:00:00
QI-001200,PR-0003360,SKU-1175,P02,2025-04-15,212,5,Flash,E068,Fail,2025-02-01 09:00:00
QI-001201,PR-0003361,SKU-1168,P02,2025-04-15,157,5,Sink Marks,E048,Fail,2025-02-02 07:00:00
QI-001202,PR-0003363,SKU-1147,P03,2025-04-15,178,6,Sink Marks,E076,Fail,2025-02-01 05:00:00
QI-001203,PR-0003364,SKU-1147,P03,2025-04-15,179,3,Sink Marks,E074,Fail,2025-02-02 19:00:00
QI-001204,PR-0003365,SKU-1175,P03,2025-04-15,245,7,Flash,E108,Fail,2025-01-31 15:00:00
QI-001205,PR-0003370,SKU-1077,P04,2025-04-15,205,9,Short Shot,E136,Fail,2025-01-31 12:00:00
QI-001206,PR-0003375,SKU-1098,P05,2025-04-15,274,12,Flash,E153,Fail,2025-02-02 20:00:00
QI-001207,PR-0003376,SKU-1098,P05,2025-04-15,275,10,Flash,E153,Fail,2025-01-31 08:00:00
QI-001208,PR-0003388,SKU-1098,P01,2025-04-16,174,8,Short Shot,E034,Fail,2025-02-02 18:00:00
QI-001209,PR-0003389,SKU-1252,P01,2025-04-16,264,7,Sink Marks,E009,Fail,2025-02-01 00:00:00
QI-001210,PR-0003390,SKU-1252,P01,2025-04-16,264,5,Sink Marks,E015,Fail,2025-02-02 10:00:00
QI-001211,PR-0003392,SKU-1021,P02,2025-04-16,253,5,Burn Marks,E043,Fail,2025-02-01 01:00:00
QI-001212,PR-0003394,SKU-1217,P02,2025-04-16,228,5,Cracking,E053,Fail,2025-02-01 08:00:00
QI-001213,PR-0003395,SKU-1217,P02,2025-04-16,228,11,Cracking,E054,Fail,2025-01-31 10:00:00
QI-001214,PR-0003402,SKU-1042,P03,2025-04-16,127,4,Flash,E084,Fail,2025-02-01 10:00:00
QI-001215,PR-0003403,SKU-1217,P03,2025-04-16,101,4,Burn Marks,E079,Fail,2025-02-01 04:00:00
QI-001216,PR-0003405,SKU-1203,P04,2025-04-16,184,9,Sink Marks,E119,Fail,2025-02-01 11:00:00
QI-001217,PR-0003406,SKU-1014,P04,2025-04-16,278,9,Flash,E122,Fail,2025-01-31 09:00:00
QI-001218,PR-0003408,SKU-1259,P04,2025-04-16,216,7,Burn Marks,E122,Fail,2025-02-01 06:00:00
QI-001219,PR-0003414,SKU-1252,P05,2025-04-16,279,9,Burn Marks,E148,Fail,2025-02-02 04:00:00
QI-001220,PR-0003415,SKU-1196,P05,2025-04-16,173,7,Warping,E171,Fail,2025-02-02 00:00:00
QI-001221,PR-0003416,SKU-1196,P05,2025-04-16,174,4,Burn Marks,E148,Fail,2025-01-31 10:00:00
QI-001222,PR-0003423,SKU-1084,P01,2025-04-17,223,10,Flash,E015,Fail,2025-01-31 06:00:00
QI-001223,PR-0003430,SKU-1245,P02,2025-04-17,182,7,Short Shot,E054,Fail,2025-02-02 10:00:00
QI-001224,PR-0003433,SKU-1210,P03,2025-04-17,276,12,Flash,E076,Fail,2025-02-01 03:00:00
QI-001225,PR-0003438,SKU-1238,P03,2025-04-17,283,9,Sink Marks,E092,Fail,2025-02-02 03:00:00
QI-001226,PR-0003440,SKU-1217,P03,2025-04-17,196,5,Burn Marks,E098,Fail,2025-02-02 04:00:00
QI-001227,PR-0003441,SKU-1217,P03,2025-04-17,196,10,Sink Marks,E077,Fail,2025-02-02 21:00:00
QI-001228,PR-0003445,SKU-1252,P04,2025-04-17,184,6,Short Shot,E110,Fail,2025-02-02 14:00:00
QI-001229,PR-0003446,SKU-1196,P04,2025-04-17,184,9,Sink Marks,E131,Fail,2025-02-02 18:00:00
QI-001230,PR-0003448,SKU-1091,P05,2025-04-17,109,2,Flash,E161,Fail,2025-01-31 13:00:00
QI-001231,PR-0003449,SKU-1091,P05,2025-04-17,109,4,Short Shot,E161,Fail,2025-02-01 20:00:00
QI-001232,PR-0003450,SKU-1014,P05,2025-04-17,321,12,Burn Marks,E153,Fail,2025-02-02 13:00:00
QI-001233,PR-0003458,SKU-1224,P01,2025-04-18,200,5,Flash,E034,Fail,2025-02-01 03:00:00
QI-001234,PR-0003463,SKU-1133,P02,2025-04-18,252,10,Flash,E068,Fail,2025-02-02 22:00:00
QI-001235,PR-0003467,SKU-1021,P03,2025-04-18,183,3,Short Shot,E088,Fail,2025-02-02 06:00:00
QI-001236,PR-0003468,SKU-1168,P03,2025-04-18,167,8,Short Shot,E076,Fail,2025-01-31 21:00:00
QI-001237,PR-0003469,SKU-1168,P03,2025-04-18,269,14,Burn Marks,E080,Fail,2025-02-02 18:00:00
QI-001238,PR-0003470,SKU-1161,P04,2025-04-18,171,5,Short Shot,E139,Fail,2025-02-01 04:00:00
QI-001239,PR-0003471,SKU-1189,P04,2025-04-18,205,9,Short Shot,E117,Fail,2025-02-01 14:00:00
QI-001240,PR-0003472,SKU-1189,P04,2025-04-18,206,6,Burn Marks,E115,Fail,2025-01-31 04:00:00
QI-001241,PR-0003474,SKU-1070,P04,2025-04-18,184,6,Sink Marks,E139,Fail,2025-02-01 04:00:00
QI-001242,PR-0003479,SKU-1119,P01,2025-04-19,302,9,Sink Marks,E033,Fail,2025-01-31 03:00:00
QI-001243,PR-0003480,SKU-1196,P01,2025-04-19,199,6,Flash,E029,Fail,2025-02-02 07:00:00
QI-001244,PR-0003481,SKU-1021,P01,2025-04-19,153,6,Sink Marks,E029,Fail,2025-02-01 13:00:00
QI-001245,PR-0003483,SKU-1035,P02,2025-04-19,305,12,Burn Marks,E056,Fail,2025-01-31 04:00:00
QI-001246,PR-0003487,SKU-1147,P02,2025-04-19,212,6,Flash,E055,Fail,2025-02-02 06:00:00
QI-001247,PR-0003489,SKU-1028,P03,2025-04-19,247,14,Burn Marks,E079,Fail,2025-02-02 04:00:00
QI-001248,PR-0003492,SKU-1084,P04,2025-04-19,301,17,Flash,E133,Fail,2025-02-01 21:00:00
QI-001249,PR-0003496,SKU-1091,P04,2025-04-19,120,3,Sink Marks,E137,Fail,2025-02-01 20:00:00
QI-001250,PR-0003499,SKU-1238,P04,2025-04-19,276,11,Short Shot,E115,Fail,2025-02-02 19:00:00
QI-001251,PR-0003500,SKU-1182,P05,2025-04-19,315,10,Short Shot,E153,Fail,2025-02-01 16:00:00
QI-001252,PR-0003502,SKU-1273,P05,2025-04-19,251,12,Burn Marks,E153,Fail,2025-01-31 21:00:00
QI-001253,PR-0003514,SKU-1077,P02,2025-04-20,184,5,Sink Marks,E048,Fail,2025-01-31 20:00:00
QI-001254,PR-0003516,SKU-1028,P02,2025-04-20,295,8,Sink Marks,E058,Fail,2025-02-01 17:00:00
QI-001255,PR-0003518,SKU-1084,P02,2025-04-20,275,11,Flash,E040,Fail,2025-01-31 09:00:00
QI-001256,PR-0003520,SKU-1077,P03,2025-04-20,158,7,Sink Marks,E092,Fail,2025-02-02 17:00:00
QI-001257,PR-0003521,SKU-1112,P03,2025-04-20,218,5,Cracking,E108,Fail,2025-02-01 22:00:00
QI-001258,PR-0003522,SKU-1112,P03,2025-04-20,219,10,Sink Marks,E080,Fail,2025-02-01 19:00:00
QI-001259,PR-0003523,SKU-1042,P03,2025-04-20,322,8,Burn Marks,E080,Fail,2025-02-02 00:00:00
QI-001260,PR-0003524,SKU-1014,P03,2025-04-20,205,8,Sink Marks,E074,Fail,2025-02-02 11:00:00
QI-001261,PR-0003527,SKU-1196,P04,2025-04-20,157,3,Cracking,E117,Fail,2025-02-01 10:00:00
QI-001262,PR-0003540,SKU-1126,P01,2025-04-21,254,8,Burn Marks,E006,Fail,2025-02-01 07:00:00
QI-001263,PR-0003542,SKU-1119,P01,2025-04-21,121,2,Flash,E015,Fail,2025-02-01 06:00:00
QI-001264,PR-0003545,SKU-1168,P01,2025-04-21,276,8,Flash,E016,Fail,2025-01-31 05:00:00
QI-001265,PR-0003547,SKU-1238,P02,2025-04-21,226,7,Sink Marks,E048,Fail,2025-02-01 22:00:00
QI-001266,PR-0003551,SKU-1035,P03,2025-04-21,186,4,Flash,E086,Fail,2025-02-01 21:00:00
QI-001267,PR-0003556,SKU-1056,P03,2025-04-21,313,15,Short Shot,E076,Fail,2025-01-31 21:00:00
QI-001268,PR-0003557,SKU-1049,P04,2025-04-21,251,8,Warping,E140,Fail,2025-02-01 21:00:00
QI-001269,PR-0003558,SKU-1119,P04,2025-04-21,137,4,Short Shot,E119,Fail,2025-02-02 18:00:00
QI-001270,PR-0003560,SKU-1259,P04,2025-04-21,192,8,Sink Marks,E125,Fail,2025-02-01 03:00:00
QI-001271,PR-0003561,SKU-1259,P04,2025-04-21,192,8,Burn Marks,E136,Fail,2025-02-02 20:00:00
QI-001272,PR-0003563,SKU-1154,P05,2025-04-21,240,7,Sink Marks,E153,Fail,2025-02-02 15:00:00
QI-001273,PR-0003564,SKU-1154,P05,2025-04-21,241,8,Flash,E179,Fail,2025-02-02 22:00:00
QI-001274,PR-0003565,SKU-1049,P01,2025-04-22,252,10,Flash,E029,Fail,2025-01-31 22:00:00
QI-001275,PR-0003572,SKU-1196,P01,2025-04-22,177,5,Sink Marks,E034,Fail,2025-02-02 02:00:00
QI-001276,PR-0003578,SKU-1259,P02,2025-04-22,148,6,Short Shot,E063,Fail,2025-02-01 03:00:00
QI-001277,PR-0003583,SKU-1084,P03,2025-04-22,316,8,Flash,E108,Fail,2025-02-01 19:00:00
QI-001278,PR-0003586,SKU-1168,P03,2025-04-22,155,5,Burn Marks,E074,Fail,2025-02-02 11:00:00
QI-001279,PR-0003587,SKU-1168,P03,2025-04-22,156,3,Warping,E098,Fail,2025-02-01 18:00:00
QI-001280,PR-0003590,SKU-1203,P03,2025-04-22,152,4,Short Shot,E086,Fail,2025-01-31 08:00:00
QI-001281,PR-0003600,SKU-1168,P01,2025-04-23,197,5,Flash,E017,Fail,2025-02-01 21:00:00
QI-001282,PR-0003605,SKU-1098,P02,2025-04-23,249,7,Sink Marks,E067,Fail,2025-01-31 07:00:00
QI-001283,PR-0003607,SKU-1231,P02,2025-04-23,233,9,Burn Marks,E054,Fail,2025-01-31 17:00:00
QI-001284,PR-0003608,SKU-1175,P02,2025-04-23,291,16,Burn Marks,E040,Fail,2025-02-02 09:00:00
QI-001285,PR-0003610,SKU-1217,P02,2025-04-23,287,5,Sink Marks,E068,Fail,2025-02-01 03:00:00
QI-001286,PR-0003617,SKU-1266,P03,2025-04-23,196,10,Sink Marks,E086,Fail,2025-01-31 19:00:00
QI-001287,PR-0003626,SKU-1084,P05,2025-04-23,164,5,Warping,E153,Fail,2025-02-02 17:00:00
QI-001288,PR-0003629,SKU-1210,P05,2025-04-23,122,4,Warping,E171,Fail,2025-02-01 14:00:00
QI-001289,PR-0003630,SKU-1273,P05,2025-04-23,307,8,Short Shot,E152,Fail,2025-02-01 17:00:00
QI-001290,PR-0003631,SKU-1133,P05,2025-04-23,151,6,Flash,E174,Fail,2025-02-01 16:00:00
QI-001291,PR-0003632,SKU-1133,P05,2025-04-23,151,5,Flash,E152,Fail,2025-02-01 18:00:00
QI-001292,PR-0003635,SKU-1084,P01,2025-04-24,205,7,Sink Marks,E029,Fail,2025-02-01 20:00:00
QI-001293,PR-0003638,SKU-1014,P02,2025-04-24,277,13,Warping,E054,Fail,2025-01-31 05:00:00
QI-001294,PR-0003643,SKU-1280,P03,2025-04-24,199,5,Short Shot,E104,Fail,2025-02-01 21:00:00
QI-001295,PR-0003648,SKU-1035,P03,2025-04-24,261,14,Flash,E104,Fail,2025-01-31 13:00:00
QI-001296,PR-0003650,SKU-1091,P04,2025-04-24,145,3,Burn Marks,E120,Fail,2025-01-31 05:00:00
QI-001297,PR-0003652,SKU-1238,P04,2025-04-24,270,9,Burn Marks,E137,Fail,2025-02-02 04:00:00
QI-001298,PR-0003658,SKU-1063,P05,2025-04-24,227,5,Burn Marks,E148,Fail,2025-02-01 11:00:00
QI-001299,PR-0003664,SKU-1273,P01,2025-04-25,217,6,Flash,E034,Fail,2025-02-01 14:00:00
QI-001300,PR-0003667,SKU-1028,P01,2025-04-25,256,10,Flash,E034,Fail,2025-01-31 16:00:00
QI-001301,PR-0003669,SKU-1084,P02,2025-04-25,171,3,Flash,E058,Fail,2025-01-31 19:00:00
QI-001302,PR-0003670,SKU-1084,P02,2025-04-25,172,8,Warping,E056,Fail,2025-02-02 22:00:00
QI-001303,PR-0003671,SKU-1224,P02,2025-04-25,257,8,Short Shot,E043,Fail,2025-02-02 18:00:00
QI-001304,PR-0003675,SKU-1175,P02,2025-04-25,196,8,Short Shot,E056,Fail,2025-01-31 01:00:00
QI-001305,PR-0003676,SKU-1175,P02,2025-04-25,197,8,Flash,E051,Fail,2025-01-31 17:00:00
QI-001306,PR-0003678,SKU-1140,P03,2025-04-25,194,4,Flash,E095,Fail,2025-01-31 08:00:00
QI-001307,PR-0003679,SKU-1140,P03,2025-04-25,194,6,Short Shot,E074,Fail,2025-02-01 00:00:00
QI-001308,PR-0003681,SKU-1119,P03,2025-04-25,223,9,Burn Marks,E083,Fail,2025-01-31 02:00:00
QI-001309,PR-0003684,SKU-1245,P04,2025-04-25,319,15,Sink Marks,E130,Fail,2025-02-02 03:00:00
QI-001310,PR-0003686,SKU-1112,P04,2025-04-25,302,12,Flash,E133,Fail,2025-01-31 12:00:00
QI-001311,PR-0003688,SKU-1056,P05,2025-04-25,120,4,Flash,E174,Fail,2025-01-31 06:00:00
QI-001312,PR-0003689,SKU-1217,P05,2025-04-25,137,4,Burn Marks,E153,Fail,2025-02-01 06:00:00
QI-001313,PR-0003694,SKU-1070,P01,2025-04-26,313,11,Flash,E029,Fail,2025-01-31 01:00:00
QI-001314,PR-0003697,SKU-1210,P01,2025-04-26,291,12,Short Shot,E013,Fail,2025-02-01 05:00:00
QI-001315,PR-0003700,SKU-1140,P02,2025-04-26,310,13,Flash,E062,Fail,2025-01-31 02:00:00
QI-001316,PR-0003704,SKU-1217,P02,2025-04-26,297,13,Flash,E062,Fail,2025-02-02 02:00:00
QI-001317,PR-0003707,SKU-1154,P03,2025-04-26,150,2,Short Shot,E088,Fail,2025-02-01 08:00:00
QI-001318,PR-0003710,SKU-1140,P03,2025-04-26,186,5,Burn Marks,E074,Fail,2025-02-01 06:00:00
QI-001319,PR-0003712,SKU-1266,P03,2025-04-26,301,15,Warping,E080,Fail,2025-02-02 14:00:00
QI-001320,PR-0003714,SKU-1091,P04,2025-04-26,138,5,Short Shot,E121,Fail,2025-02-01 09:00:00
QI-001321,PR-0003716,SKU-1168,P04,2025-04-26,143,7,Short Shot,E122,Fail,2025-01-31 04:00:00
QI-001322,PR-0003717,SKU-1280,P04,2025-04-26,176,3,Warping,E134,Fail,2025-02-02 00:00:00
QI-001323,PR-0003718,SKU-1231,P04,2025-04-26,267,10,Flash,E110,Fail,2025-02-02 17:00:00
QI-001324,PR-0003725,SKU-1112,P05,2025-04-26,182,6,Burn Marks,E152,Fail,2025-02-01 20:00:00
QI-001325,PR-0003728,SKU-1063,P01,2025-04-27,101,2,Sink Marks,E014,Fail,2025-02-02 02:00:00
QI-001326,PR-0003734,SKU-1091,P02,2025-04-27,231,10,Sink Marks,E051,Fail,2025-02-01 11:00:00
QI-001327,PR-0003738,SKU-1161,P03,2025-04-27,126,5,Short Shot,E080,Fail,2025-01-31 06:00:00
QI-001328,PR-0003739,SKU-1161,P03,2025-04-27,127,5,Warping,E076,Fail,2025-02-02 04:00:00
QI-001329,PR-0003740,SKU-1077,P03,2025-04-27,297,7,Flash,E074,Fail,2025-02-02 21:00:00
QI-001330,PR-0003743,SKU-1175,P03,2025-04-27,112,2,Flash,E098,Fail,2025-02-01 14:00:00
QI-001331,PR-0003744,SKU-1168,P03,2025-04-27,213,9,Sink Marks,E076,Fail,2025-02-01 06:00:00
QI-001332,PR-0003745,SKU-1070,P04,2025-04-27,247,5,Burn Marks,E117,Fail,2025-02-01 13:00:00
QI-001333,PR-0003746,SKU-1070,P04,2025-04-27,248,15,Short Shot,E125,Fail,2025-02-02 13:00:00
QI-001334,PR-0003747,SKU-1077,P04,2025-04-27,239,8,Short Shot,E142,Fail,2025-02-01 19:00:00
QI-001335,PR-0003750,SKU-1189,P04,2025-04-27,115,4,Warping,E132,Fail,2025-02-01 06:00:00
QI-001336,PR-0003756,SKU-1224,P05,2025-04-27,125,3,Sink Marks,E179,Fail,2025-02-01 04:00:00
QI-001337,PR-0003759,SKU-1252,P05,2025-04-27,295,14,Short Shot,E162,Fail,2025-02-02 19:00:00
QI-001338,PR-0003760,SKU-1252,P05,2025-04-27,296,9,Sink Marks,E179,Fail,2025-02-01 09:00:00
QI-001339,PR-0003761,SKU-1070,P01,2025-04-28,128,4,Cracking,E034,Fail,2025-02-01 05:00:00
QI-001340,PR-0003767,SKU-1252,P01,2025-04-28,252,10,Flash,E034,Fail,2025-01-31 01:00:00
QI-001341,PR-0003768,SKU-1252,P01,2025-04-28,253,7,Sink Marks,E015,Fail,2025-02-01 14:00:00
QI-001342,PR-0003773,SKU-1049,P02,2025-04-28,297,16,Short Shot,E062,Fail,2025-01-31 18:00:00
QI-001343,PR-0003776,SKU-1252,P03,2025-04-28,296,10,Short Shot,E098,Fail,2025-01-31 08:00:00
QI-001344,PR-0003777,SKU-1259,P03,2025-04-28,302,9,Flash,E108,Fail,2025-02-01 20:00:00
QI-001345,PR-0003779,SKU-1252,P03,2025-04-28,283,14,Sink Marks,E076,Fail,2025-01-31 19:00:00
QI-001346,PR-0003781,SKU-1133,P03,2025-04-28,243,5,Short Shot,E104,Fail,2025-01-31 05:00:00
QI-001347,PR-0003788,SKU-1126,P05,2025-04-28,259,12,Flash,E172,Fail,2025-01-31 21:00:00
QI-001348,PR-0003790,SKU-1189,P05,2025-04-28,156,4,Warping,E179,Fail,2025-01-31 09:00:00
QI-001349,PR-0003792,SKU-1182,P05,2025-04-28,152,5,Short Shot,E153,Fail,2025-01-31 16:00:00
QI-001350,PR-0003794,SKU-1028,P01,2025-04-29,322,7,Sink Marks,E006,Fail,2025-01-31 09:00:00
QI-001351,PR-0003796,SKU-1280,P01,2025-04-29,181,5,Cracking,E010,Fail,2025-01-31 06:00:00
QI-001352,PR-0003807,SKU-1224,P03,2025-04-29,139,4,Cracking,E103,Fail,2025-01-31 08:00:00
QI-001353,PR-0003808,SKU-1007,P03,2025-04-29,253,12,Warping,E084,Fail,2025-02-02 14:00:00
QI-001354,PR-0003820,SKU-1140,P05,2025-04-29,104,3,Flash,E171,Fail,2025-02-01 08:00:00
QI-001355,PR-0003822,SKU-1063,P05,2025-04-29,258,8,Flash,E162,Fail,2025-02-01 16:00:00
QI-001356,PR-0003825,SKU-1042,P05,2025-04-29,231,11,Warping,E152,Fail,2025-02-01 15:00:00
QI-001357,PR-0003826,SKU-1168,P05,2025-04-29,147,6,Burn Marks,E179,Fail,2025-01-31 14:00:00
QI-001358,PR-0003834,SKU-1182,P01,2025-04-30,310,5,Short Shot,E021,Fail,2025-01-31 20:00:00
QI-001359,PR-0003839,SKU-1007,P03,2025-04-30,141,5,Short Shot,E080,Fail,2025-02-02 08:00:00
QI-001360,PR-0003845,SKU-1147,P03,2025-04-30,222,3,Sink Marks,E078,Fail,2025-02-02 02:00:00
QI-001361,PR-0003846,SKU-1112,P04,2025-04-30,213,11,Warping,E110,Fail,2025-02-01 15:00:00
QI-001362,PR-0003847,SKU-1035,P04,2025-04-30,167,9,Burn Marks,E143,Fail,2025-02-01 14:00:00
QI-001363,PR-0003853,SKU-1028,P04,2025-04-30,244,10,Short Shot,E134,Fail,2025-02-02 04:00:00
QI-001364,PR-0003856,SKU-1091,P05,2025-04-30,107,4,Burn Marks,E172,Fail,2025-01-31 10:00:00
QI-001365,PR-0003862,SKU-1049,P01,2025-05-01,318,9,Flash,E029,Fail,2025-02-02 05:00:00
QI-001366,PR-0003868,SKU-1021,P02,2025-05-01,107,4,Flash,E043,Fail,2025-01-31 06:00:00
QI-001367,PR-0003869,SKU-1042,P02,2025-05-01,184,5,Burn Marks,E053,Fail,2025-02-01 07:00:00
QI-001368,PR-0003871,SKU-1224,P03,2025-05-01,245,7,Flash,E104,Fail,2025-01-31 02:00:00
QI-001369,PR-0003872,SKU-1021,P03,2025-05-01,232,10,Flash,E104,Fail,2025-02-02 17:00:00
QI-001370,PR-0003873,SKU-1175,P03,2025-05-01,245,9,Flash,E079,Fail,2025-02-01 15:00:00
QI-001371,PR-0003877,SKU-1028,P03,2025-05-01,125,3,Flash,E080,Fail,2025-02-01 19:00:00
QI-001372,PR-0003881,SKU-1252,P04,2025-05-01,184,9,Flash,E143,Fail,2025-02-02 14:00:00
QI-001373,PR-0003882,SKU-1028,P04,2025-05-01,303,7,Sink Marks,E132,Fail,2025-02-02 09:00:00
QI-001374,PR-0003888,SKU-1196,P05,2025-05-01,296,9,Sink Marks,E171,Fail,2025-02-01 03:00:00
QI-001375,PR-0003891,SKU-1161,P01,2025-05-02,208,6,Short Shot,E006,Fail,2025-01-31 03:00:00
QI-001376,PR-0003895,SKU-1231,P02,2025-05-02,271,8,Warping,E055,Fail,2025-02-02 22:00:00
QI-001377,PR-0003897,SKU-1245,P02,2025-05-02,230,7,Short Shot,E056,Fail,2025-02-02 20:00:00
QI-001378,PR-0003898,SKU-1245,P02,2025-05-02,230,8,Warping,E048,Fail,2025-01-31 03:00:00
QI-001379,PR-0003903,SKU-1049,P03,2025-05-02,123,3,Short Shot,E108,Fail,2025-02-01 22:00:00
QI-001380,PR-0003904,SKU-1266,P03,2025-05-02,180,7,Flash,E088,Fail,2025-02-01 04:00:00
QI-001381,PR-0003905,SKU-1266,P03,2025-05-02,181,7,Short Shot,E084,Fail,2025-02-01 20:00:00
QI-001382,PR-0003906,SKU-1042,P03,2025-05-02,257,5,Burn Marks,E088,Fail,2025-02-01 14:00:00
QI-001383,PR-0003912,SKU-1084,P04,2025-05-02,251,12,Short Shot,E111,Fail,2025-02-01 22:00:00
QI-001384,PR-0003913,SKU-1154,P04,2025-05-02,186,7,Short Shot,E139,Fail,2025-02-02 01:00:00
QI-001385,PR-0003919,SKU-1098,P05,2025-05-02,146,5,Flash,E163,Fail,2025-02-02 03:00:00
QI-001386,PR-0003920,SKU-1098,P05,2025-05-02,147,6,Flash,E179,Fail,2025-01-31 16:00:00
QI-001387,PR-0003921,SKU-1098,P01,2025-05-03,233,8,Sink Marks,E020,Fail,2025-01-31 10:00:00
QI-001388,PR-0003924,SKU-1259,P01,2025-05-03,257,10,Short Shot,E034,Fail,2025-02-02 13:00:00
QI-001389,PR-0003926,SKU-1189,P01,2025-05-03,180,2,Burn Marks,E020,Fail,2025-01-31 05:00:00
QI-001390,PR-0003929,SKU-1259,P02,2025-05-03,145,2,Burn Marks,E063,Fail,2025-01-31 15:00:00
QI-001391,PR-0003931,SKU-1252,P02,2025-05-03,289,14,Flash,E048,Fail,2025-02-02 05:00:00
QI-001392,PR-0003940,SKU-1189,P03,2025-05-03,251,6,Flash,E077,Fail,2025-02-01 02:00:00
QI-001393,PR-0003942,SKU-1259,P03,2025-05-03,295,8,Sink Marks,E074,Fail,2025-02-01 15:00:00
QI-001394,PR-0003949,SKU-1133,P04,2025-05-03,240,10,Warping,E111,Fail,2025-02-02 05:00:00
QI-001395,PR-0003952,SKU-1007,P05,2025-05-03,290,9,Warping,E153,Fail,2025-01-31 06:00:00
QI-001396,PR-0003954,SKU-1252,P05,2025-05-03,148,4,Flash,E155,Fail,2025-01-31 07:00:00
QI-001397,PR-0003955,SKU-1056,P05,2025-05-03,107,3,Short Shot,E153,Fail,2025-01-31 03:00:00
QI-001398,PR-0003956,SKU-1056,P05,2025-05-03,107,3,Short Shot,E148,Fail,2025-02-01 00:00:00
QI-001399,PR-0003959,SKU-1014,P01,2025-05-04,238,6,Flash,E028,Fail,2025-02-01 18:00:00
QI-001400,PR-0003964,SKU-1203,P01,2025-05-04,315,14,Cracking,E029,Fail,2025-02-02 05:00:00
QI-001401,PR-0003967,SKU-1028,P02,2025-05-04,256,11,Flash,E062,Fail,2025-02-02 13:00:00
QI-001402,PR-0003969,SKU-1154,P02,2025-05-04,294,10,Flash,E055,Fail,2025-01-31 20:00:00
QI-001403,PR-0003974,SKU-1042,P03,2025-05-04,309,11,Flash,E077,Fail,2025-02-01 10:00:00
QI-001404,PR-0003976,SKU-1259,P03,2025-05-04,203,4,Short Shot,E095,Fail,2025-02-01 22:00:00
QI-001405,PR-0003989,SKU-1238,P05,2025-05-04,219,6,Flash,E174,Fail,2025-02-01 02:00:00
QI-001406,PR-0003992,SKU-1224,P05,2025-05-04,210,8,Burn Marks,E172,Fail,2025-01-31 08:00:00
QI-001407,PR-0003993,SKU-1224,P05,2025-05-04,211,13,Sink Marks,E172,Fail,2025-02-02 18:00:00
QI-001408,PR-0003995,SKU-1063,P01,2025-05-05,117,5,Burn Marks,E029,Fail,2025-01-31 21:00:00
QI-001409,PR-0003996,SKU-1238,P01,2025-05-05,291,8,Flash,E013,Fail,2025-02-02 19:00:00
QI-001410,PR-0003997,SKU-1238,P01,2025-05-05,291,9,Short Shot,E016,Fail,2025-01-31 20:00:00
QI-001411,PR-0004000,SKU-1056,P01,2025-05-05,225,9,Short Shot,E016,Fail,2025-02-02 16:00:00
QI-001412,PR-0004003,SKU-1119,P02,2025-05-05,161,8,Short Shot,E051,Fail,2025-02-01 07:00:00
QI-001413,PR-0004008,SKU-1217,P02,2025-05-05,116,3,Flash,E051,Fail,2025-02-01 00:00:00
QI-001414,PR-0004009,SKU-1217,P02,2025-05-05,116,2,Sink Marks,E044,Fail,2025-01-31 15:00:00
QI-001415,PR-0004010,SKU-1070,P03,2025-05-05,116,3,Short Shot,E095,Fail,2025-02-02 00:00:00
QI-001416,PR-0004013,SKU-1112,P03,2025-05-05,263,9,Warping,E103,Fail,2025-02-01 18:00:00
QI-001417,PR-0004017,SKU-1063,P04,2025-05-05,230,14,Flash,E139,Fail,2025-02-02 18:00:00
QI-001418,PR-0004018,SKU-1063,P04,2025-05-05,231,12,Short Shot,E117,Fail,2025-02-01 13:00:00
QI-001419,PR-0004021,SKU-1007,P04,2025-05-05,193,5,Warping,E134,Fail,2025-02-01 22:00:00
QI-001420,PR-0004031,SKU-1245,P01,2025-05-06,159,4,Sink Marks,E021,Fail,2025-02-01 13:00:00
QI-001421,PR-0004032,SKU-1126,P01,2025-05-06,323,16,Flash,E029,Fail,2025-02-02 10:00:00
QI-001422,PR-0004035,SKU-1210,P01,2025-05-06,101,2,Short Shot,E009,Fail,2025-02-01 07:00:00
QI-001423,PR-0004039,SKU-1210,P02,2025-05-06,207,5,Short Shot,E056,Fail,2025-02-02 22:00:00
QI-001424,PR-0004040,SKU-1252,P02,2025-05-06,122,4,Warping,E040,Fail,2025-02-01 11:00:00
QI-001425,PR-0004044,SKU-1168,P03,2025-05-06,172,3,Cracking,E086,Fail,2025-02-02 09:00:00
QI-001426,PR-0004045,SKU-1056,P03,2025-05-06,152,4,Burn Marks,E098,Fail,2025-02-01 21:00:00
QI-001427,PR-0004046,SKU-1105,P03,2025-05-06,321,15,Sink Marks,E076,Fail,2025-02-01 12:00:00
QI-001428,PR-0004048,SKU-1266,P04,2025-05-06,213,11,Short Shot,E139,Fail,2025-02-02 16:00:00
QI-001429,PR-0004050,SKU-1007,P04,2025-05-06,205,11,Short Shot,E112,Fail,2025-01-31 16:00:00
QI-001430,PR-0004051,SKU-1147,P05,2025-05-06,131,7,Short Shot,E153,Fail,2025-01-31 04:00:00
QI-001431,PR-0004057,SKU-1140,P05,2025-05-06,287,15,Cracking,E172,Fail,2025-02-01 00:00:00
QI-001432,PR-0004058,SKU-1140,P05,2025-05-06,287,11,Flash,E171,Fail,2025-02-01 20:00:00
QI-001433,PR-0004067,SKU-1014,P02,2025-05-07,152,6,Flash,E062,Fail,2025-02-02 16:00:00
QI-001434,PR-0004073,SKU-1014,P03,2025-05-07,117,4,Short Shot,E080,Fail,2025-01-31 09:00:00
QI-001435,PR-0004074,SKU-1035,P03,2025-05-07,252,9,Short Shot,E074,Fail,2025-01-31 12:00:00
QI-001436,PR-0004076,SKU-1119,P04,2025-05-07,191,12,Short Shot,E122,Fail,2025-01-31 08:00:00
QI-001437,PR-0004078,SKU-1147,P04,2025-05-07,290,13,Warping,E140,Fail,2025-02-01 20:00:00
QI-001438,PR-0004081,SKU-1245,P05,2025-05-07,134,5,Short Shot,E148,Fail,2025-01-31 03:00:00
QI-001439,PR-0004087,SKU-1028,P01,2025-05-08,106,2,Flash,E028,Fail,2025-01-31 03:00:00
QI-001440,PR-0004088,SKU-1028,P01,2025-05-08,107,5,Sink Marks,E034,Fail,2025-02-01 05:00:00
QI-001441,PR-0004090,SKU-1154,P01,2025-05-08,239,4,Cracking,E009,Fail,2025-02-01 01:00:00
QI-001442,PR-0004094,SKU-1259,P02,2025-05-08,241,6,Short Shot,E040,Fail,2025-02-01 09:00:00
QI-001443,PR-0004096,SKU-1259,P02,2025-05-08,231,6,Flash,E043,Fail,2025-02-01 01:00:00
QI-001444,PR-0004100,SKU-1028,P03,2025-05-08,125,6,Short Shot,E092,Fail,2025-02-02 11:00:00
QI-001445,PR-0004106,SKU-1035,P03,2025-05-08,195,11,Short Shot,E077,Fail,2025-01-31 13:00:00
QI-001446,PR-0004107,SKU-1154,P04,2025-05-08,227,11,Flash,E139,Fail,2025-02-01 02:00:00
QI-001447,PR-0004113,SKU-1028,P05,2025-05-08,129,6,Burn Marks,E153,Fail,2025-02-01 15:00:00
QI-001448,PR-0004119,SKU-1084,P01,2025-05-09,245,7,Short Shot,E028,Fail,2025-02-01 21:00:00
QI-001449,PR-0004121,SKU-1189,P01,2025-05-09,266,6,Short Shot,E030,Fail,2025-02-02 04:00:00
QI-001450,PR-0004122,SKU-1070,P01,2025-05-09,265,8,Warping,E028,Fail,2025-01-31 17:00:00
QI-001451,PR-0004126,SKU-1063,P01,2025-05-09,214,7,Cracking,E028,Fail,2025-02-01 11:00:00
QI-001452,PR-0004128,SKU-1035,P02,2025-05-09,266,12,Short Shot,E053,Fail,2025-01-31 20:00:00
QI-001453,PR-0004129,SKU-1147,P02,2025-05-09,237,7,Short Shot,E043,Fail,2025-02-02 08:00:00
QI-001454,PR-0004132,SKU-1035,P02,2025-05-09,159,7,Warping,E054,Fail,2025-02-01 20:00:00
QI-001455,PR-0004136,SKU-1091,P03,2025-05-09,229,11,Short Shot,E083,Fail,2025-02-02 19:00:00
QI-001456,PR-0004138,SKU-1091,P03,2025-05-09,161,5,Short Shot,E103,Fail,2025-02-01 14:00:00
QI-001457,PR-0004140,SKU-1168,P04,2025-05-09,122,4,Flash,E137,Fail,2025-02-02 16:00:00
QI-001458,PR-0004141,SKU-1105,P04,2025-05-09,289,10,Burn Marks,E139,Fail,2025-02-02 06:00:00
QI-001459,PR-0004145,SKU-1189,P04,2025-05-09,269,8,Short Shot,E131,Fail,2025-01-31 06:00:00
QI-001460,PR-0004148,SKU-1161,P05,2025-05-09,280,9,Short Shot,E171,Fail,2025-01-31 10:00:00
QI-001461,PR-0004149,SKU-1119,P05,2025-05-09,298,10,Warping,E155,Fail,2025-01-31 09:00:00
QI-001462,PR-0004154,SKU-1049,P05,2025-05-09,266,8,Warping,E148,Fail,2025-01-31 07:00:00
QI-001463,PR-0004155,SKU-1021,P05,2025-05-09,242,10,Sink Marks,E174,Fail,2025-02-01 05:00:00
QI-001464,PR-0004157,SKU-1266,P01,2025-05-10,143,4,Flash,E034,Fail,2025-02-02 06:00:00
QI-001465,PR-0004159,SKU-1105,P01,2025-05-10,218,5,Short Shot,E028,Fail,2025-02-02 01:00:00
QI-001466,PR-0004164,SKU-1224,P02,2025-05-10,322,7,Flash,E055,Fail,2025-01-31 00:00:00
QI-001467,PR-0004177,SKU-1231,P04,2025-05-10,230,6,Flash,E115,Fail,2025-02-01 00:00:00
QI-001468,PR-0004179,SKU-1140,P04,2025-05-10,151,7,Short Shot,E115,Fail,2025-01-31 14:00:00
QI-001469,PR-0004181,SKU-1238,P04,2025-05-10,133,5,Warping,E119,Fail,2025-02-01 22:00:00
QI-001470,PR-0004183,SKU-1273,P04,2025-05-10,242,12,Short Shot,E134,Fail,2025-02-01 12:00:00
QI-001471,PR-0004186,SKU-1161,P05,2025-05-10,181,7,Sink Marks,E172,Fail,2025-02-02 09:00:00
QI-001472,PR-0004192,SKU-1168,P01,2025-05-11,159,4,Burn Marks,E020,Fail,2025-02-01 06:00:00
QI-001473,PR-0004194,SKU-1091,P01,2025-05-11,120,3,Short Shot,E001,Fail,2025-02-01 07:00:00
QI-001474,PR-0004196,SKU-1210,P02,2025-05-11,171,8,Short Shot,E056,Fail,2025-02-01 21:00:00
QI-001475,PR-0004198,SKU-1217,P02,2025-05-11,152,5,Sink Marks,E048,Fail,2025-01-31 09:00:00
QI-001476,PR-0004201,SKU-1238,P02,2025-05-11,160,7,Sink Marks,E044,Fail,2025-02-01 10:00:00
QI-001477,PR-0004204,SKU-1217,P02,2025-05-11,191,8,Short Shot,E068,Fail,2025-02-01 19:00:00
QI-001478,PR-0004207,SKU-1280,P03,2025-05-11,181,4,Short Shot,E103,Fail,2025-01-31 05:00:00
QI-001479,PR-0004214,SKU-1049,P04,2025-05-11,208,6,Warping,E131,Fail,2025-02-02 08:00:00
QI-001480,PR-0004217,SKU-1168,P04,2025-05-11,140,6,Short Shot,E117,Fail,2025-02-02 15:00:00
QI-001481,PR-0004220,SKU-1112,P05,2025-05-11,255,6,Short Shot,E152,Fail,2025-02-01 20:00:00
QI-001482,PR-0004221,SKU-1112,P05,2025-05-11,256,13,Sink Marks,E172,Fail,2025-02-02 04:00:00
QI-001483,PR-0004222,SKU-1098,P05,2025-05-11,270,10,Short Shot,E172,Fail,2025-01-31 11:00:00
QI-001484,PR-0004223,SKU-1280,P05,2025-05-11,202,6,Warping,E162,Fail,2025-01-31 08:00:00
QI-001485,PR-0004226,SKU-1119,P01,2025-05-12,214,5,Flash,E009,Fail,2025-01-31 12:00:00
QI-001486,PR-0004229,SKU-1112,P01,2025-05-12,192,5,Flash,E014,Fail,2025-02-02 13:00:00
QI-001487,PR-0004231,SKU-1035,P01,2025-05-12,220,9,Cracking,E026,Fail,2025-02-01 07:00:00
QI-001488,PR-0004236,SKU-1210,P02,2025-05-12,324,11,Flash,E068,Fail,2025-02-01 22:00:00
QI-001489,PR-0004237,SKU-1259,P02,2025-05-12,127,4,Burn Marks,E051,Fail,2025-02-02 15:00:00
QI-001490,PR-0004243,SKU-1252,P03,2025-05-12,181,6,Flash,E079,Fail,2025-02-02 11:00:00
QI-001491,PR-0004249,SKU-1252,P04,2025-05-12,268,8,Burn Marks,E122,Fail,2025-01-31 17:00:00
QI-001492,PR-0004251,SKU-1035,P04,2025-05-12,236,7,Sink Marks,E115,Fail,2025-02-01 05:00:00
QI-001493,PR-0004253,SKU-1245,P04,2025-05-12,187,9,Flash,E112,Fail,2025-02-02 12:00:00
QI-001494,PR-0004254,SKU-1014,P04,2025-05-12,181,7,Short Shot,E130,Fail,2025-01-31 02:00:00
QI-001495,PR-0004255,SKU-1014,P04,2025-05-12,181,7,Warping,E121,Fail,2025-02-01 03:00:00
QI-001496,PR-0004259,SKU-1189,P05,2025-05-12,212,8,Burn Marks,E153,Fail,2025-01-31 13:00:00
QI-001497,PR-0004260,SKU-1189,P05,2025-05-12,213,7,Sink Marks,E179,Fail,2025-02-02 14:00:00
QI-001498,PR-0004265,SKU-1028,P01,2025-05-13,201,5,Burn Marks,E028,Fail,2025-01-31 09:00:00
QI-001499,PR-0004267,SKU-1252,P01,2025-05-13,241,9,Sink Marks,E034,Fail,2025-02-02 18:00:00
QI-001500,PR-0004271,SKU-1259,P02,2025-05-13,305,17,Cracking,E056,Fail,2025-01-31 14:00:00
QI-001501,PR-0004273,SKU-1217,P02,2025-05-13,312,7,Sink Marks,E063,Fail,2025-02-01 08:00:00
QI-001502,PR-0004277,SKU-1042,P03,2025-05-13,287,12,Cracking,E084,Fail,2025-02-01 08:00:00
QI-001503,PR-0004279,SKU-1035,P03,2025-05-13,230,8,Warping,E084,Fail,2025-01-31 16:00:00
QI-001504,PR-0004281,SKU-1161,P03,2025-05-13,316,15,Flash,E074,Fail,2025-02-02 02:00:00
QI-001505,PR-0004282,SKU-1217,P04,2025-05-13,191,6,Sink Marks,E134,Fail,2025-02-02 20:00:00
QI-001506,PR-0004284,SKU-1161,P04,2025-05-13,109,5,Short Shot,E115,Fail,2025-02-01 15:00:00
QI-001507,PR-0004285,SKU-1161,P04,2025-05-13,110,4,Flash,E115,Fail,2025-02-01 13:00:00
QI-001508,PR-0004286,SKU-1224,P04,2025-05-13,275,14,Warping,E137,Fail,2025-01-31 05:00:00
QI-001509,PR-0004293,SKU-1266,P05,2025-05-13,307,3,Flash,E171,Fail,2025-02-02 17:00:00
QI-001510,PR-0004298,SKU-1252,P01,2025-05-14,199,6,Warping,E010,Fail,2025-02-01 09:00:00
QI-001511,PR-0004299,SKU-1252,P01,2025-05-14,199,5,Short Shot,E010,Fail,2025-02-01 07:00:00
QI-001512,PR-0004302,SKU-1266,P02,2025-05-14,300,10,Sink Marks,E053,Fail,2025-02-01 19:00:00
QI-001513,PR-0004305,SKU-1063,P02,2025-05-14,117,5,Flash,E062,Fail,2025-01-31 02:00:00
QI-001514,PR-0004309,SKU-1049,P02,2025-05-14,314,9,Flash,E051,Fail,2025-01-31 21:00:00
QI-001515,PR-0004310,SKU-1049,P02,2025-05-14,314,10,Flash,E067,Fail,2025-01-31 04:00:00
QI-001516,PR-0004317,SKU-1063,P04,2025-05-14,307,14,Cracking,E136,Fail,2025-01-31 03:00:00
QI-001517,PR-0004327,SKU-1280,P05,2025-05-14,240,7,Sink Marks,E148,Fail,2025-02-01 17:00:00
QI-001518,PR-0004328,SKU-1231,P05,2025-05-14,110,3,Short Shot,E174,Fail,2025-02-01 21:00:00
QI-001519,PR-0004330,SKU-1133,P01,2025-05-15,187,8,Flash,E017,Fail,2025-01-31 04:00:00
QI-001520,PR-0004333,SKU-1007,P01,2025-05-15,104,4,Sink Marks,E014,Fail,2025-02-01 16:00:00
QI-001521,PR-0004334,SKU-1259,P01,2025-05-15,139,3,Short Shot,E013,Fail,2025-01-31 07:00:00
QI-001522,PR-0004336,SKU-1070,P01,2025-05-15,229,5,Short Shot,E029,Fail,2025-02-02 07:00:00
QI-001523,PR-0004337,SKU-1021,P01,2025-05-15,201,6,Flash,E015,Fail,2025-02-01 10:00:00
QI-001524,PR-0004339,SKU-1126,P01,2025-05-15,319,8,Short Shot,E029,Fail,2025-02-01 06:00:00
QI-001525,PR-0004340,SKU-1126,P01,2025-05-15,319,10,Flash,E010,Fail,2025-01-31 05:00:00
QI-001526,PR-0004348,SKU-1042,P03,2025-05-15,231,5,Sink Marks,E088,Fail,2025-02-01 13:00:00
QI-001527,PR-0004350,SKU-1245,P03,2025-05-15,217,8,Sink Marks,E103,Fail,2025-02-01 14:00:00
QI-001528,PR-0004351,SKU-1245,P03,2025-05-15,218,5,Sink Marks,E074,Fail,2025-01-31 13:00:00
QI-001529,PR-0004352,SKU-1231,P03,2025-05-15,129,2,Flash,E098,Fail,2025-02-02 09:00:00
QI-001530,PR-0004353,SKU-1231,P03,2025-05-15,130,6,Flash,E080,Fail,2025-02-02 08:00:00
QI-001531,PR-0004354,SKU-1182,P03,2025-05-15,288,10,Short Shot,E096,Fail,2025-02-02 11:00:00
QI-001532,PR-0004358,SKU-1168,P04,2025-05-15,189,8,Flash,E131,Fail,2025-01-31 16:00:00
QI-001533,PR-0004362,SKU-1147,P05,2025-05-15,280,11,Sink Marks,E159,Fail,2025-02-02 19:00:00
QI-001534,PR-0004368,SKU-1098,P01,2025-05-16,320,8,Short Shot,E020,Fail,2025-02-01 01:00:00
QI-001535,PR-0004376,SKU-1063,P02,2025-05-16,264,9,Flash,E054,Fail,2025-01-31 22:00:00
QI-001536,PR-0004380,SKU-1091,P03,2025-05-16,146,7,Short Shot,E079,Fail,2025-02-02 16:00:00
QI-001537,PR-0004385,SKU-1217,P03,2025-05-16,160,4,Short Shot,E074,Fail,2025-02-01 01:00:00
QI-001538,PR-0004387,SKU-1105,P04,2025-05-16,205,8,Burn Marks,E140,Fail,2025-02-01 04:00:00
QI-001539,PR-0004388,SKU-1231,P04,2025-05-16,319,8,Short Shot,E133,Fail,2025-02-02 13:00:00
QI-001540,PR-0004393,SKU-1112,P05,2025-05-16,125,4,Flash,E147,Fail,2025-02-02 12:00:00
QI-001541,PR-0004394,SKU-1035,P05,2025-05-16,185,7,Sink Marks,E162,Fail,2025-02-02 02:00:00
QI-001542,PR-0004396,SKU-1021,P05,2025-05-16,184,4,Cracking,E148,Fail,2025-02-02 07:00:00
QI-001543,PR-0004397,SKU-1196,P05,2025-05-16,233,10,Cracking,E179,Fail,2025-01-31 04:00:00
QI-001544,PR-0004402,SKU-1203,P01,2025-05-17,293,7,Warping,E010,Fail,2025-02-02 19:00:00
QI-001545,PR-0004403,SKU-1203,P01,2025-05-17,293,7,Flash,E017,Fail,2025-02-01 14:00:00
QI-001546,PR-0004409,SKU-1112,P02,2025-05-17,125,5,Flash,E067,Fail,2025-02-01 03:00:00
QI-001547,PR-0004411,SKU-1203,P02,2025-05-17,279,14,Warping,E062,Fail,2025-01-31 03:00:00
QI-001548,PR-0004412,SKU-1077,P02,2025-05-17,281,15,Warping,E067,Fail,2025-01-31 07:00:00
QI-001549,PR-0004415,SKU-1273,P03,2025-05-17,235,8,Flash,E092,Fail,2025-01-31 12:00:00
QI-001550,PR-0004417,SKU-1280,P04,2025-05-17,133,4,Flash,E120,Fail,2025-02-01 17:00:00
QI-001551,PR-0004419,SKU-1091,P04,2025-05-17,275,10,Short Shot,E122,Fail,2025-02-02 09:00:00
QI-001552,PR-0004421,SKU-1168,P04,2025-05-17,261,12,Short Shot,E136,Fail,2025-02-01 17:00:00
QI-001553,PR-0004423,SKU-1070,P04,2025-05-17,182,5,Sink Marks,E134,Fail,2025-01-31 01:00:00
QI-001554,PR-0004427,SKU-1168,P05,2025-05-17,323,7,Warping,E152,Fail,2025-02-01 04:00:00
QI-001555,PR-0004428,SKU-1014,P05,2025-05-17,123,7,Sink Marks,E163,Fail,2025-01-31 01:00:00
QI-001556,PR-0004433,SKU-1245,P01,2025-05-18,297,9,Short Shot,E010,Fail,2025-02-01 18:00:00
QI-001557,PR-0004434,SKU-1182,P01,2025-05-18,318,13,Warping,E034,Fail,2025-02-01 21:00:00
QI-001558,PR-0004436,SKU-1238,P02,2025-05-18,261,6,Short Shot,E063,Fail,2025-02-01 18:00:00
QI-001559,PR-0004439,SKU-1077,P02,2025-05-18,115,4,Short Shot,E044,Fail,2025-02-02 20:00:00
QI-001560,PR-0004442,SKU-1126,P02,2025-05-18,270,8,Sink Marks,E051,Fail,2025-02-02 13:00:00
QI-001561,PR-0004444,SKU-1133,P03,2025-05-18,291,12,Short Shot,E077,Fail,2025-01-31 04:00:00
QI-001562,PR-0004445,SKU-1133,P03,2025-05-18,291,7,Short Shot,E095,Fail,2025-02-01 21:00:00
QI-001563,PR-0004447,SKU-1021,P03,2025-05-18,324,10,Flash,E095,Fail,2025-02-02 00:00:00
QI-001564,PR-0004448,SKU-1021,P03,2025-05-18,324,8,Short Shot,E084,Fail,2025-01-31 11:00:00
QI-001565,PR-0004452,SKU-1224,P04,2025-05-18,133,5,Sink Marks,E120,Fail,2025-02-02 12:00:00
QI-001566,PR-0004459,SKU-1077,P01,2025-05-19,293,10,Short Shot,E030,Fail,2025-01-31 08:00:00
QI-001567,PR-0004460,SKU-1049,P01,2025-05-19,316,11,Flash,E033,Fail,2025-02-02 07:00:00
QI-001568,PR-0004465,SKU-1203,P01,2025-05-19,174,5,Short Shot,E028,Fail,2025-02-01 13:00:00
QI-001569,PR-0004467,SKU-1280,P02,2025-05-19,181,4,Sink Marks,E067,Fail,2025-02-02 19:00:00
QI-001570,PR-0004469,SKU-1245,P02,2025-05-19,150,3,Short Shot,E068,Fail,2025-02-02 09:00:00
QI-001571,PR-0004470,SKU-1014,P02,2025-05-19,176,8,Short Shot,E062,Fail,2025-02-01 07:00:00
QI-001572,PR-0004473,SKU-1168,P03,2025-05-19,114,4,Sink Marks,E086,Fail,2025-02-01 03:00:00
QI-001573,PR-0004476,SKU-1021,P03,2025-05-19,219,5,Warping,E080,Fail,2025-01-31 13:00:00
QI-001574,PR-0004479,SKU-1126,P03,2025-05-19,274,12,Flash,E084,Fail,2025-01-31 17:00:00
QI-001575,PR-0004480,SKU-1224,P04,2025-05-19,294,12,Short Shot,E140,Fail,2025-02-01 16:00:00
QI-001576,PR-0004484,SKU-1056,P04,2025-05-19,290,10,Short Shot,E110,Fail,2025-02-02 08:00:00
QI-001577,PR-0004493,SKU-1161,P05,2025-05-19,103,3,Short Shot,E172,Fail,2025-02-01 15:00:00
QI-001578,PR-0004494,SKU-1105,P01,2025-05-20,286,9,Warping,E033,Fail,2025-01-31 08:00:00
QI-001579,PR-0004495,SKU-1105,P01,2025-05-20,286,9,Sink Marks,E021,Fail,2025-01-31 10:00:00
QI-001580,PR-0004497,SKU-1042,P01,2025-05-20,200,7,Warping,E029,Fail,2025-02-01 14:00:00
QI-001581,PR-0004503,SKU-1189,P02,2025-05-20,119,4,Flash,E054,Fail,2025-02-02 03:00:00
QI-001582,PR-0004505,SKU-1056,P02,2025-05-20,100,4,Flash,E067,Fail,2025-01-31 17:00:00
QI-001583,PR-0004506,SKU-1210,P02,2025-05-20,257,6,Flash,E055,Fail,2025-02-02 04:00:00
QI-001584,PR-0004512,SKU-1280,P04,2025-05-20,273,12,Flash,E133,Fail,2025-01-31 16:00:00
QI-001585,PR-0004515,SKU-1140,P04,2025-05-20,154,5,Warping,E117,Fail,2025-02-01 13:00:00
QI-001586,PR-0004523,SKU-1238,P01,2025-05-21,100,2,Short Shot,E016,Fail,2025-02-02 06:00:00
QI-001587,PR-0004529,SKU-1112,P02,2025-05-21,198,8,Short Shot,E055,Fail,2025-02-02 10:00:00
QI-001588,PR-0004533,SKU-1098,P02,2025-05-21,242,5,Short Shot,E044,Fail,2025-01-31 05:00:00
QI-001589,PR-0004535,SKU-1042,P03,2025-05-21,123,3,Flash,E080,Fail,2025-02-02 08:00:00
QI-001590,PR-0004539,SKU-1021,P03,2025-05-21,272,13,Flash,E084,Fail,2025-01-31 10:00:00
QI-001591,PR-0004547,SKU-1063,P04,2025-05-21,134,6,Warping,E112,Fail,2025-02-01 15:00:00
QI-001592,PR-0004551,SKU-1189,P05,2025-05-21,301,5,Flash,E162,Fail,2025-01-31 00:00:00
QI-001593,PR-0004554,SKU-1168,P05,2025-05-21,194,4,Flash,E175,Fail,2025-02-01 07:00:00
QI-001594,PR-0004556,SKU-1056,P01,2025-05-22,250,11,Flash,E029,Fail,2025-02-02 13:00:00
QI-001595,PR-0004561,SKU-1154,P01,2025-05-22,230,6,Burn Marks,E021,Fail,2025-02-02 17:00:00
QI-001596,PR-0004562,SKU-1154,P01,2025-05-22,231,5,Flash,E029,Fail,2025-02-02 19:00:00
QI-001597,PR-0004564,SKU-1217,P02,2025-05-22,287,14,Short Shot,E051,Fail,2025-02-01 18:00:00
QI-001598,PR-0004573,SKU-1056,P04,2025-05-22,220,5,Short Shot,E131,Fail,2025-02-01 09:00:00
QI-001599,PR-0004574,SKU-1056,P04,2025-05-22,221,6,Short Shot,E142,Fail,2025-02-02 04:00:00
QI-001600,PR-0004576,SKU-1049,P04,2025-05-22,215,10,Burn Marks,E133,Fail,2025-02-01 11:00:00
QI-001601,PR-0004578,SKU-1056,P04,2025-05-22,103,2,Flash,E136,Fail,2025-02-01 19:00:00
QI-001602,PR-0004581,SKU-1231,P05,2025-05-22,227,7,Flash,E159,Fail,2025-02-01 11:00:00
QI-001603,PR-0004584,SKU-1070,P05,2025-05-22,150,6,Short Shot,E152,Fail,2025-02-02 20:00:00
QI-001604,PR-0004585,SKU-1070,P05,2025-05-22,150,5,Cracking,E148,Fail,2025-01-31 13:00:00
QI-001605,PR-0004590,SKU-1098,P01,2025-05-23,187,6,Short Shot,E001,Fail,2025-02-01 18:00:00
QI-001606,PR-0004591,SKU-1189,P02,2025-05-23,302,11,Flash,E048,Fail,2025-01-31 08:00:00
QI-001607,PR-0004594,SKU-1007,P02,2025-05-23,222,8,Flash,E058,Fail,2025-02-01 20:00:00
QI-001608,PR-0004596,SKU-1021,P02,2025-05-23,283,11,Cracking,E048,Fail,2025-02-02 13:00:00
QI-001609,PR-0004597,SKU-1056,P02,2025-05-23,122,4,Burn Marks,E067,Fail,2025-02-02 15:00:00
QI-001610,PR-0004598,SKU-1056,P02,2025-05-23,122,6,Short Shot,E051,Fail,2025-02-02 21:00:00
QI-001611,PR-0004599,SKU-1210,P03,2025-05-23,141,5,Warping,E103,Fail,2025-02-02 18:00:00
QI-001612,PR-0004602,SKU-1007,P03,2025-05-23,194,6,Warping,E096,Fail,2025-01-31 09:00:00
QI-001613,PR-0004604,SKU-1182,P03,2025-05-23,129,3,Short Shot,E074,Fail,2025-02-02 04:00:00
QI-001614,PR-0004607,SKU-1238,P03,2025-05-23,208,7,Short Shot,E076,Fail,2025-02-01 01:00:00
QI-001615,PR-0004608,SKU-1238,P03,2025-05-23,208,5,Short Shot,E074,Fail,2025-01-31 09:00:00
QI-001616,PR-0004609,SKU-1133,P04,2025-05-23,135,4,Flash,E117,Fail,2025-02-02 15:00:00
QI-001617,PR-0004611,SKU-1007,P04,2025-05-23,303,9,Short Shot,E119,Fail,2025-02-01 19:00:00
QI-001618,PR-0004613,SKU-1133,P04,2025-05-23,100,2,Flash,E132,Fail,2025-01-31 22:00:00
QI-001619,PR-0004615,SKU-1028,P05,2025-05-23,169,6,Flash,E152,Fail,2025-01-31 04:00:00
QI-001620,PR-0004622,SKU-1280,P01,2025-05-24,283,14,Sink Marks,E010,Fail,2025-02-01 21:00:00
QI-001621,PR-0004624,SKU-1098,P01,2025-05-24,117,4,Warping,E020,Fail,2025-02-01 14:00:00
QI-001622,PR-0004625,SKU-1070,P01,2025-05-24,219,3,Burn Marks,E020,Fail,2025-02-01 17:00:00
QI-001623,PR-0004626,SKU-1070,P01,2025-05-24,220,8,Flash,E034,Fail,2025-02-01 04:00:00
QI-001624,PR-0004628,SKU-1063,P01,2025-05-24,167,4,Burn Marks,E028,Fail,2025-01-31 16:00:00
QI-001625,PR-0004632,SKU-1273,P02,2025-05-24,145,3,Flash,E067,Fail,2025-01-31 21:00:00
QI-001626,PR-0004633,SKU-1056,P02,2025-05-24,272,12,Sink Marks,E054,Fail,2025-01-31 06:00:00
QI-001627,PR-0004635,SKU-1238,P03,2025-05-24,178,6,Sink Marks,E103,Fail,2025-01-31 07:00:00
QI-001628,PR-0004647,SKU-1147,P05,2025-05-24,250,14,Burn Marks,E153,Fail,2025-02-01 14:00:00
QI-001629,PR-0004650,SKU-1210,P05,2025-05-24,233,11,Flash,E164,Fail,2025-01-31 06:00:00
QI-001630,PR-0004654,SKU-1203,P01,2025-05-25,289,11,Sink Marks,E026,Fail,2025-02-02 20:00:00
QI-001631,PR-0004656,SKU-1245,P01,2025-05-25,118,5,Short Shot,E014,Fail,2025-02-01 03:00:00
QI-001632,PR-0004657,SKU-1217,P01,2025-05-25,175,7,Flash,E017,Fail,2025-02-01 09:00:00
QI-001633,PR-0004660,SKU-1161,P02,2025-05-25,317,14,Short Shot,E054,Fail,2025-01-31 20:00:00
QI-001634,PR-0004661,SKU-1224,P02,2025-05-25,211,10,Burn Marks,E056,Fail,2025-02-01 10:00:00
QI-001635,PR-0004663,SKU-1140,P02,2025-05-25,263,10,Flash,E067,Fail,2025-02-01 18:00:00
QI-001636,PR-0004670,SKU-1175,P03,2025-05-25,247,12,Sink Marks,E077,Fail,2025-02-01 07:00:00
QI-001637,PR-0004671,SKU-1070,P03,2025-05-25,200,7,Flash,E092,Fail,2025-02-01 15:00:00
QI-001638,PR-0004672,SKU-1140,P03,2025-05-25,221,5,Short Shot,E074,Fail,2025-02-01 10:00:00
QI-001639,PR-0004677,SKU-1196,P04,2025-05-25,296,16,Flash,E121,Fail,2025-01-31 11:00:00
QI-001640,PR-0004678,SKU-1182,P05,2025-05-25,247,8,Warping,E148,Fail,2025-02-02 02:00:00
QI-001641,PR-0004680,SKU-1105,P05,2025-05-25,215,8,Short Shot,E179,Fail,2025-02-01 15:00:00
QI-001642,PR-0004683,SKU-1105,P01,2025-05-26,160,2,Sink Marks,E034,Fail,2025-01-31 20:00:00
QI-001643,PR-0004684,SKU-1070,P01,2025-05-26,238,10,Burn Marks,E034,Fail,2025-02-01 16:00:00
QI-001644,PR-0004685,SKU-1238,P01,2025-05-26,140,4,Sink Marks,E010,Fail,2025-02-01 04:00:00
QI-001645,PR-0004686,SKU-1210,P02,2025-05-26,245,9,Flash,E054,Fail,2025-01-31 21:00:00
QI-001646,PR-0004692,SKU-1161,P03,2025-05-26,261,15,Sink Marks,E092,Fail,2025-02-02 21:00:00
QI-001647,PR-0004694,SKU-1252,P03,2025-05-26,237,10,Flash,E095,Fail,2025-02-01 04:00:00
QI-001648,PR-0004695,SKU-1049,P03,2025-05-26,220,6,Flash,E098,Fail,2025-01-31 07:00:00
QI-001649,PR-0004699,SKU-1168,P05,2025-05-26,198,9,Short Shot,E155,Fail,2025-02-01 01:00:00
QI-001650,PR-0004702,SKU-1273,P05,2025-05-26,200,7,Flash,E148,Fail,2025-02-02 04:00:00
QI-001651,PR-0004711,SKU-1154,P02,2025-05-27,126,3,Burn Marks,E067,Fail,2025-02-02 07:00:00
QI-001652,PR-0004721,SKU-1182,P03,2025-05-27,166,6,Sink Marks,E103,Fail,2025-02-02 06:00:00
QI-001653,PR-0004722,SKU-1217,P03,2025-05-27,203,4,Short Shot,E103,Fail,2025-01-31 20:00:00
QI-001654,PR-0004724,SKU-1189,P03,2025-05-27,286,8,Short Shot,E074,Fail,2025-02-02 15:00:00
QI-001655,PR-0004727,SKU-1140,P03,2025-05-27,302,14,Warping,E074,Fail,2025-02-02 04:00:00
QI-001656,PR-0004731,SKU-1189,P04,2025-05-27,259,7,Warping,E132,Fail,2025-02-01 04:00:00
QI-001657,PR-0004732,SKU-1182,P04,2025-05-27,175,7,Flash,E120,Fail,2025-02-02 03:00:00
QI-001658,PR-0004734,SKU-1161,P04,2025-05-27,160,7,Short Shot,E112,Fail,2025-02-02 14:00:00
QI-001659,PR-0004736,SKU-1245,P05,2025-05-27,303,8,Short Shot,E164,Fail,2025-01-31 03:00:00
QI-001660,PR-0004737,SKU-1042,P05,2025-05-27,224,7,Flash,E161,Fail,2025-02-02 10:00:00
QI-001661,PR-0004749,SKU-1070,P02,2025-05-28,232,5,Cracking,E053,Fail,2025-02-02 08:00:00
QI-001662,PR-0004752,SKU-1112,P03,2025-05-28,158,3,Burn Marks,E074,Fail,2025-02-02 08:00:00
QI-001663,PR-0004753,SKU-1140,P03,2025-05-28,168,6,Short Shot,E108,Fail,2025-01-31 22:00:00
QI-001664,PR-0004754,SKU-1056,P03,2025-05-28,158,4,Short Shot,E095,Fail,2025-02-02 09:00:00
QI-001665,PR-0004755,SKU-1154,P04,2025-05-28,152,5,Flash,E119,Fail,2025-02-02 06:00:00
QI-001666,PR-0004756,SKU-1126,P04,2025-05-28,166,5,Warping,E130,Fail,2025-02-01 04:00:00
QI-001667,PR-0004758,SKU-1098,P04,2025-05-28,200,10,Short Shot,E112,Fail,2025-01-31 14:00:00
QI-001668,PR-0004760,SKU-1245,P04,2025-05-28,307,11,Flash,E143,Fail,2025-02-01 01:00:00
QI-001669,PR-0004768,SKU-1161,P05,2025-05-28,172,7,Flash,E175,Fail,2025-02-02 17:00:00
QI-001670,PR-0004776,SKU-1259,P02,2025-05-29,201,5,Short Shot,E056,Fail,2025-02-01 21:00:00
QI-001671,PR-0004777,SKU-1119,P02,2025-05-29,205,4,Sink Marks,E063,Fail,2025-02-01 10:00:00
QI-001672,PR-0004784,SKU-1280,P03,2025-05-29,166,6,Cracking,E103,Fail,2025-02-01 08:00:00
QI-001673,PR-0004787,SKU-1259,P03,2025-05-29,216,9,Short Shot,E074,Fail,2025-01-31 02:00:00
QI-001674,PR-0004798,SKU-1021,P05,2025-05-29,136,2,Warping,E171,Fail,2025-01-31 10:00:00
QI-001675,PR-0004801,SKU-1028,P01,2025-05-30,297,10,Sink Marks,E007,Fail,2025-02-01 15:00:00
QI-001676,PR-0004802,SKU-1154,P01,2025-05-30,268,7,Flash,E021,Fail,2025-02-01 08:00:00
QI-001677,PR-0004803,SKU-1161,P01,2025-05-30,173,7,Flash,E029,Fail,2025-01-31 22:00:00
QI-001678,PR-0004808,SKU-1175,P02,2025-05-30,219,9,Cracking,E044,Fail,2025-01-31 14:00:00
QI-001679,PR-0004814,SKU-1133,P03,2025-05-30,203,4,Warping,E078,Fail,2025-01-31 00:00:00
QI-001680,PR-0004815,SKU-1042,P03,2025-05-30,280,12,Flash,E074,Fail,2025-02-01 01:00:00
QI-001681,PR-0004816,SKU-1042,P03,2025-05-30,281,6,Burn Marks,E092,Fail,2025-02-02 15:00:00
QI-001682,PR-0004817,SKU-1280,P04,2025-05-30,298,11,Burn Marks,E143,Fail,2025-02-02 01:00:00
QI-001683,PR-0004821,SKU-1056,P04,2025-05-30,109,5,Flash,E119,Fail,2025-01-31 22:00:00
QI-001684,PR-0004827,SKU-1161,P05,2025-05-30,154,4,Sink Marks,E175,Fail,2025-01-31 11:00:00
QI-001685,PR-0004829,SKU-1196,P05,2025-05-30,267,10,Cracking,E152,Fail,2025-02-02 04:00:00
QI-001686,PR-0004832,SKU-1266,P01,2025-05-31,272,8,Short Shot,E030,Fail,2025-02-02 02:00:00
QI-001687,PR-0004833,SKU-1056,P01,2025-05-31,251,9,Short Shot,E016,Fail,2025-01-31 10:00:00
QI-001688,PR-0004836,SKU-1161,P01,2025-05-31,137,3,Burn Marks,E017,Fail,2025-01-31 16:00:00
QI-001689,PR-0004837,SKU-1245,P01,2025-05-31,295,7,Burn Marks,E015,Fail,2025-02-02 11:00:00
QI-001690,PR-0004841,SKU-1070,P02,2025-05-31,172,3,Flash,E058,Fail,2025-02-02 13:00:00
QI-001691,PR-0004843,SKU-1245,P03,2025-05-31,300,9,Flash,E074,Fail,2025-02-02 00:00:00
QI-001692,PR-0004844,SKU-1049,P03,2025-05-31,123,2,Sink Marks,E108,Fail,2025-02-02 04:00:00
QI-001693,PR-0004847,SKU-1210,P03,2025-05-31,231,7,Flash,E103,Fail,2025-02-02 03:00:00
QI-001694,PR-0004849,SKU-1049,P03,2025-05-31,204,5,Burn Marks,E080,Fail,2025-02-02 01:00:00
QI-001695,PR-0004853,SKU-1077,P04,2025-05-31,129,4,Warping,E131,Fail,2025-02-01 20:00:00
QI-001696,PR-0004859,SKU-1098,P04,2025-05-31,192,12,Short Shot,E140,Fail,2025-01-31 02:00:00
QI-001697,PR-0004863,SKU-1133,P05,2025-05-31,157,3,Warping,E153,Fail,2025-02-01 22:00:00
QI-001698,PR-0004868,SKU-1259,P01,2025-06-01,129,2,Cracking,E009,Fail,2025-02-01 02:00:00
QI-001699,PR-0004872,SKU-1154,P02,2025-06-01,296,9,Warping,E067,Fail,2025-01-31 03:00:00
QI-001700,PR-0004874,SKU-1168,P03,2025-06-01,273,9,Cracking,E084,Fail,2025-01-31 08:00:00
QI-001701,PR-0004876,SKU-1168,P03,2025-06-01,124,3,Flash,E079,Fail,2025-01-31 01:00:00
QI-001702,PR-0004882,SKU-1126,P04,2025-06-01,256,10,Short Shot,E110,Fail,2025-02-01 00:00:00
QI-001703,PR-0004883,SKU-1091,P04,2025-06-01,215,11,Flash,E139,Fail,2025-02-01 20:00:00
QI-001704,PR-0004885,SKU-1007,P04,2025-06-01,103,3,Flash,E110,Fail,2025-01-31 14:00:00
QI-001705,PR-0004886,SKU-1273,P04,2025-06-01,252,7,Short Shot,E137,Fail,2025-02-01 12:00:00
QI-001706,PR-0004887,SKU-1273,P04,2025-06-01,253,10,Flash,E111,Fail,2025-02-02 08:00:00
QI-001707,PR-0004889,SKU-1063,P05,2025-06-01,100,2,Flash,E163,Fail,2025-02-02 04:00:00
QI-001708,PR-0004891,SKU-1049,P01,2025-06-02,238,8,Flash,E034,Fail,2025-02-01 08:00:00
QI-001709,PR-0004893,SKU-1140,P01,2025-06-02,159,2,Short Shot,E020,Fail,2025-02-02 22:00:00
QI-001710,PR-0004895,SKU-1259,P01,2025-06-02,118,5,Burn Marks,E033,Fail,2025-02-02 12:00:00
QI-001711,PR-0004899,SKU-1238,P02,2025-06-02,190,3,Sink Marks,E068,Fail,2025-02-01 08:00:00
QI-001712,PR-0004904,SKU-1028,P02,2025-06-02,220,9,Cracking,E044,Fail,2025-02-02 00:00:00
QI-001713,PR-0004912,SKU-1280,P04,2025-06-02,270,13,Warping,E122,Fail,2025-02-01 07:00:00
QI-001714,PR-0004915,SKU-1273,P04,2025-06-02,119,3,Warping,E131,Fail,2025-01-31 12:00:00
QI-001715,PR-0004920,SKU-1259,P05,2025-06-02,322,10,Flash,E153,Fail,2025-02-01 18:00:00
QI-001716,PR-0004921,SKU-1042,P05,2025-06-02,152,7,Cracking,E153,Fail,2025-01-31 12:00:00
QI-001717,PR-0004925,SKU-1175,P01,2025-06-03,278,12,Flash,E034,Fail,2025-01-31 00:00:00
QI-001718,PR-0004928,SKU-1217,P01,2025-06-03,116,5,Warping,E034,Fail,2025-02-01 14:00:00
QI-001719,PR-0004933,SKU-1133,P03,2025-06-03,246,13,Flash,E092,Fail,2025-02-01 14:00:00
QI-001720,PR-0004935,SKU-1189,P03,2025-06-03,127,3,Warping,E083,Fail,2025-02-01 00:00:00
QI-001721,PR-0004940,SKU-1203,P03,2025-06-03,267,14,Flash,E076,Fail,2025-02-01 03:00:00
QI-001722,PR-0004942,SKU-1042,P04,2025-06-03,237,6,Burn Marks,E130,Fail,2025-02-02 15:00:00
QI-001723,PR-0004943,SKU-1042,P04,2025-06-03,238,8,Sink Marks,E112,Fail,2025-01-31 16:00:00
QI-001724,PR-0004952,SKU-1112,P05,2025-06-03,105,2,Flash,E174,Fail,2025-02-01 09:00:00
QI-001725,PR-0004954,SKU-1126,P01,2025-06-04,205,10,Short Shot,E020,Fail,2025-02-01 22:00:00
QI-001726,PR-0004955,SKU-1035,P01,2025-06-04,245,10,Cracking,E028,Fail,2025-01-31 04:00:00
QI-001727,PR-0004958,SKU-1203,P01,2025-06-04,167,5,Burn Marks,E034,Fail,2025-01-31 21:00:00
QI-001728,PR-0004959,SKU-1098,P02,2025-06-04,299,12,Short Shot,E063,Fail,2025-02-01 01:00:00
QI-001729,PR-0004960,SKU-1098,P02,2025-06-04,299,8,Flash,E067,Fail,2025-01-31 19:00:00
QI-001730,PR-0004961,SKU-1042,P02,2025-06-04,253,9,Flash,E044,Fail,2025-02-01 19:00:00
QI-001731,PR-0004964,SKU-1126,P02,2025-06-04,208,7,Flash,E054,Fail,2025-02-02 14:00:00
QI-001732,PR-0004965,SKU-1126,P02,2025-06-04,208,9,Short Shot,E067,Fail,2025-02-02 22:00:00
QI-001733,PR-0004967,SKU-1210,P03,2025-06-04,306,12,Cracking,E080,Fail,2025-02-02 03:00:00
QI-001734,PR-0004969,SKU-1203,P03,2025-06-04,309,15,Sink Marks,E079,Fail,2025-02-02 02:00:00
QI-001735,PR-0004970,SKU-1056,P03,2025-06-04,202,7,Sink Marks,E074,Fail,2025-02-01 04:00:00
QI-001736,PR-0004971,SKU-1161,P03,2025-06-04,148,4,Warping,E098,Fail,2025-01-31 00:00:00
QI-001737,PR-0004974,SKU-1126,P04,2025-06-04,153,5,Cracking,E139,Fail,2025-02-02 07:00:00
QI-001738,PR-0004976,SKU-1133,P04,2025-06-04,250,5,Flash,E119,Fail,2025-01-31 14:00:00
QI-001739,PR-0004978,SKU-1217,P04,2025-06-04,205,9,Burn Marks,E112,Fail,2025-01-31 07:00:00
QI-001740,PR-0004979,SKU-1014,P05,2025-06-04,257,11,Short Shot,E175,Fail,2025-02-01 12:00:00
QI-001741,PR-0004980,SKU-1014,P05,2025-06-04,257,8,Sink Marks,E152,Fail,2025-02-01 09:00:00
QI-001742,PR-0004981,SKU-1084,P05,2025-06-04,129,4,Flash,E147,Fail,2025-01-31 15:00:00
QI-001743,PR-0004986,SKU-1028,P01,2025-06-05,317,14,Cracking,E026,Fail,2025-01-31 12:00:00
QI-001744,PR-0004987,SKU-1028,P01,2025-06-05,317,9,Warping,E026,Fail,2025-02-01 02:00:00
QI-001745,PR-0004990,SKU-1049,P01,2025-06-05,217,11,Sink Marks,E029,Fail,2025-02-01 03:00:00
QI-001746,PR-0004991,SKU-1049,P01,2025-06-05,217,3,Flash,E009,Fail,2025-02-01 15:00:00
QI-001747,PR-0004992,SKU-1224,P01,2025-06-05,313,8,Warping,E009,Fail,2025-02-01 00:00:00
QI-001748,PR-0004996,SKU-1147,P02,2025-06-05,317,9,Sink Marks,E053,Fail,2025-02-02 02:00:00
QI-001749,PR-0004997,SKU-1077,P02,2025-06-05,115,5,Cracking,E068,Fail,2025-02-01 03:00:00
QI-001750,PR-0005001,SKU-1182,P03,2025-06-05,199,5,Cracking,E103,Fail,2025-02-02 10:00:00
QI-001751,PR-0005002,SKU-1168,P03,2025-06-05,307,7,Warping,E104,Fail,2025-01-31 05:00:00
QI-001752,PR-0005005,SKU-1280,P03,2025-06-05,292,5,Flash,E096,Fail,2025-01-31 01:00:00
QI-001753,PR-0005006,SKU-1266,P04,2025-06-05,277,11,Burn Marks,E132,Fail,2025-01-31 09:00:00
QI-001754,PR-0005012,SKU-1259,P04,2025-06-05,278,11,Cracking,E139,Fail,2025-02-02 16:00:00
QI-001755,PR-0005014,SKU-1147,P05,2025-06-05,291,8,Flash,E163,Fail,2025-02-01 03:00:00
QI-001756,PR-0005016,SKU-1217,P05,2025-06-05,195,3,Short Shot,E152,Fail,2025-02-02 11:00:00
QI-001757,PR-0005021,SKU-1098,P01,2025-06-06,275,10,Sink Marks,E009,Fail,2025-02-02 00:00:00
QI-001758,PR-0005023,SKU-1126,P01,2025-06-06,323,15,Sink Marks,E030,Fail,2025-01-31 14:00:00
QI-001759,PR-0005025,SKU-1112,P01,2025-06-06,297,9,Flash,E016,Fail,2025-02-02 10:00:00
QI-001760,PR-0005028,SKU-1168,P02,2025-06-06,111,4,Sink Marks,E048,Fail,2025-02-02 00:00:00
QI-001761,PR-0005031,SKU-1245,P02,2025-06-06,178,5,Flash,E058,Fail,2025-01-31 14:00:00
QI-001762,PR-0005034,SKU-1028,P03,2025-06-06,260,6,Sink Marks,E098,Fail,2025-02-01 16:00:00
QI-001763,PR-0005036,SKU-1028,P03,2025-06-06,280,6,Short Shot,E103,Fail,2025-02-02 19:00:00
QI-001764,PR-0005040,SKU-1231,P03,2025-06-06,207,10,Flash,E080,Fail,2025-02-01 00:00:00
QI-001765,PR-0005047,SKU-1049,P04,2025-06-06,106,2,Sink Marks,E142,Fail,2025-02-01 03:00:00
QI-001766,PR-0005048,SKU-1238,P04,2025-06-06,166,5,Sink Marks,E140,Fail,2025-02-02 13:00:00
QI-001767,PR-0005050,SKU-1231,P04,2025-06-06,221,7,Flash,E143,Fail,2025-02-02 08:00:00
QI-001768,PR-0005051,SKU-1014,P05,2025-06-06,272,9,Flash,E153,Fail,2025-02-02 01:00:00
QI-001769,PR-0005057,SKU-1112,P05,2025-06-06,269,10,Burn Marks,E179,Fail,2025-01-31 16:00:00
QI-001770,PR-0005063,SKU-1259,P01,2025-06-07,261,11,Warping,E029,Fail,2025-02-01 14:00:00
QI-001771,PR-0005070,SKU-1098,P02,2025-06-07,260,7,Short Shot,E040,Fail,2025-01-31 00:00:00
QI-001772,PR-0005071,SKU-1098,P02,2025-06-07,260,6,Short Shot,E053,Fail,2025-01-31 08:00:00
QI-001773,PR-0005083,SKU-1189,P03,2025-06-07,307,9,Burn Marks,E104,Fail,2025-02-01 19:00:00
QI-001774,PR-0005090,SKU-1203,P04,2025-06-07,302,7,Sink Marks,E131,Fail,2025-02-02 02:00:00
QI-001775,PR-0005094,SKU-1035,P05,2025-06-07,218,7,Flash,E148,Fail,2025-01-31 18:00:00
QI-001776,PR-0005096,SKU-1161,P05,2025-06-07,105,6,Flash,E153,Fail,2025-02-02 17:00:00
QI-001777,PR-0005098,SKU-1168,P05,2025-06-07,323,15,Warping,E164,Fail,2025-02-01 10:00:00
QI-001778,PR-0005101,SKU-1203,P01,2025-06-08,264,8,Warping,E026,Fail,2025-02-01 07:00:00
QI-001779,PR-0005102,SKU-1224,P01,2025-06-08,323,7,Flash,E015,Fail,2025-02-02 09:00:00
QI-001780,PR-0005104,SKU-1266,P02,2025-06-08,178,4,Short Shot,E054,Fail,2025-01-31 09:00:00
QI-001781,PR-0005107,SKU-1147,P02,2025-06-08,301,10,Flash,E067,Fail,2025-02-01 15:00:00
QI-001782,PR-0005108,SKU-1112,P02,2025-06-08,203,7,Sink Marks,E048,Fail,2025-01-31 17:00:00
QI-001783,PR-0005112,SKU-1189,P02,2025-06-08,275,6,Burn Marks,E058,Fail,2025-02-01 17:00:00
QI-001784,PR-0005113,SKU-1189,P02,2025-06-08,275,11,Sink Marks,E062,Fail,2025-01-31 15:00:00
QI-001785,PR-0005115,SKU-1126,P03,2025-06-08,151,7,Burn Marks,E104,Fail,2025-02-01 08:00:00
QI-001786,PR-0005117,SKU-1084,P03,2025-06-08,320,8,Short Shot,E074,Fail,2025-02-01 12:00:00
QI-001787,PR-0005123,SKU-1063,P04,2025-06-08,252,11,Flash,E119,Fail,2025-02-02 07:00:00
QI-001788,PR-0005128,SKU-1266,P05,2025-06-08,219,8,Flash,E172,Fail,2025-02-02 15:00:00
QI-001789,PR-0005129,SKU-1266,P05,2025-06-08,220,6,Burn Marks,E152,Fail,2025-01-31 10:00:00
QI-001790,PR-0005130,SKU-1238,P01,2025-06-09,242,5,Cracking,E029,Fail,2025-02-02 20:00:00
QI-001791,PR-0005131,SKU-1168,P01,2025-06-09,133,5,Sink Marks,E034,Fail,2025-02-01 02:00:00
QI-001792,PR-0005138,SKU-1154,P02,2025-06-09,283,10,Flash,E053,Fail,2025-02-02 05:00:00
QI-001793,PR-0005140,SKU-1273,P02,2025-06-09,120,2,Flash,E058,Fail,2025-02-02 14:00:00
QI-001794,PR-0005142,SKU-1147,P03,2025-06-09,201,5,Warping,E086,Fail,2025-02-01 13:00:00
QI-001795,PR-0005145,SKU-1105,P04,2025-06-09,276,9,Flash,E119,Fail,2025-02-01 12:00:00
QI-001796,PR-0005148,SKU-1077,P04,2025-06-09,253,9,Flash,E112,Fail,2025-01-31 16:00:00
QI-001797,PR-0005149,SKU-1077,P04,2025-06-09,253,10,Flash,E132,Fail,2025-02-02 15:00:00
QI-001798,PR-0005150,SKU-1182,P04,2025-06-09,271,15,Flash,E142,Fail,2025-01-31 02:00:00
QI-001799,PR-0005151,SKU-1210,P04,2025-06-09,174,4,Sink Marks,E137,Fail,2025-02-02 01:00:00
QI-001800,PR-0005154,SKU-1203,P05,2025-06-09,319,14,Warping,E153,Fail,2025-02-02 08:00:00
QI-001801,PR-0005156,SKU-1070,P05,2025-06-09,195,7,Flash,E162,Fail,2025-02-02 07:00:00
QI-001802,PR-0005157,SKU-1091,P05,2025-06-09,135,8,Sink Marks,E153,Fail,2025-02-01 00:00:00
QI-001803,PR-0005159,SKU-1007,P01,2025-06-10,239,9,Flash,E029,Fail,2025-02-01 13:00:00
QI-001804,PR-0005164,SKU-1210,P02,2025-06-10,221,9,Short Shot,E067,Fail,2025-02-02 17:00:00
QI-001805,PR-0005165,SKU-1133,P02,2025-06-10,114,2,Short Shot,E067,Fail,2025-02-02 08:00:00
QI-001806,PR-0005166,SKU-1133,P02,2025-06-10,114,2,Flash,E040,Fail,2025-02-02 18:00:00
QI-001807,PR-0005167,SKU-1196,P02,2025-06-10,248,9,Burn Marks,E053,Fail,2025-02-02 03:00:00
QI-001808,PR-0005171,SKU-1084,P02,2025-06-10,264,11,Short Shot,E048,Fail,2025-01-31 16:00:00
QI-001809,PR-0005172,SKU-1028,P03,2025-06-10,184,5,Sink Marks,E080,Fail,2025-01-31 03:00:00
QI-001810,PR-0005173,SKU-1028,P03,2025-06-10,185,5,Cracking,E074,Fail,2025-02-02 17:00:00
QI-001811,PR-0005180,SKU-1217,P04,2025-06-10,107,3,Flash,E142,Fail,2025-01-31 13:00:00
QI-001812,PR-0005183,SKU-1154,P04,2025-06-10,229,12,Flash,E134,Fail,2025-02-01 10:00:00
QI-001813,PR-0005191,SKU-1280,P05,2025-06-10,244,8,Warping,E148,Fail,2025-02-02 22:00:00
QI-001814,PR-0005194,SKU-1091,P01,2025-06-11,285,9,Short Shot,E001,Fail,2025-01-31 13:00:00
QI-001815,PR-0005196,SKU-1077,P01,2025-06-11,146,5,Warping,E029,Fail,2025-02-02 18:00:00
QI-001816,PR-0005197,SKU-1077,P01,2025-06-11,147,3,Short Shot,E030,Fail,2025-02-02 17:00:00
QI-001817,PR-0005199,SKU-1182,P02,2025-06-11,241,8,Sink Marks,E053,Fail,2025-02-01 07:00:00
QI-001818,PR-0005201,SKU-1217,P02,2025-06-11,178,7,Cracking,E054,Fail,2025-02-01 21:00:00
QI-001819,PR-0005204,SKU-1280,P03,2025-06-11,144,3,Cracking,E103,Fail,2025-02-01 17:00:00
QI-001820,PR-0005205,SKU-1280,P03,2025-06-11,144,5,Warping,E103,Fail,2025-02-01 04:00:00
QI-001821,PR-0005208,SKU-1042,P03,2025-06-11,191,6,Burn Marks,E080,Fail,2025-02-01 00:00:00
QI-001822,PR-0005209,SKU-1077,P04,2025-06-11,260,7,Short Shot,E111,Fail,2025-01-31 16:00:00
QI-001823,PR-0005210,SKU-1231,P04,2025-06-11,240,10,Warping,E115,Fail,2025-02-01 22:00:00
QI-001824,PR-0005215,SKU-1126,P05,2025-06-11,226,10,Short Shot,E153,Fail,2025-01-31 01:00:00
QI-001825,PR-0005217,SKU-1196,P05,2025-06-11,210,11,Sink Marks,E175,Fail,2025-02-02 21:00:00
QI-001826,PR-0005218,SKU-1021,P05,2025-06-11,122,5,Sink Marks,E162,Fail,2025-01-31 07:00:00
QI-001827,PR-0005219,SKU-1021,P05,2025-06-11,122,5,Flash,E163,Fail,2025-02-02 06:00:00
QI-001828,PR-0005224,SKU-1266,P01,2025-06-12,228,5,Burn Marks,E020,Fail,2025-01-31 22:00:00
QI-001829,PR-0005225,SKU-1196,P01,2025-06-12,154,3,Warping,E007,Fail,2025-02-01 21:00:00
QI-001830,PR-0005231,SKU-1007,P02,2025-06-12,169,4,Short Shot,E040,Fail,2025-02-02 13:00:00
QI-001831,PR-0005232,SKU-1042,P02,2025-06-12,275,15,Burn Marks,E051,Fail,2025-02-02 06:00:00
QI-001832,PR-0005235,SKU-1056,P03,2025-06-12,231,6,Flash,E108,Fail,2025-02-02 02:00:00
QI-001833,PR-0005240,SKU-1133,P03,2025-06-12,266,8,Sink Marks,E086,Fail,2025-02-02 00:00:00
QI-001834,PR-0005244,SKU-1112,P04,2025-06-12,154,8,Cracking,E122,Fail,2025-01-31 03:00:00
QI-001835,PR-0005246,SKU-1203,P04,2025-06-12,155,5,Short Shot,E130,Fail,2025-01-31 04:00:00
QI-001836,PR-0005251,SKU-1189,P05,2025-06-12,151,4,Burn Marks,E152,Fail,2025-01-31 06:00:00
QI-001837,PR-0005254,SKU-1182,P01,2025-06-13,121,3,Short Shot,E034,Fail,2025-01-31 12:00:00
QI-001838,PR-0005257,SKU-1028,P01,2025-06-13,219,6,Sink Marks,E001,Fail,2025-02-02 02:00:00
QI-001839,PR-0005260,SKU-1084,P02,2025-06-13,134,4,Warping,E062,Fail,2025-02-02 09:00:00
QI-001840,PR-0005262,SKU-1273,P02,2025-06-13,171,9,Warping,E054,Fail,2025-01-31 08:00:00
QI-001841,PR-0005264,SKU-1105,P02,2025-06-13,213,9,Warping,E040,Fail,2025-02-01 06:00:00
QI-001842,PR-0005265,SKU-1007,P02,2025-06-13,134,2,Burn Marks,E068,Fail,2025-02-02 03:00:00
QI-001843,PR-0005274,SKU-1161,P04,2025-06-13,135,3,Sink Marks,E131,Fail,2025-02-01 16:00:00
QI-001844,PR-0005278,SKU-1105,P04,2025-06-13,172,4,Warping,E115,Fail,2025-02-01 10:00:00
QI-001845,PR-0005280,SKU-1056,P05,2025-06-13,248,6,Warping,E163,Fail,2025-01-31 16:00:00
QI-001846,PR-0005289,SKU-1182,P01,2025-06-14,210,6,Cracking,E010,Fail,2025-01-31 12:00:00
QI-001847,PR-0005290,SKU-1007,P02,2025-06-14,119,5,Short Shot,E062,Fail,2025-01-31 12:00:00
QI-001848,PR-0005291,SKU-1007,P02,2025-06-14,119,4,Short Shot,E058,Fail,2025-02-02 22:00:00
QI-001849,PR-0005292,SKU-1154,P02,2025-06-14,259,6,Short Shot,E043,Fail,2025-01-31 04:00:00
QI-001850,PR-0005295,SKU-1217,P02,2025-06-14,238,8,Burn Marks,E044,Fail,2025-02-02 16:00:00
QI-001851,PR-0005297,SKU-1098,P02,2025-06-14,275,12,Short Shot,E051,Fail,2025-02-02 22:00:00
QI-001852,PR-0005298,SKU-1161,P02,2025-06-14,229,4,Flash,E043,Fail,2025-02-01 01:00:00
QI-001853,PR-0005301,SKU-1175,P03,2025-06-14,218,7,Short Shot,E078,Fail,2025-02-01 01:00:00
QI-001854,PR-0005306,SKU-1112,P03,2025-06-14,253,11,Warping,E086,Fail,2025-02-01 19:00:00
QI-001855,PR-0005307,SKU-1210,P03,2025-06-14,211,6,Short Shot,E103,Fail,2025-02-02 12:00:00
QI-001856,PR-0005309,SKU-1028,P04,2025-06-14,213,6,Cracking,E115,Fail,2025-02-01 02:00:00
QI-001857,PR-0005311,SKU-1210,P04,2025-06-14,206,6,Warping,E112,Fail,2025-02-02 01:00:00
QI-001858,PR-0005317,SKU-1175,P05,2025-06-14,142,6,Flash,E153,Fail,2025-02-02 01:00:00
QI-001859,PR-0005321,SKU-1070,P01,2025-06-15,312,9,Flash,E016,Fail,2025-01-31 03:00:00
QI-001860,PR-0005323,SKU-1189,P01,2025-06-15,103,3,Flash,E017,Fail,2025-01-31 18:00:00
QI-001861,PR-0005324,SKU-1252,P01,2025-06-15,142,4,Cracking,E009,Fail,2025-02-02 05:00:00
QI-001862,PR-0005325,SKU-1105,P02,2025-06-15,279,13,Flash,E048,Fail,2025-01-31 16:00:00
QI-001863,PR-0005327,SKU-1189,P02,2025-06-15,265,4,Flash,E068,Fail,2025-01-31 18:00:00
QI-001864,PR-0005328,SKU-1189,P02,2025-06-15,266,6,Warping,E067,Fail,2025-02-01 01:00:00
QI-001865,PR-0005333,SKU-1098,P02,2025-06-15,140,5,Short Shot,E067,Fail,2025-02-02 00:00:00
QI-001866,PR-0005334,SKU-1238,P03,2025-06-15,312,7,Sink Marks,E098,Fail,2025-01-31 14:00:00
QI-001867,PR-0005338,SKU-1112,P04,2025-06-15,220,9,Sink Marks,E143,Fail,2025-01-31 15:00:00
QI-001868,PR-0005344,SKU-1147,P05,2025-06-15,245,6,Sink Marks,E152,Fail,2025-02-01 12:00:00
QI-001869,PR-0005346,SKU-1252,P05,2025-06-15,170,10,Short Shot,E153,Fail,2025-02-02 22:00:00
QI-001870,PR-0005350,SKU-1021,P05,2025-06-15,247,9,Warping,E155,Fail,2025-01-31 10:00:00
QI-001871,PR-0005351,SKU-1021,P05,2025-06-15,248,8,Cracking,E148,Fail,2025-02-02 01:00:00
QI-001872,PR-0005355,SKU-1203,P01,2025-06-16,265,11,Flash,E030,Fail,2025-02-02 17:00:00
QI-001873,PR-0005358,SKU-1049,P02,2025-06-16,315,10,Burn Marks,E067,Fail,2025-02-01 01:00:00
QI-001874,PR-0005359,SKU-1189,P02,2025-06-16,313,16,Warping,E048,Fail,2025-02-01 17:00:00
QI-001875,PR-0005360,SKU-1028,P02,2025-06-16,210,5,Warping,E067,Fail,2025-01-31 13:00:00
QI-001876,PR-0005361,SKU-1273,P02,2025-06-16,118,5,Burn Marks,E056,Fail,2025-02-02 02:00:00
QI-001877,PR-0005362,SKU-1196,P02,2025-06-16,245,6,Short Shot,E044,Fail,2025-02-01 08:00:00
QI-001878,PR-0005364,SKU-1189,P02,2025-06-16,320,11,Flash,E067,Fail,2025-02-02 10:00:00
QI-001879,PR-0005373,SKU-1273,P04,2025-06-16,160,6,Cracking,E115,Fail,2025-02-01 12:00:00
QI-001880,PR-0005375,SKU-1154,P05,2025-06-16,116,5,Short Shot,E172,Fail,2025-02-01 05:00:00
QI-001881,PR-0005376,SKU-1021,P05,2025-06-16,194,9,Short Shot,E152,Fail,2025-01-31 11:00:00
QI-001882,PR-0005380,SKU-1245,P05,2025-06-16,184,5,Short Shot,E152,Fail,2025-02-01 10:00:00
QI-001883,PR-0005384,SKU-1105,P01,2025-06-17,115,2,Flash,E017,Fail,2025-01-31 07:00:00
QI-001884,PR-0005388,SKU-1182,P02,2025-06-17,178,8,Short Shot,E040,Fail,2025-02-01 05:00:00
QI-001885,PR-0005391,SKU-1196,P02,2025-06-17,126,4,Sink Marks,E062,Fail,2025-02-01 22:00:00
QI-001886,PR-0005392,SKU-1266,P02,2025-06-17,184,9,Flash,E048,Fail,2025-02-01 04:00:00
QI-001887,PR-0005394,SKU-1098,P03,2025-06-17,140,5,Flash,E108,Fail,2025-01-31 14:00:00
QI-001888,PR-0005395,SKU-1252,P03,2025-06-17,134,4,Flash,E103,Fail,2025-02-02 18:00:00
QI-001889,PR-0005397,SKU-1224,P03,2025-06-17,180,6,Flash,E078,Fail,2025-02-01 22:00:00
QI-001890,PR-0005401,SKU-1007,P03,2025-06-17,148,5,Warping,E080,Fail,2025-02-02 18:00:00
QI-001891,PR-0005403,SKU-1070,P04,2025-06-17,206,9,Flash,E122,Fail,2025-02-02 02:00:00
QI-001892,PR-0005404,SKU-1189,P04,2025-06-17,172,5,Flash,E142,Fail,2025-02-01 05:00:00
QI-001893,PR-0005405,SKU-1119,P04,2025-06-17,160,5,Warping,E141,Fail,2025-02-01 19:00:00
QI-001894,PR-0005409,SKU-1266,P04,2025-06-17,195,8,Flash,E122,Fail,2025-02-02 11:00:00
QI-001895,PR-0005413,SKU-1028,P05,2025-06-17,156,5,Flash,E171,Fail,2025-01-31 12:00:00
QI-001896,PR-0005418,SKU-1203,P01,2025-06-18,173,3,Flash,E033,Fail,2025-01-31 06:00:00
QI-001897,PR-0005419,SKU-1280,P01,2025-06-18,203,8,Flash,E030,Fail,2025-02-01 22:00:00
QI-001898,PR-0005420,SKU-1280,P01,2025-06-18,203,10,Short Shot,E014,Fail,2025-01-31 20:00:00
QI-001899,PR-0005434,SKU-1154,P03,2025-06-18,166,7,Short Shot,E084,Fail,2025-02-01 12:00:00
QI-001900,PR-0005436,SKU-1266,P03,2025-06-18,294,10,Flash,E092,Fail,2025-02-01 16:00:00
QI-001901,PR-0005438,SKU-1210,P03,2025-06-18,136,4,Warping,E092,Fail,2025-02-02 00:00:00
QI-001902,PR-0005440,SKU-1147,P04,2025-06-18,130,2,Sink Marks,E132,Fail,2025-02-02 00:00:00
QI-001903,PR-0005445,SKU-1028,P05,2025-06-18,109,2,Flash,E174,Fail,2025-02-02 13:00:00
QI-001904,PR-0005449,SKU-1133,P01,2025-06-19,284,15,Warping,E034,Fail,2025-02-02 15:00:00
QI-001905,PR-0005450,SKU-1133,P01,2025-06-19,284,11,Warping,E029,Fail,2025-02-01 14:00:00
QI-001906,PR-0005451,SKU-1035,P01,2025-06-19,247,3,Burn Marks,E017,Fail,2025-02-01 19:00:00
QI-001907,PR-0005454,SKU-1203,P01,2025-06-19,158,7,Sink Marks,E013,Fail,2025-02-02 21:00:00
QI-001908,PR-0005455,SKU-1049,P02,2025-06-19,210,5,Burn Marks,E053,Fail,2025-01-31 07:00:00
QI-001909,PR-0005463,SKU-1133,P03,2025-06-19,142,5,Burn Marks,E083,Fail,2025-01-31 00:00:00
QI-001910,PR-0005464,SKU-1133,P03,2025-06-19,143,8,Flash,E076,Fail,2025-02-02 18:00:00
QI-001911,PR-0005466,SKU-1084,P03,2025-06-19,297,10,Flash,E074,Fail,2025-02-01 20:00:00
QI-001912,PR-0005467,SKU-1175,P03,2025-06-19,156,5,Burn Marks,E078,Fail,2025-02-02 15:00:00
QI-001913,PR-0005472,SKU-1147,P05,2025-06-19,273,9,Warping,E172,Fail,2025-02-01 10:00:00
QI-001914,PR-0005473,SKU-1266,P05,2025-06-19,189,4,Flash,E171,Fail,2025-01-31 04:00:00
QI-001915,PR-0005475,SKU-1063,P05,2025-06-19,312,15,Flash,E159,Fail,2025-01-31 20:00:00
QI-001916,PR-0005478,SKU-1168,P05,2025-06-19,140,6,Sink Marks,E162,Fail,2025-01-31 08:00:00
QI-001917,PR-0005485,SKU-1245,P01,2025-06-20,310,4,Burn Marks,E020,Fail,2025-02-01 08:00:00
QI-001918,PR-0005487,SKU-1056,P01,2025-06-20,245,11,Sink Marks,E033,Fail,2025-02-01 17:00:00
QI-001919,PR-0005488,SKU-1154,P02,2025-06-20,204,9,Cracking,E067,Fail,2025-02-01 06:00:00
QI-001920,PR-0005489,SKU-1063,P02,2025-06-20,199,8,Flash,E067,Fail,2025-02-02 19:00:00
QI-001921,PR-0005491,SKU-1084,P02,2025-06-20,191,13,Short Shot,E054,Fail,2025-01-31 07:00:00
QI-001922,PR-0005493,SKU-1259,P02,2025-06-20,307,10,Flash,E051,Fail,2025-02-01 02:00:00
QI-001923,PR-0005495,SKU-1077,P03,2025-06-20,315,14,Sink Marks,E076,Fail,2025-02-01 19:00:00
QI-001924,PR-0005499,SKU-1266,P03,2025-06-20,175,6,Flash,E076,Fail,2025-02-01 14:00:00
QI-001925,PR-0005502,SKU-1042,P04,2025-06-20,181,6,Flash,E125,Fail,2025-01-31 14:00:00
QI-001926,PR-0005506,SKU-1252,P04,2025-06-20,268,10,Flash,E133,Fail,2025-02-01 09:00:00
QI-001927,PR-0005511,SKU-1119,P05,2025-06-20,244,11,Short Shot,E163,Fail,2025-02-02 08:00:00
QI-001928,PR-0005512,SKU-1049,P05,2025-06-20,181,10,Warping,E179,Fail,2025-01-31 15:00:00
QI-001929,PR-0005513,SKU-1175,P05,2025-06-20,318,9,Sink Marks,E153,Fail,2025-02-02 18:00:00
QI-001930,PR-0005518,SKU-1217,P01,2025-06-21,305,14,Warping,E014,Fail,2025-02-01 00:00:00
QI-001931,PR-0005519,SKU-1084,P01,2025-06-21,151,6,Cracking,E034,Fail,2025-02-02 08:00:00
QI-001932,PR-0005520,SKU-1273,P01,2025-06-21,269,10,Sink Marks,E029,Fail,2025-01-31 02:00:00
QI-001933,PR-0005521,SKU-1112,P01,2025-06-21,205,9,Warping,E006,Fail,2025-01-31 22:00:00
QI-001934,PR-0005522,SKU-1266,P01,2025-06-21,317,8,Warping,E001,Fail,2025-02-01 14:00:00
QI-001935,PR-0005523,SKU-1105,P01,2025-06-21,187,5,Flash,E009,Fail,2025-02-01 08:00:00
QI-001936,PR-0005531,SKU-1126,P03,2025-06-21,311,13,Sink Marks,E103,Fail,2025-02-01 07:00:00
QI-001937,PR-0005532,SKU-1182,P03,2025-06-21,269,5,Short Shot,E074,Fail,2025-02-02 02:00:00
QI-001938,PR-0005534,SKU-1077,P03,2025-06-21,202,7,Cracking,E079,Fail,2025-02-02 17:00:00
QI-001939,PR-0005535,SKU-1028,P03,2025-06-21,127,4,Flash,E084,Fail,2025-02-02 02:00:00
QI-001940,PR-0005536,SKU-1203,P03,2025-06-21,217,6,Burn Marks,E088,Fail,2025-02-01 16:00:00
QI-001941,PR-0005541,SKU-1126,P05,2025-06-21,109,2,Burn Marks,E162,Fail,2025-02-01 14:00:00
QI-001942,PR-0005542,SKU-1126,P05,2025-06-21,110,3,Warping,E153,Fail,2025-02-02 14:00:00
QI-001943,PR-0005544,SKU-1189,P05,2025-06-21,292,8,Flash,E155,Fail,2025-02-01 18:00:00
QI-001944,PR-0005548,SKU-1231,P05,2025-06-21,184,8,Flash,E148,Fail,2025-02-01 06:00:00
QI-001945,PR-0005553,SKU-1049,P01,2025-06-22,278,7,Flash,E020,Fail,2025-02-02 15:00:00
QI-001946,PR-0005556,SKU-1154,P01,2025-06-22,134,3,Warping,E016,Fail,2025-02-01 22:00:00
QI-001947,PR-0005561,SKU-1063,P02,2025-06-22,210,8,Flash,E044,Fail,2025-02-02 09:00:00
QI-001948,PR-0005562,SKU-1063,P02,2025-06-22,210,6,Flash,E056,Fail,2025-01-31 16:00:00
QI-001949,PR-0005564,SKU-1182,P03,2025-06-22,272,12,Short Shot,E080,Fail,2025-02-01 02:00:00
QI-001950,PR-0005565,SKU-1168,P03,2025-06-22,196,6,Warping,E074,Fail,2025-02-01 10:00:00
QI-001951,PR-0005570,SKU-1147,P05,2025-06-22,314,8,Short Shot,E148,Fail,2025-02-02 04:00:00
QI-001952,PR-0005571,SKU-1245,P05,2025-06-22,258,7,Burn Marks,E153,Fail,2025-02-01 06:00:00
QI-001953,PR-0005572,SKU-1245,P05,2025-06-22,258,6,Sink Marks,E148,Fail,2025-02-02 08:00:00
QI-001954,PR-0005574,SKU-1105,P05,2025-06-22,285,13,Flash,E161,Fail,2025-01-31 08:00:00
QI-001955,PR-0005576,SKU-1014,P05,2025-06-22,190,9,Sink Marks,E148,Fail,2025-02-02 15:00:00
QI-001956,PR-0005580,SKU-1196,P01,2025-06-23,152,4,Flash,E021,Fail,2025-01-31 12:00:00
QI-001957,PR-0005585,SKU-1105,P02,2025-06-23,109,3,Sink Marks,E053,Fail,2025-01-31 02:00:00
QI-001958,PR-0005587,SKU-1063,P02,2025-06-23,141,3,Cracking,E063,Fail,2025-02-01 05:00:00
QI-001959,PR-0005590,SKU-1238,P02,2025-06-23,121,3,Flash,E055,Fail,2025-02-01 01:00:00
QI-001960,PR-0005597,SKU-1014,P03,2025-06-23,232,6,Short Shot,E079,Fail,2025-02-01 00:00:00
QI-001961,PR-0005599,SKU-1126,P04,2025-06-23,251,10,Flash,E139,Fail,2025-02-01 00:00:00
QI-001962,PR-0005600,SKU-1070,P04,2025-06-23,212,9,Cracking,E143,Fail,2025-02-02 01:00:00
QI-001963,PR-0005601,SKU-1077,P04,2025-06-23,264,8,Warping,E131,Fail,2025-02-01 06:00:00
QI-001964,PR-0005603,SKU-1224,P04,2025-06-23,235,13,Short Shot,E142,Fail,2025-02-02 06:00:00
QI-001965,PR-0005604,SKU-1224,P04,2025-06-23,235,12,Flash,E122,Fail,2025-01-31 13:00:00
QI-001966,PR-0005606,SKU-1056,P04,2025-06-23,111,3,Short Shot,E121,Fail,2025-01-31 05:00:00
QI-001967,PR-0005607,SKU-1217,P04,2025-06-23,314,9,Short Shot,E119,Fail,2025-02-01 18:00:00
QI-001968,PR-0005608,SKU-1217,P04,2025-06-23,314,18,Flash,E112,Fail,2025-02-01 12:00:00
QI-001969,PR-0005609,SKU-1168,P05,2025-06-23,113,4,Short Shot,E155,Fail,2025-02-01 19:00:00
QI-001970,PR-0005619,SKU-1154,P02,2025-06-24,317,11,Short Shot,E051,Fail,2025-01-31 22:00:00
QI-001971,PR-0005622,SKU-1280,P02,2025-06-24,294,6,Flash,E040,Fail,2025-01-31 11:00:00
QI-001972,PR-0005623,SKU-1280,P02,2025-06-24,295,9,Sink Marks,E068,Fail,2025-01-31 00:00:00
QI-001973,PR-0005624,SKU-1238,P02,2025-06-24,249,10,Cracking,E068,Fail,2025-02-02 19:00:00
QI-001974,PR-0005627,SKU-1021,P02,2025-06-24,256,6,Flash,E067,Fail,2025-02-01 06:00:00
QI-001975,PR-0005630,SKU-1224,P03,2025-06-24,117,5,Flash,E076,Fail,2025-02-02 22:00:00
QI-001976,PR-0005634,SKU-1077,P03,2025-06-24,316,11,Flash,E092,Fail,2025-02-01 20:00:00
QI-001977,PR-0005636,SKU-1077,P04,2025-06-24,315,18,Burn Marks,E133,Fail,2025-01-31 04:00:00
QI-001978,PR-0005638,SKU-1147,P04,2025-06-24,241,11,Warping,E143,Fail,2025-02-01 15:00:00
QI-001979,PR-0005639,SKU-1147,P04,2025-06-24,241,9,Flash,E142,Fail,2025-01-31 11:00:00
QI-001980,PR-0005644,SKU-1112,P05,2025-06-24,188,4,Flash,E148,Fail,2025-01-31 01:00:00
QI-001981,PR-0005645,SKU-1049,P05,2025-06-24,218,6,Cracking,E153,Fail,2025-02-02 03:00:00
QI-001982,PR-0005646,SKU-1049,P05,2025-06-24,218,5,Sink Marks,E162,Fail,2025-01-31 15:00:00
QI-001983,PR-0005647,SKU-1259,P05,2025-06-24,261,9,Sink Marks,E172,Fail,2025-02-02 18:00:00
QI-001984,PR-0005650,SKU-1028,P01,2025-06-25,197,5,Flash,E021,Fail,2025-02-02 15:00:00
QI-001985,PR-0005652,SKU-1252,P01,2025-06-25,287,9,Cracking,E030,Fail,2025-02-02 04:00:00
QI-001986,PR-0005653,SKU-1252,P01,2025-06-25,287,8,Sink Marks,E001,Fail,2025-02-02 20:00:00
QI-001987,PR-0005654,SKU-1049,P01,2025-06-25,308,6,Flash,E016,Fail,2025-02-02 04:00:00
QI-001988,PR-0005655,SKU-1049,P01,2025-06-25,308,12,Sink Marks,E013,Fail,2025-02-01 08:00:00
QI-001989,PR-0005656,SKU-1049,P02,2025-06-25,320,16,Flash,E054,Fail,2025-02-02 19:00:00
QI-001990,PR-0005657,SKU-1049,P02,2025-06-25,321,8,Flash,E058,Fail,2025-02-01 19:00:00
QI-001991,PR-0005660,SKU-1175,P02,2025-06-25,162,4,Flash,E067,Fail,2025-02-01 17:00:00
QI-001992,PR-0005662,SKU-1231,P03,2025-06-25,100,3,Warping,E079,Fail,2025-02-01 04:00:00
QI-001993,PR-0005666,SKU-1224,P03,2025-06-25,313,14,Sink Marks,E103,Fail,2025-02-02 01:00:00
QI-001994,PR-0005667,SKU-1231,P03,2025-06-25,256,8,Short Shot,E103,Fail,2025-01-31 02:00:00
QI-001995,PR-0005668,SKU-1231,P03,2025-06-25,257,4,Flash,E083,Fail,2025-02-01 14:00:00
QI-001996,PR-0005670,SKU-1273,P04,2025-06-25,289,8,Flash,E134,Fail,2025-02-01 21:00:00
QI-001997,PR-0005672,SKU-1217,P04,2025-06-25,164,6,Short Shot,E122,Fail,2025-02-02 07:00:00
QI-001998,PR-0005677,SKU-1224,P05,2025-06-25,227,5,Flash,E159,Fail,2025-01-31 20:00:00
QI-001999,PR-0005680,SKU-1035,P05,2025-06-25,298,11,Burn Marks,E174,Fail,2025-01-31 19:00:00
QI-002000,PR-0005686,SKU-1021,P01,2025-06-26,125,3,Flash,E028,Fail,2025-01-31 22:00:00
QI-002001,PR-0005688,SKU-1210,P01,2025-06-26,144,5,Short Shot,E029,Fail,2025-02-01 17:00:00
QI-002002,PR-0005690,SKU-1231,P01,2025-06-26,269,10,Flash,E020,Fail,2025-01-31 06:00:00
QI-002003,PR-0005693,SKU-1182,P02,2025-06-26,192,7,Flash,E067,Fail,2025-02-02 06:00:00
QI-002004,PR-0005703,SKU-1070,P03,2025-06-26,175,4,Short Shot,E084,Fail,2025-01-31 14:00:00
QI-002005,PR-0005705,SKU-1028,P04,2025-06-26,158,6,Flash,E110,Fail,2025-02-02 06:00:00
QI-002006,PR-0005707,SKU-1126,P04,2025-06-26,186,7,Short Shot,E136,Fail,2025-01-31 03:00:00
QI-002007,PR-0005714,SKU-1021,P01,2025-06-27,178,7,Sink Marks,E029,Fail,2025-01-31 17:00:00
QI-002008,PR-0005715,SKU-1084,P01,2025-06-27,154,6,Cracking,E013,Fail,2025-02-02 02:00:00
QI-002009,PR-0005717,SKU-1049,P01,2025-06-27,288,11,Warping,E029,Fail,2025-02-02 00:00:00
QI-002010,PR-0005722,SKU-1028,P02,2025-06-27,182,7,Burn Marks,E051,Fail,2025-02-01 20:00:00
QI-002011,PR-0005728,SKU-1266,P02,2025-06-27,323,17,Flash,E044,Fail,2025-02-01 06:00:00
QI-002012,PR-0005731,SKU-1147,P03,2025-06-27,170,7,Flash,E092,Fail,2025-01-31 21:00:00
QI-002013,PR-0005732,SKU-1091,P03,2025-06-27,119,3,Flash,E088,Fail,2025-02-01 21:00:00
QI-002014,PR-0005735,SKU-1084,P03,2025-06-27,314,10,Warping,E074,Fail,2025-02-01 08:00:00
QI-002015,PR-0005736,SKU-1105,P04,2025-06-27,116,6,Warping,E112,Fail,2025-01-31 11:00:00
QI-002016,PR-0005739,SKU-1091,P04,2025-06-27,180,4,Short Shot,E117,Fail,2025-02-01 01:00:00
QI-002017,PR-0005740,SKU-1119,P04,2025-06-27,183,7,Sink Marks,E131,Fail,2025-02-02 10:00:00
QI-002018,PR-0005742,SKU-1217,P05,2025-06-27,157,4,Flash,E152,Fail,2025-02-01 01:00:00
QI-002019,PR-0005743,SKU-1035,P05,2025-06-27,143,7,Sink Marks,E179,Fail,2025-02-02 01:00:00
QI-002020,PR-0005747,SKU-1210,P05,2025-06-27,301,10,Burn Marks,E148,Fail,2025-02-02 16:00:00
QI-002021,PR-0005750,SKU-1245,P01,2025-06-28,208,8,Sink Marks,E030,Fail,2025-01-31 17:00:00
QI-002022,PR-0005752,SKU-1210,P01,2025-06-28,161,5,Sink Marks,E020,Fail,2025-01-31 00:00:00
QI-002023,PR-0005757,SKU-1175,P02,2025-06-28,156,4,Sink Marks,E068,Fail,2025-02-02 03:00:00
QI-002024,PR-0005759,SKU-1119,P02,2025-06-28,104,2,Flash,E058,Fail,2025-01-31 16:00:00
QI-002025,PR-0005764,SKU-1035,P03,2025-06-28,256,12,Warping,E077,Fail,2025-02-01 19:00:00
QI-002026,PR-0005765,SKU-1035,P03,2025-06-28,256,7,Short Shot,E096,Fail,2025-02-02 09:00:00
QI-002027,PR-0005767,SKU-1231,P04,2025-06-28,147,7,Warping,E111,Fail,2025-01-31 15:00:00
QI-002028,PR-0005768,SKU-1105,P04,2025-06-28,204,8,Sink Marks,E115,Fail,2025-02-01 16:00:00
QI-002029,PR-0005771,SKU-1035,P05,2025-06-28,163,6,Flash,E174,Fail,2025-02-02 17:00:00
QI-002030,PR-0005773,SKU-1028,P05,2025-06-28,277,15,Flash,E162,Fail,2025-02-02 22:00:00
QI-002031,PR-0005780,SKU-1098,P01,2025-06-29,102,2,Sink Marks,E015,Fail,2025-01-31 22:00:00
QI-002032,PR-0005786,SKU-1112,P02,2025-06-29,267,9,Flash,E051,Fail,2025-02-01 12:00:00
QI-002033,PR-0005792,SKU-1112,P03,2025-06-29,208,7,Burn Marks,E088,Fail,2025-02-02 07:00:00
QI-002034,PR-0005794,SKU-1007,P03,2025-06-29,186,4,Burn Marks,E108,Fail,2025-02-02 03:00:00
QI-002035,PR-0005800,SKU-1084,P04,2025-06-29,310,14,Flash,E137,Fail,2025-02-01 07:00:00
QI-002036,PR-0005802,SKU-1014,P04,2025-06-29,157,4,Flash,E110,Fail,2025-02-01 10:00:00
QI-002037,PR-0005803,SKU-1049,P04,2025-06-29,226,7,Warping,E133,Fail,2025-01-31 12:00:00
QI-002038,PR-0005805,SKU-1077,P05,2025-06-29,207,9,Short Shot,E172,Fail,2025-01-31 17:00:00
QI-002039,PR-0005806,SKU-1245,P05,2025-06-29,248,12,Flash,E155,Fail,2025-02-01 02:00:00
QI-002040,PR-0005807,SKU-1245,P05,2025-06-29,248,11,Flash,E179,Fail,2025-02-02 12:00:00
QI-002041,PR-0005816,SKU-1196,P01,2025-06-30,171,4,Short Shot,E016,Fail,2025-02-01 16:00:00
QI-002042,PR-0005818,SKU-1252,P02,2025-06-30,314,18,Burn Marks,E054,Fail,2025-01-31 13:00:00
QI-002043,PR-0005819,SKU-1189,P03,2025-06-30,139,4,Short Shot,E074,Fail,2025-02-01 09:00:00
QI-002044,PR-0005820,SKU-1014,P03,2025-06-30,224,6,Sink Marks,E095,Fail,2025-02-01 21:00:00
QI-002045,PR-0005823,SKU-1119,P04,2025-06-30,201,6,Short Shot,E142,Fail,2025-02-01 20:00:00
QI-002046,PR-0005827,SKU-1203,P04,2025-06-30,212,11,Sink Marks,E143,Fail,2025-02-02 06:00:00
QI-002047,PR-0005828,SKU-1021,P04,2025-06-30,220,7,Burn Marks,E139,Fail,2025-01-31 21:00:00
QI-002048,PR-0005832,SKU-1021,P05,2025-06-30,105,7,Flash,E172,Fail,2025-01-31 22:00:00
QI-002049,PR-0005835,SKU-1231,P05,2025-06-30,149,5,Warping,E174,Fail,2025-02-02 22:00:00
QI-002050,PR-0005840,SKU-1203,P01,2025-07-01,322,16,Short Shot,E029,Fail,2025-01-31 13:00:00
QI-002051,PR-0005842,SKU-1056,P01,2025-07-01,245,7,Short Shot,E029,Fail,2025-01-31 21:00:00
QI-002052,PR-0005844,SKU-1014,P02,2025-07-01,236,7,Flash,E043,Fail,2025-02-02 14:00:00
QI-002053,PR-0005851,SKU-1035,P03,2025-07-01,105,4,Short Shot,E074,Fail,2025-02-01 02:00:00
QI-002054,PR-0005852,SKU-1035,P03,2025-07-01,105,1,Burn Marks,E083,Fail,2025-02-02 22:00:00
QI-002055,PR-0005855,SKU-1049,P03,2025-07-01,234,11,Flash,E084,Fail,2025-02-02 03:00:00
QI-002056,PR-0005859,SKU-1119,P04,2025-07-01,165,7,Flash,E111,Fail,2025-02-02 03:00:00
QI-002057,PR-0005864,SKU-1280,P05,2025-07-01,305,6,Sink Marks,E153,Fail,2025-01-31 02:00:00
QI-002058,PR-0005876,SKU-1210,P02,2025-07-02,115,3,Flash,E040,Fail,2025-02-02 13:00:00
QI-002059,PR-0005881,SKU-1105,P03,2025-07-02,302,10,Flash,E074,Fail,2025-02-02 03:00:00
QI-002060,PR-0005884,SKU-1042,P04,2025-07-02,135,5,Warping,E115,Fail,2025-02-02 15:00:00
QI-002061,PR-0005885,SKU-1063,P04,2025-07-02,205,7,Cracking,E140,Fail,2025-02-02 20:00:00
QI-002062,PR-0005889,SKU-1245,P04,2025-07-02,308,12,Cracking,E117,Fail,2025-02-02 18:00:00
QI-002063,PR-0005890,SKU-1238,P05,2025-07-02,101,2,Sink Marks,E162,Fail,2025-01-31 19:00:00
QI-002064,PR-0005891,SKU-1238,P05,2025-07-02,102,3,Short Shot,E152,Fail,2025-01-31 17:00:00
QI-002065,PR-0005893,SKU-1224,P05,2025-07-02,192,6,Short Shot,E155,Fail,2025-02-01 00:00:00
QI-002066,PR-0005894,SKU-1098,P05,2025-07-02,103,1,Short Shot,E162,Fail,2025-02-01 21:00:00
QI-002067,PR-0005895,SKU-1098,P05,2025-07-02,103,3,Flash,E147,Fail,2025-02-01 03:00:00
QI-002068,PR-0005901,SKU-1119,P01,2025-07-03,126,3,Flash,E015,Fail,2025-02-02 07:00:00
QI-002069,PR-0005902,SKU-1126,P02,2025-07-03,255,9,Short Shot,E067,Fail,2025-01-31 06:00:00
QI-002070,PR-0005903,SKU-1175,P02,2025-07-03,185,4,Cracking,E053,Fail,2025-02-01 03:00:00
QI-002071,PR-0005904,SKU-1147,P02,2025-07-03,207,9,Short Shot,E062,Fail,2025-02-02 20:00:00
QI-002072,PR-0005905,SKU-1147,P02,2025-07-03,208,7,Sink Marks,E048,Fail,2025-02-01 13:00:00
QI-002073,PR-0005910,SKU-1126,P03,2025-07-03,159,5,Sink Marks,E074,Fail,2025-01-31 13:00:00
QI-002074,PR-0005925,SKU-1273,P01,2025-07-04,170,3,Short Shot,E014,Fail,2025-02-02 05:00:00
QI-002075,PR-0005929,SKU-1112,P01,2025-07-04,320,10,Burn Marks,E016,Fail,2025-01-31 03:00:00
QI-002076,PR-0005933,SKU-1217,P02,2025-07-04,278,10,Burn Marks,E044,Fail,2025-02-01 11:00:00
QI-002077,PR-0005937,SKU-1063,P02,2025-07-04,178,6,Burn Marks,E044,Fail,2025-02-01 02:00:00
QI-002078,PR-0005946,SKU-1210,P03,2025-07-04,272,12,Flash,E078,Fail,2025-02-02 19:00:00
QI-002079,PR-0005947,SKU-1196,P03,2025-07-04,118,2,Cracking,E088,Fail,2025-02-02 13:00:00
QI-002080,PR-0005955,SKU-1028,P04,2025-07-04,162,9,Cracking,E143,Fail,2025-01-31 16:00:00
QI-002081,PR-0005960,SKU-1147,P04,2025-07-04,109,3,Flash,E141,Fail,2025-01-31 09:00:00
QI-002082,PR-0005962,SKU-1063,P05,2025-07-04,192,6,Burn Marks,E174,Fail,2025-01-31 15:00:00
QI-002083,PR-0005966,SKU-1273,P05,2025-07-04,294,13,Flash,E175,Fail,2025-01-31 21:00:00
QI-002084,PR-0005967,SKU-1273,P05,2025-07-04,294,10,Sink Marks,E161,Fail,2025-02-01 10:00:00
QI-002085,PR-0005968,SKU-1154,P01,2025-07-05,263,11,Sink Marks,E029,Fail,2025-02-01 03:00:00
QI-002086,PR-0005969,SKU-1182,P01,2025-07-05,271,6,Flash,E009,Fail,2025-02-01 19:00:00
QI-002087,PR-0005971,SKU-1147,P01,2025-07-05,265,7,Burn Marks,E001,Fail,2025-02-01 06:00:00
QI-002088,PR-0005974,SKU-1154,P02,2025-07-05,307,7,Sink Marks,E067,Fail,2025-02-01 21:00:00
QI-002089,PR-0005975,SKU-1154,P02,2025-07-05,307,8,Flash,E043,Fail,2025-02-01 04:00:00
QI-002090,PR-0005976,SKU-1224,P02,2025-07-05,136,4,Sink Marks,E055,Fail,2025-01-31 07:00:00
QI-002091,PR-0005978,SKU-1014,P02,2025-07-05,271,10,Sink Marks,E053,Fail,2025-02-02 14:00:00
QI-002092,PR-0005980,SKU-1056,P03,2025-07-05,216,11,Warping,E076,Fail,2025-02-01 18:00:00
QI-002093,PR-0005982,SKU-1028,P03,2025-07-05,237,6,Warping,E079,Fail,2025-02-01 15:00:00
QI-002094,PR-0005992,SKU-1175,P04,2025-07-05,274,7,Short Shot,E141,Fail,2025-02-02 12:00:00
QI-002095,PR-0005994,SKU-1091,P05,2025-07-05,310,12,Burn Marks,E159,Fail,2025-01-31 09:00:00
QI-002096,PR-0006001,SKU-1091,P05,2025-07-05,241,8,Sink Marks,E159,Fail,2025-02-02 21:00:00
QI-002097,PR-0006002,SKU-1245,P01,2025-07-06,267,8,Sink Marks,E015,Fail,2025-02-01 00:00:00
QI-002098,PR-0006006,SKU-1112,P01,2025-07-06,115,3,Cracking,E013,Fail,2025-02-02 16:00:00
QI-002099,PR-0006013,SKU-1189,P02,2025-07-06,213,11,Flash,E048,Fail,2025-02-02 04:00:00
QI-002100,PR-0006014,SKU-1189,P02,2025-07-06,213,13,Flash,E062,Fail,2025-02-02 16:00:00
QI-002101,PR-0006015,SKU-1210,P03,2025-07-06,320,12,Sink Marks,E076,Fail,2025-02-01 22:00:00
QI-002102,PR-0006016,SKU-1210,P03,2025-07-06,321,9,Short Shot,E080,Fail,2025-02-02 18:00:00
QI-002103,PR-0006018,SKU-1140,P03,2025-07-06,265,5,Sink Marks,E098,Fail,2025-02-02 01:00:00
QI-002104,PR-0006019,SKU-1119,P03,2025-07-06,104,3,Flash,E103,Fail,2025-01-31 12:00:00
QI-002105,PR-0006020,SKU-1140,P03,2025-07-06,315,12,Warping,E077,Fail,2025-02-01 22:00:00
QI-002106,PR-0006021,SKU-1140,P03,2025-07-06,316,11,Flash,E096,Fail,2025-02-02 18:00:00
QI-002107,PR-0006022,SKU-1063,P03,2025-07-06,266,6,Short Shot,E074,Fail,2025-01-31 20:00:00
QI-002108,PR-0006024,SKU-1273,P04,2025-07-06,277,15,Short Shot,E121,Fail,2025-02-02 12:00:00
QI-002109,PR-0006027,SKU-1189,P04,2025-07-06,297,7,Sink Marks,E134,Fail,2025-02-01 16:00:00
QI-002110,PR-0006028,SKU-1147,P04,2025-07-06,246,11,Short Shot,E134,Fail,2025-01-31 00:00:00
QI-002111,PR-0006030,SKU-1182,P04,2025-07-06,218,12,Flash,E125,Fail,2025-02-01 00:00:00
QI-002112,PR-0006031,SKU-1161,P05,2025-07-06,247,10,Sink Marks,E153,Fail,2025-02-02 21:00:00
QI-002113,PR-0006036,SKU-1203,P01,2025-07-07,219,6,Warping,E013,Fail,2025-02-02 09:00:00
QI-002114,PR-0006042,SKU-1175,P01,2025-07-07,183,7,Flash,E029,Fail,2025-02-01 22:00:00
QI-002115,PR-0006044,SKU-1224,P02,2025-07-07,125,2,Short Shot,E044,Fail,2025-02-02 22:00:00
QI-002116,PR-0006049,SKU-1182,P03,2025-07-07,324,7,Flash,E088,Fail,2025-01-31 00:00:00
QI-002117,PR-0006051,SKU-1168,P03,2025-07-07,309,17,Short Shot,E103,Fail,2025-02-01 10:00:00
QI-002118,PR-0006052,SKU-1245,P03,2025-07-07,244,4,Warping,E083,Fail,2025-01-31 16:00:00
QI-002119,PR-0006059,SKU-1266,P04,2025-07-07,106,3,Warping,E121,Fail,2025-02-01 14:00:00
QI-002120,PR-0006062,SKU-1133,P04,2025-07-07,246,10,Short Shot,E119,Fail,2025-02-02 00:00:00
QI-002121,PR-0006064,SKU-1105,P05,2025-07-07,245,11,Short Shot,E164,Fail,2025-02-02 12:00:00
QI-002122,PR-0006067,SKU-1182,P05,2025-07-07,207,5,Flash,E153,Fail,2025-02-01 19:00:00
QI-002123,PR-0006068,SKU-1105,P05,2025-07-07,108,3,Flash,E155,Fail,2025-02-01 10:00:00
QI-002124,PR-0006071,SKU-1112,P05,2025-07-07,115,5,Flash,E172,Fail,2025-01-31 18:00:00
QI-002125,PR-0006075,SKU-1147,P01,2025-07-08,243,12,Short Shot,E034,Fail,2025-02-01 22:00:00
QI-002126,PR-0006077,SKU-1196,P01,2025-07-08,117,3,Warping,E015,Fail,2025-02-02 07:00:00
QI-002127,PR-0006078,SKU-1168,P01,2025-07-08,310,8,Flash,E015,Fail,2025-02-01 03:00:00
QI-002128,PR-0006080,SKU-1098,P01,2025-07-08,187,8,Short Shot,E029,Fail,2025-01-31 16:00:00
QI-002129,PR-0006081,SKU-1168,P01,2025-07-08,176,7,Cracking,E006,Fail,2025-02-02 06:00:00
QI-002130,PR-0006083,SKU-1105,P02,2025-07-08,302,11,Short Shot,E048,Fail,2025-02-01 03:00:00
QI-002131,PR-0006085,SKU-1140,P03,2025-07-08,176,5,Flash,E080,Fail,2025-02-01 22:00:00
QI-002132,PR-0006087,SKU-1224,P03,2025-07-08,135,6,Sink Marks,E092,Fail,2025-02-02 07:00:00
QI-002133,PR-0006090,SKU-1070,P04,2025-07-08,165,6,Sink Marks,E133,Fail,2025-02-01 16:00:00
QI-002134,PR-0006096,SKU-1112,P04,2025-07-08,171,7,Sink Marks,E133,Fail,2025-01-31 20:00:00
QI-002135,PR-0006098,SKU-1105,P05,2025-07-08,307,9,Flash,E171,Fail,2025-01-31 00:00:00
QI-002136,PR-0006099,SKU-1105,P05,2025-07-08,307,17,Flash,E172,Fail,2025-02-02 01:00:00
QI-002137,PR-0006102,SKU-1273,P05,2025-07-08,298,9,Warping,E147,Fail,2025-01-31 18:00:00
QI-002138,PR-0006106,SKU-1140,P01,2025-07-09,198,6,Flash,E029,Fail,2025-02-01 16:00:00
QI-002139,PR-0006107,SKU-1056,P01,2025-07-09,139,5,Sink Marks,E010,Fail,2025-02-01 00:00:00
QI-002140,PR-0006117,SKU-1014,P02,2025-07-09,324,17,Flash,E054,Fail,2025-02-02 02:00:00
QI-002141,PR-0006119,SKU-1077,P03,2025-07-09,246,9,Short Shot,E096,Fail,2025-02-01 21:00:00
QI-002142,PR-0006122,SKU-1231,P03,2025-07-09,142,4,Short Shot,E103,Fail,2025-02-01 18:00:00
QI-002143,PR-0006123,SKU-1154,P04,2025-07-09,245,12,Burn Marks,E117,Fail,2025-01-31 01:00:00
QI-002144,PR-0006124,SKU-1147,P04,2025-07-09,200,6,Flash,E142,Fail,2025-02-02 09:00:00
QI-002145,PR-0006126,SKU-1133,P04,2025-07-09,132,5,Short Shot,E134,Fail,2025-02-02 14:00:00
QI-002146,PR-0006130,SKU-1182,P04,2025-07-09,221,9,Short Shot,E121,Fail,2025-02-02 00:00:00
QI-002147,PR-0006132,SKU-1273,P05,2025-07-09,299,9,Short Shot,E152,Fail,2025-02-01 17:00:00
QI-002148,PR-0006135,SKU-1175,P05,2025-07-09,213,6,Short Shot,E152,Fail,2025-01-31 06:00:00
QI-002149,PR-0006136,SKU-1210,P05,2025-07-09,302,11,Sink Marks,E155,Fail,2025-02-02 09:00:00
QI-002150,PR-0006138,SKU-1077,P01,2025-07-10,305,10,Burn Marks,E021,Fail,2025-01-31 05:00:00
QI-002151,PR-0006142,SKU-1140,P01,2025-07-10,283,16,Sink Marks,E029,Fail,2025-01-31 17:00:00
QI-002152,PR-0006145,SKU-1028,P01,2025-07-10,134,4,Burn Marks,E017,Fail,2025-02-02 11:00:00
QI-002153,PR-0006147,SKU-1203,P02,2025-07-10,281,9,Flash,E062,Fail,2025-02-01 20:00:00
QI-002154,PR-0006150,SKU-1203,P02,2025-07-10,277,8,Short Shot,E055,Fail,2025-02-01 11:00:00
QI-002155,PR-0006151,SKU-1077,P02,2025-07-10,298,9,Flash,E062,Fail,2025-02-02 00:00:00
QI-002156,PR-0006158,SKU-1042,P03,2025-07-10,293,7,Flash,E076,Fail,2025-02-02 01:00:00
QI-002157,PR-0006166,SKU-1133,P04,2025-07-10,134,7,Flash,E112,Fail,2025-01-31 04:00:00
QI-002158,PR-0006170,SKU-1238,P05,2025-07-10,287,14,Short Shot,E155,Fail,2025-02-02 15:00:00
QI-002159,PR-0006171,SKU-1119,P05,2025-07-10,141,4,Flash,E148,Fail,2025-02-01 07:00:00
QI-002160,PR-0006172,SKU-1021,P05,2025-07-10,241,7,Warping,E153,Fail,2025-02-01 20:00:00
QI-002161,PR-0006174,SKU-1196,P05,2025-07-10,158,3,Flash,E175,Fail,2025-02-02 13:00:00
QI-002162,PR-0006180,SKU-1210,P01,2025-07-11,260,7,Burn Marks,E016,Fail,2025-02-02 06:00:00
QI-002163,PR-0006183,SKU-1077,P01,2025-07-11,297,7,Warping,E033,Fail,2025-02-02 13:00:00
QI-002164,PR-0006185,SKU-1126,P02,2025-07-11,179,5,Flash,E062,Fail,2025-02-01 17:00:00
QI-002165,PR-0006189,SKU-1133,P02,2025-07-11,100,2,Warping,E048,Fail,2025-02-02 22:00:00
QI-002166,PR-0006190,SKU-1070,P02,2025-07-11,233,9,Cracking,E055,Fail,2025-02-01 03:00:00
QI-002167,PR-0006191,SKU-1126,P03,2025-07-11,152,6,Burn Marks,E104,Fail,2025-02-01 09:00:00
QI-002168,PR-0006194,SKU-1245,P04,2025-07-11,116,5,Burn Marks,E111,Fail,2025-02-02 03:00:00
QI-002169,PR-0006195,SKU-1084,P05,2025-07-11,132,3,Flash,E162,Fail,2025-01-31 16:00:00
QI-002170,PR-0006196,SKU-1084,P05,2025-07-11,132,6,Sink Marks,E171,Fail,2025-01-31 05:00:00
QI-002171,PR-0006201,SKU-1140,P01,2025-07-12,281,8,Sink Marks,E007,Fail,2025-01-31 13:00:00
QI-002172,PR-0006204,SKU-1049,P01,2025-07-12,180,6,Sink Marks,E033,Fail,2025-02-02 15:00:00
QI-002173,PR-0006210,SKU-1133,P02,2025-07-12,323,9,Flash,E044,Fail,2025-02-01 22:00:00
QI-002174,PR-0006212,SKU-1168,P02,2025-07-12,287,8,Sink Marks,E056,Fail,2025-02-02 03:00:00
QI-002175,PR-0006213,SKU-1168,P02,2025-07-12,288,11,Cracking,E054,Fail,2025-02-02 00:00:00
QI-002176,PR-0006214,SKU-1154,P02,2025-07-12,254,12,Cracking,E051,Fail,2025-02-01 21:00:00
QI-002177,PR-0006215,SKU-1154,P02,2025-07-12,255,7,Short Shot,E043,Fail,2025-02-02 02:00:00
QI-002178,PR-0006217,SKU-1063,P02,2025-07-12,175,6,Flash,E056,Fail,2025-02-02 09:00:00
QI-002179,PR-0006219,SKU-1280,P03,2025-07-12,256,9,Burn Marks,E084,Fail,2025-02-01 02:00:00
QI-002180,PR-0006220,SKU-1168,P03,2025-07-12,284,6,Sink Marks,E084,Fail,2025-02-01 16:00:00
QI-002181,PR-0006224,SKU-1168,P03,2025-07-12,130,4,Cracking,E074,Fail,2025-02-01 11:00:00
QI-002182,PR-0006228,SKU-1070,P04,2025-07-12,189,11,Burn Marks,E136,Fail,2025-02-01 20:00:00
QI-002183,PR-0006231,SKU-1245,P04,2025-07-12,190,11,Short Shot,E125,Fail,2025-02-02 03:00:00
QI-002184,PR-0006232,SKU-1203,P04,2025-07-12,173,6,Flash,E119,Fail,2025-02-01 00:00:00
QI-002185,PR-0006236,SKU-1217,P05,2025-07-12,153,6,Flash,E172,Fail,2025-02-01 12:00:00
QI-002186,PR-0006239,SKU-1252,P05,2025-07-12,266,10,Short Shot,E153,Fail,2025-02-01 09:00:00
QI-002187,PR-0006247,SKU-1042,P01,2025-07-13,289,10,Burn Marks,E015,Fail,2025-02-01 19:00:00
QI-002188,PR-0006252,SKU-1147,P02,2025-07-13,283,11,Cracking,E067,Fail,2025-01-31 04:00:00
QI-002189,PR-0006254,SKU-1105,P02,2025-07-13,130,5,Cracking,E040,Fail,2025-02-02 15:00:00
QI-002190,PR-0006255,SKU-1273,P03,2025-07-13,109,2,Warping,E104,Fail,2025-02-02 03:00:00
QI-002191,PR-0006258,SKU-1056,P03,2025-07-13,226,7,Short Shot,E104,Fail,2025-02-02 02:00:00
QI-002192,PR-0006260,SKU-1077,P03,2025-07-13,256,13,Short Shot,E076,Fail,2025-02-02 16:00:00
QI-002193,PR-0006262,SKU-1140,P03,2025-07-13,259,8,Flash,E076,Fail,2025-02-01 10:00:00
QI-002194,PR-0006264,SKU-1273,P03,2025-07-13,107,3,Sink Marks,E103,Fail,2025-02-01 20:00:00
QI-002195,PR-0006269,SKU-1021,P04,2025-07-13,200,14,Warping,E122,Fail,2025-01-31 12:00:00
QI-002196,PR-0006270,SKU-1175,P05,2025-07-13,145,6,Burn Marks,E172,Fail,2025-02-01 06:00:00
QI-002197,PR-0006271,SKU-1175,P05,2025-07-13,146,5,Short Shot,E163,Fail,2025-02-02 19:00:00
QI-002198,PR-0006273,SKU-1084,P05,2025-07-13,305,15,Cracking,E172,Fail,2025-01-31 16:00:00
QI-002199,PR-0006275,SKU-1105,P05,2025-07-13,183,5,Flash,E153,Fail,2025-01-31 17:00:00
QI-002200,PR-0006277,SKU-1063,P01,2025-07-14,121,2,Flash,E007,Fail,2025-02-02 06:00:00
QI-002201,PR-0006279,SKU-1231,P01,2025-07-14,120,2,Warping,E017,Fail,2025-02-01 09:00:00
QI-002202,PR-0006281,SKU-1098,P01,2025-07-14,224,7,Short Shot,E029,Fail,2025-02-02 01:00:00
QI-002203,PR-0006286,SKU-1042,P02,2025-07-14,108,4,Sink Marks,E067,Fail,2025-02-02 08:00:00
QI-002204,PR-0006289,SKU-1259,P03,2025-07-14,318,8,Flash,E098,Fail,2025-01-31 16:00:00
QI-002205,PR-0006293,SKU-1063,P03,2025-07-14,254,11,Flash,E084,Fail,2025-01-31 08:00:00
QI-002206,PR-0006295,SKU-1035,P03,2025-07-14,306,14,Warping,E076,Fail,2025-02-01 20:00:00
QI-002207,PR-0006299,SKU-1189,P04,2025-07-14,115,3,Sink Marks,E137,Fail,2025-01-31 19:00:00
QI-002208,PR-0006300,SKU-1273,P04,2025-07-14,190,9,Cracking,E130,Fail,2025-01-31 22:00:00
QI-002209,PR-0006306,SKU-1084,P04,2025-07-14,279,6,Short Shot,E119,Fail,2025-02-01 09:00:00
QI-002210,PR-0006308,SKU-1126,P05,2025-07-14,216,4,Sink Marks,E162,Fail,2025-02-02 02:00:00
QI-002211,PR-0006309,SKU-1175,P05,2025-07-14,296,9,Flash,E155,Fail,2025-02-02 21:00:00
QI-002212,PR-0006310,SKU-1175,P05,2025-07-14,296,10,Short Shot,E175,Fail,2025-01-31 09:00:00
QI-002213,PR-0006312,SKU-1070,P05,2025-07-14,225,7,Warping,E172,Fail,2025-01-31 07:00:00
QI-002214,PR-0006316,SKU-1189,P01,2025-07-15,116,3,Burn Marks,E015,Fail,2025-02-01 20:00:00
QI-002215,PR-0006319,SKU-1245,P02,2025-07-15,259,7,Flash,E044,Fail,2025-02-01 21:00:00
QI-002216,PR-0006321,SKU-1014,P02,2025-07-15,196,12,Cracking,E056,Fail,2025-02-02 12:00:00
QI-002217,PR-0006328,SKU-1182,P03,2025-07-15,115,3,Cracking,E074,Fail,2025-02-02 07:00:00
QI-002218,PR-0006331,SKU-1245,P03,2025-07-15,192,6,Cracking,E080,Fail,2025-02-02 11:00:00
QI-002219,PR-0006338,SKU-1259,P04,2025-07-15,225,12,Short Shot,E115,Fail,2025-02-01 11:00:00
QI-002220,PR-0006343,SKU-1070,P05,2025-07-15,317,7,Flash,E152,Fail,2025-02-01 13:00:00
QI-002221,PR-0006348,SKU-1126,P01,2025-07-16,242,6,Burn Marks,E028,Fail,2025-02-02 11:00:00
QI-002222,PR-0006350,SKU-1126,P02,2025-07-16,185,6,Flash,E044,Fail,2025-02-02 21:00:00
QI-002223,PR-0006352,SKU-1119,P02,2025-07-16,300,11,Flash,E051,Fail,2025-01-31 13:00:00
QI-002224,PR-0006353,SKU-1119,P02,2025-07-16,300,9,Flash,E056,Fail,2025-01-31 20:00:00
QI-002225,PR-0006359,SKU-1105,P03,2025-07-16,241,8,Warping,E096,Fail,2025-01-31 02:00:00
QI-002226,PR-0006362,SKU-1077,P03,2025-07-16,310,10,Flash,E084,Fail,2025-01-31 15:00:00
QI-002227,PR-0006368,SKU-1140,P04,2025-07-16,212,5,Burn Marks,E132,Fail,2025-02-02 13:00:00
QI-002228,PR-0006371,SKU-1021,P05,2025-07-16,155,5,Cracking,E162,Fail,2025-02-02 02:00:00
QI-002229,PR-0006381,SKU-1252,P01,2025-07-17,197,5,Flash,E017,Fail,2025-02-02 21:00:00
QI-002230,PR-0006382,SKU-1168,P01,2025-07-17,280,8,Cracking,E020,Fail,2025-02-02 18:00:00
QI-002231,PR-0006383,SKU-1168,P01,2025-07-17,281,9,Short Shot,E026,Fail,2025-02-01 14:00:00
QI-002232,PR-0006387,SKU-1266,P02,2025-07-17,322,16,Flash,E067,Fail,2025-02-01 04:00:00
QI-002233,PR-0006388,SKU-1266,P02,2025-07-17,323,12,Flash,E054,Fail,2025-02-02 20:00:00
QI-002234,PR-0006389,SKU-1252,P02,2025-07-17,155,4,Sink Marks,E058,Fail,2025-01-31 20:00:00
QI-002235,PR-0006394,SKU-1196,P03,2025-07-17,146,3,Sink Marks,E074,Fail,2025-01-31 08:00:00
QI-002236,PR-0006396,SKU-1056,P03,2025-07-17,321,15,Sink Marks,E096,Fail,2025-02-01 04:00:00
QI-002237,PR-0006398,SKU-1091,P04,2025-07-17,157,4,Sink Marks,E122,Fail,2025-01-31 09:00:00
QI-002238,PR-0006399,SKU-1056,P04,2025-07-17,108,3,Short Shot,E134,Fail,2025-01-31 14:00:00
QI-002239,PR-0006402,SKU-1084,P05,2025-07-17,226,7,Short Shot,E161,Fail,2025-01-31 22:00:00
QI-002240,PR-0006403,SKU-1084,P05,2025-07-17,226,4,Flash,E174,Fail,2025-02-01 22:00:00
QI-002241,PR-0006408,SKU-1126,P05,2025-07-17,113,4,Flash,E148,Fail,2025-02-01 10:00:00
QI-002242,PR-0006411,SKU-1126,P01,2025-07-18,123,3,Flash,E033,Fail,2025-01-31 05:00:00
QI-002243,PR-0006414,SKU-1014,P01,2025-07-18,128,4,Flash,E034,Fail,2025-02-01 17:00:00
QI-002244,PR-0006415,SKU-1252,P02,2025-07-18,122,4,Short Shot,E056,Fail,2025-02-01 16:00:00
QI-002245,PR-0006417,SKU-1168,P02,2025-07-18,312,8,Burn Marks,E040,Fail,2025-01-31 04:00:00
QI-002246,PR-0006422,SKU-1007,P03,2025-07-18,106,1,Flash,E095,Fail,2025-02-02 12:00:00
QI-002247,PR-0006423,SKU-1126,P03,2025-07-18,271,14,Short Shot,E079,Fail,2025-01-31 17:00:00
QI-002248,PR-0006426,SKU-1042,P03,2025-07-18,173,7,Short Shot,E074,Fail,2025-01-31 09:00:00
QI-002249,PR-0006428,SKU-1133,P04,2025-07-18,201,9,Flash,E142,Fail,2025-01-31 06:00:00
QI-002250,PR-0006432,SKU-1182,P05,2025-07-18,299,14,Warping,E172,Fail,2025-02-02 11:00:00
QI-002251,PR-0006435,SKU-1140,P05,2025-07-18,126,7,Burn Marks,E148,Fail,2025-01-31 18:00:00
QI-002252,PR-0006439,SKU-1161,P01,2025-07-19,180,4,Flash,E020,Fail,2025-02-01 13:00:00
QI-002253,PR-0006440,SKU-1007,P01,2025-07-19,106,1,Flash,E020,Fail,2025-02-01 01:00:00
QI-002254,PR-0006441,SKU-1007,P01,2025-07-19,106,3,Short Shot,E001,Fail,2025-02-02 03:00:00
QI-002255,PR-0006442,SKU-1182,P02,2025-07-19,140,4,Warping,E048,Fail,2025-02-01 11:00:00
QI-002256,PR-0006446,SKU-1217,P02,2025-07-19,292,12,Warping,E048,Fail,2025-01-31 19:00:00
QI-002257,PR-0006456,SKU-1140,P03,2025-07-19,137,4,Sink Marks,E080,Fail,2025-01-31 05:00:00
QI-002258,PR-0006461,SKU-1007,P04,2025-07-19,319,17,Cracking,E143,Fail,2025-02-01 17:00:00
QI-002259,PR-0006463,SKU-1119,P04,2025-07-19,289,11,Sink Marks,E120,Fail,2025-02-01 15:00:00
QI-002260,PR-0006464,SKU-1119,P04,2025-07-19,289,10,Warping,E119,Fail,2025-02-02 05:00:00
QI-002261,PR-0006467,SKU-1133,P05,2025-07-19,184,8,Warping,E164,Fail,2025-02-02 16:00:00
QI-002262,PR-0006468,SKU-1077,P05,2025-07-19,243,11,Warping,E147,Fail,2025-01-31 08:00:00
QI-002263,PR-0006470,SKU-1252,P05,2025-07-19,321,16,Short Shot,E153,Fail,2025-01-31 21:00:00
QI-002264,PR-0006471,SKU-1161,P01,2025-07-20,249,7,Short Shot,E029,Fail,2025-01-31 07:00:00
QI-002265,PR-0006475,SKU-1245,P01,2025-07-20,289,11,Short Shot,E006,Fail,2025-02-01 08:00:00
QI-002266,PR-0006478,SKU-1280,P02,2025-07-20,168,4,Sink Marks,E043,Fail,2025-02-02 00:00:00
QI-002267,PR-0006482,SKU-1238,P02,2025-07-20,218,8,Flash,E067,Fail,2025-01-31 15:00:00
QI-002268,PR-0006483,SKU-1196,P03,2025-07-20,178,7,Warping,E095,Fail,2025-01-31 22:00:00
QI-002269,PR-0006484,SKU-1147,P03,2025-07-20,315,7,Warping,E080,Fail,2025-02-02 21:00:00
QI-002270,PR-0006490,SKU-1196,P04,2025-07-20,181,7,Burn Marks,E121,Fail,2025-02-01 01:00:00
QI-002271,PR-0006492,SKU-1098,P04,2025-07-20,246,11,Flash,E134,Fail,2025-02-02 10:00:00
QI-002272,PR-0006493,SKU-1217,P04,2025-07-20,299,12,Flash,E122,Fail,2025-01-31 12:00:00
QI-002273,PR-0006494,SKU-1217,P04,2025-07-20,299,11,Short Shot,E121,Fail,2025-01-31 16:00:00
QI-002274,PR-0006495,SKU-1014,P04,2025-07-20,167,4,Flash,E137,Fail,2025-02-02 22:00:00
QI-002275,PR-0006497,SKU-1014,P05,2025-07-20,248,5,Short Shot,E152,Fail,2025-01-31 03:00:00
QI-002276,PR-0006505,SKU-1175,P01,2025-07-21,310,13,Flash,E029,Fail,2025-01-31 20:00:00
QI-002277,PR-0006506,SKU-1175,P01,2025-07-21,310,13,Flash,E034,Fail,2025-01-31 10:00:00
QI-002278,PR-0006510,SKU-1056,P01,2025-07-21,239,10,Cracking,E034,Fail,2025-01-31 13:00:00
QI-002279,PR-0006512,SKU-1119,P02,2025-07-21,274,9,Short Shot,E053,Fail,2025-02-02 10:00:00
QI-002280,PR-0006517,SKU-1147,P03,2025-07-21,128,3,Short Shot,E088,Fail,2025-02-01 10:00:00
QI-002281,PR-0006518,SKU-1147,P03,2025-07-21,128,6,Short Shot,E077,Fail,2025-02-02 20:00:00
QI-002282,PR-0006520,SKU-1098,P03,2025-07-21,161,4,Sink Marks,E096,Fail,2025-01-31 06:00:00
QI-002283,PR-0006525,SKU-1147,P04,2025-07-21,243,11,Sink Marks,E121,Fail,2025-02-02 16:00:00
QI-002284,PR-0006526,SKU-1147,P04,2025-07-21,243,9,Short Shot,E141,Fail,2025-01-31 04:00:00
QI-002285,PR-0006527,SKU-1245,P04,2025-07-21,131,6,Sink Marks,E119,Fail,2025-01-31 20:00:00
QI-002286,PR-0006531,SKU-1140,P05,2025-07-21,250,10,Sink Marks,E162,Fail,2025-01-31 15:00:00
QI-002287,PR-0006533,SKU-1112,P05,2025-07-21,109,4,Burn Marks,E153,Fail,2025-02-01 12:00:00
QI-002288,PR-0006534,SKU-1112,P05,2025-07-21,109,2,Flash,E162,Fail,2025-02-01 20:00:00
QI-002289,PR-0006537,SKU-1035,P01,2025-07-22,304,15,Short Shot,E030,Fail,2025-01-31 14:00:00
QI-002290,PR-0006546,SKU-1273,P02,2025-07-22,183,5,Sink Marks,E055,Fail,2025-02-01 12:00:00
QI-002291,PR-0006550,SKU-1091,P02,2025-07-22,285,10,Flash,E044,Fail,2025-01-31 12:00:00
QI-002292,PR-0006551,SKU-1070,P02,2025-07-22,239,9,Warping,E048,Fail,2025-01-31 19:00:00
QI-002293,PR-0006554,SKU-1168,P03,2025-07-22,206,6,Flash,E104,Fail,2025-02-02 08:00:00
QI-002294,PR-0006555,SKU-1168,P03,2025-07-22,206,8,Warping,E103,Fail,2025-02-01 01:00:00
QI-002295,PR-0006556,SKU-1063,P03,2025-07-22,206,4,Cracking,E096,Fail,2025-01-31 20:00:00
QI-002296,PR-0006557,SKU-1035,P03,2025-07-22,207,6,Flash,E078,Fail,2025-02-02 02:00:00
QI-002297,PR-0006561,SKU-1182,P04,2025-07-22,307,12,Sink Marks,E117,Fail,2025-01-31 13:00:00
QI-002298,PR-0006565,SKU-1231,P04,2025-07-22,171,5,Short Shot,E137,Fail,2025-02-02 04:00:00
QI-002299,PR-0006568,SKU-1203,P04,2025-07-22,110,4,Warping,E142,Fail,2025-02-02 18:00:00
QI-002300,PR-0006569,SKU-1203,P04,2025-07-22,111,5,Flash,E112,Fail,2025-01-31 06:00:00
QI-002301,PR-0006570,SKU-1259,P05,2025-07-22,138,4,Cracking,E153,Fail,2025-02-02 20:00:00
QI-002302,PR-0006573,SKU-1042,P05,2025-07-22,272,9,Flash,E174,Fail,2025-01-31 04:00:00
QI-002303,PR-0006576,SKU-1042,P05,2025-07-22,183,4,Short Shot,E152,Fail,2025-01-31 14:00:00
QI-002304,PR-0006577,SKU-1147,P01,2025-07-23,107,2,Sink Marks,E028,Fail,2025-02-02 15:00:00
QI-002305,PR-0006578,SKU-1119,P01,2025-07-23,318,8,Cracking,E021,Fail,2025-02-02 02:00:00
QI-002306,PR-0006579,SKU-1203,P01,2025-07-23,250,9,Warping,E029,Fail,2025-01-31 08:00:00
QI-002307,PR-0006580,SKU-1035,P01,2025-07-23,103,1,Flash,E033,Fail,2025-02-02 19:00:00
QI-002308,PR-0006583,SKU-1084,P02,2025-07-23,146,2,Warping,E040,Fail,2025-02-02 00:00:00
QI-002309,PR-0006584,SKU-1140,P02,2025-07-23,181,4,Flash,E051,Fail,2025-01-31 05:00:00
QI-002310,PR-0006585,SKU-1140,P02,2025-07-23,182,5,Flash,E055,Fail,2025-02-01 00:00:00
QI-002311,PR-0006586,SKU-1231,P02,2025-07-23,119,2,Warping,E043,Fail,2025-02-01 12:00:00
QI-002312,PR-0006587,SKU-1231,P02,2025-07-23,119,4,Warping,E062,Fail,2025-02-02 17:00:00
QI-002313,PR-0006590,SKU-1035,P03,2025-07-23,141,5,Flash,E103,Fail,2025-01-31 12:00:00
QI-002314,PR-0006591,SKU-1259,P03,2025-07-23,220,6,Flash,E095,Fail,2025-02-01 22:00:00
QI-002315,PR-0006593,SKU-1154,P03,2025-07-23,237,4,Flash,E096,Fail,2025-01-31 19:00:00
QI-002316,PR-0006599,SKU-1063,P04,2025-07-23,307,8,Warping,E133,Fail,2025-02-02 06:00:00
QI-002317,PR-0006601,SKU-1210,P04,2025-07-23,223,11,Warping,E117,Fail,2025-01-31 07:00:00
QI-002318,PR-0006611,SKU-1140,P05,2025-07-23,116,3,Sink Marks,E172,Fail,2025-02-02 15:00:00
QI-002319,PR-0006613,SKU-1042,P01,2025-07-24,282,9,Burn Marks,E007,Fail,2025-02-01 07:00:00
QI-002320,PR-0006615,SKU-1084,P01,2025-07-24,181,3,Sink Marks,E021,Fail,2025-01-31 03:00:00
QI-002321,PR-0006618,SKU-1014,P03,2025-07-24,178,5,Flash,E088,Fail,2025-02-01 20:00:00
QI-002322,PR-0006619,SKU-1007,P03,2025-07-24,220,5,Flash,E088,Fail,2025-01-31 20:00:00
QI-002323,PR-0006625,SKU-1175,P04,2025-07-24,209,10,Flash,E143,Fail,2025-02-01 19:00:00
QI-002324,PR-0006626,SKU-1105,P04,2025-07-24,188,5,Sink Marks,E141,Fail,2025-02-02 02:00:00
QI-002325,PR-0006630,SKU-1007,P05,2025-07-24,293,11,Sink Marks,E172,Fail,2025-02-02 22:00:00
QI-002326,PR-0006632,SKU-1063,P05,2025-07-24,174,6,Flash,E152,Fail,2025-01-31 03:00:00
QI-002327,PR-0006634,SKU-1126,P05,2025-07-24,296,9,Sink Marks,E175,Fail,2025-02-02 11:00:00
QI-002328,PR-0006641,SKU-1182,P01,2025-07-25,245,7,Flash,E033,Fail,2025-02-02 13:00:00
QI-002329,PR-0006644,SKU-1014,P01,2025-07-25,158,3,Warping,E010,Fail,2025-02-01 06:00:00
QI-002330,PR-0006647,SKU-1049,P02,2025-07-25,137,5,Cracking,E056,Fail,2025-02-01 19:00:00
QI-002331,PR-0006648,SKU-1049,P02,2025-07-25,138,5,Cracking,E044,Fail,2025-02-02 09:00:00
QI-002332,PR-0006651,SKU-1014,P02,2025-07-25,296,10,Flash,E056,Fail,2025-02-01 06:00:00
QI-002333,PR-0006655,SKU-1035,P03,2025-07-25,244,6,Flash,E080,Fail,2025-02-02 15:00:00
QI-002334,PR-0006656,SKU-1007,P03,2025-07-25,249,7,Short Shot,E108,Fail,2025-02-02 16:00:00
QI-002335,PR-0006657,SKU-1007,P03,2025-07-25,250,8,Flash,E095,Fail,2025-02-02 00:00:00
QI-002336,PR-0006658,SKU-1140,P03,2025-07-25,282,12,Flash,E095,Fail,2025-02-02 10:00:00
QI-002337,PR-0006661,SKU-1126,P03,2025-07-25,105,3,Sink Marks,E084,Fail,2025-01-31 07:00:00
QI-002338,PR-0006665,SKU-1182,P05,2025-07-25,324,17,Short Shot,E148,Fail,2025-01-31 05:00:00
QI-002339,PR-0006675,SKU-1252,P01,2025-07-26,149,5,Warping,E007,Fail,2025-02-02 08:00:00
QI-002340,PR-0006679,SKU-1210,P02,2025-07-26,102,3,Cracking,E048,Fail,2025-01-31 18:00:00
QI-002341,PR-0006680,SKU-1140,P02,2025-07-26,207,5,Flash,E067,Fail,2025-02-02 00:00:00
QI-002342,PR-0006682,SKU-1126,P02,2025-07-26,216,4,Sink Marks,E053,Fail,2025-02-01 14:00:00
QI-002343,PR-0006683,SKU-1126,P02,2025-07-26,217,7,Flash,E067,Fail,2025-02-02 22:00:00
QI-002344,PR-0006684,SKU-1070,P02,2025-07-26,273,11,Warping,E054,Fail,2025-02-02 05:00:00
QI-002345,PR-0006686,SKU-1021,P02,2025-07-26,223,6,Warping,E058,Fail,2025-02-02 20:00:00
QI-002346,PR-0006688,SKU-1147,P03,2025-07-26,181,5,Flash,E076,Fail,2025-02-02 17:00:00
QI-002347,PR-0006698,SKU-1091,P04,2025-07-26,215,5,Short Shot,E137,Fail,2025-02-01 05:00:00
QI-002348,PR-0006699,SKU-1175,P04,2025-07-26,170,6,Warping,E136,Fail,2025-01-31 07:00:00
QI-002349,PR-0006706,SKU-1182,P01,2025-07-27,265,12,Flash,E034,Fail,2025-01-31 02:00:00
QI-002350,PR-0006707,SKU-1182,P01,2025-07-27,266,10,Sink Marks,E013,Fail,2025-01-31 02:00:00
QI-002351,PR-0006712,SKU-1266,P02,2025-07-27,185,6,Sink Marks,E068,Fail,2025-02-02 02:00:00
QI-002352,PR-0006714,SKU-1056,P02,2025-07-27,140,8,Short Shot,E054,Fail,2025-01-31 00:00:00
QI-002353,PR-0006718,SKU-1175,P02,2025-07-27,260,10,Burn Marks,E044,Fail,2025-01-31 20:00:00
QI-002354,PR-0006720,SKU-1140,P03,2025-07-27,232,5,Short Shot,E080,Fail,2025-01-31 16:00:00
QI-002355,PR-0006726,SKU-1224,P04,2025-07-27,262,13,Sink Marks,E121,Fail,2025-02-02 02:00:00
QI-002356,PR-0006728,SKU-1182,P04,2025-07-27,196,7,Burn Marks,E130,Fail,2025-02-02 02:00:00
QI-002357,PR-0006730,SKU-1042,P05,2025-07-27,238,9,Flash,E153,Fail,2025-01-31 15:00:00
QI-002358,PR-0006731,SKU-1042,P05,2025-07-27,238,8,Burn Marks,E161,Fail,2025-01-31 14:00:00
QI-002359,PR-0006733,SKU-1007,P01,2025-07-28,210,6,Cracking,E034,Fail,2025-02-02 06:00:00
QI-002360,PR-0006736,SKU-1203,P01,2025-07-28,243,8,Sink Marks,E020,Fail,2025-02-01 17:00:00
QI-002361,PR-0006737,SKU-1203,P01,2025-07-28,244,9,Sink Marks,E029,Fail,2025-01-31 05:00:00
QI-002362,PR-0006745,SKU-1196,P02,2025-07-28,272,13,Flash,E040,Fail,2025-02-02 19:00:00
QI-002363,PR-0006747,SKU-1112,P03,2025-07-28,213,6,Short Shot,E078,Fail,2025-02-01 21:00:00
QI-002364,PR-0006748,SKU-1112,P03,2025-07-28,213,8,Flash,E103,Fail,2025-01-31 07:00:00
QI-002365,PR-0006749,SKU-1035,P03,2025-07-28,227,6,Flash,E086,Fail,2025-01-31 18:00:00
QI-002366,PR-0006750,SKU-1035,P03,2025-07-28,227,5,Flash,E080,Fail,2025-01-31 14:00:00
QI-002367,PR-0006751,SKU-1224,P03,2025-07-28,270,6,Sink Marks,E104,Fail,2025-02-01 20:00:00
QI-002368,PR-0006761,SKU-1273,P04,2025-07-28,140,4,Flash,E137,Fail,2025-02-01 18:00:00
QI-002369,PR-0006764,SKU-1035,P04,2025-07-28,150,5,Flash,E139,Fail,2025-02-02 04:00:00
QI-002370,PR-0006769,SKU-1007,P05,2025-07-28,200,4,Flash,E152,Fail,2025-01-31 06:00:00
QI-002371,PR-0006771,SKU-1147,P05,2025-07-28,202,8,Flash,E162,Fail,2025-01-31 06:00:00
QI-002372,PR-0006772,SKU-1147,P05,2025-07-28,203,8,Flash,E148,Fail,2025-01-31 21:00:00
QI-002373,PR-0006776,SKU-1175,P01,2025-07-29,208,7,Cracking,E007,Fail,2025-01-31 09:00:00
QI-002374,PR-0006798,SKU-1133,P05,2025-07-29,155,5,Short Shot,E161,Fail,2025-01-31 04:00:00
QI-002375,PR-0006804,SKU-1196,P01,2025-07-30,196,4,Short Shot,E001,Fail,2025-02-01 15:00:00
QI-002376,PR-0006806,SKU-1175,P01,2025-07-30,306,9,Sink Marks,E015,Fail,2025-02-01 17:00:00
QI-002377,PR-0006807,SKU-1056,P01,2025-07-30,224,6,Burn Marks,E009,Fail,2025-01-31 18:00:00
QI-002378,PR-0006809,SKU-1217,P01,2025-07-30,110,3,Flash,E007,Fail,2025-01-31 02:00:00
QI-002379,PR-0006814,SKU-1112,P02,2025-07-30,117,3,Burn Marks,E055,Fail,2025-02-01 09:00:00
QI-002380,PR-0006815,SKU-1112,P02,2025-07-30,117,4,Flash,E048,Fail,2025-02-02 22:00:00
QI-002381,PR-0006818,SKU-1273,P02,2025-07-30,282,11,Cracking,E048,Fail,2025-02-02 13:00:00
QI-002382,PR-0006823,SKU-1273,P03,2025-07-30,249,10,Short Shot,E074,Fail,2025-02-02 15:00:00
QI-002383,PR-0006827,SKU-1224,P04,2025-07-30,172,5,Sink Marks,E131,Fail,2025-01-31 19:00:00
QI-002384,PR-0006830,SKU-1077,P04,2025-07-30,307,12,Sink Marks,E115,Fail,2025-02-01 20:00:00
QI-002385,PR-0006833,SKU-1042,P05,2025-07-30,198,7,Warping,E147,Fail,2025-01-31 14:00:00
QI-002386,PR-0006834,SKU-1042,P05,2025-07-30,198,5,Burn Marks,E148,Fail,2025-01-31 14:00:00
QI-002387,PR-0006836,SKU-1245,P05,2025-07-30,306,10,Short Shot,E171,Fail,2025-02-02 10:00:00
QI-002388,PR-0006837,SKU-1273,P01,2025-07-31,178,4,Warping,E021,Fail,2025-02-02 10:00:00
QI-002389,PR-0006842,SKU-1238,P01,2025-07-31,256,6,Burn Marks,E033,Fail,2025-02-01 09:00:00
QI-002390,PR-0006843,SKU-1098,P01,2025-07-31,259,7,Warping,E015,Fail,2025-01-31 09:00:00
QI-002391,PR-0006845,SKU-1161,P02,2025-07-31,289,9,Flash,E067,Fail,2025-01-31 10:00:00
QI-002392,PR-0006846,SKU-1105,P02,2025-07-31,323,14,Flash,E051,Fail,2025-01-31 01:00:00
QI-002393,PR-0006847,SKU-1161,P02,2025-07-31,284,10,Warping,E056,Fail,2025-01-31 04:00:00
QI-002394,PR-0006850,SKU-1035,P03,2025-07-31,142,2,Flash,E078,Fail,2025-01-31 00:00:00
QI-002395,PR-0006851,SKU-1035,P03,2025-07-31,143,3,Cracking,E080,Fail,2025-01-31 08:00:00
QI-002396,PR-0006856,SKU-1112,P03,2025-07-31,144,8,Cracking,E092,Fail,2025-02-01 19:00:00
QI-002397,PR-0006858,SKU-1084,P04,2025-07-31,110,4,Flash,E110,Fail,2025-02-02 04:00:00
QI-002398,PR-0006859,SKU-1084,P04,2025-07-31,110,3,Short Shot,E119,Fail,2025-01-31 12:00:00
QI-002399,PR-0006860,SKU-1252,P04,2025-07-31,245,6,Short Shot,E119,Fail,2025-02-01 15:00:00
QI-002400,PR-0006861,SKU-1007,P04,2025-07-31,216,9,Flash,E122,Fail,2025-01-31 05:00:00
QI-002401,PR-0006864,SKU-1175,P05,2025-07-31,161,4,Cracking,E171,Fail,2025-02-01 01:00:00
QI-002402,PR-0006865,SKU-1133,P05,2025-07-31,316,13,Burn Marks,E171,Fail,2025-02-01 10:00:00
QI-002403,PR-0006868,SKU-1231,P05,2025-07-31,128,3,Cracking,E174,Fail,2025-02-01 06:00:00
QI-002404,PR-0006874,SKU-1126,P01,2025-08-01,248,10,Flash,E034,Fail,2025-01-31 19:00:00
QI-002405,PR-0006876,SKU-1091,P02,2025-08-01,225,6,Burn Marks,E044,Fail,2025-02-02 04:00:00
QI-002406,PR-0006878,SKU-1182,P02,2025-08-01,242,10,Short Shot,E067,Fail,2025-02-01 19:00:00
QI-002407,PR-0006881,SKU-1168,P02,2025-08-01,304,12,Sink Marks,E056,Fail,2025-01-31 13:00:00
QI-002408,PR-0006893,SKU-1266,P04,2025-08-01,118,2,Sink Marks,E119,Fail,2025-01-31 08:00:00
QI-002409,PR-0006894,SKU-1112,P04,2025-08-01,101,3,Cracking,E141,Fail,2025-02-02 02:00:00
QI-002410,PR-0006897,SKU-1168,P05,2025-08-01,247,6,Warping,E171,Fail,2025-01-31 07:00:00
QI-002411,PR-0006899,SKU-1168,P05,2025-08-01,216,6,Flash,E148,Fail,2025-02-01 16:00:00
QI-002412,PR-0006901,SKU-1245,P01,2025-08-02,300,5,Flash,E015,Fail,2025-02-02 21:00:00
QI-002413,PR-0006906,SKU-1147,P02,2025-08-02,306,16,Short Shot,E062,Fail,2025-01-31 20:00:00
QI-002414,PR-0006907,SKU-1112,P02,2025-08-02,126,3,Flash,E048,Fail,2025-01-31 22:00:00
QI-002415,PR-0006908,SKU-1280,P03,2025-08-02,249,9,Sink Marks,E086,Fail,2025-02-01 01:00:00
QI-002416,PR-0006910,SKU-1098,P03,2025-08-02,312,6,Sink Marks,E086,Fail,2025-02-01 14:00:00
QI-002417,PR-0006911,SKU-1231,P03,2025-08-02,146,3,Sink Marks,E095,Fail,2025-01-31 12:00:00
QI-002418,PR-0006914,SKU-1203,P03,2025-08-02,238,9,Short Shot,E088,Fail,2025-02-02 02:00:00
QI-002419,PR-0006917,SKU-1217,P04,2025-08-02,306,11,Short Shot,E131,Fail,2025-02-02 02:00:00
QI-002420,PR-0006920,SKU-1098,P04,2025-08-02,175,8,Warping,E142,Fail,2025-01-31 15:00:00
QI-002421,PR-0006930,SKU-1182,P05,2025-08-02,292,10,Flash,E147,Fail,2025-01-31 01:00:00
QI-002422,PR-0006933,SKU-1084,P01,2025-08-03,276,11,Warping,E009,Fail,2025-02-01 05:00:00
QI-002423,PR-0006936,SKU-1119,P01,2025-08-03,131,4,Sink Marks,E007,Fail,2025-01-31 02:00:00
QI-002424,PR-0006939,SKU-1266,P02,2025-08-03,156,3,Sink Marks,E048,Fail,2025-02-02 21:00:00
QI-002425,PR-0006942,SKU-1217,P02,2025-08-03,291,13,Short Shot,E054,Fail,2025-02-01 03:00:00
QI-002426,PR-0006944,SKU-1252,P03,2025-08-03,243,7,Flash,E092,Fail,2025-02-02 11:00:00
QI-002427,PR-0006956,SKU-1252,P04,2025-08-03,291,15,Warping,E142,Fail,2025-01-31 18:00:00
QI-002428,PR-0006957,SKU-1203,P04,2025-08-03,203,10,Cracking,E142,Fail,2025-02-01 06:00:00
QI-002429,PR-0006962,SKU-1140,P05,2025-08-03,281,7,Cracking,E179,Fail,2025-02-01 06:00:00
QI-002430,PR-0006964,SKU-1098,P05,2025-08-03,260,6,Flash,E163,Fail,2025-02-02 05:00:00
QI-002431,PR-0006969,SKU-1182,P01,2025-08-04,181,4,Cracking,E015,Fail,2025-02-01 22:00:00
QI-002432,PR-0006972,SKU-1231,P01,2025-08-04,177,5,Flash,E016,Fail,2025-01-31 05:00:00
QI-002433,PR-0006981,SKU-1070,P02,2025-08-04,243,7,Short Shot,E048,Fail,2025-02-01 20:00:00
QI-002434,PR-0006982,SKU-1112,P02,2025-08-04,276,3,Short Shot,E053,Fail,2025-01-31 22:00:00
QI-002435,PR-0006983,SKU-1133,P03,2025-08-04,308,11,Warping,E103,Fail,2025-02-02 16:00:00
QI-002436,PR-0006993,SKU-1084,P05,2025-08-04,271,12,Short Shot,E161,Fail,2025-01-31 00:00:00
QI-002437,PR-0006995,SKU-1056,P05,2025-08-04,225,10,Short Shot,E153,Fail,2025-01-31 01:00:00
QI-002438,PR-0006996,SKU-1056,P05,2025-08-04,187,6,Sink Marks,E153,Fail,2025-02-01 11:00:00
QI-002439,PR-0006997,SKU-1210,P05,2025-08-04,254,8,Sink Marks,E152,Fail,2025-02-01 15:00:00
QI-002440,PR-0006999,SKU-1007,P01,2025-08-05,279,6,Short Shot,E015,Fail,2025-02-01 00:00:00
QI-002441,PR-0007001,SKU-1042,P01,2025-08-05,115,4,Warping,E007,Fail,2025-02-01 00:00:00
QI-002442,PR-0007004,SKU-1182,P02,2025-08-05,151,5,Sink Marks,E055,Fail,2025-02-01 22:00:00
QI-002443,PR-0007011,SKU-1147,P03,2025-08-05,214,8,Sink Marks,E084,Fail,2025-02-02 12:00:00
QI-002444,PR-0007014,SKU-1203,P03,2025-08-05,179,6,Warping,E074,Fail,2025-01-31 07:00:00
QI-002445,PR-0007019,SKU-1154,P04,2025-08-05,164,6,Sink Marks,E121,Fail,2025-02-02 14:00:00
QI-002446,PR-0007025,SKU-1238,P05,2025-08-05,256,6,Flash,E155,Fail,2025-02-02 03:00:00
QI-002447,PR-0007026,SKU-1231,P05,2025-08-05,322,16,Flash,E155,Fail,2025-01-31 13:00:00
QI-002448,PR-0007031,SKU-1070,P02,2025-08-06,302,12,Flash,E051,Fail,2025-02-01 03:00:00
QI-002449,PR-0007033,SKU-1077,P02,2025-08-06,110,4,Flash,E040,Fail,2025-01-31 04:00:00
QI-002450,PR-0007046,SKU-1252,P03,2025-08-06,314,13,Flash,E084,Fail,2025-02-02 15:00:00
QI-002451,PR-0007048,SKU-1084,P04,2025-08-06,322,11,Burn Marks,E142,Fail,2025-02-02 21:00:00
QI-002452,PR-0007051,SKU-1259,P04,2025-08-06,141,5,Short Shot,E140,Fail,2025-02-01 19:00:00
QI-002453,PR-0007052,SKU-1259,P04,2025-08-06,141,4,Short Shot,E137,Fail,2025-02-02 21:00:00
QI-002454,PR-0007053,SKU-1049,P04,2025-08-06,140,3,Sink Marks,E140,Fail,2025-02-02 14:00:00
QI-002455,PR-0007056,SKU-1182,P05,2025-08-06,314,15,Warping,E153,Fail,2025-02-02 09:00:00
QI-002456,PR-0007064,SKU-1007,P02,2025-08-07,311,9,Sink Marks,E068,Fail,2025-02-01 14:00:00
QI-002457,PR-0007066,SKU-1063,P02,2025-08-07,297,14,Short Shot,E051,Fail,2025-02-01 07:00:00
QI-002458,PR-0007067,SKU-1119,P02,2025-08-07,118,2,Flash,E062,Fail,2025-01-31 14:00:00
QI-002459,PR-0007074,SKU-1196,P03,2025-08-07,301,14,Short Shot,E084,Fail,2025-01-31 11:00:00
QI-002460,PR-0007077,SKU-1189,P03,2025-08-07,119,4,Warping,E080,Fail,2025-01-31 17:00:00
QI-002461,PR-0007081,SKU-1091,P04,2025-08-07,268,12,Flash,E115,Fail,2025-01-31 06:00:00
QI-002462,PR-0007082,SKU-1049,P04,2025-08-07,184,7,Cracking,E115,Fail,2025-02-02 12:00:00
QI-002463,PR-0007084,SKU-1119,P05,2025-08-07,223,5,Flash,E162,Fail,2025-01-31 11:00:00
QI-002464,PR-0007094,SKU-1245,P01,2025-08-08,277,5,Warping,E020,Fail,2025-02-01 19:00:00
QI-002465,PR-0007099,SKU-1140,P02,2025-08-08,106,3,Sink Marks,E048,Fail,2025-02-01 04:00:00
QI-002466,PR-0007103,SKU-1140,P03,2025-08-08,187,7,Cracking,E103,Fail,2025-02-01 13:00:00
QI-002467,PR-0007116,SKU-1238,P05,2025-08-08,270,13,Short Shot,E159,Fail,2025-01-31 11:00:00
QI-002468,PR-0007119,SKU-1252,P01,2025-08-09,316,12,Flash,E016,Fail,2025-01-31 03:00:00
QI-002469,PR-0007122,SKU-1063,P01,2025-08-09,232,9,Short Shot,E006,Fail,2025-02-02 13:00:00
QI-002470,PR-0007123,SKU-1119,P01,2025-08-09,154,3,Flash,E010,Fail,2025-01-31 20:00:00
QI-002471,PR-0007125,SKU-1035,P01,2025-08-09,162,9,Warping,E029,Fail,2025-02-01 09:00:00
QI-002472,PR-0007130,SKU-1238,P02,2025-08-09,161,4,Sink Marks,E055,Fail,2025-01-31 02:00:00
QI-002473,PR-0007131,SKU-1035,P03,2025-08-09,275,12,Burn Marks,E103,Fail,2025-02-01 16:00:00
QI-002474,PR-0007133,SKU-1140,P03,2025-08-09,202,5,Flash,E077,Fail,2025-02-01 21:00:00
QI-002475,PR-0007138,SKU-1070,P04,2025-08-09,222,9,Short Shot,E143,Fail,2025-02-02 12:00:00
QI-002476,PR-0007139,SKU-1070,P04,2025-08-09,223,7,Sink Marks,E133,Fail,2025-01-31 07:00:00
QI-002477,PR-0007140,SKU-1084,P04,2025-08-09,317,12,Flash,E139,Fail,2025-02-01 09:00:00
QI-002478,PR-0007145,SKU-1133,P04,2025-08-09,150,6,Warping,E121,Fail,2025-02-01 20:00:00
QI-002479,PR-0007149,SKU-1084,P05,2025-08-09,277,15,Cracking,E172,Fail,2025-02-01 06:00:00
QI-002480,PR-0007151,SKU-1091,P01,2025-08-10,140,3,Sink Marks,E029,Fail,2025-01-31 09:00:00
QI-002481,PR-0007152,SKU-1091,P01,2025-08-10,140,5,Warping,E006,Fail,2025-01-31 03:00:00
QI-002482,PR-0007161,SKU-1168,P02,2025-08-10,319,12,Sink Marks,E053,Fail,2025-01-31 09:00:00
QI-002483,PR-0007172,SKU-1231,P05,2025-08-10,192,8,Short Shot,E172,Fail,2025-01-31 07:00:00
QI-002484,PR-0007174,SKU-1168,P05,2025-08-10,261,6,Flash,E164,Fail,2025-01-31 04:00:00
QI-002485,PR-0007177,SKU-1168,P05,2025-08-10,285,14,Sink Marks,E162,Fail,2025-02-02 15:00:00
QI-002486,PR-0007178,SKU-1168,P05,2025-08-10,286,18,Flash,E153,Fail,2025-01-31 14:00:00
QI-002487,PR-0007181,SKU-1112,P01,2025-08-11,277,11,Burn Marks,E016,Fail,2025-02-02 07:00:00
QI-002488,PR-0007183,SKU-1077,P01,2025-08-11,241,8,Flash,E017,Fail,2025-02-02 14:00:00
QI-002489,PR-0007185,SKU-1175,P01,2025-08-11,306,10,Sink Marks,E006,Fail,2025-02-01 19:00:00
QI-002490,PR-0007189,SKU-1168,P02,2025-08-11,319,13,Flash,E054,Fail,2025-02-01 01:00:00
QI-002491,PR-0007197,SKU-1196,P03,2025-08-11,183,5,Flash,E086,Fail,2025-02-02 14:00:00
QI-002492,PR-0007198,SKU-1196,P03,2025-08-11,184,5,Burn Marks,E074,Fail,2025-02-02 13:00:00
QI-002493,PR-0007201,SKU-1021,P03,2025-08-11,311,11,Flash,E088,Fail,2025-01-31 10:00:00
QI-002494,PR-0007202,SKU-1021,P03,2025-08-11,312,13,Sink Marks,E108,Fail,2025-01-31 04:00:00
QI-002495,PR-0007204,SKU-1028,P04,2025-08-11,200,8,Short Shot,E143,Fail,2025-02-02 11:00:00
QI-002496,PR-0007205,SKU-1133,P04,2025-08-11,182,6,Sink Marks,E141,Fail,2025-02-02 17:00:00
QI-002497,PR-0007208,SKU-1182,P04,2025-08-11,116,6,Warping,E125,Fail,2025-01-31 13:00:00
QI-002498,PR-0007216,SKU-1196,P01,2025-08-12,323,12,Flash,E017,Fail,2025-01-31 19:00:00
QI-002499,PR-0007218,SKU-1140,P01,2025-08-12,122,3,Warping,E009,Fail,2025-01-31 07:00:00
QI-002500,PR-0007219,SKU-1140,P01,2025-08-12,122,3,Flash,E033,Fail,2025-02-02 09:00:00
QI-002501,PR-0007223,SKU-1014,P02,2025-08-12,146,4,Flash,E053,Fail,2025-01-31 22:00:00
QI-002502,PR-0007227,SKU-1014,P02,2025-08-12,231,11,Burn Marks,E048,Fail,2025-02-02 20:00:00
QI-002503,PR-0007230,SKU-1021,P03,2025-08-12,312,10,Burn Marks,E074,Fail,2025-02-02 01:00:00
QI-002504,PR-0007234,SKU-1189,P04,2025-08-12,136,3,Warping,E140,Fail,2025-01-31 07:00:00
QI-002505,PR-0007242,SKU-1147,P05,2025-08-12,250,4,Sink Marks,E171,Fail,2025-02-01 10:00:00
QI-002506,PR-0007243,SKU-1238,P05,2025-08-12,251,8,Flash,E171,Fail,2025-02-01 09:00:00
QI-002507,PR-0007245,SKU-1161,P05,2025-08-12,108,5,Sink Marks,E171,Fail,2025-01-31 01:00:00
QI-002508,PR-0007249,SKU-1238,P01,2025-08-13,274,5,Sink Marks,E020,Fail,2025-02-02 20:00:00
QI-002509,PR-0007251,SKU-1238,P02,2025-08-13,323,16,Flash,E062,Fail,2025-02-01 21:00:00
QI-002510,PR-0007253,SKU-1224,P02,2025-08-13,303,11,Warping,E044,Fail,2025-01-31 21:00:00
QI-002511,PR-0007255,SKU-1112,P02,2025-08-13,317,8,Flash,E055,Fail,2025-02-01 22:00:00
QI-002512,PR-0007261,SKU-1280,P04,2025-08-13,233,6,Cracking,E117,Fail,2025-02-02 11:00:00
QI-002513,PR-0007265,SKU-1203,P04,2025-08-13,114,5,Warping,E136,Fail,2025-01-31 09:00:00
QI-002514,PR-0007269,SKU-1210,P05,2025-08-13,168,5,Flash,E175,Fail,2025-02-01 20:00:00
QI-002515,PR-0007271,SKU-1175,P05,2025-08-13,216,11,Warping,E172,Fail,2025-01-31 14:00:00
QI-002516,PR-0007274,SKU-1091,P01,2025-08-14,256,10,Cracking,E006,Fail,2025-02-01 02:00:00
QI-002517,PR-0007275,SKU-1042,P01,2025-08-14,299,7,Burn Marks,E020,Fail,2025-02-01 08:00:00
QI-002518,PR-0007280,SKU-1196,P01,2025-08-14,109,2,Warping,E017,Fail,2025-02-01 14:00:00
QI-002519,PR-0007285,SKU-1056,P02,2025-08-14,112,2,Flash,E063,Fail,2025-01-31 00:00:00
QI-002520,PR-0007287,SKU-1189,P02,2025-08-14,203,10,Burn Marks,E053,Fail,2025-01-31 00:00:00
QI-002521,PR-0007291,SKU-1112,P03,2025-08-14,319,12,Sink Marks,E086,Fail,2025-01-31 06:00:00
QI-002522,PR-0007292,SKU-1182,P03,2025-08-14,156,9,Flash,E080,Fail,2025-02-01 00:00:00
QI-002523,PR-0007293,SKU-1182,P03,2025-08-14,156,4,Short Shot,E098,Fail,2025-02-02 13:00:00
QI-002524,PR-0007294,SKU-1203,P04,2025-08-14,264,10,Flash,E136,Fail,2025-02-02 20:00:00
QI-002525,PR-0007298,SKU-1063,P04,2025-08-14,285,5,Short Shot,E115,Fail,2025-02-01 04:00:00
QI-002526,PR-0007302,SKU-1147,P05,2025-08-14,120,3,Flash,E152,Fail,2025-02-01 03:00:00
QI-002527,PR-0007305,SKU-1056,P01,2025-08-15,106,3,Short Shot,E029,Fail,2025-01-31 06:00:00
QI-002528,PR-0007306,SKU-1070,P01,2025-08-15,119,3,Sink Marks,E034,Fail,2025-02-02 02:00:00
QI-002529,PR-0007310,SKU-1273,P01,2025-08-15,144,4,Short Shot,E021,Fail,2025-02-01 06:00:00
QI-002530,PR-0007314,SKU-1147,P02,2025-08-15,297,11,Short Shot,E056,Fail,2025-02-01 02:00:00
QI-002531,PR-0007316,SKU-1231,P02,2025-08-15,110,3,Flash,E048,Fail,2025-02-02 14:00:00
QI-002532,PR-0007317,SKU-1231,P02,2025-08-15,111,3,Warping,E054,Fail,2025-01-31 19:00:00
QI-002533,PR-0007318,SKU-1063,P03,2025-08-15,144,4,Short Shot,E086,Fail,2025-01-31 08:00:00
QI-002534,PR-0007322,SKU-1217,P03,2025-08-15,173,9,Sink Marks,E076,Fail,2025-01-31 11:00:00
QI-002535,PR-0007323,SKU-1014,P03,2025-08-15,211,9,Flash,E074,Fail,2025-02-02 20:00:00
QI-002536,PR-0007324,SKU-1014,P03,2025-08-15,211,6,Short Shot,E086,Fail,2025-02-02 20:00:00
QI-002537,PR-0007325,SKU-1021,P04,2025-08-15,143,6,Warping,E131,Fail,2025-02-02 21:00:00
QI-002538,PR-0007327,SKU-1070,P04,2025-08-15,144,5,Cracking,E143,Fail,2025-01-31 08:00:00
QI-002539,PR-0007331,SKU-1154,P04,2025-08-15,174,5,Flash,E115,Fail,2025-02-02 08:00:00
QI-002540,PR-0007332,SKU-1154,P04,2025-08-15,175,9,Cracking,E122,Fail,2025-02-01 16:00:00
QI-002541,PR-0007337,SKU-1252,P05,2025-08-15,296,13,Short Shot,E171,Fail,2025-02-01 12:00:00
QI-002542,PR-0007339,SKU-1210,P01,2025-08-16,322,15,Sink Marks,E029,Fail,2025-01-31 21:00:00
QI-002543,PR-0007342,SKU-1133,P01,2025-08-16,248,5,Warping,E006,Fail,2025-02-02 02:00:00
QI-002544,PR-0007345,SKU-1196,P01,2025-08-16,107,6,Sink Marks,E030,Fail,2025-02-02 00:00:00
QI-002545,PR-0007348,SKU-1147,P02,2025-08-16,230,11,Flash,E054,Fail,2025-02-01 03:00:00
QI-002546,PR-0007350,SKU-1259,P02,2025-08-16,317,9,Sink Marks,E044,Fail,2025-02-01 07:00:00
QI-002547,PR-0007352,SKU-1217,P02,2025-08-16,199,11,Warping,E054,Fail,2025-02-02 19:00:00
QI-002548,PR-0007353,SKU-1098,P02,2025-08-16,112,3,Sink Marks,E040,Fail,2025-02-02 12:00:00
QI-002549,PR-0007354,SKU-1098,P02,2025-08-16,112,2,Short Shot,E053,Fail,2025-02-02 13:00:00
QI-002550,PR-0007356,SKU-1056,P03,2025-08-16,215,12,Flash,E077,Fail,2025-02-02 07:00:00
QI-002551,PR-0007359,SKU-1182,P03,2025-08-16,249,7,Flash,E096,Fail,2025-02-02 04:00:00
QI-002552,PR-0007361,SKU-1154,P03,2025-08-16,274,12,Warping,E074,Fail,2025-01-31 10:00:00
QI-002553,PR-0007362,SKU-1154,P03,2025-08-16,164,6,Short Shot,E084,Fail,2025-01-31 09:00:00
QI-002554,PR-0007363,SKU-1154,P03,2025-08-16,164,4,Burn Marks,E084,Fail,2025-01-31 19:00:00
QI-002555,PR-0007367,SKU-1028,P04,2025-08-16,231,8,Flash,E110,Fail,2025-01-31 12:00:00
QI-002556,PR-0007368,SKU-1028,P04,2025-08-16,231,8,Short Shot,E141,Fail,2025-01-31 17:00:00
QI-002557,PR-0007369,SKU-1049,P04,2025-08-16,116,4,Short Shot,E134,Fail,2025-01-31 04:00:00
QI-002558,PR-0007382,SKU-1161,P01,2025-08-17,199,5,Warping,E010,Fail,2025-02-02 21:00:00
QI-002559,PR-0007383,SKU-1056,P01,2025-08-17,284,8,Flash,E028,Fail,2025-02-02 11:00:00
QI-002560,PR-0007384,SKU-1056,P01,2025-08-17,285,9,Short Shot,E006,Fail,2025-02-02 11:00:00
QI-002561,PR-0007387,SKU-1189,P02,2025-08-17,185,8,Short Shot,E067,Fail,2025-02-02 16:00:00
QI-002562,PR-0007388,SKU-1021,P02,2025-08-17,316,11,Short Shot,E067,Fail,2025-02-02 03:00:00
QI-002563,PR-0007393,SKU-1119,P03,2025-08-17,249,7,Sink Marks,E080,Fail,2025-02-01 03:00:00
QI-002564,PR-0007395,SKU-1273,P03,2025-08-17,254,8,Flash,E108,Fail,2025-02-01 07:00:00
QI-002565,PR-0007396,SKU-1049,P03,2025-08-17,322,11,Burn Marks,E103,Fail,2025-01-31 02:00:00
QI-002566,PR-0007397,SKU-1098,P03,2025-08-17,299,13,Warping,E079,Fail,2025-02-01 00:00:00
QI-002567,PR-0007398,SKU-1140,P03,2025-08-17,202,3,Short Shot,E098,Fail,2025-02-01 16:00:00
QI-002568,PR-0007399,SKU-1140,P04,2025-08-17,151,3,Flash,E140,Fail,2025-01-31 04:00:00
QI-002569,PR-0007406,SKU-1189,P05,2025-08-17,110,3,Flash,E164,Fail,2025-02-01 04:00:00
QI-002570,PR-0007408,SKU-1049,P05,2025-08-17,247,12,Flash,E161,Fail,2025-02-01 12:00:00
QI-002571,PR-0007411,SKU-1105,P01,2025-08-18,203,10,Warping,E030,Fail,2025-02-02 08:00:00
QI-002572,PR-0007416,SKU-1238,P01,2025-08-18,123,3,Short Shot,E016,Fail,2025-02-01 12:00:00
QI-002573,PR-0007418,SKU-1056,P02,2025-08-18,311,16,Flash,E048,Fail,2025-02-02 22:00:00
QI-002574,PR-0007422,SKU-1182,P02,2025-08-18,275,6,Short Shot,E068,Fail,2025-02-02 07:00:00
QI-002575,PR-0007423,SKU-1049,P03,2025-08-18,154,5,Warping,E084,Fail,2025-02-02 15:00:00
QI-002576,PR-0007424,SKU-1049,P03,2025-08-18,155,6,Cracking,E103,Fail,2025-02-01 01:00:00
QI-002577,PR-0007427,SKU-1210,P03,2025-08-18,145,4,Sink Marks,E080,Fail,2025-02-02 19:00:00
QI-002578,PR-0007428,SKU-1210,P03,2025-08-18,145,3,Sink Marks,E104,Fail,2025-02-02 11:00:00
QI-002579,PR-0007430,SKU-1028,P03,2025-08-18,155,7,Burn Marks,E077,Fail,2025-02-01 00:00:00
QI-002580,PR-0007431,SKU-1028,P03,2025-08-18,156,4,Flash,E080,Fail,2025-02-02 10:00:00
QI-002581,PR-0007435,SKU-1280,P04,2025-08-18,289,12,Flash,E133,Fail,2025-02-01 19:00:00
QI-002582,PR-0007438,SKU-1238,P04,2025-08-18,103,5,Flash,E122,Fail,2025-01-31 12:00:00
QI-002583,PR-0007441,SKU-1154,P05,2025-08-18,183,5,Flash,E164,Fail,2025-01-31 00:00:00
QI-002584,PR-0007443,SKU-1112,P05,2025-08-18,115,6,Burn Marks,E153,Fail,2025-01-31 19:00:00
QI-002585,PR-0007446,SKU-1231,P05,2025-08-18,226,6,Cracking,E153,Fail,2025-02-02 16:00:00
QI-002586,PR-0007447,SKU-1245,P01,2025-08-19,276,6,Flash,E009,Fail,2025-01-31 01:00:00
QI-002587,PR-0007450,SKU-1210,P02,2025-08-19,263,8,Short Shot,E048,Fail,2025-02-02 05:00:00
QI-002588,PR-0007451,SKU-1224,P02,2025-08-19,108,4,Flash,E063,Fail,2025-02-02 04:00:00
QI-002589,PR-0007452,SKU-1224,P02,2025-08-19,109,4,Cracking,E044,Fail,2025-01-31 05:00:00
QI-002590,PR-0007456,SKU-1077,P03,2025-08-19,206,8,Sink Marks,E095,Fail,2025-02-02 07:00:00
QI-002591,PR-0007459,SKU-1168,P03,2025-08-19,162,5,Cracking,E076,Fail,2025-01-31 05:00:00
QI-002592,PR-0007467,SKU-1231,P04,2025-08-19,296,17,Sink Marks,E121,Fail,2025-01-31 22:00:00
QI-002593,PR-0007468,SKU-1217,P04,2025-08-19,244,15,Flash,E142,Fail,2025-02-02 11:00:00
QI-002594,PR-0007470,SKU-1252,P04,2025-08-19,113,5,Warping,E136,Fail,2025-02-01 08:00:00
QI-002595,PR-0007473,SKU-1126,P05,2025-08-19,269,10,Warping,E153,Fail,2025-02-02 15:00:00
QI-002596,PR-0007477,SKU-1133,P01,2025-08-20,224,7,Flash,E029,Fail,2025-01-31 05:00:00
QI-002597,PR-0007478,SKU-1126,P01,2025-08-20,138,3,Warping,E014,Fail,2025-02-02 05:00:00
QI-002598,PR-0007479,SKU-1049,P01,2025-08-20,101,2,Sink Marks,E020,Fail,2025-02-02 20:00:00
QI-002599,PR-0007480,SKU-1049,P01,2025-08-20,102,2,Sink Marks,E029,Fail,2025-01-31 09:00:00
QI-002600,PR-0007482,SKU-1161,P01,2025-08-20,130,5,Flash,E020,Fail,2025-02-01 17:00:00
QI-002601,PR-0007484,SKU-1203,P01,2025-08-20,152,5,Burn Marks,E017,Fail,2025-01-31 07:00:00
QI-002602,PR-0007487,SKU-1217,P02,2025-08-20,158,8,Flash,E054,Fail,2025-01-31 04:00:00
QI-002603,PR-0007488,SKU-1217,P02,2025-08-20,159,9,Flash,E056,Fail,2025-01-31 00:00:00
QI-002604,PR-0007491,SKU-1252,P02,2025-08-20,217,7,Short Shot,E067,Fail,2025-01-31 00:00:00
QI-002605,PR-0007495,SKU-1119,P03,2025-08-20,211,7,Flash,E080,Fail,2025-01-31 11:00:00
QI-002606,PR-0007497,SKU-1203,P03,2025-08-20,316,18,Cracking,E077,Fail,2025-01-31 03:00:00
QI-002607,PR-0007504,SKU-1042,P04,2025-08-20,284,9,Sink Marks,E119,Fail,2025-02-01 03:00:00
QI-002608,PR-0007505,SKU-1042,P04,2025-08-20,285,8,Burn Marks,E115,Fail,2025-01-31 01:00:00
QI-002609,PR-0007507,SKU-1021,P05,2025-08-20,140,4,Flash,E164,Fail,2025-01-31 12:00:00
QI-002610,PR-0007508,SKU-1238,P05,2025-08-20,279,11,Short Shot,E153,Fail,2025-02-01 17:00:00
QI-002611,PR-0007511,SKU-1147,P05,2025-08-20,261,10,Sink Marks,E171,Fail,2025-01-31 14:00:00
QI-002612,PR-0007512,SKU-1273,P01,2025-08-21,130,2,Sink Marks,E017,Fail,2025-02-01 14:00:00
QI-002613,PR-0007515,SKU-1140,P01,2025-08-21,319,7,Short Shot,E020,Fail,2025-02-01 08:00:00
QI-002614,PR-0007516,SKU-1105,P01,2025-08-21,216,5,Warping,E001,Fail,2025-02-02 02:00:00
QI-002615,PR-0007519,SKU-1266,P02,2025-08-21,185,6,Warping,E056,Fail,2025-01-31 04:00:00
QI-002616,PR-0007520,SKU-1028,P02,2025-08-21,159,3,Flash,E063,Fail,2025-02-02 04:00:00
QI-002617,PR-0007521,SKU-1161,P02,2025-08-21,189,3,Sink Marks,E058,Fail,2025-02-01 07:00:00
QI-002618,PR-0007523,SKU-1028,P02,2025-08-21,104,3,Sink Marks,E063,Fail,2025-02-02 19:00:00
QI-002619,PR-0007530,SKU-1252,P03,2025-08-21,298,11,Short Shot,E084,Fail,2025-01-31 18:00:00
QI-002620,PR-0007534,SKU-1168,P03,2025-08-21,164,3,Flash,E076,Fail,2025-02-01 17:00:00
QI-002621,PR-0007536,SKU-1147,P04,2025-08-21,291,13,Sink Marks,E141,Fail,2025-01-31 21:00:00
QI-002622,PR-0007540,SKU-1252,P04,2025-08-21,306,12,Short Shot,E111,Fail,2025-01-31 21:00:00
QI-002623,PR-0007541,SKU-1112,P04,2025-08-21,219,12,Warping,E140,Fail,2025-01-31 02:00:00
QI-002624,PR-0007543,SKU-1189,P05,2025-08-21,122,5,Short Shot,E161,Fail,2025-02-02 02:00:00
QI-002625,PR-0007544,SKU-1168,P05,2025-08-21,236,9,Burn Marks,E162,Fail,2025-01-31 15:00:00
QI-002626,PR-0007545,SKU-1168,P05,2025-08-21,237,11,Cracking,E155,Fail,2025-02-02 14:00:00
QI-002627,PR-0007547,SKU-1210,P05,2025-08-21,174,5,Sink Marks,E152,Fail,2025-02-02 17:00:00
QI-002628,PR-0007555,SKU-1182,P01,2025-08-22,245,5,Warping,E033,Fail,2025-02-01 01:00:00
QI-002629,PR-0007556,SKU-1014,P01,2025-08-22,209,6,Sink Marks,E028,Fail,2025-02-01 05:00:00
QI-002630,PR-0007558,SKU-1245,P01,2025-08-22,209,10,Warping,E013,Fail,2025-02-02 02:00:00
QI-002631,PR-0007569,SKU-1133,P03,2025-08-22,133,2,Flash,E088,Fail,2025-02-02 20:00:00
QI-002632,PR-0007573,SKU-1224,P04,2025-08-22,135,4,Warping,E137,Fail,2025-01-31 15:00:00
QI-002633,PR-0007576,SKU-1049,P05,2025-08-22,259,10,Warping,E172,Fail,2025-02-02 11:00:00
QI-002634,PR-0007580,SKU-1175,P05,2025-08-22,284,10,Flash,E164,Fail,2025-02-01 19:00:00
QI-002635,PR-0007585,SKU-1049,P02,2025-08-23,218,11,Flash,E054,Fail,2025-01-31 04:00:00
QI-002636,PR-0007588,SKU-1063,P03,2025-08-23,129,4,Flash,E080,Fail,2025-02-02 10:00:00
QI-002637,PR-0007590,SKU-1266,P03,2025-08-23,192,8,Warping,E092,Fail,2025-02-02 01:00:00
QI-002638,PR-0007591,SKU-1266,P03,2025-08-23,192,9,Flash,E079,Fail,2025-01-31 16:00:00
QI-002639,PR-0007592,SKU-1133,P04,2025-08-23,273,9,Warping,E130,Fail,2025-01-31 03:00:00
QI-002640,PR-0007593,SKU-1133,P04,2025-08-23,274,7,Short Shot,E139,Fail,2025-02-02 20:00:00
QI-002641,PR-0007595,SKU-1105,P04,2025-08-23,136,2,Short Shot,E140,Fail,2025-01-31 01:00:00
QI-002642,PR-0007598,SKU-1273,P05,2025-08-23,243,10,Warping,E161,Fail,2025-02-01 11:00:00
QI-002643,PR-0007604,SKU-1070,P01,2025-08-24,167,4,Short Shot,E007,Fail,2025-02-01 18:00:00
QI-002644,PR-0007606,SKU-1042,P01,2025-08-24,135,3,Short Shot,E017,Fail,2025-01-31 19:00:00
QI-002645,PR-0007607,SKU-1091,P02,2025-08-24,272,10,Flash,E063,Fail,2025-02-01 06:00:00
QI-002646,PR-0007608,SKU-1245,P02,2025-08-24,265,9,Warping,E067,Fail,2025-02-01 22:00:00
QI-002647,PR-0007609,SKU-1245,P02,2025-08-24,265,14,Short Shot,E048,Fail,2025-02-02 04:00:00
QI-002648,PR-0007615,SKU-1098,P03,2025-08-24,247,8,Cracking,E080,Fail,2025-01-31 09:00:00
QI-002649,PR-0007620,SKU-1098,P04,2025-08-24,104,6,Cracking,E121,Fail,2025-02-01 07:00:00
QI-002650,PR-0007621,SKU-1133,P04,2025-08-24,134,6,Flash,E143,Fail,2025-02-01 04:00:00
QI-002651,PR-0007624,SKU-1210,P04,2025-08-24,119,5,Short Shot,E143,Fail,2025-02-01 13:00:00
QI-002652,PR-0007625,SKU-1210,P04,2025-08-24,119,3,Warping,E130,Fail,2025-02-02 06:00:00
QI-002653,PR-0007626,SKU-1007,P04,2025-08-24,189,8,Sink Marks,E133,Fail,2025-01-31 11:00:00
QI-002654,PR-0007629,SKU-1063,P05,2025-08-24,301,18,Warping,E153,Fail,2025-01-31 11:00:00
QI-002655,PR-0007630,SKU-1035,P05,2025-08-24,154,9,Short Shot,E164,Fail,2025-02-01 08:00:00
QI-002656,PR-0007631,SKU-1035,P05,2025-08-24,154,4,Short Shot,E162,Fail,2025-01-31 20:00:00
QI-002657,PR-0007640,SKU-1273,P01,2025-08-25,150,3,Cracking,E028,Fail,2025-02-01 18:00:00
QI-002658,PR-0007641,SKU-1273,P01,2025-08-25,151,3,Warping,E021,Fail,2025-02-01 20:00:00
QI-002659,PR-0007642,SKU-1224,P01,2025-08-25,153,3,Sink Marks,E015,Fail,2025-02-01 07:00:00
QI-002660,PR-0007643,SKU-1224,P01,2025-08-25,153,6,Short Shot,E028,Fail,2025-02-02 02:00:00
QI-002661,PR-0007644,SKU-1077,P01,2025-08-25,293,7,Warping,E014,Fail,2025-02-01 07:00:00
QI-002662,PR-0007660,SKU-1245,P03,2025-08-25,268,4,Short Shot,E098,Fail,2025-02-01 03:00:00
QI-002663,PR-0007662,SKU-1189,P04,2025-08-25,307,15,Warping,E115,Fail,2025-02-01 17:00:00
QI-002664,PR-0007667,SKU-1098,P05,2025-08-25,197,5,Sink Marks,E152,Fail,2025-01-31 20:00:00
QI-002665,PR-0007670,SKU-1070,P05,2025-08-25,199,11,Short Shot,E147,Fail,2025-01-31 09:00:00
QI-002666,PR-0007672,SKU-1049,P01,2025-08-26,197,5,Flash,E014,Fail,2025-02-01 20:00:00
QI-002667,PR-0007673,SKU-1049,P01,2025-08-26,198,7,Short Shot,E001,Fail,2025-02-02 22:00:00
QI-002668,PR-0007675,SKU-1049,P01,2025-08-26,197,8,Warping,E029,Fail,2025-02-01 02:00:00
QI-002669,PR-0007681,SKU-1175,P03,2025-08-26,117,5,Flash,E074,Fail,2025-01-31 05:00:00
QI-002670,PR-0007683,SKU-1098,P03,2025-08-26,273,7,Short Shot,E088,Fail,2025-01-31 21:00:00
QI-002671,PR-0007684,SKU-1014,P03,2025-08-26,307,6,Flash,E098,Fail,2025-01-31 15:00:00
QI-002672,PR-0007686,SKU-1238,P03,2025-08-26,313,8,Short Shot,E076,Fail,2025-02-02 17:00:00
QI-002673,PR-0007700,SKU-1259,P01,2025-08-27,324,16,Flash,E029,Fail,2025-02-02 05:00:00
QI-002674,PR-0007702,SKU-1238,P01,2025-08-27,165,4,Sink Marks,E013,Fail,2025-01-31 11:00:00
QI-002675,PR-0007703,SKU-1119,P02,2025-08-27,324,9,Short Shot,E044,Fail,2025-01-31 17:00:00
QI-002676,PR-0007708,SKU-1154,P02,2025-08-27,107,2,Sink Marks,E048,Fail,2025-02-02 22:00:00
QI-002677,PR-0007716,SKU-1070,P04,2025-08-27,140,5,Short Shot,E142,Fail,2025-01-31 10:00:00
QI-002678,PR-0007717,SKU-1070,P04,2025-08-27,140,5,Short Shot,E134,Fail,2025-02-02 07:00:00
QI-002679,PR-0007726,SKU-1077,P05,2025-08-27,167,8,Sink Marks,E171,Fail,2025-01-31 06:00:00
QI-002680,PR-0007727,SKU-1182,P05,2025-08-27,251,11,Short Shot,E153,Fail,2025-02-02 15:00:00
QI-002681,PR-0007728,SKU-1182,P05,2025-08-27,252,7,Burn Marks,E153,Fail,2025-02-02 18:00:00
QI-002682,PR-0007729,SKU-1126,P05,2025-08-27,235,8,Sink Marks,E172,Fail,2025-01-31 01:00:00
QI-002683,PR-0007730,SKU-1126,P05,2025-08-27,236,5,Flash,E171,Fail,2025-01-31 03:00:00
QI-002684,PR-0007736,SKU-1231,P01,2025-08-28,225,8,Short Shot,E020,Fail,2025-01-31 04:00:00
QI-002685,PR-0007741,SKU-1021,P01,2025-08-28,311,7,Flash,E028,Fail,2025-02-01 20:00:00
QI-002686,PR-0007749,SKU-1112,P02,2025-08-28,318,8,Flash,E044,Fail,2025-02-01 01:00:00
QI-002687,PR-0007753,SKU-1021,P03,2025-08-28,170,5,Flash,E104,Fail,2025-01-31 05:00:00
QI-002688,PR-0007757,SKU-1203,P03,2025-08-28,206,8,Flash,E079,Fail,2025-02-01 05:00:00
QI-002689,PR-0007763,SKU-1154,P04,2025-08-28,212,5,Sink Marks,E132,Fail,2025-01-31 03:00:00
QI-002690,PR-0007769,SKU-1189,P04,2025-08-28,152,7,Sink Marks,E111,Fail,2025-02-01 02:00:00
QI-002691,PR-0007770,SKU-1189,P04,2025-08-28,152,5,Flash,E112,Fail,2025-02-02 19:00:00
QI-002692,PR-0007772,SKU-1196,P05,2025-08-28,271,9,Warping,E171,Fail,2025-02-01 17:00:00
QI-002693,PR-0007774,SKU-1112,P05,2025-08-28,295,7,Flash,E148,Fail,2025-02-01 12:00:00
QI-002694,PR-0007776,SKU-1196,P05,2025-08-28,253,8,Short Shot,E162,Fail,2025-01-31 20:00:00
QI-002695,PR-0007779,SKU-1259,P01,2025-08-29,178,8,Sink Marks,E029,Fail,2025-01-31 18:00:00
QI-002696,PR-0007781,SKU-1196,P01,2025-08-29,202,6,Sink Marks,E033,Fail,2025-02-01 03:00:00
QI-002697,PR-0007784,SKU-1070,P02,2025-08-29,261,9,Cracking,E055,Fail,2025-02-01 17:00:00
QI-002698,PR-0007786,SKU-1266,P02,2025-08-29,112,2,Flash,E067,Fail,2025-01-31 09:00:00
QI-002699,PR-0007787,SKU-1147,P02,2025-08-29,314,17,Flash,E067,Fail,2025-01-31 07:00:00
QI-002700,PR-0007791,SKU-1189,P03,2025-08-29,272,11,Flash,E080,Fail,2025-01-31 07:00:00
QI-002701,PR-0007794,SKU-1077,P03,2025-08-29,304,9,Flash,E080,Fail,2025-01-31 13:00:00
QI-002702,PR-0007795,SKU-1140,P03,2025-08-29,117,4,Short Shot,E080,Fail,2025-01-31 03:00:00
QI-002703,PR-0007796,SKU-1168,P04,2025-08-29,116,3,Warping,E137,Fail,2025-02-02 17:00:00
QI-002704,PR-0007798,SKU-1259,P04,2025-08-29,280,10,Warping,E131,Fail,2025-02-02 05:00:00
QI-002705,PR-0007799,SKU-1196,P04,2025-08-29,231,8,Sink Marks,E130,Fail,2025-01-31 13:00:00
QI-002706,PR-0007800,SKU-1049,P05,2025-08-29,115,2,Flash,E174,Fail,2025-01-31 06:00:00
QI-002707,PR-0007802,SKU-1161,P05,2025-08-29,176,7,Flash,E153,Fail,2025-01-31 04:00:00
QI-002708,PR-0007803,SKU-1077,P05,2025-08-29,273,6,Flash,E171,Fail,2025-01-31 15:00:00
QI-002709,PR-0007816,SKU-1273,P02,2025-08-30,268,5,Burn Marks,E054,Fail,2025-02-01 21:00:00
QI-002710,PR-0007818,SKU-1014,P02,2025-08-30,216,7,Warping,E054,Fail,2025-02-02 00:00:00
QI-002711,PR-0007823,SKU-1196,P03,2025-08-30,257,8,Flash,E080,Fail,2025-02-01 18:00:00
QI-002712,PR-0007827,SKU-1133,P03,2025-08-30,135,4,Cracking,E074,Fail,2025-02-02 22:00:00
QI-002713,PR-0007829,SKU-1021,P04,2025-08-30,273,15,Short Shot,E139,Fail,2025-02-01 08:00:00
QI-002714,PR-0007831,SKU-1224,P04,2025-08-30,283,13,Warping,E115,Fail,2025-02-01 12:00:00
QI-002715,PR-0007832,SKU-1084,P05,2025-08-30,219,5,Flash,E162,Fail,2025-02-02 06:00:00
QI-002716,PR-0007833,SKU-1084,P05,2025-08-30,219,6,Warping,E161,Fail,2025-02-01 14:00:00
QI-002717,PR-0007835,SKU-1231,P05,2025-08-30,140,3,Flash,E172,Fail,2025-01-31 18:00:00
QI-002718,PR-0007836,SKU-1252,P05,2025-08-30,158,7,Cracking,E172,Fail,2025-01-31 20:00:00
QI-002719,PR-0007839,SKU-1063,P05,2025-08-30,188,9,Sink Marks,E159,Fail,2025-02-02 02:00:00
QI-002720,PR-0007841,SKU-1098,P01,2025-08-31,115,2,Short Shot,E021,Fail,2025-02-02 18:00:00
QI-002721,PR-0007844,SKU-1021,P01,2025-08-31,274,5,Warping,E016,Fail,2025-02-01 02:00:00
QI-002722,PR-0007847,SKU-1161,P02,2025-08-31,162,7,Flash,E044,Fail,2025-01-31 08:00:00
QI-002723,PR-0007850,SKU-1126,P02,2025-08-31,179,5,Sink Marks,E067,Fail,2025-02-01 19:00:00
QI-002724,PR-0007858,SKU-1112,P04,2025-08-31,122,5,Cracking,E141,Fail,2025-02-02 16:00:00
QI-002725,PR-0007862,SKU-1147,P04,2025-08-31,251,10,Flash,E140,Fail,2025-01-31 10:00:00
QI-002726,PR-0007864,SKU-1084,P04,2025-08-31,288,10,Warping,E141,Fail,2025-02-02 20:00:00
QI-002727,PR-0007865,SKU-1175,P05,2025-08-31,172,7,Sink Marks,E147,Fail,2025-02-02 12:00:00
QI-002728,PR-0007871,SKU-1084,P01,2025-09-01,267,6,Warping,E020,Fail,2025-02-02 04:00:00
QI-002729,PR-0007872,SKU-1168,P01,2025-09-01,270,13,Burn Marks,E013,Fail,2025-02-02 19:00:00
QI-002730,PR-0007873,SKU-1168,P01,2025-09-01,270,5,Burn Marks,E017,Fail,2025-02-02 03:00:00
QI-002731,PR-0007876,SKU-1217,P01,2025-09-01,231,7,Flash,E028,Fail,2025-01-31 12:00:00
QI-002732,PR-0007881,SKU-1119,P02,2025-09-01,153,5,Sink Marks,E051,Fail,2025-01-31 10:00:00
QI-002733,PR-0007884,SKU-1196,P02,2025-09-01,277,9,Short Shot,E067,Fail,2025-02-01 05:00:00
QI-002734,PR-0007885,SKU-1196,P03,2025-09-01,276,13,Flash,E092,Fail,2025-01-31 04:00:00
QI-002735,PR-0007890,SKU-1007,P03,2025-09-01,264,9,Short Shot,E103,Fail,2025-02-01 12:00:00
QI-002736,PR-0007891,SKU-1266,P03,2025-09-01,310,11,Sink Marks,E086,Fail,2025-02-02 15:00:00
QI-002737,PR-0007894,SKU-1049,P04,2025-09-01,251,5,Burn Marks,E110,Fail,2025-02-02 12:00:00
QI-002738,PR-0007895,SKU-1049,P04,2025-09-01,252,9,Sink Marks,E120,Fail,2025-02-02 02:00:00
QI-002739,PR-0007896,SKU-1231,P04,2025-09-01,182,8,Sink Marks,E120,Fail,2025-02-02 22:00:00
QI-002740,PR-0007904,SKU-1091,P05,2025-09-01,279,7,Warping,E148,Fail,2025-02-02 05:00:00
QI-002741,PR-0007906,SKU-1203,P05,2025-09-01,310,12,Flash,E172,Fail,2025-01-31 09:00:00
QI-002742,PR-0007908,SKU-1140,P01,2025-09-02,283,10,Warping,E006,Fail,2025-02-01 22:00:00
QI-002743,PR-0007909,SKU-1140,P01,2025-09-02,284,13,Sink Marks,E034,Fail,2025-02-01 12:00:00
QI-002744,PR-0007913,SKU-1224,P02,2025-09-02,309,7,Flash,E063,Fail,2025-02-02 03:00:00
QI-002745,PR-0007915,SKU-1238,P02,2025-09-02,231,11,Short Shot,E055,Fail,2025-02-02 02:00:00
QI-002746,PR-0007918,SKU-1252,P02,2025-09-02,292,13,Sink Marks,E040,Fail,2025-02-01 22:00:00
QI-002747,PR-0007926,SKU-1280,P03,2025-09-02,253,7,Short Shot,E088,Fail,2025-02-02 04:00:00
QI-002748,PR-0007927,SKU-1014,P03,2025-09-02,247,5,Flash,E074,Fail,2025-01-31 03:00:00
QI-002749,PR-0007929,SKU-1224,P04,2025-09-02,173,7,Short Shot,E130,Fail,2025-01-31 15:00:00
QI-002750,PR-0007937,SKU-1007,P05,2025-09-02,273,12,Warping,E171,Fail,2025-01-31 12:00:00
QI-002751,PR-0007938,SKU-1168,P05,2025-09-02,139,4,Flash,E162,Fail,2025-02-01 17:00:00
QI-002752,PR-0007939,SKU-1147,P01,2025-09-03,216,6,Sink Marks,E017,Fail,2025-01-31 14:00:00
QI-002753,PR-0007943,SKU-1224,P01,2025-09-03,235,8,Sink Marks,E016,Fail,2025-02-01 04:00:00
QI-002754,PR-0007944,SKU-1259,P01,2025-09-03,176,6,Short Shot,E030,Fail,2025-02-01 05:00:00
QI-002755,PR-0007945,SKU-1231,P02,2025-09-03,237,9,Warping,E044,Fail,2025-02-02 16:00:00
QI-002756,PR-0007947,SKU-1238,P02,2025-09-03,285,12,Flash,E048,Fail,2025-01-31 00:00:00
QI-002757,PR-0007948,SKU-1140,P02,2025-09-03,165,2,Short Shot,E068,Fail,2025-02-02 00:00:00
QI-002758,PR-0007950,SKU-1035,P03,2025-09-03,262,8,Sink Marks,E074,Fail,2025-02-01 03:00:00
QI-002759,PR-0007951,SKU-1035,P03,2025-09-03,262,12,Short Shot,E074,Fail,2025-01-31 02:00:00
QI-002760,PR-0007952,SKU-1133,P03,2025-09-03,130,5,Flash,E084,Fail,2025-02-01 21:00:00
QI-002761,PR-0007968,SKU-1007,P05,2025-09-03,205,9,Flash,E161,Fail,2025-01-31 03:00:00
QI-002762,PR-0007969,SKU-1007,P05,2025-09-03,206,11,Short Shot,E162,Fail,2025-02-02 09:00:00
QI-002763,PR-0007970,SKU-1203,P05,2025-09-03,287,6,Flash,E162,Fail,2025-02-02 14:00:00
QI-002764,PR-0007973,SKU-1266,P01,2025-09-04,288,10,Warping,E034,Fail,2025-01-31 13:00:00
QI-002765,PR-0007974,SKU-1266,P01,2025-09-04,288,11,Sink Marks,E034,Fail,2025-02-02 21:00:00
QI-002766,PR-0007977,SKU-1147,P01,2025-09-04,291,12,Warping,E020,Fail,2025-02-01 11:00:00
QI-002767,PR-0007982,SKU-1070,P02,2025-09-04,295,9,Short Shot,E053,Fail,2025-02-02 18:00:00
QI-002768,PR-0007988,SKU-1245,P03,2025-09-04,197,3,Short Shot,E083,Fail,2025-01-31 21:00:00
QI-002769,PR-0007990,SKU-1112,P03,2025-09-04,179,8,Sink Marks,E083,Fail,2025-02-02 22:00:00
QI-002770,PR-0007992,SKU-1049,P03,2025-09-04,251,9,Short Shot,E108,Fail,2025-02-01 12:00:00
QI-002771,PR-0007994,SKU-1063,P04,2025-09-04,228,7,Sink Marks,E110,Fail,2025-01-31 07:00:00
QI-002772,PR-0008000,SKU-1266,P04,2025-09-04,133,4,Short Shot,E117,Fail,2025-02-01 02:00:00
QI-002773,PR-0008001,SKU-1266,P04,2025-09-04,133,5,Flash,E139,Fail,2025-02-01 02:00:00
QI-002774,PR-0008003,SKU-1007,P05,2025-09-04,141,5,Short Shot,E174,Fail,2025-01-31 13:00:00
QI-002775,PR-0008004,SKU-1259,P05,2025-09-04,203,6,Sink Marks,E171,Fail,2025-02-02 22:00:00
QI-002776,PR-0008013,SKU-1210,P02,2025-09-05,125,3,Sink Marks,E067,Fail,2025-02-02 02:00:00
QI-002777,PR-0008014,SKU-1105,P02,2025-09-05,258,6,Cracking,E067,Fail,2025-01-31 14:00:00
QI-002778,PR-0008015,SKU-1126,P02,2025-09-05,280,9,Short Shot,E067,Fail,2025-02-02 08:00:00
QI-002779,PR-0008016,SKU-1126,P02,2025-09-05,280,6,Sink Marks,E040,Fail,2025-01-31 20:00:00
QI-002780,PR-0008017,SKU-1077,P02,2025-09-05,220,7,Short Shot,E048,Fail,2025-02-02 03:00:00
QI-002781,PR-0008019,SKU-1259,P03,2025-09-05,203,9,Sink Marks,E103,Fail,2025-01-31 21:00:00
QI-002782,PR-0008022,SKU-1119,P03,2025-09-05,222,10,Short Shot,E084,Fail,2025-01-31 13:00:00
QI-002783,PR-0008023,SKU-1119,P03,2025-09-05,223,7,Burn Marks,E074,Fail,2025-02-01 17:00:00
QI-002784,PR-0008030,SKU-1252,P04,2025-09-05,112,4,Short Shot,E140,Fail,2025-02-01 02:00:00
QI-002785,PR-0008038,SKU-1084,P05,2025-09-05,295,8,Burn Marks,E153,Fail,2025-02-02 03:00:00
QI-002786,PR-0008042,SKU-1217,P05,2025-09-05,266,12,Sink Marks,E159,Fail,2025-02-01 16:00:00
QI-002787,PR-0008043,SKU-1098,P01,2025-09-06,145,2,Flash,E015,Fail,2025-02-02 06:00:00
QI-002788,PR-0008046,SKU-1098,P01,2025-09-06,108,1,Warping,E021,Fail,2025-02-02 11:00:00
QI-002789,PR-0008047,SKU-1189,P01,2025-09-06,179,5,Flash,E028,Fail,2025-01-31 19:00:00
QI-002790,PR-0008051,SKU-1273,P02,2025-09-06,160,3,Flash,E053,Fail,2025-02-01 02:00:00
QI-002791,PR-0008052,SKU-1273,P02,2025-09-06,161,3,Short Shot,E058,Fail,2025-01-31 21:00:00
QI-002792,PR-0008063,SKU-1063,P04,2025-09-06,289,18,Short Shot,E136,Fail,2025-02-02 20:00:00
QI-002793,PR-0008067,SKU-1238,P04,2025-09-06,211,4,Flash,E141,Fail,2025-02-02 20:00:00
QI-002794,PR-0008080,SKU-1070,P01,2025-09-07,106,4,Short Shot,E029,Fail,2025-02-02 11:00:00
QI-002795,PR-0008084,SKU-1140,P02,2025-09-07,219,7,Burn Marks,E040,Fail,2025-02-01 10:00:00
QI-002796,PR-0008087,SKU-1014,P03,2025-09-07,143,2,Flash,E095,Fail,2025-02-01 04:00:00
QI-002797,PR-0008092,SKU-1231,P03,2025-09-07,229,3,Flash,E083,Fail,2025-02-02 08:00:00
QI-002798,PR-0008096,SKU-1203,P04,2025-09-07,213,8,Flash,E110,Fail,2025-02-02 11:00:00
QI-002799,PR-0008097,SKU-1154,P04,2025-09-07,185,9,Sink Marks,E122,Fail,2025-02-02 01:00:00
QI-002800,PR-0008100,SKU-1224,P04,2025-09-07,137,3,Flash,E120,Fail,2025-02-02 18:00:00
QI-002801,PR-0008101,SKU-1224,P04,2025-09-07,138,5,Warping,E130,Fail,2025-02-02 10:00:00
QI-002802,PR-0008102,SKU-1007,P04,2025-09-07,283,14,Short Shot,E140,Fail,2025-01-31 06:00:00
QI-002803,PR-0008107,SKU-1140,P05,2025-09-07,181,6,Flash,E153,Fail,2025-02-01 19:00:00
QI-002804,PR-0008110,SKU-1098,P05,2025-09-07,224,7,Warping,E155,Fail,2025-02-01 05:00:00
QI-002805,PR-0008115,SKU-1112,P01,2025-09-08,201,5,Cracking,E001,Fail,2025-02-01 02:00:00
QI-002806,PR-0008118,SKU-1119,P02,2025-09-08,319,9,Short Shot,E051,Fail,2025-02-02 00:00:00
QI-002807,PR-0008121,SKU-1014,P02,2025-09-08,282,9,Short Shot,E062,Fail,2025-01-31 10:00:00
QI-002808,PR-0008123,SKU-1259,P02,2025-09-08,146,8,Short Shot,E054,Fail,2025-02-02 10:00:00
QI-002809,PR-0008125,SKU-1189,P03,2025-09-08,222,8,Flash,E088,Fail,2025-01-31 11:00:00
QI-002810,PR-0008127,SKU-1238,P03,2025-09-08,318,9,Short Shot,E108,Fail,2025-02-02 09:00:00
QI-002811,PR-0008128,SKU-1098,P03,2025-09-08,208,8,Short Shot,E079,Fail,2025-02-02 20:00:00
QI-002812,PR-0008135,SKU-1182,P04,2025-09-08,124,7,Flash,E139,Fail,2025-02-02 11:00:00
QI-002813,PR-0008139,SKU-1028,P05,2025-09-08,309,14,Burn Marks,E171,Fail,2025-02-02 17:00:00
QI-002814,PR-0008141,SKU-1273,P05,2025-09-08,167,10,Flash,E163,Fail,2025-01-31 19:00:00
QI-002815,PR-0008142,SKU-1273,P05,2025-09-08,168,7,Flash,E171,Fail,2025-02-02 14:00:00
QI-002816,PR-0008148,SKU-1196,P01,2025-09-09,110,1,Burn Marks,E016,Fail,2025-01-31 14:00:00
QI-002817,PR-0008149,SKU-1147,P01,2025-09-09,197,4,Flash,E015,Fail,2025-01-31 11:00:00
QI-002818,PR-0008157,SKU-1133,P03,2025-09-09,201,5,Flash,E079,Fail,2025-02-02 04:00:00
QI-002819,PR-0008160,SKU-1070,P03,2025-09-09,102,1,Flash,E096,Fail,2025-02-02 05:00:00
QI-002820,PR-0008162,SKU-1266,P04,2025-09-09,138,5,Short Shot,E142,Fail,2025-02-01 05:00:00
QI-002821,PR-0008164,SKU-1112,P04,2025-09-09,207,5,Short Shot,E131,Fail,2025-01-31 05:00:00
QI-002822,PR-0008166,SKU-1217,P04,2025-09-09,173,8,Short Shot,E141,Fail,2025-02-02 04:00:00
QI-002823,PR-0008168,SKU-1028,P04,2025-09-09,153,4,Short Shot,E110,Fail,2025-01-31 05:00:00
QI-002824,PR-0008171,SKU-1168,P05,2025-09-09,101,4,Short Shot,E174,Fail,2025-01-31 11:00:00
QI-002825,PR-0008173,SKU-1105,P05,2025-09-09,123,3,Short Shot,E175,Fail,2025-02-01 05:00:00
QI-002826,PR-0008174,SKU-1231,P05,2025-09-09,266,8,Sink Marks,E163,Fail,2025-01-31 00:00:00
QI-002827,PR-0008175,SKU-1231,P05,2025-09-09,266,11,Sink Marks,E153,Fail,2025-02-01 01:00:00
QI-002828,PR-0008179,SKU-1196,P01,2025-09-10,243,9,Flash,E017,Fail,2025-01-31 22:00:00
QI-002829,PR-0008184,SKU-1098,P02,2025-09-10,174,10,Warping,E051,Fail,2025-02-02 21:00:00
QI-002830,PR-0008187,SKU-1105,P02,2025-09-10,153,5,Sink Marks,E067,Fail,2025-01-31 13:00:00
QI-002831,PR-0008189,SKU-1168,P02,2025-09-10,114,3,Sink Marks,E063,Fail,2025-02-01 11:00:00
QI-002832,PR-0008192,SKU-1224,P03,2025-09-10,119,3,Flash,E074,Fail,2025-02-02 17:00:00
QI-002833,PR-0008195,SKU-1140,P03,2025-09-10,132,3,Short Shot,E086,Fail,2025-02-02 03:00:00
QI-002834,PR-0008197,SKU-1049,P03,2025-09-10,309,12,Short Shot,E103,Fail,2025-01-31 12:00:00
QI-002835,PR-0008206,SKU-1175,P05,2025-09-10,225,9,Warping,E164,Fail,2025-02-01 07:00:00
QI-002836,PR-0008208,SKU-1245,P05,2025-09-10,247,4,Warping,E162,Fail,2025-02-02 06:00:00
QI-002837,PR-0008209,SKU-1245,P05,2025-09-10,248,11,Short Shot,E153,Fail,2025-02-02 10:00:00
QI-002838,PR-0008215,SKU-1014,P01,2025-09-11,254,9,Flash,E007,Fail,2025-01-31 06:00:00
QI-002839,PR-0008217,SKU-1049,P01,2025-09-11,129,3,Flash,E020,Fail,2025-02-02 16:00:00
QI-002840,PR-0008218,SKU-1266,P01,2025-09-11,249,4,Flash,E030,Fail,2025-01-31 16:00:00
QI-002841,PR-0008224,SKU-1140,P02,2025-09-11,207,8,Sink Marks,E056,Fail,2025-01-31 06:00:00
QI-002842,PR-0008230,SKU-1042,P03,2025-09-11,196,7,Flash,E076,Fail,2025-02-02 01:00:00
QI-002843,PR-0008238,SKU-1077,P05,2025-09-11,243,7,Warping,E164,Fail,2025-02-01 21:00:00
QI-002844,PR-0008239,SKU-1189,P05,2025-09-11,272,7,Flash,E162,Fail,2025-01-31 14:00:00
QI-002845,PR-0008242,SKU-1259,P05,2025-09-11,282,12,Warping,E159,Fail,2025-02-02 06:00:00
QI-002846,PR-0008244,SKU-1077,P01,2025-09-12,150,1,Sink Marks,E017,Fail,2025-01-31 18:00:00
QI-002847,PR-0008245,SKU-1091,P01,2025-09-12,166,4,Cracking,E009,Fail,2025-02-01 19:00:00
QI-002848,PR-0008246,SKU-1224,P01,2025-09-12,242,6,Short Shot,E010,Fail,2025-02-01 17:00:00
QI-002849,PR-0008249,SKU-1007,P01,2025-09-12,252,12,Burn Marks,E029,Fail,2025-02-02 02:00:00
QI-002850,PR-0008253,SKU-1077,P03,2025-09-12,171,3,Sink Marks,E080,Fail,2025-02-02 02:00:00
QI-002851,PR-0008257,SKU-1070,P03,2025-09-12,252,10,Flash,E103,Fail,2025-02-02 09:00:00
QI-002852,PR-0008259,SKU-1126,P03,2025-09-12,289,8,Flash,E103,Fail,2025-02-02 09:00:00
QI-002853,PR-0008260,SKU-1042,P04,2025-09-12,190,7,Warping,E139,Fail,2025-01-31 17:00:00
QI-002854,PR-0008263,SKU-1049,P04,2025-09-12,158,6,Short Shot,E111,Fail,2025-01-31 20:00:00
QI-002855,PR-0008264,SKU-1154,P04,2025-09-12,201,10,Short Shot,E110,Fail,2025-02-02 10:00:00
QI-002856,PR-0008265,SKU-1056,P04,2025-09-12,288,12,Sink Marks,E112,Fail,2025-02-01 19:00:00
QI-002857,PR-0008266,SKU-1231,P04,2025-09-12,138,2,Sink Marks,E119,Fail,2025-02-02 22:00:00
QI-002858,PR-0008268,SKU-1021,P05,2025-09-12,107,4,Short Shot,E162,Fail,2025-02-02 12:00:00
QI-002859,PR-0008269,SKU-1217,P05,2025-09-12,142,3,Flash,E171,Fail,2025-02-01 22:00:00
QI-002860,PR-0008270,SKU-1245,P05,2025-09-12,306,10,Flash,E148,Fail,2025-02-02 10:00:00
QI-002861,PR-0008273,SKU-1259,P05,2025-09-12,316,17,Cracking,E153,Fail,2025-02-02 19:00:00
QI-002862,PR-0008277,SKU-1161,P01,2025-09-13,252,6,Burn Marks,E020,Fail,2025-01-31 03:00:00
QI-002863,PR-0008278,SKU-1266,P01,2025-09-13,162,4,Sink Marks,E006,Fail,2025-02-01 20:00:00
QI-002864,PR-0008284,SKU-1126,P03,2025-09-13,123,3,Short Shot,E103,Fail,2025-02-02 18:00:00
QI-002865,PR-0008285,SKU-1210,P03,2025-09-13,139,4,Sink Marks,E096,Fail,2025-01-31 20:00:00
QI-002866,PR-0008288,SKU-1056,P04,2025-09-13,154,7,Flash,E139,Fail,2025-01-31 02:00:00
QI-002867,PR-0008290,SKU-1140,P04,2025-09-13,100,5,Flash,E141,Fail,2025-02-02 03:00:00
QI-002868,PR-0008292,SKU-1168,P04,2025-09-13,112,3,Flash,E132,Fail,2025-02-02 00:00:00
QI-002869,PR-0008294,SKU-1028,P04,2025-09-13,318,16,Flash,E136,Fail,2025-02-01 11:00:00
QI-002870,PR-0008298,SKU-1133,P05,2025-09-13,169,5,Flash,E148,Fail,2025-02-02 15:00:00
QI-002871,PR-0008299,SKU-1063,P01,2025-09-14,208,6,Flash,E028,Fail,2025-02-02 07:00:00
QI-002872,PR-0008301,SKU-1224,P01,2025-09-14,321,17,Flash,E029,Fail,2025-02-02 00:00:00
QI-002873,PR-0008303,SKU-1084,P02,2025-09-14,125,3,Warping,E048,Fail,2025-02-02 21:00:00
QI-002874,PR-0008304,SKU-1084,P02,2025-09-14,126,2,Flash,E048,Fail,2025-02-01 15:00:00
QI-002875,PR-0008305,SKU-1252,P02,2025-09-14,219,6,Warping,E053,Fail,2025-01-31 14:00:00
QI-002876,PR-0008307,SKU-1210,P02,2025-09-14,198,9,Sink Marks,E056,Fail,2025-02-01 10:00:00
QI-002877,PR-0008311,SKU-1168,P03,2025-09-14,196,7,Flash,E092,Fail,2025-01-31 15:00:00
QI-002878,PR-0008312,SKU-1161,P03,2025-09-14,278,12,Short Shot,E077,Fail,2025-02-02 10:00:00
QI-002879,PR-0008315,SKU-1154,P03,2025-09-14,279,10,Sink Marks,E077,Fail,2025-02-02 07:00:00
QI-002880,PR-0008316,SKU-1252,P03,2025-09-14,207,6,Flash,E078,Fail,2025-02-01 05:00:00
QI-002881,PR-0008321,SKU-1224,P04,2025-09-14,164,5,Warping,E132,Fail,2025-02-02 04:00:00
QI-002882,PR-0008323,SKU-1070,P05,2025-09-14,215,8,Short Shot,E161,Fail,2025-02-01 06:00:00
QI-002883,PR-0008324,SKU-1070,P05,2025-09-14,215,9,Warping,E172,Fail,2025-02-02 22:00:00
QI-002884,PR-0008325,SKU-1140,P05,2025-09-14,264,7,Short Shot,E163,Fail,2025-01-31 03:00:00
QI-002885,PR-0008329,SKU-1238,P05,2025-09-14,251,7,Flash,E171,Fail,2025-02-01 11:00:00
QI-002886,PR-0008330,SKU-1238,P05,2025-09-14,251,9,Cracking,E162,Fail,2025-01-31 10:00:00
QI-002887,PR-0008332,SKU-1252,P01,2025-09-15,294,8,Warping,E001,Fail,2025-02-01 11:00:00
QI-002888,PR-0008333,SKU-1252,P01,2025-09-15,294,8,Warping,E034,Fail,2025-01-31 07:00:00
QI-002889,PR-0008336,SKU-1189,P01,2025-09-15,104,3,Warping,E033,Fail,2025-02-01 15:00:00
QI-002890,PR-0008337,SKU-1042,P02,2025-09-15,115,4,Warping,E055,Fail,2025-01-31 09:00:00
QI-002891,PR-0008342,SKU-1203,P03,2025-09-15,148,4,Sink Marks,E080,Fail,2025-02-02 21:00:00
QI-002892,PR-0008346,SKU-1056,P03,2025-09-15,226,10,Warping,E103,Fail,2025-02-02 11:00:00
QI-002893,PR-0008348,SKU-1091,P03,2025-09-15,269,8,Sink Marks,E077,Fail,2025-01-31 04:00:00
QI-002894,PR-0008354,SKU-1266,P04,2025-09-15,196,7,Flash,E136,Fail,2025-02-02 17:00:00
QI-002895,PR-0008357,SKU-1049,P04,2025-09-15,307,10,Warping,E131,Fail,2025-02-01 15:00:00
QI-002896,PR-0008359,SKU-1238,P05,2025-09-15,275,14,Warping,E162,Fail,2025-02-02 06:00:00
QI-002897,PR-0008365,SKU-1049,P05,2025-09-15,110,4,Short Shot,E153,Fail,2025-02-02 01:00:00
QI-002898,PR-0008369,SKU-1112,P01,2025-09-16,223,8,Flash,E006,Fail,2025-02-01 22:00:00
QI-002899,PR-0008374,SKU-1007,P02,2025-09-16,126,3,Flash,E067,Fail,2025-02-01 00:00:00
QI-002900,PR-0008380,SKU-1273,P02,2025-09-16,155,3,Warping,E044,Fail,2025-02-02 15:00:00
QI-002901,PR-0008383,SKU-1154,P03,2025-09-16,165,9,Cracking,E076,Fail,2025-01-31 22:00:00
QI-002902,PR-0008395,SKU-1280,P04,2025-09-16,188,8,Short Shot,E142,Fail,2025-02-02 00:00:00
QI-002903,PR-0008401,SKU-1077,P05,2025-09-16,238,9,Short Shot,E175,Fail,2025-02-01 03:00:00
QI-002904,PR-0008407,SKU-1252,P01,2025-09-17,268,11,Cracking,E001,Fail,2025-02-01 19:00:00
QI-002905,PR-0008408,SKU-1049,P01,2025-09-17,185,3,Flash,E009,Fail,2025-02-01 13:00:00
QI-002906,PR-0008409,SKU-1098,P01,2025-09-17,117,2,Flash,E028,Fail,2025-02-02 20:00:00
QI-002907,PR-0008415,SKU-1245,P02,2025-09-17,117,4,Warping,E067,Fail,2025-01-31 07:00:00
QI-002908,PR-0008416,SKU-1070,P02,2025-09-17,303,9,Burn Marks,E053,Fail,2025-01-31 16:00:00
QI-002909,PR-0008418,SKU-1217,P02,2025-09-17,149,5,Flash,E043,Fail,2025-02-02 07:00:00
QI-002910,PR-0008423,SKU-1231,P03,2025-09-17,120,3,Sink Marks,E074,Fail,2025-02-02 07:00:00
QI-002911,PR-0008424,SKU-1077,P03,2025-09-17,103,2,Sink Marks,E083,Fail,2025-02-01 19:00:00
QI-002912,PR-0008425,SKU-1077,P03,2025-09-17,103,4,Flash,E074,Fail,2025-02-01 01:00:00
QI-002913,PR-0008431,SKU-1098,P05,2025-09-17,296,12,Burn Marks,E172,Fail,2025-01-31 07:00:00
QI-002914,PR-0008437,SKU-1077,P01,2025-09-18,246,5,Flash,E020,Fail,2025-02-02 18:00:00
QI-002915,PR-0008440,SKU-1049,P01,2025-09-18,148,4,Cracking,E009,Fail,2025-02-01 04:00:00
QI-002916,PR-0008443,SKU-1273,P01,2025-09-18,317,7,Burn Marks,E028,Fail,2025-02-01 11:00:00
QI-002917,PR-0008444,SKU-1259,P02,2025-09-18,267,7,Flash,E053,Fail,2025-02-01 08:00:00
QI-002918,PR-0008448,SKU-1119,P02,2025-09-18,161,4,Flash,E068,Fail,2025-01-31 20:00:00
QI-002919,PR-0008452,SKU-1154,P03,2025-09-18,246,5,Flash,E088,Fail,2025-02-02 05:00:00
QI-002920,PR-0008453,SKU-1154,P03,2025-09-18,246,7,Short Shot,E103,Fail,2025-01-31 11:00:00
QI-002921,PR-0008456,SKU-1161,P03,2025-09-18,276,7,Sink Marks,E083,Fail,2025-02-02 04:00:00
QI-002922,PR-0008460,SKU-1252,P04,2025-09-18,142,5,Cracking,E136,Fail,2025-01-31 06:00:00
QI-002923,PR-0008461,SKU-1252,P04,2025-09-18,142,5,Sink Marks,E133,Fail,2025-01-31 22:00:00
QI-002924,PR-0008462,SKU-1280,P04,2025-09-18,291,6,Burn Marks,E117,Fail,2025-02-01 19:00:00
QI-002925,PR-0008466,SKU-1119,P05,2025-09-18,106,2,Short Shot,E175,Fail,2025-01-31 05:00:00
QI-002926,PR-0008468,SKU-1014,P05,2025-09-18,227,8,Short Shot,E164,Fail,2025-02-01 17:00:00
QI-002927,PR-0008472,SKU-1084,P05,2025-09-18,283,12,Short Shot,E171,Fail,2025-02-01 16:00:00
QI-002928,PR-0008476,SKU-1126,P01,2025-09-19,307,8,Warping,E017,Fail,2025-02-01 15:00:00
QI-002929,PR-0008478,SKU-1105,P01,2025-09-19,217,6,Flash,E015,Fail,2025-02-02 07:00:00
QI-002930,PR-0008484,SKU-1133,P02,2025-09-19,101,5,Flash,E062,Fail,2025-02-02 18:00:00
QI-002931,PR-0008490,SKU-1196,P03,2025-09-19,237,5,Short Shot,E095,Fail,2025-02-02 19:00:00
QI-002932,PR-0008492,SKU-1021,P03,2025-09-19,271,10,Flash,E079,Fail,2025-01-31 02:00:00
QI-002933,PR-0008494,SKU-1210,P04,2025-09-19,122,4,Sink Marks,E142,Fail,2025-01-31 00:00:00
QI-002934,PR-0008495,SKU-1147,P04,2025-09-19,127,4,Burn Marks,E115,Fail,2025-02-01 07:00:00
QI-002935,PR-0008496,SKU-1147,P04,2025-09-19,128,5,Burn Marks,E110,Fail,2025-01-31 16:00:00
QI-002936,PR-0008497,SKU-1042,P04,2025-09-19,233,6,Sink Marks,E122,Fail,2025-02-02 22:00:00
QI-002937,PR-0008500,SKU-1133,P05,2025-09-19,321,14,Sink Marks,E171,Fail,2025-02-02 18:00:00
QI-002938,PR-0008503,SKU-1182,P05,2025-09-19,300,8,Short Shot,E171,Fail,2025-02-01 13:00:00
QI-002939,PR-0008510,SKU-1238,P02,2025-09-20,116,3,Short Shot,E067,Fail,2025-01-31 15:00:00
QI-002940,PR-0008511,SKU-1238,P02,2025-09-20,117,5,Sink Marks,E056,Fail,2025-02-01 18:00:00
QI-002941,PR-0008513,SKU-1203,P02,2025-09-20,307,9,Cracking,E043,Fail,2025-02-01 22:00:00
QI-002942,PR-0008517,SKU-1063,P03,2025-09-20,187,5,Warping,E084,Fail,2025-01-31 04:00:00
QI-002943,PR-0008521,SKU-1210,P03,2025-09-20,319,16,Sink Marks,E084,Fail,2025-02-02 14:00:00
QI-002944,PR-0008523,SKU-1210,P04,2025-09-20,291,10,Warping,E131,Fail,2025-01-31 18:00:00
QI-002945,PR-0008526,SKU-1098,P04,2025-09-20,191,7,Warping,E125,Fail,2025-02-01 03:00:00
QI-002946,PR-0008528,SKU-1168,P04,2025-09-20,233,8,Short Shot,E120,Fail,2025-01-31 10:00:00
QI-002947,PR-0008529,SKU-1028,P04,2025-09-20,170,5,Warping,E131,Fail,2025-02-01 16:00:00
QI-002948,PR-0008532,SKU-1266,P04,2025-09-20,204,9,Short Shot,E134,Fail,2025-02-02 17:00:00
QI-002949,PR-0008534,SKU-1217,P05,2025-09-20,245,8,Flash,E172,Fail,2025-01-31 09:00:00
QI-002950,PR-0008535,SKU-1273,P05,2025-09-20,204,7,Sink Marks,E162,Fail,2025-02-02 05:00:00
QI-002951,PR-0008544,SKU-1098,P01,2025-09-21,194,5,Cracking,E006,Fail,2025-01-31 17:00:00
QI-002952,PR-0008546,SKU-1217,P01,2025-09-21,282,11,Short Shot,E006,Fail,2025-02-01 11:00:00
QI-002953,PR-0008552,SKU-1091,P02,2025-09-21,287,9,Short Shot,E063,Fail,2025-02-02 17:00:00
QI-002954,PR-0008553,SKU-1140,P02,2025-09-21,106,4,Sink Marks,E067,Fail,2025-02-02 08:00:00
QI-002955,PR-0008554,SKU-1140,P02,2025-09-21,106,2,Sink Marks,E062,Fail,2025-01-31 15:00:00
QI-002956,PR-0008556,SKU-1007,P03,2025-09-21,308,9,Short Shot,E074,Fail,2025-02-02 05:00:00
QI-002957,PR-0008562,SKU-1168,P04,2025-09-21,211,7,Sink Marks,E139,Fail,2025-01-31 21:00:00
QI-002958,PR-0008563,SKU-1266,P04,2025-09-21,284,11,Flash,E136,Fail,2025-01-31 21:00:00
QI-002959,PR-0008564,SKU-1098,P04,2025-09-21,219,7,Short Shot,E119,Fail,2025-01-31 02:00:00
QI-002960,PR-0008570,SKU-1224,P05,2025-09-21,175,7,Burn Marks,E148,Fail,2025-01-31 00:00:00
QI-002961,PR-0008571,SKU-1014,P05,2025-09-21,302,8,Sink Marks,E159,Fail,2025-02-01 07:00:00
QI-002962,PR-0008572,SKU-1014,P05,2025-09-21,302,13,Flash,E172,Fail,2025-02-02 06:00:00
QI-002963,PR-0008575,SKU-1112,P05,2025-09-21,191,8,Warping,E159,Fail,2025-02-02 04:00:00
QI-002964,PR-0008580,SKU-1196,P01,2025-09-22,131,3,Cracking,E020,Fail,2025-01-31 15:00:00
QI-002965,PR-0008581,SKU-1077,P01,2025-09-22,318,7,Short Shot,E021,Fail,2025-01-31 10:00:00
QI-002966,PR-0008583,SKU-1259,P01,2025-09-22,247,11,Short Shot,E029,Fail,2025-02-02 15:00:00
QI-002967,PR-0008590,SKU-1273,P03,2025-09-22,231,7,Flash,E079,Fail,2025-02-01 19:00:00
QI-002968,PR-0008592,SKU-1266,P03,2025-09-22,299,8,Sink Marks,E079,Fail,2025-01-31 02:00:00
QI-002969,PR-0008595,SKU-1140,P04,2025-09-22,140,3,Sink Marks,E140,Fail,2025-01-31 10:00:00
QI-002970,PR-0008601,SKU-1203,P05,2025-09-22,189,5,Flash,E171,Fail,2025-01-31 00:00:00
QI-002971,PR-0008603,SKU-1049,P05,2025-09-22,240,11,Short Shot,E152,Fail,2025-01-31 06:00:00
QI-002972,PR-0008604,SKU-1119,P05,2025-09-22,288,12,Short Shot,E153,Fail,2025-02-01 18:00:00
QI-002973,PR-0008606,SKU-1014,P01,2025-09-23,157,3,Burn Marks,E028,Fail,2025-02-01 01:00:00
QI-002974,PR-0008607,SKU-1084,P01,2025-09-23,174,5,Flash,E010,Fail,2025-02-02 19:00:00
QI-002975,PR-0008613,SKU-1238,P02,2025-09-23,280,8,Flash,E044,Fail,2025-01-31 16:00:00
QI-002976,PR-0008614,SKU-1238,P02,2025-09-23,280,9,Cracking,E048,Fail,2025-02-01 16:00:00
QI-002977,PR-0008617,SKU-1112,P02,2025-09-23,126,3,Warping,E053,Fail,2025-01-31 03:00:00
QI-002978,PR-0008620,SKU-1196,P03,2025-09-23,318,18,Sink Marks,E079,Fail,2025-02-02 22:00:00
QI-002979,PR-0008621,SKU-1196,P03,2025-09-23,318,14,Warping,E080,Fail,2025-02-02 21:00:00
QI-002980,PR-0008622,SKU-1154,P03,2025-09-23,206,4,Sink Marks,E078,Fail,2025-02-02 06:00:00
QI-002981,PR-0008625,SKU-1042,P03,2025-09-23,109,4,Flash,E076,Fail,2025-02-02 03:00:00
QI-002982,PR-0008626,SKU-1203,P03,2025-09-23,226,8,Flash,E103,Fail,2025-02-01 10:00:00
QI-002983,PR-0008628,SKU-1280,P04,2025-09-23,132,6,Short Shot,E142,Fail,2025-02-01 20:00:00
QI-002984,PR-0008629,SKU-1182,P04,2025-09-23,302,8,Sink Marks,E140,Fail,2025-02-01 01:00:00
QI-002985,PR-0008638,SKU-1182,P05,2025-09-23,316,11,Short Shot,E152,Fail,2025-02-01 02:00:00
QI-002986,PR-0008639,SKU-1175,P05,2025-09-23,196,8,Warping,E147,Fail,2025-02-01 17:00:00
QI-002987,PR-0008641,SKU-1224,P05,2025-09-23,249,7,Cracking,E152,Fail,2025-02-01 12:00:00
QI-002988,PR-0008642,SKU-1035,P05,2025-09-23,113,4,Cracking,E171,Fail,2025-02-01 08:00:00
QI-002989,PR-0008644,SKU-1147,P01,2025-09-24,316,7,Short Shot,E021,Fail,2025-02-01 10:00:00
QI-002990,PR-0008649,SKU-1273,P01,2025-09-24,133,4,Cracking,E029,Fail,2025-02-02 10:00:00
QI-002991,PR-0008652,SKU-1126,P02,2025-09-24,119,3,Flash,E048,Fail,2025-02-02 15:00:00
QI-002992,PR-0008654,SKU-1203,P02,2025-09-24,106,4,Sink Marks,E062,Fail,2025-01-31 15:00:00
QI-002993,PR-0008657,SKU-1259,P03,2025-09-24,236,10,Warping,E080,Fail,2025-02-02 16:00:00
QI-002994,PR-0008659,SKU-1042,P03,2025-09-24,281,7,Warping,E078,Fail,2025-02-01 22:00:00
QI-002995,PR-0008661,SKU-1105,P04,2025-09-24,227,11,Flash,E132,Fail,2025-01-31 17:00:00
QI-002996,PR-0008662,SKU-1077,P04,2025-09-24,307,15,Cracking,E119,Fail,2025-02-02 13:00:00
QI-002997,PR-0008663,SKU-1049,P04,2025-09-24,138,7,Short Shot,E133,Fail,2025-02-02 05:00:00
QI-002998,PR-0008667,SKU-1084,P05,2025-09-24,117,3,Burn Marks,E148,Fail,2025-02-02 12:00:00
QI-002999,PR-0008669,SKU-1196,P05,2025-09-24,257,3,Flash,E152,Fail,2025-01-31 04:00:00
QI-003000,PR-0008672,SKU-1259,P05,2025-09-24,176,5,Sink Marks,E162,Fail,2025-02-02 22:00:00
QI-003001,PR-0008673,SKU-1259,P05,2025-09-24,177,5,Warping,E161,Fail,2025-02-01 13:00:00
QI-003002,PR-0008678,SKU-1112,P01,2025-09-25,198,5,Sink Marks,E016,Fail,2025-01-31 15:00:00
QI-003003,PR-0008681,SKU-1154,P02,2025-09-25,238,6,Warping,E062,Fail,2025-02-01 12:00:00
QI-003004,PR-0008686,SKU-1105,P02,2025-09-25,293,9,Burn Marks,E043,Fail,2025-02-02 22:00:00
QI-003005,PR-0008688,SKU-1070,P02,2025-09-25,179,5,Flash,E048,Fail,2025-01-31 14:00:00
QI-003006,PR-0008689,SKU-1273,P03,2025-09-25,176,8,Flash,E076,Fail,2025-02-01 22:00:00
QI-003007,PR-0008690,SKU-1273,P03,2025-09-25,177,8,Burn Marks,E080,Fail,2025-02-02 18:00:00
QI-003008,PR-0008691,SKU-1098,P03,2025-09-25,196,8,Sink Marks,E077,Fail,2025-02-02 12:00:00
QI-003009,PR-0008694,SKU-1070,P03,2025-09-25,143,3,Burn Marks,E088,Fail,2025-02-02 03:00:00
QI-003010,PR-0008699,SKU-1217,P04,2025-09-25,224,8,Flash,E119,Fail,2025-02-01 14:00:00
QI-003011,PR-0008703,SKU-1231,P04,2025-09-25,248,7,Short Shot,E132,Fail,2025-01-31 02:00:00
QI-003012,PR-0008706,SKU-1252,P05,2025-09-25,130,4,Short Shot,E148,Fail,2025-02-02 05:00:00
QI-003013,PR-0008711,SKU-1140,P05,2025-09-25,122,3,Short Shot,E159,Fail,2025-02-01 14:00:00
QI-003014,PR-0008716,SKU-1119,P01,2025-09-26,156,5,Sink Marks,E030,Fail,2025-02-02 08:00:00
QI-003015,PR-0008718,SKU-1070,P01,2025-09-26,276,8,Flash,E021,Fail,2025-02-02 08:00:00
QI-003016,PR-0008722,SKU-1231,P02,2025-09-26,227,7,Flash,E048,Fail,2025-02-01 09:00:00
QI-003017,PR-0008724,SKU-1014,P02,2025-09-26,148,5,Sink Marks,E055,Fail,2025-01-31 13:00:00
QI-003018,PR-0008725,SKU-1014,P02,2025-09-26,149,8,Sink Marks,E051,Fail,2025-02-02 09:00:00
QI-003019,PR-0008727,SKU-1182,P02,2025-09-26,170,5,Warping,E048,Fail,2025-01-31 11:00:00
QI-003020,PR-0008736,SKU-1280,P03,2025-09-26,245,5,Short Shot,E074,Fail,2025-02-01 16:00:00
QI-003021,PR-0008737,SKU-1049,P04,2025-09-26,108,2,Flash,E117,Fail,2025-01-31 05:00:00
QI-003022,PR-0008739,SKU-1280,P04,2025-09-26,209,8,Sink Marks,E121,Fail,2025-02-02 22:00:00
QI-003023,PR-0008740,SKU-1280,P04,2025-09-26,209,11,Short Shot,E131,Fail,2025-01-31 11:00:00
QI-003024,PR-0008742,SKU-1266,P04,2025-09-26,155,4,Short Shot,E119,Fail,2025-02-02 11:00:00
QI-003025,PR-0008743,SKU-1259,P05,2025-09-26,203,11,Sink Marks,E153,Fail,2025-02-02 00:00:00
QI-003026,PR-0008744,SKU-1259,P05,2025-09-26,204,13,Short Shot,E172,Fail,2025-01-31 17:00:00
QI-003027,PR-0008754,SKU-1042,P01,2025-09-27,112,2,Flash,E009,Fail,2025-02-01 12:00:00
QI-003028,PR-0008755,SKU-1273,P01,2025-09-27,108,2,Sink Marks,E017,Fail,2025-02-02 15:00:00
QI-003029,PR-0008756,SKU-1273,P01,2025-09-27,109,2,Sink Marks,E020,Fail,2025-02-01 16:00:00
QI-003030,PR-0008758,SKU-1203,P01,2025-09-27,295,7,Flash,E034,Fail,2025-02-02 06:00:00
QI-003031,PR-0008761,SKU-1056,P02,2025-09-27,102,2,Sink Marks,E040,Fail,2025-01-31 02:00:00
QI-003032,PR-0008763,SKU-1252,P02,2025-09-27,302,13,Warping,E056,Fail,2025-01-31 17:00:00
QI-003033,PR-0008764,SKU-1112,P02,2025-09-27,213,9,Sink Marks,E048,Fail,2025-02-02 03:00:00
QI-003034,PR-0008773,SKU-1014,P03,2025-09-27,114,1,Short Shot,E080,Fail,2025-01-31 17:00:00
QI-003035,PR-0008778,SKU-1063,P04,2025-09-27,148,6,Short Shot,E130,Fail,2025-02-01 10:00:00
QI-003036,PR-0008779,SKU-1063,P04,2025-09-27,149,6,Burn Marks,E132,Fail,2025-01-31 06:00:00
QI-003037,PR-0008781,SKU-1238,P04,2025-09-27,262,13,Flash,E125,Fail,2025-02-01 19:00:00
QI-003038,PR-0008782,SKU-1154,P04,2025-09-27,283,13,Short Shot,E131,Fail,2025-01-31 18:00:00
QI-003039,PR-0008784,SKU-1189,P05,2025-09-27,296,8,Sink Marks,E175,Fail,2025-02-01 16:00:00
QI-003040,PR-0008785,SKU-1189,P05,2025-09-27,296,10,Short Shot,E162,Fail,2025-01-31 07:00:00
QI-003041,PR-0008791,SKU-1154,P01,2025-09-28,194,6,Sink Marks,E016,Fail,2025-01-31 11:00:00
QI-003042,PR-0008796,SKU-1126,P01,2025-09-28,155,3,Short Shot,E016,Fail,2025-01-31 12:00:00
QI-003043,PR-0008797,SKU-1084,P02,2025-09-28,231,8,Cracking,E058,Fail,2025-02-02 20:00:00
QI-003044,PR-0008798,SKU-1084,P02,2025-09-28,232,8,Flash,E067,Fail,2025-02-01 19:00:00
QI-003045,PR-0008799,SKU-1077,P02,2025-09-28,240,6,Flash,E040,Fail,2025-02-01 05:00:00
QI-003046,PR-0008800,SKU-1259,P02,2025-09-28,175,5,Sink Marks,E040,Fail,2025-02-02 02:00:00
QI-003047,PR-0008802,SKU-1266,P02,2025-09-28,130,4,Burn Marks,E068,Fail,2025-02-02 20:00:00
QI-003048,PR-0008803,SKU-1105,P02,2025-09-28,194,7,Sink Marks,E068,Fail,2025-01-31 06:00:00
QI-003049,PR-0008809,SKU-1168,P03,2025-09-28,168,6,Warping,E078,Fail,2025-02-02 03:00:00
QI-003050,PR-0008811,SKU-1105,P04,2025-09-28,255,12,Flash,E130,Fail,2025-02-02 17:00:00
QI-003051,PR-0008817,SKU-1140,P05,2025-09-28,178,4,Sink Marks,E162,Fail,2025-02-02 14:00:00
QI-003052,PR-0008826,SKU-1070,P01,2025-09-29,146,4,Cracking,E028,Fail,2025-02-02 20:00:00
QI-003053,PR-0008835,SKU-1133,P03,2025-09-29,313,12,Short Shot,E103,Fail,2025-02-01 00:00:00
QI-003054,PR-0008836,SKU-1077,P03,2025-09-29,127,3,Flash,E088,Fail,2025-02-02 20:00:00
QI-003055,PR-0008838,SKU-1014,P03,2025-09-29,121,5,Short Shot,E076,Fail,2025-02-02 17:00:00
QI-003056,PR-0008839,SKU-1014,P03,2025-09-29,281,15,Flash,E074,Fail,2025-02-01 15:00:00
QI-003057,PR-0008840,SKU-1259,P04,2025-09-29,261,7,Short Shot,E141,Fail,2025-02-02 08:00:00
QI-003058,PR-0008842,SKU-1028,P04,2025-09-29,264,16,Burn Marks,E143,Fail,2025-01-31 08:00:00
QI-003059,PR-0008844,SKU-1063,P04,2025-09-29,133,7,Short Shot,E120,Fail,2025-02-02 12:00:00
QI-003060,PR-0008847,SKU-1007,P04,2025-09-29,255,9,Flash,E111,Fail,2025-01-31 14:00:00
QI-003061,PR-0008848,SKU-1084,P04,2025-09-29,217,10,Warping,E136,Fail,2025-02-01 15:00:00
QI-003062,PR-0008849,SKU-1252,P05,2025-09-29,237,6,Burn Marks,E172,Fail,2025-01-31 03:00:00
QI-003063,PR-0008851,SKU-1119,P05,2025-09-29,262,11,Burn Marks,E174,Fail,2025-02-02 11:00:00
QI-003064,PR-0008853,SKU-1119,P05,2025-09-29,250,11,Short Shot,E171,Fail,2025-01-31 03:00:00
QI-003065,PR-0008858,SKU-1084,P01,2025-09-30,156,3,Short Shot,E015,Fail,2025-02-02 11:00:00
QI-003066,PR-0008859,SKU-1133,P01,2025-09-30,122,3,Cracking,E007,Fail,2025-01-31 05:00:00
QI-003067,PR-0008861,SKU-1091,P01,2025-09-30,315,6,Flash,E021,Fail,2025-02-01 16:00:00
QI-003068,PR-0008862,SKU-1091,P01,2025-09-30,316,4,Short Shot,E028,Fail,2025-01-31 06:00:00
QI-003069,PR-0008863,SKU-1238,P01,2025-09-30,104,2,Burn Marks,E020,Fail,2025-01-31 00:00:00
QI-003070,PR-0008866,SKU-1224,P02,2025-09-30,220,11,Sink Marks,E054,Fail,2025-01-31 07:00:00
QI-003071,PR-0008867,SKU-1273,P02,2025-09-30,136,4,Cracking,E067,Fail,2025-02-01 15:00:00
QI-003072,PR-0008868,SKU-1266,P02,2025-09-30,101,2,Warping,E063,Fail,2025-02-02 21:00:00
QI-003073,PR-0008873,SKU-1224,P03,2025-09-30,235,7,Burn Marks,E104,Fail,2025-01-31 01:00:00
QI-003074,PR-0008874,SKU-1224,P03,2025-09-30,235,9,Flash,E079,Fail,2025-01-31 19:00:00
QI-003075,PR-0008875,SKU-1091,P03,2025-09-30,261,11,Flash,E076,Fail,2025-02-02 12:00:00
QI-003076,PR-0008877,SKU-1091,P03,2025-09-30,196,9,Flash,E074,Fail,2025-02-02 03:00:00
QI-003077,PR-0008879,SKU-1224,P04,2025-09-30,179,6,Cracking,E139,Fail,2025-02-01 04:00:00
QI-003078,PR-0008884,SKU-1196,P05,2025-09-30,289,14,Cracking,E179,Fail,2025-01-31 01:00:00
QI-003079,PR-0008889,SKU-1189,P01,2025-10-01,228,6,Warping,E028,Fail,2025-02-01 17:00:00
QI-003080,PR-0008892,SKU-1119,P01,2025-10-01,306,7,Short Shot,E030,Fail,2025-01-31 07:00:00
QI-003081,PR-0008894,SKU-1007,P01,2025-10-01,196,9,Cracking,E029,Fail,2025-02-02 02:00:00
QI-003082,PR-0008898,SKU-1035,P02,2025-10-01,160,5,Burn Marks,E044,Fail,2025-01-31 10:00:00
QI-003083,PR-0008902,SKU-1182,P02,2025-10-01,245,9,Flash,E053,Fail,2025-01-31 09:00:00
QI-003084,PR-0008904,SKU-1280,P02,2025-10-01,235,11,Burn Marks,E054,Fail,2025-02-01 07:00:00
QI-003085,PR-0008907,SKU-1014,P03,2025-10-01,135,4,Short Shot,E077,Fail,2025-02-01 00:00:00
QI-003086,PR-0008908,SKU-1014,P03,2025-10-01,136,3,Warping,E074,Fail,2025-02-02 11:00:00
QI-003087,PR-0008910,SKU-1077,P03,2025-10-01,154,5,Warping,E095,Fail,2025-02-01 18:00:00
QI-003088,PR-0008912,SKU-1259,P03,2025-10-01,144,6,Short Shot,E084,Fail,2025-01-31 17:00:00
QI-003089,PR-0008913,SKU-1259,P03,2025-10-01,125,3,Sink Marks,E083,Fail,2025-01-31 18:00:00
QI-003090,PR-0008916,SKU-1119,P04,2025-10-01,222,10,Flash,E130,Fail,2025-02-02 21:00:00
QI-003091,PR-0008919,SKU-1056,P04,2025-10-01,208,10,Short Shot,E125,Fail,2025-02-02 08:00:00
QI-003092,PR-0008922,SKU-1203,P05,2025-10-01,174,9,Short Shot,E153,Fail,2025-02-02 03:00:00
QI-003093,PR-0008926,SKU-1021,P05,2025-10-01,257,11,Warping,E162,Fail,2025-02-01 22:00:00
QI-003094,PR-0008927,SKU-1021,P05,2025-10-01,258,12,Sink Marks,E174,Fail,2025-02-02 03:00:00
QI-003095,PR-0008928,SKU-1035,P01,2025-10-02,322,9,Sink Marks,E033,Fail,2025-01-31 19:00:00
QI-003096,PR-0008931,SKU-1084,P01,2025-10-02,191,3,Burn Marks,E015,Fail,2025-02-02 18:00:00
QI-003097,PR-0008938,SKU-1028,P02,2025-10-02,188,8,Short Shot,E048,Fail,2025-02-02 19:00:00
QI-003098,PR-0008940,SKU-1007,P02,2025-10-02,319,13,Short Shot,E054,Fail,2025-02-01 05:00:00
QI-003099,PR-0008942,SKU-1168,P03,2025-10-02,261,16,Short Shot,E077,Fail,2025-02-01 12:00:00
QI-003100,PR-0008943,SKU-1210,P03,2025-10-02,122,4,Sink Marks,E080,Fail,2025-02-01 18:00:00
QI-003101,PR-0008945,SKU-1119,P03,2025-10-02,106,3,Short Shot,E079,Fail,2025-01-31 17:00:00
QI-003102,PR-0008949,SKU-1217,P03,2025-10-02,259,10,Flash,E080,Fail,2025-01-31 18:00:00
QI-003103,PR-0008950,SKU-1217,P03,2025-10-02,259,9,Burn Marks,E108,Fail,2025-01-31 17:00:00
QI-003104,PR-0008957,SKU-1231,P04,2025-10-02,168,8,Warping,E132,Fail,2025-02-01 12:00:00
QI-003105,PR-0008960,SKU-1091,P05,2025-10-02,291,15,Short Shot,E147,Fail,2025-02-01 07:00:00
QI-003106,PR-0008961,SKU-1077,P05,2025-10-02,304,8,Flash,E161,Fail,2025-02-02 16:00:00
QI-003107,PR-0008963,SKU-1196,P05,2025-10-02,134,6,Cracking,E155,Fail,2025-01-31 01:00:00
QI-003108,PR-0008964,SKU-1147,P01,2025-10-03,160,3,Flash,E009,Fail,2025-02-02 21:00:00
QI-003109,PR-0008965,SKU-1147,P01,2025-10-03,161,4,Flash,E029,Fail,2025-02-02 03:00:00
QI-003110,PR-0008972,SKU-1154,P02,2025-10-03,280,15,Burn Marks,E051,Fail,2025-01-31 21:00:00
QI-003111,PR-0008974,SKU-1266,P02,2025-10-03,275,9,Short Shot,E043,Fail,2025-02-02 08:00:00
QI-003112,PR-0008976,SKU-1231,P02,2025-10-03,211,11,Short Shot,E044,Fail,2025-02-02 05:00:00
QI-003113,PR-0008978,SKU-1224,P03,2025-10-03,106,7,Warping,E079,Fail,2025-01-31 16:00:00
QI-003114,PR-0008979,SKU-1224,P03,2025-10-03,106,5,Sink Marks,E077,Fail,2025-02-02 08:00:00
QI-003115,PR-0008981,SKU-1217,P03,2025-10-03,120,3,Flash,E078,Fail,2025-02-01 17:00:00
QI-003116,PR-0008983,SKU-1224,P03,2025-10-03,162,7,Short Shot,E103,Fail,2025-02-01 01:00:00
QI-003117,PR-0008990,SKU-1098,P04,2025-10-03,265,10,Sink Marks,E122,Fail,2025-02-02 22:00:00
QI-003118,PR-0008993,SKU-1063,P04,2025-10-03,103,5,Flash,E125,Fail,2025-02-01 02:00:00
QI-003119,PR-0008995,SKU-1056,P04,2025-10-03,131,3,Short Shot,E119,Fail,2025-02-01 06:00:00
QI-003120,PR-0008999,SKU-1238,P05,2025-10-03,203,12,Flash,E152,Fail,2025-02-01 19:00:00
QI-003121,PR-0009000,SKU-1238,P05,2025-10-03,204,5,Warping,E171,Fail,2025-02-02 10:00:00
QI-003122,PR-0009002,SKU-1098,P05,2025-10-03,185,6,Flash,E171,Fail,2025-01-31 04:00:00
QI-003123,PR-0009004,SKU-1231,P01,2025-10-04,217,5,Warping,E009,Fail,2025-02-02 08:00:00
QI-003124,PR-0009007,SKU-1238,P01,2025-10-04,124,4,Flash,E028,Fail,2025-02-01 14:00:00
QI-003125,PR-0009010,SKU-1084,P02,2025-10-04,294,8,Burn Marks,E056,Fail,2025-02-02 07:00:00
QI-003126,PR-0009014,SKU-1119,P02,2025-10-04,139,5,Burn Marks,E062,Fail,2025-02-01 21:00:00
QI-003127,PR-0009015,SKU-1119,P02,2025-10-04,140,4,Flash,E058,Fail,2025-02-02 08:00:00
QI-003128,PR-0009018,SKU-1168,P02,2025-10-04,237,8,Sink Marks,E055,Fail,2025-02-02 11:00:00
QI-003129,PR-0009023,SKU-1140,P03,2025-10-04,247,11,Short Shot,E080,Fail,2025-02-01 06:00:00
QI-003130,PR-0009024,SKU-1140,P03,2025-10-04,247,12,Warping,E084,Fail,2025-02-02 03:00:00
QI-003131,PR-0009029,SKU-1175,P04,2025-10-04,175,5,Sink Marks,E133,Fail,2025-01-31 02:00:00
QI-003132,PR-0009030,SKU-1175,P04,2025-10-04,110,3,Burn Marks,E110,Fail,2025-02-01 04:00:00
QI-003133,PR-0009032,SKU-1245,P05,2025-10-04,199,5,Flash,E171,Fail,2025-01-31 20:00:00
QI-003134,PR-0009038,SKU-1021,P01,2025-10-05,265,10,Flash,E006,Fail,2025-02-02 18:00:00
QI-003135,PR-0009041,SKU-1224,P01,2025-10-05,212,7,Burn Marks,E030,Fail,2025-02-02 08:00:00
QI-003136,PR-0009048,SKU-1154,P02,2025-10-05,240,14,Cracking,E063,Fail,2025-01-31 08:00:00
QI-003137,PR-0009050,SKU-1182,P03,2025-10-05,146,2,Sink Marks,E108,Fail,2025-02-01 06:00:00
QI-003138,PR-0009051,SKU-1182,P03,2025-10-05,146,3,Flash,E104,Fail,2025-01-31 13:00:00
QI-003139,PR-0009052,SKU-1245,P03,2025-10-05,177,5,Cracking,E077,Fail,2025-02-01 03:00:00
QI-003140,PR-0009055,SKU-1175,P03,2025-10-05,231,8,Flash,E103,Fail,2025-01-31 07:00:00
QI-003141,PR-0009056,SKU-1028,P03,2025-10-05,115,2,Burn Marks,E108,Fail,2025-02-01 07:00:00
QI-003142,PR-0009061,SKU-1273,P05,2025-10-05,221,7,Sink Marks,E171,Fail,2025-01-31 01:00:00
QI-003143,PR-0009064,SKU-1119,P05,2025-10-05,195,3,Warping,E148,Fail,2025-02-01 04:00:00
QI-003144,PR-0009065,SKU-1224,P05,2025-10-05,224,10,Short Shot,E152,Fail,2025-02-02 11:00:00
QI-003145,PR-0009067,SKU-1112,P01,2025-10-06,321,16,Short Shot,E034,Fail,2025-02-01 22:00:00
QI-003146,PR-0009069,SKU-1189,P02,2025-10-06,180,6,Burn Marks,E044,Fail,2025-02-02 20:00:00
QI-003147,PR-0009070,SKU-1189,P02,2025-10-06,180,5,Flash,E040,Fail,2025-02-02 22:00:00
QI-003148,PR-0009078,SKU-1259,P03,2025-10-06,218,11,Short Shot,E084,Fail,2025-02-02 17:00:00
QI-003149,PR-0009083,SKU-1210,P04,2025-10-06,264,15,Cracking,E125,Fail,2025-02-02 10:00:00
QI-003150,PR-0009086,SKU-1231,P04,2025-10-06,132,6,Burn Marks,E141,Fail,2025-02-02 10:00:00
QI-003151,PR-0009087,SKU-1231,P04,2025-10-06,133,5,Flash,E142,Fail,2025-02-02 05:00:00
QI-003152,PR-0009088,SKU-1175,P05,2025-10-06,153,3,Warping,E148,Fail,2025-02-01 12:00:00
QI-003153,PR-0009094,SKU-1112,P01,2025-10-07,253,6,Sink Marks,E009,Fail,2025-01-31 22:00:00
QI-003154,PR-0009095,SKU-1112,P01,2025-10-07,254,11,Warping,E026,Fail,2025-02-01 17:00:00
QI-003155,PR-0009096,SKU-1091,P01,2025-10-07,253,7,Flash,E001,Fail,2025-02-02 21:00:00
QI-003156,PR-0009107,SKU-1154,P02,2025-10-07,139,4,Flash,E067,Fail,2025-02-02 06:00:00
QI-003157,PR-0009108,SKU-1063,P02,2025-10-07,273,8,Warping,E056,Fail,2025-02-01 14:00:00
QI-003158,PR-0009110,SKU-1147,P02,2025-10-07,309,10,Short Shot,E043,Fail,2025-02-02 18:00:00
QI-003159,PR-0009111,SKU-1273,P02,2025-10-07,216,4,Short Shot,E040,Fail,2025-02-02 17:00:00
QI-003160,PR-0009118,SKU-1210,P04,2025-10-07,134,9,Burn Marks,E143,Fail,2025-01-31 07:00:00
QI-003161,PR-0009119,SKU-1210,P04,2025-10-07,134,5,Flash,E132,Fail,2025-01-31 17:00:00
QI-003162,PR-0009120,SKU-1238,P05,2025-10-07,268,11,Warping,E155,Fail,2025-01-31 11:00:00
QI-003163,PR-0009122,SKU-1042,P05,2025-10-07,312,14,Warping,E172,Fail,2025-02-01 04:00:00
QI-003164,PR-0009124,SKU-1175,P05,2025-10-07,176,5,Sink Marks,E179,Fail,2025-02-01 15:00:00
QI-003165,PR-0009127,SKU-1196,P05,2025-10-07,187,6,Warping,E153,Fail,2025-02-02 10:00:00
QI-003166,PR-0009128,SKU-1063,P05,2025-10-07,266,13,Sink Marks,E155,Fail,2025-02-01 09:00:00
QI-003167,PR-0009134,SKU-1147,P01,2025-10-08,320,9,Flash,E021,Fail,2025-02-01 18:00:00
QI-003168,PR-0009136,SKU-1168,P02,2025-10-08,130,2,Sink Marks,E067,Fail,2025-02-01 09:00:00
QI-003169,PR-0009140,SKU-1168,P02,2025-10-08,261,8,Burn Marks,E048,Fail,2025-01-31 02:00:00
QI-003170,PR-0009147,SKU-1217,P04,2025-10-08,146,5,Cracking,E139,Fail,2025-02-01 15:00:00
QI-003171,PR-0009148,SKU-1217,P04,2025-10-08,146,5,Burn Marks,E110,Fail,2025-02-02 21:00:00
QI-003172,PR-0009150,SKU-1259,P04,2025-10-08,217,7,Flash,E115,Fail,2025-01-31 19:00:00
QI-003173,PR-0009152,SKU-1070,P05,2025-10-08,160,7,Sink Marks,E172,Fail,2025-02-01 12:00:00
QI-003174,PR-0009154,SKU-1154,P05,2025-10-08,281,10,Short Shot,E153,Fail,2025-01-31 09:00:00
QI-003175,PR-0009155,SKU-1112,P05,2025-10-08,227,6,Flash,E162,Fail,2025-02-01 09:00:00
QI-003176,PR-0009156,SKU-1042,P05,2025-10-08,189,6,Flash,E162,Fail,2025-02-01 11:00:00
QI-003177,PR-0009158,SKU-1133,P05,2025-10-08,209,8,Warping,E148,Fail,2025-01-31 19:00:00
QI-003178,PR-0009160,SKU-1063,P01,2025-10-09,227,6,Sink Marks,E034,Fail,2025-02-01 08:00:00
QI-003179,PR-0009163,SKU-1098,P02,2025-10-09,254,5,Warping,E044,Fail,2025-02-01 03:00:00
QI-003180,PR-0009165,SKU-1126,P02,2025-10-09,309,4,Short Shot,E040,Fail,2025-02-02 04:00:00
QI-003181,PR-0009166,SKU-1021,P03,2025-10-09,238,6,Short Shot,E080,Fail,2025-02-01 22:00:00
QI-003182,PR-0009167,SKU-1021,P03,2025-10-09,238,7,Cracking,E096,Fail,2025-01-31 21:00:00
QI-003183,PR-0009172,SKU-1273,P03,2025-10-09,126,2,Flash,E088,Fail,2025-02-01 21:00:00
QI-003184,PR-0009176,SKU-1168,P04,2025-10-09,243,13,Flash,E125,Fail,2025-02-01 21:00:00
QI-003185,PR-0009181,SKU-1063,P04,2025-10-09,213,6,Sink Marks,E130,Fail,2025-02-01 20:00:00
QI-003186,PR-0009183,SKU-1259,P05,2025-10-09,261,9,Sink Marks,E153,Fail,2025-01-31 22:00:00
QI-003187,PR-0009184,SKU-1217,P05,2025-10-09,173,9,Flash,E172,Fail,2025-02-02 13:00:00
QI-003188,PR-0009188,SKU-1091,P05,2025-10-09,164,8,Flash,E152,Fail,2025-02-02 01:00:00
QI-003189,PR-0009193,SKU-1203,P01,2025-10-10,190,6,Warping,E029,Fail,2025-02-02 18:00:00
QI-003190,PR-0009201,SKU-1098,P02,2025-10-10,283,13,Sink Marks,E051,Fail,2025-02-02 15:00:00
QI-003191,PR-0009204,SKU-1259,P03,2025-10-10,216,7,Sink Marks,E076,Fail,2025-01-31 06:00:00
QI-003192,PR-0009205,SKU-1063,P03,2025-10-10,303,9,Sink Marks,E080,Fail,2025-02-02 08:00:00
QI-003193,PR-0009206,SKU-1063,P03,2025-10-10,303,5,Flash,E078,Fail,2025-01-31 00:00:00
QI-003194,PR-0009209,SKU-1028,P04,2025-10-10,140,6,Warping,E130,Fail,2025-02-02 02:00:00
QI-003195,PR-0009210,SKU-1028,P04,2025-10-10,141,7,Flash,E137,Fail,2025-02-01 08:00:00
QI-003196,PR-0009213,SKU-1280,P04,2025-10-10,253,7,Short Shot,E132,Fail,2025-02-02 07:00:00
QI-003197,PR-0009221,SKU-1245,P05,2025-10-10,238,6,Short Shot,E162,Fail,2025-01-31 01:00:00
QI-003198,PR-0009225,SKU-1007,P01,2025-10-11,171,4,Short Shot,E013,Fail,2025-02-02 15:00:00
QI-003199,PR-0009227,SKU-1077,P02,2025-10-11,122,4,Flash,E067,Fail,2025-01-31 12:00:00
QI-003200,PR-0009231,SKU-1140,P02,2025-10-11,134,5,Short Shot,E056,Fail,2025-01-31 14:00:00
QI-003201,PR-0009232,SKU-1140,P02,2025-10-11,134,3,Short Shot,E040,Fail,2025-01-31 00:00:00
QI-003202,PR-0009236,SKU-1063,P03,2025-10-11,222,3,Short Shot,E104,Fail,2025-01-31 01:00:00
QI-003203,PR-0009242,SKU-1182,P05,2025-10-11,282,10,Flash,E161,Fail,2025-02-01 17:00:00
QI-003204,PR-0009244,SKU-1084,P05,2025-10-11,320,7,Short Shot,E152,Fail,2025-02-02 11:00:00
QI-003205,PR-0009246,SKU-1021,P05,2025-10-11,109,4,Sink Marks,E172,Fail,2025-02-02 16:00:00
QI-003206,PR-0009247,SKU-1182,P05,2025-10-11,246,7,Short Shot,E159,Fail,2025-02-02 16:00:00
QI-003207,PR-0009248,SKU-1126,P01,2025-10-12,212,6,Warping,E014,Fail,2025-01-31 20:00:00
QI-003208,PR-0009255,SKU-1210,P03,2025-10-12,212,5,Short Shot,E103,Fail,2025-02-02 13:00:00
QI-003209,PR-0009256,SKU-1210,P03,2025-10-12,213,6,Flash,E092,Fail,2025-01-31 13:00:00
QI-003210,PR-0009257,SKU-1035,P03,2025-10-12,323,8,Warping,E096,Fail,2025-01-31 08:00:00
QI-003211,PR-0009258,SKU-1105,P03,2025-10-12,113,5,Short Shot,E108,Fail,2025-02-01 04:00:00
QI-003212,PR-0009260,SKU-1007,P03,2025-10-12,206,8,Warping,E074,Fail,2025-02-02 17:00:00
QI-003213,PR-0009263,SKU-1063,P04,2025-10-12,223,11,Short Shot,E131,Fail,2025-02-01 06:00:00
QI-003214,PR-0009266,SKU-1196,P05,2025-10-12,108,2,Warping,E162,Fail,2025-02-01 05:00:00
QI-003215,PR-0009267,SKU-1007,P05,2025-10-12,133,5,Cracking,E148,Fail,2025-02-01 00:00:00
QI-003216,PR-0009274,SKU-1028,P05,2025-10-12,242,7,Short Shot,E162,Fail,2025-01-31 20:00:00
QI-003217,PR-0009277,SKU-1035,P01,2025-10-13,207,4,Cracking,E015,Fail,2025-01-31 11:00:00
QI-003218,PR-0009281,SKU-1070,P01,2025-10-13,144,4,Sink Marks,E028,Fail,2025-02-01 21:00:00
QI-003219,PR-0009283,SKU-1098,P02,2025-10-13,297,9,Flash,E053,Fail,2025-01-31 15:00:00
QI-003220,PR-0009284,SKU-1217,P02,2025-10-13,122,2,Sink Marks,E043,Fail,2025-02-01 17:00:00
QI-003221,PR-0009288,SKU-1210,P02,2025-10-13,183,4,Burn Marks,E053,Fail,2025-01-31 06:00:00
QI-003222,PR-0009290,SKU-1224,P02,2025-10-13,291,8,Flash,E051,Fail,2025-01-31 17:00:00
QI-003223,PR-0009296,SKU-1028,P03,2025-10-13,246,13,Sink Marks,E076,Fail,2025-02-02 07:00:00
QI-003224,PR-0009297,SKU-1266,P03,2025-10-13,118,3,Burn Marks,E095,Fail,2025-02-01 19:00:00
QI-003225,PR-0009298,SKU-1266,P03,2025-10-13,118,5,Short Shot,E098,Fail,2025-02-02 20:00:00
QI-003226,PR-0009300,SKU-1091,P03,2025-10-13,158,5,Flash,E098,Fail,2025-01-31 08:00:00
QI-003227,PR-0009303,SKU-1140,P04,2025-10-13,300,10,Sink Marks,E133,Fail,2025-02-02 11:00:00
QI-003228,PR-0009306,SKU-1091,P04,2025-10-13,101,3,Short Shot,E125,Fail,2025-01-31 06:00:00
QI-003229,PR-0009312,SKU-1105,P05,2025-10-13,145,6,Short Shot,E148,Fail,2025-02-02 02:00:00
QI-003230,PR-0009313,SKU-1105,P05,2025-10-13,146,3,Flash,E152,Fail,2025-02-02 08:00:00
QI-003231,PR-0009314,SKU-1112,P01,2025-10-14,277,8,Flash,E028,Fail,2025-02-01 14:00:00
QI-003232,PR-0009316,SKU-1049,P01,2025-10-14,317,6,Flash,E015,Fail,2025-02-01 16:00:00
QI-003233,PR-0009319,SKU-1042,P02,2025-10-14,158,6,Flash,E067,Fail,2025-02-01 00:00:00
QI-003234,PR-0009320,SKU-1042,P02,2025-10-14,159,3,Flash,E053,Fail,2025-01-31 21:00:00
QI-003235,PR-0009323,SKU-1238,P02,2025-10-14,270,13,Sink Marks,E056,Fail,2025-02-02 20:00:00
QI-003236,PR-0009326,SKU-1049,P03,2025-10-14,139,3,Sink Marks,E083,Fail,2025-01-31 17:00:00
QI-003237,PR-0009330,SKU-1126,P04,2025-10-14,281,14,Flash,E130,Fail,2025-01-31 03:00:00
QI-003238,PR-0009337,SKU-1126,P05,2025-10-14,276,7,Short Shot,E152,Fail,2025-02-02 02:00:00
QI-003239,PR-0009339,SKU-1259,P01,2025-10-15,134,4,Flash,E034,Fail,2025-01-31 04:00:00
QI-003240,PR-0009342,SKU-1252,P01,2025-10-15,248,14,Cracking,E029,Fail,2025-02-01 20:00:00
QI-003241,PR-0009345,SKU-1252,P02,2025-10-15,271,8,Burn Marks,E048,Fail,2025-02-01 15:00:00
QI-003242,PR-0009346,SKU-1238,P02,2025-10-15,115,4,Flash,E051,Fail,2025-02-01 03:00:00
QI-003243,PR-0009356,SKU-1063,P05,2025-10-15,155,4,Flash,E147,Fail,2025-02-01 13:00:00
QI-003244,PR-0009358,SKU-1238,P05,2025-10-15,264,7,Cracking,E152,Fail,2025-02-02 10:00:00
QI-003245,PR-0009359,SKU-1245,P05,2025-10-15,286,12,Warping,E161,Fail,2025-01-31 05:00:00
QI-003246,PR-0009366,SKU-1231,P01,2025-10-16,287,8,Warping,E028,Fail,2025-02-02 00:00:00
QI-003247,PR-0009367,SKU-1210,P02,2025-10-16,322,8,Burn Marks,E043,Fail,2025-02-01 11:00:00
QI-003248,PR-0009370,SKU-1077,P02,2025-10-16,101,2,Short Shot,E040,Fail,2025-02-01 06:00:00
QI-003249,PR-0009371,SKU-1077,P02,2025-10-16,101,3,Sink Marks,E043,Fail,2025-02-02 07:00:00
QI-003250,PR-0009374,SKU-1175,P03,2025-10-16,284,9,Sink Marks,E103,Fail,2025-02-02 06:00:00
QI-003251,PR-0009377,SKU-1245,P03,2025-10-16,320,9,Flash,E078,Fail,2025-02-01 20:00:00
QI-003252,PR-0009379,SKU-1070,P04,2025-10-16,128,4,Cracking,E119,Fail,2025-01-31 08:00:00
QI-003253,PR-0009380,SKU-1070,P04,2025-10-16,129,5,Burn Marks,E119,Fail,2025-02-02 11:00:00
QI-003254,PR-0009381,SKU-1147,P04,2025-10-16,248,10,Short Shot,E137,Fail,2025-02-02 20:00:00
QI-003255,PR-0009382,SKU-1147,P04,2025-10-16,248,8,Warping,E121,Fail,2025-01-31 18:00:00
QI-003256,PR-0009383,SKU-1021,P04,2025-10-16,245,9,Cracking,E140,Fail,2025-02-02 01:00:00
QI-003257,PR-0009385,SKU-1084,P05,2025-10-16,197,7,Short Shot,E162,Fail,2025-01-31 18:00:00
QI-003258,PR-0009389,SKU-1028,P05,2025-10-16,122,4,Burn Marks,E159,Fail,2025-02-01 21:00:00
QI-003259,PR-0009399,SKU-1189,P02,2025-10-17,114,2,Cracking,E058,Fail,2025-02-02 13:00:00
QI-003260,PR-0009400,SKU-1189,P02,2025-10-17,114,4,Warping,E056,Fail,2025-02-02 21:00:00
QI-003261,PR-0009401,SKU-1140,P02,2025-10-17,220,8,Sink Marks,E055,Fail,2025-02-01 07:00:00
QI-003262,PR-0009403,SKU-1084,P03,2025-10-17,167,7,Sink Marks,E096,Fail,2025-02-02 16:00:00
QI-003263,PR-0009406,SKU-1147,P03,2025-10-17,271,9,Warping,E076,Fail,2025-02-02 05:00:00
QI-003264,PR-0009408,SKU-1070,P04,2025-10-17,170,3,Warping,E119,Fail,2025-02-01 03:00:00
QI-003265,PR-0009418,SKU-1189,P01,2025-10-18,154,4,Flash,E029,Fail,2025-01-31 09:00:00
QI-003266,PR-0009419,SKU-1084,P01,2025-10-18,319,11,Warping,E021,Fail,2025-02-02 08:00:00
QI-003267,PR-0009421,SKU-1056,P01,2025-10-18,274,5,Sink Marks,E026,Fail,2025-02-01 16:00:00
QI-003268,PR-0009424,SKU-1168,P02,2025-10-18,206,4,Sink Marks,E043,Fail,2025-02-01 21:00:00
QI-003269,PR-0009425,SKU-1252,P02,2025-10-18,309,10,Short Shot,E044,Fail,2025-01-31 05:00:00
QI-003270,PR-0009427,SKU-1280,P02,2025-10-18,314,5,Sink Marks,E055,Fail,2025-01-31 02:00:00
QI-003271,PR-0009435,SKU-1119,P03,2025-10-18,170,4,Cracking,E088,Fail,2025-01-31 00:00:00
QI-003272,PR-0009438,SKU-1133,P04,2025-10-18,224,7,Cracking,E139,Fail,2025-02-01 10:00:00
QI-003273,PR-0009439,SKU-1133,P04,2025-10-18,225,4,Short Shot,E111,Fail,2025-02-02 04:00:00
QI-003274,PR-0009440,SKU-1126,P04,2025-10-18,246,10,Short Shot,E136,Fail,2025-02-02 10:00:00
QI-003275,PR-0009441,SKU-1021,P05,2025-10-18,205,7,Short Shot,E164,Fail,2025-02-01 03:00:00
QI-003276,PR-0009444,SKU-1182,P05,2025-10-18,324,9,Short Shot,E171,Fail,2025-02-01 03:00:00
QI-003277,PR-0009447,SKU-1182,P05,2025-10-18,202,8,Flash,E172,Fail,2025-02-01 04:00:00
QI-003278,PR-0009449,SKU-1091,P01,2025-10-19,247,10,Short Shot,E020,Fail,2025-02-01 06:00:00
QI-003279,PR-0009458,SKU-1238,P03,2025-10-19,253,10,Cracking,E074,Fail,2025-02-01 11:00:00
QI-003280,PR-0009459,SKU-1238,P03,2025-10-19,253,15,Cracking,E079,Fail,2025-02-01 02:00:00
QI-003281,PR-0009466,SKU-1091,P04,2025-10-19,206,7,Burn Marks,E115,Fail,2025-02-01 02:00:00
QI-003282,PR-0009469,SKU-1217,P05,2025-10-19,217,10,Short Shot,E174,Fail,2025-01-31 16:00:00
QI-003283,PR-0009475,SKU-1140,P01,2025-10-20,260,9,Short Shot,E015,Fail,2025-02-01 08:00:00
QI-003284,PR-0009477,SKU-1238,P01,2025-10-20,182,4,Short Shot,E010,Fail,2025-01-31 00:00:00
QI-003285,PR-0009485,SKU-1126,P02,2025-10-20,302,7,Sink Marks,E048,Fail,2025-01-31 00:00:00
QI-003286,PR-0009488,SKU-1196,P02,2025-10-20,212,6,Cracking,E068,Fail,2025-02-02 09:00:00
QI-003287,PR-0009490,SKU-1091,P02,2025-10-20,237,6,Flash,E043,Fail,2025-02-02 15:00:00
QI-003288,PR-0009491,SKU-1154,P03,2025-10-20,294,9,Burn Marks,E078,Fail,2025-02-01 14:00:00
QI-003289,PR-0009494,SKU-1070,P03,2025-10-20,203,8,Warping,E084,Fail,2025-02-01 11:00:00
QI-003290,PR-0009502,SKU-1035,P04,2025-10-20,319,6,Flash,E132,Fail,2025-01-31 01:00:00
QI-003291,PR-0009503,SKU-1035,P04,2025-10-20,320,14,Warping,E140,Fail,2025-02-01 11:00:00
QI-003292,PR-0009504,SKU-1056,P04,2025-10-20,151,5,Short Shot,E110,Fail,2025-02-02 20:00:00
QI-003293,PR-0009506,SKU-1189,P04,2025-10-20,255,14,Cracking,E119,Fail,2025-02-01 03:00:00
QI-003294,PR-0009507,SKU-1252,P05,2025-10-20,277,13,Warping,E148,Fail,2025-01-31 16:00:00
QI-003295,PR-0009511,SKU-1168,P05,2025-10-20,142,6,Flash,E172,Fail,2025-02-01 02:00:00
QI-003296,PR-0009513,SKU-1035,P05,2025-10-20,106,5,Cracking,E161,Fail,2025-02-02 20:00:00
QI-003297,PR-0009515,SKU-1070,P01,2025-10-21,312,8,Flash,E014,Fail,2025-02-02 09:00:00
QI-003298,PR-0009518,SKU-1042,P02,2025-10-21,247,9,Short Shot,E048,Fail,2025-02-02 21:00:00
QI-003299,PR-0009522,SKU-1182,P02,2025-10-21,315,11,Warping,E053,Fail,2025-01-31 19:00:00
QI-003300,PR-0009524,SKU-1280,P02,2025-10-21,105,2,Flash,E067,Fail,2025-02-02 11:00:00
QI-003301,PR-0009526,SKU-1203,P03,2025-10-21,183,5,Cracking,E086,Fail,2025-02-01 08:00:00
QI-003302,PR-0009527,SKU-1203,P03,2025-10-21,184,5,Short Shot,E074,Fail,2025-02-01 15:00:00
QI-003303,PR-0009529,SKU-1245,P03,2025-10-21,113,3,Sink Marks,E080,Fail,2025-02-01 14:00:00
QI-003304,PR-0009535,SKU-1098,P05,2025-10-21,200,7,Flash,E162,Fail,2025-02-02 09:00:00
QI-003305,PR-0009539,SKU-1028,P05,2025-10-21,134,6,Flash,E153,Fail,2025-02-02 13:00:00
QI-003306,PR-0009540,SKU-1154,P05,2025-10-21,269,9,Short Shot,E164,Fail,2025-02-02 22:00:00
QI-003307,PR-0009543,SKU-1126,P01,2025-10-22,156,2,Warping,E014,Fail,2025-02-02 06:00:00
QI-003308,PR-0009548,SKU-1189,P01,2025-10-22,116,2,Short Shot,E015,Fail,2025-01-31 09:00:00
QI-003309,PR-0009549,SKU-1070,P01,2025-10-22,204,6,Cracking,E029,Fail,2025-01-31 09:00:00
QI-003310,PR-0009550,SKU-1091,P02,2025-10-22,271,11,Burn Marks,E067,Fail,2025-02-01 17:00:00
QI-003311,PR-0009551,SKU-1091,P02,2025-10-22,272,7,Flash,E040,Fail,2025-02-02 09:00:00
QI-003312,PR-0009554,SKU-1266,P02,2025-10-22,279,13,Cracking,E062,Fail,2025-02-02 17:00:00
QI-003313,PR-0009556,SKU-1273,P02,2025-10-22,314,13,Short Shot,E067,Fail,2025-02-01 13:00:00
QI-003314,PR-0009557,SKU-1028,P03,2025-10-22,302,15,Cracking,E092,Fail,2025-02-02 19:00:00
QI-003315,PR-0009560,SKU-1259,P04,2025-10-22,128,6,Short Shot,E130,Fail,2025-02-02 20:00:00
QI-003316,PR-0009564,SKU-1168,P04,2025-10-22,168,7,Sink Marks,E110,Fail,2025-02-02 20:00:00
QI-003317,PR-0009565,SKU-1112,P05,2025-10-22,244,9,Flash,E159,Fail,2025-02-01 10:00:00
QI-003318,PR-0009569,SKU-1049,P01,2025-10-23,109,3,Short Shot,E029,Fail,2025-01-31 03:00:00
QI-003319,PR-0009571,SKU-1133,P01,2025-10-23,199,4,Flash,E028,Fail,2025-01-31 14:00:00
QI-003320,PR-0009573,SKU-1077,P01,2025-10-23,270,12,Short Shot,E029,Fail,2025-02-02 08:00:00
QI-003321,PR-0009575,SKU-1126,P02,2025-10-23,301,8,Sink Marks,E063,Fail,2025-02-02 05:00:00
QI-003322,PR-0009579,SKU-1091,P02,2025-10-23,190,4,Sink Marks,E048,Fail,2025-01-31 00:00:00
QI-003323,PR-0009584,SKU-1189,P03,2025-10-23,308,9,Flash,E074,Fail,2025-01-31 18:00:00
QI-003324,PR-0009586,SKU-1161,P03,2025-10-23,184,7,Sink Marks,E084,Fail,2025-02-02 22:00:00
QI-003325,PR-0009588,SKU-1042,P04,2025-10-23,286,13,Warping,E137,Fail,2025-02-01 00:00:00
QI-003326,PR-0009589,SKU-1168,P04,2025-10-23,208,8,Burn Marks,E141,Fail,2025-01-31 15:00:00
QI-003327,PR-0009590,SKU-1210,P04,2025-10-23,294,15,Burn Marks,E137,Fail,2025-01-31 10:00:00
QI-003328,PR-0009592,SKU-1196,P04,2025-10-23,199,8,Flash,E134,Fail,2025-01-31 11:00:00
QI-003329,PR-0009595,SKU-1154,P05,2025-10-23,223,6,Short Shot,E174,Fail,2025-02-02 06:00:00
QI-003330,PR-0009596,SKU-1007,P05,2025-10-23,169,4,Sink Marks,E161,Fail,2025-02-02 00:00:00
QI-003331,PR-0009599,SKU-1273,P01,2025-10-24,263,8,Flash,E007,Fail,2025-02-02 14:00:00
QI-003332,PR-0009600,SKU-1112,P01,2025-10-24,290,10,Burn Marks,E015,Fail,2025-02-02 07:00:00
QI-003333,PR-0009602,SKU-1112,P01,2025-10-24,156,6,Flash,E029,Fail,2025-01-31 20:00:00
QI-003334,PR-0009603,SKU-1007,P01,2025-10-24,308,10,Flash,E020,Fail,2025-02-02 04:00:00
QI-003335,PR-0009607,SKU-1028,P02,2025-10-24,211,9,Sink Marks,E055,Fail,2025-01-31 03:00:00
QI-003336,PR-0009608,SKU-1028,P02,2025-10-24,212,7,Short Shot,E068,Fail,2025-01-31 17:00:00
QI-003337,PR-0009611,SKU-1035,P02,2025-10-24,115,3,Flash,E068,Fail,2025-01-31 17:00:00
QI-003338,PR-0009612,SKU-1035,P02,2025-10-24,116,5,Warping,E062,Fail,2025-02-02 00:00:00
QI-003339,PR-0009616,SKU-1014,P03,2025-10-24,140,2,Short Shot,E096,Fail,2025-02-02 05:00:00
QI-003340,PR-0009626,SKU-1035,P04,2025-10-24,236,9,Short Shot,E121,Fail,2025-02-01 22:00:00
QI-003341,PR-0009629,SKU-1252,P04,2025-10-24,217,5,Short Shot,E110,Fail,2025-02-01 11:00:00
QI-003342,PR-0009634,SKU-1119,P05,2025-10-24,187,5,Sink Marks,E152,Fail,2025-02-01 04:00:00
QI-003343,PR-0009637,SKU-1077,P01,2025-10-25,215,7,Short Shot,E017,Fail,2025-01-31 10:00:00
QI-003344,PR-0009640,SKU-1217,P01,2025-10-25,315,12,Short Shot,E020,Fail,2025-02-01 00:00:00
QI-003345,PR-0009655,SKU-1224,P03,2025-10-25,116,4,Short Shot,E103,Fail,2025-02-02 14:00:00
QI-003346,PR-0009658,SKU-1049,P04,2025-10-25,321,17,Sink Marks,E133,Fail,2025-02-02 08:00:00
QI-003347,PR-0009672,SKU-1098,P05,2025-10-25,249,8,Cracking,E172,Fail,2025-01-31 13:00:00
QI-003348,PR-0009676,SKU-1063,P01,2025-10-26,231,7,Short Shot,E020,Fail,2025-02-02 18:00:00
QI-003349,PR-0009679,SKU-1161,P01,2025-10-26,283,3,Sink Marks,E009,Fail,2025-02-02 10:00:00
QI-003350,PR-0009680,SKU-1105,P02,2025-10-26,132,4,Cracking,E055,Fail,2025-01-31 03:00:00
QI-003351,PR-0009681,SKU-1273,P02,2025-10-26,170,5,Burn Marks,E048,Fail,2025-01-31 14:00:00
QI-003352,PR-0009682,SKU-1161,P02,2025-10-26,195,9,Burn Marks,E056,Fail,2025-02-01 13:00:00
QI-003353,PR-0009683,SKU-1161,P02,2025-10-26,195,10,Flash,E044,Fail,2025-02-02 05:00:00
QI-003354,PR-0009684,SKU-1203,P02,2025-10-26,121,3,Flash,E055,Fail,2025-02-02 13:00:00
QI-003355,PR-0009685,SKU-1203,P02,2025-10-26,122,3,Warping,E051,Fail,2025-02-01 07:00:00
QI-003356,PR-0009688,SKU-1252,P03,2025-10-26,189,8,Warping,E096,Fail,2025-02-01 19:00:00
QI-003357,PR-0009689,SKU-1245,P03,2025-10-26,295,12,Short Shot,E084,Fail,2025-01-31 14:00:00
QI-003358,PR-0009690,SKU-1245,P03,2025-10-26,295,9,Flash,E088,Fail,2025-01-31 11:00:00
QI-003359,PR-0009709,SKU-1224,P01,2025-10-27,153,4,Burn Marks,E034,Fail,2025-02-02 07:00:00
QI-003360,PR-0009712,SKU-1280,P02,2025-10-27,262,9,Warping,E043,Fail,2025-02-02 18:00:00
QI-003361,PR-0009713,SKU-1245,P02,2025-10-27,167,4,Sink Marks,E067,Fail,2025-02-01 12:00:00
QI-003362,PR-0009718,SKU-1175,P03,2025-10-27,227,5,Warping,E104,Fail,2025-02-02 17:00:00
QI-003363,PR-0009724,SKU-1112,P04,2025-10-27,277,11,Flash,E143,Fail,2025-01-31 05:00:00
QI-003364,PR-0009725,SKU-1217,P04,2025-10-27,209,10,Flash,E117,Fail,2025-01-31 19:00:00
QI-003365,PR-0009726,SKU-1217,P04,2025-10-27,209,9,Burn Marks,E117,Fail,2025-01-31 18:00:00
QI-003366,PR-0009727,SKU-1238,P04,2025-10-27,256,13,Flash,E137,Fail,2025-02-01 22:00:00
QI-003367,PR-0009732,SKU-1266,P05,2025-10-27,254,9,Short Shot,E153,Fail,2025-02-01 22:00:00
QI-003368,PR-0009736,SKU-1133,P01,2025-10-28,262,8,Sink Marks,E009,Fail,2025-02-02 01:00:00
QI-003369,PR-0009737,SKU-1007,P01,2025-10-28,178,2,Flash,E028,Fail,2025-02-02 18:00:00
QI-003370,PR-0009739,SKU-1063,P01,2025-10-28,274,6,Flash,E009,Fail,2025-02-02 21:00:00
QI-003371,PR-0009744,SKU-1133,P02,2025-10-28,215,11,Flash,E054,Fail,2025-02-01 16:00:00
QI-003372,PR-0009747,SKU-1007,P03,2025-10-28,295,10,Sink Marks,E092,Fail,2025-02-01 16:00:00
QI-003373,PR-0009750,SKU-1028,P03,2025-10-28,102,2,Warping,E103,Fail,2025-01-31 10:00:00
QI-003374,PR-0009752,SKU-1112,P03,2025-10-28,269,11,Warping,E079,Fail,2025-02-02 05:00:00
QI-003375,PR-0009764,SKU-1140,P01,2025-10-29,291,14,Flash,E014,Fail,2025-02-01 13:00:00
QI-003376,PR-0009770,SKU-1042,P02,2025-10-29,322,12,Short Shot,E062,Fail,2025-01-31 19:00:00
QI-003377,PR-0009771,SKU-1182,P02,2025-10-29,304,11,Flash,E044,Fail,2025-02-01 18:00:00
QI-003378,PR-0009772,SKU-1182,P02,2025-10-29,304,12,Flash,E063,Fail,2025-01-31 20:00:00
QI-003379,PR-0009773,SKU-1007,P02,2025-10-29,153,4,Short Shot,E044,Fail,2025-02-01 15:00:00
QI-003380,PR-0009782,SKU-1224,P03,2025-10-29,191,6,Cracking,E096,Fail,2025-02-02 01:00:00
QI-003381,PR-0009784,SKU-1231,P04,2025-10-29,256,11,Short Shot,E120,Fail,2025-02-02 13:00:00
QI-003382,PR-0009785,SKU-1231,P04,2025-10-29,257,15,Flash,E120,Fail,2025-02-02 20:00:00
QI-003383,PR-0009790,SKU-1161,P04,2025-10-29,215,10,Warping,E115,Fail,2025-02-01 04:00:00
QI-003384,PR-0009792,SKU-1077,P05,2025-10-29,312,15,Warping,E172,Fail,2025-01-31 03:00:00
QI-003385,PR-0009793,SKU-1077,P05,2025-10-29,312,15,Flash,E153,Fail,2025-01-31 02:00:00
QI-003386,PR-0009797,SKU-1175,P05,2025-10-29,231,4,Burn Marks,E171,Fail,2025-01-31 02:00:00
QI-003387,PR-0009800,SKU-1077,P01,2025-10-30,221,9,Flash,E034,Fail,2025-02-01 22:00:00
QI-003388,PR-0009805,SKU-1077,P02,2025-10-30,304,9,Burn Marks,E055,Fail,2025-02-02 15:00:00
QI-003389,PR-0009806,SKU-1252,P03,2025-10-30,290,6,Flash,E074,Fail,2025-01-31 00:00:00
QI-003390,PR-0009808,SKU-1161,P03,2025-10-30,266,10,Flash,E076,Fail,2025-01-31 00:00:00
QI-003391,PR-0009809,SKU-1161,P03,2025-10-30,267,15,Short Shot,E084,Fail,2025-02-01 17:00:00
QI-003392,PR-0009810,SKU-1245,P03,2025-10-30,278,12,Burn Marks,E076,Fail,2025-02-02 16:00:00
QI-003393,PR-0009816,SKU-1280,P04,2025-10-30,178,9,Flash,E142,Fail,2025-02-01 11:00:00
QI-003394,PR-0009817,SKU-1154,P04,2025-10-30,206,5,Sink Marks,E125,Fail,2025-01-31 19:00:00
QI-003395,PR-0009818,SKU-1154,P04,2025-10-30,206,12,Flash,E112,Fail,2025-02-02 11:00:00
QI-003396,PR-0009825,SKU-1168,P05,2025-10-30,127,2,Cracking,E148,Fail,2025-02-01 14:00:00
QI-003397,PR-0009828,SKU-1021,P05,2025-10-30,208,7,Short Shot,E171,Fail,2025-02-02 08:00:00
QI-003398,PR-0009830,SKU-1210,P01,2025-10-31,210,5,Sink Marks,E001,Fail,2025-02-01 17:00:00
QI-003399,PR-0009833,SKU-1154,P01,2025-10-31,160,4,Sink Marks,E015,Fail,2025-02-02 14:00:00
QI-003400,PR-0009838,SKU-1231,P02,2025-10-31,247,8,Flash,E044,Fail,2025-02-01 06:00:00
QI-003401,PR-0009840,SKU-1196,P02,2025-10-31,117,3,Cracking,E062,Fail,2025-01-31 14:00:00
QI-003402,PR-0009841,SKU-1175,P02,2025-10-31,138,4,Burn Marks,E054,Fail,2025-01-31 10:00:00
QI-003403,PR-0009844,SKU-1252,P03,2025-10-31,205,7,Warping,E076,Fail,2025-01-31 02:00:00
QI-003404,PR-0009849,SKU-1266,P03,2025-10-31,260,10,Warping,E096,Fail,2025-01-31 07:00:00
QI-003405,PR-0009850,SKU-1224,P04,2025-10-31,320,13,Flash,E141,Fail,2025-01-31 07:00:00
QI-003406,PR-0009852,SKU-1238,P05,2025-10-31,100,2,Warping,E164,Fail,2025-02-02 07:00:00
QI-003407,PR-0009855,SKU-1252,P05,2025-10-31,313,9,Flash,E153,Fail,2025-02-01 09:00:00
QI-003408,PR-0009856,SKU-1147,P05,2025-10-31,249,7,Warping,E153,Fail,2025-02-02 09:00:00
QI-003409,PR-0009860,SKU-1140,P01,2025-11-01,214,4,Cracking,E015,Fail,2025-02-02 02:00:00
QI-003410,PR-0009861,SKU-1175,P02,2025-11-01,308,9,Sink Marks,E040,Fail,2025-02-02 22:00:00
QI-003411,PR-0009862,SKU-1175,P02,2025-11-01,308,11,Short Shot,E054,Fail,2025-02-02 15:00:00
QI-003412,PR-0009866,SKU-1126,P03,2025-11-01,219,8,Sink Marks,E086,Fail,2025-01-31 08:00:00
QI-003413,PR-0009877,SKU-1154,P05,2025-11-01,248,11,Flash,E162,Fail,2025-01-31 19:00:00
QI-003414,PR-0009880,SKU-1273,P05,2025-11-01,272,10,Flash,E179,Fail,2025-01-31 15:00:00
QI-003415,PR-0009882,SKU-1119,P01,2025-11-02,125,3,Sink Marks,E029,Fail,2025-01-31 10:00:00
QI-003416,PR-0009888,SKU-1182,P02,2025-11-02,107,3,Flash,E056,Fail,2025-01-31 05:00:00
QI-003417,PR-0009889,SKU-1147,P02,2025-11-02,234,4,Warping,E068,Fail,2025-02-02 00:00:00
QI-003418,PR-0009891,SKU-1077,P02,2025-11-02,272,9,Flash,E044,Fail,2025-02-02 11:00:00
QI-003419,PR-0009893,SKU-1112,P03,2025-11-02,208,7,Flash,E084,Fail,2025-02-01 19:00:00
QI-003420,PR-0009895,SKU-1217,P03,2025-11-02,209,4,Short Shot,E086,Fail,2025-02-02 21:00:00
QI-003421,PR-0009897,SKU-1007,P03,2025-11-02,204,8,Short Shot,E084,Fail,2025-02-02 02:00:00
QI-003422,PR-0009899,SKU-1203,P04,2025-11-02,106,2,Short Shot,E131,Fail,2025-02-02 01:00:00
QI-003423,PR-0009900,SKU-1105,P04,2025-11-02,120,7,Warping,E122,Fail,2025-01-31 07:00:00
QI-003424,PR-0009901,SKU-1077,P04,2025-11-02,152,6,Sink Marks,E121,Fail,2025-02-02 09:00:00
QI-003425,PR-0009904,SKU-1070,P05,2025-11-02,273,9,Warping,E147,Fail,2025-01-31 00:00:00
QI-003426,PR-0009905,SKU-1070,P05,2025-11-02,273,17,Flash,E174,Fail,2025-01-31 19:00:00
QI-003427,PR-0009908,SKU-1231,P01,2025-11-03,298,8,Short Shot,E020,Fail,2025-02-01 20:00:00
QI-003428,PR-0009910,SKU-1231,P01,2025-11-03,193,5,Cracking,E017,Fail,2025-01-31 18:00:00
QI-003429,PR-0009911,SKU-1245,P01,2025-11-03,282,6,Sink Marks,E021,Fail,2025-02-02 13:00:00
QI-003430,PR-0009914,SKU-1084,P02,2025-11-03,251,9,Flash,E053,Fail,2025-01-31 04:00:00
QI-003431,PR-0009929,SKU-1063,P04,2025-11-03,154,6,Sink Marks,E112,Fail,2025-02-02 10:00:00
QI-003432,PR-0009930,SKU-1063,P04,2025-11-03,155,6,Sink Marks,E115,Fail,2025-01-31 01:00:00
QI-003433,PR-0009935,SKU-1252,P04,2025-11-03,245,8,Short Shot,E111,Fail,2025-01-31 08:00:00
QI-003434,PR-0009937,SKU-1098,P05,2025-11-03,202,10,Flash,E153,Fail,2025-02-02 20:00:00
QI-003435,PR-0009938,SKU-1252,P05,2025-11-03,104,4,Cracking,E148,Fail,2025-01-31 21:00:00
QI-003436,PR-0009939,SKU-1252,P05,2025-11-03,105,2,Warping,E172,Fail,2025-02-01 07:00:00
QI-003437,PR-0009941,SKU-1021,P05,2025-11-03,214,9,Sink Marks,E171,Fail,2025-02-02 18:00:00
QI-003438,PR-0009943,SKU-1161,P01,2025-11-04,224,6,Short Shot,E033,Fail,2025-02-02 07:00:00
QI-003439,PR-0009944,SKU-1161,P01,2025-11-04,224,8,Sink Marks,E016,Fail,2025-02-02 13:00:00
QI-003440,PR-0009945,SKU-1133,P02,2025-11-04,161,3,Warping,E067,Fail,2025-01-31 21:00:00
QI-003441,PR-0009946,SKU-1252,P02,2025-11-04,145,5,Flash,E058,Fail,2025-01-31 04:00:00
QI-003442,PR-0009949,SKU-1098,P02,2025-11-04,159,4,Burn Marks,E053,Fail,2025-02-01 18:00:00
QI-003443,PR-0009950,SKU-1098,P02,2025-11-04,160,5,Short Shot,E058,Fail,2025-02-02 13:00:00
QI-003444,PR-0009952,SKU-1224,P03,2025-11-04,282,13,Flash,E074,Fail,2025-02-01 07:00:00
QI-003445,PR-0009953,SKU-1133,P03,2025-11-04,112,3,Flash,E074,Fail,2025-01-31 04:00:00
QI-003446,PR-0009954,SKU-1189,P03,2025-11-04,309,10,Sink Marks,E083,Fail,2025-02-01 17:00:00
QI-003447,PR-0009958,SKU-1252,P04,2025-11-04,128,5,Flash,E130,Fail,2025-02-01 17:00:00
QI-003448,PR-0009962,SKU-1182,P05,2025-11-04,160,5,Cracking,E152,Fail,2025-02-02 12:00:00
QI-003449,PR-0009964,SKU-1133,P05,2025-11-04,201,9,Flash,E164,Fail,2025-02-02 06:00:00
QI-003450,PR-0009971,SKU-1091,P01,2025-11-05,162,6,Short Shot,E013,Fail,2025-02-01 10:00:00
QI-003451,PR-0009974,SKU-1231,P01,2025-11-05,165,7,Short Shot,E034,Fail,2025-02-02 16:00:00
QI-003452,PR-0009977,SKU-1070,P01,2025-11-05,242,5,Burn Marks,E013,Fail,2025-02-02 16:00:00
QI-003453,PR-0009978,SKU-1070,P01,2025-11-05,243,8,Warping,E033,Fail,2025-02-01 07:00:00
QI-003454,PR-0009984,SKU-1112,P02,2025-11-05,252,11,Flash,E048,Fail,2025-02-01 18:00:00
QI-003455,PR-0009988,SKU-1196,P03,2025-11-05,149,3,Short Shot,E104,Fail,2025-02-01 00:00:00
QI-003456,PR-0009997,SKU-1105,P04,2025-11-05,166,8,Short Shot,E137,Fail,2025-02-02 10:00:00
QI-003457,PR-0009999,SKU-1084,P04,2025-11-05,130,2,Flash,E141,Fail,2025-01-31 03:00:00
QI-003458,PR-0010000,SKU-1154,P04,2025-11-05,234,8,Flash,E141,Fail,2025-02-02 11:00:00
QI-003459,PR-0010001,SKU-1189,P05,2025-11-05,287,10,Warping,E171,Fail,2025-02-01 11:00:00
QI-003460,PR-0010003,SKU-1147,P05,2025-11-05,299,14,Burn Marks,E172,Fail,2025-01-31 20:00:00
QI-003461,PR-0010008,SKU-1056,P01,2025-11-06,239,4,Flash,E014,Fail,2025-02-02 08:00:00
QI-003462,PR-0010010,SKU-1098,P01,2025-11-06,303,14,Flash,E006,Fail,2025-01-31 11:00:00
QI-003463,PR-0010015,SKU-1189,P02,2025-11-06,135,4,Short Shot,E051,Fail,2025-02-01 22:00:00
QI-003464,PR-0010020,SKU-1259,P02,2025-11-06,261,14,Sink Marks,E067,Fail,2025-02-02 00:00:00
QI-003465,PR-0010026,SKU-1049,P03,2025-11-06,200,9,Flash,E074,Fail,2025-02-02 20:00:00
QI-003466,PR-0010027,SKU-1028,P03,2025-11-06,109,3,Flash,E077,Fail,2025-02-02 12:00:00
QI-003467,PR-0010033,SKU-1161,P04,2025-11-06,295,13,Burn Marks,E122,Fail,2025-01-31 18:00:00
QI-003468,PR-0010035,SKU-1098,P04,2025-11-06,324,15,Warping,E110,Fail,2025-02-02 18:00:00
QI-003469,PR-0010040,SKU-1028,P05,2025-11-06,315,9,Sink Marks,E175,Fail,2025-02-01 17:00:00
QI-003470,PR-0010050,SKU-1035,P01,2025-11-07,175,5,Cracking,E021,Fail,2025-02-01 01:00:00
QI-003471,PR-0010053,SKU-1070,P02,2025-11-07,135,6,Cracking,E048,Fail,2025-01-31 20:00:00
QI-003472,PR-0010054,SKU-1063,P02,2025-11-07,324,18,Warping,E056,Fail,2025-01-31 17:00:00
QI-003473,PR-0010055,SKU-1028,P02,2025-11-07,190,4,Sink Marks,E040,Fail,2025-01-31 04:00:00
QI-003474,PR-0010064,SKU-1014,P04,2025-11-07,308,12,Flash,E134,Fail,2025-02-02 06:00:00
QI-003475,PR-0010066,SKU-1119,P04,2025-11-07,296,13,Sink Marks,E117,Fail,2025-02-01 22:00:00
QI-003476,PR-0010067,SKU-1252,P04,2025-11-07,233,11,Flash,E117,Fail,2025-01-31 05:00:00
QI-003477,PR-0010070,SKU-1245,P04,2025-11-07,315,10,Flash,E137,Fail,2025-02-01 07:00:00
QI-003478,PR-0010073,SKU-1168,P05,2025-11-07,294,12,Warping,E175,Fail,2025-02-02 06:00:00
QI-003479,PR-0010076,SKU-1049,P05,2025-11-07,164,4,Sink Marks,E148,Fail,2025-02-01 06:00:00
QI-003480,PR-0010078,SKU-1077,P05,2025-11-07,206,9,Flash,E161,Fail,2025-01-31 03:00:00
QI-003481,PR-0010079,SKU-1077,P05,2025-11-07,207,4,Warping,E171,Fail,2025-02-01 09:00:00
QI-003482,PR-0010080,SKU-1154,P05,2025-11-07,314,12,Warping,E171,Fail,2025-02-02 08:00:00
QI-003483,PR-0010081,SKU-1154,P05,2025-11-07,315,17,Burn Marks,E147,Fail,2025-02-01 04:00:00
QI-003484,PR-0010084,SKU-1224,P01,2025-11-08,142,6,Warping,E034,Fail,2025-02-01 03:00:00
QI-003485,PR-0010086,SKU-1112,P01,2025-11-08,185,7,Warping,E020,Fail,2025-02-02 21:00:00
QI-003486,PR-0010091,SKU-1140,P02,2025-11-08,190,6,Flash,E053,Fail,2025-01-31 18:00:00
QI-003487,PR-0010092,SKU-1140,P02,2025-11-08,191,6,Flash,E048,Fail,2025-01-31 08:00:00
QI-003488,PR-0010098,SKU-1161,P03,2025-11-08,273,5,Warping,E095,Fail,2025-02-02 00:00:00
QI-003489,PR-0010099,SKU-1049,P03,2025-11-08,293,9,Sink Marks,E103,Fail,2025-02-02 11:00:00
QI-003490,PR-0010102,SKU-1070,P03,2025-11-08,273,8,Burn Marks,E086,Fail,2025-02-01 13:00:00
QI-003491,PR-0010103,SKU-1224,P03,2025-11-08,277,13,Flash,E077,Fail,2025-02-01 12:00:00
QI-003492,PR-0010105,SKU-1210,P03,2025-11-08,224,9,Burn Marks,E074,Fail,2025-01-31 06:00:00
QI-003493,PR-0010108,SKU-1133,P04,2025-11-08,289,14,Warping,E122,Fail,2025-01-31 05:00:00
QI-003494,PR-0010110,SKU-1105,P05,2025-11-08,281,11,Cracking,E148,Fail,2025-02-02 16:00:00
QI-003495,PR-0010113,SKU-1259,P05,2025-11-08,180,6,Short Shot,E164,Fail,2025-02-02 04:00:00
QI-003496,PR-0010114,SKU-1070,P05,2025-11-08,215,4,Burn Marks,E147,Fail,2025-02-01 22:00:00
QI-003497,PR-0010119,SKU-1049,P01,2025-11-09,290,10,Flash,E034,Fail,2025-02-02 19:00:00
QI-003498,PR-0010120,SKU-1049,P01,2025-11-09,290,9,Flash,E001,Fail,2025-02-02 07:00:00
QI-003499,PR-0010122,SKU-1217,P01,2025-11-09,179,4,Flash,E009,Fail,2025-02-01 12:00:00
QI-003500,PR-0010125,SKU-1147,P02,2025-11-09,273,13,Warping,E058,Fail,2025-02-02 17:00:00
QI-003501,PR-0010130,SKU-1098,P03,2025-11-09,119,5,Flash,E103,Fail,2025-02-01 21:00:00
QI-003502,PR-0010132,SKU-1217,P03,2025-11-09,129,2,Sink Marks,E103,Fail,2025-01-31 06:00:00
QI-003503,PR-0010137,SKU-1189,P04,2025-11-09,196,7,Short Shot,E112,Fail,2025-02-02 14:00:00
QI-003504,PR-0010138,SKU-1084,P04,2025-11-09,147,4,Cracking,E143,Fail,2025-02-02 18:00:00
QI-003505,PR-0010140,SKU-1231,P05,2025-11-09,104,3,Flash,E161,Fail,2025-02-01 04:00:00
QI-003506,PR-0010142,SKU-1147,P05,2025-11-09,218,5,Short Shot,E152,Fail,2025-02-01 10:00:00
QI-003507,PR-0010145,SKU-1077,P05,2025-11-09,213,10,Flash,E172,Fail,2025-02-01 05:00:00
QI-003508,PR-0010148,SKU-1028,P01,2025-11-10,253,6,Short Shot,E034,Fail,2025-02-01 21:00:00
QI-003509,PR-0010149,SKU-1028,P01,2025-11-10,254,7,Flash,E030,Fail,2025-02-02 00:00:00
QI-003510,PR-0010150,SKU-1063,P01,2025-11-10,287,10,Flash,E021,Fail,2025-02-01 11:00:00
QI-003511,PR-0010153,SKU-1168,P01,2025-11-10,176,7,Warping,E029,Fail,2025-02-01 12:00:00
QI-003512,PR-0010155,SKU-1245,P01,2025-11-10,131,2,Flash,E016,Fail,2025-01-31 05:00:00
QI-003513,PR-0010156,SKU-1035,P01,2025-11-10,150,5,Flash,E006,Fail,2025-02-02 00:00:00
QI-003514,PR-0010157,SKU-1112,P01,2025-11-10,242,7,Burn Marks,E014,Fail,2025-02-01 17:00:00
QI-003515,PR-0010161,SKU-1126,P02,2025-11-10,157,4,Warping,E056,Fail,2025-01-31 00:00:00
QI-003516,PR-0010164,SKU-1119,P03,2025-11-10,243,6,Cracking,E096,Fail,2025-02-02 14:00:00
QI-003517,PR-0010165,SKU-1112,P03,2025-11-10,190,6,Burn Marks,E080,Fail,2025-02-01 20:00:00
QI-003518,PR-0010174,SKU-1042,P05,2025-11-10,283,13,Warping,E161,Fail,2025-02-01 10:00:00
QI-003519,PR-0010179,SKU-1217,P01,2025-11-11,293,7,Burn Marks,E034,Fail,2025-02-02 19:00:00
QI-003520,PR-0010184,SKU-1273,P02,2025-11-11,268,8,Sink Marks,E055,Fail,2025-02-02 05:00:00
QI-003521,PR-0010192,SKU-1210,P03,2025-11-11,159,6,Flash,E076,Fail,2025-02-02 09:00:00
QI-003522,PR-0010198,SKU-1070,P04,2025-11-11,161,4,Sink Marks,E115,Fail,2025-01-31 11:00:00
QI-003523,PR-0010199,SKU-1049,P04,2025-11-11,305,14,Flash,E120,Fail,2025-02-01 14:00:00
QI-003524,PR-0010203,SKU-1126,P05,2025-11-11,195,5,Flash,E179,Fail,2025-01-31 06:00:00
QI-003525,PR-0010213,SKU-1175,P01,2025-11-12,109,1,Short Shot,E007,Fail,2025-02-02 08:00:00
QI-003526,PR-0010215,SKU-1133,P01,2025-11-12,262,8,Burn Marks,E007,Fail,2025-02-01 04:00:00
QI-003527,PR-0010218,SKU-1224,P02,2025-11-12,188,5,Sink Marks,E058,Fail,2025-01-31 00:00:00
QI-003528,PR-0010220,SKU-1266,P03,2025-11-12,208,4,Short Shot,E088,Fail,2025-02-02 20:00:00
QI-003529,PR-0010225,SKU-1238,P03,2025-11-12,265,8,Sink Marks,E092,Fail,2025-02-01 13:00:00
QI-003530,PR-0010226,SKU-1210,P04,2025-11-12,265,12,Warping,E134,Fail,2025-01-31 21:00:00
QI-003531,PR-0010231,SKU-1112,P04,2025-11-12,195,10,Sink Marks,E137,Fail,2025-02-02 10:00:00
QI-003532,PR-0010234,SKU-1168,P05,2025-11-12,126,2,Warping,E162,Fail,2025-01-31 14:00:00
QI-003533,PR-0010236,SKU-1196,P05,2025-11-12,190,11,Flash,E153,Fail,2025-01-31 18:00:00
QI-003534,PR-0010240,SKU-1049,P01,2025-11-13,311,7,Warping,E033,Fail,2025-02-01 06:00:00
QI-003535,PR-0010242,SKU-1182,P01,2025-11-13,116,2,Warping,E033,Fail,2025-02-02 06:00:00
QI-003536,PR-0010243,SKU-1182,P01,2025-11-13,117,2,Sink Marks,E010,Fail,2025-01-31 18:00:00
QI-003537,PR-0010248,SKU-1252,P02,2025-11-13,312,9,Cracking,E048,Fail,2025-02-02 09:00:00
QI-003538,PR-0010253,SKU-1126,P03,2025-11-13,220,8,Sink Marks,E074,Fail,2025-02-02 04:00:00
QI-003539,PR-0010254,SKU-1063,P03,2025-11-13,124,3,Flash,E095,Fail,2025-01-31 05:00:00
QI-003540,PR-0010257,SKU-1217,P03,2025-11-13,104,4,Short Shot,E076,Fail,2025-02-01 22:00:00
QI-003541,PR-0010259,SKU-1189,P04,2025-11-13,103,2,Flash,E137,Fail,2025-02-02 05:00:00
QI-003542,PR-0010260,SKU-1161,P04,2025-11-13,304,12,Flash,E143,Fail,2025-01-31 20:00:00
QI-003543,PR-0010261,SKU-1161,P04,2025-11-13,305,11,Short Shot,E134,Fail,2025-02-02 05:00:00
QI-003544,PR-0010262,SKU-1147,P04,2025-11-13,103,5,Flash,E122,Fail,2025-02-01 19:00:00
QI-003545,PR-0010263,SKU-1203,P05,2025-11-13,257,10,Short Shot,E172,Fail,2025-02-02 14:00:00
QI-003546,PR-0010265,SKU-1063,P05,2025-11-13,102,2,Flash,E162,Fail,2025-02-01 18:00:00
QI-003547,PR-0010269,SKU-1140,P01,2025-11-14,105,2,Cracking,E001,Fail,2025-02-02 11:00:00
QI-003548,PR-0010270,SKU-1021,P01,2025-11-14,183,4,Sink Marks,E015,Fail,2025-01-31 15:00:00
QI-003549,PR-0010273,SKU-1140,P01,2025-11-14,174,7,Burn Marks,E034,Fail,2025-01-31 02:00:00
QI-003550,PR-0010274,SKU-1189,P02,2025-11-14,255,8,Warping,E056,Fail,2025-02-01 10:00:00
QI-003551,PR-0010276,SKU-1021,P02,2025-11-14,313,9,Short Shot,E062,Fail,2025-02-01 18:00:00
QI-003552,PR-0010278,SKU-1140,P02,2025-11-14,107,5,Flash,E062,Fail,2025-01-31 13:00:00
QI-003553,PR-0010279,SKU-1007,P02,2025-11-14,186,7,Short Shot,E067,Fail,2025-01-31 05:00:00
QI-003554,PR-0010283,SKU-1245,P03,2025-11-14,136,7,Short Shot,E076,Fail,2025-02-02 21:00:00
QI-003555,PR-0010288,SKU-1196,P04,2025-11-14,249,12,Burn Marks,E131,Fail,2025-02-01 04:00:00
QI-003556,PR-0010295,SKU-1147,P05,2025-11-14,188,7,Warping,E162,Fail,2025-01-31 07:00:00
QI-003557,PR-0010296,SKU-1035,P05,2025-11-14,149,2,Burn Marks,E162,Fail,2025-02-01 21:00:00
QI-003558,PR-0010302,SKU-1168,P01,2025-11-15,301,7,Warping,E014,Fail,2025-02-01 13:00:00
QI-003559,PR-0010307,SKU-1175,P02,2025-11-15,112,4,Warping,E068,Fail,2025-01-31 09:00:00
QI-003560,PR-0010310,SKU-1147,P02,2025-11-15,275,10,Short Shot,E053,Fail,2025-02-02 01:00:00
QI-003561,PR-0010311,SKU-1147,P02,2025-11-15,275,11,Burn Marks,E040,Fail,2025-01-31 16:00:00
QI-003562,PR-0010313,SKU-1105,P02,2025-11-15,266,12,Flash,E054,Fail,2025-01-31 05:00:00
QI-003563,PR-0010319,SKU-1245,P03,2025-11-15,297,11,Cracking,E074,Fail,2025-02-02 11:00:00
QI-003564,PR-0010326,SKU-1007,P04,2025-11-15,149,3,Flash,E132,Fail,2025-01-31 19:00:00
QI-003565,PR-0010328,SKU-1168,P04,2025-11-15,141,6,Short Shot,E111,Fail,2025-02-02 10:00:00
QI-003566,PR-0010329,SKU-1028,P05,2025-11-15,169,6,Warping,E153,Fail,2025-02-01 17:00:00
QI-003567,PR-0010330,SKU-1070,P05,2025-11-15,136,4,Short Shot,E155,Fail,2025-02-01 20:00:00
QI-003568,PR-0010333,SKU-1098,P05,2025-11-15,231,9,Sink Marks,E171,Fail,2025-02-01 13:00:00
QI-003569,PR-0010341,SKU-1021,P01,2025-11-16,161,6,Short Shot,E033,Fail,2025-01-31 15:00:00
QI-003570,PR-0010347,SKU-1056,P02,2025-11-16,145,4,Warping,E067,Fail,2025-02-02 05:00:00
QI-003571,PR-0010349,SKU-1126,P02,2025-11-16,245,14,Flash,E063,Fail,2025-01-31 16:00:00
QI-003572,PR-0010352,SKU-1098,P02,2025-11-16,113,2,Sink Marks,E044,Fail,2025-01-31 20:00:00
QI-003573,PR-0010353,SKU-1056,P02,2025-11-16,180,4,Warping,E040,Fail,2025-02-01 09:00:00
QI-003574,PR-0010355,SKU-1007,P03,2025-11-16,290,10,Burn Marks,E076,Fail,2025-02-01 22:00:00
QI-003575,PR-0010358,SKU-1070,P03,2025-11-16,180,5,Sink Marks,E108,Fail,2025-01-31 01:00:00
QI-003576,PR-0010359,SKU-1070,P03,2025-11-16,180,5,Short Shot,E078,Fail,2025-02-01 06:00:00
QI-003577,PR-0010361,SKU-1091,P03,2025-11-16,240,8,Warping,E078,Fail,2025-02-02 11:00:00
QI-003578,PR-0010365,SKU-1070,P04,2025-11-16,131,6,Flash,E111,Fail,2025-02-02 00:00:00
QI-003579,PR-0010366,SKU-1154,P04,2025-11-16,272,10,Short Shot,E125,Fail,2025-02-01 00:00:00
QI-003580,PR-0010372,SKU-1112,P05,2025-11-16,142,3,Short Shot,E175,Fail,2025-02-01 02:00:00
QI-003581,PR-0010375,SKU-1028,P05,2025-11-16,204,6,Burn Marks,E152,Fail,2025-01-31 09:00:00
QI-003582,PR-0010377,SKU-1273,P01,2025-11-17,229,5,Short Shot,E029,Fail,2025-02-01 08:00:00
QI-003583,PR-0010379,SKU-1217,P01,2025-11-17,268,14,Sink Marks,E029,Fail,2025-02-01 20:00:00
QI-003584,PR-0010382,SKU-1070,P01,2025-11-17,140,5,Warping,E021,Fail,2025-02-02 22:00:00
QI-003585,PR-0010384,SKU-1007,P02,2025-11-17,106,3,Short Shot,E067,Fail,2025-01-31 04:00:00
QI-003586,PR-0010386,SKU-1021,P02,2025-11-17,243,11,Short Shot,E067,Fail,2025-02-01 17:00:00
QI-003587,PR-0010395,SKU-1266,P03,2025-11-17,209,8,Warping,E092,Fail,2025-02-02 03:00:00
QI-003588,PR-0010396,SKU-1007,P04,2025-11-17,110,4,Warping,E140,Fail,2025-02-01 05:00:00
QI-003589,PR-0010397,SKU-1056,P04,2025-11-17,106,2,Short Shot,E136,Fail,2025-02-02 01:00:00
QI-003590,PR-0010400,SKU-1063,P05,2025-11-17,125,5,Short Shot,E171,Fail,2025-01-31 02:00:00
QI-003591,PR-0010404,SKU-1140,P05,2025-11-17,274,8,Sink Marks,E174,Fail,2025-02-02 01:00:00
QI-003592,PR-0010411,SKU-1119,P01,2025-11-18,220,10,Short Shot,E029,Fail,2025-02-02 22:00:00
QI-003593,PR-0010412,SKU-1119,P01,2025-11-18,220,4,Warping,E009,Fail,2025-02-01 17:00:00
QI-003594,PR-0010415,SKU-1280,P02,2025-11-18,107,2,Warping,E067,Fail,2025-02-01 06:00:00
QI-003595,PR-0010417,SKU-1273,P02,2025-11-18,314,12,Burn Marks,E067,Fail,2025-01-31 05:00:00
QI-003596,PR-0010418,SKU-1259,P03,2025-11-18,307,10,Cracking,E088,Fail,2025-02-01 04:00:00
QI-003597,PR-0010419,SKU-1259,P03,2025-11-18,308,9,Sink Marks,E078,Fail,2025-02-01 22:00:00
QI-003598,PR-0010420,SKU-1119,P03,2025-11-18,286,11,Short Shot,E084,Fail,2025-02-01 08:00:00
QI-003599,PR-0010427,SKU-1049,P04,2025-11-18,226,7,Short Shot,E140,Fail,2025-02-02 07:00:00
QI-003600,PR-0010428,SKU-1049,P04,2025-11-18,226,11,Flash,E121,Fail,2025-01-31 10:00:00
QI-003601,PR-0010429,SKU-1210,P04,2025-11-18,255,7,Sink Marks,E134,Fail,2025-02-01 13:00:00
QI-003602,PR-0010433,SKU-1189,P05,2025-11-18,206,7,Short Shot,E175,Fail,2025-02-01 04:00:00
QI-003603,PR-0010435,SKU-1196,P05,2025-11-18,323,13,Warping,E172,Fail,2025-02-01 02:00:00
QI-003604,PR-0010437,SKU-1133,P05,2025-11-18,306,15,Sink Marks,E153,Fail,2025-02-01 21:00:00
QI-003605,PR-0010438,SKU-1133,P01,2025-11-19,275,10,Short Shot,E028,Fail,2025-01-31 02:00:00
QI-003606,PR-0010439,SKU-1133,P01,2025-11-19,275,6,Flash,E029,Fail,2025-01-31 22:00:00
QI-003607,PR-0010441,SKU-1014,P01,2025-11-19,176,5,Warping,E001,Fail,2025-01-31 21:00:00
QI-003608,PR-0010442,SKU-1210,P01,2025-11-19,257,8,Sink Marks,E029,Fail,2025-02-01 12:00:00
QI-003609,PR-0010446,SKU-1245,P02,2025-11-19,314,10,Short Shot,E067,Fail,2025-02-02 08:00:00
QI-003610,PR-0010448,SKU-1147,P02,2025-11-19,230,12,Flash,E051,Fail,2025-01-31 04:00:00
QI-003611,PR-0010449,SKU-1147,P02,2025-11-19,230,9,Warping,E051,Fail,2025-02-01 20:00:00
QI-003612,PR-0010451,SKU-1196,P02,2025-11-19,183,4,Short Shot,E063,Fail,2025-02-02 01:00:00
QI-003613,PR-0010452,SKU-1035,P02,2025-11-19,286,10,Short Shot,E043,Fail,2025-01-31 09:00:00
QI-003614,PR-0010454,SKU-1112,P03,2025-11-19,308,10,Short Shot,E095,Fail,2025-01-31 07:00:00
QI-003615,PR-0010458,SKU-1007,P03,2025-11-19,238,10,Burn Marks,E076,Fail,2025-02-02 02:00:00
QI-003616,PR-0010460,SKU-1175,P03,2025-11-19,269,14,Short Shot,E079,Fail,2025-02-02 05:00:00
QI-003617,PR-0010462,SKU-1280,P03,2025-11-19,304,9,Sink Marks,E095,Fail,2025-01-31 07:00:00
QI-003618,PR-0010463,SKU-1042,P03,2025-11-19,216,4,Sink Marks,E098,Fail,2025-02-02 19:00:00
QI-003619,PR-0010464,SKU-1231,P04,2025-11-19,231,7,Flash,E134,Fail,2025-01-31 22:00:00
QI-003620,PR-0010468,SKU-1203,P04,2025-11-19,261,8,Cracking,E125,Fail,2025-01-31 13:00:00
QI-003621,PR-0010473,SKU-1231,P05,2025-11-19,161,6,Short Shot,E175,Fail,2025-01-31 01:00:00
QI-003622,PR-0010488,SKU-1266,P03,2025-11-20,172,5,Warping,E078,Fail,2025-02-02 20:00:00
QI-003623,PR-0010490,SKU-1133,P03,2025-11-20,139,3,Flash,E103,Fail,2025-02-02 04:00:00
QI-003624,PR-0010496,SKU-1231,P04,2025-11-20,114,3,Warping,E115,Fail,2025-02-01 19:00:00
QI-003625,PR-0010498,SKU-1049,P04,2025-11-20,304,9,Sink Marks,E119,Fail,2025-02-02 22:00:00
QI-003626,PR-0010502,SKU-1266,P05,2025-11-20,279,9,Burn Marks,E179,Fail,2025-02-01 07:00:00
QI-003627,PR-0010503,SKU-1126,P05,2025-11-20,179,7,Flash,E172,Fail,2025-01-31 13:00:00
QI-003628,PR-0010504,SKU-1126,P05,2025-11-20,180,4,Warping,E175,Fail,2025-01-31 04:00:00
QI-003629,PR-0010510,SKU-1063,P02,2025-11-21,110,5,Warping,E062,Fail,2025-02-02 21:00:00
QI-003630,PR-0010511,SKU-1021,P02,2025-11-21,246,4,Flash,E058,Fail,2025-01-31 12:00:00
QI-003631,PR-0010515,SKU-1035,P02,2025-11-21,242,9,Short Shot,E054,Fail,2025-02-01 04:00:00
QI-003632,PR-0010516,SKU-1161,P02,2025-11-21,237,4,Sink Marks,E048,Fail,2025-02-01 19:00:00
QI-003633,PR-0010522,SKU-1154,P03,2025-11-21,290,7,Flash,E108,Fail,2025-01-31 19:00:00
QI-003634,PR-0010526,SKU-1119,P03,2025-11-21,240,8,Flash,E086,Fail,2025-02-01 05:00:00
QI-003635,PR-0010527,SKU-1133,P04,2025-11-21,237,12,Flash,E141,Fail,2025-02-01 08:00:00
QI-003636,PR-0010529,SKU-1231,P04,2025-11-21,283,15,Flash,E125,Fail,2025-02-02 06:00:00
QI-003637,PR-0010532,SKU-1252,P04,2025-11-21,120,4,Short Shot,E125,Fail,2025-01-31 22:00:00
QI-003638,PR-0010533,SKU-1161,P04,2025-11-21,316,17,Warping,E142,Fail,2025-02-01 12:00:00
QI-003639,PR-0010539,SKU-1126,P05,2025-11-21,274,10,Sink Marks,E164,Fail,2025-02-01 16:00:00
QI-003640,PR-0010542,SKU-1238,P01,2025-11-22,164,4,Sink Marks,E015,Fail,2025-02-02 22:00:00
QI-003641,PR-0010544,SKU-1014,P01,2025-11-22,163,4,Flash,E014,Fail,2025-02-01 22:00:00
QI-003642,PR-0010548,SKU-1182,P02,2025-11-22,152,6,Cracking,E054,Fail,2025-02-02 12:00:00
QI-003643,PR-0010552,SKU-1007,P02,2025-11-22,191,5,Flash,E053,Fail,2025-02-01 14:00:00
QI-003644,PR-0010553,SKU-1182,P03,2025-11-22,295,10,Flash,E096,Fail,2025-02-02 08:00:00
QI-003645,PR-0010556,SKU-1063,P04,2025-11-22,208,8,Flash,E120,Fail,2025-02-02 20:00:00
QI-003646,PR-0010558,SKU-1273,P04,2025-11-22,219,12,Short Shot,E142,Fail,2025-01-31 14:00:00
QI-003647,PR-0010559,SKU-1273,P04,2025-11-22,219,6,Short Shot,E131,Fail,2025-02-01 06:00:00
QI-003648,PR-0010562,SKU-1077,P04,2025-11-22,248,7,Sink Marks,E139,Fail,2025-02-01 09:00:00
QI-003649,PR-0010563,SKU-1077,P04,2025-11-22,249,7,Warping,E132,Fail,2025-02-01 21:00:00
QI-003650,PR-0010564,SKU-1210,P04,2025-11-22,182,7,Flash,E125,Fail,2025-02-02 15:00:00
QI-003651,PR-0010565,SKU-1210,P04,2025-11-22,182,9,Flash,E110,Fail,2025-02-01 07:00:00
QI-003652,PR-0010575,SKU-1147,P01,2025-11-23,113,3,Flash,E021,Fail,2025-01-31 20:00:00
QI-003653,PR-0010581,SKU-1203,P02,2025-11-23,199,5,Short Shot,E055,Fail,2025-02-01 14:00:00
QI-003654,PR-0010583,SKU-1084,P02,2025-11-23,146,6,Sink Marks,E051,Fail,2025-02-02 18:00:00
QI-003655,PR-0010587,SKU-1196,P02,2025-11-23,291,13,Short Shot,E048,Fail,2025-01-31 01:00:00
QI-003656,PR-0010589,SKU-1049,P02,2025-11-23,105,2,Short Shot,E044,Fail,2025-01-31 20:00:00
QI-003657,PR-0010591,SKU-1049,P03,2025-11-23,127,4,Short Shot,E079,Fail,2025-02-02 17:00:00
QI-003658,PR-0010596,SKU-1014,P03,2025-11-23,229,7,Sink Marks,E074,Fail,2025-01-31 22:00:00
QI-003659,PR-0010598,SKU-1063,P03,2025-11-23,119,3,Short Shot,E080,Fail,2025-02-01 11:00:00
QI-003660,PR-0010599,SKU-1119,P04,2025-11-23,225,7,Short Shot,E121,Fail,2025-02-01 21:00:00
QI-003661,PR-0010601,SKU-1112,P04,2025-11-23,178,8,Short Shot,E110,Fail,2025-02-01 08:00:00
QI-003662,PR-0010602,SKU-1112,P04,2025-11-23,210,7,Flash,E139,Fail,2025-02-01 11:00:00
QI-003663,PR-0010604,SKU-1273,P04,2025-11-23,181,2,Sink Marks,E137,Fail,2025-02-02 08:00:00
QI-003664,PR-0010605,SKU-1273,P04,2025-11-23,182,6,Sink Marks,E120,Fail,2025-01-31 05:00:00
QI-003665,PR-0010606,SKU-1014,P04,2025-11-23,186,9,Warping,E110,Fail,2025-02-01 09:00:00
QI-003666,PR-0010607,SKU-1014,P04,2025-11-23,186,8,Short Shot,E137,Fail,2025-02-02 10:00:00
QI-003667,PR-0010610,SKU-1112,P05,2025-11-23,321,15,Short Shot,E172,Fail,2025-01-31 20:00:00
QI-003668,PR-0010611,SKU-1070,P05,2025-11-23,137,7,Burn Marks,E172,Fail,2025-02-02 02:00:00
QI-003669,PR-0010612,SKU-1070,P05,2025-11-23,138,6,Short Shot,E164,Fail,2025-02-02 13:00:00
QI-003670,PR-0010615,SKU-1147,P01,2025-11-24,268,8,Flash,E029,Fail,2025-02-01 14:00:00
QI-003671,PR-0010617,SKU-1147,P01,2025-11-24,200,9,Sink Marks,E029,Fail,2025-02-01 12:00:00
QI-003672,PR-0010622,SKU-1175,P02,2025-11-24,142,6,Sink Marks,E054,Fail,2025-02-01 16:00:00
QI-003673,PR-0010624,SKU-1042,P02,2025-11-24,324,14,Warping,E062,Fail,2025-02-02 20:00:00
QI-003674,PR-0010625,SKU-1063,P02,2025-11-24,258,11,Sink Marks,E051,Fail,2025-02-02 20:00:00
QI-003675,PR-0010633,SKU-1210,P04,2025-11-24,204,7,Flash,E139,Fail,2025-02-02 12:00:00
QI-003676,PR-0010635,SKU-1252,P04,2025-11-24,159,5,Short Shot,E143,Fail,2025-01-31 08:00:00
QI-003677,PR-0010637,SKU-1168,P04,2025-11-24,272,9,Flash,E117,Fail,2025-02-01 22:00:00
QI-003678,PR-0010639,SKU-1196,P04,2025-11-24,292,12,Short Shot,E115,Fail,2025-02-02 09:00:00
QI-003679,PR-0010641,SKU-1098,P05,2025-11-24,190,6,Warping,E148,Fail,2025-02-01 15:00:00
QI-003680,PR-0010649,SKU-1182,P01,2025-11-25,266,8,Sink Marks,E017,Fail,2025-01-31 21:00:00
QI-003681,PR-0010650,SKU-1154,P01,2025-11-25,223,8,Flash,E013,Fail,2025-02-01 13:00:00
QI-003682,PR-0010651,SKU-1154,P01,2025-11-25,223,10,Burn Marks,E034,Fail,2025-02-02 03:00:00
QI-003683,PR-0010652,SKU-1112,P01,2025-11-25,188,6,Sink Marks,E029,Fail,2025-01-31 16:00:00
QI-003684,PR-0010653,SKU-1112,P01,2025-11-25,189,7,Warping,E029,Fail,2025-02-01 22:00:00
QI-003685,PR-0010655,SKU-1196,P02,2025-11-25,183,8,Short Shot,E048,Fail,2025-01-31 00:00:00
QI-003686,PR-0010656,SKU-1196,P02,2025-11-25,184,5,Flash,E044,Fail,2025-01-31 14:00:00
QI-003687,PR-0010658,SKU-1161,P02,2025-11-25,244,8,Short Shot,E068,Fail,2025-02-01 02:00:00
QI-003688,PR-0010664,SKU-1028,P03,2025-11-25,283,6,Cracking,E096,Fail,2025-02-01 15:00:00
QI-003689,PR-0010666,SKU-1049,P03,2025-11-25,164,6,Burn Marks,E088,Fail,2025-02-02 04:00:00
QI-003690,PR-0010667,SKU-1049,P03,2025-11-25,165,7,Flash,E076,Fail,2025-02-02 17:00:00
QI-003691,PR-0010668,SKU-1175,P03,2025-11-25,178,6,Warping,E080,Fail,2025-02-01 05:00:00
QI-003692,PR-0010673,SKU-1056,P04,2025-11-25,115,3,Sink Marks,E141,Fail,2025-01-31 16:00:00
QI-003693,PR-0010675,SKU-1168,P04,2025-11-25,303,9,Sink Marks,E119,Fail,2025-02-02 20:00:00
QI-003694,PR-0010678,SKU-1014,P05,2025-11-25,168,6,Short Shot,E172,Fail,2025-02-01 15:00:00
QI-003695,PR-0010681,SKU-1028,P05,2025-11-25,131,6,Flash,E153,Fail,2025-02-01 12:00:00
QI-003696,PR-0010682,SKU-1028,P05,2025-11-25,131,3,Flash,E171,Fail,2025-01-31 04:00:00
QI-003697,PR-0010685,SKU-1245,P01,2025-11-26,297,14,Short Shot,E029,Fail,2025-02-02 03:00:00
QI-003698,PR-0010686,SKU-1245,P01,2025-11-26,298,12,Warping,E026,Fail,2025-02-02 21:00:00
QI-003699,PR-0010699,SKU-1175,P03,2025-11-26,277,9,Cracking,E079,Fail,2025-02-02 15:00:00
QI-003700,PR-0010706,SKU-1084,P05,2025-11-26,321,11,Short Shot,E161,Fail,2025-01-31 12:00:00
QI-003701,PR-0010707,SKU-1161,P05,2025-11-26,217,9,Flash,E175,Fail,2025-02-01 21:00:00
QI-003702,PR-0010708,SKU-1133,P05,2025-11-26,236,8,Flash,E163,Fail,2025-02-01 07:00:00
QI-003703,PR-0010709,SKU-1217,P05,2025-11-26,216,5,Short Shot,E171,Fail,2025-02-01 14:00:00
QI-003704,PR-0010716,SKU-1203,P01,2025-11-27,182,4,Sink Marks,E001,Fail,2025-01-31 06:00:00
QI-003705,PR-0010719,SKU-1189,P01,2025-11-27,178,6,Warping,E010,Fail,2025-02-02 19:00:00
QI-003706,PR-0010721,SKU-1203,P02,2025-11-27,126,4,Short Shot,E048,Fail,2025-02-01 07:00:00
QI-003707,PR-0010724,SKU-1091,P02,2025-11-27,234,4,Flash,E044,Fail,2025-02-02 17:00:00
QI-003708,PR-0010725,SKU-1091,P02,2025-11-27,235,7,Flash,E043,Fail,2025-01-31 02:00:00
QI-003709,PR-0010726,SKU-1231,P03,2025-11-27,144,7,Flash,E084,Fail,2025-02-01 20:00:00
QI-003710,PR-0010727,SKU-1231,P03,2025-11-27,145,7,Warping,E103,Fail,2025-02-01 06:00:00
QI-003711,PR-0010728,SKU-1266,P03,2025-11-27,165,5,Short Shot,E077,Fail,2025-02-01 11:00:00
QI-003712,PR-0010729,SKU-1182,P03,2025-11-27,213,5,Warping,E096,Fail,2025-02-02 04:00:00
QI-003713,PR-0010736,SKU-1161,P04,2025-11-27,157,6,Flash,E132,Fail,2025-02-02 00:00:00
QI-003714,PR-0010737,SKU-1273,P04,2025-11-27,240,6,Flash,E142,Fail,2025-02-02 22:00:00
QI-003715,PR-0010744,SKU-1133,P05,2025-11-27,284,7,Short Shot,E152,Fail,2025-02-01 10:00:00
QI-003716,PR-0010747,SKU-1154,P01,2025-11-28,229,8,Warping,E034,Fail,2025-01-31 02:00:00
QI-003717,PR-0010751,SKU-1245,P01,2025-11-28,210,7,Flash,E021,Fail,2025-02-01 12:00:00
QI-003718,PR-0010752,SKU-1035,P01,2025-11-28,104,1,Flash,E028,Fail,2025-01-31 18:00:00
QI-003719,PR-0010753,SKU-1035,P01,2025-11-28,104,2,Sink Marks,E034,Fail,2025-02-01 07:00:00
QI-003720,PR-0010755,SKU-1147,P02,2025-11-28,235,8,Warping,E054,Fail,2025-02-01 20:00:00
QI-003721,PR-0010756,SKU-1161,P02,2025-11-28,267,10,Short Shot,E051,Fail,2025-02-02 15:00:00
QI-003722,PR-0010757,SKU-1161,P02,2025-11-28,268,3,Flash,E068,Fail,2025-02-02 03:00:00
QI-003723,PR-0010759,SKU-1280,P02,2025-11-28,110,3,Flash,E058,Fail,2025-01-31 06:00:00
QI-003724,PR-0010768,SKU-1042,P04,2025-11-28,261,9,Flash,E139,Fail,2025-02-02 03:00:00
QI-003725,PR-0010769,SKU-1042,P04,2025-11-28,262,10,Warping,E110,Fail,2025-01-31 18:00:00
QI-003726,PR-0010772,SKU-1238,P04,2025-11-28,263,9,Flash,E111,Fail,2025-02-02 01:00:00
QI-003727,PR-0010785,SKU-1063,P01,2025-11-29,230,11,Short Shot,E029,Fail,2025-02-02 21:00:00
QI-003728,PR-0010786,SKU-1203,P01,2025-11-29,139,6,Sink Marks,E029,Fail,2025-01-31 22:00:00
QI-003729,PR-0010787,SKU-1203,P01,2025-11-29,140,5,Warping,E014,Fail,2025-02-02 17:00:00
QI-003730,PR-0010788,SKU-1273,P01,2025-11-29,172,6,Sink Marks,E029,Fail,2025-01-31 12:00:00
QI-003731,PR-0010789,SKU-1273,P01,2025-11-29,173,4,Short Shot,E028,Fail,2025-02-01 04:00:00
QI-003732,PR-0010795,SKU-1035,P02,2025-11-29,173,6,Sink Marks,E044,Fail,2025-02-02 04:00:00
QI-003733,PR-0010796,SKU-1238,P02,2025-11-29,247,7,Sink Marks,E053,Fail,2025-02-01 06:00:00
QI-003734,PR-0010798,SKU-1070,P03,2025-11-29,190,6,Sink Marks,E103,Fail,2025-01-31 06:00:00
QI-003735,PR-0010800,SKU-1273,P03,2025-11-29,266,5,Warping,E088,Fail,2025-02-01 10:00:00
QI-003736,PR-0010813,SKU-1063,P05,2025-11-29,133,4,Short Shot,E162,Fail,2025-02-02 08:00:00
QI-003737,PR-0010815,SKU-1021,P05,2025-11-29,191,11,Short Shot,E148,Fail,2025-02-02 08:00:00
QI-003738,PR-0010816,SKU-1035,P05,2025-11-29,271,4,Flash,E174,Fail,2025-01-31 15:00:00
QI-003739,PR-0010818,SKU-1203,P05,2025-11-29,126,4,Cracking,E152,Fail,2025-02-01 07:00:00
QI-003740,PR-0010824,SKU-1238,P02,2025-11-30,279,6,Flash,E058,Fail,2025-02-02 16:00:00
QI-003741,PR-0010828,SKU-1224,P03,2025-11-30,211,8,Short Shot,E103,Fail,2025-02-01 08:00:00
QI-003742,PR-0010829,SKU-1049,P03,2025-11-30,311,12,Flash,E076,Fail,2025-02-01 01:00:00
QI-003743,PR-0010831,SKU-1140,P03,2025-11-30,124,6,Burn Marks,E084,Fail,2025-02-01 20:00:00
QI-003744,PR-0010833,SKU-1231,P03,2025-11-30,104,3,Flash,E108,Fail,2025-02-02 03:00:00
QI-003745,PR-0010835,SKU-1035,P04,2025-11-30,303,19,Sink Marks,E142,Fail,2025-02-01 19:00:00
QI-003746,PR-0010840,SKU-1070,P04,2025-11-30,237,7,Cracking,E115,Fail,2025-02-01 08:00:00
QI-003747,PR-0010841,SKU-1056,P05,2025-11-30,103,2,Warping,E162,Fail,2025-02-01 19:00:00
QI-003748,PR-0010846,SKU-1091,P05,2025-11-30,187,6,Sink Marks,E164,Fail,2025-02-02 08:00:00
QI-003749,PR-0010849,SKU-1021,P01,2025-12-01,322,9,Flash,E009,Fail,2025-02-01 21:00:00
QI-003750,PR-0010851,SKU-1133,P01,2025-12-01,263,5,Short Shot,E021,Fail,2025-02-01 11:00:00
QI-003751,PR-0010855,SKU-1014,P01,2025-12-01,105,2,Short Shot,E021,Fail,2025-02-02 21:00:00
QI-003752,PR-0010857,SKU-1063,P02,2025-12-01,163,4,Burn Marks,E048,Fail,2025-01-31 21:00:00
QI-003753,PR-0010862,SKU-1007,P03,2025-12-01,323,10,Burn Marks,E108,Fail,2025-02-01 12:00:00
QI-003754,PR-0010863,SKU-1189,P03,2025-12-01,310,9,Flash,E092,Fail,2025-01-31 19:00:00
QI-003755,PR-0010864,SKU-1056,P04,2025-12-01,320,14,Sink Marks,E143,Fail,2025-01-31 10:00:00
QI-003756,PR-0010866,SKU-1140,P04,2025-12-01,163,5,Warping,E110,Fail,2025-02-02 06:00:00
QI-003757,PR-0010869,SKU-1126,P05,2025-12-01,324,13,Sink Marks,E171,Fail,2025-01-31 14:00:00
QI-003758,PR-0010870,SKU-1189,P05,2025-12-01,198,7,Flash,E174,Fail,2025-01-31 21:00:00
QI-003759,PR-0010877,SKU-1175,P01,2025-12-02,304,10,Sink Marks,E020,Fail,2025-02-02 21:00:00
QI-003760,PR-0010881,SKU-1007,P02,2025-12-02,285,6,Short Shot,E043,Fail,2025-02-02 05:00:00
QI-003761,PR-0010882,SKU-1007,P02,2025-12-02,286,10,Burn Marks,E043,Fail,2025-02-02 00:00:00
QI-003762,PR-0010885,SKU-1007,P02,2025-12-02,170,5,Flash,E048,Fail,2025-02-01 10:00:00
QI-003763,PR-0010889,SKU-1147,P02,2025-12-02,256,6,Sink Marks,E048,Fail,2025-01-31 08:00:00
QI-003764,PR-0010890,SKU-1238,P02,2025-12-02,145,4,Flash,E040,Fail,2025-01-31 01:00:00
QI-003765,PR-0010892,SKU-1168,P03,2025-12-02,130,4,Sink Marks,E079,Fail,2025-01-31 14:00:00
QI-003766,PR-0010896,SKU-1196,P03,2025-12-02,105,3,Short Shot,E083,Fail,2025-02-02 20:00:00
QI-003767,PR-0010900,SKU-1210,P03,2025-12-02,287,9,Warping,E095,Fail,2025-01-31 21:00:00
QI-003768,PR-0010902,SKU-1084,P04,2025-12-02,268,8,Sink Marks,E117,Fail,2025-02-01 04:00:00
QI-003769,PR-0010903,SKU-1175,P04,2025-12-02,255,11,Warping,E136,Fail,2025-02-02 07:00:00
QI-003770,PR-0010908,SKU-1210,P04,2025-12-02,220,9,Short Shot,E130,Fail,2025-02-01 05:00:00
QI-003771,PR-0010912,SKU-1042,P05,2025-12-02,111,4,Flash,E159,Fail,2025-01-31 04:00:00
QI-003772,PR-0010917,SKU-1042,P05,2025-12-02,125,6,Sink Marks,E153,Fail,2025-02-01 22:00:00
QI-003773,PR-0010918,SKU-1056,P05,2025-12-02,222,9,Flash,E153,Fail,2025-02-01 21:00:00
QI-003774,PR-0010924,SKU-1203,P01,2025-12-03,256,10,Short Shot,E007,Fail,2025-02-02 03:00:00
QI-003775,PR-0010927,SKU-1189,P01,2025-12-03,293,15,Warping,E034,Fail,2025-01-31 16:00:00
QI-003776,PR-0010935,SKU-1007,P03,2025-12-03,116,4,Short Shot,E079,Fail,2025-01-31 16:00:00
QI-003777,PR-0010937,SKU-1245,P03,2025-12-03,321,13,Cracking,E074,Fail,2025-02-02 09:00:00
QI-003778,PR-0010938,SKU-1028,P03,2025-12-03,275,11,Flash,E096,Fail,2025-01-31 17:00:00
QI-003779,PR-0010940,SKU-1231,P04,2025-12-03,280,14,Sink Marks,E131,Fail,2025-02-01 12:00:00
QI-003780,PR-0010943,SKU-1077,P04,2025-12-03,325,13,Short Shot,E115,Fail,2025-02-01 20:00:00
QI-003781,PR-0010947,SKU-1021,P04,2025-12-03,277,9,Flash,E119,Fail,2025-02-02 08:00:00
QI-003782,PR-0010949,SKU-1252,P05,2025-12-03,130,6,Flash,E175,Fail,2025-02-02 22:00:00
QI-003783,PR-0010955,SKU-1161,P01,2025-12-04,292,7,Flash,E016,Fail,2025-02-02 22:00:00
QI-003784,PR-0010960,SKU-1042,P02,2025-12-04,165,7,Warping,E067,Fail,2025-02-02 16:00:00
QI-003785,PR-0010961,SKU-1105,P02,2025-12-04,279,8,Warping,E055,Fail,2025-01-31 00:00:00
QI-003786,PR-0010962,SKU-1147,P02,2025-12-04,144,2,Flash,E054,Fail,2025-02-01 21:00:00
QI-003787,PR-0010964,SKU-1049,P02,2025-12-04,274,6,Sink Marks,E043,Fail,2025-02-02 19:00:00
QI-003788,PR-0010973,SKU-1077,P04,2025-12-04,242,12,Sink Marks,E111,Fail,2025-02-01 15:00:00
QI-003789,PR-0010974,SKU-1077,P04,2025-12-04,242,14,Burn Marks,E130,Fail,2025-02-01 02:00:00
QI-003790,PR-0010977,SKU-1112,P04,2025-12-04,212,9,Flash,E143,Fail,2025-01-31 18:00:00
QI-003791,PR-0010981,SKU-1189,P05,2025-12-04,222,6,Warping,E174,Fail,2025-01-31 19:00:00
QI-003792,PR-0010982,SKU-1189,P05,2025-12-04,222,5,Flash,E152,Fail,2025-02-02 06:00:00
QI-003793,PR-0010985,SKU-1105,P05,2025-12-04,205,12,Sink Marks,E172,Fail,2025-02-01 05:00:00
QI-003794,PR-0010988,SKU-1126,P01,2025-12-05,240,6,Cracking,E001,Fail,2025-01-31 09:00:00
QI-003795,PR-0010993,SKU-1175,P02,2025-12-05,208,7,Flash,E062,Fail,2025-02-02 21:00:00
QI-003796,PR-0010994,SKU-1049,P02,2025-12-05,117,6,Short Shot,E051,Fail,2025-02-02 02:00:00
QI-003797,PR-0010995,SKU-1049,P02,2025-12-05,118,6,Burn Marks,E062,Fail,2025-02-02 02:00:00
QI-003798,PR-0010998,SKU-1056,P03,2025-12-05,176,3,Sink Marks,E104,Fail,2025-01-31 09:00:00
QI-003799,PR-0011001,SKU-1133,P03,2025-12-05,266,6,Short Shot,E086,Fail,2025-02-02 06:00:00
QI-003800,PR-0011004,SKU-1175,P04,2025-12-05,145,6,Warping,E130,Fail,2025-02-01 02:00:00
QI-003801,PR-0011011,SKU-1042,P04,2025-12-05,323,9,Short Shot,E143,Fail,2025-01-31 08:00:00
QI-003802,PR-0011012,SKU-1042,P04,2025-12-05,324,13,Warping,E137,Fail,2025-02-01 21:00:00
QI-003803,PR-0011018,SKU-1049,P05,2025-12-05,252,14,Short Shot,E172,Fail,2025-02-02 11:00:00
QI-003804,PR-0011019,SKU-1266,P01,2025-12-06,173,3,Short Shot,E029,Fail,2025-02-02 17:00:00
QI-003805,PR-0011020,SKU-1105,P01,2025-12-06,303,12,Flash,E034,Fail,2025-02-02 21:00:00
QI-003806,PR-0011021,SKU-1105,P01,2025-12-06,303,12,Warping,E034,Fail,2025-02-02 14:00:00
QI-003807,PR-0011022,SKU-1070,P01,2025-12-06,179,3,Sink Marks,E009,Fail,2025-01-31 20:00:00
QI-003808,PR-0011025,SKU-1175,P02,2025-12-06,310,7,Warping,E063,Fail,2025-01-31 18:00:00
QI-003809,PR-0011035,SKU-1140,P03,2025-12-06,179,7,Sink Marks,E077,Fail,2025-01-31 13:00:00
QI-003810,PR-0011036,SKU-1063,P03,2025-12-06,279,6,Sink Marks,E079,Fail,2025-02-01 20:00:00
QI-003811,PR-0011038,SKU-1203,P03,2025-12-06,109,2,Short Shot,E080,Fail,2025-01-31 02:00:00
QI-003812,PR-0011039,SKU-1203,P03,2025-12-06,110,3,Flash,E092,Fail,2025-02-02 09:00:00
QI-003813,PR-0011040,SKU-1245,P03,2025-12-06,241,6,Flash,E108,Fail,2025-01-31 14:00:00
QI-003814,PR-0011041,SKU-1245,P03,2025-12-06,242,8,Flash,E084,Fail,2025-02-01 09:00:00
QI-003815,PR-0011047,SKU-1126,P04,2025-12-06,215,6,Burn Marks,E132,Fail,2025-02-02 12:00:00
QI-003816,PR-0011049,SKU-1014,P04,2025-12-06,260,7,Flash,E137,Fail,2025-02-02 06:00:00
QI-003817,PR-0011051,SKU-1042,P04,2025-12-06,262,9,Flash,E141,Fail,2025-01-31 00:00:00
QI-003818,PR-0011055,SKU-1084,P05,2025-12-06,106,4,Warping,E172,Fail,2025-01-31 07:00:00
QI-003819,PR-0011058,SKU-1210,P05,2025-12-06,140,5,Flash,E172,Fail,2025-01-31 21:00:00
QI-003820,PR-0011059,SKU-1210,P05,2025-12-06,140,3,Burn Marks,E171,Fail,2025-02-02 02:00:00
QI-003821,PR-0011062,SKU-1007,P01,2025-12-07,280,12,Warping,E020,Fail,2025-02-02 03:00:00
QI-003822,PR-0011063,SKU-1098,P01,2025-12-07,143,4,Flash,E013,Fail,2025-02-01 16:00:00
QI-003823,PR-0011066,SKU-1168,P02,2025-12-07,211,5,Sink Marks,E040,Fail,2025-02-02 20:00:00
QI-003824,PR-0011067,SKU-1168,P02,2025-12-07,212,10,Cracking,E044,Fail,2025-02-01 22:00:00
QI-003825,PR-0011069,SKU-1056,P02,2025-12-07,269,14,Flash,E062,Fail,2025-02-02 03:00:00
QI-003826,PR-0011070,SKU-1231,P02,2025-12-07,279,14,Short Shot,E051,Fail,2025-02-02 00:00:00
QI-003827,PR-0011074,SKU-1049,P03,2025-12-07,286,15,Flash,E080,Fail,2025-01-31 16:00:00
QI-003828,PR-0011078,SKU-1147,P04,2025-12-07,100,3,Short Shot,E121,Fail,2025-02-01 18:00:00
QI-003829,PR-0011079,SKU-1112,P04,2025-12-07,319,15,Flash,E139,Fail,2025-02-02 18:00:00
QI-003830,PR-0011084,SKU-1154,P05,2025-12-07,146,5,Sink Marks,E164,Fail,2025-02-02 21:00:00
QI-003831,PR-0011091,SKU-1259,P01,2025-12-08,254,9,Short Shot,E007,Fail,2025-02-02 09:00:00
QI-003832,PR-0011094,SKU-1273,P02,2025-12-08,202,7,Warping,E067,Fail,2025-02-02 19:00:00
QI-003833,PR-0011097,SKU-1126,P02,2025-12-08,268,8,Sink Marks,E048,Fail,2025-01-31 19:00:00
QI-003834,PR-0011099,SKU-1028,P02,2025-12-08,111,4,Sink Marks,E062,Fail,2025-02-01 17:00:00
QI-003835,PR-0011109,SKU-1091,P04,2025-12-08,273,8,Cracking,E140,Fail,2025-02-02 16:00:00
QI-003836,PR-0011110,SKU-1231,P04,2025-12-08,115,3,Sink Marks,E115,Fail,2025-02-02 04:00:00
QI-003837,PR-0011111,SKU-1070,P04,2025-12-08,252,11,Sink Marks,E133,Fail,2025-02-01 05:00:00
QI-003838,PR-0011119,SKU-1091,P05,2025-12-08,191,6,Short Shot,E175,Fail,2025-01-31 03:00:00
QI-003839,PR-0011120,SKU-1231,P05,2025-12-08,104,2,Burn Marks,E152,Fail,2025-02-02 18:00:00
QI-003840,PR-0011121,SKU-1252,P01,2025-12-09,171,7,Sink Marks,E010,Fail,2025-01-31 17:00:00
QI-003841,PR-0011122,SKU-1252,P01,2025-12-09,172,5,Burn Marks,E007,Fail,2025-01-31 11:00:00
QI-003842,PR-0011123,SKU-1273,P01,2025-12-09,147,3,Flash,E029,Fail,2025-02-01 03:00:00
QI-003843,PR-0011126,SKU-1056,P01,2025-12-09,286,6,Burn Marks,E006,Fail,2025-02-02 20:00:00
QI-003844,PR-0011128,SKU-1112,P02,2025-12-09,208,4,Sink Marks,E048,Fail,2025-02-01 07:00:00
QI-003845,PR-0011131,SKU-1126,P02,2025-12-09,195,8,Short Shot,E067,Fail,2025-02-02 19:00:00
QI-003846,PR-0011133,SKU-1028,P02,2025-12-09,259,13,Sink Marks,E054,Fail,2025-01-31 02:00:00
QI-003847,PR-0011134,SKU-1028,P02,2025-12-09,260,11,Short Shot,E054,Fail,2025-02-01 19:00:00
QI-003848,PR-0011135,SKU-1280,P03,2025-12-09,220,9,Warping,E084,Fail,2025-02-01 20:00:00
QI-003849,PR-0011136,SKU-1049,P03,2025-12-09,282,12,Flash,E074,Fail,2025-02-02 03:00:00
QI-003850,PR-0011138,SKU-1161,P03,2025-12-09,103,2,Short Shot,E104,Fail,2025-01-31 07:00:00
QI-003851,PR-0011139,SKU-1161,P03,2025-12-09,104,3,Sink Marks,E083,Fail,2025-02-01 22:00:00
QI-003852,PR-0011146,SKU-1266,P04,2025-12-09,111,3,Short Shot,E137,Fail,2025-02-01 10:00:00
QI-003853,PR-0011148,SKU-1210,P04,2025-12-09,175,4,Flash,E130,Fail,2025-02-01 01:00:00
QI-003854,PR-0011151,SKU-1007,P04,2025-12-09,170,8,Flash,E137,Fail,2025-02-01 00:00:00
QI-003855,PR-0011153,SKU-1175,P05,2025-12-09,283,10,Short Shot,E161,Fail,2025-02-01 18:00:00
QI-003856,PR-0011157,SKU-1028,P05,2025-12-09,309,8,Short Shot,E171,Fail,2025-02-01 08:00:00
QI-003857,PR-0011159,SKU-1273,P05,2025-12-09,311,8,Short Shot,E162,Fail,2025-01-31 18:00:00
QI-003858,PR-0011161,SKU-1042,P01,2025-12-10,117,2,Short Shot,E001,Fail,2025-02-01 12:00:00
QI-003859,PR-0011163,SKU-1105,P01,2025-12-10,164,4,Flash,E017,Fail,2025-02-01 01:00:00
QI-003860,PR-0011164,SKU-1168,P01,2025-12-10,307,13,Flash,E033,Fail,2025-01-31 20:00:00
QI-003861,PR-0011169,SKU-1203,P02,2025-12-10,193,8,Warping,E051,Fail,2025-02-02 22:00:00
QI-003862,PR-0011180,SKU-1077,P05,2025-12-10,244,9,Sink Marks,E175,Fail,2025-01-31 14:00:00
QI-003863,PR-0011185,SKU-1266,P01,2025-12-11,298,14,Cracking,E009,Fail,2025-02-01 03:00:00
QI-003864,PR-0011187,SKU-1196,P01,2025-12-11,138,4,Flash,E020,Fail,2025-02-02 16:00:00
QI-003865,PR-0011189,SKU-1091,P01,2025-12-11,299,10,Flash,E033,Fail,2025-02-02 21:00:00
QI-003866,PR-0011191,SKU-1238,P02,2025-12-11,294,8,Short Shot,E040,Fail,2025-02-02 10:00:00
QI-003867,PR-0011197,SKU-1231,P02,2025-12-11,283,12,Warping,E044,Fail,2025-02-01 22:00:00
QI-003868,PR-0011201,SKU-1063,P03,2025-12-11,141,2,Flash,E074,Fail,2025-02-01 06:00:00
QI-003869,PR-0011202,SKU-1280,P04,2025-12-11,287,12,Short Shot,E121,Fail,2025-02-01 00:00:00
QI-003870,PR-0011203,SKU-1280,P04,2025-12-11,288,12,Sink Marks,E130,Fail,2025-02-01 18:00:00
QI-003871,PR-0011208,SKU-1147,P04,2025-12-11,293,10,Warping,E133,Fail,2025-02-02 11:00:00
QI-003872,PR-0011209,SKU-1147,P04,2025-12-11,293,9,Warping,E137,Fail,2025-02-02 09:00:00
QI-003873,PR-0011210,SKU-1007,P05,2025-12-11,132,4,Flash,E147,Fail,2025-02-02 15:00:00
QI-003874,PR-0011211,SKU-1007,P05,2025-12-11,132,4,Burn Marks,E148,Fail,2025-02-01 03:00:00
QI-003875,PR-0011217,SKU-1007,P05,2025-12-11,138,5,Short Shot,E171,Fail,2025-01-31 00:00:00
QI-003876,PR-0011219,SKU-1161,P01,2025-12-12,145,2,Short Shot,E021,Fail,2025-02-01 19:00:00
QI-003877,PR-0011224,SKU-1231,P01,2025-12-12,132,2,Flash,E033,Fail,2025-02-02 07:00:00
QI-003878,PR-0011225,SKU-1147,P01,2025-12-12,248,5,Sink Marks,E015,Fail,2025-01-31 16:00:00
QI-003879,PR-0011226,SKU-1147,P01,2025-12-12,248,8,Short Shot,E013,Fail,2025-01-31 16:00:00
QI-003880,PR-0011228,SKU-1084,P02,2025-12-12,113,4,Short Shot,E068,Fail,2025-02-02 17:00:00
QI-003881,PR-0011234,SKU-1147,P02,2025-12-12,185,6,Short Shot,E062,Fail,2025-01-31 12:00:00
QI-003882,PR-0011241,SKU-1140,P04,2025-12-12,134,3,Flash,E136,Fail,2025-01-31 06:00:00
QI-003883,PR-0011245,SKU-1042,P05,2025-12-12,248,8,Short Shot,E162,Fail,2025-01-31 00:00:00
QI-003884,PR-0011246,SKU-1049,P05,2025-12-12,254,8,Flash,E148,Fail,2025-02-01 05:00:00
QI-003885,PR-0011247,SKU-1049,P05,2025-12-12,255,4,Cracking,E162,Fail,2025-02-02 03:00:00
QI-003886,PR-0011248,SKU-1175,P05,2025-12-12,224,11,Burn Marks,E172,Fail,2025-01-31 02:00:00
QI-003887,PR-0011250,SKU-1168,P01,2025-12-13,185,5,Warping,E020,Fail,2025-01-31 17:00:00
QI-003888,PR-0011251,SKU-1168,P01,2025-12-13,186,5,Flash,E007,Fail,2025-02-01 17:00:00
QI-003889,PR-0011254,SKU-1259,P01,2025-12-13,215,6,Sink Marks,E026,Fail,2025-02-02 00:00:00
QI-003890,PR-0011255,SKU-1259,P01,2025-12-13,215,6,Flash,E029,Fail,2025-01-31 17:00:00
QI-003891,PR-0011256,SKU-1112,P01,2025-12-13,167,6,Sink Marks,E029,Fail,2025-02-01 16:00:00
QI-003892,PR-0011260,SKU-1028,P02,2025-12-13,211,9,Cracking,E054,Fail,2025-01-31 09:00:00
QI-003893,PR-0011262,SKU-1084,P02,2025-12-13,310,6,Short Shot,E068,Fail,2025-02-01 12:00:00
QI-003894,PR-0011263,SKU-1259,P02,2025-12-13,262,8,Sink Marks,E044,Fail,2025-02-02 06:00:00
QI-003895,PR-0011264,SKU-1259,P02,2025-12-13,263,13,Sink Marks,E048,Fail,2025-01-31 06:00:00
QI-003896,PR-0011265,SKU-1049,P02,2025-12-13,189,5,Sink Marks,E056,Fail,2025-01-31 15:00:00
QI-003897,PR-0011267,SKU-1035,P03,2025-12-13,222,11,Sink Marks,E103,Fail,2025-02-02 22:00:00
QI-003898,PR-0011268,SKU-1119,P03,2025-12-13,154,4,Sink Marks,E077,Fail,2025-01-31 17:00:00
QI-003899,PR-0011270,SKU-1105,P03,2025-12-13,281,12,Sink Marks,E080,Fail,2025-02-02 12:00:00
QI-003900,PR-0011272,SKU-1112,P03,2025-12-13,116,2,Flash,E080,Fail,2025-02-02 03:00:00
QI-003901,PR-0011273,SKU-1049,P04,2025-12-13,168,5,Warping,E117,Fail,2025-01-31 13:00:00
QI-003902,PR-0011274,SKU-1049,P04,2025-12-13,168,5,Flash,E110,Fail,2025-02-01 04:00:00
QI-003903,PR-0011279,SKU-1231,P04,2025-12-13,164,8,Flash,E125,Fail,2025-01-31 20:00:00
QI-003904,PR-0011283,SKU-1140,P05,2025-12-13,258,8,Short Shot,E172,Fail,2025-01-31 07:00:00
QI-003905,PR-0011284,SKU-1231,P05,2025-12-13,263,10,Flash,E147,Fail,2025-01-31 20:00:00
QI-003906,PR-0011287,SKU-1147,P01,2025-12-14,102,3,Flash,E007,Fail,2025-01-31 08:00:00
QI-003907,PR-0011288,SKU-1147,P01,2025-12-14,102,1,Flash,E028,Fail,2025-01-31 04:00:00
QI-003908,PR-0011289,SKU-1042,P01,2025-12-14,242,8,Flash,E021,Fail,2025-02-01 12:00:00
QI-003909,PR-0011292,SKU-1224,P01,2025-12-14,241,9,Burn Marks,E015,Fail,2025-01-31 21:00:00
QI-003910,PR-0011294,SKU-1014,P02,2025-12-14,172,8,Short Shot,E067,Fail,2025-01-31 07:00:00
QI-003911,PR-0011295,SKU-1014,P02,2025-12-14,173,6,Sink Marks,E062,Fail,2025-02-02 12:00:00
QI-003912,PR-0011297,SKU-1140,P02,2025-12-14,192,5,Flash,E054,Fail,2025-02-02 00:00:00
QI-003913,PR-0011298,SKU-1203,P02,2025-12-14,114,3,Burn Marks,E068,Fail,2025-02-02 14:00:00
QI-003914,PR-0011301,SKU-1252,P02,2025-12-14,148,5,Cracking,E054,Fail,2025-02-01 19:00:00
QI-003915,PR-0011302,SKU-1252,P02,2025-12-14,149,3,Sink Marks,E048,Fail,2025-02-02 12:00:00
QI-003916,PR-0011305,SKU-1070,P03,2025-12-14,188,4,Cracking,E080,Fail,2025-02-01 19:00:00
QI-003917,PR-0011306,SKU-1035,P03,2025-12-14,147,6,Flash,E076,Fail,2025-02-02 01:00:00
QI-003918,PR-0011309,SKU-1217,P03,2025-12-14,125,3,Short Shot,E104,Fail,2025-02-02 12:00:00
QI-003919,PR-0011314,SKU-1210,P04,2025-12-14,146,5,Short Shot,E133,Fail,2025-02-02 12:00:00
QI-003920,PR-0011316,SKU-1231,P04,2025-12-14,208,4,Cracking,E117,Fail,2025-02-01 13:00:00
QI-003921,PR-0011317,SKU-1217,P04,2025-12-14,203,7,Short Shot,E134,Fail,2025-02-02 18:00:00
QI-003922,PR-0011319,SKU-1133,P05,2025-12-14,309,11,Sink Marks,E172,Fail,2025-02-02 22:00:00
QI-003923,PR-0011326,SKU-1266,P05,2025-12-14,136,6,Short Shot,E152,Fail,2025-02-01 16:00:00
QI-003924,PR-0011328,SKU-1224,P01,2025-12-15,116,2,Sink Marks,E009,Fail,2025-02-02 00:00:00
QI-003925,PR-0011329,SKU-1035,P01,2025-12-15,231,7,Warping,E009,Fail,2025-02-02 06:00:00
QI-003926,PR-0011336,SKU-1245,P02,2025-12-15,306,10,Flash,E063,Fail,2025-02-02 10:00:00
QI-003927,PR-0011337,SKU-1217,P02,2025-12-15,228,5,Cracking,E040,Fail,2025-01-31 22:00:00
QI-003928,PR-0011340,SKU-1231,P02,2025-12-15,221,9,Short Shot,E067,Fail,2025-02-01 20:00:00
QI-003929,PR-0011342,SKU-1266,P03,2025-12-15,126,5,Sink Marks,E074,Fail,2025-01-31 18:00:00
QI-003930,PR-0011350,SKU-1112,P04,2025-12-15,243,6,Short Shot,E130,Fail,2025-02-01 20:00:00
QI-003931,PR-0011352,SKU-1077,P04,2025-12-15,165,7,Flash,E119,Fail,2025-01-31 05:00:00
QI-003932,PR-0011354,SKU-1049,P04,2025-12-15,204,10,Sink Marks,E141,Fail,2025-02-02 04:00:00
QI-003933,PR-0011358,SKU-1238,P05,2025-12-15,135,4,Short Shot,E175,Fail,2025-01-31 11:00:00
QI-003934,PR-0011359,SKU-1070,P05,2025-12-15,294,8,Flash,E171,Fail,2025-02-02 18:00:00
QI-003935,PR-0011365,SKU-1098,P01,2025-12-16,286,6,Warping,E030,Fail,2025-02-02 07:00:00
QI-003936,PR-0011366,SKU-1098,P01,2025-12-16,287,6,Flash,E033,Fail,2025-01-31 05:00:00
QI-003937,PR-0011370,SKU-1070,P01,2025-12-16,144,6,Sink Marks,E029,Fail,2025-01-31 10:00:00
QI-003938,PR-0011375,SKU-1077,P01,2025-12-16,106,1,Sink Marks,E034,Fail,2025-01-31 01:00:00
QI-003939,PR-0011379,SKU-1105,P02,2025-12-16,179,7,Warping,E051,Fail,2025-02-02 17:00:00
QI-003940,PR-0011386,SKU-1175,P04,2025-12-16,313,10,Short Shot,E143,Fail,2025-02-02 11:00:00
QI-003941,PR-0011388,SKU-1077,P04,2025-12-16,134,4,Short Shot,E110,Fail,2025-01-31 14:00:00
QI-003942,PR-0011389,SKU-1231,P05,2025-12-16,255,7,Warping,E152,Fail,2025-02-01 20:00:00
QI-003943,PR-0011390,SKU-1007,P05,2025-12-16,305,11,Short Shot,E172,Fail,2025-02-02 21:00:00
QI-003944,PR-0011393,SKU-1028,P05,2025-12-16,104,2,Warping,E152,Fail,2025-02-01 00:00:00
QI-003945,PR-0011397,SKU-1007,P01,2025-12-17,141,4,Sink Marks,E033,Fail,2025-02-01 14:00:00
QI-003946,PR-0011402,SKU-1175,P02,2025-12-17,140,3,Flash,E063,Fail,2025-02-02 08:00:00
QI-003947,PR-0011410,SKU-1133,P03,2025-12-17,106,2,Sink Marks,E108,Fail,2025-01-31 20:00:00
QI-003948,PR-0011411,SKU-1063,P03,2025-12-17,239,8,Flash,E074,Fail,2025-02-01 02:00:00
QI-003949,PR-0011413,SKU-1077,P04,2025-12-17,150,4,Flash,E125,Fail,2025-02-01 10:00:00
QI-003950,PR-0011416,SKU-1245,P04,2025-12-17,212,7,Warping,E110,Fail,2025-02-01 00:00:00
QI-003951,PR-0011417,SKU-1245,P04,2025-12-17,213,7,Short Shot,E131,Fail,2025-02-01 15:00:00
QI-003952,PR-0011419,SKU-1105,P04,2025-12-17,108,4,Flash,E141,Fail,2025-02-02 22:00:00
QI-003953,PR-0011421,SKU-1245,P05,2025-12-17,140,6,Short Shot,E147,Fail,2025-01-31 11:00:00
QI-003954,PR-0011422,SKU-1245,P05,2025-12-17,140,6,Burn Marks,E163,Fail,2025-02-02 07:00:00
QI-003955,PR-0011423,SKU-1161,P05,2025-12-17,212,6,Flash,E152,Fail,2025-02-02 00:00:00
QI-003956,PR-0011424,SKU-1196,P05,2025-12-17,191,9,Short Shot,E171,Fail,2025-01-31 01:00:00
QI-003957,PR-0011428,SKU-1042,P05,2025-12-17,176,9,Flash,E172,Fail,2025-02-01 21:00:00
QI-003958,PR-0011431,SKU-1084,P01,2025-12-18,197,8,Warping,E029,Fail,2025-02-01 06:00:00
QI-003959,PR-0011443,SKU-1077,P03,2025-12-18,163,3,Short Shot,E096,Fail,2025-01-31 08:00:00
QI-003960,PR-0011444,SKU-1077,P03,2025-12-18,163,4,Short Shot,E084,Fail,2025-01-31 04:00:00
QI-003961,PR-0011445,SKU-1182,P03,2025-12-18,305,10,Flash,E080,Fail,2025-02-02 14:00:00
QI-003962,PR-0011448,SKU-1210,P03,2025-12-18,281,14,Burn Marks,E084,Fail,2025-01-31 11:00:00
QI-003963,PR-0011451,SKU-1070,P04,2025-12-18,211,7,Burn Marks,E111,Fail,2025-02-02 06:00:00
QI-003964,PR-0011454,SKU-1105,P04,2025-12-18,131,3,Flash,E140,Fail,2025-02-01 19:00:00
QI-003965,PR-0011462,SKU-1231,P05,2025-12-18,117,4,Flash,E179,Fail,2025-02-02 09:00:00
QI-003966,PR-0011464,SKU-1175,P05,2025-12-18,162,6,Warping,E153,Fail,2025-01-31 03:00:00
QI-003967,PR-0011467,SKU-1028,P01,2025-12-19,150,3,Flash,E029,Fail,2025-02-02 16:00:00
QI-003968,PR-0011469,SKU-1238,P01,2025-12-19,206,10,Short Shot,E001,Fail,2025-02-01 06:00:00
QI-003969,PR-0011472,SKU-1105,P02,2025-12-19,110,3,Flash,E048,Fail,2025-02-01 15:00:00
QI-003970,PR-0011477,SKU-1021,P02,2025-12-19,112,3,Flash,E067,Fail,2025-02-01 17:00:00
QI-003971,PR-0011478,SKU-1091,P03,2025-12-19,305,9,Burn Marks,E096,Fail,2025-02-02 09:00:00
QI-003972,PR-0011479,SKU-1070,P03,2025-12-19,110,3,Flash,E079,Fail,2025-01-31 01:00:00
QI-003973,PR-0011480,SKU-1070,P03,2025-12-19,110,2,Flash,E074,Fail,2025-01-31 14:00:00
QI-003974,PR-0011481,SKU-1007,P03,2025-12-19,112,4,Warping,E103,Fail,2025-02-02 17:00:00
QI-003975,PR-0011482,SKU-1196,P03,2025-12-19,108,4,Warping,E108,Fail,2025-02-02 22:00:00
QI-003976,PR-0011483,SKU-1266,P03,2025-12-19,258,8,Warping,E103,Fail,2025-02-01 16:00:00
QI-003977,PR-0011484,SKU-1161,P04,2025-12-19,304,12,Flash,E131,Fail,2025-01-31 18:00:00
QI-003978,PR-0011488,SKU-1140,P04,2025-12-19,104,6,Short Shot,E131,Fail,2025-02-02 03:00:00
QI-003979,PR-0011490,SKU-1238,P05,2025-12-19,299,10,Flash,E153,Fail,2025-02-02 13:00:00
QI-003980,PR-0011491,SKU-1238,P05,2025-12-19,299,13,Warping,E175,Fail,2025-01-31 11:00:00
QI-003981,PR-0011492,SKU-1154,P05,2025-12-19,282,7,Sink Marks,E171,Fail,2025-02-01 06:00:00
QI-003982,PR-0011495,SKU-1273,P05,2025-12-19,225,6,Sink Marks,E179,Fail,2025-01-31 07:00:00
QI-003983,PR-0011499,SKU-1098,P01,2025-12-20,204,8,Flash,E029,Fail,2025-02-02 11:00:00
QI-003984,PR-0011500,SKU-1007,P01,2025-12-20,254,6,Cracking,E007,Fail,2025-02-01 11:00:00
QI-003985,PR-0011501,SKU-1238,P01,2025-12-20,136,3,Short Shot,E001,Fail,2025-02-01 18:00:00
QI-003986,PR-0011502,SKU-1238,P01,2025-12-20,137,6,Warping,E029,Fail,2025-02-01 22:00:00
QI-003987,PR-0011503,SKU-1224,P02,2025-12-20,291,7,Short Shot,E067,Fail,2025-02-01 07:00:00
QI-003988,PR-0011511,SKU-1203,P03,2025-12-20,148,3,Short Shot,E077,Fail,2025-01-31 20:00:00
QI-003989,PR-0011512,SKU-1245,P03,2025-12-20,284,11,Flash,E098,Fail,2025-02-02 12:00:00
QI-003990,PR-0011514,SKU-1007,P03,2025-12-20,220,6,Flash,E083,Fail,2025-02-01 15:00:00
QI-003991,PR-0011515,SKU-1112,P04,2025-12-20,106,3,Warping,E122,Fail,2025-01-31 11:00:00
QI-003992,PR-0011521,SKU-1063,P04,2025-12-20,101,4,Short Shot,E133,Fail,2025-02-02 20:00:00
QI-003993,PR-0011525,SKU-1231,P05,2025-12-20,108,2,Sink Marks,E162,Fail,2025-01-31 18:00:00
QI-003994,PR-0011528,SKU-1231,P05,2025-12-20,215,8,Flash,E152,Fail,2025-02-02 17:00:00
QI-003995,PR-0011532,SKU-1189,P01,2025-12-21,270,9,Flash,E013,Fail,2025-01-31 09:00:00
QI-003996,PR-0011543,SKU-1126,P03,2025-12-21,108,4,Short Shot,E088,Fail,2025-02-02 19:00:00
QI-003997,PR-0011548,SKU-1161,P03,2025-12-21,206,5,Flash,E108,Fail,2025-02-02 01:00:00
QI-003998,PR-0011556,SKU-1224,P04,2025-12-21,173,9,Flash,E112,Fail,2025-02-02 12:00:00
QI-003999,PR-0011560,SKU-1063,P05,2025-12-21,271,11,Flash,E153,Fail,2025-02-02 05:00:00
QI-004000,PR-0011562,SKU-1049,P05,2025-12-21,292,9,Warping,E171,Fail,2025-01-31 13:00:00
QI-004001,PR-0011564,SKU-1252,P01,2025-12-22,279,9,Flash,E007,Fail,2025-01-31 14:00:00
QI-004002,PR-0011572,SKU-1154,P02,2025-12-22,136,3,Short Shot,E051,Fail,2025-02-01 15:00:00
QI-004003,PR-0011573,SKU-1203,P02,2025-12-22,263,12,Flash,E048,Fail,2025-02-02 01:00:00
QI-004004,PR-0011577,SKU-1147,P03,2025-12-22,209,9,Sink Marks,E074,Fail,2025-02-01 07:00:00
QI-004005,PR-0011578,SKU-1175,P03,2025-12-22,264,9,Warping,E080,Fail,2025-02-01 10:00:00
QI-004006,PR-0011582,SKU-1210,P04,2025-12-22,250,11,Flash,E143,Fail,2025-02-02 14:00:00
QI-004007,PR-0011583,SKU-1217,P04,2025-12-22,153,3,Sink Marks,E141,Fail,2025-02-02 15:00:00
QI-004008,PR-0011586,SKU-1014,P04,2025-12-22,241,8,Short Shot,E132,Fail,2025-01-31 16:00:00
QI-004009,PR-0011587,SKU-1049,P04,2025-12-22,122,3,Flash,E137,Fail,2025-01-31 10:00:00
QI-004010,PR-0011596,SKU-1175,P05,2025-12-22,148,6,Warping,E153,Fail,2025-01-31 08:00:00
QI-004011,PR-0011601,SKU-1224,P01,2025-12-23,269,8,Sink Marks,E034,Fail,2025-02-02 06:00:00
QI-004012,PR-0011603,SKU-1224,P01,2025-12-23,195,7,Flash,E034,Fail,2025-02-01 03:00:00
QI-004013,PR-0011607,SKU-1217,P02,2025-12-23,136,5,Sink Marks,E048,Fail,2025-01-31 04:00:00
QI-004014,PR-0011610,SKU-1119,P03,2025-12-23,287,8,Burn Marks,E103,Fail,2025-02-02 06:00:00
QI-004015,PR-0011611,SKU-1133,P03,2025-12-23,211,3,Flash,E088,Fail,2025-02-02 17:00:00
QI-004016,PR-0011613,SKU-1126,P04,2025-12-23,149,6,Cracking,E142,Fail,2025-02-02 08:00:00
QI-004017,PR-0011614,SKU-1035,P04,2025-12-23,323,15,Short Shot,E132,Fail,2025-02-01 11:00:00
QI-004018,PR-0011615,SKU-1245,P04,2025-12-23,117,4,Warping,E119,Fail,2025-01-31 20:00:00
QI-004019,PR-0011619,SKU-1077,P05,2025-12-23,292,9,Flash,E174,Fail,2025-02-02 14:00:00
QI-004020,PR-0011620,SKU-1077,P05,2025-12-23,292,11,Short Shot,E174,Fail,2025-01-31 05:00:00
QI-004021,PR-0011621,SKU-1035,P05,2025-12-23,321,15,Sink Marks,E179,Fail,2025-02-02 00:00:00
QI-004022,PR-0011623,SKU-1175,P01,2025-12-24,240,8,Warping,E013,Fail,2025-01-31 13:00:00
QI-004023,PR-0011626,SKU-1084,P01,2025-12-24,157,5,Burn Marks,E029,Fail,2025-01-31 00:00:00
QI-004024,PR-0011629,SKU-1168,P02,2025-12-24,190,6,Short Shot,E063,Fail,2025-02-01 07:00:00
QI-004025,PR-0011631,SKU-1049,P02,2025-12-24,194,8,Short Shot,E048,Fail,2025-02-01 02:00:00
QI-004026,PR-0011635,SKU-1021,P02,2025-12-24,311,8,Warping,E048,Fail,2025-02-01 17:00:00
QI-004027,PR-0011636,SKU-1182,P02,2025-12-24,276,8,Warping,E051,Fail,2025-02-01 08:00:00
QI-004028,PR-0011638,SKU-1007,P03,2025-12-24,209,9,Cracking,E074,Fail,2025-01-31 22:00:00
QI-004029,PR-0011643,SKU-1049,P04,2025-12-24,217,10,Warping,E141,Fail,2025-02-02 21:00:00
QI-004030,PR-0011644,SKU-1049,P04,2025-12-24,218,8,Flash,E120,Fail,2025-02-01 06:00:00
QI-004031,PR-0011648,SKU-1014,P05,2025-12-24,136,3,Burn Marks,E152,Fail,2025-01-31 14:00:00
QI-004032,PR-0011652,SKU-1182,P05,2025-12-24,302,12,Burn Marks,E159,Fail,2025-02-01 19:00:00
QI-004033,PR-0011654,SKU-1280,P01,2025-12-25,195,3,Burn Marks,E017,Fail,2025-01-31 09:00:00
QI-004034,PR-0011656,SKU-1189,P01,2025-12-25,226,4,Short Shot,E001,Fail,2025-02-02 14:00:00
QI-004035,PR-0011657,SKU-1133,P01,2025-12-25,252,7,Flash,E015,Fail,2025-02-01 17:00:00
QI-004036,PR-0011658,SKU-1021,P01,2025-12-25,283,6,Flash,E010,Fail,2025-01-31 09:00:00
QI-004037,PR-0011661,SKU-1280,P02,2025-12-25,307,10,Sink Marks,E054,Fail,2025-02-02 17:00:00
QI-004038,PR-0011668,SKU-1224,P03,2025-12-25,228,8,Flash,E074,Fail,2025-02-02 05:00:00
QI-004039,PR-0011669,SKU-1266,P03,2025-12-25,199,5,Short Shot,E095,Fail,2025-02-01 06:00:00
QI-004040,PR-0011671,SKU-1070,P03,2025-12-25,193,6,Sink Marks,E078,Fail,2025-02-02 00:00:00
QI-004041,PR-0011678,SKU-1063,P04,2025-12-25,234,8,Cracking,E132,Fail,2025-02-02 09:00:00
QI-004042,PR-0011680,SKU-1161,P04,2025-12-25,130,4,Flash,E130,Fail,2025-02-01 17:00:00
QI-004043,PR-0011686,SKU-1259,P01,2025-12-26,253,6,Warping,E034,Fail,2025-01-31 13:00:00
QI-004044,PR-0011690,SKU-1091,P01,2025-12-26,238,7,Warping,E028,Fail,2025-02-02 19:00:00
QI-004045,PR-0011691,SKU-1105,P01,2025-12-26,200,9,Sink Marks,E029,Fail,2025-02-01 10:00:00
QI-004046,PR-0011694,SKU-1259,P02,2025-12-26,241,7,Sink Marks,E067,Fail,2025-01-31 15:00:00
QI-004047,PR-0011695,SKU-1231,P02,2025-12-26,261,10,Sink Marks,E062,Fail,2025-02-01 19:00:00
QI-004048,PR-0011697,SKU-1182,P02,2025-12-26,266,10,Flash,E055,Fail,2025-02-01 10:00:00
QI-004049,PR-0011701,SKU-1098,P03,2025-12-26,152,5,Flash,E079,Fail,2025-02-01 04:00:00
QI-004050,PR-0011704,SKU-1280,P04,2025-12-26,249,11,Short Shot,E141,Fail,2025-02-02 10:00:00
QI-004051,PR-0011707,SKU-1098,P04,2025-12-26,240,12,Short Shot,E131,Fail,2025-02-02 03:00:00
QI-004052,PR-0011708,SKU-1098,P04,2025-12-26,240,10,Short Shot,E132,Fail,2025-01-31 05:00:00
QI-004053,PR-0011709,SKU-1014,P05,2025-12-26,165,3,Short Shot,E152,Fail,2025-01-31 22:00:00
QI-004054,PR-0011713,SKU-1280,P05,2025-12-26,133,3,Burn Marks,E155,Fail,2025-01-31 20:00:00
QI-004055,PR-0011714,SKU-1280,P05,2025-12-26,133,5,Warping,E155,Fail,2025-02-02 09:00:00
QI-004056,PR-0011719,SKU-1210,P01,2025-12-27,314,13,Burn Marks,E029,Fail,2025-02-02 16:00:00
QI-004057,PR-0011723,SKU-1175,P02,2025-12-27,317,12,Short Shot,E067,Fail,2025-02-01 21:00:00
QI-004058,PR-0011724,SKU-1147,P02,2025-12-27,248,11,Short Shot,E040,Fail,2025-01-31 17:00:00
QI-004059,PR-0011729,SKU-1189,P03,2025-12-27,125,7,Flash,E074,Fail,2025-02-01 09:00:00
QI-004060,PR-0011731,SKU-1259,P03,2025-12-27,227,9,Short Shot,E092,Fail,2025-01-31 18:00:00
QI-004061,PR-0011732,SKU-1259,P03,2025-12-27,228,6,Warping,E104,Fail,2025-02-02 10:00:00
QI-004062,PR-0011735,SKU-1189,P03,2025-12-27,182,7,Warping,E077,Fail,2025-01-31 18:00:00
QI-004063,PR-0011736,SKU-1070,P03,2025-12-27,156,5,Warping,E096,Fail,2025-01-31 20:00:00
QI-004064,PR-0011745,SKU-1231,P04,2025-12-27,279,8,Flash,E137,Fail,2025-02-01 00:00:00
QI-004065,PR-0011757,SKU-1224,P02,2025-12-28,211,10,Sink Marks,E048,Fail,2025-01-31 05:00:00
QI-004066,PR-0011758,SKU-1224,P02,2025-12-28,211,9,Short Shot,E053,Fail,2025-02-01 06:00:00
QI-004067,PR-0011761,SKU-1014,P02,2025-12-28,207,4,Warping,E053,Fail,2025-02-02 01:00:00
QI-004068,PR-0011771,SKU-1063,P04,2025-12-28,144,5,Sink Marks,E140,Fail,2025-02-01 19:00:00
QI-004069,PR-0011772,SKU-1238,P05,2025-12-28,115,3,Sink Marks,E172,Fail,2025-02-01 00:00:00
QI-004070,PR-0011773,SKU-1238,P05,2025-12-28,115,2,Cracking,E152,Fail,2025-02-02 10:00:00
QI-004071,PR-0011777,SKU-1021,P05,2025-12-28,177,4,Short Shot,E175,Fail,2025-01-31 07:00:00
QI-004072,PR-0011778,SKU-1021,P05,2025-12-28,178,7,Short Shot,E174,Fail,2025-02-02 10:00:00
QI-004073,PR-0011780,SKU-1154,P01,2025-12-29,307,16,Cracking,E030,Fail,2025-02-02 01:00:00
QI-004074,PR-0011784,SKU-1105,P01,2025-12-29,237,9,Flash,E020,Fail,2025-02-02 17:00:00
QI-004075,PR-0011787,SKU-1140,P01,2025-12-29,100,2,Short Shot,E010,Fail,2025-02-01 15:00:00
QI-004076,PR-0011788,SKU-1140,P01,2025-12-29,101,2,Flash,E033,Fail,2025-02-01 18:00:00
QI-004077,PR-0011792,SKU-1084,P02,2025-12-29,234,9,Flash,E062,Fail,2025-02-01 01:00:00
QI-004078,PR-0011793,SKU-1280,P02,2025-12-29,207,11,Flash,E051,Fail,2025-02-01 19:00:00
QI-004079,PR-0011796,SKU-1042,P03,2025-12-29,197,3,Short Shot,E103,Fail,2025-02-01 17:00:00
QI-004080,PR-0011799,SKU-1028,P03,2025-12-29,152,3,Sink Marks,E078,Fail,2025-01-31 09:00:00
QI-004081,PR-0011804,SKU-1217,P04,2025-12-29,297,13,Short Shot,E125,Fail,2025-02-01 03:00:00
QI-004082,PR-0011806,SKU-1196,P04,2025-12-29,244,13,Flash,E110,Fail,2025-01-31 07:00:00
QI-004083,PR-0011808,SKU-1112,P04,2025-12-29,208,12,Sink Marks,E111,Fail,2025-02-01 21:00:00
QI-004084,PR-0011811,SKU-1070,P05,2025-12-29,195,8,Sink Marks,E148,Fail,2025-01-31 19:00:00
QI-004085,PR-0011814,SKU-1077,P05,2025-12-29,190,5,Sink Marks,E161,Fail,2025-02-02 16:00:00
QI-004086,PR-0011815,SKU-1175,P01,2025-12-30,175,4,Burn Marks,E010,Fail,2025-01-31 05:00:00
QI-004087,PR-0011817,SKU-1238,P01,2025-12-30,297,8,Flash,E006,Fail,2025-01-31 04:00:00
QI-004088,PR-0011818,SKU-1056,P01,2025-12-30,173,4,Flash,E017,Fail,2025-02-01 15:00:00
QI-004089,PR-0011819,SKU-1091,P01,2025-12-30,169,3,Sink Marks,E016,Fail,2025-02-02 20:00:00
QI-004090,PR-0011821,SKU-1238,P01,2025-12-30,302,9,Short Shot,E034,Fail,2025-01-31 16:00:00
QI-004091,PR-0011823,SKU-1035,P01,2025-12-30,269,5,Warping,E015,Fail,2025-02-02 19:00:00
QI-004092,PR-0011824,SKU-1035,P01,2025-12-30,269,10,Short Shot,E029,Fail,2025-02-01 14:00:00
QI-004093,PR-0011826,SKU-1014,P02,2025-12-30,236,6,Burn Marks,E048,Fail,2025-02-01 11:00:00
QI-004094,PR-0011829,SKU-1028,P03,2025-12-30,300,12,Flash,E076,Fail,2025-02-01 03:00:00
QI-004095,PR-0011831,SKU-1182,P03,2025-12-30,287,9,Warping,E078,Fail,2025-02-02 06:00:00
QI-004096,PR-0011832,SKU-1182,P03,2025-12-30,288,5,Cracking,E098,Fail,2025-01-31 15:00:00
QI-004097,PR-0011835,SKU-1161,P03,2025-12-30,153,7,Flash,E079,Fail,2025-01-31 13:00:00
QI-004098,PR-0011837,SKU-1112,P04,2025-12-30,181,8,Sink Marks,E137,Fail,2025-02-01 01:00:00
QI-004099,PR-0011841,SKU-1042,P04,2025-12-30,319,11,Burn Marks,E133,Fail,2025-01-31 12:00:00
QI-004100,PR-0011842,SKU-1042,P04,2025-12-30,320,10,Short Shot,E141,Fail,2025-02-02 17:00:00
QI-004101,PR-0011845,SKU-1196,P05,2025-12-30,190,4,Short Shot,E148,Fail,2025-02-02 17:00:00
QI-004102,PR-0011857,SKU-1077,P02,2025-12-31,193,4,Cracking,E040,Fail,2025-01-31 06:00:00
QI-004103,PR-0011860,SKU-1203,P03,2025-12-31,241,9,Cracking,E092,Fail,2025-01-31 18:00:00
QI-004104,PR-0011863,SKU-1042,P04,2025-12-31,180,7,Short Shot,E115,Fail,2025-02-02 12:00:00
QI-004105,PR-0011864,SKU-1042,P04,2025-12-31,180,6,Short Shot,E120,Fail,2025-01-31 20:00:00
QI-004106,PR-0011866,SKU-1007,P04,2025-12-31,127,5,Short Shot,E133,Fail,2025-01-31 11:00:00
QI-004107,PR-0011870,SKU-1147,P05,2025-12-31,191,7,Flash,E164,Fail,2025-02-02 01:00:00
QI-004108,PR-0011871,SKU-1084,P01,2026-01-01,123,2,Short Shot,E016,Fail,2025-01-31 20:00:00
QI-004109,PR-0011873,SKU-1196,P01,2026-01-01,281,8,Short Shot,E009,Fail,2025-02-01 06:00:00
QI-004110,PR-0011874,SKU-1021,P01,2026-01-01,188,4,Flash,E009,Fail,2025-01-31 12:00:00
QI-004111,PR-0011875,SKU-1021,P01,2026-01-01,189,5,Flash,E029,Fail,2025-02-01 03:00:00
QI-004112,PR-0011878,SKU-1217,P01,2026-01-01,255,7,Short Shot,E006,Fail,2025-01-31 19:00:00
QI-004113,PR-0011881,SKU-1070,P02,2026-01-01,307,9,Short Shot,E058,Fail,2025-02-01 20:00:00
QI-004114,PR-0011882,SKU-1070,P02,2026-01-01,307,13,Flash,E051,Fail,2025-01-31 13:00:00
QI-004115,PR-0011883,SKU-1098,P02,2026-01-01,282,10,Cracking,E054,Fail,2025-02-01 13:00:00
QI-004116,PR-0011885,SKU-1028,P02,2026-01-01,101,2,Burn Marks,E044,Fail,2025-02-01 20:00:00
QI-004117,PR-0011886,SKU-1028,P02,2026-01-01,101,1,Flash,E040,Fail,2025-01-31 16:00:00
QI-004118,PR-0011888,SKU-1007,P03,2026-01-01,251,12,Warping,E076,Fail,2025-02-01 16:00:00
QI-004119,PR-0011890,SKU-1007,P03,2026-01-01,194,6,Warping,E080,Fail,2025-02-01 22:00:00
QI-004120,PR-0011893,SKU-1098,P04,2026-01-01,184,5,Short Shot,E134,Fail,2025-01-31 05:00:00
QI-004121,PR-0011897,SKU-1231,P05,2026-01-01,166,6,Short Shot,E153,Fail,2025-02-01 01:00:00
QI-004122,PR-0011901,SKU-1070,P01,2026-01-02,219,5,Sink Marks,E029,Fail,2025-02-01 02:00:00
QI-004123,PR-0011907,SKU-1168,P02,2026-01-02,280,8,Sink Marks,E044,Fail,2025-01-31 20:00:00
QI-004124,PR-0011910,SKU-1014,P03,2026-01-02,272,10,Flash,E084,Fail,2025-01-31 01:00:00
QI-004125,PR-0011915,SKU-1273,P03,2026-01-02,118,6,Short Shot,E080,Fail,2025-02-01 15:00:00
QI-004126,PR-0011919,SKU-1245,P04,2026-01-02,315,10,Short Shot,E139,Fail,2025-02-02 14:00:00
QI-004127,PR-0011920,SKU-1175,P04,2026-01-02,116,3,Cracking,E134,Fail,2025-02-02 14:00:00
QI-004128,PR-0011926,SKU-1175,P05,2026-01-02,305,15,Sink Marks,E155,Fail,2025-02-02 09:00:00
QI-004129,PR-0011929,SKU-1196,P05,2026-01-02,183,5,Flash,E171,Fail,2025-01-31 04:00:00
QI-004130,PR-0011933,SKU-1238,P01,2026-01-03,266,9,Cracking,E028,Fail,2025-02-02 00:00:00
QI-004131,PR-0011934,SKU-1238,P01,2026-01-03,267,10,Flash,E030,Fail,2025-02-01 08:00:00
QI-004132,PR-0011936,SKU-1175,P02,2026-01-03,177,6,Sink Marks,E056,Fail,2025-01-31 12:00:00
QI-004133,PR-0011937,SKU-1175,P02,2026-01-03,177,7,Short Shot,E063,Fail,2025-02-01 15:00:00
QI-004134,PR-0011939,SKU-1203,P02,2026-01-03,178,6,Cracking,E040,Fail,2025-01-31 20:00:00
QI-004135,PR-0011943,SKU-1014,P03,2026-01-03,107,3,Flash,E086,Fail,2025-02-02 21:00:00
QI-004136,PR-0011950,SKU-1119,P04,2026-01-03,137,2,Short Shot,E131,Fail,2025-01-31 00:00:00
QI-004137,PR-0011951,SKU-1119,P04,2026-01-03,138,4,Burn Marks,E112,Fail,2025-01-31 06:00:00
QI-004138,PR-0011952,SKU-1203,P04,2026-01-03,242,11,Short Shot,E141,Fail,2025-02-02 17:00:00
QI-004139,PR-0011954,SKU-1252,P04,2026-01-03,216,10,Burn Marks,E133,Fail,2025-02-02 05:00:00
QI-004140,PR-0011960,SKU-1105,P01,2026-01-04,199,4,Sink Marks,E014,Fail,2025-02-02 22:00:00
QI-004141,PR-0011962,SKU-1203,P01,2026-01-04,134,3,Short Shot,E021,Fail,2025-02-02 01:00:00
QI-004142,PR-0011963,SKU-1168,P01,2026-01-04,139,5,Short Shot,E013,Fail,2025-02-02 15:00:00
QI-004143,PR-0011965,SKU-1280,P01,2026-01-04,201,9,Cracking,E026,Fail,2025-02-01 06:00:00
QI-004144,PR-0011969,SKU-1105,P02,2026-01-04,254,8,Warping,E044,Fail,2025-01-31 06:00:00
QI-004145,PR-0011970,SKU-1105,P02,2026-01-04,255,7,Warping,E053,Fail,2025-02-01 21:00:00
QI-004146,PR-0011971,SKU-1161,P02,2026-01-04,259,6,Short Shot,E067,Fail,2025-01-31 19:00:00
QI-004147,PR-0011972,SKU-1161,P02,2026-01-04,259,7,Warping,E058,Fail,2025-01-31 18:00:00
QI-004148,PR-0011973,SKU-1070,P02,2026-01-04,199,6,Flash,E048,Fail,2025-01-31 04:00:00
QI-004149,PR-0011974,SKU-1063,P02,2026-01-04,225,9,Short Shot,E054,Fail,2025-01-31 22:00:00
QI-004150,PR-0011978,SKU-1140,P03,2026-01-04,156,3,Warping,E079,Fail,2025-02-02 04:00:00
QI-004151,PR-0011979,SKU-1077,P03,2026-01-04,293,10,Short Shot,E083,Fail,2025-02-02 10:00:00
QI-004152,PR-0011984,SKU-1021,P04,2026-01-04,133,2,Short Shot,E117,Fail,2025-02-02 12:00:00
QI-004153,PR-0011988,SKU-1161,P04,2026-01-04,127,4,Sink Marks,E119,Fail,2025-02-02 15:00:00
QI-004154,PR-0011990,SKU-1210,P05,2026-01-04,112,4,Flash,E148,Fail,2025-01-31 04:00:00
QI-004155,PR-0011992,SKU-1105,P05,2026-01-04,266,8,Cracking,E171,Fail,2025-01-31 12:00:00
QI-004156,PR-0011994,SKU-1189,P05,2026-01-04,275,12,Sink Marks,E148,Fail,2025-01-31 07:00:00
QI-004157,PR-0011996,SKU-1007,P01,2026-01-05,305,6,Flash,E009,Fail,2025-02-02 18:00:00
QI-004158,PR-0011999,SKU-1070,P01,2026-01-05,130,5,Sink Marks,E007,Fail,2025-02-01 21:00:00
QI-004159,PR-0012000,SKU-1070,P01,2026-01-05,130,1,Flash,E021,Fail,2025-02-01 22:00:00
QI-004160,PR-0012005,SKU-1140,P02,2026-01-05,239,8,Warping,E067,Fail,2025-02-01 02:00:00
QI-004161,PR-0012006,SKU-1168,P02,2026-01-05,215,14,Warping,E051,Fail,2025-01-31 10:00:00
QI-004162,PR-0012007,SKU-1168,P02,2026-01-05,215,6,Burn Marks,E068,Fail,2025-02-01 11:00:00
QI-004163,PR-0012011,SKU-1217,P02,2026-01-05,118,3,Short Shot,E044,Fail,2025-02-01 02:00:00
QI-004164,PR-0012016,SKU-1105,P03,2026-01-05,313,16,Flash,E092,Fail,2025-02-02 16:00:00
QI-004165,PR-0012018,SKU-1182,P04,2026-01-05,255,6,Burn Marks,E110,Fail,2025-02-02 08:00:00
QI-004166,PR-0012020,SKU-1231,P04,2026-01-05,216,5,Sink Marks,E119,Fail,2025-02-02 22:00:00
QI-004167,PR-0012022,SKU-1238,P04,2026-01-05,126,6,Flash,E139,Fail,2025-01-31 17:00:00
QI-004168,PR-0012026,SKU-1273,P05,2026-01-05,319,12,Sink Marks,E153,Fail,2025-02-01 10:00:00
QI-004169,PR-0012029,SKU-1035,P01,2026-01-06,154,2,Warping,E020,Fail,2025-02-02 19:00:00
QI-004170,PR-0012032,SKU-1007,P01,2026-01-06,196,5,Warping,E015,Fail,2025-02-01 06:00:00
QI-004171,PR-0012033,SKU-1007,P01,2026-01-06,196,9,Flash,E007,Fail,2025-02-02 19:00:00
QI-004172,PR-0012034,SKU-1252,P01,2026-01-06,300,6,Sink Marks,E034,Fail,2025-02-02 01:00:00
QI-004173,PR-0012038,SKU-1154,P02,2026-01-06,257,9,Burn Marks,E067,Fail,2025-01-31 17:00:00
QI-004174,PR-0012044,SKU-1273,P03,2026-01-06,187,4,Short Shot,E080,Fail,2025-02-01 19:00:00
QI-004175,PR-0012050,SKU-1133,P03,2026-01-06,310,7,Short Shot,E088,Fail,2025-02-02 04:00:00
QI-004176,PR-0012062,SKU-1140,P05,2026-01-06,169,10,Flash,E153,Fail,2025-02-02 17:00:00
QI-004177,PR-0012064,SKU-1224,P05,2026-01-06,130,3,Sink Marks,E147,Fail,2025-02-02 11:00:00
QI-004178,PR-0012067,SKU-1098,P01,2026-01-07,184,3,Flash,E030,Fail,2025-01-31 20:00:00
QI-004179,PR-0012072,SKU-1119,P02,2026-01-07,198,6,Warping,E051,Fail,2025-01-31 13:00:00
QI-004180,PR-0012076,SKU-1105,P02,2026-01-07,185,5,Short Shot,E048,Fail,2025-01-31 01:00:00
QI-004181,PR-0012078,SKU-1035,P03,2026-01-07,208,3,Short Shot,E074,Fail,2025-02-02 16:00:00
QI-004182,PR-0012081,SKU-1035,P04,2026-01-07,291,5,Warping,E136,Fail,2025-02-01 15:00:00
QI-004183,PR-0012085,SKU-1119,P04,2026-01-07,178,5,Burn Marks,E112,Fail,2025-02-02 13:00:00
QI-004184,PR-0012087,SKU-1231,P04,2026-01-07,202,7,Flash,E136,Fail,2025-02-01 04:00:00
QI-004185,PR-0012088,SKU-1035,P04,2026-01-07,252,9,Sink Marks,E142,Fail,2025-02-02 03:00:00
QI-004186,PR-0012089,SKU-1028,P04,2026-01-07,102,3,Warping,E133,Fail,2025-02-01 12:00:00
QI-004187,PR-0012090,SKU-1042,P05,2026-01-07,163,8,Sink Marks,E148,Fail,2025-02-02 16:00:00
QI-004188,PR-0012093,SKU-1273,P05,2026-01-07,293,10,Short Shot,E153,Fail,2025-02-01 05:00:00
QI-004189,PR-0012094,SKU-1273,P01,2026-01-08,191,6,Warping,E013,Fail,2025-01-31 12:00:00
QI-004190,PR-0012096,SKU-1007,P01,2026-01-08,281,6,Short Shot,E013,Fail,2025-01-31 04:00:00
QI-004191,PR-0012097,SKU-1175,P01,2026-01-08,244,9,Flash,E028,Fail,2025-02-02 07:00:00
QI-004192,PR-0012099,SKU-1182,P01,2026-01-08,305,8,Flash,E007,Fail,2025-01-31 22:00:00
QI-004193,PR-0012104,SKU-1042,P02,2026-01-08,210,13,Flash,E056,Fail,2025-02-02 04:00:00
QI-004194,PR-0012105,SKU-1014,P02,2026-01-08,294,9,Flash,E040,Fail,2025-02-01 02:00:00
QI-004195,PR-0012106,SKU-1189,P03,2026-01-08,191,5,Cracking,E080,Fail,2025-02-01 04:00:00
QI-004196,PR-0012108,SKU-1049,P03,2026-01-08,126,6,Short Shot,E077,Fail,2025-01-31 14:00:00
QI-004197,PR-0012114,SKU-1133,P04,2026-01-08,164,7,Sink Marks,E120,Fail,2025-02-01 19:00:00
QI-004198,PR-0012115,SKU-1028,P04,2026-01-08,248,13,Sink Marks,E142,Fail,2025-02-02 22:00:00
QI-004199,PR-0012116,SKU-1210,P04,2026-01-08,208,5,Cracking,E131,Fail,2025-01-31 13:00:00
QI-004200,PR-0012118,SKU-1231,P04,2026-01-08,258,5,Warping,E132,Fail,2025-02-02 03:00:00
QI-004201,PR-0012119,SKU-1231,P04,2026-01-08,259,8,Flash,E121,Fail,2025-01-31 11:00:00
QI-004202,PR-0012122,SKU-1189,P05,2026-01-08,100,5,Flash,E172,Fail,2025-02-02 00:00:00
QI-004203,PR-0012123,SKU-1091,P05,2026-01-08,253,11,Sink Marks,E164,Fail,2025-01-31 09:00:00
QI-004204,PR-0012124,SKU-1140,P05,2026-01-08,304,9,Flash,E152,Fail,2025-01-31 01:00:00
QI-004205,PR-0012126,SKU-1070,P05,2026-01-08,302,9,Flash,E155,Fail,2025-02-02 09:00:00
QI-004206,PR-0012129,SKU-1014,P01,2026-01-09,126,1,Sink Marks,E017,Fail,2025-01-31 19:00:00
QI-004207,PR-0012136,SKU-1175,P02,2026-01-09,169,5,Short Shot,E053,Fail,2025-02-02 11:00:00
QI-004208,PR-0012137,SKU-1175,P02,2026-01-09,169,11,Sink Marks,E054,Fail,2025-02-01 17:00:00
QI-004209,PR-0012141,SKU-1042,P02,2026-01-09,324,14,Short Shot,E044,Fail,2025-02-01 00:00:00
QI-004210,PR-0012142,SKU-1105,P02,2026-01-09,151,6,Flash,E044,Fail,2025-01-31 16:00:00
QI-004211,PR-0012143,SKU-1105,P02,2026-01-09,152,4,Flash,E055,Fail,2025-02-01 14:00:00
QI-004212,PR-0012146,SKU-1119,P03,2026-01-09,242,6,Burn Marks,E086,Fail,2025-02-02 16:00:00
QI-004213,PR-0012149,SKU-1112,P04,2026-01-09,297,8,Flash,E115,Fail,2025-01-31 19:00:00
QI-004214,PR-0012152,SKU-1028,P04,2026-01-09,162,7,Burn Marks,E142,Fail,2025-01-31 07:00:00
QI-004215,PR-0012153,SKU-1056,P04,2026-01-09,144,9,Warping,E122,Fail,2025-02-01 21:00:00
QI-004216,PR-0012154,SKU-1056,P04,2026-01-09,145,8,Short Shot,E133,Fail,2025-02-01 01:00:00
QI-004217,PR-0012162,SKU-1161,P05,2026-01-09,170,6,Cracking,E148,Fail,2025-01-31 18:00:00
QI-004218,PR-0012169,SKU-1119,P01,2026-01-10,233,7,Cracking,E029,Fail,2025-02-02 11:00:00
QI-004219,PR-0012172,SKU-1056,P01,2026-01-10,248,8,Cracking,E014,Fail,2025-02-01 01:00:00
QI-004220,PR-0012173,SKU-1056,P01,2026-01-10,248,5,Sink Marks,E001,Fail,2025-02-01 20:00:00
QI-004221,PR-0012174,SKU-1021,P01,2026-01-10,198,11,Cracking,E029,Fail,2025-02-01 17:00:00
QI-004222,PR-0012175,SKU-1028,P02,2026-01-10,258,13,Cracking,E044,Fail,2025-01-31 04:00:00
QI-004223,PR-0012177,SKU-1084,P02,2026-01-10,304,7,Short Shot,E058,Fail,2025-02-02 09:00:00
QI-004224,PR-0012178,SKU-1056,P02,2026-01-10,242,11,Warping,E051,Fail,2025-02-02 13:00:00
QI-004225,PR-0012179,SKU-1063,P02,2026-01-10,282,14,Sink Marks,E040,Fail,2025-02-01 08:00:00
QI-004226,PR-0012180,SKU-1063,P02,2026-01-10,283,16,Sink Marks,E051,Fail,2025-01-31 07:00:00
QI-004227,PR-0012181,SKU-1266,P03,2026-01-10,156,7,Flash,E074,Fail,2025-02-02 12:00:00
QI-004228,PR-0012182,SKU-1266,P03,2026-01-10,157,5,Flash,E092,Fail,2025-02-02 16:00:00
QI-004229,PR-0012185,SKU-1245,P03,2026-01-10,202,11,Warping,E074,Fail,2025-02-01 13:00:00
QI-004230,PR-0012186,SKU-1245,P03,2026-01-10,203,6,Burn Marks,E080,Fail,2025-02-02 07:00:00
QI-004231,PR-0012190,SKU-1077,P04,2026-01-10,197,8,Short Shot,E139,Fail,2025-02-01 06:00:00
QI-004232,PR-0012192,SKU-1098,P04,2026-01-10,190,6,Short Shot,E111,Fail,2025-01-31 09:00:00
QI-004233,PR-0012193,SKU-1098,P04,2026-01-10,191,4,Cracking,E133,Fail,2025-02-02 21:00:00
QI-004234,PR-0012194,SKU-1007,P04,2026-01-10,281,14,Flash,E117,Fail,2025-01-31 03:00:00
QI-004235,PR-0012195,SKU-1007,P04,2026-01-10,281,9,Short Shot,E136,Fail,2025-02-01 01:00:00
QI-004236,PR-0012196,SKU-1007,P04,2026-01-10,159,5,Flash,E111,Fail,2025-01-31 00:00:00
QI-004237,PR-0012198,SKU-1224,P05,2026-01-10,316,10,Sink Marks,E174,Fail,2025-02-02 04:00:00
QI-004238,PR-0012202,SKU-1147,P01,2026-01-11,228,8,Warping,E020,Fail,2025-01-31 16:00:00
QI-004239,PR-0012205,SKU-1084,P01,2026-01-11,180,3,Short Shot,E006,Fail,2025-01-31 02:00:00
QI-004240,PR-0012207,SKU-1182,P01,2026-01-11,268,9,Sink Marks,E013,Fail,2025-02-02 05:00:00
QI-004241,PR-0012211,SKU-1028,P02,2026-01-11,160,8,Warping,E062,Fail,2025-01-31 02:00:00
QI-004242,PR-0012213,SKU-1070,P02,2026-01-11,176,7,Sink Marks,E054,Fail,2025-02-02 00:00:00
QI-004243,PR-0012214,SKU-1028,P02,2026-01-11,291,13,Sink Marks,E048,Fail,2025-02-02 16:00:00
QI-004244,PR-0012220,SKU-1119,P03,2026-01-11,214,9,Warping,E103,Fail,2025-02-01 17:00:00
QI-004245,PR-0012224,SKU-1112,P04,2026-01-11,273,8,Cracking,E115,Fail,2025-02-02 03:00:00
QI-004246,PR-0012225,SKU-1112,P04,2026-01-11,274,10,Cracking,E140,Fail,2025-02-01 03:00:00
QI-004247,PR-0012228,SKU-1252,P04,2026-01-11,309,13,Flash,E141,Fail,2025-02-01 21:00:00
QI-004248,PR-0012232,SKU-1112,P05,2026-01-11,115,2,Burn Marks,E159,Fail,2025-01-31 17:00:00
QI-004249,PR-0012233,SKU-1070,P05,2026-01-11,304,11,Short Shot,E175,Fail,2025-02-01 17:00:00
QI-004250,PR-0012234,SKU-1133,P05,2026-01-11,209,8,Short Shot,E172,Fail,2025-01-31 08:00:00
QI-004251,PR-0012237,SKU-1077,P01,2026-01-12,264,10,Short Shot,E034,Fail,2025-02-01 05:00:00
QI-004252,PR-0012239,SKU-1280,P01,2026-01-12,178,4,Warping,E010,Fail,2025-01-31 13:00:00
QI-004253,PR-0012246,SKU-1014,P02,2026-01-12,163,3,Sink Marks,E067,Fail,2025-01-31 13:00:00
QI-004254,PR-0012248,SKU-1203,P02,2026-01-12,269,12,Sink Marks,E044,Fail,2025-02-02 06:00:00
QI-004255,PR-0012250,SKU-1126,P02,2026-01-12,284,12,Flash,E062,Fail,2025-02-02 04:00:00
QI-004256,PR-0012251,SKU-1182,P02,2026-01-12,193,6,Burn Marks,E062,Fail,2025-01-31 08:00:00
QI-004257,PR-0012253,SKU-1126,P03,2026-01-12,168,6,Short Shot,E077,Fail,2025-02-01 14:00:00
QI-004258,PR-0012259,SKU-1168,P04,2026-01-12,178,8,Short Shot,E117,Fail,2025-01-31 01:00:00
QI-004259,PR-0012263,SKU-1126,P01,2026-01-13,171,4,Burn Marks,E016,Fail,2025-02-01 07:00:00
QI-004260,PR-0012264,SKU-1126,P01,2026-01-13,171,5,Flash,E017,Fail,2025-02-02 06:00:00
QI-004261,PR-0012269,SKU-1091,P01,2026-01-13,290,9,Short Shot,E015,Fail,2025-01-31 10:00:00
QI-004262,PR-0012270,SKU-1168,P02,2026-01-13,294,9,Warping,E063,Fail,2025-02-01 22:00:00
QI-004263,PR-0012273,SKU-1133,P02,2026-01-13,172,7,Cracking,E067,Fail,2025-02-01 17:00:00
QI-004264,PR-0012275,SKU-1056,P02,2026-01-13,206,5,Sink Marks,E040,Fail,2025-02-01 09:00:00
QI-004265,PR-0012279,SKU-1231,P03,2026-01-13,125,6,Sink Marks,E092,Fail,2025-02-01 22:00:00
QI-004266,PR-0012288,SKU-1168,P04,2026-01-13,202,7,Sink Marks,E119,Fail,2025-02-02 07:00:00
QI-004267,PR-0012294,SKU-1084,P05,2026-01-13,259,7,Short Shot,E164,Fail,2025-02-02 20:00:00
QI-004268,PR-0012295,SKU-1189,P05,2026-01-13,179,10,Sink Marks,E153,Fail,2025-02-02 05:00:00
QI-004269,PR-0012296,SKU-1189,P05,2026-01-13,179,6,Flash,E172,Fail,2025-01-31 04:00:00
QI-004270,PR-0012298,SKU-1070,P05,2026-01-13,286,15,Flash,E153,Fail,2025-01-31 06:00:00
QI-004271,PR-0012299,SKU-1070,P05,2026-01-13,255,9,Short Shot,E175,Fail,2025-02-02 00:00:00
QI-004272,PR-0012302,SKU-1049,P05,2026-01-13,213,9,Short Shot,E175,Fail,2025-01-31 07:00:00
QI-004273,PR-0012312,SKU-1168,P02,2026-01-14,227,7,Flash,E044,Fail,2025-02-01 12:00:00
QI-004274,PR-0012313,SKU-1154,P02,2026-01-14,275,9,Short Shot,E044,Fail,2025-01-31 21:00:00
QI-004275,PR-0012314,SKU-1112,P02,2026-01-14,248,5,Flash,E043,Fail,2025-01-31 16:00:00
QI-004276,PR-0012319,SKU-1042,P03,2026-01-14,193,4,Flash,E086,Fail,2025-02-02 06:00:00
QI-004277,PR-0012322,SKU-1021,P03,2026-01-14,196,6,Warping,E108,Fail,2025-02-02 16:00:00
QI-004278,PR-0012323,SKU-1021,P03,2026-01-14,197,6,Short Shot,E080,Fail,2025-01-31 12:00:00
QI-004279,PR-0012327,SKU-1021,P03,2026-01-14,182,6,Burn Marks,E074,Fail,2025-01-31 05:00:00
QI-004280,PR-0012330,SKU-1070,P04,2026-01-14,124,5,Flash,E122,Fail,2025-02-02 08:00:00
QI-004281,PR-0012331,SKU-1070,P04,2026-01-14,125,3,Short Shot,E110,Fail,2025-02-02 12:00:00
QI-004282,PR-0012335,SKU-1259,P04,2026-01-14,245,13,Burn Marks,E122,Fail,2025-01-31 06:00:00
QI-004283,PR-0012336,SKU-1070,P04,2026-01-14,184,4,Flash,E119,Fail,2025-02-01 20:00:00
QI-004284,PR-0012339,SKU-1105,P05,2026-01-14,237,6,Sink Marks,E148,Fail,2025-02-02 12:00:00
QI-004285,PR-0012341,SKU-1070,P01,2026-01-15,187,6,Short Shot,E010,Fail,2025-01-31 11:00:00
QI-004286,PR-0012342,SKU-1280,P01,2026-01-15,149,7,Short Shot,E014,Fail,2025-01-31 12:00:00
QI-004287,PR-0012352,SKU-1140,P02,2026-01-15,289,8,Flash,E056,Fail,2025-01-31 17:00:00
QI-004288,PR-0012358,SKU-1084,P04,2026-01-15,233,9,Sink Marks,E141,Fail,2025-02-02 20:00:00
QI-004289,PR-0012359,SKU-1084,P04,2026-01-15,233,5,Sink Marks,E132,Fail,2025-02-02 03:00:00
QI-004290,PR-0012360,SKU-1168,P04,2026-01-15,230,7,Warping,E131,Fail,2025-02-01 11:00:00
QI-004291,PR-0012362,SKU-1259,P04,2026-01-15,215,8,Burn Marks,E134,Fail,2025-02-01 16:00:00
QI-004292,PR-0012366,SKU-1014,P05,2026-01-15,296,5,Flash,E162,Fail,2025-02-02 05:00:00
QI-004293,PR-0012369,SKU-1161,P05,2026-01-15,284,13,Cracking,E159,Fail,2025-02-02 09:00:00
QI-004294,PR-0012371,SKU-1070,P01,2026-01-16,193,6,Cracking,E007,Fail,2025-01-31 06:00:00
QI-004295,PR-0012375,SKU-1245,P02,2026-01-16,316,11,Flash,E067,Fail,2025-02-01 21:00:00
QI-004296,PR-0012378,SKU-1091,P02,2026-01-16,244,8,Short Shot,E056,Fail,2025-02-01 03:00:00
QI-004297,PR-0012385,SKU-1014,P03,2026-01-16,272,8,Short Shot,E080,Fail,2025-01-31 00:00:00
QI-004298,PR-0012386,SKU-1161,P03,2026-01-16,192,6,Flash,E098,Fail,2025-02-02 22:00:00
QI-004299,PR-0012390,SKU-1252,P04,2026-01-16,215,7,Short Shot,E137,Fail,2025-02-02 03:00:00
QI-004300,PR-0012391,SKU-1161,P04,2026-01-16,181,7,Warping,E136,Fail,2025-02-01 19:00:00
QI-004301,PR-0012396,SKU-1133,P05,2026-01-16,227,8,Flash,E175,Fail,2025-02-02 21:00:00
QI-004302,PR-0012400,SKU-1077,P01,2026-01-17,248,8,Short Shot,E014,Fail,2025-01-31 04:00:00
QI-004303,PR-0012401,SKU-1154,P01,2026-01-17,267,7,Flash,E014,Fail,2025-02-02 10:00:00
QI-004304,PR-0012402,SKU-1126,P01,2026-01-17,273,12,Flash,E034,Fail,2025-02-01 03:00:00
QI-004305,PR-0012404,SKU-1021,P01,2026-01-17,132,5,Flash,E006,Fail,2025-02-01 12:00:00
QI-004306,PR-0012405,SKU-1021,P01,2026-01-17,133,3,Flash,E006,Fail,2025-02-02 11:00:00
QI-004307,PR-0012406,SKU-1147,P02,2026-01-17,300,6,Short Shot,E058,Fail,2025-02-01 11:00:00
QI-004308,PR-0012409,SKU-1182,P03,2026-01-17,309,10,Sink Marks,E077,Fail,2025-02-01 14:00:00
QI-004309,PR-0012412,SKU-1056,P03,2026-01-17,264,9,Flash,E074,Fail,2025-02-01 05:00:00
QI-004310,PR-0012413,SKU-1056,P03,2026-01-17,265,4,Flash,E095,Fail,2025-02-02 12:00:00
QI-004311,PR-0012414,SKU-1154,P03,2026-01-17,320,16,Sink Marks,E074,Fail,2025-02-02 22:00:00
QI-004312,PR-0012415,SKU-1084,P03,2026-01-17,152,6,Short Shot,E077,Fail,2025-02-01 09:00:00
QI-004313,PR-0012418,SKU-1063,P04,2026-01-17,267,9,Warping,E117,Fail,2025-01-31 08:00:00
QI-004314,PR-0012419,SKU-1126,P04,2026-01-17,268,14,Short Shot,E122,Fail,2025-01-31 09:00:00
QI-004315,PR-0012423,SKU-1021,P05,2026-01-17,229,9,Sink Marks,E148,Fail,2025-02-01 06:00:00
QI-004316,PR-0012427,SKU-1098,P01,2026-01-18,178,6,Sink Marks,E028,Fail,2025-02-02 16:00:00
QI-004317,PR-0012434,SKU-1224,P03,2026-01-18,322,13,Warping,E098,Fail,2025-02-02 12:00:00
QI-004318,PR-0012436,SKU-1273,P03,2026-01-18,321,9,Sink Marks,E088,Fail,2025-02-02 07:00:00
QI-004319,PR-0012438,SKU-1028,P03,2026-01-18,111,3,Short Shot,E086,Fail,2025-02-02 10:00:00
QI-004320,PR-0012439,SKU-1049,P03,2026-01-18,300,8,Warping,E074,Fail,2025-01-31 11:00:00
QI-004321,PR-0012443,SKU-1140,P04,2026-01-18,248,9,Cracking,E140,Fail,2025-02-02 15:00:00
QI-004322,PR-0012448,SKU-1210,P04,2026-01-18,168,9,Cracking,E142,Fail,2025-02-02 16:00:00
QI-004323,PR-0012452,SKU-1105,P05,2026-01-18,222,8,Cracking,E172,Fail,2025-01-31 05:00:00
QI-004324,PR-0012453,SKU-1168,P05,2026-01-18,144,5,Flash,E163,Fail,2025-02-02 02:00:00
QI-004325,PR-0012456,SKU-1252,P01,2026-01-19,115,4,Warping,E015,Fail,2025-02-02 03:00:00
QI-004326,PR-0012457,SKU-1119,P01,2026-01-19,135,4,Short Shot,E028,Fail,2025-02-01 21:00:00
QI-004327,PR-0012459,SKU-1182,P01,2026-01-19,305,7,Short Shot,E009,Fail,2025-01-31 15:00:00
QI-004328,PR-0012461,SKU-1119,P02,2026-01-19,102,4,Sink Marks,E067,Fail,2025-01-31 22:00:00
QI-004329,PR-0012462,SKU-1070,P02,2026-01-19,234,8,Short Shot,E055,Fail,2025-02-02 00:00:00
QI-004330,PR-0012463,SKU-1063,P02,2026-01-19,297,12,Short Shot,E051,Fail,2025-02-02 14:00:00
QI-004331,PR-0012464,SKU-1077,P02,2026-01-19,184,6,Short Shot,E054,Fail,2025-02-01 18:00:00
QI-004332,PR-0012476,SKU-1273,P04,2026-01-19,167,8,Sink Marks,E120,Fail,2025-02-01 15:00:00
QI-004333,PR-0012485,SKU-1133,P05,2026-01-19,193,7,Short Shot,E153,Fail,2025-01-31 21:00:00
QI-004334,PR-0012486,SKU-1035,P05,2026-01-19,274,8,Flash,E171,Fail,2025-02-02 06:00:00
QI-004335,PR-0012488,SKU-1063,P01,2026-01-20,151,4,Flash,E007,Fail,2025-02-01 00:00:00
QI-004336,PR-0012489,SKU-1042,P01,2026-01-20,164,4,Short Shot,E016,Fail,2025-01-31 17:00:00
QI-004337,PR-0012493,SKU-1273,P02,2026-01-20,234,5,Cracking,E044,Fail,2025-01-31 15:00:00
QI-004338,PR-0012495,SKU-1210,P02,2026-01-20,279,8,Warping,E048,Fail,2025-02-01 19:00:00
QI-004339,PR-0012496,SKU-1231,P02,2026-01-20,281,7,Burn Marks,E040,Fail,2025-02-02 04:00:00
QI-004340,PR-0012497,SKU-1077,P03,2026-01-20,187,8,Short Shot,E077,Fail,2025-02-01 21:00:00
QI-004341,PR-0012498,SKU-1224,P03,2026-01-20,316,12,Cracking,E084,Fail,2025-01-31 07:00:00
QI-004342,PR-0012502,SKU-1273,P04,2026-01-20,261,9,Flash,E136,Fail,2025-02-02 05:00:00
QI-004343,PR-0012506,SKU-1189,P04,2026-01-20,181,7,Short Shot,E119,Fail,2025-02-01 05:00:00
QI-004344,PR-0012507,SKU-1154,P04,2026-01-20,324,19,Short Shot,E122,Fail,2025-02-01 09:00:00
QI-004345,PR-0012510,SKU-1189,P05,2026-01-20,193,10,Warping,E175,Fail,2025-02-01 22:00:00
QI-004346,PR-0012511,SKU-1168,P05,2026-01-20,273,9,Sink Marks,E172,Fail,2025-02-01 09:00:00
QI-004347,PR-0012513,SKU-1063,P05,2026-01-20,131,4,Sink Marks,E162,Fail,2025-01-31 17:00:00
QI-004348,PR-0012515,SKU-1077,P05,2026-01-20,185,5,Short Shot,E171,Fail,2025-02-02 03:00:00
QI-004349,PR-0012521,SKU-1154,P02,2026-01-21,228,4,Sink Marks,E054,Fail,2025-02-02 13:00:00
QI-004350,PR-0012523,SKU-1147,P02,2026-01-21,246,8,Sink Marks,E068,Fail,2025-01-31 18:00:00
QI-004351,PR-0012524,SKU-1196,P02,2026-01-21,253,8,Warping,E043,Fail,2025-01-31 16:00:00
QI-004352,PR-0012528,SKU-1035,P03,2026-01-21,288,9,Flash,E098,Fail,2025-02-01 05:00:00
QI-004353,PR-0012530,SKU-1196,P04,2026-01-21,136,3,Sink Marks,E117,Fail,2025-02-01 13:00:00
QI-004354,PR-0012531,SKU-1196,P04,2026-01-21,136,2,Warping,E119,Fail,2025-02-02 20:00:00
QI-004355,PR-0012532,SKU-1203,P04,2026-01-21,254,12,Warping,E130,Fail,2025-02-02 14:00:00
QI-004356,PR-0012535,SKU-1266,P04,2026-01-21,240,7,Burn Marks,E110,Fail,2025-01-31 05:00:00
QI-004357,PR-0012544,SKU-1147,P05,2026-01-21,291,8,Warping,E171,Fail,2025-02-02 21:00:00
QI-004358,PR-0012546,SKU-1042,P05,2026-01-21,157,5,Short Shot,E174,Fail,2025-01-31 18:00:00
QI-004359,PR-0012549,SKU-1133,P05,2026-01-21,203,7,Burn Marks,E161,Fail,2025-02-01 09:00:00
QI-004360,PR-0012555,SKU-1007,P01,2026-01-22,191,5,Short Shot,E017,Fail,2025-02-01 14:00:00
QI-004361,PR-0012558,SKU-1154,P02,2026-01-22,137,5,Flash,E055,Fail,2025-02-02 01:00:00
QI-004362,PR-0012559,SKU-1154,P02,2026-01-22,138,6,Flash,E056,Fail,2025-01-31 05:00:00
QI-004363,PR-0012560,SKU-1056,P02,2026-01-22,249,7,Flash,E067,Fail,2025-02-02 19:00:00
QI-004364,PR-0012562,SKU-1035,P03,2026-01-22,164,4,Sink Marks,E088,Fail,2025-02-02 20:00:00
QI-004365,PR-0012563,SKU-1273,P03,2026-01-22,164,5,Cracking,E104,Fail,2025-01-31 11:00:00
QI-004366,PR-0012567,SKU-1035,P03,2026-01-22,273,10,Flash,E108,Fail,2025-02-01 14:00:00
QI-004367,PR-0012578,SKU-1147,P05,2026-01-22,181,7,Flash,E163,Fail,2025-02-01 10:00:00
QI-004368,PR-0012580,SKU-1021,P01,2026-01-23,130,3,Flash,E034,Fail,2025-02-01 07:00:00
QI-004369,PR-0012583,SKU-1119,P01,2026-01-23,237,5,Flash,E017,Fail,2025-02-02 08:00:00
QI-004370,PR-0012587,SKU-1084,P01,2026-01-23,139,1,Warping,E015,Fail,2025-02-01 19:00:00
QI-004371,PR-0012597,SKU-1154,P02,2026-01-23,109,4,Short Shot,E054,Fail,2025-01-31 08:00:00
QI-004372,PR-0012598,SKU-1154,P02,2026-01-23,110,3,Short Shot,E058,Fail,2025-02-02 19:00:00
QI-004373,PR-0012607,SKU-1035,P04,2026-01-23,239,10,Short Shot,E131,Fail,2025-02-02 01:00:00
QI-004374,PR-0012608,SKU-1182,P04,2026-01-23,121,4,Short Shot,E139,Fail,2025-01-31 07:00:00
QI-004375,PR-0012609,SKU-1182,P04,2026-01-23,122,4,Flash,E117,Fail,2025-02-01 20:00:00
QI-004376,PR-0012610,SKU-1224,P04,2026-01-23,319,11,Warping,E120,Fail,2025-01-31 19:00:00
QI-004377,PR-0012615,SKU-1133,P05,2026-01-23,279,11,Sink Marks,E148,Fail,2025-01-31 01:00:00
QI-004378,PR-0012627,SKU-1175,P01,2026-01-24,251,6,Short Shot,E017,Fail,2025-02-01 09:00:00
QI-004379,PR-0012628,SKU-1217,P01,2026-01-24,251,10,Sink Marks,E028,Fail,2025-02-02 14:00:00
QI-004380,PR-0012630,SKU-1175,P02,2026-01-24,231,7,Sink Marks,E054,Fail,2025-02-02 16:00:00
QI-004381,PR-0012633,SKU-1042,P02,2026-01-24,186,6,Flash,E051,Fail,2025-01-31 12:00:00
QI-004382,PR-0012635,SKU-1217,P02,2026-01-24,305,12,Sink Marks,E054,Fail,2025-02-02 22:00:00
QI-004383,PR-0012636,SKU-1280,P02,2026-01-24,147,4,Short Shot,E056,Fail,2025-02-01 15:00:00
QI-004384,PR-0012640,SKU-1126,P03,2026-01-24,277,8,Burn Marks,E098,Fail,2025-02-02 20:00:00
QI-004385,PR-0012641,SKU-1021,P03,2026-01-24,276,8,Cracking,E078,Fail,2025-02-02 02:00:00
QI-004386,PR-0012645,SKU-1266,P04,2026-01-24,255,13,Flash,E130,Fail,2025-02-01 15:00:00
QI-004387,PR-0012648,SKU-1049,P05,2026-01-24,172,11,Burn Marks,E179,Fail,2025-01-31 13:00:00
QI-004388,PR-0012652,SKU-1280,P05,2026-01-24,267,14,Warping,E172,Fail,2025-02-01 10:00:00
QI-004389,PR-0012655,SKU-1014,P01,2026-01-25,210,5,Short Shot,E007,Fail,2025-01-31 07:00:00
QI-004390,PR-0012657,SKU-1168,P01,2026-01-25,289,7,Flash,E026,Fail,2025-01-31 13:00:00
QI-004391,PR-0012661,SKU-1245,P02,2026-01-25,185,8,Flash,E048,Fail,2025-01-31 12:00:00
QI-004392,PR-0012662,SKU-1245,P02,2026-01-25,185,4,Short Shot,E048,Fail,2025-02-02 12:00:00
QI-004393,PR-0012664,SKU-1091,P02,2026-01-25,215,7,Short Shot,E048,Fail,2025-01-31 21:00:00
QI-004394,PR-0012667,SKU-1231,P02,2026-01-25,120,4,Short Shot,E067,Fail,2025-02-01 03:00:00
QI-004395,PR-0012671,SKU-1133,P03,2026-01-25,197,10,Flash,E079,Fail,2025-01-31 03:00:00
QI-004396,PR-0012673,SKU-1028,P04,2026-01-25,173,9,Sink Marks,E117,Fail,2025-01-31 13:00:00
QI-004397,PR-0012674,SKU-1021,P04,2026-01-25,237,13,Cracking,E134,Fail,2025-01-31 18:00:00
QI-004398,PR-0012676,SKU-1049,P04,2026-01-25,128,5,Flash,E111,Fail,2025-01-31 10:00:00
QI-004399,PR-0012678,SKU-1224,P05,2026-01-25,159,4,Flash,E153,Fail,2025-01-31 04:00:00
QI-004400,PR-0012682,SKU-1217,P05,2026-01-25,312,10,Flash,E152,Fail,2025-01-31 10:00:00
QI-004401,PR-0012686,SKU-1252,P01,2026-01-26,271,10,Sink Marks,E033,Fail,2025-02-02 10:00:00
QI-004402,PR-0012690,SKU-1042,P02,2026-01-26,306,12,Flash,E044,Fail,2025-02-01 16:00:00
QI-004403,PR-0012691,SKU-1042,P02,2026-01-26,307,11,Cracking,E053,Fail,2025-01-31 09:00:00
QI-004404,PR-0012692,SKU-1231,P02,2026-01-26,300,7,Sink Marks,E068,Fail,2025-02-02 02:00:00
QI-004405,PR-0012694,SKU-1175,P02,2026-01-26,142,5,Sink Marks,E040,Fail,2025-01-31 06:00:00
QI-004406,PR-0012696,SKU-1189,P03,2026-01-26,232,5,Sink Marks,E078,Fail,2025-02-02 14:00:00
QI-004407,PR-0012698,SKU-1119,P03,2026-01-26,159,4,Sink Marks,E083,Fail,2025-02-02 12:00:00
QI-004408,PR-0012699,SKU-1126,P03,2026-01-26,157,5,Flash,E079,Fail,2025-02-02 20:00:00
QI-004409,PR-0012700,SKU-1126,P03,2026-01-26,157,8,Sink Marks,E080,Fail,2025-01-31 18:00:00
QI-004410,PR-0012705,SKU-1049,P04,2026-01-26,137,4,Flash,E140,Fail,2025-01-31 09:00:00
QI-004411,PR-0012708,SKU-1154,P04,2026-01-26,285,7,Cracking,E111,Fail,2025-01-31 22:00:00
QI-004412,PR-0012715,SKU-1077,P05,2026-01-26,319,12,Flash,E152,Fail,2025-02-02 10:00:00
QI-004413,PR-0012721,SKU-1140,P01,2026-01-27,135,3,Short Shot,E017,Fail,2025-01-31 20:00:00
QI-004414,PR-0012724,SKU-1259,P02,2026-01-27,306,7,Flash,E051,Fail,2025-02-01 22:00:00
QI-004415,PR-0012726,SKU-1147,P02,2026-01-27,122,6,Short Shot,E044,Fail,2025-01-31 20:00:00
QI-004416,PR-0012727,SKU-1182,P02,2026-01-27,212,8,Flash,E044,Fail,2025-02-01 00:00:00
QI-004417,PR-0012730,SKU-1231,P03,2026-01-27,274,9,Flash,E074,Fail,2025-02-01 12:00:00
QI-004418,PR-0012731,SKU-1084,P03,2026-01-27,305,6,Short Shot,E095,Fail,2025-01-31 16:00:00
QI-004419,PR-0012734,SKU-1063,P03,2026-01-27,230,9,Cracking,E108,Fail,2025-02-02 16:00:00
QI-004420,PR-0012735,SKU-1280,P03,2026-01-27,224,9,Warping,E078,Fail,2025-02-02 11:00:00
QI-004421,PR-0012746,SKU-1147,P04,2026-01-27,241,12,Short Shot,E134,Fail,2025-02-01 02:00:00
QI-004422,PR-0012747,SKU-1154,P05,2026-01-27,183,6,Flash,E152,Fail,2025-02-01 12:00:00
QI-004423,PR-0012749,SKU-1252,P05,2026-01-27,208,10,Short Shot,E153,Fail,2025-02-02 05:00:00
QI-004424,PR-0012750,SKU-1161,P05,2026-01-27,324,14,Flash,E174,Fail,2025-02-01 01:00:00
QI-004425,PR-0012751,SKU-1161,P05,2026-01-27,325,17,Warping,E153,Fail,2025-02-02 15:00:00
QI-004426,PR-0012754,SKU-1119,P01,2026-01-28,191,4,Flash,E017,Fail,2025-01-31 13:00:00
QI-004427,PR-0012757,SKU-1238,P01,2026-01-28,310,6,Burn Marks,E013,Fail,2025-02-01 09:00:00
QI-004428,PR-0012758,SKU-1238,P01,2026-01-28,311,10,Flash,E029,Fail,2025-02-02 15:00:00
QI-004429,PR-0012759,SKU-1021,P01,2026-01-28,227,4,Short Shot,E009,Fail,2025-02-01 01:00:00
QI-004430,PR-0012760,SKU-1021,P01,2026-01-28,228,7,Flash,E013,Fail,2025-01-31 17:00:00
QI-004431,PR-0012763,SKU-1147,P01,2026-01-28,150,3,Sink Marks,E028,Fail,2025-02-02 19:00:00
QI-004432,PR-0012765,SKU-1196,P02,2026-01-28,176,4,Short Shot,E054,Fail,2025-02-02 07:00:00
QI-004433,PR-0012767,SKU-1182,P02,2026-01-28,237,10,Sink Marks,E054,Fail,2025-01-31 02:00:00
QI-004434,PR-0012774,SKU-1021,P03,2026-01-28,114,4,Short Shot,E092,Fail,2025-01-31 16:00:00
QI-004435,PR-0012777,SKU-1084,P03,2026-01-28,217,7,Flash,E104,Fail,2025-02-01 16:00:00
QI-004436,PR-0012778,SKU-1245,P04,2026-01-28,297,19,Flash,E130,Fail,2025-01-31 18:00:00
QI-004437,PR-0012779,SKU-1231,P04,2026-01-28,208,6,Sink Marks,E119,Fail,2025-01-31 06:00:00
QI-004438,PR-0012781,SKU-1280,P04,2026-01-28,249,6,Sink Marks,E115,Fail,2025-01-31 22:00:00
QI-004439,PR-0012786,SKU-1042,P05,2026-01-28,244,9,Flash,E172,Fail,2025-02-02 15:00:00
QI-004440,PR-0012787,SKU-1035,P05,2026-01-28,123,3,Cracking,E152,Fail,2025-02-02 16:00:00
QI-004441,PR-0012788,SKU-1259,P05,2026-01-28,234,12,Short Shot,E153,Fail,2025-02-01 01:00:00
QI-004442,PR-0012792,SKU-1203,P01,2026-01-29,260,7,Sink Marks,E021,Fail,2025-02-01 17:00:00
QI-004443,PR-0012794,SKU-1175,P01,2026-01-29,107,3,Short Shot,E009,Fail,2025-01-31 04:00:00
QI-004444,PR-0012799,SKU-1182,P02,2026-01-29,189,6,Flash,E051,Fail,2025-02-01 12:00:00
QI-004445,PR-0012801,SKU-1105,P02,2026-01-29,296,8,Warping,E048,Fail,2025-02-02 22:00:00
QI-004446,PR-0012802,SKU-1245,P02,2026-01-29,121,4,Warping,E055,Fail,2025-02-02 10:00:00
QI-004447,PR-0012807,SKU-1245,P03,2026-01-29,266,10,Short Shot,E080,Fail,2025-02-02 09:00:00
QI-004448,PR-0012816,SKU-1252,P05,2026-01-29,184,10,Flash,E172,Fail,2025-02-02 07:00:00
QI-004449,PR-0012817,SKU-1252,P05,2026-01-29,185,4,Flash,E148,Fail,2025-01-31 09:00:00
QI-004450,PR-0012818,SKU-1203,P05,2026-01-29,175,5,Warping,E153,Fail,2025-01-31 02:00:00
QI-004451,PR-0012821,SKU-1266,P05,2026-01-29,133,3,Sink Marks,E152,Fail,2025-02-02 09:00:00
QI-004452,PR-0012822,SKU-1105,P05,2026-01-29,172,4,Flash,E152,Fail,2025-02-01 20:00:00
QI-004453,PR-0012828,SKU-1112,P02,2026-01-30,199,8,Burn Marks,E056,Fail,2025-02-02 21:00:00
QI-004454,PR-0012833,SKU-1245,P03,2026-01-30,195,4,Burn Marks,E095,Fail,2025-02-02 00:00:00
QI-004455,PR-0012834,SKU-1063,P03,2026-01-30,162,4,Warping,E078,Fail,2025-02-01 13:00:00
QI-004456,PR-0012838,SKU-1266,P04,2026-01-30,253,11,Flash,E133,Fail,2025-01-31 01:00:00
QI-004457,PR-0012839,SKU-1231,P04,2026-01-30,154,8,Short Shot,E132,Fail,2025-02-01 11:00:00
QI-004458,PR-0012841,SKU-1266,P04,2026-01-30,181,3,Warping,E141,Fail,2025-01-31 00:00:00
QI-004459,PR-0012845,SKU-1154,P04,2026-01-30,163,6,Short Shot,E141,Fail,2025-02-01 09:00:00
QI-004460,PR-0012848,SKU-1007,P05,2026-01-30,273,11,Short Shot,E152,Fail,2025-01-31 01:00:00
QI-004461,PR-0012851,SKU-1182,P05,2026-01-30,212,4,Flash,E162,Fail,2025-02-01 18:00:00
QI-004462,PR-0012855,SKU-1077,P01,2026-01-31,195,7,Flash,E026,Fail,2025-02-01 00:00:00
QI-004463,PR-0012856,SKU-1161,P01,2026-01-31,298,10,Sink Marks,E013,Fail,2025-02-02 19:00:00
QI-004464,PR-0012857,SKU-1203,P01,2026-01-31,251,5,Sink Marks,E016,Fail,2025-01-31 03:00:00
QI-004465,PR-0012860,SKU-1098,P01,2026-01-31,263,8,Short Shot,E034,Fail,2025-01-31 14:00:00
QI-004466,PR-0012861,SKU-1056,P02,2026-01-31,160,5,Flash,E067,Fail,2025-02-02 14:00:00
QI-004467,PR-0012864,SKU-1224,P02,2026-01-31,207,12,Sink Marks,E063,Fail,2025-01-31 08:00:00
QI-004468,PR-0012869,SKU-1112,P03,2026-01-31,168,4,Sink Marks,E078,Fail,2025-02-02 18:00:00
QI-004469,PR-0012873,SKU-1084,P03,2026-01-31,138,6,Short Shot,E103,Fail,2025-01-31 22:00:00
QI-004470,PR-0012877,SKU-1154,P04,2026-01-31,234,7,Short Shot,E137,Fail,2025-01-31 00:00:00
QI-004471,PR-0012878,SKU-1014,P04,2026-01-31,110,4,Warping,E133,Fail,2025-02-02 22:00:00
QI-004472,PR-0012880,SKU-1259,P04,2026-01-31,135,4,Short Shot,E119,Fail,2025-02-02 20:00:00
QI-004473,PR-0012882,SKU-1014,P04,2026-01-31,251,8,Short Shot,E131,Fail,2025-01-31 21:00:00
QI-004474,PR-0012883,SKU-1056,P05,2026-01-31,112,3,Flash,E162,Fail,2025-01-31 09:00:00
QI-004475,PR-0012888,SKU-1161,P01,2026-02-01,195,6,Flash,E034,Fail,2025-02-01 08:00:00
QI-004476,PR-0012889,SKU-1091,P01,2026-02-01,301,12,Sink Marks,E034,Fail,2025-01-31 08:00:00
QI-004477,PR-0012891,SKU-1021,P02,2026-02-01,312,12,Flash,E056,Fail,2025-02-01 17:00:00
QI-004478,PR-0012892,SKU-1042,P02,2026-02-01,281,8,Burn Marks,E040,Fail,2025-02-02 11:00:00
QI-004479,PR-0012893,SKU-1042,P02,2026-02-01,202,7,Burn Marks,E040,Fail,2025-01-31 12:00:00
QI-004480,PR-0012897,SKU-1084,P03,2026-02-01,262,9,Cracking,E074,Fail,2025-01-31 10:00:00
QI-004481,PR-0012898,SKU-1203,P04,2026-02-01,319,18,Warping,E122,Fail,2025-02-02 18:00:00
QI-004482,PR-0012899,SKU-1231,P04,2026-02-01,110,5,Warping,E112,Fail,2025-02-01 11:00:00
QI-004483,PR-0012903,SKU-1182,P04,2026-02-01,218,15,Short Shot,E143,Fail,2025-01-31 11:00:00
QI-004484,PR-0012906,SKU-1259,P05,2026-02-01,297,14,Burn Marks,E172,Fail,2025-02-01 02:00:00
QI-004485,PR-0012907,SKU-1035,P05,2026-02-01,199,7,Flash,E153,Fail,2025-01-31 06:00:00
QI-004486,PR-0012909,SKU-1112,P05,2026-02-01,252,13,Burn Marks,E155,Fail,2025-02-01 16:00:00
QI-004487,PR-0012912,SKU-1182,P01,2026-02-02,282,6,Sink Marks,E009,Fail,2025-02-02 14:00:00
QI-004488,PR-0012913,SKU-1182,P01,2026-02-02,282,5,Warping,E020,Fail,2025-02-02 08:00:00
QI-004489,PR-0012914,SKU-1112,P01,2026-02-02,172,6,Sink Marks,E034,Fail,2025-01-31 13:00:00
QI-004490,PR-0012915,SKU-1112,P01,2026-02-02,173,7,Flash,E021,Fail,2025-01-31 08:00:00
QI-004491,PR-0012923,SKU-1203,P03,2026-02-02,207,6,Short Shot,E095,Fail,2025-02-01 03:00:00
QI-004492,PR-0012926,SKU-1175,P03,2026-02-02,132,2,Flash,E074,Fail,2025-01-31 05:00:00
QI-004493,PR-0012932,SKU-1042,P04,2026-02-02,104,3,Warping,E119,Fail,2025-02-01 06:00:00
QI-004494,PR-0012937,SKU-1112,P04,2026-02-02,120,3,Burn Marks,E110,Fail,2025-02-01 11:00:00
QI-004495,PR-0012939,SKU-1098,P05,2026-02-02,298,10,Short Shot,E148,Fail,2025-02-01 14:00:00
QI-004496,PR-0012940,SKU-1098,P05,2026-02-02,299,8,Short Shot,E152,Fail,2025-02-01 06:00:00
QI-004497,PR-0012941,SKU-1273,P05,2026-02-02,253,8,Sink Marks,E171,Fail,2025-02-02 18:00:00
QI-004498,PR-0012942,SKU-1273,P05,2026-02-02,254,11,Sink Marks,E153,Fail,2025-02-01 00:00:00
QI-004499,PR-0012948,SKU-1112,P01,2026-02-03,221,10,Flash,E034,Fail,2025-02-01 20:00:00
QI-004500,PR-0012950,SKU-1105,P02,2026-02-03,228,7,Sink Marks,E048,Fail,2025-02-02 00:00:00
QI-004501,PR-0012951,SKU-1140,P02,2026-02-03,134,3,Warping,E063,Fail,2025-02-02 21:00:00
QI-004502,PR-0012952,SKU-1021,P02,2026-02-03,192,5,Burn Marks,E055,Fail,2025-02-01 08:00:00
QI-004503,PR-0012954,SKU-1154,P03,2026-02-03,133,5,Flash,E103,Fail,2025-01-31 19:00:00
QI-004504,PR-0012955,SKU-1154,P03,2026-02-03,134,2,Short Shot,E098,Fail,2025-01-31 14:00:00
QI-004505,PR-0012962,SKU-1259,P04,2026-02-03,179,9,Flash,E125,Fail,2025-02-01 16:00:00
QI-004506,PR-0012964,SKU-1238,P04,2026-02-03,193,6,Cracking,E112,Fail,2025-02-01 16:00:00
QI-004507,PR-0012965,SKU-1217,P04,2026-02-03,271,8,Burn Marks,E110,Fail,2025-02-02 18:00:00
QI-004508,PR-0012967,SKU-1224,P04,2026-02-03,157,7,Flash,E120,Fail,2025-02-01 01:00:00
QI-004509,PR-0012968,SKU-1070,P05,2026-02-03,232,5,Cracking,E152,Fail,2025-01-31 16:00:00
QI-004510,PR-0012974,SKU-1091,P05,2026-02-03,241,9,Flash,E152,Fail,2025-02-01 06:00:00
QI-004511,PR-0012981,SKU-1056,P01,2026-02-04,153,3,Short Shot,E010,Fail,2025-02-02 09:00:00
QI-004512,PR-0012983,SKU-1014,P02,2026-02-04,205,11,Flash,E067,Fail,2025-02-01 10:00:00
QI-004513,PR-0012985,SKU-1280,P02,2026-02-04,103,1,Sink Marks,E068,Fail,2025-02-01 15:00:00
QI-004514,PR-0012986,SKU-1273,P03,2026-02-04,156,3,Warping,E074,Fail,2025-01-31 07:00:00
QI-004515,PR-0012993,SKU-1063,P04,2026-02-04,172,8,Sink Marks,E125,Fail,2025-02-02 15:00:00
QI-004516,PR-0012996,SKU-1168,P04,2026-02-04,217,8,Short Shot,E141,Fail,2025-02-01 04:00:00
QI-004517,PR-0013001,SKU-1056,P05,2026-02-04,312,7,Sink Marks,E174,Fail,2025-02-01 05:00:00
QI-004518,PR-0013003,SKU-1147,P01,2026-02-05,251,4,Sink Marks,E015,Fail,2025-02-01 03:00:00
QI-004519,PR-0013004,SKU-1112,P01,2026-02-05,264,6,Burn Marks,E021,Fail,2025-02-02 20:00:00
QI-004520,PR-0013012,SKU-1049,P02,2026-02-05,143,4,Short Shot,E043,Fail,2025-02-02 21:00:00
QI-004521,PR-0013018,SKU-1056,P03,2026-02-05,236,7,Warping,E077,Fail,2025-02-01 22:00:00
QI-004522,PR-0013020,SKU-1028,P03,2026-02-05,110,3,Sink Marks,E076,Fail,2025-01-31 08:00:00
QI-004523,PR-0013021,SKU-1028,P03,2026-02-05,110,4,Flash,E080,Fail,2025-02-01 18:00:00
QI-004524,PR-0013024,SKU-1210,P04,2026-02-05,279,8,Cracking,E141,Fail,2025-02-02 09:00:00
QI-004525,PR-0013025,SKU-1210,P04,2026-02-05,280,10,Cracking,E132,Fail,2025-02-01 17:00:00
QI-004526,PR-0013026,SKU-1182,P05,2026-02-05,249,12,Flash,E153,Fail,2025-02-01 18:00:00
QI-004527,PR-0013027,SKU-1161,P05,2026-02-05,212,9,Cracking,E152,Fail,2025-02-02 09:00:00
QI-004528,PR-0013031,SKU-1140,P01,2026-02-06,100,2,Flash,E010,Fail,2025-02-02 15:00:00
QI-004529,PR-0013033,SKU-1224,P02,2026-02-06,162,4,Sink Marks,E048,Fail,2025-02-01 04:00:00
QI-004530,PR-0013041,SKU-1014,P02,2026-02-06,193,9,Warping,E062,Fail,2025-02-02 13:00:00
QI-004531,PR-0013043,SKU-1084,P03,2026-02-06,275,9,Warping,E088,Fail,2025-01-31 20:00:00
QI-004532,PR-0013044,SKU-1245,P03,2026-02-06,152,5,Cracking,E074,Fail,2025-02-02 08:00:00
QI-004533,PR-0013047,SKU-1161,P03,2026-02-06,283,5,Short Shot,E088,Fail,2025-02-01 22:00:00
QI-004534,PR-0013050,SKU-1203,P04,2026-02-06,158,9,Warping,E112,Fail,2025-02-01 14:00:00
QI-004535,PR-0013052,SKU-1175,P04,2026-02-06,108,2,Burn Marks,E136,Fail,2025-02-01 18:00:00
QI-004536,PR-0013055,SKU-1105,P04,2026-02-06,200,14,Warping,E125,Fail,2025-01-31 22:00:00
QI-004537,PR-0013056,SKU-1105,P04,2026-02-06,200,8,Warping,E130,Fail,2025-02-02 09:00:00
QI-004538,PR-0013057,SKU-1133,P05,2026-02-06,164,5,Flash,E171,Fail,2025-02-02 22:00:00
QI-004539,PR-0013058,SKU-1105,P05,2026-02-06,303,9,Short Shot,E148,Fail,2025-02-01 07:00:00
QI-004540,PR-0013059,SKU-1105,P05,2026-02-06,304,11,Short Shot,E161,Fail,2025-02-01 17:00:00
QI-004541,PR-0013062,SKU-1126,P05,2026-02-06,237,10,Warping,E159,Fail,2025-02-02 22:00:00
QI-004542,PR-0013066,SKU-1189,P01,2026-02-07,158,7,Warping,E029,Fail,2025-02-01 08:00:00
QI-004543,PR-0013067,SKU-1189,P01,2026-02-07,159,4,Flash,E010,Fail,2025-01-31 06:00:00
QI-004544,PR-0013070,SKU-1014,P02,2026-02-07,133,4,Flash,E040,Fail,2025-02-01 02:00:00
QI-004545,PR-0013073,SKU-1042,P02,2026-02-07,184,5,Cracking,E067,Fail,2025-02-01 15:00:00
QI-004546,PR-0013074,SKU-1154,P02,2026-02-07,286,8,Short Shot,E040,Fail,2025-01-31 07:00:00
QI-004547,PR-0013079,SKU-1084,P03,2026-02-07,132,3,Flash,E088,Fail,2025-02-02 03:00:00
QI-004548,PR-0013080,SKU-1056,P03,2026-02-07,281,8,Burn Marks,E103,Fail,2025-02-02 14:00:00
QI-004549,PR-0013087,SKU-1210,P05,2026-02-07,244,5,Flash,E152,Fail,2025-01-31 11:00:00
QI-004550,PR-0013096,SKU-1007,P01,2026-02-08,157,5,Flash,E021,Fail,2025-01-31 15:00:00
QI-004551,PR-0013099,SKU-1105,P01,2026-02-08,306,8,Sink Marks,E030,Fail,2025-02-01 09:00:00
QI-004552,PR-0013108,SKU-1217,P03,2026-02-08,310,9,Flash,E103,Fail,2025-02-02 00:00:00
QI-004553,PR-0013112,SKU-1035,P03,2026-02-08,276,6,Burn Marks,E083,Fail,2025-02-02 18:00:00
QI-004554,PR-0013113,SKU-1112,P03,2026-02-08,169,6,Short Shot,E079,Fail,2025-02-02 17:00:00
QI-004555,PR-0013114,SKU-1112,P03,2026-02-08,169,6,Sink Marks,E077,Fail,2025-02-01 20:00:00
QI-004556,PR-0013119,SKU-1252,P04,2026-02-08,223,7,Warping,E133,Fail,2025-01-31 20:00:00
QI-004557,PR-0013120,SKU-1252,P04,2026-02-08,224,6,Sink Marks,E110,Fail,2025-02-02 05:00:00
QI-004558,PR-0013122,SKU-1196,P04,2026-02-08,129,4,Warping,E141,Fail,2025-02-02 01:00:00
QI-004559,PR-0013123,SKU-1077,P04,2026-02-08,177,8,Short Shot,E134,Fail,2025-01-31 16:00:00
QI-004560,PR-0013125,SKU-1161,P05,2026-02-08,190,9,Sink Marks,E161,Fail,2025-01-31 17:00:00
QI-004561,PR-0013126,SKU-1189,P05,2026-02-08,234,8,Flash,E161,Fail,2025-01-31 14:00:00
QI-004562,PR-0013130,SKU-1168,P01,2026-02-09,222,9,Sink Marks,E034,Fail,2025-02-01 06:00:00
QI-004563,PR-0013131,SKU-1168,P01,2026-02-09,223,5,Warping,E028,Fail,2025-02-02 22:00:00
QI-004564,PR-0013132,SKU-1021,P01,2026-02-09,145,4,Burn Marks,E001,Fail,2025-02-01 20:00:00
QI-004565,PR-0013134,SKU-1049,P01,2026-02-09,111,2,Warping,E021,Fail,2025-01-31 06:00:00
QI-004566,PR-0013136,SKU-1224,P01,2026-02-09,291,12,Sink Marks,E013,Fail,2025-02-02 01:00:00
QI-004567,PR-0013137,SKU-1084,P01,2026-02-09,120,3,Warping,E013,Fail,2025-02-02 06:00:00
QI-004568,PR-0013138,SKU-1273,P02,2026-02-09,288,12,Flash,E067,Fail,2025-01-31 02:00:00
QI-004569,PR-0013147,SKU-1147,P04,2026-02-09,220,13,Flash,E121,Fail,2025-02-01 18:00:00
QI-004570,PR-0013148,SKU-1147,P04,2026-02-09,220,7,Burn Marks,E133,Fail,2025-01-31 07:00:00
QI-004571,PR-0013149,SKU-1252,P04,2026-02-09,164,6,Warping,E141,Fail,2025-01-31 03:00:00
QI-004572,PR-0013151,SKU-1189,P04,2026-02-09,260,12,Short Shot,E136,Fail,2025-01-31 05:00:00
QI-004573,PR-0013152,SKU-1070,P04,2026-02-09,199,8,Flash,E134,Fail,2025-01-31 11:00:00
QI-004574,PR-0013153,SKU-1063,P04,2026-02-09,186,12,Short Shot,E112,Fail,2025-02-02 13:00:00
QI-004575,PR-0013155,SKU-1063,P05,2026-02-09,185,8,Flash,E172,Fail,2025-01-31 16:00:00
QI-004576,PR-0013156,SKU-1014,P05,2026-02-09,160,4,Flash,E179,Fail,2025-01-31 20:00:00
QI-004577,PR-0013160,SKU-1175,P01,2026-02-10,202,6,Short Shot,E034,Fail,2025-01-31 05:00:00
QI-004578,PR-0013167,SKU-1161,P02,2026-02-10,146,4,Sink Marks,E043,Fail,2025-01-31 19:00:00
QI-004579,PR-0013168,SKU-1161,P02,2026-02-10,147,6,Burn Marks,E054,Fail,2025-02-01 20:00:00
QI-004580,PR-0013176,SKU-1056,P02,2026-02-10,255,8,Burn Marks,E067,Fail,2025-01-31 13:00:00
QI-004581,PR-0013181,SKU-1189,P03,2026-02-10,135,5,Burn Marks,E084,Fail,2025-02-02 20:00:00
QI-004582,PR-0013183,SKU-1175,P03,2026-02-10,199,7,Flash,E103,Fail,2025-01-31 11:00:00
QI-004583,PR-0013185,SKU-1280,P04,2026-02-10,228,8,Short Shot,E140,Fail,2025-02-02 03:00:00
QI-004584,PR-0013188,SKU-1238,P04,2026-02-10,301,10,Short Shot,E141,Fail,2025-01-31 17:00:00
QI-004585,PR-0013189,SKU-1238,P04,2026-02-10,302,13,Flash,E120,Fail,2025-01-31 21:00:00
QI-004586,PR-0013190,SKU-1280,P05,2026-02-10,171,5,Sink Marks,E153,Fail,2025-02-02 01:00:00
QI-004587,PR-0013191,SKU-1028,P05,2026-02-10,200,6,Warping,E171,Fail,2025-02-02 13:00:00
QI-004588,PR-0013197,SKU-1161,P05,2026-02-10,170,5,Flash,E163,Fail,2025-02-02 20:00:00
QI-004589,PR-0013199,SKU-1042,P01,2026-02-11,249,9,Sink Marks,E029,Fail,2025-02-01 00:00:00
QI-004590,PR-0013201,SKU-1077,P01,2026-02-11,154,3,Short Shot,E015,Fail,2025-02-01 16:00:00
QI-004591,PR-0013205,SKU-1077,P01,2026-02-11,177,5,Burn Marks,E015,Fail,2025-01-31 00:00:00
QI-004592,PR-0013208,SKU-1042,P02,2026-02-11,143,4,Sink Marks,E048,Fail,2025-02-02 09:00:00
QI-004593,PR-0013213,SKU-1021,P03,2026-02-11,195,5,Sink Marks,E084,Fail,2025-02-02 02:00:00
QI-004594,PR-0013215,SKU-1063,P03,2026-02-11,209,9,Short Shot,E079,Fail,2025-02-01 14:00:00
QI-004595,PR-0013219,SKU-1042,P04,2026-02-11,136,3,Sink Marks,E131,Fail,2025-01-31 08:00:00
QI-004596,PR-0013224,SKU-1182,P05,2026-02-11,187,7,Flash,E164,Fail,2025-01-31 22:00:00
QI-004597,PR-0013229,SKU-1189,P01,2026-02-12,162,5,Flash,E017,Fail,2025-01-31 21:00:00
QI-004598,PR-0013233,SKU-1182,P02,2026-02-12,204,6,Sink Marks,E044,Fail,2025-02-01 21:00:00
QI-004599,PR-0013234,SKU-1056,P02,2026-02-12,306,7,Short Shot,E048,Fail,2025-02-01 21:00:00
QI-004600,PR-0013237,SKU-1105,P02,2026-02-12,138,6,Cracking,E044,Fail,2025-02-02 11:00:00
QI-004601,PR-0013241,SKU-1021,P03,2026-02-12,126,2,Cracking,E086,Fail,2025-02-02 16:00:00
QI-004602,PR-0013243,SKU-1098,P03,2026-02-12,255,9,Flash,E074,Fail,2025-02-01 02:00:00
QI-004603,PR-0013244,SKU-1140,P03,2026-02-12,270,16,Short Shot,E079,Fail,2025-01-31 16:00:00
QI-004604,PR-0013248,SKU-1014,P04,2026-02-12,143,7,Flash,E130,Fail,2025-02-02 18:00:00
QI-004605,PR-0013249,SKU-1014,P04,2026-02-12,144,4,Sink Marks,E133,Fail,2025-02-01 17:00:00
QI-004606,PR-0013255,SKU-1217,P05,2026-02-12,228,8,Cracking,E159,Fail,2025-01-31 07:00:00
QI-004607,PR-0013256,SKU-1217,P05,2026-02-12,228,10,Flash,E153,Fail,2025-02-02 03:00:00
QI-004608,PR-0013258,SKU-1091,P05,2026-02-12,239,6,Short Shot,E162,Fail,2025-01-31 15:00:00
QI-004609,PR-0013261,SKU-1140,P05,2026-02-12,206,7,Flash,E162,Fail,2025-01-31 05:00:00
QI-004610,PR-0013264,SKU-1168,P01,2026-02-13,285,5,Flash,E015,Fail,2025-01-31 10:00:00
QI-004611,PR-0013277,SKU-1105,P03,2026-02-13,178,3,Sink Marks,E104,Fail,2025-02-01 19:00:00
QI-004612,PR-0013282,SKU-1238,P04,2026-02-13,147,5,Burn Marks,E136,Fail,2025-02-02 06:00:00
QI-004613,PR-0013283,SKU-1042,P04,2026-02-13,201,4,Short Shot,E141,Fail,2025-02-01 15:00:00
QI-004614,PR-0013284,SKU-1175,P04,2026-02-13,292,16,Short Shot,E130,Fail,2025-01-31 01:00:00
QI-004615,PR-0013285,SKU-1035,P05,2026-02-13,112,4,Warping,E148,Fail,2025-02-01 08:00:00
QI-004616,PR-0013300,SKU-1140,P02,2026-02-14,242,6,Short Shot,E058,Fail,2025-02-02 05:00:00
QI-004617,PR-0013304,SKU-1168,P02,2026-02-14,229,12,Flash,E048,Fail,2025-02-02 05:00:00
QI-004618,PR-0013309,SKU-1161,P04,2026-02-14,249,9,Burn Marks,E143,Fail,2025-01-31 19:00:00
QI-004619,PR-0013316,SKU-1196,P01,2026-02-15,252,9,Flash,E034,Fail,2025-02-01 22:00:00
QI-004620,PR-0013317,SKU-1042,P01,2026-02-15,238,9,Cracking,E029,Fail,2025-02-01 01:00:00
QI-004621,PR-0013319,SKU-1189,P01,2026-02-15,119,3,Short Shot,E034,Fail,2025-01-31 06:00:00
QI-004622,PR-0013322,SKU-1189,P02,2026-02-15,224,8,Cracking,E054,Fail,2025-02-01 12:00:00
QI-004623,PR-0013323,SKU-1189,P02,2026-02-15,225,3,Sink Marks,E058,Fail,2025-02-01 02:00:00
QI-004624,PR-0013325,SKU-1119,P02,2026-02-15,257,8,Flash,E058,Fail,2025-02-02 10:00:00
QI-004625,PR-0013326,SKU-1007,P02,2026-02-15,307,16,Flash,E048,Fail,2025-02-01 18:00:00
QI-004626,PR-0013333,SKU-1231,P04,2026-02-15,265,14,Warping,E117,Fail,2025-01-31 07:00:00
QI-004627,PR-0013337,SKU-1231,P04,2026-02-15,269,8,Sink Marks,E134,Fail,2025-01-31 08:00:00
QI-004628,PR-0013340,SKU-1231,P04,2026-02-15,146,6,Flash,E125,Fail,2025-01-31 09:00:00
QI-004629,PR-0013343,SKU-1049,P05,2026-02-15,160,5,Burn Marks,E171,Fail,2025-02-01 04:00:00
QI-004630,PR-0013345,SKU-1217,P05,2026-02-15,101,2,Short Shot,E162,Fail,2025-01-31 17:00:00
QI-004631,PR-0013348,SKU-1021,P05,2026-02-15,221,10,Sink Marks,E179,Fail,2025-02-02 17:00:00
QI-004632,PR-0013349,SKU-1042,P01,2026-02-16,103,1,Flash,E016,Fail,2025-02-02 10:00:00
QI-004633,PR-0013353,SKU-1196,P01,2026-02-16,290,3,Burn Marks,E009,Fail,2025-01-31 09:00:00
QI-004634,PR-0013356,SKU-1217,P01,2026-02-16,234,7,Burn Marks,E013,Fail,2025-01-31 06:00:00
QI-004635,PR-0013357,SKU-1049,P01,2026-02-16,199,4,Sink Marks,E021,Fail,2025-02-02 07:00:00
QI-004636,PR-0013359,SKU-1252,P02,2026-02-16,189,9,Sink Marks,E054,Fail,2025-01-31 00:00:00
QI-004637,PR-0013364,SKU-1056,P03,2026-02-16,257,9,Burn Marks,E098,Fail,2025-02-02 03:00:00
QI-004638,PR-0013366,SKU-1203,P03,2026-02-16,118,4,Flash,E084,Fail,2025-02-01 10:00:00
QI-004639,PR-0013369,SKU-1007,P04,2026-02-16,294,13,Flash,E119,Fail,2025-02-01 18:00:00
QI-004640,PR-0013370,SKU-1154,P04,2026-02-16,301,14,Sink Marks,E136,Fail,2025-02-01 13:00:00
QI-004641,PR-0013371,SKU-1154,P04,2026-02-16,301,16,Short Shot,E132,Fail,2025-02-02 02:00:00
QI-004642,PR-0013372,SKU-1133,P04,2026-02-16,166,7,Sink Marks,E121,Fail,2025-02-02 04:00:00
QI-004643,PR-0013373,SKU-1189,P04,2026-02-16,271,11,Short Shot,E111,Fail,2025-01-31 01:00:00
QI-004644,PR-0013375,SKU-1266,P05,2026-02-16,269,6,Short Shot,E153,Fail,2025-01-31 21:00:00
QI-004645,PR-0013378,SKU-1175,P05,2026-02-16,284,12,Short Shot,E161,Fail,2025-02-02 01:00:00
QI-004646,PR-0013380,SKU-1014,P01,2026-02-17,285,7,Flash,E029,Fail,2025-01-31 22:00:00
QI-004647,PR-0013383,SKU-1084,P01,2026-02-17,260,10,Burn Marks,E026,Fail,2025-01-31 11:00:00
QI-004648,PR-0013385,SKU-1231,P01,2026-02-17,126,3,Flash,E030,Fail,2025-02-02 19:00:00
QI-004649,PR-0013389,SKU-1042,P02,2026-02-17,300,11,Flash,E067,Fail,2025-02-01 11:00:00
QI-004650,PR-0013390,SKU-1161,P02,2026-02-17,142,4,Cracking,E068,Fail,2025-02-01 13:00:00
QI-004651,PR-0013393,SKU-1133,P03,2026-02-17,306,8,Flash,E078,Fail,2025-02-02 10:00:00
QI-004652,PR-0013394,SKU-1133,P03,2026-02-17,307,8,Short Shot,E083,Fail,2025-02-02 14:00:00
QI-004653,PR-0013395,SKU-1231,P03,2026-02-17,201,5,Flash,E103,Fail,2025-02-02 12:00:00
QI-004654,PR-0013396,SKU-1231,P03,2026-02-17,202,5,Flash,E074,Fail,2025-02-02 15:00:00
QI-004655,PR-0013397,SKU-1175,P03,2026-02-17,241,13,Sink Marks,E079,Fail,2025-01-31 22:00:00
QI-004656,PR-0013398,SKU-1035,P03,2026-02-17,101,3,Short Shot,E108,Fail,2025-02-01 07:00:00
QI-004657,PR-0013404,SKU-1084,P05,2026-02-17,161,6,Short Shot,E159,Fail,2025-01-31 18:00:00
QI-004658,PR-0013409,SKU-1070,P02,2026-02-18,158,8,Flash,E056,Fail,2025-02-02 06:00:00
QI-004659,PR-0013411,SKU-1042,P02,2026-02-18,107,2,Cracking,E048,Fail,2025-02-01 16:00:00
QI-004660,PR-0013413,SKU-1028,P03,2026-02-18,251,6,Burn Marks,E078,Fail,2025-02-01 03:00:00
QI-004661,PR-0013417,SKU-1147,P03,2026-02-18,157,5,Flash,E095,Fail,2025-02-02 04:00:00
QI-004662,PR-0013418,SKU-1196,P03,2026-02-18,310,15,Sink Marks,E076,Fail,2025-02-01 01:00:00
QI-004663,PR-0013420,SKU-1203,P03,2026-02-18,246,7,Sink Marks,E103,Fail,2025-02-01 11:00:00
QI-004664,PR-0013421,SKU-1203,P03,2026-02-18,247,11,Flash,E074,Fail,2025-02-01 08:00:00
QI-004665,PR-0013429,SKU-1126,P05,2026-02-18,304,7,Flash,E147,Fail,2025-01-31 14:00:00
QI-004666,PR-0013433,SKU-1231,P05,2026-02-18,170,8,Burn Marks,E175,Fail,2025-02-01 00:00:00
QI-004667,PR-0013437,SKU-1140,P01,2026-02-19,169,4,Flash,E015,Fail,2025-02-01 01:00:00
QI-004668,PR-0013440,SKU-1091,P01,2026-02-19,179,4,Sink Marks,E009,Fail,2025-02-01 22:00:00
QI-004669,PR-0013444,SKU-1112,P02,2026-02-19,206,8,Flash,E067,Fail,2025-02-02 19:00:00
QI-004670,PR-0013445,SKU-1112,P02,2026-02-19,206,7,Flash,E040,Fail,2025-02-01 12:00:00
QI-004671,PR-0013449,SKU-1042,P03,2026-02-19,140,4,Short Shot,E078,Fail,2025-01-31 10:00:00
QI-004672,PR-0013450,SKU-1175,P03,2026-02-19,160,6,Short Shot,E074,Fail,2025-02-01 07:00:00
QI-004673,PR-0013452,SKU-1133,P03,2026-02-19,124,2,Flash,E098,Fail,2025-01-31 11:00:00
QI-004674,PR-0013455,SKU-1168,P04,2026-02-19,181,8,Sink Marks,E132,Fail,2025-01-31 15:00:00
QI-004675,PR-0013456,SKU-1098,P04,2026-02-19,138,7,Cracking,E133,Fail,2025-01-31 12:00:00
QI-004676,PR-0013457,SKU-1098,P04,2026-02-19,139,5,Burn Marks,E140,Fail,2025-01-31 18:00:00
QI-004677,PR-0013460,SKU-1175,P05,2026-02-19,141,4,Burn Marks,E148,Fail,2025-02-02 04:00:00
QI-004678,PR-0013462,SKU-1182,P01,2026-02-20,241,9,Cracking,E021,Fail,2025-02-01 03:00:00
QI-004679,PR-0013463,SKU-1273,P01,2026-02-20,221,7,Flash,E016,Fail,2025-01-31 08:00:00
QI-004680,PR-0013470,SKU-1112,P02,2026-02-20,148,3,Flash,E044,Fail,2025-02-02 08:00:00
QI-004681,PR-0013472,SKU-1189,P02,2026-02-20,256,14,Cracking,E054,Fail,2025-02-02 21:00:00
QI-004682,PR-0013475,SKU-1077,P03,2026-02-20,199,4,Flash,E108,Fail,2025-02-02 05:00:00
QI-004683,PR-0013476,SKU-1084,P03,2026-02-20,268,8,Burn Marks,E095,Fail,2025-01-31 09:00:00
QI-004684,PR-0013479,SKU-1035,P03,2026-02-20,141,5,Flash,E084,Fail,2025-02-01 06:00:00
QI-004685,PR-0013483,SKU-1266,P04,2026-02-20,200,7,Cracking,E112,Fail,2025-02-01 08:00:00
QI-004686,PR-0013484,SKU-1273,P04,2026-02-20,191,4,Warping,E119,Fail,2025-02-01 10:00:00
QI-004687,PR-0013486,SKU-1154,P04,2026-02-20,132,4,Short Shot,E137,Fail,2025-01-31 18:00:00
QI-004688,PR-0013491,SKU-1259,P05,2026-02-20,147,3,Sink Marks,E153,Fail,2025-01-31 21:00:00
QI-004689,PR-0013493,SKU-1098,P01,2026-02-21,262,5,Warping,E015,Fail,2025-01-31 09:00:00
QI-004690,PR-0013496,SKU-1196,P02,2026-02-21,164,2,Sink Marks,E063,Fail,2025-01-31 18:00:00
QI-004691,PR-0013498,SKU-1175,P02,2026-02-21,284,11,Short Shot,E044,Fail,2025-02-02 06:00:00
QI-004692,PR-0013499,SKU-1021,P02,2026-02-21,265,9,Sink Marks,E048,Fail,2025-02-02 20:00:00
QI-004693,PR-0013502,SKU-1189,P03,2026-02-21,120,3,Warping,E108,Fail,2025-01-31 14:00:00
QI-004694,PR-0013503,SKU-1133,P03,2026-02-21,289,11,Short Shot,E077,Fail,2025-02-01 14:00:00
QI-004695,PR-0013505,SKU-1196,P03,2026-02-21,121,2,Short Shot,E083,Fail,2025-01-31 12:00:00
QI-004696,PR-0013506,SKU-1224,P03,2026-02-21,164,5,Burn Marks,E104,Fail,2025-02-02 03:00:00
QI-004697,PR-0013507,SKU-1224,P03,2026-02-21,164,5,Flash,E098,Fail,2025-02-02 22:00:00
QI-004698,PR-0013508,SKU-1196,P04,2026-02-21,178,3,Flash,E131,Fail,2025-02-02 09:00:00
QI-004699,PR-0013511,SKU-1070,P04,2026-02-21,128,6,Warping,E115,Fail,2025-01-31 16:00:00
QI-004700,PR-0013512,SKU-1266,P05,2026-02-21,162,8,Flash,E153,Fail,2025-01-31 05:00:00
QI-004701,PR-0013518,SKU-1161,P05,2026-02-21,262,7,Flash,E164,Fail,2025-02-02 10:00:00
QI-004702,PR-0013522,SKU-1175,P01,2026-02-22,141,8,Burn Marks,E034,Fail,2025-02-01 06:00:00
QI-004703,PR-0013523,SKU-1259,P01,2026-02-22,137,4,Cracking,E026,Fail,2025-02-02 02:00:00
QI-004704,PR-0013524,SKU-1112,P01,2026-02-22,151,2,Sink Marks,E020,Fail,2025-01-31 17:00:00
QI-004705,PR-0013526,SKU-1273,P01,2026-02-22,177,4,Sink Marks,E020,Fail,2025-02-02 21:00:00
QI-004706,PR-0013527,SKU-1147,P02,2026-02-22,312,13,Sink Marks,E054,Fail,2025-02-01 18:00:00
QI-004707,PR-0013529,SKU-1280,P02,2026-02-22,265,8,Flash,E055,Fail,2025-02-02 15:00:00
QI-004708,PR-0013535,SKU-1070,P02,2026-02-22,155,3,Cracking,E040,Fail,2025-02-01 18:00:00
QI-004709,PR-0013536,SKU-1182,P03,2026-02-22,123,2,Flash,E098,Fail,2025-01-31 20:00:00
QI-004710,PR-0013537,SKU-1182,P03,2026-02-22,123,3,Sink Marks,E104,Fail,2025-02-02 03:00:00
QI-004711,PR-0013543,SKU-1175,P04,2026-02-22,197,9,Burn Marks,E121,Fail,2025-01-31 16:00:00
QI-004712,PR-0013546,SKU-1056,P04,2026-02-22,299,19,Sink Marks,E131,Fail,2025-02-02 06:00:00
QI-004713,PR-0013550,SKU-1175,P05,2026-02-22,256,7,Sink Marks,E172,Fail,2025-01-31 09:00:00
QI-004714,PR-0013551,SKU-1182,P05,2026-02-22,138,5,Flash,E174,Fail,2025-02-02 17:00:00
QI-004715,PR-0013553,SKU-1168,P05,2026-02-22,208,6,Flash,E153,Fail,2025-01-31 13:00:00
QI-004716,PR-0013556,SKU-1112,P01,2026-02-23,195,2,Sink Marks,E015,Fail,2025-02-01 00:00:00
QI-004717,PR-0013562,SKU-1161,P02,2026-02-23,296,12,Burn Marks,E051,Fail,2025-01-31 21:00:00
QI-004718,PR-0013575,SKU-1273,P03,2026-02-23,157,3,Cracking,E108,Fail,2025-02-02 01:00:00
QI-004719,PR-0013576,SKU-1273,P03,2026-02-23,157,4,Short Shot,E080,Fail,2025-02-02 11:00:00
QI-004720,PR-0013579,SKU-1224,P03,2026-02-23,260,12,Warping,E080,Fail,2025-01-31 07:00:00
QI-004721,PR-0013580,SKU-1224,P03,2026-02-23,261,6,Flash,E098,Fail,2025-02-01 10:00:00
QI-004722,PR-0013581,SKU-1280,P03,2026-02-23,182,7,Flash,E103,Fail,2025-02-02 13:00:00
QI-004723,PR-0013583,SKU-1175,P04,2026-02-23,248,6,Short Shot,E132,Fail,2025-02-02 20:00:00
QI-004724,PR-0013597,SKU-1119,P01,2026-02-24,180,7,Cracking,E028,Fail,2025-01-31 08:00:00
QI-004725,PR-0013598,SKU-1224,P02,2026-02-24,124,4,Sink Marks,E048,Fail,2025-02-02 18:00:00
QI-004726,PR-0013601,SKU-1266,P02,2026-02-24,117,1,Flash,E055,Fail,2025-02-01 10:00:00
QI-004727,PR-0013602,SKU-1070,P02,2026-02-24,274,9,Warping,E044,Fail,2025-02-01 03:00:00
QI-004728,PR-0013605,SKU-1126,P02,2026-02-24,187,6,Sink Marks,E048,Fail,2025-02-02 02:00:00
QI-004729,PR-0013607,SKU-1273,P03,2026-02-24,112,4,Burn Marks,E096,Fail,2025-01-31 12:00:00
QI-004730,PR-0013608,SKU-1273,P03,2026-02-24,112,2,Burn Marks,E108,Fail,2025-02-02 00:00:00
QI-004731,PR-0013612,SKU-1084,P03,2026-02-24,230,5,Flash,E083,Fail,2025-02-01 02:00:00
QI-004732,PR-0013623,SKU-1280,P05,2026-02-24,289,10,Sink Marks,E172,Fail,2025-02-02 08:00:00
QI-004733,PR-0013624,SKU-1112,P05,2026-02-24,207,8,Short Shot,E172,Fail,2025-01-31 08:00:00
QI-004734,PR-0013634,SKU-1126,P02,2026-02-25,138,6,Short Shot,E044,Fail,2025-01-31 05:00:00
QI-004735,PR-0013636,SKU-1049,P03,2026-02-25,322,12,Warping,E103,Fail,2025-01-31 21:00:00
QI-004736,PR-0013637,SKU-1021,P03,2026-02-25,248,13,Warping,E077,Fail,2025-02-02 13:00:00
QI-004737,PR-0013639,SKU-1189,P03,2026-02-25,281,10,Cracking,E103,Fail,2025-02-02 18:00:00
QI-004738,PR-0013645,SKU-1245,P04,2026-02-25,321,11,Flash,E137,Fail,2025-02-01 03:00:00
QI-004739,PR-0013648,SKU-1133,P05,2026-02-25,301,12,Flash,E147,Fail,2025-02-02 08:00:00
QI-004740,PR-0013651,SKU-1077,P05,2026-02-25,133,4,Sink Marks,E152,Fail,2025-01-31 17:00:00
QI-004741,PR-0013656,SKU-1182,P01,2026-02-26,249,5,Flash,E021,Fail,2025-01-31 13:00:00
QI-004742,PR-0013662,SKU-1119,P02,2026-02-26,321,13,Flash,E044,Fail,2025-02-01 08:00:00
QI-004743,PR-0013663,SKU-1119,P02,2026-02-26,321,8,Sink Marks,E063,Fail,2025-02-01 13:00:00
QI-004744,PR-0013673,SKU-1091,P03,2026-02-26,125,6,Flash,E080,Fail,2025-02-01 17:00:00
QI-004745,PR-0013675,SKU-1189,P03,2026-02-26,320,13,Flash,E078,Fail,2025-02-01 05:00:00
QI-004746,PR-0013676,SKU-1189,P03,2026-02-26,321,16,Short Shot,E103,Fail,2025-02-01 17:00:00
QI-004747,PR-0013677,SKU-1252,P04,2026-02-26,114,5,Flash,E133,Fail,2025-02-01 16:00:00
QI-004748,PR-0013678,SKU-1252,P04,2026-02-26,114,5,Sink Marks,E111,Fail,2025-02-02 20:00:00
QI-004749,PR-0013681,SKU-1112,P05,2026-02-26,286,7,Sink Marks,E148,Fail,2025-02-01 18:00:00
QI-004750,PR-0013686,SKU-1007,P01,2026-02-27,177,6,Short Shot,E014,Fail,2025-01-31 17:00:00
QI-004751,PR-0013687,SKU-1007,P01,2026-02-27,178,4,Cracking,E015,Fail,2025-02-02 13:00:00
QI-004752,PR-0013688,SKU-1042,P01,2026-02-27,229,8,Short Shot,E015,Fail,2025-02-01 13:00:00
QI-004753,PR-0013689,SKU-1098,P01,2026-02-27,286,8,Short Shot,E020,Fail,2025-02-01 18:00:00
QI-004754,PR-0013690,SKU-1217,P01,2026-02-27,228,10,Short Shot,E020,Fail,2025-02-02 15:00:00
QI-004755,PR-0013693,SKU-1014,P02,2026-02-27,294,7,Flash,E067,Fail,2025-02-02 14:00:00
QI-004756,PR-0013699,SKU-1252,P03,2026-02-27,170,6,Short Shot,E098,Fail,2025-02-02 05:00:00
QI-004757,PR-0013715,SKU-1245,P05,2026-02-27,109,5,Short Shot,E152,Fail,2025-01-31 13:00:00
QI-004758,PR-0013719,SKU-1063,P01,2026-02-28,180,7,Sink Marks,E029,Fail,2025-01-31 19:00:00
QI-004759,PR-0013720,SKU-1042,P01,2026-02-28,142,3,Flash,E017,Fail,2025-02-01 02:00:00
QI-004760,PR-0013721,SKU-1042,P01,2026-02-28,142,3,Cracking,E020,Fail,2025-02-02 07:00:00
QI-004761,PR-0013722,SKU-1084,P01,2026-02-28,157,5,Flash,E034,Fail,2025-02-02 19:00:00
QI-004762,PR-0013723,SKU-1084,P01,2026-02-28,158,5,Short Shot,E034,Fail,2025-01-31 03:00:00
QI-004763,PR-0013727,SKU-1259,P02,2026-02-28,267,7,Cracking,E055,Fail,2025-01-31 13:00:00
QI-004764,PR-0013728,SKU-1084,P02,2026-02-28,229,10,Sink Marks,E044,Fail,2025-02-02 05:00:00
QI-004765,PR-0013731,SKU-1161,P02,2026-02-28,122,4,Burn Marks,E056,Fail,2025-01-31 21:00:00
QI-004766,PR-0013733,SKU-1175,P03,2026-02-28,239,6,Short Shot,E074,Fail,2025-01-31 05:00:00
QI-004767,PR-0013735,SKU-1217,P03,2026-02-28,243,5,Warping,E080,Fail,2025-01-31 02:00:00
QI-004768,PR-0013746,SKU-1147,P05,2026-02-28,196,4,Burn Marks,E162,Fail,2025-01-31 11:00:00
QI-004769,PR-0013750,SKU-1007,P05,2026-02-28,104,4,Short Shot,E163,Fail,2025-02-01 18:00:00
QI-004770,PR-0013752,SKU-1007,P01,2026-03-01,196,3,Flash,E028,Fail,2025-02-01 21:00:00
QI-004771,PR-0013753,SKU-1007,P01,2026-03-01,196,5,Burn Marks,E007,Fail,2025-02-01 17:00:00
QI-004772,PR-0013754,SKU-1196,P01,2026-03-01,206,4,Short Shot,E021,Fail,2025-01-31 06:00:00
QI-004773,PR-0013762,SKU-1035,P02,2026-03-01,178,3,Flash,E048,Fail,2025-02-01 03:00:00
QI-004774,PR-0013763,SKU-1056,P02,2026-03-01,190,4,Burn Marks,E063,Fail,2025-01-31 21:00:00
QI-004775,PR-0013764,SKU-1056,P02,2026-03-01,190,11,Short Shot,E062,Fail,2025-02-01 19:00:00
QI-004776,PR-0013768,SKU-1077,P02,2026-03-01,176,7,Sink Marks,E048,Fail,2025-02-02 11:00:00
QI-004777,PR-0013771,SKU-1203,P03,2026-03-01,122,4,Flash,E096,Fail,2025-02-01 01:00:00
QI-004778,PR-0013772,SKU-1203,P03,2026-03-01,173,4,Short Shot,E074,Fail,2025-02-01 02:00:00
QI-004779,PR-0013773,SKU-1203,P03,2026-03-01,173,5,Short Shot,E103,Fail,2025-02-01 18:00:00
QI-004780,PR-0013774,SKU-1217,P03,2026-03-01,151,8,Sink Marks,E074,Fail,2025-01-31 14:00:00
QI-004781,PR-0013777,SKU-1007,P03,2026-03-01,167,5,Flash,E080,Fail,2025-02-01 07:00:00
QI-004782,PR-0013778,SKU-1238,P04,2026-03-01,257,7,Short Shot,E141,Fail,2025-02-02 22:00:00
QI-004783,PR-0013781,SKU-1175,P04,2026-03-01,219,6,Warping,E131,Fail,2025-02-01 02:00:00
QI-004784,PR-0013782,SKU-1105,P04,2026-03-01,105,4,Flash,E125,Fail,2025-02-02 17:00:00
QI-004785,PR-0013785,SKU-1175,P04,2026-03-01,275,12,Burn Marks,E112,Fail,2025-02-01 16:00:00
QI-004786,PR-0013788,SKU-1224,P05,2026-03-01,283,13,Flash,E147,Fail,2025-02-02 17:00:00
QI-004787,PR-0013791,SKU-1252,P01,2026-03-02,313,12,Sink Marks,E016,Fail,2025-02-02 01:00:00
QI-004788,PR-0013794,SKU-1084,P01,2026-03-02,105,4,Warping,E014,Fail,2025-01-31 07:00:00
QI-004789,PR-0013798,SKU-1175,P02,2026-03-02,298,7,Sink Marks,E062,Fail,2025-01-31 19:00:00
QI-004790,PR-0013801,SKU-1203,P02,2026-03-02,134,4,Flash,E048,Fail,2025-01-31 16:00:00
QI-004791,PR-0013807,SKU-1217,P03,2026-03-02,296,17,Short Shot,E080,Fail,2025-02-01 13:00:00
QI-004792,PR-0013813,SKU-1224,P04,2026-03-02,254,11,Burn Marks,E121,Fail,2025-01-31 06:00:00
QI-004793,PR-0013816,SKU-1084,P05,2026-03-02,312,13,Flash,E172,Fail,2025-01-31 13:00:00
QI-004794,PR-0013817,SKU-1084,P05,2026-03-02,313,16,Burn Marks,E147,Fail,2025-02-01 07:00:00
QI-004795,PR-0013821,SKU-1224,P01,2026-03-03,113,3,Flash,E021,Fail,2025-01-31 18:00:00
QI-004796,PR-0013823,SKU-1049,P01,2026-03-03,240,6,Flash,E033,Fail,2025-02-01 16:00:00
QI-004797,PR-0013825,SKU-1168,P01,2026-03-03,264,8,Sink Marks,E007,Fail,2025-02-02 04:00:00
QI-004798,PR-0013827,SKU-1091,P02,2026-03-03,132,3,Short Shot,E040,Fail,2025-02-01 19:00:00
QI-004799,PR-0013834,SKU-1203,P03,2026-03-03,213,9,Short Shot,E074,Fail,2025-01-31 04:00:00
QI-004800,PR-0013841,SKU-1084,P04,2026-03-03,269,8,Flash,E141,Fail,2025-02-02 17:00:00
QI-004801,PR-0013842,SKU-1217,P04,2026-03-03,323,15,Sink Marks,E131,Fail,2025-01-31 15:00:00
QI-004802,PR-0013844,SKU-1147,P04,2026-03-03,169,4,Short Shot,E115,Fail,2025-02-01 03:00:00
QI-004803,PR-0013846,SKU-1056,P04,2026-03-03,220,7,Burn Marks,E137,Fail,2025-01-31 02:00:00
QI-004804,PR-0013847,SKU-1056,P04,2026-03-03,220,8,Sink Marks,E142,Fail,2025-02-01 22:00:00
QI-004805,PR-0013848,SKU-1168,P05,2026-03-03,135,3,Flash,E162,Fail,2025-02-02 22:00:00
QI-004806,PR-0013860,SKU-1028,P01,2026-03-04,322,7,Warping,E009,Fail,2025-01-31 13:00:00
QI-004807,PR-0013862,SKU-1238,P02,2026-03-04,116,3,Warping,E058,Fail,2025-01-31 00:00:00
QI-004808,PR-0013863,SKU-1203,P02,2026-03-04,286,9,Short Shot,E044,Fail,2025-01-31 03:00:00
QI-004809,PR-0013864,SKU-1203,P02,2026-03-04,286,9,Short Shot,E051,Fail,2025-02-02 14:00:00
QI-004810,PR-0013869,SKU-1238,P03,2026-03-04,274,10,Warping,E104,Fail,2025-01-31 06:00:00
QI-004811,PR-0013872,SKU-1245,P03,2026-03-04,178,5,Short Shot,E095,Fail,2025-01-31 20:00:00
QI-004812,PR-0013876,SKU-1210,P04,2026-03-04,260,13,Warping,E121,Fail,2025-01-31 17:00:00
QI-004813,PR-0013877,SKU-1210,P04,2026-03-04,260,9,Flash,E119,Fail,2025-02-01 19:00:00
QI-004814,PR-0013879,SKU-1084,P05,2026-03-04,216,8,Warping,E148,Fail,2025-02-02 15:00:00
QI-004815,PR-0013881,SKU-1273,P05,2026-03-04,239,13,Sink Marks,E172,Fail,2025-02-02 22:00:00
QI-004816,PR-0013883,SKU-1273,P05,2026-03-04,264,7,Flash,E171,Fail,2025-02-02 21:00:00
QI-004817,PR-0013888,SKU-1154,P01,2026-03-05,121,2,Warping,E033,Fail,2025-02-02 17:00:00
QI-004818,PR-0013889,SKU-1049,P01,2026-03-05,284,6,Flash,E016,Fail,2025-01-31 22:00:00
QI-004819,PR-0013891,SKU-1210,P01,2026-03-05,163,5,Flash,E021,Fail,2025-02-02 17:00:00
QI-004820,PR-0013892,SKU-1238,P01,2026-03-05,307,7,Sink Marks,E028,Fail,2025-02-01 00:00:00
QI-004821,PR-0013893,SKU-1028,P02,2026-03-05,291,10,Burn Marks,E055,Fail,2025-02-01 15:00:00
QI-004822,PR-0013897,SKU-1161,P02,2026-03-05,315,13,Warping,E067,Fail,2025-01-31 14:00:00
QI-004823,PR-0013913,SKU-1147,P04,2026-03-05,134,3,Burn Marks,E132,Fail,2025-02-01 11:00:00
QI-004824,PR-0013917,SKU-1161,P05,2026-03-05,210,7,Sink Marks,E161,Fail,2025-02-01 04:00:00
QI-004825,PR-0013919,SKU-1252,P05,2026-03-05,149,8,Flash,E153,Fail,2025-02-01 02:00:00
QI-004826,PR-0013926,SKU-1056,P01,2026-03-06,190,7,Flash,E014,Fail,2025-02-01 14:00:00
QI-004827,PR-0013931,SKU-1245,P02,2026-03-06,143,3,Flash,E067,Fail,2025-02-01 01:00:00
QI-004828,PR-0013933,SKU-1070,P03,2026-03-06,317,9,Short Shot,E074,Fail,2025-02-02 17:00:00
QI-004829,PR-0013935,SKU-1266,P03,2026-03-06,145,6,Flash,E103,Fail,2025-02-01 22:00:00
QI-004830,PR-0013937,SKU-1245,P03,2026-03-06,137,3,Short Shot,E103,Fail,2025-01-31 09:00:00
QI-004831,PR-0013938,SKU-1175,P03,2026-03-06,266,13,Sink Marks,E084,Fail,2025-02-01 16:00:00
QI-004832,PR-0013950,SKU-1273,P05,2026-03-06,147,5,Burn Marks,E152,Fail,2025-02-01 03:00:00
QI-004833,PR-0013951,SKU-1224,P05,2026-03-06,148,4,Sink Marks,E148,Fail,2025-02-01 00:00:00
QI-004834,PR-0013952,SKU-1224,P05,2026-03-06,149,2,Short Shot,E152,Fail,2025-01-31 07:00:00
QI-004835,PR-0013953,SKU-1035,P05,2026-03-06,290,13,Flash,E172,Fail,2025-02-02 17:00:00
QI-004836,PR-0013958,SKU-1161,P01,2026-03-07,257,10,Flash,E020,Fail,2025-02-01 05:00:00
QI-004837,PR-0013959,SKU-1259,P01,2026-03-07,133,3,Cracking,E033,Fail,2025-02-01 05:00:00
QI-004838,PR-0013963,SKU-1119,P02,2026-03-07,211,3,Warping,E055,Fail,2025-01-31 06:00:00
QI-004839,PR-0013964,SKU-1189,P02,2026-03-07,280,14,Warping,E048,Fail,2025-02-02 22:00:00
QI-004840,PR-0013965,SKU-1238,P02,2026-03-07,113,4,Warping,E051,Fail,2025-01-31 19:00:00
QI-004841,PR-0013966,SKU-1238,P02,2026-03-07,113,4,Sink Marks,E053,Fail,2025-02-02 08:00:00
QI-004842,PR-0013973,SKU-1238,P04,2026-03-07,290,11,Sink Marks,E121,Fail,2025-02-02 10:00:00
QI-004843,PR-0013975,SKU-1210,P04,2026-03-07,285,6,Cracking,E133,Fail,2025-02-02 19:00:00
QI-004844,PR-0013976,SKU-1210,P04,2026-03-07,285,12,Burn Marks,E120,Fail,2025-02-02 13:00:00
QI-004845,PR-0013978,SKU-1007,P04,2026-03-07,285,8,Warping,E134,Fail,2025-02-02 03:00:00
QI-004846,PR-0013987,SKU-1168,P01,2026-03-08,224,6,Sink Marks,E010,Fail,2025-02-01 10:00:00
QI-004847,PR-0013988,SKU-1168,P01,2026-03-08,225,8,Short Shot,E014,Fail,2025-02-02 13:00:00
QI-004848,PR-0013990,SKU-1217,P01,2026-03-08,299,8,Sink Marks,E001,Fail,2025-01-31 16:00:00
QI-004849,PR-0013992,SKU-1084,P01,2026-03-08,199,4,Flash,E009,Fail,2025-02-01 00:00:00
QI-004850,PR-0013993,SKU-1084,P02,2026-03-08,324,9,Flash,E043,Fail,2025-02-01 06:00:00
QI-004851,PR-0013998,SKU-1021,P03,2026-03-08,100,2,Flash,E108,Fail,2025-01-31 01:00:00
QI-004852,PR-0013999,SKU-1231,P03,2026-03-08,172,6,Sink Marks,E076,Fail,2025-01-31 19:00:00
QI-004853,PR-0014001,SKU-1077,P03,2026-03-08,200,11,Sink Marks,E079,Fail,2025-01-31 05:00:00
QI-004854,PR-0014004,SKU-1126,P03,2026-03-08,296,11,Short Shot,E078,Fail,2025-01-31 09:00:00
QI-004855,PR-0014015,SKU-1210,P05,2026-03-08,302,8,Flash,E162,Fail,2025-02-02 18:00:00
QI-004856,PR-0014016,SKU-1007,P05,2026-03-08,318,9,Sink Marks,E162,Fail,2025-02-01 11:00:00
QI-004857,PR-0014017,SKU-1028,P05,2026-03-08,294,15,Burn Marks,E172,Fail,2025-01-31 09:00:00
QI-004858,PR-0014023,SKU-1021,P02,2026-03-09,252,8,Short Shot,E055,Fail,2025-02-02 09:00:00
QI-004859,PR-0014024,SKU-1021,P02,2026-03-09,253,10,Short Shot,E067,Fail,2025-02-02 02:00:00
QI-004860,PR-0014026,SKU-1175,P02,2026-03-09,239,10,Short Shot,E054,Fail,2025-02-01 08:00:00
QI-004861,PR-0014027,SKU-1175,P02,2026-03-09,231,11,Cracking,E056,Fail,2025-01-31 04:00:00
QI-004862,PR-0014030,SKU-1161,P03,2026-03-09,181,5,Short Shot,E080,Fail,2025-02-02 09:00:00
QI-004863,PR-0014035,SKU-1217,P03,2026-03-09,312,8,Flash,E086,Fail,2025-02-02 05:00:00
QI-004864,PR-0014037,SKU-1280,P04,2026-03-09,204,6,Warping,E141,Fail,2025-02-01 18:00:00
QI-004865,PR-0014041,SKU-1154,P04,2026-03-09,119,4,Cracking,E143,Fail,2025-01-31 12:00:00
QI-004866,PR-0014046,SKU-1161,P05,2026-03-09,221,10,Flash,E179,Fail,2025-01-31 21:00:00
QI-004867,PR-0014047,SKU-1161,P05,2026-03-09,222,7,Sink Marks,E148,Fail,2025-01-31 07:00:00
QI-004868,PR-0014054,SKU-1042,P01,2026-03-10,156,3,Short Shot,E016,Fail,2025-01-31 20:00:00
QI-004869,PR-0014061,SKU-1098,P02,2026-03-10,135,3,Short Shot,E062,Fail,2025-02-02 07:00:00
QI-004870,PR-0014067,SKU-1126,P03,2026-03-10,238,7,Short Shot,E083,Fail,2025-01-31 16:00:00
QI-004871,PR-0014068,SKU-1168,P03,2026-03-10,141,3,Warping,E108,Fail,2025-02-02 18:00:00
QI-004872,PR-0014070,SKU-1252,P04,2026-03-10,313,10,Short Shot,E134,Fail,2025-01-31 02:00:00
QI-004873,PR-0014072,SKU-1133,P04,2026-03-10,308,9,Flash,E115,Fail,2025-02-02 20:00:00
QI-004874,PR-0014077,SKU-1154,P05,2026-03-10,232,6,Burn Marks,E162,Fail,2025-02-02 01:00:00
QI-004875,PR-0014078,SKU-1126,P05,2026-03-10,229,10,Flash,E172,Fail,2025-01-31 10:00:00
QI-004876,PR-0014080,SKU-1140,P05,2026-03-10,320,15,Flash,E171,Fail,2025-02-02 08:00:00
QI-004877,PR-0014082,SKU-1007,P05,2026-03-10,276,9,Sink Marks,E171,Fail,2025-02-01 16:00:00
QI-004878,PR-0014086,SKU-1266,P01,2026-03-11,125,3,Flash,E029,Fail,2025-02-02 12:00:00
QI-004879,PR-0014088,SKU-1077,P01,2026-03-11,131,4,Flash,E016,Fail,2025-02-02 11:00:00
QI-004880,PR-0014090,SKU-1063,P01,2026-03-11,125,6,Burn Marks,E034,Fail,2025-02-02 19:00:00
QI-004881,PR-0014091,SKU-1280,P01,2026-03-11,243,7,Flash,E030,Fail,2025-01-31 21:00:00
QI-004882,PR-0014095,SKU-1196,P02,2026-03-11,112,3,Sink Marks,E067,Fail,2025-02-01 20:00:00
QI-004883,PR-0014097,SKU-1273,P02,2026-03-11,273,4,Sink Marks,E058,Fail,2025-02-01 16:00:00
QI-004884,PR-0014098,SKU-1273,P02,2026-03-11,273,8,Flash,E055,Fail,2025-01-31 17:00:00
QI-004885,PR-0014099,SKU-1245,P02,2026-03-11,125,3,Warping,E044,Fail,2025-01-31 16:00:00
QI-004886,PR-0014101,SKU-1280,P02,2026-03-11,118,4,Burn Marks,E051,Fail,2025-02-01 21:00:00
QI-004887,PR-0014102,SKU-1014,P03,2026-03-11,150,6,Flash,E080,Fail,2025-01-31 15:00:00
QI-004888,PR-0014103,SKU-1014,P03,2026-03-11,150,4,Flash,E074,Fail,2025-02-02 08:00:00
QI-004889,PR-0014107,SKU-1203,P04,2026-03-11,149,3,Sink Marks,E140,Fail,2025-01-31 10:00:00
QI-004890,PR-0014110,SKU-1028,P04,2026-03-11,180,8,Short Shot,E125,Fail,2025-01-31 05:00:00
QI-004891,PR-0014115,SKU-1245,P05,2026-03-11,296,11,Sink Marks,E152,Fail,2025-02-02 04:00:00
QI-004892,PR-0014116,SKU-1245,P05,2026-03-11,296,6,Short Shot,E163,Fail,2025-02-02 19:00:00
QI-004893,PR-0014123,SKU-1161,P01,2026-03-12,184,4,Short Shot,E016,Fail,2025-01-31 20:00:00
QI-004894,PR-0014125,SKU-1112,P01,2026-03-12,217,8,Sink Marks,E030,Fail,2025-01-31 03:00:00
QI-004895,PR-0014126,SKU-1112,P01,2026-03-12,218,7,Flash,E034,Fail,2025-02-02 15:00:00
QI-004896,PR-0014128,SKU-1077,P01,2026-03-12,325,6,Flash,E009,Fail,2025-02-01 00:00:00
QI-004897,PR-0014132,SKU-1238,P02,2026-03-12,141,5,Warping,E044,Fail,2025-02-01 00:00:00
QI-004898,PR-0014134,SKU-1259,P02,2026-03-12,309,7,Sink Marks,E053,Fail,2025-01-31 11:00:00
QI-004899,PR-0014138,SKU-1035,P03,2026-03-12,264,7,Flash,E096,Fail,2025-01-31 22:00:00
QI-004900,PR-0014153,SKU-1182,P05,2026-03-12,140,7,Flash,E172,Fail,2025-02-02 15:00:00
QI-004901,PR-0014154,SKU-1182,P05,2026-03-12,234,6,Sink Marks,E153,Fail,2025-01-31 05:00:00
QI-004902,PR-0014163,SKU-1056,P01,2026-03-13,158,1,Flash,E028,Fail,2025-02-02 22:00:00
QI-004903,PR-0014168,SKU-1133,P03,2026-03-13,210,6,Burn Marks,E088,Fail,2025-02-01 03:00:00
QI-004904,PR-0014170,SKU-1119,P03,2026-03-13,285,10,Short Shot,E088,Fail,2025-01-31 03:00:00
QI-004905,PR-0014172,SKU-1273,P03,2026-03-13,278,9,Warping,E080,Fail,2025-01-31 21:00:00
QI-004906,PR-0014173,SKU-1189,P04,2026-03-13,124,3,Flash,E140,Fail,2025-02-02 00:00:00
QI-004907,PR-0014174,SKU-1007,P04,2026-03-13,192,6,Short Shot,E134,Fail,2025-01-31 14:00:00
QI-004908,PR-0014180,SKU-1168,P05,2026-03-13,211,7,Cracking,E162,Fail,2025-02-02 12:00:00
QI-004909,PR-0014186,SKU-1140,P01,2026-03-14,242,11,Cracking,E029,Fail,2025-01-31 12:00:00
QI-004910,PR-0014188,SKU-1252,P01,2026-03-14,254,9,Flash,E006,Fail,2025-02-02 21:00:00
QI-004911,PR-0014189,SKU-1252,P01,2026-03-14,254,7,Short Shot,E020,Fail,2025-01-31 05:00:00
QI-004912,PR-0014191,SKU-1035,P02,2026-03-14,142,3,Sink Marks,E067,Fail,2025-02-02 15:00:00
QI-004913,PR-0014201,SKU-1140,P03,2026-03-14,297,12,Flash,E074,Fail,2025-01-31 10:00:00
QI-004914,PR-0014204,SKU-1133,P03,2026-03-14,152,5,Short Shot,E080,Fail,2025-02-01 18:00:00
QI-004915,PR-0014206,SKU-1028,P03,2026-03-14,201,5,Flash,E103,Fail,2025-01-31 01:00:00
QI-004916,PR-0014211,SKU-1028,P04,2026-03-14,191,5,Sink Marks,E141,Fail,2025-01-31 20:00:00
QI-004917,PR-0014213,SKU-1217,P04,2026-03-14,165,5,Flash,E110,Fail,2025-02-02 15:00:00
QI-004918,PR-0014216,SKU-1014,P05,2026-03-14,199,8,Burn Marks,E148,Fail,2025-01-31 11:00:00
QI-004919,PR-0014218,SKU-1028,P05,2026-03-14,218,9,Sink Marks,E152,Fail,2025-02-01 16:00:00
QI-004920,PR-0014220,SKU-1161,P05,2026-03-14,304,10,Sink Marks,E171,Fail,2025-02-02 04:00:00
QI-004921,PR-0014222,SKU-1210,P05,2026-03-14,165,9,Warping,E172,Fail,2025-02-02 11:00:00
QI-004922,PR-0014223,SKU-1210,P05,2026-03-14,166,7,Warping,E153,Fail,2025-01-31 05:00:00
QI-004923,PR-0014230,SKU-1280,P01,2026-03-15,260,8,Flash,E017,Fail,2025-02-01 20:00:00
QI-004924,PR-0014231,SKU-1203,P01,2026-03-15,106,3,Burn Marks,E034,Fail,2025-01-31 18:00:00
QI-004925,PR-0014233,SKU-1217,P01,2026-03-15,310,9,Sink Marks,E015,Fail,2025-02-01 20:00:00
QI-004926,PR-0014234,SKU-1203,P02,2026-03-15,309,10,Warping,E043,Fail,2025-02-01 06:00:00
QI-004927,PR-0014235,SKU-1105,P02,2026-03-15,300,12,Flash,E067,Fail,2025-02-02 13:00:00
QI-004928,PR-0014237,SKU-1154,P02,2026-03-15,115,4,Short Shot,E043,Fail,2025-02-02 22:00:00
QI-004929,PR-0014238,SKU-1105,P03,2026-03-15,195,7,Cracking,E095,Fail,2025-01-31 12:00:00
QI-004930,PR-0014239,SKU-1168,P03,2026-03-15,180,5,Cracking,E104,Fail,2025-02-02 22:00:00
QI-004931,PR-0014240,SKU-1238,P03,2026-03-15,153,4,Warping,E074,Fail,2025-02-01 07:00:00
QI-004932,PR-0014242,SKU-1161,P03,2026-03-15,113,4,Cracking,E092,Fail,2025-02-01 13:00:00
QI-004933,PR-0014247,SKU-1056,P04,2026-03-15,189,9,Flash,E111,Fail,2025-01-31 00:00:00
QI-004934,PR-0014249,SKU-1154,P04,2026-03-15,168,6,Short Shot,E122,Fail,2025-02-02 06:00:00
QI-004935,PR-0014251,SKU-1077,P05,2026-03-15,280,13,Warping,E164,Fail,2025-02-01 20:00:00
QI-004936,PR-0014257,SKU-1224,P01,2026-03-16,274,9,Short Shot,E021,Fail,2025-02-01 06:00:00
QI-004937,PR-0014269,SKU-1161,P03,2026-03-16,111,3,Flash,E096,Fail,2025-02-01 11:00:00
QI-004938,PR-0014270,SKU-1245,P03,2026-03-16,278,8,Short Shot,E108,Fail,2025-02-02 21:00:00
QI-004939,PR-0014271,SKU-1105,P04,2026-03-16,164,7,Sink Marks,E115,Fail,2025-02-02 06:00:00
QI-004940,PR-0014272,SKU-1105,P04,2026-03-16,165,5,Flash,E119,Fail,2025-02-02 10:00:00
QI-004941,PR-0014273,SKU-1014,P04,2026-03-16,141,4,Flash,E111,Fail,2025-01-31 00:00:00
QI-004942,PR-0014277,SKU-1175,P04,2026-03-16,236,10,Sink Marks,E115,Fail,2025-02-02 22:00:00
QI-004943,PR-0014283,SKU-1028,P05,2026-03-16,250,8,Sink Marks,E153,Fail,2025-02-02 18:00:00
QI-004944,PR-0014290,SKU-1266,P01,2026-03-17,117,2,Short Shot,E015,Fail,2025-02-02 10:00:00
QI-004945,PR-0014291,SKU-1105,P01,2026-03-17,153,7,Flash,E007,Fail,2025-02-01 14:00:00
QI-004946,PR-0014293,SKU-1077,P01,2026-03-17,115,3,Short Shot,E030,Fail,2025-02-02 07:00:00
QI-004947,PR-0014294,SKU-1112,P02,2026-03-17,299,5,Sink Marks,E058,Fail,2025-02-01 17:00:00
QI-004948,PR-0014295,SKU-1168,P02,2026-03-17,230,6,Short Shot,E067,Fail,2025-02-01 01:00:00
QI-004949,PR-0014303,SKU-1203,P04,2026-03-17,236,10,Short Shot,E142,Fail,2025-01-31 05:00:00
QI-004950,PR-0014304,SKU-1014,P04,2026-03-17,139,5,Sink Marks,E141,Fail,2025-02-02 08:00:00
QI-004951,PR-0014305,SKU-1014,P04,2026-03-17,140,4,Sink Marks,E131,Fail,2025-01-31 01:00:00
QI-004952,PR-0014306,SKU-1175,P04,2026-03-17,178,7,Flash,E115,Fail,2025-01-31 20:00:00
QI-004953,PR-0014313,SKU-1168,P05,2026-03-17,167,5,Short Shot,E159,Fail,2025-02-02 01:00:00
QI-004954,PR-0014316,SKU-1161,P05,2026-03-17,215,9,Short Shot,E153,Fail,2025-01-31 01:00:00
QI-004955,PR-0014319,SKU-1273,P01,2026-03-18,197,4,Short Shot,E021,Fail,2025-02-02 13:00:00
QI-004956,PR-0014321,SKU-1280,P02,2026-03-18,104,3,Cracking,E068,Fail,2025-02-01 20:00:00
QI-004957,PR-0014325,SKU-1021,P02,2026-03-18,177,9,Sink Marks,E062,Fail,2025-02-01 09:00:00
QI-004958,PR-0014326,SKU-1021,P02,2026-03-18,177,4,Flash,E043,Fail,2025-01-31 18:00:00
QI-004959,PR-0014327,SKU-1042,P02,2026-03-18,159,6,Burn Marks,E062,Fail,2025-01-31 01:00:00
QI-004960,PR-0014336,SKU-1266,P04,2026-03-18,245,10,Warping,E112,Fail,2025-02-01 16:00:00
QI-004961,PR-0014339,SKU-1035,P04,2026-03-18,212,11,Short Shot,E115,Fail,2025-02-02 00:00:00
QI-004962,PR-0014345,SKU-1098,P05,2026-03-18,220,7,Warping,E162,Fail,2025-01-31 04:00:00
QI-004963,PR-0014347,SKU-1056,P05,2026-03-18,110,3,Warping,E175,Fail,2025-02-01 22:00:00
QI-004964,PR-0014351,SKU-1182,P01,2026-03-19,318,8,Cracking,E009,Fail,2025-02-02 01:00:00
QI-004965,PR-0014352,SKU-1175,P01,2026-03-19,261,6,Warping,E015,Fail,2025-01-31 09:00:00
QI-004966,PR-0014356,SKU-1147,P02,2026-03-19,139,4,Sink Marks,E043,Fail,2025-02-01 18:00:00
QI-004967,PR-0014357,SKU-1014,P02,2026-03-19,143,4,Short Shot,E043,Fail,2025-01-31 20:00:00
QI-004968,PR-0014359,SKU-1098,P03,2026-03-19,110,3,Sink Marks,E076,Fail,2025-02-02 06:00:00
QI-004969,PR-0014360,SKU-1098,P03,2026-03-19,111,3,Sink Marks,E077,Fail,2025-01-31 09:00:00
QI-004970,PR-0014368,SKU-1161,P04,2026-03-19,288,8,Short Shot,E137,Fail,2025-02-01 10:00:00
QI-004971,PR-0014371,SKU-1217,P05,2026-03-19,308,11,Sink Marks,E175,Fail,2025-01-31 07:00:00
QI-004972,PR-0014372,SKU-1035,P05,2026-03-19,184,7,Sink Marks,E163,Fail,2025-02-01 01:00:00
QI-004973,PR-0014373,SKU-1042,P05,2026-03-19,114,4,Cracking,E152,Fail,2025-02-02 12:00:00
QI-004974,PR-0014377,SKU-1161,P01,2026-03-20,236,7,Sink Marks,E033,Fail,2025-01-31 13:00:00
QI-004975,PR-0014378,SKU-1266,P01,2026-03-20,290,9,Flash,E021,Fail,2025-02-01 19:00:00
QI-004976,PR-0014380,SKU-1091,P01,2026-03-20,313,7,Flash,E028,Fail,2025-01-31 05:00:00
QI-004977,PR-0014382,SKU-1203,P01,2026-03-20,316,6,Flash,E010,Fail,2025-02-01 11:00:00
QI-004978,PR-0014384,SKU-1084,P02,2026-03-20,285,9,Warping,E053,Fail,2025-02-02 17:00:00
QI-004979,PR-0014385,SKU-1021,P02,2026-03-20,279,12,Cracking,E043,Fail,2025-01-31 22:00:00
QI-004980,PR-0014388,SKU-1035,P02,2026-03-20,282,11,Burn Marks,E048,Fail,2025-02-02 14:00:00
QI-004981,PR-0014389,SKU-1077,P02,2026-03-20,301,7,Sink Marks,E040,Fail,2025-02-02 00:00:00
QI-004982,PR-0014393,SKU-1119,P03,2026-03-20,144,3,Short Shot,E095,Fail,2025-02-02 21:00:00
QI-004983,PR-0014394,SKU-1154,P03,2026-03-20,131,3,Flash,E074,Fail,2025-02-01 06:00:00
QI-004984,PR-0014398,SKU-1224,P04,2026-03-20,163,5,Short Shot,E119,Fail,2025-02-02 11:00:00
QI-004985,PR-0014399,SKU-1091,P04,2026-03-20,249,9,Flash,E137,Fail,2025-01-31 07:00:00
QI-004986,PR-0014403,SKU-1245,P05,2026-03-20,271,12,Flash,E161,Fail,2025-01-31 01:00:00
QI-004987,PR-0014404,SKU-1245,P05,2026-03-20,272,12,Burn Marks,E171,Fail,2025-02-02 09:00:00
QI-004988,PR-0014405,SKU-1273,P05,2026-03-20,122,3,Warping,E153,Fail,2025-01-31 05:00:00
QI-004989,PR-0014406,SKU-1273,P05,2026-03-20,122,4,Flash,E164,Fail,2025-02-01 15:00:00
QI-004990,PR-0014407,SKU-1196,P05,2026-03-20,154,3,Sink Marks,E171,Fail,2025-01-31 10:00:00
QI-004991,PR-0014410,SKU-1259,P01,2026-03-21,143,3,Flash,E009,Fail,2025-02-02 16:00:00
QI-004992,PR-0014413,SKU-1217,P01,2026-03-21,187,4,Short Shot,E015,Fail,2025-01-31 16:00:00
QI-004993,PR-0014423,SKU-1133,P02,2026-03-21,156,5,Flash,E058,Fail,2025-01-31 00:00:00
QI-004994,PR-0014429,SKU-1056,P03,2026-03-21,140,2,Flash,E074,Fail,2025-01-31 19:00:00
QI-004995,PR-0014433,SKU-1028,P04,2026-03-21,263,9,Warping,E111,Fail,2025-01-31 15:00:00
QI-004996,PR-0014435,SKU-1210,P04,2026-03-21,169,5,Short Shot,E142,Fail,2025-02-02 10:00:00
QI-004997,PR-0014442,SKU-1280,P05,2026-03-21,319,11,Sink Marks,E152,Fail,2025-02-01 09:00:00
QI-004998,PR-0014443,SKU-1210,P05,2026-03-21,193,4,Flash,E162,Fail,2025-01-31 05:00:00
QI-004999,PR-0014444,SKU-1210,P05,2026-03-21,194,6,Flash,E147,Fail,2025-02-02 13:00:00
QI-005000,PR-0014447,SKU-1168,P05,2026-03-21,222,9,Burn Marks,E175,Fail,2025-01-31 22:00:00
QI-005001,PR-0014449,SKU-1280,P01,2026-03-22,278,8,Short Shot,E021,Fail,2025-02-02 17:00:00
QI-005002,PR-0014454,SKU-1014,P02,2026-03-22,172,8,Warping,E051,Fail,2025-01-31 05:00:00
QI-005003,PR-0014456,SKU-1056,P02,2026-03-22,303,14,Short Shot,E056,Fail,2025-02-01 11:00:00
QI-005004,PR-0014458,SKU-1140,P03,2026-03-22,195,9,Short Shot,E084,Fail,2025-02-01 03:00:00
QI-005005,PR-0014461,SKU-1091,P03,2026-03-22,229,7,Burn Marks,E103,Fail,2025-02-02 06:00:00
QI-005006,PR-0014466,SKU-1231,P04,2026-03-22,269,9,Flash,E111,Fail,2025-02-02 00:00:00
QI-005007,PR-0014475,SKU-1252,P01,2026-03-23,300,12,Flash,E030,Fail,2025-02-01 18:00:00
QI-005008,PR-0014478,SKU-1210,P01,2026-03-23,103,3,Short Shot,E029,Fail,2025-02-02 01:00:00
QI-005009,PR-0014480,SKU-1105,P01,2026-03-23,193,2,Short Shot,E017,Fail,2025-02-01 01:00:00
QI-005010,PR-0014481,SKU-1049,P02,2026-03-23,301,10,Burn Marks,E058,Fail,2025-02-02 04:00:00
QI-005011,PR-0014485,SKU-1042,P02,2026-03-23,125,3,Flash,E055,Fail,2025-02-01 22:00:00
QI-005012,PR-0014486,SKU-1070,P02,2026-03-23,172,5,Flash,E067,Fail,2025-01-31 17:00:00
QI-005013,PR-0014491,SKU-1133,P03,2026-03-23,322,8,Sink Marks,E103,Fail,2025-02-01 10:00:00
QI-005014,PR-0014493,SKU-1028,P03,2026-03-23,299,10,Sink Marks,E103,Fail,2025-02-01 21:00:00
QI-005015,PR-0014495,SKU-1014,P04,2026-03-23,274,10,Sink Marks,E132,Fail,2025-01-31 13:00:00
QI-005016,PR-0014498,SKU-1126,P04,2026-03-23,324,11,Flash,E121,Fail,2025-01-31 12:00:00
QI-005017,PR-0014499,SKU-1007,P05,2026-03-23,284,9,Short Shot,E153,Fail,2025-01-31 04:00:00
QI-005018,PR-0014506,SKU-1098,P05,2026-03-23,288,14,Short Shot,E153,Fail,2025-02-02 21:00:00
QI-005019,PR-0014507,SKU-1098,P05,2026-03-23,289,9,Short Shot,E162,Fail,2025-02-01 00:00:00
QI-005020,PR-0014510,SKU-1133,P01,2026-03-24,141,2,Short Shot,E016,Fail,2025-02-02 08:00:00
QI-005021,PR-0014512,SKU-1210,P01,2026-03-24,245,7,Short Shot,E010,Fail,2025-02-01 06:00:00
QI-005022,PR-0014517,SKU-1189,P02,2026-03-24,174,7,Flash,E051,Fail,2025-02-02 02:00:00
QI-005023,PR-0014520,SKU-1014,P03,2026-03-24,271,5,Short Shot,E098,Fail,2025-02-01 05:00:00
QI-005024,PR-0014521,SKU-1252,P03,2026-03-24,295,15,Sink Marks,E074,Fail,2025-02-02 00:00:00
QI-005025,PR-0014523,SKU-1203,P03,2026-03-24,175,5,Flash,E092,Fail,2025-02-02 09:00:00
QI-005026,PR-0014525,SKU-1126,P04,2026-03-24,180,4,Short Shot,E140,Fail,2025-01-31 01:00:00
QI-005027,PR-0014527,SKU-1098,P04,2026-03-24,174,11,Warping,E122,Fail,2025-02-02 03:00:00
QI-005028,PR-0014529,SKU-1266,P04,2026-03-24,285,10,Sink Marks,E136,Fail,2025-02-01 14:00:00
QI-005029,PR-0014530,SKU-1203,P04,2026-03-24,110,5,Sink Marks,E130,Fail,2025-02-01 19:00:00
QI-005030,PR-0014531,SKU-1196,P05,2026-03-24,225,5,Flash,E148,Fail,2025-01-31 00:00:00
QI-005031,PR-0014532,SKU-1217,P05,2026-03-24,234,9,Short Shot,E162,Fail,2025-02-01 03:00:00
QI-005032,PR-0014534,SKU-1035,P05,2026-03-24,254,9,Flash,E155,Fail,2025-01-31 14:00:00
QI-005033,PR-0014536,SKU-1014,P01,2026-03-25,161,4,Cracking,E016,Fail,2025-02-01 00:00:00
QI-005034,PR-0014537,SKU-1084,P01,2026-03-25,230,6,Short Shot,E015,Fail,2025-02-02 13:00:00
QI-005035,PR-0014546,SKU-1259,P02,2026-03-25,118,4,Flash,E068,Fail,2025-02-02 20:00:00
QI-005036,PR-0014547,SKU-1112,P03,2026-03-25,210,6,Flash,E086,Fail,2025-02-02 16:00:00
QI-005037,PR-0014551,SKU-1042,P03,2026-03-25,216,7,Flash,E092,Fail,2025-02-01 21:00:00
QI-005038,PR-0014553,SKU-1028,P04,2026-03-25,125,4,Warping,E121,Fail,2025-02-02 10:00:00
QI-005039,PR-0014554,SKU-1028,P04,2026-03-25,125,4,Sink Marks,E134,Fail,2025-02-02 19:00:00
QI-005040,PR-0014559,SKU-1126,P04,2026-03-25,269,13,Flash,E132,Fail,2025-02-01 21:00:00
QI-005041,PR-0014560,SKU-1126,P04,2026-03-25,269,13,Sink Marks,E110,Fail,2025-01-31 06:00:00
QI-005042,PR-0014561,SKU-1112,P05,2026-03-25,168,6,Warping,E172,Fail,2025-02-01 16:00:00
QI-005043,PR-0014562,SKU-1217,P05,2026-03-25,139,5,Flash,E155,Fail,2025-01-31 07:00:00
QI-005044,PR-0014565,SKU-1028,P05,2026-03-25,134,3,Flash,E175,Fail,2025-01-31 03:00:00
QI-005045,PR-0014571,SKU-1168,P01,2026-03-26,266,7,Sink Marks,E034,Fail,2025-02-01 09:00:00
QI-005046,PR-0014573,SKU-1105,P01,2026-03-26,241,7,Flash,E029,Fail,2025-01-31 09:00:00
QI-005047,PR-0014578,SKU-1147,P03,2026-03-26,289,10,Short Shot,E080,Fail,2025-02-01 15:00:00
QI-005048,PR-0014582,SKU-1175,P03,2026-03-26,111,3,Sink Marks,E103,Fail,2025-02-02 18:00:00
QI-005049,PR-0014586,SKU-1021,P04,2026-03-26,102,3,Warping,E132,Fail,2025-02-01 15:00:00
QI-005050,PR-0014587,SKU-1252,P04,2026-03-26,145,4,Flash,E133,Fail,2025-02-02 01:00:00
QI-005051,PR-0014589,SKU-1154,P05,2026-03-26,192,7,Warping,E163,Fail,2025-02-01 02:00:00
QI-005052,PR-0014593,SKU-1182,P05,2026-03-26,242,12,Short Shot,E171,Fail,2025-02-02 00:00:00
QI-005053,PR-0014598,SKU-1035,P01,2026-03-27,100,3,Short Shot,E007,Fail,2025-01-31 02:00:00
QI-005054,PR-0014599,SKU-1210,P01,2026-03-27,104,3,Short Shot,E029,Fail,2025-02-02 19:00:00
QI-005055,PR-0014605,SKU-1168,P02,2026-03-27,135,4,Sink Marks,E051,Fail,2025-02-01 16:00:00
QI-005056,PR-0014612,SKU-1217,P03,2026-03-27,320,14,Sink Marks,E077,Fail,2025-02-02 21:00:00
QI-005057,PR-0014613,SKU-1091,P04,2026-03-27,220,8,Flash,E133,Fail,2025-01-31 22:00:00
QI-005058,PR-0014616,SKU-1077,P04,2026-03-27,235,10,Short Shot,E121,Fail,2025-02-02 16:00:00
QI-005059,PR-0014620,SKU-1266,P05,2026-03-27,179,5,Short Shot,E153,Fail,2025-01-31 13:00:00
QI-005060,PR-0014621,SKU-1182,P05,2026-03-27,155,6,Short Shot,E153,Fail,2025-02-01 04:00:00
QI-005061,PR-0014626,SKU-1238,P01,2026-03-28,312,13,Cracking,E001,Fail,2025-02-02 09:00:00
QI-005062,PR-0014630,SKU-1245,P02,2026-03-28,188,4,Sink Marks,E053,Fail,2025-02-01 08:00:00
QI-005063,PR-0014633,SKU-1210,P02,2026-03-28,112,4,Flash,E067,Fail,2025-02-02 21:00:00
QI-005064,PR-0014634,SKU-1210,P02,2026-03-28,112,4,Cracking,E063,Fail,2025-01-31 05:00:00
QI-005065,PR-0014640,SKU-1224,P03,2026-03-28,241,6,Flash,E108,Fail,2025-02-02 17:00:00
QI-005066,PR-0014642,SKU-1140,P03,2026-03-28,235,5,Flash,E078,Fail,2025-02-01 03:00:00
QI-005067,PR-0014643,SKU-1014,P03,2026-03-28,251,8,Cracking,E078,Fail,2025-01-31 11:00:00
QI-005068,PR-0014645,SKU-1266,P04,2026-03-28,312,12,Cracking,E119,Fail,2025-01-31 12:00:00
QI-005069,PR-0014649,SKU-1273,P04,2026-03-28,101,3,Flash,E119,Fail,2025-01-31 04:00:00
QI-005070,PR-0014651,SKU-1098,P05,2026-03-28,208,8,Flash,E172,Fail,2025-02-02 21:00:00
QI-005071,PR-0014654,SKU-1154,P05,2026-03-28,253,13,Cracking,E153,Fail,2025-01-31 02:00:00
QI-005072,PR-0014657,SKU-1245,P01,2026-03-29,143,4,Flash,E020,Fail,2025-02-02 05:00:00
QI-005073,PR-0014661,SKU-1196,P01,2026-03-29,318,12,Burn Marks,E001,Fail,2025-02-02 19:00:00
QI-005074,PR-0014663,SKU-1112,P02,2026-03-29,236,6,Flash,E067,Fail,2025-02-02 08:00:00
QI-005075,PR-0014664,SKU-1203,P02,2026-03-29,130,3,Flash,E056,Fail,2025-01-31 06:00:00
QI-005076,PR-0014665,SKU-1112,P02,2026-03-29,259,8,Sink Marks,E053,Fail,2025-01-31 21:00:00
QI-005077,PR-0014666,SKU-1112,P02,2026-03-29,260,9,Sink Marks,E063,Fail,2025-02-02 06:00:00
QI-005078,PR-0014667,SKU-1091,P02,2026-03-29,123,3,Flash,E055,Fail,2025-02-02 02:00:00
QI-005079,PR-0014669,SKU-1063,P03,2026-03-29,306,10,Flash,E098,Fail,2025-01-31 14:00:00
QI-005080,PR-0014676,SKU-1154,P04,2026-03-29,185,9,Warping,E125,Fail,2025-02-01 04:00:00
QI-005081,PR-0014677,SKU-1084,P04,2026-03-29,114,3,Flash,E137,Fail,2025-02-01 05:00:00
QI-005082,PR-0014684,SKU-1014,P05,2026-03-29,243,7,Short Shot,E171,Fail,2025-02-02 04:00:00
QI-005083,PR-0014685,SKU-1014,P05,2026-03-29,243,8,Short Shot,E152,Fail,2025-02-01 15:00:00
QI-005084,PR-0014689,SKU-1063,P01,2026-03-30,219,5,Short Shot,E020,Fail,2025-02-01 15:00:00
QI-005085,PR-0014690,SKU-1238,P01,2026-03-30,319,15,Flash,E029,Fail,2025-02-01 17:00:00
QI-005086,PR-0014697,SKU-1098,P02,2026-03-30,112,4,Warping,E044,Fail,2025-01-31 17:00:00
QI-005087,PR-0014699,SKU-1259,P02,2026-03-30,292,12,Warping,E067,Fail,2025-02-02 14:00:00
QI-005088,PR-0014701,SKU-1133,P02,2026-03-30,103,4,Flash,E051,Fail,2025-01-31 14:00:00
QI-005089,PR-0014708,SKU-1105,P03,2026-03-30,321,6,Flash,E088,Fail,2025-02-02 16:00:00
QI-005090,PR-0014711,SKU-1273,P03,2026-03-30,265,11,Flash,E092,Fail,2025-02-02 00:00:00
QI-005091,PR-0014716,SKU-1056,P04,2026-03-30,197,11,Warping,E139,Fail,2025-01-31 18:00:00
QI-005092,PR-0014718,SKU-1049,P04,2026-03-30,321,16,Short Shot,E110,Fail,2025-01-31 06:00:00
QI-005093,PR-0014719,SKU-1259,P04,2026-03-30,103,4,Short Shot,E136,Fail,2025-02-02 04:00:00
QI-005094,PR-0014720,SKU-1259,P04,2026-03-30,104,4,Flash,E130,Fail,2025-02-02 09:00:00
QI-005095,PR-0014724,SKU-1252,P05,2026-03-30,177,7,Short Shot,E162,Fail,2025-01-31 10:00:00
QI-005096,PR-0014726,SKU-1084,P05,2026-03-30,139,7,Burn Marks,E172,Fail,2025-01-31 02:00:00
QI-005097,PR-0014729,SKU-1084,P05,2026-03-30,267,12,Sink Marks,E179,Fail,2025-02-01 07:00:00
QI-005098,PR-0014730,SKU-1084,P05,2026-03-30,268,12,Sink Marks,E153,Fail,2025-01-31 03:00:00
QI-005099,PR-0014731,SKU-1035,P01,2026-03-31,320,6,Cracking,E028,Fail,2025-02-02 09:00:00
QI-005100,PR-0014737,SKU-1210,P02,2026-03-31,170,8,Short Shot,E044,Fail,2025-01-31 11:00:00
QI-005101,PR-0014740,SKU-1133,P02,2026-03-31,137,6,Sink Marks,E062,Fail,2025-02-02 13:00:00
QI-005102,PR-0014742,SKU-1252,P02,2026-03-31,141,5,Flash,E054,Fail,2025-01-31 18:00:00
QI-005103,PR-0014743,SKU-1252,P02,2026-03-31,141,4,Flash,E053,Fail,2025-01-31 13:00:00
QI-005104,PR-0014745,SKU-1140,P03,2026-03-31,223,12,Cracking,E092,Fail,2025-02-02 06:00:00
QI-005105,PR-0014752,SKU-1273,P04,2026-03-31,139,4,Flash,E139,Fail,2025-02-01 01:00:00
QI-005106,PR-0014754,SKU-1252,P04,2026-03-31,133,4,Short Shot,E117,Fail,2025-02-02 11:00:00
QI-005107,PR-0014755,SKU-1154,P04,2026-03-31,251,16,Warping,E111,Fail,2025-01-31 17:00:00
QI-005108,PR-0014756,SKU-1154,P04,2026-03-31,252,10,Flash,E142,Fail,2025-02-01 08:00:00
QI-005109,PR-0014757,SKU-1252,P04,2026-03-31,139,8,Flash,E121,Fail,2025-02-01 00:00:00
QI-005110,PR-0014760,SKU-1014,P05,2026-03-31,120,5,Sink Marks,E153,Fail,2025-02-02 06:00:00
QI-005111,PR-0014763,SKU-1196,P05,2026-03-31,318,12,Sink Marks,E152,Fail,2025-02-02 06:00:00
QI-005112,PR-0014764,SKU-1077,P05,2026-03-31,257,6,Flash,E148,Fail,2025-02-01 06:00:00
QI-005113,PR-0014765,SKU-1077,P05,2026-03-31,257,11,Flash,E172,Fail,2025-02-01 21:00:00
QI-005114,PR-0014766,SKU-1056,P05,2026-03-31,217,10,Burn Marks,E179,Fail,2025-02-01 15:00:00
QI-005115,PR-0014767,SKU-1210,P05,2026-03-31,239,11,Sink Marks,E171,Fail,2025-01-31 22:00:00
QI-005116,PR-0014768,SKU-1210,P05,2026-03-31,240,8,Short Shot,E155,Fail,2025-01-31 10:00:00
QI-005117,PR-0014769,SKU-1238,P01,2026-04-01,267,10,Flash,E021,Fail,2025-01-31 21:00:00
QI-005118,PR-0014772,SKU-1035,P01,2026-04-01,272,7,Flash,E001,Fail,2025-02-02 07:00:00
QI-005119,PR-0014773,SKU-1035,P01,2026-04-01,272,10,Sink Marks,E029,Fail,2025-02-01 22:00:00
QI-005120,PR-0014774,SKU-1147,P01,2026-04-01,109,3,Flash,E001,Fail,2025-02-02 22:00:00
QI-005121,PR-0014775,SKU-1147,P01,2026-04-01,110,1,Cracking,E021,Fail,2025-02-02 01:00:00
QI-005122,PR-0014786,SKU-1098,P03,2026-04-01,297,13,Cracking,E103,Fail,2025-02-02 09:00:00
QI-005123,PR-0014787,SKU-1259,P03,2026-04-01,259,12,Short Shot,E104,Fail,2025-02-01 01:00:00
QI-005124,PR-0014789,SKU-1203,P03,2026-04-01,172,6,Warping,E092,Fail,2025-01-31 11:00:00
QI-005125,PR-0014790,SKU-1273,P03,2026-04-01,151,3,Sink Marks,E083,Fail,2025-02-02 04:00:00
QI-005126,PR-0014792,SKU-1119,P04,2026-04-01,145,6,Short Shot,E140,Fail,2025-02-01 06:00:00
QI-005127,PR-0014793,SKU-1119,P04,2026-04-01,146,4,Sink Marks,E111,Fail,2025-02-01 04:00:00
QI-005128,PR-0014797,SKU-1147,P04,2026-04-01,239,7,Burn Marks,E110,Fail,2025-02-02 18:00:00
QI-005129,PR-0014798,SKU-1147,P04,2026-04-01,241,8,Flash,E136,Fail,2025-02-02 16:00:00
QI-005130,PR-0014799,SKU-1147,P04,2026-04-01,241,8,Short Shot,E115,Fail,2025-01-31 09:00:00
QI-005131,PR-0014802,SKU-1224,P05,2026-04-01,283,10,Warping,E179,Fail,2025-01-31 05:00:00
QI-005132,PR-0014804,SKU-1154,P05,2026-04-01,231,13,Short Shot,E153,Fail,2025-01-31 21:00:00
QI-005133,PR-0014807,SKU-1266,P05,2026-04-01,107,3,Warping,E159,Fail,2025-01-31 21:00:00
QI-005134,PR-0014812,SKU-1021,P01,2026-04-02,223,4,Flash,E009,Fail,2025-02-02 08:00:00
QI-005135,PR-0014814,SKU-1280,P01,2026-04-02,180,6,Cracking,E034,Fail,2025-02-01 02:00:00
QI-005136,PR-0014815,SKU-1182,P02,2026-04-02,281,9,Flash,E053,Fail,2025-02-02 00:00:00
QI-005137,PR-0014816,SKU-1182,P02,2026-04-02,282,10,Sink Marks,E040,Fail,2025-02-01 21:00:00
QI-005138,PR-0014821,SKU-1245,P02,2026-04-02,178,9,Burn Marks,E056,Fail,2025-02-01 09:00:00
QI-005139,PR-0014828,SKU-1133,P03,2026-04-02,120,3,Sink Marks,E074,Fail,2025-02-02 02:00:00
QI-005140,PR-0014830,SKU-1042,P03,2026-04-02,317,8,Flash,E088,Fail,2025-02-01 13:00:00
QI-005141,PR-0014831,SKU-1042,P03,2026-04-02,318,10,Burn Marks,E076,Fail,2025-01-31 14:00:00
QI-005142,PR-0014832,SKU-1259,P04,2026-04-02,265,10,Short Shot,E112,Fail,2025-01-31 21:00:00
QI-005143,PR-0014836,SKU-1231,P04,2026-04-02,158,8,Short Shot,E122,Fail,2025-02-02 21:00:00
QI-005144,PR-0014838,SKU-1056,P05,2026-04-02,256,11,Burn Marks,E153,Fail,2025-02-02 04:00:00
QI-005145,PR-0014847,SKU-1028,P01,2026-04-03,196,6,Short Shot,E020,Fail,2025-02-02 22:00:00
QI-005146,PR-0014853,SKU-1273,P02,2026-04-03,117,4,Burn Marks,E048,Fail,2025-02-01 11:00:00
QI-005147,PR-0014854,SKU-1238,P02,2026-04-03,249,8,Short Shot,E054,Fail,2025-02-01 01:00:00
QI-005148,PR-0014855,SKU-1147,P02,2026-04-03,171,6,Sink Marks,E058,Fail,2025-01-31 08:00:00
QI-005149,PR-0014856,SKU-1189,P02,2026-04-03,157,9,Burn Marks,E062,Fail,2025-01-31 04:00:00
QI-005150,PR-0014857,SKU-1189,P02,2026-04-03,158,8,Warping,E054,Fail,2025-01-31 08:00:00
QI-005151,PR-0014858,SKU-1203,P02,2026-04-03,284,9,Short Shot,E067,Fail,2025-01-31 20:00:00
QI-005152,PR-0014863,SKU-1210,P03,2026-04-03,205,9,Warping,E095,Fail,2025-02-02 10:00:00
QI-005153,PR-0014865,SKU-1182,P03,2026-04-03,112,2,Burn Marks,E080,Fail,2025-01-31 22:00:00
QI-005154,PR-0014869,SKU-1238,P04,2026-04-03,304,11,Short Shot,E134,Fail,2025-02-02 06:00:00
QI-005155,PR-0014871,SKU-1210,P05,2026-04-03,196,5,Cracking,E164,Fail,2025-02-02 09:00:00
QI-005156,PR-0014874,SKU-1231,P05,2026-04-03,193,5,Cracking,E155,Fail,2025-02-02 11:00:00
QI-005157,PR-0014875,SKU-1196,P05,2026-04-03,267,9,Sink Marks,E172,Fail,2025-01-31 18:00:00
QI-005158,PR-0014879,SKU-1189,P01,2026-04-04,219,6,Sink Marks,E015,Fail,2025-02-02 04:00:00
QI-005159,PR-0014880,SKU-1161,P01,2026-04-04,320,8,Flash,E016,Fail,2025-01-31 14:00:00
QI-005160,PR-0014881,SKU-1231,P02,2026-04-04,193,5,Cracking,E056,Fail,2025-02-02 15:00:00
QI-005161,PR-0014885,SKU-1280,P02,2026-04-04,309,10,Cracking,E063,Fail,2025-02-01 05:00:00
QI-005162,PR-0014887,SKU-1063,P02,2026-04-04,191,5,Short Shot,E044,Fail,2025-02-02 16:00:00
QI-005163,PR-0014888,SKU-1063,P02,2026-04-04,192,7,Warping,E048,Fail,2025-01-31 16:00:00
QI-005164,PR-0014889,SKU-1084,P03,2026-04-04,144,6,Burn Marks,E074,Fail,2025-01-31 12:00:00
QI-005165,PR-0014892,SKU-1238,P03,2026-04-04,181,5,Burn Marks,E104,Fail,2025-01-31 14:00:00
QI-005166,PR-0014893,SKU-1161,P03,2026-04-04,195,5,Short Shot,E074,Fail,2025-02-02 11:00:00
QI-005167,PR-0014894,SKU-1084,P03,2026-04-04,259,9,Short Shot,E074,Fail,2025-02-01 07:00:00
QI-005168,PR-0014896,SKU-1021,P04,2026-04-04,211,9,Burn Marks,E136,Fail,2025-02-01 01:00:00
QI-005169,PR-0014897,SKU-1021,P04,2026-04-04,211,9,Flash,E111,Fail,2025-02-01 01:00:00
QI-005170,PR-0014901,SKU-1189,P04,2026-04-04,191,11,Short Shot,E139,Fail,2025-01-31 09:00:00
QI-005171,PR-0014903,SKU-1238,P05,2026-04-04,182,6,Flash,E152,Fail,2025-01-31 18:00:00
QI-005172,PR-0014904,SKU-1238,P05,2026-04-04,182,8,Warping,E164,Fail,2025-02-01 01:00:00
QI-005173,PR-0014907,SKU-1231,P05,2026-04-04,278,14,Flash,E161,Fail,2025-01-31 16:00:00
QI-005174,PR-0014909,SKU-1007,P01,2026-04-05,165,3,Flash,E021,Fail,2025-02-01 06:00:00
QI-005175,PR-0014911,SKU-1084,P01,2026-04-05,122,2,Short Shot,E014,Fail,2025-02-02 07:00:00
QI-005176,PR-0014913,SKU-1140,P01,2026-04-05,252,4,Warping,E020,Fail,2025-02-01 05:00:00
QI-005177,PR-0014917,SKU-1203,P02,2026-04-05,102,2,Sink Marks,E055,Fail,2025-01-31 14:00:00
QI-005178,PR-0014918,SKU-1077,P02,2026-04-05,177,4,Short Shot,E067,Fail,2025-02-01 19:00:00
QI-005179,PR-0014921,SKU-1091,P02,2026-04-05,157,9,Sink Marks,E062,Fail,2025-01-31 14:00:00
QI-005180,PR-0014924,SKU-1014,P03,2026-04-05,121,2,Flash,E080,Fail,2025-02-02 22:00:00
QI-005181,PR-0014928,SKU-1035,P04,2026-04-05,256,13,Short Shot,E132,Fail,2025-02-02 11:00:00
QI-005182,PR-0014931,SKU-1245,P04,2026-04-05,137,9,Warping,E112,Fail,2025-01-31 12:00:00
QI-005183,PR-0014934,SKU-1014,P04,2026-04-05,251,10,Short Shot,E121,Fail,2025-02-02 21:00:00
QI-005184,PR-0014936,SKU-1077,P04,2026-04-05,287,14,Warping,E115,Fail,2025-01-31 00:00:00
QI-005185,PR-0014937,SKU-1280,P05,2026-04-05,317,7,Warping,E148,Fail,2025-02-01 21:00:00
QI-005186,PR-0014940,SKU-1042,P05,2026-04-05,272,15,Burn Marks,E172,Fail,2025-02-02 14:00:00
QI-005187,PR-0014941,SKU-1147,P05,2026-04-05,188,5,Burn Marks,E162,Fail,2025-01-31 09:00:00
QI-005188,PR-0014943,SKU-1007,P05,2026-04-05,248,9,Warping,E162,Fail,2025-02-01 03:00:00
QI-005189,PR-0014946,SKU-1077,P01,2026-04-06,269,7,Warping,E034,Fail,2025-02-01 00:00:00
QI-005190,PR-0014950,SKU-1112,P01,2026-04-06,318,8,Flash,E028,Fail,2025-01-31 09:00:00
QI-005191,PR-0014951,SKU-1245,P01,2026-04-06,260,13,Flash,E034,Fail,2025-02-02 22:00:00
QI-005192,PR-0014952,SKU-1105,P01,2026-04-06,167,4,Sink Marks,E001,Fail,2025-02-02 12:00:00
QI-005193,PR-0014955,SKU-1119,P02,2026-04-06,229,7,Short Shot,E040,Fail,2025-02-02 13:00:00
QI-005194,PR-0014958,SKU-1210,P03,2026-04-06,278,7,Flash,E108,Fail,2025-02-01 00:00:00
QI-005195,PR-0014961,SKU-1070,P03,2026-04-06,291,13,Burn Marks,E086,Fail,2025-01-31 00:00:00
QI-005196,PR-0014963,SKU-1028,P04,2026-04-06,209,10,Warping,E142,Fail,2025-01-31 10:00:00
QI-005197,PR-0014966,SKU-1007,P04,2026-04-06,227,10,Sink Marks,E133,Fail,2025-01-31 19:00:00
QI-005198,PR-0014969,SKU-1175,P04,2026-04-06,144,3,Warping,E137,Fail,2025-01-31 05:00:00
QI-005199,PR-0014970,SKU-1035,P05,2026-04-06,210,7,Cracking,E171,Fail,2025-02-01 01:00:00
QI-005200,PR-0014971,SKU-1035,P05,2026-04-06,210,5,Warping,E152,Fail,2025-02-01 10:00:00
QI-005201,PR-0014981,SKU-1280,P01,2026-04-07,207,6,Cracking,E034,Fail,2025-01-31 07:00:00
QI-005202,PR-0014982,SKU-1091,P01,2026-04-07,289,9,Burn Marks,E034,Fail,2025-02-01 21:00:00
QI-005203,PR-0014984,SKU-1028,P01,2026-04-07,311,9,Warping,E016,Fail,2025-02-02 22:00:00
QI-005204,PR-0014990,SKU-1210,P03,2026-04-07,278,9,Warping,E096,Fail,2025-01-31 05:00:00
QI-005205,PR-0014992,SKU-1126,P03,2026-04-07,313,13,Burn Marks,E076,Fail,2025-02-02 19:00:00
QI-005206,PR-0014995,SKU-1070,P03,2026-04-07,132,4,Warping,E084,Fail,2025-01-31 18:00:00
QI-005207,PR-0014997,SKU-1196,P04,2026-04-07,194,5,Flash,E132,Fail,2025-02-02 16:00:00
QI-005208,PR-0014998,SKU-1007,P04,2026-04-07,258,8,Flash,E139,Fail,2025-02-02 17:00:00
QI-005209,PR-0015000,SKU-1105,P04,2026-04-07,102,2,Sink Marks,E120,Fail,2025-02-02 13:00:00
QI-005210,PR-0015001,SKU-1217,P04,2026-04-07,214,5,Flash,E139,Fail,2025-02-01 20:00:00
QI-005211,PR-0015002,SKU-1217,P04,2026-04-07,214,5,Flash,E139,Fail,2025-02-02 14:00:00
QI-005212,PR-0015003,SKU-1210,P05,2026-04-07,257,10,Flash,E155,Fail,2025-01-31 02:00:00
QI-005213,PR-0015005,SKU-1070,P05,2026-04-07,317,11,Short Shot,E162,Fail,2025-01-31 16:00:00
QI-005214,PR-0015006,SKU-1196,P05,2026-04-07,299,8,Flash,E162,Fail,2025-01-31 11:00:00
QI-005215,PR-0015010,SKU-1189,P01,2026-04-08,210,10,Short Shot,E010,Fail,2025-01-31 20:00:00
QI-005216,PR-0015013,SKU-1091,P02,2026-04-08,297,9,Flash,E048,Fail,2025-02-01 11:00:00
QI-005217,PR-0015016,SKU-1259,P02,2026-04-08,290,17,Flash,E054,Fail,2025-02-02 14:00:00
QI-005218,PR-0015019,SKU-1245,P03,2026-04-08,167,3,Short Shot,E083,Fail,2025-02-01 18:00:00
QI-005219,PR-0015022,SKU-1021,P04,2026-04-08,236,9,Cracking,E133,Fail,2025-02-02 22:00:00
QI-005220,PR-0015023,SKU-1070,P04,2026-04-08,132,3,Short Shot,E131,Fail,2025-02-02 03:00:00
QI-005221,PR-0015026,SKU-1112,P04,2026-04-08,238,12,Flash,E142,Fail,2025-02-01 15:00:00
QI-005222,PR-0015029,SKU-1133,P01,2026-04-09,316,10,Sink Marks,E029,Fail,2025-02-01 00:00:00
QI-005223,PR-0015034,SKU-1231,P01,2026-04-09,128,3,Flash,E020,Fail,2025-01-31 07:00:00
QI-005224,PR-0015036,SKU-1147,P02,2026-04-09,205,6,Flash,E044,Fail,2025-01-31 09:00:00
QI-005225,PR-0015037,SKU-1273,P02,2026-04-09,113,3,Warping,E044,Fail,2025-02-02 12:00:00
QI-005226,PR-0015042,SKU-1119,P03,2026-04-09,193,7,Cracking,E086,Fail,2025-02-02 19:00:00
QI-005227,PR-0015044,SKU-1168,P03,2026-04-09,175,6,Burn Marks,E077,Fail,2025-02-02 11:00:00
QI-005228,PR-0015052,SKU-1245,P04,2026-04-09,316,10,Flash,E120,Fail,2025-02-01 00:00:00
QI-005229,PR-0015058,SKU-1238,P04,2026-04-09,307,9,Warping,E140,Fail,2025-02-02 04:00:00
QI-005230,PR-0015062,SKU-1252,P05,2026-04-09,240,5,Sink Marks,E152,Fail,2025-02-01 03:00:00
QI-005231,PR-0015063,SKU-1252,P05,2026-04-09,240,8,Short Shot,E161,Fail,2025-01-31 10:00:00
QI-005232,PR-0015064,SKU-1049,P05,2026-04-09,319,13,Flash,E174,Fail,2025-02-02 00:00:00
QI-005233,PR-0015066,SKU-1224,P01,2026-04-10,248,7,Flash,E006,Fail,2025-02-01 11:00:00
QI-005234,PR-0015070,SKU-1028,P01,2026-04-10,258,8,Short Shot,E029,Fail,2025-02-01 11:00:00
QI-005235,PR-0015071,SKU-1217,P01,2026-04-10,191,6,Flash,E034,Fail,2025-01-31 06:00:00
QI-005236,PR-0015073,SKU-1077,P02,2026-04-10,252,6,Flash,E040,Fail,2025-01-31 13:00:00
QI-005237,PR-0015074,SKU-1077,P02,2026-04-10,253,8,Sink Marks,E040,Fail,2025-02-01 06:00:00
QI-005238,PR-0015076,SKU-1238,P02,2026-04-10,308,5,Cracking,E063,Fail,2025-02-01 09:00:00
QI-005239,PR-0015080,SKU-1210,P03,2026-04-10,214,5,Warping,E103,Fail,2025-02-01 02:00:00
QI-005240,PR-0015087,SKU-1014,P04,2026-04-10,209,5,Sink Marks,E140,Fail,2025-01-31 05:00:00
QI-005241,PR-0015090,SKU-1210,P05,2026-04-10,315,12,Warping,E153,Fail,2025-02-02 20:00:00
QI-005242,PR-0015092,SKU-1154,P05,2026-04-10,279,6,Burn Marks,E162,Fail,2025-02-02 06:00:00
QI-005243,PR-0015094,SKU-1028,P05,2026-04-10,153,6,Flash,E152,Fail,2025-02-02 18:00:00
QI-005244,PR-0015095,SKU-1028,P05,2026-04-10,154,5,Burn Marks,E161,Fail,2025-02-01 01:00:00
QI-005245,PR-0015097,SKU-1077,P01,2026-04-11,243,8,Flash,E029,Fail,2025-02-01 04:00:00
QI-005246,PR-0015098,SKU-1077,P01,2026-04-11,243,4,Flash,E013,Fail,2025-02-02 17:00:00
QI-005247,PR-0015099,SKU-1161,P01,2026-04-11,230,4,Warping,E021,Fail,2025-02-02 12:00:00
QI-005248,PR-0015103,SKU-1035,P02,2026-04-11,262,8,Cracking,E063,Fail,2025-02-02 05:00:00
QI-005249,PR-0015106,SKU-1105,P02,2026-04-11,259,8,Short Shot,E054,Fail,2025-02-01 02:00:00
QI-005250,PR-0015107,SKU-1217,P03,2026-04-11,165,9,Sink Marks,E077,Fail,2025-02-02 21:00:00
QI-005251,PR-0015109,SKU-1280,P03,2026-04-11,208,10,Short Shot,E103,Fail,2025-02-01 16:00:00
QI-005252,PR-0015111,SKU-1133,P03,2026-04-11,139,6,Warping,E074,Fail,2025-02-01 20:00:00
QI-005253,PR-0015117,SKU-1014,P04,2026-04-11,129,4,Warping,E120,Fail,2025-02-02 00:00:00
QI-005254,PR-0015119,SKU-1266,P04,2026-04-11,129,3,Cracking,E115,Fail,2025-02-02 12:00:00
QI-005255,PR-0015120,SKU-1056,P04,2026-04-11,221,9,Flash,E140,Fail,2025-01-31 10:00:00
QI-005256,PR-0015121,SKU-1217,P05,2026-04-11,275,11,Flash,E159,Fail,2025-02-01 12:00:00
QI-005257,PR-0015123,SKU-1070,P05,2026-04-11,312,8,Warping,E164,Fail,2025-01-31 10:00:00
QI-005258,PR-0015124,SKU-1021,P05,2026-04-11,207,5,Cracking,E155,Fail,2025-01-31 09:00:00
QI-005259,PR-0015137,SKU-1161,P02,2026-04-12,114,4,Sink Marks,E054,Fail,2025-01-31 03:00:00
QI-005260,PR-0015141,SKU-1280,P03,2026-04-12,159,5,Warping,E080,Fail,2025-02-01 15:00:00
QI-005261,PR-0015142,SKU-1056,P03,2026-04-12,321,9,Burn Marks,E086,Fail,2025-02-02 11:00:00
QI-005262,PR-0015144,SKU-1224,P03,2026-04-12,193,5,Flash,E108,Fail,2025-02-01 15:00:00
QI-005263,PR-0015145,SKU-1098,P04,2026-04-12,240,5,Flash,E115,Fail,2025-02-01 06:00:00
QI-005264,PR-0015149,SKU-1224,P04,2026-04-12,319,14,Flash,E139,Fail,2025-02-02 18:00:00
QI-005265,PR-0015151,SKU-1112,P04,2026-04-12,150,3,Sink Marks,E132,Fail,2025-01-31 16:00:00
QI-005266,PR-0015157,SKU-1147,P05,2026-04-12,161,8,Short Shot,E147,Fail,2025-02-02 09:00:00
QI-005267,PR-0015158,SKU-1147,P01,2026-04-13,283,6,Sink Marks,E015,Fail,2025-01-31 09:00:00
QI-005268,PR-0015167,SKU-1021,P01,2026-04-13,150,5,Flash,E020,Fail,2025-01-31 18:00:00
QI-005269,PR-0015169,SKU-1273,P02,2026-04-13,169,5,Short Shot,E040,Fail,2025-02-02 06:00:00
QI-005270,PR-0015174,SKU-1007,P03,2026-04-13,184,5,Flash,E095,Fail,2025-02-02 11:00:00
QI-005271,PR-0015178,SKU-1147,P03,2026-04-13,200,4,Sink Marks,E096,Fail,2025-02-02 17:00:00
QI-005272,PR-0015193,SKU-1252,P05,2026-04-13,177,6,Short Shot,E179,Fail,2025-02-02 01:00:00
QI-005273,PR-0015196,SKU-1077,P01,2026-04-14,118,4,Sink Marks,E029,Fail,2025-02-02 04:00:00
QI-005274,PR-0015203,SKU-1112,P02,2026-04-14,310,11,Warping,E062,Fail,2025-02-02 17:00:00
QI-005275,PR-0015207,SKU-1021,P02,2026-04-14,173,9,Cracking,E048,Fail,2025-01-31 12:00:00
QI-005276,PR-0015208,SKU-1021,P02,2026-04-14,173,7,Flash,E054,Fail,2025-01-31 19:00:00
QI-005277,PR-0015209,SKU-1140,P02,2026-04-14,117,3,Flash,E055,Fail,2025-01-31 21:00:00
QI-005278,PR-0015214,SKU-1154,P03,2026-04-14,130,3,Flash,E108,Fail,2025-02-01 15:00:00
QI-005279,PR-0015221,SKU-1217,P04,2026-04-14,176,7,Flash,E120,Fail,2025-02-01 12:00:00
QI-005280,PR-0015223,SKU-1035,P05,2026-04-14,106,4,Sink Marks,E148,Fail,2025-02-02 04:00:00
QI-005281,PR-0015224,SKU-1035,P05,2026-04-14,106,4,Flash,E172,Fail,2025-02-02 00:00:00
QI-005282,PR-0015227,SKU-1035,P05,2026-04-14,132,5,Cracking,E171,Fail,2025-02-02 05:00:00
QI-005283,PR-0015229,SKU-1007,P05,2026-04-14,312,19,Short Shot,E153,Fail,2025-02-01 11:00:00
QI-005284,PR-0015231,SKU-1133,P01,2026-04-15,299,8,Short Shot,E028,Fail,2025-01-31 13:00:00
QI-005285,PR-0015233,SKU-1266,P01,2026-04-15,274,12,Short Shot,E034,Fail,2025-02-01 16:00:00
QI-005286,PR-0015234,SKU-1119,P01,2026-04-15,324,7,Warping,E020,Fail,2025-01-31 16:00:00
QI-005287,PR-0015235,SKU-1119,P01,2026-04-15,325,12,Cracking,E020,Fail,2025-01-31 04:00:00
QI-005288,PR-0015236,SKU-1245,P01,2026-04-15,165,4,Sink Marks,E029,Fail,2025-02-01 18:00:00
QI-005289,PR-0015241,SKU-1217,P02,2026-04-15,242,10,Burn Marks,E048,Fail,2025-02-01 13:00:00
QI-005290,PR-0015245,SKU-1280,P03,2026-04-15,284,20,Short Shot,E074,Fail,2025-01-31 06:00:00
QI-005291,PR-0015257,SKU-1084,P05,2026-04-15,127,4,Burn Marks,E155,Fail,2025-01-31 06:00:00
QI-005292,PR-0015260,SKU-1091,P01,2026-04-16,240,7,Short Shot,E034,Fail,2025-01-31 22:00:00
QI-005293,PR-0015262,SKU-1147,P01,2026-04-16,103,4,Short Shot,E034,Fail,2025-01-31 13:00:00
QI-005294,PR-0015265,SKU-1021,P01,2026-04-16,252,8,Cracking,E017,Fail,2025-01-31 09:00:00
QI-005295,PR-0015267,SKU-1112,P01,2026-04-16,189,6,Cracking,E034,Fail,2025-01-31 12:00:00
QI-005296,PR-0015274,SKU-1161,P03,2026-04-16,239,10,Sink Marks,E080,Fail,2025-02-02 13:00:00
QI-005297,PR-0015275,SKU-1161,P03,2026-04-16,239,8,Sink Marks,E079,Fail,2025-01-31 01:00:00
QI-005298,PR-0015277,SKU-1091,P03,2026-04-16,291,5,Sink Marks,E095,Fail,2025-01-31 19:00:00
QI-005299,PR-0015280,SKU-1168,P03,2026-04-16,316,14,Short Shot,E080,Fail,2025-02-01 19:00:00
QI-005300,PR-0015283,SKU-1182,P04,2026-04-16,104,5,Burn Marks,E120,Fail,2025-01-31 00:00:00
QI-005301,PR-0015285,SKU-1056,P04,2026-04-16,306,12,Sink Marks,E130,Fail,2025-02-02 10:00:00
QI-005302,PR-0015289,SKU-1245,P05,2026-04-16,100,3,Warping,E153,Fail,2025-01-31 19:00:00
QI-005303,PR-0015290,SKU-1245,P05,2026-04-16,101,2,Flash,E171,Fail,2025-01-31 07:00:00
QI-005304,PR-0015294,SKU-1196,P05,2026-04-16,249,15,Sink Marks,E153,Fail,2025-01-31 18:00:00
QI-005305,PR-0015298,SKU-1280,P01,2026-04-17,198,6,Warping,E006,Fail,2025-02-01 00:00:00
QI-005306,PR-0015299,SKU-1245,P01,2026-04-17,270,14,Flash,E026,Fail,2025-02-02 07:00:00
QI-005307,PR-0015305,SKU-1280,P02,2026-04-17,132,6,Warping,E056,Fail,2025-02-01 05:00:00
QI-005308,PR-0015306,SKU-1252,P02,2026-04-17,225,6,Flash,E044,Fail,2025-02-02 08:00:00
QI-005309,PR-0015308,SKU-1231,P02,2026-04-17,215,6,Flash,E068,Fail,2025-02-01 15:00:00
QI-005310,PR-0015309,SKU-1084,P02,2026-04-17,138,4,Warping,E067,Fail,2025-02-02 13:00:00
QI-005311,PR-0015310,SKU-1028,P03,2026-04-17,109,3,Short Shot,E103,Fail,2025-01-31 09:00:00
QI-005312,PR-0015311,SKU-1217,P03,2026-04-17,273,12,Cracking,E076,Fail,2025-01-31 01:00:00
QI-005313,PR-0015313,SKU-1119,P03,2026-04-17,103,3,Sink Marks,E088,Fail,2025-02-02 03:00:00
QI-005314,PR-0015315,SKU-1049,P03,2026-04-17,236,8,Flash,E108,Fail,2025-02-02 21:00:00
QI-005315,PR-0015317,SKU-1140,P04,2026-04-17,267,9,Short Shot,E136,Fail,2025-02-01 03:00:00
QI-005316,PR-0015318,SKU-1084,P04,2026-04-17,249,5,Sink Marks,E132,Fail,2025-01-31 07:00:00
QI-005317,PR-0015320,SKU-1063,P04,2026-04-17,209,10,Sink Marks,E130,Fail,2025-02-02 03:00:00
QI-005318,PR-0015327,SKU-1147,P05,2026-04-17,140,3,Flash,E171,Fail,2025-02-02 09:00:00
QI-005319,PR-0015328,SKU-1147,P05,2026-04-17,141,2,Cracking,E152,Fail,2025-02-02 07:00:00
QI-005320,PR-0015330,SKU-1098,P05,2026-04-17,173,5,Warping,E172,Fail,2025-01-31 14:00:00
QI-005321,PR-0015333,SKU-1049,P01,2026-04-18,250,7,Short Shot,E017,Fail,2025-01-31 09:00:00
QI-005322,PR-0015341,SKU-1021,P02,2026-04-18,288,8,Short Shot,E048,Fail,2025-02-02 11:00:00
QI-005323,PR-0015342,SKU-1021,P02,2026-04-18,288,9,Flash,E067,Fail,2025-02-01 16:00:00
QI-005324,PR-0015345,SKU-1266,P03,2026-04-18,266,6,Sink Marks,E086,Fail,2025-01-31 17:00:00
QI-005325,PR-0015346,SKU-1084,P03,2026-04-18,264,11,Flash,E086,Fail,2025-02-01 15:00:00
QI-005326,PR-0015349,SKU-1105,P04,2026-04-18,292,10,Cracking,E134,Fail,2025-02-01 21:00:00
QI-005327,PR-0015351,SKU-1091,P04,2026-04-18,103,5,Sink Marks,E130,Fail,2025-02-02 06:00:00
QI-005328,PR-0015353,SKU-1210,P04,2026-04-18,117,4,Short Shot,E122,Fail,2025-02-02 03:00:00
QI-005329,PR-0015354,SKU-1084,P04,2026-04-18,231,12,Flash,E120,Fail,2025-02-01 21:00:00
QI-005330,PR-0015361,SKU-1112,P05,2026-04-18,314,10,Short Shot,E174,Fail,2025-01-31 10:00:00
QI-005331,PR-0015363,SKU-1224,P01,2026-04-19,133,3,Short Shot,E009,Fail,2025-02-01 12:00:00
QI-005332,PR-0015365,SKU-1168,P01,2026-04-19,118,2,Short Shot,E028,Fail,2025-01-31 09:00:00
QI-005333,PR-0015371,SKU-1007,P02,2026-04-19,169,7,Sink Marks,E056,Fail,2025-02-02 09:00:00
QI-005334,PR-0015376,SKU-1154,P03,2026-04-19,101,2,Warping,E095,Fail,2025-01-31 14:00:00
QI-005335,PR-0015377,SKU-1028,P03,2026-04-19,313,7,Cracking,E098,Fail,2025-02-02 20:00:00
QI-005336,PR-0015378,SKU-1028,P03,2026-04-19,314,6,Sink Marks,E080,Fail,2025-02-02 06:00:00
QI-005337,PR-0015379,SKU-1028,P03,2026-04-19,184,7,Sink Marks,E103,Fail,2025-02-01 10:00:00
QI-005338,PR-0015380,SKU-1028,P03,2026-04-19,184,5,Short Shot,E077,Fail,2025-02-02 10:00:00
QI-005339,PR-0015382,SKU-1098,P03,2026-04-19,130,3,Burn Marks,E096,Fail,2025-01-31 07:00:00
QI-005340,PR-0015383,SKU-1161,P03,2026-04-19,305,8,Warping,E083,Fail,2025-02-01 14:00:00
QI-005341,PR-0015388,SKU-1273,P05,2026-04-19,247,4,Cracking,E152,Fail,2025-02-01 05:00:00
QI-005342,PR-0015389,SKU-1056,P05,2026-04-19,320,12,Cracking,E172,Fail,2025-01-31 15:00:00
QI-005343,PR-0015390,SKU-1056,P05,2026-04-19,321,17,Warping,E153,Fail,2025-02-01 13:00:00
QI-005344,PR-0015399,SKU-1252,P01,2026-04-20,281,7,Sink Marks,E029,Fail,2025-01-31 12:00:00
QI-005345,PR-0015400,SKU-1126,P01,2026-04-20,204,10,Flash,E010,Fail,2025-01-31 12:00:00
QI-005346,PR-0015402,SKU-1133,P01,2026-04-20,104,2,Flash,E028,Fail,2025-01-31 17:00:00
QI-005347,PR-0015405,SKU-1007,P02,2026-04-20,126,2,Short Shot,E068,Fail,2025-01-31 10:00:00
QI-005348,PR-0015416,SKU-1238,P05,2026-04-20,312,14,Sink Marks,E171,Fail,2025-01-31 01:00:00
QI-005349,PR-0015417,SKU-1238,P05,2026-04-20,313,14,Burn Marks,E153,Fail,2025-02-02 18:00:00
QI-005350,PR-0015428,SKU-1252,P03,2026-04-21,272,13,Warping,E074,Fail,2025-01-31 01:00:00
QI-005351,PR-0015431,SKU-1077,P03,2026-04-21,289,9,Warping,E108,Fail,2025-02-01 21:00:00
QI-005352,PR-0015432,SKU-1154,P03,2026-04-21,222,7,Flash,E078,Fail,2025-01-31 18:00:00
QI-005353,PR-0015434,SKU-1252,P04,2026-04-21,167,6,Warping,E139,Fail,2025-02-01 06:00:00
QI-005354,PR-0015446,SKU-1035,P01,2026-04-22,282,8,Flash,E007,Fail,2025-02-02 08:00:00
QI-005355,PR-0015447,SKU-1035,P01,2026-04-22,282,6,Warping,E026,Fail,2025-01-31 13:00:00
QI-005356,PR-0015450,SKU-1231,P01,2026-04-22,290,7,Flash,E007,Fail,2025-02-02 15:00:00
QI-005357,PR-0015452,SKU-1035,P02,2026-04-22,102,3,Short Shot,E067,Fail,2025-02-01 16:00:00
QI-005358,PR-0015453,SKU-1035,P02,2026-04-22,103,2,Short Shot,E055,Fail,2025-01-31 17:00:00
QI-005359,PR-0015455,SKU-1266,P02,2026-04-22,141,4,Flash,E063,Fail,2025-02-01 16:00:00
QI-005360,PR-0015457,SKU-1280,P02,2026-04-22,205,7,Flash,E056,Fail,2025-02-02 03:00:00
QI-005361,PR-0015459,SKU-1168,P02,2026-04-22,298,6,Cracking,E055,Fail,2025-01-31 22:00:00
QI-005362,PR-0015460,SKU-1133,P03,2026-04-22,211,8,Sink Marks,E080,Fail,2025-01-31 02:00:00
QI-005363,PR-0015462,SKU-1161,P03,2026-04-22,148,4,Burn Marks,E080,Fail,2025-02-01 10:00:00
QI-005364,PR-0015464,SKU-1119,P03,2026-04-22,246,10,Cracking,E074,Fail,2025-01-31 05:00:00
QI-005365,PR-0015470,SKU-1210,P05,2026-04-22,284,10,Flash,E152,Fail,2025-02-01 13:00:00
QI-005366,PR-0015472,SKU-1098,P05,2026-04-22,290,12,Sink Marks,E171,Fail,2025-02-02 00:00:00
QI-005367,PR-0015477,SKU-1098,P01,2026-04-23,195,5,Cracking,E015,Fail,2025-02-01 03:00:00
QI-005368,PR-0015479,SKU-1133,P01,2026-04-23,186,6,Short Shot,E034,Fail,2025-02-02 16:00:00
QI-005369,PR-0015486,SKU-1112,P02,2026-04-23,257,12,Short Shot,E051,Fail,2025-02-02 05:00:00
QI-005370,PR-0015487,SKU-1070,P02,2026-04-23,324,12,Short Shot,E068,Fail,2025-02-02 06:00:00
QI-005371,PR-0015490,SKU-1007,P03,2026-04-23,142,4,Cracking,E083,Fail,2025-01-31 01:00:00
QI-005372,PR-0015498,SKU-1098,P05,2026-04-23,115,5,Burn Marks,E148,Fail,2025-02-02 15:00:00
QI-005373,PR-0015499,SKU-1098,P05,2026-04-23,115,5,Sink Marks,E172,Fail,2025-01-31 18:00:00
QI-005374,PR-0015500,SKU-1147,P05,2026-04-23,130,4,Short Shot,E162,Fail,2025-02-01 18:00:00
QI-005375,PR-0015501,SKU-1147,P05,2026-04-23,130,3,Flash,E163,Fail,2025-01-31 19:00:00
QI-005376,PR-0015505,SKU-1280,P05,2026-04-23,145,7,Burn Marks,E179,Fail,2025-02-02 04:00:00
QI-005377,PR-0015507,SKU-1105,P05,2026-04-23,317,15,Flash,E171,Fail,2025-02-02 08:00:00
QI-005378,PR-0015508,SKU-1189,P01,2026-04-24,252,8,Sink Marks,E017,Fail,2025-02-02 19:00:00
QI-005379,PR-0015509,SKU-1189,P01,2026-04-24,119,2,Sink Marks,E028,Fail,2025-02-01 19:00:00
QI-005380,PR-0015510,SKU-1203,P01,2026-04-24,157,4,Burn Marks,E034,Fail,2025-02-01 14:00:00
QI-005381,PR-0015511,SKU-1203,P01,2026-04-24,158,2,Sink Marks,E021,Fail,2025-02-02 04:00:00
QI-005382,PR-0015516,SKU-1259,P02,2026-04-24,320,9,Short Shot,E055,Fail,2025-02-02 09:00:00
QI-005383,PR-0015518,SKU-1238,P02,2026-04-24,249,8,Flash,E054,Fail,2025-02-02 01:00:00
QI-005384,PR-0015520,SKU-1049,P02,2026-04-24,215,6,Burn Marks,E067,Fail,2025-01-31 07:00:00
QI-005385,PR-0015522,SKU-1259,P03,2026-04-24,236,7,Warping,E103,Fail,2025-01-31 13:00:00
QI-005386,PR-0015524,SKU-1007,P03,2026-04-24,310,8,Short Shot,E074,Fail,2025-02-01 08:00:00
QI-005387,PR-0015525,SKU-1070,P03,2026-04-24,239,8,Short Shot,E079,Fail,2025-02-01 13:00:00
QI-005388,PR-0015527,SKU-1056,P03,2026-04-24,291,5,Short Shot,E074,Fail,2025-02-02 05:00:00
QI-005389,PR-0015531,SKU-1217,P04,2026-04-24,275,10,Sink Marks,E140,Fail,2025-02-02 15:00:00
QI-005390,PR-0015532,SKU-1217,P04,2026-04-24,276,12,Sink Marks,E133,Fail,2025-01-31 21:00:00
QI-005391,PR-0015533,SKU-1021,P04,2026-04-24,205,8,Warping,E132,Fail,2025-02-01 20:00:00
QI-005392,PR-0015534,SKU-1028,P04,2026-04-24,303,13,Sink Marks,E136,Fail,2025-01-31 20:00:00
QI-005393,PR-0015539,SKU-1105,P05,2026-04-24,214,6,Flash,E171,Fail,2025-02-01 21:00:00
QI-005394,PR-0015540,SKU-1105,P05,2026-04-24,122,6,Cracking,E171,Fail,2025-02-01 21:00:00
QI-005395,PR-0015542,SKU-1007,P01,2026-04-25,136,3,Sink Marks,E026,Fail,2025-01-31 12:00:00
QI-005396,PR-0015551,SKU-1273,P02,2026-04-25,286,7,Warping,E068,Fail,2025-02-02 12:00:00
QI-005397,PR-0015554,SKU-1133,P02,2026-04-25,322,17,Warping,E051,Fail,2025-02-01 01:00:00
QI-005398,PR-0015558,SKU-1070,P03,2026-04-25,247,8,Cracking,E088,Fail,2025-02-02 17:00:00
QI-005399,PR-0015568,SKU-1259,P04,2026-04-25,321,12,Short Shot,E142,Fail,2025-02-02 14:00:00
QI-005400,PR-0015576,SKU-1217,P05,2026-04-25,127,4,Short Shot,E163,Fail,2025-02-01 00:00:00
QI-005401,PR-0015578,SKU-1098,P01,2026-04-26,158,6,Burn Marks,E029,Fail,2025-02-02 01:00:00
QI-005402,PR-0015579,SKU-1098,P01,2026-04-26,159,4,Sink Marks,E007,Fail,2025-01-31 07:00:00
QI-005403,PR-0015582,SKU-1133,P01,2026-04-26,282,5,Sink Marks,E021,Fail,2025-02-01 19:00:00
QI-005404,PR-0015596,SKU-1091,P03,2026-04-26,173,4,Short Shot,E104,Fail,2025-02-02 05:00:00
QI-005405,PR-0015599,SKU-1014,P04,2026-04-26,142,4,Burn Marks,E139,Fail,2025-02-01 00:00:00
QI-005406,PR-0015603,SKU-1098,P04,2026-04-26,276,9,Flash,E137,Fail,2025-01-31 01:00:00
QI-005407,PR-0015608,SKU-1252,P05,2026-04-26,137,4,Flash,E162,Fail,2025-01-31 12:00:00
QI-005408,PR-0015610,SKU-1077,P01,2026-04-27,177,4,Flash,E020,Fail,2025-01-31 07:00:00
QI-005409,PR-0015615,SKU-1210,P01,2026-04-27,244,9,Burn Marks,E026,Fail,2025-02-01 21:00:00
QI-005410,PR-0015618,SKU-1217,P02,2026-04-27,279,7,Warping,E044,Fail,2025-02-01 19:00:00
QI-005411,PR-0015619,SKU-1105,P02,2026-04-27,291,7,Sink Marks,E053,Fail,2025-02-02 11:00:00
QI-005412,PR-0015621,SKU-1084,P02,2026-04-27,247,10,Flash,E048,Fail,2025-02-01 22:00:00
QI-005413,PR-0015622,SKU-1014,P03,2026-04-27,121,2,Warping,E084,Fail,2025-02-02 18:00:00
QI-005414,PR-0015626,SKU-1182,P03,2026-04-27,135,3,Sink Marks,E079,Fail,2025-01-31 13:00:00
QI-005415,PR-0015629,SKU-1203,P04,2026-04-27,196,8,Burn Marks,E143,Fail,2025-01-31 13:00:00
QI-005416,PR-0015630,SKU-1224,P04,2026-04-27,293,13,Burn Marks,E134,Fail,2025-02-02 14:00:00
QI-005417,PR-0015634,SKU-1056,P04,2026-04-27,322,13,Short Shot,E136,Fail,2025-02-02 19:00:00
QI-005418,PR-0015636,SKU-1042,P05,2026-04-27,128,6,Burn Marks,E147,Fail,2025-01-31 00:00:00
QI-005419,PR-0015638,SKU-1147,P01,2026-04-28,299,6,Flash,E033,Fail,2025-01-31 20:00:00
QI-005420,PR-0015646,SKU-1049,P01,2026-04-28,167,4,Cracking,E009,Fail,2025-01-31 17:00:00
QI-005421,PR-0015650,SKU-1007,P02,2026-04-28,106,3,Cracking,E044,Fail,2025-01-31 06:00:00
QI-005422,PR-0015653,SKU-1133,P02,2026-04-28,113,2,Warping,E048,Fail,2025-02-02 09:00:00
QI-005423,PR-0015654,SKU-1133,P02,2026-04-28,113,3,Burn Marks,E054,Fail,2025-01-31 15:00:00
QI-005424,PR-0015655,SKU-1014,P02,2026-04-28,175,5,Sink Marks,E058,Fail,2025-02-02 04:00:00
QI-005425,PR-0015658,SKU-1245,P03,2026-04-28,158,4,Warping,E103,Fail,2025-02-01 10:00:00
QI-005426,PR-0015660,SKU-1119,P03,2026-04-28,185,9,Flash,E080,Fail,2025-02-02 00:00:00
QI-005427,PR-0015665,SKU-1112,P04,2026-04-28,186,6,Sink Marks,E133,Fail,2025-01-31 11:00:00
QI-005428,PR-0015666,SKU-1112,P04,2026-04-28,186,8,Flash,E119,Fail,2025-02-02 05:00:00
QI-005429,PR-0015668,SKU-1203,P04,2026-04-28,324,9,Flash,E131,Fail,2025-02-02 19:00:00
QI-005430,PR-0015669,SKU-1203,P04,2026-04-28,325,9,Warping,E112,Fail,2025-02-02 14:00:00
QI-005431,PR-0015674,SKU-1175,P05,2026-04-28,150,8,Sink Marks,E161,Fail,2025-02-02 04:00:00
QI-005432,PR-0015677,SKU-1189,P01,2026-04-29,122,4,Flash,E034,Fail,2025-02-02 15:00:00
QI-005433,PR-0015690,SKU-1084,P04,2026-04-29,189,8,Burn Marks,E134,Fail,2025-02-01 10:00:00
QI-005434,PR-0015694,SKU-1168,P04,2026-04-29,160,8,Burn Marks,E140,Fail,2025-01-31 15:00:00
QI-005435,PR-0015695,SKU-1168,P05,2026-04-29,182,5,Burn Marks,E179,Fail,2025-01-31 05:00:00
QI-005436,PR-0015696,SKU-1168,P05,2026-04-29,182,5,Flash,E164,Fail,2025-01-31 16:00:00
QI-005437,PR-0015699,SKU-1049,P05,2026-04-29,260,12,Short Shot,E175,Fail,2025-01-31 08:00:00
QI-005438,PR-0015702,SKU-1070,P01,2026-04-30,149,3,Warping,E017,Fail,2025-01-31 02:00:00
QI-005439,PR-0015703,SKU-1070,P01,2026-04-30,150,3,Warping,E017,Fail,2025-02-02 17:00:00
QI-005440,PR-0015708,SKU-1126,P01,2026-04-30,223,10,Flash,E006,Fail,2025-01-31 09:00:00
QI-005441,PR-0015709,SKU-1266,P02,2026-04-30,301,9,Flash,E040,Fail,2025-01-31 08:00:00
QI-005442,PR-0015710,SKU-1238,P02,2026-04-30,278,7,Short Shot,E044,Fail,2025-02-02 16:00:00
QI-005443,PR-0015712,SKU-1266,P02,2026-04-30,203,7,Warping,E063,Fail,2025-02-02 13:00:00
QI-005444,PR-0015713,SKU-1049,P02,2026-04-30,199,11,Warping,E044,Fail,2025-02-01 07:00:00
QI-005445,PR-0015714,SKU-1105,P02,2026-04-30,193,5,Warping,E067,Fail,2025-02-01 14:00:00
QI-005446,PR-0015718,SKU-1021,P03,2026-04-30,152,3,Burn Marks,E095,Fail,2025-02-02 02:00:00
QI-005447,PR-0015719,SKU-1161,P03,2026-04-30,292,6,Flash,E108,Fail,2025-02-01 21:00:00
QI-005448,PR-0015720,SKU-1077,P03,2026-04-30,199,7,Short Shot,E080,Fail,2025-01-31 08:00:00
QI-005449,PR-0015722,SKU-1154,P03,2026-04-30,120,3,Short Shot,E103,Fail,2025-02-02 15:00:00
QI-005450,PR-0015731,SKU-1014,P05,2026-04-30,237,8,Short Shot,E153,Fail,2025-02-02 02:00:00
QI-005451,PR-0015736,SKU-1154,P05,2026-04-30,239,11,Flash,E164,Fail,2025-01-31 19:00:00
QI-005452,PR-0015740,SKU-1021,P01,2026-05-01,128,3,Short Shot,E028,Fail,2025-01-31 13:00:00
QI-005453,PR-0015741,SKU-1021,P01,2026-05-01,128,2,Sink Marks,E016,Fail,2025-02-01 12:00:00
QI-005454,PR-0015743,SKU-1259,P01,2026-05-01,181,7,Flash,E028,Fail,2025-02-02 04:00:00
QI-005455,PR-0015746,SKU-1084,P02,2026-05-01,262,6,Burn Marks,E048,Fail,2025-02-02 13:00:00
QI-005456,PR-0015747,SKU-1084,P02,2026-05-01,263,8,Flash,E062,Fail,2025-02-01 09:00:00
QI-005457,PR-0015752,SKU-1028,P03,2026-05-01,115,3,Cracking,E079,Fail,2025-02-02 20:00:00
QI-005458,PR-0015753,SKU-1028,P03,2026-05-01,115,3,Short Shot,E077,Fail,2025-01-31 15:00:00
QI-005459,PR-0015754,SKU-1175,P03,2026-05-01,285,6,Short Shot,E074,Fail,2025-01-31 01:00:00
QI-005460,PR-0015758,SKU-1252,P04,2026-05-01,302,14,Short Shot,E136,Fail,2025-02-01 03:00:00
QI-005461,PR-0015760,SKU-1077,P04,2026-05-01,240,10,Sink Marks,E134,Fail,2025-02-02 19:00:00
QI-005462,PR-0015761,SKU-1098,P04,2026-05-01,295,16,Burn Marks,E143,Fail,2025-02-02 07:00:00
QI-005463,PR-0015763,SKU-1231,P05,2026-05-01,185,8,Short Shot,E172,Fail,2025-02-01 07:00:00
QI-005464,PR-0015764,SKU-1231,P05,2026-05-01,186,5,Flash,E162,Fail,2025-01-31 10:00:00
QI-005465,PR-0015765,SKU-1028,P05,2026-05-01,236,13,Warping,E164,Fail,2025-02-02 00:00:00
QI-005466,PR-0015766,SKU-1056,P05,2026-05-01,229,7,Sink Marks,E152,Fail,2025-02-01 22:00:00
QI-005467,PR-0015767,SKU-1056,P05,2026-05-01,230,6,Flash,E148,Fail,2025-01-31 02:00:00
QI-005468,PR-0015769,SKU-1133,P05,2026-05-01,161,6,Cracking,E163,Fail,2025-02-02 14:00:00
QI-005469,PR-0015774,SKU-1182,P01,2026-05-02,321,8,Warping,E006,Fail,2025-02-02 00:00:00
QI-005470,PR-0015776,SKU-1119,P01,2026-05-02,321,6,Burn Marks,E028,Fail,2025-02-01 06:00:00
QI-005471,PR-0015778,SKU-1021,P01,2026-05-02,181,6,Flash,E014,Fail,2025-02-02 03:00:00
QI-005472,PR-0015779,SKU-1231,P02,2026-05-02,111,1,Cracking,E068,Fail,2025-02-02 19:00:00
QI-005473,PR-0015783,SKU-1175,P02,2026-05-02,171,7,Short Shot,E067,Fail,2025-01-31 16:00:00
QI-005474,PR-0015784,SKU-1070,P02,2026-05-02,297,10,Sink Marks,E044,Fail,2025-01-31 04:00:00
QI-005475,PR-0015788,SKU-1217,P03,2026-05-02,132,5,Sink Marks,E077,Fail,2025-02-01 15:00:00
QI-005476,PR-0015792,SKU-1161,P03,2026-05-02,299,10,Flash,E092,Fail,2025-01-31 19:00:00
QI-005477,PR-0015796,SKU-1252,P04,2026-05-02,138,5,Flash,E120,Fail,2025-01-31 14:00:00
QI-005478,PR-0015803,SKU-1273,P05,2026-05-02,233,5,Short Shot,E171,Fail,2025-02-01 08:00:00
QI-005479,PR-0015805,SKU-1126,P05,2026-05-02,139,7,Sink Marks,E155,Fail,2025-02-02 22:00:00
QI-005480,PR-0015806,SKU-1126,P05,2026-05-02,139,4,Sink Marks,E163,Fail,2025-01-31 08:00:00
QI-005481,PR-0015807,SKU-1245,P01,2026-05-03,322,11,Short Shot,E006,Fail,2025-02-01 18:00:00
QI-005482,PR-0015815,SKU-1077,P02,2026-05-03,177,8,Flash,E067,Fail,2025-01-31 11:00:00
QI-005483,PR-0015816,SKU-1273,P02,2026-05-03,258,13,Warping,E048,Fail,2025-02-02 12:00:00
QI-005484,PR-0015821,SKU-1084,P02,2026-05-03,257,9,Sink Marks,E044,Fail,2025-02-01 22:00:00
QI-005485,PR-0015822,SKU-1084,P02,2026-05-03,257,7,Flash,E055,Fail,2025-02-02 20:00:00
QI-005486,PR-0015826,SKU-1133,P03,2026-05-03,112,4,Cracking,E074,Fail,2025-02-02 06:00:00
QI-005487,PR-0015827,SKU-1133,P03,2026-05-03,112,3,Warping,E103,Fail,2025-01-31 00:00:00
QI-005488,PR-0015830,SKU-1280,P03,2026-05-03,136,5,Flash,E080,Fail,2025-01-31 00:00:00
QI-005489,PR-0015831,SKU-1098,P04,2026-05-03,271,6,Warping,E142,Fail,2025-02-01 07:00:00
QI-005490,PR-0015834,SKU-1273,P04,2026-05-03,283,10,Warping,E125,Fail,2025-01-31 08:00:00
QI-005491,PR-0015835,SKU-1273,P04,2026-05-03,283,14,Cracking,E143,Fail,2025-02-02 15:00:00
QI-005492,PR-0015837,SKU-1084,P04,2026-05-03,288,14,Warping,E121,Fail,2025-01-31 08:00:00
QI-005493,PR-0015838,SKU-1252,P05,2026-05-03,214,9,Short Shot,E171,Fail,2025-02-01 02:00:00
QI-005494,PR-0015842,SKU-1154,P05,2026-05-03,311,12,Flash,E172,Fail,2025-02-01 16:00:00
QI-005495,PR-0015844,SKU-1119,P01,2026-05-04,233,5,Flash,E016,Fail,2025-01-31 15:00:00
QI-005496,PR-0015849,SKU-1091,P01,2026-05-04,214,8,Sink Marks,E026,Fail,2025-02-01 18:00:00
QI-005497,PR-0015854,SKU-1266,P02,2026-05-04,172,10,Cracking,E044,Fail,2025-02-02 18:00:00
QI-005498,PR-0015855,SKU-1049,P02,2026-05-04,198,8,Flash,E051,Fail,2025-02-01 09:00:00
QI-005499,PR-0015856,SKU-1063,P03,2026-05-04,120,3,Flash,E074,Fail,2025-02-01 08:00:00
QI-005500,PR-0015858,SKU-1007,P03,2026-05-04,252,9,Warping,E080,Fail,2025-02-02 20:00:00
QI-005501,PR-0015860,SKU-1133,P03,2026-05-04,235,11,Flash,E077,Fail,2025-02-01 17:00:00
QI-005502,PR-0015864,SKU-1070,P03,2026-05-04,313,17,Sink Marks,E079,Fail,2025-01-31 16:00:00
QI-005503,PR-0015865,SKU-1133,P04,2026-05-04,113,4,Sink Marks,E121,Fail,2025-02-01 01:00:00
QI-005504,PR-0015868,SKU-1175,P04,2026-05-04,127,5,Warping,E133,Fail,2025-02-02 13:00:00
QI-005505,PR-0015869,SKU-1161,P05,2026-05-04,206,9,Short Shot,E147,Fail,2025-02-01 22:00:00
QI-005506,PR-0015870,SKU-1161,P05,2026-05-04,207,6,Flash,E148,Fail,2025-02-01 16:00:00
QI-005507,PR-0015872,SKU-1154,P05,2026-05-04,232,11,Flash,E179,Fail,2025-02-02 13:00:00
QI-005508,PR-0015876,SKU-1063,P05,2026-05-04,186,8,Short Shot,E172,Fail,2025-02-01 21:00:00
QI-005509,PR-0015888,SKU-1161,P02,2026-05-05,175,7,Flash,E062,Fail,2025-02-01 10:00:00
QI-005510,PR-0015892,SKU-1007,P03,2026-05-05,269,4,Warping,E083,Fail,2025-02-01 03:00:00
QI-005511,PR-0015893,SKU-1280,P04,2026-05-05,161,9,Flash,E121,Fail,2025-02-02 07:00:00
QI-005512,PR-0015894,SKU-1280,P04,2026-05-05,161,7,Warping,E110,Fail,2025-01-31 17:00:00
QI-005513,PR-0015896,SKU-1077,P04,2026-05-05,153,4,Warping,E111,Fail,2025-02-02 17:00:00
QI-005514,PR-0015900,SKU-1147,P04,2026-05-05,227,6,Burn Marks,E115,Fail,2025-01-31 14:00:00
QI-005515,PR-0015902,SKU-1091,P04,2026-05-05,179,7,Sink Marks,E122,Fail,2025-02-02 04:00:00
QI-005516,PR-0015903,SKU-1280,P05,2026-05-05,194,8,Cracking,E153,Fail,2025-02-01 18:00:00
QI-005517,PR-0015906,SKU-1112,P05,2026-05-05,229,11,Warping,E147,Fail,2025-02-02 14:00:00
QI-005518,PR-0015907,SKU-1021,P05,2026-05-05,182,5,Sink Marks,E163,Fail,2025-02-02 20:00:00
QI-005519,PR-0015909,SKU-1175,P05,2026-05-05,268,11,Flash,E155,Fail,2025-02-01 08:00:00
QI-005520,PR-0015912,SKU-1112,P05,2026-05-05,180,5,Short Shot,E162,Fail,2025-01-31 16:00:00
QI-005521,PR-0015914,SKU-1070,P01,2026-05-06,169,4,Short Shot,E001,Fail,2025-02-02 08:00:00
QI-005522,PR-0015916,SKU-1203,P01,2026-05-06,274,9,Short Shot,E029,Fail,2025-02-01 03:00:00
QI-005523,PR-0015918,SKU-1189,P01,2026-05-06,126,2,Warping,E017,Fail,2025-02-01 05:00:00
QI-005524,PR-0015919,SKU-1161,P02,2026-05-06,204,7,Flash,E062,Fail,2025-02-01 11:00:00
QI-005525,PR-0015922,SKU-1182,P02,2026-05-06,218,6,Flash,E048,Fail,2025-02-02 03:00:00
QI-005526,PR-0015924,SKU-1112,P02,2026-05-06,257,8,Sink Marks,E063,Fail,2025-02-01 05:00:00
QI-005527,PR-0015925,SKU-1063,P02,2026-05-06,307,10,Cracking,E048,Fail,2025-01-31 02:00:00
QI-005528,PR-0015927,SKU-1021,P03,2026-05-06,216,5,Sink Marks,E092,Fail,2025-02-01 01:00:00
QI-005529,PR-0015928,SKU-1266,P03,2026-05-06,191,6,Short Shot,E104,Fail,2025-02-01 15:00:00
QI-005530,PR-0015930,SKU-1231,P03,2026-05-06,288,7,Cracking,E095,Fail,2025-02-02 00:00:00
QI-005531,PR-0015931,SKU-1231,P03,2026-05-06,288,7,Warping,E098,Fail,2025-02-01 15:00:00
QI-005532,PR-0015933,SKU-1056,P04,2026-05-06,184,7,Short Shot,E125,Fail,2025-02-01 07:00:00
QI-005533,PR-0015934,SKU-1266,P04,2026-05-06,114,2,Sink Marks,E134,Fail,2025-02-02 12:00:00
QI-005534,PR-0015936,SKU-1119,P04,2026-05-06,250,15,Short Shot,E143,Fail,2025-01-31 14:00:00
QI-005535,PR-0015941,SKU-1273,P05,2026-05-06,143,3,Cracking,E162,Fail,2025-02-01 15:00:00
QI-005536,PR-0015943,SKU-1168,P05,2026-05-06,102,2,Sink Marks,E174,Fail,2025-02-01 13:00:00
QI-005537,PR-0015950,SKU-1210,P01,2026-05-07,109,6,Flash,E029,Fail,2025-02-01 21:00:00
QI-005538,PR-0015951,SKU-1070,P01,2026-05-07,298,10,Warping,E006,Fail,2025-02-01 13:00:00
QI-005539,PR-0015955,SKU-1182,P02,2026-05-07,144,4,Burn Marks,E053,Fail,2025-01-31 01:00:00
QI-005540,PR-0015956,SKU-1224,P02,2026-05-07,187,7,Short Shot,E067,Fail,2025-02-01 22:00:00
QI-005541,PR-0015963,SKU-1252,P03,2026-05-07,295,8,Short Shot,E108,Fail,2025-02-02 17:00:00
QI-005542,PR-0015966,SKU-1126,P03,2026-05-07,113,3,Sink Marks,E098,Fail,2025-02-01 10:00:00
QI-005543,PR-0015967,SKU-1126,P03,2026-05-07,114,5,Sink Marks,E103,Fail,2025-01-31 20:00:00
QI-005544,PR-0015970,SKU-1140,P03,2026-05-07,260,7,Sink Marks,E083,Fail,2025-01-31 12:00:00
QI-005545,PR-0015971,SKU-1140,P03,2026-05-07,261,9,Short Shot,E108,Fail,2025-01-31 16:00:00
QI-005546,PR-0015974,SKU-1168,P04,2026-05-07,206,7,Sink Marks,E120,Fail,2025-01-31 13:00:00
QI-005547,PR-0015979,SKU-1217,P05,2026-05-07,245,6,Sink Marks,E171,Fail,2025-02-01 13:00:00
QI-005548,PR-0015981,SKU-1189,P05,2026-05-07,234,11,Warping,E153,Fail,2025-02-01 20:00:00
QI-005549,PR-0015988,SKU-1231,P01,2026-05-08,293,6,Cracking,E014,Fail,2025-01-31 09:00:00
QI-005550,PR-0015989,SKU-1259,P01,2026-05-08,228,6,Flash,E034,Fail,2025-02-02 21:00:00
QI-005551,PR-0015992,SKU-1273,P02,2026-05-08,101,2,Warping,E048,Fail,2025-02-01 04:00:00
QI-005552,PR-0015995,SKU-1049,P02,2026-05-08,265,6,Burn Marks,E053,Fail,2025-02-02 12:00:00
QI-005553,PR-0015998,SKU-1105,P03,2026-05-08,213,9,Cracking,E074,Fail,2025-02-02 02:00:00
QI-005554,PR-0016002,SKU-1126,P04,2026-05-08,180,6,Sink Marks,E115,Fail,2025-01-31 15:00:00
QI-005555,PR-0016005,SKU-1063,P04,2026-05-08,295,13,Sink Marks,E121,Fail,2025-02-02 10:00:00
QI-005556,PR-0016006,SKU-1028,P04,2026-05-08,170,7,Warping,E136,Fail,2025-02-02 08:00:00
QI-005557,PR-0016007,SKU-1028,P04,2026-05-08,171,11,Sink Marks,E142,Fail,2025-02-01 02:00:00
QI-005558,PR-0016013,SKU-1161,P01,2026-05-09,317,14,Short Shot,E030,Fail,2025-02-02 11:00:00
QI-005559,PR-0016016,SKU-1210,P02,2026-05-09,307,15,Sink Marks,E051,Fail,2025-01-31 18:00:00
QI-005560,PR-0016027,SKU-1056,P03,2026-05-09,252,9,Flash,E079,Fail,2025-01-31 18:00:00
QI-005561,PR-0016028,SKU-1091,P03,2026-05-09,222,6,Flash,E077,Fail,2025-01-31 09:00:00
QI-005562,PR-0016037,SKU-1119,P04,2026-05-09,229,10,Warping,E140,Fail,2025-02-02 04:00:00
QI-005563,PR-0016043,SKU-1245,P05,2026-05-09,232,6,Flash,E148,Fail,2025-02-01 09:00:00
QI-005564,PR-0016045,SKU-1189,P05,2026-05-09,289,9,Flash,E159,Fail,2025-02-01 13:00:00
QI-005565,PR-0016047,SKU-1238,P01,2026-05-10,141,7,Warping,E029,Fail,2025-01-31 18:00:00
QI-005566,PR-0016048,SKU-1070,P01,2026-05-10,138,5,Short Shot,E009,Fail,2025-01-31 01:00:00
QI-005567,PR-0016049,SKU-1231,P01,2026-05-10,313,14,Short Shot,E034,Fail,2025-01-31 08:00:00
QI-005568,PR-0016050,SKU-1231,P01,2026-05-10,314,11,Cracking,E026,Fail,2025-01-31 12:00:00
QI-005569,PR-0016051,SKU-1133,P01,2026-05-10,249,8,Burn Marks,E014,Fail,2025-02-01 01:00:00
QI-005570,PR-0016052,SKU-1133,P01,2026-05-10,250,4,Sink Marks,E016,Fail,2025-02-01 04:00:00
QI-005571,PR-0016054,SKU-1070,P02,2026-05-10,233,9,Flash,E063,Fail,2025-01-31 03:00:00
QI-005572,PR-0016059,SKU-1273,P02,2026-05-10,204,7,Flash,E048,Fail,2025-01-31 16:00:00
QI-005573,PR-0016060,SKU-1273,P02,2026-05-10,204,6,Sink Marks,E048,Fail,2025-02-01 12:00:00
QI-005574,PR-0016061,SKU-1105,P02,2026-05-10,309,7,Sink Marks,E063,Fail,2025-01-31 15:00:00
QI-005575,PR-0016066,SKU-1098,P04,2026-05-10,295,13,Flash,E133,Fail,2025-01-31 18:00:00
QI-005576,PR-0016070,SKU-1028,P04,2026-05-10,201,7,Burn Marks,E117,Fail,2025-01-31 20:00:00
QI-005577,PR-0016072,SKU-1238,P05,2026-05-10,200,5,Warping,E153,Fail,2025-02-01 20:00:00
QI-005578,PR-0016073,SKU-1238,P05,2026-05-10,201,5,Sink Marks,E172,Fail,2025-02-02 10:00:00
QI-005579,PR-0016074,SKU-1098,P05,2026-05-10,292,10,Sink Marks,E163,Fail,2025-02-02 19:00:00
QI-005580,PR-0016075,SKU-1098,P05,2026-05-10,293,10,Sink Marks,E153,Fail,2025-02-02 14:00:00
QI-005581,PR-0016076,SKU-1273,P05,2026-05-10,270,11,Sink Marks,E179,Fail,2025-02-01 11:00:00
QI-005582,PR-0016080,SKU-1077,P01,2026-05-11,111,3,Burn Marks,E033,Fail,2025-02-01 18:00:00
QI-005583,PR-0016088,SKU-1210,P02,2026-05-11,222,6,Short Shot,E040,Fail,2025-02-02 06:00:00
QI-005584,PR-0016089,SKU-1210,P02,2026-05-11,222,8,Flash,E048,Fail,2025-01-31 05:00:00
QI-005585,PR-0016090,SKU-1119,P02,2026-05-11,258,7,Sink Marks,E056,Fail,2025-02-02 00:00:00
QI-005586,PR-0016092,SKU-1014,P02,2026-05-11,157,4,Sink Marks,E068,Fail,2025-02-01 20:00:00
QI-005587,PR-0016093,SKU-1196,P02,2026-05-11,141,4,Flash,E058,Fail,2025-01-31 18:00:00
QI-005588,PR-0016096,SKU-1252,P03,2026-05-11,218,5,Flash,E104,Fail,2025-02-01 06:00:00
QI-005589,PR-0016097,SKU-1252,P03,2026-05-11,219,5,Burn Marks,E096,Fail,2025-01-31 15:00:00
QI-005590,PR-0016098,SKU-1238,P03,2026-05-11,219,6,Flash,E080,Fail,2025-01-31 00:00:00
QI-005591,PR-0016100,SKU-1217,P03,2026-05-11,316,14,Cracking,E086,Fail,2025-01-31 00:00:00
QI-005592,PR-0016101,SKU-1210,P03,2026-05-11,297,14,Flash,E077,Fail,2025-02-02 02:00:00
QI-005593,PR-0016102,SKU-1049,P03,2026-05-11,104,4,Flash,E084,Fail,2025-02-02 21:00:00
QI-005594,PR-0016115,SKU-1014,P05,2026-05-11,170,4,Short Shot,E152,Fail,2025-02-02 12:00:00
QI-005595,PR-0016118,SKU-1266,P05,2026-05-11,134,5,Flash,E162,Fail,2025-02-02 03:00:00
QI-005596,PR-0016119,SKU-1266,P05,2026-05-11,135,6,Burn Marks,E164,Fail,2025-02-02 06:00:00
QI-005597,PR-0016121,SKU-1042,P01,2026-05-12,196,7,Short Shot,E033,Fail,2025-01-31 09:00:00
QI-005598,PR-0016122,SKU-1175,P01,2026-05-12,115,3,Flash,E013,Fail,2025-02-02 07:00:00
QI-005599,PR-0016127,SKU-1245,P02,2026-05-12,224,7,Sink Marks,E051,Fail,2025-02-01 07:00:00
QI-005600,PR-0016129,SKU-1203,P02,2026-05-12,293,12,Flash,E063,Fail,2025-01-31 01:00:00
QI-005601,PR-0016130,SKU-1014,P02,2026-05-12,248,12,Sink Marks,E048,Fail,2025-02-01 16:00:00
QI-005602,PR-0016131,SKU-1119,P02,2026-05-12,269,8,Sink Marks,E058,Fail,2025-01-31 16:00:00
QI-005603,PR-0016137,SKU-1119,P04,2026-05-12,310,16,Flash,E136,Fail,2025-02-01 14:00:00
QI-005604,PR-0016138,SKU-1119,P04,2026-05-12,311,13,Short Shot,E121,Fail,2025-01-31 11:00:00
QI-005605,PR-0016142,SKU-1196,P04,2026-05-12,306,13,Short Shot,E140,Fail,2025-01-31 13:00:00
QI-005606,PR-0016143,SKU-1266,P04,2026-05-12,258,13,Flash,E121,Fail,2025-02-02 14:00:00
QI-005607,PR-0016144,SKU-1077,P05,2026-05-12,232,4,Flash,E148,Fail,2025-02-02 22:00:00
QI-005608,PR-0016148,SKU-1077,P05,2026-05-12,179,5,Sink Marks,E161,Fail,2025-01-31 07:00:00
QI-005609,PR-0016150,SKU-1042,P05,2026-05-12,166,8,Sink Marks,E152,Fail,2025-01-31 11:00:00
QI-005610,PR-0016152,SKU-1035,P01,2026-05-13,235,7,Burn Marks,E034,Fail,2025-02-01 15:00:00
QI-005611,PR-0016158,SKU-1014,P02,2026-05-13,145,5,Flash,E056,Fail,2025-01-31 20:00:00
QI-005612,PR-0016164,SKU-1119,P03,2026-05-13,163,6,Sink Marks,E076,Fail,2025-02-01 21:00:00
QI-005613,PR-0016167,SKU-1154,P03,2026-05-13,263,5,Short Shot,E095,Fail,2025-02-02 10:00:00
QI-005614,PR-0016173,SKU-1126,P04,2026-05-13,296,15,Short Shot,E111,Fail,2025-02-01 15:00:00
QI-005615,PR-0016176,SKU-1147,P04,2026-05-13,235,11,Flash,E139,Fail,2025-01-31 02:00:00
QI-005616,PR-0016179,SKU-1182,P05,2026-05-13,303,9,Warping,E155,Fail,2025-02-02 10:00:00
QI-005617,PR-0016180,SKU-1189,P05,2026-05-13,322,7,Cracking,E171,Fail,2025-02-01 17:00:00
QI-005618,PR-0016183,SKU-1175,P01,2026-05-14,232,7,Flash,E028,Fail,2025-02-01 14:00:00
QI-005619,PR-0016184,SKU-1175,P01,2026-05-14,232,6,Sink Marks,E028,Fail,2025-02-01 15:00:00
QI-005620,PR-0016185,SKU-1028,P01,2026-05-14,150,4,Sink Marks,E010,Fail,2025-01-31 19:00:00
QI-005621,PR-0016186,SKU-1014,P01,2026-05-14,317,13,Warping,E034,Fail,2025-01-31 06:00:00
QI-005622,PR-0016190,SKU-1084,P02,2026-05-14,141,4,Warping,E068,Fail,2025-02-02 20:00:00
QI-005623,PR-0016191,SKU-1084,P02,2026-05-14,142,6,Short Shot,E056,Fail,2025-02-02 17:00:00
QI-005624,PR-0016195,SKU-1063,P03,2026-05-14,100,4,Flash,E076,Fail,2025-01-31 04:00:00
QI-005625,PR-0016197,SKU-1154,P03,2026-05-14,227,5,Burn Marks,E083,Fail,2025-02-01 21:00:00
QI-005626,PR-0016198,SKU-1154,P03,2026-05-14,228,7,Warping,E096,Fail,2025-02-02 11:00:00
QI-005627,PR-0016200,SKU-1231,P04,2026-05-14,213,6,Burn Marks,E110,Fail,2025-02-01 11:00:00
QI-005628,PR-0016207,SKU-1084,P05,2026-05-14,171,10,Flash,E172,Fail,2025-02-02 20:00:00
QI-005629,PR-0016214,SKU-1203,P01,2026-05-15,139,3,Short Shot,E016,Fail,2025-01-31 02:00:00
QI-005630,PR-0016215,SKU-1203,P01,2026-05-15,140,4,Warping,E033,Fail,2025-01-31 07:00:00
QI-005631,PR-0016216,SKU-1203,P01,2026-05-15,115,3,Flash,E013,Fail,2025-01-31 09:00:00
QI-005632,PR-0016220,SKU-1056,P02,2026-05-15,261,10,Flash,E048,Fail,2025-02-02 08:00:00
QI-005633,PR-0016223,SKU-1154,P02,2026-05-15,187,7,Flash,E048,Fail,2025-01-31 00:00:00
QI-005634,PR-0016226,SKU-1147,P02,2026-05-15,141,6,Short Shot,E067,Fail,2025-02-02 03:00:00
QI-005635,PR-0016227,SKU-1077,P02,2026-05-15,257,6,Short Shot,E067,Fail,2025-02-01 02:00:00
QI-005636,PR-0016229,SKU-1056,P03,2026-05-15,179,3,Sink Marks,E086,Fail,2025-02-02 14:00:00
QI-005637,PR-0016233,SKU-1245,P03,2026-05-15,125,4,Flash,E104,Fail,2025-02-02 07:00:00
QI-005638,PR-0016239,SKU-1084,P04,2026-05-15,258,12,Burn Marks,E112,Fail,2025-01-31 14:00:00
QI-005639,PR-0016241,SKU-1245,P05,2026-05-15,323,12,Flash,E153,Fail,2025-02-02 03:00:00
QI-005640,PR-0016243,SKU-1049,P05,2026-05-15,268,9,Short Shot,E147,Fail,2025-02-02 21:00:00
QI-005641,PR-0016248,SKU-1049,P01,2026-05-16,320,12,Flash,E007,Fail,2025-02-01 08:00:00
QI-005642,PR-0016249,SKU-1049,P01,2026-05-16,320,15,Short Shot,E030,Fail,2025-02-01 20:00:00
QI-005643,PR-0016253,SKU-1007,P02,2026-05-16,105,3,Flash,E048,Fail,2025-02-02 03:00:00
QI-005644,PR-0016256,SKU-1266,P02,2026-05-16,318,12,Cracking,E048,Fail,2025-01-31 19:00:00
QI-005645,PR-0016261,SKU-1056,P03,2026-05-16,202,7,Sink Marks,E080,Fail,2025-02-01 02:00:00
QI-005646,PR-0016263,SKU-1217,P04,2026-05-16,162,8,Sink Marks,E130,Fail,2025-02-01 10:00:00
QI-005647,PR-0016267,SKU-1252,P04,2026-05-16,281,8,Flash,E117,Fail,2025-02-01 17:00:00
QI-005648,PR-0016269,SKU-1168,P04,2026-05-16,111,3,Burn Marks,E137,Fail,2025-02-02 04:00:00
QI-005649,PR-0016273,SKU-1028,P01,2026-05-17,200,4,Sink Marks,E013,Fail,2025-02-01 04:00:00
QI-005650,PR-0016274,SKU-1175,P01,2026-05-17,140,5,Cracking,E009,Fail,2025-02-01 17:00:00
QI-005651,PR-0016276,SKU-1273,P01,2026-05-17,295,8,Flash,E001,Fail,2025-01-31 20:00:00
QI-005652,PR-0016280,SKU-1063,P02,2026-05-17,228,5,Sink Marks,E063,Fail,2025-02-01 05:00:00
QI-005653,PR-0016285,SKU-1161,P03,2026-05-17,190,7,Flash,E104,Fail,2025-02-01 06:00:00
QI-005654,PR-0016288,SKU-1105,P04,2026-05-17,160,6,Short Shot,E142,Fail,2025-02-01 18:00:00
QI-005655,PR-0016289,SKU-1217,P04,2026-05-17,138,6,Sink Marks,E121,Fail,2025-01-31 17:00:00
QI-005656,PR-0016291,SKU-1140,P05,2026-05-17,161,5,Sink Marks,E148,Fail,2025-02-01 14:00:00
QI-005657,PR-0016293,SKU-1014,P05,2026-05-17,126,7,Sink Marks,E171,Fail,2025-02-02 13:00:00
QI-005658,PR-0016294,SKU-1077,P05,2026-05-17,258,9,Cracking,E172,Fail,2025-01-31 00:00:00
QI-005659,PR-0016296,SKU-1182,P01,2026-05-18,244,7,Flash,E029,Fail,2025-01-31 17:00:00
QI-005660,PR-0016299,SKU-1140,P01,2026-05-18,164,4,Sink Marks,E007,Fail,2025-02-01 13:00:00
QI-005661,PR-0016302,SKU-1168,P01,2026-05-18,244,6,Sink Marks,E033,Fail,2025-02-01 04:00:00
QI-005662,PR-0016306,SKU-1154,P02,2026-05-18,281,10,Warping,E068,Fail,2025-02-01 18:00:00
QI-005663,PR-0016314,SKU-1035,P03,2026-05-18,170,5,Warping,E092,Fail,2025-02-01 17:00:00
QI-005664,PR-0016316,SKU-1203,P03,2026-05-18,302,9,Sink Marks,E077,Fail,2025-01-31 17:00:00
QI-005665,PR-0016318,SKU-1210,P03,2026-05-18,257,11,Warping,E104,Fail,2025-02-01 22:00:00
QI-005666,PR-0016321,SKU-1098,P04,2026-05-18,274,10,Short Shot,E131,Fail,2025-02-02 01:00:00
QI-005667,PR-0016325,SKU-1203,P04,2026-05-18,230,9,Sink Marks,E140,Fail,2025-01-31 06:00:00
QI-005668,PR-0016326,SKU-1182,P04,2026-05-18,207,6,Flash,E132,Fail,2025-02-01 15:00:00
QI-005669,PR-0016327,SKU-1231,P05,2026-05-18,119,2,Warping,E148,Fail,2025-01-31 01:00:00
QI-005670,PR-0016328,SKU-1231,P05,2026-05-18,120,3,Short Shot,E152,Fail,2025-02-02 08:00:00
QI-005671,PR-0016329,SKU-1168,P05,2026-05-18,161,6,Flash,E159,Fail,2025-02-02 14:00:00
QI-005672,PR-0016331,SKU-1035,P05,2026-05-18,127,3,Flash,E162,Fail,2025-02-02 21:00:00
QI-005673,PR-0016333,SKU-1252,P05,2026-05-18,251,12,Sink Marks,E171,Fail,2025-02-02 02:00:00
QI-005674,PR-0016334,SKU-1252,P05,2026-05-18,251,9,Sink Marks,E172,Fail,2025-02-01 17:00:00
QI-005675,PR-0016335,SKU-1175,P01,2026-05-19,111,3,Sink Marks,E028,Fail,2025-02-02 00:00:00
QI-005676,PR-0016336,SKU-1112,P01,2026-05-19,149,3,Burn Marks,E034,Fail,2025-02-01 19:00:00
QI-005677,PR-0016337,SKU-1112,P01,2026-05-19,150,5,Burn Marks,E034,Fail,2025-01-31 13:00:00
QI-005678,PR-0016339,SKU-1140,P01,2026-05-19,288,10,Flash,E029,Fail,2025-02-01 17:00:00
QI-005679,PR-0016340,SKU-1140,P01,2026-05-19,289,7,Flash,E017,Fail,2025-02-01 01:00:00
QI-005680,PR-0016342,SKU-1203,P01,2026-05-19,252,7,Warping,E009,Fail,2025-02-01 08:00:00
QI-005681,PR-0016344,SKU-1238,P02,2026-05-19,263,7,Short Shot,E056,Fail,2025-02-02 05:00:00
QI-005682,PR-0016345,SKU-1238,P02,2026-05-19,264,8,Short Shot,E053,Fail,2025-02-01 12:00:00
QI-005683,PR-0016348,SKU-1238,P03,2026-05-19,105,3,Burn Marks,E080,Fail,2025-02-01 12:00:00
QI-005684,PR-0016352,SKU-1224,P04,2026-05-19,242,12,Short Shot,E132,Fail,2025-01-31 07:00:00
QI-005685,PR-0016354,SKU-1154,P04,2026-05-19,155,5,Sink Marks,E140,Fail,2025-02-02 19:00:00
QI-005686,PR-0016355,SKU-1154,P04,2026-05-19,156,6,Warping,E112,Fail,2025-01-31 00:00:00
QI-005687,PR-0016356,SKU-1161,P04,2026-05-19,277,12,Cracking,E131,Fail,2025-02-02 04:00:00
QI-005688,PR-0016359,SKU-1049,P04,2026-05-19,148,6,Sink Marks,E117,Fail,2025-01-31 20:00:00
QI-005689,PR-0016361,SKU-1168,P05,2026-05-19,123,5,Flash,E161,Fail,2025-02-01 06:00:00
QI-005690,PR-0016362,SKU-1168,P05,2026-05-19,124,4,Warping,E171,Fail,2025-02-01 06:00:00
QI-005691,PR-0016363,SKU-1231,P05,2026-05-19,269,9,Flash,E155,Fail,2025-02-02 13:00:00
QI-005692,PR-0016368,SKU-1105,P01,2026-05-20,144,3,Flash,E020,Fail,2025-02-01 02:00:00
QI-005693,PR-0016369,SKU-1028,P02,2026-05-20,118,3,Short Shot,E040,Fail,2025-01-31 15:00:00
QI-005694,PR-0016372,SKU-1217,P02,2026-05-20,107,4,Warping,E044,Fail,2025-02-01 11:00:00
QI-005695,PR-0016373,SKU-1245,P02,2026-05-20,191,5,Short Shot,E048,Fail,2025-02-01 12:00:00
QI-005696,PR-0016375,SKU-1273,P02,2026-05-20,160,2,Short Shot,E058,Fail,2025-01-31 10:00:00
QI-005697,PR-0016376,SKU-1273,P02,2026-05-20,160,6,Sink Marks,E051,Fail,2025-02-02 06:00:00
QI-005698,PR-0016378,SKU-1259,P03,2026-05-20,223,6,Burn Marks,E076,Fail,2025-02-02 11:00:00
QI-005699,PR-0016380,SKU-1154,P03,2026-05-20,170,6,Burn Marks,E088,Fail,2025-02-01 14:00:00
QI-005700,PR-0016381,SKU-1154,P03,2026-05-20,170,4,Warping,E078,Fail,2025-02-01 15:00:00
QI-005701,PR-0016384,SKU-1007,P04,2026-05-20,248,7,Burn Marks,E134,Fail,2025-02-02 00:00:00
QI-005702,PR-0016387,SKU-1245,P04,2026-05-20,310,16,Sink Marks,E141,Fail,2025-02-02 07:00:00
QI-005703,PR-0016388,SKU-1245,P04,2026-05-20,310,11,Short Shot,E110,Fail,2025-01-31 08:00:00
QI-005704,PR-0016389,SKU-1070,P04,2026-05-20,188,8,Short Shot,E111,Fail,2025-02-02 19:00:00
QI-005705,PR-0016390,SKU-1070,P04,2026-05-20,189,6,Flash,E137,Fail,2025-01-31 18:00:00
QI-005706,PR-0016391,SKU-1217,P05,2026-05-20,276,9,Sink Marks,E153,Fail,2025-01-31 07:00:00
QI-005707,PR-0016394,SKU-1245,P01,2026-05-21,129,2,Cracking,E001,Fail,2025-02-02 07:00:00
QI-005708,PR-0016399,SKU-1056,P01,2026-05-21,321,7,Sink Marks,E015,Fail,2025-02-02 04:00:00
QI-005709,PR-0016401,SKU-1056,P01,2026-05-21,265,10,Cracking,E001,Fail,2025-02-01 15:00:00
QI-005710,PR-0016407,SKU-1210,P03,2026-05-21,271,7,Flash,E096,Fail,2025-02-01 03:00:00
QI-005711,PR-0016409,SKU-1252,P03,2026-05-21,238,9,Short Shot,E095,Fail,2025-02-01 03:00:00
QI-005712,PR-0016410,SKU-1021,P03,2026-05-21,119,3,Short Shot,E098,Fail,2025-02-01 12:00:00
QI-005713,PR-0016411,SKU-1021,P03,2026-05-21,120,3,Warping,E088,Fail,2025-02-02 18:00:00
QI-005714,PR-0016412,SKU-1077,P03,2026-05-21,156,3,Sink Marks,E078,Fail,2025-02-01 05:00:00
QI-005715,PR-0016415,SKU-1056,P04,2026-05-21,202,8,Warping,E115,Fail,2025-02-01 11:00:00
QI-005716,PR-0016417,SKU-1252,P04,2026-05-21,190,8,Warping,E110,Fail,2025-02-02 16:00:00
QI-005717,PR-0016424,SKU-1084,P05,2026-05-21,286,9,Burn Marks,E172,Fail,2025-01-31 21:00:00
QI-005718,PR-0016427,SKU-1063,P05,2026-05-21,240,6,Flash,E162,Fail,2025-02-02 11:00:00
QI-005719,PR-0016428,SKU-1112,P05,2026-05-21,151,6,Sink Marks,E164,Fail,2025-02-01 15:00:00
QI-005720,PR-0016430,SKU-1203,P01,2026-05-22,294,13,Sink Marks,E006,Fail,2025-02-02 20:00:00
QI-005721,PR-0016431,SKU-1203,P01,2026-05-22,294,8,Warping,E013,Fail,2025-01-31 13:00:00
QI-005722,PR-0016434,SKU-1105,P01,2026-05-22,290,7,Short Shot,E010,Fail,2025-02-01 21:00:00
QI-005723,PR-0016436,SKU-1112,P02,2026-05-22,312,9,Flash,E058,Fail,2025-02-01 11:00:00
QI-005724,PR-0016439,SKU-1266,P02,2026-05-22,279,16,Warping,E054,Fail,2025-02-01 11:00:00
QI-005725,PR-0016440,SKU-1056,P02,2026-05-22,230,7,Cracking,E048,Fail,2025-02-01 01:00:00
QI-005726,PR-0016450,SKU-1140,P01,2026-05-23,203,4,Flash,E014,Fail,2025-02-01 05:00:00
QI-005727,PR-0016452,SKU-1070,P01,2026-05-23,181,6,Flash,E015,Fail,2025-01-31 17:00:00
QI-005728,PR-0016455,SKU-1091,P02,2026-05-23,145,5,Short Shot,E068,Fail,2025-02-01 17:00:00
QI-005729,PR-0016456,SKU-1154,P03,2026-05-23,169,9,Warping,E077,Fail,2025-02-01 17:00:00
QI-005730,PR-0016459,SKU-1126,P03,2026-05-23,120,4,Flash,E074,Fail,2025-01-31 15:00:00
QI-005731,PR-0016460,SKU-1014,P03,2026-05-23,322,10,Sink Marks,E084,Fail,2025-02-01 21:00:00
QI-005732,PR-0016465,SKU-1098,P04,2026-05-23,289,12,Sink Marks,E133,Fail,2025-02-02 08:00:00
QI-005733,PR-0016467,SKU-1189,P04,2026-05-23,231,8,Sink Marks,E139,Fail,2025-02-01 15:00:00
QI-005734,PR-0016471,SKU-1028,P05,2026-05-23,153,5,Cracking,E172,Fail,2025-01-31 19:00:00
QI-005735,PR-0016472,SKU-1273,P05,2026-05-23,107,4,Flash,E159,Fail,2025-02-02 21:00:00
QI-005736,PR-0016475,SKU-1049,P01,2026-05-24,105,3,Flash,E015,Fail,2025-02-01 05:00:00
QI-005737,PR-0016477,SKU-1203,P01,2026-05-24,154,3,Warping,E001,Fail,2025-01-31 09:00:00
QI-005738,PR-0016478,SKU-1105,P01,2026-05-24,283,5,Flash,E015,Fail,2025-02-02 13:00:00
QI-005739,PR-0016481,SKU-1126,P02,2026-05-24,252,8,Short Shot,E055,Fail,2025-02-02 14:00:00
QI-005740,PR-0016483,SKU-1252,P02,2026-05-24,321,11,Burn Marks,E048,Fail,2025-02-01 17:00:00
QI-005741,PR-0016485,SKU-1224,P02,2026-05-24,295,5,Short Shot,E067,Fail,2025-02-01 14:00:00
QI-005742,PR-0016492,SKU-1014,P04,2026-05-24,281,8,Flash,E140,Fail,2025-02-01 12:00:00
QI-005743,PR-0016505,SKU-1238,P01,2026-05-25,154,7,Short Shot,E007,Fail,2025-02-02 12:00:00
QI-005744,PR-0016506,SKU-1238,P01,2026-05-25,154,3,Warping,E015,Fail,2025-02-01 04:00:00
QI-005745,PR-0016508,SKU-1266,P01,2026-05-25,242,6,Flash,E016,Fail,2025-02-02 16:00:00
QI-005746,PR-0016509,SKU-1266,P01,2026-05-25,243,10,Sink Marks,E026,Fail,2025-02-02 14:00:00
QI-005747,PR-0016516,SKU-1231,P02,2026-05-25,164,5,Burn Marks,E044,Fail,2025-01-31 11:00:00
QI-005748,PR-0016517,SKU-1084,P02,2026-05-25,147,5,Sink Marks,E044,Fail,2025-02-01 14:00:00
QI-005749,PR-0016520,SKU-1175,P03,2026-05-25,285,10,Sink Marks,E080,Fail,2025-02-02 17:00:00
QI-005750,PR-0016521,SKU-1196,P04,2026-05-25,208,9,Warping,E111,Fail,2025-01-31 07:00:00
QI-005751,PR-0016522,SKU-1077,P04,2026-05-25,259,9,Flash,E137,Fail,2025-01-31 18:00:00
QI-005752,PR-0016527,SKU-1112,P05,2026-05-25,198,3,Short Shot,E162,Fail,2025-02-01 05:00:00
QI-005753,PR-0016530,SKU-1056,P05,2026-05-25,264,6,Flash,E148,Fail,2025-02-01 06:00:00
QI-005754,PR-0016532,SKU-1231,P01,2026-05-26,124,3,Warping,E028,Fail,2025-02-02 13:00:00
QI-005755,PR-0016542,SKU-1007,P02,2026-05-26,176,4,Short Shot,E040,Fail,2025-02-01 03:00:00
QI-005756,PR-0016544,SKU-1189,P02,2026-05-26,247,10,Warping,E053,Fail,2025-02-01 10:00:00
QI-005757,PR-0016549,SKU-1119,P03,2026-05-26,293,9,Flash,E080,Fail,2025-02-02 19:00:00
QI-005758,PR-0016552,SKU-1056,P03,2026-05-26,142,4,Short Shot,E103,Fail,2025-02-01 16:00:00
QI-005759,PR-0016554,SKU-1266,P03,2026-05-26,165,4,Flash,E108,Fail,2025-02-01 12:00:00
QI-005760,PR-0016555,SKU-1266,P03,2026-05-26,166,7,Cracking,E077,Fail,2025-01-31 12:00:00
QI-005761,PR-0016557,SKU-1224,P04,2026-05-26,116,3,Flash,E112,Fail,2025-01-31 19:00:00
QI-005762,PR-0016564,SKU-1154,P05,2026-05-26,238,8,Burn Marks,E162,Fail,2025-02-01 08:00:00
QI-005763,PR-0016567,SKU-1238,P05,2026-05-26,113,2,Short Shot,E163,Fail,2025-01-31 10:00:00
QI-005764,PR-0016570,SKU-1210,P01,2026-05-27,201,6,Short Shot,E015,Fail,2025-02-02 13:00:00
QI-005765,PR-0016573,SKU-1147,P01,2026-05-27,231,5,Flash,E028,Fail,2025-02-02 19:00:00
QI-005766,PR-0016576,SKU-1126,P02,2026-05-27,259,7,Short Shot,E044,Fail,2025-02-01 14:00:00
QI-005767,PR-0016577,SKU-1014,P02,2026-05-27,242,8,Warping,E054,Fail,2025-02-02 19:00:00
QI-005768,PR-0016579,SKU-1252,P03,2026-05-27,207,11,Flash,E084,Fail,2025-01-31 15:00:00
QI-005769,PR-0016580,SKU-1231,P03,2026-05-27,301,6,Sink Marks,E078,Fail,2025-02-02 11:00:00
QI-005770,PR-0016584,SKU-1077,P03,2026-05-27,205,8,Burn Marks,E083,Fail,2025-02-02 01:00:00
QI-005771,PR-0016588,SKU-1231,P04,2026-05-27,312,12,Flash,E112,Fail,2025-02-02 02:00:00
QI-005772,PR-0016594,SKU-1077,P05,2026-05-27,172,5,Cracking,E171,Fail,2025-02-01 16:00:00
QI-005773,PR-0016599,SKU-1035,P01,2026-05-28,290,9,Flash,E010,Fail,2025-01-31 16:00:00
QI-005774,PR-0016600,SKU-1161,P01,2026-05-28,315,10,Sink Marks,E015,Fail,2025-01-31 05:00:00
QI-005775,PR-0016602,SKU-1014,P01,2026-05-28,130,2,Flash,E010,Fail,2025-02-02 03:00:00
QI-005776,PR-0016603,SKU-1196,P02,2026-05-28,320,11,Burn Marks,E053,Fail,2025-01-31 13:00:00
QI-005777,PR-0016610,SKU-1280,P03,2026-05-28,280,8,Short Shot,E104,Fail,2025-02-01 21:00:00
QI-005778,PR-0016612,SKU-1175,P04,2026-05-28,145,5,Warping,E141,Fail,2025-02-02 03:00:00
QI-005779,PR-0016613,SKU-1175,P04,2026-05-28,146,4,Short Shot,E122,Fail,2025-02-02 05:00:00
QI-005780,PR-0016617,SKU-1007,P04,2026-05-28,284,12,Flash,E117,Fail,2025-01-31 10:00:00
QI-005781,PR-0016618,SKU-1070,P04,2026-05-28,109,6,Short Shot,E112,Fail,2025-02-01 10:00:00
QI-005782,PR-0016624,SKU-1105,P05,2026-05-28,185,4,Sink Marks,E148,Fail,2025-01-31 00:00:00
QI-005783,PR-0016628,SKU-1161,P05,2026-05-28,130,3,Flash,E152,Fail,2025-01-31 05:00:00
QI-005784,PR-0016629,SKU-1175,P01,2026-05-29,296,11,Warping,E021,Fail,2025-02-02 16:00:00
QI-005785,PR-0016630,SKU-1098,P01,2026-05-29,299,12,Burn Marks,E034,Fail,2025-02-01 07:00:00
QI-005786,PR-0016632,SKU-1259,P01,2026-05-29,250,7,Flash,E034,Fail,2025-01-31 12:00:00
QI-005787,PR-0016633,SKU-1259,P01,2026-05-29,250,6,Cracking,E017,Fail,2025-01-31 15:00:00
QI-005788,PR-0016635,SKU-1245,P01,2026-05-29,154,4,Short Shot,E030,Fail,2025-01-31 07:00:00
QI-005789,PR-0016643,SKU-1007,P03,2026-05-29,209,7,Flash,E078,Fail,2025-02-01 16:00:00
QI-005790,PR-0016644,SKU-1210,P03,2026-05-29,117,3,Flash,E078,Fail,2025-02-01 21:00:00
QI-005791,PR-0016648,SKU-1168,P04,2026-05-29,181,10,Short Shot,E117,Fail,2025-01-31 12:00:00
QI-005792,PR-0016649,SKU-1168,P04,2026-05-29,182,9,Short Shot,E111,Fail,2025-02-02 13:00:00
QI-005793,PR-0016651,SKU-1238,P04,2026-05-29,143,6,Short Shot,E142,Fail,2025-02-01 00:00:00
QI-005794,PR-0016652,SKU-1035,P05,2026-05-29,213,5,Flash,E163,Fail,2025-02-01 09:00:00
QI-005795,PR-0016654,SKU-1280,P05,2026-05-29,187,10,Flash,E147,Fail,2025-01-31 22:00:00
QI-005796,PR-0016655,SKU-1280,P05,2026-05-29,187,6,Burn Marks,E159,Fail,2025-02-01 08:00:00
QI-005797,PR-0016656,SKU-1210,P05,2026-05-29,118,3,Warping,E152,Fail,2025-02-01 21:00:00
QI-005798,PR-0016657,SKU-1077,P05,2026-05-29,190,5,Warping,E162,Fail,2025-02-01 10:00:00
QI-005799,PR-0016670,SKU-1259,P02,2026-05-30,148,4,Short Shot,E054,Fail,2025-02-02 16:00:00
QI-005800,PR-0016677,SKU-1168,P03,2026-05-30,220,7,Flash,E074,Fail,2025-01-31 01:00:00
QI-005801,PR-0016680,SKU-1238,P03,2026-05-30,131,3,Flash,E078,Fail,2025-02-01 16:00:00
QI-005802,PR-0016682,SKU-1182,P04,2026-05-30,100,4,Sink Marks,E136,Fail,2025-01-31 17:00:00
QI-005803,PR-0016684,SKU-1189,P04,2026-05-30,321,16,Cracking,E112,Fail,2025-02-02 10:00:00
QI-005804,PR-0016685,SKU-1189,P04,2026-05-30,322,18,Warping,E120,Fail,2025-02-01 22:00:00
QI-005805,PR-0016687,SKU-1140,P04,2026-05-30,270,10,Short Shot,E141,Fail,2025-01-31 11:00:00
QI-005806,PR-0016690,SKU-1028,P05,2026-05-30,233,11,Cracking,E148,Fail,2025-02-01 15:00:00
QI-005807,PR-0016692,SKU-1049,P05,2026-05-30,191,7,Warping,E179,Fail,2025-01-31 07:00:00
QI-005808,PR-0016694,SKU-1035,P05,2026-05-30,183,6,Warping,E172,Fail,2025-01-31 13:00:00
QI-005809,PR-0016698,SKU-1056,P01,2026-05-31,100,3,Burn Marks,E015,Fail,2025-02-01 00:00:00
QI-005810,PR-0016699,SKU-1175,P01,2026-05-31,270,13,Cracking,E029,Fail,2025-01-31 16:00:00
QI-005811,PR-0016700,SKU-1175,P01,2026-05-31,271,8,Flash,E001,Fail,2025-02-02 21:00:00
QI-005812,PR-0016701,SKU-1280,P01,2026-05-31,324,5,Flash,E017,Fail,2025-01-31 19:00:00
QI-005813,PR-0016702,SKU-1280,P01,2026-05-31,324,10,Sink Marks,E020,Fail,2025-01-31 07:00:00
QI-005814,PR-0016713,SKU-1245,P03,2026-05-31,114,6,Short Shot,E077,Fail,2025-01-31 16:00:00
QI-005815,PR-0016714,SKU-1245,P03,2026-05-31,115,2,Sink Marks,E095,Fail,2025-02-01 02:00:00
QI-005816,PR-0016716,SKU-1259,P03,2026-05-31,269,5,Sink Marks,E086,Fail,2025-02-01 20:00:00
QI-005817,PR-0016722,SKU-1035,P04,2026-05-31,142,7,Cracking,E130,Fail,2025-02-02 00:00:00
QI-005818,PR-0016723,SKU-1035,P04,2026-05-31,142,5,Warping,E143,Fail,2025-02-02 07:00:00
QI-005819,PR-0016735,SKU-1245,P01,2026-06-01,110,4,Cracking,E029,Fail,2025-02-02 14:00:00
QI-005820,PR-0016740,SKU-1259,P02,2026-06-01,286,8,Warping,E067,Fail,2025-02-02 05:00:00
QI-005821,PR-0016741,SKU-1070,P02,2026-06-01,160,7,Sink Marks,E051,Fail,2025-02-01 22:00:00
QI-005822,PR-0016742,SKU-1070,P02,2026-06-01,160,3,Flash,E055,Fail,2025-01-31 20:00:00
QI-005823,PR-0016745,SKU-1119,P02,2026-06-01,217,13,Warping,E054,Fail,2025-01-31 17:00:00
QI-005824,PR-0016746,SKU-1133,P02,2026-06-01,154,5,Burn Marks,E044,Fail,2025-02-02 05:00:00
QI-005825,PR-0016753,SKU-1224,P04,2026-06-01,324,17,Short Shot,E110,Fail,2025-01-31 08:00:00
QI-005826,PR-0016754,SKU-1224,P04,2026-06-01,325,18,Flash,E133,Fail,2025-02-02 13:00:00
QI-005827,PR-0016760,SKU-1105,P05,2026-06-01,224,11,Short Shot,E153,Fail,2025-02-01 13:00:00
QI-005828,PR-0016767,SKU-1238,P01,2026-06-02,160,5,Warping,E033,Fail,2025-01-31 08:00:00
QI-005829,PR-0016769,SKU-1112,P02,2026-06-02,220,8,Warping,E054,Fail,2025-02-01 14:00:00
QI-005830,PR-0016774,SKU-1028,P02,2026-06-02,100,2,Warping,E040,Fail,2025-01-31 01:00:00
QI-005831,PR-0016775,SKU-1028,P02,2026-06-02,101,2,Warping,E055,Fail,2025-02-02 14:00:00
QI-005832,PR-0016781,SKU-1091,P04,2026-06-02,310,15,Cracking,E112,Fail,2025-02-02 12:00:00
QI-005833,PR-0016792,SKU-1147,P05,2026-06-02,181,6,Sink Marks,E174,Fail,2025-01-31 05:00:00
QI-005834,PR-0016793,SKU-1105,P01,2026-06-03,311,10,Flash,E028,Fail,2025-02-02 15:00:00
QI-005835,PR-0016794,SKU-1105,P01,2026-06-03,312,12,Warping,E010,Fail,2025-01-31 21:00:00
QI-005836,PR-0016795,SKU-1035,P01,2026-06-03,247,8,Sink Marks,E028,Fail,2025-01-31 21:00:00
QI-005837,PR-0016798,SKU-1217,P01,2026-06-03,238,7,Burn Marks,E007,Fail,2025-01-31 20:00:00
QI-005838,PR-0016800,SKU-1126,P02,2026-06-03,253,7,Short Shot,E067,Fail,2025-02-01 21:00:00
QI-005839,PR-0016804,SKU-1126,P03,2026-06-03,175,5,Short Shot,E076,Fail,2025-02-01 13:00:00
QI-005840,PR-0016806,SKU-1266,P03,2026-06-03,274,9,Warping,E104,Fail,2025-02-02 08:00:00
QI-005841,PR-0016807,SKU-1266,P03,2026-06-03,275,11,Short Shot,E076,Fail,2025-01-31 13:00:00
QI-005842,PR-0016809,SKU-1245,P03,2026-06-03,176,5,Short Shot,E078,Fail,2025-02-01 01:00:00
QI-005843,PR-0016811,SKU-1028,P04,2026-06-03,119,3,Short Shot,E117,Fail,2025-02-02 12:00:00
QI-005844,PR-0016814,SKU-1091,P04,2026-06-03,120,5,Sink Marks,E140,Fail,2025-01-31 06:00:00
QI-005845,PR-0016820,SKU-1273,P04,2026-06-03,145,5,Sink Marks,E110,Fail,2025-02-01 07:00:00
QI-005846,PR-0016825,SKU-1238,P05,2026-06-03,236,6,Flash,E153,Fail,2025-02-01 02:00:00
QI-005847,PR-0016827,SKU-1077,P05,2026-06-03,219,11,Sink Marks,E153,Fail,2025-02-01 22:00:00
QI-005848,PR-0016828,SKU-1273,P05,2026-06-03,190,9,Flash,E148,Fail,2025-01-31 16:00:00
QI-005849,PR-0016832,SKU-1161,P01,2026-06-04,254,7,Sink Marks,E030,Fail,2025-01-31 03:00:00
QI-005850,PR-0016834,SKU-1238,P01,2026-06-04,141,5,Sink Marks,E017,Fail,2025-02-02 20:00:00
QI-005851,PR-0016835,SKU-1056,P01,2026-06-04,119,3,Flash,E006,Fail,2025-02-01 13:00:00
QI-005852,PR-0016840,SKU-1182,P02,2026-06-04,260,12,Cracking,E063,Fail,2025-02-01 03:00:00
QI-005853,PR-0016843,SKU-1091,P03,2026-06-04,233,7,Warping,E108,Fail,2025-02-01 12:00:00
QI-005854,PR-0016844,SKU-1091,P03,2026-06-04,234,9,Short Shot,E074,Fail,2025-02-02 09:00:00
QI-005855,PR-0016845,SKU-1105,P04,2026-06-04,315,12,Flash,E136,Fail,2025-01-31 00:00:00
QI-005856,PR-0016846,SKU-1252,P04,2026-06-04,267,8,Flash,E141,Fail,2025-02-01 13:00:00
QI-005857,PR-0016851,SKU-1182,P04,2026-06-04,242,7,Flash,E131,Fail,2025-02-02 03:00:00
QI-005858,PR-0016854,SKU-1224,P05,2026-06-04,317,12,Cracking,E172,Fail,2025-02-01 20:00:00
QI-005859,PR-0016855,SKU-1126,P05,2026-06-04,156,7,Sink Marks,E153,Fail,2025-02-01 11:00:00
QI-005860,PR-0016856,SKU-1231,P05,2026-06-04,222,3,Short Shot,E155,Fail,2025-01-31 15:00:00
QI-005861,PR-0016857,SKU-1252,P05,2026-06-04,306,12,Warping,E162,Fail,2025-02-01 08:00:00
QI-005862,PR-0016858,SKU-1252,P05,2026-06-04,306,11,Cracking,E179,Fail,2025-02-01 12:00:00
QI-005863,PR-0016860,SKU-1259,P05,2026-06-04,247,10,Flash,E159,Fail,2025-02-01 06:00:00
QI-005864,PR-0016863,SKU-1049,P01,2026-06-05,251,8,Warping,E034,Fail,2025-02-01 05:00:00
QI-005865,PR-0016867,SKU-1196,P02,2026-06-05,159,6,Warping,E067,Fail,2025-02-01 14:00:00
QI-005866,PR-0016870,SKU-1231,P02,2026-06-05,277,11,Short Shot,E056,Fail,2025-02-01 07:00:00
QI-005867,PR-0016871,SKU-1266,P02,2026-06-05,168,5,Cracking,E044,Fail,2025-01-31 08:00:00
QI-005868,PR-0016872,SKU-1091,P03,2026-06-05,313,7,Sink Marks,E104,Fail,2025-01-31 16:00:00
QI-005869,PR-0016873,SKU-1091,P03,2026-06-05,313,13,Sink Marks,E086,Fail,2025-01-31 12:00:00
QI-005870,PR-0016876,SKU-1084,P03,2026-06-05,143,4,Burn Marks,E104,Fail,2025-02-02 19:00:00
QI-005871,PR-0016877,SKU-1084,P03,2026-06-05,144,7,Sink Marks,E079,Fail,2025-02-02 22:00:00
QI-005872,PR-0016878,SKU-1070,P03,2026-06-05,196,7,Flash,E104,Fail,2025-02-02 04:00:00
QI-005873,PR-0016879,SKU-1070,P03,2026-06-05,196,10,Short Shot,E074,Fail,2025-02-02 21:00:00
QI-005874,PR-0016883,SKU-1014,P04,2026-06-05,258,13,Short Shot,E112,Fail,2025-02-02 01:00:00
QI-005875,PR-0016885,SKU-1112,P05,2026-06-05,298,15,Warping,E153,Fail,2025-02-01 21:00:00
QI-005876,PR-0016888,SKU-1035,P05,2026-06-05,120,5,Cracking,E152,Fail,2025-01-31 19:00:00
QI-005877,PR-0016890,SKU-1021,P05,2026-06-05,144,4,Short Shot,E147,Fail,2025-02-02 08:00:00
QI-005878,PR-0016895,SKU-1210,P01,2026-06-06,294,11,Warping,E030,Fail,2025-01-31 09:00:00
QI-005879,PR-0016896,SKU-1210,P01,2026-06-06,295,10,Burn Marks,E016,Fail,2025-02-02 05:00:00
QI-005880,PR-0016899,SKU-1259,P02,2026-06-06,191,4,Short Shot,E055,Fail,2025-02-01 19:00:00
QI-005881,PR-0016901,SKU-1105,P02,2026-06-06,201,7,Short Shot,E063,Fail,2025-02-01 18:00:00
QI-005882,PR-0016903,SKU-1077,P02,2026-06-06,249,8,Warping,E055,Fail,2025-01-31 17:00:00
QI-005883,PR-0016904,SKU-1077,P02,2026-06-06,250,9,Warping,E062,Fail,2025-02-01 18:00:00
QI-005884,PR-0016905,SKU-1035,P03,2026-06-06,289,9,Flash,E084,Fail,2025-02-02 16:00:00
QI-005885,PR-0016906,SKU-1035,P03,2026-06-06,290,12,Warping,E083,Fail,2025-02-02 06:00:00
QI-005886,PR-0016910,SKU-1007,P03,2026-06-06,177,6,Warping,E077,Fail,2025-02-01 05:00:00
QI-005887,PR-0016911,SKU-1203,P03,2026-06-06,243,6,Sink Marks,E096,Fail,2025-01-31 16:00:00
QI-005888,PR-0016912,SKU-1203,P03,2026-06-06,244,8,Flash,E103,Fail,2025-02-02 01:00:00
QI-005889,PR-0016915,SKU-1035,P04,2026-06-06,135,6,Flash,E122,Fail,2025-02-01 18:00:00
QI-005890,PR-0016922,SKU-1154,P05,2026-06-06,280,14,Short Shot,E172,Fail,2025-02-02 17:00:00
QI-005891,PR-0016924,SKU-1056,P05,2026-06-06,180,4,Sink Marks,E162,Fail,2025-01-31 01:00:00
QI-005892,PR-0016925,SKU-1203,P05,2026-06-06,202,9,Burn Marks,E162,Fail,2025-02-01 19:00:00
QI-005893,PR-0016931,SKU-1140,P01,2026-06-07,273,9,Sink Marks,E034,Fail,2025-01-31 11:00:00
QI-005894,PR-0016932,SKU-1231,P01,2026-06-07,322,10,Short Shot,E029,Fail,2025-01-31 13:00:00
QI-005895,PR-0016945,SKU-1028,P03,2026-06-07,124,4,Sink Marks,E077,Fail,2025-02-01 10:00:00
QI-005896,PR-0016947,SKU-1105,P04,2026-06-07,198,6,Flash,E132,Fail,2025-01-31 11:00:00
QI-005897,PR-0016948,SKU-1105,P04,2026-06-07,199,6,Flash,E136,Fail,2025-02-01 06:00:00
QI-005898,PR-0016951,SKU-1049,P04,2026-06-07,148,5,Warping,E142,Fail,2025-01-31 13:00:00
QI-005899,PR-0016953,SKU-1098,P04,2026-06-07,255,10,Short Shot,E141,Fail,2025-02-01 04:00:00
QI-005900,PR-0016955,SKU-1280,P05,2026-06-07,189,4,Flash,E175,Fail,2025-02-01 11:00:00
QI-005901,PR-0016958,SKU-1245,P05,2026-06-07,154,6,Short Shot,E152,Fail,2025-02-02 21:00:00
QI-005902,PR-0016959,SKU-1182,P05,2026-06-07,173,4,Burn Marks,E148,Fail,2025-01-31 17:00:00
QI-005903,PR-0016963,SKU-1126,P05,2026-06-07,211,13,Cracking,E153,Fail,2025-02-01 04:00:00
QI-005904,PR-0016964,SKU-1182,P01,2026-06-08,200,5,Sink Marks,E029,Fail,2025-02-02 07:00:00
QI-005905,PR-0016965,SKU-1182,P01,2026-06-08,201,7,Short Shot,E034,Fail,2025-01-31 05:00:00
QI-005906,PR-0016970,SKU-1161,P02,2026-06-08,193,4,Burn Marks,E055,Fail,2025-02-01 01:00:00
QI-005907,PR-0016971,SKU-1161,P02,2026-06-08,193,7,Short Shot,E058,Fail,2025-02-01 17:00:00
QI-005908,PR-0016972,SKU-1140,P02,2026-06-08,246,12,Short Shot,E062,Fail,2025-01-31 03:00:00
QI-005909,PR-0016973,SKU-1140,P02,2026-06-08,246,4,Flash,E040,Fail,2025-02-01 19:00:00
QI-005910,PR-0016975,SKU-1091,P03,2026-06-08,257,8,Flash,E088,Fail,2025-02-01 19:00:00
QI-005911,PR-0016981,SKU-1273,P03,2026-06-08,161,5,Warping,E086,Fail,2025-02-02 05:00:00
QI-005912,PR-0016990,SKU-1168,P05,2026-06-08,317,14,Sink Marks,E175,Fail,2025-02-02 07:00:00
QI-005913,PR-0016991,SKU-1168,P05,2026-06-08,318,13,Flash,E153,Fail,2025-02-01 19:00:00
QI-005914,PR-0016992,SKU-1112,P05,2026-06-08,275,13,Burn Marks,E172,Fail,2025-01-31 10:00:00
QI-005915,PR-0016993,SKU-1196,P05,2026-06-08,160,5,Flash,E174,Fail,2025-02-02 09:00:00
QI-005916,PR-0016994,SKU-1140,P05,2026-06-08,163,5,Cracking,E148,Fail,2025-01-31 18:00:00
QI-005917,PR-0016997,SKU-1077,P01,2026-06-09,210,5,Short Shot,E009,Fail,2025-01-31 20:00:00
QI-005918,PR-0017000,SKU-1231,P01,2026-06-09,137,2,Short Shot,E015,Fail,2025-02-01 16:00:00
QI-005919,PR-0017006,SKU-1105,P02,2026-06-09,305,13,Cracking,E062,Fail,2025-02-01 03:00:00
QI-005920,PR-0017010,SKU-1140,P03,2026-06-09,137,3,Short Shot,E095,Fail,2025-01-31 02:00:00
QI-005921,PR-0017012,SKU-1217,P04,2026-06-09,159,9,Flash,E111,Fail,2025-02-01 00:00:00
QI-005922,PR-0017016,SKU-1056,P04,2026-06-09,187,10,Burn Marks,E130,Fail,2025-01-31 08:00:00
QI-005923,PR-0017017,SKU-1056,P04,2026-06-09,188,7,Warping,E140,Fail,2025-01-31 03:00:00
QI-005924,PR-0017022,SKU-1105,P05,2026-06-09,173,6,Flash,E175,Fail,2025-02-02 22:00:00
QI-005925,PR-0017032,SKU-1154,P02,2026-06-10,230,8,Flash,E068,Fail,2025-02-02 09:00:00
QI-005926,PR-0017034,SKU-1168,P02,2026-06-10,259,10,Flash,E054,Fail,2025-01-31 06:00:00
QI-005927,PR-0017039,SKU-1252,P03,2026-06-10,320,11,Sink Marks,E076,Fail,2025-01-31 17:00:00
QI-005928,PR-0017040,SKU-1182,P03,2026-06-10,311,9,Flash,E079,Fail,2025-01-31 19:00:00
QI-005929,PR-0017043,SKU-1231,P03,2026-06-10,267,7,Short Shot,E103,Fail,2025-02-02 21:00:00
QI-005930,PR-0017045,SKU-1280,P04,2026-06-10,312,18,Sink Marks,E143,Fail,2025-02-01 20:00:00
QI-005931,PR-0017046,SKU-1203,P04,2026-06-10,240,7,Sink Marks,E134,Fail,2025-02-02 03:00:00
QI-005932,PR-0017049,SKU-1266,P04,2026-06-10,154,6,Flash,E130,Fail,2025-02-01 18:00:00
QI-005933,PR-0017050,SKU-1231,P04,2026-06-10,211,7,Burn Marks,E121,Fail,2025-02-01 02:00:00
QI-005934,PR-0017051,SKU-1231,P04,2026-06-10,212,9,Sink Marks,E142,Fail,2025-02-01 08:00:00
QI-005935,PR-0017062,SKU-1238,P02,2026-06-11,154,3,Sink Marks,E055,Fail,2025-02-01 18:00:00
QI-005936,PR-0017064,SKU-1112,P02,2026-06-11,114,4,Flash,E040,Fail,2025-01-31 15:00:00
QI-005937,PR-0017065,SKU-1266,P02,2026-06-11,139,4,Warping,E058,Fail,2025-01-31 13:00:00
QI-005938,PR-0017067,SKU-1189,P03,2026-06-11,125,3,Sink Marks,E076,Fail,2025-01-31 11:00:00
QI-005939,PR-0017068,SKU-1182,P03,2026-06-11,242,6,Short Shot,E108,Fail,2025-02-02 08:00:00
QI-005940,PR-0017071,SKU-1273,P03,2026-06-11,293,10,Short Shot,E080,Fail,2025-02-01 07:00:00
QI-005941,PR-0017072,SKU-1231,P03,2026-06-11,196,7,Short Shot,E083,Fail,2025-02-02 09:00:00
QI-005942,PR-0017073,SKU-1231,P03,2026-06-11,196,3,Flash,E074,Fail,2025-02-01 12:00:00
QI-005943,PR-0017074,SKU-1224,P03,2026-06-11,131,4,Sink Marks,E074,Fail,2025-02-02 03:00:00
QI-005944,PR-0017079,SKU-1245,P04,2026-06-11,155,5,Flash,E115,Fail,2025-02-02 11:00:00
QI-005945,PR-0017080,SKU-1154,P05,2026-06-11,274,8,Flash,E148,Fail,2025-02-02 04:00:00
QI-005946,PR-0017084,SKU-1168,P05,2026-06-11,158,6,Short Shot,E152,Fail,2025-01-31 01:00:00
QI-005947,PR-0017087,SKU-1245,P05,2026-06-11,168,5,Cracking,E159,Fail,2025-01-31 22:00:00
QI-005948,PR-0017090,SKU-1098,P01,2026-06-12,211,3,Short Shot,E028,Fail,2025-01-31 09:00:00
QI-005949,PR-0017094,SKU-1168,P02,2026-06-12,142,6,Flash,E051,Fail,2025-02-01 01:00:00
QI-005950,PR-0017096,SKU-1189,P02,2026-06-12,228,4,Short Shot,E068,Fail,2025-01-31 20:00:00
QI-005951,PR-0017097,SKU-1014,P02,2026-06-12,250,13,Cracking,E040,Fail,2025-02-02 06:00:00
QI-005952,PR-0017102,SKU-1252,P04,2026-06-12,105,5,Short Shot,E117,Fail,2025-01-31 06:00:00
QI-005953,PR-0017104,SKU-1014,P04,2026-06-12,303,11,Warping,E133,Fail,2025-01-31 13:00:00
QI-005954,PR-0017106,SKU-1280,P04,2026-06-12,206,9,Cracking,E132,Fail,2025-02-02 02:00:00
QI-005955,PR-0017107,SKU-1238,P04,2026-06-12,205,6,Warping,E137,Fail,2025-02-02 06:00:00
QI-005956,PR-0017113,SKU-1231,P05,2026-06-12,226,9,Flash,E162,Fail,2025-02-01 02:00:00
QI-005957,PR-0017115,SKU-1140,P01,2026-06-13,203,8,Cracking,E015,Fail,2025-01-31 12:00:00
QI-005958,PR-0017116,SKU-1210,P01,2026-06-13,296,7,Flash,E020,Fail,2025-02-02 20:00:00
QI-005959,PR-0017118,SKU-1112,P01,2026-06-13,215,9,Sink Marks,E029,Fail,2025-02-02 16:00:00
QI-005960,PR-0017119,SKU-1161,P01,2026-06-13,264,13,Warping,E007,Fail,2025-01-31 04:00:00
QI-005961,PR-0017120,SKU-1126,P01,2026-06-13,224,7,Sink Marks,E015,Fail,2025-01-31 10:00:00
QI-005962,PR-0017124,SKU-1105,P02,2026-06-13,312,17,Flash,E044,Fail,2025-02-01 11:00:00
QI-005963,PR-0017127,SKU-1140,P02,2026-06-13,232,11,Sink Marks,E051,Fail,2025-02-01 19:00:00
QI-005964,PR-0017128,SKU-1126,P03,2026-06-13,177,9,Flash,E079,Fail,2025-01-31 01:00:00
QI-005965,PR-0017131,SKU-1042,P03,2026-06-13,190,6,Flash,E096,Fail,2025-01-31 04:00:00
QI-005966,PR-0017135,SKU-1070,P04,2026-06-13,122,7,Sink Marks,E122,Fail,2025-02-02 21:00:00
QI-005967,PR-0017138,SKU-1175,P04,2026-06-13,304,9,Burn Marks,E131,Fail,2025-02-02 00:00:00
QI-005968,PR-0017150,SKU-1231,P01,2026-06-14,155,4,Flash,E009,Fail,2025-01-31 02:00:00
QI-005969,PR-0017152,SKU-1091,P01,2026-06-14,128,3,Short Shot,E001,Fail,2025-01-31 13:00:00
QI-005970,PR-0017156,SKU-1280,P02,2026-06-14,194,9,Sink Marks,E054,Fail,2025-02-02 04:00:00
QI-005971,PR-0017158,SKU-1084,P02,2026-06-14,241,11,Flash,E062,Fail,2025-02-01 07:00:00
QI-005972,PR-0017167,SKU-1105,P03,2026-06-14,106,4,Burn Marks,E103,Fail,2025-01-31 10:00:00
QI-005973,PR-0017168,SKU-1231,P03,2026-06-14,263,10,Flash,E086,Fail,2025-02-02 19:00:00
QI-005974,PR-0017171,SKU-1091,P04,2026-06-14,307,9,Burn Marks,E137,Fail,2025-02-01 13:00:00
QI-005975,PR-0017172,SKU-1091,P04,2026-06-14,307,18,Sink Marks,E117,Fail,2025-02-01 20:00:00
QI-005976,PR-0017173,SKU-1147,P04,2026-06-14,100,3,Burn Marks,E122,Fail,2025-02-01 07:00:00
QI-005977,PR-0017177,SKU-1028,P05,2026-06-14,118,3,Warping,E148,Fail,2025-02-01 16:00:00
QI-005978,PR-0017180,SKU-1028,P05,2026-06-14,178,5,Flash,E179,Fail,2025-02-01 00:00:00
QI-005979,PR-0017182,SKU-1112,P05,2026-06-14,152,6,Flash,E175,Fail,2025-02-02 07:00:00
QI-005980,PR-0017184,SKU-1119,P01,2026-06-15,182,5,Sink Marks,E017,Fail,2025-02-01 00:00:00
QI-005981,PR-0017185,SKU-1154,P01,2026-06-15,196,3,Warping,E016,Fail,2025-02-01 14:00:00
QI-005982,PR-0017188,SKU-1196,P01,2026-06-15,102,1,Short Shot,E009,Fail,2025-02-02 17:00:00
QI-005983,PR-0017189,SKU-1224,P02,2026-06-15,168,7,Short Shot,E068,Fail,2025-01-31 18:00:00
QI-005984,PR-0017193,SKU-1021,P02,2026-06-15,316,9,Warping,E062,Fail,2025-01-31 11:00:00
QI-005985,PR-0017198,SKU-1224,P03,2026-06-15,293,10,Flash,E095,Fail,2025-02-01 02:00:00
QI-005986,PR-0017200,SKU-1056,P04,2026-06-15,132,6,Flash,E121,Fail,2025-02-01 13:00:00
QI-005987,PR-0017202,SKU-1063,P04,2026-06-15,235,12,Sink Marks,E112,Fail,2025-02-01 16:00:00
QI-005988,PR-0017205,SKU-1042,P04,2026-06-15,191,9,Short Shot,E143,Fail,2025-02-01 05:00:00
QI-005989,PR-0017207,SKU-1224,P04,2026-06-15,323,11,Short Shot,E137,Fail,2025-02-01 09:00:00
QI-005990,PR-0017208,SKU-1231,P05,2026-06-15,283,12,Flash,E153,Fail,2025-01-31 05:00:00
QI-005991,PR-0017209,SKU-1231,P05,2026-06-15,283,5,Flash,E152,Fail,2025-02-01 21:00:00
QI-005992,PR-0017212,SKU-1119,P01,2026-06-16,125,3,Sink Marks,E001,Fail,2025-02-01 22:00:00
QI-005993,PR-0017213,SKU-1119,P01,2026-06-16,125,5,Short Shot,E028,Fail,2025-01-31 18:00:00
QI-005994,PR-0017215,SKU-1063,P01,2026-06-16,161,6,Short Shot,E017,Fail,2025-02-02 01:00:00
QI-005995,PR-0017219,SKU-1161,P02,2026-06-16,118,5,Sink Marks,E056,Fail,2025-01-31 06:00:00
QI-005996,PR-0017220,SKU-1252,P02,2026-06-16,111,3,Short Shot,E051,Fail,2025-02-01 13:00:00
QI-005997,PR-0017225,SKU-1252,P02,2026-06-16,313,7,Warping,E048,Fail,2025-02-02 05:00:00
QI-005998,PR-0017227,SKU-1224,P03,2026-06-16,198,7,Flash,E074,Fail,2025-01-31 06:00:00
QI-005999,PR-0017229,SKU-1021,P03,2026-06-16,274,10,Short Shot,E074,Fail,2025-01-31 13:00:00
QI-006000,PR-0017234,SKU-1126,P05,2026-06-16,307,13,Warping,E175,Fail,2025-01-31 03:00:00
QI-006001,PR-0017238,SKU-1070,P05,2026-06-16,267,13,Flash,E159,Fail,2025-02-01 09:00:00
QI-006002,PR-0017243,SKU-1210,P01,2026-06-17,262,8,Sink Marks,E007,Fail,2025-01-31 01:00:00
QI-006003,PR-0017246,SKU-1147,P02,2026-06-17,136,2,Sink Marks,E043,Fail,2025-01-31 07:00:00
QI-006004,PR-0017247,SKU-1147,P02,2026-06-17,136,3,Short Shot,E068,Fail,2025-01-31 08:00:00
QI-006005,PR-0017248,SKU-1259,P02,2026-06-17,131,3,Sink Marks,E051,Fail,2025-02-01 11:00:00
QI-006006,PR-0017252,SKU-1154,P02,2026-06-17,159,6,Sink Marks,E063,Fail,2025-01-31 00:00:00
QI-006007,PR-0017253,SKU-1161,P02,2026-06-17,262,9,Flash,E048,Fail,2025-01-31 11:00:00
QI-006008,PR-0017258,SKU-1280,P03,2026-06-17,319,16,Short Shot,E074,Fail,2025-01-31 00:00:00
QI-006009,PR-0017260,SKU-1231,P04,2026-06-17,276,10,Short Shot,E136,Fail,2025-01-31 10:00:00
QI-006010,PR-0017262,SKU-1266,P04,2026-06-17,191,7,Warping,E139,Fail,2025-02-02 12:00:00
QI-006011,PR-0017264,SKU-1042,P05,2026-06-17,147,4,Flash,E161,Fail,2025-02-01 10:00:00
QI-006012,PR-0017267,SKU-1231,P05,2026-06-17,153,5,Burn Marks,E162,Fail,2025-02-01 15:00:00
QI-006013,PR-0017274,SKU-1175,P02,2026-06-18,291,9,Burn Marks,E040,Fail,2025-02-01 20:00:00
QI-006014,PR-0017278,SKU-1210,P02,2026-06-18,227,8,Flash,E054,Fail,2025-02-01 21:00:00
QI-006015,PR-0017280,SKU-1105,P03,2026-06-18,152,5,Short Shot,E086,Fail,2025-02-02 09:00:00
QI-006016,PR-0017286,SKU-1161,P03,2026-06-18,259,10,Flash,E104,Fail,2025-02-02 01:00:00
QI-006017,PR-0017288,SKU-1224,P04,2026-06-18,248,11,Flash,E115,Fail,2025-02-02 17:00:00
QI-006018,PR-0017291,SKU-1035,P04,2026-06-18,162,6,Cracking,E131,Fail,2025-01-31 15:00:00
QI-006019,PR-0017292,SKU-1098,P04,2026-06-18,160,6,Short Shot,E141,Fail,2025-02-02 01:00:00
QI-006020,PR-0017293,SKU-1189,P04,2026-06-18,187,8,Burn Marks,E111,Fail,2025-02-01 19:00:00
QI-006021,PR-0017295,SKU-1077,P05,2026-06-18,322,11,Short Shot,E161,Fail,2025-02-02 07:00:00
QI-006022,PR-0017300,SKU-1154,P05,2026-06-18,200,11,Short Shot,E179,Fail,2025-02-01 12:00:00
QI-006023,PR-0017301,SKU-1077,P05,2026-06-18,140,5,Sink Marks,E148,Fail,2025-02-01 07:00:00
QI-006024,PR-0017303,SKU-1056,P01,2026-06-19,121,4,Sink Marks,E016,Fail,2025-01-31 15:00:00
QI-006025,PR-0017305,SKU-1021,P01,2026-06-19,303,8,Sink Marks,E026,Fail,2025-02-02 05:00:00
QI-006026,PR-0017306,SKU-1021,P01,2026-06-19,304,6,Sink Marks,E016,Fail,2025-01-31 09:00:00
QI-006027,PR-0017307,SKU-1112,P01,2026-06-19,130,2,Cracking,E017,Fail,2025-02-02 02:00:00
QI-006028,PR-0017309,SKU-1224,P01,2026-06-19,206,5,Flash,E033,Fail,2025-02-02 13:00:00
QI-006029,PR-0017310,SKU-1224,P01,2026-06-19,206,9,Flash,E007,Fail,2025-02-01 14:00:00
QI-006030,PR-0017312,SKU-1126,P02,2026-06-19,155,3,Flash,E067,Fail,2025-02-02 15:00:00
QI-006031,PR-0017314,SKU-1203,P02,2026-06-19,109,3,Flash,E062,Fail,2025-01-31 13:00:00
QI-006032,PR-0017318,SKU-1014,P03,2026-06-19,125,5,Cracking,E103,Fail,2025-02-02 02:00:00
QI-006033,PR-0017320,SKU-1252,P03,2026-06-19,307,14,Short Shot,E077,Fail,2025-01-31 13:00:00
QI-006034,PR-0017322,SKU-1098,P03,2026-06-19,155,6,Short Shot,E103,Fail,2025-01-31 15:00:00
QI-006035,PR-0017326,SKU-1035,P04,2026-06-19,149,6,Sink Marks,E131,Fail,2025-02-01 16:00:00
QI-006036,PR-0017327,SKU-1238,P04,2026-06-19,205,9,Burn Marks,E117,Fail,2025-02-01 06:00:00
QI-006037,PR-0017328,SKU-1238,P04,2026-06-19,206,12,Sink Marks,E117,Fail,2025-01-31 10:00:00
QI-006038,PR-0017332,SKU-1126,P05,2026-06-19,164,4,Short Shot,E162,Fail,2025-02-01 21:00:00
QI-006039,PR-0017335,SKU-1161,P05,2026-06-19,315,15,Short Shot,E163,Fail,2025-02-02 20:00:00
QI-006040,PR-0017343,SKU-1035,P01,2026-06-20,323,9,Flash,E001,Fail,2025-01-31 18:00:00
QI-006041,PR-0017345,SKU-1007,P01,2026-06-20,228,4,Sink Marks,E001,Fail,2025-02-01 08:00:00
QI-006042,PR-0017346,SKU-1007,P01,2026-06-20,228,8,Flash,E028,Fail,2025-02-02 14:00:00
QI-006043,PR-0017352,SKU-1070,P02,2026-06-20,119,3,Sink Marks,E043,Fail,2025-02-01 19:00:00
QI-006044,PR-0017358,SKU-1168,P03,2026-06-20,173,5,Flash,E098,Fail,2025-02-02 14:00:00
QI-006045,PR-0017359,SKU-1021,P03,2026-06-20,221,5,Warping,E080,Fail,2025-01-31 08:00:00
QI-006046,PR-0017364,SKU-1231,P04,2026-06-20,159,5,Flash,E132,Fail,2025-01-31 02:00:00
QI-006047,PR-0017366,SKU-1231,P04,2026-06-20,221,7,Flash,E115,Fail,2025-02-02 17:00:00
QI-006048,PR-0017372,SKU-1182,P01,2026-06-21,132,1,Flash,E020,Fail,2025-02-01 19:00:00
QI-006049,PR-0017373,SKU-1245,P01,2026-06-21,119,5,Sink Marks,E029,Fail,2025-02-02 22:00:00
QI-006050,PR-0017380,SKU-1280,P02,2026-06-21,153,6,Flash,E063,Fail,2025-02-01 02:00:00
QI-006051,PR-0017381,SKU-1070,P02,2026-06-21,311,14,Warping,E044,Fail,2025-02-01 16:00:00
QI-006052,PR-0017384,SKU-1196,P02,2026-06-21,264,10,Flash,E055,Fail,2025-02-02 19:00:00
QI-006053,PR-0017388,SKU-1035,P03,2026-06-21,139,3,Burn Marks,E092,Fail,2025-02-02 03:00:00
QI-006054,PR-0017389,SKU-1035,P03,2026-06-21,139,6,Sink Marks,E084,Fail,2025-01-31 15:00:00
QI-006055,PR-0017390,SKU-1021,P03,2026-06-21,284,11,Short Shot,E080,Fail,2025-01-31 15:00:00
QI-006056,PR-0017396,SKU-1280,P04,2026-06-21,288,11,Flash,E133,Fail,2025-02-02 15:00:00
QI-006057,PR-0017401,SKU-1035,P04,2026-06-21,229,6,Flash,E139,Fail,2025-01-31 11:00:00
QI-006058,PR-0017406,SKU-1266,P05,2026-06-21,260,8,Short Shot,E164,Fail,2025-02-02 18:00:00
QI-006059,PR-0017407,SKU-1112,P05,2026-06-21,119,4,Flash,E162,Fail,2025-02-02 18:00:00
QI-006060,PR-0017410,SKU-1140,P01,2026-06-22,130,2,Short Shot,E020,Fail,2025-02-01 06:00:00
QI-006061,PR-0017412,SKU-1280,P01,2026-06-22,195,10,Flash,E034,Fail,2025-02-02 21:00:00
QI-006062,PR-0017413,SKU-1245,P01,2026-06-22,153,6,Short Shot,E034,Fail,2025-02-01 00:00:00
QI-006063,PR-0017415,SKU-1035,P02,2026-06-22,317,8,Short Shot,E067,Fail,2025-01-31 16:00:00
QI-006064,PR-0017422,SKU-1168,P03,2026-06-22,202,6,Sink Marks,E084,Fail,2025-01-31 03:00:00
QI-006065,PR-0017423,SKU-1168,P03,2026-06-22,202,6,Flash,E074,Fail,2025-01-31 02:00:00
QI-006066,PR-0017429,SKU-1098,P03,2026-06-22,163,8,Flash,E095,Fail,2025-02-02 14:00:00
QI-006067,PR-0017430,SKU-1007,P03,2026-06-22,142,2,Warping,E074,Fail,2025-01-31 07:00:00
QI-006068,PR-0017432,SKU-1126,P04,2026-06-22,244,11,Warping,E140,Fail,2025-02-01 15:00:00
QI-006069,PR-0017434,SKU-1161,P04,2026-06-22,262,12,Flash,E131,Fail,2025-02-02 02:00:00
QI-006070,PR-0017435,SKU-1084,P05,2026-06-22,184,6,Short Shot,E162,Fail,2025-01-31 21:00:00
QI-006071,PR-0017438,SKU-1021,P05,2026-06-22,113,5,Cracking,E153,Fail,2025-02-01 02:00:00
QI-006072,PR-0017439,SKU-1021,P05,2026-06-22,113,2,Flash,E148,Fail,2025-02-02 17:00:00
QI-006073,PR-0017440,SKU-1245,P05,2026-06-22,165,6,Flash,E172,Fail,2025-02-01 13:00:00
QI-006074,PR-0017441,SKU-1245,P05,2026-06-22,166,6,Short Shot,E171,Fail,2025-02-01 17:00:00
QI-006075,PR-0017444,SKU-1231,P01,2026-06-23,123,3,Flash,E020,Fail,2025-02-01 10:00:00
QI-006076,PR-0017445,SKU-1231,P01,2026-06-23,124,4,Flash,E029,Fail,2025-01-31 10:00:00
QI-006077,PR-0017446,SKU-1112,P01,2026-06-23,124,3,Short Shot,E033,Fail,2025-02-01 17:00:00
QI-006078,PR-0017448,SKU-1280,P01,2026-06-23,210,7,Burn Marks,E016,Fail,2025-02-01 03:00:00
QI-006079,PR-0017449,SKU-1280,P01,2026-06-23,210,6,Short Shot,E006,Fail,2025-02-02 05:00:00
QI-006080,PR-0017450,SKU-1182,P02,2026-06-23,280,9,Warping,E051,Fail,2025-02-02 14:00:00
QI-006081,PR-0017452,SKU-1245,P02,2026-06-23,222,9,Short Shot,E058,Fail,2025-02-01 06:00:00
QI-006082,PR-0017457,SKU-1140,P03,2026-06-23,144,2,Short Shot,E080,Fail,2025-01-31 04:00:00
QI-006083,PR-0017459,SKU-1182,P04,2026-06-23,294,15,Flash,E112,Fail,2025-02-02 15:00:00
QI-006084,PR-0017464,SKU-1091,P04,2026-06-23,176,5,Flash,E139,Fail,2025-02-02 20:00:00
QI-006085,PR-0017466,SKU-1189,P04,2026-06-23,151,7,Short Shot,E141,Fail,2025-01-31 08:00:00
QI-006086,PR-0017467,SKU-1063,P05,2026-06-23,165,6,Sink Marks,E172,Fail,2025-02-01 22:00:00
QI-006087,PR-0017471,SKU-1021,P05,2026-06-23,148,6,Sink Marks,E175,Fail,2025-02-01 02:00:00
QI-006088,PR-0017472,SKU-1084,P01,2026-06-24,256,6,Flash,E014,Fail,2025-02-02 19:00:00
QI-006089,PR-0017473,SKU-1084,P01,2026-06-24,257,10,Sink Marks,E013,Fail,2025-02-01 11:00:00
QI-006090,PR-0017474,SKU-1203,P01,2026-06-24,257,6,Flash,E017,Fail,2025-01-31 11:00:00
QI-006091,PR-0017475,SKU-1112,P01,2026-06-24,158,6,Warping,E028,Fail,2025-01-31 06:00:00
QI-006092,PR-0017477,SKU-1042,P01,2026-06-24,109,1,Sink Marks,E015,Fail,2025-01-31 04:00:00
QI-006093,PR-0017478,SKU-1133,P01,2026-06-24,324,10,Flash,E007,Fail,2025-02-02 07:00:00
QI-006094,PR-0017480,SKU-1035,P01,2026-06-24,200,7,Sink Marks,E001,Fail,2025-02-01 21:00:00
QI-006095,PR-0017484,SKU-1203,P02,2026-06-24,159,3,Flash,E067,Fail,2025-01-31 07:00:00
QI-006096,PR-0017485,SKU-1203,P02,2026-06-24,160,8,Short Shot,E040,Fail,2025-01-31 05:00:00
QI-006097,PR-0017491,SKU-1077,P04,2026-06-24,188,5,Flash,E110,Fail,2025-02-02 07:00:00
QI-006098,PR-0017492,SKU-1119,P04,2026-06-24,278,9,Short Shot,E139,Fail,2025-01-31 02:00:00
QI-006099,PR-0017495,SKU-1168,P05,2026-06-24,211,9,Warping,E153,Fail,2025-01-31 07:00:00
QI-006100,PR-0017496,SKU-1168,P05,2026-06-24,211,6,Warping,E152,Fail,2025-02-02 11:00:00
QI-006101,PR-0017502,SKU-1196,P01,2026-06-25,288,7,Flash,E030,Fail,2025-01-31 11:00:00
QI-006102,PR-0017503,SKU-1196,P01,2026-06-25,289,9,Burn Marks,E015,Fail,2025-02-02 19:00:00
QI-006103,PR-0017507,SKU-1203,P01,2026-06-25,254,4,Short Shot,E009,Fail,2025-02-01 15:00:00
QI-006104,PR-0017510,SKU-1133,P01,2026-06-25,317,8,Cracking,E015,Fail,2025-01-31 18:00:00
QI-006105,PR-0017513,SKU-1028,P02,2026-06-25,200,5,Burn Marks,E048,Fail,2025-02-02 17:00:00
QI-006106,PR-0017514,SKU-1028,P02,2026-06-25,200,7,Short Shot,E044,Fail,2025-02-01 01:00:00
QI-006107,PR-0017517,SKU-1077,P02,2026-06-25,269,8,Flash,E051,Fail,2025-02-02 02:00:00
QI-006108,PR-0017520,SKU-1217,P03,2026-06-25,101,1,Short Shot,E086,Fail,2025-02-01 13:00:00
QI-006109,PR-0017521,SKU-1217,P03,2026-06-25,102,3,Flash,E079,Fail,2025-01-31 01:00:00
QI-006110,PR-0017524,SKU-1105,P03,2026-06-25,227,6,Flash,E098,Fail,2025-02-02 02:00:00
QI-006111,PR-0017525,SKU-1091,P03,2026-06-25,128,5,Sink Marks,E077,Fail,2025-02-02 05:00:00
QI-006112,PR-0017526,SKU-1091,P03,2026-06-25,129,3,Short Shot,E092,Fail,2025-02-02 03:00:00
QI-006113,PR-0017527,SKU-1224,P04,2026-06-25,170,8,Cracking,E130,Fail,2025-01-31 00:00:00
QI-006114,PR-0017530,SKU-1273,P04,2026-06-25,272,11,Sink Marks,E111,Fail,2025-02-02 17:00:00
QI-006115,PR-0017532,SKU-1182,P04,2026-06-25,226,8,Sink Marks,E119,Fail,2025-02-02 08:00:00
QI-006116,PR-0017533,SKU-1182,P04,2026-06-25,227,9,Warping,E137,Fail,2025-02-01 05:00:00
QI-006117,PR-0017543,SKU-1126,P01,2026-06-26,308,10,Flash,E033,Fail,2025-02-02 22:00:00
QI-006118,PR-0017545,SKU-1196,P01,2026-06-26,151,5,Warping,E028,Fail,2025-01-31 22:00:00
QI-006119,PR-0017549,SKU-1070,P02,2026-06-26,160,6,Short Shot,E056,Fail,2025-02-01 03:00:00
QI-006120,PR-0017551,SKU-1168,P02,2026-06-26,257,7,Flash,E040,Fail,2025-02-02 21:00:00
QI-006121,PR-0017553,SKU-1042,P03,2026-06-26,276,6,Sink Marks,E074,Fail,2025-02-02 17:00:00
QI-006122,PR-0017554,SKU-1154,P03,2026-06-26,114,2,Warping,E083,Fail,2025-02-02 22:00:00
QI-006123,PR-0017555,SKU-1084,P03,2026-06-26,190,7,Burn Marks,E104,Fail,2025-02-01 16:00:00
QI-006124,PR-0017557,SKU-1224,P03,2026-06-26,253,9,Sink Marks,E088,Fail,2025-02-02 17:00:00
QI-006125,PR-0017565,SKU-1168,P04,2026-06-26,201,12,Cracking,E117,Fail,2025-02-02 12:00:00
QI-006126,PR-0017566,SKU-1168,P04,2026-06-26,183,6,Flash,E141,Fail,2025-02-02 06:00:00
QI-006127,PR-0017568,SKU-1266,P04,2026-06-26,196,5,Flash,E132,Fail,2025-02-02 21:00:00
QI-006128,PR-0017571,SKU-1056,P05,2026-06-26,212,7,Flash,E148,Fail,2025-01-31 21:00:00
QI-006129,PR-0017572,SKU-1231,P01,2026-06-27,215,6,Flash,E006,Fail,2025-02-01 14:00:00
QI-006130,PR-0017576,SKU-1224,P01,2026-06-27,268,9,Burn Marks,E034,Fail,2025-02-01 01:00:00
QI-006131,PR-0017578,SKU-1056,P01,2026-06-27,177,4,Sink Marks,E034,Fail,2025-02-02 17:00:00
QI-006132,PR-0017580,SKU-1266,P01,2026-06-27,148,5,Burn Marks,E033,Fail,2025-02-02 04:00:00
QI-006133,PR-0017581,SKU-1266,P01,2026-06-27,149,4,Sink Marks,E016,Fail,2025-02-02 22:00:00
QI-006134,PR-0017583,SKU-1077,P02,2026-06-27,179,4,Cracking,E055,Fail,2025-02-02 17:00:00
QI-006135,PR-0017587,SKU-1273,P02,2026-06-27,145,4,Short Shot,E044,Fail,2025-02-01 00:00:00
QI-006136,PR-0017591,SKU-1168,P03,2026-06-27,275,8,Burn Marks,E079,Fail,2025-02-01 11:00:00
QI-006137,PR-0017593,SKU-1098,P03,2026-06-27,180,7,Burn Marks,E108,Fail,2025-02-01 06:00:00
QI-006138,PR-0017594,SKU-1168,P03,2026-06-27,270,11,Warping,E077,Fail,2025-02-02 17:00:00
QI-006139,PR-0017595,SKU-1168,P03,2026-06-27,271,7,Short Shot,E080,Fail,2025-02-01 20:00:00
QI-006140,PR-0017600,SKU-1168,P04,2026-06-27,171,5,Burn Marks,E117,Fail,2025-02-02 09:00:00
QI-006141,PR-0017610,SKU-1105,P01,2026-06-28,194,6,Flash,E034,Fail,2025-02-01 03:00:00
QI-006142,PR-0017611,SKU-1182,P01,2026-06-28,319,8,Short Shot,E034,Fail,2025-02-02 18:00:00
QI-006143,PR-0017614,SKU-1056,P01,2026-06-28,264,11,Flash,E029,Fail,2025-02-02 15:00:00
QI-006144,PR-0017617,SKU-1112,P02,2026-06-28,230,8,Burn Marks,E040,Fail,2025-02-02 04:00:00
QI-006145,PR-0017620,SKU-1252,P02,2026-06-28,322,8,Sink Marks,E055,Fail,2025-02-01 13:00:00
QI-006146,PR-0017622,SKU-1007,P02,2026-06-28,219,9,Cracking,E055,Fail,2025-02-02 01:00:00
QI-006147,PR-0017623,SKU-1007,P02,2026-06-28,220,8,Flash,E056,Fail,2025-02-01 09:00:00
QI-006148,PR-0017624,SKU-1035,P03,2026-06-28,131,4,Sink Marks,E078,Fail,2025-01-31 20:00:00
QI-006149,PR-0017626,SKU-1140,P04,2026-06-28,313,12,Cracking,E139,Fail,2025-02-02 03:00:00
QI-006150,PR-0017629,SKU-1098,P04,2026-06-28,127,6,Flash,E139,Fail,2025-02-02 13:00:00
QI-006151,PR-0017631,SKU-1056,P04,2026-06-28,186,8,Sink Marks,E120,Fail,2025-01-31 00:00:00
QI-006152,PR-0017633,SKU-1182,P05,2026-06-28,265,7,Short Shot,E148,Fail,2025-02-01 13:00:00
QI-006153,PR-0017643,SKU-1245,P01,2026-06-29,200,5,Flash,E029,Fail,2025-01-31 17:00:00
QI-006154,PR-0017649,SKU-1091,P02,2026-06-29,101,3,Cracking,E067,Fail,2025-02-01 17:00:00
QI-006155,PR-0017650,SKU-1098,P02,2026-06-29,186,3,Flash,E068,Fail,2025-01-31 22:00:00
QI-006156,PR-0017651,SKU-1098,P02,2026-06-29,186,2,Sink Marks,E058,Fail,2025-02-02 07:00:00
QI-006157,PR-0017652,SKU-1210,P02,2026-06-29,247,11,Short Shot,E053,Fail,2025-02-01 20:00:00
QI-006158,PR-0017654,SKU-1105,P03,2026-06-29,142,5,Sink Marks,E076,Fail,2025-01-31 10:00:00
QI-006159,PR-0017656,SKU-1084,P03,2026-06-29,163,4,Flash,E098,Fail,2025-02-02 11:00:00
QI-006160,PR-0017660,SKU-1168,P04,2026-06-29,286,16,Cracking,E112,Fail,2025-02-01 04:00:00
QI-006161,PR-0017661,SKU-1070,P04,2026-06-29,206,8,Short Shot,E132,Fail,2025-02-01 17:00:00
QI-006162,PR-0017668,SKU-1154,P05,2026-06-29,275,6,Short Shot,E148,Fail,2025-02-02 11:00:00
QI-006163,PR-0017687,SKU-1154,P02,2026-06-30,318,8,Flash,E053,Fail,2025-01-31 14:00:00
QI-006164,PR-0017692,SKU-1049,P03,2026-06-30,222,7,Cracking,E108,Fail,2025-02-01 22:00:00
QI-006165,PR-0017696,SKU-1133,P04,2026-06-30,175,8,Warping,E142,Fail,2025-01-31 03:00:00
QI-006166,PR-0017699,SKU-1133,P04,2026-06-30,284,8,Burn Marks,E142,Fail,2025-02-02 18:00:00
QI-006167,PR-0017702,SKU-1112,P04,2026-06-30,206,7,Flash,E120,Fail,2025-02-01 08:00:00
QI-006168,PR-0017705,SKU-1224,P05,2026-06-30,236,10,Short Shot,E155,Fail,2025-02-01 09:00:00
QI-006169,PR-0017706,SKU-1231,P05,2026-06-30,181,5,Short Shot,E153,Fail,2025-02-01 14:00:00
