shipment_id,sales_order_line_id,sales_order_id,plant_id,ship_date,delivery_date,promised_date,shipped_qty,carrier,record_created_date,LastModifiedDate
SH-000001,SOL-0000001,SO-000001,P01,2025-01-16,2025-01-19,2025-01-22,631,Estes Express,2025-01-29,2025-02-17 18:00:00
SH-000002,SOL-0000002,SO-000001,P01,2025-01-19,2025-01-22,2025-01-22,1704,Estes Express,2025-01-19,2025-02-16 06:00:00
SH-000003,SOL-0000003,SO-000001,P01,2025-01-16,2025-01-18,2025-01-22,853,Old Dominion,2025-01-16,2025-02-17 15:00:00
SH-000004,SOL-0000004,SO-000001,P01,2025-01-18,2025-01-19,2025-01-22,1060,FedEx Freight,2025-01-18,2025-02-17 00:00:00
SH-000005,SOL-0000005,SO-000002,P05,2025-01-22,2025-01-23,2025-01-28,1881,XPO Logistics,2025-01-22,2025-02-16 18:00:00
SH-000006,SOL-0000006,SO-000002,P05,2025-01-23,2025-02-01,2025-01-28,2368,Kreate Fleet,2025-01-23,2025-02-16 04:00:00
SH-000007,SOL-0000007,SO-000003,P04,2025-02-02,2025-02-05,2025-02-05,1640,Kreate Fleet,2025-02-02,2025-02-16 11:00:00
SH-000008,SOL-0000008,SO-000003,P04,2025-02-01,2025-02-02,2025-02-05,1717,FedEx Freight,2025-02-01,2025-02-15 10:00:00
SH-000009,SOL-0000009,SO-000004,P02,2025-01-29,2025-01-31,2025-02-04,909,FedEx Freight,2025-02-14,2025-02-15 01:00:00
SH-000010,SOL-0000010,SO-000004,P02,2025-02-01,2025-02-04,2025-02-04,1893,FedEx Freight,2025-02-01,2025-02-16 01:00:00
SH-000011,SOL-0000011,SO-000005,P01,2025-02-08,2025-02-14,2025-02-14,1440,FedEx Freight,2025-02-08,2025-02-17 00:00:00
SH-000012,SOL-0000012,SO-000005,P01,2025-02-09,2025-02-10,2025-02-14,2387,XPO Logistics,2025-02-09,2025-02-17 03:00:00
SH-000013,SOL-0000013,SO-000006,P03,2025-02-10,2025-02-12,2025-02-15,2808,XPO Logistics,2025-02-10,2025-02-16 07:00:00
SH-000014,SOL-0000014,SO-000006,P03,2025-02-10,2025-02-13,2025-02-15,2395,Old Dominion,2025-02-10,2025-02-15 05:00:00
SH-000015,SOL-0000015,SO-000006,P03,2025-02-11,2025-02-13,2025-02-15,779,Old Dominion,2025-02-11,2025-02-15 13:00:00
SH-000016,SOL-0000016,SO-000007,P01,2025-02-20,2025-02-21,2025-02-23,2250,Estes Express,2025-02-20,2025-02-16 09:00:00
SH-000017,SOL-0000017,SO-000007,P01,2025-02-19,2025-02-21,2025-02-23,556,FedEx Freight,2025-02-19,2025-02-17 21:00:00
SH-000018,SOL-0000018,SO-000007,P01,2025-02-17,2025-02-19,2025-02-23,380,XPO Logistics,2025-02-17,2025-02-17 05:00:00
SH-000019,SOL-0000019,SO-000007,P01,2025-02-18,2025-02-19,2025-02-23,2890,XPO Logistics,2025-02-18,2025-02-15 12:00:00
SH-000020,SOL-0000020,SO-000008,P02,2025-02-24,2025-02-25,2025-03-02,2720,FedEx Freight,2025-02-24,2025-02-17 19:00:00
SH-000021,SOL-0000021,SO-000008,P02,2025-02-27,2025-02-28,2025-03-02,1136,Kreate Fleet,2025-02-27,2025-02-15 10:00:00
SH-000022,SOL-0000022,SO-000009,P05,2025-03-05,2025-03-08,2025-03-09,1452,Kreate Fleet,2025-03-05,2025-02-15 05:00:00
SH-000023,SOL-0000023,SO-000009,P05,2025-03-06,2025-03-07,2025-03-09,1940,XPO Logistics,2025-03-06,2025-02-16 04:00:00
SH-000024,SOL-0000024,SO-000010,P03,2025-03-11,2025-03-12,2025-03-14,1768,FedEx Freight,2025-03-11,2025-02-16 13:00:00
SH-000025,SOL-0000025,SO-000010,P03,2025-03-11,2025-03-13,2025-03-14,1114,XPO Logistics,2025-03-11,2025-02-15 07:00:00
SH-000026,SOL-0000026,SO-000010,P03,2025-03-10,2025-03-13,2025-03-14,1084,Estes Express,2025-03-10,2025-02-15 11:00:00
SH-000027,SOL-0000027,SO-000010,P03,2025-03-11,2025-03-13,2025-03-14,620,Kreate Fleet,2025-03-11,2025-02-17 14:00:00
SH-000028,SOL-0000028,SO-000011,P01,2025-03-18,2025-03-19,2025-03-24,1233,FedEx Freight,2025-03-18,2025-02-16 02:00:00
SH-000029,SOL-0000029,SO-000011,P01,2025-03-21,2025-03-24,2025-03-24,1450,Kreate Fleet,2025-03-21,2025-02-16 18:00:00
SH-000030,SOL-0000030,SO-000011,P01,2025-03-21,2025-03-22,2025-03-24,2064,XPO Logistics,2025-03-21,2025-02-15 13:00:00
SH-000031,SOL-0000031,SO-000012,P02,2025-03-26,2025-03-29,2025-03-30,1676,Estes Express,2025-03-26,2025-02-15 07:00:00
SH-000032,SOL-0000032,SO-000012,P02,2025-03-24,2025-03-27,2025-03-30,365,Estes Express,2025-03-24,2025-02-16 13:00:00
SH-000033,SOL-0000033,SO-000012,P02,2025-03-25,2025-03-26,2025-03-30,1428,Estes Express,2025-03-25,2025-02-15 11:00:00
SH-000034,SOL-0000034,SO-000012,P02,2025-03-26,2025-03-27,2025-03-30,250,Old Dominion,2025-03-26,2025-02-15 14:00:00
SH-000035,SOL-0000035,SO-000013,P02,2025-04-08,2025-04-10,2025-04-12,534,Estes Express,2025-04-08,2025-02-17 02:00:00
SH-000036,SOL-0000036,SO-000013,P02,2025-04-06,2025-04-09,2025-04-12,1630,Old Dominion,2025-04-06,2025-02-16 08:00:00
SH-000037,SOL-0000037,SO-000013,P02,2025-04-07,2025-04-08,2025-04-12,856,Estes Express,2025-04-07,2025-02-17 10:00:00
SH-000038,SOL-0000038,SO-000014,P04,2025-04-10,2025-04-11,2025-04-16,726,Kreate Fleet,2025-04-10,2025-02-15 19:00:00
SH-000039,SOL-0000039,SO-000014,P04,2025-04-12,2025-04-15,2025-04-16,2188,FedEx Freight,2025-04-12,2025-02-15 20:00:00
SH-000040,SOL-0000040,SO-000015,P02,2025-04-17,2025-04-19,2025-04-22,2118,Old Dominion,2025-04-17,2025-02-17 16:00:00
SH-000041,SOL-0000041,SO-000015,P02,2025-04-17,2025-04-19,2025-04-22,280,FedEx Freight,2025-04-17,2025-02-15 14:00:00
SH-000042,SOL-0000042,SO-000015,P02,2025-04-18,2025-04-20,2025-04-22,716,FedEx Freight,2025-04-18,2025-02-17 04:00:00
SH-000043,SOL-0000043,SO-000016,P01,2025-04-27,2025-04-28,2025-05-03,829,Estes Express,2025-04-27,2025-02-15 18:00:00
SH-000044,SOL-0000044,SO-000016,P01,2025-04-27,2025-04-29,2025-05-03,1766,Kreate Fleet,2025-04-27,2025-02-17 20:00:00
SH-000045,SOL-0000045,SO-000017,P01,2025-05-10,2025-05-11,2025-05-13,1972,Kreate Fleet,2025-05-10,2025-02-15 07:00:00
SH-000046,SOL-0000046,SO-000017,P01,2025-05-08,2025-05-18,2025-05-13,803,XPO Logistics,2025-05-17,2025-02-15 11:00:00
SH-000047,SOL-0000047,SO-000018,P01,2025-05-12,2025-05-15,2025-05-18,1652,Estes Express,2025-05-12,2025-02-16 21:00:00
SH-000048,SOL-0000048,SO-000018,P01,2025-05-12,2025-05-15,2025-05-18,1876,Estes Express,2025-05-12,2025-02-16 19:00:00
SH-000049,SOL-0000049,SO-000018,P01,2025-05-14,2025-05-16,2025-05-18,2207,XPO Logistics,2025-05-21,2025-02-17 19:00:00
SH-000050,SOL-0000050,SO-000018,P01,2025-05-13,2025-05-15,2025-05-18,578,FedEx Freight,2025-05-13,2025-02-16 08:00:00
SH-000051,SOL-0000051,SO-000019,P01,2025-05-22,2025-05-23,2025-05-25,590,Estes Express,2025-05-22,2025-02-15 06:00:00
SH-000052,SOL-0000052,SO-000019,P01,2025-05-19,2025-05-20,2025-05-25,1412,Estes Express,2025-05-19,2025-02-16 19:00:00
SH-000053,SOL-0000053,SO-000019,P01,2025-05-22,2025-05-28,2025-05-25,213,Estes Express,2025-05-22,2025-02-16 16:00:00
SH-000054,SOL-0000054,SO-000019,P01,2025-05-19,2025-05-22,2025-05-25,749,Estes Express,2025-05-19,2025-02-17 03:00:00
SH-000055,SOL-0000055,SO-000020,P05,2025-05-29,2025-05-30,2025-06-03,1723,FedEx Freight,2025-05-29,2025-02-16 19:00:00
SH-000056,SOL-0000056,SO-000020,P05,2025-05-28,2025-05-31,2025-06-03,2397,Kreate Fleet,2025-05-28,2025-02-16 06:00:00
SH-000057,SOL-0000057,SO-000021,P04,2025-06-01,2025-06-03,2025-06-07,1904,Estes Express,2025-06-01,2025-02-15 19:00:00
SH-000058,SOL-0000058,SO-000021,P04,2025-06-02,2025-06-04,2025-06-07,1554,Kreate Fleet,2025-06-02,2025-02-17 13:00:00
SH-000059,SOL-0000059,SO-000021,P04,2025-06-03,2025-06-06,2025-06-07,1895,Old Dominion,2025-06-03,2025-02-15 13:00:00
SH-000060,SOL-0000060,SO-000022,P04,2025-06-01,2025-06-04,2025-06-05,1195,Estes Express,2025-06-01,2025-02-16 17:00:00
SH-000061,SOL-0000061,SO-000022,P04,2025-05-31,2025-06-01,2025-06-05,2333,Kreate Fleet,2025-05-31,2025-02-15 05:00:00
SH-000062,SOL-0000062,SO-000022,P04,2025-06-01,2025-06-02,2025-06-05,1490,Estes Express,2025-06-01,2025-02-15 14:00:00
SH-000063,SOL-0000063,SO-000022,P04,2025-06-02,2025-06-04,2025-06-05,721,Kreate Fleet,2025-06-02,2025-02-15 04:00:00
SH-000064,SOL-0000064,SO-000023,P01,2025-06-11,2025-06-12,2025-06-14,1370,XPO Logistics,2025-06-11,2025-02-17 21:00:00
SH-000065,SOL-0000065,SO-000023,P01,2025-06-09,2025-06-10,2025-06-14,1486,Kreate Fleet,2025-06-09,2025-02-17 21:00:00
SH-000066,SOL-0000066,SO-000023,P01,2025-06-10,2025-06-12,2025-06-14,2042,Kreate Fleet,2025-06-10,2025-02-17 07:00:00
SH-000067,SOL-0000067,SO-000023,P01,2025-06-08,2025-06-12,2025-06-14,2611,Estes Express,2025-06-08,2025-02-17 05:00:00
SH-000068,SOL-0000068,SO-000024,P03,2025-06-14,2025-06-23,2025-06-20,578,FedEx Freight,2025-06-14,2025-02-16 14:00:00
SH-000069,SOL-0000069,SO-000024,P03,2025-06-15,2025-06-17,2025-06-20,1578,Old Dominion,2025-06-15,2025-02-17 14:00:00
SH-000070,SOL-0000070,SO-000024,P03,2025-06-15,2025-06-21,2025-06-20,529,Old Dominion,2025-06-15,2025-02-15 00:00:00
SH-000071,SOL-0000071,SO-000024,P03,2025-06-15,2025-06-17,2025-06-20,1694,FedEx Freight,2025-06-15,2025-02-15 15:00:00
SH-000072,SOL-0000072,SO-000025,P02,2025-06-22,2025-06-25,2025-06-25,229,FedEx Freight,2025-06-22,2025-02-16 17:00:00
SH-000073,SOL-0000073,SO-000025,P02,2025-06-19,2025-06-20,2025-06-25,1396,Old Dominion,2025-06-19,2025-02-16 13:00:00
SH-000074,SOL-0000074,SO-000026,P04,2025-06-28,2025-07-05,2025-07-03,2937,Estes Express,2025-06-28,2025-02-17 11:00:00
SH-000075,SOL-0000075,SO-000026,P04,2025-06-28,2025-07-03,2025-07-03,1388,Estes Express,2025-06-28,2025-02-16 15:00:00
SH-000076,SOL-0000076,SO-000026,P04,2025-06-28,2025-07-01,2025-07-03,2500,Estes Express,2025-06-28,2025-02-15 00:00:00
SH-000077,SOL-0000077,SO-000026,P04,2025-06-27,2025-06-30,2025-07-03,1779,Estes Express,2025-06-27,2025-02-16 10:00:00
SH-000078,SOL-0000078,SO-000027,P02,2025-07-06,2025-07-08,2025-07-11,2353,Estes Express,2025-07-06,2025-02-16 16:00:00
SH-000079,SOL-0000079,SO-000027,P02,2025-07-07,2025-07-08,2025-07-11,1367,Old Dominion,2025-07-07,2025-02-15 18:00:00
SH-000080,SOL-0000080,SO-000027,P02,2025-07-06,2025-07-08,2025-07-11,1768,FedEx Freight,2025-07-06,2025-02-16 17:00:00
SH-000081,SOL-0000081,SO-000027,P02,2025-07-08,2025-07-12,2025-07-11,1193,Estes Express,2025-07-08,2025-02-15 01:00:00
SH-000082,SOL-0000082,SO-000028,P01,2025-07-18,2025-07-20,2025-07-21,2832,Estes Express,2025-07-18,2025-02-15 01:00:00
SH-000083,SOL-0000083,SO-000028,P01,2025-07-16,2025-07-19,2025-07-21,2534,XPO Logistics,2025-07-16,2025-02-17 09:00:00
SH-000084,SOL-0000084,SO-000029,P01,2025-07-16,2025-07-17,2025-07-22,2962,XPO Logistics,2025-07-16,2025-02-16 19:00:00
SH-000085,SOL-0000085,SO-000029,P01,2025-07-18,2025-07-19,2025-07-22,2201,Kreate Fleet,2025-07-18,2025-02-15 12:00:00
SH-000086,SOL-0000086,SO-000030,P05,2025-07-24,2025-07-25,2025-07-29,2535,Kreate Fleet,2025-07-24,2025-02-17 01:00:00
SH-000087,SOL-0000087,SO-000030,P05,2025-07-24,2025-07-27,2025-07-29,500,XPO Logistics,2025-07-24,2025-02-15 03:00:00
SH-000088,SOL-0000088,SO-000031,P03,2025-08-02,2025-08-11,2025-08-07,2970,Estes Express,2025-08-02,2025-02-17 09:00:00
SH-000089,SOL-0000089,SO-000031,P03,2025-08-03,2025-08-06,2025-08-07,2887,FedEx Freight,2025-08-03,2025-02-15 01:00:00
SH-000090,SOL-0000090,SO-000031,P03,2025-08-02,2025-08-03,2025-08-07,1272,XPO Logistics,2025-08-02,2025-02-17 10:00:00
SH-000091,SOL-0000091,SO-000031,P03,2025-08-01,2025-08-04,2025-08-07,2344,XPO Logistics,2025-08-01,2025-02-17 17:00:00
SH-000092,SOL-0000092,SO-000032,P04,2025-08-10,2025-08-13,2025-08-14,1265,FedEx Freight,2025-08-10,2025-02-17 09:00:00
SH-000093,SOL-0000093,SO-000032,P04,2025-08-08,2025-08-09,2025-08-14,2171,Kreate Fleet,2025-08-08,2025-02-17 18:00:00
SH-000094,SOL-0000094,SO-000033,P02,2025-08-13,2025-08-14,2025-08-19,2104,Estes Express,2025-08-13,2025-02-16 10:00:00
SH-000095,SOL-0000095,SO-000033,P02,2025-08-14,2025-08-16,2025-08-19,491,Old Dominion,2025-08-14,2025-02-17 05:00:00
SH-000096,SOL-0000096,SO-000033,P02,2025-08-16,2025-08-19,2025-08-19,671,Kreate Fleet,2025-08-16,2025-02-16 06:00:00
SH-000097,SOL-0000097,SO-000033,P02,2025-08-13,2025-08-16,2025-08-19,2593,Kreate Fleet,2025-08-13,2025-02-15 02:00:00
SH-000098,SOL-0000098,SO-000034,P05,2025-08-20,2025-08-22,2025-08-23,1017,Estes Express,2025-08-20,2025-02-15 22:00:00
SH-000099,SOL-0000099,SO-000034,P05,2025-08-19,2025-08-22,2025-08-23,2484,Kreate Fleet,2025-08-19,2025-02-15 18:00:00
SH-000100,SOL-0000100,SO-000034,P05,2025-08-19,2025-08-21,2025-08-23,1136,XPO Logistics,2025-08-19,2025-02-17 19:00:00
SH-000101,SOL-0000101,SO-000035,P04,2025-08-28,2025-08-30,2025-08-31,2967,Old Dominion,2025-08-28,2025-02-16 14:00:00
SH-000102,SOL-0000102,SO-000035,P04,2025-08-28,2025-09-03,2025-08-31,1769,Old Dominion,2025-08-28,2025-02-15 08:00:00
SH-000103,SOL-0000103,SO-000035,P04,2025-08-28,2025-08-31,2025-08-31,1643,XPO Logistics,2025-08-28,2025-02-15 13:00:00
SH-000104,SOL-0000104,SO-000036,P04,2025-09-10,2025-09-13,2025-09-13,2985,Old Dominion,2025-09-10,2025-02-15 00:00:00
SH-000105,SOL-0000105,SO-000036,P04,2025-09-07,2025-09-10,2025-09-13,2439,FedEx Freight,2025-09-07,2025-02-16 19:00:00
SH-000106,SOL-0000106,SO-000036,P04,2025-09-07,2025-09-09,2025-09-13,2543,Old Dominion,2025-09-16,2025-02-16 00:00:00
SH-000107,SOL-0000107,SO-000037,P04,2025-09-07,2025-09-08,2025-09-12,643,Estes Express,2025-09-07,2025-02-16 05:00:00
SH-000108,SOL-0000108,SO-000037,P04,2025-09-09,2025-09-11,2025-09-12,594,Old Dominion,2025-09-09,2025-02-17 13:00:00
SH-000109,SOL-0000109,SO-000038,P04,2025-09-16,2025-09-24,2025-09-21,1189,Old Dominion,2025-09-16,2025-02-16 03:00:00
SH-000110,SOL-0000110,SO-000038,P04,2025-09-17,2025-09-23,2025-09-21,1032,XPO Logistics,2025-09-17,2025-02-16 10:00:00
SH-000111,SOL-0000111,SO-000039,P02,2025-09-21,2025-09-28,2025-09-27,1377,XPO Logistics,2025-09-21,2025-02-17 08:00:00
SH-000112,SOL-0000112,SO-000039,P02,2025-09-24,2025-09-25,2025-09-27,693,Kreate Fleet,2025-09-24,2025-02-16 12:00:00
SH-000113,SOL-0000113,SO-000039,P02,2025-09-24,2025-09-25,2025-09-27,1256,Kreate Fleet,2025-09-24,2025-02-17 17:00:00
SH-000114,SOL-0000114,SO-000040,P01,2025-09-30,2025-10-02,2025-10-06,2087,Old Dominion,2025-09-30,2025-02-17 16:00:00
SH-000115,SOL-0000115,SO-000040,P01,2025-10-02,2025-10-03,2025-10-06,1950,XPO Logistics,2025-10-15,2025-02-16 13:00:00
SH-000116,SOL-0000116,SO-000040,P01,2025-10-02,2025-10-05,2025-10-06,1283,Estes Express,2025-10-02,2025-02-16 17:00:00
SH-000117,SOL-0000117,SO-000041,P05,2025-10-07,2025-10-16,2025-10-11,2366,XPO Logistics,2025-10-07,2025-02-16 04:00:00
SH-000118,SOL-0000118,SO-000041,P05,2025-10-05,2025-10-08,2025-10-11,2419,Old Dominion,2025-10-05,2025-02-15 17:00:00
SH-000119,SOL-0000119,SO-000042,P03,2025-10-14,2025-10-16,2025-10-20,236,Estes Express,2025-10-14,2025-02-16 10:00:00
SH-000120,SOL-0000120,SO-000042,P03,2025-10-14,2025-10-16,2025-10-20,931,Old Dominion,2025-10-14,2025-02-17 05:00:00
SH-000121,SOL-0000121,SO-000043,P03,2025-10-22,2025-10-25,2025-10-26,2065,FedEx Freight,2025-10-22,2025-02-15 03:00:00
SH-000122,SOL-0000122,SO-000043,P03,2025-10-23,2025-10-25,2025-10-26,2374,Estes Express,2025-10-23,2025-02-17 09:00:00
SH-000123,SOL-0000123,SO-000043,P03,2025-10-22,2025-10-31,2025-10-26,337,Old Dominion,2025-10-22,2025-02-16 05:00:00
SH-000124,SOL-0000124,SO-000043,P03,2025-10-23,2025-10-26,2025-10-26,1425,XPO Logistics,2025-10-23,2025-02-17 10:00:00
SH-000125,SOL-0000125,SO-000044,P04,2025-10-21,2025-10-23,2025-10-27,1055,FedEx Freight,2025-10-21,2025-02-16 07:00:00
SH-000126,SOL-0000126,SO-000044,P04,2025-10-21,2025-10-22,2025-10-27,618,Estes Express,2025-10-21,2025-02-17 03:00:00
SH-000127,SOL-0000127,SO-000044,P04,2025-10-22,2025-10-30,2025-10-27,370,FedEx Freight,2025-10-22,2025-02-17 12:00:00
SH-000128,SOL-0000128,SO-000044,P04,2025-10-22,2025-10-23,2025-10-27,2491,Old Dominion,2025-11-01,2025-02-15 20:00:00
SH-000129,SOL-0000129,SO-000045,P04,2025-10-27,2025-10-29,2025-11-02,1238,Kreate Fleet,2025-10-27,2025-02-16 13:00:00
SH-000130,SOL-0000130,SO-000045,P04,2025-10-30,2025-11-05,2025-11-02,1606,XPO Logistics,2025-11-18,2025-02-15 20:00:00
SH-000131,SOL-0000131,SO-000045,P04,2025-10-29,2025-11-01,2025-11-02,2377,Kreate Fleet,2025-10-29,2025-02-17 04:00:00
SH-000132,SOL-0000132,SO-000046,P05,2025-11-08,2025-11-11,2025-11-11,1613,XPO Logistics,2025-11-08,2025-02-17 10:00:00
SH-000133,SOL-0000133,SO-000046,P05,2025-11-06,2025-11-08,2025-11-11,1412,Kreate Fleet,2025-11-06,2025-02-17 08:00:00
SH-000134,SOL-0000134,SO-000047,P05,2025-11-16,2025-11-19,2025-11-22,2709,XPO Logistics,2025-11-16,2025-02-16 09:00:00
SH-000135,SOL-0000135,SO-000047,P05,2025-11-18,2025-11-19,2025-11-22,800,FedEx Freight,2025-11-18,2025-02-15 20:00:00
SH-000136,SOL-0000136,SO-000047,P05,2025-11-18,2025-11-21,2025-11-22,2641,FedEx Freight,2025-11-18,2025-02-16 22:00:00
SH-000137,SOL-0000137,SO-000048,P05,2025-11-14,2025-11-15,2025-11-19,1582,FedEx Freight,2025-11-14,2025-02-17 17:00:00
SH-000138,SOL-0000138,SO-000048,P05,2025-11-15,2025-11-18,2025-11-19,202,Kreate Fleet,2025-11-15,2025-02-17 20:00:00
SH-000139,SOL-0000139,SO-000048,P05,2025-11-14,2025-11-16,2025-11-19,628,Old Dominion,2025-11-14,2025-02-17 03:00:00
SH-000140,SOL-0000140,SO-000048,P05,2025-11-15,2025-11-21,2025-11-19,2309,FedEx Freight,2025-11-15,2025-02-15 00:00:00
SH-000141,SOL-0000141,SO-000049,P04,2025-11-22,2025-11-30,2025-11-25,290,Kreate Fleet,2025-11-22,2025-02-16 04:00:00
SH-000142,SOL-0000142,SO-000049,P04,2025-11-22,2025-11-23,2025-11-25,2204,XPO Logistics,2025-11-22,2025-02-15 09:00:00
SH-000143,SOL-0000143,SO-000050,P04,2025-11-29,2025-11-30,2025-12-04,632,Estes Express,2025-11-29,2025-02-16 20:00:00
SH-000144,SOL-0000144,SO-000050,P04,2025-11-30,2025-12-01,2025-12-04,257,Kreate Fleet,2025-11-30,2025-02-15 10:00:00
SH-000145,SOL-0000145,SO-000050,P04,2025-11-30,2025-12-02,2025-12-04,766,XPO Logistics,2025-11-30,2025-02-17 04:00:00
SH-000146,SOL-0000146,SO-000050,P04,2025-11-28,2025-11-30,2025-12-04,2457,Estes Express,2025-11-28,2025-02-15 07:00:00
SH-000147,SOL-0000147,SO-000051,P05,2025-12-04,2025-12-12,2025-12-07,2150,Old Dominion,2025-12-04,2025-02-17 10:00:00
SH-000148,SOL-0000148,SO-000051,P05,2025-12-01,2025-12-06,2025-12-07,2370,XPO Logistics,2025-12-01,2025-02-16 11:00:00
SH-000149,SOL-0000149,SO-000052,P01,2025-12-11,2025-12-13,2025-12-14,1499,Old Dominion,2025-12-11,2025-02-15 15:00:00
SH-000150,SOL-0000150,SO-000052,P01,2025-12-11,2025-12-13,2025-12-14,2121,Kreate Fleet,2025-12-11,2025-02-16 05:00:00
SH-000151,SOL-0000151,SO-000052,P01,2025-12-08,2025-12-09,2025-12-14,581,XPO Logistics,2025-12-08,2025-02-17 10:00:00
SH-000152,SOL-0000152,SO-000052,P01,2025-12-08,2025-12-13,2025-12-14,2466,XPO Logistics,2025-12-08,2025-02-17 02:00:00
SH-000153,SOL-0000153,SO-000053,P05,2025-12-21,2025-12-24,2025-12-24,1278,Estes Express,2025-12-21,2025-02-15 00:00:00
SH-000154,SOL-0000154,SO-000053,P05,2025-12-19,2025-12-22,2025-12-24,2501,Estes Express,2025-12-19,2025-02-16 11:00:00
SH-000155,SOL-0000155,SO-000054,P05,2025-12-22,2025-12-24,2025-12-27,1862,Old Dominion,2025-12-22,2025-02-16 03:00:00
SH-000156,SOL-0000156,SO-000054,P05,2025-12-23,2025-12-24,2025-12-27,454,Kreate Fleet,2025-12-23,2025-02-15 05:00:00
SH-000157,SOL-0000157,SO-000054,P05,2025-12-23,2025-12-26,2025-12-27,1238,Old Dominion,2026-01-07,2025-02-16 08:00:00
SH-000158,SOL-0000158,SO-000055,P03,2025-12-28,2026-01-06,2026-01-03,2635,FedEx Freight,2025-12-28,2025-02-17 00:00:00
SH-000159,SOL-0000159,SO-000055,P03,2025-12-28,2025-12-29,2026-01-03,730,FedEx Freight,2026-01-08,2025-02-16 22:00:00
SH-000160,SOL-0000160,SO-000056,P01,2026-01-01,2026-01-06,2026-01-05,2078,Kreate Fleet,2026-01-01,2025-02-15 16:00:00
SH-000161,SOL-0000161,SO-000056,P01,2026-01-02,2026-01-04,2026-01-05,1097,Old Dominion,2026-01-02,2025-02-16 14:00:00
SH-000162,SOL-0000162,SO-000056,P01,2025-12-31,2026-01-01,2026-01-05,915,Old Dominion,2025-12-31,2025-02-17 21:00:00
SH-000163,SOL-0000163,SO-000056,P01,2026-01-01,2026-01-03,2026-01-05,706,FedEx Freight,2026-01-07,2025-02-17 10:00:00
SH-000164,SOL-0000164,SO-000057,P03,2026-01-14,2026-01-17,2026-01-17,1196,FedEx Freight,2026-01-14,2025-02-17 19:00:00
SH-000165,SOL-0000165,SO-000057,P03,2026-01-12,2026-01-15,2026-01-17,2837,XPO Logistics,2026-01-12,2025-02-16 08:00:00
SH-000166,SOL-0000166,SO-000058,P05,2026-01-18,2026-01-21,2026-01-22,444,Kreate Fleet,2026-01-18,2025-02-16 20:00:00
SH-000167,SOL-0000167,SO-000058,P05,2026-01-18,2026-01-19,2026-01-22,1342,FedEx Freight,2026-01-18,2025-02-15 11:00:00
SH-000168,SOL-0000168,SO-000058,P05,2026-01-17,2026-01-20,2026-01-22,1435,FedEx Freight,2026-01-17,2025-02-17 19:00:00
SH-000169,SOL-0000169,SO-000058,P05,2026-01-19,2026-01-21,2026-01-22,1730,XPO Logistics,2026-01-19,2025-02-15 03:00:00
SH-000170,SOL-0000170,SO-000059,P03,2026-01-31,2026-02-01,2026-02-05,1250,Estes Express,2026-01-31,2025-02-16 11:00:00
SH-000171,SOL-0000171,SO-000059,P03,2026-02-01,2026-02-03,2026-02-05,1904,Estes Express,2026-02-01,2025-02-17 22:00:00
SH-000172,SOL-0000172,SO-000059,P03,2026-02-02,2026-02-05,2026-02-05,1710,FedEx Freight,2026-02-02,2025-02-15 10:00:00
SH-000173,SOL-0000173,SO-000059,P03,2026-01-30,2026-02-02,2026-02-05,1019,FedEx Freight,2026-01-30,2025-02-15 20:00:00
SH-000174,SOL-0000174,SO-000060,P05,2026-02-02,2026-02-05,2026-02-05,1858,Kreate Fleet,2026-02-02,2025-02-15 15:00:00
SH-000175,SOL-0000175,SO-000060,P05,2026-01-30,2026-02-02,2026-02-05,2543,Kreate Fleet,2026-01-30,2025-02-16 21:00:00
SH-000176,SOL-0000176,SO-000060,P05,2026-02-01,2026-02-11,2026-02-05,2388,Estes Express,2026-02-01,2025-02-15 10:00:00
SH-000177,SOL-0000177,SO-000060,P05,2026-01-31,2026-02-07,2026-02-05,2869,Old Dominion,2026-01-31,2025-02-15 08:00:00
SH-000178,SOL-0000178,SO-000061,P05,2026-02-15,2026-02-17,2026-02-20,2276,Old Dominion,2026-02-15,2025-02-17 01:00:00
SH-000179,SOL-0000179,SO-000061,P05,2026-02-17,2026-02-20,2026-02-20,469,XPO Logistics,2026-02-17,2025-02-15 18:00:00
SH-000180,SOL-0000180,SO-000061,P05,2026-02-16,2026-02-17,2026-02-20,217,Old Dominion,2026-02-16,2025-02-16 06:00:00
SH-000181,SOL-0000181,SO-000061,P05,2026-02-16,2026-02-18,2026-02-20,1258,Kreate Fleet,2026-02-16,2025-02-17 19:00:00
SH-000182,SOL-0000182,SO-000062,P05,2026-02-20,2026-02-23,2026-02-25,2696,Old Dominion,2026-02-20,2025-02-17 15:00:00
SH-000183,SOL-0000183,SO-000062,P05,2026-02-22,2026-02-23,2026-02-25,1234,Estes Express,2026-02-22,2025-02-15 04:00:00
SH-000184,SOL-0000184,SO-000063,P03,2026-02-28,2026-03-01,2026-03-03,1698,Old Dominion,2026-02-28,2025-02-16 03:00:00
SH-000185,SOL-0000185,SO-000063,P03,2026-02-28,2026-03-02,2026-03-03,1966,FedEx Freight,2026-02-28,2025-02-17 07:00:00
SH-000186,SOL-0000186,SO-000063,P03,2026-02-26,2026-02-28,2026-03-03,947,Kreate Fleet,2026-02-26,2025-02-17 06:00:00
SH-000187,SOL-0000187,SO-000063,P03,2026-02-25,2026-02-28,2026-03-03,1601,XPO Logistics,2026-02-25,2025-02-17 15:00:00
SH-000188,SOL-0000188,SO-000064,P04,2026-03-04,2026-03-05,2026-03-07,1359,Kreate Fleet,2026-03-04,2025-02-15 14:00:00
SH-000189,SOL-0000189,SO-000064,P04,2026-03-01,2026-03-03,2026-03-07,1393,Kreate Fleet,2026-03-01,2025-02-15 14:00:00
SH-000190,SOL-0000190,SO-000064,P04,2026-03-01,2026-03-02,2026-03-07,373,Estes Express,2026-03-01,2025-02-15 13:00:00
SH-000191,SOL-0000191,SO-000064,P04,2026-03-01,2026-03-04,2026-03-07,299,Kreate Fleet,2026-03-01,2025-02-17 03:00:00
SH-000192,SOL-0000192,SO-000065,P05,2026-03-06,2026-03-12,2026-03-10,1739,Estes Express,2026-03-06,2025-02-16 01:00:00
SH-000193,SOL-0000193,SO-000065,P05,2026-03-04,2026-03-09,2026-03-10,1678,XPO Logistics,2026-03-04,2025-02-17 22:00:00
SH-000194,SOL-0000194,SO-000065,P05,2026-03-05,2026-03-07,2026-03-10,1349,Kreate Fleet,2026-03-05,2025-02-17 12:00:00
SH-000195,SOL-0000195,SO-000065,P05,2026-03-04,2026-03-07,2026-03-10,2612,Old Dominion,2026-03-04,2025-02-15 04:00:00
SH-000196,SOL-0000196,SO-000066,P04,2026-03-19,2026-03-20,2026-03-23,1144,Kreate Fleet,2026-03-19,2025-02-16 12:00:00
SH-000197,SOL-0000197,SO-000066,P04,2026-03-19,2026-03-23,2026-03-23,600,FedEx Freight,2026-03-19,2025-02-15 03:00:00
SH-000198,SOL-0000198,SO-000067,P01,2026-03-23,2026-03-24,2026-03-29,856,Estes Express,2026-03-23,2025-02-16 20:00:00
SH-000199,SOL-0000199,SO-000067,P01,2026-03-25,2026-03-27,2026-03-29,981,XPO Logistics,2026-03-25,2025-02-15 17:00:00
SH-000200,SOL-0000200,SO-000068,P05,2026-03-29,2026-04-01,2026-04-01,2587,FedEx Freight,2026-03-29,2025-02-16 19:00:00
SH-000201,SOL-0000201,SO-000068,P05,2026-03-27,2026-03-29,2026-04-01,2188,Estes Express,2026-03-27,2025-02-15 19:00:00
SH-000202,SOL-0000202,SO-000068,P05,2026-03-29,2026-04-01,2026-04-01,2785,Old Dominion,2026-03-29,2025-02-16 00:00:00
SH-000203,SOL-0000203,SO-000069,P01,2026-04-07,2026-04-15,2026-04-11,1680,Kreate Fleet,2026-04-07,2025-02-15 22:00:00
SH-000204,SOL-0000204,SO-000069,P01,2026-04-06,2026-04-13,2026-04-11,2368,Estes Express,2026-04-06,2025-02-15 14:00:00
SH-000205,SOL-0000205,SO-000069,P01,2026-04-07,2026-04-10,2026-04-11,2841,Kreate Fleet,2026-04-07,2025-02-15 22:00:00
SH-000206,SOL-0000206,SO-000070,P05,2026-04-09,2026-04-11,2026-04-13,1649,Kreate Fleet,2026-04-09,2025-02-16 19:00:00
SH-000207,SOL-0000207,SO-000070,P05,2026-04-08,2026-04-11,2026-04-13,364,Kreate Fleet,2026-04-08,2025-02-16 08:00:00
SH-000208,SOL-0000208,SO-000070,P05,2026-04-07,2026-04-09,2026-04-13,229,FedEx Freight,2026-04-25,2025-02-16 15:00:00
SH-000209,SOL-0000209,SO-000071,P02,2026-04-19,2026-04-22,2026-04-22,1073,Old Dominion,2026-04-19,2025-02-17 17:00:00
SH-000210,SOL-0000210,SO-000071,P02,2026-04-17,2026-04-21,2026-04-22,785,Estes Express,2026-04-17,2025-02-16 16:00:00
SH-000211,SOL-0000211,SO-000071,P02,2026-04-19,2026-04-20,2026-04-22,2984,Kreate Fleet,2026-04-19,2025-02-15 14:00:00
SH-000212,SOL-0000212,SO-000072,P05,2026-04-22,2026-05-01,2026-04-25,1763,Estes Express,2026-04-22,2025-02-17 20:00:00
SH-000213,SOL-0000213,SO-000072,P05,2026-04-21,2026-04-24,2026-04-25,2143,Old Dominion,2026-04-21,2025-02-17 17:00:00
SH-000214,SOL-0000214,SO-000072,P05,2026-04-20,2026-04-22,2026-04-25,1523,Kreate Fleet,2026-04-20,2025-02-17 08:00:00
SH-000215,SOL-0000215,SO-000072,P05,2026-04-22,2026-04-24,2026-04-25,2522,Kreate Fleet,2026-04-22,2025-02-15 04:00:00
SH-000216,SOL-0000216,SO-000073,P04,2026-04-30,2026-05-03,2026-05-03,1664,Estes Express,2026-04-30,2025-02-16 22:00:00
SH-000217,SOL-0000217,SO-000073,P04,2026-04-27,2026-05-03,2026-05-03,2371,Estes Express,2026-04-27,2025-02-15 13:00:00
SH-000218,SOL-0000218,SO-000073,P04,2026-04-27,2026-04-30,2026-05-03,122,Old Dominion,2026-04-27,2025-02-16 13:00:00
SH-000219,SOL-0000219,SO-000074,P04,2026-05-12,2026-05-14,2026-05-15,1364,Estes Express,2026-05-12,2025-02-16 19:00:00
SH-000220,SOL-0000220,SO-000074,P04,2026-05-10,2026-05-13,2026-05-15,1745,Kreate Fleet,2026-05-10,2025-02-17 16:00:00
SH-000221,SOL-0000221,SO-000074,P04,2026-05-09,2026-05-11,2026-05-15,1568,Estes Express,2026-05-09,2025-02-15 07:00:00
SH-000222,SOL-0000222,SO-000074,P04,2026-05-11,2026-05-12,2026-05-15,2482,FedEx Freight,2026-05-11,2025-02-17 00:00:00
SH-000223,SOL-0000223,SO-000075,P03,2026-05-13,2026-05-15,2026-05-17,2200,Kreate Fleet,2026-05-13,2025-02-17 01:00:00
SH-000224,SOL-0000224,SO-000075,P03,2026-05-13,2026-05-18,2026-05-17,1658,Kreate Fleet,2026-05-13,2025-02-15 20:00:00
SH-000225,SOL-0000225,SO-000076,P02,2026-05-24,2026-05-25,2026-05-27,1941,XPO Logistics,2026-05-24,2025-02-15 14:00:00
SH-000226,SOL-0000226,SO-000076,P02,2026-05-23,2026-06-01,2026-05-27,954,Estes Express,2026-05-23,2025-02-17 11:00:00
SH-000227,SOL-0000227,SO-000077,P04,2026-05-30,2026-06-02,2026-06-03,2480,XPO Logistics,2026-05-30,2025-02-15 00:00:00
SH-000228,SOL-0000228,SO-000077,P04,2026-05-28,2026-06-02,2026-06-03,930,XPO Logistics,2026-05-28,2025-02-15 09:00:00
SH-000229,SOL-0000229,SO-000077,P04,2026-05-30,2026-06-02,2026-06-03,1201,Estes Express,2026-05-30,2025-02-17 05:00:00
SH-000230,SOL-0000230,SO-000077,P04,2026-05-28,2026-05-31,2026-06-03,508,XPO Logistics,2026-05-28,2025-02-16 15:00:00
SH-000231,SOL-0000231,SO-000078,P02,2026-06-02,2026-06-04,2026-06-05,1451,Estes Express,2026-06-02,2025-02-15 21:00:00
SH-000232,SOL-0000232,SO-000078,P02,2026-05-31,2026-06-01,2026-06-05,1493,Kreate Fleet,2026-05-31,2025-02-15 04:00:00
SH-000233,SOL-0000233,SO-000078,P02,2026-05-31,2026-06-01,2026-06-05,947,Old Dominion,2026-05-31,2025-02-15 05:00:00
SH-000234,SOL-0000234,SO-000078,P02,2026-05-31,2026-06-02,2026-06-05,319,Kreate Fleet,2026-05-31,2025-02-16 07:00:00
SH-000235,SOL-0000235,SO-000079,P04,2026-06-09,2026-06-10,2026-06-13,351,XPO Logistics,2026-06-09,2025-02-16 02:00:00
SH-000236,SOL-0000236,SO-000079,P04,2026-06-08,2026-06-09,2026-06-13,643,Old Dominion,2026-06-08,2025-02-17 13:00:00
SH-000237,SOL-0000237,SO-000080,P04,2026-06-17,2026-06-20,2026-06-20,1009,Estes Express,2026-06-17,2025-02-16 15:00:00
SH-000238,SOL-0000238,SO-000080,P04,2026-06-16,2026-06-17,2026-06-20,2577,Kreate Fleet,2026-06-16,2025-02-15 01:00:00
SH-000239,SOL-0000239,SO-000080,P04,2026-06-15,2026-06-17,2026-06-20,1671,Estes Express,2026-06-15,2025-02-16 17:00:00
SH-000240,SOL-0000240,SO-000081,P04,2026-06-23,2026-06-24,2026-06-28,1254,FedEx Freight,2026-06-23,2025-02-17 17:00:00
SH-000241,SOL-0000241,SO-000081,P04,2026-06-23,2026-06-26,2026-06-28,1591,Estes Express,2026-06-23,2025-02-16 21:00:00
SH-000242,SOL-0000242,SO-000082,P01,2025-01-13,2025-01-15,2025-01-16,581,XPO Logistics,2025-01-13,2025-02-15 21:00:00
SH-000243,SOL-0000243,SO-000082,P01,2025-01-13,2025-01-14,2025-01-16,746,Estes Express,2025-01-13,2025-02-15 06:00:00
SH-000244,SOL-0000244,SO-000082,P01,2025-01-13,2025-01-14,2025-01-16,2944,Kreate Fleet,2025-01-13,2025-02-17 19:00:00
SH-000245,SOL-0000245,SO-000083,P01,2025-01-19,2025-01-21,2025-01-22,1497,XPO Logistics,2025-01-19,2025-02-15 04:00:00
SH-000246,SOL-0000246,SO-000083,P01,2025-01-17,2025-01-19,2025-01-22,601,Estes Express,2025-01-30,2025-02-15 04:00:00
SH-000247,SOL-0000247,SO-000084,P05,2025-01-27,2025-01-28,2025-02-02,803,Estes Express,2025-01-27,2025-02-17 02:00:00
SH-000248,SOL-0000248,SO-000084,P05,2025-01-28,2025-01-31,2025-02-02,2284,Kreate Fleet,2025-01-28,2025-02-17 17:00:00
SH-000249,SOL-0000249,SO-000084,P05,2025-01-28,2025-01-31,2025-02-02,1214,Old Dominion,2025-01-28,2025-02-15 09:00:00
SH-000250,SOL-0000250,SO-000085,P04,2025-02-04,2025-02-06,2025-02-10,2057,FedEx Freight,2025-02-04,2025-02-16 01:00:00
SH-000251,SOL-0000251,SO-000085,P04,2025-02-04,2025-02-07,2025-02-10,2730,FedEx Freight,2025-02-04,2025-02-15 05:00:00
SH-000252,SOL-0000252,SO-000086,P05,2025-02-08,2025-02-12,2025-02-14,1437,FedEx Freight,2025-02-08,2025-02-16 22:00:00
SH-000253,SOL-0000253,SO-000086,P05,2025-02-09,2025-02-12,2025-02-14,2591,FedEx Freight,2025-02-09,2025-02-15 06:00:00
SH-000254,SOL-0000254,SO-000087,P03,2025-02-20,2025-02-21,2025-02-24,2664,XPO Logistics,2025-02-20,2025-02-15 05:00:00
SH-000255,SOL-0000255,SO-000087,P03,2025-02-18,2025-02-20,2025-02-24,2715,Estes Express,2025-02-18,2025-02-16 16:00:00
SH-000256,SOL-0000256,SO-000087,P03,2025-02-20,2025-02-21,2025-02-24,2134,Old Dominion,2025-02-20,2025-02-15 14:00:00
SH-000257,SOL-0000257,SO-000088,P05,2025-02-27,2025-03-04,2025-03-02,722,Old Dominion,2025-02-27,2025-02-16 09:00:00
SH-000258,SOL-0000258,SO-000088,P05,2025-02-25,2025-02-27,2025-03-02,891,XPO Logistics,2025-02-25,2025-02-16 19:00:00
SH-000259,SOL-0000259,SO-000089,P04,2025-02-25,2025-02-26,2025-03-02,742,FedEx Freight,2025-02-25,2025-02-17 06:00:00
SH-000260,SOL-0000260,SO-000089,P04,2025-02-24,2025-02-27,2025-03-02,202,Estes Express,2025-02-24,2025-02-16 14:00:00
SH-000261,SOL-0000261,SO-000090,P01,2025-03-03,2025-03-04,2025-03-07,966,FedEx Freight,2025-03-03,2025-02-15 11:00:00
SH-000262,SOL-0000262,SO-000090,P01,2025-03-03,2025-03-12,2025-03-07,341,XPO Logistics,2025-03-03,2025-02-15 05:00:00
SH-000263,SOL-0000263,SO-000090,P01,2025-03-01,2025-03-04,2025-03-07,1171,Old Dominion,2025-03-01,2025-02-15 11:00:00
SH-000264,SOL-0000264,SO-000090,P01,2025-03-01,2025-03-03,2025-03-07,1209,FedEx Freight,2025-03-01,2025-02-15 21:00:00
SH-000265,SOL-0000265,SO-000091,P05,2025-03-12,2025-03-15,2025-03-16,307,FedEx Freight,2025-03-12,2025-02-15 17:00:00
SH-000266,SOL-0000266,SO-000091,P05,2025-03-13,2025-03-15,2025-03-16,947,Kreate Fleet,2025-03-13,2025-02-15 12:00:00
SH-000267,SOL-0000267,SO-000091,P05,2025-03-10,2025-03-12,2025-03-16,1620,Estes Express,2025-03-10,2025-02-16 13:00:00
SH-000268,SOL-0000268,SO-000092,P03,2025-03-17,2025-03-20,2025-03-23,1919,Estes Express,2025-03-17,2025-02-16 08:00:00
SH-000269,SOL-0000269,SO-000092,P03,2025-03-18,2025-03-21,2025-03-23,207,Old Dominion,2025-03-23,2025-02-16 12:00:00
SH-000270,SOL-0000270,SO-000092,P03,2025-03-20,2025-03-23,2025-03-23,564,FedEx Freight,2025-03-20,2025-02-16 10:00:00
SH-000271,SOL-0000271,SO-000093,P01,2025-04-01,2025-04-02,2025-04-07,531,FedEx Freight,2025-04-01,2025-02-15 18:00:00
SH-000272,SOL-0000272,SO-000093,P01,2025-04-02,2025-04-05,2025-04-07,1957,Old Dominion,2025-04-02,2025-02-16 04:00:00
SH-000273,SOL-0000273,SO-000093,P01,2025-04-03,2025-04-08,2025-04-07,1634,FedEx Freight,2025-04-03,2025-02-16 18:00:00
SH-000274,SOL-0000274,SO-000093,P01,2025-04-04,2025-04-05,2025-04-07,1064,XPO Logistics,2025-04-04,2025-02-15 18:00:00
SH-000275,SOL-0000275,SO-000094,P01,2025-04-04,2025-04-06,2025-04-09,1308,FedEx Freight,2025-04-04,2025-02-17 11:00:00
SH-000276,SOL-0000276,SO-000094,P01,2025-04-04,2025-04-05,2025-04-09,2802,Estes Express,2025-04-04,2025-02-16 06:00:00
SH-000277,SOL-0000277,SO-000095,P03,2025-04-18,2025-04-20,2025-04-23,740,FedEx Freight,2025-04-18,2025-02-15 05:00:00
SH-000278,SOL-0000278,SO-000095,P03,2025-04-19,2025-04-21,2025-04-23,1038,FedEx Freight,2025-04-19,2025-02-15 15:00:00
SH-000279,SOL-0000279,SO-000095,P03,2025-04-19,2025-04-20,2025-04-23,1302,Old Dominion,2025-04-19,2025-02-17 10:00:00
SH-000280,SOL-0000280,SO-000095,P03,2025-04-18,2025-04-19,2025-04-23,671,Kreate Fleet,2025-04-18,2025-02-17 16:00:00
SH-000281,SOL-0000281,SO-000096,P05,2025-04-17,2025-04-19,2025-04-23,2369,Kreate Fleet,2025-04-17,2025-02-15 00:00:00
SH-000282,SOL-0000282,SO-000096,P05,2025-04-19,2025-04-22,2025-04-23,2915,Old Dominion,2025-04-19,2025-02-17 06:00:00
SH-000283,SOL-0000283,SO-000096,P05,2025-04-19,2025-04-21,2025-04-23,1511,Old Dominion,2025-04-19,2025-02-15 13:00:00
SH-000284,SOL-0000284,SO-000097,P05,2025-04-30,2025-05-09,2025-05-05,2056,Kreate Fleet,2025-04-30,2025-02-15 08:00:00
SH-000285,SOL-0000285,SO-000097,P05,2025-04-29,2025-05-02,2025-05-05,1818,Estes Express,2025-04-29,2025-02-15 13:00:00
SH-000286,SOL-0000286,SO-000097,P05,2025-04-30,2025-05-02,2025-05-05,1449,Estes Express,2025-04-30,2025-02-15 14:00:00
SH-000287,SOL-0000287,SO-000097,P05,2025-05-01,2025-05-10,2025-05-05,2251,Kreate Fleet,2025-05-01,2025-02-15 15:00:00
SH-000288,SOL-0000288,SO-000098,P02,2025-05-07,2025-05-10,2025-05-11,2936,Estes Express,2025-05-07,2025-02-17 12:00:00
SH-000289,SOL-0000289,SO-000098,P02,2025-05-05,2025-05-07,2025-05-11,687,Kreate Fleet,2025-05-05,2025-02-15 02:00:00
SH-000290,SOL-0000290,SO-000098,P02,2025-05-07,2025-05-08,2025-05-11,1096,Kreate Fleet,2025-05-07,2025-02-16 20:00:00
SH-000291,SOL-0000291,SO-000098,P02,2025-05-08,2025-05-13,2025-05-11,346,Old Dominion,2025-05-08,2025-02-16 13:00:00
SH-000292,SOL-0000292,SO-000099,P01,2025-05-13,2025-05-21,2025-05-16,334,Kreate Fleet,2025-05-13,2025-02-17 00:00:00
SH-000293,SOL-0000293,SO-000099,P01,2025-05-13,2025-05-19,2025-05-16,707,XPO Logistics,2025-05-13,2025-02-17 07:00:00
SH-000294,SOL-0000294,SO-000099,P01,2025-05-12,2025-05-22,2025-05-16,977,FedEx Freight,2025-05-12,2025-02-16 09:00:00
SH-000295,SOL-0000295,SO-000099,P01,2025-05-13,2025-05-14,2025-05-16,2678,Kreate Fleet,2025-05-13,2025-02-15 17:00:00
SH-000296,SOL-0000296,SO-000100,P03,2025-05-22,2025-05-24,2025-05-27,2055,FedEx Freight,2025-05-22,2025-02-15 21:00:00
SH-000297,SOL-0000297,SO-000100,P03,2025-05-24,2025-05-25,2025-05-27,2189,XPO Logistics,2025-05-24,2025-02-15 06:00:00
SH-000298,SOL-0000298,SO-000100,P03,2025-05-23,2025-05-26,2025-05-27,1171,Estes Express,2025-05-23,2025-02-17 22:00:00
SH-000299,SOL-0000299,SO-000100,P03,2025-05-22,2025-05-24,2025-05-27,1245,XPO Logistics,2025-05-22,2025-02-15 00:00:00
SH-000300,SOL-0000300,SO-000101,P04,2025-05-28,2025-05-30,2025-06-02,1189,Old Dominion,2025-05-28,2025-02-16 09:00:00
SH-000301,SOL-0000301,SO-000101,P04,2025-05-30,2025-06-01,2025-06-02,452,XPO Logistics,2025-05-30,2025-02-17 19:00:00
SH-000302,SOL-0000302,SO-000102,P02,2025-06-09,2025-06-11,2025-06-13,959,Old Dominion,2025-06-09,2025-02-15 09:00:00
SH-000303,SOL-0000303,SO-000102,P02,2025-06-09,2025-06-10,2025-06-13,2173,XPO Logistics,2025-06-09,2025-02-16 01:00:00
SH-000304,SOL-0000304,SO-000103,P02,2025-06-13,2025-06-15,2025-06-17,2209,XPO Logistics,2025-06-13,2025-02-16 03:00:00
SH-000305,SOL-0000305,SO-000103,P02,2025-06-11,2025-06-14,2025-06-17,2092,Kreate Fleet,2025-06-11,2025-02-15 19:00:00
SH-000306,SOL-0000306,SO-000103,P02,2025-06-11,2025-06-14,2025-06-17,2468,FedEx Freight,2025-06-11,2025-02-17 12:00:00
SH-000307,SOL-0000307,SO-000103,P02,2025-06-12,2025-06-14,2025-06-17,2327,Old Dominion,2025-06-12,2025-02-15 22:00:00
SH-000308,SOL-0000308,SO-000104,P05,2025-06-19,2025-06-22,2025-06-23,2300,Estes Express,2025-06-19,2025-02-17 11:00:00
SH-000309,SOL-0000309,SO-000104,P05,2025-06-18,2025-06-20,2025-06-23,1697,Old Dominion,2025-06-18,2025-02-15 05:00:00
SH-000310,SOL-0000310,SO-000104,P05,2025-06-19,2025-06-20,2025-06-23,2058,Estes Express,2025-06-19,2025-02-17 05:00:00
SH-000311,SOL-0000311,SO-000105,P05,2025-06-25,2025-06-26,2025-06-29,1238,FedEx Freight,2025-06-25,2025-02-17 22:00:00
SH-000312,SOL-0000312,SO-000105,P05,2025-06-24,2025-06-26,2025-06-29,1655,FedEx Freight,2025-06-24,2025-02-16 12:00:00
SH-000313,SOL-0000313,SO-000106,P05,2025-07-03,2025-07-04,2025-07-08,238,Estes Express,2025-07-03,2025-02-15 15:00:00
SH-000314,SOL-0000314,SO-000106,P05,2025-07-02,2025-07-10,2025-07-08,905,Kreate Fleet,2025-07-02,2025-02-16 04:00:00
SH-000315,SOL-0000315,SO-000106,P05,2025-07-05,2025-07-11,2025-07-08,1783,Old Dominion,2025-07-05,2025-02-15 18:00:00
SH-000316,SOL-0000316,SO-000106,P05,2025-07-04,2025-07-06,2025-07-08,2723,XPO Logistics,2025-07-04,2025-02-16 22:00:00
SH-000317,SOL-0000317,SO-000107,P03,2025-07-07,2025-07-15,2025-07-12,2889,Estes Express,2025-07-07,2025-02-15 21:00:00
SH-000318,SOL-0000318,SO-000107,P03,2025-07-09,2025-07-10,2025-07-12,2413,FedEx Freight,2025-07-09,2025-02-16 12:00:00
SH-000319,SOL-0000319,SO-000107,P03,2025-07-07,2025-07-14,2025-07-12,411,Old Dominion,2025-07-07,2025-02-16 02:00:00
SH-000320,SOL-0000320,SO-000107,P03,2025-07-09,2025-07-11,2025-07-12,2825,FedEx Freight,2025-07-09,2025-02-16 15:00:00
SH-000321,SOL-0000321,SO-000108,P01,2025-07-09,2025-07-14,2025-07-15,1024,Old Dominion,2025-07-09,2025-02-16 10:00:00
SH-000322,SOL-0000322,SO-000108,P01,2025-07-12,2025-07-18,2025-07-15,912,Old Dominion,2025-07-12,2025-02-15 06:00:00
SH-000323,SOL-0000323,SO-000108,P01,2025-07-09,2025-07-11,2025-07-15,830,Estes Express,2025-07-09,2025-02-16 12:00:00
SH-000324,SOL-0000324,SO-000108,P01,2025-07-09,2025-07-11,2025-07-15,1382,Estes Express,2025-07-09,2025-02-17 22:00:00
SH-000325,SOL-0000325,SO-000109,P03,2025-07-13,2025-07-15,2025-07-19,348,Kreate Fleet,2025-07-13,2025-02-16 08:00:00
SH-000326,SOL-0000326,SO-000109,P03,2025-07-13,2025-07-16,2025-07-19,2105,Estes Express,2025-07-13,2025-02-17 01:00:00
SH-000327,SOL-0000327,SO-000109,P03,2025-07-13,2025-07-17,2025-07-19,2219,XPO Logistics,2025-07-13,2025-02-16 13:00:00
SH-000328,SOL-0000328,SO-000110,P02,2025-07-24,2025-07-25,2025-07-30,789,FedEx Freight,2025-07-24,2025-02-17 06:00:00
SH-000329,SOL-0000329,SO-000110,P02,2025-07-25,2025-08-03,2025-07-30,1142,Kreate Fleet,2025-07-25,2025-02-17 01:00:00
SH-000330,SOL-0000330,SO-000110,P02,2025-07-27,2025-07-28,2025-07-30,2984,Old Dominion,2025-07-27,2025-02-15 01:00:00
SH-000331,SOL-0000331,SO-000111,P03,2025-07-27,2025-07-28,2025-08-02,1240,Kreate Fleet,2025-07-27,2025-02-15 12:00:00
SH-000332,SOL-0000332,SO-000111,P03,2025-07-28,2025-07-30,2025-08-02,1752,XPO Logistics,2025-07-28,2025-02-16 07:00:00
SH-000333,SOL-0000333,SO-000111,P03,2025-07-28,2025-07-31,2025-08-02,2212,Estes Express,2025-08-05,2025-02-15 16:00:00
SH-000334,SOL-0000334,SO-000111,P03,2025-07-30,2025-08-04,2025-08-02,2803,XPO Logistics,2025-07-30,2025-02-16 00:00:00
SH-000335,SOL-0000335,SO-000112,P05,2025-08-04,2025-08-07,2025-08-07,2068,Estes Express,2025-08-04,2025-02-16 03:00:00
SH-000336,SOL-0000336,SO-000112,P05,2025-08-01,2025-08-03,2025-08-07,957,Estes Express,2025-08-01,2025-02-15 15:00:00
SH-000337,SOL-0000337,SO-000112,P05,2025-08-02,2025-08-03,2025-08-07,1517,XPO Logistics,2025-08-02,2025-02-15 07:00:00
SH-000338,SOL-0000338,SO-000112,P05,2025-08-03,2025-08-06,2025-08-07,2658,Kreate Fleet,2025-08-03,2025-02-16 18:00:00
SH-000339,SOL-0000339,SO-000113,P05,2025-08-07,2025-08-09,2025-08-10,985,Kreate Fleet,2025-08-27,2025-02-15 03:00:00
SH-000340,SOL-0000340,SO-000113,P05,2025-08-07,2025-08-08,2025-08-10,1098,Kreate Fleet,2025-08-07,2025-02-15 08:00:00
SH-000341,SOL-0000341,SO-000113,P05,2025-08-07,2025-08-08,2025-08-10,472,Kreate Fleet,2025-08-07,2025-02-16 09:00:00
SH-000342,SOL-0000342,SO-000114,P04,2025-08-16,2025-08-19,2025-08-20,1827,Old Dominion,2025-08-29,2025-02-17 00:00:00
SH-000343,SOL-0000343,SO-000114,P04,2025-08-16,2025-08-19,2025-08-20,843,FedEx Freight,2025-08-16,2025-02-17 18:00:00
SH-000344,SOL-0000344,SO-000114,P04,2025-08-16,2025-08-24,2025-08-20,2025,XPO Logistics,2025-08-16,2025-02-17 21:00:00
SH-000345,SOL-0000345,SO-000114,P04,2025-08-15,2025-08-16,2025-08-20,160,XPO Logistics,2025-08-15,2025-02-15 21:00:00
SH-000346,SOL-0000346,SO-000115,P03,2025-08-17,2025-08-19,2025-08-22,2915,Estes Express,2025-08-17,2025-02-16 10:00:00
SH-000347,SOL-0000347,SO-000115,P03,2025-08-17,2025-08-18,2025-08-22,2491,FedEx Freight,2025-08-17,2025-02-15 16:00:00
SH-000348,SOL-0000348,SO-000115,P03,2025-08-19,2025-08-21,2025-08-22,714,Kreate Fleet,2025-08-19,2025-02-15 10:00:00
SH-000349,SOL-0000349,SO-000116,P01,2025-08-20,2025-08-21,2025-08-24,1132,Old Dominion,2025-08-20,2025-02-16 15:00:00
SH-000350,SOL-0000350,SO-000116,P01,2025-08-21,2025-08-24,2025-08-24,717,FedEx Freight,2025-08-21,2025-02-15 03:00:00
SH-000351,SOL-0000351,SO-000117,P02,2025-09-02,2025-09-09,2025-09-07,2734,Old Dominion,2025-09-22,2025-02-17 19:00:00
SH-000352,SOL-0000352,SO-000117,P02,2025-09-01,2025-09-04,2025-09-07,1696,FedEx Freight,2025-09-01,2025-02-15 01:00:00
SH-000353,SOL-0000353,SO-000117,P02,2025-09-02,2025-09-04,2025-09-07,392,Kreate Fleet,2025-09-02,2025-02-15 03:00:00
SH-000354,SOL-0000354,SO-000118,P01,2025-09-06,2025-09-09,2025-09-10,824,XPO Logistics,2025-09-06,2025-02-17 11:00:00
SH-000355,SOL-0000355,SO-000118,P01,2025-09-06,2025-09-09,2025-09-10,1805,Estes Express,2025-09-06,2025-02-15 02:00:00
SH-000356,SOL-0000356,SO-000119,P05,2025-09-14,2025-09-21,2025-09-19,1034,Estes Express,2025-09-14,2025-02-15 00:00:00
SH-000357,SOL-0000357,SO-000119,P05,2025-09-13,2025-09-21,2025-09-19,2961,XPO Logistics,2025-09-19,2025-02-17 14:00:00
SH-000358,SOL-0000358,SO-000119,P05,2025-09-16,2025-09-19,2025-09-19,881,Old Dominion,2025-09-16,2025-02-17 17:00:00
SH-000359,SOL-0000359,SO-000119,P05,2025-09-15,2025-09-20,2025-09-19,1217,Kreate Fleet,2025-09-15,2025-02-17 10:00:00
SH-000360,SOL-0000360,SO-000120,P05,2025-09-18,2025-09-23,2025-09-24,546,FedEx Freight,2025-09-18,2025-02-17 15:00:00
SH-000361,SOL-0000361,SO-000120,P05,2025-09-19,2025-09-21,2025-09-24,2363,FedEx Freight,2025-09-19,2025-02-17 00:00:00
SH-000362,SOL-0000362,SO-000120,P05,2025-09-21,2025-09-24,2025-09-24,201,FedEx Freight,2025-09-21,2025-02-15 11:00:00
SH-000363,SOL-0000363,SO-000120,P05,2025-09-20,2025-09-23,2025-09-24,2226,FedEx Freight,2025-09-20,2025-02-16 03:00:00
SH-000364,SOL-0000364,SO-000121,P04,2025-09-26,2025-09-27,2025-10-02,2321,Estes Express,2025-09-26,2025-02-17 08:00:00
SH-000365,SOL-0000365,SO-000121,P04,2025-09-29,2025-09-30,2025-10-02,2877,Kreate Fleet,2025-09-29,2025-02-16 11:00:00
SH-000366,SOL-0000366,SO-000121,P04,2025-09-29,2025-09-30,2025-10-02,921,Estes Express,2025-09-29,2025-02-17 01:00:00
SH-000367,SOL-0000367,SO-000122,P03,2025-10-07,2025-10-14,2025-10-10,2951,Estes Express,2025-10-07,2025-02-16 08:00:00
SH-000368,SOL-0000368,SO-000122,P03,2025-10-07,2025-10-08,2025-10-10,1980,Estes Express,2025-10-07,2025-02-15 11:00:00
SH-000369,SOL-0000369,SO-000122,P03,2025-10-06,2025-10-07,2025-10-10,1262,XPO Logistics,2025-10-06,2025-02-16 15:00:00
SH-000370,SOL-0000370,SO-000122,P03,2025-10-06,2025-10-07,2025-10-10,789,Kreate Fleet,2025-10-06,2025-02-15 13:00:00
SH-000371,SOL-0000371,SO-000123,P03,2025-10-05,2025-10-07,2025-10-10,1089,Old Dominion,2025-10-05,2025-02-15 04:00:00
SH-000372,SOL-0000372,SO-000123,P03,2025-10-04,2025-10-07,2025-10-10,1294,Old Dominion,2025-10-04,2025-02-17 00:00:00
SH-000373,SOL-0000373,SO-000123,P03,2025-10-07,2025-10-14,2025-10-10,1915,XPO Logistics,2025-10-07,2025-02-15 10:00:00
SH-000374,SOL-0000374,SO-000123,P03,2025-10-05,2025-10-08,2025-10-10,2070,Old Dominion,2025-10-05,2025-02-15 00:00:00
SH-000375,SOL-0000375,SO-000124,P04,2025-10-16,2025-10-19,2025-10-21,245,Estes Express,2025-10-16,2025-02-17 18:00:00
SH-000376,SOL-0000376,SO-000124,P04,2025-10-17,2025-10-20,2025-10-21,1958,XPO Logistics,2025-10-24,2025-02-15 18:00:00
SH-000377,SOL-0000377,SO-000124,P04,2025-10-18,2025-10-20,2025-10-21,1545,XPO Logistics,2025-10-18,2025-02-15 21:00:00
SH-000378,SOL-0000378,SO-000125,P04,2025-10-17,2025-10-19,2025-10-21,2582,Estes Express,2025-10-17,2025-02-16 04:00:00
SH-000379,SOL-0000379,SO-000125,P04,2025-10-16,2025-10-19,2025-10-21,1425,Old Dominion,2025-10-26,2025-02-16 03:00:00
SH-000380,SOL-0000380,SO-000125,P04,2025-10-16,2025-10-19,2025-10-21,560,Old Dominion,2025-10-16,2025-02-17 04:00:00
SH-000381,SOL-0000381,SO-000126,P01,2025-10-22,2025-10-23,2025-10-25,2999,Kreate Fleet,2025-10-22,2025-02-15 06:00:00
SH-000382,SOL-0000382,SO-000126,P01,2025-10-22,2025-10-27,2025-10-25,2887,FedEx Freight,2025-10-22,2025-02-17 12:00:00
SH-000383,SOL-0000383,SO-000126,P01,2025-10-21,2025-10-23,2025-10-25,714,XPO Logistics,2025-10-21,2025-02-15 07:00:00
SH-000384,SOL-0000384,SO-000127,P03,2025-10-28,2025-10-30,2025-10-31,2707,Old Dominion,2025-10-28,2025-02-17 20:00:00
SH-000385,SOL-0000385,SO-000127,P03,2025-10-27,2025-11-04,2025-10-31,2059,FedEx Freight,2025-11-06,2025-02-16 08:00:00
SH-000386,SOL-0000386,SO-000127,P03,2025-10-27,2025-10-29,2025-10-31,2105,Estes Express,2025-10-27,2025-02-15 21:00:00
SH-000387,SOL-0000387,SO-000128,P02,2025-11-05,2025-11-06,2025-11-09,1063,XPO Logistics,2025-11-05,2025-02-17 11:00:00
SH-000388,SOL-0000388,SO-000128,P02,2025-11-03,2025-11-04,2025-11-09,1534,FedEx Freight,2025-11-03,2025-02-17 00:00:00
SH-000389,SOL-0000389,SO-000128,P02,2025-11-03,2025-11-04,2025-11-09,2121,FedEx Freight,2025-11-03,2025-02-15 16:00:00
SH-000390,SOL-0000390,SO-000128,P02,2025-11-04,2025-11-11,2025-11-09,2143,Estes Express,2025-11-04,2025-02-17 04:00:00
SH-000391,SOL-0000391,SO-000129,P03,2025-11-06,2025-11-07,2025-11-12,899,Kreate Fleet,2025-11-06,2025-02-16 10:00:00
SH-000392,SOL-0000392,SO-000129,P03,2025-11-07,2025-11-09,2025-11-12,1123,Old Dominion,2025-11-07,2025-02-16 21:00:00
SH-000393,SOL-0000393,SO-000129,P03,2025-11-08,2025-11-11,2025-11-12,907,Kreate Fleet,2025-11-08,2025-02-15 01:00:00
SH-000394,SOL-0000394,SO-000129,P03,2025-11-08,2025-11-10,2025-11-12,1805,XPO Logistics,2025-11-08,2025-02-17 14:00:00
SH-000395,SOL-0000395,SO-000130,P03,2025-11-15,2025-11-17,2025-11-19,2813,XPO Logistics,2025-11-24,2025-02-16 02:00:00
SH-000396,SOL-0000396,SO-000130,P03,2025-11-13,2025-11-14,2025-11-19,2132,Kreate Fleet,2025-11-13,2025-02-17 22:00:00
SH-000397,SOL-0000397,SO-000130,P03,2025-11-15,2025-11-18,2025-11-19,2156,XPO Logistics,2025-11-29,2025-02-17 13:00:00
SH-000398,SOL-0000398,SO-000130,P03,2025-11-14,2025-11-15,2025-11-19,2363,Kreate Fleet,2025-11-14,2025-02-15 02:00:00
SH-000399,SOL-0000399,SO-000131,P03,2025-11-22,2025-11-23,2025-11-28,2008,Estes Express,2025-11-22,2025-02-16 07:00:00
SH-000400,SOL-0000400,SO-000131,P03,2025-11-23,2025-11-25,2025-11-28,2640,Estes Express,2025-11-23,2025-02-15 06:00:00
SH-000401,SOL-0000401,SO-000131,P03,2025-11-25,2025-11-28,2025-11-28,2209,XPO Logistics,2025-11-25,2025-02-17 04:00:00
SH-000402,SOL-0000402,SO-000131,P03,2025-11-23,2025-11-28,2025-11-28,445,FedEx Freight,2025-11-23,2025-02-16 00:00:00
SH-000403,SOL-0000403,SO-000132,P01,2025-11-23,2025-11-24,2025-11-29,1469,FedEx Freight,2025-11-23,2025-02-16 14:00:00
SH-000404,SOL-0000404,SO-000132,P01,2025-11-26,2025-12-02,2025-11-29,2545,XPO Logistics,2025-11-26,2025-02-17 06:00:00
SH-000405,SOL-0000405,SO-000133,P01,2025-12-02,2025-12-04,2025-12-06,402,Estes Express,2025-12-02,2025-02-15 12:00:00
SH-000406,SOL-0000406,SO-000133,P01,2025-12-02,2025-12-05,2025-12-06,982,Estes Express,2025-12-02,2025-02-16 22:00:00
SH-000407,SOL-0000407,SO-000134,P05,2025-12-12,2025-12-15,2025-12-17,2219,Estes Express,2025-12-12,2025-02-17 07:00:00
SH-000408,SOL-0000408,SO-000134,P05,2025-12-11,2025-12-14,2025-12-17,2283,Estes Express,2025-12-11,2025-02-15 17:00:00
SH-000409,SOL-0000409,SO-000134,P05,2025-12-13,2025-12-16,2025-12-17,2742,Estes Express,2025-12-13,2025-02-15 17:00:00
SH-000410,SOL-0000410,SO-000135,P04,2025-12-17,2025-12-19,2025-12-21,326,Estes Express,2025-12-17,2025-02-16 16:00:00
SH-000411,SOL-0000411,SO-000135,P04,2025-12-18,2025-12-19,2025-12-21,1075,Estes Express,2025-12-18,2025-02-17 16:00:00
SH-000412,SOL-0000412,SO-000136,P03,2025-12-28,2025-12-30,2026-01-01,2358,Estes Express,2025-12-28,2025-02-16 06:00:00
SH-000413,SOL-0000413,SO-000136,P03,2025-12-27,2025-12-30,2026-01-01,2703,Old Dominion,2025-12-27,2025-02-15 19:00:00
SH-000414,SOL-0000414,SO-000136,P03,2025-12-26,2025-12-27,2026-01-01,2300,Old Dominion,2025-12-26,2025-02-16 19:00:00
SH-000415,SOL-0000415,SO-000137,P04,2026-01-05,2026-01-10,2026-01-10,1709,Estes Express,2026-01-05,2025-02-16 09:00:00
SH-000416,SOL-0000416,SO-000137,P04,2026-01-06,2026-01-09,2026-01-10,1695,FedEx Freight,2026-01-06,2025-02-16 17:00:00
SH-000417,SOL-0000417,SO-000137,P04,2026-01-07,2026-01-08,2026-01-10,589,XPO Logistics,2026-01-07,2025-02-16 16:00:00
SH-000418,SOL-0000418,SO-000137,P04,2026-01-04,2026-01-12,2026-01-10,310,Kreate Fleet,2026-01-04,2025-02-15 17:00:00
SH-000419,SOL-0000419,SO-000138,P01,2026-01-11,2026-01-19,2026-01-15,429,Kreate Fleet,2026-01-11,2025-02-16 12:00:00
SH-000420,SOL-0000420,SO-000138,P01,2026-01-10,2026-01-13,2026-01-15,614,FedEx Freight,2026-01-10,2025-02-16 11:00:00
SH-000421,SOL-0000421,SO-000138,P01,2026-01-11,2026-01-19,2026-01-15,2941,Kreate Fleet,2026-01-11,2025-02-15 04:00:00
SH-000422,SOL-0000422,SO-000138,P01,2026-01-12,2026-01-14,2026-01-15,1325,Kreate Fleet,2026-01-12,2025-02-16 06:00:00
SH-000423,SOL-0000423,SO-000139,P03,2026-01-16,2026-01-18,2026-01-20,2011,FedEx Freight,2026-01-16,2025-02-17 03:00:00
SH-000424,SOL-0000424,SO-000139,P03,2026-01-15,2026-01-17,2026-01-20,1161,Old Dominion,2026-01-15,2025-02-17 21:00:00
SH-000425,SOL-0000425,SO-000140,P05,2026-01-25,2026-01-26,2026-01-29,764,Kreate Fleet,2026-01-25,2025-02-15 05:00:00
SH-000426,SOL-0000426,SO-000140,P05,2026-01-25,2026-01-26,2026-01-29,2475,XPO Logistics,2026-01-25,2025-02-16 09:00:00
SH-000427,SOL-0000427,SO-000140,P05,2026-01-24,2026-01-26,2026-01-29,2572,XPO Logistics,2026-01-24,2025-02-17 12:00:00
SH-000428,SOL-0000428,SO-000140,P05,2026-01-23,2026-01-24,2026-01-29,2241,Estes Express,2026-01-23,2025-02-15 18:00:00
SH-000429,SOL-0000429,SO-000141,P01,2026-01-26,2026-01-27,2026-02-01,1460,XPO Logistics,2026-01-26,2025-02-16 20:00:00
SH-000430,SOL-0000430,SO-000141,P01,2026-01-27,2026-01-30,2026-02-01,2992,Old Dominion,2026-01-27,2025-02-15 21:00:00
SH-000431,SOL-0000431,SO-000141,P01,2026-01-27,2026-01-28,2026-02-01,635,Estes Express,2026-01-27,2025-02-17 04:00:00
SH-000432,SOL-0000432,SO-000141,P01,2026-01-28,2026-01-30,2026-02-01,1386,FedEx Freight,2026-01-28,2025-02-17 20:00:00
SH-000433,SOL-0000433,SO-000142,P03,2026-02-05,2026-02-08,2026-02-10,766,FedEx Freight,2026-02-05,2025-02-17 05:00:00
SH-000434,SOL-0000434,SO-000142,P03,2026-02-07,2026-02-10,2026-02-10,516,Old Dominion,2026-02-07,2025-02-17 02:00:00
SH-000435,SOL-0000435,SO-000142,P03,2026-02-07,2026-02-09,2026-02-10,322,Estes Express,2026-02-07,2025-02-17 07:00:00
SH-000436,SOL-0000436,SO-000142,P03,2026-02-05,2026-02-10,2026-02-10,1497,Old Dominion,2026-02-05,2025-02-17 13:00:00
SH-000437,SOL-0000437,SO-000143,P01,2026-02-08,2026-02-11,2026-02-14,806,Estes Express,2026-02-08,2025-02-15 02:00:00
SH-000438,SOL-0000438,SO-000143,P01,2026-02-08,2026-02-10,2026-02-14,1330,Old Dominion,2026-02-08,2025-02-17 09:00:00
SH-000439,SOL-0000439,SO-000143,P01,2026-02-09,2026-02-10,2026-02-14,2595,FedEx Freight,2026-02-09,2025-02-17 06:00:00
SH-000440,SOL-0000440,SO-000144,P04,2026-02-16,2026-02-19,2026-02-22,534,Kreate Fleet,2026-02-16,2025-02-16 13:00:00
SH-000441,SOL-0000441,SO-000144,P04,2026-02-18,2026-02-20,2026-02-22,2494,XPO Logistics,2026-02-18,2025-02-15 02:00:00
SH-000442,SOL-0000442,SO-000145,P04,2026-02-26,2026-02-28,2026-03-01,2403,Kreate Fleet,2026-02-26,2025-02-17 13:00:00
SH-000443,SOL-0000443,SO-000145,P04,2026-02-26,2026-02-28,2026-03-01,1448,XPO Logistics,2026-02-26,2025-02-16 09:00:00
SH-000444,SOL-0000444,SO-000145,P04,2026-02-24,2026-02-25,2026-03-01,354,XPO Logistics,2026-02-24,2025-02-17 22:00:00
SH-000445,SOL-0000445,SO-000145,P04,2026-02-26,2026-03-01,2026-03-01,2359,FedEx Freight,2026-02-26,2025-02-17 02:00:00
SH-000446,SOL-0000446,SO-000146,P04,2026-03-07,2026-03-10,2026-03-10,1197,XPO Logistics,2026-03-07,2025-02-16 12:00:00
SH-000447,SOL-0000447,SO-000146,P04,2026-03-07,2026-03-09,2026-03-10,1421,Kreate Fleet,2026-03-07,2025-02-16 06:00:00
SH-000448,SOL-0000448,SO-000146,P04,2026-03-06,2026-03-14,2026-03-10,1304,FedEx Freight,2026-03-06,2025-02-15 00:00:00
SH-000449,SOL-0000449,SO-000146,P04,2026-03-04,2026-03-06,2026-03-10,1771,Old Dominion,2026-03-04,2025-02-15 19:00:00
SH-000450,SOL-0000450,SO-000147,P03,2026-03-17,2026-03-18,2026-03-20,406,FedEx Freight,2026-03-17,2025-02-15 09:00:00
SH-000451,SOL-0000451,SO-000147,P03,2026-03-14,2026-03-17,2026-03-20,2060,Old Dominion,2026-03-14,2025-02-16 03:00:00
SH-000452,SOL-0000452,SO-000147,P03,2026-03-14,2026-03-17,2026-03-20,2638,FedEx Freight,2026-03-14,2025-02-15 00:00:00
SH-000453,SOL-0000453,SO-000147,P03,2026-03-15,2026-03-18,2026-03-20,684,Estes Express,2026-03-15,2025-02-17 18:00:00
SH-000454,SOL-0000454,SO-000148,P04,2026-03-17,2026-03-24,2026-03-20,1721,FedEx Freight,2026-03-17,2025-02-17 07:00:00
SH-000455,SOL-0000455,SO-000148,P04,2026-03-15,2026-03-17,2026-03-20,1538,Kreate Fleet,2026-03-15,2025-02-16 06:00:00
SH-000456,SOL-0000456,SO-000148,P04,2026-03-14,2026-03-15,2026-03-20,1041,Old Dominion,2026-03-14,2025-02-16 02:00:00
SH-000457,SOL-0000457,SO-000149,P04,2026-03-22,2026-03-25,2026-03-26,1218,FedEx Freight,2026-03-22,2025-02-15 22:00:00
SH-000458,SOL-0000458,SO-000149,P04,2026-03-23,2026-03-24,2026-03-26,2604,XPO Logistics,2026-03-23,2025-02-16 14:00:00
SH-000459,SOL-0000459,SO-000150,P04,2026-03-30,2026-03-31,2026-04-04,1154,Old Dominion,2026-03-30,2025-02-17 13:00:00
SH-000460,SOL-0000460,SO-000150,P04,2026-03-31,2026-04-03,2026-04-04,343,Kreate Fleet,2026-03-31,2025-02-16 20:00:00
SH-000461,SOL-0000461,SO-000151,P01,2026-04-05,2026-04-06,2026-04-11,1591,Old Dominion,2026-04-18,2025-02-16 01:00:00
SH-000462,SOL-0000462,SO-000151,P01,2026-04-07,2026-04-09,2026-04-11,766,Kreate Fleet,2026-04-07,2025-02-17 14:00:00
SH-000463,SOL-0000463,SO-000151,P01,2026-04-06,2026-04-09,2026-04-11,1264,FedEx Freight,2026-04-06,2025-02-17 04:00:00
SH-000464,SOL-0000464,SO-000152,P05,2026-04-17,2026-04-19,2026-04-22,2719,Kreate Fleet,2026-04-17,2025-02-17 11:00:00
SH-000465,SOL-0000465,SO-000152,P05,2026-04-18,2026-04-21,2026-04-22,415,XPO Logistics,2026-04-18,2025-02-17 20:00:00
SH-000466,SOL-0000466,SO-000152,P05,2026-04-17,2026-04-18,2026-04-22,1750,XPO Logistics,2026-04-17,2025-02-17 20:00:00
SH-000467,SOL-0000467,SO-000153,P03,2026-04-16,2026-04-17,2026-04-21,857,Old Dominion,2026-04-16,2025-02-17 14:00:00
SH-000468,SOL-0000468,SO-000153,P03,2026-04-15,2026-04-17,2026-04-21,1356,XPO Logistics,2026-04-15,2025-02-15 01:00:00
SH-000469,SOL-0000469,SO-000153,P03,2026-04-15,2026-04-18,2026-04-21,213,Estes Express,2026-04-15,2025-02-16 07:00:00
SH-000470,SOL-0000470,SO-000153,P03,2026-04-15,2026-04-18,2026-04-21,1207,Estes Express,2026-04-15,2025-02-17 06:00:00
SH-000471,SOL-0000471,SO-000154,P02,2026-04-23,2026-04-25,2026-04-27,820,Old Dominion,2026-04-23,2025-02-17 02:00:00
SH-000472,SOL-0000472,SO-000154,P02,2026-04-21,2026-04-22,2026-04-27,1771,Old Dominion,2026-04-21,2025-02-16 17:00:00
SH-000473,SOL-0000473,SO-000154,P02,2026-04-22,2026-04-25,2026-04-27,799,FedEx Freight,2026-04-22,2025-02-16 17:00:00
SH-000474,SOL-0000474,SO-000154,P02,2026-04-22,2026-04-23,2026-04-27,1933,Estes Express,2026-04-22,2025-02-16 00:00:00
SH-000475,SOL-0000475,SO-000155,P02,2026-05-01,2026-05-04,2026-05-07,1609,XPO Logistics,2026-05-17,2025-02-16 14:00:00
SH-000476,SOL-0000476,SO-000155,P02,2026-05-04,2026-05-09,2026-05-07,676,Kreate Fleet,2026-05-12,2025-02-15 04:00:00
SH-000477,SOL-0000477,SO-000156,P05,2026-05-07,2026-05-08,2026-05-10,871,XPO Logistics,2026-05-07,2025-02-16 11:00:00
SH-000478,SOL-0000478,SO-000156,P05,2026-05-05,2026-05-14,2026-05-10,1133,FedEx Freight,2026-05-05,2025-02-15 20:00:00
SH-000479,SOL-0000479,SO-000156,P05,2026-05-07,2026-05-16,2026-05-10,1128,Kreate Fleet,2026-05-07,2025-02-17 11:00:00
SH-000480,SOL-0000480,SO-000157,P03,2026-05-15,2026-05-18,2026-05-20,630,Estes Express,2026-05-15,2025-02-17 04:00:00
SH-000481,SOL-0000481,SO-000157,P03,2026-05-14,2026-05-20,2026-05-20,1016,Estes Express,2026-05-14,2025-02-17 19:00:00
SH-000482,SOL-0000482,SO-000158,P01,2026-05-22,2026-05-25,2026-05-26,2486,Estes Express,2026-05-22,2025-02-17 18:00:00
SH-000483,SOL-0000483,SO-000158,P01,2026-05-22,2026-05-23,2026-05-26,1331,Estes Express,2026-05-22,2025-02-15 20:00:00
SH-000484,SOL-0000484,SO-000158,P01,2026-05-21,2026-05-23,2026-05-26,2829,Kreate Fleet,2026-05-21,2025-02-17 14:00:00
SH-000485,SOL-0000485,SO-000159,P01,2026-05-24,2026-05-26,2026-05-28,2643,XPO Logistics,2026-05-24,2025-02-16 16:00:00
SH-000486,SOL-0000486,SO-000159,P01,2026-05-22,2026-05-26,2026-05-28,379,Old Dominion,2026-05-22,2025-02-16 15:00:00
SH-000487,SOL-0000487,SO-000160,P01,2026-06-03,2026-06-05,2026-06-06,2615,XPO Logistics,2026-06-03,2025-02-16 21:00:00
SH-000488,SOL-0000488,SO-000160,P01,2026-06-01,2026-06-03,2026-06-06,2184,Estes Express,2026-06-01,2025-02-16 04:00:00
SH-000489,SOL-0000489,SO-000160,P01,2026-05-31,2026-06-02,2026-06-06,1754,XPO Logistics,2026-05-31,2025-02-16 02:00:00
SH-000490,SOL-0000490,SO-000161,P05,2026-06-14,2026-06-15,2026-06-18,1768,FedEx Freight,2026-06-14,2025-02-17 04:00:00
SH-000491,SOL-0000491,SO-000161,P05,2026-06-15,2026-06-18,2026-06-18,1020,Estes Express,2026-06-15,2025-02-16 15:00:00
SH-000492,SOL-0000492,SO-000162,P01,2026-06-17,2026-06-18,2026-06-20,2753,Estes Express,2026-06-17,2025-02-16 09:00:00
SH-000493,SOL-0000493,SO-000162,P01,2026-06-14,2026-06-19,2026-06-20,1601,XPO Logistics,2026-06-14,2025-02-17 19:00:00
SH-000494,SOL-0000494,SO-000162,P01,2026-06-16,2026-06-18,2026-06-20,2420,Kreate Fleet,2026-06-16,2025-02-17 20:00:00
SH-000495,SOL-0000495,SO-000163,P05,2025-01-07,2025-01-10,2025-01-11,1642,Kreate Fleet,2025-01-07,2025-02-17 20:00:00
SH-000496,SOL-0000496,SO-000163,P05,2025-01-07,2025-01-10,2025-01-11,2574,Old Dominion,2025-01-07,2025-02-16 19:00:00
SH-000497,SOL-0000497,SO-000164,P01,2025-01-16,2025-01-17,2025-01-21,1536,Old Dominion,2025-01-16,2025-02-15 17:00:00
SH-000498,SOL-0000498,SO-000164,P01,2025-01-15,2025-01-18,2025-01-21,486,XPO Logistics,2025-01-15,2025-02-15 05:00:00
SH-000499,SOL-0000499,SO-000164,P01,2025-01-15,2025-01-18,2025-01-21,890,Old Dominion,2025-01-15,2025-02-15 01:00:00
SH-000500,SOL-0000500,SO-000164,P01,2025-01-17,2025-01-18,2025-01-21,1359,XPO Logistics,2025-01-17,2025-02-17 18:00:00
SH-000501,SOL-0000501,SO-000165,P05,2025-01-22,2025-01-23,2025-01-28,2683,Estes Express,2025-01-22,2025-02-15 06:00:00
SH-000502,SOL-0000502,SO-000165,P05,2025-01-24,2025-01-25,2025-01-28,2520,Old Dominion,2025-02-03,2025-02-16 17:00:00
SH-000503,SOL-0000503,SO-000165,P05,2025-01-24,2025-01-25,2025-01-28,1584,Old Dominion,2025-01-24,2025-02-17 04:00:00
SH-000504,SOL-0000504,SO-000165,P05,2025-01-22,2025-01-23,2025-01-28,1338,Kreate Fleet,2025-02-03,2025-02-17 13:00:00
SH-000505,SOL-0000505,SO-000166,P01,2025-01-30,2025-02-06,2025-02-02,1275,Estes Express,2025-02-15,2025-02-16 01:00:00
SH-000506,SOL-0000506,SO-000166,P01,2025-01-30,2025-01-31,2025-02-02,2274,Old Dominion,2025-01-30,2025-02-15 16:00:00
SH-000507,SOL-0000507,SO-000166,P01,2025-01-29,2025-02-01,2025-02-02,973,Old Dominion,2025-01-29,2025-02-15 11:00:00
SH-000508,SOL-0000508,SO-000167,P01,2025-02-03,2025-02-07,2025-02-06,508,FedEx Freight,2025-02-03,2025-02-16 14:00:00
SH-000509,SOL-0000509,SO-000167,P01,2025-02-03,2025-02-05,2025-02-06,2066,XPO Logistics,2025-02-03,2025-02-15 02:00:00
SH-000510,SOL-0000510,SO-000167,P01,2025-02-01,2025-02-03,2025-02-06,253,FedEx Freight,2025-02-01,2025-02-15 09:00:00
SH-000511,SOL-0000511,SO-000167,P01,2025-01-31,2025-02-06,2025-02-06,2016,Estes Express,2025-01-31,2025-02-16 18:00:00
SH-000512,SOL-0000512,SO-000168,P03,2025-02-12,2025-02-15,2025-02-17,2419,Estes Express,2025-02-12,2025-02-17 19:00:00
SH-000513,SOL-0000513,SO-000168,P03,2025-02-11,2025-02-12,2025-02-17,1289,XPO Logistics,2025-02-24,2025-02-17 18:00:00
SH-000514,SOL-0000514,SO-000169,P03,2025-02-18,2025-02-21,2025-02-21,1642,Old Dominion,2025-02-18,2025-02-15 19:00:00
SH-000515,SOL-0000515,SO-000169,P03,2025-02-18,2025-02-21,2025-02-21,307,XPO Logistics,2025-02-18,2025-02-15 11:00:00
SH-000516,SOL-0000516,SO-000169,P03,2025-02-18,2025-02-19,2025-02-21,2251,Estes Express,2025-02-18,2025-02-15 16:00:00
SH-000517,SOL-0000517,SO-000169,P03,2025-02-17,2025-02-26,2025-02-21,2221,XPO Logistics,2025-02-17,2025-02-17 09:00:00
SH-000518,SOL-0000518,SO-000170,P01,2025-02-18,2025-02-19,2025-02-23,2506,XPO Logistics,2025-03-04,2025-02-15 14:00:00
SH-000519,SOL-0000519,SO-000170,P01,2025-02-19,2025-02-20,2025-02-23,1202,FedEx Freight,2025-02-19,2025-02-17 20:00:00
SH-000520,SOL-0000520,SO-000170,P01,2025-02-18,2025-02-19,2025-02-23,2563,Old Dominion,2025-02-18,2025-02-16 18:00:00
SH-000521,SOL-0000521,SO-000170,P01,2025-02-20,2025-02-21,2025-02-23,2936,FedEx Freight,2025-02-20,2025-02-17 07:00:00
SH-000522,SOL-0000522,SO-000171,P05,2025-03-04,2025-03-05,2025-03-07,201,Old Dominion,2025-03-04,2025-02-15 06:00:00
SH-000523,SOL-0000523,SO-000171,P05,2025-03-01,2025-03-04,2025-03-07,2249,Kreate Fleet,2025-03-01,2025-02-15 13:00:00
SH-000524,SOL-0000524,SO-000172,P05,2025-03-12,2025-03-14,2025-03-15,1180,Old Dominion,2025-03-12,2025-02-17 08:00:00
SH-000525,SOL-0000525,SO-000172,P05,2025-03-09,2025-03-11,2025-03-15,884,Estes Express,2025-03-22,2025-02-16 04:00:00
SH-000526,SOL-0000526,SO-000172,P05,2025-03-12,2025-03-13,2025-03-15,2762,Estes Express,2025-03-12,2025-02-16 13:00:00
SH-000527,SOL-0000527,SO-000173,P02,2025-03-18,2025-03-20,2025-03-23,2547,FedEx Freight,2025-03-18,2025-02-15 09:00:00
SH-000528,SOL-0000528,SO-000173,P02,2025-03-18,2025-03-20,2025-03-23,1556,XPO Logistics,2025-03-18,2025-02-15 18:00:00
SH-000529,SOL-0000529,SO-000174,P01,2025-03-25,2025-03-26,2025-03-30,2414,Old Dominion,2025-03-25,2025-02-15 04:00:00
SH-000530,SOL-0000530,SO-000174,P01,2025-03-24,2025-03-27,2025-03-30,572,Estes Express,2025-03-24,2025-02-15 21:00:00
SH-000531,SOL-0000531,SO-000174,P01,2025-03-26,2025-03-29,2025-03-30,1701,FedEx Freight,2025-03-26,2025-02-17 06:00:00
SH-000532,SOL-0000532,SO-000175,P04,2025-03-26,2025-03-29,2025-03-29,2075,Estes Express,2025-03-26,2025-02-16 07:00:00
SH-000533,SOL-0000533,SO-000175,P04,2025-03-23,2025-03-24,2025-03-29,2373,Old Dominion,2025-04-05,2025-02-15 05:00:00
SH-000534,SOL-0000534,SO-000175,P04,2025-03-23,2025-03-25,2025-03-29,2856,XPO Logistics,2025-03-23,2025-02-17 14:00:00
SH-000535,SOL-0000535,SO-000175,P04,2025-03-26,2025-03-28,2025-03-29,2349,Estes Express,2025-03-26,2025-02-17 00:00:00
SH-000536,SOL-0000536,SO-000176,P05,2025-03-31,2025-04-03,2025-04-06,2330,FedEx Freight,2025-03-31,2025-02-15 13:00:00
SH-000537,SOL-0000537,SO-000176,P05,2025-04-02,2025-04-05,2025-04-06,449,Kreate Fleet,2025-04-02,2025-02-16 15:00:00
SH-000538,SOL-0000538,SO-000176,P05,2025-04-03,2025-04-06,2025-04-06,1876,Kreate Fleet,2025-04-03,2025-02-17 05:00:00
SH-000539,SOL-0000539,SO-000176,P05,2025-03-31,2025-04-02,2025-04-06,2726,Kreate Fleet,2025-03-31,2025-02-17 18:00:00
SH-000540,SOL-0000540,SO-000177,P05,2025-04-06,2025-04-07,2025-04-11,1634,FedEx Freight,2025-04-06,2025-02-15 12:00:00
SH-000541,SOL-0000541,SO-000177,P05,2025-04-08,2025-04-11,2025-04-11,2157,Old Dominion,2025-04-23,2025-02-16 17:00:00
SH-000542,SOL-0000542,SO-000177,P05,2025-04-05,2025-04-11,2025-04-11,1849,Estes Express,2025-04-05,2025-02-17 13:00:00
SH-000543,SOL-0000543,SO-000178,P04,2025-04-17,2025-04-20,2025-04-20,1211,FedEx Freight,2025-04-17,2025-02-16 19:00:00
SH-000544,SOL-0000544,SO-000178,P04,2025-04-14,2025-04-15,2025-04-20,874,Estes Express,2025-04-14,2025-02-17 16:00:00
SH-000545,SOL-0000545,SO-000178,P04,2025-04-16,2025-04-19,2025-04-20,705,Old Dominion,2025-04-16,2025-02-15 01:00:00
SH-000546,SOL-0000546,SO-000179,P02,2025-04-26,2025-04-29,2025-04-29,2509,Old Dominion,2025-04-26,2025-02-17 19:00:00
SH-000547,SOL-0000547,SO-000179,P02,2025-04-24,2025-04-26,2025-04-29,814,XPO Logistics,2025-04-24,2025-02-15 08:00:00
SH-000548,SOL-0000548,SO-000179,P02,2025-04-26,2025-04-28,2025-04-29,2439,Kreate Fleet,2025-04-26,2025-02-16 20:00:00
SH-000549,SOL-0000549,SO-000180,P04,2025-05-03,2025-05-08,2025-05-07,2890,XPO Logistics,2025-05-03,2025-02-16 16:00:00
SH-000550,SOL-0000550,SO-000180,P04,2025-05-01,2025-05-04,2025-05-07,860,Old Dominion,2025-05-01,2025-02-15 06:00:00
SH-000551,SOL-0000551,SO-000180,P04,2025-05-03,2025-05-06,2025-05-07,2815,XPO Logistics,2025-05-03,2025-02-17 01:00:00
SH-000552,SOL-0000552,SO-000180,P04,2025-05-01,2025-05-03,2025-05-07,539,Old Dominion,2025-05-01,2025-02-16 21:00:00
SH-000553,SOL-0000553,SO-000181,P05,2025-05-12,2025-05-13,2025-05-16,1349,FedEx Freight,2025-05-12,2025-02-17 21:00:00
SH-000554,SOL-0000554,SO-000181,P05,2025-05-11,2025-05-15,2025-05-16,391,Estes Express,2025-05-11,2025-02-16 08:00:00
SH-000555,SOL-0000555,SO-000181,P05,2025-05-11,2025-05-12,2025-05-16,2056,FedEx Freight,2025-05-11,2025-02-17 09:00:00
SH-000556,SOL-0000556,SO-000181,P05,2025-05-13,2025-05-15,2025-05-16,2060,Old Dominion,2025-05-13,2025-02-15 14:00:00
SH-000557,SOL-0000557,SO-000182,P04,2025-05-12,2025-05-13,2025-05-15,2294,Estes Express,2025-05-12,2025-02-16 17:00:00
SH-000558,SOL-0000558,SO-000182,P04,2025-05-12,2025-05-13,2025-05-15,2896,XPO Logistics,2025-05-12,2025-02-15 12:00:00
SH-000559,SOL-0000559,SO-000182,P04,2025-05-10,2025-05-13,2025-05-15,1697,Old Dominion,2025-05-10,2025-02-15 18:00:00
SH-000560,SOL-0000560,SO-000183,P03,2025-05-25,2025-05-28,2025-05-28,2299,FedEx Freight,2025-05-25,2025-02-15 21:00:00
SH-000561,SOL-0000561,SO-000183,P03,2025-05-24,2025-05-27,2025-05-28,2953,FedEx Freight,2025-05-24,2025-02-16 01:00:00
SH-000562,SOL-0000562,SO-000183,P03,2025-05-23,2025-05-25,2025-05-28,226,XPO Logistics,2025-05-23,2025-02-16 15:00:00
SH-000563,SOL-0000563,SO-000184,P05,2025-05-30,2025-06-01,2025-06-05,1923,Old Dominion,2025-05-30,2025-02-16 12:00:00
SH-000564,SOL-0000564,SO-000184,P05,2025-06-01,2025-06-02,2025-06-05,797,Estes Express,2025-06-01,2025-02-17 18:00:00
SH-000565,SOL-0000565,SO-000185,P03,2025-06-06,2025-06-11,2025-06-12,2755,XPO Logistics,2025-06-06,2025-02-15 08:00:00
SH-000566,SOL-0000566,SO-000185,P03,2025-06-07,2025-06-16,2025-06-12,390,Kreate Fleet,2025-06-07,2025-02-16 05:00:00
SH-000567,SOL-0000567,SO-000185,P03,2025-06-07,2025-06-13,2025-06-12,870,XPO Logistics,2025-06-07,2025-02-16 00:00:00
SH-000568,SOL-0000568,SO-000185,P03,2025-06-09,2025-06-12,2025-06-12,1312,Old Dominion,2025-06-09,2025-02-16 17:00:00
SH-000569,SOL-0000569,SO-000186,P03,2025-06-12,2025-06-13,2025-06-18,1958,Estes Express,2025-06-12,2025-02-17 15:00:00
SH-000570,SOL-0000570,SO-000186,P03,2025-06-14,2025-06-15,2025-06-18,2242,XPO Logistics,2025-06-14,2025-02-17 06:00:00
SH-000571,SOL-0000571,SO-000186,P03,2025-06-14,2025-06-18,2025-06-18,2700,Estes Express,2025-06-14,2025-02-16 11:00:00
SH-000572,SOL-0000572,SO-000187,P04,2025-06-17,2025-06-26,2025-06-21,1798,FedEx Freight,2025-06-17,2025-02-16 15:00:00
SH-000573,SOL-0000573,SO-000187,P04,2025-06-16,2025-06-19,2025-06-21,2705,Old Dominion,2025-06-23,2025-02-15 22:00:00
SH-000574,SOL-0000574,SO-000187,P04,2025-06-15,2025-06-16,2025-06-21,2673,Kreate Fleet,2025-06-15,2025-02-16 12:00:00
SH-000575,SOL-0000575,SO-000187,P04,2025-06-17,2025-06-19,2025-06-21,889,Kreate Fleet,2025-06-17,2025-02-16 02:00:00
SH-000576,SOL-0000576,SO-000188,P05,2025-06-26,2025-06-27,2025-06-30,2123,Estes Express,2025-06-26,2025-02-15 17:00:00
SH-000577,SOL-0000577,SO-000188,P05,2025-06-24,2025-06-27,2025-06-30,2054,XPO Logistics,2025-06-24,2025-02-16 09:00:00
SH-000578,SOL-0000578,SO-000188,P05,2025-06-27,2025-06-29,2025-06-30,1232,FedEx Freight,2025-07-05,2025-02-15 06:00:00
SH-000579,SOL-0000579,SO-000188,P05,2025-06-26,2025-06-29,2025-06-30,2454,Estes Express,2025-06-26,2025-02-15 05:00:00
SH-000580,SOL-0000580,SO-000189,P03,2025-07-01,2025-07-04,2025-07-07,137,XPO Logistics,2025-07-01,2025-02-15 00:00:00
SH-000581,SOL-0000581,SO-000189,P03,2025-07-03,2025-07-05,2025-07-07,818,XPO Logistics,2025-07-03,2025-02-17 04:00:00
SH-000582,SOL-0000582,SO-000189,P03,2025-07-04,2025-07-05,2025-07-07,2277,XPO Logistics,2025-07-04,2025-02-17 21:00:00
SH-000583,SOL-0000583,SO-000190,P02,2025-07-08,2025-07-10,2025-07-14,1634,XPO Logistics,2025-07-08,2025-02-16 04:00:00
SH-000584,SOL-0000584,SO-000190,P02,2025-07-08,2025-07-11,2025-07-14,553,Old Dominion,2025-07-27,2025-02-17 02:00:00
SH-000585,SOL-0000585,SO-000190,P02,2025-07-09,2025-07-10,2025-07-14,2085,Old Dominion,2025-07-09,2025-02-17 09:00:00
SH-000586,SOL-0000586,SO-000191,P04,2025-07-13,2025-07-14,2025-07-16,492,FedEx Freight,2025-07-13,2025-02-15 16:00:00
SH-000587,SOL-0000587,SO-000191,P04,2025-07-13,2025-07-16,2025-07-16,2284,XPO Logistics,2025-07-13,2025-02-15 06:00:00
SH-000588,SOL-0000588,SO-000192,P01,2025-07-23,2025-07-25,2025-07-26,536,XPO Logistics,2025-07-23,2025-02-15 16:00:00
SH-000589,SOL-0000589,SO-000192,P01,2025-07-20,2025-07-21,2025-07-26,1763,Old Dominion,2025-07-20,2025-02-16 02:00:00
SH-000590,SOL-0000590,SO-000192,P01,2025-07-23,2025-07-25,2025-07-26,2711,Estes Express,2025-07-23,2025-02-15 13:00:00
SH-000591,SOL-0000591,SO-000192,P01,2025-07-20,2025-07-28,2025-07-26,588,FedEx Freight,2025-07-20,2025-02-15 07:00:00
SH-000592,SOL-0000592,SO-000193,P03,2025-07-28,2025-07-31,2025-08-03,2316,Kreate Fleet,2025-07-28,2025-02-16 08:00:00
SH-000593,SOL-0000593,SO-000193,P03,2025-07-31,2025-08-03,2025-08-03,1621,FedEx Freight,2025-07-31,2025-02-15 03:00:00
SH-000594,SOL-0000594,SO-000194,P01,2025-07-31,2025-08-01,2025-08-06,1568,Estes Express,2025-07-31,2025-02-16 00:00:00
SH-000595,SOL-0000595,SO-000194,P01,2025-08-01,2025-08-03,2025-08-06,1464,XPO Logistics,2025-08-01,2025-02-16 20:00:00
SH-000596,SOL-0000596,SO-000194,P01,2025-08-01,2025-08-04,2025-08-06,2722,FedEx Freight,2025-08-01,2025-02-15 02:00:00
SH-000597,SOL-0000597,SO-000194,P01,2025-08-01,2025-08-03,2025-08-06,2017,FedEx Freight,2025-08-01,2025-02-17 11:00:00
SH-000598,SOL-0000598,SO-000195,P01,2025-08-15,2025-08-17,2025-08-19,2068,FedEx Freight,2025-08-15,2025-02-17 05:00:00
SH-000599,SOL-0000599,SO-000195,P01,2025-08-16,2025-08-19,2025-08-19,1181,FedEx Freight,2025-09-01,2025-02-15 19:00:00
SH-000600,SOL-0000600,SO-000195,P01,2025-08-16,2025-08-19,2025-08-19,2287,XPO Logistics,2025-08-16,2025-02-17 01:00:00
SH-000601,SOL-0000601,SO-000196,P03,2025-08-24,2025-08-27,2025-08-28,1585,XPO Logistics,2025-08-24,2025-02-16 08:00:00
SH-000602,SOL-0000602,SO-000196,P03,2025-08-23,2025-08-25,2025-08-28,1357,XPO Logistics,2025-08-23,2025-02-16 11:00:00
SH-000603,SOL-0000603,SO-000196,P03,2025-08-22,2025-08-25,2025-08-28,325,Old Dominion,2025-08-22,2025-02-15 02:00:00
SH-000604,SOL-0000604,SO-000196,P03,2025-08-23,2025-08-25,2025-08-28,744,Old Dominion,2025-08-23,2025-02-17 04:00:00
SH-000605,SOL-0000605,SO-000197,P02,2025-09-03,2025-09-11,2025-09-06,350,Kreate Fleet,2025-09-03,2025-02-15 08:00:00
SH-000606,SOL-0000606,SO-000197,P02,2025-09-03,2025-09-06,2025-09-06,1214,FedEx Freight,2025-09-03,2025-02-16 08:00:00
SH-000607,SOL-0000607,SO-000198,P05,2025-09-05,2025-09-06,2025-09-08,2941,XPO Logistics,2025-09-05,2025-02-16 11:00:00
SH-000608,SOL-0000608,SO-000198,P05,2025-09-05,2025-09-07,2025-09-08,2236,Old Dominion,2025-09-05,2025-02-16 14:00:00
SH-000609,SOL-0000609,SO-000198,P05,2025-09-04,2025-09-07,2025-09-08,1179,Kreate Fleet,2025-09-04,2025-02-16 08:00:00
SH-000610,SOL-0000610,SO-000199,P05,2025-09-12,2025-09-16,2025-09-15,2161,Kreate Fleet,2025-09-12,2025-02-15 01:00:00
SH-000611,SOL-0000611,SO-000199,P05,2025-09-11,2025-09-13,2025-09-15,1428,Old Dominion,2025-09-11,2025-02-16 21:00:00
SH-000612,SOL-0000612,SO-000200,P01,2025-09-17,2025-09-25,2025-09-20,2773,Kreate Fleet,2025-09-17,2025-02-15 15:00:00
SH-000613,SOL-0000613,SO-000200,P01,2025-09-14,2025-09-17,2025-09-20,1370,Old Dominion,2025-09-14,2025-02-16 19:00:00
SH-000614,SOL-0000614,SO-000201,P03,2025-09-24,2025-09-27,2025-09-29,309,XPO Logistics,2025-09-24,2025-02-16 00:00:00
SH-000615,SOL-0000615,SO-000201,P03,2025-09-26,2025-09-28,2025-09-29,2876,FedEx Freight,2025-09-26,2025-02-17 03:00:00
SH-000616,SOL-0000616,SO-000201,P03,2025-09-26,2025-09-28,2025-09-29,2505,FedEx Freight,2025-09-26,2025-02-16 15:00:00
SH-000617,SOL-0000617,SO-000202,P03,2025-10-08,2025-10-10,2025-10-11,1929,FedEx Freight,2025-10-08,2025-02-16 02:00:00
SH-000618,SOL-0000618,SO-000202,P03,2025-10-06,2025-10-07,2025-10-11,1274,Kreate Fleet,2025-10-06,2025-02-15 14:00:00
SH-000619,SOL-0000619,SO-000203,P01,2025-10-09,2025-10-12,2025-10-13,599,FedEx Freight,2025-10-09,2025-02-17 22:00:00
SH-000620,SOL-0000620,SO-000203,P01,2025-10-08,2025-10-18,2025-10-13,2524,Old Dominion,2025-10-08,2025-02-16 10:00:00
SH-000621,SOL-0000621,SO-000204,P04,2025-10-16,2025-10-17,2025-10-21,2157,Kreate Fleet,2025-10-16,2025-02-17 05:00:00
SH-000622,SOL-0000622,SO-000204,P04,2025-10-15,2025-10-17,2025-10-21,1876,Old Dominion,2025-10-15,2025-02-15 22:00:00
SH-000623,SOL-0000623,SO-000204,P04,2025-10-17,2025-10-18,2025-10-21,2016,Kreate Fleet,2025-10-17,2025-02-15 07:00:00
SH-000624,SOL-0000624,SO-000205,P03,2025-10-27,2025-10-29,2025-10-30,615,FedEx Freight,2025-10-27,2025-02-16 15:00:00
SH-000625,SOL-0000625,SO-000205,P03,2025-10-26,2025-10-28,2025-10-30,1831,Kreate Fleet,2025-10-26,2025-02-15 05:00:00
SH-000626,SOL-0000626,SO-000205,P03,2025-10-25,2025-10-26,2025-10-30,633,Kreate Fleet,2025-10-25,2025-02-16 10:00:00
SH-000627,SOL-0000627,SO-000206,P05,2025-10-30,2025-11-05,2025-11-05,435,FedEx Freight,2025-10-30,2025-02-15 18:00:00
SH-000628,SOL-0000628,SO-000206,P05,2025-11-01,2025-11-03,2025-11-05,687,Estes Express,2025-11-01,2025-02-16 19:00:00
SH-000629,SOL-0000629,SO-000206,P05,2025-11-02,2025-11-03,2025-11-05,2684,FedEx Freight,2025-11-02,2025-02-17 00:00:00
SH-000630,SOL-0000630,SO-000206,P05,2025-10-31,2025-11-03,2025-11-05,1023,FedEx Freight,2025-10-31,2025-02-15 11:00:00
SH-000631,SOL-0000631,SO-000207,P01,2025-11-13,2025-11-16,2025-11-17,1438,Old Dominion,2025-11-13,2025-02-16 12:00:00
SH-000632,SOL-0000632,SO-000207,P01,2025-11-11,2025-11-19,2025-11-17,1206,Old Dominion,2025-11-11,2025-02-16 11:00:00
SH-000633,SOL-0000633,SO-000207,P01,2025-11-14,2025-11-17,2025-11-17,2502,XPO Logistics,2025-11-14,2025-02-17 08:00:00
SH-000634,SOL-0000634,SO-000208,P02,2025-11-19,2025-11-20,2025-11-22,2566,Old Dominion,2025-11-19,2025-02-17 15:00:00
SH-000635,SOL-0000635,SO-000208,P02,2025-11-16,2025-11-17,2025-11-22,685,Estes Express,2025-11-16,2025-02-15 20:00:00
SH-000636,SOL-0000636,SO-000209,P03,2025-11-25,2025-11-26,2025-11-28,1074,FedEx Freight,2025-11-25,2025-02-16 09:00:00
SH-000637,SOL-0000637,SO-000209,P03,2025-11-25,2025-11-28,2025-11-28,1502,Old Dominion,2025-11-25,2025-02-17 07:00:00
SH-000638,SOL-0000638,SO-000210,P04,2025-11-26,2025-11-27,2025-12-02,1227,Kreate Fleet,2025-11-26,2025-02-15 00:00:00
SH-000639,SOL-0000639,SO-000210,P04,2025-11-29,2025-12-01,2025-12-02,1203,FedEx Freight,2025-11-29,2025-02-15 16:00:00
SH-000640,SOL-0000640,SO-000210,P04,2025-11-29,2025-12-02,2025-12-02,1847,XPO Logistics,2025-11-29,2025-02-15 03:00:00
SH-000641,SOL-0000641,SO-000210,P04,2025-11-28,2025-11-29,2025-12-02,323,Old Dominion,2025-11-28,2025-02-15 01:00:00
SH-000642,SOL-0000642,SO-000211,P04,2025-12-07,2025-12-08,2025-12-11,866,XPO Logistics,2025-12-07,2025-02-17 11:00:00
SH-000643,SOL-0000643,SO-000211,P04,2025-12-08,2025-12-11,2025-12-11,337,FedEx Freight,2025-12-08,2025-02-16 14:00:00
SH-000644,SOL-0000644,SO-000211,P04,2025-12-06,2025-12-11,2025-12-11,2549,Estes Express,2025-12-06,2025-02-16 07:00:00
SH-000645,SOL-0000645,SO-000211,P04,2025-12-08,2025-12-09,2025-12-11,1973,XPO Logistics,2025-12-08,2025-02-15 18:00:00
SH-000646,SOL-0000646,SO-000212,P02,2025-12-12,2025-12-14,2025-12-18,2700,XPO Logistics,2025-12-12,2025-02-15 16:00:00
SH-000647,SOL-0000647,SO-000212,P02,2025-12-12,2025-12-15,2025-12-18,1445,Old Dominion,2025-12-12,2025-02-17 03:00:00
SH-000648,SOL-0000648,SO-000213,P05,2025-12-20,2025-12-21,2025-12-26,734,Kreate Fleet,2025-12-20,2025-02-16 02:00:00
SH-000649,SOL-0000649,SO-000213,P05,2025-12-23,2025-12-24,2025-12-26,2527,Old Dominion,2025-12-23,2025-02-15 07:00:00
SH-000650,SOL-0000650,SO-000213,P05,2025-12-21,2025-12-24,2025-12-26,314,Estes Express,2025-12-21,2025-02-17 17:00:00
SH-000651,SOL-0000651,SO-000214,P02,2025-12-26,2025-12-29,2025-12-30,1685,Old Dominion,2025-12-26,2025-02-16 10:00:00
SH-000652,SOL-0000652,SO-000214,P02,2025-12-25,2025-12-27,2025-12-30,483,Estes Express,2025-12-25,2025-02-17 21:00:00
SH-000653,SOL-0000653,SO-000214,P02,2025-12-27,2025-12-30,2025-12-30,1157,Old Dominion,2025-12-27,2025-02-15 18:00:00
SH-000654,SOL-0000654,SO-000214,P02,2025-12-24,2025-12-27,2025-12-30,484,Old Dominion,2025-12-24,2025-02-16 10:00:00
SH-000655,SOL-0000655,SO-000215,P05,2026-01-06,2026-01-08,2026-01-11,2267,XPO Logistics,2026-01-06,2025-02-15 17:00:00
SH-000656,SOL-0000656,SO-000215,P05,2026-01-08,2026-01-11,2026-01-11,348,Kreate Fleet,2026-01-08,2025-02-17 16:00:00
SH-000657,SOL-0000657,SO-000216,P05,2026-01-07,2026-01-10,2026-01-12,881,FedEx Freight,2026-01-07,2025-02-17 00:00:00
SH-000658,SOL-0000658,SO-000216,P05,2026-01-08,2026-01-11,2026-01-12,1429,FedEx Freight,2026-01-08,2025-02-15 21:00:00
SH-000659,SOL-0000659,SO-000217,P04,2026-01-09,2026-01-12,2026-01-14,1171,Kreate Fleet,2026-01-09,2025-02-17 01:00:00
SH-000660,SOL-0000660,SO-000217,P04,2026-01-11,2026-01-13,2026-01-14,1611,XPO Logistics,2026-01-11,2025-02-17 17:00:00
SH-000661,SOL-0000661,SO-000218,P03,2026-01-22,2026-01-25,2026-01-26,219,Estes Express,2026-01-22,2025-02-15 04:00:00
SH-000662,SOL-0000662,SO-000218,P03,2026-01-22,2026-01-25,2026-01-26,449,Estes Express,2026-01-22,2025-02-16 05:00:00
SH-000663,SOL-0000663,SO-000219,P03,2026-02-01,2026-02-02,2026-02-07,1771,XPO Logistics,2026-02-10,2025-02-15 07:00:00
SH-000664,SOL-0000664,SO-000219,P03,2026-02-04,2026-02-07,2026-02-07,590,Old Dominion,2026-02-04,2025-02-17 01:00:00
SH-000665,SOL-0000665,SO-000220,P03,2026-02-03,2026-02-05,2026-02-07,1784,Kreate Fleet,2026-02-03,2025-02-16 20:00:00
SH-000666,SOL-0000666,SO-000220,P03,2026-02-04,2026-02-10,2026-02-07,2913,XPO Logistics,2026-02-15,2025-02-15 15:00:00
SH-000667,SOL-0000667,SO-000220,P03,2026-02-03,2026-02-05,2026-02-07,1154,XPO Logistics,2026-02-03,2025-02-15 16:00:00
SH-000668,SOL-0000668,SO-000220,P03,2026-02-01,2026-02-03,2026-02-07,1324,Old Dominion,2026-02-01,2025-02-17 02:00:00
SH-000669,SOL-0000669,SO-000221,P02,2026-02-11,2026-02-20,2026-02-16,2109,FedEx Freight,2026-02-11,2025-02-17 18:00:00
SH-000670,SOL-0000670,SO-000221,P02,2026-02-13,2026-02-15,2026-02-16,2060,Estes Express,2026-02-13,2025-02-15 11:00:00
SH-000671,SOL-0000671,SO-000222,P03,2026-02-12,2026-02-14,2026-02-17,1520,XPO Logistics,2026-02-12,2025-02-15 16:00:00
SH-000672,SOL-0000672,SO-000222,P03,2026-02-14,2026-02-16,2026-02-17,989,XPO Logistics,2026-02-14,2025-02-16 21:00:00
SH-000673,SOL-0000673,SO-000223,P01,2026-02-23,2026-02-25,2026-02-27,1229,Kreate Fleet,2026-02-23,2025-02-15 08:00:00
SH-000674,SOL-0000674,SO-000223,P01,2026-02-24,2026-02-25,2026-02-27,2860,FedEx Freight,2026-02-24,2025-02-16 20:00:00
SH-000675,SOL-0000675,SO-000223,P01,2026-02-24,2026-03-03,2026-02-27,1391,FedEx Freight,2026-02-24,2025-02-17 04:00:00
SH-000676,SOL-0000676,SO-000223,P01,2026-02-22,2026-02-25,2026-02-27,2909,Old Dominion,2026-02-22,2025-02-15 00:00:00
SH-000677,SOL-0000677,SO-000224,P04,2026-02-28,2026-03-02,2026-03-05,606,Old Dominion,2026-02-28,2025-02-17 07:00:00
SH-000678,SOL-0000678,SO-000224,P04,2026-02-27,2026-02-28,2026-03-05,1330,Kreate Fleet,2026-02-27,2025-02-17 18:00:00
SH-000679,SOL-0000679,SO-000225,P02,2026-03-13,2026-03-14,2026-03-18,1017,Estes Express,2026-03-13,2025-02-16 15:00:00
SH-000680,SOL-0000680,SO-000225,P02,2026-03-12,2026-03-14,2026-03-18,2960,Estes Express,2026-03-12,2025-02-16 12:00:00
SH-000681,SOL-0000681,SO-000225,P02,2026-03-12,2026-03-14,2026-03-18,2176,FedEx Freight,2026-03-12,2025-02-16 11:00:00
SH-000682,SOL-0000682,SO-000226,P01,2026-03-21,2026-03-23,2026-03-27,2556,FedEx Freight,2026-03-21,2025-02-17 22:00:00
SH-000683,SOL-0000683,SO-000226,P01,2026-03-22,2026-03-25,2026-03-27,772,FedEx Freight,2026-03-22,2025-02-15 09:00:00
SH-000684,SOL-0000684,SO-000227,P03,2026-03-26,2026-04-05,2026-03-29,433,Estes Express,2026-03-26,2025-02-15 04:00:00
SH-000685,SOL-0000685,SO-000227,P03,2026-03-23,2026-03-26,2026-03-29,2887,Kreate Fleet,2026-03-23,2025-02-16 02:00:00
SH-000686,SOL-0000686,SO-000227,P03,2026-03-26,2026-03-30,2026-03-29,1535,Kreate Fleet,2026-03-26,2025-02-17 10:00:00
SH-000687,SOL-0000687,SO-000228,P02,2026-04-05,2026-04-07,2026-04-09,1760,Kreate Fleet,2026-04-05,2025-02-17 02:00:00
SH-000688,SOL-0000688,SO-000228,P02,2026-04-06,2026-04-07,2026-04-09,1117,Kreate Fleet,2026-04-06,2025-02-17 20:00:00
SH-000689,SOL-0000689,SO-000229,P03,2026-04-03,2026-04-06,2026-04-09,1050,Old Dominion,2026-04-03,2025-02-17 05:00:00
SH-000690,SOL-0000690,SO-000229,P03,2026-04-06,2026-04-07,2026-04-09,1340,Kreate Fleet,2026-04-06,2025-02-16 18:00:00
SH-000691,SOL-0000691,SO-000229,P03,2026-04-04,2026-04-05,2026-04-09,295,FedEx Freight,2026-04-04,2025-02-15 13:00:00
SH-000692,SOL-0000692,SO-000230,P04,2026-04-12,2026-04-14,2026-04-17,327,FedEx Freight,2026-04-17,2025-02-16 07:00:00
SH-000693,SOL-0000693,SO-000230,P04,2026-04-13,2026-04-15,2026-04-17,335,XPO Logistics,2026-04-13,2025-02-15 12:00:00
SH-000694,SOL-0000694,SO-000231,P03,2026-04-23,2026-04-30,2026-04-26,984,Kreate Fleet,2026-04-23,2025-02-17 02:00:00
SH-000695,SOL-0000695,SO-000231,P03,2026-04-20,2026-04-23,2026-04-26,222,Old Dominion,2026-04-20,2025-02-17 15:00:00
SH-000696,SOL-0000696,SO-000231,P03,2026-04-21,2026-04-23,2026-04-26,460,Estes Express,2026-04-21,2025-02-17 09:00:00
SH-000697,SOL-0000697,SO-000231,P03,2026-04-20,2026-04-22,2026-04-26,2371,FedEx Freight,2026-04-20,2025-02-17 01:00:00
SH-000698,SOL-0000698,SO-000232,P05,2026-04-29,2026-05-01,2026-05-03,1832,XPO Logistics,2026-04-29,2025-02-17 16:00:00
SH-000699,SOL-0000699,SO-000232,P05,2026-04-29,2026-05-02,2026-05-03,2807,Kreate Fleet,2026-04-29,2025-02-17 22:00:00
SH-000700,SOL-0000700,SO-000232,P05,2026-04-27,2026-04-28,2026-05-03,1535,Estes Express,2026-04-27,2025-02-17 02:00:00
SH-000701,SOL-0000701,SO-000233,P04,2026-05-06,2026-05-08,2026-05-09,1089,XPO Logistics,2026-05-06,2025-02-15 19:00:00
SH-000702,SOL-0000702,SO-000233,P04,2026-05-04,2026-05-05,2026-05-09,703,Estes Express,2026-05-04,2025-02-17 16:00:00
SH-000703,SOL-0000703,SO-000233,P04,2026-05-04,2026-05-05,2026-05-09,730,FedEx Freight,2026-05-04,2025-02-16 05:00:00
SH-000704,SOL-0000704,SO-000234,P01,2026-05-13,2026-05-16,2026-05-17,1456,FedEx Freight,2026-05-18,2025-02-17 11:00:00
SH-000705,SOL-0000705,SO-000234,P01,2026-05-13,2026-05-15,2026-05-17,759,FedEx Freight,2026-05-13,2025-02-15 09:00:00
SH-000706,SOL-0000706,SO-000234,P01,2026-05-14,2026-05-17,2026-05-17,1415,Estes Express,2026-05-14,2025-02-17 04:00:00
SH-000707,SOL-0000707,SO-000235,P02,2026-05-20,2026-05-23,2026-05-26,958,Old Dominion,2026-05-20,2025-02-15 12:00:00
SH-000708,SOL-0000708,SO-000235,P02,2026-05-21,2026-05-23,2026-05-26,730,FedEx Freight,2026-05-21,2025-02-16 04:00:00
SH-000709,SOL-0000709,SO-000235,P02,2026-05-21,2026-05-23,2026-05-26,1743,FedEx Freight,2026-05-21,2025-02-15 14:00:00
SH-000710,SOL-0000710,SO-000236,P05,2026-05-27,2026-06-05,2026-05-30,915,Estes Express,2026-05-27,2025-02-17 14:00:00
SH-000711,SOL-0000711,SO-000236,P05,2026-05-24,2026-05-26,2026-05-30,895,Estes Express,2026-05-24,2025-02-16 08:00:00
SH-000712,SOL-0000712,SO-000237,P05,2026-06-06,2026-06-12,2026-06-09,1554,FedEx Freight,2026-06-06,2025-02-16 02:00:00
SH-000713,SOL-0000713,SO-000237,P05,2026-06-03,2026-06-06,2026-06-09,382,Kreate Fleet,2026-06-03,2025-02-16 22:00:00
SH-000714,SOL-0000714,SO-000237,P05,2026-06-03,2026-06-11,2026-06-09,2878,Old Dominion,2026-06-03,2025-02-16 21:00:00
SH-000715,SOL-0000715,SO-000237,P05,2026-06-04,2026-06-05,2026-06-09,533,Kreate Fleet,2026-06-04,2025-02-17 21:00:00
SH-000716,SOL-0000716,SO-000238,P02,2026-06-10,2026-06-20,2026-06-14,1603,FedEx Freight,2026-06-10,2025-02-15 07:00:00
SH-000717,SOL-0000717,SO-000238,P02,2026-06-09,2026-06-10,2026-06-14,2154,FedEx Freight,2026-06-09,2025-02-15 05:00:00
SH-000718,SOL-0000718,SO-000238,P02,2026-06-09,2026-06-12,2026-06-14,2619,Estes Express,2026-06-09,2025-02-15 06:00:00
SH-000719,SOL-0000719,SO-000238,P02,2026-06-08,2026-06-10,2026-06-14,707,FedEx Freight,2026-06-08,2025-02-17 09:00:00
SH-000720,SOL-0000720,SO-000239,P05,2026-06-18,2026-06-21,2026-06-21,2414,Kreate Fleet,2026-06-28,2025-02-15 06:00:00
SH-000721,SOL-0000721,SO-000239,P05,2026-06-16,2026-06-23,2026-06-21,1630,Old Dominion,2026-06-16,2025-02-16 19:00:00
SH-000722,SOL-0000722,SO-000239,P05,2026-06-16,2026-06-17,2026-06-21,1782,Old Dominion,2026-06-16,2025-02-15 05:00:00
SH-000723,SOL-0000723,SO-000239,P05,2026-06-16,2026-06-21,2026-06-21,1856,Kreate Fleet,2026-06-28,2025-02-16 04:00:00
SH-000724,SOL-0000724,SO-000240,P02,2026-06-22,2026-07-01,2026-06-28,2220,Estes Express,2026-06-22,2025-02-15 14:00:00
SH-000725,SOL-0000725,SO-000240,P02,2026-06-25,2026-06-27,2026-06-28,760,FedEx Freight,2026-06-25,2025-02-15 04:00:00
SH-000726,SOL-0000726,SO-000240,P02,2026-06-24,2026-06-25,2026-06-28,2215,Estes Express,2026-06-24,2025-02-17 06:00:00
SH-000727,SOL-0000727,SO-000241,P02,2025-01-13,2025-01-16,2025-01-17,2100,FedEx Freight,2025-01-13,2025-02-16 03:00:00
SH-000728,SOL-0000728,SO-000241,P02,2025-01-13,2025-01-14,2025-01-17,2653,Kreate Fleet,2025-01-13,2025-02-15 20:00:00
SH-000729,SOL-0000729,SO-000241,P02,2025-01-13,2025-01-19,2025-01-17,394,Estes Express,2025-01-26,2025-02-15 11:00:00
SH-000730,SOL-0000730,SO-000242,P01,2025-01-18,2025-01-19,2025-01-23,2740,Kreate Fleet,2025-01-18,2025-02-17 08:00:00
SH-000731,SOL-0000731,SO-000242,P01,2025-01-17,2025-01-18,2025-01-23,1553,Kreate Fleet,2025-01-17,2025-02-16 17:00:00
SH-000732,SOL-0000732,SO-000242,P01,2025-01-18,2025-01-24,2025-01-23,2147,XPO Logistics,2025-01-18,2025-02-16 04:00:00
SH-000733,SOL-0000733,SO-000242,P01,2025-01-20,2025-01-21,2025-01-23,2460,Estes Express,2025-01-20,2025-02-15 03:00:00
SH-000734,SOL-0000734,SO-000243,P01,2025-01-27,2025-01-28,2025-02-02,1360,FedEx Freight,2025-01-27,2025-02-16 21:00:00
SH-000735,SOL-0000735,SO-000243,P01,2025-01-28,2025-01-29,2025-02-02,2123,Old Dominion,2025-01-28,2025-02-16 08:00:00
SH-000736,SOL-0000736,SO-000243,P01,2025-01-29,2025-02-01,2025-02-02,1584,Kreate Fleet,2025-02-16,2025-02-15 03:00:00
SH-000737,SOL-0000737,SO-000244,P03,2025-01-31,2025-02-01,2025-02-03,230,Estes Express,2025-01-31,2025-02-17 15:00:00
SH-000738,SOL-0000738,SO-000244,P03,2025-01-31,2025-02-01,2025-02-03,1375,XPO Logistics,2025-01-31,2025-02-16 12:00:00
SH-000739,SOL-0000739,SO-000244,P03,2025-01-30,2025-02-04,2025-02-03,1064,FedEx Freight,2025-01-30,2025-02-15 04:00:00
SH-000740,SOL-0000740,SO-000245,P01,2025-02-12,2025-02-14,2025-02-15,771,Kreate Fleet,2025-02-20,2025-02-16 18:00:00
SH-000741,SOL-0000741,SO-000245,P01,2025-02-11,2025-02-14,2025-02-15,1523,FedEx Freight,2025-02-11,2025-02-17 16:00:00
SH-000742,SOL-0000742,SO-000245,P01,2025-02-11,2025-02-14,2025-02-15,428,Estes Express,2025-02-11,2025-02-16 05:00:00
SH-000743,SOL-0000743,SO-000245,P01,2025-02-09,2025-02-11,2025-02-15,2364,Estes Express,2025-02-09,2025-02-17 15:00:00
SH-000744,SOL-0000744,SO-000246,P05,2025-02-22,2025-02-23,2025-02-26,2407,FedEx Freight,2025-02-22,2025-02-15 08:00:00
SH-000745,SOL-0000745,SO-000246,P05,2025-02-22,2025-02-27,2025-02-26,1287,FedEx Freight,2025-02-22,2025-02-16 02:00:00
SH-000746,SOL-0000746,SO-000246,P05,2025-02-22,2025-02-24,2025-02-26,1463,XPO Logistics,2025-02-22,2025-02-17 09:00:00
SH-000747,SOL-0000747,SO-000247,P04,2025-02-25,2025-02-27,2025-03-01,1063,Kreate Fleet,2025-02-25,2025-02-15 13:00:00
SH-000748,SOL-0000748,SO-000247,P04,2025-02-25,2025-02-28,2025-03-01,1844,Old Dominion,2025-02-25,2025-02-17 02:00:00
SH-000749,SOL-0000749,SO-000247,P04,2025-02-26,2025-02-28,2025-03-01,1301,XPO Logistics,2025-02-26,2025-02-15 20:00:00
SH-000750,SOL-0000750,SO-000248,P02,2025-03-08,2025-03-15,2025-03-13,2015,XPO Logistics,2025-03-08,2025-02-17 08:00:00
SH-000751,SOL-0000751,SO-000248,P02,2025-03-09,2025-03-10,2025-03-13,436,Estes Express,2025-03-09,2025-02-16 11:00:00
SH-000752,SOL-0000752,SO-000248,P02,2025-03-10,2025-03-11,2025-03-13,2415,Old Dominion,2025-03-10,2025-02-16 09:00:00
SH-000753,SOL-0000753,SO-000249,P02,2025-03-11,2025-03-12,2025-03-14,736,FedEx Freight,2025-03-11,2025-02-16 07:00:00
SH-000754,SOL-0000754,SO-000249,P02,2025-03-08,2025-03-13,2025-03-14,178,Estes Express,2025-03-08,2025-02-15 21:00:00
SH-000755,SOL-0000755,SO-000249,P02,2025-03-09,2025-03-12,2025-03-14,729,FedEx Freight,2025-03-09,2025-02-15 01:00:00
SH-000756,SOL-0000756,SO-000249,P02,2025-03-11,2025-03-15,2025-03-14,1575,FedEx Freight,2025-03-11,2025-02-17 07:00:00
SH-000757,SOL-0000757,SO-000250,P05,2025-03-20,2025-03-21,2025-03-26,144,XPO Logistics,2025-03-20,2025-02-15 22:00:00
SH-000758,SOL-0000758,SO-000250,P05,2025-03-22,2025-03-24,2025-03-26,2237,Estes Express,2025-03-22,2025-02-16 00:00:00
SH-000759,SOL-0000759,SO-000251,P01,2025-03-26,2025-03-28,2025-03-29,885,FedEx Freight,2025-03-26,2025-02-16 20:00:00
SH-000760,SOL-0000760,SO-000251,P01,2025-03-26,2025-04-02,2025-03-29,499,Estes Express,2025-03-26,2025-02-15 15:00:00
SH-000761,SOL-0000761,SO-000252,P02,2025-03-28,2025-03-31,2025-04-02,615,XPO Logistics,2025-03-28,2025-02-16 13:00:00
SH-000762,SOL-0000762,SO-000252,P02,2025-03-29,2025-03-31,2025-04-02,779,XPO Logistics,2025-03-29,2025-02-16 19:00:00
SH-000763,SOL-0000763,SO-000253,P05,2025-04-07,2025-04-10,2025-04-10,2837,Kreate Fleet,2025-04-07,2025-02-17 19:00:00
SH-000764,SOL-0000764,SO-000253,P05,2025-04-06,2025-04-08,2025-04-10,342,XPO Logistics,2025-04-06,2025-02-17 06:00:00
SH-000765,SOL-0000765,SO-000253,P05,2025-04-05,2025-04-07,2025-04-10,1170,Estes Express,2025-04-05,2025-02-16 22:00:00
SH-000766,SOL-0000766,SO-000253,P05,2025-04-07,2025-04-10,2025-04-10,1098,XPO Logistics,2025-04-07,2025-02-16 13:00:00
SH-000767,SOL-0000767,SO-000254,P01,2025-04-13,2025-04-15,2025-04-16,1599,XPO Logistics,2025-04-13,2025-02-15 11:00:00
SH-000768,SOL-0000768,SO-000254,P01,2025-04-10,2025-04-13,2025-04-16,1342,Kreate Fleet,2025-04-10,2025-02-17 20:00:00
SH-000769,SOL-0000769,SO-000254,P01,2025-04-11,2025-04-14,2025-04-16,572,XPO Logistics,2025-04-11,2025-02-16 17:00:00
SH-000770,SOL-0000770,SO-000254,P01,2025-04-12,2025-04-13,2025-04-16,800,FedEx Freight,2025-04-12,2025-02-17 20:00:00
SH-000771,SOL-0000771,SO-000255,P05,2025-04-23,2025-04-30,2025-04-29,1071,XPO Logistics,2025-04-23,2025-02-15 09:00:00
SH-000772,SOL-0000772,SO-000255,P05,2025-04-23,2025-04-26,2025-04-29,1585,XPO Logistics,2025-04-23,2025-02-15 18:00:00
SH-000773,SOL-0000773,SO-000255,P05,2025-04-23,2025-05-01,2025-04-29,1128,Kreate Fleet,2025-05-08,2025-02-17 20:00:00
SH-000774,SOL-0000774,SO-000255,P05,2025-04-25,2025-04-28,2025-04-29,1667,Kreate Fleet,2025-04-25,2025-02-17 03:00:00
SH-000775,SOL-0000775,SO-000256,P02,2025-04-28,2025-04-30,2025-05-03,391,Kreate Fleet,2025-04-28,2025-02-17 18:00:00
SH-000776,SOL-0000776,SO-000256,P02,2025-04-29,2025-05-01,2025-05-03,2139,XPO Logistics,2025-04-29,2025-02-15 12:00:00
SH-000777,SOL-0000777,SO-000257,P03,2025-05-06,2025-05-07,2025-05-09,389,Old Dominion,2025-05-06,2025-02-15 13:00:00
SH-000778,SOL-0000778,SO-000257,P03,2025-05-06,2025-05-08,2025-05-09,962,Estes Express,2025-05-06,2025-02-15 14:00:00
SH-000779,SOL-0000779,SO-000257,P03,2025-05-03,2025-05-12,2025-05-09,1299,Estes Express,2025-05-03,2025-02-17 18:00:00
SH-000780,SOL-0000780,SO-000257,P03,2025-05-04,2025-05-07,2025-05-09,2635,XPO Logistics,2025-05-04,2025-02-16 08:00:00
SH-000781,SOL-0000781,SO-000258,P04,2025-05-09,2025-05-10,2025-05-12,745,FedEx Freight,2025-05-09,2025-02-16 18:00:00
SH-000782,SOL-0000782,SO-000258,P04,2025-05-08,2025-05-10,2025-05-12,2640,Kreate Fleet,2025-05-08,2025-02-16 09:00:00
SH-000783,SOL-0000783,SO-000258,P04,2025-05-09,2025-05-12,2025-05-12,1381,XPO Logistics,2025-05-09,2025-02-17 14:00:00
SH-000784,SOL-0000784,SO-000258,P04,2025-05-07,2025-05-10,2025-05-12,1642,XPO Logistics,2025-05-07,2025-02-17 21:00:00
SH-000785,SOL-0000785,SO-000259,P05,2025-05-20,2025-05-22,2025-05-26,2956,FedEx Freight,2025-05-20,2025-02-17 15:00:00
SH-000786,SOL-0000786,SO-000259,P05,2025-05-21,2025-05-29,2025-05-26,1917,Old Dominion,2025-05-21,2025-02-15 18:00:00
SH-000787,SOL-0000787,SO-000259,P05,2025-05-21,2025-05-23,2025-05-26,319,XPO Logistics,2025-06-08,2025-02-17 15:00:00
SH-000788,SOL-0000788,SO-000260,P02,2025-05-28,2025-05-31,2025-06-02,1525,Estes Express,2025-05-28,2025-02-15 02:00:00
SH-000789,SOL-0000789,SO-000260,P02,2025-05-28,2025-05-30,2025-06-02,2263,Old Dominion,2025-05-28,2025-02-15 01:00:00
SH-000790,SOL-0000790,SO-000260,P02,2025-05-29,2025-05-30,2025-06-02,1178,Old Dominion,2025-05-29,2025-02-15 12:00:00
SH-000791,SOL-0000791,SO-000260,P02,2025-05-28,2025-06-07,2025-06-02,2832,XPO Logistics,2025-05-28,2025-02-15 16:00:00
SH-000792,SOL-0000792,SO-000261,P01,2025-05-31,2025-06-01,2025-06-06,2507,Old Dominion,2025-05-31,2025-02-17 10:00:00
SH-000793,SOL-0000793,SO-000261,P01,2025-06-01,2025-06-04,2025-06-06,1576,Kreate Fleet,2025-06-01,2025-02-17 09:00:00
SH-000794,SOL-0000794,SO-000261,P01,2025-06-01,2025-06-03,2025-06-06,1704,FedEx Freight,2025-06-01,2025-02-15 20:00:00
SH-000795,SOL-0000795,SO-000262,P05,2025-06-06,2025-06-08,2025-06-11,1861,FedEx Freight,2025-06-06,2025-02-16 12:00:00
SH-000796,SOL-0000796,SO-000262,P05,2025-06-05,2025-06-07,2025-06-11,1763,Kreate Fleet,2025-06-05,2025-02-17 16:00:00
SH-000797,SOL-0000797,SO-000262,P05,2025-06-06,2025-06-08,2025-06-11,732,Estes Express,2025-06-06,2025-02-16 02:00:00
SH-000798,SOL-0000798,SO-000263,P02,2025-06-14,2025-06-16,2025-06-18,2954,Kreate Fleet,2025-06-14,2025-02-17 14:00:00
SH-000799,SOL-0000799,SO-000263,P02,2025-06-13,2025-06-18,2025-06-18,1020,FedEx Freight,2025-06-13,2025-02-17 10:00:00
SH-000800,SOL-0000800,SO-000263,P02,2025-06-12,2025-06-14,2025-06-18,1126,XPO Logistics,2025-06-12,2025-02-16 14:00:00
SH-000801,SOL-0000801,SO-000264,P02,2025-06-17,2025-06-21,2025-06-22,2623,Kreate Fleet,2025-06-17,2025-02-16 05:00:00
SH-000802,SOL-0000802,SO-000264,P02,2025-06-17,2025-06-20,2025-06-22,2569,Estes Express,2025-06-17,2025-02-16 03:00:00
SH-000803,SOL-0000803,SO-000264,P02,2025-06-19,2025-06-21,2025-06-22,1347,FedEx Freight,2025-06-19,2025-02-16 04:00:00
SH-000804,SOL-0000804,SO-000265,P05,2025-06-21,2025-06-22,2025-06-27,377,XPO Logistics,2025-06-21,2025-02-17 07:00:00
SH-000805,SOL-0000805,SO-000265,P05,2025-06-23,2025-06-29,2025-06-27,2296,FedEx Freight,2025-06-23,2025-02-16 00:00:00
SH-000806,SOL-0000806,SO-000266,P03,2025-06-30,2025-07-03,2025-07-04,1666,Estes Express,2025-06-30,2025-02-15 10:00:00
SH-000807,SOL-0000807,SO-000266,P03,2025-07-01,2025-07-04,2025-07-04,1877,XPO Logistics,2025-07-01,2025-02-15 19:00:00
SH-000808,SOL-0000808,SO-000266,P03,2025-06-30,2025-07-01,2025-07-04,658,Estes Express,2025-06-30,2025-02-16 14:00:00
SH-000809,SOL-0000809,SO-000267,P03,2025-07-02,2025-07-03,2025-07-08,2002,Old Dominion,2025-07-02,2025-02-16 19:00:00
SH-000810,SOL-0000810,SO-000267,P03,2025-07-05,2025-07-06,2025-07-08,941,Old Dominion,2025-07-05,2025-02-17 15:00:00
SH-000811,SOL-0000811,SO-000267,P03,2025-07-04,2025-07-07,2025-07-08,719,Old Dominion,2025-07-04,2025-02-15 08:00:00
SH-000812,SOL-0000812,SO-000267,P03,2025-07-03,2025-07-06,2025-07-08,1333,XPO Logistics,2025-07-03,2025-02-16 22:00:00
SH-000813,SOL-0000813,SO-000268,P04,2025-07-11,2025-07-14,2025-07-16,530,Old Dominion,2025-07-11,2025-02-15 07:00:00
SH-000814,SOL-0000814,SO-000268,P04,2025-07-10,2025-07-12,2025-07-16,728,Estes Express,2025-07-10,2025-02-16 17:00:00
SH-000815,SOL-0000815,SO-000268,P04,2025-07-13,2025-07-14,2025-07-16,227,XPO Logistics,2025-07-13,2025-02-17 15:00:00
SH-000816,SOL-0000816,SO-000268,P04,2025-07-13,2025-07-15,2025-07-16,2840,FedEx Freight,2025-07-13,2025-02-15 02:00:00
SH-000817,SOL-0000817,SO-000269,P03,2025-07-23,2025-07-26,2025-07-26,264,Kreate Fleet,2025-07-23,2025-02-17 08:00:00
SH-000818,SOL-0000818,SO-000269,P03,2025-07-21,2025-07-23,2025-07-26,2153,XPO Logistics,2025-07-21,2025-02-17 09:00:00
SH-000819,SOL-0000819,SO-000269,P03,2025-07-23,2025-07-24,2025-07-26,1346,Kreate Fleet,2025-08-11,2025-02-16 13:00:00
SH-000820,SOL-0000820,SO-000269,P03,2025-07-23,2025-07-26,2025-07-26,943,FedEx Freight,2025-07-23,2025-02-17 04:00:00
SH-000821,SOL-0000821,SO-000270,P02,2025-07-25,2025-07-28,2025-07-30,429,Old Dominion,2025-07-25,2025-02-17 02:00:00
SH-000822,SOL-0000822,SO-000270,P02,2025-07-27,2025-08-01,2025-07-30,2476,Estes Express,2025-07-27,2025-02-15 18:00:00
SH-000823,SOL-0000823,SO-000270,P02,2025-07-27,2025-07-28,2025-07-30,407,Old Dominion,2025-07-27,2025-02-17 00:00:00
SH-000824,SOL-0000824,SO-000270,P02,2025-07-27,2025-07-30,2025-07-30,2836,XPO Logistics,2025-07-27,2025-02-17 04:00:00
SH-000825,SOL-0000825,SO-000271,P03,2025-08-01,2025-08-04,2025-08-06,785,Kreate Fleet,2025-08-01,2025-02-15 13:00:00
SH-000826,SOL-0000826,SO-000271,P03,2025-08-03,2025-08-05,2025-08-06,1571,Old Dominion,2025-08-03,2025-02-16 10:00:00
SH-000827,SOL-0000827,SO-000271,P03,2025-08-03,2025-08-04,2025-08-06,1125,Estes Express,2025-08-03,2025-02-16 11:00:00
SH-000828,SOL-0000828,SO-000271,P03,2025-08-03,2025-08-05,2025-08-06,1414,XPO Logistics,2025-08-03,2025-02-17 14:00:00
SH-000829,SOL-0000829,SO-000272,P02,2025-08-15,2025-08-18,2025-08-19,2412,Estes Express,2025-08-15,2025-02-15 22:00:00
SH-000830,SOL-0000830,SO-000272,P02,2025-08-13,2025-08-14,2025-08-19,2349,Estes Express,2025-08-13,2025-02-15 15:00:00
SH-000831,SOL-0000831,SO-000273,P02,2025-08-16,2025-08-19,2025-08-20,2392,Estes Express,2025-08-16,2025-02-17 06:00:00
SH-000832,SOL-0000832,SO-000273,P02,2025-08-14,2025-08-16,2025-08-20,2773,Kreate Fleet,2025-08-14,2025-02-16 00:00:00
SH-000833,SOL-0000833,SO-000273,P02,2025-08-15,2025-08-18,2025-08-20,565,Estes Express,2025-08-15,2025-02-16 15:00:00
SH-000834,SOL-0000834,SO-000273,P02,2025-08-16,2025-08-17,2025-08-20,1447,FedEx Freight,2025-08-16,2025-02-15 07:00:00
SH-000835,SOL-0000835,SO-000274,P01,2025-08-18,2025-08-24,2025-08-21,1859,FedEx Freight,2025-08-18,2025-02-17 05:00:00
SH-000836,SOL-0000836,SO-000274,P01,2025-08-17,2025-08-20,2025-08-21,2159,Kreate Fleet,2025-08-17,2025-02-15 17:00:00
SH-000837,SOL-0000837,SO-000275,P05,2025-08-30,2025-09-02,2025-09-05,2573,Kreate Fleet,2025-08-30,2025-02-17 11:00:00
SH-000838,SOL-0000838,SO-000275,P05,2025-09-01,2025-09-05,2025-09-05,2637,XPO Logistics,2025-09-01,2025-02-17 11:00:00
SH-000839,SOL-0000839,SO-000275,P05,2025-08-30,2025-09-02,2025-09-05,1446,Old Dominion,2025-08-30,2025-02-15 07:00:00
SH-000840,SOL-0000840,SO-000276,P03,2025-09-02,2025-09-03,2025-09-07,1218,Old Dominion,2025-09-02,2025-02-15 02:00:00
SH-000841,SOL-0000841,SO-000276,P03,2025-09-01,2025-09-04,2025-09-07,1312,FedEx Freight,2025-09-01,2025-02-16 03:00:00
SH-000842,SOL-0000842,SO-000276,P03,2025-09-02,2025-09-05,2025-09-07,1212,Kreate Fleet,2025-09-02,2025-02-17 05:00:00
SH-000843,SOL-0000843,SO-000277,P01,2025-09-12,2025-09-13,2025-09-18,2199,FedEx Freight,2025-09-12,2025-02-15 20:00:00
SH-000844,SOL-0000844,SO-000277,P01,2025-09-13,2025-09-15,2025-09-18,869,Estes Express,2025-09-13,2025-02-17 02:00:00
SH-000845,SOL-0000845,SO-000278,P03,2025-09-14,2025-09-17,2025-09-20,567,FedEx Freight,2025-09-14,2025-02-16 18:00:00
SH-000846,SOL-0000846,SO-000278,P03,2025-09-14,2025-09-15,2025-09-20,1729,XPO Logistics,2025-09-14,2025-02-17 18:00:00
SH-000847,SOL-0000847,SO-000278,P03,2025-09-15,2025-09-17,2025-09-20,2979,Old Dominion,2025-09-15,2025-02-15 19:00:00
SH-000848,SOL-0000848,SO-000278,P03,2025-09-17,2025-09-20,2025-09-20,2173,XPO Logistics,2025-09-17,2025-02-17 20:00:00
SH-000849,SOL-0000849,SO-000279,P04,2025-09-21,2025-09-23,2025-09-27,589,FedEx Freight,2025-09-21,2025-02-15 01:00:00
SH-000850,SOL-0000850,SO-000279,P04,2025-09-24,2025-09-25,2025-09-27,2488,Kreate Fleet,2025-09-24,2025-02-15 15:00:00
SH-000851,SOL-0000851,SO-000279,P04,2025-09-21,2025-09-29,2025-09-27,420,FedEx Freight,2025-09-21,2025-02-15 10:00:00
SH-000852,SOL-0000852,SO-000279,P04,2025-09-24,2025-09-30,2025-09-27,491,Kreate Fleet,2025-09-24,2025-02-16 05:00:00
SH-000853,SOL-0000853,SO-000280,P02,2025-09-24,2025-09-25,2025-09-28,510,XPO Logistics,2025-09-24,2025-02-17 15:00:00
SH-000854,SOL-0000854,SO-000280,P02,2025-09-23,2025-09-24,2025-09-28,1128,Kreate Fleet,2025-09-23,2025-02-15 10:00:00
SH-000855,SOL-0000855,SO-000280,P02,2025-09-22,2025-09-23,2025-09-28,1353,FedEx Freight,2025-09-22,2025-02-17 11:00:00
SH-000856,SOL-0000856,SO-000281,P02,2025-10-02,2025-10-04,2025-10-05,1476,XPO Logistics,2025-10-02,2025-02-16 16:00:00
SH-000857,SOL-0000857,SO-000281,P02,2025-09-30,2025-10-03,2025-10-05,1257,FedEx Freight,2025-09-30,2025-02-15 20:00:00
SH-000858,SOL-0000858,SO-000282,P05,2025-10-13,2025-10-14,2025-10-16,366,Estes Express,2025-10-13,2025-02-16 17:00:00
SH-000859,SOL-0000859,SO-000282,P05,2025-10-13,2025-10-20,2025-10-16,260,Estes Express,2025-10-13,2025-02-17 12:00:00
SH-000860,SOL-0000860,SO-000282,P05,2025-10-10,2025-10-14,2025-10-16,1743,Kreate Fleet,2025-10-10,2025-02-15 04:00:00
SH-000861,SOL-0000861,SO-000283,P03,2025-10-13,2025-10-16,2025-10-19,2368,Kreate Fleet,2025-10-13,2025-02-16 15:00:00
SH-000862,SOL-0000862,SO-000283,P03,2025-10-16,2025-10-19,2025-10-19,719,Old Dominion,2025-10-16,2025-02-17 06:00:00
SH-000863,SOL-0000863,SO-000283,P03,2025-10-13,2025-10-16,2025-10-19,1492,Estes Express,2025-10-13,2025-02-15 04:00:00
SH-000864,SOL-0000864,SO-000284,P02,2025-10-20,2025-10-22,2025-10-26,2164,XPO Logistics,2025-10-20,2025-02-16 14:00:00
SH-000865,SOL-0000865,SO-000284,P02,2025-10-21,2025-10-23,2025-10-26,1196,Estes Express,2025-10-21,2025-02-15 19:00:00
SH-000866,SOL-0000866,SO-000285,P02,2025-11-04,2025-11-06,2025-11-08,1108,XPO Logistics,2025-11-04,2025-02-17 09:00:00
SH-000867,SOL-0000867,SO-000285,P02,2025-11-05,2025-11-06,2025-11-08,1082,FedEx Freight,2025-11-05,2025-02-17 19:00:00
SH-000868,SOL-0000868,SO-000286,P04,2025-11-05,2025-11-06,2025-11-08,1102,Estes Express,2025-11-05,2025-02-16 22:00:00
SH-000869,SOL-0000869,SO-000286,P04,2025-11-05,2025-11-06,2025-11-08,553,Kreate Fleet,2025-11-05,2025-02-16 19:00:00
SH-000870,SOL-0000870,SO-000286,P04,2025-11-04,2025-11-07,2025-11-08,521,XPO Logistics,2025-11-04,2025-02-17 12:00:00
SH-000871,SOL-0000871,SO-000287,P05,2025-11-11,2025-11-14,2025-11-15,1229,Kreate Fleet,2025-11-11,2025-02-16 07:00:00
SH-000872,SOL-0000872,SO-000287,P05,2025-11-11,2025-11-14,2025-11-15,1347,Old Dominion,2025-11-11,2025-02-17 20:00:00
SH-000873,SOL-0000873,SO-000287,P05,2025-11-09,2025-11-10,2025-11-15,451,Old Dominion,2025-11-09,2025-02-17 12:00:00
SH-000874,SOL-0000874,SO-000288,P01,2025-11-15,2025-11-17,2025-11-19,1856,XPO Logistics,2025-11-15,2025-02-15 16:00:00
SH-000875,SOL-0000875,SO-000288,P01,2025-11-13,2025-11-15,2025-11-19,1499,Kreate Fleet,2025-11-13,2025-02-15 21:00:00
SH-000876,SOL-0000876,SO-000289,P04,2025-11-23,2025-11-24,2025-11-26,1013,Kreate Fleet,2025-11-23,2025-02-17 09:00:00
SH-000877,SOL-0000877,SO-000289,P04,2025-11-23,2025-11-26,2025-11-26,1114,Old Dominion,2025-11-23,2025-02-17 20:00:00
SH-000878,SOL-0000878,SO-000290,P02,2025-11-22,2025-11-26,2025-11-27,1645,Kreate Fleet,2025-11-22,2025-02-15 04:00:00
SH-000879,SOL-0000879,SO-000290,P02,2025-11-24,2025-11-27,2025-11-27,955,Old Dominion,2025-11-24,2025-02-17 05:00:00
SH-000880,SOL-0000880,SO-000290,P02,2025-11-23,2025-11-26,2025-11-27,2682,Old Dominion,2025-11-23,2025-02-15 04:00:00
SH-000881,SOL-0000881,SO-000290,P02,2025-11-24,2025-11-25,2025-11-27,704,Kreate Fleet,2025-11-24,2025-02-15 14:00:00
SH-000882,SOL-0000882,SO-000291,P02,2025-11-28,2025-12-07,2025-12-03,778,FedEx Freight,2025-11-28,2025-02-15 00:00:00
SH-000883,SOL-0000883,SO-000291,P02,2025-11-28,2025-11-30,2025-12-03,541,Old Dominion,2025-11-28,2025-02-17 03:00:00
SH-000884,SOL-0000884,SO-000292,P02,2025-12-13,2025-12-15,2025-12-16,1802,XPO Logistics,2025-12-13,2025-02-16 19:00:00
SH-000885,SOL-0000885,SO-000292,P02,2025-12-10,2025-12-16,2025-12-16,2314,Old Dominion,2025-12-10,2025-02-16 14:00:00
SH-000886,SOL-0000886,SO-000292,P02,2025-12-13,2025-12-14,2025-12-16,1267,Old Dominion,2025-12-13,2025-02-16 13:00:00
SH-000887,SOL-0000887,SO-000292,P02,2025-12-12,2025-12-15,2025-12-16,1582,Estes Express,2025-12-12,2025-02-16 02:00:00
SH-000888,SOL-0000888,SO-000293,P05,2025-12-17,2025-12-19,2025-12-23,1681,XPO Logistics,2025-12-17,2025-02-15 14:00:00
SH-000889,SOL-0000889,SO-000293,P05,2025-12-18,2025-12-20,2025-12-23,1837,Old Dominion,2025-12-18,2025-02-17 17:00:00
SH-000890,SOL-0000890,SO-000294,P03,2025-12-19,2025-12-21,2025-12-25,2744,FedEx Freight,2025-12-19,2025-02-17 21:00:00
SH-000891,SOL-0000891,SO-000294,P03,2025-12-22,2025-12-28,2025-12-25,1396,Kreate Fleet,2025-12-22,2025-02-15 05:00:00
SH-000892,SOL-0000892,SO-000295,P02,2025-12-29,2026-01-02,2026-01-01,2970,Kreate Fleet,2025-12-29,2025-02-15 17:00:00
SH-000893,SOL-0000893,SO-000295,P02,2025-12-26,2025-12-29,2026-01-01,1735,Old Dominion,2025-12-26,2025-02-16 13:00:00
SH-000894,SOL-0000894,SO-000295,P02,2025-12-26,2025-12-27,2026-01-01,1148,Old Dominion,2025-12-26,2025-02-17 12:00:00
SH-000895,SOL-0000895,SO-000296,P05,2026-01-08,2026-01-09,2026-01-12,2337,Old Dominion,2026-01-08,2025-02-15 00:00:00
SH-000896,SOL-0000896,SO-000296,P05,2026-01-08,2026-01-09,2026-01-12,759,Kreate Fleet,2026-01-08,2025-02-17 14:00:00
SH-000897,SOL-0000897,SO-000296,P05,2026-01-08,2026-01-11,2026-01-12,1636,Estes Express,2026-01-08,2025-02-16 09:00:00
SH-000898,SOL-0000898,SO-000297,P05,2026-01-09,2026-01-12,2026-01-15,2436,Kreate Fleet,2026-01-09,2025-02-17 01:00:00
SH-000899,SOL-0000899,SO-000297,P05,2026-01-10,2026-01-11,2026-01-15,1704,Estes Express,2026-01-10,2025-02-17 22:00:00
SH-000900,SOL-0000900,SO-000297,P05,2026-01-10,2026-01-12,2026-01-15,2395,Old Dominion,2026-01-15,2025-02-15 13:00:00
SH-000901,SOL-0000901,SO-000297,P05,2026-01-10,2026-01-13,2026-01-15,2616,Estes Express,2026-01-10,2025-02-17 07:00:00
SH-000902,SOL-0000902,SO-000298,P04,2026-01-16,2026-01-17,2026-01-20,1438,Kreate Fleet,2026-01-16,2025-02-15 02:00:00
SH-000903,SOL-0000903,SO-000298,P04,2026-01-14,2026-01-16,2026-01-20,708,Old Dominion,2026-01-14,2025-02-17 07:00:00
SH-000904,SOL-0000904,SO-000298,P04,2026-01-16,2026-01-21,2026-01-20,2324,Old Dominion,2026-01-16,2025-02-16 04:00:00
SH-000905,SOL-0000905,SO-000298,P04,2026-01-17,2026-01-18,2026-01-20,2038,Estes Express,2026-01-17,2025-02-15 17:00:00
SH-000906,SOL-0000906,SO-000299,P02,2026-01-25,2026-01-27,2026-01-28,320,FedEx Freight,2026-02-08,2025-02-15 15:00:00
SH-000907,SOL-0000907,SO-000299,P02,2026-01-25,2026-01-31,2026-01-28,709,Old Dominion,2026-01-25,2025-02-16 03:00:00
SH-000908,SOL-0000908,SO-000299,P02,2026-01-22,2026-01-23,2026-01-28,1877,Estes Express,2026-01-22,2025-02-17 00:00:00
SH-000909,SOL-0000909,SO-000300,P03,2026-01-29,2026-01-31,2026-02-01,891,Estes Express,2026-01-29,2025-02-17 00:00:00
SH-000910,SOL-0000910,SO-000300,P03,2026-01-27,2026-01-30,2026-02-01,1304,FedEx Freight,2026-01-27,2025-02-15 22:00:00
SH-000911,SOL-0000911,SO-000300,P03,2026-01-26,2026-02-02,2026-02-01,1646,Kreate Fleet,2026-01-26,2025-02-15 02:00:00
SH-000912,SOL-0000912,SO-000301,P05,2026-02-07,2026-02-09,2026-02-10,2117,Estes Express,2026-02-07,2025-02-17 16:00:00
SH-000913,SOL-0000913,SO-000301,P05,2026-02-05,2026-02-09,2026-02-10,1685,FedEx Freight,2026-02-05,2025-02-15 04:00:00
SH-000914,SOL-0000914,SO-000301,P05,2026-02-04,2026-02-05,2026-02-10,2902,Estes Express,2026-02-04,2025-02-17 22:00:00
SH-000915,SOL-0000915,SO-000301,P05,2026-02-05,2026-02-08,2026-02-10,361,Estes Express,2026-02-05,2025-02-17 16:00:00
SH-000916,SOL-0000916,SO-000302,P04,2026-02-09,2026-02-11,2026-02-15,2996,XPO Logistics,2026-02-09,2025-02-17 19:00:00
SH-000917,SOL-0000917,SO-000302,P04,2026-02-12,2026-02-13,2026-02-15,1043,FedEx Freight,2026-02-12,2025-02-17 07:00:00
SH-000918,SOL-0000918,SO-000302,P04,2026-02-12,2026-02-14,2026-02-15,2948,FedEx Freight,2026-02-12,2025-02-16 16:00:00
SH-000919,SOL-0000919,SO-000303,P04,2026-02-14,2026-02-15,2026-02-18,459,XPO Logistics,2026-02-14,2025-02-15 14:00:00
SH-000920,SOL-0000920,SO-000303,P04,2026-02-13,2026-02-15,2026-02-18,2742,XPO Logistics,2026-02-13,2025-02-16 20:00:00
SH-000921,SOL-0000921,SO-000304,P03,2026-02-28,2026-03-02,2026-03-03,752,Estes Express,2026-02-28,2025-02-16 05:00:00
SH-000922,SOL-0000922,SO-000304,P03,2026-02-28,2026-03-03,2026-03-03,1909,Kreate Fleet,2026-03-17,2025-02-15 00:00:00
SH-000923,SOL-0000923,SO-000304,P03,2026-02-26,2026-03-01,2026-03-03,2348,Old Dominion,2026-02-26,2025-02-16 12:00:00
SH-000924,SOL-0000924,SO-000304,P03,2026-02-25,2026-02-27,2026-03-03,1184,XPO Logistics,2026-03-08,2025-02-15 12:00:00
SH-000925,SOL-0000925,SO-000305,P05,2026-03-02,2026-03-07,2026-03-06,207,FedEx Freight,2026-03-02,2025-02-15 16:00:00
SH-000926,SOL-0000926,SO-000305,P05,2026-03-01,2026-03-02,2026-03-06,2465,FedEx Freight,2026-03-01,2025-02-16 06:00:00
SH-000927,SOL-0000927,SO-000305,P05,2026-03-02,2026-03-05,2026-03-06,687,Estes Express,2026-03-02,2025-02-15 16:00:00
SH-000928,SOL-0000928,SO-000306,P05,2026-03-11,2026-03-13,2026-03-15,2606,Kreate Fleet,2026-03-11,2025-02-17 11:00:00
SH-000929,SOL-0000929,SO-000306,P05,2026-03-10,2026-03-11,2026-03-15,2937,XPO Logistics,2026-03-10,2025-02-15 14:00:00
SH-000930,SOL-0000930,SO-000306,P05,2026-03-09,2026-03-12,2026-03-15,264,FedEx Freight,2026-03-09,2025-02-16 03:00:00
SH-000931,SOL-0000931,SO-000307,P03,2026-03-19,2026-03-21,2026-03-22,755,Kreate Fleet,2026-03-19,2025-02-17 20:00:00
SH-000932,SOL-0000932,SO-000307,P03,2026-03-16,2026-03-20,2026-03-22,2392,XPO Logistics,2026-03-16,2025-02-15 22:00:00
SH-000933,SOL-0000933,SO-000307,P03,2026-03-18,2026-03-27,2026-03-22,1416,XPO Logistics,2026-03-18,2025-02-17 13:00:00
SH-000934,SOL-0000934,SO-000308,P02,2026-03-25,2026-03-27,2026-03-30,1777,FedEx Freight,2026-03-25,2025-02-16 20:00:00
SH-000935,SOL-0000935,SO-000308,P02,2026-03-25,2026-03-28,2026-03-30,1117,Old Dominion,2026-03-25,2025-02-15 11:00:00
SH-000936,SOL-0000936,SO-000308,P02,2026-03-26,2026-03-29,2026-03-30,376,FedEx Freight,2026-03-26,2025-02-15 07:00:00
SH-000937,SOL-0000937,SO-000308,P02,2026-03-27,2026-03-29,2026-03-30,676,Old Dominion,2026-03-27,2025-02-16 03:00:00
SH-000938,SOL-0000938,SO-000309,P04,2026-03-21,2026-03-23,2026-03-27,927,XPO Logistics,2026-03-21,2025-02-17 20:00:00
SH-000939,SOL-0000939,SO-000309,P04,2026-03-22,2026-03-28,2026-03-27,2134,XPO Logistics,2026-03-22,2025-02-15 04:00:00
SH-000940,SOL-0000940,SO-000309,P04,2026-03-24,2026-03-26,2026-03-27,660,Kreate Fleet,2026-03-24,2025-02-16 02:00:00
SH-000941,SOL-0000941,SO-000309,P04,2026-03-24,2026-03-27,2026-03-27,883,FedEx Freight,2026-03-30,2025-02-17 09:00:00
SH-000942,SOL-0000942,SO-000310,P03,2026-04-01,2026-04-03,2026-04-06,2877,FedEx Freight,2026-04-01,2025-02-17 05:00:00
SH-000943,SOL-0000943,SO-000310,P03,2026-04-02,2026-04-05,2026-04-06,806,XPO Logistics,2026-04-02,2025-02-17 11:00:00
SH-000944,SOL-0000944,SO-000310,P03,2026-03-31,2026-04-01,2026-04-06,2799,Estes Express,2026-03-31,2025-02-16 15:00:00
SH-000945,SOL-0000945,SO-000311,P04,2026-04-08,2026-04-11,2026-04-14,2483,XPO Logistics,2026-04-08,2025-02-15 00:00:00
SH-000946,SOL-0000946,SO-000311,P04,2026-04-09,2026-04-10,2026-04-14,731,Estes Express,2026-04-24,2025-02-16 02:00:00
SH-000947,SOL-0000947,SO-000312,P03,2026-04-15,2026-04-16,2026-04-19,822,Kreate Fleet,2026-04-15,2025-02-16 19:00:00
SH-000948,SOL-0000948,SO-000312,P03,2026-04-15,2026-04-17,2026-04-19,2951,XPO Logistics,2026-05-03,2025-02-15 21:00:00
SH-000949,SOL-0000949,SO-000313,P05,2026-04-27,2026-05-03,2026-05-03,959,Old Dominion,2026-04-27,2025-02-15 01:00:00
SH-000950,SOL-0000950,SO-000313,P05,2026-04-30,2026-05-01,2026-05-03,1040,XPO Logistics,2026-04-30,2025-02-15 01:00:00
SH-000951,SOL-0000951,SO-000313,P05,2026-04-29,2026-04-30,2026-05-03,1494,Estes Express,2026-04-29,2025-02-15 04:00:00
SH-000952,SOL-0000952,SO-000314,P01,2026-04-29,2026-04-30,2026-05-04,1318,Old Dominion,2026-04-29,2025-02-17 22:00:00
SH-000953,SOL-0000953,SO-000314,P01,2026-04-28,2026-04-30,2026-05-04,1775,Old Dominion,2026-04-28,2025-02-15 17:00:00
SH-000954,SOL-0000954,SO-000314,P01,2026-05-01,2026-05-04,2026-05-04,895,FedEx Freight,2026-05-01,2025-02-17 00:00:00
SH-000955,SOL-0000955,SO-000314,P01,2026-04-30,2026-05-08,2026-05-04,2274,Estes Express,2026-04-30,2025-02-15 17:00:00
SH-000956,SOL-0000956,SO-000315,P05,2026-05-10,2026-05-15,2026-05-15,1540,FedEx Freight,2026-05-10,2025-02-17 08:00:00
SH-000957,SOL-0000957,SO-000315,P05,2026-05-09,2026-05-11,2026-05-15,997,FedEx Freight,2026-05-09,2025-02-15 22:00:00
SH-000958,SOL-0000958,SO-000315,P05,2026-05-09,2026-05-11,2026-05-15,2507,Old Dominion,2026-05-09,2025-02-17 00:00:00
SH-000959,SOL-0000959,SO-000316,P04,2026-05-10,2026-05-13,2026-05-16,1345,Old Dominion,2026-05-10,2025-02-16 03:00:00
SH-000960,SOL-0000960,SO-000316,P04,2026-05-13,2026-05-16,2026-05-16,368,Estes Express,2026-05-13,2025-02-15 17:00:00
SH-000961,SOL-0000961,SO-000316,P04,2026-05-10,2026-05-14,2026-05-16,769,Kreate Fleet,2026-05-10,2025-02-16 09:00:00
SH-000962,SOL-0000962,SO-000316,P04,2026-05-12,2026-05-14,2026-05-16,1360,XPO Logistics,2026-05-12,2025-02-15 17:00:00
SH-000963,SOL-0000963,SO-000317,P02,2026-05-25,2026-05-28,2026-05-28,2154,Estes Express,2026-05-25,2025-02-15 08:00:00
SH-000964,SOL-0000964,SO-000317,P02,2026-05-25,2026-05-27,2026-05-28,2553,XPO Logistics,2026-05-25,2025-02-16 00:00:00
SH-000965,SOL-0000965,SO-000317,P02,2026-05-22,2026-05-28,2026-05-28,806,XPO Logistics,2026-05-22,2025-02-16 11:00:00
SH-000966,SOL-0000966,SO-000317,P02,2026-05-22,2026-05-24,2026-05-28,1303,FedEx Freight,2026-05-22,2025-02-17 13:00:00
SH-000967,SOL-0000967,SO-000318,P04,2026-05-29,2026-06-03,2026-06-02,1201,XPO Logistics,2026-05-29,2025-02-16 17:00:00
SH-000968,SOL-0000968,SO-000318,P04,2026-05-30,2026-06-01,2026-06-02,1519,Kreate Fleet,2026-05-30,2025-02-16 02:00:00
SH-000969,SOL-0000969,SO-000318,P04,2026-05-27,2026-05-29,2026-06-02,319,XPO Logistics,2026-05-27,2025-02-16 13:00:00
SH-000970,SOL-0000970,SO-000318,P04,2026-05-27,2026-05-28,2026-06-02,2518,Estes Express,2026-05-27,2025-02-16 10:00:00
SH-000971,SOL-0000971,SO-000319,P04,2026-06-04,2026-06-07,2026-06-08,2875,XPO Logistics,2026-06-04,2025-02-16 00:00:00
SH-000972,SOL-0000972,SO-000319,P04,2026-06-02,2026-06-05,2026-06-08,2461,Estes Express,2026-06-02,2025-02-17 06:00:00
SH-000973,SOL-0000973,SO-000320,P04,2026-06-12,2026-06-13,2026-06-16,1019,Old Dominion,2026-06-12,2025-02-16 15:00:00
SH-000974,SOL-0000974,SO-000320,P04,2026-06-11,2026-06-14,2026-06-16,1687,XPO Logistics,2026-06-11,2025-02-17 09:00:00
SH-000975,SOL-0000975,SO-000320,P04,2026-06-10,2026-06-18,2026-06-16,884,FedEx Freight,2026-06-10,2025-02-16 06:00:00
SH-000976,SOL-0000976,SO-000320,P04,2026-06-13,2026-06-19,2026-06-16,2885,Estes Express,2026-06-13,2025-02-17 15:00:00
SH-000977,SOL-0000977,SO-000321,P03,2026-06-14,2026-06-17,2026-06-18,1958,XPO Logistics,2026-06-14,2025-02-17 01:00:00
SH-000978,SOL-0000978,SO-000321,P03,2026-06-15,2026-06-16,2026-06-18,1775,Old Dominion,2026-06-15,2025-02-16 01:00:00
SH-000979,SOL-0000979,SO-000321,P03,2026-06-13,2026-06-14,2026-06-18,1218,XPO Logistics,2026-06-13,2025-02-17 15:00:00
SH-000980,SOL-0000980,SO-000321,P03,2026-06-12,2026-06-14,2026-06-18,1039,Estes Express,2026-06-12,2025-02-16 16:00:00
SH-000981,SOL-0000981,SO-000322,P02,2026-06-24,2026-06-26,2026-06-28,2954,XPO Logistics,2026-06-24,2025-02-16 03:00:00
SH-000982,SOL-0000982,SO-000322,P02,2026-06-24,2026-06-26,2026-06-28,1473,XPO Logistics,2026-06-24,2025-02-15 11:00:00
SH-000983,SOL-0000983,SO-000322,P02,2026-06-25,2026-07-03,2026-06-28,2863,Kreate Fleet,2026-06-25,2025-02-15 07:00:00
SH-000984,SOL-0000984,SO-000322,P02,2026-06-23,2026-06-30,2026-06-28,1032,Kreate Fleet,2026-06-23,2025-02-17 07:00:00
SH-000985,SOL-0000985,SO-000323,P02,2026-06-20,2026-06-23,2026-06-25,465,FedEx Freight,2026-06-20,2025-02-15 07:00:00
SH-000986,SOL-0000986,SO-000323,P02,2026-06-22,2026-06-28,2026-06-25,775,Kreate Fleet,2026-06-22,2025-02-15 06:00:00
SH-000987,SOL-0000987,SO-000323,P02,2026-06-20,2026-06-23,2026-06-25,1672,XPO Logistics,2026-06-20,2025-02-17 21:00:00
SH-000988,SOL-0000988,SO-000324,P04,2025-01-10,2025-01-11,2025-01-14,2195,Kreate Fleet,2025-01-10,2025-02-15 11:00:00
SH-000989,SOL-0000989,SO-000324,P04,2025-01-09,2025-01-12,2025-01-14,1971,XPO Logistics,2025-01-09,2025-02-17 00:00:00
SH-000990,SOL-0000990,SO-000325,P02,2025-01-10,2025-01-13,2025-01-15,2918,Old Dominion,2025-01-10,2025-02-15 12:00:00
SH-000991,SOL-0000991,SO-000325,P02,2025-01-10,2025-01-14,2025-01-15,1403,Old Dominion,2025-01-10,2025-02-16 11:00:00
SH-000992,SOL-0000992,SO-000325,P02,2025-01-10,2025-01-12,2025-01-15,2882,Estes Express,2025-01-17,2025-02-17 17:00:00
SH-000993,SOL-0000993,SO-000326,P01,2025-01-20,2025-01-21,2025-01-26,1196,XPO Logistics,2025-01-20,2025-02-16 12:00:00
SH-000994,SOL-0000994,SO-000326,P01,2025-01-23,2025-01-26,2025-01-26,1578,FedEx Freight,2025-01-23,2025-02-15 09:00:00
SH-000995,SOL-0000995,SO-000327,P02,2025-01-30,2025-01-31,2025-02-04,1384,Estes Express,2025-01-30,2025-02-17 07:00:00
SH-000996,SOL-0000996,SO-000327,P02,2025-01-31,2025-02-02,2025-02-04,1660,Old Dominion,2025-01-31,2025-02-15 15:00:00
SH-000997,SOL-0000997,SO-000327,P02,2025-02-01,2025-02-05,2025-02-04,946,FedEx Freight,2025-02-01,2025-02-17 22:00:00
SH-000998,SOL-0000998,SO-000327,P02,2025-01-30,2025-01-31,2025-02-04,202,XPO Logistics,2025-01-30,2025-02-16 07:00:00
SH-000999,SOL-0000999,SO-000328,P02,2025-02-06,2025-02-09,2025-02-11,1502,Kreate Fleet,2025-02-06,2025-02-17 09:00:00
SH-001000,SOL-0001000,SO-000328,P02,2025-02-08,2025-02-15,2025-02-11,726,FedEx Freight,2025-02-08,2025-02-15 00:00:00
SH-001001,SOL-0001001,SO-000329,P03,2025-02-09,2025-02-12,2025-02-12,592,Estes Express,2025-02-15,2025-02-15 10:00:00
SH-001002,SOL-0001002,SO-000329,P03,2025-02-06,2025-02-07,2025-02-12,784,Estes Express,2025-02-06,2025-02-17 19:00:00
SH-001003,SOL-0001003,SO-000330,P03,2025-02-16,2025-02-17,2025-02-21,748,XPO Logistics,2025-02-16,2025-02-16 04:00:00
SH-001004,SOL-0001004,SO-000330,P03,2025-02-16,2025-02-18,2025-02-21,2718,Estes Express,2025-02-16,2025-02-17 07:00:00
SH-001005,SOL-0001005,SO-000330,P03,2025-02-16,2025-02-19,2025-02-21,2983,XPO Logistics,2025-02-16,2025-02-17 19:00:00
SH-001006,SOL-0001006,SO-000330,P03,2025-02-18,2025-02-19,2025-02-21,2905,Kreate Fleet,2025-02-18,2025-02-16 03:00:00
SH-001007,SOL-0001007,SO-000331,P04,2025-02-25,2025-02-26,2025-03-01,1996,Kreate Fleet,2025-02-25,2025-02-15 13:00:00
SH-001008,SOL-0001008,SO-000331,P04,2025-02-23,2025-02-26,2025-03-01,1706,FedEx Freight,2025-02-23,2025-02-15 21:00:00
SH-001009,SOL-0001009,SO-000331,P04,2025-02-24,2025-03-06,2025-03-01,2779,Old Dominion,2025-02-24,2025-02-16 12:00:00
SH-001010,SOL-0001010,SO-000331,P04,2025-02-23,2025-02-25,2025-03-01,1420,Old Dominion,2025-02-23,2025-02-17 08:00:00
SH-001011,SOL-0001011,SO-000332,P05,2025-02-27,2025-03-01,2025-03-04,2749,Old Dominion,2025-02-27,2025-02-17 21:00:00
SH-001012,SOL-0001012,SO-000332,P05,2025-02-26,2025-03-02,2025-03-04,2335,FedEx Freight,2025-02-26,2025-02-15 04:00:00
SH-001013,SOL-0001013,SO-000332,P05,2025-02-28,2025-03-01,2025-03-04,958,Estes Express,2025-02-28,2025-02-17 08:00:00
SH-001014,SOL-0001014,SO-000333,P05,2025-03-08,2025-03-09,2025-03-14,514,FedEx Freight,2025-03-08,2025-02-17 10:00:00
SH-001015,SOL-0001015,SO-000333,P05,2025-03-08,2025-03-15,2025-03-14,1813,Old Dominion,2025-03-08,2025-02-16 00:00:00
SH-001016,SOL-0001016,SO-000333,P05,2025-03-09,2025-03-11,2025-03-14,544,Old Dominion,2025-03-09,2025-02-15 09:00:00
SH-001017,SOL-0001017,SO-000333,P05,2025-03-09,2025-03-15,2025-03-14,1631,FedEx Freight,2025-03-09,2025-02-17 13:00:00
SH-001018,SOL-0001018,SO-000334,P01,2025-03-14,2025-03-15,2025-03-18,1988,Old Dominion,2025-03-14,2025-02-15 04:00:00
SH-001019,SOL-0001019,SO-000334,P01,2025-03-12,2025-03-13,2025-03-18,2630,Old Dominion,2025-03-12,2025-02-17 06:00:00
SH-001020,SOL-0001020,SO-000335,P01,2025-03-27,2025-03-30,2025-03-31,1323,Old Dominion,2025-04-14,2025-02-16 09:00:00
SH-001021,SOL-0001021,SO-000335,P01,2025-03-27,2025-03-29,2025-03-31,2911,XPO Logistics,2025-04-16,2025-02-16 12:00:00
SH-001022,SOL-0001022,SO-000336,P05,2025-03-29,2025-04-01,2025-04-03,1579,FedEx Freight,2025-03-29,2025-02-15 20:00:00
SH-001023,SOL-0001023,SO-000336,P05,2025-03-29,2025-03-30,2025-04-03,1747,FedEx Freight,2025-03-29,2025-02-16 04:00:00
SH-001024,SOL-0001024,SO-000336,P05,2025-03-31,2025-04-02,2025-04-03,1646,XPO Logistics,2025-03-31,2025-02-17 03:00:00
SH-001025,SOL-0001025,SO-000336,P05,2025-03-30,2025-04-01,2025-04-03,1525,FedEx Freight,2025-03-30,2025-02-16 09:00:00
SH-001026,SOL-0001026,SO-000337,P05,2025-04-03,2025-04-05,2025-04-08,2571,Kreate Fleet,2025-04-03,2025-02-15 01:00:00
SH-001027,SOL-0001027,SO-000337,P05,2025-04-03,2025-04-06,2025-04-08,555,Kreate Fleet,2025-04-03,2025-02-15 20:00:00
SH-001028,SOL-0001028,SO-000337,P05,2025-04-02,2025-04-03,2025-04-08,1585,FedEx Freight,2025-04-02,2025-02-16 00:00:00
SH-001029,SOL-0001029,SO-000337,P05,2025-04-03,2025-04-04,2025-04-08,2899,Kreate Fleet,2025-04-03,2025-02-16 01:00:00
SH-001030,SOL-0001030,SO-000338,P05,2025-04-16,2025-04-17,2025-04-19,328,FedEx Freight,2025-04-16,2025-02-16 08:00:00
SH-001031,SOL-0001031,SO-000338,P05,2025-04-14,2025-04-15,2025-04-19,783,Kreate Fleet,2025-04-14,2025-02-16 12:00:00
SH-001032,SOL-0001032,SO-000338,P05,2025-04-16,2025-04-18,2025-04-19,2048,FedEx Freight,2025-04-16,2025-02-17 14:00:00
SH-001033,SOL-0001033,SO-000339,P02,2025-04-17,2025-04-18,2025-04-22,244,FedEx Freight,2025-04-17,2025-02-15 09:00:00
SH-001034,SOL-0001034,SO-000339,P02,2025-04-18,2025-04-25,2025-04-22,666,Kreate Fleet,2025-04-18,2025-02-15 09:00:00
SH-001035,SOL-0001035,SO-000340,P05,2025-04-18,2025-04-19,2025-04-24,1507,Estes Express,2025-04-18,2025-02-15 00:00:00
SH-001036,SOL-0001036,SO-000340,P05,2025-04-21,2025-04-29,2025-04-24,867,Estes Express,2025-04-21,2025-02-17 17:00:00
SH-001037,SOL-0001037,SO-000341,P05,2025-04-27,2025-04-29,2025-05-01,2157,Estes Express,2025-04-27,2025-02-15 00:00:00
SH-001038,SOL-0001038,SO-000341,P05,2025-04-27,2025-04-28,2025-05-01,1011,Kreate Fleet,2025-04-27,2025-02-15 03:00:00
SH-001039,SOL-0001039,SO-000341,P05,2025-04-28,2025-05-01,2025-05-01,1326,Old Dominion,2025-04-28,2025-02-17 22:00:00
SH-001040,SOL-0001040,SO-000341,P05,2025-04-26,2025-04-27,2025-05-01,1308,FedEx Freight,2025-04-26,2025-02-16 05:00:00
SH-001041,SOL-0001041,SO-000342,P01,2025-05-06,2025-05-09,2025-05-10,1302,Kreate Fleet,2025-05-06,2025-02-15 17:00:00
SH-001042,SOL-0001042,SO-000342,P01,2025-05-04,2025-05-05,2025-05-10,1010,Old Dominion,2025-05-04,2025-02-16 19:00:00
SH-001043,SOL-0001043,SO-000343,P04,2025-05-12,2025-05-15,2025-05-18,526,XPO Logistics,2025-05-12,2025-02-15 02:00:00
SH-001044,SOL-0001044,SO-000343,P04,2025-05-12,2025-05-21,2025-05-18,181,FedEx Freight,2025-05-12,2025-02-15 07:00:00
SH-001045,SOL-0001045,SO-000343,P04,2025-05-15,2025-05-21,2025-05-18,2887,Old Dominion,2025-05-15,2025-02-17 01:00:00
SH-001046,SOL-0001046,SO-000344,P05,2025-05-26,2025-05-28,2025-05-29,1350,Old Dominion,2025-05-26,2025-02-17 02:00:00
SH-001047,SOL-0001047,SO-000344,P05,2025-05-23,2025-05-26,2025-05-29,1759,XPO Logistics,2025-05-23,2025-02-16 05:00:00
SH-001048,SOL-0001048,SO-000344,P05,2025-05-23,2025-05-28,2025-05-29,2459,Old Dominion,2025-05-23,2025-02-16 00:00:00
SH-001049,SOL-0001049,SO-000345,P02,2025-05-27,2025-05-30,2025-06-01,2673,Old Dominion,2025-05-27,2025-02-17 22:00:00
SH-001050,SOL-0001050,SO-000345,P02,2025-05-26,2025-05-27,2025-06-01,946,FedEx Freight,2025-05-26,2025-02-15 08:00:00
SH-001051,SOL-0001051,SO-000346,P03,2025-05-31,2025-06-01,2025-06-04,916,Estes Express,2025-05-31,2025-02-15 21:00:00
SH-001052,SOL-0001052,SO-000346,P03,2025-05-29,2025-06-01,2025-06-04,503,XPO Logistics,2025-05-29,2025-02-17 02:00:00
SH-001053,SOL-0001053,SO-000346,P03,2025-05-30,2025-06-02,2025-06-04,2470,Estes Express,2025-05-30,2025-02-16 14:00:00
SH-001054,SOL-0001054,SO-000347,P02,2025-06-09,2025-06-12,2025-06-13,657,Old Dominion,2025-06-09,2025-02-16 18:00:00
SH-001055,SOL-0001055,SO-000347,P02,2025-06-08,2025-06-10,2025-06-13,1281,Kreate Fleet,2025-06-08,2025-02-17 05:00:00
SH-001056,SOL-0001056,SO-000348,P04,2025-06-12,2025-06-13,2025-06-18,596,FedEx Freight,2025-06-12,2025-02-15 02:00:00
SH-001057,SOL-0001057,SO-000348,P04,2025-06-12,2025-06-13,2025-06-18,1944,Old Dominion,2025-06-12,2025-02-16 05:00:00
SH-001058,SOL-0001058,SO-000348,P04,2025-06-15,2025-06-16,2025-06-18,2822,XPO Logistics,2025-06-15,2025-02-15 05:00:00
SH-001059,SOL-0001059,SO-000348,P04,2025-06-12,2025-06-15,2025-06-18,683,FedEx Freight,2025-06-12,2025-02-17 04:00:00
SH-001060,SOL-0001060,SO-000349,P03,2025-06-22,2025-06-23,2025-06-28,1086,Old Dominion,2025-06-22,2025-02-15 01:00:00
SH-001061,SOL-0001061,SO-000349,P03,2025-06-23,2025-06-25,2025-06-28,953,Kreate Fleet,2025-06-23,2025-02-15 02:00:00
SH-001062,SOL-0001062,SO-000349,P03,2025-06-24,2025-06-26,2025-06-28,2562,Old Dominion,2025-06-24,2025-02-17 01:00:00
SH-001063,SOL-0001063,SO-000350,P05,2025-06-26,2025-06-28,2025-06-29,1474,Estes Express,2025-06-26,2025-02-15 00:00:00
SH-001064,SOL-0001064,SO-000350,P05,2025-06-26,2025-06-29,2025-06-29,207,FedEx Freight,2025-06-26,2025-02-17 10:00:00
SH-001065,SOL-0001065,SO-000351,P04,2025-07-04,2025-07-06,2025-07-10,1137,Kreate Fleet,2025-07-04,2025-02-17 05:00:00
SH-001066,SOL-0001066,SO-000351,P04,2025-07-07,2025-07-10,2025-07-10,2750,Old Dominion,2025-07-07,2025-02-15 04:00:00
SH-001067,SOL-0001067,SO-000351,P04,2025-07-07,2025-07-09,2025-07-10,2753,FedEx Freight,2025-07-07,2025-02-17 06:00:00
SH-001068,SOL-0001068,SO-000351,P04,2025-07-04,2025-07-13,2025-07-10,1015,Kreate Fleet,2025-07-04,2025-02-15 11:00:00
SH-001069,SOL-0001069,SO-000352,P04,2025-07-08,2025-07-11,2025-07-12,599,XPO Logistics,2025-07-08,2025-02-17 20:00:00
SH-001070,SOL-0001070,SO-000352,P04,2025-07-08,2025-07-10,2025-07-12,2522,Old Dominion,2025-07-08,2025-02-17 00:00:00
SH-001071,SOL-0001071,SO-000352,P04,2025-07-07,2025-07-08,2025-07-12,1865,XPO Logistics,2025-07-07,2025-02-16 15:00:00
SH-001072,SOL-0001072,SO-000352,P04,2025-07-06,2025-07-07,2025-07-12,1930,XPO Logistics,2025-07-06,2025-02-16 10:00:00
SH-001073,SOL-0001073,SO-000353,P03,2025-07-15,2025-07-17,2025-07-21,1145,Old Dominion,2025-07-15,2025-02-16 04:00:00
SH-001074,SOL-0001074,SO-000353,P03,2025-07-18,2025-07-19,2025-07-21,1568,Estes Express,2025-07-18,2025-02-16 09:00:00
SH-001075,SOL-0001075,SO-000353,P03,2025-07-17,2025-07-26,2025-07-21,1351,Estes Express,2025-07-17,2025-02-16 16:00:00
SH-001076,SOL-0001076,SO-000353,P03,2025-07-18,2025-07-21,2025-07-21,2328,XPO Logistics,2025-07-18,2025-02-15 22:00:00
SH-001077,SOL-0001077,SO-000354,P05,2025-07-22,2025-07-25,2025-07-27,2275,Estes Express,2025-07-22,2025-02-16 09:00:00
SH-001078,SOL-0001078,SO-000354,P05,2025-07-21,2025-07-23,2025-07-27,1306,Kreate Fleet,2025-07-21,2025-02-15 05:00:00
SH-001079,SOL-0001079,SO-000354,P05,2025-07-21,2025-07-31,2025-07-27,583,Old Dominion,2025-07-21,2025-02-16 12:00:00
SH-001080,SOL-0001080,SO-000355,P02,2025-07-28,2025-07-30,2025-08-03,1590,Kreate Fleet,2025-07-28,2025-02-16 18:00:00
SH-001081,SOL-0001081,SO-000355,P02,2025-07-31,2025-08-07,2025-08-03,337,Kreate Fleet,2025-07-31,2025-02-16 01:00:00
SH-001082,SOL-0001082,SO-000355,P02,2025-07-30,2025-08-01,2025-08-03,2136,Old Dominion,2025-07-30,2025-02-15 07:00:00
SH-001083,SOL-0001083,SO-000355,P02,2025-07-30,2025-08-09,2025-08-03,2766,Estes Express,2025-07-30,2025-02-15 00:00:00
SH-001084,SOL-0001084,SO-000356,P01,2025-08-05,2025-08-06,2025-08-11,830,Old Dominion,2025-08-05,2025-02-17 13:00:00
SH-001085,SOL-0001085,SO-000356,P01,2025-08-05,2025-08-15,2025-08-11,1973,XPO Logistics,2025-08-16,2025-02-15 18:00:00
SH-001086,SOL-0001086,SO-000356,P01,2025-08-06,2025-08-09,2025-08-11,444,Kreate Fleet,2025-08-06,2025-02-15 12:00:00
SH-001087,SOL-0001087,SO-000357,P04,2025-08-11,2025-08-13,2025-08-16,1079,XPO Logistics,2025-08-11,2025-02-17 22:00:00
SH-001088,SOL-0001088,SO-000357,P04,2025-08-10,2025-08-13,2025-08-16,1812,Kreate Fleet,2025-08-10,2025-02-16 09:00:00
SH-001089,SOL-0001089,SO-000358,P03,2025-08-25,2025-08-28,2025-08-28,702,XPO Logistics,2025-08-25,2025-02-16 11:00:00
SH-001090,SOL-0001090,SO-000358,P03,2025-08-24,2025-08-30,2025-08-28,1281,FedEx Freight,2025-08-24,2025-02-16 16:00:00
SH-001091,SOL-0001091,SO-000359,P05,2025-08-30,2025-08-31,2025-09-03,421,Old Dominion,2025-08-30,2025-02-17 20:00:00
SH-001092,SOL-0001092,SO-000359,P05,2025-08-28,2025-08-30,2025-09-03,1132,Estes Express,2025-08-28,2025-02-16 05:00:00
SH-001093,SOL-0001093,SO-000359,P05,2025-08-28,2025-08-31,2025-09-03,1152,Old Dominion,2025-08-28,2025-02-15 18:00:00
SH-001094,SOL-0001094,SO-000360,P01,2025-09-05,2025-09-08,2025-09-11,2784,XPO Logistics,2025-09-05,2025-02-17 20:00:00
SH-001095,SOL-0001095,SO-000360,P01,2025-09-06,2025-09-09,2025-09-11,905,FedEx Freight,2025-09-06,2025-02-16 11:00:00
SH-001096,SOL-0001096,SO-000361,P01,2025-09-10,2025-09-13,2025-09-13,2129,Kreate Fleet,2025-09-10,2025-02-17 08:00:00
SH-001097,SOL-0001097,SO-000361,P01,2025-09-07,2025-09-10,2025-09-13,990,XPO Logistics,2025-09-07,2025-02-15 21:00:00
SH-001098,SOL-0001098,SO-000362,P03,2025-09-09,2025-09-10,2025-09-15,1701,Estes Express,2025-09-09,2025-02-17 19:00:00
SH-001099,SOL-0001099,SO-000362,P03,2025-09-10,2025-09-12,2025-09-15,622,Old Dominion,2025-09-24,2025-02-16 10:00:00
SH-001100,SOL-0001100,SO-000362,P03,2025-09-09,2025-09-11,2025-09-15,315,Kreate Fleet,2025-09-09,2025-02-16 08:00:00
SH-001101,SOL-0001101,SO-000362,P03,2025-09-09,2025-09-11,2025-09-15,2053,Old Dominion,2025-09-09,2025-02-16 12:00:00
SH-001102,SOL-0001102,SO-000363,P02,2025-09-22,2025-09-23,2025-09-25,432,FedEx Freight,2025-09-22,2025-02-15 00:00:00
SH-001103,SOL-0001103,SO-000363,P02,2025-09-21,2025-09-30,2025-09-25,1120,XPO Logistics,2025-09-21,2025-02-15 15:00:00
SH-001104,SOL-0001104,SO-000364,P03,2025-09-26,2025-10-03,2025-10-01,2306,Estes Express,2025-09-26,2025-02-15 09:00:00
SH-001105,SOL-0001105,SO-000364,P03,2025-09-27,2025-09-30,2025-10-01,278,XPO Logistics,2025-09-27,2025-02-16 19:00:00
SH-001106,SOL-0001106,SO-000365,P04,2025-10-02,2025-10-03,2025-10-07,482,XPO Logistics,2025-10-02,2025-02-16 11:00:00
SH-001107,SOL-0001107,SO-000365,P04,2025-10-03,2025-10-05,2025-10-07,374,Estes Express,2025-10-03,2025-02-17 05:00:00
SH-001108,SOL-0001108,SO-000366,P04,2025-10-08,2025-10-17,2025-10-12,948,Old Dominion,2025-10-27,2025-02-17 05:00:00
SH-001109,SOL-0001109,SO-000366,P04,2025-10-06,2025-10-09,2025-10-12,1534,Estes Express,2025-10-06,2025-02-17 00:00:00
SH-001110,SOL-0001110,SO-000367,P02,2025-10-15,2025-10-16,2025-10-19,2286,Estes Express,2025-10-15,2025-02-17 14:00:00
SH-001111,SOL-0001111,SO-000367,P02,2025-10-13,2025-10-15,2025-10-19,2970,Old Dominion,2025-10-13,2025-02-16 13:00:00
SH-001112,SOL-0001112,SO-000367,P02,2025-10-14,2025-10-16,2025-10-19,439,Kreate Fleet,2025-10-14,2025-02-17 18:00:00
SH-001113,SOL-0001113,SO-000367,P02,2025-10-14,2025-10-15,2025-10-19,1359,FedEx Freight,2025-10-14,2025-02-17 11:00:00
SH-001114,SOL-0001114,SO-000368,P01,2025-10-18,2025-10-20,2025-10-22,409,Estes Express,2025-10-18,2025-02-17 05:00:00
SH-001115,SOL-0001115,SO-000368,P01,2025-10-17,2025-10-23,2025-10-22,2314,XPO Logistics,2025-10-17,2025-02-15 22:00:00
SH-001116,SOL-0001116,SO-000368,P01,2025-10-16,2025-10-17,2025-10-22,1986,Old Dominion,2025-10-16,2025-02-15 02:00:00
SH-001117,SOL-0001117,SO-000368,P01,2025-10-19,2025-10-28,2025-10-22,2055,FedEx Freight,2025-10-19,2025-02-15 10:00:00
SH-001118,SOL-0001118,SO-000369,P04,2025-10-25,2025-10-27,2025-10-31,1258,XPO Logistics,2025-10-25,2025-02-17 11:00:00
SH-001119,SOL-0001119,SO-000369,P04,2025-10-28,2025-10-31,2025-10-31,1755,Estes Express,2025-10-28,2025-02-16 09:00:00
SH-001120,SOL-0001120,SO-000369,P04,2025-10-25,2025-10-26,2025-10-31,2994,XPO Logistics,2025-10-25,2025-02-16 14:00:00
SH-001121,SOL-0001121,SO-000370,P05,2025-10-31,2025-11-03,2025-11-03,2588,XPO Logistics,2025-10-31,2025-02-15 00:00:00
SH-001122,SOL-0001122,SO-000370,P05,2025-10-28,2025-10-31,2025-11-03,669,Kreate Fleet,2025-10-28,2025-02-17 12:00:00
SH-001123,SOL-0001123,SO-000371,P04,2025-10-31,2025-11-03,2025-11-04,942,Kreate Fleet,2025-10-31,2025-02-15 15:00:00
SH-001124,SOL-0001124,SO-000371,P04,2025-10-30,2025-11-02,2025-11-04,743,Estes Express,2025-11-04,2025-02-17 19:00:00
SH-001125,SOL-0001125,SO-000372,P01,2025-11-13,2025-11-15,2025-11-17,1539,Estes Express,2025-11-13,2025-02-16 06:00:00
SH-001126,SOL-0001126,SO-000372,P01,2025-11-11,2025-11-13,2025-11-17,1010,FedEx Freight,2025-11-11,2025-02-17 01:00:00
SH-001127,SOL-0001127,SO-000372,P01,2025-11-13,2025-11-15,2025-11-17,1880,Kreate Fleet,2025-11-13,2025-02-17 22:00:00
SH-001128,SOL-0001128,SO-000373,P01,2025-11-18,2025-11-27,2025-11-22,1595,XPO Logistics,2025-11-18,2025-02-16 21:00:00
SH-001129,SOL-0001129,SO-000373,P01,2025-11-17,2025-11-25,2025-11-22,1306,Kreate Fleet,2025-11-17,2025-02-15 19:00:00
SH-001130,SOL-0001130,SO-000373,P01,2025-11-18,2025-11-26,2025-11-22,1133,Old Dominion,2025-11-18,2025-02-15 07:00:00
SH-001131,SOL-0001131,SO-000373,P01,2025-11-18,2025-11-20,2025-11-22,592,XPO Logistics,2025-11-18,2025-02-15 19:00:00
SH-001132,SOL-0001132,SO-000374,P05,2025-11-23,2025-12-03,2025-11-26,1579,Old Dominion,2025-11-23,2025-02-16 03:00:00
SH-001133,SOL-0001133,SO-000374,P05,2025-11-20,2025-11-22,2025-11-26,2676,XPO Logistics,2025-11-20,2025-02-17 18:00:00
SH-001134,SOL-0001134,SO-000374,P05,2025-11-20,2025-11-22,2025-11-26,2318,Kreate Fleet,2025-11-20,2025-02-17 09:00:00
SH-001135,SOL-0001135,SO-000374,P05,2025-11-20,2025-11-22,2025-11-26,420,Old Dominion,2025-11-20,2025-02-17 22:00:00
SH-001136,SOL-0001136,SO-000375,P03,2025-11-29,2025-12-02,2025-12-04,821,Estes Express,2025-11-29,2025-02-17 11:00:00
SH-001137,SOL-0001137,SO-000375,P03,2025-11-30,2025-12-01,2025-12-04,2427,Estes Express,2025-11-30,2025-02-17 17:00:00
SH-001138,SOL-0001138,SO-000376,P04,2025-12-07,2025-12-10,2025-12-10,1291,FedEx Freight,2025-12-07,2025-02-16 19:00:00
SH-001139,SOL-0001139,SO-000376,P04,2025-12-07,2025-12-10,2025-12-10,815,Kreate Fleet,2025-12-16,2025-02-16 16:00:00
SH-001140,SOL-0001140,SO-000376,P04,2025-12-05,2025-12-10,2025-12-10,620,FedEx Freight,2025-12-05,2025-02-16 04:00:00
SH-001141,SOL-0001141,SO-000376,P04,2025-12-04,2025-12-07,2025-12-10,852,FedEx Freight,2025-12-04,2025-02-15 07:00:00
SH-001142,SOL-0001142,SO-000377,P01,2025-12-13,2025-12-17,2025-12-18,722,FedEx Freight,2025-12-13,2025-02-17 22:00:00
SH-001143,SOL-0001143,SO-000377,P01,2025-12-15,2025-12-17,2025-12-18,654,FedEx Freight,2025-12-15,2025-02-16 01:00:00
SH-001144,SOL-0001144,SO-000377,P01,2025-12-15,2025-12-16,2025-12-18,2167,Kreate Fleet,2025-12-25,2025-02-17 13:00:00
SH-001145,SOL-0001145,SO-000377,P01,2025-12-13,2025-12-14,2025-12-18,2334,Old Dominion,2025-12-13,2025-02-17 22:00:00
SH-001146,SOL-0001146,SO-000378,P05,2025-12-19,2025-12-21,2025-12-25,2858,Old Dominion,2025-12-19,2025-02-17 04:00:00
SH-001147,SOL-0001147,SO-000378,P05,2025-12-20,2025-12-22,2025-12-25,2359,Old Dominion,2025-12-20,2025-02-15 06:00:00
SH-001148,SOL-0001148,SO-000379,P05,2025-12-24,2025-12-27,2025-12-27,2383,FedEx Freight,2025-12-24,2025-02-17 00:00:00
SH-001149,SOL-0001149,SO-000379,P05,2025-12-24,2025-12-26,2025-12-27,2555,FedEx Freight,2025-12-24,2025-02-17 17:00:00
SH-001150,SOL-0001150,SO-000380,P01,2025-12-30,2026-01-07,2026-01-05,2000,Estes Express,2025-12-30,2025-02-17 22:00:00
SH-001151,SOL-0001151,SO-000380,P01,2025-12-31,2026-01-01,2026-01-05,496,XPO Logistics,2026-01-17,2025-02-17 21:00:00
SH-001152,SOL-0001152,SO-000380,P01,2025-12-30,2026-01-01,2026-01-05,2628,Estes Express,2025-12-30,2025-02-15 11:00:00
SH-001153,SOL-0001153,SO-000380,P01,2025-12-30,2026-01-01,2026-01-05,2940,Kreate Fleet,2025-12-30,2025-02-15 22:00:00
SH-001154,SOL-0001154,SO-000381,P02,2026-01-02,2026-01-05,2026-01-06,622,FedEx Freight,2026-01-02,2025-02-16 04:00:00
SH-001155,SOL-0001155,SO-000381,P02,2025-12-31,2026-01-06,2026-01-06,1450,XPO Logistics,2025-12-31,2025-02-17 10:00:00
SH-001156,SOL-0001156,SO-000381,P02,2026-01-01,2026-01-08,2026-01-06,680,Old Dominion,2026-01-01,2025-02-17 11:00:00
SH-001157,SOL-0001157,SO-000381,P02,2026-01-01,2026-01-03,2026-01-06,548,Kreate Fleet,2026-01-01,2025-02-17 04:00:00
SH-001158,SOL-0001158,SO-000382,P02,2026-01-09,2026-01-12,2026-01-15,1003,Old Dominion,2026-01-09,2025-02-16 07:00:00
SH-001159,SOL-0001159,SO-000382,P02,2026-01-12,2026-01-14,2026-01-15,217,Estes Express,2026-01-12,2025-02-16 19:00:00
SH-001160,SOL-0001160,SO-000382,P02,2026-01-09,2026-01-10,2026-01-15,234,XPO Logistics,2026-01-09,2025-02-16 17:00:00
SH-001161,SOL-0001161,SO-000383,P03,2026-01-15,2026-01-17,2026-01-18,1885,XPO Logistics,2026-01-15,2025-02-15 14:00:00
SH-001162,SOL-0001162,SO-000383,P03,2026-01-13,2026-01-16,2026-01-18,805,Kreate Fleet,2026-01-13,2025-02-16 11:00:00
SH-001163,SOL-0001163,SO-000383,P03,2026-01-13,2026-01-16,2026-01-18,1178,Estes Express,2026-01-27,2025-02-17 19:00:00
SH-001164,SOL-0001164,SO-000384,P04,2026-01-26,2026-01-27,2026-01-31,414,Kreate Fleet,2026-01-26,2025-02-17 20:00:00
SH-001165,SOL-0001165,SO-000384,P04,2026-01-27,2026-02-04,2026-01-31,1348,Kreate Fleet,2026-01-27,2025-02-17 00:00:00
SH-001166,SOL-0001166,SO-000384,P04,2026-01-28,2026-01-29,2026-01-31,1082,Estes Express,2026-01-28,2025-02-16 15:00:00
SH-001167,SOL-0001167,SO-000385,P01,2026-02-01,2026-02-03,2026-02-07,1847,XPO Logistics,2026-02-01,2025-02-17 05:00:00
SH-001168,SOL-0001168,SO-000385,P01,2026-02-03,2026-02-06,2026-02-07,1788,Kreate Fleet,2026-02-03,2025-02-15 17:00:00
SH-001169,SOL-0001169,SO-000386,P03,2026-02-12,2026-02-14,2026-02-15,2553,Old Dominion,2026-02-12,2025-02-16 18:00:00
SH-001170,SOL-0001170,SO-000386,P03,2026-02-09,2026-02-11,2026-02-15,2669,Old Dominion,2026-02-09,2025-02-17 05:00:00
SH-001171,SOL-0001171,SO-000386,P03,2026-02-09,2026-02-11,2026-02-15,130,FedEx Freight,2026-02-09,2025-02-15 09:00:00
SH-001172,SOL-0001172,SO-000387,P01,2026-02-16,2026-02-18,2026-02-19,2752,Kreate Fleet,2026-02-16,2025-02-15 04:00:00
SH-001173,SOL-0001173,SO-000387,P01,2026-02-15,2026-02-19,2026-02-19,1078,Estes Express,2026-02-15,2025-02-16 16:00:00
SH-001174,SOL-0001174,SO-000388,P01,2026-03-01,2026-03-11,2026-03-05,2139,Old Dominion,2026-03-01,2025-02-17 19:00:00
SH-001175,SOL-0001175,SO-000388,P01,2026-02-28,2026-03-03,2026-03-05,1259,XPO Logistics,2026-02-28,2025-02-15 03:00:00
SH-001176,SOL-0001176,SO-000388,P01,2026-02-27,2026-03-01,2026-03-05,601,XPO Logistics,2026-02-27,2025-02-17 03:00:00
SH-001177,SOL-0001177,SO-000388,P01,2026-03-02,2026-03-03,2026-03-05,464,XPO Logistics,2026-03-02,2025-02-15 21:00:00
SH-001178,SOL-0001178,SO-000389,P03,2026-03-03,2026-03-05,2026-03-09,895,Estes Express,2026-03-03,2025-02-15 02:00:00
SH-001179,SOL-0001179,SO-000389,P03,2026-03-06,2026-03-08,2026-03-09,2188,Kreate Fleet,2026-03-17,2025-02-15 08:00:00
SH-001180,SOL-0001180,SO-000389,P03,2026-03-04,2026-03-09,2026-03-09,1289,FedEx Freight,2026-03-04,2025-02-16 13:00:00
SH-001181,SOL-0001181,SO-000389,P03,2026-03-04,2026-03-05,2026-03-09,590,Estes Express,2026-03-04,2025-02-16 05:00:00
SH-001182,SOL-0001182,SO-000390,P03,2026-03-09,2026-03-19,2026-03-12,621,Estes Express,2026-03-09,2025-02-16 22:00:00
SH-001183,SOL-0001183,SO-000390,P03,2026-03-08,2026-03-15,2026-03-12,2206,Old Dominion,2026-03-08,2025-02-15 03:00:00
SH-001184,SOL-0001184,SO-000390,P03,2026-03-09,2026-03-10,2026-03-12,1103,Estes Express,2026-03-09,2025-02-17 00:00:00
SH-001185,SOL-0001185,SO-000391,P01,2026-03-18,2026-03-19,2026-03-22,816,Kreate Fleet,2026-03-18,2025-02-17 08:00:00
SH-001186,SOL-0001186,SO-000391,P01,2026-03-18,2026-03-21,2026-03-22,1535,Old Dominion,2026-03-18,2025-02-17 01:00:00
SH-001187,SOL-0001187,SO-000391,P01,2026-03-18,2026-03-22,2026-03-22,2754,FedEx Freight,2026-03-18,2025-02-15 08:00:00
SH-001188,SOL-0001188,SO-000392,P03,2026-03-20,2026-03-23,2026-03-25,787,Old Dominion,2026-04-07,2025-02-15 13:00:00
SH-001189,SOL-0001189,SO-000392,P03,2026-03-19,2026-03-22,2026-03-25,510,Estes Express,2026-03-19,2025-02-17 08:00:00
SH-001190,SOL-0001190,SO-000392,P03,2026-03-19,2026-03-22,2026-03-25,2326,FedEx Freight,2026-03-19,2025-02-17 07:00:00
SH-001191,SOL-0001191,SO-000392,P03,2026-03-19,2026-03-20,2026-03-25,2079,Estes Express,2026-03-19,2025-02-17 03:00:00
SH-001192,SOL-0001192,SO-000393,P04,2026-03-26,2026-03-29,2026-03-31,1192,Old Dominion,2026-03-26,2025-02-16 11:00:00
SH-001193,SOL-0001193,SO-000393,P04,2026-03-27,2026-03-28,2026-03-31,953,Estes Express,2026-03-27,2025-02-15 14:00:00
SH-001194,SOL-0001194,SO-000394,P01,2026-04-06,2026-04-09,2026-04-10,1216,FedEx Freight,2026-04-06,2025-02-15 00:00:00
SH-001195,SOL-0001195,SO-000394,P01,2026-04-04,2026-04-14,2026-04-10,2559,Old Dominion,2026-04-04,2025-02-17 08:00:00
SH-001196,SOL-0001196,SO-000395,P04,2026-04-09,2026-04-10,2026-04-12,452,Estes Express,2026-04-09,2025-02-15 16:00:00
SH-001197,SOL-0001197,SO-000395,P04,2026-04-06,2026-04-15,2026-04-12,1547,Kreate Fleet,2026-04-06,2025-02-17 19:00:00
SH-001198,SOL-0001198,SO-000396,P02,2026-04-19,2026-04-22,2026-04-24,2725,Old Dominion,2026-04-19,2025-02-16 14:00:00
SH-001199,SOL-0001199,SO-000396,P02,2026-04-18,2026-04-21,2026-04-24,2542,Old Dominion,2026-04-18,2025-02-17 17:00:00
SH-001200,SOL-0001200,SO-000397,P03,2026-04-27,2026-04-28,2026-05-01,704,Old Dominion,2026-04-27,2025-02-17 12:00:00
SH-001201,SOL-0001201,SO-000397,P03,2026-04-28,2026-04-30,2026-05-01,885,FedEx Freight,2026-04-28,2025-02-15 00:00:00
SH-001202,SOL-0001202,SO-000397,P03,2026-04-25,2026-04-26,2026-05-01,1695,Estes Express,2026-04-25,2025-02-17 18:00:00
SH-001203,SOL-0001203,SO-000397,P03,2026-04-26,2026-04-29,2026-05-01,1666,Estes Express,2026-04-26,2025-02-17 00:00:00
SH-001204,SOL-0001204,SO-000398,P04,2026-05-01,2026-05-04,2026-05-06,1655,FedEx Freight,2026-05-01,2025-02-17 19:00:00
SH-001205,SOL-0001205,SO-000398,P04,2026-05-03,2026-05-06,2026-05-06,1525,FedEx Freight,2026-05-03,2025-02-17 19:00:00
SH-001206,SOL-0001206,SO-000398,P04,2026-04-30,2026-05-02,2026-05-06,2910,XPO Logistics,2026-04-30,2025-02-17 14:00:00
SH-001207,SOL-0001207,SO-000399,P03,2026-05-12,2026-05-14,2026-05-17,2004,FedEx Freight,2026-05-12,2025-02-17 06:00:00
SH-001208,SOL-0001208,SO-000399,P03,2026-05-11,2026-05-20,2026-05-17,1897,Estes Express,2026-05-11,2025-02-17 14:00:00
SH-001209,SOL-0001209,SO-000400,P05,2026-05-16,2026-05-18,2026-05-19,2728,XPO Logistics,2026-05-16,2025-02-15 18:00:00
SH-001210,SOL-0001210,SO-000400,P05,2026-05-13,2026-05-16,2026-05-19,1171,Estes Express,2026-05-13,2025-02-15 07:00:00
SH-001211,SOL-0001211,SO-000400,P05,2026-05-14,2026-05-17,2026-05-19,1350,Old Dominion,2026-05-14,2025-02-17 19:00:00
SH-001212,SOL-0001212,SO-000401,P01,2026-05-25,2026-05-28,2026-05-31,2246,XPO Logistics,2026-05-25,2025-02-15 20:00:00
SH-001213,SOL-0001213,SO-000401,P01,2026-05-27,2026-05-29,2026-05-31,924,Old Dominion,2026-05-27,2025-02-16 16:00:00
SH-001214,SOL-0001214,SO-000401,P01,2026-05-28,2026-05-29,2026-05-31,1216,FedEx Freight,2026-06-12,2025-02-16 01:00:00
SH-001215,SOL-0001215,SO-000402,P04,2026-05-29,2026-05-31,2026-06-01,202,Kreate Fleet,2026-05-29,2025-02-17 05:00:00
SH-001216,SOL-0001216,SO-000402,P04,2026-05-29,2026-05-31,2026-06-01,1497,XPO Logistics,2026-05-29,2025-02-16 00:00:00
SH-001217,SOL-0001217,SO-000402,P04,2026-05-28,2026-05-31,2026-06-01,1152,FedEx Freight,2026-05-28,2025-02-16 09:00:00
SH-001218,SOL-0001218,SO-000402,P04,2026-05-27,2026-05-28,2026-06-01,468,Kreate Fleet,2026-06-04,2025-02-17 04:00:00
SH-001219,SOL-0001219,SO-000403,P05,2026-06-06,2026-06-08,2026-06-10,2179,Estes Express,2026-06-06,2025-02-15 22:00:00
SH-001220,SOL-0001220,SO-000403,P05,2026-06-04,2026-06-07,2026-06-10,2622,Kreate Fleet,2026-06-04,2025-02-16 16:00:00
SH-001221,SOL-0001221,SO-000403,P05,2026-06-06,2026-06-09,2026-06-10,2640,Old Dominion,2026-06-06,2025-02-17 00:00:00
SH-001222,SOL-0001222,SO-000403,P05,2026-06-06,2026-06-08,2026-06-10,1780,Kreate Fleet,2026-06-06,2025-02-17 00:00:00
SH-001223,SOL-0001223,SO-000404,P01,2026-06-15,2026-06-17,2026-06-19,378,Kreate Fleet,2026-06-15,2025-02-16 07:00:00
SH-001224,SOL-0001224,SO-000404,P01,2026-06-14,2026-06-17,2026-06-19,1782,XPO Logistics,2026-06-14,2025-02-16 08:00:00
SH-001225,SOL-0001225,SO-000405,P05,2026-06-20,2026-06-23,2026-06-26,1953,Estes Express,2026-06-20,2025-02-17 00:00:00
SH-001226,SOL-0001226,SO-000405,P05,2026-06-23,2026-06-25,2026-06-26,1657,Estes Express,2026-06-23,2025-02-17 06:00:00
SH-001227,SOL-0001227,SO-000405,P05,2026-06-23,2026-06-26,2026-06-26,2861,Old Dominion,2026-06-23,2025-02-17 09:00:00
